task,fold,model,base_model,agg_id,origin_time,row_id,revenue_28,weight,metric,metric_value
store_cat,1,SetTransformer,SetTransformer,CA_1__FOODS,1400,0,226958.65625,0.0758507651990865,rmsse,0.9725179629341362
store_cat,1,SetTransformer,SetTransformer,CA_1__HOBBIES,1400,1,50996.61328125,0.01704333381179291,rmsse,1.032747256355913
store_cat,1,SetTransformer,SetTransformer,CA_1__HOUSEHOLD,1400,2,99464.2734375,0.03324147831530681,rmsse,0.944238384588595
store_cat,1,SetTransformer,SetTransformer,CA_2__FOODS,1400,3,108666.09375,0.036316774598162835,rmsse,0.850336201391171
store_cat,1,SetTransformer,SetTransformer,CA_2__HOBBIES,1400,4,31205.01953125,0.010428880081535783,rmsse,0.7114805042640574
store_cat,1,SetTransformer,SetTransformer,CA_2__HOUSEHOLD,1400,5,87583.4453125,0.02927084366593958,rmsse,0.7174096160365337
store_cat,1,SetTransformer,SetTransformer,CA_3__FOODS,1400,6,295087.1875,0.0986196752401741,rmsse,1.1619776416577807
store_cat,1,SetTransformer,SetTransformer,CA_3__HOBBIES,1400,7,57647.32421875,0.01926603605220287,rmsse,1.2320798429130047
store_cat,1,SetTransformer,SetTransformer,CA_3__HOUSEHOLD,1400,8,173274.515625,0.057909245749058404,rmsse,1.0327210175981212
store_cat,1,SetTransformer,SetTransformer,CA_4__FOODS,1400,9,121674.46875,0.04066424128680854,rmsse,1.34827360811427
store_cat,1,SetTransformer,SetTransformer,CA_4__HOBBIES,1400,10,32223.5078125,0.010769264170671467,rmsse,0.9535308829387574
store_cat,1,SetTransformer,SetTransformer,CA_4__HOUSEHOLD,1400,11,51777.10546875,0.017304178366620435,rmsse,1.9041923293245704
store_cat,1,SetTransformer,SetTransformer,TX_1__FOODS,1400,12,142172.421875,0.04751476399978066,rmsse,0.8084305650910055
store_cat,1,SetTransformer,SetTransformer,TX_1__HOBBIES,1400,13,25999.3828125,0.008689129172759201,rmsse,0.9384584575102082
store_cat,1,SetTransformer,SetTransformer,TX_1__HOUSEHOLD,1400,14,81256.328125,0.027156288142454594,rmsse,0.9590132561482184
store_cat,1,SetTransformer,SetTransformer,TX_2__FOODS,1400,15,171553.265625,0.057333995032667506,rmsse,0.7468805547881788
store_cat,1,SetTransformer,SetTransformer,TX_2__HOBBIES,1400,16,37066.83984375,0.01238793096555631,rmsse,0.8127522540788353
store_cat,1,SetTransformer,SetTransformer,TX_2__HOUSEHOLD,1400,17,82002.390625,0.02740562611636738,rmsse,0.7768337179019353
store_cat,1,SetTransformer,SetTransformer,TX_3__FOODS,1400,18,157470.1875,0.05262735696126869,rmsse,0.9704273028829646
store_cat,1,SetTransformer,SetTransformer,TX_3__HOBBIES,1400,19,39784.18359375,0.013296081402080826,rmsse,1.1162380740479816
store_cat,1,SetTransformer,SetTransformer,TX_3__HOUSEHOLD,1400,20,87090.3359375,0.02910604394409335,rmsse,1.1221061618913726
store_cat,1,SetTransformer,SetTransformer,WI_1__FOODS,1400,21,165848.921875,0.055427573636166454,rmsse,1.0921128334508783
store_cat,1,SetTransformer,SetTransformer,WI_1__HOBBIES,1400,22,40985.328125,0.013697510161465327,rmsse,0.897264079362667
store_cat,1,SetTransformer,SetTransformer,WI_1__HOUSEHOLD,1400,23,68940.171875,0.02304016456598708,rmsse,0.7550754042762416
store_cat,1,SetTransformer,SetTransformer,WI_2__FOODS,1400,24,219953.3125,0.07350954282537438,rmsse,0.8439973951094291
store_cat,1,SetTransformer,SetTransformer,WI_2__HOBBIES,1400,25,25208.861328125,0.008424932774671118,rmsse,0.9579073762287813
store_cat,1,SetTransformer,SetTransformer,WI_2__HOUSEHOLD,1400,26,79361.3984375,0.02652299276976338,rmsse,1.2408056076383287
store_cat,1,SetTransformer,SetTransformer,WI_3__FOODS,1400,27,147652.625,0.04934627643180615,rmsse,0.6467350505459681
store_cat,1,SetTransformer,SetTransformer,WI_3__HOBBIES,1400,28,21936.94140625,0.007331440092589935,rmsse,0.6827815087914637
store_cat,1,SetTransformer,SetTransformer,WI_3__HOUSEHOLD,1400,29,61332.48046875,0.02049763446778741,rmsse,0.7853120998302295
store_cat,1,SetTransformer,SetTransformer,CA_1__FOODS,1428,30,213076.046875,0.07429568976178588,rmsse,0.31460078072200226
store_cat,1,SetTransformer,SetTransformer,CA_1__HOBBIES,1428,31,52497.34375,0.018304856044452224,rmsse,0.5651045541714317
store_cat,1,SetTransformer,SetTransformer,CA_1__HOUSEHOLD,1428,32,95256.125,0.033214054863058604,rmsse,0.4477808473992793
store_cat,1,SetTransformer,SetTransformer,CA_2__FOODS,1428,33,110173.421875,0.038415441302143576,rmsse,0.5114630931241733
store_cat,1,SetTransformer,SetTransformer,CA_2__HOBBIES,1428,34,32410.05078125,0.011300787269721006,rmsse,0.6129267829174601
store_cat,1,SetTransformer,SetTransformer,CA_2__HOUSEHOLD,1428,35,85537.21875,0.02982525140925001,rmsse,0.38652582713200084
store_cat,1,SetTransformer,SetTransformer,CA_3__FOODS,1428,36,264437.8125,0.0922045906469763,rmsse,0.6430203615856431
store_cat,1,SetTransformer,SetTransformer,CA_3__HOBBIES,1428,37,54865.0390625,0.019130427754495874,rmsse,0.9159745201248479
store_cat,1,SetTransformer,SetTransformer,CA_3__HOUSEHOLD,1428,38,152489.84375,0.05317039756101494,rmsse,0.955086095510206
store_cat,1,SetTransformer,SetTransformer,CA_4__FOODS,1428,39,111408.5390625,0.038846103897624246,rmsse,0.7171978549101434
store_cat,1,SetTransformer,SetTransformer,CA_4__HOBBIES,1428,40,33008.76171875,0.011509546737159329,rmsse,0.7646699281452471
store_cat,1,SetTransformer,SetTransformer,CA_4__HOUSEHOLD,1428,41,49583.05078125,0.017288695807500653,rmsse,1.2234366575279607
store_cat,1,SetTransformer,SetTransformer,TX_1__FOODS,1428,42,143683.8125,0.05009989679202703,rmsse,0.4178078681420001
store_cat,1,SetTransformer,SetTransformer,TX_1__HOBBIES,1428,43,24862.4609375,0.00866908182133985,rmsse,0.6512559936516651
store_cat,1,SetTransformer,SetTransformer,TX_1__HOUSEHOLD,1428,44,78584.8359375,0.027401083680787818,rmsse,0.6428433082773337
store_cat,1,SetTransformer,SetTransformer,TX_2__FOODS,1428,45,169112.625,0.05896645496324626,rmsse,0.41298443039003946
store_cat,1,SetTransformer,SetTransformer,TX_2__HOBBIES,1428,46,37968.1328125,0.013238788017907201,rmsse,0.6711906152617089
store_cat,1,SetTransformer,SetTransformer,TX_2__HOUSEHOLD,1428,47,76284.0390625,0.02659883822271356,rmsse,0.5779661995755515
store_cat,1,SetTransformer,SetTransformer,TX_3__FOODS,1428,48,156201.359375,0.05446453464242413,rmsse,0.5649340549788251
store_cat,1,SetTransformer,SetTransformer,TX_3__HOBBIES,1428,49,37867.00390625,0.013203526232479454,rmsse,0.7341408487527126
store_cat,1,SetTransformer,SetTransformer,TX_3__HOUSEHOLD,1428,50,82279.71875,0.028689421207082816,rmsse,0.9097017156548995
store_cat,1,SetTransformer,SetTransformer,WI_1__FOODS,1428,51,171078.21875,0.05965182127067253,rmsse,0.9237451203519067
store_cat,1,SetTransformer,SetTransformer,WI_1__HOBBIES,1428,52,44008.82421875,0.015345065758871302,rmsse,0.758326157128068
store_cat,1,SetTransformer,SetTransformer,WI_1__HOUSEHOLD,1428,53,65090.1015625,0.02269571856233845,rmsse,0.9529514645017427
store_cat,1,SetTransformer,SetTransformer,WI_2__FOODS,1428,54,209153.8125,0.07292807893658147,rmsse,1.0666371574042026
store_cat,1,SetTransformer,SetTransformer,WI_2__HOBBIES,1428,55,24120.48046875,0.008410366909344633,rmsse,0.8809822942713499
store_cat,1,SetTransformer,SetTransformer,WI_2__HOUSEHOLD,1428,56,73348.140625,0.025575144557077958,rmsse,1.1306227405176734
store_cat,1,SetTransformer,SetTransformer,WI_3__FOODS,1428,57,139767.203125,0.048734247300632964,rmsse,0.5790332445920797
store_cat,1,SetTransformer,SetTransformer,WI_3__HOBBIES,1428,58,22137.26171875,0.007718855089312624,rmsse,0.6068385525724087
store_cat,1,SetTransformer,SetTransformer,WI_3__HOUSEHOLD,1428,59,57654.9921875,0.0201032329799773,rmsse,0.7911523610672174
store_cat,1,SetTransformer,SetTransformer,CA_1__FOODS,1456,60,216654.625,0.07397924456338241,rmsse,0.4763147447575155
store_cat,1,SetTransformer,SetTransformer,CA_1__HOBBIES,1456,61,54163.19921875,0.018494655082203344,rmsse,0.534849747356946
store_cat,1,SetTransformer,SetTransformer,CA_1__HOUSEHOLD,1456,62,94011.015625,0.03210115600612653,rmsse,0.6238687063068689
store_cat,1,SetTransformer,SetTransformer,CA_2__FOODS,1456,63,106220.4296875,0.03627020261154881,rmsse,0.712894911539838
store_cat,1,SetTransformer,SetTransformer,CA_2__HOBBIES,1456,64,31810.216796875,0.010861968942644223,rmsse,0.5929162186647845
store_cat,1,SetTransformer,SetTransformer,CA_2__HOUSEHOLD,1456,65,86838.34375,0.029651963671490145,rmsse,0.5207445865859878
store_cat,1,SetTransformer,SetTransformer,CA_3__FOODS,1456,66,276034.6875,0.09425525836127126,rmsse,0.7165029560646923
store_cat,1,SetTransformer,SetTransformer,CA_3__HOBBIES,1456,67,57284.25,0.019560374214858966,rmsse,0.846958618473211
store_cat,1,SetTransformer,SetTransformer,CA_3__HOUSEHOLD,1456,68,155978.5625,0.05326069647408786,rmsse,0.8341415693741964
store_cat,1,SetTransformer,SetTransformer,CA_4__FOODS,1456,69,114921.703125,0.03924135374965941,rmsse,0.7390177148003858
store_cat,1,SetTransformer,SetTransformer,CA_4__HOBBIES,1456,70,33806.859375,0.011543745801055494,rmsse,0.7786633227688518
store_cat,1,SetTransformer,SetTransformer,CA_4__HOUSEHOLD,1456,71,51044.75,0.017429824283357508,rmsse,1.1316366084996579
store_cat,1,SetTransformer,SetTransformer,TX_1__FOODS,1456,72,140683.25,0.04803793391311849,rmsse,0.42336508453394844
store_cat,1,SetTransformer,SetTransformer,TX_1__HOBBIES,1456,73,27783.09765625,0.009486862217873518,rmsse,0.7757698598930867
store_cat,1,SetTransformer,SetTransformer,TX_1__HOUSEHOLD,1456,74,80417.0078125,0.027459323741721976,rmsse,0.595406268631377
store_cat,1,SetTransformer,SetTransformer,TX_2__FOODS,1456,75,169176.453125,0.05776726991219309,rmsse,0.5318204538149541
store_cat,1,SetTransformer,SetTransformer,TX_2__HOBBIES,1456,76,42864.6796875,0.014636644021481715,rmsse,0.8324321013638336
store_cat,1,SetTransformer,SetTransformer,TX_2__HOUSEHOLD,1456,77,79355.1796875,0.027096750163873577,rmsse,0.6772200073336774
store_cat,1,SetTransformer,SetTransformer,TX_3__FOODS,1456,78,156799.8125,0.053541121849718216,rmsse,0.5608899406592978
store_cat,1,SetTransformer,SetTransformer,TX_3__HOBBIES,1456,79,49402.20703125,0.016868958859916763,rmsse,0.9589608339395376
store_cat,1,SetTransformer,SetTransformer,TX_3__HOUSEHOLD,1456,80,78533.859375,0.02681630077922134,rmsse,0.8223859424734199
store_cat,1,SetTransformer,SetTransformer,WI_1__FOODS,1456,81,171450.15625,0.05854365232059495,rmsse,1.2767860913487308
store_cat,1,SetTransformer,SetTransformer,WI_1__HOBBIES,1456,82,39346.1328125,0.01343519521893088,rmsse,0.958252532092099
store_cat,1,SetTransformer,SetTransformer,WI_1__HOUSEHOLD,1456,83,69904.34375,0.023869652181780117,rmsse,1.2596138429958919
store_cat,1,SetTransformer,SetTransformer,WI_2__FOODS,1456,84,213990.953125,0.07306970278426171,rmsse,0.7276565110394763
store_cat,1,SetTransformer,SetTransformer,WI_2__HOBBIES,1456,85,22872.908203125,0.007810220851896331,rmsse,1.0450796084714602
store_cat,1,SetTransformer,SetTransformer,WI_2__HOUSEHOLD,1456,86,73007.3671875,0.02492921566799104,rmsse,1.8628918061911435
store_cat,1,SetTransformer,SetTransformer,WI_3__FOODS,1456,87,151780.5625,0.05182724049004377,rmsse,0.6231252354383996
store_cat,1,SetTransformer,SetTransformer,WI_3__HOBBIES,1456,88,21418.96875,0.007313756295078839,rmsse,0.8309760640270224
store_cat,1,SetTransformer,SetTransformer,WI_3__HOUSEHOLD,1456,89,61031.02734375,0.020839754968617726,rmsse,1.017125174334317
store_cat,1,SetTransformer,SetTransformer,CA_1__FOODS,1484,90,213601.578125,0.06820771906795026,rmsse,0.4026626963813864
store_cat,1,SetTransformer,SetTransformer,CA_1__HOBBIES,1484,91,57432.234375,0.018339385607920238,rmsse,0.631225309900527
store_cat,1,SetTransformer,SetTransformer,CA_1__HOUSEHOLD,1484,92,97660.3515625,0.031185115212744904,rmsse,0.49996208760618976
store_cat,1,SetTransformer,SetTransformer,CA_2__FOODS,1484,93,97109.96875,0.03100936577969128,rmsse,0.4448276499364509
store_cat,1,SetTransformer,SetTransformer,CA_2__HOBBIES,1484,94,32127.169921875,0.010258917559107109,rmsse,0.5656163894796895
store_cat,1,SetTransformer,SetTransformer,CA_2__HOUSEHOLD,1484,95,85772.1484375,0.027388948414303897,rmsse,0.5199232151106192
store_cat,1,SetTransformer,SetTransformer,CA_3__FOODS,1484,96,297412.46875,0.09497039438507442,rmsse,0.6203796378372307
store_cat,1,SetTransformer,SetTransformer,CA_3__HOBBIES,1484,97,61886.78125,0.019761821174605104,rmsse,0.8937882932365577
store_cat,1,SetTransformer,SetTransformer,CA_3__HOUSEHOLD,1484,98,172245.359375,0.05500176162618477,rmsse,0.7921860077890513
store_cat,1,SetTransformer,SetTransformer,CA_4__FOODS,1484,99,119859.8125,0.03827389521323178,rmsse,0.5235335401658727
store_cat,1,SetTransformer,SetTransformer,CA_4__HOBBIES,1484,100,36330.05078125,0.011600990588008404,rmsse,0.7883945664723604
store_cat,1,SetTransformer,SetTransformer,CA_4__HOUSEHOLD,1484,101,51402.9609375,0.016414104940901036,rmsse,0.7382533578368429
store_cat,1,SetTransformer,SetTransformer,TX_1__FOODS,1484,102,144507.609375,0.0461444831538793,rmsse,0.3647414686536841
store_cat,1,SetTransformer,SetTransformer,TX_1__HOBBIES,1484,103,31937.12890625,0.010198233249941787,rmsse,0.6229401587671014
store_cat,1,SetTransformer,SetTransformer,TX_1__HOUSEHOLD,1484,104,89760.1953125,0.02866242018950133,rmsse,0.6409785178106903
store_cat,1,SetTransformer,SetTransformer,TX_2__FOODS,1484,105,179773.953125,0.0574058085062889,rmsse,0.4199992989787531
store_cat,1,SetTransformer,SetTransformer,TX_2__HOBBIES,1484,106,49847.03125,0.015917262099447972,rmsse,0.6490571001002903
store_cat,1,SetTransformer,SetTransformer,TX_2__HOUSEHOLD,1484,107,93967.359375,0.030005860940111543,rmsse,0.5116044856390309
store_cat,1,SetTransformer,SetTransformer,TX_3__FOODS,1484,108,166358.546875,0.053121971894618626,rmsse,0.49731013585583417
store_cat,1,SetTransformer,SetTransformer,TX_3__HOBBIES,1484,109,58939.0,0.018820529274335952,rmsse,0.8146393611653947
store_cat,1,SetTransformer,SetTransformer,TX_3__HOUSEHOLD,1484,110,94858.9296875,0.030290559105444093,rmsse,0.9419953995855138
store_cat,1,SetTransformer,SetTransformer,WI_1__FOODS,1484,111,182376.296875,0.05823679455506408,rmsse,1.012157070017989
store_cat,1,SetTransformer,SetTransformer,WI_1__HOBBIES,1484,112,42152.4609375,0.013460215223528077,rmsse,0.6785042061097466
store_cat,1,SetTransformer,SetTransformer,WI_1__HOUSEHOLD,1484,113,74201.4921875,0.023694181372508085,rmsse,1.0001642473111143
store_cat,1,SetTransformer,SetTransformer,WI_2__FOODS,1484,114,220910.796875,0.07054171464739512,rmsse,0.5342986942321962
store_cat,1,SetTransformer,SetTransformer,WI_2__HOBBIES,1484,115,28042.1796875,0.00895448962019686,rmsse,0.6194709892700463
store_cat,1,SetTransformer,SetTransformer,WI_2__HOUSEHOLD,1484,116,95896.65625,0.030621928201429557,rmsse,1.0539216740839021
store_cat,1,SetTransformer,SetTransformer,WI_3__FOODS,1484,117,160906.484375,0.05138100747569806,rmsse,0.3261841679902817
store_cat,1,SetTransformer,SetTransformer,WI_3__HOBBIES,1484,118,24415.33984375,0.007796359257404398,rmsse,0.568296706233155
store_cat,1,SetTransformer,SetTransformer,WI_3__HOUSEHOLD,1484,119,69941.15625,0.02233376166348309,rmsse,0.7867429937045692
store_cat,1,SetTransformer_Q,SetTransformer,CA_1__FOODS,1400,0,226958.65625,0.0758507651990865,mean_spl,0.2327060964704431
store_cat,1,SetTransformer_Q,SetTransformer,CA_1__HOBBIES,1400,1,50996.61328125,0.01704333381179291,mean_spl,0.24659749304049994
store_cat,1,SetTransformer_Q,SetTransformer,CA_1__HOUSEHOLD,1400,2,99464.2734375,0.03324147831530681,mean_spl,0.2319658550182942
store_cat,1,SetTransformer_Q,SetTransformer,CA_2__FOODS,1400,3,108666.09375,0.036316774598162835,mean_spl,0.21140428987935933
store_cat,1,SetTransformer_Q,SetTransformer,CA_2__HOBBIES,1400,4,31205.01953125,0.010428880081535783,mean_spl,0.1688157711438118
store_cat,1,SetTransformer_Q,SetTransformer,CA_2__HOUSEHOLD,1400,5,87583.4453125,0.02927084366593958,mean_spl,0.20888667019240867
store_cat,1,SetTransformer_Q,SetTransformer,CA_3__FOODS,1400,6,295087.1875,0.0986196752401741,mean_spl,0.2633549383569591
store_cat,1,SetTransformer_Q,SetTransformer,CA_3__HOBBIES,1400,7,57647.32421875,0.01926603605220287,mean_spl,0.2949134048006173
store_cat,1,SetTransformer_Q,SetTransformer,CA_3__HOUSEHOLD,1400,8,173274.515625,0.057909245749058404,mean_spl,0.2995251263520477
store_cat,1,SetTransformer_Q,SetTransformer,CA_4__FOODS,1400,9,121674.46875,0.04066424128680854,mean_spl,0.35128209301452273
store_cat,1,SetTransformer_Q,SetTransformer,CA_4__HOBBIES,1400,10,32223.5078125,0.010769264170671467,mean_spl,0.22621437096975416
store_cat,1,SetTransformer_Q,SetTransformer,CA_4__HOUSEHOLD,1400,11,51777.10546875,0.017304178366620435,mean_spl,0.5072015215395473
store_cat,1,SetTransformer_Q,SetTransformer,TX_1__FOODS,1400,12,142172.421875,0.04751476399978066,mean_spl,0.1882673250363319
store_cat,1,SetTransformer_Q,SetTransformer,TX_1__HOBBIES,1400,13,25999.3828125,0.008689129172759201,mean_spl,0.27807824947280596
store_cat,1,SetTransformer_Q,SetTransformer,TX_1__HOUSEHOLD,1400,14,81256.328125,0.027156288142454594,mean_spl,0.23155394920351816
store_cat,1,SetTransformer_Q,SetTransformer,TX_2__FOODS,1400,15,171553.265625,0.057333995032667506,mean_spl,0.17052465874829478
store_cat,1,SetTransformer_Q,SetTransformer,TX_2__HOBBIES,1400,16,37066.83984375,0.01238793096555631,mean_spl,0.18235826534302074
store_cat,1,SetTransformer_Q,SetTransformer,TX_2__HOUSEHOLD,1400,17,82002.390625,0.02740562611636738,mean_spl,0.17709332313882079
store_cat,1,SetTransformer_Q,SetTransformer,TX_3__FOODS,1400,18,157470.1875,0.05262735696126869,mean_spl,0.2190635803540532
store_cat,1,SetTransformer_Q,SetTransformer,TX_3__HOBBIES,1400,19,39784.18359375,0.013296081402080826,mean_spl,0.2700719988925725
store_cat,1,SetTransformer_Q,SetTransformer,TX_3__HOUSEHOLD,1400,20,87090.3359375,0.02910604394409335,mean_spl,0.2569489642831563
store_cat,1,SetTransformer_Q,SetTransformer,WI_1__FOODS,1400,21,165848.921875,0.055427573636166454,mean_spl,0.310402946326792
store_cat,1,SetTransformer_Q,SetTransformer,WI_1__HOBBIES,1400,22,40985.328125,0.013697510161465327,mean_spl,0.1941265302826164
store_cat,1,SetTransformer_Q,SetTransformer,WI_1__HOUSEHOLD,1400,23,68940.171875,0.02304016456598708,mean_spl,0.19772211633005188
store_cat,1,SetTransformer_Q,SetTransformer,WI_2__FOODS,1400,24,219953.3125,0.07350954282537438,mean_spl,0.2506433341705105
store_cat,1,SetTransformer_Q,SetTransformer,WI_2__HOBBIES,1400,25,25208.861328125,0.008424932774671118,mean_spl,0.24336334519550384
store_cat,1,SetTransformer_Q,SetTransformer,WI_2__HOUSEHOLD,1400,26,79361.3984375,0.02652299276976338,mean_spl,0.30539821051974153
store_cat,1,SetTransformer_Q,SetTransformer,WI_3__FOODS,1400,27,147652.625,0.04934627643180615,mean_spl,0.15864504953055694
store_cat,1,SetTransformer_Q,SetTransformer,WI_3__HOBBIES,1400,28,21936.94140625,0.007331440092589935,mean_spl,0.18804353083291084
store_cat,1,SetTransformer_Q,SetTransformer,WI_3__HOUSEHOLD,1400,29,61332.48046875,0.02049763446778741,mean_spl,0.18216059988037633
store_cat,1,SetTransformer_Q,SetTransformer,CA_1__FOODS,1428,30,213076.046875,0.07429568976178588,mean_spl,0.0827857352566249
store_cat,1,SetTransformer_Q,SetTransformer,CA_1__HOBBIES,1428,31,52497.34375,0.018304856044452224,mean_spl,0.13812071555845512
store_cat,1,SetTransformer_Q,SetTransformer,CA_1__HOUSEHOLD,1428,32,95256.125,0.033214054863058604,mean_spl,0.10936439876747209
store_cat,1,SetTransformer_Q,SetTransformer,CA_2__FOODS,1428,33,110173.421875,0.038415441302143576,mean_spl,0.12991465005135897
store_cat,1,SetTransformer_Q,SetTransformer,CA_2__HOBBIES,1428,34,32410.05078125,0.011300787269721006,mean_spl,0.17416881926857047
store_cat,1,SetTransformer_Q,SetTransformer,CA_2__HOUSEHOLD,1428,35,85537.21875,0.02982525140925001,mean_spl,0.10799562099193928
store_cat,1,SetTransformer_Q,SetTransformer,CA_3__FOODS,1428,36,264437.8125,0.0922045906469763,mean_spl,0.12448833714964759
store_cat,1,SetTransformer_Q,SetTransformer,CA_3__HOBBIES,1428,37,54865.0390625,0.019130427754495874,mean_spl,0.2049942807588622
store_cat,1,SetTransformer_Q,SetTransformer,CA_3__HOUSEHOLD,1428,38,152489.84375,0.05317039756101494,mean_spl,0.19101322207378024
store_cat,1,SetTransformer_Q,SetTransformer,CA_4__FOODS,1428,39,111408.5390625,0.038846103897624246,mean_spl,0.1949331529655749
store_cat,1,SetTransformer_Q,SetTransformer,CA_4__HOBBIES,1428,40,33008.76171875,0.011509546737159329,mean_spl,0.1766104021456499
store_cat,1,SetTransformer_Q,SetTransformer,CA_4__HOUSEHOLD,1428,41,49583.05078125,0.017288695807500653,mean_spl,0.30654396214880164
store_cat,1,SetTransformer_Q,SetTransformer,TX_1__FOODS,1428,42,143683.8125,0.05009989679202703,mean_spl,0.09046169071447732
store_cat,1,SetTransformer_Q,SetTransformer,TX_1__HOBBIES,1428,43,24862.4609375,0.00866908182133985,mean_spl,0.1974850155681781
store_cat,1,SetTransformer_Q,SetTransformer,TX_1__HOUSEHOLD,1428,44,78584.8359375,0.027401083680787818,mean_spl,0.160215198186893
store_cat,1,SetTransformer_Q,SetTransformer,TX_2__FOODS,1428,45,169112.625,0.05896645496324626,mean_spl,0.09316442835584914
store_cat,1,SetTransformer_Q,SetTransformer,TX_2__HOBBIES,1428,46,37968.1328125,0.013238788017907201,mean_spl,0.18699902793376094
store_cat,1,SetTransformer_Q,SetTransformer,TX_2__HOUSEHOLD,1428,47,76284.0390625,0.02659883822271356,mean_spl,0.1324512868054736
store_cat,1,SetTransformer_Q,SetTransformer,TX_3__FOODS,1428,48,156201.359375,0.05446453464242413,mean_spl,0.1260810837969158
store_cat,1,SetTransformer_Q,SetTransformer,TX_3__HOBBIES,1428,49,37867.00390625,0.013203526232479454,mean_spl,0.1970721203611224
store_cat,1,SetTransformer_Q,SetTransformer,TX_3__HOUSEHOLD,1428,50,82279.71875,0.028689421207082816,mean_spl,0.2095115576710026
store_cat,1,SetTransformer_Q,SetTransformer,WI_1__FOODS,1428,51,171078.21875,0.05965182127067253,mean_spl,0.2522082435623479
store_cat,1,SetTransformer_Q,SetTransformer,WI_1__HOBBIES,1428,52,44008.82421875,0.015345065758871302,mean_spl,0.21989888588481749
store_cat,1,SetTransformer_Q,SetTransformer,WI_1__HOUSEHOLD,1428,53,65090.1015625,0.02269571856233845,mean_spl,0.23641990920338418
store_cat,1,SetTransformer_Q,SetTransformer,WI_2__FOODS,1428,54,209153.8125,0.07292807893658147,mean_spl,0.30180941032912734
store_cat,1,SetTransformer_Q,SetTransformer,WI_2__HOBBIES,1428,55,24120.48046875,0.008410366909344633,mean_spl,0.2910414789883394
store_cat,1,SetTransformer_Q,SetTransformer,WI_2__HOUSEHOLD,1428,56,73348.140625,0.025575144557077958,mean_spl,0.31837943440389815
store_cat,1,SetTransformer_Q,SetTransformer,WI_3__FOODS,1428,57,139767.203125,0.048734247300632964,mean_spl,0.11888733557803878
store_cat,1,SetTransformer_Q,SetTransformer,WI_3__HOBBIES,1428,58,22137.26171875,0.007718855089312624,mean_spl,0.20105062103559995
store_cat,1,SetTransformer_Q,SetTransformer,WI_3__HOUSEHOLD,1428,59,57654.9921875,0.0201032329799773,mean_spl,0.19694918120144483
store_cat,1,SetTransformer_Q,SetTransformer,CA_1__FOODS,1456,60,216654.625,0.07397924456338241,mean_spl,0.11310432738841263
store_cat,1,SetTransformer_Q,SetTransformer,CA_1__HOBBIES,1456,61,54163.19921875,0.018494655082203344,mean_spl,0.12900204698501327
store_cat,1,SetTransformer_Q,SetTransformer,CA_1__HOUSEHOLD,1456,62,94011.015625,0.03210115600612653,mean_spl,0.16466901635089679
store_cat,1,SetTransformer_Q,SetTransformer,CA_2__FOODS,1456,63,106220.4296875,0.03627020261154881,mean_spl,0.21030607404515156
store_cat,1,SetTransformer_Q,SetTransformer,CA_2__HOBBIES,1456,64,31810.216796875,0.010861968942644223,mean_spl,0.16038544860685308
store_cat,1,SetTransformer_Q,SetTransformer,CA_2__HOUSEHOLD,1456,65,86838.34375,0.029651963671490145,mean_spl,0.1342780341901532
store_cat,1,SetTransformer_Q,SetTransformer,CA_3__FOODS,1456,66,276034.6875,0.09425525836127126,mean_spl,0.15385898707734483
store_cat,1,SetTransformer_Q,SetTransformer,CA_3__HOBBIES,1456,67,57284.25,0.019560374214858966,mean_spl,0.21336992379581074
store_cat,1,SetTransformer_Q,SetTransformer,CA_3__HOUSEHOLD,1456,68,155978.5625,0.05326069647408786,mean_spl,0.20672054280239544
store_cat,1,SetTransformer_Q,SetTransformer,CA_4__FOODS,1456,69,114921.703125,0.03924135374965941,mean_spl,0.16693223332708473
store_cat,1,SetTransformer_Q,SetTransformer,CA_4__HOBBIES,1456,70,33806.859375,0.011543745801055494,mean_spl,0.17031147319922071
store_cat,1,SetTransformer_Q,SetTransformer,CA_4__HOUSEHOLD,1456,71,51044.75,0.017429824283357508,mean_spl,0.28415770075598323
store_cat,1,SetTransformer_Q,SetTransformer,TX_1__FOODS,1456,72,140683.25,0.04803793391311849,mean_spl,0.11280500965124844
store_cat,1,SetTransformer_Q,SetTransformer,TX_1__HOBBIES,1456,73,27783.09765625,0.009486862217873518,mean_spl,0.20118730897402387
store_cat,1,SetTransformer_Q,SetTransformer,TX_1__HOUSEHOLD,1456,74,80417.0078125,0.027459323741721976,mean_spl,0.16140707576075392
store_cat,1,SetTransformer_Q,SetTransformer,TX_2__FOODS,1456,75,169176.453125,0.05776726991219309,mean_spl,0.10739980818251468
store_cat,1,SetTransformer_Q,SetTransformer,TX_2__HOBBIES,1456,76,42864.6796875,0.014636644021481715,mean_spl,0.18820091143042322
store_cat,1,SetTransformer_Q,SetTransformer,TX_2__HOUSEHOLD,1456,77,79355.1796875,0.027096750163873577,mean_spl,0.19950906945281563
store_cat,1,SetTransformer_Q,SetTransformer,TX_3__FOODS,1456,78,156799.8125,0.053541121849718216,mean_spl,0.13339818376968127
store_cat,1,SetTransformer_Q,SetTransformer,TX_3__HOBBIES,1456,79,49402.20703125,0.016868958859916763,mean_spl,0.21341517526649895
store_cat,1,SetTransformer_Q,SetTransformer,TX_3__HOUSEHOLD,1456,80,78533.859375,0.02681630077922134,mean_spl,0.24176541207791857
store_cat,1,SetTransformer_Q,SetTransformer,WI_1__FOODS,1456,81,171450.15625,0.05854365232059495,mean_spl,0.31329029868703595
store_cat,1,SetTransformer_Q,SetTransformer,WI_1__HOBBIES,1456,82,39346.1328125,0.01343519521893088,mean_spl,0.22054374352662875
store_cat,1,SetTransformer_Q,SetTransformer,WI_1__HOUSEHOLD,1456,83,69904.34375,0.023869652181780117,mean_spl,0.29381880261475835
store_cat,1,SetTransformer_Q,SetTransformer,WI_2__FOODS,1456,84,213990.953125,0.07306970278426171,mean_spl,0.18573961542504513
store_cat,1,SetTransformer_Q,SetTransformer,WI_2__HOBBIES,1456,85,22872.908203125,0.007810220851896331,mean_spl,0.2177892987848047
store_cat,1,SetTransformer_Q,SetTransformer,WI_2__HOUSEHOLD,1456,86,73007.3671875,0.02492921566799104,mean_spl,0.6929813198754313
store_cat,1,SetTransformer_Q,SetTransformer,WI_3__FOODS,1456,87,151780.5625,0.05182724049004377,mean_spl,0.15446549602721096
store_cat,1,SetTransformer_Q,SetTransformer,WI_3__HOBBIES,1456,88,21418.96875,0.007313756295078839,mean_spl,0.2085908798776392
store_cat,1,SetTransformer_Q,SetTransformer,WI_3__HOUSEHOLD,1456,89,61031.02734375,0.020839754968617726,mean_spl,0.2726079443591665
store_cat,1,SetTransformer_Q,SetTransformer,CA_1__FOODS,1484,90,213601.578125,0.06820771906795026,mean_spl,0.12540226788223416
store_cat,1,SetTransformer_Q,SetTransformer,CA_1__HOBBIES,1484,91,57432.234375,0.018339385607920238,mean_spl,0.15942645252089488
store_cat,1,SetTransformer_Q,SetTransformer,CA_1__HOUSEHOLD,1484,92,97660.3515625,0.031185115212744904,mean_spl,0.1399154684482037
store_cat,1,SetTransformer_Q,SetTransformer,CA_2__FOODS,1484,93,97109.96875,0.03100936577969128,mean_spl,0.12167094396076959
store_cat,1,SetTransformer_Q,SetTransformer,CA_2__HOBBIES,1484,94,32127.169921875,0.010258917559107109,mean_spl,0.169199577256821
store_cat,1,SetTransformer_Q,SetTransformer,CA_2__HOUSEHOLD,1484,95,85772.1484375,0.027388948414303897,mean_spl,0.14300818327752252
store_cat,1,SetTransformer_Q,SetTransformer,CA_3__FOODS,1484,96,297412.46875,0.09497039438507442,mean_spl,0.141354478936455
store_cat,1,SetTransformer_Q,SetTransformer,CA_3__HOBBIES,1484,97,61886.78125,0.019761821174605104,mean_spl,0.1994116824365021
store_cat,1,SetTransformer_Q,SetTransformer,CA_3__HOUSEHOLD,1484,98,172245.359375,0.05500176162618477,mean_spl,0.19658705999809545
store_cat,1,SetTransformer_Q,SetTransformer,CA_4__FOODS,1484,99,119859.8125,0.03827389521323178,mean_spl,0.15532469429035947
store_cat,1,SetTransformer_Q,SetTransformer,CA_4__HOBBIES,1484,100,36330.05078125,0.011600990588008404,mean_spl,0.21742972015701684
store_cat,1,SetTransformer_Q,SetTransformer,CA_4__HOUSEHOLD,1484,101,51402.9609375,0.016414104940901036,mean_spl,0.20220300981604472
store_cat,1,SetTransformer_Q,SetTransformer,TX_1__FOODS,1484,102,144507.609375,0.0461444831538793,mean_spl,0.10616481204526833
store_cat,1,SetTransformer_Q,SetTransformer,TX_1__HOBBIES,1484,103,31937.12890625,0.010198233249941787,mean_spl,0.19251465841443888
store_cat,1,SetTransformer_Q,SetTransformer,TX_1__HOUSEHOLD,1484,104,89760.1953125,0.02866242018950133,mean_spl,0.16266507915008716
store_cat,1,SetTransformer_Q,SetTransformer,TX_2__FOODS,1484,105,179773.953125,0.0574058085062889,mean_spl,0.11952750889557952
store_cat,1,SetTransformer_Q,SetTransformer,TX_2__HOBBIES,1484,106,49847.03125,0.015917262099447972,mean_spl,0.18156804838030288
store_cat,1,SetTransformer_Q,SetTransformer,TX_2__HOUSEHOLD,1484,107,93967.359375,0.030005860940111543,mean_spl,0.12744750379006292
store_cat,1,SetTransformer_Q,SetTransformer,TX_3__FOODS,1484,108,166358.546875,0.053121971894618626,mean_spl,0.12703512725183289
store_cat,1,SetTransformer_Q,SetTransformer,TX_3__HOBBIES,1484,109,58939.0,0.018820529274335952,mean_spl,0.2341221919396096
store_cat,1,SetTransformer_Q,SetTransformer,TX_3__HOUSEHOLD,1484,110,94858.9296875,0.030290559105444093,mean_spl,0.24395474911554743
store_cat,1,SetTransformer_Q,SetTransformer,WI_1__FOODS,1484,111,182376.296875,0.05823679455506408,mean_spl,0.3203427841379954
store_cat,1,SetTransformer_Q,SetTransformer,WI_1__HOBBIES,1484,112,42152.4609375,0.013460215223528077,mean_spl,0.17552975325516898
store_cat,1,SetTransformer_Q,SetTransformer,WI_1__HOUSEHOLD,1484,113,74201.4921875,0.023694181372508085,mean_spl,0.257499504089202
store_cat,1,SetTransformer_Q,SetTransformer,WI_2__FOODS,1484,114,220910.796875,0.07054171464739512,mean_spl,0.18913808390060463
store_cat,1,SetTransformer_Q,SetTransformer,WI_2__HOBBIES,1484,115,28042.1796875,0.00895448962019686,mean_spl,0.2233723395682961
store_cat,1,SetTransformer_Q,SetTransformer,WI_2__HOUSEHOLD,1484,116,95896.65625,0.030621928201429557,mean_spl,0.30106078909746076
store_cat,1,SetTransformer_Q,SetTransformer,WI_3__FOODS,1484,117,160906.484375,0.05138100747569806,mean_spl,0.09971538337383544
store_cat,1,SetTransformer_Q,SetTransformer,WI_3__HOBBIES,1484,118,24415.33984375,0.007796359257404398,mean_spl,0.1880986523983602
store_cat,1,SetTransformer_Q,SetTransformer,WI_3__HOUSEHOLD,1484,119,69941.15625,0.02233376166348309,mean_spl,0.20241653066633025
store_cat,2,SetTransformer,SetTransformer,CA_1__FOODS,1456,0,216654.625,0.07397924456338241,rmsse,0.4482690668243004
store_cat,2,SetTransformer,SetTransformer,CA_1__HOBBIES,1456,1,54163.19921875,0.018494655082203344,rmsse,0.5064158273836752
store_cat,2,SetTransformer,SetTransformer,CA_1__HOUSEHOLD,1456,2,94011.015625,0.03210115600612653,rmsse,0.7278515609234999
store_cat,2,SetTransformer,SetTransformer,CA_2__FOODS,1456,3,106220.4296875,0.03627020261154881,rmsse,0.7409219142212162
store_cat,2,SetTransformer,SetTransformer,CA_2__HOBBIES,1456,4,31810.216796875,0.010861968942644223,rmsse,0.6216023378027529
store_cat,2,SetTransformer,SetTransformer,CA_2__HOUSEHOLD,1456,5,86838.34375,0.029651963671490145,rmsse,0.5762510636399455
store_cat,2,SetTransformer,SetTransformer,CA_3__FOODS,1456,6,276034.6875,0.09425525836127126,rmsse,0.6231010635803216
store_cat,2,SetTransformer,SetTransformer,CA_3__HOBBIES,1456,7,57284.25,0.019560374214858966,rmsse,0.9517996591467711
store_cat,2,SetTransformer,SetTransformer,CA_3__HOUSEHOLD,1456,8,155978.5625,0.05326069647408786,rmsse,0.7928914666930668
store_cat,2,SetTransformer,SetTransformer,CA_4__FOODS,1456,9,114921.703125,0.03924135374965941,rmsse,0.6380774783839847
store_cat,2,SetTransformer,SetTransformer,CA_4__HOBBIES,1456,10,33806.859375,0.011543745801055494,rmsse,0.7371588522055028
store_cat,2,SetTransformer,SetTransformer,CA_4__HOUSEHOLD,1456,11,51044.75,0.017429824283357508,rmsse,1.2614639619814492
store_cat,2,SetTransformer,SetTransformer,TX_1__FOODS,1456,12,140683.25,0.04803793391311849,rmsse,0.42399001745611614
store_cat,2,SetTransformer,SetTransformer,TX_1__HOBBIES,1456,13,27783.09765625,0.009486862217873518,rmsse,0.7628290621963222
store_cat,2,SetTransformer,SetTransformer,TX_1__HOUSEHOLD,1456,14,80417.0078125,0.027459323741721976,rmsse,0.48712404924609637
store_cat,2,SetTransformer,SetTransformer,TX_2__FOODS,1456,15,169176.453125,0.05776726991219309,rmsse,0.5711695993733801
store_cat,2,SetTransformer,SetTransformer,TX_2__HOBBIES,1456,16,42864.6796875,0.014636644021481715,rmsse,0.7544162062346694
store_cat,2,SetTransformer,SetTransformer,TX_2__HOUSEHOLD,1456,17,79355.1796875,0.027096750163873577,rmsse,0.6688717320006106
store_cat,2,SetTransformer,SetTransformer,TX_3__FOODS,1456,18,156799.8125,0.053541121849718216,rmsse,0.6474304360860881
store_cat,2,SetTransformer,SetTransformer,TX_3__HOBBIES,1456,19,49402.20703125,0.016868958859916763,rmsse,0.8979002239598183
store_cat,2,SetTransformer,SetTransformer,TX_3__HOUSEHOLD,1456,20,78533.859375,0.02681630077922134,rmsse,0.7461542466991675
store_cat,2,SetTransformer,SetTransformer,WI_1__FOODS,1456,21,171450.15625,0.05854365232059495,rmsse,1.0982702338745913
store_cat,2,SetTransformer,SetTransformer,WI_1__HOBBIES,1456,22,39346.1328125,0.01343519521893088,rmsse,0.8840322259987529
store_cat,2,SetTransformer,SetTransformer,WI_1__HOUSEHOLD,1456,23,69904.34375,0.023869652181780117,rmsse,1.2649706629112412
store_cat,2,SetTransformer,SetTransformer,WI_2__FOODS,1456,24,213990.953125,0.07306970278426171,rmsse,0.8022520972224451
store_cat,2,SetTransformer,SetTransformer,WI_2__HOBBIES,1456,25,22872.908203125,0.007810220851896331,rmsse,0.9089463747181641
store_cat,2,SetTransformer,SetTransformer,WI_2__HOUSEHOLD,1456,26,73007.3671875,0.02492921566799104,rmsse,1.8141483375565493
store_cat,2,SetTransformer,SetTransformer,WI_3__FOODS,1456,27,151780.5625,0.05182724049004377,rmsse,0.8150595406863819
store_cat,2,SetTransformer,SetTransformer,WI_3__HOBBIES,1456,28,21418.96875,0.007313756295078839,rmsse,0.8061074629263819
store_cat,2,SetTransformer,SetTransformer,WI_3__HOUSEHOLD,1456,29,61031.02734375,0.020839754968617726,rmsse,1.0379924378915526
store_cat,2,SetTransformer,SetTransformer,CA_1__FOODS,1484,30,213601.578125,0.06820771906795026,rmsse,0.4159767071348719
store_cat,2,SetTransformer,SetTransformer,CA_1__HOBBIES,1484,31,57432.234375,0.018339385607920238,rmsse,0.6233689152547242
store_cat,2,SetTransformer,SetTransformer,CA_1__HOUSEHOLD,1484,32,97660.3515625,0.031185115212744904,rmsse,0.5652625831263887
store_cat,2,SetTransformer,SetTransformer,CA_2__FOODS,1484,33,97109.96875,0.03100936577969128,rmsse,0.48405274861753644
store_cat,2,SetTransformer,SetTransformer,CA_2__HOBBIES,1484,34,32127.169921875,0.010258917559107109,rmsse,0.5860249065885952
store_cat,2,SetTransformer,SetTransformer,CA_2__HOUSEHOLD,1484,35,85772.1484375,0.027388948414303897,rmsse,0.5238853779931086
store_cat,2,SetTransformer,SetTransformer,CA_3__FOODS,1484,36,297412.46875,0.09497039438507442,rmsse,0.4928912631407594
store_cat,2,SetTransformer,SetTransformer,CA_3__HOBBIES,1484,37,61886.78125,0.019761821174605104,rmsse,0.8336888191277044
store_cat,2,SetTransformer,SetTransformer,CA_3__HOUSEHOLD,1484,38,172245.359375,0.05500176162618477,rmsse,0.698109205231354
store_cat,2,SetTransformer,SetTransformer,CA_4__FOODS,1484,39,119859.8125,0.03827389521323178,rmsse,0.44136805777147753
store_cat,2,SetTransformer,SetTransformer,CA_4__HOBBIES,1484,40,36330.05078125,0.011600990588008404,rmsse,0.7627103232118052
store_cat,2,SetTransformer,SetTransformer,CA_4__HOUSEHOLD,1484,41,51402.9609375,0.016414104940901036,rmsse,0.7974619791486193
store_cat,2,SetTransformer,SetTransformer,TX_1__FOODS,1484,42,144507.609375,0.0461444831538793,rmsse,0.3239520600797925
store_cat,2,SetTransformer,SetTransformer,TX_1__HOBBIES,1484,43,31937.12890625,0.010198233249941787,rmsse,0.6421649845818894
store_cat,2,SetTransformer,SetTransformer,TX_1__HOUSEHOLD,1484,44,89760.1953125,0.02866242018950133,rmsse,0.7241789816725805
store_cat,2,SetTransformer,SetTransformer,TX_2__FOODS,1484,45,179773.953125,0.0574058085062889,rmsse,0.3849125870231824
store_cat,2,SetTransformer,SetTransformer,TX_2__HOBBIES,1484,46,49847.03125,0.015917262099447972,rmsse,0.6260516023610957
store_cat,2,SetTransformer,SetTransformer,TX_2__HOUSEHOLD,1484,47,93967.359375,0.030005860940111543,rmsse,0.5357402131807371
store_cat,2,SetTransformer,SetTransformer,TX_3__FOODS,1484,48,166358.546875,0.053121971894618626,rmsse,0.5093930495008144
store_cat,2,SetTransformer,SetTransformer,TX_3__HOBBIES,1484,49,58939.0,0.018820529274335952,rmsse,0.8584640955220653
store_cat,2,SetTransformer,SetTransformer,TX_3__HOUSEHOLD,1484,50,94858.9296875,0.030290559105444093,rmsse,0.939154215752752
store_cat,2,SetTransformer,SetTransformer,WI_1__FOODS,1484,51,182376.296875,0.05823679455506408,rmsse,1.0129769581733985
store_cat,2,SetTransformer,SetTransformer,WI_1__HOBBIES,1484,52,42152.4609375,0.013460215223528077,rmsse,0.6259626037445285
store_cat,2,SetTransformer,SetTransformer,WI_1__HOUSEHOLD,1484,53,74201.4921875,0.023694181372508085,rmsse,1.0285972995078967
store_cat,2,SetTransformer,SetTransformer,WI_2__FOODS,1484,54,220910.796875,0.07054171464739512,rmsse,0.6364822283760495
store_cat,2,SetTransformer,SetTransformer,WI_2__HOBBIES,1484,55,28042.1796875,0.00895448962019686,rmsse,0.7179887493812421
store_cat,2,SetTransformer,SetTransformer,WI_2__HOUSEHOLD,1484,56,95896.65625,0.030621928201429557,rmsse,1.0790297764878474
store_cat,2,SetTransformer,SetTransformer,WI_3__FOODS,1484,57,160906.484375,0.05138100747569806,rmsse,0.29926925890875977
store_cat,2,SetTransformer,SetTransformer,WI_3__HOBBIES,1484,58,24415.33984375,0.007796359257404398,rmsse,0.5908074914407303
store_cat,2,SetTransformer,SetTransformer,WI_3__HOUSEHOLD,1484,59,69941.15625,0.02233376166348309,rmsse,0.7989851625047816
store_cat,2,SetTransformer,SetTransformer,CA_1__FOODS,1512,60,207180.25,0.06491036969535333,rmsse,0.8106427957472053
store_cat,2,SetTransformer,SetTransformer,CA_1__HOBBIES,1512,61,62380.88671875,0.019544171893015955,rmsse,0.599692795726267
store_cat,2,SetTransformer,SetTransformer,CA_1__HOUSEHOLD,1512,62,105939.7890625,0.03319134364156151,rmsse,0.5279291391981802
store_cat,2,SetTransformer,SetTransformer,CA_2__FOODS,1512,63,91005.09375,0.028512246121301568,rmsse,0.3749197087223139
store_cat,2,SetTransformer,SetTransformer,CA_2__HOBBIES,1512,64,33450.58203125,0.010480196090955487,rmsse,0.4754267726627453
store_cat,2,SetTransformer,SetTransformer,CA_2__HOUSEHOLD,1512,65,94968.328125,0.02975394270420743,rmsse,0.42413852633969673
store_cat,2,SetTransformer,SetTransformer,CA_3__FOODS,1512,66,287165.4375,0.08997003677644409,rmsse,0.42304459505596387
store_cat,2,SetTransformer,SetTransformer,CA_3__HOBBIES,1512,67,66716.6796875,0.020902592517202268,rmsse,0.8332474126979765
store_cat,2,SetTransformer,SetTransformer,CA_3__HOUSEHOLD,1512,68,182819.796875,0.05727814597571753,rmsse,0.8678363308635417
store_cat,2,SetTransformer,SetTransformer,CA_4__FOODS,1512,69,116552.8984375,0.03651647165520408,rmsse,0.6785277383212102
store_cat,2,SetTransformer,SetTransformer,CA_4__HOBBIES,1512,70,36935.671875,0.011572088151995735,rmsse,0.6456744052899974
store_cat,2,SetTransformer,SetTransformer,CA_4__HOUSEHOLD,1512,71,55035.6171875,0.017242870679288043,rmsse,0.6029071871452905
store_cat,2,SetTransformer,SetTransformer,TX_1__FOODS,1512,72,146396.890625,0.045866709267504774,rmsse,0.4932765030540476
store_cat,2,SetTransformer,SetTransformer,TX_1__HOBBIES,1512,73,37219.30859375,0.011660952627606897,rmsse,0.7618854156081248
store_cat,2,SetTransformer,SetTransformer,TX_1__HOUSEHOLD,1512,74,98011.2890625,0.030707314077307153,rmsse,0.6152491241300878
store_cat,2,SetTransformer,SetTransformer,TX_2__FOODS,1512,75,176122.65625,0.05517990604275809,rmsse,1.0635209141031061
store_cat,2,SetTransformer,SetTransformer,TX_2__HOBBIES,1512,76,57129.640625,0.017898936281481592,rmsse,1.0009226272308354
store_cat,2,SetTransformer,SetTransformer,TX_2__HOUSEHOLD,1512,77,104925.140625,0.03287345038103626,rmsse,1.203506236129322
store_cat,2,SetTransformer,SetTransformer,TX_3__FOODS,1512,78,171175.0625,0.05362980587918111,rmsse,0.7047418761668922
store_cat,2,SetTransformer,SetTransformer,TX_3__HOBBIES,1512,79,67877.1015625,0.021266157156731493,rmsse,0.8157713051977133
store_cat,2,SetTransformer,SetTransformer,TX_3__HOUSEHOLD,1512,80,106698.2734375,0.03342897971541217,rmsse,0.8394518591961615
store_cat,2,SetTransformer,SetTransformer,WI_1__FOODS,1512,81,173160.421875,0.054251826612380274,rmsse,0.6646082077047175
store_cat,2,SetTransformer,SetTransformer,WI_1__HOBBIES,1512,82,42989.3984375,0.013468743982879497,rmsse,0.8771316392461762
store_cat,2,SetTransformer,SetTransformer,WI_1__HOUSEHOLD,1512,83,80510.828125,0.025224352311925487,rmsse,0.6357643173644363
store_cat,2,SetTransformer,SetTransformer,WI_2__FOODS,1512,84,209484.875,0.06563241757761601,rmsse,0.6217943641593091
store_cat,2,SetTransformer,SetTransformer,WI_2__HOBBIES,1512,85,27927.87890625,0.008749911946779423,rmsse,0.8709990600861771
store_cat,2,SetTransformer,SetTransformer,WI_2__HOUSEHOLD,1512,86,94749.9140625,0.029685512737820482,rmsse,0.9053541673687538
store_cat,2,SetTransformer,SetTransformer,WI_3__FOODS,1512,87,154383.0625,0.04836880765215719,rmsse,0.5933963521228779
store_cat,2,SetTransformer,SetTransformer,WI_3__HOBBIES,1512,88,26006.021484375,0.00814778661989298,rmsse,0.59529905830318
store_cat,2,SetTransformer,SetTransformer,WI_3__HOUSEHOLD,1512,89,76870.9140625,0.02408395322728209,rmsse,0.6907107995104713
store_cat,2,SetTransformer,SetTransformer,CA_1__FOODS,1540,90,220169.40625,0.06885783512657154,rmsse,0.4790151943579688
store_cat,2,SetTransformer,SetTransformer,CA_1__HOBBIES,1540,91,61755.76953125,0.019314075778852052,rmsse,0.4169460438327758
store_cat,2,SetTransformer,SetTransformer,CA_1__HOUSEHOLD,1540,92,109044.2734375,0.034103523871660345,rmsse,0.5806751759739861
store_cat,2,SetTransformer,SetTransformer,CA_2__FOODS,1540,93,95685.3828125,0.029925539728460827,rmsse,0.37106624326698573
store_cat,2,SetTransformer,SetTransformer,CA_2__HOBBIES,1540,94,34752.09765625,0.010868695389946238,rmsse,0.47898025082269485
store_cat,2,SetTransformer,SetTransformer,CA_2__HOUSEHOLD,1540,95,99130.90625,0.03100312488811156,rmsse,0.33816748762894905
store_cat,2,SetTransformer,SetTransformer,CA_3__FOODS,1540,96,290055.46875,0.09071465461495254,rmsse,0.45300085086969655
store_cat,2,SetTransformer,SetTransformer,CA_3__HOBBIES,1540,97,67942.453125,0.02124895695119342,rmsse,0.7494165199598627
store_cat,2,SetTransformer,SetTransformer,CA_3__HOUSEHOLD,1540,98,194752.859375,0.06090882702406398,rmsse,0.5528897490214061
store_cat,2,SetTransformer,SetTransformer,CA_4__FOODS,1540,99,120052.3671875,0.03754629785831791,rmsse,0.5115661166672545
store_cat,2,SetTransformer,SetTransformer,CA_4__HOBBIES,1540,100,37685.67578125,0.011786169994173486,rmsse,0.8874477502073204
store_cat,2,SetTransformer,SetTransformer,CA_4__HOUSEHOLD,1540,101,57081.52734375,0.017852209648718267,rmsse,0.8205854267531939
store_cat,2,SetTransformer,SetTransformer,TX_1__FOODS,1540,102,147996.359375,0.046285762798511335,rmsse,0.35084128233538536
store_cat,2,SetTransformer,SetTransformer,TX_1__HOBBIES,1540,103,35824.16015625,0.011203982222607078,rmsse,0.5139745614092407
store_cat,2,SetTransformer,SetTransformer,TX_1__HOUSEHOLD,1540,104,96537.8984375,0.030192163422228798,rmsse,0.4020589331517247
store_cat,2,SetTransformer,SetTransformer,TX_2__FOODS,1540,105,179433.03125,0.05611756098412723,rmsse,0.32606114447284473
store_cat,2,SetTransformer,SetTransformer,TX_2__HOBBIES,1540,106,54520.3046875,0.017051188969277244,rmsse,0.5572978923215819
store_cat,2,SetTransformer,SetTransformer,TX_2__HOUSEHOLD,1540,107,103090.46875,0.032241475422103406,rmsse,0.37784039804120606
store_cat,2,SetTransformer,SetTransformer,TX_3__FOODS,1540,108,173693.546875,0.05432254106952325,rmsse,0.8063995691329017
store_cat,2,SetTransformer,SetTransformer,TX_3__HOBBIES,1540,109,69905.3671875,0.02186285701653573,rmsse,0.6284930464843522
store_cat,2,SetTransformer,SetTransformer,TX_3__HOUSEHOLD,1540,110,104416.875,0.032656308093131484,rmsse,0.6659768773854183
store_cat,2,SetTransformer,SetTransformer,WI_1__FOODS,1540,111,162298.171875,0.05075864512993716,rmsse,0.5866504043803982
store_cat,2,SetTransformer,SetTransformer,WI_1__HOBBIES,1540,112,41865.28125,0.013093338820048013,rmsse,0.5658166111412481
store_cat,2,SetTransformer,SetTransformer,WI_1__HOUSEHOLD,1540,113,77330.671875,0.024185116110770965,rmsse,0.656328263372323
store_cat,2,SetTransformer,SetTransformer,WI_2__FOODS,1540,114,202491.703125,0.06332914525121458,rmsse,0.648516646738176
store_cat,2,SetTransformer,SetTransformer,WI_2__HOBBIES,1540,115,26394.369140625,0.008254821364650992,rmsse,0.6415678753604204
store_cat,2,SetTransformer,SetTransformer,WI_2__HOUSEHOLD,1540,116,86329.9609375,0.026999637769690065,rmsse,0.7952562547936899
store_cat,2,SetTransformer,SetTransformer,WI_3__FOODS,1540,117,150028.796875,0.04692140627261487,rmsse,0.38668614281783015
store_cat,2,SetTransformer,SetTransformer,WI_3__HOBBIES,1540,118,24321.859375,0.007606645316169617,rmsse,0.46334761777291206
store_cat,2,SetTransformer,SetTransformer,WI_3__HOUSEHOLD,1540,119,72861.84375,0.022787493091836034,rmsse,0.552591485685922
store_cat,2,SetTransformer_Q,SetTransformer,CA_1__FOODS,1456,0,216654.625,0.07397924456338241,mean_spl,0.10270967835083215
store_cat,2,SetTransformer_Q,SetTransformer,CA_1__HOBBIES,1456,1,54163.19921875,0.018494655082203344,mean_spl,0.12322265288157304
store_cat,2,SetTransformer_Q,SetTransformer,CA_1__HOUSEHOLD,1456,2,94011.015625,0.03210115600612653,mean_spl,0.16591333684001744
store_cat,2,SetTransformer_Q,SetTransformer,CA_2__FOODS,1456,3,106220.4296875,0.03627020261154881,mean_spl,0.2220388620512629
store_cat,2,SetTransformer_Q,SetTransformer,CA_2__HOBBIES,1456,4,31810.216796875,0.010861968942644223,mean_spl,0.15146059853964988
store_cat,2,SetTransformer_Q,SetTransformer,CA_2__HOUSEHOLD,1456,5,86838.34375,0.029651963671490145,mean_spl,0.15311981721445986
store_cat,2,SetTransformer_Q,SetTransformer,CA_3__FOODS,1456,6,276034.6875,0.09425525836127126,mean_spl,0.15190685396588088
store_cat,2,SetTransformer_Q,SetTransformer,CA_3__HOBBIES,1456,7,57284.25,0.019560374214858966,mean_spl,0.19467749597289224
store_cat,2,SetTransformer_Q,SetTransformer,CA_3__HOUSEHOLD,1456,8,155978.5625,0.05326069647408786,mean_spl,0.24290437500132692
store_cat,2,SetTransformer_Q,SetTransformer,CA_4__FOODS,1456,9,114921.703125,0.03924135374965941,mean_spl,0.1802305791431213
store_cat,2,SetTransformer_Q,SetTransformer,CA_4__HOBBIES,1456,10,33806.859375,0.011543745801055494,mean_spl,0.1678825857657987
store_cat,2,SetTransformer_Q,SetTransformer,CA_4__HOUSEHOLD,1456,11,51044.75,0.017429824283357508,mean_spl,0.3035895900233683
store_cat,2,SetTransformer_Q,SetTransformer,TX_1__FOODS,1456,12,140683.25,0.04803793391311849,mean_spl,0.11165743693205459
store_cat,2,SetTransformer_Q,SetTransformer,TX_1__HOBBIES,1456,13,27783.09765625,0.009486862217873518,mean_spl,0.19583421488968955
store_cat,2,SetTransformer_Q,SetTransformer,TX_1__HOUSEHOLD,1456,14,80417.0078125,0.027459323741721976,mean_spl,0.15054680735245643
store_cat,2,SetTransformer_Q,SetTransformer,TX_2__FOODS,1456,15,169176.453125,0.05776726991219309,mean_spl,0.12780949305163747
store_cat,2,SetTransformer_Q,SetTransformer,TX_2__HOBBIES,1456,16,42864.6796875,0.014636644021481715,mean_spl,0.1825054715035548
store_cat,2,SetTransformer_Q,SetTransformer,TX_2__HOUSEHOLD,1456,17,79355.1796875,0.027096750163873577,mean_spl,0.18172201096888208
store_cat,2,SetTransformer_Q,SetTransformer,TX_3__FOODS,1456,18,156799.8125,0.053541121849718216,mean_spl,0.1452980325257226
store_cat,2,SetTransformer_Q,SetTransformer,TX_3__HOBBIES,1456,19,49402.20703125,0.016868958859916763,mean_spl,0.20777345233229075
store_cat,2,SetTransformer_Q,SetTransformer,TX_3__HOUSEHOLD,1456,20,78533.859375,0.02681630077922134,mean_spl,0.21750283281734453
store_cat,2,SetTransformer_Q,SetTransformer,WI_1__FOODS,1456,21,171450.15625,0.05854365232059495,mean_spl,0.35561337665383613
store_cat,2,SetTransformer_Q,SetTransformer,WI_1__HOBBIES,1456,22,39346.1328125,0.01343519521893088,mean_spl,0.2053176833794002
store_cat,2,SetTransformer_Q,SetTransformer,WI_1__HOUSEHOLD,1456,23,69904.34375,0.023869652181780117,mean_spl,0.37247243935227425
store_cat,2,SetTransformer_Q,SetTransformer,WI_2__FOODS,1456,24,213990.953125,0.07306970278426171,mean_spl,0.16838300584081856
store_cat,2,SetTransformer_Q,SetTransformer,WI_2__HOBBIES,1456,25,22872.908203125,0.007810220851896331,mean_spl,0.22454799092379657
store_cat,2,SetTransformer_Q,SetTransformer,WI_2__HOUSEHOLD,1456,26,73007.3671875,0.02492921566799104,mean_spl,0.5928114981524157
store_cat,2,SetTransformer_Q,SetTransformer,WI_3__FOODS,1456,27,151780.5625,0.05182724049004377,mean_spl,0.15765367609444103
store_cat,2,SetTransformer_Q,SetTransformer,WI_3__HOBBIES,1456,28,21418.96875,0.007313756295078839,mean_spl,0.21082278802328377
store_cat,2,SetTransformer_Q,SetTransformer,WI_3__HOUSEHOLD,1456,29,61031.02734375,0.020839754968617726,mean_spl,0.27115273197200884
store_cat,2,SetTransformer_Q,SetTransformer,CA_1__FOODS,1484,30,213601.578125,0.06820771906795026,mean_spl,0.11644133300681767
store_cat,2,SetTransformer_Q,SetTransformer,CA_1__HOBBIES,1484,31,57432.234375,0.018339385607920238,mean_spl,0.15767161137906194
store_cat,2,SetTransformer_Q,SetTransformer,CA_1__HOUSEHOLD,1484,32,97660.3515625,0.031185115212744904,mean_spl,0.1454825393822737
store_cat,2,SetTransformer_Q,SetTransformer,CA_2__FOODS,1484,33,97109.96875,0.03100936577969128,mean_spl,0.14101228040898917
store_cat,2,SetTransformer_Q,SetTransformer,CA_2__HOBBIES,1484,34,32127.169921875,0.010258917559107109,mean_spl,0.15343173475635785
store_cat,2,SetTransformer_Q,SetTransformer,CA_2__HOUSEHOLD,1484,35,85772.1484375,0.027388948414303897,mean_spl,0.15049548682649388
store_cat,2,SetTransformer_Q,SetTransformer,CA_3__FOODS,1484,36,297412.46875,0.09497039438507442,mean_spl,0.13317535180611917
store_cat,2,SetTransformer_Q,SetTransformer,CA_3__HOBBIES,1484,37,61886.78125,0.019761821174605104,mean_spl,0.20319083058531395
store_cat,2,SetTransformer_Q,SetTransformer,CA_3__HOUSEHOLD,1484,38,172245.359375,0.05500176162618477,mean_spl,0.21277886303893545
store_cat,2,SetTransformer_Q,SetTransformer,CA_4__FOODS,1484,39,119859.8125,0.03827389521323178,mean_spl,0.13446320483638
store_cat,2,SetTransformer_Q,SetTransformer,CA_4__HOBBIES,1484,40,36330.05078125,0.011600990588008404,mean_spl,0.20414103300319744
store_cat,2,SetTransformer_Q,SetTransformer,CA_4__HOUSEHOLD,1484,41,51402.9609375,0.016414104940901036,mean_spl,0.22904372145086707
store_cat,2,SetTransformer_Q,SetTransformer,TX_1__FOODS,1484,42,144507.609375,0.0461444831538793,mean_spl,0.09623981467480164
store_cat,2,SetTransformer_Q,SetTransformer,TX_1__HOBBIES,1484,43,31937.12890625,0.010198233249941787,mean_spl,0.1691052536065628
store_cat,2,SetTransformer_Q,SetTransformer,TX_1__HOUSEHOLD,1484,44,89760.1953125,0.02866242018950133,mean_spl,0.17525333886249694
store_cat,2,SetTransformer_Q,SetTransformer,TX_2__FOODS,1484,45,179773.953125,0.0574058085062889,mean_spl,0.1015916809497561
store_cat,2,SetTransformer_Q,SetTransformer,TX_2__HOBBIES,1484,46,49847.03125,0.015917262099447972,mean_spl,0.1626880338057813
store_cat,2,SetTransformer_Q,SetTransformer,TX_2__HOUSEHOLD,1484,47,93967.359375,0.030005860940111543,mean_spl,0.1351503623327355
store_cat,2,SetTransformer_Q,SetTransformer,TX_3__FOODS,1484,48,166358.546875,0.053121971894618626,mean_spl,0.12328953893010969
store_cat,2,SetTransformer_Q,SetTransformer,TX_3__HOBBIES,1484,49,58939.0,0.018820529274335952,mean_spl,0.22178699450123052
store_cat,2,SetTransformer_Q,SetTransformer,TX_3__HOUSEHOLD,1484,50,94858.9296875,0.030290559105444093,mean_spl,0.2514716038279771
store_cat,2,SetTransformer_Q,SetTransformer,WI_1__FOODS,1484,51,182376.296875,0.05823679455506408,mean_spl,0.3386114341777501
store_cat,2,SetTransformer_Q,SetTransformer,WI_1__HOBBIES,1484,52,42152.4609375,0.013460215223528077,mean_spl,0.16896718230239696
store_cat,2,SetTransformer_Q,SetTransformer,WI_1__HOUSEHOLD,1484,53,74201.4921875,0.023694181372508085,mean_spl,0.2810974345983472
store_cat,2,SetTransformer_Q,SetTransformer,WI_2__FOODS,1484,54,220910.796875,0.07054171464739512,mean_spl,0.15225774986657487
store_cat,2,SetTransformer_Q,SetTransformer,WI_2__HOBBIES,1484,55,28042.1796875,0.00895448962019686,mean_spl,0.19012349551065294
store_cat,2,SetTransformer_Q,SetTransformer,WI_2__HOUSEHOLD,1484,56,95896.65625,0.030621928201429557,mean_spl,0.2977499317668307
store_cat,2,SetTransformer_Q,SetTransformer,WI_3__FOODS,1484,57,160906.484375,0.05138100747569806,mean_spl,0.09195149944241358
store_cat,2,SetTransformer_Q,SetTransformer,WI_3__HOBBIES,1484,58,24415.33984375,0.007796359257404398,mean_spl,0.16492181645941784
store_cat,2,SetTransformer_Q,SetTransformer,WI_3__HOUSEHOLD,1484,59,69941.15625,0.02233376166348309,mean_spl,0.23118630578632107
store_cat,2,SetTransformer_Q,SetTransformer,CA_1__FOODS,1512,60,207180.25,0.06491036969535333,mean_spl,0.20139823687215977
store_cat,2,SetTransformer_Q,SetTransformer,CA_1__HOBBIES,1512,61,62380.88671875,0.019544171893015955,mean_spl,0.1510487848926404
store_cat,2,SetTransformer_Q,SetTransformer,CA_1__HOUSEHOLD,1512,62,105939.7890625,0.03319134364156151,mean_spl,0.14592270774181354
store_cat,2,SetTransformer_Q,SetTransformer,CA_2__FOODS,1512,63,91005.09375,0.028512246121301568,mean_spl,0.10635837175226094
store_cat,2,SetTransformer_Q,SetTransformer,CA_2__HOBBIES,1512,64,33450.58203125,0.010480196090955487,mean_spl,0.12438496394674568
store_cat,2,SetTransformer_Q,SetTransformer,CA_2__HOUSEHOLD,1512,65,94968.328125,0.02975394270420743,mean_spl,0.13647328022846672
store_cat,2,SetTransformer_Q,SetTransformer,CA_3__FOODS,1512,66,287165.4375,0.08997003677644409,mean_spl,0.13904834414800382
store_cat,2,SetTransformer_Q,SetTransformer,CA_3__HOBBIES,1512,67,66716.6796875,0.020902592517202268,mean_spl,0.20984636863644784
store_cat,2,SetTransformer_Q,SetTransformer,CA_3__HOUSEHOLD,1512,68,182819.796875,0.05727814597571753,mean_spl,0.2651346720934809
store_cat,2,SetTransformer_Q,SetTransformer,CA_4__FOODS,1512,69,116552.8984375,0.03651647165520408,mean_spl,0.18817454931372898
store_cat,2,SetTransformer_Q,SetTransformer,CA_4__HOBBIES,1512,70,36935.671875,0.011572088151995735,mean_spl,0.16614050600478641
store_cat,2,SetTransformer_Q,SetTransformer,CA_4__HOUSEHOLD,1512,71,55035.6171875,0.017242870679288043,mean_spl,0.18069623471138477
store_cat,2,SetTransformer_Q,SetTransformer,TX_1__FOODS,1512,72,146396.890625,0.045866709267504774,mean_spl,0.12310841465054555
store_cat,2,SetTransformer_Q,SetTransformer,TX_1__HOBBIES,1512,73,37219.30859375,0.011660952627606897,mean_spl,0.2102760948029847
store_cat,2,SetTransformer_Q,SetTransformer,TX_1__HOUSEHOLD,1512,74,98011.2890625,0.030707314077307153,mean_spl,0.1568998675535361
store_cat,2,SetTransformer_Q,SetTransformer,TX_2__FOODS,1512,75,176122.65625,0.05517990604275809,mean_spl,0.2597560444522615
store_cat,2,SetTransformer_Q,SetTransformer,TX_2__HOBBIES,1512,76,57129.640625,0.017898936281481592,mean_spl,0.23953733494035875
store_cat,2,SetTransformer_Q,SetTransformer,TX_2__HOUSEHOLD,1512,77,104925.140625,0.03287345038103626,mean_spl,0.2861440909590185
store_cat,2,SetTransformer_Q,SetTransformer,TX_3__FOODS,1512,78,171175.0625,0.05362980587918111,mean_spl,0.13935772952852984
store_cat,2,SetTransformer_Q,SetTransformer,TX_3__HOBBIES,1512,79,67877.1015625,0.021266157156731493,mean_spl,0.20551580190872162
store_cat,2,SetTransformer_Q,SetTransformer,TX_3__HOUSEHOLD,1512,80,106698.2734375,0.03342897971541217,mean_spl,0.20033045018308324
store_cat,2,SetTransformer_Q,SetTransformer,WI_1__FOODS,1512,81,173160.421875,0.054251826612380274,mean_spl,0.3005155568157772
store_cat,2,SetTransformer_Q,SetTransformer,WI_1__HOBBIES,1512,82,42989.3984375,0.013468743982879497,mean_spl,0.21422713264934828
store_cat,2,SetTransformer_Q,SetTransformer,WI_1__HOUSEHOLD,1512,83,80510.828125,0.025224352311925487,mean_spl,0.17329499188926992
store_cat,2,SetTransformer_Q,SetTransformer,WI_2__FOODS,1512,84,209484.875,0.06563241757761601,mean_spl,0.09743191605362607
store_cat,2,SetTransformer_Q,SetTransformer,WI_2__HOBBIES,1512,85,27927.87890625,0.008749911946779423,mean_spl,0.24972252466353004
store_cat,2,SetTransformer_Q,SetTransformer,WI_2__HOUSEHOLD,1512,86,94749.9140625,0.029685512737820482,mean_spl,0.21908584675947956
store_cat,2,SetTransformer_Q,SetTransformer,WI_3__FOODS,1512,87,154383.0625,0.04836880765215719,mean_spl,0.10539243794570524
store_cat,2,SetTransformer_Q,SetTransformer,WI_3__HOBBIES,1512,88,26006.021484375,0.00814778661989298,mean_spl,0.16562505792614723
store_cat,2,SetTransformer_Q,SetTransformer,WI_3__HOUSEHOLD,1512,89,76870.9140625,0.02408395322728209,mean_spl,0.1684336265780075
store_cat,2,SetTransformer_Q,SetTransformer,CA_1__FOODS,1540,90,220169.40625,0.06885783512657154,mean_spl,0.14034195857475507
store_cat,2,SetTransformer_Q,SetTransformer,CA_1__HOBBIES,1540,91,61755.76953125,0.019314075778852052,mean_spl,0.11639307525128317
store_cat,2,SetTransformer_Q,SetTransformer,CA_1__HOUSEHOLD,1540,92,109044.2734375,0.034103523871660345,mean_spl,0.15888160055922193
store_cat,2,SetTransformer_Q,SetTransformer,CA_2__FOODS,1540,93,95685.3828125,0.029925539728460827,mean_spl,0.11117678459038403
store_cat,2,SetTransformer_Q,SetTransformer,CA_2__HOBBIES,1540,94,34752.09765625,0.010868695389946238,mean_spl,0.12655022653488063
store_cat,2,SetTransformer_Q,SetTransformer,CA_2__HOUSEHOLD,1540,95,99130.90625,0.03100312488811156,mean_spl,0.1025868729758748
store_cat,2,SetTransformer_Q,SetTransformer,CA_3__FOODS,1540,96,290055.46875,0.09071465461495254,mean_spl,0.12639742469572976
store_cat,2,SetTransformer_Q,SetTransformer,CA_3__HOBBIES,1540,97,67942.453125,0.02124895695119342,mean_spl,0.1726639353992111
store_cat,2,SetTransformer_Q,SetTransformer,CA_3__HOUSEHOLD,1540,98,194752.859375,0.06090882702406398,mean_spl,0.1634240997516072
store_cat,2,SetTransformer_Q,SetTransformer,CA_4__FOODS,1540,99,120052.3671875,0.03754629785831791,mean_spl,0.1555952624582843
store_cat,2,SetTransformer_Q,SetTransformer,CA_4__HOBBIES,1540,100,37685.67578125,0.011786169994173486,mean_spl,0.21401947658545717
store_cat,2,SetTransformer_Q,SetTransformer,CA_4__HOUSEHOLD,1540,101,57081.52734375,0.017852209648718267,mean_spl,0.22317587645675685
store_cat,2,SetTransformer_Q,SetTransformer,TX_1__FOODS,1540,102,147996.359375,0.046285762798511335,mean_spl,0.08714096564110257
store_cat,2,SetTransformer_Q,SetTransformer,TX_1__HOBBIES,1540,103,35824.16015625,0.011203982222607078,mean_spl,0.15548400001651821
store_cat,2,SetTransformer_Q,SetTransformer,TX_1__HOUSEHOLD,1540,104,96537.8984375,0.030192163422228798,mean_spl,0.11734294315325469
store_cat,2,SetTransformer_Q,SetTransformer,TX_2__FOODS,1540,105,179433.03125,0.05611756098412723,mean_spl,0.10488672003564901
store_cat,2,SetTransformer_Q,SetTransformer,TX_2__HOBBIES,1540,106,54520.3046875,0.017051188969277244,mean_spl,0.14608652334974437
store_cat,2,SetTransformer_Q,SetTransformer,TX_2__HOUSEHOLD,1540,107,103090.46875,0.032241475422103406,mean_spl,0.11586369877680897
store_cat,2,SetTransformer_Q,SetTransformer,TX_3__FOODS,1540,108,173693.546875,0.05432254106952325,mean_spl,0.1711593065985648
store_cat,2,SetTransformer_Q,SetTransformer,TX_3__HOBBIES,1540,109,69905.3671875,0.02186285701653573,mean_spl,0.17725833667795218
store_cat,2,SetTransformer_Q,SetTransformer,TX_3__HOUSEHOLD,1540,110,104416.875,0.032656308093131484,mean_spl,0.17594920616417076
store_cat,2,SetTransformer_Q,SetTransformer,WI_1__FOODS,1540,111,162298.171875,0.05075864512993716,mean_spl,0.23966909398152458
store_cat,2,SetTransformer_Q,SetTransformer,WI_1__HOBBIES,1540,112,41865.28125,0.013093338820048013,mean_spl,0.16911329003745326
store_cat,2,SetTransformer_Q,SetTransformer,WI_1__HOUSEHOLD,1540,113,77330.671875,0.024185116110770965,mean_spl,0.16017948350062464
store_cat,2,SetTransformer_Q,SetTransformer,WI_2__FOODS,1540,114,202491.703125,0.06332914525121458,mean_spl,0.11036796521445083
store_cat,2,SetTransformer_Q,SetTransformer,WI_2__HOBBIES,1540,115,26394.369140625,0.008254821364650992,mean_spl,0.17454797591247143
store_cat,2,SetTransformer_Q,SetTransformer,WI_2__HOUSEHOLD,1540,116,86329.9609375,0.026999637769690065,mean_spl,0.20861985333164462
store_cat,2,SetTransformer_Q,SetTransformer,WI_3__FOODS,1540,117,150028.796875,0.04692140627261487,mean_spl,0.08540529819935165
store_cat,2,SetTransformer_Q,SetTransformer,WI_3__HOBBIES,1540,118,24321.859375,0.007606645316169617,mean_spl,0.14397766109497986
store_cat,2,SetTransformer_Q,SetTransformer,WI_3__HOUSEHOLD,1540,119,72861.84375,0.022787493091836034,mean_spl,0.14751125338385215
store_cat,3,SetTransformer,SetTransformer,CA_1__FOODS,1512,0,207180.25,0.06491036969535333,rmsse,0.5854743803678533
store_cat,3,SetTransformer,SetTransformer,CA_1__HOBBIES,1512,1,62380.88671875,0.019544171893015955,rmsse,0.6528580966274373
store_cat,3,SetTransformer,SetTransformer,CA_1__HOUSEHOLD,1512,2,105939.7890625,0.03319134364156151,rmsse,0.4511297221072173
store_cat,3,SetTransformer,SetTransformer,CA_2__FOODS,1512,3,91005.09375,0.028512246121301568,rmsse,0.44695447325588405
store_cat,3,SetTransformer,SetTransformer,CA_2__HOBBIES,1512,4,33450.58203125,0.010480196090955487,rmsse,0.4545903482378716
store_cat,3,SetTransformer,SetTransformer,CA_2__HOUSEHOLD,1512,5,94968.328125,0.02975394270420743,rmsse,0.39865623489889807
store_cat,3,SetTransformer,SetTransformer,CA_3__FOODS,1512,6,287165.4375,0.08997003677644409,rmsse,0.4366871954940861
store_cat,3,SetTransformer,SetTransformer,CA_3__HOBBIES,1512,7,66716.6796875,0.020902592517202268,rmsse,0.8832173482531732
store_cat,3,SetTransformer,SetTransformer,CA_3__HOUSEHOLD,1512,8,182819.796875,0.05727814597571753,rmsse,0.6200986061273942
store_cat,3,SetTransformer,SetTransformer,CA_4__FOODS,1512,9,116552.8984375,0.03651647165520408,rmsse,0.577124254525456
store_cat,3,SetTransformer,SetTransformer,CA_4__HOBBIES,1512,10,36935.671875,0.011572088151995735,rmsse,0.6376996942361102
store_cat,3,SetTransformer,SetTransformer,CA_4__HOUSEHOLD,1512,11,55035.6171875,0.017242870679288043,rmsse,0.8879442283658556
store_cat,3,SetTransformer,SetTransformer,TX_1__FOODS,1512,12,146396.890625,0.045866709267504774,rmsse,0.4782061347139446
store_cat,3,SetTransformer,SetTransformer,TX_1__HOBBIES,1512,13,37219.30859375,0.011660952627606897,rmsse,0.7630975090628456
store_cat,3,SetTransformer,SetTransformer,TX_1__HOUSEHOLD,1512,14,98011.2890625,0.030707314077307153,rmsse,0.7567029524014318
store_cat,3,SetTransformer,SetTransformer,TX_2__FOODS,1512,15,176122.65625,0.05517990604275809,rmsse,1.0303754542735881
store_cat,3,SetTransformer,SetTransformer,TX_2__HOBBIES,1512,16,57129.640625,0.017898936281481592,rmsse,1.0219191524372637
store_cat,3,SetTransformer,SetTransformer,TX_2__HOUSEHOLD,1512,17,104925.140625,0.03287345038103626,rmsse,1.2447555044878102
store_cat,3,SetTransformer,SetTransformer,TX_3__FOODS,1512,18,171175.0625,0.05362980587918111,rmsse,0.5517137007040877
store_cat,3,SetTransformer,SetTransformer,TX_3__HOBBIES,1512,19,67877.1015625,0.021266157156731493,rmsse,0.828222117759941
store_cat,3,SetTransformer,SetTransformer,TX_3__HOUSEHOLD,1512,20,106698.2734375,0.03342897971541217,rmsse,0.923121265903195
store_cat,3,SetTransformer,SetTransformer,WI_1__FOODS,1512,21,173160.421875,0.054251826612380274,rmsse,0.8313534376104275
store_cat,3,SetTransformer,SetTransformer,WI_1__HOBBIES,1512,22,42989.3984375,0.013468743982879497,rmsse,0.8610521743189506
store_cat,3,SetTransformer,SetTransformer,WI_1__HOUSEHOLD,1512,23,80510.828125,0.025224352311925487,rmsse,0.6217282265828857
store_cat,3,SetTransformer,SetTransformer,WI_2__FOODS,1512,24,209484.875,0.06563241757761601,rmsse,0.5277080960173876
store_cat,3,SetTransformer,SetTransformer,WI_2__HOBBIES,1512,25,27927.87890625,0.008749911946779423,rmsse,0.8192789217139177
store_cat,3,SetTransformer,SetTransformer,WI_2__HOUSEHOLD,1512,26,94749.9140625,0.029685512737820482,rmsse,0.9640820877566224
store_cat,3,SetTransformer,SetTransformer,WI_3__FOODS,1512,27,154383.0625,0.04836880765215719,rmsse,0.5218824133798823
store_cat,3,SetTransformer,SetTransformer,WI_3__HOBBIES,1512,28,26006.021484375,0.00814778661989298,rmsse,0.5782948606294471
store_cat,3,SetTransformer,SetTransformer,WI_3__HOUSEHOLD,1512,29,76870.9140625,0.02408395322728209,rmsse,0.8090116108611819
store_cat,3,SetTransformer,SetTransformer,CA_1__FOODS,1540,30,220169.40625,0.06885783512657154,rmsse,0.4394417908801897
store_cat,3,SetTransformer,SetTransformer,CA_1__HOBBIES,1540,31,61755.76953125,0.019314075778852052,rmsse,0.43738169762685775
store_cat,3,SetTransformer,SetTransformer,CA_1__HOUSEHOLD,1540,32,109044.2734375,0.034103523871660345,rmsse,0.5378600526931997
store_cat,3,SetTransformer,SetTransformer,CA_2__FOODS,1540,33,95685.3828125,0.029925539728460827,rmsse,0.4879815758614943
store_cat,3,SetTransformer,SetTransformer,CA_2__HOBBIES,1540,34,34752.09765625,0.010868695389946238,rmsse,0.4696598093208678
store_cat,3,SetTransformer,SetTransformer,CA_2__HOUSEHOLD,1540,35,99130.90625,0.03100312488811156,rmsse,0.3871993966753943
store_cat,3,SetTransformer,SetTransformer,CA_3__FOODS,1540,36,290055.46875,0.09071465461495254,rmsse,0.4493368747320621
store_cat,3,SetTransformer,SetTransformer,CA_3__HOBBIES,1540,37,67942.453125,0.02124895695119342,rmsse,0.8239159048454519
store_cat,3,SetTransformer,SetTransformer,CA_3__HOUSEHOLD,1540,38,194752.859375,0.06090882702406398,rmsse,0.5628233787837583
store_cat,3,SetTransformer,SetTransformer,CA_4__FOODS,1540,39,120052.3671875,0.03754629785831791,rmsse,0.500831353908509
store_cat,3,SetTransformer,SetTransformer,CA_4__HOBBIES,1540,40,37685.67578125,0.011786169994173486,rmsse,0.9229846277495288
store_cat,3,SetTransformer,SetTransformer,CA_4__HOUSEHOLD,1540,41,57081.52734375,0.017852209648718267,rmsse,1.1501207490073904
store_cat,3,SetTransformer,SetTransformer,TX_1__FOODS,1540,42,147996.359375,0.046285762798511335,rmsse,0.2984343211090893
store_cat,3,SetTransformer,SetTransformer,TX_1__HOBBIES,1540,43,35824.16015625,0.011203982222607078,rmsse,0.5215232356971433
store_cat,3,SetTransformer,SetTransformer,TX_1__HOUSEHOLD,1540,44,96537.8984375,0.030192163422228798,rmsse,0.5921966221172829
store_cat,3,SetTransformer,SetTransformer,TX_2__FOODS,1540,45,179433.03125,0.05611756098412723,rmsse,0.29593863095161116
store_cat,3,SetTransformer,SetTransformer,TX_2__HOBBIES,1540,46,54520.3046875,0.017051188969277244,rmsse,0.5887903549044136
store_cat,3,SetTransformer,SetTransformer,TX_2__HOUSEHOLD,1540,47,103090.46875,0.032241475422103406,rmsse,0.4384166955302972
store_cat,3,SetTransformer,SetTransformer,TX_3__FOODS,1540,48,173693.546875,0.05432254106952325,rmsse,0.6122352718499984
store_cat,3,SetTransformer,SetTransformer,TX_3__HOBBIES,1540,49,69905.3671875,0.02186285701653573,rmsse,0.6493634816521935
store_cat,3,SetTransformer,SetTransformer,TX_3__HOUSEHOLD,1540,50,104416.875,0.032656308093131484,rmsse,0.8111032232117938
store_cat,3,SetTransformer,SetTransformer,WI_1__FOODS,1540,51,162298.171875,0.05075864512993716,rmsse,0.6158922277490777
store_cat,3,SetTransformer,SetTransformer,WI_1__HOBBIES,1540,52,41865.28125,0.013093338820048013,rmsse,0.5016349644509143
store_cat,3,SetTransformer,SetTransformer,WI_1__HOUSEHOLD,1540,53,77330.671875,0.024185116110770965,rmsse,0.8230696467970016
store_cat,3,SetTransformer,SetTransformer,WI_2__FOODS,1540,54,202491.703125,0.06332914525121458,rmsse,0.5659268370666012
store_cat,3,SetTransformer,SetTransformer,WI_2__HOBBIES,1540,55,26394.369140625,0.008254821364650992,rmsse,0.6075704083987322
store_cat,3,SetTransformer,SetTransformer,WI_2__HOUSEHOLD,1540,56,86329.9609375,0.026999637769690065,rmsse,0.8840357434756458
store_cat,3,SetTransformer,SetTransformer,WI_3__FOODS,1540,57,150028.796875,0.04692140627261487,rmsse,0.3975548892703441
store_cat,3,SetTransformer,SetTransformer,WI_3__HOBBIES,1540,58,24321.859375,0.007606645316169617,rmsse,0.5137166385013158
store_cat,3,SetTransformer,SetTransformer,WI_3__HOUSEHOLD,1540,59,72861.84375,0.022787493091836034,rmsse,0.7237112546000949
store_cat,3,SetTransformer,SetTransformer,CA_1__FOODS,1568,60,227606.21875,0.07077608229256054,rmsse,0.5464839783366026
store_cat,3,SetTransformer,SetTransformer,CA_1__HOBBIES,1568,61,61449.91015625,0.019108370245657893,rmsse,0.5870788047797423
store_cat,3,SetTransformer,SetTransformer,CA_1__HOUSEHOLD,1568,62,110681.0859375,0.03441722150459681,rmsse,0.5947614378282319
store_cat,3,SetTransformer,SetTransformer,CA_2__FOODS,1568,63,94507.7265625,0.029387978365465067,rmsse,1.2035076540109197
store_cat,3,SetTransformer,SetTransformer,CA_2__HOBBIES,1568,64,32681.55078125,0.010162605135507732,rmsse,0.501819258227519
store_cat,3,SetTransformer,SetTransformer,CA_2__HOUSEHOLD,1568,65,97190.0234375,0.03022206130661088,rmsse,0.44735584806823336
store_cat,3,SetTransformer,SetTransformer,CA_3__FOODS,1568,66,286386.625,0.08905434767910389,rmsse,0.7036302613932494
store_cat,3,SetTransformer,SetTransformer,CA_3__HOBBIES,1568,67,66306.0390625,0.020618424676418178,rmsse,0.7017074448995256
store_cat,3,SetTransformer,SetTransformer,CA_3__HOUSEHOLD,1568,68,190131.015625,0.059122850342783584,rmsse,0.6557539480820646
store_cat,3,SetTransformer,SetTransformer,CA_4__FOODS,1568,69,122596.9609375,0.038122563802445886,rmsse,0.7165243962334269
store_cat,3,SetTransformer,SetTransformer,CA_4__HOBBIES,1568,70,38498.52734375,0.011971443286514517,rmsse,0.9574780594038268
store_cat,3,SetTransformer,SetTransformer,CA_4__HOUSEHOLD,1568,71,57504.91796875,0.017881641497913568,rmsse,1.658323105238891
store_cat,3,SetTransformer,SetTransformer,TX_1__FOODS,1568,72,143759.71875,0.04470330266231075,rmsse,0.4434297176929255
store_cat,3,SetTransformer,SetTransformer,TX_1__HOBBIES,1568,73,36857.09765625,0.011461026816885643,rmsse,0.8360155625071255
store_cat,3,SetTransformer,SetTransformer,TX_1__HOUSEHOLD,1568,74,94760.015625,0.029466429787166445,rmsse,0.7886235250385798
store_cat,3,SetTransformer,SetTransformer,TX_2__FOODS,1568,75,175913.21875,0.05470170593306429,rmsse,0.2730189194318671
store_cat,3,SetTransformer,SetTransformer,TX_2__HOBBIES,1568,76,55974.640625,0.01740578879139919,rmsse,0.5631780648401608
store_cat,3,SetTransformer,SetTransformer,TX_2__HOUSEHOLD,1568,77,102344.765625,0.031824972067411146,rmsse,0.41498172336959355
store_cat,3,SetTransformer,SetTransformer,TX_3__FOODS,1568,78,185515.796875,0.05768770896640953,rmsse,0.5721564358355407
store_cat,3,SetTransformer,SetTransformer,TX_3__HOBBIES,1568,79,71178.390625,0.02213352367959858,rmsse,0.7500762081744142
store_cat,3,SetTransformer,SetTransformer,TX_3__HOUSEHOLD,1568,80,104345.796875,0.03244720968990574,rmsse,0.6891723829878857
store_cat,3,SetTransformer,SetTransformer,WI_1__FOODS,1568,81,171597.125,0.05335958001001147,rmsse,0.5191078916896913
store_cat,3,SetTransformer,SetTransformer,WI_1__HOBBIES,1568,82,42377.875,0.013177759311041865,rmsse,0.3903535371019297
store_cat,3,SetTransformer,SetTransformer,WI_1__HOUSEHOLD,1568,83,74826.484375,0.02326792934249735,rmsse,0.7088037264624341
store_cat,3,SetTransformer,SetTransformer,WI_2__FOODS,1568,84,210272.09375,0.06538588924683765,rmsse,0.6403615309351567
store_cat,3,SetTransformer,SetTransformer,WI_2__HOBBIES,1568,85,24916.8984375,0.007748120697110228,rmsse,0.5180179015345368
store_cat,3,SetTransformer,SetTransformer,WI_2__HOUSEHOLD,1568,86,85993.5546875,0.02674042447793314,rmsse,0.8963253127065748
store_cat,3,SetTransformer,SetTransformer,WI_3__FOODS,1568,87,152977.359375,0.04756960611834604,rmsse,0.49053259190512993
store_cat,3,SetTransformer,SetTransformer,WI_3__HOBBIES,1568,88,25281.419921875,0.007861471741370881,rmsse,0.6026981900374246
store_cat,3,SetTransformer,SetTransformer,WI_3__HOUSEHOLD,1568,89,71430.6328125,0.022211960525121525,rmsse,0.600765642140654
store_cat,3,SetTransformer,SetTransformer,CA_1__FOODS,1596,90,218156.640625,0.06756247139642138,rmsse,0.4849170232280883
store_cat,3,SetTransformer,SetTransformer,CA_1__HOBBIES,1596,91,62647.34375,0.019401698513715152,rmsse,0.646566451172923
store_cat,3,SetTransformer,SetTransformer,CA_1__HOUSEHOLD,1596,92,111508.96875,0.03453400038629386,rmsse,0.7047799749771648
store_cat,3,SetTransformer,SetTransformer,CA_2__FOODS,1596,93,124184.8984375,0.03845969861157458,rmsse,1.115358104301462
store_cat,3,SetTransformer,SetTransformer,CA_2__HOBBIES,1596,94,35712.88671875,0.01106017621332348,rmsse,0.7081506938405965
store_cat,3,SetTransformer,SetTransformer,CA_2__HOUSEHOLD,1596,95,107060.6328125,0.03315636380059106,rmsse,0.5135650962383497
store_cat,3,SetTransformer,SetTransformer,CA_3__FOODS,1596,96,285717.21875,0.08848578417763645,rmsse,0.7080778906762542
store_cat,3,SetTransformer,SetTransformer,CA_3__HOBBIES,1596,97,68288.1953125,0.021148653688909533,rmsse,0.9952240736464156
store_cat,3,SetTransformer,SetTransformer,CA_3__HOUSEHOLD,1596,98,198473.0625,0.06146652501477757,rmsse,0.7396571068828856
store_cat,3,SetTransformer,SetTransformer,CA_4__FOODS,1596,99,116616.671875,0.036115841054978406,rmsse,0.6424197812604083
store_cat,3,SetTransformer,SetTransformer,CA_4__HOBBIES,1596,100,39243.08203125,0.012153467341850466,rmsse,0.8992308736525321
store_cat,3,SetTransformer,SetTransformer,CA_4__HOUSEHOLD,1596,101,58249.5703125,0.018039720985881025,rmsse,1.4997682488574071
store_cat,3,SetTransformer,SetTransformer,TX_1__FOODS,1596,102,144254.125,0.04467507918258353,rmsse,0.9153432399972389
store_cat,3,SetTransformer,SetTransformer,TX_1__HOBBIES,1596,103,38381.20703125,0.011886547183619364,rmsse,0.7471716683044741
store_cat,3,SetTransformer,SetTransformer,TX_1__HOUSEHOLD,1596,104,100307.125,0.031064822249986294,rmsse,0.7583371230526758
store_cat,3,SetTransformer,SetTransformer,TX_2__FOODS,1596,105,172290.359375,0.05335781869304533,rmsse,0.9699401465154195
store_cat,3,SetTransformer,SetTransformer,TX_2__HOBBIES,1596,106,56974.41796875,0.017644810047099287,rmsse,0.8675002101972245
store_cat,3,SetTransformer,SetTransformer,TX_2__HOUSEHOLD,1596,107,102815.34375,0.03184161023621193,rmsse,0.7468775829722933
store_cat,3,SetTransformer,SetTransformer,TX_3__FOODS,1596,108,173334.609375,0.05368121985357653,rmsse,1.2413435118775624
store_cat,3,SetTransformer,SetTransformer,TX_3__HOBBIES,1596,109,69821.453125,0.02162349913392369,rmsse,1.0574860552434726
store_cat,3,SetTransformer,SetTransformer,TX_3__HOUSEHOLD,1596,110,105690.0703125,0.03273190461641051,rmsse,1.084574629689547
store_cat,3,SetTransformer,SetTransformer,WI_1__FOODS,1596,111,172074.03125,0.05329082250757199,rmsse,0.5584003273688366
store_cat,3,SetTransformer,SetTransformer,WI_1__HOBBIES,1596,112,42553.390625,0.013178660198862826,rmsse,0.6127469539063056
store_cat,3,SetTransformer,SetTransformer,WI_1__HOUSEHOLD,1596,113,77409.6953125,0.023973555470844267,rmsse,0.7384719337344402
store_cat,3,SetTransformer,SetTransformer,WI_2__FOODS,1596,114,192405.90625,0.05958754452890338,rmsse,0.8363331393884276
store_cat,3,SetTransformer,SetTransformer,WI_2__HOBBIES,1596,115,27172.5703125,0.008415265284824653,rmsse,0.7892195020892016
store_cat,3,SetTransformer,SetTransformer,WI_2__HOUSEHOLD,1596,116,88800.015625,0.027501104245452462,rmsse,1.2267546609837698
store_cat,3,SetTransformer,SetTransformer,WI_3__FOODS,1596,117,138527.015625,0.04290141021599113,rmsse,0.49476252402515275
store_cat,3,SetTransformer,SetTransformer,WI_3__HOBBIES,1596,118,25475.140625,0.007889576291903788,rmsse,0.8557677796586876
store_cat,3,SetTransformer,SetTransformer,WI_3__HOUSEHOLD,1596,119,74816.171875,0.023170348873236064,rmsse,0.7048991043942778
store_cat,3,SetTransformer_Q,SetTransformer,CA_1__FOODS,1512,0,207180.25,0.06491036969535333,mean_spl,0.1733924677072981
store_cat,3,SetTransformer_Q,SetTransformer,CA_1__HOBBIES,1512,1,62380.88671875,0.019544171893015955,mean_spl,0.1491393529045294
store_cat,3,SetTransformer_Q,SetTransformer,CA_1__HOUSEHOLD,1512,2,105939.7890625,0.03319134364156151,mean_spl,0.12318049833906024
store_cat,3,SetTransformer_Q,SetTransformer,CA_2__FOODS,1512,3,91005.09375,0.028512246121301568,mean_spl,0.11518381849267151
store_cat,3,SetTransformer_Q,SetTransformer,CA_2__HOBBIES,1512,4,33450.58203125,0.010480196090955487,mean_spl,0.1253416047324321
store_cat,3,SetTransformer_Q,SetTransformer,CA_2__HOUSEHOLD,1512,5,94968.328125,0.02975394270420743,mean_spl,0.11833677174576754
store_cat,3,SetTransformer_Q,SetTransformer,CA_3__FOODS,1512,6,287165.4375,0.08997003677644409,mean_spl,0.11321146964058212
store_cat,3,SetTransformer_Q,SetTransformer,CA_3__HOBBIES,1512,7,66716.6796875,0.020902592517202268,mean_spl,0.22347386862090232
store_cat,3,SetTransformer_Q,SetTransformer,CA_3__HOUSEHOLD,1512,8,182819.796875,0.05727814597571753,mean_spl,0.2022598851977726
store_cat,3,SetTransformer_Q,SetTransformer,CA_4__FOODS,1512,9,116552.8984375,0.03651647165520408,mean_spl,0.14678181516195554
store_cat,3,SetTransformer_Q,SetTransformer,CA_4__HOBBIES,1512,10,36935.671875,0.011572088151995735,mean_spl,0.16756973352836785
store_cat,3,SetTransformer_Q,SetTransformer,CA_4__HOUSEHOLD,1512,11,55035.6171875,0.017242870679288043,mean_spl,0.1397149164684916
store_cat,3,SetTransformer_Q,SetTransformer,TX_1__FOODS,1512,12,146396.890625,0.045866709267504774,mean_spl,0.11214045429303804
store_cat,3,SetTransformer_Q,SetTransformer,TX_1__HOBBIES,1512,13,37219.30859375,0.011660952627606897,mean_spl,0.20440896118245266
store_cat,3,SetTransformer_Q,SetTransformer,TX_1__HOUSEHOLD,1512,14,98011.2890625,0.030707314077307153,mean_spl,0.17533985186324877
store_cat,3,SetTransformer_Q,SetTransformer,TX_2__FOODS,1512,15,176122.65625,0.05517990604275809,mean_spl,0.2445546213844474
store_cat,3,SetTransformer_Q,SetTransformer,TX_2__HOBBIES,1512,16,57129.640625,0.017898936281481592,mean_spl,0.23717384981498668
store_cat,3,SetTransformer_Q,SetTransformer,TX_2__HOUSEHOLD,1512,17,104925.140625,0.03287345038103626,mean_spl,0.2996282755536442
store_cat,3,SetTransformer_Q,SetTransformer,TX_3__FOODS,1512,18,171175.0625,0.05362980587918111,mean_spl,0.1326041252117496
store_cat,3,SetTransformer_Q,SetTransformer,TX_3__HOBBIES,1512,19,67877.1015625,0.021266157156731493,mean_spl,0.2081529402972418
store_cat,3,SetTransformer_Q,SetTransformer,TX_3__HOUSEHOLD,1512,20,106698.2734375,0.03342897971541217,mean_spl,0.22213751182711447
store_cat,3,SetTransformer_Q,SetTransformer,WI_1__FOODS,1512,21,173160.421875,0.054251826612380274,mean_spl,0.22711727803912687
store_cat,3,SetTransformer_Q,SetTransformer,WI_1__HOBBIES,1512,22,42989.3984375,0.013468743982879497,mean_spl,0.2028376205479789
store_cat,3,SetTransformer_Q,SetTransformer,WI_1__HOUSEHOLD,1512,23,80510.828125,0.025224352311925487,mean_spl,0.16146677135293416
store_cat,3,SetTransformer_Q,SetTransformer,WI_2__FOODS,1512,24,209484.875,0.06563241757761601,mean_spl,0.13793078189633093
store_cat,3,SetTransformer_Q,SetTransformer,WI_2__HOBBIES,1512,25,27927.87890625,0.008749911946779423,mean_spl,0.19607573701910813
store_cat,3,SetTransformer_Q,SetTransformer,WI_2__HOUSEHOLD,1512,26,94749.9140625,0.029685512737820482,mean_spl,0.2434381999601445
store_cat,3,SetTransformer_Q,SetTransformer,WI_3__FOODS,1512,27,154383.0625,0.04836880765215719,mean_spl,0.11272829336517044
store_cat,3,SetTransformer_Q,SetTransformer,WI_3__HOBBIES,1512,28,26006.021484375,0.00814778661989298,mean_spl,0.15168394073151337
store_cat,3,SetTransformer_Q,SetTransformer,WI_3__HOUSEHOLD,1512,29,76870.9140625,0.02408395322728209,mean_spl,0.17723860386177223
store_cat,3,SetTransformer_Q,SetTransformer,CA_1__FOODS,1540,30,220169.40625,0.06885783512657154,mean_spl,0.14385030321365366
store_cat,3,SetTransformer_Q,SetTransformer,CA_1__HOBBIES,1540,31,61755.76953125,0.019314075778852052,mean_spl,0.11380896055793221
store_cat,3,SetTransformer_Q,SetTransformer,CA_1__HOUSEHOLD,1540,32,109044.2734375,0.034103523871660345,mean_spl,0.1353216654520163
store_cat,3,SetTransformer_Q,SetTransformer,CA_2__FOODS,1540,33,95685.3828125,0.029925539728460827,mean_spl,0.11003028619315416
store_cat,3,SetTransformer_Q,SetTransformer,CA_2__HOBBIES,1540,34,34752.09765625,0.010868695389946238,mean_spl,0.12256978257732393
store_cat,3,SetTransformer_Q,SetTransformer,CA_2__HOUSEHOLD,1540,35,99130.90625,0.03100312488811156,mean_spl,0.09264847760907521
store_cat,3,SetTransformer_Q,SetTransformer,CA_3__FOODS,1540,36,290055.46875,0.09071465461495254,mean_spl,0.1183668707289053
store_cat,3,SetTransformer_Q,SetTransformer,CA_3__HOBBIES,1540,37,67942.453125,0.02124895695119342,mean_spl,0.1861427350170564
store_cat,3,SetTransformer_Q,SetTransformer,CA_3__HOUSEHOLD,1540,38,194752.859375,0.06090882702406398,mean_spl,0.1418691044514624
store_cat,3,SetTransformer_Q,SetTransformer,CA_4__FOODS,1540,39,120052.3671875,0.03754629785831791,mean_spl,0.13848916728253446
store_cat,3,SetTransformer_Q,SetTransformer,CA_4__HOBBIES,1540,40,37685.67578125,0.011786169994173486,mean_spl,0.20779535278656872
store_cat,3,SetTransformer_Q,SetTransformer,CA_4__HOUSEHOLD,1540,41,57081.52734375,0.017852209648718267,mean_spl,0.17136670940857268
store_cat,3,SetTransformer_Q,SetTransformer,TX_1__FOODS,1540,42,147996.359375,0.046285762798511335,mean_spl,0.08474607818283794
store_cat,3,SetTransformer_Q,SetTransformer,TX_1__HOBBIES,1540,43,35824.16015625,0.011203982222607078,mean_spl,0.14958507146875322
store_cat,3,SetTransformer_Q,SetTransformer,TX_1__HOUSEHOLD,1540,44,96537.8984375,0.030192163422228798,mean_spl,0.11786135806206612
store_cat,3,SetTransformer_Q,SetTransformer,TX_2__FOODS,1540,45,179433.03125,0.05611756098412723,mean_spl,0.09772753976554213
store_cat,3,SetTransformer_Q,SetTransformer,TX_2__HOBBIES,1540,46,54520.3046875,0.017051188969277244,mean_spl,0.14170900623156413
store_cat,3,SetTransformer_Q,SetTransformer,TX_2__HOUSEHOLD,1540,47,103090.46875,0.032241475422103406,mean_spl,0.1072349483070795
store_cat,3,SetTransformer_Q,SetTransformer,TX_3__FOODS,1540,48,173693.546875,0.05432254106952325,mean_spl,0.18669516770660644
store_cat,3,SetTransformer_Q,SetTransformer,TX_3__HOBBIES,1540,49,69905.3671875,0.02186285701653573,mean_spl,0.17065140455825237
store_cat,3,SetTransformer_Q,SetTransformer,TX_3__HOUSEHOLD,1540,50,104416.875,0.032656308093131484,mean_spl,0.1884900953841163
store_cat,3,SetTransformer_Q,SetTransformer,WI_1__FOODS,1540,51,162298.171875,0.05075864512993716,mean_spl,0.2049937707322811
store_cat,3,SetTransformer_Q,SetTransformer,WI_1__HOBBIES,1540,52,41865.28125,0.013093338820048013,mean_spl,0.13363163445784265
store_cat,3,SetTransformer_Q,SetTransformer,WI_1__HOUSEHOLD,1540,53,77330.671875,0.024185116110770965,mean_spl,0.16158523181729137
store_cat,3,SetTransformer_Q,SetTransformer,WI_2__FOODS,1540,54,202491.703125,0.06332914525121458,mean_spl,0.12480747326805057
store_cat,3,SetTransformer_Q,SetTransformer,WI_2__HOBBIES,1540,55,26394.369140625,0.008254821364650992,mean_spl,0.1520334658273272
store_cat,3,SetTransformer_Q,SetTransformer,WI_2__HOUSEHOLD,1540,56,86329.9609375,0.026999637769690065,mean_spl,0.22232108895070027
store_cat,3,SetTransformer_Q,SetTransformer,WI_3__FOODS,1540,57,150028.796875,0.04692140627261487,mean_spl,0.09244110666753165
store_cat,3,SetTransformer_Q,SetTransformer,WI_3__HOBBIES,1540,58,24321.859375,0.007606645316169617,mean_spl,0.13653940514009755
store_cat,3,SetTransformer_Q,SetTransformer,WI_3__HOUSEHOLD,1540,59,72861.84375,0.022787493091836034,mean_spl,0.13467840975482276
store_cat,3,SetTransformer_Q,SetTransformer,CA_1__FOODS,1568,60,227606.21875,0.07077608229256054,mean_spl,0.12490385762116138
store_cat,3,SetTransformer_Q,SetTransformer,CA_1__HOBBIES,1568,61,61449.91015625,0.019108370245657893,mean_spl,0.14363808770171163
store_cat,3,SetTransformer_Q,SetTransformer,CA_1__HOUSEHOLD,1568,62,110681.0859375,0.03441722150459681,mean_spl,0.13656146016376858
store_cat,3,SetTransformer_Q,SetTransformer,CA_2__FOODS,1568,63,94507.7265625,0.029387978365465067,mean_spl,0.4231983179084262
store_cat,3,SetTransformer_Q,SetTransformer,CA_2__HOBBIES,1568,64,32681.55078125,0.010162605135507732,mean_spl,0.13553131645912325
store_cat,3,SetTransformer_Q,SetTransformer,CA_2__HOUSEHOLD,1568,65,97190.0234375,0.03022206130661088,mean_spl,0.14790951672044028
store_cat,3,SetTransformer_Q,SetTransformer,CA_3__FOODS,1568,66,286386.625,0.08905434767910389,mean_spl,0.16189847205632985
store_cat,3,SetTransformer_Q,SetTransformer,CA_3__HOBBIES,1568,67,66306.0390625,0.020618424676418178,mean_spl,0.18400511939164757
store_cat,3,SetTransformer_Q,SetTransformer,CA_3__HOUSEHOLD,1568,68,190131.015625,0.059122850342783584,mean_spl,0.21602630198892092
store_cat,3,SetTransformer_Q,SetTransformer,CA_4__FOODS,1568,69,122596.9609375,0.038122563802445886,mean_spl,0.14487797037275407
store_cat,3,SetTransformer_Q,SetTransformer,CA_4__HOBBIES,1568,70,38498.52734375,0.011971443286514517,mean_spl,0.22970391919575173
store_cat,3,SetTransformer_Q,SetTransformer,CA_4__HOUSEHOLD,1568,71,57504.91796875,0.017881641497913568,mean_spl,0.2367587527446651
store_cat,3,SetTransformer_Q,SetTransformer,TX_1__FOODS,1568,72,143759.71875,0.04470330266231075,mean_spl,0.11229239969661624
store_cat,3,SetTransformer_Q,SetTransformer,TX_1__HOBBIES,1568,73,36857.09765625,0.011461026816885643,mean_spl,0.20443962597165358
store_cat,3,SetTransformer_Q,SetTransformer,TX_1__HOUSEHOLD,1568,74,94760.015625,0.029466429787166445,mean_spl,0.18887415917306852
store_cat,3,SetTransformer_Q,SetTransformer,TX_2__FOODS,1568,75,175913.21875,0.05470170593306429,mean_spl,0.07937381522243897
store_cat,3,SetTransformer_Q,SetTransformer,TX_2__HOBBIES,1568,76,55974.640625,0.01740578879139919,mean_spl,0.15461003035941057
store_cat,3,SetTransformer_Q,SetTransformer,TX_2__HOUSEHOLD,1568,77,102344.765625,0.031824972067411146,mean_spl,0.10503788224980765
store_cat,3,SetTransformer_Q,SetTransformer,TX_3__FOODS,1568,78,185515.796875,0.05768770896640953,mean_spl,0.10664418688425417
store_cat,3,SetTransformer_Q,SetTransformer,TX_3__HOBBIES,1568,79,71178.390625,0.02213352367959858,mean_spl,0.20889995352287632
store_cat,3,SetTransformer_Q,SetTransformer,TX_3__HOUSEHOLD,1568,80,104345.796875,0.03244720968990574,mean_spl,0.16846213866721993
store_cat,3,SetTransformer_Q,SetTransformer,WI_1__FOODS,1568,81,171597.125,0.05335958001001147,mean_spl,0.202033103427437
store_cat,3,SetTransformer_Q,SetTransformer,WI_1__HOBBIES,1568,82,42377.875,0.013177759311041865,mean_spl,0.10915197421315675
store_cat,3,SetTransformer_Q,SetTransformer,WI_1__HOUSEHOLD,1568,83,74826.484375,0.02326792934249735,mean_spl,0.12210195852694691
store_cat,3,SetTransformer_Q,SetTransformer,WI_2__FOODS,1568,84,210272.09375,0.06538588924683765,mean_spl,0.13549750939859903
store_cat,3,SetTransformer_Q,SetTransformer,WI_2__HOBBIES,1568,85,24916.8984375,0.007748120697110228,mean_spl,0.15453882572471853
store_cat,3,SetTransformer_Q,SetTransformer,WI_2__HOUSEHOLD,1568,86,85993.5546875,0.02674042447793314,mean_spl,0.25019970265652963
store_cat,3,SetTransformer_Q,SetTransformer,WI_3__FOODS,1568,87,152977.359375,0.04756960611834604,mean_spl,0.08077380471551127
store_cat,3,SetTransformer_Q,SetTransformer,WI_3__HOBBIES,1568,88,25281.419921875,0.007861471741370881,mean_spl,0.1631349231749398
store_cat,3,SetTransformer_Q,SetTransformer,WI_3__HOUSEHOLD,1568,89,71430.6328125,0.022211960525121525,mean_spl,0.13640168975497893
store_cat,3,SetTransformer_Q,SetTransformer,CA_1__FOODS,1596,90,218156.640625,0.06756247139642138,mean_spl,0.15011835184183028
store_cat,3,SetTransformer_Q,SetTransformer,CA_1__HOBBIES,1596,91,62647.34375,0.019401698513715152,mean_spl,0.1614668314867843
store_cat,3,SetTransformer_Q,SetTransformer,CA_1__HOUSEHOLD,1596,92,111508.96875,0.03453400038629386,mean_spl,0.16128451399298008
store_cat,3,SetTransformer_Q,SetTransformer,CA_2__FOODS,1596,93,124184.8984375,0.03845969861157458,mean_spl,0.3891245381464709
store_cat,3,SetTransformer_Q,SetTransformer,CA_2__HOBBIES,1596,94,35712.88671875,0.01106017621332348,mean_spl,0.1701575715997962
store_cat,3,SetTransformer_Q,SetTransformer,CA_2__HOUSEHOLD,1596,95,107060.6328125,0.03315636380059106,mean_spl,0.13745944156175538
store_cat,3,SetTransformer_Q,SetTransformer,CA_3__FOODS,1596,96,285717.21875,0.08848578417763645,mean_spl,0.22236919586246293
store_cat,3,SetTransformer_Q,SetTransformer,CA_3__HOBBIES,1596,97,68288.1953125,0.021148653688909533,mean_spl,0.24899590658127396
store_cat,3,SetTransformer_Q,SetTransformer,CA_3__HOUSEHOLD,1596,98,198473.0625,0.06146652501477757,mean_spl,0.17946832495314674
store_cat,3,SetTransformer_Q,SetTransformer,CA_4__FOODS,1596,99,116616.671875,0.036115841054978406,mean_spl,0.16414689594585574
store_cat,3,SetTransformer_Q,SetTransformer,CA_4__HOBBIES,1596,100,39243.08203125,0.012153467341850466,mean_spl,0.20791777203220882
store_cat,3,SetTransformer_Q,SetTransformer,CA_4__HOUSEHOLD,1596,101,58249.5703125,0.018039720985881025,mean_spl,0.28553208863844937
store_cat,3,SetTransformer_Q,SetTransformer,TX_1__FOODS,1596,102,144254.125,0.04467507918258353,mean_spl,0.19598300595865215
store_cat,3,SetTransformer_Q,SetTransformer,TX_1__HOBBIES,1596,103,38381.20703125,0.011886547183619364,mean_spl,0.1839653358788381
store_cat,3,SetTransformer_Q,SetTransformer,TX_1__HOUSEHOLD,1596,104,100307.125,0.031064822249986294,mean_spl,0.17639524777815924
store_cat,3,SetTransformer_Q,SetTransformer,TX_2__FOODS,1596,105,172290.359375,0.05335781869304533,mean_spl,0.20789603533691603
store_cat,3,SetTransformer_Q,SetTransformer,TX_2__HOBBIES,1596,106,56974.41796875,0.017644810047099287,mean_spl,0.2165935837801979
store_cat,3,SetTransformer_Q,SetTransformer,TX_2__HOUSEHOLD,1596,107,102815.34375,0.03184161023621193,mean_spl,0.19673900140871564
store_cat,3,SetTransformer_Q,SetTransformer,TX_3__FOODS,1596,108,173334.609375,0.05368121985357653,mean_spl,0.2519924133013751
store_cat,3,SetTransformer_Q,SetTransformer,TX_3__HOBBIES,1596,109,69821.453125,0.02162349913392369,mean_spl,0.2814745642914382
store_cat,3,SetTransformer_Q,SetTransformer,TX_3__HOUSEHOLD,1596,110,105690.0703125,0.03273190461641051,mean_spl,0.28707828324771323
store_cat,3,SetTransformer_Q,SetTransformer,WI_1__FOODS,1596,111,172074.03125,0.05329082250757199,mean_spl,0.17086551474874268
store_cat,3,SetTransformer_Q,SetTransformer,WI_1__HOBBIES,1596,112,42553.390625,0.013178660198862826,mean_spl,0.15918964396206128
store_cat,3,SetTransformer_Q,SetTransformer,WI_1__HOUSEHOLD,1596,113,77409.6953125,0.023973555470844267,mean_spl,0.16284056722906934
store_cat,3,SetTransformer_Q,SetTransformer,WI_2__FOODS,1596,114,192405.90625,0.05958754452890338,mean_spl,0.2024325122315186
store_cat,3,SetTransformer_Q,SetTransformer,WI_2__HOBBIES,1596,115,27172.5703125,0.008415265284824653,mean_spl,0.17094730183484355
store_cat,3,SetTransformer_Q,SetTransformer,WI_2__HOUSEHOLD,1596,116,88800.015625,0.027501104245452462,mean_spl,0.35046248735656993
store_cat,3,SetTransformer_Q,SetTransformer,WI_3__FOODS,1596,117,138527.015625,0.04290141021599113,mean_spl,0.12467251518102837
store_cat,3,SetTransformer_Q,SetTransformer,WI_3__HOBBIES,1596,118,25475.140625,0.007889576291903788,mean_spl,0.19356246084991877
store_cat,3,SetTransformer_Q,SetTransformer,WI_3__HOUSEHOLD,1596,119,74816.171875,0.023170348873236064,mean_spl,0.1518491867514197
store_cat,4,SetTransformer,SetTransformer,CA_1__FOODS,1568,0,227606.21875,0.07077608229256054,rmsse,0.4558857213038132
store_cat,4,SetTransformer,SetTransformer,CA_1__HOBBIES,1568,1,61449.91015625,0.019108370245657893,rmsse,0.5826530087364765
store_cat,4,SetTransformer,SetTransformer,CA_1__HOUSEHOLD,1568,2,110681.0859375,0.03441722150459681,rmsse,0.5415403281702483
store_cat,4,SetTransformer,SetTransformer,CA_2__FOODS,1568,3,94507.7265625,0.029387978365465067,rmsse,1.3705596448367052
store_cat,4,SetTransformer,SetTransformer,CA_2__HOBBIES,1568,4,32681.55078125,0.010162605135507732,rmsse,0.5475760311158199
store_cat,4,SetTransformer,SetTransformer,CA_2__HOUSEHOLD,1568,5,97190.0234375,0.03022206130661088,rmsse,0.47864188370258315
store_cat,4,SetTransformer,SetTransformer,CA_3__FOODS,1568,6,286386.625,0.08905434767910389,rmsse,0.709070626951986
store_cat,4,SetTransformer,SetTransformer,CA_3__HOBBIES,1568,7,66306.0390625,0.020618424676418178,rmsse,0.8178559562215266
store_cat,4,SetTransformer,SetTransformer,CA_3__HOUSEHOLD,1568,8,190131.015625,0.059122850342783584,rmsse,0.8057369645286584
store_cat,4,SetTransformer,SetTransformer,CA_4__FOODS,1568,9,122596.9609375,0.038122563802445886,rmsse,0.535002241841994
store_cat,4,SetTransformer,SetTransformer,CA_4__HOBBIES,1568,10,38498.52734375,0.011971443286514517,rmsse,0.9274351360398675
store_cat,4,SetTransformer,SetTransformer,CA_4__HOUSEHOLD,1568,11,57504.91796875,0.017881641497913568,rmsse,1.0312318398438645
store_cat,4,SetTransformer,SetTransformer,TX_1__FOODS,1568,12,143759.71875,0.04470330266231075,rmsse,0.49370297755675496
store_cat,4,SetTransformer,SetTransformer,TX_1__HOBBIES,1568,13,36857.09765625,0.011461026816885643,rmsse,0.8512086314157727
store_cat,4,SetTransformer,SetTransformer,TX_1__HOUSEHOLD,1568,14,94760.015625,0.029466429787166445,rmsse,0.7003164841325937
store_cat,4,SetTransformer,SetTransformer,TX_2__FOODS,1568,15,175913.21875,0.05470170593306429,rmsse,0.3006994337722914
store_cat,4,SetTransformer,SetTransformer,TX_2__HOBBIES,1568,16,55974.640625,0.01740578879139919,rmsse,0.6216711884145553
store_cat,4,SetTransformer,SetTransformer,TX_2__HOUSEHOLD,1568,17,102344.765625,0.031824972067411146,rmsse,0.3271048608758588
store_cat,4,SetTransformer,SetTransformer,TX_3__FOODS,1568,18,185515.796875,0.05768770896640953,rmsse,0.45848925990942807
store_cat,4,SetTransformer,SetTransformer,TX_3__HOBBIES,1568,19,71178.390625,0.02213352367959858,rmsse,0.84029969764753
store_cat,4,SetTransformer,SetTransformer,TX_3__HOUSEHOLD,1568,20,104345.796875,0.03244720968990574,rmsse,0.5450967275609909
store_cat,4,SetTransformer,SetTransformer,WI_1__FOODS,1568,21,171597.125,0.05335958001001147,rmsse,0.4869317783638668
store_cat,4,SetTransformer,SetTransformer,WI_1__HOBBIES,1568,22,42377.875,0.013177759311041865,rmsse,0.39899973612556755
store_cat,4,SetTransformer,SetTransformer,WI_1__HOUSEHOLD,1568,23,74826.484375,0.02326792934249735,rmsse,0.42293691318907883
store_cat,4,SetTransformer,SetTransformer,WI_2__FOODS,1568,24,210272.09375,0.06538588924683765,rmsse,0.48587695870562947
store_cat,4,SetTransformer,SetTransformer,WI_2__HOBBIES,1568,25,24916.8984375,0.007748120697110228,rmsse,0.5664901123998769
store_cat,4,SetTransformer,SetTransformer,WI_2__HOUSEHOLD,1568,26,85993.5546875,0.02674042447793314,rmsse,0.9538653118081009
store_cat,4,SetTransformer,SetTransformer,WI_3__FOODS,1568,27,152977.359375,0.04756960611834604,rmsse,0.38576553854004986
store_cat,4,SetTransformer,SetTransformer,WI_3__HOBBIES,1568,28,25281.419921875,0.007861471741370881,rmsse,0.6515334214642846
store_cat,4,SetTransformer,SetTransformer,WI_3__HOUSEHOLD,1568,29,71430.6328125,0.022211960525121525,rmsse,0.519862522549938
store_cat,4,SetTransformer,SetTransformer,CA_1__FOODS,1596,30,218156.640625,0.06756247139642138,rmsse,0.4726592246523767
store_cat,4,SetTransformer,SetTransformer,CA_1__HOBBIES,1596,31,62647.34375,0.019401698513715152,rmsse,0.632935305720479
store_cat,4,SetTransformer,SetTransformer,CA_1__HOUSEHOLD,1596,32,111508.96875,0.03453400038629386,rmsse,0.6722986100107863
store_cat,4,SetTransformer,SetTransformer,CA_2__FOODS,1596,33,124184.8984375,0.03845969861157458,rmsse,1.205835273687317
store_cat,4,SetTransformer,SetTransformer,CA_2__HOBBIES,1596,34,35712.88671875,0.01106017621332348,rmsse,0.6302032439720996
store_cat,4,SetTransformer,SetTransformer,CA_2__HOUSEHOLD,1596,35,107060.6328125,0.03315636380059106,rmsse,0.5556550596445927
store_cat,4,SetTransformer,SetTransformer,CA_3__FOODS,1596,36,285717.21875,0.08848578417763645,rmsse,0.7171254502858261
store_cat,4,SetTransformer,SetTransformer,CA_3__HOBBIES,1596,37,68288.1953125,0.021148653688909533,rmsse,0.9349384240828015
store_cat,4,SetTransformer,SetTransformer,CA_3__HOUSEHOLD,1596,38,198473.0625,0.06146652501477757,rmsse,0.6924908843995603
store_cat,4,SetTransformer,SetTransformer,CA_4__FOODS,1596,39,116616.671875,0.036115841054978406,rmsse,0.67118323145475
store_cat,4,SetTransformer,SetTransformer,CA_4__HOBBIES,1596,40,39243.08203125,0.012153467341850466,rmsse,0.8573599120521295
store_cat,4,SetTransformer,SetTransformer,CA_4__HOUSEHOLD,1596,41,58249.5703125,0.018039720985881025,rmsse,1.0870116651478532
store_cat,4,SetTransformer,SetTransformer,TX_1__FOODS,1596,42,144254.125,0.04467507918258353,rmsse,0.9025241631064005
store_cat,4,SetTransformer,SetTransformer,TX_1__HOBBIES,1596,43,38381.20703125,0.011886547183619364,rmsse,0.8190606279796864
store_cat,4,SetTransformer,SetTransformer,TX_1__HOUSEHOLD,1596,44,100307.125,0.031064822249986294,rmsse,0.6839464395438907
store_cat,4,SetTransformer,SetTransformer,TX_2__FOODS,1596,45,172290.359375,0.05335781869304533,rmsse,0.9398133646368771
store_cat,4,SetTransformer,SetTransformer,TX_2__HOBBIES,1596,46,56974.41796875,0.017644810047099287,rmsse,0.8713405417562468
store_cat,4,SetTransformer,SetTransformer,TX_2__HOUSEHOLD,1596,47,102815.34375,0.03184161023621193,rmsse,0.6245652141916941
store_cat,4,SetTransformer,SetTransformer,TX_3__FOODS,1596,48,173334.609375,0.05368121985357653,rmsse,1.2142307606160274
store_cat,4,SetTransformer,SetTransformer,TX_3__HOBBIES,1596,49,69821.453125,0.02162349913392369,rmsse,1.1374702536004817
store_cat,4,SetTransformer,SetTransformer,TX_3__HOUSEHOLD,1596,50,105690.0703125,0.03273190461641051,rmsse,0.7779024806811747
store_cat,4,SetTransformer,SetTransformer,WI_1__FOODS,1596,51,172074.03125,0.05329082250757199,rmsse,0.6347734786356788
store_cat,4,SetTransformer,SetTransformer,WI_1__HOBBIES,1596,52,42553.390625,0.013178660198862826,rmsse,0.6449877168992265
store_cat,4,SetTransformer,SetTransformer,WI_1__HOUSEHOLD,1596,53,77409.6953125,0.023973555470844267,rmsse,0.6589690214672801
store_cat,4,SetTransformer,SetTransformer,WI_2__FOODS,1596,54,192405.90625,0.05958754452890338,rmsse,0.5989311876398163
store_cat,4,SetTransformer,SetTransformer,WI_2__HOBBIES,1596,55,27172.5703125,0.008415265284824653,rmsse,0.7717436809870836
store_cat,4,SetTransformer,SetTransformer,WI_2__HOUSEHOLD,1596,56,88800.015625,0.027501104245452462,rmsse,1.1085018014734587
store_cat,4,SetTransformer,SetTransformer,WI_3__FOODS,1596,57,138527.015625,0.04290141021599113,rmsse,0.5137992185917786
store_cat,4,SetTransformer,SetTransformer,WI_3__HOBBIES,1596,58,25475.140625,0.007889576291903788,rmsse,0.8836447811584782
store_cat,4,SetTransformer,SetTransformer,WI_3__HOUSEHOLD,1596,59,74816.171875,0.023170348873236064,rmsse,0.631219801543159
store_cat,4,SetTransformer,SetTransformer,CA_1__FOODS,1624,60,220013.046875,0.06784256696116275,rmsse,0.2887684393136961
store_cat,4,SetTransformer,SetTransformer,CA_1__HOBBIES,1624,61,62929.06640625,0.019404619235581292,rmsse,0.6133369004341287
store_cat,4,SetTransformer,SetTransformer,CA_1__HOUSEHOLD,1624,62,115288.7890625,0.03555010715472609,rmsse,0.6678447307931803
store_cat,4,SetTransformer,SetTransformer,CA_2__FOODS,1624,63,159095.96875,0.04905835843137624,rmsse,1.1398283522096855
store_cat,4,SetTransformer,SetTransformer,CA_2__HOBBIES,1624,64,40058.953125,0.012352459312655899,rmsse,0.5059052796100095
store_cat,4,SetTransformer,SetTransformer,CA_2__HOUSEHOLD,1624,65,114994.9296875,0.03545949355426571,rmsse,0.6586399455493055
store_cat,4,SetTransformer,SetTransformer,CA_3__FOODS,1624,66,289613.4375,0.08930433583608938,rmsse,0.33396356299442465
store_cat,4,SetTransformer,SetTransformer,CA_3__HOBBIES,1624,67,66763.3359375,0.020586943152802278,rmsse,0.8022824040305779
store_cat,4,SetTransformer,SetTransformer,CA_3__HOUSEHOLD,1624,68,197297.125,0.06083795304040375,rmsse,0.9631993546129612
store_cat,4,SetTransformer,SetTransformer,CA_4__FOODS,1624,69,115117.984375,0.03549743833070138,rmsse,0.5090009102037591
store_cat,4,SetTransformer,SetTransformer,CA_4__HOBBIES,1624,70,38451.5390625,0.011856801906341136,rmsse,1.02377856713654
store_cat,4,SetTransformer,SetTransformer,CA_4__HOUSEHOLD,1624,71,58972.1171875,0.01818446617580622,rmsse,0.752645905751259
store_cat,4,SetTransformer,SetTransformer,TX_1__FOODS,1624,72,142577.84375,0.043964878670505324,rmsse,0.5286891130713093
store_cat,4,SetTransformer,SetTransformer,TX_1__HOBBIES,1624,73,35482.73828125,0.010941351351671362,rmsse,0.6088836302168276
store_cat,4,SetTransformer,SetTransformer,TX_1__HOUSEHOLD,1624,74,96711.265625,0.029821597433676558,rmsse,0.4712706329596001
store_cat,4,SetTransformer,SetTransformer,TX_2__FOODS,1624,75,170484.6875,0.052570149779085265,rmsse,0.5420540164809311
store_cat,4,SetTransformer,SetTransformer,TX_2__HOBBIES,1624,76,53368.81640625,0.0164566490583447,rmsse,0.5222351329215221
store_cat,4,SetTransformer,SetTransformer,TX_2__HOUSEHOLD,1624,77,100137.1875,0.03087800448548404,rmsse,0.5035637486599767
store_cat,4,SetTransformer,SetTransformer,TX_3__FOODS,1624,78,168899.796875,0.05208143763278345,rmsse,0.5715583615094597
store_cat,4,SetTransformer,SetTransformer,TX_3__HOBBIES,1624,79,61914.1875,0.01909167420285396,rmsse,0.5983745144298867
store_cat,4,SetTransformer,SetTransformer,TX_3__HOUSEHOLD,1624,80,101344.3671875,0.031250246813594264,rmsse,0.6667668931848595
store_cat,4,SetTransformer,SetTransformer,WI_1__FOODS,1624,81,164837.171875,0.05082869870427261,rmsse,0.6586512249350459
store_cat,4,SetTransformer,SetTransformer,WI_1__HOBBIES,1624,82,42539.6328125,0.013117394302643252,rmsse,0.5156752698558126
store_cat,4,SetTransformer,SetTransformer,WI_1__HOUSEHOLD,1624,83,77645.03125,0.02394239026548502,rmsse,0.527150103581953
store_cat,4,SetTransformer,SetTransformer,WI_2__FOODS,1624,84,189465.140625,0.05842290569686326,rmsse,0.3591706690042102
store_cat,4,SetTransformer,SetTransformer,WI_2__HOBBIES,1624,85,27261.52734375,0.008406283266158821,rmsse,0.5993041501003985
store_cat,4,SetTransformer,SetTransformer,WI_2__HOUSEHOLD,1624,86,87001.796875,0.026827614607724242,rmsse,1.2222588925041973
store_cat,4,SetTransformer,SetTransformer,WI_3__FOODS,1624,87,145719.78125,0.04493371714740094,rmsse,0.3332658102619279
store_cat,4,SetTransformer,SetTransformer,WI_3__HOBBIES,1624,88,25590.76953125,0.007891093370012273,rmsse,0.6244122135796211
store_cat,4,SetTransformer,SetTransformer,WI_3__HOUSEHOLD,1624,89,73416.1015625,0.022638370119528538,rmsse,0.5907425263068021
store_cat,4,SetTransformer,SetTransformer,CA_1__FOODS,1652,90,216018.53125,0.06442420129688553,rmsse,0.36268150906864
store_cat,4,SetTransformer,SetTransformer,CA_1__HOBBIES,1652,91,65447.4609375,0.019518697647878544,rmsse,0.6095473924625456
store_cat,4,SetTransformer,SetTransformer,CA_1__HOUSEHOLD,1652,92,119797.71875,0.035727825307384026,rmsse,0.5861072451470472
store_cat,4,SetTransformer,SetTransformer,CA_2__FOODS,1652,93,174231.328125,0.05196181128719119,rmsse,0.9687516954085691
store_cat,4,SetTransformer,SetTransformer,CA_2__HOBBIES,1652,94,41661.87109375,0.012425011660885674,rmsse,0.6851954490277353
store_cat,4,SetTransformer,SetTransformer,CA_2__HOUSEHOLD,1652,95,125333.90625,0.0373789079985469,rmsse,0.525005015487527
store_cat,4,SetTransformer,SetTransformer,CA_3__FOODS,1652,96,290598.75,0.08666660336171188,rmsse,0.4281824869436718
store_cat,4,SetTransformer,SetTransformer,CA_3__HOBBIES,1652,97,67250.15625,0.020056323771977337,rmsse,0.6730893751017684
store_cat,4,SetTransformer,SetTransformer,CA_3__HOUSEHOLD,1652,98,209033.9375,0.062341153740163614,rmsse,1.0104043985613602
store_cat,4,SetTransformer,SetTransformer,CA_4__FOODS,1652,99,117701.203125,0.0351025717985045,rmsse,0.6301714892875493
store_cat,4,SetTransformer,SetTransformer,CA_4__HOBBIES,1652,100,38269.8515625,0.011413394056508423,rmsse,0.7513635744077503
store_cat,4,SetTransformer,SetTransformer,CA_4__HOUSEHOLD,1652,101,59733.83984375,0.01781469811900534,rmsse,0.7699447486848615
store_cat,4,SetTransformer,SetTransformer,TX_1__FOODS,1652,102,151482.15625,0.04517722100351641,rmsse,0.6667786169612043
store_cat,4,SetTransformer,SetTransformer,TX_1__HOBBIES,1652,103,34373.328125,0.010251315929030495,rmsse,0.8066016829466477
store_cat,4,SetTransformer,SetTransformer,TX_1__HOUSEHOLD,1652,104,99281.828125,0.029609276774710924,rmsse,0.4958794073755859
store_cat,4,SetTransformer,SetTransformer,TX_2__FOODS,1652,105,180129.203125,0.053720761706977774,rmsse,0.412468773017753
store_cat,4,SetTransformer,SetTransformer,TX_2__HOBBIES,1652,106,53874.60546875,0.016067271670744867,rmsse,0.5723351739929949
store_cat,4,SetTransformer,SetTransformer,TX_2__HOUSEHOLD,1652,107,108551.953125,0.03237394884053533,rmsse,0.46896842733480426
store_cat,4,SetTransformer,SetTransformer,TX_3__FOODS,1652,108,179456.3125,0.05352008243735707,rmsse,0.4444957826868771
store_cat,4,SetTransformer,SetTransformer,TX_3__HOBBIES,1652,109,59746.28125,0.017818408576881467,rmsse,0.7866513730347139
store_cat,4,SetTransformer,SetTransformer,TX_3__HOUSEHOLD,1652,110,104524.96875,0.03117296274692021,rmsse,0.7371747876755657
store_cat,4,SetTransformer,SetTransformer,WI_1__FOODS,1652,111,168893.375,0.05036984894651428,rmsse,0.7316454397662252
store_cat,4,SetTransformer,SetTransformer,WI_1__HOBBIES,1652,112,42655.81640625,0.012721440548352225,rmsse,0.5028936206256129
store_cat,4,SetTransformer,SetTransformer,WI_1__HOUSEHOLD,1652,113,79013.1484375,0.023564455098285444,rmsse,0.6051160339718448
store_cat,4,SetTransformer,SetTransformer,WI_2__FOODS,1652,114,197144.109375,0.05879519554816072,rmsse,0.4618892551664996
store_cat,4,SetTransformer,SetTransformer,WI_2__HOBBIES,1652,115,26210.8203125,0.007816973637390177,rmsse,0.7531206224597102
store_cat,4,SetTransformer,SetTransformer,WI_2__HOUSEHOLD,1652,116,94435.328125,0.02816388276254626,rmsse,1.2195703927690922
store_cat,4,SetTransformer,SetTransformer,WI_3__FOODS,1652,117,149557.390625,0.04460318928801133,rmsse,0.3104514446457212
store_cat,4,SetTransformer,SetTransformer,WI_3__HOBBIES,1652,118,23851.12890625,0.007113232003396538,rmsse,0.7095691628731963
store_cat,4,SetTransformer,SetTransformer,WI_3__HOUSEHOLD,1652,119,74804.640625,0.02230933243402552,rmsse,0.8303324360786734
store_cat,4,SetTransformer_Q,SetTransformer,CA_1__FOODS,1568,0,227606.21875,0.07077608229256054,mean_spl,0.09952867411673606
store_cat,4,SetTransformer_Q,SetTransformer,CA_1__HOBBIES,1568,1,61449.91015625,0.019108370245657893,mean_spl,0.1426504635212272
store_cat,4,SetTransformer_Q,SetTransformer,CA_1__HOUSEHOLD,1568,2,110681.0859375,0.03441722150459681,mean_spl,0.12453233567063024
store_cat,4,SetTransformer_Q,SetTransformer,CA_2__FOODS,1568,3,94507.7265625,0.029387978365465067,mean_spl,0.392532612433414
store_cat,4,SetTransformer_Q,SetTransformer,CA_2__HOBBIES,1568,4,32681.55078125,0.010162605135507732,mean_spl,0.1306311417164307
store_cat,4,SetTransformer_Q,SetTransformer,CA_2__HOUSEHOLD,1568,5,97190.0234375,0.03022206130661088,mean_spl,0.13756968778834566
store_cat,4,SetTransformer_Q,SetTransformer,CA_3__FOODS,1568,6,286386.625,0.08905434767910389,mean_spl,0.17061559110220587
store_cat,4,SetTransformer_Q,SetTransformer,CA_3__HOBBIES,1568,7,66306.0390625,0.020618424676418178,mean_spl,0.18912014443864653
store_cat,4,SetTransformer_Q,SetTransformer,CA_3__HOUSEHOLD,1568,8,190131.015625,0.059122850342783584,mean_spl,0.238200448838761
store_cat,4,SetTransformer_Q,SetTransformer,CA_4__FOODS,1568,9,122596.9609375,0.038122563802445886,mean_spl,0.15484482125731452
store_cat,4,SetTransformer_Q,SetTransformer,CA_4__HOBBIES,1568,10,38498.52734375,0.011971443286514517,mean_spl,0.23734283127336198
store_cat,4,SetTransformer_Q,SetTransformer,CA_4__HOUSEHOLD,1568,11,57504.91796875,0.017881641497913568,mean_spl,0.2947210349231195
store_cat,4,SetTransformer_Q,SetTransformer,TX_1__FOODS,1568,12,143759.71875,0.04470330266231075,mean_spl,0.10882907393531029
store_cat,4,SetTransformer_Q,SetTransformer,TX_1__HOBBIES,1568,13,36857.09765625,0.011461026816885643,mean_spl,0.20626290557057494
store_cat,4,SetTransformer_Q,SetTransformer,TX_1__HOUSEHOLD,1568,14,94760.015625,0.029466429787166445,mean_spl,0.1763770010182914
store_cat,4,SetTransformer_Q,SetTransformer,TX_2__FOODS,1568,15,175913.21875,0.05470170593306429,mean_spl,0.08254872160643474
store_cat,4,SetTransformer_Q,SetTransformer,TX_2__HOBBIES,1568,16,55974.640625,0.01740578879139919,mean_spl,0.14632781065186612
store_cat,4,SetTransformer_Q,SetTransformer,TX_2__HOUSEHOLD,1568,17,102344.765625,0.031824972067411146,mean_spl,0.09623267685224828
store_cat,4,SetTransformer_Q,SetTransformer,TX_3__FOODS,1568,18,185515.796875,0.05768770896640953,mean_spl,0.131496966826846
store_cat,4,SetTransformer_Q,SetTransformer,TX_3__HOBBIES,1568,19,71178.390625,0.02213352367959858,mean_spl,0.19466733327041014
store_cat,4,SetTransformer_Q,SetTransformer,TX_3__HOUSEHOLD,1568,20,104345.796875,0.03244720968990574,mean_spl,0.16772346855556194
store_cat,4,SetTransformer_Q,SetTransformer,WI_1__FOODS,1568,21,171597.125,0.05335958001001147,mean_spl,0.17416918549830565
store_cat,4,SetTransformer_Q,SetTransformer,WI_1__HOBBIES,1568,22,42377.875,0.013177759311041865,mean_spl,0.11412559099086936
store_cat,4,SetTransformer_Q,SetTransformer,WI_1__HOUSEHOLD,1568,23,74826.484375,0.02326792934249735,mean_spl,0.13616674824217248
store_cat,4,SetTransformer_Q,SetTransformer,WI_2__FOODS,1568,24,210272.09375,0.06538588924683765,mean_spl,0.17666590383711414
store_cat,4,SetTransformer_Q,SetTransformer,WI_2__HOBBIES,1568,25,24916.8984375,0.007748120697110228,mean_spl,0.15180994566283665
store_cat,4,SetTransformer_Q,SetTransformer,WI_2__HOUSEHOLD,1568,26,85993.5546875,0.02674042447793314,mean_spl,0.24868935846672743
store_cat,4,SetTransformer_Q,SetTransformer,WI_3__FOODS,1568,27,152977.359375,0.04756960611834604,mean_spl,0.1068672264185936
store_cat,4,SetTransformer_Q,SetTransformer,WI_3__HOBBIES,1568,28,25281.419921875,0.007861471741370881,mean_spl,0.15839059001382777
store_cat,4,SetTransformer_Q,SetTransformer,WI_3__HOUSEHOLD,1568,29,71430.6328125,0.022211960525121525,mean_spl,0.13408049006822936
store_cat,4,SetTransformer_Q,SetTransformer,CA_1__FOODS,1596,30,218156.640625,0.06756247139642138,mean_spl,0.12323320789261606
store_cat,4,SetTransformer_Q,SetTransformer,CA_1__HOBBIES,1596,31,62647.34375,0.019401698513715152,mean_spl,0.15255704425943292
store_cat,4,SetTransformer_Q,SetTransformer,CA_1__HOUSEHOLD,1596,32,111508.96875,0.03453400038629386,mean_spl,0.15759708013811236
store_cat,4,SetTransformer_Q,SetTransformer,CA_2__FOODS,1596,33,124184.8984375,0.03845969861157458,mean_spl,0.38877692501071387
store_cat,4,SetTransformer_Q,SetTransformer,CA_2__HOBBIES,1596,34,35712.88671875,0.01106017621332348,mean_spl,0.17087063146483594
store_cat,4,SetTransformer_Q,SetTransformer,CA_2__HOUSEHOLD,1596,35,107060.6328125,0.03315636380059106,mean_spl,0.12521302883409702
store_cat,4,SetTransformer_Q,SetTransformer,CA_3__FOODS,1596,36,285717.21875,0.08848578417763645,mean_spl,0.16558699289225343
store_cat,4,SetTransformer_Q,SetTransformer,CA_3__HOBBIES,1596,37,68288.1953125,0.021148653688909533,mean_spl,0.24325313368334886
store_cat,4,SetTransformer_Q,SetTransformer,CA_3__HOUSEHOLD,1596,38,198473.0625,0.06146652501477757,mean_spl,0.17130516770734217
store_cat,4,SetTransformer_Q,SetTransformer,CA_4__FOODS,1596,39,116616.671875,0.036115841054978406,mean_spl,0.15586600755448346
store_cat,4,SetTransformer_Q,SetTransformer,CA_4__HOBBIES,1596,40,39243.08203125,0.012153467341850466,mean_spl,0.22045141493748624
store_cat,4,SetTransformer_Q,SetTransformer,CA_4__HOUSEHOLD,1596,41,58249.5703125,0.018039720985881025,mean_spl,0.2868433430705806
store_cat,4,SetTransformer_Q,SetTransformer,TX_1__FOODS,1596,42,144254.125,0.04467507918258353,mean_spl,0.1757260952055787
store_cat,4,SetTransformer_Q,SetTransformer,TX_1__HOBBIES,1596,43,38381.20703125,0.011886547183619364,mean_spl,0.1963428633461235
store_cat,4,SetTransformer_Q,SetTransformer,TX_1__HOUSEHOLD,1596,44,100307.125,0.031064822249986294,mean_spl,0.15478407006248399
store_cat,4,SetTransformer_Q,SetTransformer,TX_2__FOODS,1596,45,172290.359375,0.05335781869304533,mean_spl,0.19764033990690294
store_cat,4,SetTransformer_Q,SetTransformer,TX_2__HOBBIES,1596,46,56974.41796875,0.017644810047099287,mean_spl,0.21363141508508482
store_cat,4,SetTransformer_Q,SetTransformer,TX_2__HOUSEHOLD,1596,47,102815.34375,0.03184161023621193,mean_spl,0.16899604451332126
store_cat,4,SetTransformer_Q,SetTransformer,TX_3__FOODS,1596,48,173334.609375,0.05368121985357653,mean_spl,0.24300748895134847
store_cat,4,SetTransformer_Q,SetTransformer,TX_3__HOBBIES,1596,49,69821.453125,0.02162349913392369,mean_spl,0.25979693956665323
store_cat,4,SetTransformer_Q,SetTransformer,TX_3__HOUSEHOLD,1596,50,105690.0703125,0.03273190461641051,mean_spl,0.2276517695878088
store_cat,4,SetTransformer_Q,SetTransformer,WI_1__FOODS,1596,51,172074.03125,0.05329082250757199,mean_spl,0.16797246830109694
store_cat,4,SetTransformer_Q,SetTransformer,WI_1__HOBBIES,1596,52,42553.390625,0.013178660198862826,mean_spl,0.15753195043623575
store_cat,4,SetTransformer_Q,SetTransformer,WI_1__HOUSEHOLD,1596,53,77409.6953125,0.023973555470844267,mean_spl,0.16580608531523644
store_cat,4,SetTransformer_Q,SetTransformer,WI_2__FOODS,1596,54,192405.90625,0.05958754452890338,mean_spl,0.2197575910643128
store_cat,4,SetTransformer_Q,SetTransformer,WI_2__HOBBIES,1596,55,27172.5703125,0.008415265284824653,mean_spl,0.18963177224792263
store_cat,4,SetTransformer_Q,SetTransformer,WI_2__HOUSEHOLD,1596,56,88800.015625,0.027501104245452462,mean_spl,0.3403100392538485
store_cat,4,SetTransformer_Q,SetTransformer,WI_3__FOODS,1596,57,138527.015625,0.04290141021599113,mean_spl,0.11416366066950512
store_cat,4,SetTransformer_Q,SetTransformer,WI_3__HOBBIES,1596,58,25475.140625,0.007889576291903788,mean_spl,0.20938705598973095
store_cat,4,SetTransformer_Q,SetTransformer,WI_3__HOUSEHOLD,1596,59,74816.171875,0.023170348873236064,mean_spl,0.15677631020852995
store_cat,4,SetTransformer_Q,SetTransformer,CA_1__FOODS,1624,60,220013.046875,0.06784256696116275,mean_spl,0.08357493763711882
store_cat,4,SetTransformer_Q,SetTransformer,CA_1__HOBBIES,1624,61,62929.06640625,0.019404619235581292,mean_spl,0.1459324456296671
store_cat,4,SetTransformer_Q,SetTransformer,CA_1__HOUSEHOLD,1624,62,115288.7890625,0.03555010715472609,mean_spl,0.14408035390520643
store_cat,4,SetTransformer_Q,SetTransformer,CA_2__FOODS,1624,63,159095.96875,0.04905835843137624,mean_spl,0.29274844018758656
store_cat,4,SetTransformer_Q,SetTransformer,CA_2__HOBBIES,1624,64,40058.953125,0.012352459312655899,mean_spl,0.13231115013590283
store_cat,4,SetTransformer_Q,SetTransformer,CA_2__HOUSEHOLD,1624,65,114994.9296875,0.03545949355426571,mean_spl,0.14908181999256487
store_cat,4,SetTransformer_Q,SetTransformer,CA_3__FOODS,1624,66,289613.4375,0.08930433583608938,mean_spl,0.1037023901674195
store_cat,4,SetTransformer_Q,SetTransformer,CA_3__HOBBIES,1624,67,66763.3359375,0.020586943152802278,mean_spl,0.1834403740706606
store_cat,4,SetTransformer_Q,SetTransformer,CA_3__HOUSEHOLD,1624,68,197297.125,0.06083795304040375,mean_spl,0.26670734727948237
store_cat,4,SetTransformer_Q,SetTransformer,CA_4__FOODS,1624,69,115117.984375,0.03549743833070138,mean_spl,0.13580915151427259
store_cat,4,SetTransformer_Q,SetTransformer,CA_4__HOBBIES,1624,70,38451.5390625,0.011856801906341136,mean_spl,0.2408656885237227
store_cat,4,SetTransformer_Q,SetTransformer,CA_4__HOUSEHOLD,1624,71,58972.1171875,0.01818446617580622,mean_spl,0.24049556843242584
store_cat,4,SetTransformer_Q,SetTransformer,TX_1__FOODS,1624,72,142577.84375,0.043964878670505324,mean_spl,0.1432482678833402
store_cat,4,SetTransformer_Q,SetTransformer,TX_1__HOBBIES,1624,73,35482.73828125,0.010941351351671362,mean_spl,0.1646755620930097
store_cat,4,SetTransformer_Q,SetTransformer,TX_1__HOUSEHOLD,1624,74,96711.265625,0.029821597433676558,mean_spl,0.13011484806050092
store_cat,4,SetTransformer_Q,SetTransformer,TX_2__FOODS,1624,75,170484.6875,0.052570149779085265,mean_spl,0.12645237122538788
store_cat,4,SetTransformer_Q,SetTransformer,TX_2__HOBBIES,1624,76,53368.81640625,0.0164566490583447,mean_spl,0.13446777130240048
store_cat,4,SetTransformer_Q,SetTransformer,TX_2__HOUSEHOLD,1624,77,100137.1875,0.03087800448548404,mean_spl,0.12049387104835832
store_cat,4,SetTransformer_Q,SetTransformer,TX_3__FOODS,1624,78,168899.796875,0.05208143763278345,mean_spl,0.1459528824224195
store_cat,4,SetTransformer_Q,SetTransformer,TX_3__HOBBIES,1624,79,61914.1875,0.01909167420285396,mean_spl,0.15798623328842298
store_cat,4,SetTransformer_Q,SetTransformer,TX_3__HOUSEHOLD,1624,80,101344.3671875,0.031250246813594264,mean_spl,0.18336918736320842
store_cat,4,SetTransformer_Q,SetTransformer,WI_1__FOODS,1624,81,164837.171875,0.05082869870427261,mean_spl,0.15220965878496306
store_cat,4,SetTransformer_Q,SetTransformer,WI_1__HOBBIES,1624,82,42539.6328125,0.013117394302643252,mean_spl,0.1288023486609915
store_cat,4,SetTransformer_Q,SetTransformer,WI_1__HOUSEHOLD,1624,83,77645.03125,0.02394239026548502,mean_spl,0.1327688213329462
store_cat,4,SetTransformer_Q,SetTransformer,WI_2__FOODS,1624,84,189465.140625,0.05842290569686326,mean_spl,0.15832103801092157
store_cat,4,SetTransformer_Q,SetTransformer,WI_2__HOBBIES,1624,85,27261.52734375,0.008406283266158821,mean_spl,0.15984020973101817
store_cat,4,SetTransformer_Q,SetTransformer,WI_2__HOUSEHOLD,1624,86,87001.796875,0.026827614607724242,mean_spl,0.35671228551104184
store_cat,4,SetTransformer_Q,SetTransformer,WI_3__FOODS,1624,87,145719.78125,0.04493371714740094,mean_spl,0.08935189482445206
store_cat,4,SetTransformer_Q,SetTransformer,WI_3__HOBBIES,1624,88,25590.76953125,0.007891093370012273,mean_spl,0.15140321160379544
store_cat,4,SetTransformer_Q,SetTransformer,WI_3__HOUSEHOLD,1624,89,73416.1015625,0.022638370119528538,mean_spl,0.1446214894054026
store_cat,4,SetTransformer_Q,SetTransformer,CA_1__FOODS,1652,90,216018.53125,0.06442420129688553,mean_spl,0.10112255340811642
store_cat,4,SetTransformer_Q,SetTransformer,CA_1__HOBBIES,1652,91,65447.4609375,0.019518697647878544,mean_spl,0.15337484687834965
store_cat,4,SetTransformer_Q,SetTransformer,CA_1__HOUSEHOLD,1652,92,119797.71875,0.035727825307384026,mean_spl,0.14581511040867798
store_cat,4,SetTransformer_Q,SetTransformer,CA_2__FOODS,1652,93,174231.328125,0.05196181128719119,mean_spl,0.290732194557896
store_cat,4,SetTransformer_Q,SetTransformer,CA_2__HOBBIES,1652,94,41661.87109375,0.012425011660885674,mean_spl,0.16640916134659534
store_cat,4,SetTransformer_Q,SetTransformer,CA_2__HOUSEHOLD,1652,95,125333.90625,0.0373789079985469,mean_spl,0.1812531712264539
store_cat,4,SetTransformer_Q,SetTransformer,CA_3__FOODS,1652,96,290598.75,0.08666660336171188,mean_spl,0.11681483126461184
store_cat,4,SetTransformer_Q,SetTransformer,CA_3__HOBBIES,1652,97,67250.15625,0.020056323771977337,mean_spl,0.1545823780844249
store_cat,4,SetTransformer_Q,SetTransformer,CA_3__HOUSEHOLD,1652,98,209033.9375,0.062341153740163614,mean_spl,0.294324966067677
store_cat,4,SetTransformer_Q,SetTransformer,CA_4__FOODS,1652,99,117701.203125,0.0351025717985045,mean_spl,0.1445206205399839
store_cat,4,SetTransformer_Q,SetTransformer,CA_4__HOBBIES,1652,100,38269.8515625,0.011413394056508423,mean_spl,0.1749758162436329
store_cat,4,SetTransformer_Q,SetTransformer,CA_4__HOUSEHOLD,1652,101,59733.83984375,0.01781469811900534,mean_spl,0.21749504394221894
store_cat,4,SetTransformer_Q,SetTransformer,TX_1__FOODS,1652,102,151482.15625,0.04517722100351641,mean_spl,0.18858628113641437
store_cat,4,SetTransformer_Q,SetTransformer,TX_1__HOBBIES,1652,103,34373.328125,0.010251315929030495,mean_spl,0.1942094530540729
store_cat,4,SetTransformer_Q,SetTransformer,TX_1__HOUSEHOLD,1652,104,99281.828125,0.029609276774710924,mean_spl,0.13648817806381336
store_cat,4,SetTransformer_Q,SetTransformer,TX_2__FOODS,1652,105,180129.203125,0.053720761706977774,mean_spl,0.11074932275385746
store_cat,4,SetTransformer_Q,SetTransformer,TX_2__HOBBIES,1652,106,53874.60546875,0.016067271670744867,mean_spl,0.14060632570172835
store_cat,4,SetTransformer_Q,SetTransformer,TX_2__HOUSEHOLD,1652,107,108551.953125,0.03237394884053533,mean_spl,0.12081439279835846
store_cat,4,SetTransformer_Q,SetTransformer,TX_3__FOODS,1652,108,179456.3125,0.05352008243735707,mean_spl,0.12503533229258842
store_cat,4,SetTransformer_Q,SetTransformer,TX_3__HOBBIES,1652,109,59746.28125,0.017818408576881467,mean_spl,0.1954968683012799
store_cat,4,SetTransformer_Q,SetTransformer,TX_3__HOUSEHOLD,1652,110,104524.96875,0.03117296274692021,mean_spl,0.18968581902659454
store_cat,4,SetTransformer_Q,SetTransformer,WI_1__FOODS,1652,111,168893.375,0.05036984894651428,mean_spl,0.2021062821636263
store_cat,4,SetTransformer_Q,SetTransformer,WI_1__HOBBIES,1652,112,42655.81640625,0.012721440548352225,mean_spl,0.13034916048987155
store_cat,4,SetTransformer_Q,SetTransformer,WI_1__HOUSEHOLD,1652,113,79013.1484375,0.023564455098285444,mean_spl,0.14858801392836762
store_cat,4,SetTransformer_Q,SetTransformer,WI_2__FOODS,1652,114,197144.109375,0.05879519554816072,mean_spl,0.14527572231772945
store_cat,4,SetTransformer_Q,SetTransformer,WI_2__HOBBIES,1652,115,26210.8203125,0.007816973637390177,mean_spl,0.1655646447973971
store_cat,4,SetTransformer_Q,SetTransformer,WI_2__HOUSEHOLD,1652,116,94435.328125,0.02816388276254626,mean_spl,0.352733701977288
store_cat,4,SetTransformer_Q,SetTransformer,WI_3__FOODS,1652,117,149557.390625,0.04460318928801133,mean_spl,0.08401590432561624
store_cat,4,SetTransformer_Q,SetTransformer,WI_3__HOBBIES,1652,118,23851.12890625,0.007113232003396538,mean_spl,0.1666848056919947
store_cat,4,SetTransformer_Q,SetTransformer,WI_3__HOUSEHOLD,1652,119,74804.640625,0.02230933243402552,mean_spl,0.210767637172777
store_cat,5,SetTransformer,SetTransformer,CA_1__FOODS,1624,0,220013.046875,0.06784256696116275,rmsse,0.3542089682281361
store_cat,5,SetTransformer,SetTransformer,CA_1__HOBBIES,1624,1,62929.06640625,0.019404619235581292,rmsse,0.5667834350354978
store_cat,5,SetTransformer,SetTransformer,CA_1__HOUSEHOLD,1624,2,115288.7890625,0.03555010715472609,rmsse,0.6943971834716626
store_cat,5,SetTransformer,SetTransformer,CA_2__FOODS,1624,3,159095.96875,0.04905835843137624,rmsse,1.0023833479792295
store_cat,5,SetTransformer,SetTransformer,CA_2__HOBBIES,1624,4,40058.953125,0.012352459312655899,rmsse,0.5548503136257192
store_cat,5,SetTransformer,SetTransformer,CA_2__HOUSEHOLD,1624,5,114994.9296875,0.03545949355426571,rmsse,0.6881713107975233
store_cat,5,SetTransformer,SetTransformer,CA_3__FOODS,1624,6,289613.4375,0.08930433583608938,rmsse,0.3949836549494902
store_cat,5,SetTransformer,SetTransformer,CA_3__HOBBIES,1624,7,66763.3359375,0.020586943152802278,rmsse,0.8592580362573217
store_cat,5,SetTransformer,SetTransformer,CA_3__HOUSEHOLD,1624,8,197297.125,0.06083795304040375,rmsse,0.8999877202690925
store_cat,5,SetTransformer,SetTransformer,CA_4__FOODS,1624,9,115117.984375,0.03549743833070138,rmsse,0.5878809205532278
store_cat,5,SetTransformer,SetTransformer,CA_4__HOBBIES,1624,10,38451.5390625,0.011856801906341136,rmsse,1.0377424588520794
store_cat,5,SetTransformer,SetTransformer,CA_4__HOUSEHOLD,1624,11,58972.1171875,0.01818446617580622,rmsse,0.9282181463616147
store_cat,5,SetTransformer,SetTransformer,TX_1__FOODS,1624,12,142577.84375,0.043964878670505324,rmsse,0.5327559241378376
store_cat,5,SetTransformer,SetTransformer,TX_1__HOBBIES,1624,13,35482.73828125,0.010941351351671362,rmsse,0.6067594557169824
store_cat,5,SetTransformer,SetTransformer,TX_1__HOUSEHOLD,1624,14,96711.265625,0.029821597433676558,rmsse,0.5530388437518415
store_cat,5,SetTransformer,SetTransformer,TX_2__FOODS,1624,15,170484.6875,0.052570149779085265,rmsse,0.4322222105902559
store_cat,5,SetTransformer,SetTransformer,TX_2__HOBBIES,1624,16,53368.81640625,0.0164566490583447,rmsse,0.5197549493622634
store_cat,5,SetTransformer,SetTransformer,TX_2__HOUSEHOLD,1624,17,100137.1875,0.03087800448548404,rmsse,0.5239984099588568
store_cat,5,SetTransformer,SetTransformer,TX_3__FOODS,1624,18,168899.796875,0.05208143763278345,rmsse,0.5385426084327994
store_cat,5,SetTransformer,SetTransformer,TX_3__HOBBIES,1624,19,61914.1875,0.01909167420285396,rmsse,0.5309653676858166
store_cat,5,SetTransformer,SetTransformer,TX_3__HOUSEHOLD,1624,20,101344.3671875,0.031250246813594264,rmsse,0.7919913862419253
store_cat,5,SetTransformer,SetTransformer,WI_1__FOODS,1624,21,164837.171875,0.05082869870427261,rmsse,0.5802382118868479
store_cat,5,SetTransformer,SetTransformer,WI_1__HOBBIES,1624,22,42539.6328125,0.013117394302643252,rmsse,0.533694461872004
store_cat,5,SetTransformer,SetTransformer,WI_1__HOUSEHOLD,1624,23,77645.03125,0.02394239026548502,rmsse,0.5647127851409511
store_cat,5,SetTransformer,SetTransformer,WI_2__FOODS,1624,24,189465.140625,0.05842290569686326,rmsse,0.6626809030609535
store_cat,5,SetTransformer,SetTransformer,WI_2__HOBBIES,1624,25,27261.52734375,0.008406283266158821,rmsse,0.6320020609158493
store_cat,5,SetTransformer,SetTransformer,WI_2__HOUSEHOLD,1624,26,87001.796875,0.026827614607724242,rmsse,1.3494248538123508
store_cat,5,SetTransformer,SetTransformer,WI_3__FOODS,1624,27,145719.78125,0.04493371714740094,rmsse,0.3935037494309944
store_cat,5,SetTransformer,SetTransformer,WI_3__HOBBIES,1624,28,25590.76953125,0.007891093370012273,rmsse,0.5782197699344195
store_cat,5,SetTransformer,SetTransformer,WI_3__HOUSEHOLD,1624,29,73416.1015625,0.022638370119528538,rmsse,0.6721291958503892
store_cat,5,SetTransformer,SetTransformer,CA_1__FOODS,1652,30,216018.53125,0.06442420129688553,rmsse,0.36233228174234366
store_cat,5,SetTransformer,SetTransformer,CA_1__HOBBIES,1652,31,65447.4609375,0.019518697647878544,rmsse,0.6661228159222802
store_cat,5,SetTransformer,SetTransformer,CA_1__HOUSEHOLD,1652,32,119797.71875,0.035727825307384026,rmsse,0.5378303001486778
store_cat,5,SetTransformer,SetTransformer,CA_2__FOODS,1652,33,174231.328125,0.05196181128719119,rmsse,1.0147393013417778
store_cat,5,SetTransformer,SetTransformer,CA_2__HOBBIES,1652,34,41661.87109375,0.012425011660885674,rmsse,0.6788688161641071
store_cat,5,SetTransformer,SetTransformer,CA_2__HOUSEHOLD,1652,35,125333.90625,0.0373789079985469,rmsse,0.6423220681526213
store_cat,5,SetTransformer,SetTransformer,CA_3__FOODS,1652,36,290598.75,0.08666660336171188,rmsse,0.4272228211740153
store_cat,5,SetTransformer,SetTransformer,CA_3__HOBBIES,1652,37,67250.15625,0.020056323771977337,rmsse,0.5714778023178323
store_cat,5,SetTransformer,SetTransformer,CA_3__HOUSEHOLD,1652,38,209033.9375,0.062341153740163614,rmsse,0.8811014773256034
store_cat,5,SetTransformer,SetTransformer,CA_4__FOODS,1652,39,117701.203125,0.0351025717985045,rmsse,0.6299556486702865
store_cat,5,SetTransformer,SetTransformer,CA_4__HOBBIES,1652,40,38269.8515625,0.011413394056508423,rmsse,0.7165218688460449
store_cat,5,SetTransformer,SetTransformer,CA_4__HOUSEHOLD,1652,41,59733.83984375,0.01781469811900534,rmsse,0.7929124143097357
store_cat,5,SetTransformer,SetTransformer,TX_1__FOODS,1652,42,151482.15625,0.04517722100351641,rmsse,0.7823096587412304
store_cat,5,SetTransformer,SetTransformer,TX_1__HOBBIES,1652,43,34373.328125,0.010251315929030495,rmsse,0.757514837261931
store_cat,5,SetTransformer,SetTransformer,TX_1__HOUSEHOLD,1652,44,99281.828125,0.029609276774710924,rmsse,0.5328543880111632
store_cat,5,SetTransformer,SetTransformer,TX_2__FOODS,1652,45,180129.203125,0.053720761706977774,rmsse,0.5326159620472803
store_cat,5,SetTransformer,SetTransformer,TX_2__HOBBIES,1652,46,53874.60546875,0.016067271670744867,rmsse,0.5338090232681765
store_cat,5,SetTransformer,SetTransformer,TX_2__HOUSEHOLD,1652,47,108551.953125,0.03237394884053533,rmsse,0.44676465255140935
store_cat,5,SetTransformer,SetTransformer,TX_3__FOODS,1652,48,179456.3125,0.05352008243735707,rmsse,0.6319352024822403
store_cat,5,SetTransformer,SetTransformer,TX_3__HOBBIES,1652,49,59746.28125,0.017818408576881467,rmsse,0.6731658841331208
store_cat,5,SetTransformer,SetTransformer,TX_3__HOUSEHOLD,1652,50,104524.96875,0.03117296274692021,rmsse,0.7575090861657758
store_cat,5,SetTransformer,SetTransformer,WI_1__FOODS,1652,51,168893.375,0.05036984894651428,rmsse,0.7962750413871784
store_cat,5,SetTransformer,SetTransformer,WI_1__HOBBIES,1652,52,42655.81640625,0.012721440548352225,rmsse,0.5077038242415944
store_cat,5,SetTransformer,SetTransformer,WI_1__HOUSEHOLD,1652,53,79013.1484375,0.023564455098285444,rmsse,0.5960566272758385
store_cat,5,SetTransformer,SetTransformer,WI_2__FOODS,1652,54,197144.109375,0.05879519554816072,rmsse,0.5705246692188432
store_cat,5,SetTransformer,SetTransformer,WI_2__HOBBIES,1652,55,26210.8203125,0.007816973637390177,rmsse,0.6311807345697816
store_cat,5,SetTransformer,SetTransformer,WI_2__HOUSEHOLD,1652,56,94435.328125,0.02816388276254626,rmsse,1.2588394904114282
store_cat,5,SetTransformer,SetTransformer,WI_3__FOODS,1652,57,149557.390625,0.04460318928801133,rmsse,0.3489121142572157
store_cat,5,SetTransformer,SetTransformer,WI_3__HOBBIES,1652,58,23851.12890625,0.007113232003396538,rmsse,0.6972195356492934
store_cat,5,SetTransformer,SetTransformer,WI_3__HOUSEHOLD,1652,59,74804.640625,0.02230933243402552,rmsse,0.8081898625442351
store_cat,5,SetTransformer,SetTransformer,CA_1__FOODS,1680,60,212665.09375,0.06378615589312105,rmsse,0.5332374524509084
store_cat,5,SetTransformer,SetTransformer,CA_1__HOBBIES,1680,61,65255.8203125,0.01957264285355537,rmsse,0.5467049864715781
store_cat,5,SetTransformer,SetTransformer,CA_1__HOUSEHOLD,1680,62,120678.7734375,0.03619604383465028,rmsse,0.572235413715553
store_cat,5,SetTransformer,SetTransformer,CA_2__FOODS,1680,63,185085.140625,0.05551390416372213,rmsse,0.9729095186202179
store_cat,5,SetTransformer,SetTransformer,CA_2__HOBBIES,1680,64,42349.64453125,0.01270223044344142,rmsse,0.5896968697286213
store_cat,5,SetTransformer,SetTransformer,CA_2__HOUSEHOLD,1680,65,131134.6875,0.0393321605928604,rmsse,0.5568121460251094
store_cat,5,SetTransformer,SetTransformer,CA_3__FOODS,1680,66,290308.75,0.08707437058949458,rmsse,0.7108943735344772
store_cat,5,SetTransformer,SetTransformer,CA_3__HOBBIES,1680,67,68627.6328125,0.020583974586351195,rmsse,0.7781827862715454
store_cat,5,SetTransformer,SetTransformer,CA_3__HOUSEHOLD,1680,68,216725.078125,0.06500389591665223,rmsse,0.7265232276789506
store_cat,5,SetTransformer,SetTransformer,CA_4__FOODS,1680,69,120590.8203125,0.036169663427581066,rmsse,0.9679754944341309
store_cat,5,SetTransformer,SetTransformer,CA_4__HOBBIES,1680,70,38188.359375,0.011454106555257288,rmsse,0.9395109063215534
store_cat,5,SetTransformer,SetTransformer,CA_4__HOUSEHOLD,1680,71,60378.7109375,0.018109816710270857,rmsse,0.9723608389738463
store_cat,5,SetTransformer,SetTransformer,TX_1__FOODS,1680,72,133530.5,0.04005075369585142,rmsse,0.3803288906743926
store_cat,5,SetTransformer,SetTransformer,TX_1__HOBBIES,1680,73,34635.26171875,0.010388400674669888,rmsse,0.5857492208951263
store_cat,5,SetTransformer,SetTransformer,TX_1__HOUSEHOLD,1680,74,98933.9296875,0.02967395801016805,rmsse,0.47259203316742787
store_cat,5,SetTransformer,SetTransformer,TX_2__FOODS,1680,75,167087.09375,0.05011562180578134,rmsse,0.4943760969906451
store_cat,5,SetTransformer,SetTransformer,TX_2__HOBBIES,1680,76,52974.6171875,0.015889054149490787,rmsse,0.5348568762479016
store_cat,5,SetTransformer,SetTransformer,TX_2__HOUSEHOLD,1680,77,107912.78125,0.032367048895031794,rmsse,0.4740105993498737
store_cat,5,SetTransformer,SetTransformer,TX_3__FOODS,1680,78,166985.515625,0.05008515475544256,rmsse,0.4556832421852825
store_cat,5,SetTransformer,SetTransformer,TX_3__HOBBIES,1680,79,58107.6953125,0.017428654822639902,rmsse,0.6028676503754398
store_cat,5,SetTransformer,SetTransformer,TX_3__HOUSEHOLD,1680,80,107518.1171875,0.03224867449248113,rmsse,0.728276638528381
store_cat,5,SetTransformer,SetTransformer,WI_1__FOODS,1680,81,161832.640625,0.04853961626460706,rmsse,0.5953378573003681
store_cat,5,SetTransformer,SetTransformer,WI_1__HOBBIES,1680,82,40999.46875,0.012297262607172198,rmsse,0.5945670602638439
store_cat,5,SetTransformer,SetTransformer,WI_1__HOUSEHOLD,1680,83,79151.3125,0.023740416771006367,rmsse,0.8250024675025401
store_cat,5,SetTransformer,SetTransformer,WI_2__FOODS,1680,84,203877.3125,0.06115037408764012,rmsse,0.7513873123943151
store_cat,5,SetTransformer,SetTransformer,WI_2__HOBBIES,1680,85,27185.30078125,0.00815388084173639,rmsse,0.6904210276066051
store_cat,5,SetTransformer,SetTransformer,WI_2__HOUSEHOLD,1680,86,100197.1875,0.030052855921153164,rmsse,1.592746367239799
store_cat,5,SetTransformer,SetTransformer,WI_3__FOODS,1680,87,143496.546875,0.04303994110031657,rmsse,0.4602029564161736
store_cat,5,SetTransformer,SetTransformer,WI_3__HOBBIES,1680,88,26074.580078125,0.007820734472137367,rmsse,0.6141245821416628
store_cat,5,SetTransformer,SetTransformer,WI_3__HOUSEHOLD,1680,89,71543.765625,0.021458631065716046,rmsse,0.5192136895102969
store_cat,5,SetTransformer,SetTransformer,CA_1__FOODS,1708,90,217884.71875,0.06483619848731188,rmsse,0.39936017204553304
store_cat,5,SetTransformer,SetTransformer,CA_1__HOBBIES,1708,91,64507.21875,0.01919548494604763,rmsse,0.4737356316951493
store_cat,5,SetTransformer,SetTransformer,CA_1__HOUSEHOLD,1708,92,115771.9140625,0.034450377440305296,rmsse,0.44987961839501106
store_cat,5,SetTransformer,SetTransformer,CA_2__FOODS,1708,93,193884.84375,0.0576945289471176,rmsse,0.6618280516334724
store_cat,5,SetTransformer,SetTransformer,CA_2__HOBBIES,1708,94,42587.80859375,0.012672901647096451,rmsse,0.8547371011542471
store_cat,5,SetTransformer,SetTransformer,CA_2__HOUSEHOLD,1708,95,128741.3828125,0.038309716704546325,rmsse,0.5279955693251008
store_cat,5,SetTransformer,SetTransformer,CA_3__FOODS,1708,96,291962.8125,0.08687969936929697,rmsse,0.48517661970955533
store_cat,5,SetTransformer,SetTransformer,CA_3__HOBBIES,1708,97,65857.7265625,0.019597357060311797,rmsse,0.7056086668842837
store_cat,5,SetTransformer,SetTransformer,CA_3__HOUSEHOLD,1708,98,199975.203125,0.05950684397114477,rmsse,0.6378719541338775
store_cat,5,SetTransformer,SetTransformer,CA_4__FOODS,1708,99,125175.40625,0.037248585086258605,rmsse,0.6319054749538876
store_cat,5,SetTransformer,SetTransformer,CA_4__HOBBIES,1708,100,37398.48828125,0.011128709820676824,rmsse,1.0214228915993147
store_cat,5,SetTransformer,SetTransformer,CA_4__HOUSEHOLD,1708,101,58208.20703125,0.017321081011646984,rmsse,0.9035011967900894
store_cat,5,SetTransformer,SetTransformer,TX_1__FOODS,1708,102,139721.296875,0.041577021964015685,rmsse,0.35446836196660886
store_cat,5,SetTransformer,SetTransformer,TX_1__HOBBIES,1708,103,32822.0,0.009766879104506042,rmsse,0.7054851180842246
store_cat,5,SetTransformer,SetTransformer,TX_1__HOUSEHOLD,1708,104,95720.7265625,0.02848372323841989,rmsse,0.4453824920761308
store_cat,5,SetTransformer,SetTransformer,TX_2__FOODS,1708,105,177167.65625,0.05271997683938926,rmsse,0.41064077850744246
store_cat,5,SetTransformer,SetTransformer,TX_2__HOBBIES,1708,106,51182.921875,0.015230559081363192,rmsse,0.7611321590356781
store_cat,5,SetTransformer,SetTransformer,TX_2__HOUSEHOLD,1708,107,103920.984375,0.030923883090972104,rmsse,0.4521504094052302
store_cat,5,SetTransformer,SetTransformer,TX_3__FOODS,1708,108,174264.703125,0.051856141844022645,rmsse,0.6955099918567877
store_cat,5,SetTransformer,SetTransformer,TX_3__HOBBIES,1708,109,58956.5390625,0.017543763007846123,rmsse,0.877053504797581
store_cat,5,SetTransformer,SetTransformer,TX_3__HOUSEHOLD,1708,110,102524.9296875,0.030508457542373864,rmsse,0.8862133629346369
store_cat,5,SetTransformer,SetTransformer,WI_1__FOODS,1708,111,166160.796875,0.04944465343326154,rmsse,0.745481700022463
store_cat,5,SetTransformer,SetTransformer,WI_1__HOBBIES,1708,112,41281.1328125,0.012284072679201298,rmsse,0.6317405210259018
store_cat,5,SetTransformer,SetTransformer,WI_1__HOUSEHOLD,1708,113,75338.0390625,0.022418424212235426,rmsse,0.5419183252015517
store_cat,5,SetTransformer,SetTransformer,WI_2__FOODS,1708,114,219979.84375,0.06545964716758208,rmsse,0.6778141155609096
store_cat,5,SetTransformer,SetTransformer,WI_2__HOBBIES,1708,115,27206.900390625,0.008095987658386832,rmsse,0.894498054578795
store_cat,5,SetTransformer,SetTransformer,WI_2__HOUSEHOLD,1708,116,99922.2578125,0.02973397757309036,rmsse,1.314190152380568
store_cat,5,SetTransformer,SetTransformer,WI_3__FOODS,1708,117,155858.3125,0.0463789316805747,rmsse,0.5715041344056515
store_cat,5,SetTransformer,SetTransformer,WI_3__HOBBIES,1708,118,26131.451171875,0.007775965036286816,rmsse,0.7319783078437615
store_cat,5,SetTransformer,SetTransformer,WI_3__HOUSEHOLD,1708,119,70425.015625,0.020956450354710988,rmsse,0.5959665806724089
store_cat,5,SetTransformer_Q,SetTransformer,CA_1__FOODS,1624,0,220013.046875,0.06784256696116275,mean_spl,0.0858203865404106
store_cat,5,SetTransformer_Q,SetTransformer,CA_1__HOBBIES,1624,1,62929.06640625,0.019404619235581292,mean_spl,0.15111639402310223
store_cat,5,SetTransformer_Q,SetTransformer,CA_1__HOUSEHOLD,1624,2,115288.7890625,0.03555010715472609,mean_spl,0.14020105022633939
store_cat,5,SetTransformer_Q,SetTransformer,CA_2__FOODS,1624,3,159095.96875,0.04905835843137624,mean_spl,0.25352363849132653
store_cat,5,SetTransformer_Q,SetTransformer,CA_2__HOBBIES,1624,4,40058.953125,0.012352459312655899,mean_spl,0.12229525066433397
store_cat,5,SetTransformer_Q,SetTransformer,CA_2__HOUSEHOLD,1624,5,114994.9296875,0.03545949355426571,mean_spl,0.1614866938251809
store_cat,5,SetTransformer_Q,SetTransformer,CA_3__FOODS,1624,6,289613.4375,0.08930433583608938,mean_spl,0.10976722401674423
store_cat,5,SetTransformer_Q,SetTransformer,CA_3__HOBBIES,1624,7,66763.3359375,0.020586943152802278,mean_spl,0.17750728655932577
store_cat,5,SetTransformer_Q,SetTransformer,CA_3__HOUSEHOLD,1624,8,197297.125,0.06083795304040375,mean_spl,0.1840877149310879
store_cat,5,SetTransformer_Q,SetTransformer,CA_4__FOODS,1624,9,115117.984375,0.03549743833070138,mean_spl,0.14174133605763123
store_cat,5,SetTransformer_Q,SetTransformer,CA_4__HOBBIES,1624,10,38451.5390625,0.011856801906341136,mean_spl,0.27669388617369994
store_cat,5,SetTransformer_Q,SetTransformer,CA_4__HOUSEHOLD,1624,11,58972.1171875,0.01818446617580622,mean_spl,0.2253145120029929
store_cat,5,SetTransformer_Q,SetTransformer,TX_1__FOODS,1624,12,142577.84375,0.043964878670505324,mean_spl,0.11425327261226087
store_cat,5,SetTransformer_Q,SetTransformer,TX_1__HOBBIES,1624,13,35482.73828125,0.010941351351671362,mean_spl,0.20989448806926142
store_cat,5,SetTransformer_Q,SetTransformer,TX_1__HOUSEHOLD,1624,14,96711.265625,0.029821597433676558,mean_spl,0.11946018418185579
store_cat,5,SetTransformer_Q,SetTransformer,TX_2__FOODS,1624,15,170484.6875,0.052570149779085265,mean_spl,0.1069753834886875
store_cat,5,SetTransformer_Q,SetTransformer,TX_2__HOBBIES,1624,16,53368.81640625,0.0164566490583447,mean_spl,0.15791891410778555
store_cat,5,SetTransformer_Q,SetTransformer,TX_2__HOUSEHOLD,1624,17,100137.1875,0.03087800448548404,mean_spl,0.1184264796466868
store_cat,5,SetTransformer_Q,SetTransformer,TX_3__FOODS,1624,18,168899.796875,0.05208143763278345,mean_spl,0.12656699866624843
store_cat,5,SetTransformer_Q,SetTransformer,TX_3__HOBBIES,1624,19,61914.1875,0.01909167420285396,mean_spl,0.2050016372849085
store_cat,5,SetTransformer_Q,SetTransformer,TX_3__HOUSEHOLD,1624,20,101344.3671875,0.031250246813594264,mean_spl,0.181144126025516
store_cat,5,SetTransformer_Q,SetTransformer,WI_1__FOODS,1624,21,164837.171875,0.05082869870427261,mean_spl,0.1585801560746344
store_cat,5,SetTransformer_Q,SetTransformer,WI_1__HOBBIES,1624,22,42539.6328125,0.013117394302643252,mean_spl,0.1435228105535823
store_cat,5,SetTransformer_Q,SetTransformer,WI_1__HOUSEHOLD,1624,23,77645.03125,0.02394239026548502,mean_spl,0.13645262616911422
store_cat,5,SetTransformer_Q,SetTransformer,WI_2__FOODS,1624,24,189465.140625,0.05842290569686326,mean_spl,0.16172969506777476
store_cat,5,SetTransformer_Q,SetTransformer,WI_2__HOBBIES,1624,25,27261.52734375,0.008406283266158821,mean_spl,0.22970825823110688
store_cat,5,SetTransformer_Q,SetTransformer,WI_2__HOUSEHOLD,1624,26,87001.796875,0.026827614607724242,mean_spl,0.3426333179561809
store_cat,5,SetTransformer_Q,SetTransformer,WI_3__FOODS,1624,27,145719.78125,0.04493371714740094,mean_spl,0.09268993746845441
store_cat,5,SetTransformer_Q,SetTransformer,WI_3__HOBBIES,1624,28,25590.76953125,0.007891093370012273,mean_spl,0.23003544030770667
store_cat,5,SetTransformer_Q,SetTransformer,WI_3__HOUSEHOLD,1624,29,73416.1015625,0.022638370119528538,mean_spl,0.15627138485361902
store_cat,5,SetTransformer_Q,SetTransformer,CA_1__FOODS,1652,30,216018.53125,0.06442420129688553,mean_spl,0.11054183095368614
store_cat,5,SetTransformer_Q,SetTransformer,CA_1__HOBBIES,1652,31,65447.4609375,0.019518697647878544,mean_spl,0.1860079777231194
store_cat,5,SetTransformer_Q,SetTransformer,CA_1__HOUSEHOLD,1652,32,119797.71875,0.035727825307384026,mean_spl,0.18009786542522285
store_cat,5,SetTransformer_Q,SetTransformer,CA_2__FOODS,1652,33,174231.328125,0.05196181128719119,mean_spl,0.2741644855680733
store_cat,5,SetTransformer_Q,SetTransformer,CA_2__HOBBIES,1652,34,41661.87109375,0.012425011660885674,mean_spl,0.19079259006913263
store_cat,5,SetTransformer_Q,SetTransformer,CA_2__HOUSEHOLD,1652,35,125333.90625,0.0373789079985469,mean_spl,0.1951365627190164
store_cat,5,SetTransformer_Q,SetTransformer,CA_3__FOODS,1652,36,290598.75,0.08666660336171188,mean_spl,0.12415037281208324
store_cat,5,SetTransformer_Q,SetTransformer,CA_3__HOBBIES,1652,37,67250.15625,0.020056323771977337,mean_spl,0.14102307646755757
store_cat,5,SetTransformer_Q,SetTransformer,CA_3__HOUSEHOLD,1652,38,209033.9375,0.062341153740163614,mean_spl,0.22206771381648716
store_cat,5,SetTransformer_Q,SetTransformer,CA_4__FOODS,1652,39,117701.203125,0.0351025717985045,mean_spl,0.14337849072558026
store_cat,5,SetTransformer_Q,SetTransformer,CA_4__HOBBIES,1652,40,38269.8515625,0.011413394056508423,mean_spl,0.22676439125215214
store_cat,5,SetTransformer_Q,SetTransformer,CA_4__HOUSEHOLD,1652,41,59733.83984375,0.01781469811900534,mean_spl,0.24972837652636848
store_cat,5,SetTransformer_Q,SetTransformer,TX_1__FOODS,1652,42,151482.15625,0.04517722100351641,mean_spl,0.23732671550189227
store_cat,5,SetTransformer_Q,SetTransformer,TX_1__HOBBIES,1652,43,34373.328125,0.010251315929030495,mean_spl,0.26801547246817675
store_cat,5,SetTransformer_Q,SetTransformer,TX_1__HOUSEHOLD,1652,44,99281.828125,0.029609276774710924,mean_spl,0.15977259123910684
store_cat,5,SetTransformer_Q,SetTransformer,TX_2__FOODS,1652,45,180129.203125,0.053720761706977774,mean_spl,0.1319004569224383
store_cat,5,SetTransformer_Q,SetTransformer,TX_2__HOBBIES,1652,46,53874.60546875,0.016067271670744867,mean_spl,0.20359587221250336
store_cat,5,SetTransformer_Q,SetTransformer,TX_2__HOUSEHOLD,1652,47,108551.953125,0.03237394884053533,mean_spl,0.12537208249857834
store_cat,5,SetTransformer_Q,SetTransformer,TX_3__FOODS,1652,48,179456.3125,0.05352008243735707,mean_spl,0.1493101034629708
store_cat,5,SetTransformer_Q,SetTransformer,TX_3__HOBBIES,1652,49,59746.28125,0.017818408576881467,mean_spl,0.2680565544453285
store_cat,5,SetTransformer_Q,SetTransformer,TX_3__HOUSEHOLD,1652,50,104524.96875,0.03117296274692021,mean_spl,0.19276636198509306
store_cat,5,SetTransformer_Q,SetTransformer,WI_1__FOODS,1652,51,168893.375,0.05036984894651428,mean_spl,0.21513972409738866
store_cat,5,SetTransformer_Q,SetTransformer,WI_1__HOBBIES,1652,52,42655.81640625,0.012721440548352225,mean_spl,0.1452213179959496
store_cat,5,SetTransformer_Q,SetTransformer,WI_1__HOUSEHOLD,1652,53,79013.1484375,0.023564455098285444,mean_spl,0.16077520317186056
store_cat,5,SetTransformer_Q,SetTransformer,WI_2__FOODS,1652,54,197144.109375,0.05879519554816072,mean_spl,0.141924017946233
store_cat,5,SetTransformer_Q,SetTransformer,WI_2__HOBBIES,1652,55,26210.8203125,0.007816973637390177,mean_spl,0.29556367419352797
store_cat,5,SetTransformer_Q,SetTransformer,WI_2__HOUSEHOLD,1652,56,94435.328125,0.02816388276254626,mean_spl,0.3591563053789328
store_cat,5,SetTransformer_Q,SetTransformer,WI_3__FOODS,1652,57,149557.390625,0.04460318928801133,mean_spl,0.09878843439838256
store_cat,5,SetTransformer_Q,SetTransformer,WI_3__HOBBIES,1652,58,23851.12890625,0.007113232003396538,mean_spl,0.20538207034277003
store_cat,5,SetTransformer_Q,SetTransformer,WI_3__HOUSEHOLD,1652,59,74804.640625,0.02230933243402552,mean_spl,0.2234134020608207
store_cat,5,SetTransformer_Q,SetTransformer,CA_1__FOODS,1680,60,212665.09375,0.06378615589312105,mean_spl,0.15112437337580042
store_cat,5,SetTransformer_Q,SetTransformer,CA_1__HOBBIES,1680,61,65255.8203125,0.01957264285355537,mean_spl,0.1565253721091777
store_cat,5,SetTransformer_Q,SetTransformer,CA_1__HOUSEHOLD,1680,62,120678.7734375,0.03619604383465028,mean_spl,0.16874065530145674
store_cat,5,SetTransformer_Q,SetTransformer,CA_2__FOODS,1680,63,185085.140625,0.05551390416372213,mean_spl,0.30979376723284086
store_cat,5,SetTransformer_Q,SetTransformer,CA_2__HOBBIES,1680,64,42349.64453125,0.01270223044344142,mean_spl,0.17037226935016891
store_cat,5,SetTransformer_Q,SetTransformer,CA_2__HOUSEHOLD,1680,65,131134.6875,0.0393321605928604,mean_spl,0.1921754148901285
store_cat,5,SetTransformer_Q,SetTransformer,CA_3__FOODS,1680,66,290308.75,0.08707437058949458,mean_spl,0.1990827038894444
store_cat,5,SetTransformer_Q,SetTransformer,CA_3__HOBBIES,1680,67,68627.6328125,0.020583974586351195,mean_spl,0.2532423620678783
store_cat,5,SetTransformer_Q,SetTransformer,CA_3__HOUSEHOLD,1680,68,216725.078125,0.06500389591665223,mean_spl,0.18407074908761736
store_cat,5,SetTransformer_Q,SetTransformer,CA_4__FOODS,1680,69,120590.8203125,0.036169663427581066,mean_spl,0.2353913453939901
store_cat,5,SetTransformer_Q,SetTransformer,CA_4__HOBBIES,1680,70,38188.359375,0.011454106555257288,mean_spl,0.28294651216744604
store_cat,5,SetTransformer_Q,SetTransformer,CA_4__HOUSEHOLD,1680,71,60378.7109375,0.018109816710270857,mean_spl,0.28852523187073736
store_cat,5,SetTransformer_Q,SetTransformer,TX_1__FOODS,1680,72,133530.5,0.04005075369585142,mean_spl,0.10605021597471564
store_cat,5,SetTransformer_Q,SetTransformer,TX_1__HOBBIES,1680,73,34635.26171875,0.010388400674669888,mean_spl,0.26450295421973663
store_cat,5,SetTransformer_Q,SetTransformer,TX_1__HOUSEHOLD,1680,74,98933.9296875,0.02967395801016805,mean_spl,0.13219545066730387
store_cat,5,SetTransformer_Q,SetTransformer,TX_2__FOODS,1680,75,167087.09375,0.05011562180578134,mean_spl,0.12927239653165157
store_cat,5,SetTransformer_Q,SetTransformer,TX_2__HOBBIES,1680,76,52974.6171875,0.015889054149490787,mean_spl,0.20503302985557326
store_cat,5,SetTransformer_Q,SetTransformer,TX_2__HOUSEHOLD,1680,77,107912.78125,0.032367048895031794,mean_spl,0.13953270236000603
store_cat,5,SetTransformer_Q,SetTransformer,TX_3__FOODS,1680,78,166985.515625,0.05008515475544256,mean_spl,0.1175491122789494
store_cat,5,SetTransformer_Q,SetTransformer,TX_3__HOBBIES,1680,79,58107.6953125,0.017428654822639902,mean_spl,0.21376397769660746
store_cat,5,SetTransformer_Q,SetTransformer,TX_3__HOUSEHOLD,1680,80,107518.1171875,0.03224867449248113,mean_spl,0.19288458882799991
store_cat,5,SetTransformer_Q,SetTransformer,WI_1__FOODS,1680,81,161832.640625,0.04853961626460706,mean_spl,0.18324202742848536
store_cat,5,SetTransformer_Q,SetTransformer,WI_1__HOBBIES,1680,82,40999.46875,0.012297262607172198,mean_spl,0.18695328530775562
store_cat,5,SetTransformer_Q,SetTransformer,WI_1__HOUSEHOLD,1680,83,79151.3125,0.023740416771006367,mean_spl,0.24331516516222595
store_cat,5,SetTransformer_Q,SetTransformer,WI_2__FOODS,1680,84,203877.3125,0.06115037408764012,mean_spl,0.16581420154184198
store_cat,5,SetTransformer_Q,SetTransformer,WI_2__HOBBIES,1680,85,27185.30078125,0.00815388084173639,mean_spl,0.3160860277423663
store_cat,5,SetTransformer_Q,SetTransformer,WI_2__HOUSEHOLD,1680,86,100197.1875,0.030052855921153164,mean_spl,0.605166436923671
store_cat,5,SetTransformer_Q,SetTransformer,WI_3__FOODS,1680,87,143496.546875,0.04303994110031657,mean_spl,0.11240007974899346
store_cat,5,SetTransformer_Q,SetTransformer,WI_3__HOBBIES,1680,88,26074.580078125,0.007820734472137367,mean_spl,0.23466867901950503
store_cat,5,SetTransformer_Q,SetTransformer,WI_3__HOUSEHOLD,1680,89,71543.765625,0.021458631065716046,mean_spl,0.1623609244874336
store_cat,5,SetTransformer_Q,SetTransformer,CA_1__FOODS,1708,90,217884.71875,0.06483619848731188,mean_spl,0.12032089722239887
store_cat,5,SetTransformer_Q,SetTransformer,CA_1__HOBBIES,1708,91,64507.21875,0.01919548494604763,mean_spl,0.1329637927294928
store_cat,5,SetTransformer_Q,SetTransformer,CA_1__HOUSEHOLD,1708,92,115771.9140625,0.034450377440305296,mean_spl,0.11098120057588448
store_cat,5,SetTransformer_Q,SetTransformer,CA_2__FOODS,1708,93,193884.84375,0.0576945289471176,mean_spl,0.21652959598211552
store_cat,5,SetTransformer_Q,SetTransformer,CA_2__HOBBIES,1708,94,42587.80859375,0.012672901647096451,mean_spl,0.22332963918436854
store_cat,5,SetTransformer_Q,SetTransformer,CA_2__HOUSEHOLD,1708,95,128741.3828125,0.038309716704546325,mean_spl,0.1601579466647262
store_cat,5,SetTransformer_Q,SetTransformer,CA_3__FOODS,1708,96,291962.8125,0.08687969936929697,mean_spl,0.12536766614258454
store_cat,5,SetTransformer_Q,SetTransformer,CA_3__HOBBIES,1708,97,65857.7265625,0.019597357060311797,mean_spl,0.20103037292742396
store_cat,5,SetTransformer_Q,SetTransformer,CA_3__HOUSEHOLD,1708,98,199975.203125,0.05950684397114477,mean_spl,0.1803544234219759
store_cat,5,SetTransformer_Q,SetTransformer,CA_4__FOODS,1708,99,125175.40625,0.037248585086258605,mean_spl,0.13830252289146694
store_cat,5,SetTransformer_Q,SetTransformer,CA_4__HOBBIES,1708,100,37398.48828125,0.011128709820676824,mean_spl,0.2472093523428842
store_cat,5,SetTransformer_Q,SetTransformer,CA_4__HOUSEHOLD,1708,101,58208.20703125,0.017321081011646984,mean_spl,0.2604527797749178
store_cat,5,SetTransformer_Q,SetTransformer,TX_1__FOODS,1708,102,139721.296875,0.041577021964015685,mean_spl,0.08224340355899673
store_cat,5,SetTransformer_Q,SetTransformer,TX_1__HOBBIES,1708,103,32822.0,0.009766879104506042,mean_spl,0.24014593514840266
store_cat,5,SetTransformer_Q,SetTransformer,TX_1__HOUSEHOLD,1708,104,95720.7265625,0.02848372323841989,mean_spl,0.11750307961980536
store_cat,5,SetTransformer_Q,SetTransformer,TX_2__FOODS,1708,105,177167.65625,0.05271997683938926,mean_spl,0.08774986010969053
store_cat,5,SetTransformer_Q,SetTransformer,TX_2__HOBBIES,1708,106,51182.921875,0.015230559081363192,mean_spl,0.15828443068307493
store_cat,5,SetTransformer_Q,SetTransformer,TX_2__HOUSEHOLD,1708,107,103920.984375,0.030923883090972104,mean_spl,0.1192428964686384
store_cat,5,SetTransformer_Q,SetTransformer,TX_3__FOODS,1708,108,174264.703125,0.051856141844022645,mean_spl,0.15205363052008303
store_cat,5,SetTransformer_Q,SetTransformer,TX_3__HOBBIES,1708,109,58956.5390625,0.017543763007846123,mean_spl,0.16181288723512463
store_cat,5,SetTransformer_Q,SetTransformer,TX_3__HOUSEHOLD,1708,110,102524.9296875,0.030508457542373864,mean_spl,0.22215070546663795
store_cat,5,SetTransformer_Q,SetTransformer,WI_1__FOODS,1708,111,166160.796875,0.04944465343326154,mean_spl,0.1958798554420431
store_cat,5,SetTransformer_Q,SetTransformer,WI_1__HOBBIES,1708,112,41281.1328125,0.012284072679201298,mean_spl,0.14951713576396472
store_cat,5,SetTransformer_Q,SetTransformer,WI_1__HOUSEHOLD,1708,113,75338.0390625,0.022418424212235426,mean_spl,0.18841575707874872
store_cat,5,SetTransformer_Q,SetTransformer,WI_2__FOODS,1708,114,219979.84375,0.06545964716758208,mean_spl,0.16947204563234852
store_cat,5,SetTransformer_Q,SetTransformer,WI_2__HOBBIES,1708,115,27206.900390625,0.008095987658386832,mean_spl,0.22974437910678322
store_cat,5,SetTransformer_Q,SetTransformer,WI_2__HOUSEHOLD,1708,116,99922.2578125,0.02973397757309036,mean_spl,0.5078535965630127
store_cat,5,SetTransformer_Q,SetTransformer,WI_3__FOODS,1708,117,155858.3125,0.0463789316805747,mean_spl,0.12041574195642446
store_cat,5,SetTransformer_Q,SetTransformer,WI_3__HOBBIES,1708,118,26131.451171875,0.007775965036286816,mean_spl,0.19523989632872707
store_cat,5,SetTransformer_Q,SetTransformer,WI_3__HOUSEHOLD,1708,119,70425.015625,0.020956450354710988,mean_spl,0.16684139160682196
