=== Phase 1: Cache ===
Using cache directory: /root/autodl-tmp/m5/cache
[M5-PREP] Building item-store panel from raw CSV tables...
[M5-PREP] Applying reproducible store-SKU sampling (frac=0.3000, seed=42)...
[M5-PREP] Store-SKU sampling kept 9147/30490 units (30.00%); panel rows=17754327 | stage 00:20 | total 00:20
[M5-PREP] Built and cached panel with shape=(17754327, 26) | stage 01:42 | total 01:42
[M5-PREP] Building fast task arrays for task=store_dept...
[M5-PREP] task=store_dept aggregate tensor build: 1/70 (  1.4%) | elapsed 00:18 | ETA 20:18
[M5-PREP] task=store_dept aggregate tensor build: 70/70 (100.0%) | elapsed 00:21 | ETA 00:00
[M5-PREP] Fast task arrays ready for task=store_dept with 70 aggregates | stage 00:21 | total 00:21
[M5-PREP] task=store_dept split=final_train_samples started...
[M5-PREP] task=store_dept split=final_train_samples: 4060/4060 (100.0%) | elapsed 00:01 | ETA 00:00
[M5-PREP] task=store_dept split=final_train_samples finished with 4060 samples | stage 00:01 | total 00:01
[M5-PREP] task=store_dept split=internal_valid_samples started...
[M5-PREP] task=store_dept split=internal_valid_samples: 210/210 (100.0%) | elapsed 00:00 | ETA 00:00
[M5-PREP] task=store_dept split=internal_valid_samples finished with 210 samples | stage 00:00 | total 00:00
[M5-PREP] task=store_dept split=test_samples started...
[M5-PREP] task=store_dept split=test_samples: 280/280 (100.0%) | elapsed 00:00 | ETA 00:00
[M5-PREP] task=store_dept split=test_samples finished with 280 samples | stage 00:00 | total 00:00
[M5-PREP] Loading cached item-store panel...
[M5-PREP] Loaded cached panel with shape=(17754327, 26) | stage 00:04 | total 00:04
[M5-PREP] Building fast task arrays for task=store_cat...
[M5-PREP] task=store_cat aggregate tensor build: 1/30 (  3.3%) | elapsed 00:17 | ETA 08:19
[M5-PREP] task=store_cat aggregate tensor build: 30/30 (100.0%) | elapsed 00:20 | ETA 00:00
[M5-PREP] Fast task arrays ready for task=store_cat with 30 aggregates | stage 00:20 | total 00:20
[M5-PREP] task=store_cat split=final_train_samples started...
[M5-PREP] task=store_cat split=final_train_samples: 1740/1740 (100.0%) | elapsed 00:00 | ETA 00:00
[M5-PREP] task=store_cat split=final_train_samples finished with 1740 samples | stage 00:00 | total 00:00
[M5-PREP] task=store_cat split=internal_valid_samples started...
[M5-PREP] task=store_cat split=internal_valid_samples: 90/90 (100.0%) | elapsed 00:00 | ETA 00:00
[M5-PREP] task=store_cat split=internal_valid_samples finished with 90 samples | stage 00:00 | total 00:00
[M5-PREP] task=store_cat split=test_samples started...
[M5-PREP] task=store_cat split=test_samples: 120/120 (100.0%) | elapsed 00:00 | ETA 00:00
[M5-PREP] task=store_cat split=test_samples finished with 120 samples | stage 00:00 | total 00:00
[M5-PREP] Loading cached item-store panel...
[M5-PREP] Loaded cached panel with shape=(17754327, 26) | stage 00:04 | total 00:04
[M5-PREP] Building fast task arrays for task=state_dept...
[M5-PREP] task=state_dept aggregate tensor build: 1/21 (  4.8%) | elapsed 00:19 | ETA 06:14
[M5-PREP] task=state_dept aggregate tensor build: 21/21 (100.0%) | elapsed 00:22 | ETA 00:00
[M5-PREP] Fast task arrays ready for task=state_dept with 21 aggregates | stage 00:22 | total 00:22
[M5-PREP] task=state_dept split=final_train_samples started...
[M5-PREP] task=state_dept split=final_train_samples: 1218/1218 (100.0%) | elapsed 00:00 | ETA 00:00
[M5-PREP] task=state_dept split=final_train_samples finished with 1218 samples | stage 00:00 | total 00:00
[M5-PREP] task=state_dept split=internal_valid_samples started...
[M5-PREP] task=state_dept split=internal_valid_samples: 63/63 (100.0%) | elapsed 00:00 | ETA 00:00
[M5-PREP] task=state_dept split=internal_valid_samples finished with 63 samples | stage 00:00 | total 00:00
[M5-PREP] task=state_dept split=test_samples started...
[M5-PREP] task=state_dept split=test_samples: 84/84 (100.0%) | elapsed 00:00 | ETA 00:00
[M5-PREP] task=state_dept split=test_samples finished with 84 samples | stage 00:00 | total 00:00
====================================================================================================
M5 EXPERIMENT SUMMARY
====================================================================================================

Task: store_dept
  # aggregate units: 70
  # child sku ids:    9147
  # time points:      1941
  sampled store-SKUs: frac=0.3 seed=42
  hist features:      ['sell_price', 'price_change_ratio', 'snap_flag', 'event_flag', 'wday', 'month']
  future features:    ['sell_price', 'price_change_ratio', 'snap_flag', 'event_flag', 'wday', 'month']
  final train samples: 4060
  internal valid samples: 210
  test samples: 280

Task: store_cat
  # aggregate units: 30
  # child sku ids:    9147
  # time points:      1941
  sampled store-SKUs: frac=0.3 seed=42
  hist features:      ['sell_price', 'price_change_ratio', 'snap_flag', 'event_flag', 'wday', 'month']
  future features:    ['sell_price', 'price_change_ratio', 'snap_flag', 'event_flag', 'wday', 'month']
  final train samples: 1740
  internal valid samples: 90
  test samples: 120

Task: state_dept
  # aggregate units: 21
  # child sku ids:    9147
  # time points:      1941
  sampled store-SKUs: frac=0.3 seed=42
  hist features:      ['sell_price', 'price_change_ratio', 'snap_flag', 'event_flag', 'wday', 'month']
  future features:    ['sell_price', 'price_change_ratio', 'snap_flag', 'event_flag', 'wday', 'month']
  final train samples: 1218
  internal valid samples: 63
  test samples: 84

Cache ready at: /root/autodl-tmp/m5/cache
=== Phase 2: Tuning M3_FullSkuTemporalCNN ===
Using cache directory: /root/autodl-tmp/m5/cache
Resolved search profile: large30
Active search space for M3_FullSkuTemporalCNN: {'hidden_dim': [64, 96, 128], 'dropout': (0.02, 0.12), 'lr': (0.0002, 0.0008), 'weight_decay': (1e-05, 0.0005), 'batch_size': [8, 16], 'cnn_num_blocks': [2, 3], 'cnn_kernel_size': [3, 5], 'num_heads': [2, 4], 'num_sab_layers': [1, 2], 'num_seeds': [1], 'num_inducing_points': [16, 32]}
Loaded warm-start params for M3_FullSkuTemporalCNN: {'batch_size': 16, 'cnn_kernel_size': 5, 'cnn_num_blocks': 2, 'dropout': 0.05698379063548542, 'epochs': 32, 'hidden_dim': 96, 'lag_windows': [7, 14, 28, 56], 'lr': 0.0006358398347237379, 'model_name': 'SkuTemporalCNN', 'patience': 8, 'recent_window': 14, 'stage1_objective': 0.9143965432462978, 'stage2_objective': 0.8835587022480197, 'stat_windows': [7, 28, 56], 'trial_number': 8, 'use_permreg': False, 'weight_decay': 0.000161360531728048}
Building/loading cached experiment artifacts...
[M5-PREP] Loading cached task package for task=store_dept...
[M5-PREP] Loaded cached task package for task=store_dept | stage 00:00 | total 00:00
[M5-PREP] Loading cached samples: task=store_dept split=final_train_samples...
[M5-PREP] Loaded cached samples: task=store_dept split=final_train_samples n=4060 | stage 00:01 | total 00:01
[M5-PREP] Loading cached samples: task=store_dept split=internal_valid_samples...
[M5-PREP] Loaded cached samples: task=store_dept split=internal_valid_samples n=210 | stage 00:00 | total 00:00
[M5-PREP] Loading cached samples: task=store_dept split=test_samples...
[M5-PREP] Loaded cached samples: task=store_dept split=test_samples n=280 | stage 00:00 | total 00:00
[M5-PREP] Loading cached task package for task=store_cat...
[M5-PREP] Loaded cached task package for task=store_cat | stage 00:00 | total 00:00
[M5-PREP] Loading cached samples: task=store_cat split=final_train_samples...
[M5-PREP] Loaded cached samples: task=store_cat split=final_train_samples n=1740 | stage 00:01 | total 00:01
[M5-PREP] Loading cached samples: task=store_cat split=internal_valid_samples...
[M5-PREP] Loaded cached samples: task=store_cat split=internal_valid_samples n=90 | stage 00:00 | total 00:00
[M5-PREP] Loading cached samples: task=store_cat split=test_samples...
[M5-PREP] Loaded cached samples: task=store_cat split=test_samples n=120 | stage 00:00 | total 00:00
[M5-PREP] Loading cached task package for task=state_dept...
[M5-PREP] Loaded cached task package for task=state_dept | stage 00:00 | total 00:00
[M5-PREP] Loading cached samples: task=state_dept split=final_train_samples...
[M5-PREP] Loaded cached samples: task=state_dept split=final_train_samples n=1218 | stage 00:01 | total 00:01
[M5-PREP] Loading cached samples: task=state_dept split=internal_valid_samples...
[M5-PREP] Loaded cached samples: task=state_dept split=internal_valid_samples n=63 | stage 00:00 | total 00:00
[M5-PREP] Loading cached samples: task=state_dept split=test_samples...
[M5-PREP] Loaded cached samples: task=state_dept split=test_samples n=84 | stage 00:00 | total 00:00
[I 2026-04-26 16:25:28,091] A new study created in RDB with name: m5_multistage_tuning
Enqueuing warm-start Optuna trial: {'hidden_dim': 96, 'batch_size': 16, 'cnn_num_blocks': 2, 'cnn_kernel_size': 5, 'dropout': 0.05698379063548542, 'lr': 0.0006358398347237379, 'weight_decay': 0.000161360531728048}
Training samples: 1624 | Validation samples: 210
Early stopping at epoch 9
[I 2026-04-26 16:25:58,918] Trial 0 finished with value: 0.9134124932325539 and parameters: {'hidden_dim': 96, 'dropout': 0.05698379063548542, 'lr': 0.0006358398347237379, 'weight_decay': 0.000161360531728048, 'batch_size': 16, 'cnn_num_blocks': 2, 'cnn_kernel_size': 5}. Best is trial 0 with value: 0.9134124932325539.
Training samples: 1624 | Validation samples: 210
[I 2026-04-26 16:26:31,650] Trial 1 finished with value: 0.8924852124645998 and parameters: {'hidden_dim': 96, 'dropout': 0.07986584841970365, 'lr': 0.00024829191436850196, 'weight_decay': 1.8408992080552506e-05, 'batch_size': 16, 'cnn_num_blocks': 3, 'cnn_kernel_size': 5}. Best is trial 1 with value: 0.8924852124645998.
Training samples: 1624 | Validation samples: 210
[I 2026-04-26 16:27:03,568] Trial 2 finished with value: 0.8809467781694993 and parameters: {'hidden_dim': 64, 'dropout': 0.03834045098534338, 'lr': 0.0003049313509367067, 'weight_decay': 7.790143126276238e-05, 'batch_size': 8, 'cnn_num_blocks': 2, 'cnn_kernel_size': 5}. Best is trial 2 with value: 0.8809467781694993.
Training samples: 1624 | Validation samples: 210
Early stopping at epoch 10
[I 2026-04-26 16:27:49,181] Trial 3 finished with value: 0.9210294825556989 and parameters: {'hidden_dim': 96, 'dropout': 0.07142344384136115, 'lr': 0.00045467293795974046, 'weight_decay': 1.1992724522955148e-05, 'batch_size': 8, 'cnn_num_blocks': 3, 'cnn_kernel_size': 3}. Best is trial 2 with value: 0.8809467781694993.
Training samples: 1624 | Validation samples: 210
[I 2026-04-26 16:28:20,776] Trial 4 finished with value: 0.882981821907269 and parameters: {'hidden_dim': 128, 'dropout': 0.06401524937396012, 'lr': 0.00023686687710752996, 'weight_decay': 6.938901412739398e-05, 'batch_size': 16, 'cnn_num_blocks': 3, 'cnn_kernel_size': 5}. Best is trial 2 with value: 0.8809467781694993.
Training samples: 1624 | Validation samples: 210
[I 2026-04-26 16:28:36,043] Trial 5 pruned. Pruned at stage=stage1, task=store_dept, fold=0, epoch=5
Training samples: 1624 | Validation samples: 210
[I 2026-04-26 16:28:58,850] Trial 6 pruned. Pruned at stage=stage1, task=store_dept, fold=0, epoch=8
Training samples: 1624 | Validation samples: 210
[I 2026-04-26 16:29:32,188] Trial 7 pruned. Pruned at stage=stage1, task=store_dept, fold=0, epoch=8
Training samples: 1624 | Validation samples: 210
[I 2026-04-26 16:29:52,727] Trial 8 pruned. Pruned at stage=stage1, task=store_dept, fold=0, epoch=8
Training samples: 1624 | Validation samples: 210
[I 2026-04-26 16:30:05,232] Trial 9 pruned. Pruned at stage=stage1, task=store_dept, fold=0, epoch=5
Training samples: 1624 | Validation samples: 210
[I 2026-04-26 16:30:37,344] Trial 10 pruned. Pruned at stage=stage1, task=store_dept, fold=0, epoch=8
Training samples: 1624 | Validation samples: 210
[I 2026-04-26 16:30:59,446] Trial 11 pruned. Pruned at stage=stage1, task=store_dept, fold=0, epoch=5
Training samples: 1624 | Validation samples: 210
[I 2026-04-26 16:31:40,722] Trial 12 finished with value: 0.8829564107249062 and parameters: {'hidden_dim': 128, 'dropout': 0.04400665831386537, 'lr': 0.00020564626498382444, 'weight_decay': 3.273251909543837e-05, 'batch_size': 8, 'cnn_num_blocks': 2, 'cnn_kernel_size': 5}. Best is trial 2 with value: 0.8809467781694993.
Training samples: 1624 | Validation samples: 210
[I 2026-04-26 16:32:05,232] Trial 13 pruned. Pruned at stage=stage1, task=store_dept, fold=0, epoch=6
Training samples: 1624 | Validation samples: 210
[I 2026-04-26 16:32:45,969] Trial 14 finished with value: 0.8936187083343654 and parameters: {'hidden_dim': 128, 'dropout': 0.03990010020097501, 'lr': 0.00020060259741675222, 'weight_decay': 2.7119920893751008e-05, 'batch_size': 8, 'cnn_num_blocks': 2, 'cnn_kernel_size': 5}. Best is trial 2 with value: 0.8809467781694993.
Training samples: 1624 | Validation samples: 210
[I 2026-04-26 16:33:06,518] Trial 15 pruned. Pruned at stage=stage1, task=store_dept, fold=0, epoch=5
Training samples: 1624 | Validation samples: 210
[I 2026-04-26 16:33:31,322] Trial 16 pruned. Pruned at stage=stage1, task=store_dept, fold=0, epoch=6
Training samples: 1624 | Validation samples: 210
[I 2026-04-26 16:33:51,742] Trial 17 pruned. Pruned at stage=stage1, task=store_dept, fold=0, epoch=5
Training samples: 1624 | Validation samples: 210
[I 2026-04-26 16:34:12,945] Trial 18 pruned. Pruned at stage=stage1, task=store_dept, fold=0, epoch=5
Training samples: 1624 | Validation samples: 210
[I 2026-04-26 16:34:53,464] Trial 19 finished with value: 0.8849416969085772 and parameters: {'hidden_dim': 64, 'dropout': 0.020673243575638295, 'lr': 0.0005095767562825478, 'weight_decay': 0.00011765304857692499, 'batch_size': 8, 'cnn_num_blocks': 2, 'cnn_kernel_size': 5}. Best is trial 2 with value: 0.8809467781694993.
Training samples: 1624 | Validation samples: 210
[I 2026-04-26 16:35:14,267] Trial 20 pruned. Pruned at stage=stage1, task=store_dept, fold=0, epoch=5
Training samples: 1624 | Validation samples: 210
[I 2026-04-26 16:35:30,139] Trial 21 pruned. Pruned at stage=stage1, task=store_dept, fold=0, epoch=5
Training samples: 1624 | Validation samples: 210
[I 2026-04-26 16:36:00,029] Trial 22 finished with value: 0.8897231964440099 and parameters: {'hidden_dim': 128, 'dropout': 0.065161428915048, 'lr': 0.00022978591352308146, 'weight_decay': 7.525155855717554e-05, 'batch_size': 16, 'cnn_num_blocks': 3, 'cnn_kernel_size': 5}. Best is trial 2 with value: 0.8809467781694993.
Training samples: 1624 | Validation samples: 210
[I 2026-04-26 16:36:15,240] Trial 23 pruned. Pruned at stage=stage1, task=store_dept, fold=0, epoch=5
Training samples: 1624 | Validation samples: 210
[I 2026-04-26 16:36:59,216] Trial 24 finished with value: 0.8730264562526292 and parameters: {'hidden_dim': 128, 'dropout': 0.07376749289413162, 'lr': 0.00022102946284689905, 'weight_decay': 3.319968222243609e-05, 'batch_size': 8, 'cnn_num_blocks': 3, 'cnn_kernel_size': 5}. Best is trial 24 with value: 0.8730264562526292.
Training samples: 1624 | Validation samples: 210
[I 2026-04-26 16:37:20,316] Trial 25 pruned. Pruned at stage=stage1, task=store_dept, fold=0, epoch=5
Training samples: 1624 | Validation samples: 210
[I 2026-04-26 16:37:42,388] Trial 26 pruned. Pruned at stage=stage1, task=store_dept, fold=0, epoch=5
Training samples: 1624 | Validation samples: 210
[I 2026-04-26 16:38:23,732] Trial 27 finished with value: 0.887282425508585 and parameters: {'hidden_dim': 128, 'dropout': 0.08972836165230239, 'lr': 0.00032554387342504146, 'weight_decay': 2.7736859800247353e-05, 'batch_size': 8, 'cnn_num_blocks': 2, 'cnn_kernel_size': 5}. Best is trial 24 with value: 0.8730264562526292.
Training samples: 1624 | Validation samples: 210
[I 2026-04-26 16:38:59,950] Trial 28 pruned. Pruned at stage=stage1, task=store_dept, fold=0, epoch=8
Training samples: 1624 | Validation samples: 210
[I 2026-04-26 16:39:21,070] Trial 29 pruned. Pruned at stage=stage1, task=store_dept, fold=0, epoch=5
Training samples: 1624 | Validation samples: 210
[I 2026-04-26 16:40:03,733] Trial 30 finished with value: 0.8883891624702001 and parameters: {'hidden_dim': 96, 'dropout': 0.060240006445095445, 'lr': 0.000278831931950865, 'weight_decay': 1.0209379277729639e-05, 'batch_size': 8, 'cnn_num_blocks': 2, 'cnn_kernel_size': 5}. Best is trial 24 with value: 0.8730264562526292.
Training samples: 1624 | Validation samples: 210
[I 2026-04-26 16:40:19,604] Trial 31 pruned. Pruned at stage=stage1, task=store_dept, fold=0, epoch=5
Training samples: 1624 | Validation samples: 210
[I 2026-04-26 16:40:43,715] Trial 32 pruned. Pruned at stage=stage1, task=store_dept, fold=0, epoch=8
Training samples: 1624 | Validation samples: 210
[I 2026-04-26 16:41:05,893] Trial 33 pruned. Pruned at stage=stage1, task=store_dept, fold=0, epoch=5
Training samples: 1624 | Validation samples: 210
[I 2026-04-26 16:41:30,336] Trial 34 pruned. Pruned at stage=stage1, task=store_dept, fold=0, epoch=8
Training samples: 1624 | Validation samples: 210
[I 2026-04-26 16:41:52,940] Trial 35 pruned. Pruned at stage=stage1, task=store_dept, fold=0, epoch=5
Training samples: 1624 | Validation samples: 210
[I 2026-04-26 16:42:07,861] Trial 36 pruned. Pruned at stage=stage1, task=store_dept, fold=0, epoch=5
Training samples: 1624 | Validation samples: 210
[I 2026-04-26 16:42:33,943] Trial 37 pruned. Pruned at stage=stage1, task=store_dept, fold=0, epoch=6
Training samples: 1624 | Validation samples: 210
[I 2026-04-26 16:42:51,964] Trial 38 pruned. Pruned at stage=stage1, task=store_dept, fold=0, epoch=5
Training samples: 1624 | Validation samples: 210
[I 2026-04-26 16:43:11,259] Trial 39 pruned. Pruned at stage=stage1, task=store_dept, fold=0, epoch=5
Training samples: 4060 | Validation samples: 210
Early stopping at epoch 15
Training samples: 1740 | Validation samples: 90
Early stopping at epoch 13
Training samples: 1218 | Validation samples: 63
Training samples: 4060 | Validation samples: 210
Training samples: 1740 | Validation samples: 90
Early stopping at epoch 17
Training samples: 1218 | Validation samples: 63
Training samples: 4060 | Validation samples: 210
Training samples: 1740 | Validation samples: 90
Training samples: 1218 | Validation samples: 63
Training samples: 4060 | Validation samples: 210
Training samples: 1740 | Validation samples: 90
Training samples: 1218 | Validation samples: 63
Training samples: 4060 | Validation samples: 210
Training samples: 1740 | Validation samples: 90
Early stopping at epoch 18
Training samples: 1218 | Validation samples: 63
Early stopping at epoch 20
Training samples: 4060 | Validation samples: 210
Early stopping at epoch 18
Training samples: 1740 | Validation samples: 90
Early stopping at epoch 17
Training samples: 1218 | Validation samples: 63
Early stopping at epoch 16
Training samples: 4060 | Validation samples: 210
Training samples: 1740 | Validation samples: 90
Early stopping at epoch 18
Training samples: 1218 | Validation samples: 63
Early stopping at epoch 19
Training samples: 4060 | Validation samples: 210
Training samples: 1740 | Validation samples: 90
Early stopping at epoch 20
Training samples: 1218 | Validation samples: 63
Early stopping at epoch 17
Training samples: 4060 | Validation samples: 210
Early stopping at epoch 17
Training samples: 1740 | Validation samples: 90
Early stopping at epoch 19
Training samples: 1218 | Validation samples: 63
Early stopping at epoch 21
Multistage tuning summary:
{'stage1_trials_csv': '/root/autodl-tmp/m5/work/30pct/01_tuning/M3_FullSkuTemporalCNN/stage1_trials.csv', 'stage2_confirmation_csv': '/root/autodl-tmp/m5/work/30pct/01_tuning/M3_FullSkuTemporalCNN/stage2_confirmation.csv', 'best_params_json': '/root/autodl-tmp/m5/work/30pct/01_tuning/M3_FullSkuTemporalCNN/best_params.json', 'best_params': {'model_name': 'SkuTemporalCNN', 'hidden_dim': 128, 'dropout': 0.04400665831386537, 'lr': 0.00020564626498382444, 'weight_decay': 3.273251909543837e-05, 'batch_size': 8, 'cnn_num_blocks': 2, 'cnn_kernel_size': 5, 'num_heads': 4, 'num_sab_layers': 2, 'num_seeds': 1, 'num_inducing_points': 32, 'search_profile': 'large30', 'store_sku_sample_frac': 0.3, 'recent_window': 14, 'lag_windows': [7, 14, 28, 56], 'stat_windows': [7, 28, 56], 'epochs': 24, 'patience': 6, 'use_permreg': False, 'stage1_objective': 0.8829564107249062, 'stage2_objective': 0.8384428149677867, 'trial_number': 12}, 'final_retrain_results_csv': '/root/autodl-tmp/m5/work/30pct/01_tuning/M3_FullSkuTemporalCNN/final_retrain_results.csv', 'final_mean_metric': 0.7523468355526514}
=== Phase 2: Tuning DeepSets ===
Using cache directory: /root/autodl-tmp/m5/cache
Resolved search profile: large30
Active search space for DeepSets: {'hidden_dim': [64, 96, 128], 'dropout': (0.01, 0.1), 'lr': (0.0001, 0.0005), 'weight_decay': (1e-06, 0.0001), 'batch_size': [8, 16], 'cnn_num_blocks': [2, 3], 'cnn_kernel_size': [3, 5], 'num_heads': [2, 4], 'num_sab_layers': [1, 2], 'num_seeds': [1], 'num_inducing_points': [16, 32]}
Loaded warm-start params for DeepSets: {'batch_size': 16, 'cnn_kernel_size': 3, 'cnn_num_blocks': 3, 'dropout': 0.024902317736738677, 'epochs': 32, 'hidden_dim': 96, 'lag_windows': [7, 14, 28, 56], 'lr': 0.0002553188685209476, 'model_name': 'DeepSets', 'patience': 8, 'recent_window': 14, 'stage1_objective': 0.922050810400047, 'stage2_objective': 0.8815324706269551, 'stat_windows': [7, 28, 56], 'trial_number': 21, 'use_permreg': False, 'weight_decay': 1.3175842347411643e-06}
Building/loading cached experiment artifacts...
[M5-PREP] Loading cached task package for task=store_dept...
[M5-PREP] Loaded cached task package for task=store_dept | stage 00:00 | total 00:00
[M5-PREP] Loading cached samples: task=store_dept split=final_train_samples...
[M5-PREP] Loaded cached samples: task=store_dept split=final_train_samples n=4060 | stage 00:01 | total 00:01
[M5-PREP] Loading cached samples: task=store_dept split=internal_valid_samples...
[M5-PREP] Loaded cached samples: task=store_dept split=internal_valid_samples n=210 | stage 00:00 | total 00:00
[M5-PREP] Loading cached samples: task=store_dept split=test_samples...
[M5-PREP] Loaded cached samples: task=store_dept split=test_samples n=280 | stage 00:00 | total 00:00
[M5-PREP] Loading cached task package for task=store_cat...
[M5-PREP] Loaded cached task package for task=store_cat | stage 00:00 | total 00:00
[M5-PREP] Loading cached samples: task=store_cat split=final_train_samples...
[M5-PREP] Loaded cached samples: task=store_cat split=final_train_samples n=1740 | stage 00:01 | total 00:01
[M5-PREP] Loading cached samples: task=store_cat split=internal_valid_samples...
[M5-PREP] Loaded cached samples: task=store_cat split=internal_valid_samples n=90 | stage 00:00 | total 00:00
[M5-PREP] Loading cached samples: task=store_cat split=test_samples...
[M5-PREP] Loaded cached samples: task=store_cat split=test_samples n=120 | stage 00:00 | total 00:00
[M5-PREP] Loading cached task package for task=state_dept...
[M5-PREP] Loaded cached task package for task=state_dept | stage 00:00 | total 00:00
[M5-PREP] Loading cached samples: task=state_dept split=final_train_samples...
[M5-PREP] Loaded cached samples: task=state_dept split=final_train_samples n=1218 | stage 00:01 | total 00:01
[M5-PREP] Loading cached samples: task=state_dept split=internal_valid_samples...
[M5-PREP] Loaded cached samples: task=state_dept split=internal_valid_samples n=63 | stage 00:00 | total 00:00
[M5-PREP] Loading cached samples: task=state_dept split=test_samples...
[M5-PREP] Loaded cached samples: task=state_dept split=test_samples n=84 | stage 00:00 | total 00:00
[I 2026-04-26 17:40:39,131] A new study created in RDB with name: m5_multistage_tuning
Enqueuing warm-start Optuna trial: {'hidden_dim': 96, 'batch_size': 16, 'cnn_num_blocks': 3, 'cnn_kernel_size': 3, 'dropout': 0.024902317736738677, 'lr': 0.0002553188685209476, 'weight_decay': 1.3175842347411643e-06}
Training samples: 1624 | Validation samples: 210
[I 2026-04-26 17:41:13,625] Trial 0 finished with value: 0.9001359848545419 and parameters: {'hidden_dim': 96, 'dropout': 0.024902317736738677, 'lr': 0.0002553188685209476, 'weight_decay': 1.3175842347411643e-06, 'batch_size': 16, 'cnn_num_blocks': 3, 'cnn_kernel_size': 3}. Best is trial 0 with value: 0.9001359848545419.
Training samples: 1624 | Validation samples: 210
[I 2026-04-26 17:41:46,317] Trial 1 finished with value: 0.9269150131480192 and parameters: {'hidden_dim': 96, 'dropout': 0.0638792635777333, 'lr': 0.00012854415975274456, 'weight_decay': 2.0511104188433975e-06, 'batch_size': 16, 'cnn_num_blocks': 3, 'cnn_kernel_size': 5}. Best is trial 0 with value: 0.9001359848545419.
Training samples: 1624 | Validation samples: 210
[I 2026-04-26 17:42:29,024] Trial 2 finished with value: 0.8807531945984494 and parameters: {'hidden_dim': 64, 'dropout': 0.026506405886809047, 'lr': 0.00016317596956423415, 'weight_decay': 1.120760621186056e-05, 'batch_size': 8, 'cnn_num_blocks': 2, 'cnn_kernel_size': 5}. Best is trial 2 with value: 0.8807531945984494.
Training samples: 1624 | Validation samples: 210
[I 2026-04-26 17:43:15,880] Trial 3 finished with value: 0.9432497987146936 and parameters: {'hidden_dim': 96, 'dropout': 0.05628109945722505, 'lr': 0.0002594657353877963, 'weight_decay': 1.2385137298860933e-06, 'batch_size': 8, 'cnn_num_blocks': 3, 'cnn_kernel_size': 3}. Best is trial 2 with value: 0.8807531945984494.
Training samples: 1624 | Validation samples: 210
[I 2026-04-26 17:43:47,962] Trial 4 finished with value: 0.8980555525452742 and parameters: {'hidden_dim': 128, 'dropout': 0.04961372443656412, 'lr': 0.00012170293883738795, 'weight_decay': 9.780337016659406e-06, 'batch_size': 16, 'cnn_num_blocks': 3, 'cnn_kernel_size': 5}. Best is trial 2 with value: 0.8807531945984494.
Training samples: 1624 | Validation samples: 210
[I 2026-04-26 17:44:19,808] Trial 5 finished with value: 0.9065728431133012 and parameters: {'hidden_dim': 128, 'dropout': 0.07976195410250031, 'lr': 0.0004536089127921626, 'weight_decay': 6.161049539380962e-05, 'batch_size': 16, 'cnn_num_blocks': 3, 'cnn_kernel_size': 5}. Best is trial 2 with value: 0.8807531945984494.
Training samples: 1624 | Validation samples: 210
[I 2026-04-26 17:44:40,650] Trial 6 pruned. Pruned at stage=stage1, task=store_dept, fold=0, epoch=7
Training samples: 1624 | Validation samples: 210
[I 2026-04-26 17:45:02,765] Trial 7 pruned. Pruned at stage=stage1, task=store_dept, fold=0, epoch=5
Training samples: 1624 | Validation samples: 210
Early stopping at epoch 8
[I 2026-04-26 17:45:25,043] Trial 8 finished with value: 0.9194368483785956 and parameters: {'hidden_dim': 128, 'dropout': 0.06738017242196918, 'lr': 0.0004169990777997925, 'weight_decay': 8.798929749689028e-06, 'batch_size': 16, 'cnn_num_blocks': 2, 'cnn_kernel_size': 3}. Best is trial 2 with value: 0.8807531945984494.
Training samples: 1624 | Validation samples: 210
[I 2026-04-26 17:45:37,861] Trial 9 pruned. Pruned at stage=stage1, task=store_dept, fold=0, epoch=5
Training samples: 1624 | Validation samples: 210
[I 2026-04-26 17:46:07,409] Trial 10 pruned. Pruned at stage=stage1, task=store_dept, fold=0, epoch=7
Training samples: 1624 | Validation samples: 210
[I 2026-04-26 17:46:29,471] Trial 11 pruned. Pruned at stage=stage1, task=store_dept, fold=0, epoch=5
Training samples: 1624 | Validation samples: 210
[I 2026-04-26 17:46:51,516] Trial 12 pruned. Pruned at stage=stage1, task=store_dept, fold=0, epoch=5
Training samples: 1624 | Validation samples: 210
[I 2026-04-26 17:47:18,362] Trial 13 pruned. Pruned at stage=stage1, task=store_dept, fold=0, epoch=6
Training samples: 1624 | Validation samples: 210
[I 2026-04-26 17:47:46,933] Trial 14 finished with value: 0.8824866747107798 and parameters: {'hidden_dim': 128, 'dropout': 0.03279947860847031, 'lr': 0.00020241367272673784, 'weight_decay': 4.1934239669035806e-05, 'batch_size': 16, 'cnn_num_blocks': 2, 'cnn_kernel_size': 5}. Best is trial 2 with value: 0.8807531945984494.
Training samples: 1624 | Validation samples: 210
[I 2026-04-26 17:48:16,924] Trial 15 pruned. Pruned at stage=stage1, task=store_dept, fold=0, epoch=7
Training samples: 1624 | Validation samples: 210
[I 2026-04-26 17:48:45,191] Trial 16 finished with value: 0.8910463489573796 and parameters: {'hidden_dim': 128, 'dropout': 0.017203762671780906, 'lr': 0.0002070916197279143, 'weight_decay': 3.776468424080107e-05, 'batch_size': 16, 'cnn_num_blocks': 2, 'cnn_kernel_size': 5}. Best is trial 2 with value: 0.8807531945984494.
Training samples: 1624 | Validation samples: 210
[I 2026-04-26 17:49:14,647] Trial 17 pruned. Pruned at stage=stage1, task=store_dept, fold=0, epoch=7
Training samples: 1624 | Validation samples: 210
Early stopping at epoch 9
[I 2026-04-26 17:49:53,639] Trial 18 finished with value: 0.8830851327840437 and parameters: {'hidden_dim': 128, 'dropout': 0.030781285623524793, 'lr': 0.0001967569263914974, 'weight_decay': 5.2396195076096055e-05, 'batch_size': 8, 'cnn_num_blocks': 2, 'cnn_kernel_size': 5}. Best is trial 2 with value: 0.8807531945984494.
Training samples: 1624 | Validation samples: 210
[I 2026-04-26 17:50:06,373] Trial 19 pruned. Pruned at stage=stage1, task=store_dept, fold=0, epoch=5
Training samples: 1624 | Validation samples: 210
[I 2026-04-26 17:50:31,923] Trial 20 pruned. Pruned at stage=stage1, task=store_dept, fold=0, epoch=6
Training samples: 1624 | Validation samples: 210
[I 2026-04-26 17:51:13,786] Trial 21 finished with value: 0.8869240044844169 and parameters: {'hidden_dim': 128, 'dropout': 0.02963870790370544, 'lr': 0.0001945039788654889, 'weight_decay': 4.3768884452051025e-05, 'batch_size': 8, 'cnn_num_blocks': 2, 'cnn_kernel_size': 5}. Best is trial 2 with value: 0.8807531945984494.
Training samples: 1624 | Validation samples: 210
[I 2026-04-26 17:51:55,832] Trial 22 finished with value: 0.8899371896945921 and parameters: {'hidden_dim': 128, 'dropout': 0.03722162769368484, 'lr': 0.0002216830335002028, 'weight_decay': 8.971246656013474e-05, 'batch_size': 8, 'cnn_num_blocks': 2, 'cnn_kernel_size': 5}. Best is trial 2 with value: 0.8807531945984494.
Training samples: 1624 | Validation samples: 210
[I 2026-04-26 17:52:38,703] Trial 23 finished with value: 0.8822221663813411 and parameters: {'hidden_dim': 128, 'dropout': 0.020427188158741977, 'lr': 0.00016215403678858064, 'weight_decay': 5.7670656840772035e-05, 'batch_size': 8, 'cnn_num_blocks': 2, 'cnn_kernel_size': 5}. Best is trial 2 with value: 0.8807531945984494.
Training samples: 1624 | Validation samples: 210
[I 2026-04-26 17:53:12,897] Trial 24 finished with value: 0.8746047950804137 and parameters: {'hidden_dim': 128, 'dropout': 0.020538049640339406, 'lr': 0.00015726886681556685, 'weight_decay': 3.214101158905825e-05, 'batch_size': 8, 'cnn_num_blocks': 2, 'cnn_kernel_size': 5}. Best is trial 24 with value: 0.8746047950804137.
Training samples: 1624 | Validation samples: 210
[I 2026-04-26 17:53:34,055] Trial 25 pruned. Pruned at stage=stage1, task=store_dept, fold=0, epoch=5
Training samples: 1624 | Validation samples: 210
[I 2026-04-26 17:53:51,624] Trial 26 pruned. Pruned at stage=stage1, task=store_dept, fold=0, epoch=5
Training samples: 1624 | Validation samples: 210
[I 2026-04-26 17:54:11,085] Trial 27 pruned. Pruned at stage=stage1, task=store_dept, fold=0, epoch=5
Training samples: 1624 | Validation samples: 210
[I 2026-04-26 17:54:55,486] Trial 28 finished with value: 0.875577096181957 and parameters: {'hidden_dim': 96, 'dropout': 0.025392623086284413, 'lr': 0.00017437750769968175, 'weight_decay': 2.5792999574144145e-05, 'batch_size': 8, 'cnn_num_blocks': 2, 'cnn_kernel_size': 5}. Best is trial 24 with value: 0.8746047950804137.
Training samples: 1624 | Validation samples: 210
[I 2026-04-26 17:55:16,436] Trial 29 pruned. Pruned at stage=stage1, task=store_dept, fold=0, epoch=5
Training samples: 1624 | Validation samples: 210
[I 2026-04-26 17:55:44,571] Trial 30 pruned. Pruned at stage=stage1, task=store_dept, fold=0, epoch=5
Training samples: 1624 | Validation samples: 210
[I 2026-04-26 17:56:16,239] Trial 31 pruned. Pruned at stage=stage1, task=store_dept, fold=0, epoch=7
Training samples: 1624 | Validation samples: 210
Early stopping at epoch 8
[I 2026-04-26 17:56:52,295] Trial 32 finished with value: 0.8931184056184955 and parameters: {'hidden_dim': 96, 'dropout': 0.01459903881077931, 'lr': 0.00017026374521957377, 'weight_decay': 3.121302837412442e-05, 'batch_size': 8, 'cnn_num_blocks': 2, 'cnn_kernel_size': 5}. Best is trial 24 with value: 0.8746047950804137.
Training samples: 1624 | Validation samples: 210
[I 2026-04-26 17:57:13,378] Trial 33 pruned. Pruned at stage=stage1, task=store_dept, fold=0, epoch=5
Training samples: 1624 | Validation samples: 210
[I 2026-04-26 17:57:37,380] Trial 34 pruned. Pruned at stage=stage1, task=store_dept, fold=0, epoch=5
Training samples: 1624 | Validation samples: 210
[I 2026-04-26 17:58:23,369] Trial 35 finished with value: 0.8720296153108272 and parameters: {'hidden_dim': 96, 'dropout': 0.03647933317536399, 'lr': 0.00016360757331819738, 'weight_decay': 3.8221692939275017e-05, 'batch_size': 8, 'cnn_num_blocks': 3, 'cnn_kernel_size': 5}. Best is trial 35 with value: 0.8720296153108272.
Training samples: 1624 | Validation samples: 210
[I 2026-04-26 17:58:55,496] Trial 36 pruned. Pruned at stage=stage1, task=store_dept, fold=0, epoch=7
Training samples: 1624 | Validation samples: 210
Early stopping at epoch 10
[I 2026-04-26 17:59:42,726] Trial 37 finished with value: 0.8764113548111204 and parameters: {'hidden_dim': 96, 'dropout': 0.05466097336701316, 'lr': 0.00018754025074392767, 'weight_decay': 7.714891773561503e-06, 'batch_size': 8, 'cnn_num_blocks': 3, 'cnn_kernel_size': 5}. Best is trial 35 with value: 0.8720296153108272.
Training samples: 1624 | Validation samples: 210
[I 2026-04-26 18:00:05,430] Trial 38 pruned. Pruned at stage=stage1, task=store_dept, fold=0, epoch=5
Training samples: 1624 | Validation samples: 210
[I 2026-04-26 18:00:29,264] Trial 39 pruned. Pruned at stage=stage1, task=store_dept, fold=0, epoch=5
Training samples: 4060 | Validation samples: 210
Early stopping at epoch 13
Training samples: 1740 | Validation samples: 90
Training samples: 1218 | Validation samples: 63
Training samples: 4060 | Validation samples: 210
Early stopping at epoch 16
Training samples: 1740 | Validation samples: 90
Training samples: 1218 | Validation samples: 63
Early stopping at epoch 19
Training samples: 4060 | Validation samples: 210
Early stopping at epoch 12
Training samples: 1740 | Validation samples: 90
Training samples: 1218 | Validation samples: 63
Early stopping at epoch 18
Training samples: 4060 | Validation samples: 210
Training samples: 1740 | Validation samples: 90
Training samples: 1218 | Validation samples: 63
Training samples: 4060 | Validation samples: 210
Training samples: 1740 | Validation samples: 90
Training samples: 1218 | Validation samples: 63
Training samples: 4060 | Validation samples: 210
Training samples: 1740 | Validation samples: 90
Early stopping at epoch 19
Training samples: 1218 | Validation samples: 63
Early stopping at epoch 18
Training samples: 4060 | Validation samples: 210
Training samples: 1740 | Validation samples: 90
Training samples: 1218 | Validation samples: 63
Training samples: 4060 | Validation samples: 210
Training samples: 1740 | Validation samples: 90
Training samples: 1218 | Validation samples: 63
Early stopping at epoch 19
Training samples: 4060 | Validation samples: 210
Early stopping at epoch 17
Training samples: 1740 | Validation samples: 90
Early stopping at epoch 21
Training samples: 1218 | Validation samples: 63
Early stopping at epoch 21
Multistage tuning summary:
{'stage1_trials_csv': '/root/autodl-tmp/m5/work/30pct/01_tuning/DeepSets/stage1_trials.csv', 'stage2_confirmation_csv': '/root/autodl-tmp/m5/work/30pct/01_tuning/DeepSets/stage2_confirmation.csv', 'best_params_json': '/root/autodl-tmp/m5/work/30pct/01_tuning/DeepSets/best_params.json', 'best_params': {'model_name': 'DeepSets', 'hidden_dim': 128, 'dropout': 0.030781285623524793, 'lr': 0.0001967569263914974, 'weight_decay': 5.2396195076096055e-05, 'batch_size': 8, 'cnn_num_blocks': 2, 'cnn_kernel_size': 5, 'num_heads': 4, 'num_sab_layers': 2, 'num_seeds': 1, 'num_inducing_points': 32, 'search_profile': 'large30', 'store_sku_sample_frac': 0.3, 'recent_window': 14, 'lag_windows': [7, 14, 28, 56], 'stat_windows': [7, 28, 56], 'epochs': 24, 'patience': 6, 'use_permreg': False, 'stage1_objective': 0.8830851327840437, 'stage2_objective': 0.8267925951533687, 'trial_number': 18}, 'final_retrain_results_csv': '/root/autodl-tmp/m5/work/30pct/01_tuning/DeepSets/final_retrain_results.csv', 'final_mean_metric': 0.79481424917616}
=== Phase 2: Tuning SetTransformer ===
Using cache directory: /root/autodl-tmp/m5/cache
Resolved search profile: large30
Active search space for SetTransformer: {'hidden_dim': [96, 128, 160], 'dropout': (0.02, 0.12), 'lr': (0.0001, 0.0005), 'weight_decay': (1e-06, 0.0001), 'batch_size': [4, 8, 16], 'cnn_num_blocks': [2, 3], 'cnn_kernel_size': [3, 5], 'num_heads': [2, 4], 'num_sab_layers': [1, 2], 'num_seeds': [1], 'num_inducing_points': [16, 32, 64]}
Loaded warm-start params for SetTransformer: {'batch_size': 16, 'cnn_kernel_size': 3, 'cnn_num_blocks': 3, 'dropout': 0.04601010444780344, 'epochs': 32, 'hidden_dim': 128, 'lag_windows': [7, 14, 28, 56], 'lr': 0.0003124335252569696, 'model_name': 'SetTransformer', 'patience': 8, 'recent_window': 14, 'stage1_objective': 0.9290473232584255, 'stage2_objective': 0.8798915177234906, 'stat_windows': [7, 28, 56], 'trial_number': 72, 'use_permreg': False, 'weight_decay': 4.026995262102029e-06}
Building/loading cached experiment artifacts...
[M5-PREP] Loading cached task package for task=store_dept...
[M5-PREP] Loaded cached task package for task=store_dept | stage 00:00 | total 00:00
[M5-PREP] Loading cached samples: task=store_dept split=final_train_samples...
[M5-PREP] Loaded cached samples: task=store_dept split=final_train_samples n=4060 | stage 00:01 | total 00:01
[M5-PREP] Loading cached samples: task=store_dept split=internal_valid_samples...
[M5-PREP] Loaded cached samples: task=store_dept split=internal_valid_samples n=210 | stage 00:00 | total 00:00
[M5-PREP] Loading cached samples: task=store_dept split=test_samples...
[M5-PREP] Loaded cached samples: task=store_dept split=test_samples n=280 | stage 00:00 | total 00:00
[M5-PREP] Loading cached task package for task=store_cat...
[M5-PREP] Loaded cached task package for task=store_cat | stage 00:00 | total 00:00
[M5-PREP] Loading cached samples: task=store_cat split=final_train_samples...
[M5-PREP] Loaded cached samples: task=store_cat split=final_train_samples n=1740 | stage 00:01 | total 00:01
[M5-PREP] Loading cached samples: task=store_cat split=internal_valid_samples...
[M5-PREP] Loaded cached samples: task=store_cat split=internal_valid_samples n=90 | stage 00:00 | total 00:00
[M5-PREP] Loading cached samples: task=store_cat split=test_samples...
[M5-PREP] Loaded cached samples: task=store_cat split=test_samples n=120 | stage 00:00 | total 00:00
[M5-PREP] Loading cached task package for task=state_dept...
[M5-PREP] Loaded cached task package for task=state_dept | stage 00:00 | total 00:00
[M5-PREP] Loading cached samples: task=state_dept split=final_train_samples...
[M5-PREP] Loaded cached samples: task=state_dept split=final_train_samples n=1218 | stage 00:01 | total 00:01
[M5-PREP] Loading cached samples: task=state_dept split=internal_valid_samples...
[M5-PREP] Loaded cached samples: task=state_dept split=internal_valid_samples n=63 | stage 00:00 | total 00:00
[M5-PREP] Loading cached samples: task=state_dept split=test_samples...
[M5-PREP] Loaded cached samples: task=state_dept split=test_samples n=84 | stage 00:00 | total 00:00
[I 2026-04-26 19:01:53,547] A new study created in RDB with name: m5_multistage_tuning
Enqueuing warm-start Optuna trial: {'hidden_dim': 128, 'batch_size': 16, 'cnn_num_blocks': 3, 'cnn_kernel_size': 3, 'num_heads': 4, 'num_sab_layers': 2, 'num_seeds': 1, 'num_inducing_points': 32, 'dropout': 0.04601010444780344, 'lr': 0.0003124335252569696, 'weight_decay': 4.026995262102029e-06}
Training samples: 1624 | Validation samples: 210
Early stopping at epoch 9
[I 2026-04-26 19:02:52,044] Trial 0 finished with value: 0.9153126620459787 and parameters: {'hidden_dim': 128, 'dropout': 0.04601010444780344, 'lr': 0.0003124335252569696, 'weight_decay': 4.026995262102029e-06, 'batch_size': 16, 'cnn_num_blocks': 3, 'cnn_kernel_size': 3, 'num_heads': 4, 'num_sab_layers': 2, 'num_inducing_points': 32}. Best is trial 0 with value: 0.9153126620459787.
Training samples: 1624 | Validation samples: 210
Early stopping at epoch 10
[I 2026-04-26 19:04:16,165] Trial 1 finished with value: 0.9060995757206368 and parameters: {'hidden_dim': 128, 'dropout': 0.07986584841970365, 'lr': 0.00012854415975274456, 'weight_decay': 2.0511104188433975e-06, 'batch_size': 8, 'cnn_num_blocks': 2, 'cnn_kernel_size': 3, 'num_heads': 2, 'num_sab_layers': 2, 'num_inducing_points': 16}. Best is trial 1 with value: 0.9060995757206368.
Training samples: 1624 | Validation samples: 210
[I 2026-04-26 19:05:03,888] Trial 2 finished with value: 0.9133933147865702 and parameters: {'hidden_dim': 96, 'dropout': 0.05663618432936916, 'lr': 0.000208343156115295, 'weight_decay': 3.718364180573207e-05, 'batch_size': 16, 'cnn_num_blocks': 3, 'cnn_kernel_size': 3, 'num_heads': 4, 'num_sab_layers': 1, 'num_inducing_points': 32}. Best is trial 1 with value: 0.9060995757206368.
Training samples: 1624 | Validation samples: 210
[I 2026-04-26 19:05:52,037] Trial 3 finished with value: 0.8959789070001781 and parameters: {'hidden_dim': 128, 'dropout': 0.1109320402078782, 'lr': 0.00015166293102182276, 'weight_decay': 2.1137059440645735e-05, 'batch_size': 16, 'cnn_num_blocks': 3, 'cnn_kernel_size': 5, 'num_heads': 2, 'num_sab_layers': 1, 'num_inducing_points': 64}. Best is trial 3 with value: 0.8959789070001781.
Training samples: 1624 | Validation samples: 210
[I 2026-04-26 19:06:45,381] Trial 4 pruned. Pruned at stage=stage1, task=store_dept, fold=0, epoch=6
Training samples: 1624 | Validation samples: 210
[I 2026-04-26 19:07:42,215] Trial 5 finished with value: 0.8785635771625531 and parameters: {'hidden_dim': 96, 'dropout': 0.026355835028602365, 'lr': 0.00016495569532358373, 'weight_decay': 4.470608546778493e-06, 'batch_size': 16, 'cnn_num_blocks': 2, 'cnn_kernel_size': 5, 'num_heads': 4, 'num_sab_layers': 2, 'num_inducing_points': 16}. Best is trial 5 with value: 0.8785635771625531.
Training samples: 1624 | Validation samples: 210
[I 2026-04-26 19:08:23,689] Trial 6 pruned. Pruned at stage=stage1, task=store_dept, fold=0, epoch=6
Training samples: 1624 | Validation samples: 210
[I 2026-04-26 19:09:48,613] Trial 7 finished with value: 0.90911832553049 and parameters: {'hidden_dim': 128, 'dropout': 0.031005192452767675, 'lr': 0.00014431778064182316, 'weight_decay': 7.1485107935129825e-06, 'batch_size': 8, 'cnn_num_blocks': 2, 'cnn_kernel_size': 3, 'num_heads': 4, 'num_sab_layers': 2, 'num_inducing_points': 64}. Best is trial 5 with value: 0.8785635771625531.
Training samples: 1624 | Validation samples: 210
[I 2026-04-26 19:11:27,796] Trial 8 pruned. Pruned at stage=stage1, task=store_dept, fold=0, epoch=6
Training samples: 1624 | Validation samples: 210
[I 2026-04-26 19:14:14,275] Trial 9 finished with value: 0.9051808717914517 and parameters: {'hidden_dim': 160, 'dropout': 0.07357746840747584, 'lr': 0.00011564046809668843, 'weight_decay': 4.6838717081187284e-05, 'batch_size': 4, 'cnn_num_blocks': 3, 'cnn_kernel_size': 5, 'num_heads': 4, 'num_sab_layers': 2, 'num_inducing_points': 32}. Best is trial 5 with value: 0.8785635771625531.
Training samples: 1624 | Validation samples: 210
[I 2026-04-26 19:14:42,241] Trial 10 pruned. Pruned at stage=stage1, task=store_dept, fold=0, epoch=6
Training samples: 1624 | Validation samples: 210
[I 2026-04-26 19:15:08,864] Trial 11 pruned. Pruned at stage=stage1, task=store_dept, fold=0, epoch=6
Training samples: 1624 | Validation samples: 210
[I 2026-04-26 19:15:35,307] Trial 12 pruned. Pruned at stage=stage1, task=store_dept, fold=0, epoch=6
Training samples: 1624 | Validation samples: 210
[I 2026-04-26 19:16:04,620] Trial 13 pruned. Pruned at stage=stage1, task=store_dept, fold=0, epoch=6
Training samples: 1624 | Validation samples: 210
[I 2026-04-26 19:16:59,843] Trial 14 pruned. Pruned at stage=stage1, task=store_dept, fold=0, epoch=6
Training samples: 1624 | Validation samples: 210
[I 2026-04-26 19:17:26,389] Trial 15 pruned. Pruned at stage=stage1, task=store_dept, fold=0, epoch=6
Training samples: 1624 | Validation samples: 210
[I 2026-04-26 19:19:54,318] Trial 16 finished with value: 0.8655628381603192 and parameters: {'hidden_dim': 96, 'dropout': 0.04031749280282185, 'lr': 0.00017285142968351174, 'weight_decay': 2.767261963692326e-05, 'batch_size': 4, 'cnn_num_blocks': 3, 'cnn_kernel_size': 5, 'num_heads': 2, 'num_sab_layers': 2, 'num_inducing_points': 16}. Best is trial 16 with value: 0.8655628381603192.
Training samples: 1624 | Validation samples: 210
[I 2026-04-26 19:21:10,734] Trial 17 pruned. Pruned at stage=stage1, task=store_dept, fold=0, epoch=5
Training samples: 1624 | Validation samples: 210
[I 2026-04-26 19:22:44,594] Trial 18 pruned. Pruned at stage=stage1, task=store_dept, fold=0, epoch=6
Training samples: 1624 | Validation samples: 210
[I 2026-04-26 19:25:29,415] Trial 19 finished with value: 0.8848011329423828 and parameters: {'hidden_dim': 96, 'dropout': 0.035735194972967205, 'lr': 0.0001817440090777398, 'weight_decay': 2.0834903392197257e-06, 'batch_size': 4, 'cnn_num_blocks': 3, 'cnn_kernel_size': 5, 'num_heads': 2, 'num_sab_layers': 2, 'num_inducing_points': 16}. Best is trial 16 with value: 0.8655628381603192.
Training samples: 1624 | Validation samples: 210
[I 2026-04-26 19:27:55,854] Trial 20 pruned. Pruned at stage=stage1, task=store_dept, fold=0, epoch=9
Training samples: 1624 | Validation samples: 210
[I 2026-04-26 19:30:39,388] Trial 21 finished with value: 0.887736201787098 and parameters: {'hidden_dim': 96, 'dropout': 0.032230529347303076, 'lr': 0.0001781774890240199, 'weight_decay': 2.0902427939289635e-06, 'batch_size': 4, 'cnn_num_blocks': 3, 'cnn_kernel_size': 5, 'num_heads': 2, 'num_sab_layers': 2, 'num_inducing_points': 16}. Best is trial 16 with value: 0.8655628381603192.
Training samples: 1624 | Validation samples: 210
[I 2026-04-26 19:33:23,628] Trial 22 finished with value: 0.8869637131943698 and parameters: {'hidden_dim': 96, 'dropout': 0.04002343376646747, 'lr': 0.00017321875760488943, 'weight_decay': 1.0177299199714731e-06, 'batch_size': 4, 'cnn_num_blocks': 3, 'cnn_kernel_size': 5, 'num_heads': 2, 'num_sab_layers': 2, 'num_inducing_points': 16}. Best is trial 16 with value: 0.8655628381603192.
Training samples: 1624 | Validation samples: 210
[I 2026-04-26 19:35:34,022] Trial 23 pruned. Pruned at stage=stage1, task=store_dept, fold=0, epoch=9
Training samples: 1624 | Validation samples: 210
[I 2026-04-26 19:38:13,281] Trial 24 pruned. Pruned at stage=stage1, task=store_dept, fold=0, epoch=10
Training samples: 1624 | Validation samples: 210
[I 2026-04-26 19:40:45,271] Trial 25 finished with value: 0.892700593965483 and parameters: {'hidden_dim': 96, 'dropout': 0.03829097126887525, 'lr': 0.00020600516770397166, 'weight_decay': 7.894944453639666e-06, 'batch_size': 4, 'cnn_num_blocks': 3, 'cnn_kernel_size': 5, 'num_heads': 2, 'num_sab_layers': 2, 'num_inducing_points': 16}. Best is trial 16 with value: 0.8655628381603192.
Training samples: 1624 | Validation samples: 210
[I 2026-04-26 19:43:21,187] Trial 26 finished with value: 0.8670698375099346 and parameters: {'hidden_dim': 160, 'dropout': 0.02676563915781212, 'lr': 0.00017104518344723048, 'weight_decay': 3.0089668225756894e-06, 'batch_size': 4, 'cnn_num_blocks': 2, 'cnn_kernel_size': 5, 'num_heads': 4, 'num_sab_layers': 2, 'num_inducing_points': 16}. Best is trial 16 with value: 0.8655628381603192.
Training samples: 1624 | Validation samples: 210
[I 2026-04-26 19:46:04,084] Trial 27 finished with value: 0.8885896169001807 and parameters: {'hidden_dim': 160, 'dropout': 0.02687409090616405, 'lr': 0.00010421934775822989, 'weight_decay': 3.3456193345024543e-06, 'batch_size': 4, 'cnn_num_blocks': 2, 'cnn_kernel_size': 5, 'num_heads': 4, 'num_sab_layers': 2, 'num_inducing_points': 16}. Best is trial 16 with value: 0.8655628381603192.
Training samples: 1624 | Validation samples: 210
[I 2026-04-26 19:46:57,556] Trial 28 pruned. Pruned at stage=stage1, task=store_dept, fold=0, epoch=6
Training samples: 1624 | Validation samples: 210
Early stopping at epoch 10
[I 2026-04-26 19:49:33,490] Trial 29 finished with value: 0.8818742273495488 and parameters: {'hidden_dim': 160, 'dropout': 0.04598521078945843, 'lr': 0.0003029833562281133, 'weight_decay': 3.4059205667183053e-06, 'batch_size': 4, 'cnn_num_blocks': 2, 'cnn_kernel_size': 3, 'num_heads': 4, 'num_sab_layers': 2, 'num_inducing_points': 16}. Best is trial 16 with value: 0.8655628381603192.
Training samples: 1624 | Validation samples: 210
[I 2026-04-26 19:50:16,729] Trial 30 pruned. Pruned at stage=stage1, task=store_dept, fold=0, epoch=5
Training samples: 1624 | Validation samples: 210
[I 2026-04-26 19:51:54,986] Trial 31 pruned. Pruned at stage=stage1, task=store_dept, fold=0, epoch=6
Training samples: 1624 | Validation samples: 210
[I 2026-04-26 19:53:18,055] Trial 32 pruned. Pruned at stage=stage1, task=store_dept, fold=0, epoch=5
Training samples: 1624 | Validation samples: 210
[I 2026-04-26 19:54:54,718] Trial 33 pruned. Pruned at stage=stage1, task=store_dept, fold=0, epoch=6
Training samples: 1624 | Validation samples: 210
[I 2026-04-26 19:56:34,056] Trial 34 pruned. Pruned at stage=stage1, task=store_dept, fold=0, epoch=6
Training samples: 1624 | Validation samples: 210
[I 2026-04-26 19:57:46,471] Trial 35 pruned. Pruned at stage=stage1, task=store_dept, fold=0, epoch=8
Training samples: 1624 | Validation samples: 210
[I 2026-04-26 19:59:08,552] Trial 36 finished with value: 0.8986318214729655 and parameters: {'hidden_dim': 160, 'dropout': 0.039286390118642926, 'lr': 0.0003549939196497006, 'weight_decay': 1.6004330126675023e-06, 'batch_size': 16, 'cnn_num_blocks': 2, 'cnn_kernel_size': 3, 'num_heads': 4, 'num_sab_layers': 2, 'num_inducing_points': 16}. Best is trial 16 with value: 0.8655628381603192.
Training samples: 1624 | Validation samples: 210
[I 2026-04-26 20:01:50,058] Trial 37 pruned. Pruned at stage=stage1, task=store_dept, fold=0, epoch=10
Training samples: 1624 | Validation samples: 210
[I 2026-04-26 20:02:33,211] Trial 38 pruned. Pruned at stage=stage1, task=store_dept, fold=0, epoch=5
Training samples: 1624 | Validation samples: 210
[I 2026-04-26 20:03:56,063] Trial 39 pruned. Pruned at stage=stage1, task=store_dept, fold=0, epoch=5
Training samples: 4060 | Validation samples: 210
Early stopping at epoch 10
Training samples: 1740 | Validation samples: 90
Training samples: 1218 | Validation samples: 63
Training samples: 4060 | Validation samples: 210
Training samples: 1740 | Validation samples: 90
Training samples: 1218 | Validation samples: 63
Training samples: 4060 | Validation samples: 210
Training samples: 1740 | Validation samples: 90
Training samples: 1218 | Validation samples: 63
Training samples: 4060 | Validation samples: 210
Early stopping at epoch 14
Training samples: 1740 | Validation samples: 90
Training samples: 1218 | Validation samples: 63
Training samples: 4060 | Validation samples: 210
Training samples: 1740 | Validation samples: 90
Early stopping at epoch 16
Training samples: 1218 | Validation samples: 63
Training samples: 4060 | Validation samples: 210
Early stopping at epoch 10
Training samples: 1740 | Validation samples: 90
Early stopping at epoch 15
Training samples: 1218 | Validation samples: 63
Training samples: 4060 | Validation samples: 210
Early stopping at epoch 16
Training samples: 1740 | Validation samples: 90
Early stopping at epoch 20
Training samples: 1218 | Validation samples: 63
Training samples: 4060 | Validation samples: 210
Training samples: 1740 | Validation samples: 90
Early stopping at epoch 14
Training samples: 1218 | Validation samples: 63
Early stopping at epoch 16
Training samples: 4060 | Validation samples: 210
Training samples: 1740 | Validation samples: 90
Early stopping at epoch 18
Training samples: 1218 | Validation samples: 63
Early stopping at epoch 21
Multistage tuning summary:
{'stage1_trials_csv': '/root/autodl-tmp/m5/work/30pct/01_tuning/SetTransformer/stage1_trials.csv', 'stage2_confirmation_csv': '/root/autodl-tmp/m5/work/30pct/01_tuning/SetTransformer/stage2_confirmation.csv', 'best_params_json': '/root/autodl-tmp/m5/work/30pct/01_tuning/SetTransformer/best_params.json', 'best_params': {'model_name': 'SetTransformer', 'hidden_dim': 160, 'dropout': 0.02676563915781212, 'lr': 0.00017104518344723048, 'weight_decay': 3.0089668225756894e-06, 'batch_size': 4, 'cnn_num_blocks': 2, 'cnn_kernel_size': 5, 'num_heads': 4, 'num_sab_layers': 2, 'num_seeds': 1, 'num_inducing_points': 16, 'search_profile': 'large30', 'store_sku_sample_frac': 0.3, 'recent_window': 14, 'lag_windows': [7, 14, 28, 56], 'stat_windows': [7, 28, 56], 'epochs': 24, 'patience': 6, 'use_permreg': False, 'stage1_objective': 0.8670698375099346, 'stage2_objective': 0.8248814724004189, 'trial_number': 26}, 'final_retrain_results_csv': '/root/autodl-tmp/m5/work/30pct/01_tuning/SetTransformer/final_retrain_results.csv', 'final_mean_metric': 0.7636619713241988}
=== Phase 3: Ablation + Benchmark + Proposed + Stats + Tables ===

$ /root/miniconda3/bin/python /root/autodl-tmp/m5/scripts/run_m5_ablation.py --data-dir /root/autodl-tmp/m5/data --output-dir /root/autodl-tmp/m5/work/30pct/02_ablation --mode holdout --tasks store_dept,store_cat,state_dept --recent-window 14 --lag-windows 7,14,28,56 --stat-windows 7,28,56 --params-json /root/autodl-tmp/m5/work/30pct/01_tuning/M3_FullSkuTemporalCNN/best_params.json --quantiles 0.005,0.025,0.165,0.25,0.5,0.75,0.835,0.975,0.995 --epochs 24 --patience 6 --t-hist 56 --horizon 28 --valid-size 4 --test-size 4 --internal-valid-size 3 --gap 0 --min-train-origins 20 --min-final-train-origins 20 --sku-universe-mode history --store-sku-sample-frac 0.3 --store-sku-sample-seed 42 --cache-dir /root/autodl-tmp/m5/cache
Using cache directory: /root/autodl-tmp/m5/cache
Building/loading cached experiment artifacts...
[M5-PREP] Loading cached task package for task=store_dept...
[M5-PREP] Loaded cached task package for task=store_dept | stage 00:00 | total 00:00
[M5-PREP] Loading cached samples: task=store_dept split=final_train_samples...
[M5-PREP] Loaded cached samples: task=store_dept split=final_train_samples n=4060 | stage 00:01 | total 00:01
[M5-PREP] Loading cached samples: task=store_dept split=internal_valid_samples...
[M5-PREP] Loaded cached samples: task=store_dept split=internal_valid_samples n=210 | stage 00:00 | total 00:00
[M5-PREP] Loading cached samples: task=store_dept split=test_samples...
[M5-PREP] Loaded cached samples: task=store_dept split=test_samples n=280 | stage 00:00 | total 00:00
[M5-PREP] Loading cached task package for task=store_cat...
[M5-PREP] Loaded cached task package for task=store_cat | stage 00:00 | total 00:00
[M5-PREP] Loading cached samples: task=store_cat split=final_train_samples...
[M5-PREP] Loaded cached samples: task=store_cat split=final_train_samples n=1740 | stage 00:01 | total 00:01
[M5-PREP] Loading cached samples: task=store_cat split=internal_valid_samples...
[M5-PREP] Loaded cached samples: task=store_cat split=internal_valid_samples n=90 | stage 00:00 | total 00:00
[M5-PREP] Loading cached samples: task=store_cat split=test_samples...
[M5-PREP] Loaded cached samples: task=store_cat split=test_samples n=120 | stage 00:00 | total 00:00
[M5-PREP] Loading cached task package for task=state_dept...
[M5-PREP] Loaded cached task package for task=state_dept | stage 00:00 | total 00:00
[M5-PREP] Loading cached samples: task=state_dept split=final_train_samples...
[M5-PREP] Loaded cached samples: task=state_dept split=final_train_samples n=1218 | stage 00:01 | total 00:01
[M5-PREP] Loading cached samples: task=state_dept split=internal_valid_samples...
[M5-PREP] Loaded cached samples: task=state_dept split=internal_valid_samples n=63 | stage 00:00 | total 00:00
[M5-PREP] Loading cached samples: task=state_dept split=test_samples...
[M5-PREP] Loaded cached samples: task=state_dept split=test_samples n=84 | stage 00:00 | total 00:00

=== Ablation task: store_dept ===
[Ablation] Task=store_dept Holdout Model=M0_AggHistOnly Metric=point
Training samples: 4060 | Validation samples: 210
[Epoch 001] train=0.114253 valid=0.076640 lr=0.000205646 time=5.6s
[Epoch 002] train=0.077741 valid=0.074515 lr=0.000205646 time=5.8s
[Epoch 003] train=0.071332 valid=0.095724 lr=0.000205646 time=5.7s
[Epoch 004] train=0.072653 valid=0.072527 lr=0.000205646 time=5.8s
[Epoch 005] train=0.070110 valid=0.103887 lr=0.000205646 time=5.9s
[Epoch 006] train=0.067841 valid=0.072946 lr=0.000205646 time=5.9s
[Epoch 007] train=0.068436 valid=0.082992 lr=0.000102823 time=5.9s
[Epoch 008] train=0.064680 valid=0.069033 lr=0.000102823 time=5.9s
[Epoch 009] train=0.063566 valid=0.073671 lr=0.000102823 time=5.9s
[Epoch 010] train=0.063328 valid=0.069443 lr=0.000102823 time=5.9s
[Epoch 011] train=0.063314 valid=0.068868 lr=0.000102823 time=6.0s
[Epoch 012] train=0.062490 valid=0.073131 lr=0.000102823 time=5.8s
[Epoch 013] train=0.061986 valid=0.069444 lr=0.000102823 time=5.8s
[Epoch 014] train=0.061783 valid=0.072354 lr=5.14116e-05 time=5.9s
[Epoch 015] train=0.059301 valid=0.068504 lr=5.14116e-05 time=5.8s
[Epoch 016] train=0.059100 valid=0.069600 lr=5.14116e-05 time=5.4s
[Epoch 017] train=0.059057 valid=0.066283 lr=5.14116e-05 time=5.6s
[Epoch 018] train=0.058509 valid=0.067853 lr=5.14116e-05 time=5.7s
[Epoch 019] train=0.057824 valid=0.066585 lr=5.14116e-05 time=5.1s
[Epoch 020] train=0.059454 valid=0.071815 lr=2.57058e-05 time=5.5s
[Epoch 021] train=0.057753 valid=0.068154 lr=2.57058e-05 time=5.9s
[Epoch 022] train=0.057220 valid=0.069153 lr=2.57058e-05 time=5.9s
[Epoch 023] train=0.056597 valid=0.069131 lr=1.28529e-05 time=5.8s
Early stopping at epoch 23
[Ablation] Task=store_dept Holdout Model=M0_AggHistOnly Metric=quantile
Training samples: 4060 | Validation samples: 210
[Epoch 001] train=0.057846 valid=0.040925 lr=0.000205646 time=6.7s
[Epoch 002] train=0.038832 valid=0.039220 lr=0.000205646 time=6.3s
[Epoch 003] train=0.037280 valid=0.040255 lr=0.000205646 time=6.2s
[Epoch 004] train=0.036696 valid=0.042061 lr=0.000205646 time=6.3s
[Epoch 005] train=0.035973 valid=0.040063 lr=0.000102823 time=6.4s
[Epoch 006] train=0.035021 valid=0.039980 lr=0.000102823 time=6.4s
[Epoch 007] train=0.034572 valid=0.038431 lr=0.000102823 time=6.3s
[Epoch 008] train=0.034473 valid=0.038356 lr=0.000102823 time=6.3s
[Epoch 009] train=0.034549 valid=0.038507 lr=0.000102823 time=6.3s
[Epoch 010] train=0.034127 valid=0.039374 lr=0.000102823 time=6.4s
[Epoch 011] train=0.033958 valid=0.038128 lr=0.000102823 time=6.5s
[Epoch 012] train=0.034217 valid=0.038900 lr=0.000102823 time=6.5s
[Epoch 013] train=0.033833 valid=0.038375 lr=0.000102823 time=6.6s
[Epoch 014] train=0.033837 valid=0.039254 lr=5.14116e-05 time=6.5s
[Epoch 015] train=0.033289 valid=0.037316 lr=5.14116e-05 time=6.3s
[Epoch 016] train=0.033070 valid=0.037331 lr=5.14116e-05 time=6.4s
[Epoch 017] train=0.032995 valid=0.037566 lr=5.14116e-05 time=6.3s
[Epoch 018] train=0.032933 valid=0.038360 lr=2.57058e-05 time=6.0s
[Epoch 019] train=0.032882 valid=0.037351 lr=2.57058e-05 time=5.3s
[Epoch 020] train=0.032719 valid=0.037487 lr=2.57058e-05 time=4.1s
[Epoch 021] train=0.032769 valid=0.037401 lr=1.28529e-05 time=2.8s
Early stopping at epoch 21
[Ablation] Task=store_dept Holdout Model=M1_AggHistFutureSummary Metric=point
Training samples: 4060 | Validation samples: 210
[Epoch 001] train=0.121084 valid=0.096252 lr=0.000205646 time=3.2s
[Epoch 002] train=0.075158 valid=0.076843 lr=0.000205646 time=3.1s
[Epoch 003] train=0.071508 valid=0.086733 lr=0.000205646 time=3.1s
[Epoch 004] train=0.070123 valid=0.075004 lr=0.000205646 time=3.0s
[Epoch 005] train=0.065202 valid=0.081058 lr=0.000205646 time=3.0s
[Epoch 006] train=0.066427 valid=0.095833 lr=0.000205646 time=3.1s
[Epoch 007] train=0.065304 valid=0.075336 lr=0.000102823 time=3.0s
[Epoch 008] train=0.059284 valid=0.066875 lr=0.000102823 time=4.2s
[Epoch 009] train=0.059844 valid=0.065077 lr=0.000102823 time=6.7s
[Epoch 010] train=0.056883 valid=0.065997 lr=0.000102823 time=7.0s
[Epoch 011] train=0.059423 valid=0.065031 lr=0.000102823 time=6.8s
[Epoch 012] train=0.058219 valid=0.065376 lr=0.000102823 time=6.8s
[Epoch 013] train=0.056633 valid=0.064583 lr=0.000102823 time=6.8s
[Epoch 014] train=0.056788 valid=0.072859 lr=0.000102823 time=6.8s
[Epoch 015] train=0.057999 valid=0.072121 lr=0.000102823 time=6.8s
[Epoch 016] train=0.055540 valid=0.066694 lr=5.14116e-05 time=6.9s
[Epoch 017] train=0.053661 valid=0.066037 lr=5.14116e-05 time=6.8s
[Epoch 018] train=0.053467 valid=0.066100 lr=5.14116e-05 time=6.8s
[Epoch 019] train=0.054228 valid=0.063965 lr=5.14116e-05 time=6.6s
[Epoch 020] train=0.053501 valid=0.069183 lr=5.14116e-05 time=6.8s
[Epoch 021] train=0.054167 valid=0.064512 lr=5.14116e-05 time=6.7s
[Epoch 022] train=0.052247 valid=0.070993 lr=2.57058e-05 time=6.0s
[Epoch 023] train=0.052004 valid=0.065996 lr=2.57058e-05 time=6.0s
[Epoch 024] train=0.051231 valid=0.063949 lr=2.57058e-05 time=6.3s
[Ablation] Task=store_dept Holdout Model=M1_AggHistFutureSummary Metric=quantile
Training samples: 4060 | Validation samples: 210
[Epoch 001] train=0.056209 valid=0.043175 lr=0.000205646 time=7.0s
[Epoch 002] train=0.038950 valid=0.040155 lr=0.000205646 time=7.4s
[Epoch 003] train=0.037139 valid=0.038370 lr=0.000205646 time=7.2s
[Epoch 004] train=0.036211 valid=0.037949 lr=0.000205646 time=7.2s
[Epoch 005] train=0.034887 valid=0.038142 lr=0.000205646 time=7.0s
[Epoch 006] train=0.034507 valid=0.037389 lr=0.000205646 time=6.7s
[Epoch 007] train=0.034497 valid=0.037174 lr=0.000205646 time=6.0s
[Epoch 008] train=0.034206 valid=0.038074 lr=0.000205646 time=5.1s
[Epoch 009] train=0.034047 valid=0.037820 lr=0.000205646 time=5.0s
[Epoch 010] train=0.033453 valid=0.037856 lr=0.000102823 time=3.9s
[Epoch 011] train=0.032543 valid=0.035971 lr=0.000102823 time=3.8s
[Epoch 012] train=0.032235 valid=0.036881 lr=0.000102823 time=3.8s
[Epoch 013] train=0.032149 valid=0.036043 lr=0.000102823 time=3.6s
[Epoch 014] train=0.032053 valid=0.035850 lr=0.000102823 time=3.6s
[Epoch 015] train=0.032115 valid=0.037000 lr=0.000102823 time=3.6s
[Epoch 016] train=0.031801 valid=0.037228 lr=0.000102823 time=3.4s
[Epoch 017] train=0.031580 valid=0.035713 lr=0.000102823 time=4.1s
[Epoch 018] train=0.031423 valid=0.035568 lr=0.000102823 time=4.1s
[Epoch 019] train=0.031613 valid=0.035503 lr=0.000102823 time=6.1s
[Epoch 020] train=0.031379 valid=0.035138 lr=0.000102823 time=7.3s
[Epoch 021] train=0.031408 valid=0.034931 lr=0.000102823 time=7.3s
[Epoch 022] train=0.031211 valid=0.035265 lr=0.000102823 time=6.5s
[Epoch 023] train=0.031291 valid=0.035479 lr=0.000102823 time=6.6s
[Epoch 024] train=0.031082 valid=0.035375 lr=5.14116e-05 time=6.1s
[Ablation] Task=store_dept Holdout Model=M3_FullSkuTemporalCNN Metric=point
Training samples: 4060 | Validation samples: 210
[Epoch 001] train=0.105858 valid=0.072181 lr=0.000205646 time=11.6s
[Epoch 002] train=0.066688 valid=0.088516 lr=0.000205646 time=10.2s
[Epoch 003] train=0.061075 valid=0.082738 lr=0.000205646 time=7.9s
[Epoch 004] train=0.058365 valid=0.059258 lr=0.000205646 time=7.8s
[Epoch 005] train=0.058676 valid=0.063865 lr=0.000205646 time=7.7s
[Epoch 006] train=0.054075 valid=0.071415 lr=0.000205646 time=7.9s
[Epoch 007] train=0.050454 valid=0.058496 lr=0.000205646 time=9.2s
[Epoch 008] train=0.049803 valid=0.062691 lr=0.000205646 time=11.2s
[Epoch 009] train=0.047954 valid=0.067446 lr=0.000205646 time=9.8s
[Epoch 010] train=0.047133 valid=0.068337 lr=0.000102823 time=9.3s
[Epoch 011] train=0.043133 valid=0.056165 lr=0.000102823 time=11.5s
[Epoch 012] train=0.041193 valid=0.066300 lr=0.000102823 time=11.4s
[Epoch 013] train=0.041018 valid=0.054218 lr=0.000102823 time=11.4s
[Epoch 014] train=0.040012 valid=0.056130 lr=0.000102823 time=11.4s
[Epoch 015] train=0.038698 valid=0.053844 lr=0.000102823 time=10.3s
[Epoch 016] train=0.039770 valid=0.053361 lr=0.000102823 time=11.2s
[Epoch 017] train=0.038924 valid=0.058270 lr=0.000102823 time=11.6s
[Epoch 018] train=0.037280 valid=0.062412 lr=0.000102823 time=11.6s
[Epoch 019] train=0.037686 valid=0.054071 lr=5.14116e-05 time=11.4s
[Epoch 020] train=0.035606 valid=0.051495 lr=5.14116e-05 time=11.4s
[Epoch 021] train=0.034978 valid=0.052258 lr=5.14116e-05 time=11.4s
[Epoch 022] train=0.034418 valid=0.051377 lr=5.14116e-05 time=11.2s
[Epoch 023] train=0.033877 valid=0.054438 lr=5.14116e-05 time=11.2s
[Epoch 024] train=0.034101 valid=0.053120 lr=5.14116e-05 time=11.2s
[Ablation] Task=store_dept Holdout Model=M3_FullSkuTemporalCNN Metric=quantile
Training samples: 4060 | Validation samples: 210
[Epoch 001] train=0.052948 valid=0.040542 lr=0.000205646 time=11.5s
[Epoch 002] train=0.037242 valid=0.038087 lr=0.000205646 time=11.6s
[Epoch 003] train=0.034851 valid=0.037358 lr=0.000205646 time=11.6s
[Epoch 004] train=0.034090 valid=0.036861 lr=0.000205646 time=12.0s
[Epoch 005] train=0.032868 valid=0.036517 lr=0.000205646 time=11.7s
[Epoch 006] train=0.032455 valid=0.036671 lr=0.000205646 time=11.9s
[Epoch 007] train=0.031804 valid=0.035632 lr=0.000205646 time=11.8s
[Epoch 008] train=0.031052 valid=0.038810 lr=0.000205646 time=11.5s
[Epoch 009] train=0.030980 valid=0.036217 lr=0.000205646 time=12.0s
[Epoch 010] train=0.030208 valid=0.035542 lr=0.000205646 time=12.0s
[Epoch 011] train=0.030130 valid=0.036669 lr=0.000205646 time=12.1s
[Epoch 012] train=0.029836 valid=0.036508 lr=0.000205646 time=12.1s
[Epoch 013] train=0.029274 valid=0.034296 lr=0.000205646 time=12.4s
[Epoch 014] train=0.028983 valid=0.035667 lr=0.000205646 time=11.7s
[Epoch 015] train=0.028813 valid=0.034183 lr=0.000205646 time=12.2s
[Epoch 016] train=0.028333 valid=0.036872 lr=0.000205646 time=12.0s
[Epoch 017] train=0.028238 valid=0.034533 lr=0.000205646 time=12.1s
[Epoch 018] train=0.028403 valid=0.034387 lr=0.000102823 time=12.3s
[Epoch 019] train=0.026648 valid=0.034368 lr=0.000102823 time=11.1s
[Epoch 020] train=0.026575 valid=0.034405 lr=0.000102823 time=12.2s
[Epoch 021] train=0.026394 valid=0.035363 lr=5.14116e-05 time=12.0s
Early stopping at epoch 21

=== Ablation task: store_cat ===
[Ablation] Task=store_cat Holdout Model=M0_AggHistOnly Metric=point
Training samples: 1740 | Validation samples: 90
[Epoch 001] train=0.165338 valid=0.098088 lr=0.000205646 time=2.8s
[Epoch 002] train=0.090622 valid=0.127267 lr=0.000205646 time=2.7s
[Epoch 003] train=0.083192 valid=0.090574 lr=0.000205646 time=2.8s
[Epoch 004] train=0.077891 valid=0.092568 lr=0.000205646 time=3.3s
[Epoch 005] train=0.075489 valid=0.089168 lr=0.000205646 time=3.6s
[Epoch 006] train=0.072215 valid=0.130824 lr=0.000205646 time=3.1s
[Epoch 007] train=0.073314 valid=0.089650 lr=0.000205646 time=3.3s
[Epoch 008] train=0.070688 valid=0.112356 lr=0.000102823 time=3.7s
[Epoch 009] train=0.069093 valid=0.083094 lr=0.000102823 time=3.2s
[Epoch 010] train=0.066719 valid=0.081832 lr=0.000102823 time=2.7s
[Epoch 011] train=0.065457 valid=0.089582 lr=0.000102823 time=2.8s
[Epoch 012] train=0.067174 valid=0.094008 lr=0.000102823 time=3.7s
[Epoch 013] train=0.064163 valid=0.080484 lr=0.000102823 time=3.6s
[Epoch 014] train=0.063401 valid=0.081366 lr=0.000102823 time=2.8s
[Epoch 015] train=0.064480 valid=0.082058 lr=0.000102823 time=2.8s
[Epoch 016] train=0.064180 valid=0.084940 lr=5.14116e-05 time=2.8s
[Epoch 017] train=0.061078 valid=0.081615 lr=5.14116e-05 time=2.8s
[Epoch 018] train=0.061638 valid=0.079836 lr=5.14116e-05 time=2.8s
[Epoch 019] train=0.060816 valid=0.078943 lr=5.14116e-05 time=2.8s
[Epoch 020] train=0.061099 valid=0.082741 lr=5.14116e-05 time=2.9s
[Epoch 021] train=0.060841 valid=0.082163 lr=5.14116e-05 time=2.9s
[Epoch 022] train=0.059675 valid=0.078886 lr=5.14116e-05 time=3.7s
[Epoch 023] train=0.060384 valid=0.079977 lr=5.14116e-05 time=3.5s
[Epoch 024] train=0.059622 valid=0.080588 lr=5.14116e-05 time=2.7s
[Ablation] Task=store_cat Holdout Model=M0_AggHistOnly Metric=quantile
Training samples: 1740 | Validation samples: 90
[Epoch 001] train=0.081256 valid=0.052513 lr=0.000205646 time=3.4s
[Epoch 002] train=0.047924 valid=0.046780 lr=0.000205646 time=3.7s
[Epoch 003] train=0.044442 valid=0.046574 lr=0.000205646 time=3.5s
[Epoch 004] train=0.042855 valid=0.044961 lr=0.000205646 time=3.5s
[Epoch 005] train=0.041734 valid=0.044556 lr=0.000205646 time=3.8s
[Epoch 006] train=0.042109 valid=0.044172 lr=0.000205646 time=3.4s
[Epoch 007] train=0.040927 valid=0.049664 lr=0.000205646 time=3.7s
[Epoch 008] train=0.040727 valid=0.043851 lr=0.000205646 time=3.7s
[Epoch 009] train=0.040664 valid=0.044297 lr=0.000205646 time=3.1s
[Epoch 010] train=0.040094 valid=0.043187 lr=0.000205646 time=3.0s
[Epoch 011] train=0.039861 valid=0.044658 lr=0.000205646 time=3.0s
[Epoch 012] train=0.040115 valid=0.042621 lr=0.000205646 time=3.7s
[Epoch 013] train=0.039543 valid=0.045678 lr=0.000205646 time=3.9s
[Epoch 014] train=0.039275 valid=0.041979 lr=0.000205646 time=3.5s
[Epoch 015] train=0.039499 valid=0.043237 lr=0.000205646 time=3.9s
[Epoch 016] train=0.039188 valid=0.042513 lr=0.000205646 time=3.7s
[Epoch 017] train=0.038624 valid=0.046421 lr=0.000102823 time=3.4s
[Epoch 018] train=0.038222 valid=0.042432 lr=0.000102823 time=3.5s
[Epoch 019] train=0.037651 valid=0.042699 lr=0.000102823 time=3.7s
[Epoch 020] train=0.037455 valid=0.042420 lr=5.14116e-05 time=3.4s
Early stopping at epoch 20
[Ablation] Task=store_cat Holdout Model=M1_AggHistFutureSummary Metric=point
Training samples: 1740 | Validation samples: 90
[Epoch 001] train=0.197721 valid=0.122453 lr=0.000205646 time=4.1s
[Epoch 002] train=0.092922 valid=0.107320 lr=0.000205646 time=3.7s
[Epoch 003] train=0.088217 valid=0.095313 lr=0.000205646 time=4.1s
[Epoch 004] train=0.080554 valid=0.090050 lr=0.000205646 time=3.7s
[Epoch 005] train=0.080201 valid=0.086252 lr=0.000205646 time=3.8s
[Epoch 006] train=0.076209 valid=0.088286 lr=0.000205646 time=4.1s
[Epoch 007] train=0.074009 valid=0.109684 lr=0.000205646 time=3.7s
[Epoch 008] train=0.075648 valid=0.101483 lr=0.000102823 time=3.6s
[Epoch 009] train=0.069737 valid=0.088173 lr=0.000102823 time=3.3s
[Epoch 010] train=0.068685 valid=0.080750 lr=0.000102823 time=4.2s
[Epoch 011] train=0.067166 valid=0.081107 lr=0.000102823 time=4.3s
[Epoch 012] train=0.066061 valid=0.079323 lr=0.000102823 time=3.9s
[Epoch 013] train=0.065220 valid=0.079622 lr=0.000102823 time=3.9s
[Epoch 014] train=0.066066 valid=0.079727 lr=0.000102823 time=4.1s
[Epoch 015] train=0.065411 valid=0.084320 lr=5.14116e-05 time=4.1s
[Epoch 016] train=0.062638 valid=0.077367 lr=5.14116e-05 time=3.6s
[Epoch 017] train=0.060831 valid=0.075444 lr=5.14116e-05 time=3.7s
[Epoch 018] train=0.060991 valid=0.080484 lr=5.14116e-05 time=4.0s
[Epoch 019] train=0.060634 valid=0.075421 lr=5.14116e-05 time=3.8s
[Epoch 020] train=0.059103 valid=0.075898 lr=5.14116e-05 time=3.7s
[Epoch 021] train=0.058982 valid=0.075699 lr=5.14116e-05 time=3.7s
[Epoch 022] train=0.058797 valid=0.085366 lr=2.57058e-05 time=3.3s
[Epoch 023] train=0.057114 valid=0.076850 lr=2.57058e-05 time=3.9s
[Epoch 024] train=0.056778 valid=0.079852 lr=2.57058e-05 time=3.9s
[Ablation] Task=store_cat Holdout Model=M1_AggHistFutureSummary Metric=quantile
Training samples: 1740 | Validation samples: 90
[Epoch 001] train=0.086484 valid=0.070520 lr=0.000205646 time=3.9s
[Epoch 002] train=0.051906 valid=0.054056 lr=0.000205646 time=4.2s
[Epoch 003] train=0.046301 valid=0.048418 lr=0.000205646 time=4.1s
[Epoch 004] train=0.043867 valid=0.049898 lr=0.000205646 time=4.1s
[Epoch 005] train=0.043356 valid=0.049324 lr=0.000205646 time=4.1s
[Epoch 006] train=0.042040 valid=0.044673 lr=0.000205646 time=3.8s
[Epoch 007] train=0.042017 valid=0.044678 lr=0.000205646 time=4.1s
[Epoch 008] train=0.040966 valid=0.045324 lr=0.000205646 time=3.8s
[Epoch 009] train=0.040712 valid=0.043943 lr=0.000205646 time=4.3s
[Epoch 010] train=0.040588 valid=0.043581 lr=0.000205646 time=4.1s
[Epoch 011] train=0.040067 valid=0.043906 lr=0.000205646 time=3.9s
[Epoch 012] train=0.039831 valid=0.043188 lr=0.000205646 time=4.2s
[Epoch 013] train=0.039771 valid=0.045453 lr=0.000205646 time=4.0s
[Epoch 014] train=0.038978 valid=0.044114 lr=0.000205646 time=4.2s
[Epoch 015] train=0.039113 valid=0.042686 lr=0.000205646 time=4.3s
[Epoch 016] train=0.039023 valid=0.042781 lr=0.000205646 time=4.3s
[Epoch 017] train=0.038929 valid=0.046538 lr=0.000205646 time=4.2s
[Epoch 018] train=0.039034 valid=0.042801 lr=0.000102823 time=4.3s
[Epoch 019] train=0.037632 valid=0.041783 lr=0.000102823 time=4.4s
[Epoch 020] train=0.037386 valid=0.041607 lr=0.000102823 time=4.4s
[Epoch 021] train=0.037609 valid=0.042400 lr=0.000102823 time=4.4s
[Epoch 022] train=0.037175 valid=0.041656 lr=0.000102823 time=4.3s
[Epoch 023] train=0.036922 valid=0.041678 lr=5.14116e-05 time=4.1s
[Epoch 024] train=0.036419 valid=0.041055 lr=5.14116e-05 time=4.1s
[Ablation] Task=store_cat Holdout Model=M3_FullSkuTemporalCNN Metric=point
Training samples: 1740 | Validation samples: 90
[Epoch 001] train=0.179793 valid=0.091765 lr=0.000205646 time=6.1s
[Epoch 002] train=0.084912 valid=0.084053 lr=0.000205646 time=5.9s
[Epoch 003] train=0.068638 valid=0.078906 lr=0.000205646 time=5.9s
[Epoch 004] train=0.063655 valid=0.072005 lr=0.000205646 time=5.9s
[Epoch 005] train=0.062633 valid=0.075228 lr=0.000205646 time=5.8s
[Epoch 006] train=0.058339 valid=0.071348 lr=0.000205646 time=5.9s
[Epoch 007] train=0.056424 valid=0.071358 lr=0.000205646 time=5.9s
[Epoch 008] train=0.053678 valid=0.065590 lr=0.000205646 time=6.1s
[Epoch 009] train=0.052499 valid=0.067146 lr=0.000205646 time=6.0s
[Epoch 010] train=0.047529 valid=0.063129 lr=0.000205646 time=5.8s
[Epoch 011] train=0.048924 valid=0.080847 lr=0.000205646 time=6.1s
[Epoch 012] train=0.048479 valid=0.058919 lr=0.000205646 time=6.1s
[Epoch 013] train=0.045354 valid=0.068609 lr=0.000205646 time=6.1s
[Epoch 014] train=0.045043 valid=0.073917 lr=0.000205646 time=6.0s
[Epoch 015] train=0.047028 valid=0.063448 lr=0.000102823 time=5.9s
[Epoch 016] train=0.041991 valid=0.059978 lr=0.000102823 time=5.9s
[Epoch 017] train=0.038952 valid=0.067220 lr=0.000102823 time=5.9s
[Epoch 018] train=0.037873 valid=0.057679 lr=0.000102823 time=6.0s
[Epoch 019] train=0.039219 valid=0.072951 lr=0.000102823 time=6.0s
[Epoch 020] train=0.037700 valid=0.069014 lr=0.000102823 time=6.2s
[Epoch 021] train=0.036434 valid=0.068169 lr=5.14116e-05 time=6.0s
[Epoch 022] train=0.033603 valid=0.061272 lr=5.14116e-05 time=5.8s
[Epoch 023] train=0.033965 valid=0.057996 lr=5.14116e-05 time=6.0s
[Epoch 024] train=0.033358 valid=0.058801 lr=2.57058e-05 time=5.9s
Early stopping at epoch 24
[Ablation] Task=store_cat Holdout Model=M3_FullSkuTemporalCNN Metric=quantile
Training samples: 1740 | Validation samples: 90
[Epoch 001] train=0.080857 valid=0.052223 lr=0.000205646 time=6.4s
[Epoch 002] train=0.046547 valid=0.045926 lr=0.000205646 time=6.2s
[Epoch 003] train=0.042997 valid=0.042610 lr=0.000205646 time=6.2s
[Epoch 004] train=0.040898 valid=0.040880 lr=0.000205646 time=6.2s
[Epoch 005] train=0.039112 valid=0.041395 lr=0.000205646 time=6.2s
[Epoch 006] train=0.038261 valid=0.041857 lr=0.000205646 time=6.2s
[Epoch 007] train=0.037483 valid=0.042168 lr=0.000102823 time=6.3s
[Epoch 008] train=0.035486 valid=0.041768 lr=0.000102823 time=6.3s
[Epoch 009] train=0.035245 valid=0.041437 lr=0.000102823 time=6.4s
[Epoch 010] train=0.034935 valid=0.039701 lr=0.000102823 time=6.4s
[Epoch 011] train=0.034711 valid=0.039972 lr=0.000102823 time=6.4s
[Epoch 012] train=0.034240 valid=0.039819 lr=0.000102823 time=6.4s
[Epoch 013] train=0.034003 valid=0.038710 lr=0.000102823 time=6.4s
[Epoch 014] train=0.034181 valid=0.039690 lr=0.000102823 time=6.4s
[Epoch 015] train=0.033637 valid=0.040940 lr=0.000102823 time=6.4s
[Epoch 016] train=0.033409 valid=0.039089 lr=5.14116e-05 time=6.4s
[Epoch 017] train=0.032553 valid=0.039815 lr=5.14116e-05 time=6.3s
[Epoch 018] train=0.032552 valid=0.038932 lr=5.14116e-05 time=6.4s
[Epoch 019] train=0.032299 valid=0.038854 lr=2.57058e-05 time=6.3s
Early stopping at epoch 19

=== Ablation task: state_dept ===
[Ablation] Task=state_dept Holdout Model=M0_AggHistOnly Metric=point
Training samples: 1218 | Validation samples: 63
[Epoch 001] train=0.184539 valid=0.110105 lr=0.000205646 time=2.3s
[Epoch 002] train=0.080586 valid=0.063257 lr=0.000205646 time=2.2s
[Epoch 003] train=0.066046 valid=0.074627 lr=0.000205646 time=2.2s
[Epoch 004] train=0.062424 valid=0.059644 lr=0.000205646 time=2.2s
[Epoch 005] train=0.060360 valid=0.076408 lr=0.000205646 time=2.2s
[Epoch 006] train=0.064220 valid=0.081017 lr=0.000205646 time=2.2s
[Epoch 007] train=0.060984 valid=0.064185 lr=0.000102823 time=2.3s
[Epoch 008] train=0.056950 valid=0.056607 lr=0.000102823 time=2.1s
[Epoch 009] train=0.052049 valid=0.056156 lr=0.000102823 time=2.3s
[Epoch 010] train=0.049495 valid=0.053681 lr=0.000102823 time=2.3s
[Epoch 011] train=0.048369 valid=0.054886 lr=0.000102823 time=2.3s
[Epoch 012] train=0.048422 valid=0.054718 lr=0.000102823 time=2.3s
[Epoch 013] train=0.048899 valid=0.063468 lr=5.14116e-05 time=2.3s
[Epoch 014] train=0.047120 valid=0.054096 lr=5.14116e-05 time=2.3s
[Epoch 015] train=0.045831 valid=0.055729 lr=5.14116e-05 time=2.3s
[Epoch 016] train=0.046489 valid=0.055541 lr=2.57058e-05 time=2.3s
Early stopping at epoch 16
[Ablation] Task=state_dept Holdout Model=M0_AggHistOnly Metric=quantile
Training samples: 1218 | Validation samples: 63
[Epoch 001] train=0.081824 valid=0.044177 lr=0.000205646 time=2.5s
[Epoch 002] train=0.041542 valid=0.037041 lr=0.000205646 time=2.5s
[Epoch 003] train=0.037134 valid=0.036127 lr=0.000205646 time=2.4s
[Epoch 004] train=0.034834 valid=0.039609 lr=0.000205646 time=2.5s
[Epoch 005] train=0.034122 valid=0.034391 lr=0.000205646 time=2.5s
[Epoch 006] train=0.033191 valid=0.033854 lr=0.000205646 time=2.4s
[Epoch 007] train=0.032700 valid=0.036381 lr=0.000205646 time=2.5s
[Epoch 008] train=0.032704 valid=0.036021 lr=0.000205646 time=2.5s
[Epoch 009] train=0.031913 valid=0.033371 lr=0.000205646 time=2.5s
[Epoch 010] train=0.031224 valid=0.032897 lr=0.000205646 time=2.5s
[Epoch 011] train=0.031770 valid=0.040239 lr=0.000205646 time=2.5s
[Epoch 012] train=0.031088 valid=0.033095 lr=0.000205646 time=2.4s
[Epoch 013] train=0.030855 valid=0.032716 lr=0.000205646 time=2.4s
[Epoch 014] train=0.031086 valid=0.032466 lr=0.000205646 time=2.4s
[Epoch 015] train=0.030001 valid=0.035454 lr=0.000205646 time=2.4s
[Epoch 016] train=0.029862 valid=0.032189 lr=0.000205646 time=2.5s
[Epoch 017] train=0.030190 valid=0.035421 lr=0.000205646 time=2.4s
[Epoch 018] train=0.030915 valid=0.033661 lr=0.000205646 time=2.4s
[Epoch 019] train=0.030190 valid=0.031308 lr=0.000205646 time=2.4s
[Epoch 020] train=0.029863 valid=0.032803 lr=0.000205646 time=2.4s
[Epoch 021] train=0.029834 valid=0.032978 lr=0.000205646 time=2.4s
[Epoch 022] train=0.029424 valid=0.031619 lr=0.000102823 time=2.4s
[Epoch 023] train=0.028659 valid=0.031735 lr=0.000102823 time=2.5s
[Epoch 024] train=0.027680 valid=0.031256 lr=0.000102823 time=2.5s
[Ablation] Task=state_dept Holdout Model=M1_AggHistFutureSummary Metric=point
Training samples: 1218 | Validation samples: 63
[Epoch 001] train=0.208124 valid=0.129993 lr=0.000205646 time=2.6s
[Epoch 002] train=0.096282 valid=0.092732 lr=0.000205646 time=2.7s
[Epoch 003] train=0.067231 valid=0.061829 lr=0.000205646 time=2.6s
[Epoch 004] train=0.065821 valid=0.070600 lr=0.000205646 time=2.6s
[Epoch 005] train=0.057313 valid=0.058010 lr=0.000205646 time=2.6s
[Epoch 006] train=0.056399 valid=0.063076 lr=0.000205646 time=2.6s
[Epoch 007] train=0.055185 valid=0.055595 lr=0.000205646 time=2.6s
[Epoch 008] train=0.052900 valid=0.063112 lr=0.000205646 time=2.6s
[Epoch 009] train=0.057388 valid=0.056314 lr=0.000205646 time=2.6s
[Epoch 010] train=0.050279 valid=0.056904 lr=0.000102823 time=2.6s
[Epoch 011] train=0.049354 valid=0.054139 lr=0.000102823 time=2.6s
[Epoch 012] train=0.047414 valid=0.053033 lr=0.000102823 time=2.6s
[Epoch 013] train=0.049198 valid=0.059705 lr=0.000102823 time=2.6s
[Epoch 014] train=0.048042 valid=0.053025 lr=0.000102823 time=2.6s
[Epoch 015] train=0.046573 valid=0.056565 lr=0.000102823 time=2.6s
[Epoch 016] train=0.048663 valid=0.053609 lr=0.000102823 time=2.6s
[Epoch 017] train=0.046733 valid=0.055941 lr=5.14116e-05 time=2.6s
[Epoch 018] train=0.045475 valid=0.055824 lr=5.14116e-05 time=2.6s
[Epoch 019] train=0.042897 valid=0.052556 lr=5.14116e-05 time=2.6s
[Epoch 020] train=0.044321 valid=0.052758 lr=5.14116e-05 time=2.6s
[Epoch 021] train=0.043868 valid=0.052610 lr=5.14116e-05 time=2.6s
[Epoch 022] train=0.043481 valid=0.051381 lr=5.14116e-05 time=2.6s
[Epoch 023] train=0.043516 valid=0.052323 lr=5.14116e-05 time=2.6s
[Epoch 024] train=0.042147 valid=0.051091 lr=5.14116e-05 time=2.6s
[Ablation] Task=state_dept Holdout Model=M1_AggHistFutureSummary Metric=quantile
Training samples: 1218 | Validation samples: 63
[Epoch 001] train=0.085163 valid=0.068593 lr=0.000205646 time=2.9s
[Epoch 002] train=0.052158 valid=0.046761 lr=0.000205646 time=2.9s
[Epoch 003] train=0.043346 valid=0.039826 lr=0.000205646 time=2.9s
[Epoch 004] train=0.038973 valid=0.043972 lr=0.000205646 time=2.8s
[Epoch 005] train=0.036400 valid=0.035137 lr=0.000205646 time=2.8s
[Epoch 006] train=0.034854 valid=0.034288 lr=0.000205646 time=2.8s
[Epoch 007] train=0.035073 valid=0.040094 lr=0.000205646 time=2.8s
[Epoch 008] train=0.033439 valid=0.033024 lr=0.000205646 time=2.8s
[Epoch 009] train=0.031830 valid=0.033035 lr=0.000205646 time=2.8s
[Epoch 010] train=0.032074 valid=0.034726 lr=0.000205646 time=2.8s
[Epoch 011] train=0.031667 valid=0.032685 lr=0.000205646 time=2.8s
[Epoch 012] train=0.031073 valid=0.033391 lr=0.000205646 time=2.8s
[Epoch 013] train=0.030970 valid=0.033086 lr=0.000205646 time=2.8s
[Epoch 014] train=0.030792 valid=0.034418 lr=0.000102823 time=2.8s
[Epoch 015] train=0.030451 valid=0.032927 lr=0.000102823 time=2.8s
[Epoch 016] train=0.029307 valid=0.031983 lr=0.000102823 time=2.8s
[Epoch 017] train=0.029289 valid=0.032213 lr=0.000102823 time=2.8s
[Epoch 018] train=0.028875 valid=0.034244 lr=0.000102823 time=2.8s
[Epoch 019] train=0.029202 valid=0.032368 lr=5.14116e-05 time=2.8s
[Epoch 020] train=0.028595 valid=0.031945 lr=5.14116e-05 time=2.8s
[Epoch 021] train=0.028598 valid=0.032532 lr=5.14116e-05 time=2.8s
[Epoch 022] train=0.028463 valid=0.031612 lr=5.14116e-05 time=2.8s
[Epoch 023] train=0.028149 valid=0.031494 lr=5.14116e-05 time=2.8s
[Epoch 024] train=0.028324 valid=0.031649 lr=5.14116e-05 time=2.8s
[Ablation] Task=state_dept Holdout Model=M3_FullSkuTemporalCNN Metric=point
Training samples: 1218 | Validation samples: 63
[Epoch 001] train=0.195349 valid=0.093178 lr=0.000205646 time=5.2s
[Epoch 002] train=0.076152 valid=0.077349 lr=0.000205646 time=5.1s
[Epoch 003] train=0.060059 valid=0.079785 lr=0.000205646 time=5.0s
[Epoch 004] train=0.051192 valid=0.058901 lr=0.000205646 time=5.1s
[Epoch 005] train=0.044175 valid=0.055556 lr=0.000205646 time=5.1s
[Epoch 006] train=0.042898 valid=0.088604 lr=0.000205646 time=5.1s
[Epoch 007] train=0.042612 valid=0.069328 lr=0.000205646 time=5.1s
[Epoch 008] train=0.039260 valid=0.070021 lr=0.000102823 time=5.1s
[Epoch 009] train=0.034639 valid=0.049648 lr=0.000102823 time=5.2s
[Epoch 010] train=0.032578 valid=0.052654 lr=0.000102823 time=5.1s
[Epoch 011] train=0.032137 valid=0.045070 lr=0.000102823 time=5.1s
[Epoch 012] train=0.032586 valid=0.047308 lr=0.000102823 time=5.1s
[Epoch 013] train=0.030789 valid=0.048577 lr=0.000102823 time=5.1s
[Epoch 014] train=0.030013 valid=0.047989 lr=5.14116e-05 time=5.1s
[Epoch 015] train=0.027345 valid=0.046009 lr=5.14116e-05 time=5.0s
[Epoch 016] train=0.027665 valid=0.046825 lr=5.14116e-05 time=5.0s
[Epoch 017] train=0.027028 valid=0.046517 lr=2.57058e-05 time=5.0s
Early stopping at epoch 17
[Ablation] Task=state_dept Holdout Model=M3_FullSkuTemporalCNN Metric=quantile
Training samples: 1218 | Validation samples: 63
[Epoch 001] train=0.070701 valid=0.042418 lr=0.000205646 time=5.7s
[Epoch 002] train=0.039945 valid=0.043790 lr=0.000205646 time=5.7s
[Epoch 003] train=0.035764 valid=0.034171 lr=0.000205646 time=5.7s
[Epoch 004] train=0.032994 valid=0.032462 lr=0.000205646 time=5.7s
[Epoch 005] train=0.031668 valid=0.034039 lr=0.000205646 time=5.6s
[Epoch 006] train=0.031033 valid=0.033277 lr=0.000205646 time=5.6s
[Epoch 007] train=0.030160 valid=0.032560 lr=0.000102823 time=5.7s
[Epoch 008] train=0.028679 valid=0.031024 lr=0.000102823 time=5.7s
[Epoch 009] train=0.028120 valid=0.032012 lr=0.000102823 time=5.8s
[Epoch 010] train=0.028098 valid=0.031791 lr=0.000102823 time=5.9s
[Epoch 011] train=0.027710 valid=0.030876 lr=0.000102823 time=6.0s
[Epoch 012] train=0.027024 valid=0.032480 lr=0.000102823 time=5.8s
[Epoch 013] train=0.026807 valid=0.031033 lr=0.000102823 time=5.8s
[Epoch 014] train=0.026503 valid=0.032149 lr=5.14116e-05 time=5.9s
[Epoch 015] train=0.025995 valid=0.030621 lr=5.14116e-05 time=5.9s
[Epoch 016] train=0.025489 valid=0.030562 lr=5.14116e-05 time=5.8s
[Epoch 017] train=0.025423 valid=0.030417 lr=5.14116e-05 time=5.8s
[Epoch 018] train=0.025365 valid=0.030361 lr=5.14116e-05 time=5.7s
[Epoch 019] train=0.025237 valid=0.031091 lr=5.14116e-05 time=5.7s
[Epoch 020] train=0.025002 valid=0.030864 lr=5.14116e-05 time=6.0s
[Epoch 021] train=0.024781 valid=0.031937 lr=2.57058e-05 time=5.8s
[Epoch 022] train=0.024457 valid=0.029918 lr=2.57058e-05 time=5.7s
[Epoch 023] train=0.024578 valid=0.029636 lr=2.57058e-05 time=5.7s
[Epoch 024] train=0.024237 valid=0.029824 lr=2.57058e-05 time=5.7s

Ablation summary (WSPL):
          task                    model  wspl_mean  wspl_std  n_folds
0   state_dept          AggregateHistGB   0.286157       NaN        1
1   state_dept     BottomUpGlobalHistGB   0.216391       NaN        1
2   state_dept       ChildSummaryHistGB   0.284683       NaN        1
3   state_dept           M0_AggHistOnly   0.206499       NaN        1
4   state_dept  M1_AggHistFutureSummary   0.215749       NaN        1
5   state_dept    M3_FullSkuTemporalCNN   0.179804       NaN        1
6    store_cat          AggregateHistGB   0.269634       NaN        1
7    store_cat     BottomUpGlobalHistGB   0.224903       NaN        1
8    store_cat       ChildSummaryHistGB   0.269223       NaN        1
9    store_cat           M0_AggHistOnly   0.202634       NaN        1
10   store_cat  M1_AggHistFutureSummary   0.195146       NaN        1
11   store_cat    M3_FullSkuTemporalCNN   0.187153       NaN        1
12  store_dept          AggregateHistGB   0.262286       NaN        1
13  store_dept     BottomUpGlobalHistGB   0.242991       NaN        1
14  store_dept       ChildSummaryHistGB   0.267257       NaN        1
15  store_dept           M0_AggHistOnly   0.217292       NaN        1
16  store_dept  M1_AggHistFutureSummary   0.206769       NaN        1
17  store_dept    M3_FullSkuTemporalCNN   0.207719       NaN        1

Table 4 ablation (WSPL):
task                     state_dept  store_cat  store_dept      Mean
model                                                               
M3_FullSkuTemporalCNN      0.179804   0.187153    0.207719  0.191559
M1_AggHistFutureSummary    0.215749   0.195146    0.206769  0.205888
M0_AggHistOnly             0.206499   0.202634    0.217292  0.208808
BottomUpGlobalHistGB       0.216391   0.224903    0.242991  0.228095
AggregateHistGB            0.286157   0.269634    0.262286  0.272692
ChildSummaryHistGB         0.284683   0.269223    0.267257  0.273721

Done. Outputs written to: /root/autodl-tmp/m5/work/30pct/02_ablation

$ /root/miniconda3/bin/python /root/autodl-tmp/m5/scripts/run_m5_full_benchmark.py --data-dir /root/autodl-tmp/m5/data --output-dir /root/autodl-tmp/m5/work/30pct/03_benchmark_baselines --mode holdout --tasks store_dept,store_cat,state_dept --quantiles 0.005,0.025,0.165,0.25,0.5,0.75,0.835,0.975,0.995 --t-hist 56 --horizon 28 --valid-size 4 --test-size 4 --internal-valid-size 3 --gap 0 --min-train-origins 20 --min-final-train-origins 20 --sku-universe-mode history --store-sku-sample-frac 0.3 --store-sku-sample-seed 42 --cache-dir /root/autodl-tmp/m5/cache
Using cache directory: /root/autodl-tmp/m5/cache
Building/loading cached experiment artifacts...
[M5-PREP] Loading cached task package for task=store_dept...
[M5-PREP] Loaded cached task package for task=store_dept | stage 00:00 | total 00:00
[M5-PREP] Loading cached samples: task=store_dept split=final_train_samples...
[M5-PREP] Loaded cached samples: task=store_dept split=final_train_samples n=4060 | stage 00:01 | total 00:01
[M5-PREP] Loading cached samples: task=store_dept split=internal_valid_samples...
[M5-PREP] Loaded cached samples: task=store_dept split=internal_valid_samples n=210 | stage 00:00 | total 00:00
[M5-PREP] Loading cached samples: task=store_dept split=test_samples...
[M5-PREP] Loaded cached samples: task=store_dept split=test_samples n=280 | stage 00:00 | total 00:00
[M5-PREP] Loading cached task package for task=store_cat...
[M5-PREP] Loaded cached task package for task=store_cat | stage 00:00 | total 00:00
[M5-PREP] Loading cached samples: task=store_cat split=final_train_samples...
[M5-PREP] Loaded cached samples: task=store_cat split=final_train_samples n=1740 | stage 00:01 | total 00:01
[M5-PREP] Loading cached samples: task=store_cat split=internal_valid_samples...
[M5-PREP] Loaded cached samples: task=store_cat split=internal_valid_samples n=90 | stage 00:00 | total 00:00
[M5-PREP] Loading cached samples: task=store_cat split=test_samples...
[M5-PREP] Loaded cached samples: task=store_cat split=test_samples n=120 | stage 00:00 | total 00:00
[M5-PREP] Loading cached task package for task=state_dept...
[M5-PREP] Loaded cached task package for task=state_dept | stage 00:00 | total 00:00
[M5-PREP] Loading cached samples: task=state_dept split=final_train_samples...
[M5-PREP] Loaded cached samples: task=state_dept split=final_train_samples n=1218 | stage 00:01 | total 00:01
[M5-PREP] Loading cached samples: task=state_dept split=internal_valid_samples...
[M5-PREP] Loaded cached samples: task=state_dept split=internal_valid_samples n=63 | stage 00:00 | total 00:00
[M5-PREP] Loading cached samples: task=state_dept split=test_samples...
[M5-PREP] Loaded cached samples: task=state_dept split=test_samples n=84 | stage 00:00 | total 00:00
Building benchmark suite...

=== Running task: store_dept ===
/root/miniconda3/lib/python3.12/site-packages/sklearn/linear_model/_coordinate_descent.py:716: ConvergenceWarning: Objective did not converge. You might want to increase the number of iterations, check the scale of the features or consider increasing regularisation. Duality gap: 2.513e+06, tolerance: 1.959e+04
  model = cd_fast.enet_coordinate_descent(
/root/miniconda3/lib/python3.12/site-packages/sklearn/linear_model/_coordinate_descent.py:716: ConvergenceWarning: Objective did not converge. You might want to increase the number of iterations, check the scale of the features or consider increasing regularisation. Duality gap: 2.987e+06, tolerance: 2.062e+04
  model = cd_fast.enet_coordinate_descent(
/root/miniconda3/lib/python3.12/site-packages/sklearn/linear_model/_coordinate_descent.py:716: ConvergenceWarning: Objective did not converge. You might want to increase the number of iterations, check the scale of the features or consider increasing regularisation. Duality gap: 2.856e+06, tolerance: 1.304e+04
  model = cd_fast.enet_coordinate_descent(
/root/miniconda3/lib/python3.12/site-packages/sklearn/linear_model/_coordinate_descent.py:716: ConvergenceWarning: Objective did not converge. You might want to increase the number of iterations, check the scale of the features or consider increasing regularisation. Duality gap: 2.333e+06, tolerance: 1.052e+04
  model = cd_fast.enet_coordinate_descent(
/root/miniconda3/lib/python3.12/site-packages/sklearn/linear_model/_coordinate_descent.py:716: ConvergenceWarning: Objective did not converge. You might want to increase the number of iterations, check the scale of the features or consider increasing regularisation. Duality gap: 2.321e+06, tolerance: 1.025e+04
  model = cd_fast.enet_coordinate_descent(
/root/miniconda3/lib/python3.12/site-packages/sklearn/linear_model/_coordinate_descent.py:716: ConvergenceWarning: Objective did not converge. You might want to increase the number of iterations, check the scale of the features or consider increasing regularisation. Duality gap: 2.040e+06, tolerance: 1.068e+04
  model = cd_fast.enet_coordinate_descent(
/root/miniconda3/lib/python3.12/site-packages/sklearn/linear_model/_coordinate_descent.py:716: ConvergenceWarning: Objective did not converge. You might want to increase the number of iterations, check the scale of the features or consider increasing regularisation. Duality gap: 2.541e+06, tolerance: 1.377e+04
  model = cd_fast.enet_coordinate_descent(
/root/miniconda3/lib/python3.12/site-packages/sklearn/linear_model/_coordinate_descent.py:716: ConvergenceWarning: Objective did not converge. You might want to increase the number of iterations, check the scale of the features or consider increasing regularisation. Duality gap: 3.494e+06, tolerance: 2.014e+04
  model = cd_fast.enet_coordinate_descent(
/root/miniconda3/lib/python3.12/site-packages/sklearn/linear_model/_coordinate_descent.py:716: ConvergenceWarning: Objective did not converge. You might want to increase the number of iterations, check the scale of the features or consider increasing regularisation. Duality gap: 3.723e+06, tolerance: 2.092e+04
  model = cd_fast.enet_coordinate_descent(
/root/miniconda3/lib/python3.12/site-packages/sklearn/linear_model/_coordinate_descent.py:716: ConvergenceWarning: Objective did not converge. You might want to increase the number of iterations, check the scale of the features or consider increasing regularisation. Duality gap: 1.656e+06, tolerance: 1.250e+04
  model = cd_fast.enet_coordinate_descent(
/root/miniconda3/lib/python3.12/site-packages/sklearn/linear_model/_coordinate_descent.py:716: ConvergenceWarning: Objective did not converge. You might want to increase the number of iterations, check the scale of the features or consider increasing regularisation. Duality gap: 1.791e+06, tolerance: 1.044e+04
  model = cd_fast.enet_coordinate_descent(
/root/miniconda3/lib/python3.12/site-packages/sklearn/linear_model/_coordinate_descent.py:716: ConvergenceWarning: Objective did not converge. You might want to increase the number of iterations, check the scale of the features or consider increasing regularisation. Duality gap: 1.879e+06, tolerance: 9.834e+03
  model = cd_fast.enet_coordinate_descent(
/root/miniconda3/lib/python3.12/site-packages/sklearn/linear_model/_coordinate_descent.py:716: ConvergenceWarning: Objective did not converge. You might want to increase the number of iterations, check the scale of the features or consider increasing regularisation. Duality gap: 1.822e+06, tolerance: 1.006e+04
  model = cd_fast.enet_coordinate_descent(
/root/miniconda3/lib/python3.12/site-packages/sklearn/linear_model/_coordinate_descent.py:716: ConvergenceWarning: Objective did not converge. You might want to increase the number of iterations, check the scale of the features or consider increasing regularisation. Duality gap: 2.834e+06, tolerance: 1.353e+04
  model = cd_fast.enet_coordinate_descent(
/root/miniconda3/lib/python3.12/site-packages/sklearn/linear_model/_coordinate_descent.py:716: ConvergenceWarning: Objective did not converge. You might want to increase the number of iterations, check the scale of the features or consider increasing regularisation. Duality gap: 3.863e+06, tolerance: 2.002e+04
  model = cd_fast.enet_coordinate_descent(
/root/miniconda3/lib/python3.12/site-packages/sklearn/linear_model/_coordinate_descent.py:716: ConvergenceWarning: Objective did not converge. You might want to increase the number of iterations, check the scale of the features or consider increasing regularisation. Duality gap: 4.395e+06, tolerance: 2.138e+04
  model = cd_fast.enet_coordinate_descent(
/root/miniconda3/lib/python3.12/site-packages/sklearn/linear_model/_coordinate_descent.py:716: ConvergenceWarning: Objective did not converge. You might want to increase the number of iterations, check the scale of the features or consider increasing regularisation. Duality gap: 2.698e+06, tolerance: 1.288e+04
  model = cd_fast.enet_coordinate_descent(
/root/miniconda3/lib/python3.12/site-packages/sklearn/linear_model/_coordinate_descent.py:716: ConvergenceWarning: Objective did not converge. You might want to increase the number of iterations, check the scale of the features or consider increasing regularisation. Duality gap: 3.009e+06, tolerance: 1.132e+04
  model = cd_fast.enet_coordinate_descent(
/root/miniconda3/lib/python3.12/site-packages/sklearn/linear_model/_coordinate_descent.py:716: ConvergenceWarning: Objective did not converge. You might want to increase the number of iterations, check the scale of the features or consider increasing regularisation. Duality gap: 3.293e+06, tolerance: 1.140e+04
  model = cd_fast.enet_coordinate_descent(
/root/miniconda3/lib/python3.12/site-packages/sklearn/linear_model/_coordinate_descent.py:716: ConvergenceWarning: Objective did not converge. You might want to increase the number of iterations, check the scale of the features or consider increasing regularisation. Duality gap: 3.353e+06, tolerance: 1.151e+04
  model = cd_fast.enet_coordinate_descent(
/root/miniconda3/lib/python3.12/site-packages/sklearn/linear_model/_coordinate_descent.py:716: ConvergenceWarning: Objective did not converge. You might want to increase the number of iterations, check the scale of the features or consider increasing regularisation. Duality gap: 4.210e+06, tolerance: 1.446e+04
  model = cd_fast.enet_coordinate_descent(
/root/miniconda3/lib/python3.12/site-packages/sklearn/linear_model/_coordinate_descent.py:716: ConvergenceWarning: Objective did not converge. You might want to increase the number of iterations, check the scale of the features or consider increasing regularisation. Duality gap: 3.889e+06, tolerance: 1.970e+04
  model = cd_fast.enet_coordinate_descent(
/root/miniconda3/lib/python3.12/site-packages/sklearn/linear_model/_coordinate_descent.py:716: ConvergenceWarning: Objective did not converge. You might want to increase the number of iterations, check the scale of the features or consider increasing regularisation. Duality gap: 5.513e+06, tolerance: 1.987e+04
  model = cd_fast.enet_coordinate_descent(
/root/miniconda3/lib/python3.12/site-packages/sklearn/linear_model/_coordinate_descent.py:716: ConvergenceWarning: Objective did not converge. You might want to increase the number of iterations, check the scale of the features or consider increasing regularisation. Duality gap: 3.721e+06, tolerance: 1.386e+04
  model = cd_fast.enet_coordinate_descent(
/root/miniconda3/lib/python3.12/site-packages/sklearn/linear_model/_coordinate_descent.py:716: ConvergenceWarning: Objective did not converge. You might want to increase the number of iterations, check the scale of the features or consider increasing regularisation. Duality gap: 3.195e+06, tolerance: 1.101e+04
  model = cd_fast.enet_coordinate_descent(
/root/miniconda3/lib/python3.12/site-packages/sklearn/linear_model/_coordinate_descent.py:716: ConvergenceWarning: Objective did not converge. You might want to increase the number of iterations, check the scale of the features or consider increasing regularisation. Duality gap: 3.348e+06, tolerance: 1.061e+04
  model = cd_fast.enet_coordinate_descent(
/root/miniconda3/lib/python3.12/site-packages/sklearn/linear_model/_coordinate_descent.py:716: ConvergenceWarning: Objective did not converge. You might want to increase the number of iterations, check the scale of the features or consider increasing regularisation. Duality gap: 3.237e+06, tolerance: 1.045e+04
  model = cd_fast.enet_coordinate_descent(
/root/miniconda3/lib/python3.12/site-packages/sklearn/linear_model/_coordinate_descent.py:716: ConvergenceWarning: Objective did not converge. You might want to increase the number of iterations, check the scale of the features or consider increasing regularisation. Duality gap: 3.500e+06, tolerance: 1.357e+04
  model = cd_fast.enet_coordinate_descent(
/root/miniconda3/lib/python3.12/site-packages/sklearn/linear_model/_coordinate_descent.py:716: ConvergenceWarning: Objective did not converge. You might want to increase the number of iterations, check the scale of the features or consider increasing regularisation. Duality gap: 2.513e+06, tolerance: 1.959e+04
  model = cd_fast.enet_coordinate_descent(
/root/miniconda3/lib/python3.12/site-packages/sklearn/linear_model/_coordinate_descent.py:716: ConvergenceWarning: Objective did not converge. You might want to increase the number of iterations, check the scale of the features or consider increasing regularisation. Duality gap: 2.987e+06, tolerance: 2.062e+04
  model = cd_fast.enet_coordinate_descent(
/root/miniconda3/lib/python3.12/site-packages/sklearn/linear_model/_coordinate_descent.py:716: ConvergenceWarning: Objective did not converge. You might want to increase the number of iterations, check the scale of the features or consider increasing regularisation. Duality gap: 2.856e+06, tolerance: 1.304e+04
  model = cd_fast.enet_coordinate_descent(
/root/miniconda3/lib/python3.12/site-packages/sklearn/linear_model/_coordinate_descent.py:716: ConvergenceWarning: Objective did not converge. You might want to increase the number of iterations, check the scale of the features or consider increasing regularisation. Duality gap: 2.333e+06, tolerance: 1.052e+04
  model = cd_fast.enet_coordinate_descent(
/root/miniconda3/lib/python3.12/site-packages/sklearn/linear_model/_coordinate_descent.py:716: ConvergenceWarning: Objective did not converge. You might want to increase the number of iterations, check the scale of the features or consider increasing regularisation. Duality gap: 2.321e+06, tolerance: 1.025e+04
  model = cd_fast.enet_coordinate_descent(
/root/miniconda3/lib/python3.12/site-packages/sklearn/linear_model/_coordinate_descent.py:716: ConvergenceWarning: Objective did not converge. You might want to increase the number of iterations, check the scale of the features or consider increasing regularisation. Duality gap: 2.040e+06, tolerance: 1.068e+04
  model = cd_fast.enet_coordinate_descent(
/root/miniconda3/lib/python3.12/site-packages/sklearn/linear_model/_coordinate_descent.py:716: ConvergenceWarning: Objective did not converge. You might want to increase the number of iterations, check the scale of the features or consider increasing regularisation. Duality gap: 2.541e+06, tolerance: 1.377e+04
  model = cd_fast.enet_coordinate_descent(
/root/miniconda3/lib/python3.12/site-packages/sklearn/linear_model/_coordinate_descent.py:716: ConvergenceWarning: Objective did not converge. You might want to increase the number of iterations, check the scale of the features or consider increasing regularisation. Duality gap: 3.494e+06, tolerance: 2.014e+04
  model = cd_fast.enet_coordinate_descent(
/root/miniconda3/lib/python3.12/site-packages/sklearn/linear_model/_coordinate_descent.py:716: ConvergenceWarning: Objective did not converge. You might want to increase the number of iterations, check the scale of the features or consider increasing regularisation. Duality gap: 3.723e+06, tolerance: 2.092e+04
  model = cd_fast.enet_coordinate_descent(
/root/miniconda3/lib/python3.12/site-packages/sklearn/linear_model/_coordinate_descent.py:716: ConvergenceWarning: Objective did not converge. You might want to increase the number of iterations, check the scale of the features or consider increasing regularisation. Duality gap: 1.656e+06, tolerance: 1.250e+04
  model = cd_fast.enet_coordinate_descent(
/root/miniconda3/lib/python3.12/site-packages/sklearn/linear_model/_coordinate_descent.py:716: ConvergenceWarning: Objective did not converge. You might want to increase the number of iterations, check the scale of the features or consider increasing regularisation. Duality gap: 1.791e+06, tolerance: 1.044e+04
  model = cd_fast.enet_coordinate_descent(
/root/miniconda3/lib/python3.12/site-packages/sklearn/linear_model/_coordinate_descent.py:716: ConvergenceWarning: Objective did not converge. You might want to increase the number of iterations, check the scale of the features or consider increasing regularisation. Duality gap: 1.879e+06, tolerance: 9.834e+03
  model = cd_fast.enet_coordinate_descent(
/root/miniconda3/lib/python3.12/site-packages/sklearn/linear_model/_coordinate_descent.py:716: ConvergenceWarning: Objective did not converge. You might want to increase the number of iterations, check the scale of the features or consider increasing regularisation. Duality gap: 1.822e+06, tolerance: 1.006e+04
  model = cd_fast.enet_coordinate_descent(
/root/miniconda3/lib/python3.12/site-packages/sklearn/linear_model/_coordinate_descent.py:716: ConvergenceWarning: Objective did not converge. You might want to increase the number of iterations, check the scale of the features or consider increasing regularisation. Duality gap: 2.834e+06, tolerance: 1.353e+04
  model = cd_fast.enet_coordinate_descent(
/root/miniconda3/lib/python3.12/site-packages/sklearn/linear_model/_coordinate_descent.py:716: ConvergenceWarning: Objective did not converge. You might want to increase the number of iterations, check the scale of the features or consider increasing regularisation. Duality gap: 3.863e+06, tolerance: 2.002e+04
  model = cd_fast.enet_coordinate_descent(
/root/miniconda3/lib/python3.12/site-packages/sklearn/linear_model/_coordinate_descent.py:716: ConvergenceWarning: Objective did not converge. You might want to increase the number of iterations, check the scale of the features or consider increasing regularisation. Duality gap: 4.395e+06, tolerance: 2.138e+04
  model = cd_fast.enet_coordinate_descent(
/root/miniconda3/lib/python3.12/site-packages/sklearn/linear_model/_coordinate_descent.py:716: ConvergenceWarning: Objective did not converge. You might want to increase the number of iterations, check the scale of the features or consider increasing regularisation. Duality gap: 2.698e+06, tolerance: 1.288e+04
  model = cd_fast.enet_coordinate_descent(
/root/miniconda3/lib/python3.12/site-packages/sklearn/linear_model/_coordinate_descent.py:716: ConvergenceWarning: Objective did not converge. You might want to increase the number of iterations, check the scale of the features or consider increasing regularisation. Duality gap: 3.009e+06, tolerance: 1.132e+04
  model = cd_fast.enet_coordinate_descent(
/root/miniconda3/lib/python3.12/site-packages/sklearn/linear_model/_coordinate_descent.py:716: ConvergenceWarning: Objective did not converge. You might want to increase the number of iterations, check the scale of the features or consider increasing regularisation. Duality gap: 3.293e+06, tolerance: 1.140e+04
  model = cd_fast.enet_coordinate_descent(
/root/miniconda3/lib/python3.12/site-packages/sklearn/linear_model/_coordinate_descent.py:716: ConvergenceWarning: Objective did not converge. You might want to increase the number of iterations, check the scale of the features or consider increasing regularisation. Duality gap: 3.353e+06, tolerance: 1.151e+04
  model = cd_fast.enet_coordinate_descent(
/root/miniconda3/lib/python3.12/site-packages/sklearn/linear_model/_coordinate_descent.py:716: ConvergenceWarning: Objective did not converge. You might want to increase the number of iterations, check the scale of the features or consider increasing regularisation. Duality gap: 4.210e+06, tolerance: 1.446e+04
  model = cd_fast.enet_coordinate_descent(
/root/miniconda3/lib/python3.12/site-packages/sklearn/linear_model/_coordinate_descent.py:716: ConvergenceWarning: Objective did not converge. You might want to increase the number of iterations, check the scale of the features or consider increasing regularisation. Duality gap: 3.889e+06, tolerance: 1.970e+04
  model = cd_fast.enet_coordinate_descent(
/root/miniconda3/lib/python3.12/site-packages/sklearn/linear_model/_coordinate_descent.py:716: ConvergenceWarning: Objective did not converge. You might want to increase the number of iterations, check the scale of the features or consider increasing regularisation. Duality gap: 5.513e+06, tolerance: 1.987e+04
  model = cd_fast.enet_coordinate_descent(
/root/miniconda3/lib/python3.12/site-packages/sklearn/linear_model/_coordinate_descent.py:716: ConvergenceWarning: Objective did not converge. You might want to increase the number of iterations, check the scale of the features or consider increasing regularisation. Duality gap: 3.721e+06, tolerance: 1.386e+04
  model = cd_fast.enet_coordinate_descent(
/root/miniconda3/lib/python3.12/site-packages/sklearn/linear_model/_coordinate_descent.py:716: ConvergenceWarning: Objective did not converge. You might want to increase the number of iterations, check the scale of the features or consider increasing regularisation. Duality gap: 3.195e+06, tolerance: 1.101e+04
  model = cd_fast.enet_coordinate_descent(
/root/miniconda3/lib/python3.12/site-packages/sklearn/linear_model/_coordinate_descent.py:716: ConvergenceWarning: Objective did not converge. You might want to increase the number of iterations, check the scale of the features or consider increasing regularisation. Duality gap: 3.348e+06, tolerance: 1.061e+04
  model = cd_fast.enet_coordinate_descent(
/root/miniconda3/lib/python3.12/site-packages/sklearn/linear_model/_coordinate_descent.py:716: ConvergenceWarning: Objective did not converge. You might want to increase the number of iterations, check the scale of the features or consider increasing regularisation. Duality gap: 3.237e+06, tolerance: 1.045e+04
  model = cd_fast.enet_coordinate_descent(
/root/miniconda3/lib/python3.12/site-packages/sklearn/linear_model/_coordinate_descent.py:716: ConvergenceWarning: Objective did not converge. You might want to increase the number of iterations, check the scale of the features or consider increasing regularisation. Duality gap: 3.500e+06, tolerance: 1.357e+04
  model = cd_fast.enet_coordinate_descent(
/root/miniconda3/lib/python3.12/site-packages/sklearn/linear_model/_coordinate_descent.py:716: ConvergenceWarning: Objective did not converge. You might want to increase the number of iterations, check the scale of the features or consider increasing regularisation. Duality gap: 2.585e+06, tolerance: 1.959e+04
  model = cd_fast.enet_coordinate_descent(
/root/miniconda3/lib/python3.12/site-packages/sklearn/linear_model/_coordinate_descent.py:716: ConvergenceWarning: Objective did not converge. You might want to increase the number of iterations, check the scale of the features or consider increasing regularisation. Duality gap: 2.970e+06, tolerance: 2.062e+04
  model = cd_fast.enet_coordinate_descent(
/root/miniconda3/lib/python3.12/site-packages/sklearn/linear_model/_coordinate_descent.py:716: ConvergenceWarning: Objective did not converge. You might want to increase the number of iterations, check the scale of the features or consider increasing regularisation. Duality gap: 2.771e+06, tolerance: 1.304e+04
  model = cd_fast.enet_coordinate_descent(
/root/miniconda3/lib/python3.12/site-packages/sklearn/linear_model/_coordinate_descent.py:716: ConvergenceWarning: Objective did not converge. You might want to increase the number of iterations, check the scale of the features or consider increasing regularisation. Duality gap: 2.261e+06, tolerance: 1.052e+04
  model = cd_fast.enet_coordinate_descent(
/root/miniconda3/lib/python3.12/site-packages/sklearn/linear_model/_coordinate_descent.py:716: ConvergenceWarning: Objective did not converge. You might want to increase the number of iterations, check the scale of the features or consider increasing regularisation. Duality gap: 2.180e+06, tolerance: 1.025e+04
  model = cd_fast.enet_coordinate_descent(
/root/miniconda3/lib/python3.12/site-packages/sklearn/linear_model/_coordinate_descent.py:716: ConvergenceWarning: Objective did not converge. You might want to increase the number of iterations, check the scale of the features or consider increasing regularisation. Duality gap: 2.010e+06, tolerance: 1.068e+04
  model = cd_fast.enet_coordinate_descent(
/root/miniconda3/lib/python3.12/site-packages/sklearn/linear_model/_coordinate_descent.py:716: ConvergenceWarning: Objective did not converge. You might want to increase the number of iterations, check the scale of the features or consider increasing regularisation. Duality gap: 2.478e+06, tolerance: 1.377e+04
  model = cd_fast.enet_coordinate_descent(
/root/miniconda3/lib/python3.12/site-packages/sklearn/linear_model/_coordinate_descent.py:716: ConvergenceWarning: Objective did not converge. You might want to increase the number of iterations, check the scale of the features or consider increasing regularisation. Duality gap: 3.473e+06, tolerance: 2.014e+04
  model = cd_fast.enet_coordinate_descent(
/root/miniconda3/lib/python3.12/site-packages/sklearn/linear_model/_coordinate_descent.py:716: ConvergenceWarning: Objective did not converge. You might want to increase the number of iterations, check the scale of the features or consider increasing regularisation. Duality gap: 3.699e+06, tolerance: 2.092e+04
  model = cd_fast.enet_coordinate_descent(
/root/miniconda3/lib/python3.12/site-packages/sklearn/linear_model/_coordinate_descent.py:716: ConvergenceWarning: Objective did not converge. You might want to increase the number of iterations, check the scale of the features or consider increasing regularisation. Duality gap: 2.126e+06, tolerance: 1.250e+04
  model = cd_fast.enet_coordinate_descent(
/root/miniconda3/lib/python3.12/site-packages/sklearn/linear_model/_coordinate_descent.py:716: ConvergenceWarning: Objective did not converge. You might want to increase the number of iterations, check the scale of the features or consider increasing regularisation. Duality gap: 1.980e+06, tolerance: 1.044e+04
  model = cd_fast.enet_coordinate_descent(
/root/miniconda3/lib/python3.12/site-packages/sklearn/linear_model/_coordinate_descent.py:716: ConvergenceWarning: Objective did not converge. You might want to increase the number of iterations, check the scale of the features or consider increasing regularisation. Duality gap: 1.941e+06, tolerance: 9.834e+03
  model = cd_fast.enet_coordinate_descent(
/root/miniconda3/lib/python3.12/site-packages/sklearn/linear_model/_coordinate_descent.py:716: ConvergenceWarning: Objective did not converge. You might want to increase the number of iterations, check the scale of the features or consider increasing regularisation. Duality gap: 2.029e+06, tolerance: 1.006e+04
  model = cd_fast.enet_coordinate_descent(
/root/miniconda3/lib/python3.12/site-packages/sklearn/linear_model/_coordinate_descent.py:716: ConvergenceWarning: Objective did not converge. You might want to increase the number of iterations, check the scale of the features or consider increasing regularisation. Duality gap: 3.156e+06, tolerance: 1.353e+04
  model = cd_fast.enet_coordinate_descent(
/root/miniconda3/lib/python3.12/site-packages/sklearn/linear_model/_coordinate_descent.py:716: ConvergenceWarning: Objective did not converge. You might want to increase the number of iterations, check the scale of the features or consider increasing regularisation. Duality gap: 3.941e+06, tolerance: 2.002e+04
  model = cd_fast.enet_coordinate_descent(
/root/miniconda3/lib/python3.12/site-packages/sklearn/linear_model/_coordinate_descent.py:716: ConvergenceWarning: Objective did not converge. You might want to increase the number of iterations, check the scale of the features or consider increasing regularisation. Duality gap: 4.069e+06, tolerance: 2.138e+04
  model = cd_fast.enet_coordinate_descent(
/root/miniconda3/lib/python3.12/site-packages/sklearn/linear_model/_coordinate_descent.py:716: ConvergenceWarning: Objective did not converge. You might want to increase the number of iterations, check the scale of the features or consider increasing regularisation. Duality gap: 2.804e+06, tolerance: 1.288e+04
  model = cd_fast.enet_coordinate_descent(
/root/miniconda3/lib/python3.12/site-packages/sklearn/linear_model/_coordinate_descent.py:716: ConvergenceWarning: Objective did not converge. You might want to increase the number of iterations, check the scale of the features or consider increasing regularisation. Duality gap: 3.024e+06, tolerance: 1.132e+04
  model = cd_fast.enet_coordinate_descent(
/root/miniconda3/lib/python3.12/site-packages/sklearn/linear_model/_coordinate_descent.py:716: ConvergenceWarning: Objective did not converge. You might want to increase the number of iterations, check the scale of the features or consider increasing regularisation. Duality gap: 3.537e+06, tolerance: 1.140e+04
  model = cd_fast.enet_coordinate_descent(
/root/miniconda3/lib/python3.12/site-packages/sklearn/linear_model/_coordinate_descent.py:716: ConvergenceWarning: Objective did not converge. You might want to increase the number of iterations, check the scale of the features or consider increasing regularisation. Duality gap: 3.360e+06, tolerance: 1.151e+04
  model = cd_fast.enet_coordinate_descent(
/root/miniconda3/lib/python3.12/site-packages/sklearn/linear_model/_coordinate_descent.py:716: ConvergenceWarning: Objective did not converge. You might want to increase the number of iterations, check the scale of the features or consider increasing regularisation. Duality gap: 4.137e+06, tolerance: 1.446e+04
  model = cd_fast.enet_coordinate_descent(
/root/miniconda3/lib/python3.12/site-packages/sklearn/linear_model/_coordinate_descent.py:716: ConvergenceWarning: Objective did not converge. You might want to increase the number of iterations, check the scale of the features or consider increasing regularisation. Duality gap: 4.070e+06, tolerance: 1.970e+04
  model = cd_fast.enet_coordinate_descent(
/root/miniconda3/lib/python3.12/site-packages/sklearn/linear_model/_coordinate_descent.py:716: ConvergenceWarning: Objective did not converge. You might want to increase the number of iterations, check the scale of the features or consider increasing regularisation. Duality gap: 5.130e+06, tolerance: 1.987e+04
  model = cd_fast.enet_coordinate_descent(
/root/miniconda3/lib/python3.12/site-packages/sklearn/linear_model/_coordinate_descent.py:716: ConvergenceWarning: Objective did not converge. You might want to increase the number of iterations, check the scale of the features or consider increasing regularisation. Duality gap: 3.714e+06, tolerance: 1.386e+04
  model = cd_fast.enet_coordinate_descent(
/root/miniconda3/lib/python3.12/site-packages/sklearn/linear_model/_coordinate_descent.py:716: ConvergenceWarning: Objective did not converge. You might want to increase the number of iterations, check the scale of the features or consider increasing regularisation. Duality gap: 3.219e+06, tolerance: 1.101e+04
  model = cd_fast.enet_coordinate_descent(
/root/miniconda3/lib/python3.12/site-packages/sklearn/linear_model/_coordinate_descent.py:716: ConvergenceWarning: Objective did not converge. You might want to increase the number of iterations, check the scale of the features or consider increasing regularisation. Duality gap: 3.317e+06, tolerance: 1.061e+04
  model = cd_fast.enet_coordinate_descent(
/root/miniconda3/lib/python3.12/site-packages/sklearn/linear_model/_coordinate_descent.py:716: ConvergenceWarning: Objective did not converge. You might want to increase the number of iterations, check the scale of the features or consider increasing regularisation. Duality gap: 3.139e+06, tolerance: 1.045e+04
  model = cd_fast.enet_coordinate_descent(
/root/miniconda3/lib/python3.12/site-packages/sklearn/linear_model/_coordinate_descent.py:716: ConvergenceWarning: Objective did not converge. You might want to increase the number of iterations, check the scale of the features or consider increasing regularisation. Duality gap: 3.440e+06, tolerance: 1.357e+04
  model = cd_fast.enet_coordinate_descent(
/root/miniconda3/lib/python3.12/site-packages/sklearn/linear_model/_coordinate_descent.py:716: ConvergenceWarning: Objective did not converge. You might want to increase the number of iterations, check the scale of the features or consider increasing regularisation. Duality gap: 2.585e+06, tolerance: 1.959e+04
  model = cd_fast.enet_coordinate_descent(
/root/miniconda3/lib/python3.12/site-packages/sklearn/linear_model/_coordinate_descent.py:716: ConvergenceWarning: Objective did not converge. You might want to increase the number of iterations, check the scale of the features or consider increasing regularisation. Duality gap: 2.970e+06, tolerance: 2.062e+04
  model = cd_fast.enet_coordinate_descent(
/root/miniconda3/lib/python3.12/site-packages/sklearn/linear_model/_coordinate_descent.py:716: ConvergenceWarning: Objective did not converge. You might want to increase the number of iterations, check the scale of the features or consider increasing regularisation. Duality gap: 2.771e+06, tolerance: 1.304e+04
  model = cd_fast.enet_coordinate_descent(
/root/miniconda3/lib/python3.12/site-packages/sklearn/linear_model/_coordinate_descent.py:716: ConvergenceWarning: Objective did not converge. You might want to increase the number of iterations, check the scale of the features or consider increasing regularisation. Duality gap: 2.261e+06, tolerance: 1.052e+04
  model = cd_fast.enet_coordinate_descent(
/root/miniconda3/lib/python3.12/site-packages/sklearn/linear_model/_coordinate_descent.py:716: ConvergenceWarning: Objective did not converge. You might want to increase the number of iterations, check the scale of the features or consider increasing regularisation. Duality gap: 2.180e+06, tolerance: 1.025e+04
  model = cd_fast.enet_coordinate_descent(
/root/miniconda3/lib/python3.12/site-packages/sklearn/linear_model/_coordinate_descent.py:716: ConvergenceWarning: Objective did not converge. You might want to increase the number of iterations, check the scale of the features or consider increasing regularisation. Duality gap: 2.010e+06, tolerance: 1.068e+04
  model = cd_fast.enet_coordinate_descent(
/root/miniconda3/lib/python3.12/site-packages/sklearn/linear_model/_coordinate_descent.py:716: ConvergenceWarning: Objective did not converge. You might want to increase the number of iterations, check the scale of the features or consider increasing regularisation. Duality gap: 2.478e+06, tolerance: 1.377e+04
  model = cd_fast.enet_coordinate_descent(
/root/miniconda3/lib/python3.12/site-packages/sklearn/linear_model/_coordinate_descent.py:716: ConvergenceWarning: Objective did not converge. You might want to increase the number of iterations, check the scale of the features or consider increasing regularisation. Duality gap: 3.473e+06, tolerance: 2.014e+04
  model = cd_fast.enet_coordinate_descent(
/root/miniconda3/lib/python3.12/site-packages/sklearn/linear_model/_coordinate_descent.py:716: ConvergenceWarning: Objective did not converge. You might want to increase the number of iterations, check the scale of the features or consider increasing regularisation. Duality gap: 3.699e+06, tolerance: 2.092e+04
  model = cd_fast.enet_coordinate_descent(
/root/miniconda3/lib/python3.12/site-packages/sklearn/linear_model/_coordinate_descent.py:716: ConvergenceWarning: Objective did not converge. You might want to increase the number of iterations, check the scale of the features or consider increasing regularisation. Duality gap: 2.126e+06, tolerance: 1.250e+04
  model = cd_fast.enet_coordinate_descent(
/root/miniconda3/lib/python3.12/site-packages/sklearn/linear_model/_coordinate_descent.py:716: ConvergenceWarning: Objective did not converge. You might want to increase the number of iterations, check the scale of the features or consider increasing regularisation. Duality gap: 1.980e+06, tolerance: 1.044e+04
  model = cd_fast.enet_coordinate_descent(
/root/miniconda3/lib/python3.12/site-packages/sklearn/linear_model/_coordinate_descent.py:716: ConvergenceWarning: Objective did not converge. You might want to increase the number of iterations, check the scale of the features or consider increasing regularisation. Duality gap: 1.941e+06, tolerance: 9.834e+03
  model = cd_fast.enet_coordinate_descent(
/root/miniconda3/lib/python3.12/site-packages/sklearn/linear_model/_coordinate_descent.py:716: ConvergenceWarning: Objective did not converge. You might want to increase the number of iterations, check the scale of the features or consider increasing regularisation. Duality gap: 2.029e+06, tolerance: 1.006e+04
  model = cd_fast.enet_coordinate_descent(
/root/miniconda3/lib/python3.12/site-packages/sklearn/linear_model/_coordinate_descent.py:716: ConvergenceWarning: Objective did not converge. You might want to increase the number of iterations, check the scale of the features or consider increasing regularisation. Duality gap: 3.156e+06, tolerance: 1.353e+04
  model = cd_fast.enet_coordinate_descent(
/root/miniconda3/lib/python3.12/site-packages/sklearn/linear_model/_coordinate_descent.py:716: ConvergenceWarning: Objective did not converge. You might want to increase the number of iterations, check the scale of the features or consider increasing regularisation. Duality gap: 3.941e+06, tolerance: 2.002e+04
  model = cd_fast.enet_coordinate_descent(
/root/miniconda3/lib/python3.12/site-packages/sklearn/linear_model/_coordinate_descent.py:716: ConvergenceWarning: Objective did not converge. You might want to increase the number of iterations, check the scale of the features or consider increasing regularisation. Duality gap: 4.069e+06, tolerance: 2.138e+04
  model = cd_fast.enet_coordinate_descent(
/root/miniconda3/lib/python3.12/site-packages/sklearn/linear_model/_coordinate_descent.py:716: ConvergenceWarning: Objective did not converge. You might want to increase the number of iterations, check the scale of the features or consider increasing regularisation. Duality gap: 2.804e+06, tolerance: 1.288e+04
  model = cd_fast.enet_coordinate_descent(
/root/miniconda3/lib/python3.12/site-packages/sklearn/linear_model/_coordinate_descent.py:716: ConvergenceWarning: Objective did not converge. You might want to increase the number of iterations, check the scale of the features or consider increasing regularisation. Duality gap: 3.024e+06, tolerance: 1.132e+04
  model = cd_fast.enet_coordinate_descent(
/root/miniconda3/lib/python3.12/site-packages/sklearn/linear_model/_coordinate_descent.py:716: ConvergenceWarning: Objective did not converge. You might want to increase the number of iterations, check the scale of the features or consider increasing regularisation. Duality gap: 3.537e+06, tolerance: 1.140e+04
  model = cd_fast.enet_coordinate_descent(
/root/miniconda3/lib/python3.12/site-packages/sklearn/linear_model/_coordinate_descent.py:716: ConvergenceWarning: Objective did not converge. You might want to increase the number of iterations, check the scale of the features or consider increasing regularisation. Duality gap: 3.360e+06, tolerance: 1.151e+04
  model = cd_fast.enet_coordinate_descent(
/root/miniconda3/lib/python3.12/site-packages/sklearn/linear_model/_coordinate_descent.py:716: ConvergenceWarning: Objective did not converge. You might want to increase the number of iterations, check the scale of the features or consider increasing regularisation. Duality gap: 4.137e+06, tolerance: 1.446e+04
  model = cd_fast.enet_coordinate_descent(
/root/miniconda3/lib/python3.12/site-packages/sklearn/linear_model/_coordinate_descent.py:716: ConvergenceWarning: Objective did not converge. You might want to increase the number of iterations, check the scale of the features or consider increasing regularisation. Duality gap: 4.070e+06, tolerance: 1.970e+04
  model = cd_fast.enet_coordinate_descent(
/root/miniconda3/lib/python3.12/site-packages/sklearn/linear_model/_coordinate_descent.py:716: ConvergenceWarning: Objective did not converge. You might want to increase the number of iterations, check the scale of the features or consider increasing regularisation. Duality gap: 5.130e+06, tolerance: 1.987e+04
  model = cd_fast.enet_coordinate_descent(
/root/miniconda3/lib/python3.12/site-packages/sklearn/linear_model/_coordinate_descent.py:716: ConvergenceWarning: Objective did not converge. You might want to increase the number of iterations, check the scale of the features or consider increasing regularisation. Duality gap: 3.714e+06, tolerance: 1.386e+04
  model = cd_fast.enet_coordinate_descent(
/root/miniconda3/lib/python3.12/site-packages/sklearn/linear_model/_coordinate_descent.py:716: ConvergenceWarning: Objective did not converge. You might want to increase the number of iterations, check the scale of the features or consider increasing regularisation. Duality gap: 3.219e+06, tolerance: 1.101e+04
  model = cd_fast.enet_coordinate_descent(
/root/miniconda3/lib/python3.12/site-packages/sklearn/linear_model/_coordinate_descent.py:716: ConvergenceWarning: Objective did not converge. You might want to increase the number of iterations, check the scale of the features or consider increasing regularisation. Duality gap: 3.317e+06, tolerance: 1.061e+04
  model = cd_fast.enet_coordinate_descent(
/root/miniconda3/lib/python3.12/site-packages/sklearn/linear_model/_coordinate_descent.py:716: ConvergenceWarning: Objective did not converge. You might want to increase the number of iterations, check the scale of the features or consider increasing regularisation. Duality gap: 3.139e+06, tolerance: 1.045e+04
  model = cd_fast.enet_coordinate_descent(
/root/miniconda3/lib/python3.12/site-packages/sklearn/linear_model/_coordinate_descent.py:716: ConvergenceWarning: Objective did not converge. You might want to increase the number of iterations, check the scale of the features or consider increasing regularisation. Duality gap: 3.440e+06, tolerance: 1.357e+04
  model = cd_fast.enet_coordinate_descent(

=== Running task: store_cat ===
/root/miniconda3/lib/python3.12/site-packages/sklearn/linear_model/_coordinate_descent.py:716: ConvergenceWarning: Objective did not converge. You might want to increase the number of iterations, check the scale of the features or consider increasing regularisation. Duality gap: 3.066e+06, tolerance: 2.293e+04
  model = cd_fast.enet_coordinate_descent(
/root/miniconda3/lib/python3.12/site-packages/sklearn/linear_model/_coordinate_descent.py:716: ConvergenceWarning: Objective did not converge. You might want to increase the number of iterations, check the scale of the features or consider increasing regularisation. Duality gap: 3.872e+06, tolerance: 2.494e+04
  model = cd_fast.enet_coordinate_descent(
/root/miniconda3/lib/python3.12/site-packages/sklearn/linear_model/_coordinate_descent.py:716: ConvergenceWarning: Objective did not converge. You might want to increase the number of iterations, check the scale of the features or consider increasing regularisation. Duality gap: 3.334e+06, tolerance: 1.617e+04
  model = cd_fast.enet_coordinate_descent(
/root/miniconda3/lib/python3.12/site-packages/sklearn/linear_model/_coordinate_descent.py:716: ConvergenceWarning: Objective did not converge. You might want to increase the number of iterations, check the scale of the features or consider increasing regularisation. Duality gap: 2.832e+06, tolerance: 1.345e+04
  model = cd_fast.enet_coordinate_descent(
/root/miniconda3/lib/python3.12/site-packages/sklearn/linear_model/_coordinate_descent.py:716: ConvergenceWarning: Objective did not converge. You might want to increase the number of iterations, check the scale of the features or consider increasing regularisation. Duality gap: 2.922e+06, tolerance: 1.312e+04
  model = cd_fast.enet_coordinate_descent(
/root/miniconda3/lib/python3.12/site-packages/sklearn/linear_model/_coordinate_descent.py:716: ConvergenceWarning: Objective did not converge. You might want to increase the number of iterations, check the scale of the features or consider increasing regularisation. Duality gap: 2.552e+06, tolerance: 1.346e+04
  model = cd_fast.enet_coordinate_descent(
/root/miniconda3/lib/python3.12/site-packages/sklearn/linear_model/_coordinate_descent.py:716: ConvergenceWarning: Objective did not converge. You might want to increase the number of iterations, check the scale of the features or consider increasing regularisation. Duality gap: 2.818e+06, tolerance: 1.646e+04
  model = cd_fast.enet_coordinate_descent(
/root/miniconda3/lib/python3.12/site-packages/sklearn/linear_model/_coordinate_descent.py:716: ConvergenceWarning: Objective did not converge. You might want to increase the number of iterations, check the scale of the features or consider increasing regularisation. Duality gap: 4.144e+06, tolerance: 2.394e+04
  model = cd_fast.enet_coordinate_descent(
/root/miniconda3/lib/python3.12/site-packages/sklearn/linear_model/_coordinate_descent.py:716: ConvergenceWarning: Objective did not converge. You might want to increase the number of iterations, check the scale of the features or consider increasing regularisation. Duality gap: 4.586e+06, tolerance: 2.547e+04
  model = cd_fast.enet_coordinate_descent(
/root/miniconda3/lib/python3.12/site-packages/sklearn/linear_model/_coordinate_descent.py:716: ConvergenceWarning: Objective did not converge. You might want to increase the number of iterations, check the scale of the features or consider increasing regularisation. Duality gap: 2.698e+06, tolerance: 1.585e+04
  model = cd_fast.enet_coordinate_descent(
/root/miniconda3/lib/python3.12/site-packages/sklearn/linear_model/_coordinate_descent.py:716: ConvergenceWarning: Objective did not converge. You might want to increase the number of iterations, check the scale of the features or consider increasing regularisation. Duality gap: 2.429e+06, tolerance: 1.331e+04
  model = cd_fast.enet_coordinate_descent(
/root/miniconda3/lib/python3.12/site-packages/sklearn/linear_model/_coordinate_descent.py:716: ConvergenceWarning: Objective did not converge. You might want to increase the number of iterations, check the scale of the features or consider increasing regularisation. Duality gap: 2.319e+06, tolerance: 1.265e+04
  model = cd_fast.enet_coordinate_descent(
/root/miniconda3/lib/python3.12/site-packages/sklearn/linear_model/_coordinate_descent.py:716: ConvergenceWarning: Objective did not converge. You might want to increase the number of iterations, check the scale of the features or consider increasing regularisation. Duality gap: 2.425e+06, tolerance: 1.274e+04
  model = cd_fast.enet_coordinate_descent(
/root/miniconda3/lib/python3.12/site-packages/sklearn/linear_model/_coordinate_descent.py:716: ConvergenceWarning: Objective did not converge. You might want to increase the number of iterations, check the scale of the features or consider increasing regularisation. Duality gap: 3.724e+06, tolerance: 1.643e+04
  model = cd_fast.enet_coordinate_descent(
/root/miniconda3/lib/python3.12/site-packages/sklearn/linear_model/_coordinate_descent.py:716: ConvergenceWarning: Objective did not converge. You might want to increase the number of iterations, check the scale of the features or consider increasing regularisation. Duality gap: 4.671e+06, tolerance: 2.402e+04
  model = cd_fast.enet_coordinate_descent(
/root/miniconda3/lib/python3.12/site-packages/sklearn/linear_model/_coordinate_descent.py:716: ConvergenceWarning: Objective did not converge. You might want to increase the number of iterations, check the scale of the features or consider increasing regularisation. Duality gap: 5.050e+06, tolerance: 2.595e+04
  model = cd_fast.enet_coordinate_descent(
/root/miniconda3/lib/python3.12/site-packages/sklearn/linear_model/_coordinate_descent.py:716: ConvergenceWarning: Objective did not converge. You might want to increase the number of iterations, check the scale of the features or consider increasing regularisation. Duality gap: 3.148e+06, tolerance: 1.631e+04
  model = cd_fast.enet_coordinate_descent(
/root/miniconda3/lib/python3.12/site-packages/sklearn/linear_model/_coordinate_descent.py:716: ConvergenceWarning: Objective did not converge. You might want to increase the number of iterations, check the scale of the features or consider increasing regularisation. Duality gap: 3.631e+06, tolerance: 1.447e+04
  model = cd_fast.enet_coordinate_descent(
/root/miniconda3/lib/python3.12/site-packages/sklearn/linear_model/_coordinate_descent.py:716: ConvergenceWarning: Objective did not converge. You might want to increase the number of iterations, check the scale of the features or consider increasing regularisation. Duality gap: 3.941e+06, tolerance: 1.445e+04
  model = cd_fast.enet_coordinate_descent(
/root/miniconda3/lib/python3.12/site-packages/sklearn/linear_model/_coordinate_descent.py:716: ConvergenceWarning: Objective did not converge. You might want to increase the number of iterations, check the scale of the features or consider increasing regularisation. Duality gap: 3.421e+06, tolerance: 1.460e+04
  model = cd_fast.enet_coordinate_descent(
/root/miniconda3/lib/python3.12/site-packages/sklearn/linear_model/_coordinate_descent.py:716: ConvergenceWarning: Objective did not converge. You might want to increase the number of iterations, check the scale of the features or consider increasing regularisation. Duality gap: 4.587e+06, tolerance: 1.750e+04
  model = cd_fast.enet_coordinate_descent(
/root/miniconda3/lib/python3.12/site-packages/sklearn/linear_model/_coordinate_descent.py:716: ConvergenceWarning: Objective did not converge. You might want to increase the number of iterations, check the scale of the features or consider increasing regularisation. Duality gap: 4.517e+06, tolerance: 2.330e+04
  model = cd_fast.enet_coordinate_descent(
/root/miniconda3/lib/python3.12/site-packages/sklearn/linear_model/_coordinate_descent.py:716: ConvergenceWarning: Objective did not converge. You might want to increase the number of iterations, check the scale of the features or consider increasing regularisation. Duality gap: 6.405e+06, tolerance: 2.412e+04
  model = cd_fast.enet_coordinate_descent(
/root/miniconda3/lib/python3.12/site-packages/sklearn/linear_model/_coordinate_descent.py:716: ConvergenceWarning: Objective did not converge. You might want to increase the number of iterations, check the scale of the features or consider increasing regularisation. Duality gap: 4.322e+06, tolerance: 1.747e+04
  model = cd_fast.enet_coordinate_descent(
/root/miniconda3/lib/python3.12/site-packages/sklearn/linear_model/_coordinate_descent.py:716: ConvergenceWarning: Objective did not converge. You might want to increase the number of iterations, check the scale of the features or consider increasing regularisation. Duality gap: 3.941e+06, tolerance: 1.430e+04
  model = cd_fast.enet_coordinate_descent(
/root/miniconda3/lib/python3.12/site-packages/sklearn/linear_model/_coordinate_descent.py:716: ConvergenceWarning: Objective did not converge. You might want to increase the number of iterations, check the scale of the features or consider increasing regularisation. Duality gap: 3.956e+06, tolerance: 1.366e+04
  model = cd_fast.enet_coordinate_descent(
/root/miniconda3/lib/python3.12/site-packages/sklearn/linear_model/_coordinate_descent.py:716: ConvergenceWarning: Objective did not converge. You might want to increase the number of iterations, check the scale of the features or consider increasing regularisation. Duality gap: 3.835e+06, tolerance: 1.326e+04
  model = cd_fast.enet_coordinate_descent(
/root/miniconda3/lib/python3.12/site-packages/sklearn/linear_model/_coordinate_descent.py:716: ConvergenceWarning: Objective did not converge. You might want to increase the number of iterations, check the scale of the features or consider increasing regularisation. Duality gap: 3.805e+06, tolerance: 1.620e+04
  model = cd_fast.enet_coordinate_descent(
/root/miniconda3/lib/python3.12/site-packages/sklearn/linear_model/_coordinate_descent.py:716: ConvergenceWarning: Objective did not converge. You might want to increase the number of iterations, check the scale of the features or consider increasing regularisation. Duality gap: 3.066e+06, tolerance: 2.293e+04
  model = cd_fast.enet_coordinate_descent(
/root/miniconda3/lib/python3.12/site-packages/sklearn/linear_model/_coordinate_descent.py:716: ConvergenceWarning: Objective did not converge. You might want to increase the number of iterations, check the scale of the features or consider increasing regularisation. Duality gap: 3.872e+06, tolerance: 2.494e+04
  model = cd_fast.enet_coordinate_descent(
/root/miniconda3/lib/python3.12/site-packages/sklearn/linear_model/_coordinate_descent.py:716: ConvergenceWarning: Objective did not converge. You might want to increase the number of iterations, check the scale of the features or consider increasing regularisation. Duality gap: 3.334e+06, tolerance: 1.617e+04
  model = cd_fast.enet_coordinate_descent(
/root/miniconda3/lib/python3.12/site-packages/sklearn/linear_model/_coordinate_descent.py:716: ConvergenceWarning: Objective did not converge. You might want to increase the number of iterations, check the scale of the features or consider increasing regularisation. Duality gap: 2.832e+06, tolerance: 1.345e+04
  model = cd_fast.enet_coordinate_descent(
/root/miniconda3/lib/python3.12/site-packages/sklearn/linear_model/_coordinate_descent.py:716: ConvergenceWarning: Objective did not converge. You might want to increase the number of iterations, check the scale of the features or consider increasing regularisation. Duality gap: 2.922e+06, tolerance: 1.312e+04
  model = cd_fast.enet_coordinate_descent(
/root/miniconda3/lib/python3.12/site-packages/sklearn/linear_model/_coordinate_descent.py:716: ConvergenceWarning: Objective did not converge. You might want to increase the number of iterations, check the scale of the features or consider increasing regularisation. Duality gap: 2.552e+06, tolerance: 1.346e+04
  model = cd_fast.enet_coordinate_descent(
/root/miniconda3/lib/python3.12/site-packages/sklearn/linear_model/_coordinate_descent.py:716: ConvergenceWarning: Objective did not converge. You might want to increase the number of iterations, check the scale of the features or consider increasing regularisation. Duality gap: 2.818e+06, tolerance: 1.646e+04
  model = cd_fast.enet_coordinate_descent(
/root/miniconda3/lib/python3.12/site-packages/sklearn/linear_model/_coordinate_descent.py:716: ConvergenceWarning: Objective did not converge. You might want to increase the number of iterations, check the scale of the features or consider increasing regularisation. Duality gap: 4.144e+06, tolerance: 2.394e+04
  model = cd_fast.enet_coordinate_descent(
/root/miniconda3/lib/python3.12/site-packages/sklearn/linear_model/_coordinate_descent.py:716: ConvergenceWarning: Objective did not converge. You might want to increase the number of iterations, check the scale of the features or consider increasing regularisation. Duality gap: 4.586e+06, tolerance: 2.547e+04
  model = cd_fast.enet_coordinate_descent(
/root/miniconda3/lib/python3.12/site-packages/sklearn/linear_model/_coordinate_descent.py:716: ConvergenceWarning: Objective did not converge. You might want to increase the number of iterations, check the scale of the features or consider increasing regularisation. Duality gap: 2.698e+06, tolerance: 1.585e+04
  model = cd_fast.enet_coordinate_descent(
/root/miniconda3/lib/python3.12/site-packages/sklearn/linear_model/_coordinate_descent.py:716: ConvergenceWarning: Objective did not converge. You might want to increase the number of iterations, check the scale of the features or consider increasing regularisation. Duality gap: 2.429e+06, tolerance: 1.331e+04
  model = cd_fast.enet_coordinate_descent(
/root/miniconda3/lib/python3.12/site-packages/sklearn/linear_model/_coordinate_descent.py:716: ConvergenceWarning: Objective did not converge. You might want to increase the number of iterations, check the scale of the features or consider increasing regularisation. Duality gap: 2.319e+06, tolerance: 1.265e+04
  model = cd_fast.enet_coordinate_descent(
/root/miniconda3/lib/python3.12/site-packages/sklearn/linear_model/_coordinate_descent.py:716: ConvergenceWarning: Objective did not converge. You might want to increase the number of iterations, check the scale of the features or consider increasing regularisation. Duality gap: 2.425e+06, tolerance: 1.274e+04
  model = cd_fast.enet_coordinate_descent(
/root/miniconda3/lib/python3.12/site-packages/sklearn/linear_model/_coordinate_descent.py:716: ConvergenceWarning: Objective did not converge. You might want to increase the number of iterations, check the scale of the features or consider increasing regularisation. Duality gap: 3.724e+06, tolerance: 1.643e+04
  model = cd_fast.enet_coordinate_descent(
/root/miniconda3/lib/python3.12/site-packages/sklearn/linear_model/_coordinate_descent.py:716: ConvergenceWarning: Objective did not converge. You might want to increase the number of iterations, check the scale of the features or consider increasing regularisation. Duality gap: 4.671e+06, tolerance: 2.402e+04
  model = cd_fast.enet_coordinate_descent(
/root/miniconda3/lib/python3.12/site-packages/sklearn/linear_model/_coordinate_descent.py:716: ConvergenceWarning: Objective did not converge. You might want to increase the number of iterations, check the scale of the features or consider increasing regularisation. Duality gap: 5.050e+06, tolerance: 2.595e+04
  model = cd_fast.enet_coordinate_descent(
/root/miniconda3/lib/python3.12/site-packages/sklearn/linear_model/_coordinate_descent.py:716: ConvergenceWarning: Objective did not converge. You might want to increase the number of iterations, check the scale of the features or consider increasing regularisation. Duality gap: 3.148e+06, tolerance: 1.631e+04
  model = cd_fast.enet_coordinate_descent(
/root/miniconda3/lib/python3.12/site-packages/sklearn/linear_model/_coordinate_descent.py:716: ConvergenceWarning: Objective did not converge. You might want to increase the number of iterations, check the scale of the features or consider increasing regularisation. Duality gap: 3.631e+06, tolerance: 1.447e+04
  model = cd_fast.enet_coordinate_descent(
/root/miniconda3/lib/python3.12/site-packages/sklearn/linear_model/_coordinate_descent.py:716: ConvergenceWarning: Objective did not converge. You might want to increase the number of iterations, check the scale of the features or consider increasing regularisation. Duality gap: 3.941e+06, tolerance: 1.445e+04
  model = cd_fast.enet_coordinate_descent(
/root/miniconda3/lib/python3.12/site-packages/sklearn/linear_model/_coordinate_descent.py:716: ConvergenceWarning: Objective did not converge. You might want to increase the number of iterations, check the scale of the features or consider increasing regularisation. Duality gap: 3.421e+06, tolerance: 1.460e+04
  model = cd_fast.enet_coordinate_descent(
/root/miniconda3/lib/python3.12/site-packages/sklearn/linear_model/_coordinate_descent.py:716: ConvergenceWarning: Objective did not converge. You might want to increase the number of iterations, check the scale of the features or consider increasing regularisation. Duality gap: 4.587e+06, tolerance: 1.750e+04
  model = cd_fast.enet_coordinate_descent(
/root/miniconda3/lib/python3.12/site-packages/sklearn/linear_model/_coordinate_descent.py:716: ConvergenceWarning: Objective did not converge. You might want to increase the number of iterations, check the scale of the features or consider increasing regularisation. Duality gap: 4.517e+06, tolerance: 2.330e+04
  model = cd_fast.enet_coordinate_descent(
/root/miniconda3/lib/python3.12/site-packages/sklearn/linear_model/_coordinate_descent.py:716: ConvergenceWarning: Objective did not converge. You might want to increase the number of iterations, check the scale of the features or consider increasing regularisation. Duality gap: 6.405e+06, tolerance: 2.412e+04
  model = cd_fast.enet_coordinate_descent(
/root/miniconda3/lib/python3.12/site-packages/sklearn/linear_model/_coordinate_descent.py:716: ConvergenceWarning: Objective did not converge. You might want to increase the number of iterations, check the scale of the features or consider increasing regularisation. Duality gap: 4.322e+06, tolerance: 1.747e+04
  model = cd_fast.enet_coordinate_descent(
/root/miniconda3/lib/python3.12/site-packages/sklearn/linear_model/_coordinate_descent.py:716: ConvergenceWarning: Objective did not converge. You might want to increase the number of iterations, check the scale of the features or consider increasing regularisation. Duality gap: 3.941e+06, tolerance: 1.430e+04
  model = cd_fast.enet_coordinate_descent(
/root/miniconda3/lib/python3.12/site-packages/sklearn/linear_model/_coordinate_descent.py:716: ConvergenceWarning: Objective did not converge. You might want to increase the number of iterations, check the scale of the features or consider increasing regularisation. Duality gap: 3.956e+06, tolerance: 1.366e+04
  model = cd_fast.enet_coordinate_descent(
/root/miniconda3/lib/python3.12/site-packages/sklearn/linear_model/_coordinate_descent.py:716: ConvergenceWarning: Objective did not converge. You might want to increase the number of iterations, check the scale of the features or consider increasing regularisation. Duality gap: 3.835e+06, tolerance: 1.326e+04
  model = cd_fast.enet_coordinate_descent(
/root/miniconda3/lib/python3.12/site-packages/sklearn/linear_model/_coordinate_descent.py:716: ConvergenceWarning: Objective did not converge. You might want to increase the number of iterations, check the scale of the features or consider increasing regularisation. Duality gap: 3.805e+06, tolerance: 1.620e+04
  model = cd_fast.enet_coordinate_descent(
/root/miniconda3/lib/python3.12/site-packages/sklearn/linear_model/_coordinate_descent.py:716: ConvergenceWarning: Objective did not converge. You might want to increase the number of iterations, check the scale of the features or consider increasing regularisation. Duality gap: 3.020e+06, tolerance: 2.293e+04
  model = cd_fast.enet_coordinate_descent(
/root/miniconda3/lib/python3.12/site-packages/sklearn/linear_model/_coordinate_descent.py:716: ConvergenceWarning: Objective did not converge. You might want to increase the number of iterations, check the scale of the features or consider increasing regularisation. Duality gap: 3.665e+06, tolerance: 2.494e+04
  model = cd_fast.enet_coordinate_descent(
/root/miniconda3/lib/python3.12/site-packages/sklearn/linear_model/_coordinate_descent.py:716: ConvergenceWarning: Objective did not converge. You might want to increase the number of iterations, check the scale of the features or consider increasing regularisation. Duality gap: 3.221e+06, tolerance: 1.617e+04
  model = cd_fast.enet_coordinate_descent(
/root/miniconda3/lib/python3.12/site-packages/sklearn/linear_model/_coordinate_descent.py:716: ConvergenceWarning: Objective did not converge. You might want to increase the number of iterations, check the scale of the features or consider increasing regularisation. Duality gap: 2.773e+06, tolerance: 1.345e+04
  model = cd_fast.enet_coordinate_descent(
/root/miniconda3/lib/python3.12/site-packages/sklearn/linear_model/_coordinate_descent.py:716: ConvergenceWarning: Objective did not converge. You might want to increase the number of iterations, check the scale of the features or consider increasing regularisation. Duality gap: 2.818e+06, tolerance: 1.312e+04
  model = cd_fast.enet_coordinate_descent(
/root/miniconda3/lib/python3.12/site-packages/sklearn/linear_model/_coordinate_descent.py:716: ConvergenceWarning: Objective did not converge. You might want to increase the number of iterations, check the scale of the features or consider increasing regularisation. Duality gap: 2.519e+06, tolerance: 1.346e+04
  model = cd_fast.enet_coordinate_descent(
/root/miniconda3/lib/python3.12/site-packages/sklearn/linear_model/_coordinate_descent.py:716: ConvergenceWarning: Objective did not converge. You might want to increase the number of iterations, check the scale of the features or consider increasing regularisation. Duality gap: 2.716e+06, tolerance: 1.646e+04
  model = cd_fast.enet_coordinate_descent(
/root/miniconda3/lib/python3.12/site-packages/sklearn/linear_model/_coordinate_descent.py:716: ConvergenceWarning: Objective did not converge. You might want to increase the number of iterations, check the scale of the features or consider increasing regularisation. Duality gap: 4.017e+06, tolerance: 2.394e+04
  model = cd_fast.enet_coordinate_descent(
/root/miniconda3/lib/python3.12/site-packages/sklearn/linear_model/_coordinate_descent.py:716: ConvergenceWarning: Objective did not converge. You might want to increase the number of iterations, check the scale of the features or consider increasing regularisation. Duality gap: 4.480e+06, tolerance: 2.547e+04
  model = cd_fast.enet_coordinate_descent(
/root/miniconda3/lib/python3.12/site-packages/sklearn/linear_model/_coordinate_descent.py:716: ConvergenceWarning: Objective did not converge. You might want to increase the number of iterations, check the scale of the features or consider increasing regularisation. Duality gap: 2.779e+06, tolerance: 1.585e+04
  model = cd_fast.enet_coordinate_descent(
/root/miniconda3/lib/python3.12/site-packages/sklearn/linear_model/_coordinate_descent.py:716: ConvergenceWarning: Objective did not converge. You might want to increase the number of iterations, check the scale of the features or consider increasing regularisation. Duality gap: 2.406e+06, tolerance: 1.331e+04
  model = cd_fast.enet_coordinate_descent(
/root/miniconda3/lib/python3.12/site-packages/sklearn/linear_model/_coordinate_descent.py:716: ConvergenceWarning: Objective did not converge. You might want to increase the number of iterations, check the scale of the features or consider increasing regularisation. Duality gap: 2.336e+06, tolerance: 1.265e+04
  model = cd_fast.enet_coordinate_descent(
/root/miniconda3/lib/python3.12/site-packages/sklearn/linear_model/_coordinate_descent.py:716: ConvergenceWarning: Objective did not converge. You might want to increase the number of iterations, check the scale of the features or consider increasing regularisation. Duality gap: 2.564e+06, tolerance: 1.274e+04
  model = cd_fast.enet_coordinate_descent(
/root/miniconda3/lib/python3.12/site-packages/sklearn/linear_model/_coordinate_descent.py:716: ConvergenceWarning: Objective did not converge. You might want to increase the number of iterations, check the scale of the features or consider increasing regularisation. Duality gap: 3.659e+06, tolerance: 1.643e+04
  model = cd_fast.enet_coordinate_descent(
/root/miniconda3/lib/python3.12/site-packages/sklearn/linear_model/_coordinate_descent.py:716: ConvergenceWarning: Objective did not converge. You might want to increase the number of iterations, check the scale of the features or consider increasing regularisation. Duality gap: 4.618e+06, tolerance: 2.402e+04
  model = cd_fast.enet_coordinate_descent(
/root/miniconda3/lib/python3.12/site-packages/sklearn/linear_model/_coordinate_descent.py:716: ConvergenceWarning: Objective did not converge. You might want to increase the number of iterations, check the scale of the features or consider increasing regularisation. Duality gap: 4.726e+06, tolerance: 2.595e+04
  model = cd_fast.enet_coordinate_descent(
/root/miniconda3/lib/python3.12/site-packages/sklearn/linear_model/_coordinate_descent.py:716: ConvergenceWarning: Objective did not converge. You might want to increase the number of iterations, check the scale of the features or consider increasing regularisation. Duality gap: 3.100e+06, tolerance: 1.631e+04
  model = cd_fast.enet_coordinate_descent(
/root/miniconda3/lib/python3.12/site-packages/sklearn/linear_model/_coordinate_descent.py:716: ConvergenceWarning: Objective did not converge. You might want to increase the number of iterations, check the scale of the features or consider increasing regularisation. Duality gap: 3.585e+06, tolerance: 1.447e+04
  model = cd_fast.enet_coordinate_descent(
/root/miniconda3/lib/python3.12/site-packages/sklearn/linear_model/_coordinate_descent.py:716: ConvergenceWarning: Objective did not converge. You might want to increase the number of iterations, check the scale of the features or consider increasing regularisation. Duality gap: 3.970e+06, tolerance: 1.445e+04
  model = cd_fast.enet_coordinate_descent(
/root/miniconda3/lib/python3.12/site-packages/sklearn/linear_model/_coordinate_descent.py:716: ConvergenceWarning: Objective did not converge. You might want to increase the number of iterations, check the scale of the features or consider increasing regularisation. Duality gap: 3.334e+06, tolerance: 1.460e+04
  model = cd_fast.enet_coordinate_descent(
/root/miniconda3/lib/python3.12/site-packages/sklearn/linear_model/_coordinate_descent.py:716: ConvergenceWarning: Objective did not converge. You might want to increase the number of iterations, check the scale of the features or consider increasing regularisation. Duality gap: 4.349e+06, tolerance: 1.750e+04
  model = cd_fast.enet_coordinate_descent(
/root/miniconda3/lib/python3.12/site-packages/sklearn/linear_model/_coordinate_descent.py:716: ConvergenceWarning: Objective did not converge. You might want to increase the number of iterations, check the scale of the features or consider increasing regularisation. Duality gap: 4.437e+06, tolerance: 2.330e+04
  model = cd_fast.enet_coordinate_descent(
/root/miniconda3/lib/python3.12/site-packages/sklearn/linear_model/_coordinate_descent.py:716: ConvergenceWarning: Objective did not converge. You might want to increase the number of iterations, check the scale of the features or consider increasing regularisation. Duality gap: 5.833e+06, tolerance: 2.412e+04
  model = cd_fast.enet_coordinate_descent(
/root/miniconda3/lib/python3.12/site-packages/sklearn/linear_model/_coordinate_descent.py:716: ConvergenceWarning: Objective did not converge. You might want to increase the number of iterations, check the scale of the features or consider increasing regularisation. Duality gap: 4.236e+06, tolerance: 1.747e+04
  model = cd_fast.enet_coordinate_descent(
/root/miniconda3/lib/python3.12/site-packages/sklearn/linear_model/_coordinate_descent.py:716: ConvergenceWarning: Objective did not converge. You might want to increase the number of iterations, check the scale of the features or consider increasing regularisation. Duality gap: 3.809e+06, tolerance: 1.430e+04
  model = cd_fast.enet_coordinate_descent(
/root/miniconda3/lib/python3.12/site-packages/sklearn/linear_model/_coordinate_descent.py:716: ConvergenceWarning: Objective did not converge. You might want to increase the number of iterations, check the scale of the features or consider increasing regularisation. Duality gap: 3.872e+06, tolerance: 1.366e+04
  model = cd_fast.enet_coordinate_descent(
/root/miniconda3/lib/python3.12/site-packages/sklearn/linear_model/_coordinate_descent.py:716: ConvergenceWarning: Objective did not converge. You might want to increase the number of iterations, check the scale of the features or consider increasing regularisation. Duality gap: 3.621e+06, tolerance: 1.326e+04
  model = cd_fast.enet_coordinate_descent(
/root/miniconda3/lib/python3.12/site-packages/sklearn/linear_model/_coordinate_descent.py:716: ConvergenceWarning: Objective did not converge. You might want to increase the number of iterations, check the scale of the features or consider increasing regularisation. Duality gap: 3.660e+06, tolerance: 1.620e+04
  model = cd_fast.enet_coordinate_descent(
/root/miniconda3/lib/python3.12/site-packages/sklearn/linear_model/_coordinate_descent.py:716: ConvergenceWarning: Objective did not converge. You might want to increase the number of iterations, check the scale of the features or consider increasing regularisation. Duality gap: 3.020e+06, tolerance: 2.293e+04
  model = cd_fast.enet_coordinate_descent(
/root/miniconda3/lib/python3.12/site-packages/sklearn/linear_model/_coordinate_descent.py:716: ConvergenceWarning: Objective did not converge. You might want to increase the number of iterations, check the scale of the features or consider increasing regularisation. Duality gap: 3.665e+06, tolerance: 2.494e+04
  model = cd_fast.enet_coordinate_descent(
/root/miniconda3/lib/python3.12/site-packages/sklearn/linear_model/_coordinate_descent.py:716: ConvergenceWarning: Objective did not converge. You might want to increase the number of iterations, check the scale of the features or consider increasing regularisation. Duality gap: 3.221e+06, tolerance: 1.617e+04
  model = cd_fast.enet_coordinate_descent(
/root/miniconda3/lib/python3.12/site-packages/sklearn/linear_model/_coordinate_descent.py:716: ConvergenceWarning: Objective did not converge. You might want to increase the number of iterations, check the scale of the features or consider increasing regularisation. Duality gap: 2.773e+06, tolerance: 1.345e+04
  model = cd_fast.enet_coordinate_descent(
/root/miniconda3/lib/python3.12/site-packages/sklearn/linear_model/_coordinate_descent.py:716: ConvergenceWarning: Objective did not converge. You might want to increase the number of iterations, check the scale of the features or consider increasing regularisation. Duality gap: 2.818e+06, tolerance: 1.312e+04
  model = cd_fast.enet_coordinate_descent(
/root/miniconda3/lib/python3.12/site-packages/sklearn/linear_model/_coordinate_descent.py:716: ConvergenceWarning: Objective did not converge. You might want to increase the number of iterations, check the scale of the features or consider increasing regularisation. Duality gap: 2.519e+06, tolerance: 1.346e+04
  model = cd_fast.enet_coordinate_descent(
/root/miniconda3/lib/python3.12/site-packages/sklearn/linear_model/_coordinate_descent.py:716: ConvergenceWarning: Objective did not converge. You might want to increase the number of iterations, check the scale of the features or consider increasing regularisation. Duality gap: 2.716e+06, tolerance: 1.646e+04
  model = cd_fast.enet_coordinate_descent(
/root/miniconda3/lib/python3.12/site-packages/sklearn/linear_model/_coordinate_descent.py:716: ConvergenceWarning: Objective did not converge. You might want to increase the number of iterations, check the scale of the features or consider increasing regularisation. Duality gap: 4.017e+06, tolerance: 2.394e+04
  model = cd_fast.enet_coordinate_descent(
/root/miniconda3/lib/python3.12/site-packages/sklearn/linear_model/_coordinate_descent.py:716: ConvergenceWarning: Objective did not converge. You might want to increase the number of iterations, check the scale of the features or consider increasing regularisation. Duality gap: 4.480e+06, tolerance: 2.547e+04
  model = cd_fast.enet_coordinate_descent(
/root/miniconda3/lib/python3.12/site-packages/sklearn/linear_model/_coordinate_descent.py:716: ConvergenceWarning: Objective did not converge. You might want to increase the number of iterations, check the scale of the features or consider increasing regularisation. Duality gap: 2.779e+06, tolerance: 1.585e+04
  model = cd_fast.enet_coordinate_descent(
/root/miniconda3/lib/python3.12/site-packages/sklearn/linear_model/_coordinate_descent.py:716: ConvergenceWarning: Objective did not converge. You might want to increase the number of iterations, check the scale of the features or consider increasing regularisation. Duality gap: 2.406e+06, tolerance: 1.331e+04
  model = cd_fast.enet_coordinate_descent(
/root/miniconda3/lib/python3.12/site-packages/sklearn/linear_model/_coordinate_descent.py:716: ConvergenceWarning: Objective did not converge. You might want to increase the number of iterations, check the scale of the features or consider increasing regularisation. Duality gap: 2.336e+06, tolerance: 1.265e+04
  model = cd_fast.enet_coordinate_descent(
/root/miniconda3/lib/python3.12/site-packages/sklearn/linear_model/_coordinate_descent.py:716: ConvergenceWarning: Objective did not converge. You might want to increase the number of iterations, check the scale of the features or consider increasing regularisation. Duality gap: 2.564e+06, tolerance: 1.274e+04
  model = cd_fast.enet_coordinate_descent(
/root/miniconda3/lib/python3.12/site-packages/sklearn/linear_model/_coordinate_descent.py:716: ConvergenceWarning: Objective did not converge. You might want to increase the number of iterations, check the scale of the features or consider increasing regularisation. Duality gap: 3.659e+06, tolerance: 1.643e+04
  model = cd_fast.enet_coordinate_descent(
/root/miniconda3/lib/python3.12/site-packages/sklearn/linear_model/_coordinate_descent.py:716: ConvergenceWarning: Objective did not converge. You might want to increase the number of iterations, check the scale of the features or consider increasing regularisation. Duality gap: 4.618e+06, tolerance: 2.402e+04
  model = cd_fast.enet_coordinate_descent(
/root/miniconda3/lib/python3.12/site-packages/sklearn/linear_model/_coordinate_descent.py:716: ConvergenceWarning: Objective did not converge. You might want to increase the number of iterations, check the scale of the features or consider increasing regularisation. Duality gap: 4.726e+06, tolerance: 2.595e+04
  model = cd_fast.enet_coordinate_descent(
/root/miniconda3/lib/python3.12/site-packages/sklearn/linear_model/_coordinate_descent.py:716: ConvergenceWarning: Objective did not converge. You might want to increase the number of iterations, check the scale of the features or consider increasing regularisation. Duality gap: 3.100e+06, tolerance: 1.631e+04
  model = cd_fast.enet_coordinate_descent(
/root/miniconda3/lib/python3.12/site-packages/sklearn/linear_model/_coordinate_descent.py:716: ConvergenceWarning: Objective did not converge. You might want to increase the number of iterations, check the scale of the features or consider increasing regularisation. Duality gap: 3.585e+06, tolerance: 1.447e+04
  model = cd_fast.enet_coordinate_descent(
/root/miniconda3/lib/python3.12/site-packages/sklearn/linear_model/_coordinate_descent.py:716: ConvergenceWarning: Objective did not converge. You might want to increase the number of iterations, check the scale of the features or consider increasing regularisation. Duality gap: 3.970e+06, tolerance: 1.445e+04
  model = cd_fast.enet_coordinate_descent(
/root/miniconda3/lib/python3.12/site-packages/sklearn/linear_model/_coordinate_descent.py:716: ConvergenceWarning: Objective did not converge. You might want to increase the number of iterations, check the scale of the features or consider increasing regularisation. Duality gap: 3.334e+06, tolerance: 1.460e+04
  model = cd_fast.enet_coordinate_descent(
/root/miniconda3/lib/python3.12/site-packages/sklearn/linear_model/_coordinate_descent.py:716: ConvergenceWarning: Objective did not converge. You might want to increase the number of iterations, check the scale of the features or consider increasing regularisation. Duality gap: 4.349e+06, tolerance: 1.750e+04
  model = cd_fast.enet_coordinate_descent(
/root/miniconda3/lib/python3.12/site-packages/sklearn/linear_model/_coordinate_descent.py:716: ConvergenceWarning: Objective did not converge. You might want to increase the number of iterations, check the scale of the features or consider increasing regularisation. Duality gap: 4.437e+06, tolerance: 2.330e+04
  model = cd_fast.enet_coordinate_descent(
/root/miniconda3/lib/python3.12/site-packages/sklearn/linear_model/_coordinate_descent.py:716: ConvergenceWarning: Objective did not converge. You might want to increase the number of iterations, check the scale of the features or consider increasing regularisation. Duality gap: 5.833e+06, tolerance: 2.412e+04
  model = cd_fast.enet_coordinate_descent(
/root/miniconda3/lib/python3.12/site-packages/sklearn/linear_model/_coordinate_descent.py:716: ConvergenceWarning: Objective did not converge. You might want to increase the number of iterations, check the scale of the features or consider increasing regularisation. Duality gap: 4.236e+06, tolerance: 1.747e+04
  model = cd_fast.enet_coordinate_descent(
/root/miniconda3/lib/python3.12/site-packages/sklearn/linear_model/_coordinate_descent.py:716: ConvergenceWarning: Objective did not converge. You might want to increase the number of iterations, check the scale of the features or consider increasing regularisation. Duality gap: 3.809e+06, tolerance: 1.430e+04
  model = cd_fast.enet_coordinate_descent(
/root/miniconda3/lib/python3.12/site-packages/sklearn/linear_model/_coordinate_descent.py:716: ConvergenceWarning: Objective did not converge. You might want to increase the number of iterations, check the scale of the features or consider increasing regularisation. Duality gap: 3.872e+06, tolerance: 1.366e+04
  model = cd_fast.enet_coordinate_descent(
/root/miniconda3/lib/python3.12/site-packages/sklearn/linear_model/_coordinate_descent.py:716: ConvergenceWarning: Objective did not converge. You might want to increase the number of iterations, check the scale of the features or consider increasing regularisation. Duality gap: 3.621e+06, tolerance: 1.326e+04
  model = cd_fast.enet_coordinate_descent(
/root/miniconda3/lib/python3.12/site-packages/sklearn/linear_model/_coordinate_descent.py:716: ConvergenceWarning: Objective did not converge. You might want to increase the number of iterations, check the scale of the features or consider increasing regularisation. Duality gap: 3.660e+06, tolerance: 1.620e+04
  model = cd_fast.enet_coordinate_descent(

=== Running task: state_dept ===
/root/miniconda3/lib/python3.12/site-packages/sklearn/linear_model/_coordinate_descent.py:716: ConvergenceWarning: Objective did not converge. You might want to increase the number of iterations, check the scale of the features or consider increasing regularisation. Duality gap: 3.651e+06, tolerance: 5.978e+04
  model = cd_fast.enet_coordinate_descent(
/root/miniconda3/lib/python3.12/site-packages/sklearn/linear_model/_coordinate_descent.py:716: ConvergenceWarning: Objective did not converge. You might want to increase the number of iterations, check the scale of the features or consider increasing regularisation. Duality gap: 4.760e+06, tolerance: 6.289e+04
  model = cd_fast.enet_coordinate_descent(
/root/miniconda3/lib/python3.12/site-packages/sklearn/linear_model/_coordinate_descent.py:716: ConvergenceWarning: Objective did not converge. You might want to increase the number of iterations, check the scale of the features or consider increasing regularisation. Duality gap: 5.311e+06, tolerance: 3.875e+04
  model = cd_fast.enet_coordinate_descent(
/root/miniconda3/lib/python3.12/site-packages/sklearn/linear_model/_coordinate_descent.py:716: ConvergenceWarning: Objective did not converge. You might want to increase the number of iterations, check the scale of the features or consider increasing regularisation. Duality gap: 3.384e+06, tolerance: 3.099e+04
  model = cd_fast.enet_coordinate_descent(
/root/miniconda3/lib/python3.12/site-packages/sklearn/linear_model/_coordinate_descent.py:716: ConvergenceWarning: Objective did not converge. You might want to increase the number of iterations, check the scale of the features or consider increasing regularisation. Duality gap: 3.272e+06, tolerance: 3.026e+04
  model = cd_fast.enet_coordinate_descent(
/root/miniconda3/lib/python3.12/site-packages/sklearn/linear_model/_coordinate_descent.py:716: ConvergenceWarning: Objective did not converge. You might want to increase the number of iterations, check the scale of the features or consider increasing regularisation. Duality gap: 2.868e+06, tolerance: 3.193e+04
  model = cd_fast.enet_coordinate_descent(
/root/miniconda3/lib/python3.12/site-packages/sklearn/linear_model/_coordinate_descent.py:716: ConvergenceWarning: Objective did not converge. You might want to increase the number of iterations, check the scale of the features or consider increasing regularisation. Duality gap: 3.907e+06, tolerance: 4.170e+04
  model = cd_fast.enet_coordinate_descent(
/root/miniconda3/lib/python3.12/site-packages/sklearn/linear_model/_coordinate_descent.py:716: ConvergenceWarning: Objective did not converge. You might want to increase the number of iterations, check the scale of the features or consider increasing regularisation. Duality gap: 5.784e+06, tolerance: 6.143e+04
  model = cd_fast.enet_coordinate_descent(
/root/miniconda3/lib/python3.12/site-packages/sklearn/linear_model/_coordinate_descent.py:716: ConvergenceWarning: Objective did not converge. You might want to increase the number of iterations, check the scale of the features or consider increasing regularisation. Duality gap: 6.094e+06, tolerance: 6.381e+04
  model = cd_fast.enet_coordinate_descent(
/root/miniconda3/lib/python3.12/site-packages/sklearn/linear_model/_coordinate_descent.py:716: ConvergenceWarning: Objective did not converge. You might want to increase the number of iterations, check the scale of the features or consider increasing regularisation. Duality gap: 3.487e+06, tolerance: 3.740e+04
  model = cd_fast.enet_coordinate_descent(
/root/miniconda3/lib/python3.12/site-packages/sklearn/linear_model/_coordinate_descent.py:716: ConvergenceWarning: Objective did not converge. You might want to increase the number of iterations, check the scale of the features or consider increasing regularisation. Duality gap: 2.774e+06, tolerance: 3.113e+04
  model = cd_fast.enet_coordinate_descent(
/root/miniconda3/lib/python3.12/site-packages/sklearn/linear_model/_coordinate_descent.py:716: ConvergenceWarning: Objective did not converge. You might want to increase the number of iterations, check the scale of the features or consider increasing regularisation. Duality gap: 3.098e+06, tolerance: 2.922e+04
  model = cd_fast.enet_coordinate_descent(
/root/miniconda3/lib/python3.12/site-packages/sklearn/linear_model/_coordinate_descent.py:716: ConvergenceWarning: Objective did not converge. You might want to increase the number of iterations, check the scale of the features or consider increasing regularisation. Duality gap: 3.243e+06, tolerance: 3.041e+04
  model = cd_fast.enet_coordinate_descent(
/root/miniconda3/lib/python3.12/site-packages/sklearn/linear_model/_coordinate_descent.py:716: ConvergenceWarning: Objective did not converge. You might want to increase the number of iterations, check the scale of the features or consider increasing regularisation. Duality gap: 5.411e+06, tolerance: 4.128e+04
  model = cd_fast.enet_coordinate_descent(
/root/miniconda3/lib/python3.12/site-packages/sklearn/linear_model/_coordinate_descent.py:716: ConvergenceWarning: Objective did not converge. You might want to increase the number of iterations, check the scale of the features or consider increasing regularisation. Duality gap: 6.811e+06, tolerance: 6.135e+04
  model = cd_fast.enet_coordinate_descent(
/root/miniconda3/lib/python3.12/site-packages/sklearn/linear_model/_coordinate_descent.py:716: ConvergenceWarning: Objective did not converge. You might want to increase the number of iterations, check the scale of the features or consider increasing regularisation. Duality gap: 7.482e+06, tolerance: 6.577e+04
  model = cd_fast.enet_coordinate_descent(
/root/miniconda3/lib/python3.12/site-packages/sklearn/linear_model/_coordinate_descent.py:716: ConvergenceWarning: Objective did not converge. You might want to increase the number of iterations, check the scale of the features or consider increasing regularisation. Duality gap: 4.829e+06, tolerance: 3.821e+04
  model = cd_fast.enet_coordinate_descent(
/root/miniconda3/lib/python3.12/site-packages/sklearn/linear_model/_coordinate_descent.py:716: ConvergenceWarning: Objective did not converge. You might want to increase the number of iterations, check the scale of the features or consider increasing regularisation. Duality gap: 5.537e+06, tolerance: 3.352e+04
  model = cd_fast.enet_coordinate_descent(
/root/miniconda3/lib/python3.12/site-packages/sklearn/linear_model/_coordinate_descent.py:716: ConvergenceWarning: Objective did not converge. You might want to increase the number of iterations, check the scale of the features or consider increasing regularisation. Duality gap: 7.258e+06, tolerance: 3.364e+04
  model = cd_fast.enet_coordinate_descent(
/root/miniconda3/lib/python3.12/site-packages/sklearn/linear_model/_coordinate_descent.py:716: ConvergenceWarning: Objective did not converge. You might want to increase the number of iterations, check the scale of the features or consider increasing regularisation. Duality gap: 6.172e+06, tolerance: 3.420e+04
  model = cd_fast.enet_coordinate_descent(
/root/miniconda3/lib/python3.12/site-packages/sklearn/linear_model/_coordinate_descent.py:716: ConvergenceWarning: Objective did not converge. You might want to increase the number of iterations, check the scale of the features or consider increasing regularisation. Duality gap: 7.740e+06, tolerance: 4.354e+04
  model = cd_fast.enet_coordinate_descent(
/root/miniconda3/lib/python3.12/site-packages/sklearn/linear_model/_coordinate_descent.py:716: ConvergenceWarning: Objective did not converge. You might want to increase the number of iterations, check the scale of the features or consider increasing regularisation. Duality gap: 6.328e+06, tolerance: 5.977e+04
  model = cd_fast.enet_coordinate_descent(
/root/miniconda3/lib/python3.12/site-packages/sklearn/linear_model/_coordinate_descent.py:716: ConvergenceWarning: Objective did not converge. You might want to increase the number of iterations, check the scale of the features or consider increasing regularisation. Duality gap: 1.123e+07, tolerance: 6.070e+04
  model = cd_fast.enet_coordinate_descent(
/root/miniconda3/lib/python3.12/site-packages/sklearn/linear_model/_coordinate_descent.py:716: ConvergenceWarning: Objective did not converge. You might want to increase the number of iterations, check the scale of the features or consider increasing regularisation. Duality gap: 7.066e+06, tolerance: 4.141e+04
  model = cd_fast.enet_coordinate_descent(
/root/miniconda3/lib/python3.12/site-packages/sklearn/linear_model/_coordinate_descent.py:716: ConvergenceWarning: Objective did not converge. You might want to increase the number of iterations, check the scale of the features or consider increasing regularisation. Duality gap: 5.989e+06, tolerance: 3.272e+04
  model = cd_fast.enet_coordinate_descent(
/root/miniconda3/lib/python3.12/site-packages/sklearn/linear_model/_coordinate_descent.py:716: ConvergenceWarning: Objective did not converge. You might want to increase the number of iterations, check the scale of the features or consider increasing regularisation. Duality gap: 6.557e+06, tolerance: 3.163e+04
  model = cd_fast.enet_coordinate_descent(
/root/miniconda3/lib/python3.12/site-packages/sklearn/linear_model/_coordinate_descent.py:716: ConvergenceWarning: Objective did not converge. You might want to increase the number of iterations, check the scale of the features or consider increasing regularisation. Duality gap: 6.525e+06, tolerance: 3.138e+04
  model = cd_fast.enet_coordinate_descent(
/root/miniconda3/lib/python3.12/site-packages/sklearn/linear_model/_coordinate_descent.py:716: ConvergenceWarning: Objective did not converge. You might want to increase the number of iterations, check the scale of the features or consider increasing regularisation. Duality gap: 6.574e+06, tolerance: 4.114e+04
  model = cd_fast.enet_coordinate_descent(
/root/miniconda3/lib/python3.12/site-packages/sklearn/linear_model/_coordinate_descent.py:716: ConvergenceWarning: Objective did not converge. You might want to increase the number of iterations, check the scale of the features or consider increasing regularisation. Duality gap: 3.651e+06, tolerance: 5.978e+04
  model = cd_fast.enet_coordinate_descent(
/root/miniconda3/lib/python3.12/site-packages/sklearn/linear_model/_coordinate_descent.py:716: ConvergenceWarning: Objective did not converge. You might want to increase the number of iterations, check the scale of the features or consider increasing regularisation. Duality gap: 4.760e+06, tolerance: 6.289e+04
  model = cd_fast.enet_coordinate_descent(
/root/miniconda3/lib/python3.12/site-packages/sklearn/linear_model/_coordinate_descent.py:716: ConvergenceWarning: Objective did not converge. You might want to increase the number of iterations, check the scale of the features or consider increasing regularisation. Duality gap: 5.311e+06, tolerance: 3.875e+04
  model = cd_fast.enet_coordinate_descent(
/root/miniconda3/lib/python3.12/site-packages/sklearn/linear_model/_coordinate_descent.py:716: ConvergenceWarning: Objective did not converge. You might want to increase the number of iterations, check the scale of the features or consider increasing regularisation. Duality gap: 3.384e+06, tolerance: 3.099e+04
  model = cd_fast.enet_coordinate_descent(
/root/miniconda3/lib/python3.12/site-packages/sklearn/linear_model/_coordinate_descent.py:716: ConvergenceWarning: Objective did not converge. You might want to increase the number of iterations, check the scale of the features or consider increasing regularisation. Duality gap: 3.272e+06, tolerance: 3.026e+04
  model = cd_fast.enet_coordinate_descent(
/root/miniconda3/lib/python3.12/site-packages/sklearn/linear_model/_coordinate_descent.py:716: ConvergenceWarning: Objective did not converge. You might want to increase the number of iterations, check the scale of the features or consider increasing regularisation. Duality gap: 2.868e+06, tolerance: 3.193e+04
  model = cd_fast.enet_coordinate_descent(
/root/miniconda3/lib/python3.12/site-packages/sklearn/linear_model/_coordinate_descent.py:716: ConvergenceWarning: Objective did not converge. You might want to increase the number of iterations, check the scale of the features or consider increasing regularisation. Duality gap: 3.907e+06, tolerance: 4.170e+04
  model = cd_fast.enet_coordinate_descent(
/root/miniconda3/lib/python3.12/site-packages/sklearn/linear_model/_coordinate_descent.py:716: ConvergenceWarning: Objective did not converge. You might want to increase the number of iterations, check the scale of the features or consider increasing regularisation. Duality gap: 5.784e+06, tolerance: 6.143e+04
  model = cd_fast.enet_coordinate_descent(
/root/miniconda3/lib/python3.12/site-packages/sklearn/linear_model/_coordinate_descent.py:716: ConvergenceWarning: Objective did not converge. You might want to increase the number of iterations, check the scale of the features or consider increasing regularisation. Duality gap: 6.094e+06, tolerance: 6.381e+04
  model = cd_fast.enet_coordinate_descent(
/root/miniconda3/lib/python3.12/site-packages/sklearn/linear_model/_coordinate_descent.py:716: ConvergenceWarning: Objective did not converge. You might want to increase the number of iterations, check the scale of the features or consider increasing regularisation. Duality gap: 3.487e+06, tolerance: 3.740e+04
  model = cd_fast.enet_coordinate_descent(
/root/miniconda3/lib/python3.12/site-packages/sklearn/linear_model/_coordinate_descent.py:716: ConvergenceWarning: Objective did not converge. You might want to increase the number of iterations, check the scale of the features or consider increasing regularisation. Duality gap: 2.774e+06, tolerance: 3.113e+04
  model = cd_fast.enet_coordinate_descent(
/root/miniconda3/lib/python3.12/site-packages/sklearn/linear_model/_coordinate_descent.py:716: ConvergenceWarning: Objective did not converge. You might want to increase the number of iterations, check the scale of the features or consider increasing regularisation. Duality gap: 3.098e+06, tolerance: 2.922e+04
  model = cd_fast.enet_coordinate_descent(
/root/miniconda3/lib/python3.12/site-packages/sklearn/linear_model/_coordinate_descent.py:716: ConvergenceWarning: Objective did not converge. You might want to increase the number of iterations, check the scale of the features or consider increasing regularisation. Duality gap: 3.243e+06, tolerance: 3.041e+04
  model = cd_fast.enet_coordinate_descent(
/root/miniconda3/lib/python3.12/site-packages/sklearn/linear_model/_coordinate_descent.py:716: ConvergenceWarning: Objective did not converge. You might want to increase the number of iterations, check the scale of the features or consider increasing regularisation. Duality gap: 5.411e+06, tolerance: 4.128e+04
  model = cd_fast.enet_coordinate_descent(
/root/miniconda3/lib/python3.12/site-packages/sklearn/linear_model/_coordinate_descent.py:716: ConvergenceWarning: Objective did not converge. You might want to increase the number of iterations, check the scale of the features or consider increasing regularisation. Duality gap: 6.811e+06, tolerance: 6.135e+04
  model = cd_fast.enet_coordinate_descent(
/root/miniconda3/lib/python3.12/site-packages/sklearn/linear_model/_coordinate_descent.py:716: ConvergenceWarning: Objective did not converge. You might want to increase the number of iterations, check the scale of the features or consider increasing regularisation. Duality gap: 7.482e+06, tolerance: 6.577e+04
  model = cd_fast.enet_coordinate_descent(
/root/miniconda3/lib/python3.12/site-packages/sklearn/linear_model/_coordinate_descent.py:716: ConvergenceWarning: Objective did not converge. You might want to increase the number of iterations, check the scale of the features or consider increasing regularisation. Duality gap: 4.829e+06, tolerance: 3.821e+04
  model = cd_fast.enet_coordinate_descent(
/root/miniconda3/lib/python3.12/site-packages/sklearn/linear_model/_coordinate_descent.py:716: ConvergenceWarning: Objective did not converge. You might want to increase the number of iterations, check the scale of the features or consider increasing regularisation. Duality gap: 5.537e+06, tolerance: 3.352e+04
  model = cd_fast.enet_coordinate_descent(
/root/miniconda3/lib/python3.12/site-packages/sklearn/linear_model/_coordinate_descent.py:716: ConvergenceWarning: Objective did not converge. You might want to increase the number of iterations, check the scale of the features or consider increasing regularisation. Duality gap: 7.258e+06, tolerance: 3.364e+04
  model = cd_fast.enet_coordinate_descent(
/root/miniconda3/lib/python3.12/site-packages/sklearn/linear_model/_coordinate_descent.py:716: ConvergenceWarning: Objective did not converge. You might want to increase the number of iterations, check the scale of the features or consider increasing regularisation. Duality gap: 6.172e+06, tolerance: 3.420e+04
  model = cd_fast.enet_coordinate_descent(
/root/miniconda3/lib/python3.12/site-packages/sklearn/linear_model/_coordinate_descent.py:716: ConvergenceWarning: Objective did not converge. You might want to increase the number of iterations, check the scale of the features or consider increasing regularisation. Duality gap: 7.740e+06, tolerance: 4.354e+04
  model = cd_fast.enet_coordinate_descent(
/root/miniconda3/lib/python3.12/site-packages/sklearn/linear_model/_coordinate_descent.py:716: ConvergenceWarning: Objective did not converge. You might want to increase the number of iterations, check the scale of the features or consider increasing regularisation. Duality gap: 6.328e+06, tolerance: 5.977e+04
  model = cd_fast.enet_coordinate_descent(
/root/miniconda3/lib/python3.12/site-packages/sklearn/linear_model/_coordinate_descent.py:716: ConvergenceWarning: Objective did not converge. You might want to increase the number of iterations, check the scale of the features or consider increasing regularisation. Duality gap: 1.123e+07, tolerance: 6.070e+04
  model = cd_fast.enet_coordinate_descent(
/root/miniconda3/lib/python3.12/site-packages/sklearn/linear_model/_coordinate_descent.py:716: ConvergenceWarning: Objective did not converge. You might want to increase the number of iterations, check the scale of the features or consider increasing regularisation. Duality gap: 7.066e+06, tolerance: 4.141e+04
  model = cd_fast.enet_coordinate_descent(
/root/miniconda3/lib/python3.12/site-packages/sklearn/linear_model/_coordinate_descent.py:716: ConvergenceWarning: Objective did not converge. You might want to increase the number of iterations, check the scale of the features or consider increasing regularisation. Duality gap: 5.989e+06, tolerance: 3.272e+04
  model = cd_fast.enet_coordinate_descent(
/root/miniconda3/lib/python3.12/site-packages/sklearn/linear_model/_coordinate_descent.py:716: ConvergenceWarning: Objective did not converge. You might want to increase the number of iterations, check the scale of the features or consider increasing regularisation. Duality gap: 6.557e+06, tolerance: 3.163e+04
  model = cd_fast.enet_coordinate_descent(
/root/miniconda3/lib/python3.12/site-packages/sklearn/linear_model/_coordinate_descent.py:716: ConvergenceWarning: Objective did not converge. You might want to increase the number of iterations, check the scale of the features or consider increasing regularisation. Duality gap: 6.525e+06, tolerance: 3.138e+04
  model = cd_fast.enet_coordinate_descent(
/root/miniconda3/lib/python3.12/site-packages/sklearn/linear_model/_coordinate_descent.py:716: ConvergenceWarning: Objective did not converge. You might want to increase the number of iterations, check the scale of the features or consider increasing regularisation. Duality gap: 6.574e+06, tolerance: 4.114e+04
  model = cd_fast.enet_coordinate_descent(
/root/miniconda3/lib/python3.12/site-packages/sklearn/linear_model/_coordinate_descent.py:716: ConvergenceWarning: Objective did not converge. You might want to increase the number of iterations, check the scale of the features or consider increasing regularisation. Duality gap: 3.529e+06, tolerance: 5.978e+04
  model = cd_fast.enet_coordinate_descent(
/root/miniconda3/lib/python3.12/site-packages/sklearn/linear_model/_coordinate_descent.py:716: ConvergenceWarning: Objective did not converge. You might want to increase the number of iterations, check the scale of the features or consider increasing regularisation. Duality gap: 4.436e+06, tolerance: 6.289e+04
  model = cd_fast.enet_coordinate_descent(
/root/miniconda3/lib/python3.12/site-packages/sklearn/linear_model/_coordinate_descent.py:716: ConvergenceWarning: Objective did not converge. You might want to increase the number of iterations, check the scale of the features or consider increasing regularisation. Duality gap: 5.132e+06, tolerance: 3.875e+04
  model = cd_fast.enet_coordinate_descent(
/root/miniconda3/lib/python3.12/site-packages/sklearn/linear_model/_coordinate_descent.py:716: ConvergenceWarning: Objective did not converge. You might want to increase the number of iterations, check the scale of the features or consider increasing regularisation. Duality gap: 3.178e+06, tolerance: 3.099e+04
  model = cd_fast.enet_coordinate_descent(
/root/miniconda3/lib/python3.12/site-packages/sklearn/linear_model/_coordinate_descent.py:716: ConvergenceWarning: Objective did not converge. You might want to increase the number of iterations, check the scale of the features or consider increasing regularisation. Duality gap: 3.103e+06, tolerance: 3.026e+04
  model = cd_fast.enet_coordinate_descent(
/root/miniconda3/lib/python3.12/site-packages/sklearn/linear_model/_coordinate_descent.py:716: ConvergenceWarning: Objective did not converge. You might want to increase the number of iterations, check the scale of the features or consider increasing regularisation. Duality gap: 2.736e+06, tolerance: 3.193e+04
  model = cd_fast.enet_coordinate_descent(
/root/miniconda3/lib/python3.12/site-packages/sklearn/linear_model/_coordinate_descent.py:716: ConvergenceWarning: Objective did not converge. You might want to increase the number of iterations, check the scale of the features or consider increasing regularisation. Duality gap: 3.687e+06, tolerance: 4.170e+04
  model = cd_fast.enet_coordinate_descent(
/root/miniconda3/lib/python3.12/site-packages/sklearn/linear_model/_coordinate_descent.py:716: ConvergenceWarning: Objective did not converge. You might want to increase the number of iterations, check the scale of the features or consider increasing regularisation. Duality gap: 5.507e+06, tolerance: 6.143e+04
  model = cd_fast.enet_coordinate_descent(
/root/miniconda3/lib/python3.12/site-packages/sklearn/linear_model/_coordinate_descent.py:716: ConvergenceWarning: Objective did not converge. You might want to increase the number of iterations, check the scale of the features or consider increasing regularisation. Duality gap: 5.715e+06, tolerance: 6.381e+04
  model = cd_fast.enet_coordinate_descent(
/root/miniconda3/lib/python3.12/site-packages/sklearn/linear_model/_coordinate_descent.py:716: ConvergenceWarning: Objective did not converge. You might want to increase the number of iterations, check the scale of the features or consider increasing regularisation. Duality gap: 3.336e+06, tolerance: 3.740e+04
  model = cd_fast.enet_coordinate_descent(
/root/miniconda3/lib/python3.12/site-packages/sklearn/linear_model/_coordinate_descent.py:716: ConvergenceWarning: Objective did not converge. You might want to increase the number of iterations, check the scale of the features or consider increasing regularisation. Duality gap: 2.789e+06, tolerance: 3.113e+04
  model = cd_fast.enet_coordinate_descent(
/root/miniconda3/lib/python3.12/site-packages/sklearn/linear_model/_coordinate_descent.py:716: ConvergenceWarning: Objective did not converge. You might want to increase the number of iterations, check the scale of the features or consider increasing regularisation. Duality gap: 2.983e+06, tolerance: 2.922e+04
  model = cd_fast.enet_coordinate_descent(
/root/miniconda3/lib/python3.12/site-packages/sklearn/linear_model/_coordinate_descent.py:716: ConvergenceWarning: Objective did not converge. You might want to increase the number of iterations, check the scale of the features or consider increasing regularisation. Duality gap: 3.285e+06, tolerance: 3.041e+04
  model = cd_fast.enet_coordinate_descent(
/root/miniconda3/lib/python3.12/site-packages/sklearn/linear_model/_coordinate_descent.py:716: ConvergenceWarning: Objective did not converge. You might want to increase the number of iterations, check the scale of the features or consider increasing regularisation. Duality gap: 5.375e+06, tolerance: 4.128e+04
  model = cd_fast.enet_coordinate_descent(
/root/miniconda3/lib/python3.12/site-packages/sklearn/linear_model/_coordinate_descent.py:716: ConvergenceWarning: Objective did not converge. You might want to increase the number of iterations, check the scale of the features or consider increasing regularisation. Duality gap: 6.684e+06, tolerance: 6.135e+04
  model = cd_fast.enet_coordinate_descent(
/root/miniconda3/lib/python3.12/site-packages/sklearn/linear_model/_coordinate_descent.py:716: ConvergenceWarning: Objective did not converge. You might want to increase the number of iterations, check the scale of the features or consider increasing regularisation. Duality gap: 6.790e+06, tolerance: 6.577e+04
  model = cd_fast.enet_coordinate_descent(
/root/miniconda3/lib/python3.12/site-packages/sklearn/linear_model/_coordinate_descent.py:716: ConvergenceWarning: Objective did not converge. You might want to increase the number of iterations, check the scale of the features or consider increasing regularisation. Duality gap: 4.584e+06, tolerance: 3.821e+04
  model = cd_fast.enet_coordinate_descent(
/root/miniconda3/lib/python3.12/site-packages/sklearn/linear_model/_coordinate_descent.py:716: ConvergenceWarning: Objective did not converge. You might want to increase the number of iterations, check the scale of the features or consider increasing regularisation. Duality gap: 5.301e+06, tolerance: 3.352e+04
  model = cd_fast.enet_coordinate_descent(
/root/miniconda3/lib/python3.12/site-packages/sklearn/linear_model/_coordinate_descent.py:716: ConvergenceWarning: Objective did not converge. You might want to increase the number of iterations, check the scale of the features or consider increasing regularisation. Duality gap: 7.132e+06, tolerance: 3.364e+04
  model = cd_fast.enet_coordinate_descent(
/root/miniconda3/lib/python3.12/site-packages/sklearn/linear_model/_coordinate_descent.py:716: ConvergenceWarning: Objective did not converge. You might want to increase the number of iterations, check the scale of the features or consider increasing regularisation. Duality gap: 5.967e+06, tolerance: 3.420e+04
  model = cd_fast.enet_coordinate_descent(
/root/miniconda3/lib/python3.12/site-packages/sklearn/linear_model/_coordinate_descent.py:716: ConvergenceWarning: Objective did not converge. You might want to increase the number of iterations, check the scale of the features or consider increasing regularisation. Duality gap: 7.318e+06, tolerance: 4.354e+04
  model = cd_fast.enet_coordinate_descent(
/root/miniconda3/lib/python3.12/site-packages/sklearn/linear_model/_coordinate_descent.py:716: ConvergenceWarning: Objective did not converge. You might want to increase the number of iterations, check the scale of the features or consider increasing regularisation. Duality gap: 6.004e+06, tolerance: 5.977e+04
  model = cd_fast.enet_coordinate_descent(
/root/miniconda3/lib/python3.12/site-packages/sklearn/linear_model/_coordinate_descent.py:716: ConvergenceWarning: Objective did not converge. You might want to increase the number of iterations, check the scale of the features or consider increasing regularisation. Duality gap: 1.011e+07, tolerance: 6.070e+04
  model = cd_fast.enet_coordinate_descent(
/root/miniconda3/lib/python3.12/site-packages/sklearn/linear_model/_coordinate_descent.py:716: ConvergenceWarning: Objective did not converge. You might want to increase the number of iterations, check the scale of the features or consider increasing regularisation. Duality gap: 6.639e+06, tolerance: 4.141e+04
  model = cd_fast.enet_coordinate_descent(
/root/miniconda3/lib/python3.12/site-packages/sklearn/linear_model/_coordinate_descent.py:716: ConvergenceWarning: Objective did not converge. You might want to increase the number of iterations, check the scale of the features or consider increasing regularisation. Duality gap: 5.584e+06, tolerance: 3.272e+04
  model = cd_fast.enet_coordinate_descent(
/root/miniconda3/lib/python3.12/site-packages/sklearn/linear_model/_coordinate_descent.py:716: ConvergenceWarning: Objective did not converge. You might want to increase the number of iterations, check the scale of the features or consider increasing regularisation. Duality gap: 6.161e+06, tolerance: 3.163e+04
  model = cd_fast.enet_coordinate_descent(
/root/miniconda3/lib/python3.12/site-packages/sklearn/linear_model/_coordinate_descent.py:716: ConvergenceWarning: Objective did not converge. You might want to increase the number of iterations, check the scale of the features or consider increasing regularisation. Duality gap: 6.144e+06, tolerance: 3.138e+04
  model = cd_fast.enet_coordinate_descent(
/root/miniconda3/lib/python3.12/site-packages/sklearn/linear_model/_coordinate_descent.py:716: ConvergenceWarning: Objective did not converge. You might want to increase the number of iterations, check the scale of the features or consider increasing regularisation. Duality gap: 6.263e+06, tolerance: 4.114e+04
  model = cd_fast.enet_coordinate_descent(
/root/miniconda3/lib/python3.12/site-packages/sklearn/linear_model/_coordinate_descent.py:716: ConvergenceWarning: Objective did not converge. You might want to increase the number of iterations, check the scale of the features or consider increasing regularisation. Duality gap: 3.529e+06, tolerance: 5.978e+04
  model = cd_fast.enet_coordinate_descent(
/root/miniconda3/lib/python3.12/site-packages/sklearn/linear_model/_coordinate_descent.py:716: ConvergenceWarning: Objective did not converge. You might want to increase the number of iterations, check the scale of the features or consider increasing regularisation. Duality gap: 4.436e+06, tolerance: 6.289e+04
  model = cd_fast.enet_coordinate_descent(
/root/miniconda3/lib/python3.12/site-packages/sklearn/linear_model/_coordinate_descent.py:716: ConvergenceWarning: Objective did not converge. You might want to increase the number of iterations, check the scale of the features or consider increasing regularisation. Duality gap: 5.132e+06, tolerance: 3.875e+04
  model = cd_fast.enet_coordinate_descent(
/root/miniconda3/lib/python3.12/site-packages/sklearn/linear_model/_coordinate_descent.py:716: ConvergenceWarning: Objective did not converge. You might want to increase the number of iterations, check the scale of the features or consider increasing regularisation. Duality gap: 3.178e+06, tolerance: 3.099e+04
  model = cd_fast.enet_coordinate_descent(
/root/miniconda3/lib/python3.12/site-packages/sklearn/linear_model/_coordinate_descent.py:716: ConvergenceWarning: Objective did not converge. You might want to increase the number of iterations, check the scale of the features or consider increasing regularisation. Duality gap: 3.103e+06, tolerance: 3.026e+04
  model = cd_fast.enet_coordinate_descent(
/root/miniconda3/lib/python3.12/site-packages/sklearn/linear_model/_coordinate_descent.py:716: ConvergenceWarning: Objective did not converge. You might want to increase the number of iterations, check the scale of the features or consider increasing regularisation. Duality gap: 2.736e+06, tolerance: 3.193e+04
  model = cd_fast.enet_coordinate_descent(
/root/miniconda3/lib/python3.12/site-packages/sklearn/linear_model/_coordinate_descent.py:716: ConvergenceWarning: Objective did not converge. You might want to increase the number of iterations, check the scale of the features or consider increasing regularisation. Duality gap: 3.687e+06, tolerance: 4.170e+04
  model = cd_fast.enet_coordinate_descent(
/root/miniconda3/lib/python3.12/site-packages/sklearn/linear_model/_coordinate_descent.py:716: ConvergenceWarning: Objective did not converge. You might want to increase the number of iterations, check the scale of the features or consider increasing regularisation. Duality gap: 5.507e+06, tolerance: 6.143e+04
  model = cd_fast.enet_coordinate_descent(
/root/miniconda3/lib/python3.12/site-packages/sklearn/linear_model/_coordinate_descent.py:716: ConvergenceWarning: Objective did not converge. You might want to increase the number of iterations, check the scale of the features or consider increasing regularisation. Duality gap: 5.715e+06, tolerance: 6.381e+04
  model = cd_fast.enet_coordinate_descent(
/root/miniconda3/lib/python3.12/site-packages/sklearn/linear_model/_coordinate_descent.py:716: ConvergenceWarning: Objective did not converge. You might want to increase the number of iterations, check the scale of the features or consider increasing regularisation. Duality gap: 3.336e+06, tolerance: 3.740e+04
  model = cd_fast.enet_coordinate_descent(
/root/miniconda3/lib/python3.12/site-packages/sklearn/linear_model/_coordinate_descent.py:716: ConvergenceWarning: Objective did not converge. You might want to increase the number of iterations, check the scale of the features or consider increasing regularisation. Duality gap: 2.789e+06, tolerance: 3.113e+04
  model = cd_fast.enet_coordinate_descent(
/root/miniconda3/lib/python3.12/site-packages/sklearn/linear_model/_coordinate_descent.py:716: ConvergenceWarning: Objective did not converge. You might want to increase the number of iterations, check the scale of the features or consider increasing regularisation. Duality gap: 2.983e+06, tolerance: 2.922e+04
  model = cd_fast.enet_coordinate_descent(
/root/miniconda3/lib/python3.12/site-packages/sklearn/linear_model/_coordinate_descent.py:716: ConvergenceWarning: Objective did not converge. You might want to increase the number of iterations, check the scale of the features or consider increasing regularisation. Duality gap: 3.285e+06, tolerance: 3.041e+04
  model = cd_fast.enet_coordinate_descent(
/root/miniconda3/lib/python3.12/site-packages/sklearn/linear_model/_coordinate_descent.py:716: ConvergenceWarning: Objective did not converge. You might want to increase the number of iterations, check the scale of the features or consider increasing regularisation. Duality gap: 5.375e+06, tolerance: 4.128e+04
  model = cd_fast.enet_coordinate_descent(
/root/miniconda3/lib/python3.12/site-packages/sklearn/linear_model/_coordinate_descent.py:716: ConvergenceWarning: Objective did not converge. You might want to increase the number of iterations, check the scale of the features or consider increasing regularisation. Duality gap: 6.684e+06, tolerance: 6.135e+04
  model = cd_fast.enet_coordinate_descent(
/root/miniconda3/lib/python3.12/site-packages/sklearn/linear_model/_coordinate_descent.py:716: ConvergenceWarning: Objective did not converge. You might want to increase the number of iterations, check the scale of the features or consider increasing regularisation. Duality gap: 6.790e+06, tolerance: 6.577e+04
  model = cd_fast.enet_coordinate_descent(
/root/miniconda3/lib/python3.12/site-packages/sklearn/linear_model/_coordinate_descent.py:716: ConvergenceWarning: Objective did not converge. You might want to increase the number of iterations, check the scale of the features or consider increasing regularisation. Duality gap: 4.584e+06, tolerance: 3.821e+04
  model = cd_fast.enet_coordinate_descent(
/root/miniconda3/lib/python3.12/site-packages/sklearn/linear_model/_coordinate_descent.py:716: ConvergenceWarning: Objective did not converge. You might want to increase the number of iterations, check the scale of the features or consider increasing regularisation. Duality gap: 5.301e+06, tolerance: 3.352e+04
  model = cd_fast.enet_coordinate_descent(
/root/miniconda3/lib/python3.12/site-packages/sklearn/linear_model/_coordinate_descent.py:716: ConvergenceWarning: Objective did not converge. You might want to increase the number of iterations, check the scale of the features or consider increasing regularisation. Duality gap: 7.132e+06, tolerance: 3.364e+04
  model = cd_fast.enet_coordinate_descent(
/root/miniconda3/lib/python3.12/site-packages/sklearn/linear_model/_coordinate_descent.py:716: ConvergenceWarning: Objective did not converge. You might want to increase the number of iterations, check the scale of the features or consider increasing regularisation. Duality gap: 5.967e+06, tolerance: 3.420e+04
  model = cd_fast.enet_coordinate_descent(
/root/miniconda3/lib/python3.12/site-packages/sklearn/linear_model/_coordinate_descent.py:716: ConvergenceWarning: Objective did not converge. You might want to increase the number of iterations, check the scale of the features or consider increasing regularisation. Duality gap: 7.318e+06, tolerance: 4.354e+04
  model = cd_fast.enet_coordinate_descent(
/root/miniconda3/lib/python3.12/site-packages/sklearn/linear_model/_coordinate_descent.py:716: ConvergenceWarning: Objective did not converge. You might want to increase the number of iterations, check the scale of the features or consider increasing regularisation. Duality gap: 6.004e+06, tolerance: 5.977e+04
  model = cd_fast.enet_coordinate_descent(
/root/miniconda3/lib/python3.12/site-packages/sklearn/linear_model/_coordinate_descent.py:716: ConvergenceWarning: Objective did not converge. You might want to increase the number of iterations, check the scale of the features or consider increasing regularisation. Duality gap: 1.011e+07, tolerance: 6.070e+04
  model = cd_fast.enet_coordinate_descent(
/root/miniconda3/lib/python3.12/site-packages/sklearn/linear_model/_coordinate_descent.py:716: ConvergenceWarning: Objective did not converge. You might want to increase the number of iterations, check the scale of the features or consider increasing regularisation. Duality gap: 6.639e+06, tolerance: 4.141e+04
  model = cd_fast.enet_coordinate_descent(
/root/miniconda3/lib/python3.12/site-packages/sklearn/linear_model/_coordinate_descent.py:716: ConvergenceWarning: Objective did not converge. You might want to increase the number of iterations, check the scale of the features or consider increasing regularisation. Duality gap: 5.584e+06, tolerance: 3.272e+04
  model = cd_fast.enet_coordinate_descent(
/root/miniconda3/lib/python3.12/site-packages/sklearn/linear_model/_coordinate_descent.py:716: ConvergenceWarning: Objective did not converge. You might want to increase the number of iterations, check the scale of the features or consider increasing regularisation. Duality gap: 6.161e+06, tolerance: 3.163e+04
  model = cd_fast.enet_coordinate_descent(
/root/miniconda3/lib/python3.12/site-packages/sklearn/linear_model/_coordinate_descent.py:716: ConvergenceWarning: Objective did not converge. You might want to increase the number of iterations, check the scale of the features or consider increasing regularisation. Duality gap: 6.144e+06, tolerance: 3.138e+04
  model = cd_fast.enet_coordinate_descent(
/root/miniconda3/lib/python3.12/site-packages/sklearn/linear_model/_coordinate_descent.py:716: ConvergenceWarning: Objective did not converge. You might want to increase the number of iterations, check the scale of the features or consider increasing regularisation. Duality gap: 6.263e+06, tolerance: 4.114e+04
  model = cd_fast.enet_coordinate_descent(

Point summary:
          task                   model  ...  wape_std  n_folds
0   state_dept     AggregateElasticNet  ...       NaN        1
1   state_dept         AggregateHistGB  ...       NaN        1
2   state_dept    BottomUpGlobalHistGB  ...       NaN        1
3   state_dept  ChildSummaryElasticNet  ...       NaN        1
4   state_dept      ChildSummaryHistGB  ...       NaN        1
5   state_dept           SeasonalNaive  ...       NaN        1
6    store_cat     AggregateElasticNet  ...       NaN        1
7    store_cat         AggregateHistGB  ...       NaN        1
8    store_cat    BottomUpGlobalHistGB  ...       NaN        1
9    store_cat  ChildSummaryElasticNet  ...       NaN        1
10   store_cat      ChildSummaryHistGB  ...       NaN        1
11   store_cat           SeasonalNaive  ...       NaN        1
12  store_dept     AggregateElasticNet  ...       NaN        1
13  store_dept         AggregateHistGB  ...       NaN        1
14  store_dept    BottomUpGlobalHistGB  ...       NaN        1
15  store_dept  ChildSummaryElasticNet  ...       NaN        1
16  store_dept      ChildSummaryHistGB  ...       NaN        1
17  store_dept           SeasonalNaive  ...       NaN        1

[18 rows x 7 columns]

Main point table:
task                    state_dept  store_cat  store_dept      Mean
model                                                              
ChildSummaryHistGB        0.788632   0.739411    0.805450  0.777831
BottomUpGlobalHistGB      0.759295   0.776458    0.834745  0.790166
AggregateHistGB           0.816447   0.776550    0.818531  0.803843
AggregateElasticNet       0.937893   0.915475    0.919393  0.924254
SeasonalNaive             0.912165   0.913032    0.981507  0.935568
ChildSummaryElasticNet    1.040588   0.996490    0.979224  1.005434

Quantile summary:
          task                   model  wspl_mean  wspl_std  n_folds
0   state_dept     AggregateElasticNet   0.252778       NaN        1
1   state_dept         AggregateHistGB   0.286157       NaN        1
2   state_dept    BottomUpGlobalHistGB   0.216391       NaN        1
3   state_dept  ChildSummaryElasticNet   0.281240       NaN        1
4   state_dept      ChildSummaryHistGB   0.284683       NaN        1
5   state_dept           SeasonalNaive   0.267331       NaN        1
6    store_cat     AggregateElasticNet   0.247195       NaN        1
7    store_cat         AggregateHistGB   0.269634       NaN        1
8    store_cat    BottomUpGlobalHistGB   0.224903       NaN        1
9    store_cat  ChildSummaryElasticNet   0.269255       NaN        1
10   store_cat      ChildSummaryHistGB   0.269223       NaN        1
11   store_cat           SeasonalNaive   0.268277       NaN        1
12  store_dept     AggregateElasticNet   0.254165       NaN        1
13  store_dept         AggregateHistGB   0.262286       NaN        1
14  store_dept    BottomUpGlobalHistGB   0.242991       NaN        1
15  store_dept  ChildSummaryElasticNet   0.268522       NaN        1
16  store_dept      ChildSummaryHistGB   0.267257       NaN        1
17  store_dept           SeasonalNaive   0.287148       NaN        1

Main quantile table:
task                    state_dept  store_cat  store_dept      Mean
model                                                              
BottomUpGlobalHistGB      0.216391   0.224903    0.242991  0.228095
AggregateElasticNet       0.252778   0.247195    0.254165  0.251379
AggregateHistGB           0.286157   0.269634    0.262286  0.272692
ChildSummaryElasticNet    0.281240   0.269255    0.268522  0.273006
ChildSummaryHistGB        0.284683   0.269223    0.267257  0.273721
SeasonalNaive             0.267331   0.268277    0.287148  0.274252

Done. Outputs written to: /root/autodl-tmp/m5/work/30pct/03_benchmark_baselines

$ /root/miniconda3/bin/python /root/autodl-tmp/m5/scripts/run_m5_proposed_models.py --data-dir /root/autodl-tmp/m5/data --output-dir /root/autodl-tmp/m5/work/30pct/04_benchmark_proposed/M3_FullSkuTemporalCNN --mode holdout --tasks store_dept,store_cat,state_dept --quantiles 0.005,0.025,0.165,0.25,0.5,0.75,0.835,0.975,0.995 --model-names M3_FullSkuTemporalCNN --recent-window 14 --lag-windows 7,14,28,56 --stat-windows 7,28,56 --params-json /root/autodl-tmp/m5/work/30pct/01_tuning/M3_FullSkuTemporalCNN/best_params.json --t-hist 56 --horizon 28 --valid-size 4 --test-size 4 --internal-valid-size 3 --gap 0 --min-train-origins 20 --min-final-train-origins 20 --sku-universe-mode history --store-sku-sample-frac 0.3 --store-sku-sample-seed 42 --cache-dir /root/autodl-tmp/m5/cache
Using cache directory: /root/autodl-tmp/m5/cache
Building/loading cached task artifacts lazily...

=== Proposed models on task: store_dept ===
[M5-PREP] Loading cached task package for task=store_dept...
[M5-PREP] Loaded cached task package for task=store_dept | stage 00:00 | total 00:00
[M5-PREP] Loading cached samples: task=store_dept split=final_train_samples...
[M5-PREP] Loaded cached samples: task=store_dept split=final_train_samples n=4060 | stage 00:01 | total 00:01
[M5-PREP] Loading cached samples: task=store_dept split=internal_valid_samples...
[M5-PREP] Loaded cached samples: task=store_dept split=internal_valid_samples n=210 | stage 00:00 | total 00:00
[M5-PREP] Loading cached samples: task=store_dept split=test_samples...
[M5-PREP] Loaded cached samples: task=store_dept split=test_samples n=280 | stage 00:00 | total 00:00
Task=store_dept Mode=holdout Model=M3_FullSkuTemporalCNN
Training samples: 4060 | Validation samples: 210
[Epoch 001] train=0.106696 valid=0.095669 lr=0.000205646 time=11.6s
[Epoch 002] train=0.067433 valid=0.083355 lr=0.000205646 time=11.5s
[Epoch 003] train=0.061153 valid=0.094653 lr=0.000205646 time=11.5s
[Epoch 004] train=0.058426 valid=0.076251 lr=0.000205646 time=11.4s
[Epoch 005] train=0.055825 valid=0.068518 lr=0.000205646 time=11.4s
[Epoch 006] train=0.052506 valid=0.058296 lr=0.000205646 time=11.3s
[Epoch 007] train=0.052001 valid=0.061936 lr=0.000205646 time=11.5s
[Epoch 008] train=0.050719 valid=0.060700 lr=0.000205646 time=11.1s
[Epoch 009] train=0.048117 valid=0.102970 lr=0.000102823 time=11.5s
[Epoch 010] train=0.043773 valid=0.058865 lr=0.000102823 time=11.6s
[Epoch 011] train=0.042911 valid=0.058749 lr=0.000102823 time=11.4s
[Epoch 012] train=0.041173 valid=0.061050 lr=5.14116e-05 time=11.3s
Early stopping at epoch 12
Training samples: 4060 | Validation samples: 210
[Epoch 001] train=0.051921 valid=0.042420 lr=0.000205646 time=12.0s
[Epoch 002] train=0.036812 valid=0.038926 lr=0.000205646 time=11.8s
[Epoch 003] train=0.034705 valid=0.036804 lr=0.000205646 time=11.8s
[Epoch 004] train=0.033740 valid=0.036949 lr=0.000205646 time=11.9s
[Epoch 005] train=0.032987 valid=0.036568 lr=0.000205646 time=11.6s
[Epoch 006] train=0.032073 valid=0.037183 lr=0.000205646 time=11.9s
[Epoch 007] train=0.031637 valid=0.035808 lr=0.000205646 time=12.1s
[Epoch 008] train=0.031387 valid=0.035111 lr=0.000205646 time=12.1s
[Epoch 009] train=0.030637 valid=0.035961 lr=0.000205646 time=11.8s
[Epoch 010] train=0.030620 valid=0.039173 lr=0.000205646 time=11.9s
[Epoch 011] train=0.029967 valid=0.034867 lr=0.000205646 time=12.0s
[Epoch 012] train=0.029970 valid=0.035785 lr=0.000205646 time=11.6s
[Epoch 013] train=0.029528 valid=0.033808 lr=0.000205646 time=11.4s
[Epoch 014] train=0.028910 valid=0.034659 lr=0.000205646 time=11.8s
[Epoch 015] train=0.028693 valid=0.034094 lr=0.000205646 time=11.8s
[Epoch 016] train=0.028382 valid=0.034544 lr=0.000102823 time=11.9s
[Epoch 017] train=0.027314 valid=0.033815 lr=0.000102823 time=11.7s
[Epoch 018] train=0.027161 valid=0.037265 lr=0.000102823 time=12.0s
[Epoch 019] train=0.026675 valid=0.033874 lr=5.14116e-05 time=12.0s
Early stopping at epoch 19

=== Proposed models on task: store_cat ===
[M5-PREP] Loading cached task package for task=store_cat...
[M5-PREP] Loaded cached task package for task=store_cat | stage 00:01 | total 00:01
[M5-PREP] Loading cached samples: task=store_cat split=final_train_samples...
[M5-PREP] Loaded cached samples: task=store_cat split=final_train_samples n=1740 | stage 00:01 | total 00:01
[M5-PREP] Loading cached samples: task=store_cat split=internal_valid_samples...
[M5-PREP] Loaded cached samples: task=store_cat split=internal_valid_samples n=90 | stage 00:00 | total 00:00
[M5-PREP] Loading cached samples: task=store_cat split=test_samples...
[M5-PREP] Loaded cached samples: task=store_cat split=test_samples n=120 | stage 00:00 | total 00:00
Task=store_cat Mode=holdout Model=M3_FullSkuTemporalCNN
Training samples: 1740 | Validation samples: 90
[Epoch 001] train=0.170599 valid=0.092833 lr=0.000205646 time=6.3s
[Epoch 002] train=0.077093 valid=0.083606 lr=0.000205646 time=6.3s
[Epoch 003] train=0.070131 valid=0.085393 lr=0.000205646 time=6.1s
[Epoch 004] train=0.065746 valid=0.069595 lr=0.000205646 time=6.0s
[Epoch 005] train=0.057988 valid=0.075914 lr=0.000205646 time=6.2s
[Epoch 006] train=0.056882 valid=0.064938 lr=0.000205646 time=5.9s
[Epoch 007] train=0.054624 valid=0.073181 lr=0.000205646 time=5.8s
[Epoch 008] train=0.052922 valid=0.068038 lr=0.000205646 time=6.0s
[Epoch 009] train=0.051017 valid=0.064206 lr=0.000205646 time=5.8s
[Epoch 010] train=0.047860 valid=0.066602 lr=0.000205646 time=5.9s
[Epoch 011] train=0.049350 valid=0.073329 lr=0.000205646 time=6.1s
[Epoch 012] train=0.047950 valid=0.064330 lr=0.000102823 time=5.9s
[Epoch 013] train=0.041809 valid=0.063168 lr=0.000102823 time=6.1s
[Epoch 014] train=0.041191 valid=0.069529 lr=0.000102823 time=6.1s
[Epoch 015] train=0.040098 valid=0.065127 lr=0.000102823 time=6.2s
[Epoch 016] train=0.039928 valid=0.064164 lr=5.14116e-05 time=6.1s
[Epoch 017] train=0.036625 valid=0.066268 lr=5.14116e-05 time=6.3s
[Epoch 018] train=0.036135 valid=0.061668 lr=5.14116e-05 time=6.3s
[Epoch 019] train=0.035420 valid=0.064121 lr=5.14116e-05 time=6.3s
[Epoch 020] train=0.035552 valid=0.067597 lr=5.14116e-05 time=6.4s
[Epoch 021] train=0.035125 valid=0.062307 lr=2.57058e-05 time=6.3s
[Epoch 022] train=0.034005 valid=0.066448 lr=2.57058e-05 time=6.0s
[Epoch 023] train=0.033147 valid=0.064262 lr=2.57058e-05 time=6.2s
[Epoch 024] train=0.034105 valid=0.068890 lr=1.28529e-05 time=6.3s
Early stopping at epoch 24
Training samples: 1740 | Validation samples: 90
[Epoch 001] train=0.076645 valid=0.048616 lr=0.000205646 time=5.8s
[Epoch 002] train=0.045761 valid=0.045598 lr=0.000205646 time=6.4s
[Epoch 003] train=0.042283 valid=0.042931 lr=0.000205646 time=6.4s
[Epoch 004] train=0.039775 valid=0.042647 lr=0.000205646 time=6.2s
[Epoch 005] train=0.039310 valid=0.040358 lr=0.000205646 time=6.4s
[Epoch 006] train=0.037431 valid=0.040188 lr=0.000205646 time=6.1s
[Epoch 007] train=0.037028 valid=0.039405 lr=0.000205646 time=6.0s
[Epoch 008] train=0.036558 valid=0.040557 lr=0.000205646 time=6.0s
[Epoch 009] train=0.035908 valid=0.039010 lr=0.000205646 time=6.4s
[Epoch 010] train=0.035661 valid=0.039391 lr=0.000205646 time=6.2s
[Epoch 011] train=0.035076 valid=0.037953 lr=0.000205646 time=6.2s
[Epoch 012] train=0.034524 valid=0.039050 lr=0.000205646 time=6.6s
[Epoch 013] train=0.033886 valid=0.039775 lr=0.000205646 time=6.2s
[Epoch 014] train=0.033946 valid=0.038390 lr=0.000102823 time=6.1s
[Epoch 015] train=0.032415 valid=0.039683 lr=0.000102823 time=6.5s
[Epoch 016] train=0.031746 valid=0.039923 lr=0.000102823 time=6.6s
[Epoch 017] train=0.031893 valid=0.040003 lr=5.14116e-05 time=6.8s
Early stopping at epoch 17

=== Proposed models on task: state_dept ===
[M5-PREP] Loading cached task package for task=state_dept...
[M5-PREP] Loaded cached task package for task=state_dept | stage 00:01 | total 00:01
[M5-PREP] Loading cached samples: task=state_dept split=final_train_samples...
[M5-PREP] Loaded cached samples: task=state_dept split=final_train_samples n=1218 | stage 00:01 | total 00:01
[M5-PREP] Loading cached samples: task=state_dept split=internal_valid_samples...
[M5-PREP] Loaded cached samples: task=state_dept split=internal_valid_samples n=63 | stage 00:00 | total 00:00
[M5-PREP] Loading cached samples: task=state_dept split=test_samples...
[M5-PREP] Loaded cached samples: task=state_dept split=test_samples n=84 | stage 00:00 | total 00:00
Task=state_dept Mode=holdout Model=M3_FullSkuTemporalCNN
Training samples: 1218 | Validation samples: 63
[Epoch 001] train=0.184244 valid=0.113397 lr=0.000205646 time=5.1s
[Epoch 002] train=0.075912 valid=0.061484 lr=0.000205646 time=5.0s
[Epoch 003] train=0.057803 valid=0.079590 lr=0.000205646 time=5.0s
[Epoch 004] train=0.052076 valid=0.073299 lr=0.000205646 time=5.0s
[Epoch 005] train=0.045612 valid=0.057444 lr=0.000205646 time=5.0s
[Epoch 006] train=0.041565 valid=0.057284 lr=0.000205646 time=5.1s
[Epoch 007] train=0.047101 valid=0.051720 lr=0.000205646 time=4.9s
[Epoch 008] train=0.037551 valid=0.045976 lr=0.000205646 time=4.9s
[Epoch 009] train=0.035163 valid=0.076946 lr=0.000205646 time=4.9s
[Epoch 010] train=0.037173 valid=0.049461 lr=0.000205646 time=4.9s
[Epoch 011] train=0.037057 valid=0.068538 lr=0.000102823 time=4.9s
[Epoch 012] train=0.030821 valid=0.043492 lr=0.000102823 time=4.9s
[Epoch 013] train=0.030492 valid=0.043716 lr=0.000102823 time=5.0s
[Epoch 014] train=0.029199 valid=0.048530 lr=0.000102823 time=5.0s
[Epoch 015] train=0.029283 valid=0.053529 lr=5.14116e-05 time=5.0s
[Epoch 016] train=0.026599 valid=0.045827 lr=5.14116e-05 time=4.8s
[Epoch 017] train=0.025993 valid=0.048651 lr=5.14116e-05 time=4.8s
[Epoch 018] train=0.025102 valid=0.055987 lr=2.57058e-05 time=4.9s
Early stopping at epoch 18
Training samples: 1218 | Validation samples: 63
[Epoch 001] train=0.074787 valid=0.039344 lr=0.000205646 time=5.6s
[Epoch 002] train=0.039136 valid=0.037536 lr=0.000205646 time=5.8s
[Epoch 003] train=0.035404 valid=0.035616 lr=0.000205646 time=5.8s
[Epoch 004] train=0.033119 valid=0.033397 lr=0.000205646 time=5.6s
[Epoch 005] train=0.031365 valid=0.037210 lr=0.000205646 time=5.6s
[Epoch 006] train=0.031847 valid=0.036870 lr=0.000205646 time=5.7s
[Epoch 007] train=0.030700 valid=0.033716 lr=0.000102823 time=5.8s
[Epoch 008] train=0.028502 valid=0.032371 lr=0.000102823 time=5.7s
[Epoch 009] train=0.027769 valid=0.031821 lr=0.000102823 time=5.7s
[Epoch 010] train=0.027878 valid=0.032163 lr=0.000102823 time=5.6s
[Epoch 011] train=0.027184 valid=0.032147 lr=0.000102823 time=5.5s
[Epoch 012] train=0.027228 valid=0.031840 lr=5.14116e-05 time=5.6s
[Epoch 013] train=0.026368 valid=0.032449 lr=5.14116e-05 time=5.7s
[Epoch 014] train=0.026018 valid=0.031359 lr=5.14116e-05 time=5.6s
[Epoch 015] train=0.025963 valid=0.031517 lr=5.14116e-05 time=5.6s
[Epoch 016] train=0.025629 valid=0.029893 lr=5.14116e-05 time=5.7s
[Epoch 017] train=0.025184 valid=0.032255 lr=5.14116e-05 time=5.7s
[Epoch 018] train=0.025367 valid=0.032512 lr=5.14116e-05 time=5.7s
[Epoch 019] train=0.025528 valid=0.030646 lr=2.57058e-05 time=5.8s
[Epoch 020] train=0.024659 valid=0.030951 lr=2.57058e-05 time=5.7s
[Epoch 021] train=0.024845 valid=0.032597 lr=2.57058e-05 time=5.6s
[Epoch 022] train=0.024766 valid=0.030647 lr=1.28529e-05 time=5.6s
Early stopping at epoch 22

Proposed-model point summary:
         task                  model  wrmsse_mean  ...  wape_mean  wape_std  n_folds
0  state_dept  M3_FullSkuTemporalCNN     0.689004  ...   0.095780       NaN        1
1   store_cat  M3_FullSkuTemporalCNN     0.738132  ...   0.112663       NaN        1
2  store_dept  M3_FullSkuTemporalCNN     0.797736  ...   0.139197       NaN        1

[3 rows x 7 columns]

Proposed-model main point table:
task                   state_dept  store_cat  store_dept      Mean
model                                                             
M3_FullSkuTemporalCNN    0.689004   0.738132    0.797736  0.741624

Proposed-model quantile summary:
         task                    model  wspl_mean  wspl_std  n_folds
0  state_dept  M3_FullSkuTemporalCNN_Q   0.188270       NaN        1
1   store_cat  M3_FullSkuTemporalCNN_Q   0.188547       NaN        1
2  store_dept  M3_FullSkuTemporalCNN_Q   0.207350       NaN        1

Proposed-model main quantile table:
task                     state_dept  store_cat  store_dept      Mean
model                                                               
M3_FullSkuTemporalCNN_Q     0.18827   0.188547     0.20735  0.194722

Done. Outputs written to: /root/autodl-tmp/m5/work/30pct/04_benchmark_proposed/M3_FullSkuTemporalCNN

$ /root/miniconda3/bin/python /root/autodl-tmp/m5/scripts/run_m5_proposed_models.py --data-dir /root/autodl-tmp/m5/data --output-dir /root/autodl-tmp/m5/work/30pct/04_benchmark_proposed/DeepSets --mode holdout --tasks store_dept,store_cat,state_dept --quantiles 0.005,0.025,0.165,0.25,0.5,0.75,0.835,0.975,0.995 --model-names DeepSets --recent-window 14 --lag-windows 7,14,28,56 --stat-windows 7,28,56 --params-json /root/autodl-tmp/m5/work/30pct/01_tuning/DeepSets/best_params.json --t-hist 56 --horizon 28 --valid-size 4 --test-size 4 --internal-valid-size 3 --gap 0 --min-train-origins 20 --min-final-train-origins 20 --sku-universe-mode history --store-sku-sample-frac 0.3 --store-sku-sample-seed 42 --cache-dir /root/autodl-tmp/m5/cache
Using cache directory: /root/autodl-tmp/m5/cache
Building/loading cached task artifacts lazily...

=== Proposed models on task: store_dept ===
[M5-PREP] Loading cached task package for task=store_dept...
[M5-PREP] Loaded cached task package for task=store_dept | stage 00:00 | total 00:00
[M5-PREP] Loading cached samples: task=store_dept split=final_train_samples...
[M5-PREP] Loaded cached samples: task=store_dept split=final_train_samples n=4060 | stage 00:01 | total 00:01
[M5-PREP] Loading cached samples: task=store_dept split=internal_valid_samples...
[M5-PREP] Loaded cached samples: task=store_dept split=internal_valid_samples n=210 | stage 00:00 | total 00:00
[M5-PREP] Loading cached samples: task=store_dept split=test_samples...
[M5-PREP] Loaded cached samples: task=store_dept split=test_samples n=280 | stage 00:00 | total 00:00
Task=store_dept Mode=holdout Model=DeepSets
Training samples: 4060 | Validation samples: 210
[Epoch 001] train=0.097911 valid=0.088423 lr=0.000196757 time=11.8s
[Epoch 002] train=0.064696 valid=0.072465 lr=0.000196757 time=10.8s
[Epoch 003] train=0.059384 valid=0.061021 lr=0.000196757 time=10.8s
[Epoch 004] train=0.055262 valid=0.065751 lr=0.000196757 time=10.6s
[Epoch 005] train=0.054251 valid=0.061135 lr=0.000196757 time=11.0s
[Epoch 006] train=0.050342 valid=0.064289 lr=9.83785e-05 time=11.0s
[Epoch 007] train=0.045082 valid=0.064805 lr=9.83785e-05 time=10.8s
[Epoch 008] train=0.044517 valid=0.069151 lr=9.83785e-05 time=11.0s
[Epoch 009] train=0.043844 valid=0.063040 lr=4.91892e-05 time=10.9s
Early stopping at epoch 9
Training samples: 4060 | Validation samples: 210
[Epoch 001] train=0.050485 valid=0.048408 lr=0.000196757 time=11.3s
[Epoch 002] train=0.036011 valid=0.037164 lr=0.000196757 time=11.3s
[Epoch 003] train=0.033850 valid=0.040092 lr=0.000196757 time=11.7s
[Epoch 004] train=0.033085 valid=0.036420 lr=0.000196757 time=11.5s
[Epoch 005] train=0.032274 valid=0.036749 lr=0.000196757 time=11.2s
[Epoch 006] train=0.031627 valid=0.035439 lr=0.000196757 time=11.4s
[Epoch 007] train=0.030987 valid=0.043918 lr=0.000196757 time=11.7s
[Epoch 008] train=0.030330 valid=0.036109 lr=0.000196757 time=10.3s
[Epoch 009] train=0.030525 valid=0.036555 lr=9.83785e-05 time=11.2s
[Epoch 010] train=0.029163 valid=0.035056 lr=9.83785e-05 time=11.6s
[Epoch 011] train=0.028867 valid=0.035019 lr=9.83785e-05 time=11.4s
[Epoch 012] train=0.028319 valid=0.035491 lr=9.83785e-05 time=11.3s
[Epoch 013] train=0.028679 valid=0.035670 lr=9.83785e-05 time=11.3s
[Epoch 014] train=0.028142 valid=0.034146 lr=9.83785e-05 time=11.4s
[Epoch 015] train=0.027853 valid=0.034566 lr=9.83785e-05 time=11.5s
[Epoch 016] train=0.027878 valid=0.034341 lr=9.83785e-05 time=11.6s
[Epoch 017] train=0.027626 valid=0.033987 lr=9.83785e-05 time=11.5s
[Epoch 018] train=0.027529 valid=0.034990 lr=9.83785e-05 time=11.5s
[Epoch 019] train=0.027310 valid=0.035182 lr=9.83785e-05 time=11.2s
[Epoch 020] train=0.027394 valid=0.034090 lr=4.91892e-05 time=11.3s
[Epoch 021] train=0.026611 valid=0.034423 lr=4.91892e-05 time=11.5s
[Epoch 022] train=0.026379 valid=0.034483 lr=4.91892e-05 time=11.5s
[Epoch 023] train=0.026355 valid=0.035497 lr=2.45946e-05 time=11.5s
Early stopping at epoch 23

=== Proposed models on task: store_cat ===
[M5-PREP] Loading cached task package for task=store_cat...
[M5-PREP] Loaded cached task package for task=store_cat | stage 00:01 | total 00:01
[M5-PREP] Loading cached samples: task=store_cat split=final_train_samples...
[M5-PREP] Loaded cached samples: task=store_cat split=final_train_samples n=1740 | stage 00:00 | total 00:00
[M5-PREP] Loading cached samples: task=store_cat split=internal_valid_samples...
[M5-PREP] Loaded cached samples: task=store_cat split=internal_valid_samples n=90 | stage 00:00 | total 00:00
[M5-PREP] Loading cached samples: task=store_cat split=test_samples...
[M5-PREP] Loaded cached samples: task=store_cat split=test_samples n=120 | stage 00:00 | total 00:00
Task=store_cat Mode=holdout Model=DeepSets
Training samples: 1740 | Validation samples: 90
[Epoch 001] train=0.144518 valid=0.126880 lr=0.000196757 time=6.1s
[Epoch 002] train=0.079204 valid=0.094260 lr=0.000196757 time=5.7s
[Epoch 003] train=0.066932 valid=0.074775 lr=0.000196757 time=5.0s
[Epoch 004] train=0.060182 valid=0.086511 lr=0.000196757 time=5.1s
[Epoch 005] train=0.055486 valid=0.070373 lr=0.000196757 time=5.4s
[Epoch 006] train=0.058791 valid=0.073469 lr=0.000196757 time=5.1s
[Epoch 007] train=0.051568 valid=0.069355 lr=0.000196757 time=5.2s
[Epoch 008] train=0.050604 valid=0.089335 lr=0.000196757 time=5.8s
[Epoch 009] train=0.051341 valid=0.068209 lr=0.000196757 time=5.3s
[Epoch 010] train=0.047181 valid=0.060632 lr=0.000196757 time=5.7s
[Epoch 011] train=0.046056 valid=0.064949 lr=0.000196757 time=5.9s
[Epoch 012] train=0.043917 valid=0.062719 lr=0.000196757 time=4.7s
[Epoch 013] train=0.042811 valid=0.064091 lr=9.83785e-05 time=4.7s
[Epoch 014] train=0.038531 valid=0.059804 lr=9.83785e-05 time=5.7s
[Epoch 015] train=0.038092 valid=0.063801 lr=9.83785e-05 time=5.4s
[Epoch 016] train=0.037796 valid=0.066197 lr=9.83785e-05 time=5.7s
[Epoch 017] train=0.037139 valid=0.059521 lr=9.83785e-05 time=5.9s
[Epoch 018] train=0.037246 valid=0.062042 lr=9.83785e-05 time=4.7s
[Epoch 019] train=0.037806 valid=0.062095 lr=9.83785e-05 time=5.9s
[Epoch 020] train=0.036761 valid=0.060592 lr=4.91892e-05 time=5.4s
[Epoch 021] train=0.034147 valid=0.058636 lr=4.91892e-05 time=5.2s
[Epoch 022] train=0.033100 valid=0.068078 lr=4.91892e-05 time=6.0s
[Epoch 023] train=0.033719 valid=0.065283 lr=4.91892e-05 time=5.0s
[Epoch 024] train=0.032431 valid=0.058972 lr=2.45946e-05 time=5.4s
Training samples: 1740 | Validation samples: 90
[Epoch 001] train=0.077106 valid=0.051237 lr=0.000196757 time=5.3s
[Epoch 002] train=0.043823 valid=0.044585 lr=0.000196757 time=5.1s
[Epoch 003] train=0.040113 valid=0.044633 lr=0.000196757 time=5.1s
[Epoch 004] train=0.038579 valid=0.044470 lr=0.000196757 time=5.5s
[Epoch 005] train=0.037127 valid=0.047885 lr=0.000196757 time=5.4s
[Epoch 006] train=0.036654 valid=0.041604 lr=0.000196757 time=5.4s
[Epoch 007] train=0.035335 valid=0.041516 lr=0.000196757 time=5.5s
[Epoch 008] train=0.034928 valid=0.040432 lr=0.000196757 time=5.5s
[Epoch 009] train=0.033875 valid=0.039214 lr=0.000196757 time=5.5s
[Epoch 010] train=0.033827 valid=0.040351 lr=0.000196757 time=5.6s
[Epoch 011] train=0.033623 valid=0.041441 lr=0.000196757 time=5.9s
[Epoch 012] train=0.033413 valid=0.038012 lr=0.000196757 time=6.4s
[Epoch 013] train=0.032471 valid=0.039693 lr=0.000196757 time=5.6s
[Epoch 014] train=0.032499 valid=0.042013 lr=0.000196757 time=6.0s
[Epoch 015] train=0.032608 valid=0.038470 lr=9.83785e-05 time=6.4s
[Epoch 016] train=0.030683 valid=0.038547 lr=9.83785e-05 time=6.1s
[Epoch 017] train=0.030428 valid=0.039386 lr=9.83785e-05 time=6.5s
[Epoch 018] train=0.030044 valid=0.039495 lr=4.91892e-05 time=6.1s
Early stopping at epoch 18

=== Proposed models on task: state_dept ===
[M5-PREP] Loading cached task package for task=state_dept...
[M5-PREP] Loaded cached task package for task=state_dept | stage 00:00 | total 00:00
[M5-PREP] Loading cached samples: task=state_dept split=final_train_samples...
[M5-PREP] Loaded cached samples: task=state_dept split=final_train_samples n=1218 | stage 00:00 | total 00:00
[M5-PREP] Loading cached samples: task=state_dept split=internal_valid_samples...
[M5-PREP] Loaded cached samples: task=state_dept split=internal_valid_samples n=63 | stage 00:00 | total 00:00
[M5-PREP] Loading cached samples: task=state_dept split=test_samples...
[M5-PREP] Loaded cached samples: task=state_dept split=test_samples n=84 | stage 00:00 | total 00:00
Task=state_dept Mode=holdout Model=DeepSets
Training samples: 1218 | Validation samples: 63
[Epoch 001] train=0.155378 valid=0.061526 lr=0.000196757 time=6.0s
[Epoch 002] train=0.056641 valid=0.074217 lr=0.000196757 time=5.5s
[Epoch 003] train=0.053945 valid=0.068231 lr=0.000196757 time=5.2s
[Epoch 004] train=0.045315 valid=0.097277 lr=9.83785e-05 time=5.3s
[Epoch 005] train=0.039412 valid=0.049272 lr=9.83785e-05 time=5.3s
[Epoch 006] train=0.037044 valid=0.059621 lr=9.83785e-05 time=5.3s
[Epoch 007] train=0.032940 valid=0.046773 lr=9.83785e-05 time=5.4s
[Epoch 008] train=0.033080 valid=0.051837 lr=9.83785e-05 time=5.2s
[Epoch 009] train=0.033296 valid=0.060256 lr=9.83785e-05 time=5.5s
[Epoch 010] train=0.033339 valid=0.045426 lr=9.83785e-05 time=5.5s
[Epoch 011] train=0.031961 valid=0.045239 lr=9.83785e-05 time=5.5s
[Epoch 012] train=0.030263 valid=0.061274 lr=9.83785e-05 time=5.5s
[Epoch 013] train=0.031392 valid=0.049559 lr=9.83785e-05 time=5.6s
[Epoch 014] train=0.028756 valid=0.042342 lr=9.83785e-05 time=5.4s
[Epoch 015] train=0.028787 valid=0.043169 lr=9.83785e-05 time=5.4s
[Epoch 016] train=0.029293 valid=0.045616 lr=9.83785e-05 time=5.4s
[Epoch 017] train=0.027511 valid=0.055342 lr=4.91892e-05 time=5.3s
[Epoch 018] train=0.025551 valid=0.045223 lr=4.91892e-05 time=5.4s
[Epoch 019] train=0.026208 valid=0.043643 lr=4.91892e-05 time=5.3s
[Epoch 020] train=0.026097 valid=0.044529 lr=2.45946e-05 time=5.3s
Early stopping at epoch 20
Training samples: 1218 | Validation samples: 63
[Epoch 001] train=0.072996 valid=0.039834 lr=0.000196757 time=6.0s
[Epoch 002] train=0.036418 valid=0.042427 lr=0.000196757 time=6.0s
[Epoch 003] train=0.033658 valid=0.039301 lr=0.000196757 time=6.1s
[Epoch 004] train=0.031098 valid=0.034697 lr=0.000196757 time=6.0s
[Epoch 005] train=0.030493 valid=0.034929 lr=0.000196757 time=5.9s
[Epoch 006] train=0.029285 valid=0.031159 lr=0.000196757 time=5.9s
[Epoch 007] train=0.027850 valid=0.033944 lr=0.000196757 time=5.9s
[Epoch 008] train=0.028830 valid=0.036656 lr=0.000196757 time=5.8s
[Epoch 009] train=0.027904 valid=0.041482 lr=9.83785e-05 time=6.0s
[Epoch 010] train=0.026131 valid=0.029672 lr=9.83785e-05 time=6.0s
[Epoch 011] train=0.025230 valid=0.029113 lr=9.83785e-05 time=6.2s
[Epoch 012] train=0.025392 valid=0.030554 lr=9.83785e-05 time=6.1s
[Epoch 013] train=0.024955 valid=0.030906 lr=9.83785e-05 time=6.1s
[Epoch 014] train=0.024633 valid=0.030502 lr=4.91892e-05 time=6.2s
[Epoch 015] train=0.023776 valid=0.030768 lr=4.91892e-05 time=6.0s
[Epoch 016] train=0.023785 valid=0.031022 lr=4.91892e-05 time=6.0s
[Epoch 017] train=0.023829 valid=0.029286 lr=2.45946e-05 time=5.9s
Early stopping at epoch 17

Proposed-model point summary:
         task     model  wrmsse_mean  wrmsse_std  wape_mean  wape_std  n_folds
0  state_dept  DeepSets     0.805896         NaN   0.112684       NaN        1
1   store_cat  DeepSets     0.754475         NaN   0.116078       NaN        1
2  store_dept  DeepSets     0.825333         NaN   0.145120       NaN        1

Proposed-model main point table:
task      state_dept  store_cat  store_dept      Mean
model                                                
DeepSets    0.805896   0.754475    0.825333  0.795234

Proposed-model quantile summary:
         task       model  wspl_mean  wspl_std  n_folds
0  state_dept  DeepSets_Q   0.190707       NaN        1
1   store_cat  DeepSets_Q   0.188693       NaN        1
2  store_dept  DeepSets_Q   0.201522       NaN        1

Proposed-model main quantile table:
task        state_dept  store_cat  store_dept      Mean
model                                                  
DeepSets_Q    0.190707   0.188693    0.201522  0.193641

Done. Outputs written to: /root/autodl-tmp/m5/work/30pct/04_benchmark_proposed/DeepSets

$ /root/miniconda3/bin/python /root/autodl-tmp/m5/scripts/run_m5_proposed_models.py --data-dir /root/autodl-tmp/m5/data --output-dir /root/autodl-tmp/m5/work/30pct/04_benchmark_proposed/SetTransformer --mode holdout --tasks store_dept,store_cat,state_dept --quantiles 0.005,0.025,0.165,0.25,0.5,0.75,0.835,0.975,0.995 --model-names SetTransformer --recent-window 14 --lag-windows 7,14,28,56 --stat-windows 7,28,56 --params-json /root/autodl-tmp/m5/work/30pct/01_tuning/SetTransformer/best_params.json --t-hist 56 --horizon 28 --valid-size 4 --test-size 4 --internal-valid-size 3 --gap 0 --min-train-origins 20 --min-final-train-origins 20 --sku-universe-mode history --store-sku-sample-frac 0.3 --store-sku-sample-seed 42 --cache-dir /root/autodl-tmp/m5/cache
Using cache directory: /root/autodl-tmp/m5/cache
Building/loading cached task artifacts lazily...

=== Proposed models on task: store_dept ===
[M5-PREP] Loading cached task package for task=store_dept...
[M5-PREP] Loaded cached task package for task=store_dept | stage 00:00 | total 00:00
[M5-PREP] Loading cached samples: task=store_dept split=final_train_samples...
[M5-PREP] Loaded cached samples: task=store_dept split=final_train_samples n=4060 | stage 00:01 | total 00:01
[M5-PREP] Loading cached samples: task=store_dept split=internal_valid_samples...
[M5-PREP] Loaded cached samples: task=store_dept split=internal_valid_samples n=210 | stage 00:00 | total 00:00
[M5-PREP] Loading cached samples: task=store_dept split=test_samples...
[M5-PREP] Loaded cached samples: task=store_dept split=test_samples n=280 | stage 00:00 | total 00:00
Task=store_dept Mode=holdout Model=SetTransformer
Training samples: 4060 | Validation samples: 210
[Epoch 001] train=0.089392 valid=0.078333 lr=0.000171045 time=40.8s
[Epoch 002] train=0.066384 valid=0.071438 lr=0.000171045 time=41.8s
[Epoch 003] train=0.059465 valid=0.072997 lr=0.000171045 time=41.5s
[Epoch 004] train=0.060444 valid=0.063343 lr=0.000171045 time=42.7s
[Epoch 005] train=0.055920 valid=0.073249 lr=0.000171045 time=42.2s
[Epoch 006] train=0.053456 valid=0.066869 lr=0.000171045 time=41.2s
[Epoch 007] train=0.055463 valid=0.066482 lr=8.55226e-05 time=41.4s
[Epoch 008] train=0.044569 valid=0.058964 lr=8.55226e-05 time=41.6s
[Epoch 009] train=0.043089 valid=0.056141 lr=8.55226e-05 time=41.7s
[Epoch 010] train=0.042481 valid=0.068426 lr=8.55226e-05 time=42.4s
[Epoch 011] train=0.040516 valid=0.070196 lr=8.55226e-05 time=43.1s
[Epoch 012] train=0.039806 valid=0.055854 lr=8.55226e-05 time=43.8s
[Epoch 013] train=0.039692 valid=0.058127 lr=8.55226e-05 time=42.7s
[Epoch 014] train=0.038140 valid=0.057162 lr=8.55226e-05 time=41.7s
[Epoch 015] train=0.037482 valid=0.057718 lr=4.27613e-05 time=43.3s
[Epoch 016] train=0.035616 valid=0.057934 lr=4.27613e-05 time=43.1s
[Epoch 017] train=0.033692 valid=0.055510 lr=4.27613e-05 time=43.0s
[Epoch 018] train=0.033427 valid=0.054596 lr=4.27613e-05 time=43.6s
[Epoch 019] train=0.032930 valid=0.054080 lr=4.27613e-05 time=41.2s
[Epoch 020] train=0.032648 valid=0.052825 lr=4.27613e-05 time=42.1s
[Epoch 021] train=0.031861 valid=0.051500 lr=4.27613e-05 time=41.5s
[Epoch 022] train=0.032014 valid=0.053089 lr=4.27613e-05 time=41.1s
[Epoch 023] train=0.031318 valid=0.054238 lr=4.27613e-05 time=40.9s
[Epoch 024] train=0.031586 valid=0.054548 lr=2.13806e-05 time=41.1s
Training samples: 4060 | Validation samples: 210
[Epoch 001] train=0.045305 valid=0.042763 lr=0.000171045 time=42.0s
[Epoch 002] train=0.035607 valid=0.037147 lr=0.000171045 time=43.1s
[Epoch 003] train=0.034046 valid=0.037777 lr=0.000171045 time=41.2s
[Epoch 004] train=0.032816 valid=0.038086 lr=0.000171045 time=41.8s
[Epoch 005] train=0.032442 valid=0.035521 lr=0.000171045 time=43.7s
[Epoch 006] train=0.031410 valid=0.034893 lr=0.000171045 time=43.2s
[Epoch 007] train=0.030751 valid=0.033851 lr=0.000171045 time=44.1s
[Epoch 008] train=0.030475 valid=0.038273 lr=0.000171045 time=44.7s
[Epoch 009] train=0.029843 valid=0.034326 lr=0.000171045 time=44.1s
[Epoch 010] train=0.029363 valid=0.037549 lr=8.55226e-05 time=44.5s
[Epoch 011] train=0.027851 valid=0.034054 lr=8.55226e-05 time=44.4s
[Epoch 012] train=0.027422 valid=0.034438 lr=8.55226e-05 time=43.6s
[Epoch 013] train=0.027324 valid=0.033713 lr=8.55226e-05 time=43.2s
[Epoch 014] train=0.026737 valid=0.033858 lr=8.55226e-05 time=44.3s
[Epoch 015] train=0.026883 valid=0.032767 lr=8.55226e-05 time=43.8s
[Epoch 016] train=0.026529 valid=0.033186 lr=8.55226e-05 time=44.1s
[Epoch 017] train=0.026231 valid=0.033197 lr=8.55226e-05 time=44.2s
[Epoch 018] train=0.026079 valid=0.033697 lr=4.27613e-05 time=43.2s
[Epoch 019] train=0.025138 valid=0.032252 lr=4.27613e-05 time=43.4s
[Epoch 020] train=0.024866 valid=0.032216 lr=4.27613e-05 time=43.2s
[Epoch 021] train=0.024729 valid=0.032167 lr=4.27613e-05 time=44.5s
[Epoch 022] train=0.024603 valid=0.032689 lr=4.27613e-05 time=44.4s
[Epoch 023] train=0.024476 valid=0.033439 lr=4.27613e-05 time=44.2s
[Epoch 024] train=0.024430 valid=0.032666 lr=2.13806e-05 time=44.2s

=== Proposed models on task: store_cat ===
[M5-PREP] Loading cached task package for task=store_cat...
[M5-PREP] Loaded cached task package for task=store_cat | stage 00:01 | total 00:01
[M5-PREP] Loading cached samples: task=store_cat split=final_train_samples...
[M5-PREP] Loaded cached samples: task=store_cat split=final_train_samples n=1740 | stage 00:01 | total 00:01
[M5-PREP] Loading cached samples: task=store_cat split=internal_valid_samples...
[M5-PREP] Loaded cached samples: task=store_cat split=internal_valid_samples n=90 | stage 00:00 | total 00:00
[M5-PREP] Loading cached samples: task=store_cat split=test_samples...
[M5-PREP] Loaded cached samples: task=store_cat split=test_samples n=120 | stage 00:00 | total 00:00
Task=store_cat Mode=holdout Model=SetTransformer
Training samples: 1740 | Validation samples: 90
[Epoch 001] train=0.135972 valid=0.084138 lr=0.000171045 time=20.0s
[Epoch 002] train=0.073993 valid=0.091852 lr=0.000171045 time=18.9s
[Epoch 003] train=0.063665 valid=0.098408 lr=0.000171045 time=18.4s
[Epoch 004] train=0.061140 valid=0.070227 lr=0.000171045 time=19.6s
[Epoch 005] train=0.058956 valid=0.065878 lr=0.000171045 time=19.4s
[Epoch 006] train=0.060517 valid=0.074221 lr=0.000171045 time=19.1s
[Epoch 007] train=0.056118 valid=0.083261 lr=0.000171045 time=19.7s
[Epoch 008] train=0.052466 valid=0.067076 lr=8.55226e-05 time=19.8s
[Epoch 009] train=0.045681 valid=0.066559 lr=8.55226e-05 time=19.8s
[Epoch 010] train=0.043151 valid=0.068819 lr=8.55226e-05 time=19.6s
[Epoch 011] train=0.042537 valid=0.064493 lr=8.55226e-05 time=19.6s
[Epoch 012] train=0.040410 valid=0.064219 lr=8.55226e-05 time=19.8s
[Epoch 013] train=0.041155 valid=0.065114 lr=8.55226e-05 time=19.9s
[Epoch 014] train=0.038991 valid=0.104698 lr=8.55226e-05 time=19.8s
[Epoch 015] train=0.039436 valid=0.069356 lr=4.27613e-05 time=19.6s
[Epoch 016] train=0.034997 valid=0.062060 lr=4.27613e-05 time=19.7s
[Epoch 017] train=0.035003 valid=0.061995 lr=4.27613e-05 time=19.8s
[Epoch 018] train=0.034149 valid=0.063068 lr=4.27613e-05 time=19.5s
[Epoch 019] train=0.034549 valid=0.060069 lr=4.27613e-05 time=19.7s
[Epoch 020] train=0.034574 valid=0.058151 lr=4.27613e-05 time=19.9s
[Epoch 021] train=0.032498 valid=0.060297 lr=4.27613e-05 time=19.5s
[Epoch 022] train=0.033908 valid=0.062722 lr=4.27613e-05 time=19.6s
[Epoch 023] train=0.032613 valid=0.064431 lr=2.13806e-05 time=19.6s
[Epoch 024] train=0.030951 valid=0.061826 lr=2.13806e-05 time=19.6s
Training samples: 1740 | Validation samples: 90
[Epoch 001] train=0.063752 valid=0.055416 lr=0.000171045 time=19.8s
[Epoch 002] train=0.043248 valid=0.046379 lr=0.000171045 time=19.5s
[Epoch 003] train=0.040005 valid=0.045566 lr=0.000171045 time=20.0s
[Epoch 004] train=0.038413 valid=0.044972 lr=0.000171045 time=20.1s
[Epoch 005] train=0.037134 valid=0.041166 lr=0.000171045 time=20.2s
[Epoch 006] train=0.036386 valid=0.041992 lr=0.000171045 time=20.0s
[Epoch 007] train=0.035274 valid=0.047733 lr=0.000171045 time=20.0s
[Epoch 008] train=0.035695 valid=0.040265 lr=0.000171045 time=20.1s
[Epoch 009] train=0.034920 valid=0.042897 lr=0.000171045 time=20.3s
[Epoch 010] train=0.034313 valid=0.039842 lr=0.000171045 time=20.2s
[Epoch 011] train=0.033513 valid=0.038115 lr=0.000171045 time=20.0s
[Epoch 012] train=0.033106 valid=0.040261 lr=0.000171045 time=20.1s
[Epoch 013] train=0.032230 valid=0.040899 lr=0.000171045 time=20.2s
[Epoch 014] train=0.032132 valid=0.042098 lr=8.55226e-05 time=20.0s
[Epoch 015] train=0.030237 valid=0.039464 lr=8.55226e-05 time=19.9s
[Epoch 016] train=0.029575 valid=0.040934 lr=8.55226e-05 time=20.0s
[Epoch 017] train=0.029608 valid=0.038167 lr=4.27613e-05 time=19.9s
Early stopping at epoch 17

=== Proposed models on task: state_dept ===
[M5-PREP] Loading cached task package for task=state_dept...
[M5-PREP] Loaded cached task package for task=state_dept | stage 00:00 | total 00:00
[M5-PREP] Loading cached samples: task=state_dept split=final_train_samples...
[M5-PREP] Loaded cached samples: task=state_dept split=final_train_samples n=1218 | stage 00:01 | total 00:01
[M5-PREP] Loading cached samples: task=state_dept split=internal_valid_samples...
[M5-PREP] Loaded cached samples: task=state_dept split=internal_valid_samples n=63 | stage 00:00 | total 00:00
[M5-PREP] Loading cached samples: task=state_dept split=test_samples...
[M5-PREP] Loaded cached samples: task=state_dept split=test_samples n=84 | stage 00:00 | total 00:00
Task=state_dept Mode=holdout Model=SetTransformer
Training samples: 1218 | Validation samples: 63
[Epoch 001] train=0.136322 valid=0.078545 lr=0.000171045 time=17.3s
[Epoch 002] train=0.071151 valid=0.055154 lr=0.000171045 time=17.8s
[Epoch 003] train=0.058686 valid=0.066587 lr=0.000171045 time=17.9s
[Epoch 004] train=0.051902 valid=0.063420 lr=0.000171045 time=17.8s
[Epoch 005] train=0.052112 valid=0.061348 lr=8.55226e-05 time=18.1s
[Epoch 006] train=0.040201 valid=0.054422 lr=8.55226e-05 time=18.4s
[Epoch 007] train=0.037554 valid=0.058436 lr=8.55226e-05 time=18.0s
[Epoch 008] train=0.036471 valid=0.049532 lr=8.55226e-05 time=18.2s
[Epoch 009] train=0.035279 valid=0.054903 lr=8.55226e-05 time=18.0s
[Epoch 010] train=0.036005 valid=0.047035 lr=8.55226e-05 time=17.9s
[Epoch 011] train=0.033309 valid=0.048940 lr=8.55226e-05 time=18.0s
[Epoch 012] train=0.033966 valid=0.058112 lr=8.55226e-05 time=18.4s
[Epoch 013] train=0.033259 valid=0.044063 lr=8.55226e-05 time=16.9s
[Epoch 014] train=0.032626 valid=0.047595 lr=8.55226e-05 time=16.8s
[Epoch 015] train=0.028739 valid=0.041731 lr=8.55226e-05 time=17.0s
[Epoch 016] train=0.029945 valid=0.046204 lr=8.55226e-05 time=18.1s
[Epoch 017] train=0.029061 valid=0.052107 lr=8.55226e-05 time=18.3s
[Epoch 018] train=0.026901 valid=0.044954 lr=4.27613e-05 time=18.1s
[Epoch 019] train=0.025654 valid=0.039893 lr=4.27613e-05 time=18.2s
[Epoch 020] train=0.023770 valid=0.042855 lr=4.27613e-05 time=18.5s
[Epoch 021] train=0.024503 valid=0.041223 lr=4.27613e-05 time=18.2s
[Epoch 022] train=0.024210 valid=0.038708 lr=4.27613e-05 time=17.9s
[Epoch 023] train=0.024482 valid=0.044821 lr=4.27613e-05 time=18.1s
[Epoch 024] train=0.022520 valid=0.046743 lr=4.27613e-05 time=18.5s
Training samples: 1218 | Validation samples: 63
[Epoch 001] train=0.061066 valid=0.047846 lr=0.000171045 time=18.1s
[Epoch 002] train=0.038087 valid=0.036589 lr=0.000171045 time=18.4s
[Epoch 003] train=0.034067 valid=0.034265 lr=0.000171045 time=18.2s
[Epoch 004] train=0.031967 valid=0.033051 lr=0.000171045 time=18.4s
[Epoch 005] train=0.030857 valid=0.032070 lr=0.000171045 time=18.2s
[Epoch 006] train=0.030860 valid=0.033618 lr=0.000171045 time=17.9s
[Epoch 007] train=0.029402 valid=0.032200 lr=0.000171045 time=18.2s
[Epoch 008] train=0.028895 valid=0.035539 lr=8.55226e-05 time=18.6s
[Epoch 009] train=0.026236 valid=0.032917 lr=8.55226e-05 time=18.3s
[Epoch 010] train=0.025528 valid=0.030472 lr=8.55226e-05 time=18.0s
[Epoch 011] train=0.025547 valid=0.031917 lr=8.55226e-05 time=18.3s
[Epoch 012] train=0.025375 valid=0.030793 lr=8.55226e-05 time=18.3s
[Epoch 013] train=0.025097 valid=0.032953 lr=4.27613e-05 time=18.5s
[Epoch 014] train=0.023854 valid=0.030274 lr=4.27613e-05 time=19.3s
[Epoch 015] train=0.023510 valid=0.029291 lr=4.27613e-05 time=19.0s
[Epoch 016] train=0.023142 valid=0.029392 lr=4.27613e-05 time=18.1s
[Epoch 017] train=0.023143 valid=0.028569 lr=4.27613e-05 time=18.3s
[Epoch 018] train=0.022747 valid=0.031982 lr=4.27613e-05 time=18.6s
[Epoch 019] train=0.022698 valid=0.029222 lr=4.27613e-05 time=19.4s
[Epoch 020] train=0.022549 valid=0.029481 lr=2.13806e-05 time=17.1s
[Epoch 021] train=0.022075 valid=0.028271 lr=2.13806e-05 time=16.9s
[Epoch 022] train=0.021573 valid=0.028171 lr=2.13806e-05 time=17.4s
[Epoch 023] train=0.021637 valid=0.028903 lr=2.13806e-05 time=18.6s
[Epoch 024] train=0.021618 valid=0.029817 lr=2.13806e-05 time=18.2s

Proposed-model point summary:
         task           model  wrmsse_mean  ...  wape_mean  wape_std  n_folds
0  state_dept  SetTransformer     0.697225  ...   0.097255       NaN        1
1   store_cat  SetTransformer     0.707805  ...   0.107665       NaN        1
2  store_dept  SetTransformer     0.776684  ...   0.134411       NaN        1

[3 rows x 7 columns]

Proposed-model main point table:
task            state_dept  store_cat  store_dept      Mean
model                                                      
SetTransformer    0.697225   0.707805    0.776684  0.727238

Proposed-model quantile summary:
         task             model  wspl_mean  wspl_std  n_folds
0  state_dept  SetTransformer_Q   0.188326       NaN        1
1   store_cat  SetTransformer_Q   0.190419       NaN        1
2  store_dept  SetTransformer_Q   0.199072       NaN        1

Proposed-model main quantile table:
task              state_dept  store_cat  store_dept      Mean
model                                                        
SetTransformer_Q    0.188326   0.190419    0.199072  0.192606

Done. Outputs written to: /root/autodl-tmp/m5/work/30pct/04_benchmark_proposed/SetTransformer

$ /root/miniconda3/bin/python /root/autodl-tmp/m5/scripts/run_m5_stat_tests.py --benchmark-rows /root/autodl-tmp/m5/work/30pct/03_benchmark_baselines/all_holdout_rows.csv --proposed-rows /root/autodl-tmp/m5/work/30pct/04_benchmark_proposed/proposed_all_holdout_rows.csv --ablation-rows /root/autodl-tmp/m5/work/30pct/02_ablation/all_ablation_rows_holdout.csv --benchmark-series-rows /root/autodl-tmp/m5/work/30pct/03_benchmark_baselines/all_holdout_series_rows.csv --proposed-series-rows /root/autodl-tmp/m5/work/30pct/04_benchmark_proposed/proposed_all_holdout_series_rows.csv --ablation-series-rows /root/autodl-tmp/m5/work/30pct/02_ablation/all_ablation_series_rows_holdout.csv --ablation-models M0_AggHistOnly,M1_AggHistFutureSummary --metric wspl --analysis-level series --series-block-cols task,agg_id --output-dir /root/autodl-tmp/m5/work/30pct/05_stat_tests
Done. Statistical test outputs written to:
/root/autodl-tmp/m5/work/30pct/05_stat_tests

$ /root/miniconda3/bin/python /root/autodl-tmp/m5/scripts/make_m5_paper_tables.py --benchmark-rows /root/autodl-tmp/m5/work/30pct/03_benchmark_baselines/all_holdout_rows.csv --proposed-rows /root/autodl-tmp/m5/work/30pct/04_benchmark_proposed/proposed_all_holdout_rows.csv --ablation-rows /root/autodl-tmp/m5/work/30pct/02_ablation/all_ablation_rows_holdout.csv --output-dir /root/autodl-tmp/m5/work/30pct/06_paper_tables
Done. Wrote merged CSVs and LaTeX tables to:
/root/autodl-tmp/m5/work/30pct/06_paper_tables

Workflow paths:
  proposed models:    M3_FullSkuTemporalCNN, DeepSets, SetTransformer
  ablation params:    /root/autodl-tmp/m5/work/30pct/01_tuning/M3_FullSkuTemporalCNN/best_params.json
  tuned params all:   /root/autodl-tmp/m5/work/30pct/01_tuning/best_params_all_models.json
  benchmark rows:     /root/autodl-tmp/m5/work/30pct/03_benchmark_baselines/all_holdout_rows.csv
  benchmark series:   /root/autodl-tmp/m5/work/30pct/03_benchmark_baselines/all_holdout_series_rows.csv
  proposed rows:      /root/autodl-tmp/m5/work/30pct/04_benchmark_proposed/proposed_all_holdout_rows.csv
  proposed series:    /root/autodl-tmp/m5/work/30pct/04_benchmark_proposed/proposed_all_holdout_series_rows.csv
  ablation rows:      /root/autodl-tmp/m5/work/30pct/02_ablation/all_ablation_rows_holdout.csv
  ablation series:    /root/autodl-tmp/m5/work/30pct/02_ablation/all_ablation_series_rows_holdout.csv
  statistical tests:  /root/autodl-tmp/m5/work/30pct/05_stat_tests
  final tables dir:   /root/autodl-tmp/m5/work/30pct/06_paper_tables
=== Phase 4: Consistency ===
Consistency check passed.
Mode: holdout
Metric: wspl
Complete task×agg_id blocks for series-level stats: 121
Models in aligned matrix: 11
Bottom-up benchmark present: BottomUpGlobalHistGB
Removed bottom-up naive absent: BottomUpSeasonalNaive
Ablation models included: M0_AggHistOnly, M1_AggHistFutureSummary
=== ALL DONE ===
