task,fold,model,base_model,agg_id,origin_time,row_id,revenue_28,weight,metric,metric_value
state_dept,1,SeasonalNaive,SeasonalNaive,CA__FOODS_1,1400,0,11129.3388671875,0.0352468027749905,rmsse,1.965363070829449
state_dept,1,SeasonalNaive,SeasonalNaive,CA__FOODS_2,1400,1,13459.5107421875,0.042626496168288196,rmsse,1.5941323921363222
state_dept,1,SeasonalNaive,SeasonalNaive,CA__FOODS_3,1400,2,62250.08984375,0.19714707815367039,rmsse,1.6143360683978898
state_dept,1,SeasonalNaive,SeasonalNaive,CA__HOBBIES_1,1400,3,14995.9404296875,0.047492394746739705,rmsse,0.9210242824924515
state_dept,1,SeasonalNaive,SeasonalNaive,CA__HOBBIES_2,1400,4,618.9100952148438,0.00196009864753098,rmsse,1.2809726585583854
state_dept,1,SeasonalNaive,SeasonalNaive,CA__HOUSEHOLD_1,1400,5,31309.26953125,0.09915698150323884,rmsse,1.2093357940961116
state_dept,1,SeasonalNaive,SeasonalNaive,CA__HOUSEHOLD_2,1400,6,10874.3515625,0.0344392537062004,rmsse,1.1859390906078349
state_dept,1,SeasonalNaive,SeasonalNaive,TX__FOODS_1,1400,7,4019.579833984375,0.012730076722210515,rmsse,1.1772895256542617
state_dept,1,SeasonalNaive,SeasonalNaive,TX__FOODS_2,1400,8,15157.2705078125,0.048003329808849346,rmsse,1.3418008234540522
state_dept,1,SeasonalNaive,SeasonalNaive,TX__FOODS_3,1400,9,32038.80859375,0.10146744394484901,rmsse,1.0747845525443558
state_dept,1,SeasonalNaive,SeasonalNaive,TX__HOBBIES_1,1400,10,9477.8681640625,0.03001656737139983,rmsse,1.0257861174362857
state_dept,1,SeasonalNaive,SeasonalNaive,TX__HOBBIES_2,1400,11,992.8200073242188,0.003144277607755567,rmsse,1.4234015027729285
state_dept,1,SeasonalNaive,SeasonalNaive,TX__HOUSEHOLD_1,1400,12,20522.638671875,0.06499554073446692,rmsse,1.110961087320135
state_dept,1,SeasonalNaive,SeasonalNaive,TX__HOUSEHOLD_2,1400,13,6885.9296875,0.021807854762454462,rmsse,0.9194333532258706
state_dept,1,SeasonalNaive,SeasonalNaive,WI__FOODS_1,1400,14,7490.36962890625,0.023722126190282484,rmsse,1.128225535215981
state_dept,1,SeasonalNaive,SeasonalNaive,WI__FOODS_2,1400,15,12884.580078125,0.04080568111652885,rmsse,1.6797511422562836
state_dept,1,SeasonalNaive,SeasonalNaive,WI__FOODS_3,1400,16,29967.98046875,0.09490909655568161,rmsse,0.8654818968768926
state_dept,1,SeasonalNaive,SeasonalNaive,WI__HOBBIES_1,1400,17,6324.50927734375,0.0200298269113147,rmsse,0.7296154701359556
state_dept,1,SeasonalNaive,SeasonalNaive,WI__HOBBIES_2,1400,18,1059.3499755859375,0.0033549791326108144,rmsse,1.385995802817891
state_dept,1,SeasonalNaive,SeasonalNaive,WI__HOUSEHOLD_1,1400,19,19540.568359375,0.06188530759043756,rmsse,1.2254965565003137
state_dept,1,SeasonalNaive,SeasonalNaive,WI__HOUSEHOLD_2,1400,20,4754.88037109375,0.015058785850499303,rmsse,1.3913963556910627
state_dept,1,SeasonalNaive,SeasonalNaive,CA__FOODS_1,1428,21,14265.3603515625,0.048087506381046426,rmsse,2.2161923009081113
state_dept,1,SeasonalNaive,SeasonalNaive,CA__FOODS_2,1428,22,11685.4794921875,0.039390913078799675,rmsse,1.4211715546808101
state_dept,1,SeasonalNaive,SeasonalNaive,CA__FOODS_3,1428,23,50730.578125,0.17100913956463148,rmsse,1.5939130827147159
state_dept,1,SeasonalNaive,SeasonalNaive,CA__HOBBIES_1,1428,24,15861.0712890625,0.0534665334787343,rmsse,1.1331378395374094
state_dept,1,SeasonalNaive,SeasonalNaive,CA__HOBBIES_2,1428,25,753.5299682617188,0.0025400954665071754,rmsse,2.064349863897393
state_dept,1,SeasonalNaive,SeasonalNaive,CA__HOUSEHOLD_1,1428,26,28582.958984375,0.09635110426073272,rmsse,1.653890989319056
state_dept,1,SeasonalNaive,SeasonalNaive,CA__HOUSEHOLD_2,1428,27,10560.5908203125,0.03559899406282956,rmsse,1.2435385561553312
state_dept,1,SeasonalNaive,SeasonalNaive,TX__FOODS_1,1428,28,4200.13037109375,0.014158338173285276,rmsse,1.8046682041567341
state_dept,1,SeasonalNaive,SeasonalNaive,TX__FOODS_2,1428,29,13964.58984375,0.04707363057579346,rmsse,1.8759468780331623
state_dept,1,SeasonalNaive,SeasonalNaive,TX__FOODS_3,1428,30,33707.9453125,0.11362706551813571,rmsse,1.4993257233664636
state_dept,1,SeasonalNaive,SeasonalNaive,TX__HOBBIES_1,1428,31,9331.8701171875,0.031457064718186295,rmsse,1.3374338929290879
state_dept,1,SeasonalNaive,SeasonalNaive,TX__HOBBIES_2,1428,32,954.6900024414062,0.0032181915109697127,rmsse,1.4158053837962952
state_dept,1,SeasonalNaive,SeasonalNaive,TX__HOUSEHOLD_1,1428,33,18947.720703125,0.06387140722442458,rmsse,1.7693974772978471
state_dept,1,SeasonalNaive,SeasonalNaive,TX__HOUSEHOLD_2,1428,34,6624.69970703125,0.022331387471714925,rmsse,1.3789122768648028
state_dept,1,SeasonalNaive,SeasonalNaive,WI__FOODS_1,1428,35,8497.2998046875,0.028643788064899377,rmsse,1.6917947831032285
state_dept,1,SeasonalNaive,SeasonalNaive,WI__FOODS_2,1428,36,11274.2197265625,0.038004585911705455,rmsse,1.96885405233859
state_dept,1,SeasonalNaive,SeasonalNaive,WI__FOODS_3,1428,37,27061.490234375,0.09122234225114394,rmsse,1.5456567719584138
state_dept,1,SeasonalNaive,SeasonalNaive,WI__HOBBIES_1,1428,38,6226.57958984375,0.020989353116895426,rmsse,0.9918238269599294
state_dept,1,SeasonalNaive,SeasonalNaive,WI__HOBBIES_2,1428,39,1076.0499267578125,0.0036272871097590754,rmsse,2.2114784995792953
state_dept,1,SeasonalNaive,SeasonalNaive,WI__HOUSEHOLD_1,1428,40,18266.427734375,0.06157481750115556,rmsse,1.6069042507226918
state_dept,1,SeasonalNaive,SeasonalNaive,WI__HOUSEHOLD_2,1428,41,4080.909912109375,0.01375645455864988,rmsse,1.596438973115127
state_dept,1,SeasonalNaive,SeasonalNaive,CA__FOODS_1,1456,42,12861.7802734375,0.04205296479989067,rmsse,1.5230616544558528
state_dept,1,SeasonalNaive,SeasonalNaive,CA__FOODS_2,1456,43,10985.7490234375,0.03591908018652372,rmsse,0.6772127585488157
state_dept,1,SeasonalNaive,SeasonalNaive,CA__FOODS_3,1456,44,55408.58203125,0.18116427899053658,rmsse,0.6720187309264163
state_dept,1,SeasonalNaive,SeasonalNaive,CA__HOBBIES_1,1456,45,15754.3994140625,0.05151069213732731,rmsse,0.6138508024765597
state_dept,1,SeasonalNaive,SeasonalNaive,CA__HOBBIES_2,1456,46,525.1099853515625,0.0017169032016248642,rmsse,1.3978742617295326
state_dept,1,SeasonalNaive,SeasonalNaive,CA__HOUSEHOLD_1,1456,47,27565.529296875,0.09012844323004618,rmsse,0.6882719317596092
state_dept,1,SeasonalNaive,SeasonalNaive,CA__HOUSEHOLD_2,1456,48,10496.9609375,0.034320935315787095,rmsse,0.948096775457432
state_dept,1,SeasonalNaive,SeasonalNaive,TX__FOODS_1,1456,49,4201.60986328125,0.013737612362135061,rmsse,1.9102511105019209
state_dept,1,SeasonalNaive,SeasonalNaive,TX__FOODS_2,1456,50,15896.2587890625,0.05197451652062282,rmsse,1.1019070168164518
state_dept,1,SeasonalNaive,SeasonalNaive,TX__FOODS_3,1456,51,33023.9609375,0.10797536867627476,rmsse,1.1130870570080564
state_dept,1,SeasonalNaive,SeasonalNaive,TX__HOBBIES_1,1456,52,11740.7587890625,0.03838766528301877,rmsse,1.0782753443997148
state_dept,1,SeasonalNaive,SeasonalNaive,TX__HOBBIES_2,1456,53,597.070068359375,0.0019521843814763351,rmsse,1.3382874733029475
state_dept,1,SeasonalNaive,SeasonalNaive,TX__HOUSEHOLD_1,1456,54,21211.359375,0.0693528057695784,rmsse,0.9681276803890951
state_dept,1,SeasonalNaive,SeasonalNaive,TX__HOUSEHOLD_2,1456,55,6183.01953125,0.02021604297203564,rmsse,1.0003898319779807
state_dept,1,SeasonalNaive,SeasonalNaive,WI__FOODS_1,1456,56,8472.6201171875,0.02770213671638984,rmsse,0.7498273277159128
state_dept,1,SeasonalNaive,SeasonalNaive,WI__FOODS_2,1456,57,12217.0,0.03994478680539254,rmsse,1.6834309645001078
state_dept,1,SeasonalNaive,SeasonalNaive,WI__FOODS_3,1456,58,29846.76171875,0.09758717636791522,rmsse,1.2884834192009036
state_dept,1,SeasonalNaive,SeasonalNaive,WI__HOBBIES_1,1456,59,6511.15966796875,0.02128893220863405,rmsse,0.9015852174444579
state_dept,1,SeasonalNaive,SeasonalNaive,WI__HOBBIES_2,1456,60,583.5599975585938,0.0019080117615317524,rmsse,0.8439170596506815
state_dept,1,SeasonalNaive,SeasonalNaive,WI__HOUSEHOLD_1,1456,61,17843.080078125,0.058339856730150616,rmsse,1.9104680564825713
state_dept,1,SeasonalNaive,SeasonalNaive,WI__HOUSEHOLD_2,1456,62,3920.840087890625,0.012819605583107766,rmsse,1.1255518832492761
state_dept,1,SeasonalNaive,SeasonalNaive,CA__FOODS_1,1484,63,18270.888671875,0.054742099455031716,rmsse,1.5881196186356217
state_dept,1,SeasonalNaive,SeasonalNaive,CA__FOODS_2,1484,64,11357.849609375,0.034029682084855795,rmsse,0.9132923793523373
state_dept,1,SeasonalNaive,SeasonalNaive,CA__FOODS_3,1484,65,55400.4765625,0.16598745974020004,rmsse,0.9930841266910392
state_dept,1,SeasonalNaive,SeasonalNaive,CA__HOBBIES_1,1484,66,16027.66015625,0.04802107779549221,rmsse,1.0761088261835978
state_dept,1,SeasonalNaive,SeasonalNaive,CA__HOBBIES_2,1484,67,479.4800109863281,0.0014365881659887357,rmsse,1.3398599006750518
state_dept,1,SeasonalNaive,SeasonalNaive,CA__HOUSEHOLD_1,1484,68,28883.357421875,0.0865385178016768,rmsse,0.6212475238440457
state_dept,1,SeasonalNaive,SeasonalNaive,CA__HOUSEHOLD_2,1484,69,12078.5498046875,0.03618899915353174,rmsse,1.2765701922033152
state_dept,1,SeasonalNaive,SeasonalNaive,TX__FOODS_1,1484,70,4299.25,0.012881145263849553,rmsse,1.047575712485915
state_dept,1,SeasonalNaive,SeasonalNaive,TX__FOODS_2,1484,71,15832.4296875,0.047436140416205544,rmsse,1.0773401182909277
state_dept,1,SeasonalNaive,SeasonalNaive,TX__FOODS_3,1484,72,33689.53125,0.1009384766883175,rmsse,0.7186991337733626
state_dept,1,SeasonalNaive,SeasonalNaive,TX__HOBBIES_1,1484,73,12314.9306640625,0.03689722877200077,rmsse,0.9323934437238794
state_dept,1,SeasonalNaive,SeasonalNaive,TX__HOBBIES_2,1484,74,810.8299560546875,0.0024293582481179693,rmsse,1.2030691044244137
state_dept,1,SeasonalNaive,SeasonalNaive,TX__HOUSEHOLD_1,1484,75,26209.41796875,0.07852702683873174,rmsse,1.101049754570514
state_dept,1,SeasonalNaive,SeasonalNaive,TX__HOUSEHOLD_2,1484,76,7332.7197265625,0.021969838454834387,rmsse,0.9688692485235109
state_dept,1,SeasonalNaive,SeasonalNaive,WI__FOODS_1,1484,77,9592.98046875,0.028741891011511388,rmsse,0.8180299425878925
state_dept,1,SeasonalNaive,SeasonalNaive,WI__FOODS_2,1484,78,14454.66015625,0.04330815309931605,rmsse,1.0903606380223327
state_dept,1,SeasonalNaive,SeasonalNaive,WI__FOODS_3,1484,79,31937.263671875,0.0956884416322119,rmsse,0.6779666772149736
state_dept,1,SeasonalNaive,SeasonalNaive,WI__HOBBIES_1,1484,80,7323.49951171875,0.021942213420987497,rmsse,0.6157028338006105
state_dept,1,SeasonalNaive,SeasonalNaive,WI__HOBBIES_2,1484,81,685.72998046875,0.0020545414875140283,rmsse,0.9301117855177045
state_dept,1,SeasonalNaive,SeasonalNaive,WI__HOUSEHOLD_1,1484,82,22292.109375,0.06679023064418153,rmsse,1.1690003917682281
state_dept,1,SeasonalNaive,SeasonalNaive,WI__HOUSEHOLD_2,1484,83,4489.40966796875,0.013450889825443057,rmsse,1.0953777840514594
state_dept,1,SeasonalNaive,SeasonalNaive,CA__FOODS_1,1400,0,11129.3388671875,0.0352468027749905,mean_spl,0.5458779589403515
state_dept,1,SeasonalNaive,SeasonalNaive,CA__FOODS_2,1400,1,13459.5107421875,0.042626496168288196,mean_spl,0.3932664122450355
state_dept,1,SeasonalNaive,SeasonalNaive,CA__FOODS_3,1400,2,62250.08984375,0.19714707815367039,mean_spl,0.6969443369821922
state_dept,1,SeasonalNaive,SeasonalNaive,CA__HOBBIES_1,1400,3,14995.9404296875,0.047492394746739705,mean_spl,0.2304449461951959
state_dept,1,SeasonalNaive,SeasonalNaive,CA__HOBBIES_2,1400,4,618.9100952148438,0.00196009864753098,mean_spl,0.7511024393683103
state_dept,1,SeasonalNaive,SeasonalNaive,CA__HOUSEHOLD_1,1400,5,31309.26953125,0.09915698150323884,mean_spl,0.3350084564246461
state_dept,1,SeasonalNaive,SeasonalNaive,CA__HOUSEHOLD_2,1400,6,10874.3515625,0.0344392537062004,mean_spl,0.34143091357652966
state_dept,1,SeasonalNaive,SeasonalNaive,TX__FOODS_1,1400,7,4019.579833984375,0.012730076722210515,mean_spl,0.39607948136026794
state_dept,1,SeasonalNaive,SeasonalNaive,TX__FOODS_2,1400,8,15157.2705078125,0.048003329808849346,mean_spl,0.34980718576403524
state_dept,1,SeasonalNaive,SeasonalNaive,TX__FOODS_3,1400,9,32038.80859375,0.10146744394484901,mean_spl,0.27856752770352755
state_dept,1,SeasonalNaive,SeasonalNaive,TX__HOBBIES_1,1400,10,9477.8681640625,0.03001656737139983,mean_spl,0.2845314295228986
state_dept,1,SeasonalNaive,SeasonalNaive,TX__HOBBIES_2,1400,11,992.8200073242188,0.003144277607755567,mean_spl,0.9328403630170905
state_dept,1,SeasonalNaive,SeasonalNaive,TX__HOUSEHOLD_1,1400,12,20522.638671875,0.06499554073446692,mean_spl,0.28940190746279093
state_dept,1,SeasonalNaive,SeasonalNaive,TX__HOUSEHOLD_2,1400,13,6885.9296875,0.021807854762454462,mean_spl,0.3449466769848166
state_dept,1,SeasonalNaive,SeasonalNaive,WI__FOODS_1,1400,14,7490.36962890625,0.023722126190282484,mean_spl,0.3053718679177523
state_dept,1,SeasonalNaive,SeasonalNaive,WI__FOODS_2,1400,15,12884.580078125,0.04080568111652885,mean_spl,0.45139892258026887
state_dept,1,SeasonalNaive,SeasonalNaive,WI__FOODS_3,1400,16,29967.98046875,0.09490909655568161,mean_spl,0.2655629814235628
state_dept,1,SeasonalNaive,SeasonalNaive,WI__HOBBIES_1,1400,17,6324.50927734375,0.0200298269113147,mean_spl,0.20838637344894956
state_dept,1,SeasonalNaive,SeasonalNaive,WI__HOBBIES_2,1400,18,1059.3499755859375,0.0033549791326108144,mean_spl,0.8729565285363367
state_dept,1,SeasonalNaive,SeasonalNaive,WI__HOUSEHOLD_1,1400,19,19540.568359375,0.06188530759043756,mean_spl,0.318038223676411
state_dept,1,SeasonalNaive,SeasonalNaive,WI__HOUSEHOLD_2,1400,20,4754.88037109375,0.015058785850499303,mean_spl,0.47074741611844995
state_dept,1,SeasonalNaive,SeasonalNaive,CA__FOODS_1,1428,21,14265.3603515625,0.048087506381046426,mean_spl,0.5904847425005056
state_dept,1,SeasonalNaive,SeasonalNaive,CA__FOODS_2,1428,22,11685.4794921875,0.039390913078799675,mean_spl,0.342810990930316
state_dept,1,SeasonalNaive,SeasonalNaive,CA__FOODS_3,1428,23,50730.578125,0.17100913956463148,mean_spl,0.5695364469876459
state_dept,1,SeasonalNaive,SeasonalNaive,CA__HOBBIES_1,1428,24,15861.0712890625,0.0534665334787343,mean_spl,0.28820546091093324
state_dept,1,SeasonalNaive,SeasonalNaive,CA__HOBBIES_2,1428,25,753.5299682617188,0.0025400954665071754,mean_spl,0.8129496640508074
state_dept,1,SeasonalNaive,SeasonalNaive,CA__HOUSEHOLD_1,1428,26,28582.958984375,0.09635110426073272,mean_spl,0.42911571191111647
state_dept,1,SeasonalNaive,SeasonalNaive,CA__HOUSEHOLD_2,1428,27,10560.5908203125,0.03559899406282956,mean_spl,0.34066415612377965
state_dept,1,SeasonalNaive,SeasonalNaive,TX__FOODS_1,1428,28,4200.13037109375,0.014158338173285276,mean_spl,0.4969608639337031
state_dept,1,SeasonalNaive,SeasonalNaive,TX__FOODS_2,1428,29,13964.58984375,0.04707363057579346,mean_spl,0.4183616620182579
state_dept,1,SeasonalNaive,SeasonalNaive,TX__FOODS_3,1428,30,33707.9453125,0.11362706551813571,mean_spl,0.4054454588527943
state_dept,1,SeasonalNaive,SeasonalNaive,TX__HOBBIES_1,1428,31,9331.8701171875,0.031457064718186295,mean_spl,0.3670630081105142
state_dept,1,SeasonalNaive,SeasonalNaive,TX__HOBBIES_2,1428,32,954.6900024414062,0.0032181915109697127,mean_spl,0.9264663043352921
state_dept,1,SeasonalNaive,SeasonalNaive,TX__HOUSEHOLD_1,1428,33,18947.720703125,0.06387140722442458,mean_spl,0.4550028925975206
state_dept,1,SeasonalNaive,SeasonalNaive,TX__HOUSEHOLD_2,1428,34,6624.69970703125,0.022331387471714925,mean_spl,0.41561158415860455
state_dept,1,SeasonalNaive,SeasonalNaive,WI__FOODS_1,1428,35,8497.2998046875,0.028643788064899377,mean_spl,0.4662749713296905
state_dept,1,SeasonalNaive,SeasonalNaive,WI__FOODS_2,1428,36,11274.2197265625,0.038004585911705455,mean_spl,0.5144861924910066
state_dept,1,SeasonalNaive,SeasonalNaive,WI__FOODS_3,1428,37,27061.490234375,0.09122234225114394,mean_spl,0.5131692682405035
state_dept,1,SeasonalNaive,SeasonalNaive,WI__HOBBIES_1,1428,38,6226.57958984375,0.020989353116895426,mean_spl,0.2681756509821719
state_dept,1,SeasonalNaive,SeasonalNaive,WI__HOBBIES_2,1428,39,1076.0499267578125,0.0036272871097590754,mean_spl,0.9279994292235574
state_dept,1,SeasonalNaive,SeasonalNaive,WI__HOUSEHOLD_1,1428,40,18266.427734375,0.06157481750115556,mean_spl,0.4127244091439185
state_dept,1,SeasonalNaive,SeasonalNaive,WI__HOUSEHOLD_2,1428,41,4080.909912109375,0.01375645455864988,mean_spl,0.49639404650059366
state_dept,1,SeasonalNaive,SeasonalNaive,CA__FOODS_1,1456,42,12861.7802734375,0.04205296479989067,mean_spl,0.399113262399505
state_dept,1,SeasonalNaive,SeasonalNaive,CA__FOODS_2,1456,43,10985.7490234375,0.03591908018652372,mean_spl,0.18429689793475573
state_dept,1,SeasonalNaive,SeasonalNaive,CA__FOODS_3,1456,44,55408.58203125,0.18116427899053658,mean_spl,0.2106142135782797
state_dept,1,SeasonalNaive,SeasonalNaive,CA__HOBBIES_1,1456,45,15754.3994140625,0.05151069213732731,mean_spl,0.1621184623613141
state_dept,1,SeasonalNaive,SeasonalNaive,CA__HOBBIES_2,1456,46,525.1099853515625,0.0017169032016248642,mean_spl,0.7360004384483132
state_dept,1,SeasonalNaive,SeasonalNaive,CA__HOUSEHOLD_1,1456,47,27565.529296875,0.09012844323004618,mean_spl,0.181063279360811
state_dept,1,SeasonalNaive,SeasonalNaive,CA__HOUSEHOLD_2,1456,48,10496.9609375,0.034320935315787095,mean_spl,0.2760306826133254
state_dept,1,SeasonalNaive,SeasonalNaive,TX__FOODS_1,1456,49,4201.60986328125,0.013737612362135061,mean_spl,0.4819253045821407
state_dept,1,SeasonalNaive,SeasonalNaive,TX__FOODS_2,1456,50,15896.2587890625,0.05197451652062282,mean_spl,0.28646823350046197
state_dept,1,SeasonalNaive,SeasonalNaive,TX__FOODS_3,1456,51,33023.9609375,0.10797536867627476,mean_spl,0.3120301203150839
state_dept,1,SeasonalNaive,SeasonalNaive,TX__HOBBIES_1,1456,52,11740.7587890625,0.03838766528301877,mean_spl,0.30461375459213846
state_dept,1,SeasonalNaive,SeasonalNaive,TX__HOBBIES_2,1456,53,597.070068359375,0.0019521843814763351,mean_spl,0.9080214391907693
state_dept,1,SeasonalNaive,SeasonalNaive,TX__HOUSEHOLD_1,1456,54,21211.359375,0.0693528057695784,mean_spl,0.2643760266881667
state_dept,1,SeasonalNaive,SeasonalNaive,TX__HOUSEHOLD_2,1456,55,6183.01953125,0.02021604297203564,mean_spl,0.3501197491141032
state_dept,1,SeasonalNaive,SeasonalNaive,WI__FOODS_1,1456,56,8472.6201171875,0.02770213671638984,mean_spl,0.22100181545469877
state_dept,1,SeasonalNaive,SeasonalNaive,WI__FOODS_2,1456,57,12217.0,0.03994478680539254,mean_spl,0.46171754659261194
state_dept,1,SeasonalNaive,SeasonalNaive,WI__FOODS_3,1456,58,29846.76171875,0.09758717636791522,mean_spl,0.4162935846068017
state_dept,1,SeasonalNaive,SeasonalNaive,WI__HOBBIES_1,1456,59,6511.15966796875,0.02128893220863405,mean_spl,0.24254763446889552
state_dept,1,SeasonalNaive,SeasonalNaive,WI__HOBBIES_2,1456,60,583.5599975585938,0.0019080117615317524,mean_spl,0.8218476267472765
state_dept,1,SeasonalNaive,SeasonalNaive,WI__HOUSEHOLD_1,1456,61,17843.080078125,0.058339856730150616,mean_spl,0.5362090360168853
state_dept,1,SeasonalNaive,SeasonalNaive,WI__HOUSEHOLD_2,1456,62,3920.840087890625,0.012819605583107766,mean_spl,0.4295285264234143
state_dept,1,SeasonalNaive,SeasonalNaive,CA__FOODS_1,1484,63,18270.888671875,0.054742099455031716,mean_spl,0.39644256772692066
state_dept,1,SeasonalNaive,SeasonalNaive,CA__FOODS_2,1484,64,11357.849609375,0.034029682084855795,mean_spl,0.23199657086467523
state_dept,1,SeasonalNaive,SeasonalNaive,CA__FOODS_3,1484,65,55400.4765625,0.16598745974020004,mean_spl,0.34241783685577193
state_dept,1,SeasonalNaive,SeasonalNaive,CA__HOBBIES_1,1484,66,16027.66015625,0.04802107779549221,mean_spl,0.2832411582246189
state_dept,1,SeasonalNaive,SeasonalNaive,CA__HOBBIES_2,1484,67,479.4800109863281,0.0014365881659887357,mean_spl,0.7238100957627414
state_dept,1,SeasonalNaive,SeasonalNaive,CA__HOUSEHOLD_1,1484,68,28883.357421875,0.0865385178016768,mean_spl,0.16321007003439245
state_dept,1,SeasonalNaive,SeasonalNaive,CA__HOUSEHOLD_2,1484,69,12078.5498046875,0.03618899915353174,mean_spl,0.3365891665008822
state_dept,1,SeasonalNaive,SeasonalNaive,TX__FOODS_1,1484,70,4299.25,0.012881145263849553,mean_spl,0.3733127910055047
state_dept,1,SeasonalNaive,SeasonalNaive,TX__FOODS_2,1484,71,15832.4296875,0.047436140416205544,mean_spl,0.27906856348098774
state_dept,1,SeasonalNaive,SeasonalNaive,TX__FOODS_3,1484,72,33689.53125,0.1009384766883175,mean_spl,0.2059030269737837
state_dept,1,SeasonalNaive,SeasonalNaive,TX__HOBBIES_1,1484,73,12314.9306640625,0.03689722877200077,mean_spl,0.26453756061580197
state_dept,1,SeasonalNaive,SeasonalNaive,TX__HOBBIES_2,1484,74,810.8299560546875,0.0024293582481179693,mean_spl,0.8893877554612837
state_dept,1,SeasonalNaive,SeasonalNaive,TX__HOUSEHOLD_1,1484,75,26209.41796875,0.07852702683873174,mean_spl,0.2887053584739953
state_dept,1,SeasonalNaive,SeasonalNaive,TX__HOUSEHOLD_2,1484,76,7332.7197265625,0.021969838454834387,mean_spl,0.34946016903557475
state_dept,1,SeasonalNaive,SeasonalNaive,WI__FOODS_1,1484,77,9592.98046875,0.028741891011511388,mean_spl,0.24119874133190944
state_dept,1,SeasonalNaive,SeasonalNaive,WI__FOODS_2,1484,78,14454.66015625,0.04330815309931605,mean_spl,0.2900257660428022
state_dept,1,SeasonalNaive,SeasonalNaive,WI__FOODS_3,1484,79,31937.263671875,0.0956884416322119,mean_spl,0.20186231282310432
state_dept,1,SeasonalNaive,SeasonalNaive,WI__HOBBIES_1,1484,80,7323.49951171875,0.021942213420987497,mean_spl,0.18419273909345774
state_dept,1,SeasonalNaive,SeasonalNaive,WI__HOBBIES_2,1484,81,685.72998046875,0.0020545414875140283,mean_spl,0.8205472803688599
state_dept,1,SeasonalNaive,SeasonalNaive,WI__HOUSEHOLD_1,1484,82,22292.109375,0.06679023064418153,mean_spl,0.31513403399777024
state_dept,1,SeasonalNaive,SeasonalNaive,WI__HOUSEHOLD_2,1484,83,4489.40966796875,0.013450889825443057,mean_spl,0.42062390207231376
state_dept,1,AggregateElasticNet,AggregateElasticNet,CA__FOODS_1,1400,0,11129.3388671875,0.0352468027749905,rmsse,1.8241330816885335
state_dept,1,AggregateElasticNet,AggregateElasticNet,CA__FOODS_2,1400,1,13459.5107421875,0.042626496168288196,rmsse,1.294240168189263
state_dept,1,AggregateElasticNet,AggregateElasticNet,CA__FOODS_3,1400,2,62250.08984375,0.19714707815367039,rmsse,1.3641577264685538
state_dept,1,AggregateElasticNet,AggregateElasticNet,CA__HOBBIES_1,1400,3,14995.9404296875,0.047492394746739705,rmsse,1.0697592139326002
state_dept,1,AggregateElasticNet,AggregateElasticNet,CA__HOBBIES_2,1400,4,618.9100952148438,0.00196009864753098,rmsse,4.704466409831868
state_dept,1,AggregateElasticNet,AggregateElasticNet,CA__HOUSEHOLD_1,1400,5,31309.26953125,0.09915698150323884,rmsse,1.1721082826675375
state_dept,1,AggregateElasticNet,AggregateElasticNet,CA__HOUSEHOLD_2,1400,6,10874.3515625,0.0344392537062004,rmsse,1.7219809195743245
state_dept,1,AggregateElasticNet,AggregateElasticNet,TX__FOODS_1,1400,7,4019.579833984375,0.012730076722210515,rmsse,2.187541025949163
state_dept,1,AggregateElasticNet,AggregateElasticNet,TX__FOODS_2,1400,8,15157.2705078125,0.048003329808849346,rmsse,1.4322097836115
state_dept,1,AggregateElasticNet,AggregateElasticNet,TX__FOODS_3,1400,9,32038.80859375,0.10146744394484901,rmsse,1.061438808147997
state_dept,1,AggregateElasticNet,AggregateElasticNet,TX__HOBBIES_1,1400,10,9477.8681640625,0.03001656737139983,rmsse,1.2816330711918762
state_dept,1,AggregateElasticNet,AggregateElasticNet,TX__HOBBIES_2,1400,11,992.8200073242188,0.003144277607755567,rmsse,6.395445195633669
state_dept,1,AggregateElasticNet,AggregateElasticNet,TX__HOUSEHOLD_1,1400,12,20522.638671875,0.06499554073446692,rmsse,1.0601955931950255
state_dept,1,AggregateElasticNet,AggregateElasticNet,TX__HOUSEHOLD_2,1400,13,6885.9296875,0.021807854762454462,rmsse,2.2889576448618087
state_dept,1,AggregateElasticNet,AggregateElasticNet,WI__FOODS_1,1400,14,7490.36962890625,0.023722126190282484,rmsse,1.202108430636387
state_dept,1,AggregateElasticNet,AggregateElasticNet,WI__FOODS_2,1400,15,12884.580078125,0.04080568111652885,rmsse,1.1063677082271042
state_dept,1,AggregateElasticNet,AggregateElasticNet,WI__FOODS_3,1400,16,29967.98046875,0.09490909655568161,rmsse,0.8545990874863778
state_dept,1,AggregateElasticNet,AggregateElasticNet,WI__HOBBIES_1,1400,17,6324.50927734375,0.0200298269113147,rmsse,1.045257400131737
state_dept,1,AggregateElasticNet,AggregateElasticNet,WI__HOBBIES_2,1400,18,1059.3499755859375,0.0033549791326108144,rmsse,6.013434473146346
state_dept,1,AggregateElasticNet,AggregateElasticNet,WI__HOUSEHOLD_1,1400,19,19540.568359375,0.06188530759043756,rmsse,1.1087868480555625
state_dept,1,AggregateElasticNet,AggregateElasticNet,WI__HOUSEHOLD_2,1400,20,4754.88037109375,0.015058785850499303,rmsse,2.735939056507834
state_dept,1,AggregateElasticNet,AggregateElasticNet,CA__FOODS_1,1428,21,14265.3603515625,0.048087506381046426,rmsse,3.908960971876969
state_dept,1,AggregateElasticNet,AggregateElasticNet,CA__FOODS_2,1428,22,11685.4794921875,0.039390913078799675,rmsse,4.151589094680291
state_dept,1,AggregateElasticNet,AggregateElasticNet,CA__FOODS_3,1428,23,50730.578125,0.17100913956463148,rmsse,0.932286336194754
state_dept,1,AggregateElasticNet,AggregateElasticNet,CA__HOBBIES_1,1428,24,15861.0712890625,0.0534665334787343,rmsse,2.5677515568494496
state_dept,1,AggregateElasticNet,AggregateElasticNet,CA__HOBBIES_2,1428,25,753.5299682617188,0.0025400954665071754,rmsse,19.76736759955109
state_dept,1,AggregateElasticNet,AggregateElasticNet,CA__HOUSEHOLD_1,1428,26,28582.958984375,0.09635110426073272,rmsse,2.2663258460624864
state_dept,1,AggregateElasticNet,AggregateElasticNet,CA__HOUSEHOLD_2,1428,27,10560.5908203125,0.03559899406282956,rmsse,5.599242078492934
state_dept,1,AggregateElasticNet,AggregateElasticNet,TX__FOODS_1,1428,28,4200.13037109375,0.014158338173285276,rmsse,9.250611957140562
state_dept,1,AggregateElasticNet,AggregateElasticNet,TX__FOODS_2,1428,29,13964.58984375,0.04707363057579346,rmsse,4.652783508512632
state_dept,1,AggregateElasticNet,AggregateElasticNet,TX__FOODS_3,1428,30,33707.9453125,0.11362706551813571,rmsse,1.3953955908685847
state_dept,1,AggregateElasticNet,AggregateElasticNet,TX__HOBBIES_1,1428,31,9331.8701171875,0.031457064718186295,rmsse,4.072316013355425
state_dept,1,AggregateElasticNet,AggregateElasticNet,TX__HOBBIES_2,1428,32,954.6900024414062,0.0032181915109697127,rmsse,25.66648827920326
state_dept,1,AggregateElasticNet,AggregateElasticNet,TX__HOUSEHOLD_1,1428,33,18947.720703125,0.06387140722442458,rmsse,2.4508439447498964
state_dept,1,AggregateElasticNet,AggregateElasticNet,TX__HOUSEHOLD_2,1428,34,6624.69970703125,0.022331387471714925,rmsse,8.694557615003111
state_dept,1,AggregateElasticNet,AggregateElasticNet,WI__FOODS_1,1428,35,8497.2998046875,0.028643788064899377,rmsse,4.478929741289921
state_dept,1,AggregateElasticNet,AggregateElasticNet,WI__FOODS_2,1428,36,11274.2197265625,0.038004585911705455,rmsse,3.151611157599896
state_dept,1,AggregateElasticNet,AggregateElasticNet,WI__FOODS_3,1428,37,27061.490234375,0.09122234225114394,rmsse,1.2637717434510638
state_dept,1,AggregateElasticNet,AggregateElasticNet,WI__HOBBIES_1,1428,38,6226.57958984375,0.020989353116895426,rmsse,3.981965258968775
state_dept,1,AggregateElasticNet,AggregateElasticNet,WI__HOBBIES_2,1428,39,1076.0499267578125,0.0036272871097590754,rmsse,23.63058067325354
state_dept,1,AggregateElasticNet,AggregateElasticNet,WI__HOUSEHOLD_1,1428,40,18266.427734375,0.06157481750115556,rmsse,2.808266353564731
state_dept,1,AggregateElasticNet,AggregateElasticNet,WI__HOUSEHOLD_2,1428,41,4080.909912109375,0.01375645455864988,rmsse,11.59296208568255
state_dept,1,AggregateElasticNet,AggregateElasticNet,CA__FOODS_1,1456,42,12861.7802734375,0.04205296479989067,rmsse,1.2979000381536863
state_dept,1,AggregateElasticNet,AggregateElasticNet,CA__FOODS_2,1456,43,10985.7490234375,0.03591908018652372,rmsse,1.177284491734809
state_dept,1,AggregateElasticNet,AggregateElasticNet,CA__FOODS_3,1456,44,55408.58203125,0.18116427899053658,rmsse,0.6567773255136746
state_dept,1,AggregateElasticNet,AggregateElasticNet,CA__HOBBIES_1,1456,45,15754.3994140625,0.05151069213732731,rmsse,0.6851958430061724
state_dept,1,AggregateElasticNet,AggregateElasticNet,CA__HOBBIES_2,1456,46,525.1099853515625,0.0017169032016248642,rmsse,4.4324613322442445
state_dept,1,AggregateElasticNet,AggregateElasticNet,CA__HOUSEHOLD_1,1456,47,27565.529296875,0.09012844323004618,rmsse,0.8143055428266642
state_dept,1,AggregateElasticNet,AggregateElasticNet,CA__HOUSEHOLD_2,1456,48,10496.9609375,0.034320935315787095,rmsse,1.278627380479648
state_dept,1,AggregateElasticNet,AggregateElasticNet,TX__FOODS_1,1456,49,4201.60986328125,0.013737612362135061,rmsse,2.0891316014503145
state_dept,1,AggregateElasticNet,AggregateElasticNet,TX__FOODS_2,1456,50,15896.2587890625,0.05197451652062282,rmsse,1.1655412238581377
state_dept,1,AggregateElasticNet,AggregateElasticNet,TX__FOODS_3,1456,51,33023.9609375,0.10797536867627476,rmsse,0.7895001642539848
state_dept,1,AggregateElasticNet,AggregateElasticNet,TX__HOBBIES_1,1456,52,11740.7587890625,0.03838766528301877,rmsse,0.8860430365967569
state_dept,1,AggregateElasticNet,AggregateElasticNet,TX__HOBBIES_2,1456,53,597.070068359375,0.0019521843814763351,rmsse,4.702076234920343
state_dept,1,AggregateElasticNet,AggregateElasticNet,TX__HOUSEHOLD_1,1456,54,21211.359375,0.0693528057695784,rmsse,0.8335116786496926
state_dept,1,AggregateElasticNet,AggregateElasticNet,TX__HOUSEHOLD_2,1456,55,6183.01953125,0.02021604297203564,rmsse,1.8720679726644514
state_dept,1,AggregateElasticNet,AggregateElasticNet,WI__FOODS_1,1456,56,8472.6201171875,0.02770213671638984,rmsse,0.9071578918651698
state_dept,1,AggregateElasticNet,AggregateElasticNet,WI__FOODS_2,1456,57,12217.0,0.03994478680539254,rmsse,1.0948891014541244
state_dept,1,AggregateElasticNet,AggregateElasticNet,WI__FOODS_3,1456,58,29846.76171875,0.09758717636791522,rmsse,0.8558977003959055
state_dept,1,AggregateElasticNet,AggregateElasticNet,WI__HOBBIES_1,1456,59,6511.15966796875,0.02128893220863405,rmsse,0.7929810142572046
state_dept,1,AggregateElasticNet,AggregateElasticNet,WI__HOBBIES_2,1456,60,583.5599975585938,0.0019080117615317524,rmsse,4.594264515166125
state_dept,1,AggregateElasticNet,AggregateElasticNet,WI__HOUSEHOLD_1,1456,61,17843.080078125,0.058339856730150616,rmsse,1.4453391161951528
state_dept,1,AggregateElasticNet,AggregateElasticNet,WI__HOUSEHOLD_2,1456,62,3920.840087890625,0.012819605583107766,rmsse,2.264588071084771
state_dept,1,AggregateElasticNet,AggregateElasticNet,CA__FOODS_1,1484,63,18270.888671875,0.054742099455031716,rmsse,1.3337924600231752
state_dept,1,AggregateElasticNet,AggregateElasticNet,CA__FOODS_2,1484,64,11357.849609375,0.034029682084855795,rmsse,1.3406313800370426
state_dept,1,AggregateElasticNet,AggregateElasticNet,CA__FOODS_3,1484,65,55400.4765625,0.16598745974020004,rmsse,0.6032286939260123
state_dept,1,AggregateElasticNet,AggregateElasticNet,CA__HOBBIES_1,1484,66,16027.66015625,0.04802107779549221,rmsse,1.0703459467152932
state_dept,1,AggregateElasticNet,AggregateElasticNet,CA__HOBBIES_2,1484,67,479.4800109863281,0.0014365881659887357,rmsse,4.750864586166505
state_dept,1,AggregateElasticNet,AggregateElasticNet,CA__HOUSEHOLD_1,1484,68,28883.357421875,0.0865385178016768,rmsse,0.7952615529780682
state_dept,1,AggregateElasticNet,AggregateElasticNet,CA__HOUSEHOLD_2,1484,69,12078.5498046875,0.03618899915353174,rmsse,1.8759594505920343
state_dept,1,AggregateElasticNet,AggregateElasticNet,TX__FOODS_1,1484,70,4299.25,0.012881145263849553,rmsse,2.242775589443339
state_dept,1,AggregateElasticNet,AggregateElasticNet,TX__FOODS_2,1484,71,15832.4296875,0.047436140416205544,rmsse,1.2498161829340586
state_dept,1,AggregateElasticNet,AggregateElasticNet,TX__FOODS_3,1484,72,33689.53125,0.1009384766883175,rmsse,0.6514787618225995
state_dept,1,AggregateElasticNet,AggregateElasticNet,TX__HOBBIES_1,1484,73,12314.9306640625,0.03689722877200077,rmsse,1.3843408923161789
state_dept,1,AggregateElasticNet,AggregateElasticNet,TX__HOBBIES_2,1484,74,810.8299560546875,0.0024293582481179693,rmsse,6.966507789619073
state_dept,1,AggregateElasticNet,AggregateElasticNet,TX__HOUSEHOLD_1,1484,75,26209.41796875,0.07852702683873174,rmsse,1.5549368829146022
state_dept,1,AggregateElasticNet,AggregateElasticNet,TX__HOUSEHOLD_2,1484,76,7332.7197265625,0.021969838454834387,rmsse,3.042283340382002
state_dept,1,AggregateElasticNet,AggregateElasticNet,WI__FOODS_1,1484,77,9592.98046875,0.028741891011511388,rmsse,1.1801331154813464
state_dept,1,AggregateElasticNet,AggregateElasticNet,WI__FOODS_2,1484,78,14454.66015625,0.04330815309931605,rmsse,1.1163110292353793
state_dept,1,AggregateElasticNet,AggregateElasticNet,WI__FOODS_3,1484,79,31937.263671875,0.0956884416322119,rmsse,0.6226444697771726
state_dept,1,AggregateElasticNet,AggregateElasticNet,WI__HOBBIES_1,1484,80,7323.49951171875,0.021942213420987497,rmsse,1.2476070367585639
state_dept,1,AggregateElasticNet,AggregateElasticNet,WI__HOBBIES_2,1484,81,685.72998046875,0.0020545414875140283,rmsse,6.289349286511509
state_dept,1,AggregateElasticNet,AggregateElasticNet,WI__HOUSEHOLD_1,1484,82,22292.109375,0.06679023064418153,rmsse,1.2177323961072024
state_dept,1,AggregateElasticNet,AggregateElasticNet,WI__HOUSEHOLD_2,1484,83,4489.40966796875,0.013450889825443057,rmsse,3.3179134479973325
state_dept,1,AggregateElasticNet,AggregateElasticNet,CA__FOODS_1,1400,0,11129.3388671875,0.0352468027749905,mean_spl,0.4880981433433984
state_dept,1,AggregateElasticNet,AggregateElasticNet,CA__FOODS_2,1400,1,13459.5107421875,0.042626496168288196,mean_spl,0.31061162793392083
state_dept,1,AggregateElasticNet,AggregateElasticNet,CA__FOODS_3,1400,2,62250.08984375,0.19714707815367039,mean_spl,0.6036205074366469
state_dept,1,AggregateElasticNet,AggregateElasticNet,CA__HOBBIES_1,1400,3,14995.9404296875,0.047492394746739705,mean_spl,0.2683127047682495
state_dept,1,AggregateElasticNet,AggregateElasticNet,CA__HOBBIES_2,1400,4,618.9100952148438,0.00196009864753098,mean_spl,1.1578044098501037
state_dept,1,AggregateElasticNet,AggregateElasticNet,CA__HOUSEHOLD_1,1400,5,31309.26953125,0.09915698150323884,mean_spl,0.29972714548065515
state_dept,1,AggregateElasticNet,AggregateElasticNet,CA__HOUSEHOLD_2,1400,6,10874.3515625,0.0344392537062004,mean_spl,0.43279056101383717
state_dept,1,AggregateElasticNet,AggregateElasticNet,TX__FOODS_1,1400,7,4019.579833984375,0.012730076722210515,mean_spl,0.5071102938847252
state_dept,1,AggregateElasticNet,AggregateElasticNet,TX__FOODS_2,1400,8,15157.2705078125,0.048003329808849346,mean_spl,0.32846326071525583
state_dept,1,AggregateElasticNet,AggregateElasticNet,TX__FOODS_3,1400,9,32038.80859375,0.10146744394484901,mean_spl,0.2749084248818552
state_dept,1,AggregateElasticNet,AggregateElasticNet,TX__HOBBIES_1,1400,10,9477.8681640625,0.03001656737139983,mean_spl,0.29538569516065255
state_dept,1,AggregateElasticNet,AggregateElasticNet,TX__HOBBIES_2,1400,11,992.8200073242188,0.003144277607755567,mean_spl,1.410050777002818
state_dept,1,AggregateElasticNet,AggregateElasticNet,TX__HOUSEHOLD_1,1400,12,20522.638671875,0.06499554073446692,mean_spl,0.2634972645702402
state_dept,1,AggregateElasticNet,AggregateElasticNet,TX__HOUSEHOLD_2,1400,13,6885.9296875,0.021807854762454462,mean_spl,0.5198172421963287
state_dept,1,AggregateElasticNet,AggregateElasticNet,WI__FOODS_1,1400,14,7490.36962890625,0.023722126190282484,mean_spl,0.2996750745044399
state_dept,1,AggregateElasticNet,AggregateElasticNet,WI__FOODS_2,1400,15,12884.580078125,0.04080568111652885,mean_spl,0.2761783744919332
state_dept,1,AggregateElasticNet,AggregateElasticNet,WI__FOODS_3,1400,16,29967.98046875,0.09490909655568161,mean_spl,0.23966482352581708
state_dept,1,AggregateElasticNet,AggregateElasticNet,WI__HOBBIES_1,1400,17,6324.50927734375,0.0200298269113147,mean_spl,0.26764932819945664
state_dept,1,AggregateElasticNet,AggregateElasticNet,WI__HOBBIES_2,1400,18,1059.3499755859375,0.0033549791326108144,mean_spl,1.4644830632398962
state_dept,1,AggregateElasticNet,AggregateElasticNet,WI__HOUSEHOLD_1,1400,19,19540.568359375,0.06188530759043756,mean_spl,0.2969872847020797
state_dept,1,AggregateElasticNet,AggregateElasticNet,WI__HOUSEHOLD_2,1400,20,4754.88037109375,0.015058785850499303,mean_spl,0.6569404339555907
state_dept,1,AggregateElasticNet,AggregateElasticNet,CA__FOODS_1,1428,21,14265.3603515625,0.048087506381046426,mean_spl,1.3515687316409624
state_dept,1,AggregateElasticNet,AggregateElasticNet,CA__FOODS_2,1428,22,11685.4794921875,0.039390913078799675,mean_spl,1.3853663699851504
state_dept,1,AggregateElasticNet,AggregateElasticNet,CA__FOODS_3,1428,23,50730.578125,0.17100913956463148,mean_spl,0.39026850500350896
state_dept,1,AggregateElasticNet,AggregateElasticNet,CA__HOBBIES_1,1428,24,15861.0712890625,0.0534665334787343,mean_spl,0.9012683484721506
state_dept,1,AggregateElasticNet,AggregateElasticNet,CA__HOBBIES_2,1428,25,753.5299682617188,0.0025400954665071754,mean_spl,6.936121245859328
state_dept,1,AggregateElasticNet,AggregateElasticNet,CA__HOUSEHOLD_1,1428,26,28582.958984375,0.09635110426073272,mean_spl,0.8041232862125895
state_dept,1,AggregateElasticNet,AggregateElasticNet,CA__HOUSEHOLD_2,1428,27,10560.5908203125,0.03559899406282956,mean_spl,1.9125634029776297
state_dept,1,AggregateElasticNet,AggregateElasticNet,TX__FOODS_1,1428,28,4200.13037109375,0.014158338173285276,mean_spl,3.0620638275742063
state_dept,1,AggregateElasticNet,AggregateElasticNet,TX__FOODS_2,1428,29,13964.58984375,0.04707363057579346,mean_spl,1.523440907501499
state_dept,1,AggregateElasticNet,AggregateElasticNet,TX__FOODS_3,1428,30,33707.9453125,0.11362706551813571,mean_spl,0.4891259878262299
state_dept,1,AggregateElasticNet,AggregateElasticNet,TX__HOBBIES_1,1428,31,9331.8701171875,0.031457064718186295,mean_spl,1.3416816486409247
state_dept,1,AggregateElasticNet,AggregateElasticNet,TX__HOBBIES_2,1428,32,954.6900024414062,0.0032181915109697127,mean_spl,8.581307026088641
state_dept,1,AggregateElasticNet,AggregateElasticNet,TX__HOUSEHOLD_1,1428,33,18947.720703125,0.06387140722442458,mean_spl,0.8488526889195402
state_dept,1,AggregateElasticNet,AggregateElasticNet,TX__HOUSEHOLD_2,1428,34,6624.69970703125,0.022331387471714925,mean_spl,2.8094304766409675
state_dept,1,AggregateElasticNet,AggregateElasticNet,WI__FOODS_1,1428,35,8497.2998046875,0.028643788064899377,mean_spl,1.5218401493729619
state_dept,1,AggregateElasticNet,AggregateElasticNet,WI__FOODS_2,1428,36,11274.2197265625,0.038004585911705455,mean_spl,0.996739275379492
state_dept,1,AggregateElasticNet,AggregateElasticNet,WI__FOODS_3,1428,37,27061.490234375,0.09122234225114394,mean_spl,0.48149318524983875
state_dept,1,AggregateElasticNet,AggregateElasticNet,WI__HOBBIES_1,1428,38,6226.57958984375,0.020989353116895426,mean_spl,1.3544110080133067
state_dept,1,AggregateElasticNet,AggregateElasticNet,WI__HOBBIES_2,1428,39,1076.0499267578125,0.0036272871097590754,mean_spl,8.042787343811963
state_dept,1,AggregateElasticNet,AggregateElasticNet,WI__HOUSEHOLD_1,1428,40,18266.427734375,0.06157481750115556,mean_spl,0.9973496603479393
state_dept,1,AggregateElasticNet,AggregateElasticNet,WI__HOUSEHOLD_2,1428,41,4080.909912109375,0.01375645455864988,mean_spl,3.766739198670934
state_dept,1,AggregateElasticNet,AggregateElasticNet,CA__FOODS_1,1456,42,12861.7802734375,0.04205296479989067,mean_spl,0.3360324641541791
state_dept,1,AggregateElasticNet,AggregateElasticNet,CA__FOODS_2,1456,43,10985.7490234375,0.03591908018652372,mean_spl,0.29287901182585735
state_dept,1,AggregateElasticNet,AggregateElasticNet,CA__FOODS_3,1456,44,55408.58203125,0.18116427899053658,mean_spl,0.2389532701457831
state_dept,1,AggregateElasticNet,AggregateElasticNet,CA__HOBBIES_1,1456,45,15754.3994140625,0.05151069213732731,mean_spl,0.18152406106231814
state_dept,1,AggregateElasticNet,AggregateElasticNet,CA__HOBBIES_2,1456,46,525.1099853515625,0.0017169032016248642,mean_spl,1.1498315668600176
state_dept,1,AggregateElasticNet,AggregateElasticNet,CA__HOUSEHOLD_1,1456,47,27565.529296875,0.09012844323004618,mean_spl,0.21179950757285682
state_dept,1,AggregateElasticNet,AggregateElasticNet,CA__HOUSEHOLD_2,1456,48,10496.9609375,0.034320935315787095,mean_spl,0.33394665454435524
state_dept,1,AggregateElasticNet,AggregateElasticNet,TX__FOODS_1,1456,49,4201.60986328125,0.013737612362135061,mean_spl,0.5169429413087516
state_dept,1,AggregateElasticNet,AggregateElasticNet,TX__FOODS_2,1456,50,15896.2587890625,0.05197451652062282,mean_spl,0.2819328986622637
state_dept,1,AggregateElasticNet,AggregateElasticNet,TX__FOODS_3,1456,51,33023.9609375,0.10797536867627476,mean_spl,0.23107477457170017
state_dept,1,AggregateElasticNet,AggregateElasticNet,TX__HOBBIES_1,1456,52,11740.7587890625,0.03838766528301877,mean_spl,0.23900248157311582
state_dept,1,AggregateElasticNet,AggregateElasticNet,TX__HOBBIES_2,1456,53,597.070068359375,0.0019521843814763351,mean_spl,1.2175793929044605
state_dept,1,AggregateElasticNet,AggregateElasticNet,TX__HOUSEHOLD_1,1456,54,21211.359375,0.0693528057695784,mean_spl,0.2140570034231441
state_dept,1,AggregateElasticNet,AggregateElasticNet,TX__HOUSEHOLD_2,1456,55,6183.01953125,0.02021604297203564,mean_spl,0.47253986740563886
state_dept,1,AggregateElasticNet,AggregateElasticNet,WI__FOODS_1,1456,56,8472.6201171875,0.02770213671638984,mean_spl,0.235669172856576
state_dept,1,AggregateElasticNet,AggregateElasticNet,WI__FOODS_2,1456,57,12217.0,0.03994478680539254,mean_spl,0.25207791672759844
state_dept,1,AggregateElasticNet,AggregateElasticNet,WI__FOODS_3,1456,58,29846.76171875,0.09758717636791522,mean_spl,0.2568601196238737
state_dept,1,AggregateElasticNet,AggregateElasticNet,WI__HOBBIES_1,1456,59,6511.15966796875,0.02128893220863405,mean_spl,0.19805141227052592
state_dept,1,AggregateElasticNet,AggregateElasticNet,WI__HOBBIES_2,1456,60,583.5599975585938,0.0019080117615317524,mean_spl,1.209357003775354
state_dept,1,AggregateElasticNet,AggregateElasticNet,WI__HOUSEHOLD_1,1456,61,17843.080078125,0.058339856730150616,mean_spl,0.3984800145018422
state_dept,1,AggregateElasticNet,AggregateElasticNet,WI__HOUSEHOLD_2,1456,62,3920.840087890625,0.012819605583107766,mean_spl,0.5586317005333081
state_dept,1,AggregateElasticNet,AggregateElasticNet,CA__FOODS_1,1484,63,18270.888671875,0.054742099455031716,mean_spl,0.3456396862326554
state_dept,1,AggregateElasticNet,AggregateElasticNet,CA__FOODS_2,1484,64,11357.849609375,0.034029682084855795,mean_spl,0.3526737937281244
state_dept,1,AggregateElasticNet,AggregateElasticNet,CA__FOODS_3,1484,65,55400.4765625,0.16598745974020004,mean_spl,0.1727908300485567
state_dept,1,AggregateElasticNet,AggregateElasticNet,CA__HOBBIES_1,1484,66,16027.66015625,0.04802107779549221,mean_spl,0.27529932332524576
state_dept,1,AggregateElasticNet,AggregateElasticNet,CA__HOBBIES_2,1484,67,479.4800109863281,0.0014365881659887357,mean_spl,1.2595402581754902
state_dept,1,AggregateElasticNet,AggregateElasticNet,CA__HOUSEHOLD_1,1484,68,28883.357421875,0.0865385178016768,mean_spl,0.20413265324023372
state_dept,1,AggregateElasticNet,AggregateElasticNet,CA__HOUSEHOLD_2,1484,69,12078.5498046875,0.03618899915353174,mean_spl,0.5042499595574972
state_dept,1,AggregateElasticNet,AggregateElasticNet,TX__FOODS_1,1484,70,4299.25,0.012881145263849553,mean_spl,0.5577230230470542
state_dept,1,AggregateElasticNet,AggregateElasticNet,TX__FOODS_2,1484,71,15832.4296875,0.047436140416205544,mean_spl,0.3070232845339804
state_dept,1,AggregateElasticNet,AggregateElasticNet,TX__FOODS_3,1484,72,33689.53125,0.1009384766883175,mean_spl,0.1877157586702533
state_dept,1,AggregateElasticNet,AggregateElasticNet,TX__HOBBIES_1,1484,73,12314.9306640625,0.03689722877200077,mean_spl,0.3726774892484579
state_dept,1,AggregateElasticNet,AggregateElasticNet,TX__HOBBIES_2,1484,74,810.8299560546875,0.0024293582481179693,mean_spl,1.7813126822635463
state_dept,1,AggregateElasticNet,AggregateElasticNet,TX__HOUSEHOLD_1,1484,75,26209.41796875,0.07852702683873174,mean_spl,0.44653006414315805
state_dept,1,AggregateElasticNet,AggregateElasticNet,TX__HOUSEHOLD_2,1484,76,7332.7197265625,0.021969838454834387,mean_spl,0.765544290668837
state_dept,1,AggregateElasticNet,AggregateElasticNet,WI__FOODS_1,1484,77,9592.98046875,0.028741891011511388,mean_spl,0.3081040613610379
state_dept,1,AggregateElasticNet,AggregateElasticNet,WI__FOODS_2,1484,78,14454.66015625,0.04330815309931605,mean_spl,0.2801081000519433
state_dept,1,AggregateElasticNet,AggregateElasticNet,WI__FOODS_3,1484,79,31937.263671875,0.0956884416322119,mean_spl,0.1945088306841506
state_dept,1,AggregateElasticNet,AggregateElasticNet,WI__HOBBIES_1,1484,80,7323.49951171875,0.021942213420987497,mean_spl,0.3220196805169027
state_dept,1,AggregateElasticNet,AggregateElasticNet,WI__HOBBIES_2,1484,81,685.72998046875,0.0020545414875140283,mean_spl,1.6245624462624668
state_dept,1,AggregateElasticNet,AggregateElasticNet,WI__HOUSEHOLD_1,1484,82,22292.109375,0.06679023064418153,mean_spl,0.33398465152903056
state_dept,1,AggregateElasticNet,AggregateElasticNet,WI__HOUSEHOLD_2,1484,83,4489.40966796875,0.013450889825443057,mean_spl,0.8127802561426238
state_dept,1,AggregateHistGB,AggregateHistGB,CA__FOODS_1,1400,0,11129.3388671875,0.0352468027749905,rmsse,1.6237158611981506
state_dept,1,AggregateHistGB,AggregateHistGB,CA__FOODS_2,1400,1,13459.5107421875,0.042626496168288196,rmsse,1.137530876033073
state_dept,1,AggregateHistGB,AggregateHistGB,CA__FOODS_3,1400,2,62250.08984375,0.19714707815367039,rmsse,1.1413976735552733
state_dept,1,AggregateHistGB,AggregateHistGB,CA__HOBBIES_1,1400,3,14995.9404296875,0.047492394746739705,rmsse,1.0016226759266051
state_dept,1,AggregateHistGB,AggregateHistGB,CA__HOBBIES_2,1400,4,618.9100952148438,0.00196009864753098,rmsse,1.4651959281696747
state_dept,1,AggregateHistGB,AggregateHistGB,CA__HOUSEHOLD_1,1400,5,31309.26953125,0.09915698150323884,rmsse,1.2386908336003613
state_dept,1,AggregateHistGB,AggregateHistGB,CA__HOUSEHOLD_2,1400,6,10874.3515625,0.0344392537062004,rmsse,1.0697611962329052
state_dept,1,AggregateHistGB,AggregateHistGB,TX__FOODS_1,1400,7,4019.579833984375,0.012730076722210515,rmsse,1.1004466422826287
state_dept,1,AggregateHistGB,AggregateHistGB,TX__FOODS_2,1400,8,15157.2705078125,0.048003329808849346,rmsse,0.9336689711196459
state_dept,1,AggregateHistGB,AggregateHistGB,TX__FOODS_3,1400,9,32038.80859375,0.10146744394484901,rmsse,1.1777520283503626
state_dept,1,AggregateHistGB,AggregateHistGB,TX__HOBBIES_1,1400,10,9477.8681640625,0.03001656737139983,rmsse,0.7791687797045894
state_dept,1,AggregateHistGB,AggregateHistGB,TX__HOBBIES_2,1400,11,992.8200073242188,0.003144277607755567,rmsse,1.9137592697352264
state_dept,1,AggregateHistGB,AggregateHistGB,TX__HOUSEHOLD_1,1400,12,20522.638671875,0.06499554073446692,rmsse,0.9831884779962384
state_dept,1,AggregateHistGB,AggregateHistGB,TX__HOUSEHOLD_2,1400,13,6885.9296875,0.021807854762454462,rmsse,1.0363586692547326
state_dept,1,AggregateHistGB,AggregateHistGB,WI__FOODS_1,1400,14,7490.36962890625,0.023722126190282484,rmsse,0.9365887851780896
state_dept,1,AggregateHistGB,AggregateHistGB,WI__FOODS_2,1400,15,12884.580078125,0.04080568111652885,rmsse,1.080965799229495
state_dept,1,AggregateHistGB,AggregateHistGB,WI__FOODS_3,1400,16,29967.98046875,0.09490909655568161,rmsse,0.7950725936938873
state_dept,1,AggregateHistGB,AggregateHistGB,WI__HOBBIES_1,1400,17,6324.50927734375,0.0200298269113147,rmsse,0.653593204337469
state_dept,1,AggregateHistGB,AggregateHistGB,WI__HOBBIES_2,1400,18,1059.3499755859375,0.0033549791326108144,rmsse,1.667875997218476
state_dept,1,AggregateHistGB,AggregateHistGB,WI__HOUSEHOLD_1,1400,19,19540.568359375,0.06188530759043756,rmsse,1.1790949408914333
state_dept,1,AggregateHistGB,AggregateHistGB,WI__HOUSEHOLD_2,1400,20,4754.88037109375,0.015058785850499303,rmsse,1.1487778644410607
state_dept,1,AggregateHistGB,AggregateHistGB,CA__FOODS_1,1428,21,14265.3603515625,0.048087506381046426,rmsse,1.181435417297418
state_dept,1,AggregateHistGB,AggregateHistGB,CA__FOODS_2,1428,22,11685.4794921875,0.039390913078799675,rmsse,0.9177074549136871
state_dept,1,AggregateHistGB,AggregateHistGB,CA__FOODS_3,1428,23,50730.578125,0.17100913956463148,rmsse,0.6940261823263796
state_dept,1,AggregateHistGB,AggregateHistGB,CA__HOBBIES_1,1428,24,15861.0712890625,0.0534665334787343,rmsse,0.7784569442695365
state_dept,1,AggregateHistGB,AggregateHistGB,CA__HOBBIES_2,1428,25,753.5299682617188,0.0025400954665071754,rmsse,2.383618188609929
state_dept,1,AggregateHistGB,AggregateHistGB,CA__HOUSEHOLD_1,1428,26,28582.958984375,0.09635110426073272,rmsse,0.8919439091256589
state_dept,1,AggregateHistGB,AggregateHistGB,CA__HOUSEHOLD_2,1428,27,10560.5908203125,0.03559899406282956,rmsse,0.8107647824958347
state_dept,1,AggregateHistGB,AggregateHistGB,TX__FOODS_1,1428,28,4200.13037109375,0.014158338173285276,rmsse,1.1481639755929633
state_dept,1,AggregateHistGB,AggregateHistGB,TX__FOODS_2,1428,29,13964.58984375,0.04707363057579346,rmsse,1.0654878695941565
state_dept,1,AggregateHistGB,AggregateHistGB,TX__FOODS_3,1428,30,33707.9453125,0.11362706551813571,rmsse,0.5879621961273451
state_dept,1,AggregateHistGB,AggregateHistGB,TX__HOBBIES_1,1428,31,9331.8701171875,0.031457064718186295,rmsse,1.0331080540249902
state_dept,1,AggregateHistGB,AggregateHistGB,TX__HOBBIES_2,1428,32,954.6900024414062,0.0032181915109697127,rmsse,1.72310374819136
state_dept,1,AggregateHistGB,AggregateHistGB,TX__HOUSEHOLD_1,1428,33,18947.720703125,0.06387140722442458,rmsse,1.0799359546034317
state_dept,1,AggregateHistGB,AggregateHistGB,TX__HOUSEHOLD_2,1428,34,6624.69970703125,0.022331387471714925,rmsse,1.0194813871965318
state_dept,1,AggregateHistGB,AggregateHistGB,WI__FOODS_1,1428,35,8497.2998046875,0.028643788064899377,rmsse,1.0046396810054128
state_dept,1,AggregateHistGB,AggregateHistGB,WI__FOODS_2,1428,36,11274.2197265625,0.038004585911705455,rmsse,0.79183423554765
state_dept,1,AggregateHistGB,AggregateHistGB,WI__FOODS_3,1428,37,27061.490234375,0.09122234225114394,rmsse,0.7500409087593128
state_dept,1,AggregateHistGB,AggregateHistGB,WI__HOBBIES_1,1428,38,6226.57958984375,0.020989353116895426,rmsse,0.9859557345455998
state_dept,1,AggregateHistGB,AggregateHistGB,WI__HOBBIES_2,1428,39,1076.0499267578125,0.0036272871097590754,rmsse,2.8057479259541886
state_dept,1,AggregateHistGB,AggregateHistGB,WI__HOUSEHOLD_1,1428,40,18266.427734375,0.06157481750115556,rmsse,0.9515122649891729
state_dept,1,AggregateHistGB,AggregateHistGB,WI__HOUSEHOLD_2,1428,41,4080.909912109375,0.01375645455864988,rmsse,1.2323139707772683
state_dept,1,AggregateHistGB,AggregateHistGB,CA__FOODS_1,1456,42,12861.7802734375,0.04205296479989067,rmsse,1.2291088786164754
state_dept,1,AggregateHistGB,AggregateHistGB,CA__FOODS_2,1456,43,10985.7490234375,0.03591908018652372,rmsse,0.9628774602819911
state_dept,1,AggregateHistGB,AggregateHistGB,CA__FOODS_3,1456,44,55408.58203125,0.18116427899053658,rmsse,0.7932003299897054
state_dept,1,AggregateHistGB,AggregateHistGB,CA__HOBBIES_1,1456,45,15754.3994140625,0.05151069213732731,rmsse,0.5426311740111035
state_dept,1,AggregateHistGB,AggregateHistGB,CA__HOBBIES_2,1456,46,525.1099853515625,0.0017169032016248642,rmsse,1.2197376291068838
state_dept,1,AggregateHistGB,AggregateHistGB,CA__HOUSEHOLD_1,1456,47,27565.529296875,0.09012844323004618,rmsse,0.5668700583890607
state_dept,1,AggregateHistGB,AggregateHistGB,CA__HOUSEHOLD_2,1456,48,10496.9609375,0.034320935315787095,rmsse,0.8236866403025828
state_dept,1,AggregateHistGB,AggregateHistGB,TX__FOODS_1,1456,49,4201.60986328125,0.013737612362135061,rmsse,1.401135080911634
state_dept,1,AggregateHistGB,AggregateHistGB,TX__FOODS_2,1456,50,15896.2587890625,0.05197451652062282,rmsse,0.8066972744113775
state_dept,1,AggregateHistGB,AggregateHistGB,TX__FOODS_3,1456,51,33023.9609375,0.10797536867627476,rmsse,0.8788826936475672
state_dept,1,AggregateHistGB,AggregateHistGB,TX__HOBBIES_1,1456,52,11740.7587890625,0.03838766528301877,rmsse,0.6381987042864704
state_dept,1,AggregateHistGB,AggregateHistGB,TX__HOBBIES_2,1456,53,597.070068359375,0.0019521843814763351,rmsse,1.4204429083379242
state_dept,1,AggregateHistGB,AggregateHistGB,TX__HOUSEHOLD_1,1456,54,21211.359375,0.0693528057695784,rmsse,1.1251538124872948
state_dept,1,AggregateHistGB,AggregateHistGB,TX__HOUSEHOLD_2,1456,55,6183.01953125,0.02021604297203564,rmsse,0.8909474622661926
state_dept,1,AggregateHistGB,AggregateHistGB,WI__FOODS_1,1456,56,8472.6201171875,0.02770213671638984,rmsse,0.8634535757714891
state_dept,1,AggregateHistGB,AggregateHistGB,WI__FOODS_2,1456,57,12217.0,0.03994478680539254,rmsse,1.1879794079045531
state_dept,1,AggregateHistGB,AggregateHistGB,WI__FOODS_3,1456,58,29846.76171875,0.09758717636791522,rmsse,1.0282963252281565
state_dept,1,AggregateHistGB,AggregateHistGB,WI__HOBBIES_1,1456,59,6511.15966796875,0.02128893220863405,rmsse,0.6220235920021702
state_dept,1,AggregateHistGB,AggregateHistGB,WI__HOBBIES_2,1456,60,583.5599975585938,0.0019080117615317524,rmsse,1.141748145539476
state_dept,1,AggregateHistGB,AggregateHistGB,WI__HOUSEHOLD_1,1456,61,17843.080078125,0.058339856730150616,rmsse,1.6297611166630874
state_dept,1,AggregateHistGB,AggregateHistGB,WI__HOUSEHOLD_2,1456,62,3920.840087890625,0.012819605583107766,rmsse,0.7998991412068736
state_dept,1,AggregateHistGB,AggregateHistGB,CA__FOODS_1,1484,63,18270.888671875,0.054742099455031716,rmsse,1.2235161231975247
state_dept,1,AggregateHistGB,AggregateHistGB,CA__FOODS_2,1484,64,11357.849609375,0.034029682084855795,rmsse,0.5243865110106349
state_dept,1,AggregateHistGB,AggregateHistGB,CA__FOODS_3,1484,65,55400.4765625,0.16598745974020004,rmsse,0.6872140717557461
state_dept,1,AggregateHistGB,AggregateHistGB,CA__HOBBIES_1,1484,66,16027.66015625,0.04802107779549221,rmsse,0.694419092467383
state_dept,1,AggregateHistGB,AggregateHistGB,CA__HOBBIES_2,1484,67,479.4800109863281,0.0014365881659887357,rmsse,0.9152216777930408
state_dept,1,AggregateHistGB,AggregateHistGB,CA__HOUSEHOLD_1,1484,68,28883.357421875,0.0865385178016768,rmsse,0.6719875952203697
state_dept,1,AggregateHistGB,AggregateHistGB,CA__HOUSEHOLD_2,1484,69,12078.5498046875,0.03618899915353174,rmsse,0.8484853584726316
state_dept,1,AggregateHistGB,AggregateHistGB,TX__FOODS_1,1484,70,4299.25,0.012881145263849553,rmsse,1.3032446301725709
state_dept,1,AggregateHistGB,AggregateHistGB,TX__FOODS_2,1484,71,15832.4296875,0.047436140416205544,rmsse,0.7148262963379903
state_dept,1,AggregateHistGB,AggregateHistGB,TX__FOODS_3,1484,72,33689.53125,0.1009384766883175,rmsse,0.5636293571843966
state_dept,1,AggregateHistGB,AggregateHistGB,TX__HOBBIES_1,1484,73,12314.9306640625,0.03689722877200077,rmsse,0.8483377991272019
state_dept,1,AggregateHistGB,AggregateHistGB,TX__HOBBIES_2,1484,74,810.8299560546875,0.0024293582481179693,rmsse,0.9414294306867294
state_dept,1,AggregateHistGB,AggregateHistGB,TX__HOUSEHOLD_1,1484,75,26209.41796875,0.07852702683873174,rmsse,0.7301638462064892
state_dept,1,AggregateHistGB,AggregateHistGB,TX__HOUSEHOLD_2,1484,76,7332.7197265625,0.021969838454834387,rmsse,1.1041787286530178
state_dept,1,AggregateHistGB,AggregateHistGB,WI__FOODS_1,1484,77,9592.98046875,0.028741891011511388,rmsse,0.7285695269204113
state_dept,1,AggregateHistGB,AggregateHistGB,WI__FOODS_2,1484,78,14454.66015625,0.04330815309931605,rmsse,0.9422540409775982
state_dept,1,AggregateHistGB,AggregateHistGB,WI__FOODS_3,1484,79,31937.263671875,0.0956884416322119,rmsse,0.6762576817637509
state_dept,1,AggregateHistGB,AggregateHistGB,WI__HOBBIES_1,1484,80,7323.49951171875,0.021942213420987497,rmsse,0.5769707857042865
state_dept,1,AggregateHistGB,AggregateHistGB,WI__HOBBIES_2,1484,81,685.72998046875,0.0020545414875140283,rmsse,0.7549595391223916
state_dept,1,AggregateHistGB,AggregateHistGB,WI__HOUSEHOLD_1,1484,82,22292.109375,0.06679023064418153,rmsse,1.2260140331461795
state_dept,1,AggregateHistGB,AggregateHistGB,WI__HOUSEHOLD_2,1484,83,4489.40966796875,0.013450889825443057,rmsse,0.6802421932722182
state_dept,1,AggregateHistGB,AggregateHistGB,CA__FOODS_1,1400,0,11129.3388671875,0.0352468027749905,mean_spl,0.5416879678739145
state_dept,1,AggregateHistGB,AggregateHistGB,CA__FOODS_2,1400,1,13459.5107421875,0.042626496168288196,mean_spl,0.3163309494898993
state_dept,1,AggregateHistGB,AggregateHistGB,CA__FOODS_3,1400,2,62250.08984375,0.19714707815367039,mean_spl,0.5276769121587466
state_dept,1,AggregateHistGB,AggregateHistGB,CA__HOBBIES_1,1400,3,14995.9404296875,0.047492394746739705,mean_spl,0.2984162835758635
state_dept,1,AggregateHistGB,AggregateHistGB,CA__HOBBIES_2,1400,4,618.9100952148438,0.00196009864753098,mean_spl,0.3888751421996814
state_dept,1,AggregateHistGB,AggregateHistGB,CA__HOUSEHOLD_1,1400,5,31309.26953125,0.09915698150323884,mean_spl,0.3373571259560016
state_dept,1,AggregateHistGB,AggregateHistGB,CA__HOUSEHOLD_2,1400,6,10874.3515625,0.0344392537062004,mean_spl,0.2778886723314105
state_dept,1,AggregateHistGB,AggregateHistGB,TX__FOODS_1,1400,7,4019.579833984375,0.012730076722210515,mean_spl,0.2759519095913177
state_dept,1,AggregateHistGB,AggregateHistGB,TX__FOODS_2,1400,8,15157.2705078125,0.048003329808849346,mean_spl,0.21915321896189682
state_dept,1,AggregateHistGB,AggregateHistGB,TX__FOODS_3,1400,9,32038.80859375,0.10146744394484901,mean_spl,0.41657974804380005
state_dept,1,AggregateHistGB,AggregateHistGB,TX__HOBBIES_1,1400,10,9477.8681640625,0.03001656737139983,mean_spl,0.19931509398542052
state_dept,1,AggregateHistGB,AggregateHistGB,TX__HOBBIES_2,1400,11,992.8200073242188,0.003144277607755567,mean_spl,0.49411771237930746
state_dept,1,AggregateHistGB,AggregateHistGB,TX__HOUSEHOLD_1,1400,12,20522.638671875,0.06499554073446692,mean_spl,0.26774122361525104
state_dept,1,AggregateHistGB,AggregateHistGB,TX__HOUSEHOLD_2,1400,13,6885.9296875,0.021807854762454462,mean_spl,0.2452422864134749
state_dept,1,AggregateHistGB,AggregateHistGB,WI__FOODS_1,1400,14,7490.36962890625,0.023722126190282484,mean_spl,0.26013560312493317
state_dept,1,AggregateHistGB,AggregateHistGB,WI__FOODS_2,1400,15,12884.580078125,0.04080568111652885,mean_spl,0.31933859285195954
state_dept,1,AggregateHistGB,AggregateHistGB,WI__FOODS_3,1400,16,29967.98046875,0.09490909655568161,mean_spl,0.2765779760575232
state_dept,1,AggregateHistGB,AggregateHistGB,WI__HOBBIES_1,1400,17,6324.50927734375,0.0200298269113147,mean_spl,0.1654331214793207
state_dept,1,AggregateHistGB,AggregateHistGB,WI__HOBBIES_2,1400,18,1059.3499755859375,0.0033549791326108144,mean_spl,0.45010745053149825
state_dept,1,AggregateHistGB,AggregateHistGB,WI__HOUSEHOLD_1,1400,19,19540.568359375,0.06188530759043756,mean_spl,0.31348720509172706
state_dept,1,AggregateHistGB,AggregateHistGB,WI__HOUSEHOLD_2,1400,20,4754.88037109375,0.015058785850499303,mean_spl,0.27222339398351414
state_dept,1,AggregateHistGB,AggregateHistGB,CA__FOODS_1,1428,21,14265.3603515625,0.048087506381046426,mean_spl,0.357266247263645
state_dept,1,AggregateHistGB,AggregateHistGB,CA__FOODS_2,1428,22,11685.4794921875,0.039390913078799675,mean_spl,0.24570116981267887
state_dept,1,AggregateHistGB,AggregateHistGB,CA__FOODS_3,1428,23,50730.578125,0.17100913956463148,mean_spl,0.35043875048886736
state_dept,1,AggregateHistGB,AggregateHistGB,CA__HOBBIES_1,1428,24,15861.0712890625,0.0534665334787343,mean_spl,0.2297716211821849
state_dept,1,AggregateHistGB,AggregateHistGB,CA__HOBBIES_2,1428,25,753.5299682617188,0.0025400954665071754,mean_spl,0.6270252437279243
state_dept,1,AggregateHistGB,AggregateHistGB,CA__HOUSEHOLD_1,1428,26,28582.958984375,0.09635110426073272,mean_spl,0.27585073967256146
state_dept,1,AggregateHistGB,AggregateHistGB,CA__HOUSEHOLD_2,1428,27,10560.5908203125,0.03559899406282956,mean_spl,0.2119807011556229
state_dept,1,AggregateHistGB,AggregateHistGB,TX__FOODS_1,1428,28,4200.13037109375,0.014158338173285276,mean_spl,0.284930307087458
state_dept,1,AggregateHistGB,AggregateHistGB,TX__FOODS_2,1428,29,13964.58984375,0.04707363057579346,mean_spl,0.28850375238350456
state_dept,1,AggregateHistGB,AggregateHistGB,TX__FOODS_3,1428,30,33707.9453125,0.11362706551813571,mean_spl,0.19931977300872075
state_dept,1,AggregateHistGB,AggregateHistGB,TX__HOBBIES_1,1428,31,9331.8701171875,0.031457064718186295,mean_spl,0.28556100739641566
state_dept,1,AggregateHistGB,AggregateHistGB,TX__HOBBIES_2,1428,32,954.6900024414062,0.0032181915109697127,mean_spl,0.46188015975093033
state_dept,1,AggregateHistGB,AggregateHistGB,TX__HOUSEHOLD_1,1428,33,18947.720703125,0.06387140722442458,mean_spl,0.35195825627065963
state_dept,1,AggregateHistGB,AggregateHistGB,TX__HOUSEHOLD_2,1428,34,6624.69970703125,0.022331387471714925,mean_spl,0.2552742997773676
state_dept,1,AggregateHistGB,AggregateHistGB,WI__FOODS_1,1428,35,8497.2998046875,0.028643788064899377,mean_spl,0.2887072789797462
state_dept,1,AggregateHistGB,AggregateHistGB,WI__FOODS_2,1428,36,11274.2197265625,0.038004585911705455,mean_spl,0.21341533358192588
state_dept,1,AggregateHistGB,AggregateHistGB,WI__FOODS_3,1428,37,27061.490234375,0.09122234225114394,mean_spl,0.31710390679629713
state_dept,1,AggregateHistGB,AggregateHistGB,WI__HOBBIES_1,1428,38,6226.57958984375,0.020989353116895426,mean_spl,0.2667640755028184
state_dept,1,AggregateHistGB,AggregateHistGB,WI__HOBBIES_2,1428,39,1076.0499267578125,0.0036272871097590754,mean_spl,0.7320083284855508
state_dept,1,AggregateHistGB,AggregateHistGB,WI__HOUSEHOLD_1,1428,40,18266.427734375,0.06157481750115556,mean_spl,0.2978181123528685
state_dept,1,AggregateHistGB,AggregateHistGB,WI__HOUSEHOLD_2,1428,41,4080.909912109375,0.01375645455864988,mean_spl,0.29654737494075584
state_dept,1,AggregateHistGB,AggregateHistGB,CA__FOODS_1,1456,42,12861.7802734375,0.04205296479989067,mean_spl,0.3341715758657855
state_dept,1,AggregateHistGB,AggregateHistGB,CA__FOODS_2,1456,43,10985.7490234375,0.03591908018652372,mean_spl,0.25692545008337503
state_dept,1,AggregateHistGB,AggregateHistGB,CA__FOODS_3,1456,44,55408.58203125,0.18116427899053658,mean_spl,0.331415648052957
state_dept,1,AggregateHistGB,AggregateHistGB,CA__HOBBIES_1,1456,45,15754.3994140625,0.05151069213732731,mean_spl,0.1544205341076017
state_dept,1,AggregateHistGB,AggregateHistGB,CA__HOBBIES_2,1456,46,525.1099853515625,0.0017169032016248642,mean_spl,0.35205978702507446
state_dept,1,AggregateHistGB,AggregateHistGB,CA__HOUSEHOLD_1,1456,47,27565.529296875,0.09012844323004618,mean_spl,0.16418011128412596
state_dept,1,AggregateHistGB,AggregateHistGB,CA__HOUSEHOLD_2,1456,48,10496.9609375,0.034320935315787095,mean_spl,0.21606464783548876
state_dept,1,AggregateHistGB,AggregateHistGB,TX__FOODS_1,1456,49,4201.60986328125,0.013737612362135061,mean_spl,0.28544684455082964
state_dept,1,AggregateHistGB,AggregateHistGB,TX__FOODS_2,1456,50,15896.2587890625,0.05197451652062282,mean_spl,0.20552196360357247
state_dept,1,AggregateHistGB,AggregateHistGB,TX__FOODS_3,1456,51,33023.9609375,0.10797536867627476,mean_spl,0.33609088987439184
state_dept,1,AggregateHistGB,AggregateHistGB,TX__HOBBIES_1,1456,52,11740.7587890625,0.03838766528301877,mean_spl,0.1733367059621946
state_dept,1,AggregateHistGB,AggregateHistGB,TX__HOBBIES_2,1456,53,597.070068359375,0.0019521843814763351,mean_spl,0.426303844957969
state_dept,1,AggregateHistGB,AggregateHistGB,TX__HOUSEHOLD_1,1456,54,21211.359375,0.0693528057695784,mean_spl,0.4008111583691689
state_dept,1,AggregateHistGB,AggregateHistGB,TX__HOUSEHOLD_2,1456,55,6183.01953125,0.02021604297203564,mean_spl,0.22999586554479087
state_dept,1,AggregateHistGB,AggregateHistGB,WI__FOODS_1,1456,56,8472.6201171875,0.02770213671638984,mean_spl,0.24602042854884265
state_dept,1,AggregateHistGB,AggregateHistGB,WI__FOODS_2,1456,57,12217.0,0.03994478680539254,mean_spl,0.36164910935408706
state_dept,1,AggregateHistGB,AggregateHistGB,WI__FOODS_3,1456,58,29846.76171875,0.09758717636791522,mean_spl,0.4032410525660899
state_dept,1,AggregateHistGB,AggregateHistGB,WI__HOBBIES_1,1456,59,6511.15966796875,0.02128893220863405,mean_spl,0.16775259750136517
state_dept,1,AggregateHistGB,AggregateHistGB,WI__HOBBIES_2,1456,60,583.5599975585938,0.0019080117615317524,mean_spl,0.358092622566263
state_dept,1,AggregateHistGB,AggregateHistGB,WI__HOUSEHOLD_1,1456,61,17843.080078125,0.058339856730150616,mean_spl,0.5713606110310394
state_dept,1,AggregateHistGB,AggregateHistGB,WI__HOUSEHOLD_2,1456,62,3920.840087890625,0.012819605583107766,mean_spl,0.21234171668433538
state_dept,1,AggregateHistGB,AggregateHistGB,CA__FOODS_1,1484,63,18270.888671875,0.054742099455031716,mean_spl,0.39978864947810966
state_dept,1,AggregateHistGB,AggregateHistGB,CA__FOODS_2,1484,64,11357.849609375,0.034029682084855795,mean_spl,0.13271841469320567
state_dept,1,AggregateHistGB,AggregateHistGB,CA__FOODS_3,1484,65,55400.4765625,0.16598745974020004,mean_spl,0.2593317206925013
state_dept,1,AggregateHistGB,AggregateHistGB,CA__HOBBIES_1,1484,66,16027.66015625,0.04802107779549221,mean_spl,0.20314754671411778
state_dept,1,AggregateHistGB,AggregateHistGB,CA__HOBBIES_2,1484,67,479.4800109863281,0.0014365881659887357,mean_spl,0.29430532093025463
state_dept,1,AggregateHistGB,AggregateHistGB,CA__HOUSEHOLD_1,1484,68,28883.357421875,0.0865385178016768,mean_spl,0.20057971474939118
state_dept,1,AggregateHistGB,AggregateHistGB,CA__HOUSEHOLD_2,1484,69,12078.5498046875,0.03618899915353174,mean_spl,0.22781895759412535
state_dept,1,AggregateHistGB,AggregateHistGB,TX__FOODS_1,1484,70,4299.25,0.012881145263849553,mean_spl,0.33672423742088314
state_dept,1,AggregateHistGB,AggregateHistGB,TX__FOODS_2,1484,71,15832.4296875,0.047436140416205544,mean_spl,0.1784977580405431
state_dept,1,AggregateHistGB,AggregateHistGB,TX__FOODS_3,1484,72,33689.53125,0.1009384766883175,mean_spl,0.19317933388703326
state_dept,1,AggregateHistGB,AggregateHistGB,TX__HOBBIES_1,1484,73,12314.9306640625,0.03689722877200077,mean_spl,0.2352452841202279
state_dept,1,AggregateHistGB,AggregateHistGB,TX__HOBBIES_2,1484,74,810.8299560546875,0.0024293582481179693,mean_spl,0.3610171803305787
state_dept,1,AggregateHistGB,AggregateHistGB,TX__HOUSEHOLD_1,1484,75,26209.41796875,0.07852702683873174,mean_spl,0.23031939111494917
state_dept,1,AggregateHistGB,AggregateHistGB,TX__HOUSEHOLD_2,1484,76,7332.7197265625,0.021969838454834387,mean_spl,0.2791881526862985
state_dept,1,AggregateHistGB,AggregateHistGB,WI__FOODS_1,1484,77,9592.98046875,0.028741891011511388,mean_spl,0.20604093909226462
state_dept,1,AggregateHistGB,AggregateHistGB,WI__FOODS_2,1484,78,14454.66015625,0.04330815309931605,mean_spl,0.27170343240415423
state_dept,1,AggregateHistGB,AggregateHistGB,WI__FOODS_3,1484,79,31937.263671875,0.0956884416322119,mean_spl,0.27287158705860975
state_dept,1,AggregateHistGB,AggregateHistGB,WI__HOBBIES_1,1484,80,7323.49951171875,0.021942213420987497,mean_spl,0.14873889798839462
state_dept,1,AggregateHistGB,AggregateHistGB,WI__HOBBIES_2,1484,81,685.72998046875,0.0020545414875140283,mean_spl,0.32519337658780184
state_dept,1,AggregateHistGB,AggregateHistGB,WI__HOUSEHOLD_1,1484,82,22292.109375,0.06679023064418153,mean_spl,0.477567205798329
state_dept,1,AggregateHistGB,AggregateHistGB,WI__HOUSEHOLD_2,1484,83,4489.40966796875,0.013450889825443057,mean_spl,0.1906331575115394
state_dept,1,ChildSummaryElasticNet,ChildSummaryElasticNet,CA__FOODS_1,1400,0,11129.3388671875,0.0352468027749905,rmsse,2.115312942426867
state_dept,1,ChildSummaryElasticNet,ChildSummaryElasticNet,CA__FOODS_2,1400,1,13459.5107421875,0.042626496168288196,rmsse,1.6478867550748684
state_dept,1,ChildSummaryElasticNet,ChildSummaryElasticNet,CA__FOODS_3,1400,2,62250.08984375,0.19714707815367039,rmsse,1.320578448087343
state_dept,1,ChildSummaryElasticNet,ChildSummaryElasticNet,CA__HOBBIES_1,1400,3,14995.9404296875,0.047492394746739705,rmsse,1.177435379776982
state_dept,1,ChildSummaryElasticNet,ChildSummaryElasticNet,CA__HOBBIES_2,1400,4,618.9100952148438,0.00196009864753098,rmsse,5.357168097005239
state_dept,1,ChildSummaryElasticNet,ChildSummaryElasticNet,CA__HOUSEHOLD_1,1400,5,31309.26953125,0.09915698150323884,rmsse,1.2397514227666067
state_dept,1,ChildSummaryElasticNet,ChildSummaryElasticNet,CA__HOUSEHOLD_2,1400,6,10874.3515625,0.0344392537062004,rmsse,1.9722706868012432
state_dept,1,ChildSummaryElasticNet,ChildSummaryElasticNet,TX__FOODS_1,1400,7,4019.579833984375,0.012730076722210515,rmsse,3.126710972644051
state_dept,1,ChildSummaryElasticNet,ChildSummaryElasticNet,TX__FOODS_2,1400,8,15157.2705078125,0.048003329808849346,rmsse,1.9156502402772113
state_dept,1,ChildSummaryElasticNet,ChildSummaryElasticNet,TX__FOODS_3,1400,9,32038.80859375,0.10146744394484901,rmsse,1.1065026281535737
state_dept,1,ChildSummaryElasticNet,ChildSummaryElasticNet,TX__HOBBIES_1,1400,10,9477.8681640625,0.03001656737139983,rmsse,1.5638913169340218
state_dept,1,ChildSummaryElasticNet,ChildSummaryElasticNet,TX__HOBBIES_2,1400,11,992.8200073242188,0.003144277607755567,rmsse,7.358152222309868
state_dept,1,ChildSummaryElasticNet,ChildSummaryElasticNet,TX__HOUSEHOLD_1,1400,12,20522.638671875,0.06499554073446692,rmsse,0.9982803682347741
state_dept,1,ChildSummaryElasticNet,ChildSummaryElasticNet,TX__HOUSEHOLD_2,1400,13,6885.9296875,0.021807854762454462,rmsse,2.6498542396387044
state_dept,1,ChildSummaryElasticNet,ChildSummaryElasticNet,WI__FOODS_1,1400,14,7490.36962890625,0.023722126190282484,rmsse,1.4545682951091643
state_dept,1,ChildSummaryElasticNet,ChildSummaryElasticNet,WI__FOODS_2,1400,15,12884.580078125,0.04080568111652885,rmsse,1.2924400307877995
state_dept,1,ChildSummaryElasticNet,ChildSummaryElasticNet,WI__FOODS_3,1400,16,29967.98046875,0.09490909655568161,rmsse,0.8315636937331677
state_dept,1,ChildSummaryElasticNet,ChildSummaryElasticNet,WI__HOBBIES_1,1400,17,6324.50927734375,0.0200298269113147,rmsse,1.139638658098332
state_dept,1,ChildSummaryElasticNet,ChildSummaryElasticNet,WI__HOBBIES_2,1400,18,1059.3499755859375,0.0033549791326108144,rmsse,6.784129419756616
state_dept,1,ChildSummaryElasticNet,ChildSummaryElasticNet,WI__HOUSEHOLD_1,1400,19,19540.568359375,0.06188530759043756,rmsse,1.106112623543343
state_dept,1,ChildSummaryElasticNet,ChildSummaryElasticNet,WI__HOUSEHOLD_2,1400,20,4754.88037109375,0.015058785850499303,rmsse,3.0294603791064967
state_dept,1,ChildSummaryElasticNet,ChildSummaryElasticNet,CA__FOODS_1,1428,21,14265.3603515625,0.048087506381046426,rmsse,8.81034071917335
state_dept,1,ChildSummaryElasticNet,ChildSummaryElasticNet,CA__FOODS_2,1428,22,11685.4794921875,0.039390913078799675,rmsse,9.795071202814713
state_dept,1,ChildSummaryElasticNet,ChildSummaryElasticNet,CA__FOODS_3,1428,23,50730.578125,0.17100913956463148,rmsse,1.267522963581071
state_dept,1,ChildSummaryElasticNet,ChildSummaryElasticNet,CA__HOBBIES_1,1428,24,15861.0712890625,0.0534665334787343,rmsse,5.7097542253749225
state_dept,1,ChildSummaryElasticNet,ChildSummaryElasticNet,CA__HOBBIES_2,1428,25,753.5299682617188,0.0025400954665071754,rmsse,48.411678626761606
state_dept,1,ChildSummaryElasticNet,ChildSummaryElasticNet,CA__HOUSEHOLD_1,1428,26,28582.958984375,0.09635110426073272,rmsse,5.473782993879636
state_dept,1,ChildSummaryElasticNet,ChildSummaryElasticNet,CA__HOUSEHOLD_2,1428,27,10560.5908203125,0.03559899406282956,rmsse,14.347955125474773
state_dept,1,ChildSummaryElasticNet,ChildSummaryElasticNet,TX__FOODS_1,1428,28,4200.13037109375,0.014158338173285276,rmsse,22.624518012193665
state_dept,1,ChildSummaryElasticNet,ChildSummaryElasticNet,TX__FOODS_2,1428,29,13964.58984375,0.04707363057579346,rmsse,11.235089392435206
state_dept,1,ChildSummaryElasticNet,ChildSummaryElasticNet,TX__FOODS_3,1428,30,33707.9453125,0.11362706551813571,rmsse,3.1812021493057636
state_dept,1,ChildSummaryElasticNet,ChildSummaryElasticNet,TX__HOBBIES_1,1428,31,9331.8701171875,0.031457064718186295,rmsse,10.809601422995858
state_dept,1,ChildSummaryElasticNet,ChildSummaryElasticNet,TX__HOBBIES_2,1428,32,954.6900024414062,0.0032181915109697127,rmsse,65.78920324186892
state_dept,1,ChildSummaryElasticNet,ChildSummaryElasticNet,TX__HOUSEHOLD_1,1428,33,18947.720703125,0.06387140722442458,rmsse,6.068515066437463
state_dept,1,ChildSummaryElasticNet,ChildSummaryElasticNet,TX__HOUSEHOLD_2,1428,34,6624.69970703125,0.022331387471714925,rmsse,22.66452198138521
state_dept,1,ChildSummaryElasticNet,ChildSummaryElasticNet,WI__FOODS_1,1428,35,8497.2998046875,0.028643788064899377,rmsse,10.547279562130553
state_dept,1,ChildSummaryElasticNet,ChildSummaryElasticNet,WI__FOODS_2,1428,36,11274.2197265625,0.038004585911705455,rmsse,8.111835355539375
state_dept,1,ChildSummaryElasticNet,ChildSummaryElasticNet,WI__FOODS_3,1428,37,27061.490234375,0.09122234225114394,rmsse,2.4614417034498866
state_dept,1,ChildSummaryElasticNet,ChildSummaryElasticNet,WI__HOBBIES_1,1428,38,6226.57958984375,0.020989353116895426,rmsse,9.573664546115477
state_dept,1,ChildSummaryElasticNet,ChildSummaryElasticNet,WI__HOBBIES_2,1428,39,1076.0499267578125,0.0036272871097590754,rmsse,59.82485785257499
state_dept,1,ChildSummaryElasticNet,ChildSummaryElasticNet,WI__HOUSEHOLD_1,1428,40,18266.427734375,0.06157481750115556,rmsse,6.416869925792207
state_dept,1,ChildSummaryElasticNet,ChildSummaryElasticNet,WI__HOUSEHOLD_2,1428,41,4080.909912109375,0.01375645455864988,rmsse,30.486640001489395
state_dept,1,ChildSummaryElasticNet,ChildSummaryElasticNet,CA__FOODS_1,1456,42,12861.7802734375,0.04205296479989067,rmsse,1.450306390316727
state_dept,1,ChildSummaryElasticNet,ChildSummaryElasticNet,CA__FOODS_2,1456,43,10985.7490234375,0.03591908018652372,rmsse,0.9539588371878643
state_dept,1,ChildSummaryElasticNet,ChildSummaryElasticNet,CA__FOODS_3,1456,44,55408.58203125,0.18116427899053658,rmsse,0.7403398349280268
state_dept,1,ChildSummaryElasticNet,ChildSummaryElasticNet,CA__HOBBIES_1,1456,45,15754.3994140625,0.05151069213732731,rmsse,0.8289306988590884
state_dept,1,ChildSummaryElasticNet,ChildSummaryElasticNet,CA__HOBBIES_2,1456,46,525.1099853515625,0.0017169032016248642,rmsse,4.2974873478287945
state_dept,1,ChildSummaryElasticNet,ChildSummaryElasticNet,CA__HOUSEHOLD_1,1456,47,27565.529296875,0.09012844323004618,rmsse,0.8985306805171897
state_dept,1,ChildSummaryElasticNet,ChildSummaryElasticNet,CA__HOUSEHOLD_2,1456,48,10496.9609375,0.034320935315787095,rmsse,1.6641866191449481
state_dept,1,ChildSummaryElasticNet,ChildSummaryElasticNet,TX__FOODS_1,1456,49,4201.60986328125,0.013737612362135061,rmsse,2.3892305190654595
state_dept,1,ChildSummaryElasticNet,ChildSummaryElasticNet,TX__FOODS_2,1456,50,15896.2587890625,0.05197451652062282,rmsse,1.4077591212844747
state_dept,1,ChildSummaryElasticNet,ChildSummaryElasticNet,TX__FOODS_3,1456,51,33023.9609375,0.10797536867627476,rmsse,0.7599787181859424
state_dept,1,ChildSummaryElasticNet,ChildSummaryElasticNet,TX__HOBBIES_1,1456,52,11740.7587890625,0.03838766528301877,rmsse,0.9005600047979248
state_dept,1,ChildSummaryElasticNet,ChildSummaryElasticNet,TX__HOBBIES_2,1456,53,597.070068359375,0.0019521843814763351,rmsse,5.531955503595365
state_dept,1,ChildSummaryElasticNet,ChildSummaryElasticNet,TX__HOUSEHOLD_1,1456,54,21211.359375,0.0693528057695784,rmsse,1.2975162073883417
state_dept,1,ChildSummaryElasticNet,ChildSummaryElasticNet,TX__HOUSEHOLD_2,1456,55,6183.01953125,0.02021604297203564,rmsse,2.0859062303230944
state_dept,1,ChildSummaryElasticNet,ChildSummaryElasticNet,WI__FOODS_1,1456,56,8472.6201171875,0.02770213671638984,rmsse,0.9898445148792706
state_dept,1,ChildSummaryElasticNet,ChildSummaryElasticNet,WI__FOODS_2,1456,57,12217.0,0.03994478680539254,rmsse,1.279919870936969
state_dept,1,ChildSummaryElasticNet,ChildSummaryElasticNet,WI__FOODS_3,1456,58,29846.76171875,0.09758717636791522,rmsse,0.8660803878464414
state_dept,1,ChildSummaryElasticNet,ChildSummaryElasticNet,WI__HOBBIES_1,1456,59,6511.15966796875,0.02128893220863405,rmsse,0.7494297375118968
state_dept,1,ChildSummaryElasticNet,ChildSummaryElasticNet,WI__HOBBIES_2,1456,60,583.5599975585938,0.0019080117615317524,rmsse,5.2247819959644755
state_dept,1,ChildSummaryElasticNet,ChildSummaryElasticNet,WI__HOUSEHOLD_1,1456,61,17843.080078125,0.058339856730150616,rmsse,1.7170867430761414
state_dept,1,ChildSummaryElasticNet,ChildSummaryElasticNet,WI__HOUSEHOLD_2,1456,62,3920.840087890625,0.012819605583107766,rmsse,3.028317447311882
state_dept,1,ChildSummaryElasticNet,ChildSummaryElasticNet,CA__FOODS_1,1484,63,18270.888671875,0.054742099455031716,rmsse,1.3012560425154747
state_dept,1,ChildSummaryElasticNet,ChildSummaryElasticNet,CA__FOODS_2,1484,64,11357.849609375,0.034029682084855795,rmsse,1.5904370744102214
state_dept,1,ChildSummaryElasticNet,ChildSummaryElasticNet,CA__FOODS_3,1484,65,55400.4765625,0.16598745974020004,rmsse,0.5212577837645895
state_dept,1,ChildSummaryElasticNet,ChildSummaryElasticNet,CA__HOBBIES_1,1484,66,16027.66015625,0.04802107779549221,rmsse,1.1784040906474835
state_dept,1,ChildSummaryElasticNet,ChildSummaryElasticNet,CA__HOBBIES_2,1484,67,479.4800109863281,0.0014365881659887357,rmsse,5.63081244852215
state_dept,1,ChildSummaryElasticNet,ChildSummaryElasticNet,CA__HOUSEHOLD_1,1484,68,28883.357421875,0.0865385178016768,rmsse,0.8133560952804761
state_dept,1,ChildSummaryElasticNet,ChildSummaryElasticNet,CA__HOUSEHOLD_2,1484,69,12078.5498046875,0.03618899915353174,rmsse,1.954171966123032
state_dept,1,ChildSummaryElasticNet,ChildSummaryElasticNet,TX__FOODS_1,1484,70,4299.25,0.012881145263849553,rmsse,2.429920283571494
state_dept,1,ChildSummaryElasticNet,ChildSummaryElasticNet,TX__FOODS_2,1484,71,15832.4296875,0.047436140416205544,rmsse,1.7227694703344576
state_dept,1,ChildSummaryElasticNet,ChildSummaryElasticNet,TX__FOODS_3,1484,72,33689.53125,0.1009384766883175,rmsse,0.7164119075044032
state_dept,1,ChildSummaryElasticNet,ChildSummaryElasticNet,TX__HOBBIES_1,1484,73,12314.9306640625,0.03689722877200077,rmsse,1.6532300740595083
state_dept,1,ChildSummaryElasticNet,ChildSummaryElasticNet,TX__HOBBIES_2,1484,74,810.8299560546875,0.0024293582481179693,rmsse,8.007361370668578
state_dept,1,ChildSummaryElasticNet,ChildSummaryElasticNet,TX__HOUSEHOLD_1,1484,75,26209.41796875,0.07852702683873174,rmsse,1.5005915674421857
state_dept,1,ChildSummaryElasticNet,ChildSummaryElasticNet,TX__HOUSEHOLD_2,1484,76,7332.7197265625,0.021969838454834387,rmsse,3.1931971245966797
state_dept,1,ChildSummaryElasticNet,ChildSummaryElasticNet,WI__FOODS_1,1484,77,9592.98046875,0.028741891011511388,rmsse,1.161346269417322
state_dept,1,ChildSummaryElasticNet,ChildSummaryElasticNet,WI__FOODS_2,1484,78,14454.66015625,0.04330815309931605,rmsse,1.2235339114374264
state_dept,1,ChildSummaryElasticNet,ChildSummaryElasticNet,WI__FOODS_3,1484,79,31937.263671875,0.0956884416322119,rmsse,0.6125851632333421
state_dept,1,ChildSummaryElasticNet,ChildSummaryElasticNet,WI__HOBBIES_1,1484,80,7323.49951171875,0.021942213420987497,rmsse,1.411278800614002
state_dept,1,ChildSummaryElasticNet,ChildSummaryElasticNet,WI__HOBBIES_2,1484,81,685.72998046875,0.0020545414875140283,rmsse,6.881919694347847
state_dept,1,ChildSummaryElasticNet,ChildSummaryElasticNet,WI__HOUSEHOLD_1,1484,82,22292.109375,0.06679023064418153,rmsse,1.4189551030381635
state_dept,1,ChildSummaryElasticNet,ChildSummaryElasticNet,WI__HOUSEHOLD_2,1484,83,4489.40966796875,0.013450889825443057,rmsse,3.4447887506754307
state_dept,1,ChildSummaryElasticNet,ChildSummaryElasticNet,CA__FOODS_1,1400,0,11129.3388671875,0.0352468027749905,mean_spl,0.5776369969070267
state_dept,1,ChildSummaryElasticNet,ChildSummaryElasticNet,CA__FOODS_2,1400,1,13459.5107421875,0.042626496168288196,mean_spl,0.41084469241850874
state_dept,1,ChildSummaryElasticNet,ChildSummaryElasticNet,CA__FOODS_3,1400,2,62250.08984375,0.19714707815367039,mean_spl,0.5729374097601508
state_dept,1,ChildSummaryElasticNet,ChildSummaryElasticNet,CA__HOBBIES_1,1400,3,14995.9404296875,0.047492394746739705,mean_spl,0.30046411072260704
state_dept,1,ChildSummaryElasticNet,ChildSummaryElasticNet,CA__HOBBIES_2,1400,4,618.9100952148438,0.00196009864753098,mean_spl,1.2429933104617936
state_dept,1,ChildSummaryElasticNet,ChildSummaryElasticNet,CA__HOUSEHOLD_1,1400,5,31309.26953125,0.09915698150323884,mean_spl,0.3217400087587473
state_dept,1,ChildSummaryElasticNet,ChildSummaryElasticNet,CA__HOUSEHOLD_2,1400,6,10874.3515625,0.0344392537062004,mean_spl,0.4959235234717884
state_dept,1,ChildSummaryElasticNet,ChildSummaryElasticNet,TX__FOODS_1,1400,7,4019.579833984375,0.012730076722210515,mean_spl,0.70401420349085
state_dept,1,ChildSummaryElasticNet,ChildSummaryElasticNet,TX__FOODS_2,1400,8,15157.2705078125,0.048003329808849346,mean_spl,0.4401185246911734
state_dept,1,ChildSummaryElasticNet,ChildSummaryElasticNet,TX__FOODS_3,1400,9,32038.80859375,0.10146744394484901,mean_spl,0.3004669683963123
state_dept,1,ChildSummaryElasticNet,ChildSummaryElasticNet,TX__HOBBIES_1,1400,10,9477.8681640625,0.03001656737139983,mean_spl,0.3484110997133379
state_dept,1,ChildSummaryElasticNet,ChildSummaryElasticNet,TX__HOBBIES_2,1400,11,992.8200073242188,0.003144277607755567,mean_spl,1.5004953480315055
state_dept,1,ChildSummaryElasticNet,ChildSummaryElasticNet,TX__HOUSEHOLD_1,1400,12,20522.638671875,0.06499554073446692,mean_spl,0.2401781933908909
state_dept,1,ChildSummaryElasticNet,ChildSummaryElasticNet,TX__HOUSEHOLD_2,1400,13,6885.9296875,0.021807854762454462,mean_spl,0.5702689178296486
state_dept,1,ChildSummaryElasticNet,ChildSummaryElasticNet,WI__FOODS_1,1400,14,7490.36962890625,0.023722126190282484,mean_spl,0.3488833682484939
state_dept,1,ChildSummaryElasticNet,ChildSummaryElasticNet,WI__FOODS_2,1400,15,12884.580078125,0.04080568111652885,mean_spl,0.3309329032760413
state_dept,1,ChildSummaryElasticNet,ChildSummaryElasticNet,WI__FOODS_3,1400,16,29967.98046875,0.09490909655568161,mean_spl,0.23008224940857344
state_dept,1,ChildSummaryElasticNet,ChildSummaryElasticNet,WI__HOBBIES_1,1400,17,6324.50927734375,0.0200298269113147,mean_spl,0.2806264647630756
state_dept,1,ChildSummaryElasticNet,ChildSummaryElasticNet,WI__HOBBIES_2,1400,18,1059.3499755859375,0.0033549791326108144,mean_spl,1.5606822968935796
state_dept,1,ChildSummaryElasticNet,ChildSummaryElasticNet,WI__HOUSEHOLD_1,1400,19,19540.568359375,0.06188530759043756,mean_spl,0.2797750422673288
state_dept,1,ChildSummaryElasticNet,ChildSummaryElasticNet,WI__HOUSEHOLD_2,1400,20,4754.88037109375,0.015058785850499303,mean_spl,0.6828318635191643
state_dept,1,ChildSummaryElasticNet,ChildSummaryElasticNet,CA__FOODS_1,1428,21,14265.3603515625,0.048087506381046426,mean_spl,3.275169826458727
state_dept,1,ChildSummaryElasticNet,ChildSummaryElasticNet,CA__FOODS_2,1428,22,11685.4794921875,0.039390913078799675,mean_spl,3.4571319133410574
state_dept,1,ChildSummaryElasticNet,ChildSummaryElasticNet,CA__FOODS_3,1428,23,50730.578125,0.17100913956463148,mean_spl,0.4726760339857998
state_dept,1,ChildSummaryElasticNet,ChildSummaryElasticNet,CA__HOBBIES_1,1428,24,15861.0712890625,0.0534665334787343,mean_spl,2.0554401921089824
state_dept,1,ChildSummaryElasticNet,ChildSummaryElasticNet,CA__HOBBIES_2,1428,25,753.5299682617188,0.0025400954665071754,mean_spl,18.214074733613067
state_dept,1,ChildSummaryElasticNet,ChildSummaryElasticNet,CA__HOUSEHOLD_1,1428,26,28582.958984375,0.09635110426073272,mean_spl,2.098089366192323
state_dept,1,ChildSummaryElasticNet,ChildSummaryElasticNet,CA__HOUSEHOLD_2,1428,27,10560.5908203125,0.03559899406282956,mean_spl,5.373054663479286
state_dept,1,ChildSummaryElasticNet,ChildSummaryElasticNet,TX__FOODS_1,1428,28,4200.13037109375,0.014158338173285276,mean_spl,8.128322795684596
state_dept,1,ChildSummaryElasticNet,ChildSummaryElasticNet,TX__FOODS_2,1428,29,13964.58984375,0.04707363057579346,mean_spl,3.9442863169467515
state_dept,1,ChildSummaryElasticNet,ChildSummaryElasticNet,TX__FOODS_3,1428,30,33707.9453125,0.11362706551813571,mean_spl,1.2058145730058862
state_dept,1,ChildSummaryElasticNet,ChildSummaryElasticNet,TX__HOBBIES_1,1428,31,9331.8701171875,0.031457064718186295,mean_spl,4.051370586883071
state_dept,1,ChildSummaryElasticNet,ChildSummaryElasticNet,TX__HOBBIES_2,1428,32,954.6900024414062,0.0032181915109697127,mean_spl,24.123776074734693
state_dept,1,ChildSummaryElasticNet,ChildSummaryElasticNet,TX__HOUSEHOLD_1,1428,33,18947.720703125,0.06387140722442458,mean_spl,2.3388900332712903
state_dept,1,ChildSummaryElasticNet,ChildSummaryElasticNet,TX__HOUSEHOLD_2,1428,34,6624.69970703125,0.022331387471714925,mean_spl,8.16369127980841
state_dept,1,ChildSummaryElasticNet,ChildSummaryElasticNet,WI__FOODS_1,1428,35,8497.2998046875,0.028643788064899377,mean_spl,4.007212408984422
state_dept,1,ChildSummaryElasticNet,ChildSummaryElasticNet,WI__FOODS_2,1428,36,11274.2197265625,0.038004585911705455,mean_spl,2.869248003096642
state_dept,1,ChildSummaryElasticNet,ChildSummaryElasticNet,WI__FOODS_3,1428,37,27061.490234375,0.09122234225114394,mean_spl,0.8697262949061995
state_dept,1,ChildSummaryElasticNet,ChildSummaryElasticNet,WI__HOBBIES_1,1428,38,6226.57958984375,0.020989353116895426,mean_spl,3.547229222130198
state_dept,1,ChildSummaryElasticNet,ChildSummaryElasticNet,WI__HOBBIES_2,1428,39,1076.0499267578125,0.0036272871097590754,mean_spl,22.434606899168603
state_dept,1,ChildSummaryElasticNet,ChildSummaryElasticNet,WI__HOUSEHOLD_1,1428,40,18266.427734375,0.06157481750115556,mean_spl,2.408521700314965
state_dept,1,ChildSummaryElasticNet,ChildSummaryElasticNet,WI__HOUSEHOLD_2,1428,41,4080.909912109375,0.01375645455864988,mean_spl,11.68606570414227
state_dept,1,ChildSummaryElasticNet,ChildSummaryElasticNet,CA__FOODS_1,1456,42,12861.7802734375,0.04205296479989067,mean_spl,0.393594032801465
state_dept,1,ChildSummaryElasticNet,ChildSummaryElasticNet,CA__FOODS_2,1456,43,10985.7490234375,0.03591908018652372,mean_spl,0.2327964150322492
state_dept,1,ChildSummaryElasticNet,ChildSummaryElasticNet,CA__FOODS_3,1456,44,55408.58203125,0.18116427899053658,mean_spl,0.2833713525279398
state_dept,1,ChildSummaryElasticNet,ChildSummaryElasticNet,CA__HOBBIES_1,1456,45,15754.3994140625,0.05151069213732731,mean_spl,0.21991475741243954
state_dept,1,ChildSummaryElasticNet,ChildSummaryElasticNet,CA__HOBBIES_2,1456,46,525.1099853515625,0.0017169032016248642,mean_spl,1.1465601428260388
state_dept,1,ChildSummaryElasticNet,ChildSummaryElasticNet,CA__HOUSEHOLD_1,1456,47,27565.529296875,0.09012844323004618,mean_spl,0.24139019273189413
state_dept,1,ChildSummaryElasticNet,ChildSummaryElasticNet,CA__HOUSEHOLD_2,1456,48,10496.9609375,0.034320935315787095,mean_spl,0.4403622872188157
state_dept,1,ChildSummaryElasticNet,ChildSummaryElasticNet,TX__FOODS_1,1456,49,4201.60986328125,0.013737612362135061,mean_spl,0.6077965988664242
state_dept,1,ChildSummaryElasticNet,ChildSummaryElasticNet,TX__FOODS_2,1456,50,15896.2587890625,0.05197451652062282,mean_spl,0.3403207911623903
state_dept,1,ChildSummaryElasticNet,ChildSummaryElasticNet,TX__FOODS_3,1456,51,33023.9609375,0.10797536867627476,mean_spl,0.21727117695284115
state_dept,1,ChildSummaryElasticNet,ChildSummaryElasticNet,TX__HOBBIES_1,1456,52,11740.7587890625,0.03838766528301877,mean_spl,0.23199334202795108
state_dept,1,ChildSummaryElasticNet,ChildSummaryElasticNet,TX__HOBBIES_2,1456,53,597.070068359375,0.0019521843814763351,mean_spl,1.4367271576140688
state_dept,1,ChildSummaryElasticNet,ChildSummaryElasticNet,TX__HOUSEHOLD_1,1456,54,21211.359375,0.0693528057695784,mean_spl,0.35482180748990566
state_dept,1,ChildSummaryElasticNet,ChildSummaryElasticNet,TX__HOUSEHOLD_2,1456,55,6183.01953125,0.02021604297203564,mean_spl,0.5244063540163904
state_dept,1,ChildSummaryElasticNet,ChildSummaryElasticNet,WI__FOODS_1,1456,56,8472.6201171875,0.02770213671638984,mean_spl,0.25853222851490065
state_dept,1,ChildSummaryElasticNet,ChildSummaryElasticNet,WI__FOODS_2,1456,57,12217.0,0.03994478680539254,mean_spl,0.29556469093177734
state_dept,1,ChildSummaryElasticNet,ChildSummaryElasticNet,WI__FOODS_3,1456,58,29846.76171875,0.09758717636791522,mean_spl,0.2650091313238563
state_dept,1,ChildSummaryElasticNet,ChildSummaryElasticNet,WI__HOBBIES_1,1456,59,6511.15966796875,0.02128893220863405,mean_spl,0.19813347487222585
state_dept,1,ChildSummaryElasticNet,ChildSummaryElasticNet,WI__HOBBIES_2,1456,60,583.5599975585938,0.0019080117615317524,mean_spl,1.3708992500527932
state_dept,1,ChildSummaryElasticNet,ChildSummaryElasticNet,WI__HOUSEHOLD_1,1456,61,17843.080078125,0.058339856730150616,mean_spl,0.5003455909706753
state_dept,1,ChildSummaryElasticNet,ChildSummaryElasticNet,WI__HOUSEHOLD_2,1456,62,3920.840087890625,0.012819605583107766,mean_spl,0.7459938268811617
state_dept,1,ChildSummaryElasticNet,ChildSummaryElasticNet,CA__FOODS_1,1484,63,18270.888671875,0.054742099455031716,mean_spl,0.34028084515770696
state_dept,1,ChildSummaryElasticNet,ChildSummaryElasticNet,CA__FOODS_2,1484,64,11357.849609375,0.034029682084855795,mean_spl,0.4217655414299735
state_dept,1,ChildSummaryElasticNet,ChildSummaryElasticNet,CA__FOODS_3,1484,65,55400.4765625,0.16598745974020004,mean_spl,0.1474236030096449
state_dept,1,ChildSummaryElasticNet,ChildSummaryElasticNet,CA__HOBBIES_1,1484,66,16027.66015625,0.04802107779549221,mean_spl,0.32257351817168495
state_dept,1,ChildSummaryElasticNet,ChildSummaryElasticNet,CA__HOBBIES_2,1484,67,479.4800109863281,0.0014365881659887357,mean_spl,1.5196892190678304
state_dept,1,ChildSummaryElasticNet,ChildSummaryElasticNet,CA__HOUSEHOLD_1,1484,68,28883.357421875,0.0865385178016768,mean_spl,0.21430968429722347
state_dept,1,ChildSummaryElasticNet,ChildSummaryElasticNet,CA__HOUSEHOLD_2,1484,69,12078.5498046875,0.03618899915353174,mean_spl,0.5419573536132938
state_dept,1,ChildSummaryElasticNet,ChildSummaryElasticNet,TX__FOODS_1,1484,70,4299.25,0.012881145263849553,mean_spl,0.6127235422467544
state_dept,1,ChildSummaryElasticNet,ChildSummaryElasticNet,TX__FOODS_2,1484,71,15832.4296875,0.047436140416205544,mean_spl,0.4280319114195044
state_dept,1,ChildSummaryElasticNet,ChildSummaryElasticNet,TX__FOODS_3,1484,72,33689.53125,0.1009384766883175,mean_spl,0.21323873367058302
state_dept,1,ChildSummaryElasticNet,ChildSummaryElasticNet,TX__HOBBIES_1,1484,73,12314.9306640625,0.03689722877200077,mean_spl,0.4321195118214691
state_dept,1,ChildSummaryElasticNet,ChildSummaryElasticNet,TX__HOBBIES_2,1484,74,810.8299560546875,0.0024293582481179693,mean_spl,2.092026800509987
state_dept,1,ChildSummaryElasticNet,ChildSummaryElasticNet,TX__HOUSEHOLD_1,1484,75,26209.41796875,0.07852702683873174,mean_spl,0.4515794019388115
state_dept,1,ChildSummaryElasticNet,ChildSummaryElasticNet,TX__HOUSEHOLD_2,1484,76,7332.7197265625,0.021969838454834387,mean_spl,0.8404311792570582
state_dept,1,ChildSummaryElasticNet,ChildSummaryElasticNet,WI__FOODS_1,1484,77,9592.98046875,0.028741891011511388,mean_spl,0.304392440668682
state_dept,1,ChildSummaryElasticNet,ChildSummaryElasticNet,WI__FOODS_2,1484,78,14454.66015625,0.04330815309931605,mean_spl,0.3077099145574226
state_dept,1,ChildSummaryElasticNet,ChildSummaryElasticNet,WI__FOODS_3,1484,79,31937.263671875,0.0956884416322119,mean_spl,0.19032502564665338
state_dept,1,ChildSummaryElasticNet,ChildSummaryElasticNet,WI__HOBBIES_1,1484,80,7323.49951171875,0.021942213420987497,mean_spl,0.3634118729246768
state_dept,1,ChildSummaryElasticNet,ChildSummaryElasticNet,WI__HOBBIES_2,1484,81,685.72998046875,0.0020545414875140283,mean_spl,1.8207290328184742
state_dept,1,ChildSummaryElasticNet,ChildSummaryElasticNet,WI__HOUSEHOLD_1,1484,82,22292.109375,0.06679023064418153,mean_spl,0.4482658958751496
state_dept,1,ChildSummaryElasticNet,ChildSummaryElasticNet,WI__HOUSEHOLD_2,1484,83,4489.40966796875,0.013450889825443057,mean_spl,0.8500480089794922
state_dept,1,ChildSummaryHistGB,ChildSummaryHistGB,CA__FOODS_1,1400,0,11129.3388671875,0.0352468027749905,rmsse,1.643763694535497
state_dept,1,ChildSummaryHistGB,ChildSummaryHistGB,CA__FOODS_2,1400,1,13459.5107421875,0.042626496168288196,rmsse,1.0440047667248484
state_dept,1,ChildSummaryHistGB,ChildSummaryHistGB,CA__FOODS_3,1400,2,62250.08984375,0.19714707815367039,rmsse,1.1540822629874272
state_dept,1,ChildSummaryHistGB,ChildSummaryHistGB,CA__HOBBIES_1,1400,3,14995.9404296875,0.047492394746739705,rmsse,0.9499899103025755
state_dept,1,ChildSummaryHistGB,ChildSummaryHistGB,CA__HOBBIES_2,1400,4,618.9100952148438,0.00196009864753098,rmsse,1.7553101200532537
state_dept,1,ChildSummaryHistGB,ChildSummaryHistGB,CA__HOUSEHOLD_1,1400,5,31309.26953125,0.09915698150323884,rmsse,1.1158348956946664
state_dept,1,ChildSummaryHistGB,ChildSummaryHistGB,CA__HOUSEHOLD_2,1400,6,10874.3515625,0.0344392537062004,rmsse,1.078735445749651
state_dept,1,ChildSummaryHistGB,ChildSummaryHistGB,TX__FOODS_1,1400,7,4019.579833984375,0.012730076722210515,rmsse,1.064444140159726
state_dept,1,ChildSummaryHistGB,ChildSummaryHistGB,TX__FOODS_2,1400,8,15157.2705078125,0.048003329808849346,rmsse,1.0181130194791352
state_dept,1,ChildSummaryHistGB,ChildSummaryHistGB,TX__FOODS_3,1400,9,32038.80859375,0.10146744394484901,rmsse,1.1882296968975898
state_dept,1,ChildSummaryHistGB,ChildSummaryHistGB,TX__HOBBIES_1,1400,10,9477.8681640625,0.03001656737139983,rmsse,0.7780827307084353
state_dept,1,ChildSummaryHistGB,ChildSummaryHistGB,TX__HOBBIES_2,1400,11,992.8200073242188,0.003144277607755567,rmsse,2.165247512888082
state_dept,1,ChildSummaryHistGB,ChildSummaryHistGB,TX__HOUSEHOLD_1,1400,12,20522.638671875,0.06499554073446692,rmsse,0.9831851803079111
state_dept,1,ChildSummaryHistGB,ChildSummaryHistGB,TX__HOUSEHOLD_2,1400,13,6885.9296875,0.021807854762454462,rmsse,1.1108748088929594
state_dept,1,ChildSummaryHistGB,ChildSummaryHistGB,WI__FOODS_1,1400,14,7490.36962890625,0.023722126190282484,rmsse,0.913422949213823
state_dept,1,ChildSummaryHistGB,ChildSummaryHistGB,WI__FOODS_2,1400,15,12884.580078125,0.04080568111652885,rmsse,1.0422381196707002
state_dept,1,ChildSummaryHistGB,ChildSummaryHistGB,WI__FOODS_3,1400,16,29967.98046875,0.09490909655568161,rmsse,0.76651824824149
state_dept,1,ChildSummaryHistGB,ChildSummaryHistGB,WI__HOBBIES_1,1400,17,6324.50927734375,0.0200298269113147,rmsse,0.6662096580455243
state_dept,1,ChildSummaryHistGB,ChildSummaryHistGB,WI__HOBBIES_2,1400,18,1059.3499755859375,0.0033549791326108144,rmsse,1.9091953559248895
state_dept,1,ChildSummaryHistGB,ChildSummaryHistGB,WI__HOUSEHOLD_1,1400,19,19540.568359375,0.06188530759043756,rmsse,1.1565557477791188
state_dept,1,ChildSummaryHistGB,ChildSummaryHistGB,WI__HOUSEHOLD_2,1400,20,4754.88037109375,0.015058785850499303,rmsse,1.1730387335155437
state_dept,1,ChildSummaryHistGB,ChildSummaryHistGB,CA__FOODS_1,1428,21,14265.3603515625,0.048087506381046426,rmsse,1.1229761194105636
state_dept,1,ChildSummaryHistGB,ChildSummaryHistGB,CA__FOODS_2,1428,22,11685.4794921875,0.039390913078799675,rmsse,0.768008128137709
state_dept,1,ChildSummaryHistGB,ChildSummaryHistGB,CA__FOODS_3,1428,23,50730.578125,0.17100913956463148,rmsse,0.6968896470050348
state_dept,1,ChildSummaryHistGB,ChildSummaryHistGB,CA__HOBBIES_1,1428,24,15861.0712890625,0.0534665334787343,rmsse,0.6964091122890533
state_dept,1,ChildSummaryHistGB,ChildSummaryHistGB,CA__HOBBIES_2,1428,25,753.5299682617188,0.0025400954665071754,rmsse,2.394940053165401
state_dept,1,ChildSummaryHistGB,ChildSummaryHistGB,CA__HOUSEHOLD_1,1428,26,28582.958984375,0.09635110426073272,rmsse,0.8457462182906386
state_dept,1,ChildSummaryHistGB,ChildSummaryHistGB,CA__HOUSEHOLD_2,1428,27,10560.5908203125,0.03559899406282956,rmsse,0.7790000454254691
state_dept,1,ChildSummaryHistGB,ChildSummaryHistGB,TX__FOODS_1,1428,28,4200.13037109375,0.014158338173285276,rmsse,1.0996469060081278
state_dept,1,ChildSummaryHistGB,ChildSummaryHistGB,TX__FOODS_2,1428,29,13964.58984375,0.04707363057579346,rmsse,1.0668196527388503
state_dept,1,ChildSummaryHistGB,ChildSummaryHistGB,TX__FOODS_3,1428,30,33707.9453125,0.11362706551813571,rmsse,0.6070340638383861
state_dept,1,ChildSummaryHistGB,ChildSummaryHistGB,TX__HOBBIES_1,1428,31,9331.8701171875,0.031457064718186295,rmsse,1.0160555439856371
state_dept,1,ChildSummaryHistGB,ChildSummaryHistGB,TX__HOBBIES_2,1428,32,954.6900024414062,0.0032181915109697127,rmsse,1.7264271319596167
state_dept,1,ChildSummaryHistGB,ChildSummaryHistGB,TX__HOUSEHOLD_1,1428,33,18947.720703125,0.06387140722442458,rmsse,0.9754945815555293
state_dept,1,ChildSummaryHistGB,ChildSummaryHistGB,TX__HOUSEHOLD_2,1428,34,6624.69970703125,0.022331387471714925,rmsse,1.0964500258268346
state_dept,1,ChildSummaryHistGB,ChildSummaryHistGB,WI__FOODS_1,1428,35,8497.2998046875,0.028643788064899377,rmsse,0.9426910161742481
state_dept,1,ChildSummaryHistGB,ChildSummaryHistGB,WI__FOODS_2,1428,36,11274.2197265625,0.038004585911705455,rmsse,0.816442053209631
state_dept,1,ChildSummaryHistGB,ChildSummaryHistGB,WI__FOODS_3,1428,37,27061.490234375,0.09122234225114394,rmsse,0.7834269681660245
state_dept,1,ChildSummaryHistGB,ChildSummaryHistGB,WI__HOBBIES_1,1428,38,6226.57958984375,0.020989353116895426,rmsse,0.9026711528977494
state_dept,1,ChildSummaryHistGB,ChildSummaryHistGB,WI__HOBBIES_2,1428,39,1076.0499267578125,0.0036272871097590754,rmsse,2.534199042466629
state_dept,1,ChildSummaryHistGB,ChildSummaryHistGB,WI__HOUSEHOLD_1,1428,40,18266.427734375,0.06157481750115556,rmsse,0.9683821133095979
state_dept,1,ChildSummaryHistGB,ChildSummaryHistGB,WI__HOUSEHOLD_2,1428,41,4080.909912109375,0.01375645455864988,rmsse,1.240810651661129
state_dept,1,ChildSummaryHistGB,ChildSummaryHistGB,CA__FOODS_1,1456,42,12861.7802734375,0.04205296479989067,rmsse,1.1581750092604248
state_dept,1,ChildSummaryHistGB,ChildSummaryHistGB,CA__FOODS_2,1456,43,10985.7490234375,0.03591908018652372,rmsse,0.8114481575527788
state_dept,1,ChildSummaryHistGB,ChildSummaryHistGB,CA__FOODS_3,1456,44,55408.58203125,0.18116427899053658,rmsse,0.854735148006807
state_dept,1,ChildSummaryHistGB,ChildSummaryHistGB,CA__HOBBIES_1,1456,45,15754.3994140625,0.05151069213732731,rmsse,0.5489047866630358
state_dept,1,ChildSummaryHistGB,ChildSummaryHistGB,CA__HOBBIES_2,1456,46,525.1099853515625,0.0017169032016248642,rmsse,0.9081920868478266
state_dept,1,ChildSummaryHistGB,ChildSummaryHistGB,CA__HOUSEHOLD_1,1456,47,27565.529296875,0.09012844323004618,rmsse,0.5874993837913208
state_dept,1,ChildSummaryHistGB,ChildSummaryHistGB,CA__HOUSEHOLD_2,1456,48,10496.9609375,0.034320935315787095,rmsse,0.7656385873636044
state_dept,1,ChildSummaryHistGB,ChildSummaryHistGB,TX__FOODS_1,1456,49,4201.60986328125,0.013737612362135061,rmsse,1.4236677565395495
state_dept,1,ChildSummaryHistGB,ChildSummaryHistGB,TX__FOODS_2,1456,50,15896.2587890625,0.05197451652062282,rmsse,0.8383046307958923
state_dept,1,ChildSummaryHistGB,ChildSummaryHistGB,TX__FOODS_3,1456,51,33023.9609375,0.10797536867627476,rmsse,0.7474797427313559
state_dept,1,ChildSummaryHistGB,ChildSummaryHistGB,TX__HOBBIES_1,1456,52,11740.7587890625,0.03838766528301877,rmsse,0.6515689627844433
state_dept,1,ChildSummaryHistGB,ChildSummaryHistGB,TX__HOBBIES_2,1456,53,597.070068359375,0.0019521843814763351,rmsse,1.3204389538689345
state_dept,1,ChildSummaryHistGB,ChildSummaryHistGB,TX__HOUSEHOLD_1,1456,54,21211.359375,0.0693528057695784,rmsse,1.055292796041659
state_dept,1,ChildSummaryHistGB,ChildSummaryHistGB,TX__HOUSEHOLD_2,1456,55,6183.01953125,0.02021604297203564,rmsse,0.9788764839945594
state_dept,1,ChildSummaryHistGB,ChildSummaryHistGB,WI__FOODS_1,1456,56,8472.6201171875,0.02770213671638984,rmsse,0.7043724125679685
state_dept,1,ChildSummaryHistGB,ChildSummaryHistGB,WI__FOODS_2,1456,57,12217.0,0.03994478680539254,rmsse,1.1761905454830135
state_dept,1,ChildSummaryHistGB,ChildSummaryHistGB,WI__FOODS_3,1456,58,29846.76171875,0.09758717636791522,rmsse,0.9988064202631325
state_dept,1,ChildSummaryHistGB,ChildSummaryHistGB,WI__HOBBIES_1,1456,59,6511.15966796875,0.02128893220863405,rmsse,0.6509444931609698
state_dept,1,ChildSummaryHistGB,ChildSummaryHistGB,WI__HOBBIES_2,1456,60,583.5599975585938,0.0019080117615317524,rmsse,1.2523140421920709
state_dept,1,ChildSummaryHistGB,ChildSummaryHistGB,WI__HOUSEHOLD_1,1456,61,17843.080078125,0.058339856730150616,rmsse,1.6118170160790033
state_dept,1,ChildSummaryHistGB,ChildSummaryHistGB,WI__HOUSEHOLD_2,1456,62,3920.840087890625,0.012819605583107766,rmsse,0.7076802537845783
state_dept,1,ChildSummaryHistGB,ChildSummaryHistGB,CA__FOODS_1,1484,63,18270.888671875,0.054742099455031716,rmsse,1.025074756362141
state_dept,1,ChildSummaryHistGB,ChildSummaryHistGB,CA__FOODS_2,1484,64,11357.849609375,0.034029682084855795,rmsse,0.47746111324822277
state_dept,1,ChildSummaryHistGB,ChildSummaryHistGB,CA__FOODS_3,1484,65,55400.4765625,0.16598745974020004,rmsse,0.6154148454827699
state_dept,1,ChildSummaryHistGB,ChildSummaryHistGB,CA__HOBBIES_1,1484,66,16027.66015625,0.04802107779549221,rmsse,0.6641860581331211
state_dept,1,ChildSummaryHistGB,ChildSummaryHistGB,CA__HOBBIES_2,1484,67,479.4800109863281,0.0014365881659887357,rmsse,0.8315323176795079
state_dept,1,ChildSummaryHistGB,ChildSummaryHistGB,CA__HOUSEHOLD_1,1484,68,28883.357421875,0.0865385178016768,rmsse,0.6891413725544672
state_dept,1,ChildSummaryHistGB,ChildSummaryHistGB,CA__HOUSEHOLD_2,1484,69,12078.5498046875,0.03618899915353174,rmsse,0.8169720693875163
state_dept,1,ChildSummaryHistGB,ChildSummaryHistGB,TX__FOODS_1,1484,70,4299.25,0.012881145263849553,rmsse,1.3116548587273393
state_dept,1,ChildSummaryHistGB,ChildSummaryHistGB,TX__FOODS_2,1484,71,15832.4296875,0.047436140416205544,rmsse,0.8251417307541121
state_dept,1,ChildSummaryHistGB,ChildSummaryHistGB,TX__FOODS_3,1484,72,33689.53125,0.1009384766883175,rmsse,0.5912888337236313
state_dept,1,ChildSummaryHistGB,ChildSummaryHistGB,TX__HOBBIES_1,1484,73,12314.9306640625,0.03689722877200077,rmsse,0.8281990442280199
state_dept,1,ChildSummaryHistGB,ChildSummaryHistGB,TX__HOBBIES_2,1484,74,810.8299560546875,0.0024293582481179693,rmsse,1.1128802832292102
state_dept,1,ChildSummaryHistGB,ChildSummaryHistGB,TX__HOUSEHOLD_1,1484,75,26209.41796875,0.07852702683873174,rmsse,0.7548239367730196
state_dept,1,ChildSummaryHistGB,ChildSummaryHistGB,TX__HOUSEHOLD_2,1484,76,7332.7197265625,0.021969838454834387,rmsse,1.0908020161721124
state_dept,1,ChildSummaryHistGB,ChildSummaryHistGB,WI__FOODS_1,1484,77,9592.98046875,0.028741891011511388,rmsse,0.6384261424772308
state_dept,1,ChildSummaryHistGB,ChildSummaryHistGB,WI__FOODS_2,1484,78,14454.66015625,0.04330815309931605,rmsse,1.0177828999053975
state_dept,1,ChildSummaryHistGB,ChildSummaryHistGB,WI__FOODS_3,1484,79,31937.263671875,0.0956884416322119,rmsse,0.7079289030663468
state_dept,1,ChildSummaryHistGB,ChildSummaryHistGB,WI__HOBBIES_1,1484,80,7323.49951171875,0.021942213420987497,rmsse,0.5676798644353338
state_dept,1,ChildSummaryHistGB,ChildSummaryHistGB,WI__HOBBIES_2,1484,81,685.72998046875,0.0020545414875140283,rmsse,0.7721481413857035
state_dept,1,ChildSummaryHistGB,ChildSummaryHistGB,WI__HOUSEHOLD_1,1484,82,22292.109375,0.06679023064418153,rmsse,1.119673091185322
state_dept,1,ChildSummaryHistGB,ChildSummaryHistGB,WI__HOUSEHOLD_2,1484,83,4489.40966796875,0.013450889825443057,rmsse,0.6861848991889393
state_dept,1,ChildSummaryHistGB,ChildSummaryHistGB,CA__FOODS_1,1400,0,11129.3388671875,0.0352468027749905,mean_spl,0.5801422931969034
state_dept,1,ChildSummaryHistGB,ChildSummaryHistGB,CA__FOODS_2,1400,1,13459.5107421875,0.042626496168288196,mean_spl,0.286386969671042
state_dept,1,ChildSummaryHistGB,ChildSummaryHistGB,CA__FOODS_3,1400,2,62250.08984375,0.19714707815367039,mean_spl,0.5123800187708034
state_dept,1,ChildSummaryHistGB,ChildSummaryHistGB,CA__HOBBIES_1,1400,3,14995.9404296875,0.047492394746739705,mean_spl,0.2880976394445253
state_dept,1,ChildSummaryHistGB,ChildSummaryHistGB,CA__HOBBIES_2,1400,4,618.9100952148438,0.00196009864753098,mean_spl,0.45658546370427416
state_dept,1,ChildSummaryHistGB,ChildSummaryHistGB,CA__HOUSEHOLD_1,1400,5,31309.26953125,0.09915698150323884,mean_spl,0.3026196030883994
state_dept,1,ChildSummaryHistGB,ChildSummaryHistGB,CA__HOUSEHOLD_2,1400,6,10874.3515625,0.0344392537062004,mean_spl,0.2821420250524842
state_dept,1,ChildSummaryHistGB,ChildSummaryHistGB,TX__FOODS_1,1400,7,4019.579833984375,0.012730076722210515,mean_spl,0.2712853615023794
state_dept,1,ChildSummaryHistGB,ChildSummaryHistGB,TX__FOODS_2,1400,8,15157.2705078125,0.048003329808849346,mean_spl,0.2558268288233649
state_dept,1,ChildSummaryHistGB,ChildSummaryHistGB,TX__FOODS_3,1400,9,32038.80859375,0.10146744394484901,mean_spl,0.4282482726106211
state_dept,1,ChildSummaryHistGB,ChildSummaryHistGB,TX__HOBBIES_1,1400,10,9477.8681640625,0.03001656737139983,mean_spl,0.20322440108648757
state_dept,1,ChildSummaryHistGB,ChildSummaryHistGB,TX__HOBBIES_2,1400,11,992.8200073242188,0.003144277607755567,mean_spl,0.5390316147489718
state_dept,1,ChildSummaryHistGB,ChildSummaryHistGB,TX__HOUSEHOLD_1,1400,12,20522.638671875,0.06499554073446692,mean_spl,0.2713991267017428
state_dept,1,ChildSummaryHistGB,ChildSummaryHistGB,TX__HOUSEHOLD_2,1400,13,6885.9296875,0.021807854762454462,mean_spl,0.25893190154205614
state_dept,1,ChildSummaryHistGB,ChildSummaryHistGB,WI__FOODS_1,1400,14,7490.36962890625,0.023722126190282484,mean_spl,0.249874909404426
state_dept,1,ChildSummaryHistGB,ChildSummaryHistGB,WI__FOODS_2,1400,15,12884.580078125,0.04080568111652885,mean_spl,0.3213596793425755
state_dept,1,ChildSummaryHistGB,ChildSummaryHistGB,WI__FOODS_3,1400,16,29967.98046875,0.09490909655568161,mean_spl,0.25576921435766226
state_dept,1,ChildSummaryHistGB,ChildSummaryHistGB,WI__HOBBIES_1,1400,17,6324.50927734375,0.0200298269113147,mean_spl,0.1688385497648366
state_dept,1,ChildSummaryHistGB,ChildSummaryHistGB,WI__HOBBIES_2,1400,18,1059.3499755859375,0.0033549791326108144,mean_spl,0.49851396846038454
state_dept,1,ChildSummaryHistGB,ChildSummaryHistGB,WI__HOUSEHOLD_1,1400,19,19540.568359375,0.06188530759043756,mean_spl,0.33071525537817126
state_dept,1,ChildSummaryHistGB,ChildSummaryHistGB,WI__HOUSEHOLD_2,1400,20,4754.88037109375,0.015058785850499303,mean_spl,0.27281632493982033
state_dept,1,ChildSummaryHistGB,ChildSummaryHistGB,CA__FOODS_1,1428,21,14265.3603515625,0.048087506381046426,mean_spl,0.35464545988739404
state_dept,1,ChildSummaryHistGB,ChildSummaryHistGB,CA__FOODS_2,1428,22,11685.4794921875,0.039390913078799675,mean_spl,0.20060657689801312
state_dept,1,ChildSummaryHistGB,ChildSummaryHistGB,CA__FOODS_3,1428,23,50730.578125,0.17100913956463148,mean_spl,0.3581868103573339
state_dept,1,ChildSummaryHistGB,ChildSummaryHistGB,CA__HOBBIES_1,1428,24,15861.0712890625,0.0534665334787343,mean_spl,0.21086057898899638
state_dept,1,ChildSummaryHistGB,ChildSummaryHistGB,CA__HOBBIES_2,1428,25,753.5299682617188,0.0025400954665071754,mean_spl,0.639317045461593
state_dept,1,ChildSummaryHistGB,ChildSummaryHistGB,CA__HOUSEHOLD_1,1428,26,28582.958984375,0.09635110426073272,mean_spl,0.26623203810274265
state_dept,1,ChildSummaryHistGB,ChildSummaryHistGB,CA__HOUSEHOLD_2,1428,27,10560.5908203125,0.03559899406282956,mean_spl,0.2081034612024786
state_dept,1,ChildSummaryHistGB,ChildSummaryHistGB,TX__FOODS_1,1428,28,4200.13037109375,0.014158338173285276,mean_spl,0.2753883051424413
state_dept,1,ChildSummaryHistGB,ChildSummaryHistGB,TX__FOODS_2,1428,29,13964.58984375,0.04707363057579346,mean_spl,0.2972298380113857
state_dept,1,ChildSummaryHistGB,ChildSummaryHistGB,TX__FOODS_3,1428,30,33707.9453125,0.11362706551813571,mean_spl,0.22961816519831413
state_dept,1,ChildSummaryHistGB,ChildSummaryHistGB,TX__HOBBIES_1,1428,31,9331.8701171875,0.031457064718186295,mean_spl,0.29905411767920076
state_dept,1,ChildSummaryHistGB,ChildSummaryHistGB,TX__HOBBIES_2,1428,32,954.6900024414062,0.0032181915109697127,mean_spl,0.4425882811056732
state_dept,1,ChildSummaryHistGB,ChildSummaryHistGB,TX__HOUSEHOLD_1,1428,33,18947.720703125,0.06387140722442458,mean_spl,0.3310002495478012
state_dept,1,ChildSummaryHistGB,ChildSummaryHistGB,TX__HOUSEHOLD_2,1428,34,6624.69970703125,0.022331387471714925,mean_spl,0.2818353650592653
state_dept,1,ChildSummaryHistGB,ChildSummaryHistGB,WI__FOODS_1,1428,35,8497.2998046875,0.028643788064899377,mean_spl,0.2598201586012683
state_dept,1,ChildSummaryHistGB,ChildSummaryHistGB,WI__FOODS_2,1428,36,11274.2197265625,0.038004585911705455,mean_spl,0.2324321493538002
state_dept,1,ChildSummaryHistGB,ChildSummaryHistGB,WI__FOODS_3,1428,37,27061.490234375,0.09122234225114394,mean_spl,0.34688086445571603
state_dept,1,ChildSummaryHistGB,ChildSummaryHistGB,WI__HOBBIES_1,1428,38,6226.57958984375,0.020989353116895426,mean_spl,0.2417755083238887
state_dept,1,ChildSummaryHistGB,ChildSummaryHistGB,WI__HOBBIES_2,1428,39,1076.0499267578125,0.0036272871097590754,mean_spl,0.669536581953598
state_dept,1,ChildSummaryHistGB,ChildSummaryHistGB,WI__HOUSEHOLD_1,1428,40,18266.427734375,0.06157481750115556,mean_spl,0.32652594740876895
state_dept,1,ChildSummaryHistGB,ChildSummaryHistGB,WI__HOUSEHOLD_2,1428,41,4080.909912109375,0.01375645455864988,mean_spl,0.29529015511687057
state_dept,1,ChildSummaryHistGB,ChildSummaryHistGB,CA__FOODS_1,1456,42,12861.7802734375,0.04205296479989067,mean_spl,0.3397284306365172
state_dept,1,ChildSummaryHistGB,ChildSummaryHistGB,CA__FOODS_2,1456,43,10985.7490234375,0.03591908018652372,mean_spl,0.21359129855261788
state_dept,1,ChildSummaryHistGB,ChildSummaryHistGB,CA__FOODS_3,1456,44,55408.58203125,0.18116427899053658,mean_spl,0.37809892875286005
state_dept,1,ChildSummaryHistGB,ChildSummaryHistGB,CA__HOBBIES_1,1456,45,15754.3994140625,0.05151069213732731,mean_spl,0.1574131953946935
state_dept,1,ChildSummaryHistGB,ChildSummaryHistGB,CA__HOBBIES_2,1456,46,525.1099853515625,0.0017169032016248642,mean_spl,0.2832023413300271
state_dept,1,ChildSummaryHistGB,ChildSummaryHistGB,CA__HOUSEHOLD_1,1456,47,27565.529296875,0.09012844323004618,mean_spl,0.18574104386463383
state_dept,1,ChildSummaryHistGB,ChildSummaryHistGB,CA__HOUSEHOLD_2,1456,48,10496.9609375,0.034320935315787095,mean_spl,0.19360168129870398
state_dept,1,ChildSummaryHistGB,ChildSummaryHistGB,TX__FOODS_1,1456,49,4201.60986328125,0.013737612362135061,mean_spl,0.30095391262129945
state_dept,1,ChildSummaryHistGB,ChildSummaryHistGB,TX__FOODS_2,1456,50,15896.2587890625,0.05197451652062282,mean_spl,0.20779540238375357
state_dept,1,ChildSummaryHistGB,ChildSummaryHistGB,TX__FOODS_3,1456,51,33023.9609375,0.10797536867627476,mean_spl,0.28104717518018
state_dept,1,ChildSummaryHistGB,ChildSummaryHistGB,TX__HOBBIES_1,1456,52,11740.7587890625,0.03838766528301877,mean_spl,0.1842471202882644
state_dept,1,ChildSummaryHistGB,ChildSummaryHistGB,TX__HOBBIES_2,1456,53,597.070068359375,0.0019521843814763351,mean_spl,0.3834645359350384
state_dept,1,ChildSummaryHistGB,ChildSummaryHistGB,TX__HOUSEHOLD_1,1456,54,21211.359375,0.0693528057695784,mean_spl,0.3660759918742098
state_dept,1,ChildSummaryHistGB,ChildSummaryHistGB,TX__HOUSEHOLD_2,1456,55,6183.01953125,0.02021604297203564,mean_spl,0.24919956567070192
state_dept,1,ChildSummaryHistGB,ChildSummaryHistGB,WI__FOODS_1,1456,56,8472.6201171875,0.02770213671638984,mean_spl,0.2032002664677369
state_dept,1,ChildSummaryHistGB,ChildSummaryHistGB,WI__FOODS_2,1456,57,12217.0,0.03994478680539254,mean_spl,0.3709588103231651
state_dept,1,ChildSummaryHistGB,ChildSummaryHistGB,WI__FOODS_3,1456,58,29846.76171875,0.09758717636791522,mean_spl,0.40070986716785684
state_dept,1,ChildSummaryHistGB,ChildSummaryHistGB,WI__HOBBIES_1,1456,59,6511.15966796875,0.02128893220863405,mean_spl,0.1826887657173861
state_dept,1,ChildSummaryHistGB,ChildSummaryHistGB,WI__HOBBIES_2,1456,60,583.5599975585938,0.0019080117615317524,mean_spl,0.34461229285742184
state_dept,1,ChildSummaryHistGB,ChildSummaryHistGB,WI__HOUSEHOLD_1,1456,61,17843.080078125,0.058339856730150616,mean_spl,0.5826168122967085
state_dept,1,ChildSummaryHistGB,ChildSummaryHistGB,WI__HOUSEHOLD_2,1456,62,3920.840087890625,0.012819605583107766,mean_spl,0.1868440923274431
state_dept,1,ChildSummaryHistGB,ChildSummaryHistGB,CA__FOODS_1,1484,63,18270.888671875,0.054742099455031716,mean_spl,0.32712199527793484
state_dept,1,ChildSummaryHistGB,ChildSummaryHistGB,CA__FOODS_2,1484,64,11357.849609375,0.034029682084855795,mean_spl,0.12118872053179211
state_dept,1,ChildSummaryHistGB,ChildSummaryHistGB,CA__FOODS_3,1484,65,55400.4765625,0.16598745974020004,mean_spl,0.24697067242985352
state_dept,1,ChildSummaryHistGB,ChildSummaryHistGB,CA__HOBBIES_1,1484,66,16027.66015625,0.04802107779549221,mean_spl,0.20263898811376643
state_dept,1,ChildSummaryHistGB,ChildSummaryHistGB,CA__HOBBIES_2,1484,67,479.4800109863281,0.0014365881659887357,mean_spl,0.262223367579934
state_dept,1,ChildSummaryHistGB,ChildSummaryHistGB,CA__HOUSEHOLD_1,1484,68,28883.357421875,0.0865385178016768,mean_spl,0.22503795172216445
state_dept,1,ChildSummaryHistGB,ChildSummaryHistGB,CA__HOUSEHOLD_2,1484,69,12078.5498046875,0.03618899915353174,mean_spl,0.2273886548747496
state_dept,1,ChildSummaryHistGB,ChildSummaryHistGB,TX__FOODS_1,1484,70,4299.25,0.012881145263849553,mean_spl,0.35386368963387194
state_dept,1,ChildSummaryHistGB,ChildSummaryHistGB,TX__FOODS_2,1484,71,15832.4296875,0.047436140416205544,mean_spl,0.21687405718877037
state_dept,1,ChildSummaryHistGB,ChildSummaryHistGB,TX__FOODS_3,1484,72,33689.53125,0.1009384766883175,mean_spl,0.20794219738254135
state_dept,1,ChildSummaryHistGB,ChildSummaryHistGB,TX__HOBBIES_1,1484,73,12314.9306640625,0.03689722877200077,mean_spl,0.23976757781320523
state_dept,1,ChildSummaryHistGB,ChildSummaryHistGB,TX__HOBBIES_2,1484,74,810.8299560546875,0.0024293582481179693,mean_spl,0.34840744434793824
state_dept,1,ChildSummaryHistGB,ChildSummaryHistGB,TX__HOUSEHOLD_1,1484,75,26209.41796875,0.07852702683873174,mean_spl,0.257030585348032
state_dept,1,ChildSummaryHistGB,ChildSummaryHistGB,TX__HOUSEHOLD_2,1484,76,7332.7197265625,0.021969838454834387,mean_spl,0.2797226420663712
state_dept,1,ChildSummaryHistGB,ChildSummaryHistGB,WI__FOODS_1,1484,77,9592.98046875,0.028741891011511388,mean_spl,0.18044075395980713
state_dept,1,ChildSummaryHistGB,ChildSummaryHistGB,WI__FOODS_2,1484,78,14454.66015625,0.04330815309931605,mean_spl,0.32747951815742693
state_dept,1,ChildSummaryHistGB,ChildSummaryHistGB,WI__FOODS_3,1484,79,31937.263671875,0.0956884416322119,mean_spl,0.30131968714417967
state_dept,1,ChildSummaryHistGB,ChildSummaryHistGB,WI__HOBBIES_1,1484,80,7323.49951171875,0.021942213420987497,mean_spl,0.15264615889499317
state_dept,1,ChildSummaryHistGB,ChildSummaryHistGB,WI__HOBBIES_2,1484,81,685.72998046875,0.0020545414875140283,mean_spl,0.2910816986771835
state_dept,1,ChildSummaryHistGB,ChildSummaryHistGB,WI__HOUSEHOLD_1,1484,82,22292.109375,0.06679023064418153,mean_spl,0.4373580900671855
state_dept,1,ChildSummaryHistGB,ChildSummaryHistGB,WI__HOUSEHOLD_2,1484,83,4489.40966796875,0.013450889825443057,mean_spl,0.18106521338232892
state_dept,1,BottomUpGlobalHistGB,BottomUpGlobalHistGB,CA__FOODS_1,1400,0,11129.3388671875,0.0352468027749905,rmsse,1.8015691472342121
state_dept,1,BottomUpGlobalHistGB,BottomUpGlobalHistGB,CA__FOODS_2,1400,1,13459.5107421875,0.042626496168288196,rmsse,1.062656214417802
state_dept,1,BottomUpGlobalHistGB,BottomUpGlobalHistGB,CA__FOODS_3,1400,2,62250.08984375,0.19714707815367039,rmsse,1.1365604716295583
state_dept,1,BottomUpGlobalHistGB,BottomUpGlobalHistGB,CA__HOBBIES_1,1400,3,14995.9404296875,0.047492394746739705,rmsse,0.8212885061082531
state_dept,1,BottomUpGlobalHistGB,BottomUpGlobalHistGB,CA__HOBBIES_2,1400,4,618.9100952148438,0.00196009864753098,rmsse,1.3667098133237379
state_dept,1,BottomUpGlobalHistGB,BottomUpGlobalHistGB,CA__HOUSEHOLD_1,1400,5,31309.26953125,0.09915698150323884,rmsse,1.037598283309253
state_dept,1,BottomUpGlobalHistGB,BottomUpGlobalHistGB,CA__HOUSEHOLD_2,1400,6,10874.3515625,0.0344392537062004,rmsse,1.2948385470244506
state_dept,1,BottomUpGlobalHistGB,BottomUpGlobalHistGB,TX__FOODS_1,1400,7,4019.579833984375,0.012730076722210515,rmsse,1.0855252993115112
state_dept,1,BottomUpGlobalHistGB,BottomUpGlobalHistGB,TX__FOODS_2,1400,8,15157.2705078125,0.048003329808849346,rmsse,1.0517896420560306
state_dept,1,BottomUpGlobalHistGB,BottomUpGlobalHistGB,TX__FOODS_3,1400,9,32038.80859375,0.10146744394484901,rmsse,1.071652386830308
state_dept,1,BottomUpGlobalHistGB,BottomUpGlobalHistGB,TX__HOBBIES_1,1400,10,9477.8681640625,0.03001656737139983,rmsse,0.8123749867148993
state_dept,1,BottomUpGlobalHistGB,BottomUpGlobalHistGB,TX__HOBBIES_2,1400,11,992.8200073242188,0.003144277607755567,rmsse,1.6016226605962236
state_dept,1,BottomUpGlobalHistGB,BottomUpGlobalHistGB,TX__HOUSEHOLD_1,1400,12,20522.638671875,0.06499554073446692,rmsse,0.8744428794971318
state_dept,1,BottomUpGlobalHistGB,BottomUpGlobalHistGB,TX__HOUSEHOLD_2,1400,13,6885.9296875,0.021807854762454462,rmsse,1.2567470050908216
state_dept,1,BottomUpGlobalHistGB,BottomUpGlobalHistGB,WI__FOODS_1,1400,14,7490.36962890625,0.023722126190282484,rmsse,1.0041478758487166
state_dept,1,BottomUpGlobalHistGB,BottomUpGlobalHistGB,WI__FOODS_2,1400,15,12884.580078125,0.04080568111652885,rmsse,1.0752742147948762
state_dept,1,BottomUpGlobalHistGB,BottomUpGlobalHistGB,WI__FOODS_3,1400,16,29967.98046875,0.09490909655568161,rmsse,0.8229261695444571
state_dept,1,BottomUpGlobalHistGB,BottomUpGlobalHistGB,WI__HOBBIES_1,1400,17,6324.50927734375,0.0200298269113147,rmsse,0.5932576324488111
state_dept,1,BottomUpGlobalHistGB,BottomUpGlobalHistGB,WI__HOBBIES_2,1400,18,1059.3499755859375,0.0033549791326108144,rmsse,1.402941067279928
state_dept,1,BottomUpGlobalHistGB,BottomUpGlobalHistGB,WI__HOUSEHOLD_1,1400,19,19540.568359375,0.06188530759043756,rmsse,0.9977454694976406
state_dept,1,BottomUpGlobalHistGB,BottomUpGlobalHistGB,WI__HOUSEHOLD_2,1400,20,4754.88037109375,0.015058785850499303,rmsse,1.8246523429014034
state_dept,1,BottomUpGlobalHistGB,BottomUpGlobalHistGB,CA__FOODS_1,1428,21,14265.3603515625,0.048087506381046426,rmsse,0.9895364180443539
state_dept,1,BottomUpGlobalHistGB,BottomUpGlobalHistGB,CA__FOODS_2,1428,22,11685.4794921875,0.039390913078799675,rmsse,0.7538347562025566
state_dept,1,BottomUpGlobalHistGB,BottomUpGlobalHistGB,CA__FOODS_3,1428,23,50730.578125,0.17100913956463148,rmsse,0.8973281583074876
state_dept,1,BottomUpGlobalHistGB,BottomUpGlobalHistGB,CA__HOBBIES_1,1428,24,15861.0712890625,0.0534665334787343,rmsse,0.5319372226200487
state_dept,1,BottomUpGlobalHistGB,BottomUpGlobalHistGB,CA__HOBBIES_2,1428,25,753.5299682617188,0.0025400954665071754,rmsse,2.399763221083049
state_dept,1,BottomUpGlobalHistGB,BottomUpGlobalHistGB,CA__HOUSEHOLD_1,1428,26,28582.958984375,0.09635110426073272,rmsse,0.8717932706295746
state_dept,1,BottomUpGlobalHistGB,BottomUpGlobalHistGB,CA__HOUSEHOLD_2,1428,27,10560.5908203125,0.03559899406282956,rmsse,1.0612781900718478
state_dept,1,BottomUpGlobalHistGB,BottomUpGlobalHistGB,TX__FOODS_1,1428,28,4200.13037109375,0.014158338173285276,rmsse,1.1109196372714496
state_dept,1,BottomUpGlobalHistGB,BottomUpGlobalHistGB,TX__FOODS_2,1428,29,13964.58984375,0.04707363057579346,rmsse,1.0513144647938757
state_dept,1,BottomUpGlobalHistGB,BottomUpGlobalHistGB,TX__FOODS_3,1428,30,33707.9453125,0.11362706551813571,rmsse,0.6018360589196223
state_dept,1,BottomUpGlobalHistGB,BottomUpGlobalHistGB,TX__HOBBIES_1,1428,31,9331.8701171875,0.031457064718186295,rmsse,0.8553330807023615
state_dept,1,BottomUpGlobalHistGB,BottomUpGlobalHistGB,TX__HOBBIES_2,1428,32,954.6900024414062,0.0032181915109697127,rmsse,2.112515094228435
state_dept,1,BottomUpGlobalHistGB,BottomUpGlobalHistGB,TX__HOUSEHOLD_1,1428,33,18947.720703125,0.06387140722442458,rmsse,0.9586562556162896
state_dept,1,BottomUpGlobalHistGB,BottomUpGlobalHistGB,TX__HOUSEHOLD_2,1428,34,6624.69970703125,0.022331387471714925,rmsse,1.3462587944391966
state_dept,1,BottomUpGlobalHistGB,BottomUpGlobalHistGB,WI__FOODS_1,1428,35,8497.2998046875,0.028643788064899377,rmsse,0.7917240521813985
state_dept,1,BottomUpGlobalHistGB,BottomUpGlobalHistGB,WI__FOODS_2,1428,36,11274.2197265625,0.038004585911705455,rmsse,0.7735647462206687
state_dept,1,BottomUpGlobalHistGB,BottomUpGlobalHistGB,WI__FOODS_3,1428,37,27061.490234375,0.09122234225114394,rmsse,0.7372607650280002
state_dept,1,BottomUpGlobalHistGB,BottomUpGlobalHistGB,WI__HOBBIES_1,1428,38,6226.57958984375,0.020989353116895426,rmsse,0.8747039298690532
state_dept,1,BottomUpGlobalHistGB,BottomUpGlobalHistGB,WI__HOBBIES_2,1428,39,1076.0499267578125,0.0036272871097590754,rmsse,2.4018295810544354
state_dept,1,BottomUpGlobalHistGB,BottomUpGlobalHistGB,WI__HOUSEHOLD_1,1428,40,18266.427734375,0.06157481750115556,rmsse,1.0340851735624523
state_dept,1,BottomUpGlobalHistGB,BottomUpGlobalHistGB,WI__HOUSEHOLD_2,1428,41,4080.909912109375,0.01375645455864988,rmsse,1.8960884697999696
state_dept,1,BottomUpGlobalHistGB,BottomUpGlobalHistGB,CA__FOODS_1,1456,42,12861.7802734375,0.04205296479989067,rmsse,1.239886379283016
state_dept,1,BottomUpGlobalHistGB,BottomUpGlobalHistGB,CA__FOODS_2,1456,43,10985.7490234375,0.03591908018652372,rmsse,0.7735986040121196
state_dept,1,BottomUpGlobalHistGB,BottomUpGlobalHistGB,CA__FOODS_3,1456,44,55408.58203125,0.18116427899053658,rmsse,0.6043096499164674
state_dept,1,BottomUpGlobalHistGB,BottomUpGlobalHistGB,CA__HOBBIES_1,1456,45,15754.3994140625,0.05151069213732731,rmsse,0.5471784388833354
state_dept,1,BottomUpGlobalHistGB,BottomUpGlobalHistGB,CA__HOBBIES_2,1456,46,525.1099853515625,0.0017169032016248642,rmsse,1.811043122010966
state_dept,1,BottomUpGlobalHistGB,BottomUpGlobalHistGB,CA__HOUSEHOLD_1,1456,47,27565.529296875,0.09012844323004618,rmsse,0.6683571598637037
state_dept,1,BottomUpGlobalHistGB,BottomUpGlobalHistGB,CA__HOUSEHOLD_2,1456,48,10496.9609375,0.034320935315787095,rmsse,0.8441012592266142
state_dept,1,BottomUpGlobalHistGB,BottomUpGlobalHistGB,TX__FOODS_1,1456,49,4201.60986328125,0.013737612362135061,rmsse,1.4489669876102451
state_dept,1,BottomUpGlobalHistGB,BottomUpGlobalHistGB,TX__FOODS_2,1456,50,15896.2587890625,0.05197451652062282,rmsse,0.8504663877505269
state_dept,1,BottomUpGlobalHistGB,BottomUpGlobalHistGB,TX__FOODS_3,1456,51,33023.9609375,0.10797536867627476,rmsse,0.8690525258097102
state_dept,1,BottomUpGlobalHistGB,BottomUpGlobalHistGB,TX__HOBBIES_1,1456,52,11740.7587890625,0.03838766528301877,rmsse,0.6612885230641145
state_dept,1,BottomUpGlobalHistGB,BottomUpGlobalHistGB,TX__HOBBIES_2,1456,53,597.070068359375,0.0019521843814763351,rmsse,1.6446067967553848
state_dept,1,BottomUpGlobalHistGB,BottomUpGlobalHistGB,TX__HOUSEHOLD_1,1456,54,21211.359375,0.0693528057695784,rmsse,1.0542147310256713
state_dept,1,BottomUpGlobalHistGB,BottomUpGlobalHistGB,TX__HOUSEHOLD_2,1456,55,6183.01953125,0.02021604297203564,rmsse,0.780380809099197
state_dept,1,BottomUpGlobalHistGB,BottomUpGlobalHistGB,WI__FOODS_1,1456,56,8472.6201171875,0.02770213671638984,rmsse,0.9071583536495404
state_dept,1,BottomUpGlobalHistGB,BottomUpGlobalHistGB,WI__FOODS_2,1456,57,12217.0,0.03994478680539254,rmsse,1.2695916927133748
state_dept,1,BottomUpGlobalHistGB,BottomUpGlobalHistGB,WI__FOODS_3,1456,58,29846.76171875,0.09758717636791522,rmsse,1.0193358638024166
state_dept,1,BottomUpGlobalHistGB,BottomUpGlobalHistGB,WI__HOBBIES_1,1456,59,6511.15966796875,0.02128893220863405,rmsse,0.6927029082499999
state_dept,1,BottomUpGlobalHistGB,BottomUpGlobalHistGB,WI__HOBBIES_2,1456,60,583.5599975585938,0.0019080117615317524,rmsse,1.518310298830229
state_dept,1,BottomUpGlobalHistGB,BottomUpGlobalHistGB,WI__HOUSEHOLD_1,1456,61,17843.080078125,0.058339856730150616,rmsse,1.9187422992259253
state_dept,1,BottomUpGlobalHistGB,BottomUpGlobalHistGB,WI__HOUSEHOLD_2,1456,62,3920.840087890625,0.012819605583107766,rmsse,1.361695257197974
state_dept,1,BottomUpGlobalHistGB,BottomUpGlobalHistGB,CA__FOODS_1,1484,63,18270.888671875,0.054742099455031716,rmsse,1.864650376389191
state_dept,1,BottomUpGlobalHistGB,BottomUpGlobalHistGB,CA__FOODS_2,1484,64,11357.849609375,0.034029682084855795,rmsse,0.6386203152747668
state_dept,1,BottomUpGlobalHistGB,BottomUpGlobalHistGB,CA__FOODS_3,1484,65,55400.4765625,0.16598745974020004,rmsse,0.5974972056824593
state_dept,1,BottomUpGlobalHistGB,BottomUpGlobalHistGB,CA__HOBBIES_1,1484,66,16027.66015625,0.04802107779549221,rmsse,0.59812008443072
state_dept,1,BottomUpGlobalHistGB,BottomUpGlobalHistGB,CA__HOBBIES_2,1484,67,479.4800109863281,0.0014365881659887357,rmsse,1.7817531289163606
state_dept,1,BottomUpGlobalHistGB,BottomUpGlobalHistGB,CA__HOUSEHOLD_1,1484,68,28883.357421875,0.0865385178016768,rmsse,0.7375466426849722
state_dept,1,BottomUpGlobalHistGB,BottomUpGlobalHistGB,CA__HOUSEHOLD_2,1484,69,12078.5498046875,0.03618899915353174,rmsse,0.6346617672356032
state_dept,1,BottomUpGlobalHistGB,BottomUpGlobalHistGB,TX__FOODS_1,1484,70,4299.25,0.012881145263849553,rmsse,1.4158250669839842
state_dept,1,BottomUpGlobalHistGB,BottomUpGlobalHistGB,TX__FOODS_2,1484,71,15832.4296875,0.047436140416205544,rmsse,0.7291090555377531
state_dept,1,BottomUpGlobalHistGB,BottomUpGlobalHistGB,TX__FOODS_3,1484,72,33689.53125,0.1009384766883175,rmsse,0.6664256382135303
state_dept,1,BottomUpGlobalHistGB,BottomUpGlobalHistGB,TX__HOBBIES_1,1484,73,12314.9306640625,0.03689722877200077,rmsse,0.7613257267024455
state_dept,1,BottomUpGlobalHistGB,BottomUpGlobalHistGB,TX__HOBBIES_2,1484,74,810.8299560546875,0.0024293582481179693,rmsse,1.3627257137429387
state_dept,1,BottomUpGlobalHistGB,BottomUpGlobalHistGB,TX__HOUSEHOLD_1,1484,75,26209.41796875,0.07852702683873174,rmsse,0.9452994138847587
state_dept,1,BottomUpGlobalHistGB,BottomUpGlobalHistGB,TX__HOUSEHOLD_2,1484,76,7332.7197265625,0.021969838454834387,rmsse,0.7865572300653253
state_dept,1,BottomUpGlobalHistGB,BottomUpGlobalHistGB,WI__FOODS_1,1484,77,9592.98046875,0.028741891011511388,rmsse,0.7352624697867427
state_dept,1,BottomUpGlobalHistGB,BottomUpGlobalHistGB,WI__FOODS_2,1484,78,14454.66015625,0.04330815309931605,rmsse,0.8794151158196004
state_dept,1,BottomUpGlobalHistGB,BottomUpGlobalHistGB,WI__FOODS_3,1484,79,31937.263671875,0.0956884416322119,rmsse,0.5997130076258683
state_dept,1,BottomUpGlobalHistGB,BottomUpGlobalHistGB,WI__HOBBIES_1,1484,80,7323.49951171875,0.021942213420987497,rmsse,0.621897657472802
state_dept,1,BottomUpGlobalHistGB,BottomUpGlobalHistGB,WI__HOBBIES_2,1484,81,685.72998046875,0.0020545414875140283,rmsse,1.2253076924457666
state_dept,1,BottomUpGlobalHistGB,BottomUpGlobalHistGB,WI__HOUSEHOLD_1,1484,82,22292.109375,0.06679023064418153,rmsse,1.189155746903391
state_dept,1,BottomUpGlobalHistGB,BottomUpGlobalHistGB,WI__HOUSEHOLD_2,1484,83,4489.40966796875,0.013450889825443057,rmsse,1.4371377029851062
state_dept,1,BottomUpGlobalHistGB,BottomUpGlobalHistGB,CA__FOODS_1,1400,0,11129.3388671875,0.0352468027749905,mean_spl,0.5402448490320246
state_dept,1,BottomUpGlobalHistGB,BottomUpGlobalHistGB,CA__FOODS_2,1400,1,13459.5107421875,0.042626496168288196,mean_spl,0.26915195911709
state_dept,1,BottomUpGlobalHistGB,BottomUpGlobalHistGB,CA__FOODS_3,1400,2,62250.08984375,0.19714707815367039,mean_spl,0.49766750742443566
state_dept,1,BottomUpGlobalHistGB,BottomUpGlobalHistGB,CA__HOBBIES_1,1400,3,14995.9404296875,0.047492394746739705,mean_spl,0.20033514069557642
state_dept,1,BottomUpGlobalHistGB,BottomUpGlobalHistGB,CA__HOBBIES_2,1400,4,618.9100952148438,0.00196009864753098,mean_spl,0.5596284557351752
state_dept,1,BottomUpGlobalHistGB,BottomUpGlobalHistGB,CA__HOUSEHOLD_1,1400,5,31309.26953125,0.09915698150323884,mean_spl,0.2730261698674318
state_dept,1,BottomUpGlobalHistGB,BottomUpGlobalHistGB,CA__HOUSEHOLD_2,1400,6,10874.3515625,0.0344392537062004,mean_spl,0.2951599289228973
state_dept,1,BottomUpGlobalHistGB,BottomUpGlobalHistGB,TX__FOODS_1,1400,7,4019.579833984375,0.012730076722210515,mean_spl,0.32726206697912197
state_dept,1,BottomUpGlobalHistGB,BottomUpGlobalHistGB,TX__FOODS_2,1400,8,15157.2705078125,0.048003329808849346,mean_spl,0.24822223615484917
state_dept,1,BottomUpGlobalHistGB,BottomUpGlobalHistGB,TX__FOODS_3,1400,9,32038.80859375,0.10146744394484901,mean_spl,0.31187621598112386
state_dept,1,BottomUpGlobalHistGB,BottomUpGlobalHistGB,TX__HOBBIES_1,1400,10,9477.8681640625,0.03001656737139983,mean_spl,0.1985504906704457
state_dept,1,BottomUpGlobalHistGB,BottomUpGlobalHistGB,TX__HOBBIES_2,1400,11,992.8200073242188,0.003144277607755567,mean_spl,0.6985067769407404
state_dept,1,BottomUpGlobalHistGB,BottomUpGlobalHistGB,TX__HOUSEHOLD_1,1400,12,20522.638671875,0.06499554073446692,mean_spl,0.20443074499242958
state_dept,1,BottomUpGlobalHistGB,BottomUpGlobalHistGB,TX__HOUSEHOLD_2,1400,13,6885.9296875,0.021807854762454462,mean_spl,0.2883732059122306
state_dept,1,BottomUpGlobalHistGB,BottomUpGlobalHistGB,WI__FOODS_1,1400,14,7490.36962890625,0.023722126190282484,mean_spl,0.27893817376909463
state_dept,1,BottomUpGlobalHistGB,BottomUpGlobalHistGB,WI__FOODS_2,1400,15,12884.580078125,0.04080568111652885,mean_spl,0.29105238684264356
state_dept,1,BottomUpGlobalHistGB,BottomUpGlobalHistGB,WI__FOODS_3,1400,16,29967.98046875,0.09490909655568161,mean_spl,0.2301458302044964
state_dept,1,BottomUpGlobalHistGB,BottomUpGlobalHistGB,WI__HOBBIES_1,1400,17,6324.50927734375,0.0200298269113147,mean_spl,0.15431979994021294
state_dept,1,BottomUpGlobalHistGB,BottomUpGlobalHistGB,WI__HOBBIES_2,1400,18,1059.3499755859375,0.0033549791326108144,mean_spl,0.6484633296785762
state_dept,1,BottomUpGlobalHistGB,BottomUpGlobalHistGB,WI__HOUSEHOLD_1,1400,19,19540.568359375,0.06188530759043756,mean_spl,0.24601384682415686
state_dept,1,BottomUpGlobalHistGB,BottomUpGlobalHistGB,WI__HOUSEHOLD_2,1400,20,4754.88037109375,0.015058785850499303,mean_spl,0.3972559139895615
state_dept,1,BottomUpGlobalHistGB,BottomUpGlobalHistGB,CA__FOODS_1,1428,21,14265.3603515625,0.048087506381046426,mean_spl,0.24865655274243398
state_dept,1,BottomUpGlobalHistGB,BottomUpGlobalHistGB,CA__FOODS_2,1428,22,11685.4794921875,0.039390913078799675,mean_spl,0.17749130830141566
state_dept,1,BottomUpGlobalHistGB,BottomUpGlobalHistGB,CA__FOODS_3,1428,23,50730.578125,0.17100913956463148,mean_spl,0.35167560328741426
state_dept,1,BottomUpGlobalHistGB,BottomUpGlobalHistGB,CA__HOBBIES_1,1428,24,15861.0712890625,0.0534665334787343,mean_spl,0.1305678004833541
state_dept,1,BottomUpGlobalHistGB,BottomUpGlobalHistGB,CA__HOBBIES_2,1428,25,753.5299682617188,0.0025400954665071754,mean_spl,0.5917600023672327
state_dept,1,BottomUpGlobalHistGB,BottomUpGlobalHistGB,CA__HOUSEHOLD_1,1428,26,28582.958984375,0.09635110426073272,mean_spl,0.24062977846217462
state_dept,1,BottomUpGlobalHistGB,BottomUpGlobalHistGB,CA__HOUSEHOLD_2,1428,27,10560.5908203125,0.03559899406282956,mean_spl,0.25187619122041716
state_dept,1,BottomUpGlobalHistGB,BottomUpGlobalHistGB,TX__FOODS_1,1428,28,4200.13037109375,0.014158338173285276,mean_spl,0.2962078875116092
state_dept,1,BottomUpGlobalHistGB,BottomUpGlobalHistGB,TX__FOODS_2,1428,29,13964.58984375,0.04707363057579346,mean_spl,0.28477858695306374
state_dept,1,BottomUpGlobalHistGB,BottomUpGlobalHistGB,TX__FOODS_3,1428,30,33707.9453125,0.11362706551813571,mean_spl,0.18267049701742946
state_dept,1,BottomUpGlobalHistGB,BottomUpGlobalHistGB,TX__HOBBIES_1,1428,31,9331.8701171875,0.031457064718186295,mean_spl,0.2150542389848401
state_dept,1,BottomUpGlobalHistGB,BottomUpGlobalHistGB,TX__HOBBIES_2,1428,32,954.6900024414062,0.0032181915109697127,mean_spl,0.674882603807767
state_dept,1,BottomUpGlobalHistGB,BottomUpGlobalHistGB,TX__HOUSEHOLD_1,1428,33,18947.720703125,0.06387140722442458,mean_spl,0.2557426086385164
state_dept,1,BottomUpGlobalHistGB,BottomUpGlobalHistGB,TX__HOUSEHOLD_2,1428,34,6624.69970703125,0.022331387471714925,mean_spl,0.2982163923445386
state_dept,1,BottomUpGlobalHistGB,BottomUpGlobalHistGB,WI__FOODS_1,1428,35,8497.2998046875,0.028643788064899377,mean_spl,0.21743556340246878
state_dept,1,BottomUpGlobalHistGB,BottomUpGlobalHistGB,WI__FOODS_2,1428,36,11274.2197265625,0.038004585911705455,mean_spl,0.20509014151579988
state_dept,1,BottomUpGlobalHistGB,BottomUpGlobalHistGB,WI__FOODS_3,1428,37,27061.490234375,0.09122234225114394,mean_spl,0.24392221489289342
state_dept,1,BottomUpGlobalHistGB,BottomUpGlobalHistGB,WI__HOBBIES_1,1428,38,6226.57958984375,0.020989353116895426,mean_spl,0.21330286176882168
state_dept,1,BottomUpGlobalHistGB,BottomUpGlobalHistGB,WI__HOBBIES_2,1428,39,1076.0499267578125,0.0036272871097590754,mean_spl,0.6446544244324212
state_dept,1,BottomUpGlobalHistGB,BottomUpGlobalHistGB,WI__HOUSEHOLD_1,1428,40,18266.427734375,0.06157481750115556,mean_spl,0.27072632541630326
state_dept,1,BottomUpGlobalHistGB,BottomUpGlobalHistGB,WI__HOUSEHOLD_2,1428,41,4080.909912109375,0.01375645455864988,mean_spl,0.40523445367923633
state_dept,1,BottomUpGlobalHistGB,BottomUpGlobalHistGB,CA__FOODS_1,1456,42,12861.7802734375,0.04205296479989067,mean_spl,0.29989292569589393
state_dept,1,BottomUpGlobalHistGB,BottomUpGlobalHistGB,CA__FOODS_2,1456,43,10985.7490234375,0.03591908018652372,mean_spl,0.17577461005069864
state_dept,1,BottomUpGlobalHistGB,BottomUpGlobalHistGB,CA__FOODS_3,1456,44,55408.58203125,0.18116427899053658,mean_spl,0.20986632254461746
state_dept,1,BottomUpGlobalHistGB,BottomUpGlobalHistGB,CA__HOBBIES_1,1456,45,15754.3994140625,0.05151069213732731,mean_spl,0.13935642901161827
state_dept,1,BottomUpGlobalHistGB,BottomUpGlobalHistGB,CA__HOBBIES_2,1456,46,525.1099853515625,0.0017169032016248642,mean_spl,0.5498547302500378
state_dept,1,BottomUpGlobalHistGB,BottomUpGlobalHistGB,CA__HOUSEHOLD_1,1456,47,27565.529296875,0.09012844323004618,mean_spl,0.17443447021205405
state_dept,1,BottomUpGlobalHistGB,BottomUpGlobalHistGB,CA__HOUSEHOLD_2,1456,48,10496.9609375,0.034320935315787095,mean_spl,0.22116093076111748
state_dept,1,BottomUpGlobalHistGB,BottomUpGlobalHistGB,TX__FOODS_1,1456,49,4201.60986328125,0.013737612362135061,mean_spl,0.35943949046817075
state_dept,1,BottomUpGlobalHistGB,BottomUpGlobalHistGB,TX__FOODS_2,1456,50,15896.2587890625,0.05197451652062282,mean_spl,0.20959508082326309
state_dept,1,BottomUpGlobalHistGB,BottomUpGlobalHistGB,TX__FOODS_3,1456,51,33023.9609375,0.10797536867627476,mean_spl,0.2630579369455357
state_dept,1,BottomUpGlobalHistGB,BottomUpGlobalHistGB,TX__HOBBIES_1,1456,52,11740.7587890625,0.03838766528301877,mean_spl,0.196861597028551
state_dept,1,BottomUpGlobalHistGB,BottomUpGlobalHistGB,TX__HOBBIES_2,1456,53,597.070068359375,0.0019521843814763351,mean_spl,0.6919635958692476
state_dept,1,BottomUpGlobalHistGB,BottomUpGlobalHistGB,TX__HOUSEHOLD_1,1456,54,21211.359375,0.0693528057695784,mean_spl,0.296619689864728
state_dept,1,BottomUpGlobalHistGB,BottomUpGlobalHistGB,TX__HOUSEHOLD_2,1456,55,6183.01953125,0.02021604297203564,mean_spl,0.24956581690127175
state_dept,1,BottomUpGlobalHistGB,BottomUpGlobalHistGB,WI__FOODS_1,1456,56,8472.6201171875,0.02770213671638984,mean_spl,0.2583624396764675
state_dept,1,BottomUpGlobalHistGB,BottomUpGlobalHistGB,WI__FOODS_2,1456,57,12217.0,0.03994478680539254,mean_spl,0.3406385479594226
state_dept,1,BottomUpGlobalHistGB,BottomUpGlobalHistGB,WI__FOODS_3,1456,58,29846.76171875,0.09758717636791522,mean_spl,0.3310682903774118
state_dept,1,BottomUpGlobalHistGB,BottomUpGlobalHistGB,WI__HOBBIES_1,1456,59,6511.15966796875,0.02128893220863405,mean_spl,0.17190630433497642
state_dept,1,BottomUpGlobalHistGB,BottomUpGlobalHistGB,WI__HOBBIES_2,1456,60,583.5599975585938,0.0019080117615317524,mean_spl,0.6033064529700503
state_dept,1,BottomUpGlobalHistGB,BottomUpGlobalHistGB,WI__HOUSEHOLD_1,1456,61,17843.080078125,0.058339856730150616,mean_spl,0.5634509985376384
state_dept,1,BottomUpGlobalHistGB,BottomUpGlobalHistGB,WI__HOUSEHOLD_2,1456,62,3920.840087890625,0.012819605583107766,mean_spl,0.32906423998563533
state_dept,1,BottomUpGlobalHistGB,BottomUpGlobalHistGB,CA__FOODS_1,1484,63,18270.888671875,0.054742099455031716,mean_spl,0.5701338997862846
state_dept,1,BottomUpGlobalHistGB,BottomUpGlobalHistGB,CA__FOODS_2,1484,64,11357.849609375,0.034029682084855795,mean_spl,0.16522675035333248
state_dept,1,BottomUpGlobalHistGB,BottomUpGlobalHistGB,CA__FOODS_3,1484,65,55400.4765625,0.16598745974020004,mean_spl,0.1937654675793035
state_dept,1,BottomUpGlobalHistGB,BottomUpGlobalHistGB,CA__HOBBIES_1,1484,66,16027.66015625,0.04802107779549221,mean_spl,0.15401349199286346
state_dept,1,BottomUpGlobalHistGB,BottomUpGlobalHistGB,CA__HOBBIES_2,1484,67,479.4800109863281,0.0014365881659887357,mean_spl,0.5406063586690202
state_dept,1,BottomUpGlobalHistGB,BottomUpGlobalHistGB,CA__HOUSEHOLD_1,1484,68,28883.357421875,0.0865385178016768,mean_spl,0.19849051862441006
state_dept,1,BottomUpGlobalHistGB,BottomUpGlobalHistGB,CA__HOUSEHOLD_2,1484,69,12078.5498046875,0.03618899915353174,mean_spl,0.18757021400352591
state_dept,1,BottomUpGlobalHistGB,BottomUpGlobalHistGB,TX__FOODS_1,1484,70,4299.25,0.012881145263849553,mean_spl,0.30890358343600716
state_dept,1,BottomUpGlobalHistGB,BottomUpGlobalHistGB,TX__FOODS_2,1484,71,15832.4296875,0.047436140416205544,mean_spl,0.1893173373301894
state_dept,1,BottomUpGlobalHistGB,BottomUpGlobalHistGB,TX__FOODS_3,1484,72,33689.53125,0.1009384766883175,mean_spl,0.19725002659577828
state_dept,1,BottomUpGlobalHistGB,BottomUpGlobalHistGB,TX__HOBBIES_1,1484,73,12314.9306640625,0.03689722877200077,mean_spl,0.19741737547264965
state_dept,1,BottomUpGlobalHistGB,BottomUpGlobalHistGB,TX__HOBBIES_2,1484,74,810.8299560546875,0.0024293582481179693,mean_spl,0.6506360454987717
state_dept,1,BottomUpGlobalHistGB,BottomUpGlobalHistGB,TX__HOUSEHOLD_1,1484,75,26209.41796875,0.07852702683873174,mean_spl,0.2637956867651114
state_dept,1,BottomUpGlobalHistGB,BottomUpGlobalHistGB,TX__HOUSEHOLD_2,1484,76,7332.7197265625,0.021969838454834387,mean_spl,0.26378189007342084
state_dept,1,BottomUpGlobalHistGB,BottomUpGlobalHistGB,WI__FOODS_1,1484,77,9592.98046875,0.028741891011511388,mean_spl,0.1925389594067985
state_dept,1,BottomUpGlobalHistGB,BottomUpGlobalHistGB,WI__FOODS_2,1484,78,14454.66015625,0.04330815309931605,mean_spl,0.22892520509476075
state_dept,1,BottomUpGlobalHistGB,BottomUpGlobalHistGB,WI__FOODS_3,1484,79,31937.263671875,0.0956884416322119,mean_spl,0.19119762185244477
state_dept,1,BottomUpGlobalHistGB,BottomUpGlobalHistGB,WI__HOBBIES_1,1484,80,7323.49951171875,0.021942213420987497,mean_spl,0.161941826423244
state_dept,1,BottomUpGlobalHistGB,BottomUpGlobalHistGB,WI__HOBBIES_2,1484,81,685.72998046875,0.0020545414875140283,mean_spl,0.6027325623014662
state_dept,1,BottomUpGlobalHistGB,BottomUpGlobalHistGB,WI__HOUSEHOLD_1,1484,82,22292.109375,0.06679023064418153,mean_spl,0.3166745552932097
state_dept,1,BottomUpGlobalHistGB,BottomUpGlobalHistGB,WI__HOUSEHOLD_2,1484,83,4489.40966796875,0.013450889825443057,mean_spl,0.3339365550894334
state_dept,2,SeasonalNaive,SeasonalNaive,CA__FOODS_1,1456,0,12861.7802734375,0.04205296479989067,rmsse,1.5230616544558528
state_dept,2,SeasonalNaive,SeasonalNaive,CA__FOODS_2,1456,1,10985.7490234375,0.03591908018652372,rmsse,0.6772127585488157
state_dept,2,SeasonalNaive,SeasonalNaive,CA__FOODS_3,1456,2,55408.58203125,0.18116427899053658,rmsse,0.6720187309264163
state_dept,2,SeasonalNaive,SeasonalNaive,CA__HOBBIES_1,1456,3,15754.3994140625,0.05151069213732731,rmsse,0.6138508024765597
state_dept,2,SeasonalNaive,SeasonalNaive,CA__HOBBIES_2,1456,4,525.1099853515625,0.0017169032016248642,rmsse,1.3978742617295326
state_dept,2,SeasonalNaive,SeasonalNaive,CA__HOUSEHOLD_1,1456,5,27565.529296875,0.09012844323004618,rmsse,0.6882719317596092
state_dept,2,SeasonalNaive,SeasonalNaive,CA__HOUSEHOLD_2,1456,6,10496.9609375,0.034320935315787095,rmsse,0.948096775457432
state_dept,2,SeasonalNaive,SeasonalNaive,TX__FOODS_1,1456,7,4201.60986328125,0.013737612362135061,rmsse,1.9102511105019209
state_dept,2,SeasonalNaive,SeasonalNaive,TX__FOODS_2,1456,8,15896.2587890625,0.05197451652062282,rmsse,1.1019070168164518
state_dept,2,SeasonalNaive,SeasonalNaive,TX__FOODS_3,1456,9,33023.9609375,0.10797536867627476,rmsse,1.1130870570080564
state_dept,2,SeasonalNaive,SeasonalNaive,TX__HOBBIES_1,1456,10,11740.7587890625,0.03838766528301877,rmsse,1.0782753443997148
state_dept,2,SeasonalNaive,SeasonalNaive,TX__HOBBIES_2,1456,11,597.070068359375,0.0019521843814763351,rmsse,1.3382874733029475
state_dept,2,SeasonalNaive,SeasonalNaive,TX__HOUSEHOLD_1,1456,12,21211.359375,0.0693528057695784,rmsse,0.9681276803890951
state_dept,2,SeasonalNaive,SeasonalNaive,TX__HOUSEHOLD_2,1456,13,6183.01953125,0.02021604297203564,rmsse,1.0003898319779807
state_dept,2,SeasonalNaive,SeasonalNaive,WI__FOODS_1,1456,14,8472.6201171875,0.02770213671638984,rmsse,0.7498273277159128
state_dept,2,SeasonalNaive,SeasonalNaive,WI__FOODS_2,1456,15,12217.0,0.03994478680539254,rmsse,1.6834309645001078
state_dept,2,SeasonalNaive,SeasonalNaive,WI__FOODS_3,1456,16,29846.76171875,0.09758717636791522,rmsse,1.2884834192009036
state_dept,2,SeasonalNaive,SeasonalNaive,WI__HOBBIES_1,1456,17,6511.15966796875,0.02128893220863405,rmsse,0.9015852174444579
state_dept,2,SeasonalNaive,SeasonalNaive,WI__HOBBIES_2,1456,18,583.5599975585938,0.0019080117615317524,rmsse,0.8439170596506815
state_dept,2,SeasonalNaive,SeasonalNaive,WI__HOUSEHOLD_1,1456,19,17843.080078125,0.058339856730150616,rmsse,1.9104680564825713
state_dept,2,SeasonalNaive,SeasonalNaive,WI__HOUSEHOLD_2,1456,20,3920.840087890625,0.012819605583107766,rmsse,1.1255518832492761
state_dept,2,SeasonalNaive,SeasonalNaive,CA__FOODS_1,1484,21,18270.888671875,0.054742099455031716,rmsse,1.5881196186356217
state_dept,2,SeasonalNaive,SeasonalNaive,CA__FOODS_2,1484,22,11357.849609375,0.034029682084855795,rmsse,0.9132923793523373
state_dept,2,SeasonalNaive,SeasonalNaive,CA__FOODS_3,1484,23,55400.4765625,0.16598745974020004,rmsse,0.9930841266910392
state_dept,2,SeasonalNaive,SeasonalNaive,CA__HOBBIES_1,1484,24,16027.66015625,0.04802107779549221,rmsse,1.0761088261835978
state_dept,2,SeasonalNaive,SeasonalNaive,CA__HOBBIES_2,1484,25,479.4800109863281,0.0014365881659887357,rmsse,1.3398599006750518
state_dept,2,SeasonalNaive,SeasonalNaive,CA__HOUSEHOLD_1,1484,26,28883.357421875,0.0865385178016768,rmsse,0.6212475238440457
state_dept,2,SeasonalNaive,SeasonalNaive,CA__HOUSEHOLD_2,1484,27,12078.5498046875,0.03618899915353174,rmsse,1.2765701922033152
state_dept,2,SeasonalNaive,SeasonalNaive,TX__FOODS_1,1484,28,4299.25,0.012881145263849553,rmsse,1.047575712485915
state_dept,2,SeasonalNaive,SeasonalNaive,TX__FOODS_2,1484,29,15832.4296875,0.047436140416205544,rmsse,1.0773401182909277
state_dept,2,SeasonalNaive,SeasonalNaive,TX__FOODS_3,1484,30,33689.53125,0.1009384766883175,rmsse,0.7186991337733626
state_dept,2,SeasonalNaive,SeasonalNaive,TX__HOBBIES_1,1484,31,12314.9306640625,0.03689722877200077,rmsse,0.9323934437238794
state_dept,2,SeasonalNaive,SeasonalNaive,TX__HOBBIES_2,1484,32,810.8299560546875,0.0024293582481179693,rmsse,1.2030691044244137
state_dept,2,SeasonalNaive,SeasonalNaive,TX__HOUSEHOLD_1,1484,33,26209.41796875,0.07852702683873174,rmsse,1.101049754570514
state_dept,2,SeasonalNaive,SeasonalNaive,TX__HOUSEHOLD_2,1484,34,7332.7197265625,0.021969838454834387,rmsse,0.9688692485235109
state_dept,2,SeasonalNaive,SeasonalNaive,WI__FOODS_1,1484,35,9592.98046875,0.028741891011511388,rmsse,0.8180299425878925
state_dept,2,SeasonalNaive,SeasonalNaive,WI__FOODS_2,1484,36,14454.66015625,0.04330815309931605,rmsse,1.0903606380223327
state_dept,2,SeasonalNaive,SeasonalNaive,WI__FOODS_3,1484,37,31937.263671875,0.0956884416322119,rmsse,0.6779666772149736
state_dept,2,SeasonalNaive,SeasonalNaive,WI__HOBBIES_1,1484,38,7323.49951171875,0.021942213420987497,rmsse,0.6157028338006105
state_dept,2,SeasonalNaive,SeasonalNaive,WI__HOBBIES_2,1484,39,685.72998046875,0.0020545414875140283,rmsse,0.9301117855177045
state_dept,2,SeasonalNaive,SeasonalNaive,WI__HOUSEHOLD_1,1484,40,22292.109375,0.06679023064418153,rmsse,1.1690003917682281
state_dept,2,SeasonalNaive,SeasonalNaive,WI__HOUSEHOLD_2,1484,41,4489.40966796875,0.013450889825443057,rmsse,1.0953777840514594
state_dept,2,SeasonalNaive,SeasonalNaive,CA__FOODS_1,1512,42,10690.37890625,0.0314285961834405,rmsse,1.2829847490918773
state_dept,2,SeasonalNaive,SeasonalNaive,CA__FOODS_2,1512,43,11042.0703125,0.032462532144471354,rmsse,0.9799064210715328
state_dept,2,SeasonalNaive,SeasonalNaive,CA__FOODS_3,1512,44,59297.6171875,0.17432879428966014,rmsse,0.5110170665832785
state_dept,2,SeasonalNaive,SeasonalNaive,CA__HOBBIES_1,1512,45,16501.859375,0.04851374110505905,rmsse,0.7837078615404752
state_dept,2,SeasonalNaive,SeasonalNaive,CA__HOBBIES_2,1512,46,434.6900329589844,0.0012779432451030539,rmsse,1.513562383028765
state_dept,2,SeasonalNaive,SeasonalNaive,CA__HOUSEHOLD_1,1512,47,29146.7109375,0.08568828253548658,rmsse,0.6544830416232232
state_dept,2,SeasonalNaive,SeasonalNaive,CA__HOUSEHOLD_2,1512,48,13427.1103515625,0.039474300476200826,rmsse,0.974147646725115
state_dept,2,SeasonalNaive,SeasonalNaive,TX__FOODS_1,1512,49,3156.840087890625,0.009280779774794174,rmsse,1.2117279763270654
state_dept,2,SeasonalNaive,SeasonalNaive,TX__FOODS_2,1512,50,16051.3193359375,0.04718920049931041,rmsse,1.2270623503942995
state_dept,2,SeasonalNaive,SeasonalNaive,TX__FOODS_3,1512,51,36718.19921875,0.10794766639698256,rmsse,0.8655144024047844
state_dept,2,SeasonalNaive,SeasonalNaive,TX__HOBBIES_1,1512,52,14444.279296875,0.042464670818815414,rmsse,0.8616895835221743
state_dept,2,SeasonalNaive,SeasonalNaive,TX__HOBBIES_2,1512,53,721.3800048828125,0.002120781785855632,rmsse,1.032302260815308
state_dept,2,SeasonalNaive,SeasonalNaive,TX__HOUSEHOLD_1,1512,54,28868.6484375,0.08487080786008955,rmsse,0.9369762678786987
state_dept,2,SeasonalNaive,SeasonalNaive,TX__HOUSEHOLD_2,1512,55,8715.099609375,0.025621481588587347,rmsse,0.8663788080986624
state_dept,2,SeasonalNaive,SeasonalNaive,WI__FOODS_1,1512,56,9523.1796875,0.02799715252429438,rmsse,1.077171601315743
state_dept,2,SeasonalNaive,SeasonalNaive,WI__FOODS_2,1512,57,14241.740234375,0.04186922715283239,rmsse,1.6478105338105165
state_dept,2,SeasonalNaive,SeasonalNaive,WI__FOODS_3,1512,58,31636.806640625,0.09300890353479298,rmsse,0.9112214381040479
state_dept,2,SeasonalNaive,SeasonalNaive,WI__HOBBIES_1,1512,59,7993.810546875,0.023500967163828122,rmsse,0.9937260483529646
state_dept,2,SeasonalNaive,SeasonalNaive,WI__HOBBIES_2,1512,60,668.18994140625,0.00196440856086179,rmsse,1.138414140590002
state_dept,2,SeasonalNaive,SeasonalNaive,WI__HOUSEHOLD_1,1512,61,21880.921875,0.06432762241277876,rmsse,0.8555320146637979
state_dept,2,SeasonalNaive,SeasonalNaive,WI__HOUSEHOLD_2,1512,62,4987.2998046875,0.014662139946754997,rmsse,0.9956274101152729
state_dept,2,SeasonalNaive,SeasonalNaive,CA__FOODS_1,1540,63,12192.9306640625,0.035410846416928064,rmsse,0.7182291445638036
state_dept,2,SeasonalNaive,SeasonalNaive,CA__FOODS_2,1540,64,12227.5498046875,0.03551138771463028,rmsse,0.8115727294226917
state_dept,2,SeasonalNaive,SeasonalNaive,CA__FOODS_3,1540,65,64847.46484375,0.1883307369964228,rmsse,0.7338727133059372
state_dept,2,SeasonalNaive,SeasonalNaive,CA__HOBBIES_1,1540,66,16357.259765625,0.04750493784644838,rmsse,1.016622194224741
state_dept,2,SeasonalNaive,SeasonalNaive,CA__HOBBIES_2,1540,67,532.030029296875,0.001545127596940529,rmsse,1.2521414293988313
state_dept,2,SeasonalNaive,SeasonalNaive,CA__HOUSEHOLD_1,1540,68,32217.75,0.09356715203109894,rmsse,0.7707302806294939
state_dept,2,SeasonalNaive,SeasonalNaive,CA__HOUSEHOLD_2,1540,69,13982.7802734375,0.040608947790028105,rmsse,0.9379239770230691
state_dept,2,SeasonalNaive,SeasonalNaive,TX__FOODS_1,1540,70,3069.800048828125,0.008915347840050164,rmsse,0.8529306563281839
state_dept,2,SeasonalNaive,SeasonalNaive,TX__FOODS_2,1540,71,15332.8291015625,0.04452977478603431,rmsse,1.3043350120258623
state_dept,2,SeasonalNaive,SeasonalNaive,TX__FOODS_3,1540,72,37792.953125,0.10975871967319478,rmsse,0.8224048608616954
state_dept,2,SeasonalNaive,SeasonalNaive,TX__HOBBIES_1,1540,73,13112.2109375,0.0380806305298446,rmsse,1.0866645595032554
state_dept,2,SeasonalNaive,SeasonalNaive,TX__HOBBIES_2,1540,74,605.989990234375,0.0017599229476168861,rmsse,1.522527557496754
state_dept,2,SeasonalNaive,SeasonalNaive,TX__HOUSEHOLD_1,1540,75,28408.98046875,0.08250568070607202,rmsse,0.8490890036313798
state_dept,2,SeasonalNaive,SeasonalNaive,TX__HOUSEHOLD_2,1540,76,8188.3310546875,0.023780643175731208,rmsse,0.9069261180737969
state_dept,2,SeasonalNaive,SeasonalNaive,WI__FOODS_1,1540,77,10300.3486328125,0.029914388388378746,rmsse,1.0137097503046926
state_dept,2,SeasonalNaive,SeasonalNaive,WI__FOODS_2,1540,78,12159.419921875,0.03531352414243861,rmsse,1.2036104719776595
state_dept,2,SeasonalNaive,SeasonalNaive,WI__FOODS_3,1540,79,29559.939453125,0.08584830873790462,rmsse,0.7584520780595213
state_dept,2,SeasonalNaive,SeasonalNaive,WI__HOBBIES_1,1540,80,6916.42041015625,0.020086745971648723,rmsse,1.0115046169594708
state_dept,2,SeasonalNaive,SeasonalNaive,WI__HOBBIES_2,1540,81,677.5800170898438,0.001967835509068139,rmsse,0.9039633283836481
state_dept,2,SeasonalNaive,SeasonalNaive,WI__HOUSEHOLD_1,1540,82,20884.240234375,0.060652245456736094,rmsse,1.0627024333965172
state_dept,2,SeasonalNaive,SeasonalNaive,WI__HOUSEHOLD_2,1540,83,4960.76025390625,0.014407095742783997,rmsse,1.0478522447416525
state_dept,2,SeasonalNaive,SeasonalNaive,CA__FOODS_1,1456,0,12861.7802734375,0.04205296479989067,mean_spl,0.3976378059509687
state_dept,2,SeasonalNaive,SeasonalNaive,CA__FOODS_2,1456,1,10985.7490234375,0.03591908018652372,mean_spl,0.185407089159124
state_dept,2,SeasonalNaive,SeasonalNaive,CA__FOODS_3,1456,2,55408.58203125,0.18116427899053658,mean_spl,0.21067996377876338
state_dept,2,SeasonalNaive,SeasonalNaive,CA__HOBBIES_1,1456,3,15754.3994140625,0.05151069213732731,mean_spl,0.1606638275065359
state_dept,2,SeasonalNaive,SeasonalNaive,CA__HOBBIES_2,1456,4,525.1099853515625,0.0017169032016248642,mean_spl,0.7406843980939345
state_dept,2,SeasonalNaive,SeasonalNaive,CA__HOUSEHOLD_1,1456,5,27565.529296875,0.09012844323004618,mean_spl,0.18097424610748925
state_dept,2,SeasonalNaive,SeasonalNaive,CA__HOUSEHOLD_2,1456,6,10496.9609375,0.034320935315787095,mean_spl,0.277193165695266
state_dept,2,SeasonalNaive,SeasonalNaive,TX__FOODS_1,1456,7,4201.60986328125,0.013737612362135061,mean_spl,0.4809254400366087
state_dept,2,SeasonalNaive,SeasonalNaive,TX__FOODS_2,1456,8,15896.2587890625,0.05197451652062282,mean_spl,0.28746848875780495
state_dept,2,SeasonalNaive,SeasonalNaive,TX__FOODS_3,1456,9,33023.9609375,0.10797536867627476,mean_spl,0.3121836265914566
state_dept,2,SeasonalNaive,SeasonalNaive,TX__HOBBIES_1,1456,10,11740.7587890625,0.03838766528301877,mean_spl,0.3038106285733848
state_dept,2,SeasonalNaive,SeasonalNaive,TX__HOBBIES_2,1456,11,597.070068359375,0.0019521843814763351,mean_spl,0.91345492542853
state_dept,2,SeasonalNaive,SeasonalNaive,TX__HOUSEHOLD_1,1456,12,21211.359375,0.0693528057695784,mean_spl,0.2636588996800456
state_dept,2,SeasonalNaive,SeasonalNaive,TX__HOUSEHOLD_2,1456,13,6183.01953125,0.02021604297203564,mean_spl,0.3517430270617717
state_dept,2,SeasonalNaive,SeasonalNaive,WI__FOODS_1,1456,14,8472.6201171875,0.02770213671638984,mean_spl,0.21957786110222577
state_dept,2,SeasonalNaive,SeasonalNaive,WI__FOODS_2,1456,15,12217.0,0.03994478680539254,mean_spl,0.46065095677552065
state_dept,2,SeasonalNaive,SeasonalNaive,WI__FOODS_3,1456,16,29846.76171875,0.09758717636791522,mean_spl,0.4170039364320346
state_dept,2,SeasonalNaive,SeasonalNaive,WI__HOBBIES_1,1456,17,6511.15966796875,0.02128893220863405,mean_spl,0.24263850333328651
state_dept,2,SeasonalNaive,SeasonalNaive,WI__HOBBIES_2,1456,18,583.5599975585938,0.0019080117615317524,mean_spl,0.8263498519988922
state_dept,2,SeasonalNaive,SeasonalNaive,WI__HOUSEHOLD_1,1456,19,17843.080078125,0.058339856730150616,mean_spl,0.5357814171219619
state_dept,2,SeasonalNaive,SeasonalNaive,WI__HOUSEHOLD_2,1456,20,3920.840087890625,0.012819605583107766,mean_spl,0.431600112792065
state_dept,2,SeasonalNaive,SeasonalNaive,CA__FOODS_1,1484,21,18270.888671875,0.054742099455031716,mean_spl,0.3962230618701502
state_dept,2,SeasonalNaive,SeasonalNaive,CA__FOODS_2,1484,22,11357.849609375,0.034029682084855795,mean_spl,0.2322601969055449
state_dept,2,SeasonalNaive,SeasonalNaive,CA__FOODS_3,1484,23,55400.4765625,0.16598745974020004,mean_spl,0.34306288412830305
state_dept,2,SeasonalNaive,SeasonalNaive,CA__HOBBIES_1,1484,24,16027.66015625,0.04802107779549221,mean_spl,0.28190267624817256
state_dept,2,SeasonalNaive,SeasonalNaive,CA__HOBBIES_2,1484,25,479.4800109863281,0.0014365881659887357,mean_spl,0.7284386465190694
state_dept,2,SeasonalNaive,SeasonalNaive,CA__HOUSEHOLD_1,1484,26,28883.357421875,0.0865385178016768,mean_spl,0.16328851261251426
state_dept,2,SeasonalNaive,SeasonalNaive,CA__HOUSEHOLD_2,1484,27,12078.5498046875,0.03618899915353174,mean_spl,0.33650673349923904
state_dept,2,SeasonalNaive,SeasonalNaive,TX__FOODS_1,1484,28,4299.25,0.012881145263849553,mean_spl,0.3748846038312763
state_dept,2,SeasonalNaive,SeasonalNaive,TX__FOODS_2,1484,29,15832.4296875,0.047436140416205544,mean_spl,0.2806819362185078
state_dept,2,SeasonalNaive,SeasonalNaive,TX__FOODS_3,1484,30,33689.53125,0.1009384766883175,mean_spl,0.20614994269819442
state_dept,2,SeasonalNaive,SeasonalNaive,TX__HOBBIES_1,1484,31,12314.9306640625,0.03689722877200077,mean_spl,0.2650293892564381
state_dept,2,SeasonalNaive,SeasonalNaive,TX__HOBBIES_2,1484,32,810.8299560546875,0.0024293582481179693,mean_spl,0.8953065881987836
state_dept,2,SeasonalNaive,SeasonalNaive,TX__HOUSEHOLD_1,1484,33,26209.41796875,0.07852702683873174,mean_spl,0.28827494325037767
state_dept,2,SeasonalNaive,SeasonalNaive,TX__HOUSEHOLD_2,1484,34,7332.7197265625,0.021969838454834387,mean_spl,0.35037537119467355
state_dept,2,SeasonalNaive,SeasonalNaive,WI__FOODS_1,1484,35,9592.98046875,0.028741891011511388,mean_spl,0.2404464816046588
state_dept,2,SeasonalNaive,SeasonalNaive,WI__FOODS_2,1484,36,14454.66015625,0.04330815309931605,mean_spl,0.2899962080130829
state_dept,2,SeasonalNaive,SeasonalNaive,WI__FOODS_3,1484,37,31937.263671875,0.0956884416322119,mean_spl,0.20094545879711836
state_dept,2,SeasonalNaive,SeasonalNaive,WI__HOBBIES_1,1484,38,7323.49951171875,0.021942213420987497,mean_spl,0.18513555597455733
state_dept,2,SeasonalNaive,SeasonalNaive,WI__HOBBIES_2,1484,39,685.72998046875,0.0020545414875140283,mean_spl,0.8271219511434331
state_dept,2,SeasonalNaive,SeasonalNaive,WI__HOUSEHOLD_1,1484,40,22292.109375,0.06679023064418153,mean_spl,0.31369850162729496
state_dept,2,SeasonalNaive,SeasonalNaive,WI__HOUSEHOLD_2,1484,41,4489.40966796875,0.013450889825443057,mean_spl,0.4222062241653408
state_dept,2,SeasonalNaive,SeasonalNaive,CA__FOODS_1,1512,42,10690.37890625,0.0314285961834405,mean_spl,0.320516962957422
state_dept,2,SeasonalNaive,SeasonalNaive,CA__FOODS_2,1512,43,11042.0703125,0.032462532144471354,mean_spl,0.25317906867261963
state_dept,2,SeasonalNaive,SeasonalNaive,CA__FOODS_3,1512,44,59297.6171875,0.17432879428966014,mean_spl,0.15461017256742718
state_dept,2,SeasonalNaive,SeasonalNaive,CA__HOBBIES_1,1512,45,16501.859375,0.04851374110505905,mean_spl,0.21369864137520342
state_dept,2,SeasonalNaive,SeasonalNaive,CA__HOBBIES_2,1512,46,434.6900329589844,0.0012779432451030539,mean_spl,0.7415174132341464
state_dept,2,SeasonalNaive,SeasonalNaive,CA__HOUSEHOLD_1,1512,47,29146.7109375,0.08568828253548658,mean_spl,0.17466572145968265
state_dept,2,SeasonalNaive,SeasonalNaive,CA__HOUSEHOLD_2,1512,48,13427.1103515625,0.039474300476200826,mean_spl,0.2916739826543682
state_dept,2,SeasonalNaive,SeasonalNaive,TX__FOODS_1,1512,49,3156.840087890625,0.009280779774794174,mean_spl,0.38321884016183294
state_dept,2,SeasonalNaive,SeasonalNaive,TX__FOODS_2,1512,50,16051.3193359375,0.04718920049931041,mean_spl,0.32965262570204595
state_dept,2,SeasonalNaive,SeasonalNaive,TX__FOODS_3,1512,51,36718.19921875,0.10794766639698256,mean_spl,0.2446656970979559
state_dept,2,SeasonalNaive,SeasonalNaive,TX__HOBBIES_1,1512,52,14444.279296875,0.042464670818815414,mean_spl,0.24285674838819174
state_dept,2,SeasonalNaive,SeasonalNaive,TX__HOBBIES_2,1512,53,721.3800048828125,0.002120781785855632,mean_spl,0.8842434461108098
state_dept,2,SeasonalNaive,SeasonalNaive,TX__HOUSEHOLD_1,1512,54,28868.6484375,0.08487080786008955,mean_spl,0.24424564182535435
state_dept,2,SeasonalNaive,SeasonalNaive,TX__HOUSEHOLD_2,1512,55,8715.099609375,0.025621481588587347,mean_spl,0.3397348082125122
state_dept,2,SeasonalNaive,SeasonalNaive,WI__FOODS_1,1512,56,9523.1796875,0.02799715252429438,mean_spl,0.2829187131558817
state_dept,2,SeasonalNaive,SeasonalNaive,WI__FOODS_2,1512,57,14241.740234375,0.04186922715283239,mean_spl,0.4363205964732551
state_dept,2,SeasonalNaive,SeasonalNaive,WI__FOODS_3,1512,58,31636.806640625,0.09300890353479298,mean_spl,0.29615358180014717
state_dept,2,SeasonalNaive,SeasonalNaive,WI__HOBBIES_1,1512,59,7993.810546875,0.023500967163828122,mean_spl,0.2640419394818972
state_dept,2,SeasonalNaive,SeasonalNaive,WI__HOBBIES_2,1512,60,668.18994140625,0.00196440856086179,mean_spl,0.8423411569163592
state_dept,2,SeasonalNaive,SeasonalNaive,WI__HOUSEHOLD_1,1512,61,21880.921875,0.06432762241277876,mean_spl,0.22203890401999152
state_dept,2,SeasonalNaive,SeasonalNaive,WI__HOUSEHOLD_2,1512,62,4987.2998046875,0.014662139946754997,mean_spl,0.4226108031262761
state_dept,2,SeasonalNaive,SeasonalNaive,CA__FOODS_1,1540,63,12192.9306640625,0.035410846416928064,mean_spl,0.19528193169772032
state_dept,2,SeasonalNaive,SeasonalNaive,CA__FOODS_2,1540,64,12227.5498046875,0.03551138771463028,mean_spl,0.2199899869037937
state_dept,2,SeasonalNaive,SeasonalNaive,CA__FOODS_3,1540,65,64847.46484375,0.1883307369964228,mean_spl,0.23454001934733826
state_dept,2,SeasonalNaive,SeasonalNaive,CA__HOBBIES_1,1540,66,16357.259765625,0.04750493784644838,mean_spl,0.2781990543666881
state_dept,2,SeasonalNaive,SeasonalNaive,CA__HOBBIES_2,1540,67,532.030029296875,0.001545127596940529,mean_spl,0.7221776728330997
state_dept,2,SeasonalNaive,SeasonalNaive,CA__HOUSEHOLD_1,1540,68,32217.75,0.09356715203109894,mean_spl,0.19421385654871004
state_dept,2,SeasonalNaive,SeasonalNaive,CA__HOUSEHOLD_2,1540,69,13982.7802734375,0.040608947790028105,mean_spl,0.27959757819591485
state_dept,2,SeasonalNaive,SeasonalNaive,TX__FOODS_1,1540,70,3069.800048828125,0.008915347840050164,mean_spl,0.34844831769025686
state_dept,2,SeasonalNaive,SeasonalNaive,TX__FOODS_2,1540,71,15332.8291015625,0.04452977478603431,mean_spl,0.3436838360593189
state_dept,2,SeasonalNaive,SeasonalNaive,TX__FOODS_3,1540,72,37792.953125,0.10975871967319478,mean_spl,0.21399141889653078
state_dept,2,SeasonalNaive,SeasonalNaive,TX__HOBBIES_1,1540,73,13112.2109375,0.0380806305298446,mean_spl,0.29452851847317607
state_dept,2,SeasonalNaive,SeasonalNaive,TX__HOBBIES_2,1540,74,605.989990234375,0.0017599229476168861,mean_spl,0.9071899131899058
state_dept,2,SeasonalNaive,SeasonalNaive,TX__HOUSEHOLD_1,1540,75,28408.98046875,0.08250568070607202,mean_spl,0.2214138231237933
state_dept,2,SeasonalNaive,SeasonalNaive,TX__HOUSEHOLD_2,1540,76,8188.3310546875,0.023780643175731208,mean_spl,0.34049692783490154
state_dept,2,SeasonalNaive,SeasonalNaive,WI__FOODS_1,1540,77,10300.3486328125,0.029914388388378746,mean_spl,0.28061326419584126
state_dept,2,SeasonalNaive,SeasonalNaive,WI__FOODS_2,1540,78,12159.419921875,0.03531352414243861,mean_spl,0.32325996147349745
state_dept,2,SeasonalNaive,SeasonalNaive,WI__FOODS_3,1540,79,29559.939453125,0.08584830873790462,mean_spl,0.21255380917847597
state_dept,2,SeasonalNaive,SeasonalNaive,WI__HOBBIES_1,1540,80,6916.42041015625,0.020086745971648723,mean_spl,0.28349999022207556
state_dept,2,SeasonalNaive,SeasonalNaive,WI__HOBBIES_2,1540,81,677.5800170898438,0.001967835509068139,mean_spl,0.8251702977296714
state_dept,2,SeasonalNaive,SeasonalNaive,WI__HOUSEHOLD_1,1540,82,20884.240234375,0.060652245456736094,mean_spl,0.2808597984934422
state_dept,2,SeasonalNaive,SeasonalNaive,WI__HOUSEHOLD_2,1540,83,4960.76025390625,0.014407095742783997,mean_spl,0.4240193054204078
state_dept,2,AggregateElasticNet,AggregateElasticNet,CA__FOODS_1,1456,0,12861.7802734375,0.04205296479989067,rmsse,1.3238310353384761
state_dept,2,AggregateElasticNet,AggregateElasticNet,CA__FOODS_2,1456,1,10985.7490234375,0.03591908018652372,rmsse,1.137163325421979
state_dept,2,AggregateElasticNet,AggregateElasticNet,CA__FOODS_3,1456,2,55408.58203125,0.18116427899053658,rmsse,0.6587824672401642
state_dept,2,AggregateElasticNet,AggregateElasticNet,CA__HOBBIES_1,1456,3,15754.3994140625,0.05151069213732731,rmsse,0.7102896049161913
state_dept,2,AggregateElasticNet,AggregateElasticNet,CA__HOBBIES_2,1456,4,525.1099853515625,0.0017169032016248642,rmsse,4.494099247051169
state_dept,2,AggregateElasticNet,AggregateElasticNet,CA__HOUSEHOLD_1,1456,5,27565.529296875,0.09012844323004618,rmsse,0.7611298783598284
state_dept,2,AggregateElasticNet,AggregateElasticNet,CA__HOUSEHOLD_2,1456,6,10496.9609375,0.034320935315787095,rmsse,1.3847370653445994
state_dept,2,AggregateElasticNet,AggregateElasticNet,TX__FOODS_1,1456,7,4201.60986328125,0.013737612362135061,rmsse,2.047126681530871
state_dept,2,AggregateElasticNet,AggregateElasticNet,TX__FOODS_2,1456,8,15896.2587890625,0.05197451652062282,rmsse,1.0604087982961126
state_dept,2,AggregateElasticNet,AggregateElasticNet,TX__FOODS_3,1456,9,33023.9609375,0.10797536867627476,rmsse,0.7936716136044407
state_dept,2,AggregateElasticNet,AggregateElasticNet,TX__HOBBIES_1,1456,10,11740.7587890625,0.03838766528301877,rmsse,0.9814219067683734
state_dept,2,AggregateElasticNet,AggregateElasticNet,TX__HOBBIES_2,1456,11,597.070068359375,0.0019521843814763351,rmsse,5.102677011478776
state_dept,2,AggregateElasticNet,AggregateElasticNet,TX__HOUSEHOLD_1,1456,12,21211.359375,0.0693528057695784,rmsse,0.8769904540289047
state_dept,2,AggregateElasticNet,AggregateElasticNet,TX__HOUSEHOLD_2,1456,13,6183.01953125,0.02021604297203564,rmsse,2.003363077145698
state_dept,2,AggregateElasticNet,AggregateElasticNet,WI__FOODS_1,1456,14,8472.6201171875,0.02770213671638984,rmsse,0.9592521801683376
state_dept,2,AggregateElasticNet,AggregateElasticNet,WI__FOODS_2,1456,15,12217.0,0.03994478680539254,rmsse,1.0925135820475984
state_dept,2,AggregateElasticNet,AggregateElasticNet,WI__FOODS_3,1456,16,29846.76171875,0.09758717636791522,rmsse,0.8753635346894479
state_dept,2,AggregateElasticNet,AggregateElasticNet,WI__HOBBIES_1,1456,17,6511.15966796875,0.02128893220863405,rmsse,0.8541121842566108
state_dept,2,AggregateElasticNet,AggregateElasticNet,WI__HOBBIES_2,1456,18,583.5599975585938,0.0019080117615317524,rmsse,4.7748812159808995
state_dept,2,AggregateElasticNet,AggregateElasticNet,WI__HOUSEHOLD_1,1456,19,17843.080078125,0.058339856730150616,rmsse,1.5204072882701654
state_dept,2,AggregateElasticNet,AggregateElasticNet,WI__HOUSEHOLD_2,1456,20,3920.840087890625,0.012819605583107766,rmsse,2.314886387749164
state_dept,2,AggregateElasticNet,AggregateElasticNet,CA__FOODS_1,1484,21,18270.888671875,0.054742099455031716,rmsse,1.4130510904824483
state_dept,2,AggregateElasticNet,AggregateElasticNet,CA__FOODS_2,1484,22,11357.849609375,0.034029682084855795,rmsse,1.3466353480129385
state_dept,2,AggregateElasticNet,AggregateElasticNet,CA__FOODS_3,1484,23,55400.4765625,0.16598745974020004,rmsse,0.623359593633422
state_dept,2,AggregateElasticNet,AggregateElasticNet,CA__HOBBIES_1,1484,24,16027.66015625,0.04802107779549221,rmsse,1.0924389869759694
state_dept,2,AggregateElasticNet,AggregateElasticNet,CA__HOBBIES_2,1484,25,479.4800109863281,0.0014365881659887357,rmsse,5.117550849333177
state_dept,2,AggregateElasticNet,AggregateElasticNet,CA__HOUSEHOLD_1,1484,26,28883.357421875,0.0865385178016768,rmsse,0.8924752537473697
state_dept,2,AggregateElasticNet,AggregateElasticNet,CA__HOUSEHOLD_2,1484,27,12078.5498046875,0.03618899915353174,rmsse,1.9301568146298624
state_dept,2,AggregateElasticNet,AggregateElasticNet,TX__FOODS_1,1484,28,4299.25,0.012881145263849553,rmsse,2.2719000649771153
state_dept,2,AggregateElasticNet,AggregateElasticNet,TX__FOODS_2,1484,29,15832.4296875,0.047436140416205544,rmsse,1.229541938937101
state_dept,2,AggregateElasticNet,AggregateElasticNet,TX__FOODS_3,1484,30,33689.53125,0.1009384766883175,rmsse,0.6270857315745574
state_dept,2,AggregateElasticNet,AggregateElasticNet,TX__HOBBIES_1,1484,31,12314.9306640625,0.03689722877200077,rmsse,1.3681651292150057
state_dept,2,AggregateElasticNet,AggregateElasticNet,TX__HOBBIES_2,1484,32,810.8299560546875,0.0024293582481179693,rmsse,6.8646914779859145
state_dept,2,AggregateElasticNet,AggregateElasticNet,TX__HOUSEHOLD_1,1484,33,26209.41796875,0.07852702683873174,rmsse,1.5412766858060187
state_dept,2,AggregateElasticNet,AggregateElasticNet,TX__HOUSEHOLD_2,1484,34,7332.7197265625,0.021969838454834387,rmsse,2.9372623796271085
state_dept,2,AggregateElasticNet,AggregateElasticNet,WI__FOODS_1,1484,35,9592.98046875,0.028741891011511388,rmsse,1.218263750439717
state_dept,2,AggregateElasticNet,AggregateElasticNet,WI__FOODS_2,1484,36,14454.66015625,0.04330815309931605,rmsse,1.1631657267336937
state_dept,2,AggregateElasticNet,AggregateElasticNet,WI__FOODS_3,1484,37,31937.263671875,0.0956884416322119,rmsse,0.6519658737691885
state_dept,2,AggregateElasticNet,AggregateElasticNet,WI__HOBBIES_1,1484,38,7323.49951171875,0.021942213420987497,rmsse,1.19037976182431
state_dept,2,AggregateElasticNet,AggregateElasticNet,WI__HOBBIES_2,1484,39,685.72998046875,0.0020545414875140283,rmsse,6.282724941232793
state_dept,2,AggregateElasticNet,AggregateElasticNet,WI__HOUSEHOLD_1,1484,40,22292.109375,0.06679023064418153,rmsse,1.2301373379612837
state_dept,2,AggregateElasticNet,AggregateElasticNet,WI__HOUSEHOLD_2,1484,41,4489.40966796875,0.013450889825443057,rmsse,3.322932890472753
state_dept,2,AggregateElasticNet,AggregateElasticNet,CA__FOODS_1,1512,42,10690.37890625,0.0314285961834405,rmsse,0.9820477523780111
state_dept,2,AggregateElasticNet,AggregateElasticNet,CA__FOODS_2,1512,43,11042.0703125,0.032462532144471354,rmsse,0.7083522293517368
state_dept,2,AggregateElasticNet,AggregateElasticNet,CA__FOODS_3,1512,44,59297.6171875,0.17432879428966014,rmsse,0.3694852801244729
state_dept,2,AggregateElasticNet,AggregateElasticNet,CA__HOBBIES_1,1512,45,16501.859375,0.04851374110505905,rmsse,0.7551671309012677
state_dept,2,AggregateElasticNet,AggregateElasticNet,CA__HOBBIES_2,1512,46,434.6900329589844,0.0012779432451030539,rmsse,3.6154991886448733
state_dept,2,AggregateElasticNet,AggregateElasticNet,CA__HOUSEHOLD_1,1512,47,29146.7109375,0.08568828253548658,rmsse,0.6244368499375774
state_dept,2,AggregateElasticNet,AggregateElasticNet,CA__HOUSEHOLD_2,1512,48,13427.1103515625,0.039474300476200826,rmsse,1.1316403415430902
state_dept,2,AggregateElasticNet,AggregateElasticNet,TX__FOODS_1,1512,49,3156.840087890625,0.009280779774794174,rmsse,1.4185752555373539
state_dept,2,AggregateElasticNet,AggregateElasticNet,TX__FOODS_2,1512,50,16051.3193359375,0.04718920049931041,rmsse,1.0942390850728407
state_dept,2,AggregateElasticNet,AggregateElasticNet,TX__FOODS_3,1512,51,36718.19921875,0.10794766639698256,rmsse,0.6759108986032947
state_dept,2,AggregateElasticNet,AggregateElasticNet,TX__HOBBIES_1,1512,52,14444.279296875,0.042464670818815414,rmsse,0.9043568218835333
state_dept,2,AggregateElasticNet,AggregateElasticNet,TX__HOBBIES_2,1512,53,721.3800048828125,0.002120781785855632,rmsse,4.028916469304448
state_dept,2,AggregateElasticNet,AggregateElasticNet,TX__HOUSEHOLD_1,1512,54,28868.6484375,0.08487080786008955,rmsse,0.8288296622140167
state_dept,2,AggregateElasticNet,AggregateElasticNet,TX__HOUSEHOLD_2,1512,55,8715.099609375,0.025621481588587347,rmsse,1.4194614023746073
state_dept,2,AggregateElasticNet,AggregateElasticNet,WI__FOODS_1,1512,56,9523.1796875,0.02799715252429438,rmsse,1.0192064251540327
state_dept,2,AggregateElasticNet,AggregateElasticNet,WI__FOODS_2,1512,57,14241.740234375,0.04186922715283239,rmsse,1.1813413188938144
state_dept,2,AggregateElasticNet,AggregateElasticNet,WI__FOODS_3,1512,58,31636.806640625,0.09300890353479298,rmsse,0.6421457580278045
state_dept,2,AggregateElasticNet,AggregateElasticNet,WI__HOBBIES_1,1512,59,7993.810546875,0.023500967163828122,rmsse,0.7225956576587509
state_dept,2,AggregateElasticNet,AggregateElasticNet,WI__HOBBIES_2,1512,60,668.18994140625,0.00196440856086179,rmsse,4.269370438740249
state_dept,2,AggregateElasticNet,AggregateElasticNet,WI__HOUSEHOLD_1,1512,61,21880.921875,0.06432762241277876,rmsse,1.113569233537231
state_dept,2,AggregateElasticNet,AggregateElasticNet,WI__HOUSEHOLD_2,1512,62,4987.2998046875,0.014662139946754997,rmsse,1.8213692235667767
state_dept,2,AggregateElasticNet,AggregateElasticNet,CA__FOODS_1,1540,63,12192.9306640625,0.035410846416928064,rmsse,1.2633971731123435
state_dept,2,AggregateElasticNet,AggregateElasticNet,CA__FOODS_2,1540,64,12227.5498046875,0.03551138771463028,rmsse,1.5257158880482011
state_dept,2,AggregateElasticNet,AggregateElasticNet,CA__FOODS_3,1540,65,64847.46484375,0.1883307369964228,rmsse,0.7311812383301569
state_dept,2,AggregateElasticNet,AggregateElasticNet,CA__HOBBIES_1,1540,66,16357.259765625,0.04750493784644838,rmsse,0.7664659014152082
state_dept,2,AggregateElasticNet,AggregateElasticNet,CA__HOBBIES_2,1540,67,532.030029296875,0.001545127596940529,rmsse,5.629280891217099
state_dept,2,AggregateElasticNet,AggregateElasticNet,CA__HOUSEHOLD_1,1540,68,32217.75,0.09356715203109894,rmsse,0.858395725930165
state_dept,2,AggregateElasticNet,AggregateElasticNet,CA__HOUSEHOLD_2,1540,69,13982.7802734375,0.040608947790028105,rmsse,1.4563580025977618
state_dept,2,AggregateElasticNet,AggregateElasticNet,TX__FOODS_1,1540,70,3069.800048828125,0.008915347840050164,rmsse,2.700233387541494
state_dept,2,AggregateElasticNet,AggregateElasticNet,TX__FOODS_2,1540,71,15332.8291015625,0.04452977478603431,rmsse,1.315114649393348
state_dept,2,AggregateElasticNet,AggregateElasticNet,TX__FOODS_3,1540,72,37792.953125,0.10975871967319478,rmsse,0.49716650459042316
state_dept,2,AggregateElasticNet,AggregateElasticNet,TX__HOBBIES_1,1540,73,13112.2109375,0.0380806305298446,rmsse,1.5300346425850848
state_dept,2,AggregateElasticNet,AggregateElasticNet,TX__HOBBIES_2,1540,74,605.989990234375,0.0017599229476168861,rmsse,6.935127829273368
state_dept,2,AggregateElasticNet,AggregateElasticNet,TX__HOUSEHOLD_1,1540,75,28408.98046875,0.08250568070607202,rmsse,0.7178832403922804
state_dept,2,AggregateElasticNet,AggregateElasticNet,TX__HOUSEHOLD_2,1540,76,8188.3310546875,0.023780643175731208,rmsse,2.444076539081825
state_dept,2,AggregateElasticNet,AggregateElasticNet,WI__FOODS_1,1540,77,10300.3486328125,0.029914388388378746,rmsse,1.4882474316555638
state_dept,2,AggregateElasticNet,AggregateElasticNet,WI__FOODS_2,1540,78,12159.419921875,0.03531352414243861,rmsse,1.0228060568047501
state_dept,2,AggregateElasticNet,AggregateElasticNet,WI__FOODS_3,1540,79,29559.939453125,0.08584830873790462,rmsse,0.5918091801736094
state_dept,2,AggregateElasticNet,AggregateElasticNet,WI__HOBBIES_1,1540,80,6916.42041015625,0.020086745971648723,rmsse,1.4223224256603775
state_dept,2,AggregateElasticNet,AggregateElasticNet,WI__HOBBIES_2,1540,81,677.5800170898438,0.001967835509068139,rmsse,6.822961076032032
state_dept,2,AggregateElasticNet,AggregateElasticNet,WI__HOUSEHOLD_1,1540,82,20884.240234375,0.060652245456736094,rmsse,0.8729851262690485
state_dept,2,AggregateElasticNet,AggregateElasticNet,WI__HOUSEHOLD_2,1540,83,4960.76025390625,0.014407095742783997,rmsse,3.3447770279260394
state_dept,2,AggregateElasticNet,AggregateElasticNet,CA__FOODS_1,1456,0,12861.7802734375,0.04205296479989067,mean_spl,0.3317620052162873
state_dept,2,AggregateElasticNet,AggregateElasticNet,CA__FOODS_2,1456,1,10985.7490234375,0.03591908018652372,mean_spl,0.2889676273072775
state_dept,2,AggregateElasticNet,AggregateElasticNet,CA__FOODS_3,1456,2,55408.58203125,0.18116427899053658,mean_spl,0.23941873264988855
state_dept,2,AggregateElasticNet,AggregateElasticNet,CA__HOBBIES_1,1456,3,15754.3994140625,0.05151069213732731,mean_spl,0.19095680026586748
state_dept,2,AggregateElasticNet,AggregateElasticNet,CA__HOBBIES_2,1456,4,525.1099853515625,0.0017169032016248642,mean_spl,1.162807518980123
state_dept,2,AggregateElasticNet,AggregateElasticNet,CA__HOUSEHOLD_1,1456,5,27565.529296875,0.09012844323004618,mean_spl,0.19663258711417622
state_dept,2,AggregateElasticNet,AggregateElasticNet,CA__HOUSEHOLD_2,1456,6,10496.9609375,0.034320935315787095,mean_spl,0.36466327497088413
state_dept,2,AggregateElasticNet,AggregateElasticNet,TX__FOODS_1,1456,7,4201.60986328125,0.013737612362135061,mean_spl,0.5133964678264601
state_dept,2,AggregateElasticNet,AggregateElasticNet,TX__FOODS_2,1456,8,15896.2587890625,0.05197451652062282,mean_spl,0.2518845592185637
state_dept,2,AggregateElasticNet,AggregateElasticNet,TX__FOODS_3,1456,9,33023.9609375,0.10797536867627476,mean_spl,0.2343527656388725
state_dept,2,AggregateElasticNet,AggregateElasticNet,TX__HOBBIES_1,1456,10,11740.7587890625,0.03838766528301877,mean_spl,0.24210527453482397
state_dept,2,AggregateElasticNet,AggregateElasticNet,TX__HOBBIES_2,1456,11,597.070068359375,0.0019521843814763351,mean_spl,1.2889297085506235
state_dept,2,AggregateElasticNet,AggregateElasticNet,TX__HOUSEHOLD_1,1456,12,21211.359375,0.0693528057695784,mean_spl,0.21801135981689693
state_dept,2,AggregateElasticNet,AggregateElasticNet,TX__HOUSEHOLD_2,1456,13,6183.01953125,0.02021604297203564,mean_spl,0.4858163049677981
state_dept,2,AggregateElasticNet,AggregateElasticNet,WI__FOODS_1,1456,14,8472.6201171875,0.02770213671638984,mean_spl,0.25152215452097865
state_dept,2,AggregateElasticNet,AggregateElasticNet,WI__FOODS_2,1456,15,12217.0,0.03994478680539254,mean_spl,0.26812258679584555
state_dept,2,AggregateElasticNet,AggregateElasticNet,WI__FOODS_3,1456,16,29846.76171875,0.09758717636791522,mean_spl,0.26756227568530916
state_dept,2,AggregateElasticNet,AggregateElasticNet,WI__HOBBIES_1,1456,17,6511.15966796875,0.02128893220863405,mean_spl,0.21161129649779245
state_dept,2,AggregateElasticNet,AggregateElasticNet,WI__HOBBIES_2,1456,18,583.5599975585938,0.0019080117615317524,mean_spl,1.2439092521714965
state_dept,2,AggregateElasticNet,AggregateElasticNet,WI__HOUSEHOLD_1,1456,19,17843.080078125,0.058339856730150616,mean_spl,0.4246848605463531
state_dept,2,AggregateElasticNet,AggregateElasticNet,WI__HOUSEHOLD_2,1456,20,3920.840087890625,0.012819605583107766,mean_spl,0.5683290821641829
state_dept,2,AggregateElasticNet,AggregateElasticNet,CA__FOODS_1,1484,21,18270.888671875,0.054742099455031716,mean_spl,0.37604525901917135
state_dept,2,AggregateElasticNet,AggregateElasticNet,CA__FOODS_2,1484,22,11357.849609375,0.034029682084855795,mean_spl,0.34912601071989907
state_dept,2,AggregateElasticNet,AggregateElasticNet,CA__FOODS_3,1484,23,55400.4765625,0.16598745974020004,mean_spl,0.1763246877668242
state_dept,2,AggregateElasticNet,AggregateElasticNet,CA__HOBBIES_1,1484,24,16027.66015625,0.04802107779549221,mean_spl,0.28331515864660417
state_dept,2,AggregateElasticNet,AggregateElasticNet,CA__HOBBIES_2,1484,25,479.4800109863281,0.0014365881659887357,mean_spl,1.3659021091036032
state_dept,2,AggregateElasticNet,AggregateElasticNet,CA__HOUSEHOLD_1,1484,26,28883.357421875,0.0865385178016768,mean_spl,0.22965102221823125
state_dept,2,AggregateElasticNet,AggregateElasticNet,CA__HOUSEHOLD_2,1484,27,12078.5498046875,0.03618899915353174,mean_spl,0.5152940910669941
state_dept,2,AggregateElasticNet,AggregateElasticNet,TX__FOODS_1,1484,28,4299.25,0.012881145263849553,mean_spl,0.5763549841902603
state_dept,2,AggregateElasticNet,AggregateElasticNet,TX__FOODS_2,1484,29,15832.4296875,0.047436140416205544,mean_spl,0.30538900274360975
state_dept,2,AggregateElasticNet,AggregateElasticNet,TX__FOODS_3,1484,30,33689.53125,0.1009384766883175,mean_spl,0.18006644507908653
state_dept,2,AggregateElasticNet,AggregateElasticNet,TX__HOBBIES_1,1484,31,12314.9306640625,0.03689722877200077,mean_spl,0.36790984123560344
state_dept,2,AggregateElasticNet,AggregateElasticNet,TX__HOBBIES_2,1484,32,810.8299560546875,0.0024293582481179693,mean_spl,1.7605025196475081
state_dept,2,AggregateElasticNet,AggregateElasticNet,TX__HOUSEHOLD_1,1484,33,26209.41796875,0.07852702683873174,mean_spl,0.44117707145110374
state_dept,2,AggregateElasticNet,AggregateElasticNet,TX__HOUSEHOLD_2,1484,34,7332.7197265625,0.021969838454834387,mean_spl,0.7347239747536273
state_dept,2,AggregateElasticNet,AggregateElasticNet,WI__FOODS_1,1484,35,9592.98046875,0.028741891011511388,mean_spl,0.32346940146766634
state_dept,2,AggregateElasticNet,AggregateElasticNet,WI__FOODS_2,1484,36,14454.66015625,0.04330815309931605,mean_spl,0.29649076669421437
state_dept,2,AggregateElasticNet,AggregateElasticNet,WI__FOODS_3,1484,37,31937.263671875,0.0956884416322119,mean_spl,0.20255839630932482
state_dept,2,AggregateElasticNet,AggregateElasticNet,WI__HOBBIES_1,1484,38,7323.49951171875,0.021942213420987497,mean_spl,0.302277332906267
state_dept,2,AggregateElasticNet,AggregateElasticNet,WI__HOBBIES_2,1484,39,685.72998046875,0.0020545414875140283,mean_spl,1.608921504610966
state_dept,2,AggregateElasticNet,AggregateElasticNet,WI__HOUSEHOLD_1,1484,40,22292.109375,0.06679023064418153,mean_spl,0.33735282396198935
state_dept,2,AggregateElasticNet,AggregateElasticNet,WI__HOUSEHOLD_2,1484,41,4489.40966796875,0.013450889825443057,mean_spl,0.8160513404836272
state_dept,2,AggregateElasticNet,AggregateElasticNet,CA__FOODS_1,1512,42,10690.37890625,0.0314285961834405,mean_spl,0.25455074536537275
state_dept,2,AggregateElasticNet,AggregateElasticNet,CA__FOODS_2,1512,43,11042.0703125,0.032462532144471354,mean_spl,0.18332175671727594
state_dept,2,AggregateElasticNet,AggregateElasticNet,CA__FOODS_3,1512,44,59297.6171875,0.17432879428966014,mean_spl,0.10916186567203146
state_dept,2,AggregateElasticNet,AggregateElasticNet,CA__HOBBIES_1,1512,45,16501.859375,0.04851374110505905,mean_spl,0.17653677019695185
state_dept,2,AggregateElasticNet,AggregateElasticNet,CA__HOBBIES_2,1512,46,434.6900329589844,0.0012779432451030539,mean_spl,0.9609283186623867
state_dept,2,AggregateElasticNet,AggregateElasticNet,CA__HOUSEHOLD_1,1512,47,29146.7109375,0.08568828253548658,mean_spl,0.1588866816683042
state_dept,2,AggregateElasticNet,AggregateElasticNet,CA__HOUSEHOLD_2,1512,48,13427.1103515625,0.039474300476200826,mean_spl,0.2932520497125377
state_dept,2,AggregateElasticNet,AggregateElasticNet,TX__FOODS_1,1512,49,3156.840087890625,0.009280779774794174,mean_spl,0.38756397840439943
state_dept,2,AggregateElasticNet,AggregateElasticNet,TX__FOODS_2,1512,50,16051.3193359375,0.04718920049931041,mean_spl,0.26882677484483586
state_dept,2,AggregateElasticNet,AggregateElasticNet,TX__FOODS_3,1512,51,36718.19921875,0.10794766639698256,mean_spl,0.1947812222290547
state_dept,2,AggregateElasticNet,AggregateElasticNet,TX__HOBBIES_1,1512,52,14444.279296875,0.042464670818815414,mean_spl,0.2373983711665461
state_dept,2,AggregateElasticNet,AggregateElasticNet,TX__HOBBIES_2,1512,53,721.3800048828125,0.002120781785855632,mean_spl,1.0922797742213755
state_dept,2,AggregateElasticNet,AggregateElasticNet,TX__HOUSEHOLD_1,1512,54,28868.6484375,0.08487080786008955,mean_spl,0.2235063895338349
state_dept,2,AggregateElasticNet,AggregateElasticNet,TX__HOUSEHOLD_2,1512,55,8715.099609375,0.025621481588587347,mean_spl,0.3692135447913764
state_dept,2,AggregateElasticNet,AggregateElasticNet,WI__FOODS_1,1512,56,9523.1796875,0.02799715252429438,mean_spl,0.2820072550158412
state_dept,2,AggregateElasticNet,AggregateElasticNet,WI__FOODS_2,1512,57,14241.740234375,0.04186922715283239,mean_spl,0.28862675577097147
state_dept,2,AggregateElasticNet,AggregateElasticNet,WI__FOODS_3,1512,58,31636.806640625,0.09300890353479298,mean_spl,0.19407550582445665
state_dept,2,AggregateElasticNet,AggregateElasticNet,WI__HOBBIES_1,1512,59,7993.810546875,0.023500967163828122,mean_spl,0.1885713397998219
state_dept,2,AggregateElasticNet,AggregateElasticNet,WI__HOBBIES_2,1512,60,668.18994140625,0.00196440856086179,mean_spl,1.1269495201869235
state_dept,2,AggregateElasticNet,AggregateElasticNet,WI__HOUSEHOLD_1,1512,61,21880.921875,0.06432762241277876,mean_spl,0.3029079871380315
state_dept,2,AggregateElasticNet,AggregateElasticNet,WI__HOUSEHOLD_2,1512,62,4987.2998046875,0.014662139946754997,mean_spl,0.47560742414893986
state_dept,2,AggregateElasticNet,AggregateElasticNet,CA__FOODS_1,1540,63,12192.9306640625,0.035410846416928064,mean_spl,0.28644049421028595
state_dept,2,AggregateElasticNet,AggregateElasticNet,CA__FOODS_2,1540,64,12227.5498046875,0.03551138771463028,mean_spl,0.4132480498264969
state_dept,2,AggregateElasticNet,AggregateElasticNet,CA__FOODS_3,1540,65,64847.46484375,0.1883307369964228,mean_spl,0.2787373990044856
state_dept,2,AggregateElasticNet,AggregateElasticNet,CA__HOBBIES_1,1540,66,16357.259765625,0.04750493784644838,mean_spl,0.19153823316340027
state_dept,2,AggregateElasticNet,AggregateElasticNet,CA__HOBBIES_2,1540,67,532.030029296875,0.001545127596940529,mean_spl,1.307885440982456
state_dept,2,AggregateElasticNet,AggregateElasticNet,CA__HOUSEHOLD_1,1540,68,32217.75,0.09356715203109894,mean_spl,0.21403940134671956
state_dept,2,AggregateElasticNet,AggregateElasticNet,CA__HOUSEHOLD_2,1540,69,13982.7802734375,0.040608947790028105,mean_spl,0.3422339472698285
state_dept,2,AggregateElasticNet,AggregateElasticNet,TX__FOODS_1,1540,70,3069.800048828125,0.008915347840050164,mean_spl,0.6320292389367803
state_dept,2,AggregateElasticNet,AggregateElasticNet,TX__FOODS_2,1540,71,15332.8291015625,0.04452977478603431,mean_spl,0.3052980190636163
state_dept,2,AggregateElasticNet,AggregateElasticNet,TX__FOODS_3,1540,72,37792.953125,0.10975871967319478,mean_spl,0.12310790296867788
state_dept,2,AggregateElasticNet,AggregateElasticNet,TX__HOBBIES_1,1540,73,13112.2109375,0.0380806305298446,mean_spl,0.40921390928038887
state_dept,2,AggregateElasticNet,AggregateElasticNet,TX__HOBBIES_2,1540,74,605.989990234375,0.0017599229476168861,mean_spl,1.596160308022653
state_dept,2,AggregateElasticNet,AggregateElasticNet,TX__HOUSEHOLD_1,1540,75,28408.98046875,0.08250568070607202,mean_spl,0.17603858187965452
state_dept,2,AggregateElasticNet,AggregateElasticNet,TX__HOUSEHOLD_2,1540,76,8188.3310546875,0.023780643175731208,mean_spl,0.563713366406152
state_dept,2,AggregateElasticNet,AggregateElasticNet,WI__FOODS_1,1540,77,10300.3486328125,0.029914388388378746,mean_spl,0.37624923703603735
state_dept,2,AggregateElasticNet,AggregateElasticNet,WI__FOODS_2,1540,78,12159.419921875,0.03531352414243861,mean_spl,0.2592553132447409
state_dept,2,AggregateElasticNet,AggregateElasticNet,WI__FOODS_3,1540,79,29559.939453125,0.08584830873790462,mean_spl,0.15688230244441095
state_dept,2,AggregateElasticNet,AggregateElasticNet,WI__HOBBIES_1,1540,80,6916.42041015625,0.020086745971648723,mean_spl,0.354466617363231
state_dept,2,AggregateElasticNet,AggregateElasticNet,WI__HOBBIES_2,1540,81,677.5800170898438,0.001967835509068139,mean_spl,1.5047422914797839
state_dept,2,AggregateElasticNet,AggregateElasticNet,WI__HOUSEHOLD_1,1540,82,20884.240234375,0.060652245456736094,mean_spl,0.213239760905626
state_dept,2,AggregateElasticNet,AggregateElasticNet,WI__HOUSEHOLD_2,1540,83,4960.76025390625,0.014407095742783997,mean_spl,0.7370685298322275
state_dept,2,AggregateHistGB,AggregateHistGB,CA__FOODS_1,1456,0,12861.7802734375,0.04205296479989067,rmsse,1.2286331883706747
state_dept,2,AggregateHistGB,AggregateHistGB,CA__FOODS_2,1456,1,10985.7490234375,0.03591908018652372,rmsse,0.9931793294335708
state_dept,2,AggregateHistGB,AggregateHistGB,CA__FOODS_3,1456,2,55408.58203125,0.18116427899053658,rmsse,0.7742640749855842
state_dept,2,AggregateHistGB,AggregateHistGB,CA__HOBBIES_1,1456,3,15754.3994140625,0.05151069213732731,rmsse,0.543326200987236
state_dept,2,AggregateHistGB,AggregateHistGB,CA__HOBBIES_2,1456,4,525.1099853515625,0.0017169032016248642,rmsse,1.261841802877685
state_dept,2,AggregateHistGB,AggregateHistGB,CA__HOUSEHOLD_1,1456,5,27565.529296875,0.09012844323004618,rmsse,0.4743931322585154
state_dept,2,AggregateHistGB,AggregateHistGB,CA__HOUSEHOLD_2,1456,6,10496.9609375,0.034320935315787095,rmsse,0.8078208679785169
state_dept,2,AggregateHistGB,AggregateHistGB,TX__FOODS_1,1456,7,4201.60986328125,0.013737612362135061,rmsse,1.4378284669258796
state_dept,2,AggregateHistGB,AggregateHistGB,TX__FOODS_2,1456,8,15896.2587890625,0.05197451652062282,rmsse,0.9190723271879315
state_dept,2,AggregateHistGB,AggregateHistGB,TX__FOODS_3,1456,9,33023.9609375,0.10797536867627476,rmsse,0.7457699721233981
state_dept,2,AggregateHistGB,AggregateHistGB,TX__HOBBIES_1,1456,10,11740.7587890625,0.03838766528301877,rmsse,0.6284481792106291
state_dept,2,AggregateHistGB,AggregateHistGB,TX__HOBBIES_2,1456,11,597.070068359375,0.0019521843814763351,rmsse,1.4385921542152487
state_dept,2,AggregateHistGB,AggregateHistGB,TX__HOUSEHOLD_1,1456,12,21211.359375,0.0693528057695784,rmsse,1.087282276317544
state_dept,2,AggregateHistGB,AggregateHistGB,TX__HOUSEHOLD_2,1456,13,6183.01953125,0.02021604297203564,rmsse,0.876832350127569
state_dept,2,AggregateHistGB,AggregateHistGB,WI__FOODS_1,1456,14,8472.6201171875,0.02770213671638984,rmsse,0.9134674779685392
state_dept,2,AggregateHistGB,AggregateHistGB,WI__FOODS_2,1456,15,12217.0,0.03994478680539254,rmsse,1.1666266404154544
state_dept,2,AggregateHistGB,AggregateHistGB,WI__FOODS_3,1456,16,29846.76171875,0.09758717636791522,rmsse,1.0251431414994678
state_dept,2,AggregateHistGB,AggregateHistGB,WI__HOBBIES_1,1456,17,6511.15966796875,0.02128893220863405,rmsse,0.6537924972045706
state_dept,2,AggregateHistGB,AggregateHistGB,WI__HOBBIES_2,1456,18,583.5599975585938,0.0019080117615317524,rmsse,1.1038375150147646
state_dept,2,AggregateHistGB,AggregateHistGB,WI__HOUSEHOLD_1,1456,19,17843.080078125,0.058339856730150616,rmsse,1.6882187304629284
state_dept,2,AggregateHistGB,AggregateHistGB,WI__HOUSEHOLD_2,1456,20,3920.840087890625,0.012819605583107766,rmsse,0.8012239497025185
state_dept,2,AggregateHistGB,AggregateHistGB,CA__FOODS_1,1484,21,18270.888671875,0.054742099455031716,rmsse,1.2335560415805646
state_dept,2,AggregateHistGB,AggregateHistGB,CA__FOODS_2,1484,22,11357.849609375,0.034029682084855795,rmsse,0.5563031272136844
state_dept,2,AggregateHistGB,AggregateHistGB,CA__FOODS_3,1484,23,55400.4765625,0.16598745974020004,rmsse,0.6325687401716594
state_dept,2,AggregateHistGB,AggregateHistGB,CA__HOBBIES_1,1484,24,16027.66015625,0.04802107779549221,rmsse,0.688022610991036
state_dept,2,AggregateHistGB,AggregateHistGB,CA__HOBBIES_2,1484,25,479.4800109863281,0.0014365881659887357,rmsse,0.8786949467144819
state_dept,2,AggregateHistGB,AggregateHistGB,CA__HOUSEHOLD_1,1484,26,28883.357421875,0.0865385178016768,rmsse,0.6174283704738271
state_dept,2,AggregateHistGB,AggregateHistGB,CA__HOUSEHOLD_2,1484,27,12078.5498046875,0.03618899915353174,rmsse,0.8550657044173842
state_dept,2,AggregateHistGB,AggregateHistGB,TX__FOODS_1,1484,28,4299.25,0.012881145263849553,rmsse,1.2751826600626168
state_dept,2,AggregateHistGB,AggregateHistGB,TX__FOODS_2,1484,29,15832.4296875,0.047436140416205544,rmsse,0.745669554791445
state_dept,2,AggregateHistGB,AggregateHistGB,TX__FOODS_3,1484,30,33689.53125,0.1009384766883175,rmsse,0.5785230809518472
state_dept,2,AggregateHistGB,AggregateHistGB,TX__HOBBIES_1,1484,31,12314.9306640625,0.03689722877200077,rmsse,0.820843889971307
state_dept,2,AggregateHistGB,AggregateHistGB,TX__HOBBIES_2,1484,32,810.8299560546875,0.0024293582481179693,rmsse,1.0087407885277788
state_dept,2,AggregateHistGB,AggregateHistGB,TX__HOUSEHOLD_1,1484,33,26209.41796875,0.07852702683873174,rmsse,0.7600573059552412
state_dept,2,AggregateHistGB,AggregateHistGB,TX__HOUSEHOLD_2,1484,34,7332.7197265625,0.021969838454834387,rmsse,1.0783404854353902
state_dept,2,AggregateHistGB,AggregateHistGB,WI__FOODS_1,1484,35,9592.98046875,0.028741891011511388,rmsse,0.6966112885804169
state_dept,2,AggregateHistGB,AggregateHistGB,WI__FOODS_2,1484,36,14454.66015625,0.04330815309931605,rmsse,0.9664832949713922
state_dept,2,AggregateHistGB,AggregateHistGB,WI__FOODS_3,1484,37,31937.263671875,0.0956884416322119,rmsse,0.6738136680155143
state_dept,2,AggregateHistGB,AggregateHistGB,WI__HOBBIES_1,1484,38,7323.49951171875,0.021942213420987497,rmsse,0.5623875401297145
state_dept,2,AggregateHistGB,AggregateHistGB,WI__HOBBIES_2,1484,39,685.72998046875,0.0020545414875140283,rmsse,0.7625956163167968
state_dept,2,AggregateHistGB,AggregateHistGB,WI__HOUSEHOLD_1,1484,40,22292.109375,0.06679023064418153,rmsse,1.2379717250640878
state_dept,2,AggregateHistGB,AggregateHistGB,WI__HOUSEHOLD_2,1484,41,4489.40966796875,0.013450889825443057,rmsse,0.6662853805358963
state_dept,2,AggregateHistGB,AggregateHistGB,CA__FOODS_1,1512,42,10690.37890625,0.0314285961834405,rmsse,1.043838481332304
state_dept,2,AggregateHistGB,AggregateHistGB,CA__FOODS_2,1512,43,11042.0703125,0.032462532144471354,rmsse,0.6455777225245465
state_dept,2,AggregateHistGB,AggregateHistGB,CA__FOODS_3,1512,44,59297.6171875,0.17432879428966014,rmsse,0.6989321011125506
state_dept,2,AggregateHistGB,AggregateHistGB,CA__HOBBIES_1,1512,45,16501.859375,0.04851374110505905,rmsse,0.651223303628576
state_dept,2,AggregateHistGB,AggregateHistGB,CA__HOBBIES_2,1512,46,434.6900329589844,0.0012779432451030539,rmsse,1.0682733585256463
state_dept,2,AggregateHistGB,AggregateHistGB,CA__HOUSEHOLD_1,1512,47,29146.7109375,0.08568828253548658,rmsse,0.6907519552917489
state_dept,2,AggregateHistGB,AggregateHistGB,CA__HOUSEHOLD_2,1512,48,13427.1103515625,0.039474300476200826,rmsse,0.8622329770495177
state_dept,2,AggregateHistGB,AggregateHistGB,TX__FOODS_1,1512,49,3156.840087890625,0.009280779774794174,rmsse,1.0250862868205066
state_dept,2,AggregateHistGB,AggregateHistGB,TX__FOODS_2,1512,50,16051.3193359375,0.04718920049931041,rmsse,1.0782282379098527
state_dept,2,AggregateHistGB,AggregateHistGB,TX__FOODS_3,1512,51,36718.19921875,0.10794766639698256,rmsse,0.652896851794351
state_dept,2,AggregateHistGB,AggregateHistGB,TX__HOBBIES_1,1512,52,14444.279296875,0.042464670818815414,rmsse,0.6684285726766256
state_dept,2,AggregateHistGB,AggregateHistGB,TX__HOBBIES_2,1512,53,721.3800048828125,0.002120781785855632,rmsse,0.8643364865933698
state_dept,2,AggregateHistGB,AggregateHistGB,TX__HOUSEHOLD_1,1512,54,28868.6484375,0.08487080786008955,rmsse,0.8300639588851538
state_dept,2,AggregateHistGB,AggregateHistGB,TX__HOUSEHOLD_2,1512,55,8715.099609375,0.025621481588587347,rmsse,0.94393427414181
state_dept,2,AggregateHistGB,AggregateHistGB,WI__FOODS_1,1512,56,9523.1796875,0.02799715252429438,rmsse,1.019831001566632
state_dept,2,AggregateHistGB,AggregateHistGB,WI__FOODS_2,1512,57,14241.740234375,0.04186922715283239,rmsse,1.1791700982215874
state_dept,2,AggregateHistGB,AggregateHistGB,WI__FOODS_3,1512,58,31636.806640625,0.09300890353479298,rmsse,0.5551389052176319
state_dept,2,AggregateHistGB,AggregateHistGB,WI__HOBBIES_1,1512,59,7993.810546875,0.023500967163828122,rmsse,0.6516003577081858
state_dept,2,AggregateHistGB,AggregateHistGB,WI__HOBBIES_2,1512,60,668.18994140625,0.00196440856086179,rmsse,0.8816592732315877
state_dept,2,AggregateHistGB,AggregateHistGB,WI__HOUSEHOLD_1,1512,61,21880.921875,0.06432762241277876,rmsse,1.015188697476437
state_dept,2,AggregateHistGB,AggregateHistGB,WI__HOUSEHOLD_2,1512,62,4987.2998046875,0.014662139946754997,rmsse,0.6579172337241161
state_dept,2,AggregateHistGB,AggregateHistGB,CA__FOODS_1,1540,63,12192.9306640625,0.035410846416928064,rmsse,0.53111626731417
state_dept,2,AggregateHistGB,AggregateHistGB,CA__FOODS_2,1540,64,12227.5498046875,0.03551138771463028,rmsse,0.7848648833635937
state_dept,2,AggregateHistGB,AggregateHistGB,CA__FOODS_3,1540,65,64847.46484375,0.1883307369964228,rmsse,0.7962984424992307
state_dept,2,AggregateHistGB,AggregateHistGB,CA__HOBBIES_1,1540,66,16357.259765625,0.04750493784644838,rmsse,0.5619415302188396
state_dept,2,AggregateHistGB,AggregateHistGB,CA__HOBBIES_2,1540,67,532.030029296875,0.001545127596940529,rmsse,0.9348845532325301
state_dept,2,AggregateHistGB,AggregateHistGB,CA__HOUSEHOLD_1,1540,68,32217.75,0.09356715203109894,rmsse,0.6952662815868305
state_dept,2,AggregateHistGB,AggregateHistGB,CA__HOUSEHOLD_2,1540,69,13982.7802734375,0.040608947790028105,rmsse,0.6904292909252707
state_dept,2,AggregateHistGB,AggregateHistGB,TX__FOODS_1,1540,70,3069.800048828125,0.008915347840050164,rmsse,0.7734947989993738
state_dept,2,AggregateHistGB,AggregateHistGB,TX__FOODS_2,1540,71,15332.8291015625,0.04452977478603431,rmsse,0.7716323666454279
state_dept,2,AggregateHistGB,AggregateHistGB,TX__FOODS_3,1540,72,37792.953125,0.10975871967319478,rmsse,0.7436598343574715
state_dept,2,AggregateHistGB,AggregateHistGB,TX__HOBBIES_1,1540,73,13112.2109375,0.0380806305298446,rmsse,0.8335835834173857
state_dept,2,AggregateHistGB,AggregateHistGB,TX__HOBBIES_2,1540,74,605.989990234375,0.0017599229476168861,rmsse,1.0751312973827054
state_dept,2,AggregateHistGB,AggregateHistGB,TX__HOUSEHOLD_1,1540,75,28408.98046875,0.08250568070607202,rmsse,0.8538075677999618
state_dept,2,AggregateHistGB,AggregateHistGB,TX__HOUSEHOLD_2,1540,76,8188.3310546875,0.023780643175731208,rmsse,0.654843072500907
state_dept,2,AggregateHistGB,AggregateHistGB,WI__FOODS_1,1540,77,10300.3486328125,0.029914388388378746,rmsse,1.077494932338269
state_dept,2,AggregateHistGB,AggregateHistGB,WI__FOODS_2,1540,78,12159.419921875,0.03531352414243861,rmsse,0.8753761587825158
state_dept,2,AggregateHistGB,AggregateHistGB,WI__FOODS_3,1540,79,29559.939453125,0.08584830873790462,rmsse,0.597409963750044
state_dept,2,AggregateHistGB,AggregateHistGB,WI__HOBBIES_1,1540,80,6916.42041015625,0.020086745971648723,rmsse,0.6690446699275582
state_dept,2,AggregateHistGB,AggregateHistGB,WI__HOBBIES_2,1540,81,677.5800170898438,0.001967835509068139,rmsse,0.9866150013142658
state_dept,2,AggregateHistGB,AggregateHistGB,WI__HOUSEHOLD_1,1540,82,20884.240234375,0.060652245456736094,rmsse,1.0149593506283883
state_dept,2,AggregateHistGB,AggregateHistGB,WI__HOUSEHOLD_2,1540,83,4960.76025390625,0.014407095742783997,rmsse,0.8485613132759975
state_dept,2,AggregateHistGB,AggregateHistGB,CA__FOODS_1,1456,0,12861.7802734375,0.04205296479989067,mean_spl,0.329406150929471
state_dept,2,AggregateHistGB,AggregateHistGB,CA__FOODS_2,1456,1,10985.7490234375,0.03591908018652372,mean_spl,0.2636901255744348
state_dept,2,AggregateHistGB,AggregateHistGB,CA__FOODS_3,1456,2,55408.58203125,0.18116427899053658,mean_spl,0.341017073994055
state_dept,2,AggregateHistGB,AggregateHistGB,CA__HOBBIES_1,1456,3,15754.3994140625,0.05151069213732731,mean_spl,0.1551971642358159
state_dept,2,AggregateHistGB,AggregateHistGB,CA__HOBBIES_2,1456,4,525.1099853515625,0.0017169032016248642,mean_spl,0.35853507627675874
state_dept,2,AggregateHistGB,AggregateHistGB,CA__HOUSEHOLD_1,1456,5,27565.529296875,0.09012844323004618,mean_spl,0.12696359465060464
state_dept,2,AggregateHistGB,AggregateHistGB,CA__HOUSEHOLD_2,1456,6,10496.9609375,0.034320935315787095,mean_spl,0.21448819244785058
state_dept,2,AggregateHistGB,AggregateHistGB,TX__FOODS_1,1456,7,4201.60986328125,0.013737612362135061,mean_spl,0.29359633051965733
state_dept,2,AggregateHistGB,AggregateHistGB,TX__FOODS_2,1456,8,15896.2587890625,0.05197451652062282,mean_spl,0.2324878144578561
state_dept,2,AggregateHistGB,AggregateHistGB,TX__FOODS_3,1456,9,33023.9609375,0.10797536867627476,mean_spl,0.27423096240016326
state_dept,2,AggregateHistGB,AggregateHistGB,TX__HOBBIES_1,1456,10,11740.7587890625,0.03838766528301877,mean_spl,0.16970924356368985
state_dept,2,AggregateHistGB,AggregateHistGB,TX__HOBBIES_2,1456,11,597.070068359375,0.0019521843814763351,mean_spl,0.43176713621884555
state_dept,2,AggregateHistGB,AggregateHistGB,TX__HOUSEHOLD_1,1456,12,21211.359375,0.0693528057695784,mean_spl,0.38570775146212566
state_dept,2,AggregateHistGB,AggregateHistGB,TX__HOUSEHOLD_2,1456,13,6183.01953125,0.02021604297203564,mean_spl,0.22368236841597516
state_dept,2,AggregateHistGB,AggregateHistGB,WI__FOODS_1,1456,14,8472.6201171875,0.02770213671638984,mean_spl,0.2670362592556136
state_dept,2,AggregateHistGB,AggregateHistGB,WI__FOODS_2,1456,15,12217.0,0.03994478680539254,mean_spl,0.3486433850903526
state_dept,2,AggregateHistGB,AggregateHistGB,WI__FOODS_3,1456,16,29846.76171875,0.09758717636791522,mean_spl,0.40240070384232124
state_dept,2,AggregateHistGB,AggregateHistGB,WI__HOBBIES_1,1456,17,6511.15966796875,0.02128893220863405,mean_spl,0.17446851040670433
state_dept,2,AggregateHistGB,AggregateHistGB,WI__HOBBIES_2,1456,18,583.5599975585938,0.0019080117615317524,mean_spl,0.3554427217673062
state_dept,2,AggregateHistGB,AggregateHistGB,WI__HOUSEHOLD_1,1456,19,17843.080078125,0.058339856730150616,mean_spl,0.6019691860046635
state_dept,2,AggregateHistGB,AggregateHistGB,WI__HOUSEHOLD_2,1456,20,3920.840087890625,0.012819605583107766,mean_spl,0.21403447636435877
state_dept,2,AggregateHistGB,AggregateHistGB,CA__FOODS_1,1484,21,18270.888671875,0.054742099455031716,mean_spl,0.4049890033278975
state_dept,2,AggregateHistGB,AggregateHistGB,CA__FOODS_2,1484,22,11357.849609375,0.034029682084855795,mean_spl,0.13986437151512632
state_dept,2,AggregateHistGB,AggregateHistGB,CA__FOODS_3,1484,23,55400.4765625,0.16598745974020004,mean_spl,0.23788319270475305
state_dept,2,AggregateHistGB,AggregateHistGB,CA__HOBBIES_1,1484,24,16027.66015625,0.04802107779549221,mean_spl,0.19958053279769555
state_dept,2,AggregateHistGB,AggregateHistGB,CA__HOBBIES_2,1484,25,479.4800109863281,0.0014365881659887357,mean_spl,0.29312584395628366
state_dept,2,AggregateHistGB,AggregateHistGB,CA__HOUSEHOLD_1,1484,26,28883.357421875,0.0865385178016768,mean_spl,0.1812069998913632
state_dept,2,AggregateHistGB,AggregateHistGB,CA__HOUSEHOLD_2,1484,27,12078.5498046875,0.03618899915353174,mean_spl,0.23071527329304276
state_dept,2,AggregateHistGB,AggregateHistGB,TX__FOODS_1,1484,28,4299.25,0.012881145263849553,mean_spl,0.3285923322304533
state_dept,2,AggregateHistGB,AggregateHistGB,TX__FOODS_2,1484,29,15832.4296875,0.047436140416205544,mean_spl,0.18618238589328062
state_dept,2,AggregateHistGB,AggregateHistGB,TX__FOODS_3,1484,30,33689.53125,0.1009384766883175,mean_spl,0.19971754248882093
state_dept,2,AggregateHistGB,AggregateHistGB,TX__HOBBIES_1,1484,31,12314.9306640625,0.03689722877200077,mean_spl,0.22681362031401753
state_dept,2,AggregateHistGB,AggregateHistGB,TX__HOBBIES_2,1484,32,810.8299560546875,0.0024293582481179693,mean_spl,0.37619167673341497
state_dept,2,AggregateHistGB,AggregateHistGB,TX__HOUSEHOLD_1,1484,33,26209.41796875,0.07852702683873174,mean_spl,0.24672156767550307
state_dept,2,AggregateHistGB,AggregateHistGB,TX__HOUSEHOLD_2,1484,34,7332.7197265625,0.021969838454834387,mean_spl,0.2707597067320954
state_dept,2,AggregateHistGB,AggregateHistGB,WI__FOODS_1,1484,35,9592.98046875,0.028741891011511388,mean_spl,0.19215538864852488
state_dept,2,AggregateHistGB,AggregateHistGB,WI__FOODS_2,1484,36,14454.66015625,0.04330815309931605,mean_spl,0.2886348161097118
state_dept,2,AggregateHistGB,AggregateHistGB,WI__FOODS_3,1484,37,31937.263671875,0.0956884416322119,mean_spl,0.26850939922860506
state_dept,2,AggregateHistGB,AggregateHistGB,WI__HOBBIES_1,1484,38,7323.49951171875,0.021942213420987497,mean_spl,0.14146816582674404
state_dept,2,AggregateHistGB,AggregateHistGB,WI__HOBBIES_2,1484,39,685.72998046875,0.0020545414875140283,mean_spl,0.331471474687295
state_dept,2,AggregateHistGB,AggregateHistGB,WI__HOUSEHOLD_1,1484,40,22292.109375,0.06679023064418153,mean_spl,0.47123257232210647
state_dept,2,AggregateHistGB,AggregateHistGB,WI__HOUSEHOLD_2,1484,41,4489.40966796875,0.013450889825443057,mean_spl,0.18844535601093007
state_dept,2,AggregateHistGB,AggregateHistGB,CA__FOODS_1,1512,42,10690.37890625,0.0314285961834405,mean_spl,0.2924369105853042
state_dept,2,AggregateHistGB,AggregateHistGB,CA__FOODS_2,1512,43,11042.0703125,0.032462532144471354,mean_spl,0.15920361673810132
state_dept,2,AggregateHistGB,AggregateHistGB,CA__FOODS_3,1512,44,59297.6171875,0.17432879428966014,mean_spl,0.3108529848722035
state_dept,2,AggregateHistGB,AggregateHistGB,CA__HOBBIES_1,1512,45,16501.859375,0.04851374110505905,mean_spl,0.17191067823380426
state_dept,2,AggregateHistGB,AggregateHistGB,CA__HOBBIES_2,1512,46,434.6900329589844,0.0012779432451030539,mean_spl,0.3372133242555297
state_dept,2,AggregateHistGB,AggregateHistGB,CA__HOUSEHOLD_1,1512,47,29146.7109375,0.08568828253548658,mean_spl,0.20724276664531832
state_dept,2,AggregateHistGB,AggregateHistGB,CA__HOUSEHOLD_2,1512,48,13427.1103515625,0.039474300476200826,mean_spl,0.22429737204993316
state_dept,2,AggregateHistGB,AggregateHistGB,TX__FOODS_1,1512,49,3156.840087890625,0.009280779774794174,mean_spl,0.22660332454486534
state_dept,2,AggregateHistGB,AggregateHistGB,TX__FOODS_2,1512,50,16051.3193359375,0.04718920049931041,mean_spl,0.30443741978300287
state_dept,2,AggregateHistGB,AggregateHistGB,TX__FOODS_3,1512,51,36718.19921875,0.10794766639698256,mean_spl,0.22486401251916238
state_dept,2,AggregateHistGB,AggregateHistGB,TX__HOBBIES_1,1512,52,14444.279296875,0.042464670818815414,mean_spl,0.17574678338141317
state_dept,2,AggregateHistGB,AggregateHistGB,TX__HOBBIES_2,1512,53,721.3800048828125,0.002120781785855632,mean_spl,0.3551591092140162
state_dept,2,AggregateHistGB,AggregateHistGB,TX__HOUSEHOLD_1,1512,54,28868.6484375,0.08487080786008955,mean_spl,0.2742703234700325
state_dept,2,AggregateHistGB,AggregateHistGB,TX__HOUSEHOLD_2,1512,55,8715.099609375,0.025621481588587347,mean_spl,0.23309738119591866
state_dept,2,AggregateHistGB,AggregateHistGB,WI__FOODS_1,1512,56,9523.1796875,0.02799715252429438,mean_spl,0.304462696434052
state_dept,2,AggregateHistGB,AggregateHistGB,WI__FOODS_2,1512,57,14241.740234375,0.04186922715283239,mean_spl,0.35536520169627767
state_dept,2,AggregateHistGB,AggregateHistGB,WI__FOODS_3,1512,58,31636.806640625,0.09300890353479298,mean_spl,0.19981234937434264
state_dept,2,AggregateHistGB,AggregateHistGB,WI__HOBBIES_1,1512,59,7993.810546875,0.023500967163828122,mean_spl,0.1759359043892435
state_dept,2,AggregateHistGB,AggregateHistGB,WI__HOBBIES_2,1512,60,668.18994140625,0.00196440856086179,mean_spl,0.3435156102699862
state_dept,2,AggregateHistGB,AggregateHistGB,WI__HOUSEHOLD_1,1512,61,21880.921875,0.06432762241277876,mean_spl,0.3138435530535571
state_dept,2,AggregateHistGB,AggregateHistGB,WI__HOUSEHOLD_2,1512,62,4987.2998046875,0.014662139946754997,mean_spl,0.1862681962930555
state_dept,2,AggregateHistGB,AggregateHistGB,CA__FOODS_1,1540,63,12192.9306640625,0.035410846416928064,mean_spl,0.13925058653479946
state_dept,2,AggregateHistGB,AggregateHistGB,CA__FOODS_2,1540,64,12227.5498046875,0.03551138771463028,mean_spl,0.20969853664535962
state_dept,2,AggregateHistGB,AggregateHistGB,CA__FOODS_3,1540,65,64847.46484375,0.1883307369964228,mean_spl,0.38079198966334066
state_dept,2,AggregateHistGB,AggregateHistGB,CA__HOBBIES_1,1540,66,16357.259765625,0.04750493784644838,mean_spl,0.1463465232472616
state_dept,2,AggregateHistGB,AggregateHistGB,CA__HOBBIES_2,1540,67,532.030029296875,0.001545127596940529,mean_spl,0.3095901511980191
state_dept,2,AggregateHistGB,AggregateHistGB,CA__HOUSEHOLD_1,1540,68,32217.75,0.09356715203109894,mean_spl,0.21366337418687553
state_dept,2,AggregateHistGB,AggregateHistGB,CA__HOUSEHOLD_2,1540,69,13982.7802734375,0.040608947790028105,mean_spl,0.1822487797304525
state_dept,2,AggregateHistGB,AggregateHistGB,TX__FOODS_1,1540,70,3069.800048828125,0.008915347840050164,mean_spl,0.2012519951101179
state_dept,2,AggregateHistGB,AggregateHistGB,TX__FOODS_2,1540,71,15332.8291015625,0.04452977478603431,mean_spl,0.20059236946831463
state_dept,2,AggregateHistGB,AggregateHistGB,TX__FOODS_3,1540,72,37792.953125,0.10975871967319478,mean_spl,0.2919792572451556
state_dept,2,AggregateHistGB,AggregateHistGB,TX__HOBBIES_1,1540,73,13112.2109375,0.0380806305298446,mean_spl,0.22986226349542394
state_dept,2,AggregateHistGB,AggregateHistGB,TX__HOBBIES_2,1540,74,605.989990234375,0.0017599229476168861,mean_spl,0.3743739415466237
state_dept,2,AggregateHistGB,AggregateHistGB,TX__HOUSEHOLD_1,1540,75,28408.98046875,0.08250568070607202,mean_spl,0.2801220458429921
state_dept,2,AggregateHistGB,AggregateHistGB,TX__HOUSEHOLD_2,1540,76,8188.3310546875,0.023780643175731208,mean_spl,0.17295754386220477
state_dept,2,AggregateHistGB,AggregateHistGB,WI__FOODS_1,1540,77,10300.3486328125,0.029914388388378746,mean_spl,0.3163354437323064
state_dept,2,AggregateHistGB,AggregateHistGB,WI__FOODS_2,1540,78,12159.419921875,0.03531352414243861,mean_spl,0.24832092627971136
state_dept,2,AggregateHistGB,AggregateHistGB,WI__FOODS_3,1540,79,29559.939453125,0.08584830873790462,mean_spl,0.22768232237976255
state_dept,2,AggregateHistGB,AggregateHistGB,WI__HOBBIES_1,1540,80,6916.42041015625,0.020086745971648723,mean_spl,0.17915610220368103
state_dept,2,AggregateHistGB,AggregateHistGB,WI__HOBBIES_2,1540,81,677.5800170898438,0.001967835509068139,mean_spl,0.3470769169348487
state_dept,2,AggregateHistGB,AggregateHistGB,WI__HOUSEHOLD_1,1540,82,20884.240234375,0.060652245456736094,mean_spl,0.32847330447399625
state_dept,2,AggregateHistGB,AggregateHistGB,WI__HOUSEHOLD_2,1540,83,4960.76025390625,0.014407095742783997,mean_spl,0.22383534072882297
state_dept,2,ChildSummaryElasticNet,ChildSummaryElasticNet,CA__FOODS_1,1456,0,12861.7802734375,0.04205296479989067,rmsse,1.4931180275612461
state_dept,2,ChildSummaryElasticNet,ChildSummaryElasticNet,CA__FOODS_2,1456,1,10985.7490234375,0.03591908018652372,rmsse,0.9296912236454741
state_dept,2,ChildSummaryElasticNet,ChildSummaryElasticNet,CA__FOODS_3,1456,2,55408.58203125,0.18116427899053658,rmsse,0.733658325948359
state_dept,2,ChildSummaryElasticNet,ChildSummaryElasticNet,CA__HOBBIES_1,1456,3,15754.3994140625,0.05151069213732731,rmsse,0.8510568781609217
state_dept,2,ChildSummaryElasticNet,ChildSummaryElasticNet,CA__HOBBIES_2,1456,4,525.1099853515625,0.0017169032016248642,rmsse,4.347426897826948
state_dept,2,ChildSummaryElasticNet,ChildSummaryElasticNet,CA__HOUSEHOLD_1,1456,5,27565.529296875,0.09012844323004618,rmsse,0.8154679084852459
state_dept,2,ChildSummaryElasticNet,ChildSummaryElasticNet,CA__HOUSEHOLD_2,1456,6,10496.9609375,0.034320935315787095,rmsse,1.61515970176615
state_dept,2,ChildSummaryElasticNet,ChildSummaryElasticNet,TX__FOODS_1,1456,7,4201.60986328125,0.013737612362135061,rmsse,2.3274606655532426
state_dept,2,ChildSummaryElasticNet,ChildSummaryElasticNet,TX__FOODS_2,1456,8,15896.2587890625,0.05197451652062282,rmsse,1.301446208655582
state_dept,2,ChildSummaryElasticNet,ChildSummaryElasticNet,TX__FOODS_3,1456,9,33023.9609375,0.10797536867627476,rmsse,0.7912957393728102
state_dept,2,ChildSummaryElasticNet,ChildSummaryElasticNet,TX__HOBBIES_1,1456,10,11740.7587890625,0.03838766528301877,rmsse,1.0466702227488902
state_dept,2,ChildSummaryElasticNet,ChildSummaryElasticNet,TX__HOBBIES_2,1456,11,597.070068359375,0.0019521843814763351,rmsse,6.3421462068895185
state_dept,2,ChildSummaryElasticNet,ChildSummaryElasticNet,TX__HOUSEHOLD_1,1456,12,21211.359375,0.0693528057695784,rmsse,1.2068707529297042
state_dept,2,ChildSummaryElasticNet,ChildSummaryElasticNet,TX__HOUSEHOLD_2,1456,13,6183.01953125,0.02021604297203564,rmsse,2.200051617564654
state_dept,2,ChildSummaryElasticNet,ChildSummaryElasticNet,WI__FOODS_1,1456,14,8472.6201171875,0.02770213671638984,rmsse,1.07691365492883
state_dept,2,ChildSummaryElasticNet,ChildSummaryElasticNet,WI__FOODS_2,1456,15,12217.0,0.03994478680539254,rmsse,1.2393659547314515
state_dept,2,ChildSummaryElasticNet,ChildSummaryElasticNet,WI__FOODS_3,1456,16,29846.76171875,0.09758717636791522,rmsse,0.8944562051890036
state_dept,2,ChildSummaryElasticNet,ChildSummaryElasticNet,WI__HOBBIES_1,1456,17,6511.15966796875,0.02128893220863405,rmsse,0.9551290908554849
state_dept,2,ChildSummaryElasticNet,ChildSummaryElasticNet,WI__HOBBIES_2,1456,18,583.5599975585938,0.0019080117615317524,rmsse,5.291668112870934
state_dept,2,ChildSummaryElasticNet,ChildSummaryElasticNet,WI__HOUSEHOLD_1,1456,19,17843.080078125,0.058339856730150616,rmsse,1.7842840398404811
state_dept,2,ChildSummaryElasticNet,ChildSummaryElasticNet,WI__HOUSEHOLD_2,1456,20,3920.840087890625,0.012819605583107766,rmsse,2.9145548945880604
state_dept,2,ChildSummaryElasticNet,ChildSummaryElasticNet,CA__FOODS_1,1484,21,18270.888671875,0.054742099455031716,rmsse,1.4247577230761996
state_dept,2,ChildSummaryElasticNet,ChildSummaryElasticNet,CA__FOODS_2,1484,22,11357.849609375,0.034029682084855795,rmsse,1.3906057270172318
state_dept,2,ChildSummaryElasticNet,ChildSummaryElasticNet,CA__FOODS_3,1484,23,55400.4765625,0.16598745974020004,rmsse,0.5499730410643318
state_dept,2,ChildSummaryElasticNet,ChildSummaryElasticNet,CA__HOBBIES_1,1484,24,16027.66015625,0.04802107779549221,rmsse,1.1603436790169008
state_dept,2,ChildSummaryElasticNet,ChildSummaryElasticNet,CA__HOBBIES_2,1484,25,479.4800109863281,0.0014365881659887357,rmsse,5.327905724786295
state_dept,2,ChildSummaryElasticNet,ChildSummaryElasticNet,CA__HOUSEHOLD_1,1484,26,28883.357421875,0.0865385178016768,rmsse,0.9218463225760274
state_dept,2,ChildSummaryElasticNet,ChildSummaryElasticNet,CA__HOUSEHOLD_2,1484,27,12078.5498046875,0.03618899915353174,rmsse,1.8974904318371437
state_dept,2,ChildSummaryElasticNet,ChildSummaryElasticNet,TX__FOODS_1,1484,28,4299.25,0.012881145263849553,rmsse,2.349124060810698
state_dept,2,ChildSummaryElasticNet,ChildSummaryElasticNet,TX__FOODS_2,1484,29,15832.4296875,0.047436140416205544,rmsse,1.4961031070634314
state_dept,2,ChildSummaryElasticNet,ChildSummaryElasticNet,TX__FOODS_3,1484,30,33689.53125,0.1009384766883175,rmsse,0.6821295636243564
state_dept,2,ChildSummaryElasticNet,ChildSummaryElasticNet,TX__HOBBIES_1,1484,31,12314.9306640625,0.03689722877200077,rmsse,1.584049954855206
state_dept,2,ChildSummaryElasticNet,ChildSummaryElasticNet,TX__HOBBIES_2,1484,32,810.8299560546875,0.0024293582481179693,rmsse,7.245952520026213
state_dept,2,ChildSummaryElasticNet,ChildSummaryElasticNet,TX__HOUSEHOLD_1,1484,33,26209.41796875,0.07852702683873174,rmsse,1.4817389387234334
state_dept,2,ChildSummaryElasticNet,ChildSummaryElasticNet,TX__HOUSEHOLD_2,1484,34,7332.7197265625,0.021969838454834387,rmsse,2.8707079901986567
state_dept,2,ChildSummaryElasticNet,ChildSummaryElasticNet,WI__FOODS_1,1484,35,9592.98046875,0.028741891011511388,rmsse,1.176875708695435
state_dept,2,ChildSummaryElasticNet,ChildSummaryElasticNet,WI__FOODS_2,1484,36,14454.66015625,0.04330815309931605,rmsse,1.1814979179227414
state_dept,2,ChildSummaryElasticNet,ChildSummaryElasticNet,WI__FOODS_3,1484,37,31937.263671875,0.0956884416322119,rmsse,0.6441298341613716
state_dept,2,ChildSummaryElasticNet,ChildSummaryElasticNet,WI__HOBBIES_1,1484,38,7323.49951171875,0.021942213420987497,rmsse,1.2600344792215377
state_dept,2,ChildSummaryElasticNet,ChildSummaryElasticNet,WI__HOBBIES_2,1484,39,685.72998046875,0.0020545414875140283,rmsse,6.166362637673598
state_dept,2,ChildSummaryElasticNet,ChildSummaryElasticNet,WI__HOUSEHOLD_1,1484,40,22292.109375,0.06679023064418153,rmsse,1.4361791192684692
state_dept,2,ChildSummaryElasticNet,ChildSummaryElasticNet,WI__HOUSEHOLD_2,1484,41,4489.40966796875,0.013450889825443057,rmsse,3.341476779104066
state_dept,2,ChildSummaryElasticNet,ChildSummaryElasticNet,CA__FOODS_1,1512,42,10690.37890625,0.0314285961834405,rmsse,1.2373312063774076
state_dept,2,ChildSummaryElasticNet,ChildSummaryElasticNet,CA__FOODS_2,1512,43,11042.0703125,0.032462532144471354,rmsse,0.9808430097253749
state_dept,2,ChildSummaryElasticNet,ChildSummaryElasticNet,CA__FOODS_3,1512,44,59297.6171875,0.17432879428966014,rmsse,0.43275152632560204
state_dept,2,ChildSummaryElasticNet,ChildSummaryElasticNet,CA__HOBBIES_1,1512,45,16501.859375,0.04851374110505905,rmsse,0.7832060929596207
state_dept,2,ChildSummaryElasticNet,ChildSummaryElasticNet,CA__HOBBIES_2,1512,46,434.6900329589844,0.0012779432451030539,rmsse,4.146361618683624
state_dept,2,ChildSummaryElasticNet,ChildSummaryElasticNet,CA__HOUSEHOLD_1,1512,47,29146.7109375,0.08568828253548658,rmsse,0.6291833738150646
state_dept,2,ChildSummaryElasticNet,ChildSummaryElasticNet,CA__HOUSEHOLD_2,1512,48,13427.1103515625,0.039474300476200826,rmsse,2.485269655090755
state_dept,2,ChildSummaryElasticNet,ChildSummaryElasticNet,TX__FOODS_1,1512,49,3156.840087890625,0.009280779774794174,rmsse,2.1734342459801823
state_dept,2,ChildSummaryElasticNet,ChildSummaryElasticNet,TX__FOODS_2,1512,50,16051.3193359375,0.04718920049931041,rmsse,1.1220890047423953
state_dept,2,ChildSummaryElasticNet,ChildSummaryElasticNet,TX__FOODS_3,1512,51,36718.19921875,0.10794766639698256,rmsse,0.7452756302397866
state_dept,2,ChildSummaryElasticNet,ChildSummaryElasticNet,TX__HOBBIES_1,1512,52,14444.279296875,0.042464670818815414,rmsse,1.1377112185397849
state_dept,2,ChildSummaryElasticNet,ChildSummaryElasticNet,TX__HOBBIES_2,1512,53,721.3800048828125,0.002120781785855632,rmsse,6.058955408902373
state_dept,2,ChildSummaryElasticNet,ChildSummaryElasticNet,TX__HOUSEHOLD_1,1512,54,28868.6484375,0.08487080786008955,rmsse,0.9841617883936041
state_dept,2,ChildSummaryElasticNet,ChildSummaryElasticNet,TX__HOUSEHOLD_2,1512,55,8715.099609375,0.025621481588587347,rmsse,2.5445322703033333
state_dept,2,ChildSummaryElasticNet,ChildSummaryElasticNet,WI__FOODS_1,1512,56,9523.1796875,0.02799715252429438,rmsse,1.279180685043823
state_dept,2,ChildSummaryElasticNet,ChildSummaryElasticNet,WI__FOODS_2,1512,57,14241.740234375,0.04186922715283239,rmsse,1.0857005720149013
state_dept,2,ChildSummaryElasticNet,ChildSummaryElasticNet,WI__FOODS_3,1512,58,31636.806640625,0.09300890353479298,rmsse,0.5496203151316396
state_dept,2,ChildSummaryElasticNet,ChildSummaryElasticNet,WI__HOBBIES_1,1512,59,7993.810546875,0.023500967163828122,rmsse,0.9468975990713258
state_dept,2,ChildSummaryElasticNet,ChildSummaryElasticNet,WI__HOBBIES_2,1512,60,668.18994140625,0.00196440856086179,rmsse,5.861110373813215
state_dept,2,ChildSummaryElasticNet,ChildSummaryElasticNet,WI__HOUSEHOLD_1,1512,61,21880.921875,0.06432762241277876,rmsse,1.151262624754147
state_dept,2,ChildSummaryElasticNet,ChildSummaryElasticNet,WI__HOUSEHOLD_2,1512,62,4987.2998046875,0.014662139946754997,rmsse,3.2984127026361905
state_dept,2,ChildSummaryElasticNet,ChildSummaryElasticNet,CA__FOODS_1,1540,63,12192.9306640625,0.035410846416928064,rmsse,1.4467244935480665
state_dept,2,ChildSummaryElasticNet,ChildSummaryElasticNet,CA__FOODS_2,1540,64,12227.5498046875,0.03551138771463028,rmsse,1.6791119385457591
state_dept,2,ChildSummaryElasticNet,ChildSummaryElasticNet,CA__FOODS_3,1540,65,64847.46484375,0.1883307369964228,rmsse,0.7618096960578786
state_dept,2,ChildSummaryElasticNet,ChildSummaryElasticNet,CA__HOBBIES_1,1540,66,16357.259765625,0.04750493784644838,rmsse,0.9911364315754004
state_dept,2,ChildSummaryElasticNet,ChildSummaryElasticNet,CA__HOBBIES_2,1540,67,532.030029296875,0.001545127596940529,rmsse,6.707195892619152
state_dept,2,ChildSummaryElasticNet,ChildSummaryElasticNet,CA__HOUSEHOLD_1,1540,68,32217.75,0.09356715203109894,rmsse,0.9328792689528045
state_dept,2,ChildSummaryElasticNet,ChildSummaryElasticNet,CA__HOUSEHOLD_2,1540,69,13982.7802734375,0.040608947790028105,rmsse,1.8461362680676119
state_dept,2,ChildSummaryElasticNet,ChildSummaryElasticNet,TX__FOODS_1,1540,70,3069.800048828125,0.008915347840050164,rmsse,3.295624785745991
state_dept,2,ChildSummaryElasticNet,ChildSummaryElasticNet,TX__FOODS_2,1540,71,15332.8291015625,0.04452977478603431,rmsse,1.8992250648318592
state_dept,2,ChildSummaryElasticNet,ChildSummaryElasticNet,TX__FOODS_3,1540,72,37792.953125,0.10975871967319478,rmsse,0.5300893021913463
state_dept,2,ChildSummaryElasticNet,ChildSummaryElasticNet,TX__HOBBIES_1,1540,73,13112.2109375,0.0380806305298446,rmsse,1.8314934123796711
state_dept,2,ChildSummaryElasticNet,ChildSummaryElasticNet,TX__HOBBIES_2,1540,74,605.989990234375,0.0017599229476168861,rmsse,8.686713294900306
state_dept,2,ChildSummaryElasticNet,ChildSummaryElasticNet,TX__HOUSEHOLD_1,1540,75,28408.98046875,0.08250568070607202,rmsse,0.9215360152392019
state_dept,2,ChildSummaryElasticNet,ChildSummaryElasticNet,TX__HOUSEHOLD_2,1540,76,8188.3310546875,0.023780643175731208,rmsse,2.926744631155347
state_dept,2,ChildSummaryElasticNet,ChildSummaryElasticNet,WI__FOODS_1,1540,77,10300.3486328125,0.029914388388378746,rmsse,1.8836557768374476
state_dept,2,ChildSummaryElasticNet,ChildSummaryElasticNet,WI__FOODS_2,1540,78,12159.419921875,0.03531352414243861,rmsse,1.3253135615666363
state_dept,2,ChildSummaryElasticNet,ChildSummaryElasticNet,WI__FOODS_3,1540,79,29559.939453125,0.08584830873790462,rmsse,0.6131022754479813
state_dept,2,ChildSummaryElasticNet,ChildSummaryElasticNet,WI__HOBBIES_1,1540,80,6916.42041015625,0.020086745971648723,rmsse,1.7498438158763645
state_dept,2,ChildSummaryElasticNet,ChildSummaryElasticNet,WI__HOBBIES_2,1540,81,677.5800170898438,0.001967835509068139,rmsse,8.353979802833086
state_dept,2,ChildSummaryElasticNet,ChildSummaryElasticNet,WI__HOUSEHOLD_1,1540,82,20884.240234375,0.060652245456736094,rmsse,1.0117307876877786
state_dept,2,ChildSummaryElasticNet,ChildSummaryElasticNet,WI__HOUSEHOLD_2,1540,83,4960.76025390625,0.014407095742783997,rmsse,3.947640459416408
state_dept,2,ChildSummaryElasticNet,ChildSummaryElasticNet,CA__FOODS_1,1456,0,12861.7802734375,0.04205296479989067,mean_spl,0.4015342498742656
state_dept,2,ChildSummaryElasticNet,ChildSummaryElasticNet,CA__FOODS_2,1456,1,10985.7490234375,0.03591908018652372,mean_spl,0.2307609732069919
state_dept,2,ChildSummaryElasticNet,ChildSummaryElasticNet,CA__FOODS_3,1456,2,55408.58203125,0.18116427899053658,mean_spl,0.27820437327442216
state_dept,2,ChildSummaryElasticNet,ChildSummaryElasticNet,CA__HOBBIES_1,1456,3,15754.3994140625,0.05151069213732731,mean_spl,0.22692069913371382
state_dept,2,ChildSummaryElasticNet,ChildSummaryElasticNet,CA__HOBBIES_2,1456,4,525.1099853515625,0.0017169032016248642,mean_spl,1.143102673698883
state_dept,2,ChildSummaryElasticNet,ChildSummaryElasticNet,CA__HOUSEHOLD_1,1456,5,27565.529296875,0.09012844323004618,mean_spl,0.21413094061415003
state_dept,2,ChildSummaryElasticNet,ChildSummaryElasticNet,CA__HOUSEHOLD_2,1456,6,10496.9609375,0.034320935315787095,mean_spl,0.42920608786931375
state_dept,2,ChildSummaryElasticNet,ChildSummaryElasticNet,TX__FOODS_1,1456,7,4201.60986328125,0.013737612362135061,mean_spl,0.6065811581319508
state_dept,2,ChildSummaryElasticNet,ChildSummaryElasticNet,TX__FOODS_2,1456,8,15896.2587890625,0.05197451652062282,mean_spl,0.31196018277687054
state_dept,2,ChildSummaryElasticNet,ChildSummaryElasticNet,TX__FOODS_3,1456,9,33023.9609375,0.10797536867627476,mean_spl,0.23430456547846878
state_dept,2,ChildSummaryElasticNet,ChildSummaryElasticNet,TX__HOBBIES_1,1456,10,11740.7587890625,0.03838766528301877,mean_spl,0.256758688634229
state_dept,2,ChildSummaryElasticNet,ChildSummaryElasticNet,TX__HOBBIES_2,1456,11,597.070068359375,0.0019521843814763351,mean_spl,1.5992331701105007
state_dept,2,ChildSummaryElasticNet,ChildSummaryElasticNet,TX__HOUSEHOLD_1,1456,12,21211.359375,0.0693528057695784,mean_spl,0.33372801955595977
state_dept,2,ChildSummaryElasticNet,ChildSummaryElasticNet,TX__HOUSEHOLD_2,1456,13,6183.01953125,0.02021604297203564,mean_spl,0.532995723788592
state_dept,2,ChildSummaryElasticNet,ChildSummaryElasticNet,WI__FOODS_1,1456,14,8472.6201171875,0.02770213671638984,mean_spl,0.27824283415961826
state_dept,2,ChildSummaryElasticNet,ChildSummaryElasticNet,WI__FOODS_2,1456,15,12217.0,0.03994478680539254,mean_spl,0.3096878612234654
state_dept,2,ChildSummaryElasticNet,ChildSummaryElasticNet,WI__FOODS_3,1456,16,29846.76171875,0.09758717636791522,mean_spl,0.2767508270490537
state_dept,2,ChildSummaryElasticNet,ChildSummaryElasticNet,WI__HOBBIES_1,1456,17,6511.15966796875,0.02128893220863405,mean_spl,0.24257023245676684
state_dept,2,ChildSummaryElasticNet,ChildSummaryElasticNet,WI__HOBBIES_2,1456,18,583.5599975585938,0.0019080117615317524,mean_spl,1.3631577062177758
state_dept,2,ChildSummaryElasticNet,ChildSummaryElasticNet,WI__HOUSEHOLD_1,1456,19,17843.080078125,0.058339856730150616,mean_spl,0.5321810020303251
state_dept,2,ChildSummaryElasticNet,ChildSummaryElasticNet,WI__HOUSEHOLD_2,1456,20,3920.840087890625,0.012819605583107766,mean_spl,0.7282519016463666
state_dept,2,ChildSummaryElasticNet,ChildSummaryElasticNet,CA__FOODS_1,1484,21,18270.888671875,0.054742099455031716,mean_spl,0.3793888886557531
state_dept,2,ChildSummaryElasticNet,ChildSummaryElasticNet,CA__FOODS_2,1484,22,11357.849609375,0.034029682084855795,mean_spl,0.35142167838530336
state_dept,2,ChildSummaryElasticNet,ChildSummaryElasticNet,CA__FOODS_3,1484,23,55400.4765625,0.16598745974020004,mean_spl,0.15403094526368974
state_dept,2,ChildSummaryElasticNet,ChildSummaryElasticNet,CA__HOBBIES_1,1484,24,16027.66015625,0.04802107779549221,mean_spl,0.313360018177594
state_dept,2,ChildSummaryElasticNet,ChildSummaryElasticNet,CA__HOBBIES_2,1484,25,479.4800109863281,0.0014365881659887357,mean_spl,1.43139239963026
state_dept,2,ChildSummaryElasticNet,ChildSummaryElasticNet,CA__HOUSEHOLD_1,1484,26,28883.357421875,0.0865385178016768,mean_spl,0.2474074619384981
state_dept,2,ChildSummaryElasticNet,ChildSummaryElasticNet,CA__HOUSEHOLD_2,1484,27,12078.5498046875,0.03618899915353174,mean_spl,0.5173422336386216
state_dept,2,ChildSummaryElasticNet,ChildSummaryElasticNet,TX__FOODS_1,1484,28,4299.25,0.012881145263849553,mean_spl,0.5977788788549006
state_dept,2,ChildSummaryElasticNet,ChildSummaryElasticNet,TX__FOODS_2,1484,29,15832.4296875,0.047436140416205544,mean_spl,0.37184442016156666
state_dept,2,ChildSummaryElasticNet,ChildSummaryElasticNet,TX__FOODS_3,1484,30,33689.53125,0.1009384766883175,mean_spl,0.19981734863631556
state_dept,2,ChildSummaryElasticNet,ChildSummaryElasticNet,TX__HOBBIES_1,1484,31,12314.9306640625,0.03689722877200077,mean_spl,0.42840048070401876
state_dept,2,ChildSummaryElasticNet,ChildSummaryElasticNet,TX__HOBBIES_2,1484,32,810.8299560546875,0.0024293582481179693,mean_spl,1.8970198857497076
state_dept,2,ChildSummaryElasticNet,ChildSummaryElasticNet,TX__HOUSEHOLD_1,1484,33,26209.41796875,0.07852702683873174,mean_spl,0.44587647104964223
state_dept,2,ChildSummaryElasticNet,ChildSummaryElasticNet,TX__HOUSEHOLD_2,1484,34,7332.7197265625,0.021969838454834387,mean_spl,0.733623044638647
state_dept,2,ChildSummaryElasticNet,ChildSummaryElasticNet,WI__FOODS_1,1484,35,9592.98046875,0.028741891011511388,mean_spl,0.3100449374989136
state_dept,2,ChildSummaryElasticNet,ChildSummaryElasticNet,WI__FOODS_2,1484,36,14454.66015625,0.04330815309931605,mean_spl,0.29640100431079375
state_dept,2,ChildSummaryElasticNet,ChildSummaryElasticNet,WI__FOODS_3,1484,37,31937.263671875,0.0956884416322119,mean_spl,0.20078738428829604
state_dept,2,ChildSummaryElasticNet,ChildSummaryElasticNet,WI__HOBBIES_1,1484,38,7323.49951171875,0.021942213420987497,mean_spl,0.31828904678672654
state_dept,2,ChildSummaryElasticNet,ChildSummaryElasticNet,WI__HOBBIES_2,1484,39,685.72998046875,0.0020545414875140283,mean_spl,1.5931036861159662
state_dept,2,ChildSummaryElasticNet,ChildSummaryElasticNet,WI__HOUSEHOLD_1,1484,40,22292.109375,0.06679023064418153,mean_spl,0.4313894514696925
state_dept,2,ChildSummaryElasticNet,ChildSummaryElasticNet,WI__HOUSEHOLD_2,1484,41,4489.40966796875,0.013450889825443057,mean_spl,0.8157859934448903
state_dept,2,ChildSummaryElasticNet,ChildSummaryElasticNet,CA__FOODS_1,1512,42,10690.37890625,0.0314285961834405,mean_spl,0.3239883392669237
state_dept,2,ChildSummaryElasticNet,ChildSummaryElasticNet,CA__FOODS_2,1512,43,11042.0703125,0.032462532144471354,mean_spl,0.24207314450303363
state_dept,2,ChildSummaryElasticNet,ChildSummaryElasticNet,CA__FOODS_3,1512,44,59297.6171875,0.17432879428966014,mean_spl,0.1413535802520316
state_dept,2,ChildSummaryElasticNet,ChildSummaryElasticNet,CA__HOBBIES_1,1512,45,16501.859375,0.04851374110505905,mean_spl,0.19415669419735992
state_dept,2,ChildSummaryElasticNet,ChildSummaryElasticNet,CA__HOBBIES_2,1512,46,434.6900329589844,0.0012779432451030539,mean_spl,1.0824894244188483
state_dept,2,ChildSummaryElasticNet,ChildSummaryElasticNet,CA__HOUSEHOLD_1,1512,47,29146.7109375,0.08568828253548658,mean_spl,0.15765714411008405
state_dept,2,ChildSummaryElasticNet,ChildSummaryElasticNet,CA__HOUSEHOLD_2,1512,48,13427.1103515625,0.039474300476200826,mean_spl,0.6545376073727122
state_dept,2,ChildSummaryElasticNet,ChildSummaryElasticNet,TX__FOODS_1,1512,49,3156.840087890625,0.009280779774794174,mean_spl,0.5497700660326544
state_dept,2,ChildSummaryElasticNet,ChildSummaryElasticNet,TX__FOODS_2,1512,50,16051.3193359375,0.04718920049931041,mean_spl,0.26977309057587967
state_dept,2,ChildSummaryElasticNet,ChildSummaryElasticNet,TX__FOODS_3,1512,51,36718.19921875,0.10794766639698256,mean_spl,0.218756881635911
state_dept,2,ChildSummaryElasticNet,ChildSummaryElasticNet,TX__HOBBIES_1,1512,52,14444.279296875,0.042464670818815414,mean_spl,0.29770699132843975
state_dept,2,ChildSummaryElasticNet,ChildSummaryElasticNet,TX__HOBBIES_2,1512,53,721.3800048828125,0.002120781785855632,mean_spl,1.531559467434858
state_dept,2,ChildSummaryElasticNet,ChildSummaryElasticNet,TX__HOUSEHOLD_1,1512,54,28868.6484375,0.08487080786008955,mean_spl,0.26782467083968964
state_dept,2,ChildSummaryElasticNet,ChildSummaryElasticNet,TX__HOUSEHOLD_2,1512,55,8715.099609375,0.025621481588587347,mean_spl,0.6025987544584286
state_dept,2,ChildSummaryElasticNet,ChildSummaryElasticNet,WI__FOODS_1,1512,56,9523.1796875,0.02799715252429438,mean_spl,0.3522383357087257
state_dept,2,ChildSummaryElasticNet,ChildSummaryElasticNet,WI__FOODS_2,1512,57,14241.740234375,0.04186922715283239,mean_spl,0.2584074928414294
state_dept,2,ChildSummaryElasticNet,ChildSummaryElasticNet,WI__FOODS_3,1512,58,31636.806640625,0.09300890353479298,mean_spl,0.16074968541343182
state_dept,2,ChildSummaryElasticNet,ChildSummaryElasticNet,WI__HOBBIES_1,1512,59,7993.810546875,0.023500967163828122,mean_spl,0.24828838414493928
state_dept,2,ChildSummaryElasticNet,ChildSummaryElasticNet,WI__HOBBIES_2,1512,60,668.18994140625,0.00196440856086179,mean_spl,1.5113746354962474
state_dept,2,ChildSummaryElasticNet,ChildSummaryElasticNet,WI__HOUSEHOLD_1,1512,61,21880.921875,0.06432762241277876,mean_spl,0.28921600074799614
state_dept,2,ChildSummaryElasticNet,ChildSummaryElasticNet,WI__HOUSEHOLD_2,1512,62,4987.2998046875,0.014662139946754997,mean_spl,0.8231094799926905
state_dept,2,ChildSummaryElasticNet,ChildSummaryElasticNet,CA__FOODS_1,1540,63,12192.9306640625,0.035410846416928064,mean_spl,0.32499362465706133
state_dept,2,ChildSummaryElasticNet,ChildSummaryElasticNet,CA__FOODS_2,1540,64,12227.5498046875,0.03551138771463028,mean_spl,0.43953689687186026
state_dept,2,ChildSummaryElasticNet,ChildSummaryElasticNet,CA__FOODS_3,1540,65,64847.46484375,0.1883307369964228,mean_spl,0.29593257467527107
state_dept,2,ChildSummaryElasticNet,ChildSummaryElasticNet,CA__HOBBIES_1,1540,66,16357.259765625,0.04750493784644838,mean_spl,0.26059875792464005
state_dept,2,ChildSummaryElasticNet,ChildSummaryElasticNet,CA__HOBBIES_2,1540,67,532.030029296875,0.001545127596940529,mean_spl,1.5312532467804454
state_dept,2,ChildSummaryElasticNet,ChildSummaryElasticNet,CA__HOUSEHOLD_1,1540,68,32217.75,0.09356715203109894,mean_spl,0.23788661263841526
state_dept,2,ChildSummaryElasticNet,ChildSummaryElasticNet,CA__HOUSEHOLD_2,1540,69,13982.7802734375,0.040608947790028105,mean_spl,0.44983221409943636
state_dept,2,ChildSummaryElasticNet,ChildSummaryElasticNet,TX__FOODS_1,1540,70,3069.800048828125,0.008915347840050164,mean_spl,0.757750469111523
state_dept,2,ChildSummaryElasticNet,ChildSummaryElasticNet,TX__FOODS_2,1540,71,15332.8291015625,0.04452977478603431,mean_spl,0.4592008873514384
state_dept,2,ChildSummaryElasticNet,ChildSummaryElasticNet,TX__FOODS_3,1540,72,37792.953125,0.10975871967319478,mean_spl,0.13722519469144062
state_dept,2,ChildSummaryElasticNet,ChildSummaryElasticNet,TX__HOBBIES_1,1540,73,13112.2109375,0.0380806305298446,mean_spl,0.49504565200139844
state_dept,2,ChildSummaryElasticNet,ChildSummaryElasticNet,TX__HOBBIES_2,1540,74,605.989990234375,0.0017599229476168861,mean_spl,2.037531915871229
state_dept,2,ChildSummaryElasticNet,ChildSummaryElasticNet,TX__HOUSEHOLD_1,1540,75,28408.98046875,0.08250568070607202,mean_spl,0.23342273507392386
state_dept,2,ChildSummaryElasticNet,ChildSummaryElasticNet,TX__HOUSEHOLD_2,1540,76,8188.3310546875,0.023780643175731208,mean_spl,0.6518329422981627
state_dept,2,ChildSummaryElasticNet,ChildSummaryElasticNet,WI__FOODS_1,1540,77,10300.3486328125,0.029914388388378746,mean_spl,0.4850294615871069
state_dept,2,ChildSummaryElasticNet,ChildSummaryElasticNet,WI__FOODS_2,1540,78,12159.419921875,0.03531352414243861,mean_spl,0.33708849935916335
state_dept,2,ChildSummaryElasticNet,ChildSummaryElasticNet,WI__FOODS_3,1540,79,29559.939453125,0.08584830873790462,mean_spl,0.17445800870182934
state_dept,2,ChildSummaryElasticNet,ChildSummaryElasticNet,WI__HOBBIES_1,1540,80,6916.42041015625,0.020086745971648723,mean_spl,0.4522421384767629
state_dept,2,ChildSummaryElasticNet,ChildSummaryElasticNet,WI__HOBBIES_2,1540,81,677.5800170898438,0.001967835509068139,mean_spl,1.8975252434836893
state_dept,2,ChildSummaryElasticNet,ChildSummaryElasticNet,WI__HOUSEHOLD_1,1540,82,20884.240234375,0.060652245456736094,mean_spl,0.2528288981991264
state_dept,2,ChildSummaryElasticNet,ChildSummaryElasticNet,WI__HOUSEHOLD_2,1540,83,4960.76025390625,0.014407095742783997,mean_spl,0.8595509020020652
state_dept,2,ChildSummaryHistGB,ChildSummaryHistGB,CA__FOODS_1,1456,0,12861.7802734375,0.04205296479989067,rmsse,1.2585645885543912
state_dept,2,ChildSummaryHistGB,ChildSummaryHistGB,CA__FOODS_2,1456,1,10985.7490234375,0.03591908018652372,rmsse,0.9011415321293349
state_dept,2,ChildSummaryHistGB,ChildSummaryHistGB,CA__FOODS_3,1456,2,55408.58203125,0.18116427899053658,rmsse,0.8251378872316479
state_dept,2,ChildSummaryHistGB,ChildSummaryHistGB,CA__HOBBIES_1,1456,3,15754.3994140625,0.05151069213732731,rmsse,0.616642922627041
state_dept,2,ChildSummaryHistGB,ChildSummaryHistGB,CA__HOBBIES_2,1456,4,525.1099853515625,0.0017169032016248642,rmsse,1.05426265002979
state_dept,2,ChildSummaryHistGB,ChildSummaryHistGB,CA__HOUSEHOLD_1,1456,5,27565.529296875,0.09012844323004618,rmsse,0.5290387796627185
state_dept,2,ChildSummaryHistGB,ChildSummaryHistGB,CA__HOUSEHOLD_2,1456,6,10496.9609375,0.034320935315787095,rmsse,0.7720324854728744
state_dept,2,ChildSummaryHistGB,ChildSummaryHistGB,TX__FOODS_1,1456,7,4201.60986328125,0.013737612362135061,rmsse,1.4311307108457496
state_dept,2,ChildSummaryHistGB,ChildSummaryHistGB,TX__FOODS_2,1456,8,15896.2587890625,0.05197451652062282,rmsse,0.8443775088844822
state_dept,2,ChildSummaryHistGB,ChildSummaryHistGB,TX__FOODS_3,1456,9,33023.9609375,0.10797536867627476,rmsse,0.6588737672761702
state_dept,2,ChildSummaryHistGB,ChildSummaryHistGB,TX__HOBBIES_1,1456,10,11740.7587890625,0.03838766528301877,rmsse,0.6492568300337811
state_dept,2,ChildSummaryHistGB,ChildSummaryHistGB,TX__HOBBIES_2,1456,11,597.070068359375,0.0019521843814763351,rmsse,1.3718163734548938
state_dept,2,ChildSummaryHistGB,ChildSummaryHistGB,TX__HOUSEHOLD_1,1456,12,21211.359375,0.0693528057695784,rmsse,1.0750058845858037
state_dept,2,ChildSummaryHistGB,ChildSummaryHistGB,TX__HOUSEHOLD_2,1456,13,6183.01953125,0.02021604297203564,rmsse,0.9128104999990285
state_dept,2,ChildSummaryHistGB,ChildSummaryHistGB,WI__FOODS_1,1456,14,8472.6201171875,0.02770213671638984,rmsse,0.8295779636828421
state_dept,2,ChildSummaryHistGB,ChildSummaryHistGB,WI__FOODS_2,1456,15,12217.0,0.03994478680539254,rmsse,1.1747226530389887
state_dept,2,ChildSummaryHistGB,ChildSummaryHistGB,WI__FOODS_3,1456,16,29846.76171875,0.09758717636791522,rmsse,0.9592518517632058
state_dept,2,ChildSummaryHistGB,ChildSummaryHistGB,WI__HOBBIES_1,1456,17,6511.15966796875,0.02128893220863405,rmsse,0.674435018339916
state_dept,2,ChildSummaryHistGB,ChildSummaryHistGB,WI__HOBBIES_2,1456,18,583.5599975585938,0.0019080117615317524,rmsse,1.100632207874928
state_dept,2,ChildSummaryHistGB,ChildSummaryHistGB,WI__HOUSEHOLD_1,1456,19,17843.080078125,0.058339856730150616,rmsse,1.6443291997660407
state_dept,2,ChildSummaryHistGB,ChildSummaryHistGB,WI__HOUSEHOLD_2,1456,20,3920.840087890625,0.012819605583107766,rmsse,0.7479760617992224
state_dept,2,ChildSummaryHistGB,ChildSummaryHistGB,CA__FOODS_1,1484,21,18270.888671875,0.054742099455031716,rmsse,1.0431026845862392
state_dept,2,ChildSummaryHistGB,ChildSummaryHistGB,CA__FOODS_2,1484,22,11357.849609375,0.034029682084855795,rmsse,0.464125460789428
state_dept,2,ChildSummaryHistGB,ChildSummaryHistGB,CA__FOODS_3,1484,23,55400.4765625,0.16598745974020004,rmsse,0.5782062446786976
state_dept,2,ChildSummaryHistGB,ChildSummaryHistGB,CA__HOBBIES_1,1484,24,16027.66015625,0.04802107779549221,rmsse,0.6643101033700277
state_dept,2,ChildSummaryHistGB,ChildSummaryHistGB,CA__HOBBIES_2,1484,25,479.4800109863281,0.0014365881659887357,rmsse,1.0013886490647266
state_dept,2,ChildSummaryHistGB,ChildSummaryHistGB,CA__HOUSEHOLD_1,1484,26,28883.357421875,0.0865385178016768,rmsse,0.6157820839958615
state_dept,2,ChildSummaryHistGB,ChildSummaryHistGB,CA__HOUSEHOLD_2,1484,27,12078.5498046875,0.03618899915353174,rmsse,0.820282263523655
state_dept,2,ChildSummaryHistGB,ChildSummaryHistGB,TX__FOODS_1,1484,28,4299.25,0.012881145263849553,rmsse,1.3459564356780205
state_dept,2,ChildSummaryHistGB,ChildSummaryHistGB,TX__FOODS_2,1484,29,15832.4296875,0.047436140416205544,rmsse,0.8407632383753862
state_dept,2,ChildSummaryHistGB,ChildSummaryHistGB,TX__FOODS_3,1484,30,33689.53125,0.1009384766883175,rmsse,0.5904495856164661
state_dept,2,ChildSummaryHistGB,ChildSummaryHistGB,TX__HOBBIES_1,1484,31,12314.9306640625,0.03689722877200077,rmsse,0.8320906528395331
state_dept,2,ChildSummaryHistGB,ChildSummaryHistGB,TX__HOBBIES_2,1484,32,810.8299560546875,0.0024293582481179693,rmsse,1.0755769090190905
state_dept,2,ChildSummaryHistGB,ChildSummaryHistGB,TX__HOUSEHOLD_1,1484,33,26209.41796875,0.07852702683873174,rmsse,0.7952627692051228
state_dept,2,ChildSummaryHistGB,ChildSummaryHistGB,TX__HOUSEHOLD_2,1484,34,7332.7197265625,0.021969838454834387,rmsse,1.0663026287634563
state_dept,2,ChildSummaryHistGB,ChildSummaryHistGB,WI__FOODS_1,1484,35,9592.98046875,0.028741891011511388,rmsse,0.706938634917777
state_dept,2,ChildSummaryHistGB,ChildSummaryHistGB,WI__FOODS_2,1484,36,14454.66015625,0.04330815309931605,rmsse,1.0229284101952019
state_dept,2,ChildSummaryHistGB,ChildSummaryHistGB,WI__FOODS_3,1484,37,31937.263671875,0.0956884416322119,rmsse,0.7555305017072299
state_dept,2,ChildSummaryHistGB,ChildSummaryHistGB,WI__HOBBIES_1,1484,38,7323.49951171875,0.021942213420987497,rmsse,0.5788332057774844
state_dept,2,ChildSummaryHistGB,ChildSummaryHistGB,WI__HOBBIES_2,1484,39,685.72998046875,0.0020545414875140283,rmsse,0.7720319602306817
state_dept,2,ChildSummaryHistGB,ChildSummaryHistGB,WI__HOUSEHOLD_1,1484,40,22292.109375,0.06679023064418153,rmsse,1.0421122591690628
state_dept,2,ChildSummaryHistGB,ChildSummaryHistGB,WI__HOUSEHOLD_2,1484,41,4489.40966796875,0.013450889825443057,rmsse,0.7566483440620356
state_dept,2,ChildSummaryHistGB,ChildSummaryHistGB,CA__FOODS_1,1512,42,10690.37890625,0.0314285961834405,rmsse,1.012738615521733
state_dept,2,ChildSummaryHistGB,ChildSummaryHistGB,CA__FOODS_2,1512,43,11042.0703125,0.032462532144471354,rmsse,0.6861756714271019
state_dept,2,ChildSummaryHistGB,ChildSummaryHistGB,CA__FOODS_3,1512,44,59297.6171875,0.17432879428966014,rmsse,0.6777900728431272
state_dept,2,ChildSummaryHistGB,ChildSummaryHistGB,CA__HOBBIES_1,1512,45,16501.859375,0.04851374110505905,rmsse,0.6231008190408578
state_dept,2,ChildSummaryHistGB,ChildSummaryHistGB,CA__HOBBIES_2,1512,46,434.6900329589844,0.0012779432451030539,rmsse,1.0271448423234448
state_dept,2,ChildSummaryHistGB,ChildSummaryHistGB,CA__HOUSEHOLD_1,1512,47,29146.7109375,0.08568828253548658,rmsse,0.6829565706869756
state_dept,2,ChildSummaryHistGB,ChildSummaryHistGB,CA__HOUSEHOLD_2,1512,48,13427.1103515625,0.039474300476200826,rmsse,0.868652862085272
state_dept,2,ChildSummaryHistGB,ChildSummaryHistGB,TX__FOODS_1,1512,49,3156.840087890625,0.009280779774794174,rmsse,1.1193071795937395
state_dept,2,ChildSummaryHistGB,ChildSummaryHistGB,TX__FOODS_2,1512,50,16051.3193359375,0.04718920049931041,rmsse,1.1003455780713551
state_dept,2,ChildSummaryHistGB,ChildSummaryHistGB,TX__FOODS_3,1512,51,36718.19921875,0.10794766639698256,rmsse,0.7204628791151493
state_dept,2,ChildSummaryHistGB,ChildSummaryHistGB,TX__HOBBIES_1,1512,52,14444.279296875,0.042464670818815414,rmsse,0.6952585229611115
state_dept,2,ChildSummaryHistGB,ChildSummaryHistGB,TX__HOBBIES_2,1512,53,721.3800048828125,0.002120781785855632,rmsse,0.9564053021275263
state_dept,2,ChildSummaryHistGB,ChildSummaryHistGB,TX__HOUSEHOLD_1,1512,54,28868.6484375,0.08487080786008955,rmsse,0.7983421588135629
state_dept,2,ChildSummaryHistGB,ChildSummaryHistGB,TX__HOUSEHOLD_2,1512,55,8715.099609375,0.025621481588587347,rmsse,0.8990416613800616
state_dept,2,ChildSummaryHistGB,ChildSummaryHistGB,WI__FOODS_1,1512,56,9523.1796875,0.02799715252429438,rmsse,0.9866072133591198
state_dept,2,ChildSummaryHistGB,ChildSummaryHistGB,WI__FOODS_2,1512,57,14241.740234375,0.04186922715283239,rmsse,1.1509565998124198
state_dept,2,ChildSummaryHistGB,ChildSummaryHistGB,WI__FOODS_3,1512,58,31636.806640625,0.09300890353479298,rmsse,0.6210746377462729
state_dept,2,ChildSummaryHistGB,ChildSummaryHistGB,WI__HOBBIES_1,1512,59,7993.810546875,0.023500967163828122,rmsse,0.7018907021175711
state_dept,2,ChildSummaryHistGB,ChildSummaryHistGB,WI__HOBBIES_2,1512,60,668.18994140625,0.00196440856086179,rmsse,0.9155617677480672
state_dept,2,ChildSummaryHistGB,ChildSummaryHistGB,WI__HOUSEHOLD_1,1512,61,21880.921875,0.06432762241277876,rmsse,0.947940937677231
state_dept,2,ChildSummaryHistGB,ChildSummaryHistGB,WI__HOUSEHOLD_2,1512,62,4987.2998046875,0.014662139946754997,rmsse,0.6564954591400888
state_dept,2,ChildSummaryHistGB,ChildSummaryHistGB,CA__FOODS_1,1540,63,12192.9306640625,0.035410846416928064,rmsse,0.5853017531951697
state_dept,2,ChildSummaryHistGB,ChildSummaryHistGB,CA__FOODS_2,1540,64,12227.5498046875,0.03551138771463028,rmsse,0.7340954301062802
state_dept,2,ChildSummaryHistGB,ChildSummaryHistGB,CA__FOODS_3,1540,65,64847.46484375,0.1883307369964228,rmsse,0.9075196537759227
state_dept,2,ChildSummaryHistGB,ChildSummaryHistGB,CA__HOBBIES_1,1540,66,16357.259765625,0.04750493784644838,rmsse,0.49823434388225324
state_dept,2,ChildSummaryHistGB,ChildSummaryHistGB,CA__HOBBIES_2,1540,67,532.030029296875,0.001545127596940529,rmsse,1.0289637889873084
state_dept,2,ChildSummaryHistGB,ChildSummaryHistGB,CA__HOUSEHOLD_1,1540,68,32217.75,0.09356715203109894,rmsse,0.727510491978819
state_dept,2,ChildSummaryHistGB,ChildSummaryHistGB,CA__HOUSEHOLD_2,1540,69,13982.7802734375,0.040608947790028105,rmsse,0.6599607298479365
state_dept,2,ChildSummaryHistGB,ChildSummaryHistGB,TX__FOODS_1,1540,70,3069.800048828125,0.008915347840050164,rmsse,0.8035889441307019
state_dept,2,ChildSummaryHistGB,ChildSummaryHistGB,TX__FOODS_2,1540,71,15332.8291015625,0.04452977478603431,rmsse,0.842524157010289
state_dept,2,ChildSummaryHistGB,ChildSummaryHistGB,TX__FOODS_3,1540,72,37792.953125,0.10975871967319478,rmsse,0.6609398553731026
state_dept,2,ChildSummaryHistGB,ChildSummaryHistGB,TX__HOBBIES_1,1540,73,13112.2109375,0.0380806305298446,rmsse,0.8336674125945858
state_dept,2,ChildSummaryHistGB,ChildSummaryHistGB,TX__HOBBIES_2,1540,74,605.989990234375,0.0017599229476168861,rmsse,1.1273035141934395
state_dept,2,ChildSummaryHistGB,ChildSummaryHistGB,TX__HOUSEHOLD_1,1540,75,28408.98046875,0.08250568070607202,rmsse,0.7113671862097962
state_dept,2,ChildSummaryHistGB,ChildSummaryHistGB,TX__HOUSEHOLD_2,1540,76,8188.3310546875,0.023780643175731208,rmsse,0.6743006090336962
state_dept,2,ChildSummaryHistGB,ChildSummaryHistGB,WI__FOODS_1,1540,77,10300.3486328125,0.029914388388378746,rmsse,1.171078890146197
state_dept,2,ChildSummaryHistGB,ChildSummaryHistGB,WI__FOODS_2,1540,78,12159.419921875,0.03531352414243861,rmsse,0.7373949390371901
state_dept,2,ChildSummaryHistGB,ChildSummaryHistGB,WI__FOODS_3,1540,79,29559.939453125,0.08584830873790462,rmsse,0.6282629989534393
state_dept,2,ChildSummaryHistGB,ChildSummaryHistGB,WI__HOBBIES_1,1540,80,6916.42041015625,0.020086745971648723,rmsse,0.6184521640753623
state_dept,2,ChildSummaryHistGB,ChildSummaryHistGB,WI__HOBBIES_2,1540,81,677.5800170898438,0.001967835509068139,rmsse,1.0271629829479476
state_dept,2,ChildSummaryHistGB,ChildSummaryHistGB,WI__HOUSEHOLD_1,1540,82,20884.240234375,0.060652245456736094,rmsse,0.9252549808743354
state_dept,2,ChildSummaryHistGB,ChildSummaryHistGB,WI__HOUSEHOLD_2,1540,83,4960.76025390625,0.014407095742783997,rmsse,0.8914869968222883
state_dept,2,ChildSummaryHistGB,ChildSummaryHistGB,CA__FOODS_1,1456,0,12861.7802734375,0.04205296479989067,mean_spl,0.35745055071939263
state_dept,2,ChildSummaryHistGB,ChildSummaryHistGB,CA__FOODS_2,1456,1,10985.7490234375,0.03591908018652372,mean_spl,0.23970052108913487
state_dept,2,ChildSummaryHistGB,ChildSummaryHistGB,CA__FOODS_3,1456,2,55408.58203125,0.18116427899053658,mean_spl,0.38933346101125144
state_dept,2,ChildSummaryHistGB,ChildSummaryHistGB,CA__HOBBIES_1,1456,3,15754.3994140625,0.05151069213732731,mean_spl,0.18216987037643484
state_dept,2,ChildSummaryHistGB,ChildSummaryHistGB,CA__HOBBIES_2,1456,4,525.1099853515625,0.0017169032016248642,mean_spl,0.3060248452869403
state_dept,2,ChildSummaryHistGB,ChildSummaryHistGB,CA__HOUSEHOLD_1,1456,5,27565.529296875,0.09012844323004618,mean_spl,0.15833283496901351
state_dept,2,ChildSummaryHistGB,ChildSummaryHistGB,CA__HOUSEHOLD_2,1456,6,10496.9609375,0.034320935315787095,mean_spl,0.19997282828186652
state_dept,2,ChildSummaryHistGB,ChildSummaryHistGB,TX__FOODS_1,1456,7,4201.60986328125,0.013737612362135061,mean_spl,0.29571405666929684
state_dept,2,ChildSummaryHistGB,ChildSummaryHistGB,TX__FOODS_2,1456,8,15896.2587890625,0.05197451652062282,mean_spl,0.21606903895073248
state_dept,2,ChildSummaryHistGB,ChildSummaryHistGB,TX__FOODS_3,1456,9,33023.9609375,0.10797536867627476,mean_spl,0.2521196751738506
state_dept,2,ChildSummaryHistGB,ChildSummaryHistGB,TX__HOBBIES_1,1456,10,11740.7587890625,0.03838766528301877,mean_spl,0.18467501727246888
state_dept,2,ChildSummaryHistGB,ChildSummaryHistGB,TX__HOBBIES_2,1456,11,597.070068359375,0.0019521843814763351,mean_spl,0.39667917293889265
state_dept,2,ChildSummaryHistGB,ChildSummaryHistGB,TX__HOUSEHOLD_1,1456,12,21211.359375,0.0693528057695784,mean_spl,0.3656150703527399
state_dept,2,ChildSummaryHistGB,ChildSummaryHistGB,TX__HOUSEHOLD_2,1456,13,6183.01953125,0.02021604297203564,mean_spl,0.2354898087772309
state_dept,2,ChildSummaryHistGB,ChildSummaryHistGB,WI__FOODS_1,1456,14,8472.6201171875,0.02770213671638984,mean_spl,0.2450528656872092
state_dept,2,ChildSummaryHistGB,ChildSummaryHistGB,WI__FOODS_2,1456,15,12217.0,0.03994478680539254,mean_spl,0.3725819044315396
state_dept,2,ChildSummaryHistGB,ChildSummaryHistGB,WI__FOODS_3,1456,16,29846.76171875,0.09758717636791522,mean_spl,0.3896995903119763
state_dept,2,ChildSummaryHistGB,ChildSummaryHistGB,WI__HOBBIES_1,1456,17,6511.15966796875,0.02128893220863405,mean_spl,0.18642129719630374
state_dept,2,ChildSummaryHistGB,ChildSummaryHistGB,WI__HOBBIES_2,1456,18,583.5599975585938,0.0019080117615317524,mean_spl,0.3268230668334319
state_dept,2,ChildSummaryHistGB,ChildSummaryHistGB,WI__HOUSEHOLD_1,1456,19,17843.080078125,0.058339856730150616,mean_spl,0.6128511753816039
state_dept,2,ChildSummaryHistGB,ChildSummaryHistGB,WI__HOUSEHOLD_2,1456,20,3920.840087890625,0.012819605583107766,mean_spl,0.19515686675067373
state_dept,2,ChildSummaryHistGB,ChildSummaryHistGB,CA__FOODS_1,1484,21,18270.888671875,0.054742099455031716,mean_spl,0.33325161695100713
state_dept,2,ChildSummaryHistGB,ChildSummaryHistGB,CA__FOODS_2,1484,22,11357.849609375,0.034029682084855795,mean_spl,0.11623391576037084
state_dept,2,ChildSummaryHistGB,ChildSummaryHistGB,CA__FOODS_3,1484,23,55400.4765625,0.16598745974020004,mean_spl,0.23724239374429518
state_dept,2,ChildSummaryHistGB,ChildSummaryHistGB,CA__HOBBIES_1,1484,24,16027.66015625,0.04802107779549221,mean_spl,0.19330928549317233
state_dept,2,ChildSummaryHistGB,ChildSummaryHistGB,CA__HOBBIES_2,1484,25,479.4800109863281,0.0014365881659887357,mean_spl,0.29040945531828705
state_dept,2,ChildSummaryHistGB,ChildSummaryHistGB,CA__HOUSEHOLD_1,1484,26,28883.357421875,0.0865385178016768,mean_spl,0.18258510641241374
state_dept,2,ChildSummaryHistGB,ChildSummaryHistGB,CA__HOUSEHOLD_2,1484,27,12078.5498046875,0.03618899915353174,mean_spl,0.23036615825229007
state_dept,2,ChildSummaryHistGB,ChildSummaryHistGB,TX__FOODS_1,1484,28,4299.25,0.012881145263849553,mean_spl,0.36337835114582157
state_dept,2,ChildSummaryHistGB,ChildSummaryHistGB,TX__FOODS_2,1484,29,15832.4296875,0.047436140416205544,mean_spl,0.22225245345833797
state_dept,2,ChildSummaryHistGB,ChildSummaryHistGB,TX__FOODS_3,1484,30,33689.53125,0.1009384766883175,mean_spl,0.19698500158505197
state_dept,2,ChildSummaryHistGB,ChildSummaryHistGB,TX__HOBBIES_1,1484,31,12314.9306640625,0.03689722877200077,mean_spl,0.23902518555711147
state_dept,2,ChildSummaryHistGB,ChildSummaryHistGB,TX__HOBBIES_2,1484,32,810.8299560546875,0.0024293582481179693,mean_spl,0.3494323471287417
state_dept,2,ChildSummaryHistGB,ChildSummaryHistGB,TX__HOUSEHOLD_1,1484,33,26209.41796875,0.07852702683873174,mean_spl,0.2766442089907453
state_dept,2,ChildSummaryHistGB,ChildSummaryHistGB,TX__HOUSEHOLD_2,1484,34,7332.7197265625,0.021969838454834387,mean_spl,0.27416059634742296
state_dept,2,ChildSummaryHistGB,ChildSummaryHistGB,WI__FOODS_1,1484,35,9592.98046875,0.028741891011511388,mean_spl,0.20600365226738276
state_dept,2,ChildSummaryHistGB,ChildSummaryHistGB,WI__FOODS_2,1484,36,14454.66015625,0.04330815309931605,mean_spl,0.3363450513595761
state_dept,2,ChildSummaryHistGB,ChildSummaryHistGB,WI__FOODS_3,1484,37,31937.263671875,0.0956884416322119,mean_spl,0.31566367172340737
state_dept,2,ChildSummaryHistGB,ChildSummaryHistGB,WI__HOBBIES_1,1484,38,7323.49951171875,0.021942213420987497,mean_spl,0.15352009867771005
state_dept,2,ChildSummaryHistGB,ChildSummaryHistGB,WI__HOBBIES_2,1484,39,685.72998046875,0.0020545414875140283,mean_spl,0.29420210002515457
state_dept,2,ChildSummaryHistGB,ChildSummaryHistGB,WI__HOUSEHOLD_1,1484,40,22292.109375,0.06679023064418153,mean_spl,0.3833566206625392
state_dept,2,ChildSummaryHistGB,ChildSummaryHistGB,WI__HOUSEHOLD_2,1484,41,4489.40966796875,0.013450889825443057,mean_spl,0.19498541908196215
state_dept,2,ChildSummaryHistGB,ChildSummaryHistGB,CA__FOODS_1,1512,42,10690.37890625,0.0314285961834405,mean_spl,0.3082078518774199
state_dept,2,ChildSummaryHistGB,ChildSummaryHistGB,CA__FOODS_2,1512,43,11042.0703125,0.032462532144471354,mean_spl,0.17124443116500213
state_dept,2,ChildSummaryHistGB,ChildSummaryHistGB,CA__FOODS_3,1512,44,59297.6171875,0.17432879428966014,mean_spl,0.3139800718698598
state_dept,2,ChildSummaryHistGB,ChildSummaryHistGB,CA__HOBBIES_1,1512,45,16501.859375,0.04851374110505905,mean_spl,0.1748032168886351
state_dept,2,ChildSummaryHistGB,ChildSummaryHistGB,CA__HOBBIES_2,1512,46,434.6900329589844,0.0012779432451030539,mean_spl,0.3131653328454333
state_dept,2,ChildSummaryHistGB,ChildSummaryHistGB,CA__HOUSEHOLD_1,1512,47,29146.7109375,0.08568828253548658,mean_spl,0.2113420261654867
state_dept,2,ChildSummaryHistGB,ChildSummaryHistGB,CA__HOUSEHOLD_2,1512,48,13427.1103515625,0.039474300476200826,mean_spl,0.23636490031627305
state_dept,2,ChildSummaryHistGB,ChildSummaryHistGB,TX__FOODS_1,1512,49,3156.840087890625,0.009280779774794174,mean_spl,0.24390264147689944
state_dept,2,ChildSummaryHistGB,ChildSummaryHistGB,TX__FOODS_2,1512,50,16051.3193359375,0.04718920049931041,mean_spl,0.3267764285555515
state_dept,2,ChildSummaryHistGB,ChildSummaryHistGB,TX__FOODS_3,1512,51,36718.19921875,0.10794766639698256,mean_spl,0.26001187970281137
state_dept,2,ChildSummaryHistGB,ChildSummaryHistGB,TX__HOBBIES_1,1512,52,14444.279296875,0.042464670818815414,mean_spl,0.1885413231852539
state_dept,2,ChildSummaryHistGB,ChildSummaryHistGB,TX__HOBBIES_2,1512,53,721.3800048828125,0.002120781785855632,mean_spl,0.3259863303844688
state_dept,2,ChildSummaryHistGB,ChildSummaryHistGB,TX__HOUSEHOLD_1,1512,54,28868.6484375,0.08487080786008955,mean_spl,0.27673905858535375
state_dept,2,ChildSummaryHistGB,ChildSummaryHistGB,TX__HOUSEHOLD_2,1512,55,8715.099609375,0.025621481588587347,mean_spl,0.22742597413560947
state_dept,2,ChildSummaryHistGB,ChildSummaryHistGB,WI__FOODS_1,1512,56,9523.1796875,0.02799715252429438,mean_spl,0.3024154516351611
state_dept,2,ChildSummaryHistGB,ChildSummaryHistGB,WI__FOODS_2,1512,57,14241.740234375,0.04186922715283239,mean_spl,0.34870936156805754
state_dept,2,ChildSummaryHistGB,ChildSummaryHistGB,WI__FOODS_3,1512,58,31636.806640625,0.09300890353479298,mean_spl,0.25107637496908275
state_dept,2,ChildSummaryHistGB,ChildSummaryHistGB,WI__HOBBIES_1,1512,59,7993.810546875,0.023500967163828122,mean_spl,0.19634055511208992
state_dept,2,ChildSummaryHistGB,ChildSummaryHistGB,WI__HOBBIES_2,1512,60,668.18994140625,0.00196440856086179,mean_spl,0.3122046252737228
state_dept,2,ChildSummaryHistGB,ChildSummaryHistGB,WI__HOUSEHOLD_1,1512,61,21880.921875,0.06432762241277876,mean_spl,0.2975846896651606
state_dept,2,ChildSummaryHistGB,ChildSummaryHistGB,WI__HOUSEHOLD_2,1512,62,4987.2998046875,0.014662139946754997,mean_spl,0.1784635713354203
state_dept,2,ChildSummaryHistGB,ChildSummaryHistGB,CA__FOODS_1,1540,63,12192.9306640625,0.035410846416928064,mean_spl,0.16368370056017612
state_dept,2,ChildSummaryHistGB,ChildSummaryHistGB,CA__FOODS_2,1540,64,12227.5498046875,0.03551138771463028,mean_spl,0.2016472020392636
state_dept,2,ChildSummaryHistGB,ChildSummaryHistGB,CA__FOODS_3,1540,65,64847.46484375,0.1883307369964228,mean_spl,0.4682748323350391
state_dept,2,ChildSummaryHistGB,ChildSummaryHistGB,CA__HOBBIES_1,1540,66,16357.259765625,0.04750493784644838,mean_spl,0.13345109262983945
state_dept,2,ChildSummaryHistGB,ChildSummaryHistGB,CA__HOBBIES_2,1540,67,532.030029296875,0.001545127596940529,mean_spl,0.3051385807376146
state_dept,2,ChildSummaryHistGB,ChildSummaryHistGB,CA__HOUSEHOLD_1,1540,68,32217.75,0.09356715203109894,mean_spl,0.23821447611477461
state_dept,2,ChildSummaryHistGB,ChildSummaryHistGB,CA__HOUSEHOLD_2,1540,69,13982.7802734375,0.040608947790028105,mean_spl,0.17131950105412852
state_dept,2,ChildSummaryHistGB,ChildSummaryHistGB,TX__FOODS_1,1540,70,3069.800048828125,0.008915347840050164,mean_spl,0.20487560170411004
state_dept,2,ChildSummaryHistGB,ChildSummaryHistGB,TX__FOODS_2,1540,71,15332.8291015625,0.04452977478603431,mean_spl,0.22832910133904327
state_dept,2,ChildSummaryHistGB,ChildSummaryHistGB,TX__FOODS_3,1540,72,37792.953125,0.10975871967319478,mean_spl,0.2527704132451476
state_dept,2,ChildSummaryHistGB,ChildSummaryHistGB,TX__HOBBIES_1,1540,73,13112.2109375,0.0380806305298446,mean_spl,0.23646574887456445
state_dept,2,ChildSummaryHistGB,ChildSummaryHistGB,TX__HOBBIES_2,1540,74,605.989990234375,0.0017599229476168861,mean_spl,0.3473814289043851
state_dept,2,ChildSummaryHistGB,ChildSummaryHistGB,TX__HOUSEHOLD_1,1540,75,28408.98046875,0.08250568070607202,mean_spl,0.23163126401722525
state_dept,2,ChildSummaryHistGB,ChildSummaryHistGB,TX__HOUSEHOLD_2,1540,76,8188.3310546875,0.023780643175731208,mean_spl,0.16810337338251896
state_dept,2,ChildSummaryHistGB,ChildSummaryHistGB,WI__FOODS_1,1540,77,10300.3486328125,0.029914388388378746,mean_spl,0.3733334520529583
state_dept,2,ChildSummaryHistGB,ChildSummaryHistGB,WI__FOODS_2,1540,78,12159.419921875,0.03531352414243861,mean_spl,0.20949566066730016
state_dept,2,ChildSummaryHistGB,ChildSummaryHistGB,WI__FOODS_3,1540,79,29559.939453125,0.08584830873790462,mean_spl,0.24163563874273486
state_dept,2,ChildSummaryHistGB,ChildSummaryHistGB,WI__HOBBIES_1,1540,80,6916.42041015625,0.020086745971648723,mean_spl,0.16773202451229627
state_dept,2,ChildSummaryHistGB,ChildSummaryHistGB,WI__HOBBIES_2,1540,81,677.5800170898438,0.001967835509068139,mean_spl,0.32002864246011664
state_dept,2,ChildSummaryHistGB,ChildSummaryHistGB,WI__HOUSEHOLD_1,1540,82,20884.240234375,0.060652245456736094,mean_spl,0.28582781599373225
state_dept,2,ChildSummaryHistGB,ChildSummaryHistGB,WI__HOUSEHOLD_2,1540,83,4960.76025390625,0.014407095742783997,mean_spl,0.22753293110317457
state_dept,2,BottomUpGlobalHistGB,BottomUpGlobalHistGB,CA__FOODS_1,1456,0,12861.7802734375,0.04205296479989067,rmsse,1.2486229946040457
state_dept,2,BottomUpGlobalHistGB,BottomUpGlobalHistGB,CA__FOODS_2,1456,1,10985.7490234375,0.03591908018652372,rmsse,0.7730655126078503
state_dept,2,BottomUpGlobalHistGB,BottomUpGlobalHistGB,CA__FOODS_3,1456,2,55408.58203125,0.18116427899053658,rmsse,0.6416126792118956
state_dept,2,BottomUpGlobalHistGB,BottomUpGlobalHistGB,CA__HOBBIES_1,1456,3,15754.3994140625,0.05151069213732731,rmsse,0.537550374997001
state_dept,2,BottomUpGlobalHistGB,BottomUpGlobalHistGB,CA__HOBBIES_2,1456,4,525.1099853515625,0.0017169032016248642,rmsse,1.7033561307662333
state_dept,2,BottomUpGlobalHistGB,BottomUpGlobalHistGB,CA__HOUSEHOLD_1,1456,5,27565.529296875,0.09012844323004618,rmsse,0.7371892538853136
state_dept,2,BottomUpGlobalHistGB,BottomUpGlobalHistGB,CA__HOUSEHOLD_2,1456,6,10496.9609375,0.034320935315787095,rmsse,0.8201071544530354
state_dept,2,BottomUpGlobalHistGB,BottomUpGlobalHistGB,TX__FOODS_1,1456,7,4201.60986328125,0.013737612362135061,rmsse,1.461915021801545
state_dept,2,BottomUpGlobalHistGB,BottomUpGlobalHistGB,TX__FOODS_2,1456,8,15896.2587890625,0.05197451652062282,rmsse,1.0123661067359497
state_dept,2,BottomUpGlobalHistGB,BottomUpGlobalHistGB,TX__FOODS_3,1456,9,33023.9609375,0.10797536867627476,rmsse,1.0113558836753667
state_dept,2,BottomUpGlobalHistGB,BottomUpGlobalHistGB,TX__HOBBIES_1,1456,10,11740.7587890625,0.03838766528301877,rmsse,0.7619403351004247
state_dept,2,BottomUpGlobalHistGB,BottomUpGlobalHistGB,TX__HOBBIES_2,1456,11,597.070068359375,0.0019521843814763351,rmsse,1.6354100683690127
state_dept,2,BottomUpGlobalHistGB,BottomUpGlobalHistGB,TX__HOUSEHOLD_1,1456,12,21211.359375,0.0693528057695784,rmsse,1.2353121142662058
state_dept,2,BottomUpGlobalHistGB,BottomUpGlobalHistGB,TX__HOUSEHOLD_2,1456,13,6183.01953125,0.02021604297203564,rmsse,0.7713608809662097
state_dept,2,BottomUpGlobalHistGB,BottomUpGlobalHistGB,WI__FOODS_1,1456,14,8472.6201171875,0.02770213671638984,rmsse,0.8821913242210494
state_dept,2,BottomUpGlobalHistGB,BottomUpGlobalHistGB,WI__FOODS_2,1456,15,12217.0,0.03994478680539254,rmsse,1.3318108056485978
state_dept,2,BottomUpGlobalHistGB,BottomUpGlobalHistGB,WI__FOODS_3,1456,16,29846.76171875,0.09758717636791522,rmsse,1.0921462632057366
state_dept,2,BottomUpGlobalHistGB,BottomUpGlobalHistGB,WI__HOBBIES_1,1456,17,6511.15966796875,0.02128893220863405,rmsse,0.6990244965181576
state_dept,2,BottomUpGlobalHistGB,BottomUpGlobalHistGB,WI__HOBBIES_2,1456,18,583.5599975585938,0.0019080117615317524,rmsse,1.3903045386658097
state_dept,2,BottomUpGlobalHistGB,BottomUpGlobalHistGB,WI__HOUSEHOLD_1,1456,19,17843.080078125,0.058339856730150616,rmsse,1.9585103004332645
state_dept,2,BottomUpGlobalHistGB,BottomUpGlobalHistGB,WI__HOUSEHOLD_2,1456,20,3920.840087890625,0.012819605583107766,rmsse,1.2047034398209993
state_dept,2,BottomUpGlobalHistGB,BottomUpGlobalHistGB,CA__FOODS_1,1484,21,18270.888671875,0.054742099455031716,rmsse,1.58278143492853
state_dept,2,BottomUpGlobalHistGB,BottomUpGlobalHistGB,CA__FOODS_2,1484,22,11357.849609375,0.034029682084855795,rmsse,0.6236949264636017
state_dept,2,BottomUpGlobalHistGB,BottomUpGlobalHistGB,CA__FOODS_3,1484,23,55400.4765625,0.16598745974020004,rmsse,0.7366793701215013
state_dept,2,BottomUpGlobalHistGB,BottomUpGlobalHistGB,CA__HOBBIES_1,1484,24,16027.66015625,0.04802107779549221,rmsse,0.6850467890197494
state_dept,2,BottomUpGlobalHistGB,BottomUpGlobalHistGB,CA__HOBBIES_2,1484,25,479.4800109863281,0.0014365881659887357,rmsse,1.6505722285833613
state_dept,2,BottomUpGlobalHistGB,BottomUpGlobalHistGB,CA__HOUSEHOLD_1,1484,26,28883.357421875,0.0865385178016768,rmsse,0.775745756261785
state_dept,2,BottomUpGlobalHistGB,BottomUpGlobalHistGB,CA__HOUSEHOLD_2,1484,27,12078.5498046875,0.03618899915353174,rmsse,0.6548289774399114
state_dept,2,BottomUpGlobalHistGB,BottomUpGlobalHistGB,TX__FOODS_1,1484,28,4299.25,0.012881145263849553,rmsse,1.381632214925715
state_dept,2,BottomUpGlobalHistGB,BottomUpGlobalHistGB,TX__FOODS_2,1484,29,15832.4296875,0.047436140416205544,rmsse,0.8512471972152534
state_dept,2,BottomUpGlobalHistGB,BottomUpGlobalHistGB,TX__FOODS_3,1484,30,33689.53125,0.1009384766883175,rmsse,0.8386178175172578
state_dept,2,BottomUpGlobalHistGB,BottomUpGlobalHistGB,TX__HOBBIES_1,1484,31,12314.9306640625,0.03689722877200077,rmsse,0.7926361382023848
state_dept,2,BottomUpGlobalHistGB,BottomUpGlobalHistGB,TX__HOBBIES_2,1484,32,810.8299560546875,0.0024293582481179693,rmsse,1.2493335975646207
state_dept,2,BottomUpGlobalHistGB,BottomUpGlobalHistGB,TX__HOUSEHOLD_1,1484,33,26209.41796875,0.07852702683873174,rmsse,1.0130795052414356
state_dept,2,BottomUpGlobalHistGB,BottomUpGlobalHistGB,TX__HOUSEHOLD_2,1484,34,7332.7197265625,0.021969838454834387,rmsse,0.9353823687791873
state_dept,2,BottomUpGlobalHistGB,BottomUpGlobalHistGB,WI__FOODS_1,1484,35,9592.98046875,0.028741891011511388,rmsse,0.8177623117481259
state_dept,2,BottomUpGlobalHistGB,BottomUpGlobalHistGB,WI__FOODS_2,1484,36,14454.66015625,0.04330815309931605,rmsse,0.9619830924035006
state_dept,2,BottomUpGlobalHistGB,BottomUpGlobalHistGB,WI__FOODS_3,1484,37,31937.263671875,0.0956884416322119,rmsse,0.6088139298114492
state_dept,2,BottomUpGlobalHistGB,BottomUpGlobalHistGB,WI__HOBBIES_1,1484,38,7323.49951171875,0.021942213420987497,rmsse,0.6314726809089424
state_dept,2,BottomUpGlobalHistGB,BottomUpGlobalHistGB,WI__HOBBIES_2,1484,39,685.72998046875,0.0020545414875140283,rmsse,1.1114716864593834
state_dept,2,BottomUpGlobalHistGB,BottomUpGlobalHistGB,WI__HOUSEHOLD_1,1484,40,22292.109375,0.06679023064418153,rmsse,1.208681336051764
state_dept,2,BottomUpGlobalHistGB,BottomUpGlobalHistGB,WI__HOUSEHOLD_2,1484,41,4489.40966796875,0.013450889825443057,rmsse,1.3712443123244262
state_dept,2,BottomUpGlobalHistGB,BottomUpGlobalHistGB,CA__FOODS_1,1512,42,10690.37890625,0.0314285961834405,rmsse,1.1444746370755066
state_dept,2,BottomUpGlobalHistGB,BottomUpGlobalHistGB,CA__FOODS_2,1512,43,11042.0703125,0.032462532144471354,rmsse,0.661521361324642
state_dept,2,BottomUpGlobalHistGB,BottomUpGlobalHistGB,CA__FOODS_3,1512,44,59297.6171875,0.17432879428966014,rmsse,0.44255322739657016
state_dept,2,BottomUpGlobalHistGB,BottomUpGlobalHistGB,CA__HOBBIES_1,1512,45,16501.859375,0.04851374110505905,rmsse,0.7424089749605823
state_dept,2,BottomUpGlobalHistGB,BottomUpGlobalHistGB,CA__HOBBIES_2,1512,46,434.6900329589844,0.0012779432451030539,rmsse,1.1198711591471318
state_dept,2,BottomUpGlobalHistGB,BottomUpGlobalHistGB,CA__HOUSEHOLD_1,1512,47,29146.7109375,0.08568828253548658,rmsse,0.8716394973980864
state_dept,2,BottomUpGlobalHistGB,BottomUpGlobalHistGB,CA__HOUSEHOLD_2,1512,48,13427.1103515625,0.039474300476200826,rmsse,0.8825887617457322
state_dept,2,BottomUpGlobalHistGB,BottomUpGlobalHistGB,TX__FOODS_1,1512,49,3156.840087890625,0.009280779774794174,rmsse,1.229498101666701
state_dept,2,BottomUpGlobalHistGB,BottomUpGlobalHistGB,TX__FOODS_2,1512,50,16051.3193359375,0.04718920049931041,rmsse,1.120044921086533
state_dept,2,BottomUpGlobalHistGB,BottomUpGlobalHistGB,TX__FOODS_3,1512,51,36718.19921875,0.10794766639698256,rmsse,0.794311747736603
state_dept,2,BottomUpGlobalHistGB,BottomUpGlobalHistGB,TX__HOBBIES_1,1512,52,14444.279296875,0.042464670818815414,rmsse,0.8097080967166772
state_dept,2,BottomUpGlobalHistGB,BottomUpGlobalHistGB,TX__HOBBIES_2,1512,53,721.3800048828125,0.002120781785855632,rmsse,1.2919456673763063
state_dept,2,BottomUpGlobalHistGB,BottomUpGlobalHistGB,TX__HOUSEHOLD_1,1512,54,28868.6484375,0.08487080786008955,rmsse,0.8434736571347913
state_dept,2,BottomUpGlobalHistGB,BottomUpGlobalHistGB,TX__HOUSEHOLD_2,1512,55,8715.099609375,0.025621481588587347,rmsse,1.1835469465483794
state_dept,2,BottomUpGlobalHistGB,BottomUpGlobalHistGB,WI__FOODS_1,1512,56,9523.1796875,0.02799715252429438,rmsse,1.038901887956159
state_dept,2,BottomUpGlobalHistGB,BottomUpGlobalHistGB,WI__FOODS_2,1512,57,14241.740234375,0.04186922715283239,rmsse,1.1252371157902394
state_dept,2,BottomUpGlobalHistGB,BottomUpGlobalHistGB,WI__FOODS_3,1512,58,31636.806640625,0.09300890353479298,rmsse,0.5882532841374462
state_dept,2,BottomUpGlobalHistGB,BottomUpGlobalHistGB,WI__HOBBIES_1,1512,59,7993.810546875,0.023500967163828122,rmsse,0.634239995273447
state_dept,2,BottomUpGlobalHistGB,BottomUpGlobalHistGB,WI__HOBBIES_2,1512,60,668.18994140625,0.00196440856086179,rmsse,1.2060366170326264
state_dept,2,BottomUpGlobalHistGB,BottomUpGlobalHistGB,WI__HOUSEHOLD_1,1512,61,21880.921875,0.06432762241277876,rmsse,1.0604183025059557
state_dept,2,BottomUpGlobalHistGB,BottomUpGlobalHistGB,WI__HOUSEHOLD_2,1512,62,4987.2998046875,0.014662139946754997,rmsse,1.299195737380322
state_dept,2,BottomUpGlobalHistGB,BottomUpGlobalHistGB,CA__FOODS_1,1540,63,12192.9306640625,0.035410846416928064,rmsse,0.764765240658495
state_dept,2,BottomUpGlobalHistGB,BottomUpGlobalHistGB,CA__FOODS_2,1540,64,12227.5498046875,0.03551138771463028,rmsse,0.7448268324783299
state_dept,2,BottomUpGlobalHistGB,BottomUpGlobalHistGB,CA__FOODS_3,1540,65,64847.46484375,0.1883307369964228,rmsse,1.0719663550840444
state_dept,2,BottomUpGlobalHistGB,BottomUpGlobalHistGB,CA__HOBBIES_1,1540,66,16357.259765625,0.04750493784644838,rmsse,0.4884875621771838
state_dept,2,BottomUpGlobalHistGB,BottomUpGlobalHistGB,CA__HOBBIES_2,1540,67,532.030029296875,0.001545127596940529,rmsse,1.4790566670364118
state_dept,2,BottomUpGlobalHistGB,BottomUpGlobalHistGB,CA__HOUSEHOLD_1,1540,68,32217.75,0.09356715203109894,rmsse,0.8073035019517787
state_dept,2,BottomUpGlobalHistGB,BottomUpGlobalHistGB,CA__HOUSEHOLD_2,1540,69,13982.7802734375,0.040608947790028105,rmsse,0.7341401390038961
state_dept,2,BottomUpGlobalHistGB,BottomUpGlobalHistGB,TX__FOODS_1,1540,70,3069.800048828125,0.008915347840050164,rmsse,0.8588339569158336
state_dept,2,BottomUpGlobalHistGB,BottomUpGlobalHistGB,TX__FOODS_2,1540,71,15332.8291015625,0.04452977478603431,rmsse,0.75478374360724
state_dept,2,BottomUpGlobalHistGB,BottomUpGlobalHistGB,TX__FOODS_3,1540,72,37792.953125,0.10975871967319478,rmsse,0.5575963158633489
state_dept,2,BottomUpGlobalHistGB,BottomUpGlobalHistGB,TX__HOBBIES_1,1540,73,13112.2109375,0.0380806305298446,rmsse,0.6614120102756142
state_dept,2,BottomUpGlobalHistGB,BottomUpGlobalHistGB,TX__HOBBIES_2,1540,74,605.989990234375,0.0017599229476168861,rmsse,1.1331937874865525
state_dept,2,BottomUpGlobalHistGB,BottomUpGlobalHistGB,TX__HOUSEHOLD_1,1540,75,28408.98046875,0.08250568070607202,rmsse,0.8414720375426621
state_dept,2,BottomUpGlobalHistGB,BottomUpGlobalHistGB,TX__HOUSEHOLD_2,1540,76,8188.3310546875,0.023780643175731208,rmsse,1.1660701744724817
state_dept,2,BottomUpGlobalHistGB,BottomUpGlobalHistGB,WI__FOODS_1,1540,77,10300.3486328125,0.029914388388378746,rmsse,0.9691907082167975
state_dept,2,BottomUpGlobalHistGB,BottomUpGlobalHistGB,WI__FOODS_2,1540,78,12159.419921875,0.03531352414243861,rmsse,0.9518629176252765
state_dept,2,BottomUpGlobalHistGB,BottomUpGlobalHistGB,WI__FOODS_3,1540,79,29559.939453125,0.08584830873790462,rmsse,0.7477959509149402
state_dept,2,BottomUpGlobalHistGB,BottomUpGlobalHistGB,WI__HOBBIES_1,1540,80,6916.42041015625,0.020086745971648723,rmsse,0.6155520730334785
state_dept,2,BottomUpGlobalHistGB,BottomUpGlobalHistGB,WI__HOBBIES_2,1540,81,677.5800170898438,0.001967835509068139,rmsse,1.4983547711431184
state_dept,2,BottomUpGlobalHistGB,BottomUpGlobalHistGB,WI__HOUSEHOLD_1,1540,82,20884.240234375,0.060652245456736094,rmsse,1.0393229827537767
state_dept,2,BottomUpGlobalHistGB,BottomUpGlobalHistGB,WI__HOUSEHOLD_2,1540,83,4960.76025390625,0.014407095742783997,rmsse,1.3589648294706054
state_dept,2,BottomUpGlobalHistGB,BottomUpGlobalHistGB,CA__FOODS_1,1456,0,12861.7802734375,0.04205296479989067,mean_spl,0.29883855776302215
state_dept,2,BottomUpGlobalHistGB,BottomUpGlobalHistGB,CA__FOODS_2,1456,1,10985.7490234375,0.03591908018652372,mean_spl,0.17967807747627398
state_dept,2,BottomUpGlobalHistGB,BottomUpGlobalHistGB,CA__FOODS_3,1456,2,55408.58203125,0.18116427899053658,mean_spl,0.23118045421720718
state_dept,2,BottomUpGlobalHistGB,BottomUpGlobalHistGB,CA__HOBBIES_1,1456,3,15754.3994140625,0.05151069213732731,mean_spl,0.13637443335625227
state_dept,2,BottomUpGlobalHistGB,BottomUpGlobalHistGB,CA__HOBBIES_2,1456,4,525.1099853515625,0.0017169032016248642,mean_spl,0.5413978089473608
state_dept,2,BottomUpGlobalHistGB,BottomUpGlobalHistGB,CA__HOUSEHOLD_1,1456,5,27565.529296875,0.09012844323004618,mean_spl,0.19138621798968894
state_dept,2,BottomUpGlobalHistGB,BottomUpGlobalHistGB,CA__HOUSEHOLD_2,1456,6,10496.9609375,0.034320935315787095,mean_spl,0.22157349514342567
state_dept,2,BottomUpGlobalHistGB,BottomUpGlobalHistGB,TX__FOODS_1,1456,7,4201.60986328125,0.013737612362135061,mean_spl,0.36223814891373757
state_dept,2,BottomUpGlobalHistGB,BottomUpGlobalHistGB,TX__FOODS_2,1456,8,15896.2587890625,0.05197451652062282,mean_spl,0.2399993207890095
state_dept,2,BottomUpGlobalHistGB,BottomUpGlobalHistGB,TX__FOODS_3,1456,9,33023.9609375,0.10797536867627476,mean_spl,0.31392330828160675
state_dept,2,BottomUpGlobalHistGB,BottomUpGlobalHistGB,TX__HOBBIES_1,1456,10,11740.7587890625,0.03838766528301877,mean_spl,0.2133780760898845
state_dept,2,BottomUpGlobalHistGB,BottomUpGlobalHistGB,TX__HOBBIES_2,1456,11,597.070068359375,0.0019521843814763351,mean_spl,0.6881550487753221
state_dept,2,BottomUpGlobalHistGB,BottomUpGlobalHistGB,TX__HOUSEHOLD_1,1456,12,21211.359375,0.0693528057695784,mean_spl,0.3359277333756856
state_dept,2,BottomUpGlobalHistGB,BottomUpGlobalHistGB,TX__HOUSEHOLD_2,1456,13,6183.01953125,0.02021604297203564,mean_spl,0.2552075825278401
state_dept,2,BottomUpGlobalHistGB,BottomUpGlobalHistGB,WI__FOODS_1,1456,14,8472.6201171875,0.02770213671638984,mean_spl,0.25292741582027706
state_dept,2,BottomUpGlobalHistGB,BottomUpGlobalHistGB,WI__FOODS_2,1456,15,12217.0,0.03994478680539254,mean_spl,0.363182298014129
state_dept,2,BottomUpGlobalHistGB,BottomUpGlobalHistGB,WI__FOODS_3,1456,16,29846.76171875,0.09758717636791522,mean_spl,0.36150416073117086
state_dept,2,BottomUpGlobalHistGB,BottomUpGlobalHistGB,WI__HOBBIES_1,1456,17,6511.15966796875,0.02128893220863405,mean_spl,0.17665888140422095
state_dept,2,BottomUpGlobalHistGB,BottomUpGlobalHistGB,WI__HOBBIES_2,1456,18,583.5599975585938,0.0019080117615317524,mean_spl,0.5959519774054877
state_dept,2,BottomUpGlobalHistGB,BottomUpGlobalHistGB,WI__HOUSEHOLD_1,1456,19,17843.080078125,0.058339856730150616,mean_spl,0.5945061573284357
state_dept,2,BottomUpGlobalHistGB,BottomUpGlobalHistGB,WI__HOUSEHOLD_2,1456,20,3920.840087890625,0.012819605583107766,mean_spl,0.3156474023894406
state_dept,2,BottomUpGlobalHistGB,BottomUpGlobalHistGB,CA__FOODS_1,1484,21,18270.888671875,0.054742099455031716,mean_spl,0.44945436224499846
state_dept,2,BottomUpGlobalHistGB,BottomUpGlobalHistGB,CA__FOODS_2,1484,22,11357.849609375,0.034029682084855795,mean_spl,0.1648395818536713
state_dept,2,BottomUpGlobalHistGB,BottomUpGlobalHistGB,CA__FOODS_3,1484,23,55400.4765625,0.16598745974020004,mean_spl,0.25772845168131747
state_dept,2,BottomUpGlobalHistGB,BottomUpGlobalHistGB,CA__HOBBIES_1,1484,24,16027.66015625,0.04802107779549221,mean_spl,0.1676878202594158
state_dept,2,BottomUpGlobalHistGB,BottomUpGlobalHistGB,CA__HOBBIES_2,1484,25,479.4800109863281,0.0014365881659887357,mean_spl,0.5279785777887755
state_dept,2,BottomUpGlobalHistGB,BottomUpGlobalHistGB,CA__HOUSEHOLD_1,1484,26,28883.357421875,0.0865385178016768,mean_spl,0.2072629659594133
state_dept,2,BottomUpGlobalHistGB,BottomUpGlobalHistGB,CA__HOUSEHOLD_2,1484,27,12078.5498046875,0.03618899915353174,mean_spl,0.195177270247875
state_dept,2,BottomUpGlobalHistGB,BottomUpGlobalHistGB,TX__FOODS_1,1484,28,4299.25,0.012881145263849553,mean_spl,0.3132631405949067
state_dept,2,BottomUpGlobalHistGB,BottomUpGlobalHistGB,TX__FOODS_2,1484,29,15832.4296875,0.047436140416205544,mean_spl,0.2060667689326488
state_dept,2,BottomUpGlobalHistGB,BottomUpGlobalHistGB,TX__FOODS_3,1484,30,33689.53125,0.1009384766883175,mean_spl,0.2203927251666751
state_dept,2,BottomUpGlobalHistGB,BottomUpGlobalHistGB,TX__HOBBIES_1,1484,31,12314.9306640625,0.03689722877200077,mean_spl,0.20824883367458996
state_dept,2,BottomUpGlobalHistGB,BottomUpGlobalHistGB,TX__HOBBIES_2,1484,32,810.8299560546875,0.0024293582481179693,mean_spl,0.6408869160473074
state_dept,2,BottomUpGlobalHistGB,BottomUpGlobalHistGB,TX__HOUSEHOLD_1,1484,33,26209.41796875,0.07852702683873174,mean_spl,0.2776570128586083
state_dept,2,BottomUpGlobalHistGB,BottomUpGlobalHistGB,TX__HOUSEHOLD_2,1484,34,7332.7197265625,0.021969838454834387,mean_spl,0.28142394708933305
state_dept,2,BottomUpGlobalHistGB,BottomUpGlobalHistGB,WI__FOODS_1,1484,35,9592.98046875,0.028741891011511388,mean_spl,0.20662873735321352
state_dept,2,BottomUpGlobalHistGB,BottomUpGlobalHistGB,WI__FOODS_2,1484,36,14454.66015625,0.04330815309931605,mean_spl,0.2496190890668965
state_dept,2,BottomUpGlobalHistGB,BottomUpGlobalHistGB,WI__FOODS_3,1484,37,31937.263671875,0.0956884416322119,mean_spl,0.19035960304509517
state_dept,2,BottomUpGlobalHistGB,BottomUpGlobalHistGB,WI__HOBBIES_1,1484,38,7323.49951171875,0.021942213420987497,mean_spl,0.16618946603785428
state_dept,2,BottomUpGlobalHistGB,BottomUpGlobalHistGB,WI__HOBBIES_2,1484,39,685.72998046875,0.0020545414875140283,mean_spl,0.5979118706688218
state_dept,2,BottomUpGlobalHistGB,BottomUpGlobalHistGB,WI__HOUSEHOLD_1,1484,40,22292.109375,0.06679023064418153,mean_spl,0.32994643858553707
state_dept,2,BottomUpGlobalHistGB,BottomUpGlobalHistGB,WI__HOUSEHOLD_2,1484,41,4489.40966796875,0.013450889825443057,mean_spl,0.32947067528224405
state_dept,2,BottomUpGlobalHistGB,BottomUpGlobalHistGB,CA__FOODS_1,1512,42,10690.37890625,0.0314285961834405,mean_spl,0.29503835464644607
state_dept,2,BottomUpGlobalHistGB,BottomUpGlobalHistGB,CA__FOODS_2,1512,43,11042.0703125,0.032462532144471354,mean_spl,0.17709165878786057
state_dept,2,BottomUpGlobalHistGB,BottomUpGlobalHistGB,CA__FOODS_3,1512,44,59297.6171875,0.17432879428966014,mean_spl,0.12394141086820319
state_dept,2,BottomUpGlobalHistGB,BottomUpGlobalHistGB,CA__HOBBIES_1,1512,45,16501.859375,0.04851374110505905,mean_spl,0.16682545537874185
state_dept,2,BottomUpGlobalHistGB,BottomUpGlobalHistGB,CA__HOBBIES_2,1512,46,434.6900329589844,0.0012779432451030539,mean_spl,0.5110057971892071
state_dept,2,BottomUpGlobalHistGB,BottomUpGlobalHistGB,CA__HOUSEHOLD_1,1512,47,29146.7109375,0.08568828253548658,mean_spl,0.2224662140690547
state_dept,2,BottomUpGlobalHistGB,BottomUpGlobalHistGB,CA__HOUSEHOLD_2,1512,48,13427.1103515625,0.039474300476200826,mean_spl,0.2305492795920225
state_dept,2,BottomUpGlobalHistGB,BottomUpGlobalHistGB,TX__FOODS_1,1512,49,3156.840087890625,0.009280779774794174,mean_spl,0.31159541650582084
state_dept,2,BottomUpGlobalHistGB,BottomUpGlobalHistGB,TX__FOODS_2,1512,50,16051.3193359375,0.04718920049931041,mean_spl,0.2799812039086743
state_dept,2,BottomUpGlobalHistGB,BottomUpGlobalHistGB,TX__FOODS_3,1512,51,36718.19921875,0.10794766639698256,mean_spl,0.23198928412863223
state_dept,2,BottomUpGlobalHistGB,BottomUpGlobalHistGB,TX__HOBBIES_1,1512,52,14444.279296875,0.042464670818815414,mean_spl,0.20249618637585753
state_dept,2,BottomUpGlobalHistGB,BottomUpGlobalHistGB,TX__HOBBIES_2,1512,53,721.3800048828125,0.002120781785855632,mean_spl,0.64363893635301
state_dept,2,BottomUpGlobalHistGB,BottomUpGlobalHistGB,TX__HOUSEHOLD_1,1512,54,28868.6484375,0.08487080786008955,mean_spl,0.22964510067906602
state_dept,2,BottomUpGlobalHistGB,BottomUpGlobalHistGB,TX__HOUSEHOLD_2,1512,55,8715.099609375,0.025621481588587347,mean_spl,0.29168277791613834
state_dept,2,BottomUpGlobalHistGB,BottomUpGlobalHistGB,WI__FOODS_1,1512,56,9523.1796875,0.02799715252429438,mean_spl,0.29074270182811895
state_dept,2,BottomUpGlobalHistGB,BottomUpGlobalHistGB,WI__FOODS_2,1512,57,14241.740234375,0.04186922715283239,mean_spl,0.29062864926993903
state_dept,2,BottomUpGlobalHistGB,BottomUpGlobalHistGB,WI__FOODS_3,1512,58,31636.806640625,0.09300890353479298,mean_spl,0.17559843593667737
state_dept,2,BottomUpGlobalHistGB,BottomUpGlobalHistGB,WI__HOBBIES_1,1512,59,7993.810546875,0.023500967163828122,mean_spl,0.16078437342617966
state_dept,2,BottomUpGlobalHistGB,BottomUpGlobalHistGB,WI__HOBBIES_2,1512,60,668.18994140625,0.00196440856086179,mean_spl,0.5928457189323073
state_dept,2,BottomUpGlobalHistGB,BottomUpGlobalHistGB,WI__HOUSEHOLD_1,1512,61,21880.921875,0.06432762241277876,mean_spl,0.27159706946797935
state_dept,2,BottomUpGlobalHistGB,BottomUpGlobalHistGB,WI__HOUSEHOLD_2,1512,62,4987.2998046875,0.014662139946754997,mean_spl,0.32787018454932804
state_dept,2,BottomUpGlobalHistGB,BottomUpGlobalHistGB,CA__FOODS_1,1540,63,12192.9306640625,0.035410846416928064,mean_spl,0.18233391155568776
state_dept,2,BottomUpGlobalHistGB,BottomUpGlobalHistGB,CA__FOODS_2,1540,64,12227.5498046875,0.03551138771463028,mean_spl,0.19394661381371728
state_dept,2,BottomUpGlobalHistGB,BottomUpGlobalHistGB,CA__FOODS_3,1540,65,64847.46484375,0.1883307369964228,mean_spl,0.4586672650657524
state_dept,2,BottomUpGlobalHistGB,BottomUpGlobalHistGB,CA__HOBBIES_1,1540,66,16357.259765625,0.04750493784644838,mean_spl,0.11934726442733723
state_dept,2,BottomUpGlobalHistGB,BottomUpGlobalHistGB,CA__HOBBIES_2,1540,67,532.030029296875,0.001545127596940529,mean_spl,0.5163553202269123
state_dept,2,BottomUpGlobalHistGB,BottomUpGlobalHistGB,CA__HOUSEHOLD_1,1540,68,32217.75,0.09356715203109894,mean_spl,0.2008618171979013
state_dept,2,BottomUpGlobalHistGB,BottomUpGlobalHistGB,CA__HOUSEHOLD_2,1540,69,13982.7802734375,0.040608947790028105,mean_spl,0.20224018244145153
state_dept,2,BottomUpGlobalHistGB,BottomUpGlobalHistGB,TX__FOODS_1,1540,70,3069.800048828125,0.008915347840050164,mean_spl,0.2666958795177613
state_dept,2,BottomUpGlobalHistGB,BottomUpGlobalHistGB,TX__FOODS_2,1540,71,15332.8291015625,0.04452977478603431,mean_spl,0.19391340715994188
state_dept,2,BottomUpGlobalHistGB,BottomUpGlobalHistGB,TX__FOODS_3,1540,72,37792.953125,0.10975871967319478,mean_spl,0.14811426476036502
state_dept,2,BottomUpGlobalHistGB,BottomUpGlobalHistGB,TX__HOBBIES_1,1540,73,13112.2109375,0.0380806305298446,mean_spl,0.18258698029920692
state_dept,2,BottomUpGlobalHistGB,BottomUpGlobalHistGB,TX__HOBBIES_2,1540,74,605.989990234375,0.0017599229476168861,mean_spl,0.6476157076166523
state_dept,2,BottomUpGlobalHistGB,BottomUpGlobalHistGB,TX__HOUSEHOLD_1,1540,75,28408.98046875,0.08250568070607202,mean_spl,0.21853895803584225
state_dept,2,BottomUpGlobalHistGB,BottomUpGlobalHistGB,TX__HOUSEHOLD_2,1540,76,8188.3310546875,0.023780643175731208,mean_spl,0.27746844296174544
state_dept,2,BottomUpGlobalHistGB,BottomUpGlobalHistGB,WI__FOODS_1,1540,77,10300.3486328125,0.029914388388378746,mean_spl,0.2670448719610492
state_dept,2,BottomUpGlobalHistGB,BottomUpGlobalHistGB,WI__FOODS_2,1540,78,12159.419921875,0.03531352414243861,mean_spl,0.23920138032723448
state_dept,2,BottomUpGlobalHistGB,BottomUpGlobalHistGB,WI__FOODS_3,1540,79,29559.939453125,0.08584830873790462,mean_spl,0.20704065469113048
state_dept,2,BottomUpGlobalHistGB,BottomUpGlobalHistGB,WI__HOBBIES_1,1540,80,6916.42041015625,0.020086745971648723,mean_spl,0.17091929236454684
state_dept,2,BottomUpGlobalHistGB,BottomUpGlobalHistGB,WI__HOBBIES_2,1540,81,677.5800170898438,0.001967835509068139,mean_spl,0.6065273797805585
state_dept,2,BottomUpGlobalHistGB,BottomUpGlobalHistGB,WI__HOUSEHOLD_1,1540,82,20884.240234375,0.060652245456736094,mean_spl,0.24948195597892145
state_dept,2,BottomUpGlobalHistGB,BottomUpGlobalHistGB,WI__HOUSEHOLD_2,1540,83,4960.76025390625,0.014407095742783997,mean_spl,0.33632603275136685
state_dept,3,SeasonalNaive,SeasonalNaive,CA__FOODS_1,1512,0,10690.37890625,0.0314285961834405,rmsse,1.2829847490918773
state_dept,3,SeasonalNaive,SeasonalNaive,CA__FOODS_2,1512,1,11042.0703125,0.032462532144471354,rmsse,0.9799064210715328
state_dept,3,SeasonalNaive,SeasonalNaive,CA__FOODS_3,1512,2,59297.6171875,0.17432879428966014,rmsse,0.5110170665832785
state_dept,3,SeasonalNaive,SeasonalNaive,CA__HOBBIES_1,1512,3,16501.859375,0.04851374110505905,rmsse,0.7837078615404752
state_dept,3,SeasonalNaive,SeasonalNaive,CA__HOBBIES_2,1512,4,434.6900329589844,0.0012779432451030539,rmsse,1.513562383028765
state_dept,3,SeasonalNaive,SeasonalNaive,CA__HOUSEHOLD_1,1512,5,29146.7109375,0.08568828253548658,rmsse,0.6544830416232232
state_dept,3,SeasonalNaive,SeasonalNaive,CA__HOUSEHOLD_2,1512,6,13427.1103515625,0.039474300476200826,rmsse,0.974147646725115
state_dept,3,SeasonalNaive,SeasonalNaive,TX__FOODS_1,1512,7,3156.840087890625,0.009280779774794174,rmsse,1.2117279763270654
state_dept,3,SeasonalNaive,SeasonalNaive,TX__FOODS_2,1512,8,16051.3193359375,0.04718920049931041,rmsse,1.2270623503942995
state_dept,3,SeasonalNaive,SeasonalNaive,TX__FOODS_3,1512,9,36718.19921875,0.10794766639698256,rmsse,0.8655144024047844
state_dept,3,SeasonalNaive,SeasonalNaive,TX__HOBBIES_1,1512,10,14444.279296875,0.042464670818815414,rmsse,0.8616895835221743
state_dept,3,SeasonalNaive,SeasonalNaive,TX__HOBBIES_2,1512,11,721.3800048828125,0.002120781785855632,rmsse,1.032302260815308
state_dept,3,SeasonalNaive,SeasonalNaive,TX__HOUSEHOLD_1,1512,12,28868.6484375,0.08487080786008955,rmsse,0.9369762678786987
state_dept,3,SeasonalNaive,SeasonalNaive,TX__HOUSEHOLD_2,1512,13,8715.099609375,0.025621481588587347,rmsse,0.8663788080986624
state_dept,3,SeasonalNaive,SeasonalNaive,WI__FOODS_1,1512,14,9523.1796875,0.02799715252429438,rmsse,1.077171601315743
state_dept,3,SeasonalNaive,SeasonalNaive,WI__FOODS_2,1512,15,14241.740234375,0.04186922715283239,rmsse,1.6478105338105165
state_dept,3,SeasonalNaive,SeasonalNaive,WI__FOODS_3,1512,16,31636.806640625,0.09300890353479298,rmsse,0.9112214381040479
state_dept,3,SeasonalNaive,SeasonalNaive,WI__HOBBIES_1,1512,17,7993.810546875,0.023500967163828122,rmsse,0.9937260483529646
state_dept,3,SeasonalNaive,SeasonalNaive,WI__HOBBIES_2,1512,18,668.18994140625,0.00196440856086179,rmsse,1.138414140590002
state_dept,3,SeasonalNaive,SeasonalNaive,WI__HOUSEHOLD_1,1512,19,21880.921875,0.06432762241277876,rmsse,0.8555320146637979
state_dept,3,SeasonalNaive,SeasonalNaive,WI__HOUSEHOLD_2,1512,20,4987.2998046875,0.014662139946754997,rmsse,0.9956274101152729
state_dept,3,SeasonalNaive,SeasonalNaive,CA__FOODS_1,1540,21,12192.9306640625,0.035410846416928064,rmsse,0.7182291445638036
state_dept,3,SeasonalNaive,SeasonalNaive,CA__FOODS_2,1540,22,12227.5498046875,0.03551138771463028,rmsse,0.8115727294226917
state_dept,3,SeasonalNaive,SeasonalNaive,CA__FOODS_3,1540,23,64847.46484375,0.1883307369964228,rmsse,0.7338727133059372
state_dept,3,SeasonalNaive,SeasonalNaive,CA__HOBBIES_1,1540,24,16357.259765625,0.04750493784644838,rmsse,1.016622194224741
state_dept,3,SeasonalNaive,SeasonalNaive,CA__HOBBIES_2,1540,25,532.030029296875,0.001545127596940529,rmsse,1.2521414293988313
state_dept,3,SeasonalNaive,SeasonalNaive,CA__HOUSEHOLD_1,1540,26,32217.75,0.09356715203109894,rmsse,0.7707302806294939
state_dept,3,SeasonalNaive,SeasonalNaive,CA__HOUSEHOLD_2,1540,27,13982.7802734375,0.040608947790028105,rmsse,0.9379239770230691
state_dept,3,SeasonalNaive,SeasonalNaive,TX__FOODS_1,1540,28,3069.800048828125,0.008915347840050164,rmsse,0.8529306563281839
state_dept,3,SeasonalNaive,SeasonalNaive,TX__FOODS_2,1540,29,15332.8291015625,0.04452977478603431,rmsse,1.3043350120258623
state_dept,3,SeasonalNaive,SeasonalNaive,TX__FOODS_3,1540,30,37792.953125,0.10975871967319478,rmsse,0.8224048608616954
state_dept,3,SeasonalNaive,SeasonalNaive,TX__HOBBIES_1,1540,31,13112.2109375,0.0380806305298446,rmsse,1.0866645595032554
state_dept,3,SeasonalNaive,SeasonalNaive,TX__HOBBIES_2,1540,32,605.989990234375,0.0017599229476168861,rmsse,1.522527557496754
state_dept,3,SeasonalNaive,SeasonalNaive,TX__HOUSEHOLD_1,1540,33,28408.98046875,0.08250568070607202,rmsse,0.8490890036313798
state_dept,3,SeasonalNaive,SeasonalNaive,TX__HOUSEHOLD_2,1540,34,8188.3310546875,0.023780643175731208,rmsse,0.9069261180737969
state_dept,3,SeasonalNaive,SeasonalNaive,WI__FOODS_1,1540,35,10300.3486328125,0.029914388388378746,rmsse,1.0137097503046926
state_dept,3,SeasonalNaive,SeasonalNaive,WI__FOODS_2,1540,36,12159.419921875,0.03531352414243861,rmsse,1.2036104719776595
state_dept,3,SeasonalNaive,SeasonalNaive,WI__FOODS_3,1540,37,29559.939453125,0.08584830873790462,rmsse,0.7584520780595213
state_dept,3,SeasonalNaive,SeasonalNaive,WI__HOBBIES_1,1540,38,6916.42041015625,0.020086745971648723,rmsse,1.0115046169594708
state_dept,3,SeasonalNaive,SeasonalNaive,WI__HOBBIES_2,1540,39,677.5800170898438,0.001967835509068139,rmsse,0.9039633283836481
state_dept,3,SeasonalNaive,SeasonalNaive,WI__HOUSEHOLD_1,1540,40,20884.240234375,0.060652245456736094,rmsse,1.0627024333965172
state_dept,3,SeasonalNaive,SeasonalNaive,WI__HOUSEHOLD_2,1540,41,4960.76025390625,0.014407095742783997,rmsse,1.0478522447416525
state_dept,3,SeasonalNaive,SeasonalNaive,CA__FOODS_1,1568,42,11792.8583984375,0.033879275283905684,rmsse,0.8173949959941965
state_dept,3,SeasonalNaive,SeasonalNaive,CA__FOODS_2,1568,43,13178.0,0.03785859836580953,rmsse,1.086417920917398
state_dept,3,SeasonalNaive,SeasonalNaive,CA__FOODS_3,1568,44,68112.484375,0.19567788660271682,rmsse,1.151852898706765
state_dept,3,SeasonalNaive,SeasonalNaive,CA__HOBBIES_1,1568,45,15952.5,0.04582935881245838,rmsse,0.7035715818701701
state_dept,3,SeasonalNaive,SeasonalNaive,CA__HOBBIES_2,1568,46,463.7000427246094,0.0013321470389831313,rmsse,0.5940822409295385
state_dept,3,SeasonalNaive,SeasonalNaive,CA__HOUSEHOLD_1,1568,47,31119.90234375,0.08940323903591181,rmsse,1.1663013618954121
state_dept,3,SeasonalNaive,SeasonalNaive,CA__HOUSEHOLD_2,1568,48,13990.599609375,0.04019308631872665,rmsse,0.7615207575410813
state_dept,3,SeasonalNaive,SeasonalNaive,TX__FOODS_1,1568,49,3038.590087890625,0.008729455284245033,rmsse,1.0104646017145962
state_dept,3,SeasonalNaive,SeasonalNaive,TX__FOODS_2,1568,50,15714.041015625,0.045144298642768595,rmsse,1.146130052477702
state_dept,3,SeasonalNaive,SeasonalNaive,TX__FOODS_3,1568,51,36016.30078125,0.10346992456363148,rmsse,1.0260865669735781
state_dept,3,SeasonalNaive,SeasonalNaive,TX__HOBBIES_1,1568,52,12510.4501953125,0.03594081873727419,rmsse,0.7138103356041121
state_dept,3,SeasonalNaive,SeasonalNaive,TX__HOBBIES_2,1568,53,777.6900024414062,0.002234197408979711,rmsse,1.6570780321271048
state_dept,3,SeasonalNaive,SeasonalNaive,TX__HOUSEHOLD_1,1568,54,27891.490234375,0.08012845094908953,rmsse,0.7890028905187868
state_dept,3,SeasonalNaive,SeasonalNaive,TX__HOUSEHOLD_2,1568,55,7838.919921875,0.022520148804371577,rmsse,0.9185641243627602
state_dept,3,SeasonalNaive,SeasonalNaive,WI__FOODS_1,1568,56,11589.6806640625,0.03329557333804301,rmsse,1.3520355818596657
state_dept,3,SeasonalNaive,SeasonalNaive,WI__FOODS_2,1568,57,11911.400390625,0.03421983027492932,rmsse,1.5486695915644728
state_dept,3,SeasonalNaive,SeasonalNaive,WI__FOODS_3,1568,58,31646.720703125,0.09091671639813012,rmsse,0.9591979431604742
state_dept,3,SeasonalNaive,SeasonalNaive,WI__HOBBIES_1,1568,59,7710.72998046875,0.022151876569871966,rmsse,0.7363346136504244
state_dept,3,SeasonalNaive,SeasonalNaive,WI__HOBBIES_2,1568,60,602.1099853515625,0.0017297799444125257,rmsse,0.7326296573403827
state_dept,3,SeasonalNaive,SeasonalNaive,WI__HOUSEHOLD_1,1568,61,21364.361328125,0.0613768989879737,rmsse,1.0488960863841683
state_dept,3,SeasonalNaive,SeasonalNaive,WI__HOUSEHOLD_2,1568,62,4862.2001953125,0.013968438637767233,rmsse,0.9938662437930589
state_dept,3,SeasonalNaive,SeasonalNaive,CA__FOODS_1,1596,63,12277.021484375,0.036547955632554883,rmsse,0.7260774910975278
state_dept,3,SeasonalNaive,SeasonalNaive,CA__FOODS_2,1596,64,12673.810546875,0.03772917284148374,rmsse,0.9941199247342625
state_dept,3,SeasonalNaive,SeasonalNaive,CA__FOODS_3,1596,65,53976.66015625,0.16068527558535475,rmsse,0.9500592149805851
state_dept,3,SeasonalNaive,SeasonalNaive,CA__HOBBIES_1,1596,66,17082.150390625,0.050852535802740385,rmsse,0.9701422900287392
state_dept,3,SeasonalNaive,SeasonalNaive,CA__HOBBIES_2,1596,67,532.9600219726562,0.0015865899772002994,rmsse,1.1066440383197322
state_dept,3,SeasonalNaive,SeasonalNaive,CA__HOUSEHOLD_1,1596,68,33890.94921875,0.10089132042071218,rmsse,1.0384286523731665
state_dept,3,SeasonalNaive,SeasonalNaive,CA__HOUSEHOLD_2,1596,69,13360.5205078125,0.039773467153155294,rmsse,1.1565763608320911
state_dept,3,SeasonalNaive,SeasonalNaive,TX__FOODS_1,1596,70,3035.920166015625,0.009037752004648082,rmsse,0.9481323048217496
state_dept,3,SeasonalNaive,SeasonalNaive,TX__FOODS_2,1596,71,17131.69921875,0.05100003968829295,rmsse,1.7898884282054295
state_dept,3,SeasonalNaive,SeasonalNaive,TX__FOODS_3,1596,72,32796.19921875,0.09763231541859002,rmsse,1.58069075548729
state_dept,3,SeasonalNaive,SeasonalNaive,TX__HOBBIES_1,1596,73,14882.1806640625,0.04430335805130441,rmsse,0.9499339106792717
state_dept,3,SeasonalNaive,SeasonalNaive,TX__HOBBIES_2,1596,74,578.0599365234375,0.001720849714232753,rmsse,1.1472845486572363
state_dept,3,SeasonalNaive,SeasonalNaive,TX__HOUSEHOLD_1,1596,75,28905.630859375,0.08605032707029008,rmsse,0.9619537108283994
state_dept,3,SeasonalNaive,SeasonalNaive,TX__HOUSEHOLD_2,1596,76,7684.439453125,0.022876114744224088,rmsse,1.0027599126371074
state_dept,3,SeasonalNaive,SeasonalNaive,WI__FOODS_1,1596,77,10737.1591796875,0.031963878031681686,rmsse,0.7975985217341699
state_dept,3,SeasonalNaive,SeasonalNaive,WI__FOODS_2,1596,78,10716.560546875,0.031902557138899945,rmsse,1.3393570593619228
state_dept,3,SeasonalNaive,SeasonalNaive,WI__FOODS_3,1596,79,29816.84765625,0.08876296474924268,rmsse,1.094513007369669
state_dept,3,SeasonalNaive,SeasonalNaive,WI__HOBBIES_1,1596,80,8227.0400390625,0.024491404101360175,rmsse,0.7534592253115637
state_dept,3,SeasonalNaive,SeasonalNaive,WI__HOBBIES_2,1596,81,607.7999877929688,0.001809384060750928,rmsse,0.9317007400363034
state_dept,3,SeasonalNaive,SeasonalNaive,WI__HOUSEHOLD_1,1596,82,22438.740234375,0.06679878206453355,rmsse,1.1069883764239452
state_dept,3,SeasonalNaive,SeasonalNaive,WI__HOUSEHOLD_2,1596,83,4563.06005859375,0.01358395574874712,rmsse,1.039782795133488
state_dept,3,SeasonalNaive,SeasonalNaive,CA__FOODS_1,1512,0,10690.37890625,0.0314285961834405,mean_spl,0.31903978830665686
state_dept,3,SeasonalNaive,SeasonalNaive,CA__FOODS_2,1512,1,11042.0703125,0.032462532144471354,mean_spl,0.2509536616521142
state_dept,3,SeasonalNaive,SeasonalNaive,CA__FOODS_3,1512,2,59297.6171875,0.17432879428966014,mean_spl,0.15394780314432005
state_dept,3,SeasonalNaive,SeasonalNaive,CA__HOBBIES_1,1512,3,16501.859375,0.04851374110505905,mean_spl,0.21342637520038807
state_dept,3,SeasonalNaive,SeasonalNaive,CA__HOBBIES_2,1512,4,434.6900329589844,0.0012779432451030539,mean_spl,0.7437832342826011
state_dept,3,SeasonalNaive,SeasonalNaive,CA__HOUSEHOLD_1,1512,5,29146.7109375,0.08568828253548658,mean_spl,0.17356920429407052
state_dept,3,SeasonalNaive,SeasonalNaive,CA__HOUSEHOLD_2,1512,6,13427.1103515625,0.039474300476200826,mean_spl,0.2909614521691706
state_dept,3,SeasonalNaive,SeasonalNaive,TX__FOODS_1,1512,7,3156.840087890625,0.009280779774794174,mean_spl,0.38423882630277
state_dept,3,SeasonalNaive,SeasonalNaive,TX__FOODS_2,1512,8,16051.3193359375,0.04718920049931041,mean_spl,0.3321371191583655
state_dept,3,SeasonalNaive,SeasonalNaive,TX__FOODS_3,1512,9,36718.19921875,0.10794766639698256,mean_spl,0.2453405353936492
state_dept,3,SeasonalNaive,SeasonalNaive,TX__HOBBIES_1,1512,10,14444.279296875,0.042464670818815414,mean_spl,0.24324250278531526
state_dept,3,SeasonalNaive,SeasonalNaive,TX__HOBBIES_2,1512,11,721.3800048828125,0.002120781785855632,mean_spl,0.8893522342257791
state_dept,3,SeasonalNaive,SeasonalNaive,TX__HOUSEHOLD_1,1512,12,28868.6484375,0.08487080786008955,mean_spl,0.24310315368440705
state_dept,3,SeasonalNaive,SeasonalNaive,TX__HOUSEHOLD_2,1512,13,8715.099609375,0.025621481588587347,mean_spl,0.34220169741273276
state_dept,3,SeasonalNaive,SeasonalNaive,WI__FOODS_1,1512,14,9523.1796875,0.02799715252429438,mean_spl,0.28031558271130724
state_dept,3,SeasonalNaive,SeasonalNaive,WI__FOODS_2,1512,15,14241.740234375,0.04186922715283239,mean_spl,0.4350617071009026
state_dept,3,SeasonalNaive,SeasonalNaive,WI__FOODS_3,1512,16,31636.806640625,0.09300890353479298,mean_spl,0.2950191974462118
state_dept,3,SeasonalNaive,SeasonalNaive,WI__HOBBIES_1,1512,17,7993.810546875,0.023500967163828122,mean_spl,0.2641437936974276
state_dept,3,SeasonalNaive,SeasonalNaive,WI__HOBBIES_2,1512,18,668.18994140625,0.00196440856086179,mean_spl,0.8471477599927849
state_dept,3,SeasonalNaive,SeasonalNaive,WI__HOUSEHOLD_1,1512,19,21880.921875,0.06432762241277876,mean_spl,0.22112869451081313
state_dept,3,SeasonalNaive,SeasonalNaive,WI__HOUSEHOLD_2,1512,20,4987.2998046875,0.014662139946754997,mean_spl,0.4217146184210008
state_dept,3,SeasonalNaive,SeasonalNaive,CA__FOODS_1,1540,21,12192.9306640625,0.035410846416928064,mean_spl,0.1951427738148815
state_dept,3,SeasonalNaive,SeasonalNaive,CA__FOODS_2,1540,22,12227.5498046875,0.03551138771463028,mean_spl,0.21924190501481022
state_dept,3,SeasonalNaive,SeasonalNaive,CA__FOODS_3,1540,23,64847.46484375,0.1883307369964228,mean_spl,0.23351976846761036
state_dept,3,SeasonalNaive,SeasonalNaive,CA__HOBBIES_1,1540,24,16357.259765625,0.04750493784644838,mean_spl,0.27896147659788
state_dept,3,SeasonalNaive,SeasonalNaive,CA__HOBBIES_2,1540,25,532.030029296875,0.001545127596940529,mean_spl,0.7278643330745644
state_dept,3,SeasonalNaive,SeasonalNaive,CA__HOUSEHOLD_1,1540,26,32217.75,0.09356715203109894,mean_spl,0.1943263651899455
state_dept,3,SeasonalNaive,SeasonalNaive,CA__HOUSEHOLD_2,1540,27,13982.7802734375,0.040608947790028105,mean_spl,0.2799852151455578
state_dept,3,SeasonalNaive,SeasonalNaive,TX__FOODS_1,1540,28,3069.800048828125,0.008915347840050164,mean_spl,0.34946336053855215
state_dept,3,SeasonalNaive,SeasonalNaive,TX__FOODS_2,1540,29,15332.8291015625,0.04452977478603431,mean_spl,0.34363323554830294
state_dept,3,SeasonalNaive,SeasonalNaive,TX__FOODS_3,1540,30,37792.953125,0.10975871967319478,mean_spl,0.21410417201759466
state_dept,3,SeasonalNaive,SeasonalNaive,TX__HOBBIES_1,1540,31,13112.2109375,0.0380806305298446,mean_spl,0.29363979080114994
state_dept,3,SeasonalNaive,SeasonalNaive,TX__HOBBIES_2,1540,32,605.989990234375,0.0017599229476168861,mean_spl,0.9111534282501944
state_dept,3,SeasonalNaive,SeasonalNaive,TX__HOUSEHOLD_1,1540,33,28408.98046875,0.08250568070607202,mean_spl,0.22263246386658453
state_dept,3,SeasonalNaive,SeasonalNaive,TX__HOUSEHOLD_2,1540,34,8188.3310546875,0.023780643175731208,mean_spl,0.343686418443451
state_dept,3,SeasonalNaive,SeasonalNaive,WI__FOODS_1,1540,35,10300.3486328125,0.029914388388378746,mean_spl,0.27914480667055214
state_dept,3,SeasonalNaive,SeasonalNaive,WI__FOODS_2,1540,36,12159.419921875,0.03531352414243861,mean_spl,0.3215594141855416
state_dept,3,SeasonalNaive,SeasonalNaive,WI__FOODS_3,1540,37,29559.939453125,0.08584830873790462,mean_spl,0.21254526302281823
state_dept,3,SeasonalNaive,SeasonalNaive,WI__HOBBIES_1,1540,38,6916.42041015625,0.020086745971648723,mean_spl,0.2809339041924641
state_dept,3,SeasonalNaive,SeasonalNaive,WI__HOBBIES_2,1540,39,677.5800170898438,0.001967835509068139,mean_spl,0.8320439743438137
state_dept,3,SeasonalNaive,SeasonalNaive,WI__HOUSEHOLD_1,1540,40,20884.240234375,0.060652245456736094,mean_spl,0.2817177980416435
state_dept,3,SeasonalNaive,SeasonalNaive,WI__HOUSEHOLD_2,1540,41,4960.76025390625,0.014407095742783997,mean_spl,0.42812729585593146
state_dept,3,SeasonalNaive,SeasonalNaive,CA__FOODS_1,1568,42,11792.8583984375,0.033879275283905684,mean_spl,0.2233917837711346
state_dept,3,SeasonalNaive,SeasonalNaive,CA__FOODS_2,1568,43,13178.0,0.03785859836580953,mean_spl,0.2754790952702681
state_dept,3,SeasonalNaive,SeasonalNaive,CA__FOODS_3,1568,44,68112.484375,0.19567788660271682,mean_spl,0.43099602303099654
state_dept,3,SeasonalNaive,SeasonalNaive,CA__HOBBIES_1,1568,45,15952.5,0.04582935881245838,mean_spl,0.1800096885177651
state_dept,3,SeasonalNaive,SeasonalNaive,CA__HOBBIES_2,1568,46,463.7000427246094,0.0013321470389831313,mean_spl,0.6759586909029317
state_dept,3,SeasonalNaive,SeasonalNaive,CA__HOUSEHOLD_1,1568,47,31119.90234375,0.08940323903591181,mean_spl,0.2881413799215992
state_dept,3,SeasonalNaive,SeasonalNaive,CA__HOUSEHOLD_2,1568,48,13990.599609375,0.04019308631872665,mean_spl,0.25501793925444777
state_dept,3,SeasonalNaive,SeasonalNaive,TX__FOODS_1,1568,49,3038.590087890625,0.008729455284245033,mean_spl,0.37317534207598924
state_dept,3,SeasonalNaive,SeasonalNaive,TX__FOODS_2,1568,50,15714.041015625,0.045144298642768595,mean_spl,0.30634143337574504
state_dept,3,SeasonalNaive,SeasonalNaive,TX__FOODS_3,1568,51,36016.30078125,0.10346992456363148,mean_spl,0.2974464313388076
state_dept,3,SeasonalNaive,SeasonalNaive,TX__HOBBIES_1,1568,52,12510.4501953125,0.03594081873727419,mean_spl,0.21067908638030242
state_dept,3,SeasonalNaive,SeasonalNaive,TX__HOBBIES_2,1568,53,777.6900024414062,0.002234197408979711,mean_spl,0.9162783636793078
state_dept,3,SeasonalNaive,SeasonalNaive,TX__HOUSEHOLD_1,1568,54,27891.490234375,0.08012845094908953,mean_spl,0.20046835621242112
state_dept,3,SeasonalNaive,SeasonalNaive,TX__HOUSEHOLD_2,1568,55,7838.919921875,0.022520148804371577,mean_spl,0.33609916860151334
state_dept,3,SeasonalNaive,SeasonalNaive,WI__FOODS_1,1568,56,11589.6806640625,0.03329557333804301,mean_spl,0.37376996965463544
state_dept,3,SeasonalNaive,SeasonalNaive,WI__FOODS_2,1568,57,11911.400390625,0.03421983027492932,mean_spl,0.4257553787929964
state_dept,3,SeasonalNaive,SeasonalNaive,WI__FOODS_3,1568,58,31646.720703125,0.09091671639813012,mean_spl,0.2922154677524992
state_dept,3,SeasonalNaive,SeasonalNaive,WI__HOBBIES_1,1568,59,7710.72998046875,0.022151876569871966,mean_spl,0.20523460377962063
state_dept,3,SeasonalNaive,SeasonalNaive,WI__HOBBIES_2,1568,60,602.1099853515625,0.0017297799444125257,mean_spl,0.8140927979448026
state_dept,3,SeasonalNaive,SeasonalNaive,WI__HOUSEHOLD_1,1568,61,21364.361328125,0.0613768989879737,mean_spl,0.2721716360918168
state_dept,3,SeasonalNaive,SeasonalNaive,WI__HOUSEHOLD_2,1568,62,4862.2001953125,0.013968438637767233,mean_spl,0.4161499598200616
state_dept,3,SeasonalNaive,SeasonalNaive,CA__FOODS_1,1596,63,12277.021484375,0.036547955632554883,mean_spl,0.20509641113203525
state_dept,3,SeasonalNaive,SeasonalNaive,CA__FOODS_2,1596,64,12673.810546875,0.03772917284148374,mean_spl,0.26233393935953475
state_dept,3,SeasonalNaive,SeasonalNaive,CA__FOODS_3,1596,65,53976.66015625,0.16068527558535475,mean_spl,0.3044456327079043
state_dept,3,SeasonalNaive,SeasonalNaive,CA__HOBBIES_1,1596,66,17082.150390625,0.050852535802740385,mean_spl,0.24757066719342724
state_dept,3,SeasonalNaive,SeasonalNaive,CA__HOBBIES_2,1596,67,532.9600219726562,0.0015865899772002994,mean_spl,0.713349113996077
state_dept,3,SeasonalNaive,SeasonalNaive,CA__HOUSEHOLD_1,1596,68,33890.94921875,0.10089132042071218,mean_spl,0.25889669781745306
state_dept,3,SeasonalNaive,SeasonalNaive,CA__HOUSEHOLD_2,1596,69,13360.5205078125,0.039773467153155294,mean_spl,0.32942894757225066
state_dept,3,SeasonalNaive,SeasonalNaive,TX__FOODS_1,1596,70,3035.920166015625,0.009037752004648082,mean_spl,0.36153082619606314
state_dept,3,SeasonalNaive,SeasonalNaive,TX__FOODS_2,1596,71,17131.69921875,0.05100003968829295,mean_spl,0.48469394901332347
state_dept,3,SeasonalNaive,SeasonalNaive,TX__FOODS_3,1596,72,32796.19921875,0.09763231541859002,mean_spl,0.503015060392429
state_dept,3,SeasonalNaive,SeasonalNaive,TX__HOBBIES_1,1596,73,14882.1806640625,0.04430335805130441,mean_spl,0.27380561959479993
state_dept,3,SeasonalNaive,SeasonalNaive,TX__HOBBIES_2,1596,74,578.0599365234375,0.001720849714232753,mean_spl,0.8801419502083279
state_dept,3,SeasonalNaive,SeasonalNaive,TX__HOUSEHOLD_1,1596,75,28905.630859375,0.08605032707029008,mean_spl,0.23279101432592522
state_dept,3,SeasonalNaive,SeasonalNaive,TX__HOUSEHOLD_2,1596,76,7684.439453125,0.022876114744224088,mean_spl,0.35489590796110854
state_dept,3,SeasonalNaive,SeasonalNaive,WI__FOODS_1,1596,77,10737.1591796875,0.031963878031681686,mean_spl,0.23513103794648835
state_dept,3,SeasonalNaive,SeasonalNaive,WI__FOODS_2,1596,78,10716.560546875,0.031902557138899945,mean_spl,0.36968883555276055
state_dept,3,SeasonalNaive,SeasonalNaive,WI__FOODS_3,1596,79,29816.84765625,0.08876296474924268,mean_spl,0.37333875498008867
state_dept,3,SeasonalNaive,SeasonalNaive,WI__HOBBIES_1,1596,80,8227.0400390625,0.024491404101360175,mean_spl,0.21051972106097672
state_dept,3,SeasonalNaive,SeasonalNaive,WI__HOBBIES_2,1596,81,607.7999877929688,0.001809384060750928,mean_spl,0.8300364397919489
state_dept,3,SeasonalNaive,SeasonalNaive,WI__HOUSEHOLD_1,1596,82,22438.740234375,0.06679878206453355,mean_spl,0.2874170361432368
state_dept,3,SeasonalNaive,SeasonalNaive,WI__HOUSEHOLD_2,1596,83,4563.06005859375,0.01358395574874712,mean_spl,0.4177117959625185
state_dept,3,AggregateElasticNet,AggregateElasticNet,CA__FOODS_1,1512,0,10690.37890625,0.0314285961834405,rmsse,0.9532186912451076
state_dept,3,AggregateElasticNet,AggregateElasticNet,CA__FOODS_2,1512,1,11042.0703125,0.032462532144471354,rmsse,0.6646827620030358
state_dept,3,AggregateElasticNet,AggregateElasticNet,CA__FOODS_3,1512,2,59297.6171875,0.17432879428966014,rmsse,0.3499331157131298
state_dept,3,AggregateElasticNet,AggregateElasticNet,CA__HOBBIES_1,1512,3,16501.859375,0.04851374110505905,rmsse,0.712204344364468
state_dept,3,AggregateElasticNet,AggregateElasticNet,CA__HOBBIES_2,1512,4,434.6900329589844,0.0012779432451030539,rmsse,2.755156705491258
state_dept,3,AggregateElasticNet,AggregateElasticNet,CA__HOUSEHOLD_1,1512,5,29146.7109375,0.08568828253548658,rmsse,0.5974907196489153
state_dept,3,AggregateElasticNet,AggregateElasticNet,CA__HOUSEHOLD_2,1512,6,13427.1103515625,0.039474300476200826,rmsse,0.9987273037668637
state_dept,3,AggregateElasticNet,AggregateElasticNet,TX__FOODS_1,1512,7,3156.840087890625,0.009280779774794174,rmsse,1.255968489216981
state_dept,3,AggregateElasticNet,AggregateElasticNet,TX__FOODS_2,1512,8,16051.3193359375,0.04718920049931041,rmsse,0.957995573273187
state_dept,3,AggregateElasticNet,AggregateElasticNet,TX__FOODS_3,1512,9,36718.19921875,0.10794766639698256,rmsse,0.6990219794566045
state_dept,3,AggregateElasticNet,AggregateElasticNet,TX__HOBBIES_1,1512,10,14444.279296875,0.042464670818815414,rmsse,0.8747168714289819
state_dept,3,AggregateElasticNet,AggregateElasticNet,TX__HOBBIES_2,1512,11,721.3800048828125,0.002120781785855632,rmsse,3.0957318217917935
state_dept,3,AggregateElasticNet,AggregateElasticNet,TX__HOUSEHOLD_1,1512,12,28868.6484375,0.08487080786008955,rmsse,0.8274669306639807
state_dept,3,AggregateElasticNet,AggregateElasticNet,TX__HOUSEHOLD_2,1512,13,8715.099609375,0.025621481588587347,rmsse,1.3023573650359934
state_dept,3,AggregateElasticNet,AggregateElasticNet,WI__FOODS_1,1512,14,9523.1796875,0.02799715252429438,rmsse,0.9898025345597925
state_dept,3,AggregateElasticNet,AggregateElasticNet,WI__FOODS_2,1512,15,14241.740234375,0.04186922715283239,rmsse,1.1481838671376954
state_dept,3,AggregateElasticNet,AggregateElasticNet,WI__FOODS_3,1512,16,31636.806640625,0.09300890353479298,rmsse,0.630902560363882
state_dept,3,AggregateElasticNet,AggregateElasticNet,WI__HOBBIES_1,1512,17,7993.810546875,0.023500967163828122,rmsse,0.7246709797228088
state_dept,3,AggregateElasticNet,AggregateElasticNet,WI__HOBBIES_2,1512,18,668.18994140625,0.00196440856086179,rmsse,3.523372936558081
state_dept,3,AggregateElasticNet,AggregateElasticNet,WI__HOUSEHOLD_1,1512,19,21880.921875,0.06432762241277876,rmsse,1.1277756629138624
state_dept,3,AggregateElasticNet,AggregateElasticNet,WI__HOUSEHOLD_2,1512,20,4987.2998046875,0.014662139946754997,rmsse,1.448362785772631
state_dept,3,AggregateElasticNet,AggregateElasticNet,CA__FOODS_1,1540,21,12192.9306640625,0.035410846416928064,rmsse,1.2393088531760483
state_dept,3,AggregateElasticNet,AggregateElasticNet,CA__FOODS_2,1540,22,12227.5498046875,0.03551138771463028,rmsse,1.5265630185427737
state_dept,3,AggregateElasticNet,AggregateElasticNet,CA__FOODS_3,1540,23,64847.46484375,0.1883307369964228,rmsse,0.7271823317710385
state_dept,3,AggregateElasticNet,AggregateElasticNet,CA__HOBBIES_1,1540,24,16357.259765625,0.04750493784644838,rmsse,0.6964858529700158
state_dept,3,AggregateElasticNet,AggregateElasticNet,CA__HOBBIES_2,1540,25,532.030029296875,0.001545127596940529,rmsse,5.5493396657101615
state_dept,3,AggregateElasticNet,AggregateElasticNet,CA__HOUSEHOLD_1,1540,26,32217.75,0.09356715203109894,rmsse,0.8766269805740479
state_dept,3,AggregateElasticNet,AggregateElasticNet,CA__HOUSEHOLD_2,1540,27,13982.7802734375,0.040608947790028105,rmsse,1.4492697966178392
state_dept,3,AggregateElasticNet,AggregateElasticNet,TX__FOODS_1,1540,28,3069.800048828125,0.008915347840050164,rmsse,2.7198644803096235
state_dept,3,AggregateElasticNet,AggregateElasticNet,TX__FOODS_2,1540,29,15332.8291015625,0.04452977478603431,rmsse,1.3242547011054067
state_dept,3,AggregateElasticNet,AggregateElasticNet,TX__FOODS_3,1540,30,37792.953125,0.10975871967319478,rmsse,0.4929070609791322
state_dept,3,AggregateElasticNet,AggregateElasticNet,TX__HOBBIES_1,1540,31,13112.2109375,0.0380806305298446,rmsse,1.5170073093940892
state_dept,3,AggregateElasticNet,AggregateElasticNet,TX__HOBBIES_2,1540,32,605.989990234375,0.0017599229476168861,rmsse,6.887922297347718
state_dept,3,AggregateElasticNet,AggregateElasticNet,TX__HOUSEHOLD_1,1540,33,28408.98046875,0.08250568070607202,rmsse,0.7677270485049189
state_dept,3,AggregateElasticNet,AggregateElasticNet,TX__HOUSEHOLD_2,1540,34,8188.3310546875,0.023780643175731208,rmsse,2.4125943544234287
state_dept,3,AggregateElasticNet,AggregateElasticNet,WI__FOODS_1,1540,35,10300.3486328125,0.029914388388378746,rmsse,1.444851362009367
state_dept,3,AggregateElasticNet,AggregateElasticNet,WI__FOODS_2,1540,36,12159.419921875,0.03531352414243861,rmsse,0.9895559989142835
state_dept,3,AggregateElasticNet,AggregateElasticNet,WI__FOODS_3,1540,37,29559.939453125,0.08584830873790462,rmsse,0.6102980581747338
state_dept,3,AggregateElasticNet,AggregateElasticNet,WI__HOBBIES_1,1540,38,6916.42041015625,0.020086745971648723,rmsse,1.4069486927324495
state_dept,3,AggregateElasticNet,AggregateElasticNet,WI__HOBBIES_2,1540,39,677.5800170898438,0.001967835509068139,rmsse,6.5973870636198395
state_dept,3,AggregateElasticNet,AggregateElasticNet,WI__HOUSEHOLD_1,1540,40,20884.240234375,0.060652245456736094,rmsse,0.8462007495124921
state_dept,3,AggregateElasticNet,AggregateElasticNet,WI__HOUSEHOLD_2,1540,41,4960.76025390625,0.014407095742783997,rmsse,3.265423294797465
state_dept,3,AggregateElasticNet,AggregateElasticNet,CA__FOODS_1,1568,42,11792.8583984375,0.033879275283905684,rmsse,0.7591413037689007
state_dept,3,AggregateElasticNet,AggregateElasticNet,CA__FOODS_2,1568,43,13178.0,0.03785859836580953,rmsse,0.8255170471382542
state_dept,3,AggregateElasticNet,AggregateElasticNet,CA__FOODS_3,1568,44,68112.484375,0.19567788660271682,rmsse,1.0424223390798482
state_dept,3,AggregateElasticNet,AggregateElasticNet,CA__HOBBIES_1,1568,45,15952.5,0.04582935881245838,rmsse,0.7965114517819352
state_dept,3,AggregateElasticNet,AggregateElasticNet,CA__HOBBIES_2,1568,46,463.7000427246094,0.0013321470389831313,rmsse,3.150363279237641
state_dept,3,AggregateElasticNet,AggregateElasticNet,CA__HOUSEHOLD_1,1568,47,31119.90234375,0.08940323903591181,rmsse,0.8530573588491571
state_dept,3,AggregateElasticNet,AggregateElasticNet,CA__HOUSEHOLD_2,1568,48,13990.599609375,0.04019308631872665,rmsse,1.0603858836700883
state_dept,3,AggregateElasticNet,AggregateElasticNet,TX__FOODS_1,1568,49,3038.590087890625,0.008729455284245033,rmsse,1.5479192789727616
state_dept,3,AggregateElasticNet,AggregateElasticNet,TX__FOODS_2,1568,50,15714.041015625,0.045144298642768595,rmsse,0.7037075813864412
state_dept,3,AggregateElasticNet,AggregateElasticNet,TX__FOODS_3,1568,51,36016.30078125,0.10346992456363148,rmsse,0.915226623279315
state_dept,3,AggregateElasticNet,AggregateElasticNet,TX__HOBBIES_1,1568,52,12510.4501953125,0.03594081873727419,rmsse,0.9179512678857836
state_dept,3,AggregateElasticNet,AggregateElasticNet,TX__HOBBIES_2,1568,53,777.6900024414062,0.002234197408979711,rmsse,4.031390236347016
state_dept,3,AggregateElasticNet,AggregateElasticNet,TX__HOUSEHOLD_1,1568,54,27891.490234375,0.08012845094908953,rmsse,0.5997716701082344
state_dept,3,AggregateElasticNet,AggregateElasticNet,TX__HOUSEHOLD_2,1568,55,7838.919921875,0.022520148804371577,rmsse,1.5611574936037282
state_dept,3,AggregateElasticNet,AggregateElasticNet,WI__FOODS_1,1568,56,11589.6806640625,0.03329557333804301,rmsse,1.072553668236703
state_dept,3,AggregateElasticNet,AggregateElasticNet,WI__FOODS_2,1568,57,11911.400390625,0.03421983027492932,rmsse,1.0084916606057104
state_dept,3,AggregateElasticNet,AggregateElasticNet,WI__FOODS_3,1568,58,31646.720703125,0.09091671639813012,rmsse,0.713300921325092
state_dept,3,AggregateElasticNet,AggregateElasticNet,WI__HOBBIES_1,1568,59,7710.72998046875,0.022151876569871966,rmsse,0.7911566916548315
state_dept,3,AggregateElasticNet,AggregateElasticNet,WI__HOBBIES_2,1568,60,602.1099853515625,0.0017297799444125257,rmsse,3.4590639603577737
state_dept,3,AggregateElasticNet,AggregateElasticNet,WI__HOUSEHOLD_1,1568,61,21364.361328125,0.0613768989879737,rmsse,0.7757211756933153
state_dept,3,AggregateElasticNet,AggregateElasticNet,WI__HOUSEHOLD_2,1568,62,4862.2001953125,0.013968438637767233,rmsse,1.7594654010621213
state_dept,3,AggregateElasticNet,AggregateElasticNet,CA__FOODS_1,1596,63,12277.021484375,0.036547955632554883,rmsse,1.3592033544755266
state_dept,3,AggregateElasticNet,AggregateElasticNet,CA__FOODS_2,1596,64,12673.810546875,0.03772917284148374,rmsse,1.5816638674272168
state_dept,3,AggregateElasticNet,AggregateElasticNet,CA__FOODS_3,1596,65,53976.66015625,0.16068527558535475,rmsse,1.1027316782615826
state_dept,3,AggregateElasticNet,AggregateElasticNet,CA__HOBBIES_1,1596,66,17082.150390625,0.050852535802740385,rmsse,1.3579041085165031
state_dept,3,AggregateElasticNet,AggregateElasticNet,CA__HOBBIES_2,1596,67,532.9600219726562,0.0015865899772002994,rmsse,5.695755186049738
state_dept,3,AggregateElasticNet,AggregateElasticNet,CA__HOUSEHOLD_1,1596,68,33890.94921875,0.10089132042071218,rmsse,1.155435401730796
state_dept,3,AggregateElasticNet,AggregateElasticNet,CA__HOUSEHOLD_2,1596,69,13360.5205078125,0.039773467153155294,rmsse,2.2585788536983036
state_dept,3,AggregateElasticNet,AggregateElasticNet,TX__FOODS_1,1596,70,3035.920166015625,0.009037752004648082,rmsse,2.564151369775605
state_dept,3,AggregateElasticNet,AggregateElasticNet,TX__FOODS_2,1596,71,17131.69921875,0.05100003968829295,rmsse,1.7449547369838974
state_dept,3,AggregateElasticNet,AggregateElasticNet,TX__FOODS_3,1596,72,32796.19921875,0.09763231541859002,rmsse,1.3778639810048847
state_dept,3,AggregateElasticNet,AggregateElasticNet,TX__HOBBIES_1,1596,73,14882.1806640625,0.04430335805130441,rmsse,1.4832903326031792
state_dept,3,AggregateElasticNet,AggregateElasticNet,TX__HOBBIES_2,1596,74,578.0599365234375,0.001720849714232753,rmsse,7.007225713402352
state_dept,3,AggregateElasticNet,AggregateElasticNet,TX__HOUSEHOLD_1,1596,75,28905.630859375,0.08605032707029008,rmsse,1.2664096219315508
state_dept,3,AggregateElasticNet,AggregateElasticNet,TX__HOUSEHOLD_2,1596,76,7684.439453125,0.022876114744224088,rmsse,2.5787199428195042
state_dept,3,AggregateElasticNet,AggregateElasticNet,WI__FOODS_1,1596,77,10737.1591796875,0.031963878031681686,rmsse,1.9628713154078277
state_dept,3,AggregateElasticNet,AggregateElasticNet,WI__FOODS_2,1596,78,10716.560546875,0.031902557138899945,rmsse,1.3177239383259498
state_dept,3,AggregateElasticNet,AggregateElasticNet,WI__FOODS_3,1596,79,29816.84765625,0.08876296474924268,rmsse,0.8627220977782307
state_dept,3,AggregateElasticNet,AggregateElasticNet,WI__HOBBIES_1,1596,80,8227.0400390625,0.024491404101360175,rmsse,1.4498133315043686
state_dept,3,AggregateElasticNet,AggregateElasticNet,WI__HOBBIES_2,1596,81,607.7999877929688,0.001809384060750928,rmsse,7.9384429429521575
state_dept,3,AggregateElasticNet,AggregateElasticNet,WI__HOUSEHOLD_1,1596,82,22438.740234375,0.06679878206453355,rmsse,1.1914305742853188
state_dept,3,AggregateElasticNet,AggregateElasticNet,WI__HOUSEHOLD_2,1596,83,4563.06005859375,0.01358395574874712,rmsse,4.312343036333481
state_dept,3,AggregateElasticNet,AggregateElasticNet,CA__FOODS_1,1512,0,10690.37890625,0.0314285961834405,mean_spl,0.2508911578600771
state_dept,3,AggregateElasticNet,AggregateElasticNet,CA__FOODS_2,1512,1,11042.0703125,0.032462532144471354,mean_spl,0.17606028884856995
state_dept,3,AggregateElasticNet,AggregateElasticNet,CA__FOODS_3,1512,2,59297.6171875,0.17432879428966014,mean_spl,0.10244426433517803
state_dept,3,AggregateElasticNet,AggregateElasticNet,CA__HOBBIES_1,1512,3,16501.859375,0.04851374110505905,mean_spl,0.16510844069841857
state_dept,3,AggregateElasticNet,AggregateElasticNet,CA__HOBBIES_2,1512,4,434.6900329589844,0.0012779432451030539,mean_spl,0.7938669955879945
state_dept,3,AggregateElasticNet,AggregateElasticNet,CA__HOUSEHOLD_1,1512,5,29146.7109375,0.08568828253548658,mean_spl,0.1480975450103365
state_dept,3,AggregateElasticNet,AggregateElasticNet,CA__HOUSEHOLD_2,1512,6,13427.1103515625,0.039474300476200826,mean_spl,0.2643854696786403
state_dept,3,AggregateElasticNet,AggregateElasticNet,TX__FOODS_1,1512,7,3156.840087890625,0.009280779774794174,mean_spl,0.3588534826074171
state_dept,3,AggregateElasticNet,AggregateElasticNet,TX__FOODS_2,1512,8,16051.3193359375,0.04718920049931041,mean_spl,0.24197607817944697
state_dept,3,AggregateElasticNet,AggregateElasticNet,TX__FOODS_3,1512,9,36718.19921875,0.10794766639698256,mean_spl,0.2006382730443505
state_dept,3,AggregateElasticNet,AggregateElasticNet,TX__HOBBIES_1,1512,10,14444.279296875,0.042464670818815414,mean_spl,0.22987045331681547
state_dept,3,AggregateElasticNet,AggregateElasticNet,TX__HOBBIES_2,1512,11,721.3800048828125,0.002120781785855632,mean_spl,0.944269127126738
state_dept,3,AggregateElasticNet,AggregateElasticNet,TX__HOUSEHOLD_1,1512,12,28868.6484375,0.08487080786008955,mean_spl,0.2267147604591002
state_dept,3,AggregateElasticNet,AggregateElasticNet,TX__HOUSEHOLD_2,1512,13,8715.099609375,0.025621481588587347,mean_spl,0.36058184362801254
state_dept,3,AggregateElasticNet,AggregateElasticNet,WI__FOODS_1,1512,14,9523.1796875,0.02799715252429438,mean_spl,0.2715919959750993
state_dept,3,AggregateElasticNet,AggregateElasticNet,WI__FOODS_2,1512,15,14241.740234375,0.04186922715283239,mean_spl,0.2836990693784147
state_dept,3,AggregateElasticNet,AggregateElasticNet,WI__FOODS_3,1512,16,31636.806640625,0.09300890353479298,mean_spl,0.19091763745766024
state_dept,3,AggregateElasticNet,AggregateElasticNet,WI__HOBBIES_1,1512,17,7993.810546875,0.023500967163828122,mean_spl,0.19118189264544996
state_dept,3,AggregateElasticNet,AggregateElasticNet,WI__HOBBIES_2,1512,18,668.18994140625,0.00196440856086179,mean_spl,0.9802250735894733
state_dept,3,AggregateElasticNet,AggregateElasticNet,WI__HOUSEHOLD_1,1512,19,21880.921875,0.06432762241277876,mean_spl,0.2962206648571339
state_dept,3,AggregateElasticNet,AggregateElasticNet,WI__HOUSEHOLD_2,1512,20,4987.2998046875,0.014662139946754997,mean_spl,0.4152712683276246
state_dept,3,AggregateElasticNet,AggregateElasticNet,CA__FOODS_1,1540,21,12192.9306640625,0.035410846416928064,mean_spl,0.28233495057900504
state_dept,3,AggregateElasticNet,AggregateElasticNet,CA__FOODS_2,1540,22,12227.5498046875,0.03551138771463028,mean_spl,0.41068689698693756
state_dept,3,AggregateElasticNet,AggregateElasticNet,CA__FOODS_3,1540,23,64847.46484375,0.1883307369964228,mean_spl,0.2756199662671042
state_dept,3,AggregateElasticNet,AggregateElasticNet,CA__HOBBIES_1,1540,24,16357.259765625,0.04750493784644838,mean_spl,0.16701392872440074
state_dept,3,AggregateElasticNet,AggregateElasticNet,CA__HOBBIES_2,1540,25,532.030029296875,0.001545127596940529,mean_spl,1.3095625279322713
state_dept,3,AggregateElasticNet,AggregateElasticNet,CA__HOUSEHOLD_1,1540,26,32217.75,0.09356715203109894,mean_spl,0.21686077204331033
state_dept,3,AggregateElasticNet,AggregateElasticNet,CA__HOUSEHOLD_2,1540,27,13982.7802734375,0.040608947790028105,mean_spl,0.34432631949207215
state_dept,3,AggregateElasticNet,AggregateElasticNet,TX__FOODS_1,1540,28,3069.800048828125,0.008915347840050164,mean_spl,0.6372348588527984
state_dept,3,AggregateElasticNet,AggregateElasticNet,TX__FOODS_2,1540,29,15332.8291015625,0.04452977478603431,mean_spl,0.314150681457798
state_dept,3,AggregateElasticNet,AggregateElasticNet,TX__FOODS_3,1540,30,37792.953125,0.10975871967319478,mean_spl,0.1266506051463272
state_dept,3,AggregateElasticNet,AggregateElasticNet,TX__HOBBIES_1,1540,31,13112.2109375,0.0380806305298446,mean_spl,0.4039708593634359
state_dept,3,AggregateElasticNet,AggregateElasticNet,TX__HOBBIES_2,1540,32,605.989990234375,0.0017599229476168861,mean_spl,1.626050878498961
state_dept,3,AggregateElasticNet,AggregateElasticNet,TX__HOUSEHOLD_1,1540,33,28408.98046875,0.08250568070607202,mean_spl,0.18962149577446322
state_dept,3,AggregateElasticNet,AggregateElasticNet,TX__HOUSEHOLD_2,1540,34,8188.3310546875,0.023780643175731208,mean_spl,0.5579413693665453
state_dept,3,AggregateElasticNet,AggregateElasticNet,WI__FOODS_1,1540,35,10300.3486328125,0.029914388388378746,mean_spl,0.3638506172273225
state_dept,3,AggregateElasticNet,AggregateElasticNet,WI__FOODS_2,1540,36,12159.419921875,0.03531352414243861,mean_spl,0.24820237866767203
state_dept,3,AggregateElasticNet,AggregateElasticNet,WI__FOODS_3,1540,37,29559.939453125,0.08584830873790462,mean_spl,0.1627113453104685
state_dept,3,AggregateElasticNet,AggregateElasticNet,WI__HOBBIES_1,1540,38,6916.42041015625,0.020086745971648723,mean_spl,0.35148183019525636
state_dept,3,AggregateElasticNet,AggregateElasticNet,WI__HOBBIES_2,1540,39,677.5800170898438,0.001967835509068139,mean_spl,1.4667375715459579
state_dept,3,AggregateElasticNet,AggregateElasticNet,WI__HOUSEHOLD_1,1540,40,20884.240234375,0.060652245456736094,mean_spl,0.2121391501312267
state_dept,3,AggregateElasticNet,AggregateElasticNet,WI__HOUSEHOLD_2,1540,41,4960.76025390625,0.014407095742783997,mean_spl,0.7365618474565684
state_dept,3,AggregateElasticNet,AggregateElasticNet,CA__FOODS_1,1568,42,11792.8583984375,0.033879275283905684,mean_spl,0.19694711867730394
state_dept,3,AggregateElasticNet,AggregateElasticNet,CA__FOODS_2,1568,43,13178.0,0.03785859836580953,mean_spl,0.21299773883618886
state_dept,3,AggregateElasticNet,AggregateElasticNet,CA__FOODS_3,1568,44,68112.484375,0.19567788660271682,mean_spl,0.46879451328871496
state_dept,3,AggregateElasticNet,AggregateElasticNet,CA__HOBBIES_1,1568,45,15952.5,0.04582935881245838,mean_spl,0.2001914284064835
state_dept,3,AggregateElasticNet,AggregateElasticNet,CA__HOBBIES_2,1568,46,463.7000427246094,0.0013321470389831313,mean_spl,0.851484419376787
state_dept,3,AggregateElasticNet,AggregateElasticNet,CA__HOUSEHOLD_1,1568,47,31119.90234375,0.08940323903591181,mean_spl,0.21226391176001813
state_dept,3,AggregateElasticNet,AggregateElasticNet,CA__HOUSEHOLD_2,1568,48,13990.599609375,0.04019308631872665,mean_spl,0.27359317615578377
state_dept,3,AggregateElasticNet,AggregateElasticNet,TX__FOODS_1,1568,49,3038.590087890625,0.008729455284245033,mean_spl,0.4164720200329999
state_dept,3,AggregateElasticNet,AggregateElasticNet,TX__FOODS_2,1568,50,15714.041015625,0.045144298642768595,mean_spl,0.19118989233624667
state_dept,3,AggregateElasticNet,AggregateElasticNet,TX__FOODS_3,1568,51,36016.30078125,0.10346992456363148,mean_spl,0.2709738892839663
state_dept,3,AggregateElasticNet,AggregateElasticNet,TX__HOBBIES_1,1568,52,12510.4501953125,0.03594081873727419,mean_spl,0.24675998943319322
state_dept,3,AggregateElasticNet,AggregateElasticNet,TX__HOBBIES_2,1568,53,777.6900024414062,0.002234197408979711,mean_spl,1.0644856891474368
state_dept,3,AggregateElasticNet,AggregateElasticNet,TX__HOUSEHOLD_1,1568,54,27891.490234375,0.08012845094908953,mean_spl,0.15820700795598067
state_dept,3,AggregateElasticNet,AggregateElasticNet,TX__HOUSEHOLD_2,1568,55,7838.919921875,0.022520148804371577,mean_spl,0.40362079191352734
state_dept,3,AggregateElasticNet,AggregateElasticNet,WI__FOODS_1,1568,56,11589.6806640625,0.03329557333804301,mean_spl,0.25770165652928667
state_dept,3,AggregateElasticNet,AggregateElasticNet,WI__FOODS_2,1568,57,11911.400390625,0.03421983027492932,mean_spl,0.2565676364709577
state_dept,3,AggregateElasticNet,AggregateElasticNet,WI__FOODS_3,1568,58,31646.720703125,0.09091671639813012,mean_spl,0.22098647149155115
state_dept,3,AggregateElasticNet,AggregateElasticNet,WI__HOBBIES_1,1568,59,7710.72998046875,0.022151876569871966,mean_spl,0.2074652610922786
state_dept,3,AggregateElasticNet,AggregateElasticNet,WI__HOBBIES_2,1568,60,602.1099853515625,0.0017297799444125257,mean_spl,0.9553736294755686
state_dept,3,AggregateElasticNet,AggregateElasticNet,WI__HOUSEHOLD_1,1568,61,21364.361328125,0.0613768989879737,mean_spl,0.20347730950186751
state_dept,3,AggregateElasticNet,AggregateElasticNet,WI__HOUSEHOLD_2,1568,62,4862.2001953125,0.013968438637767233,mean_spl,0.46036139807631826
state_dept,3,AggregateElasticNet,AggregateElasticNet,CA__FOODS_1,1596,63,12277.021484375,0.036547955632554883,mean_spl,0.3278823317381604
state_dept,3,AggregateElasticNet,AggregateElasticNet,CA__FOODS_2,1596,64,12673.810546875,0.03772917284148374,mean_spl,0.36953786260072796
state_dept,3,AggregateElasticNet,AggregateElasticNet,CA__FOODS_3,1596,65,53976.66015625,0.16068527558535475,mean_spl,0.448519669188003
state_dept,3,AggregateElasticNet,AggregateElasticNet,CA__HOBBIES_1,1596,66,17082.150390625,0.050852535802740385,mean_spl,0.3507727628074795
state_dept,3,AggregateElasticNet,AggregateElasticNet,CA__HOBBIES_2,1596,67,532.9600219726562,0.0015865899772002994,mean_spl,1.3912715123570412
state_dept,3,AggregateElasticNet,AggregateElasticNet,CA__HOUSEHOLD_1,1596,68,33890.94921875,0.10089132042071218,mean_spl,0.28830035953629624
state_dept,3,AggregateElasticNet,AggregateElasticNet,CA__HOUSEHOLD_2,1596,69,13360.5205078125,0.039773467153155294,mean_spl,0.5512804161876158
state_dept,3,AggregateElasticNet,AggregateElasticNet,TX__FOODS_1,1596,70,3035.920166015625,0.009037752004648082,mean_spl,0.6297472209759969
state_dept,3,AggregateElasticNet,AggregateElasticNet,TX__FOODS_2,1596,71,17131.69921875,0.05100003968829295,mean_spl,0.42714877600236845
state_dept,3,AggregateElasticNet,AggregateElasticNet,TX__FOODS_3,1596,72,32796.19921875,0.09763231541859002,mean_spl,0.37452871829961304
state_dept,3,AggregateElasticNet,AggregateElasticNet,TX__HOBBIES_1,1596,73,14882.1806640625,0.04430335805130441,mean_spl,0.36326109373524357
state_dept,3,AggregateElasticNet,AggregateElasticNet,TX__HOBBIES_2,1596,74,578.0599365234375,0.001720849714232753,mean_spl,1.662157910886517
state_dept,3,AggregateElasticNet,AggregateElasticNet,TX__HOUSEHOLD_1,1596,75,28905.630859375,0.08605032707029008,mean_spl,0.3322759671056458
state_dept,3,AggregateElasticNet,AggregateElasticNet,TX__HOUSEHOLD_2,1596,76,7684.439453125,0.022876114744224088,mean_spl,0.6220317752557947
state_dept,3,AggregateElasticNet,AggregateElasticNet,WI__FOODS_1,1596,77,10737.1591796875,0.031963878031681686,mean_spl,0.5001857250740103
state_dept,3,AggregateElasticNet,AggregateElasticNet,WI__FOODS_2,1596,78,10716.560546875,0.031902557138899945,mean_spl,0.3006872689899148
state_dept,3,AggregateElasticNet,AggregateElasticNet,WI__FOODS_3,1596,79,29816.84765625,0.08876296474924268,mean_spl,0.24286002299989537
state_dept,3,AggregateElasticNet,AggregateElasticNet,WI__HOBBIES_1,1596,80,8227.0400390625,0.024491404101360175,mean_spl,0.36650469492962245
state_dept,3,AggregateElasticNet,AggregateElasticNet,WI__HOBBIES_2,1596,81,607.7999877929688,0.001809384060750928,mean_spl,1.9201501940974524
state_dept,3,AggregateElasticNet,AggregateElasticNet,WI__HOUSEHOLD_1,1596,82,22438.740234375,0.06679878206453355,mean_spl,0.3403611125771856
state_dept,3,AggregateElasticNet,AggregateElasticNet,WI__HOUSEHOLD_2,1596,83,4563.06005859375,0.01358395574874712,mean_spl,1.009991614509654
state_dept,3,AggregateHistGB,AggregateHistGB,CA__FOODS_1,1512,0,10690.37890625,0.0314285961834405,rmsse,1.0661596490553753
state_dept,3,AggregateHistGB,AggregateHistGB,CA__FOODS_2,1512,1,11042.0703125,0.032462532144471354,rmsse,0.7063820533050528
state_dept,3,AggregateHistGB,AggregateHistGB,CA__FOODS_3,1512,2,59297.6171875,0.17432879428966014,rmsse,0.7326676851337383
state_dept,3,AggregateHistGB,AggregateHistGB,CA__HOBBIES_1,1512,3,16501.859375,0.04851374110505905,rmsse,0.6448929052918752
state_dept,3,AggregateHistGB,AggregateHistGB,CA__HOBBIES_2,1512,4,434.6900329589844,0.0012779432451030539,rmsse,1.0247657344574157
state_dept,3,AggregateHistGB,AggregateHistGB,CA__HOUSEHOLD_1,1512,5,29146.7109375,0.08568828253548658,rmsse,0.661686389332997
state_dept,3,AggregateHistGB,AggregateHistGB,CA__HOUSEHOLD_2,1512,6,13427.1103515625,0.039474300476200826,rmsse,0.8934221690992858
state_dept,3,AggregateHistGB,AggregateHistGB,TX__FOODS_1,1512,7,3156.840087890625,0.009280779774794174,rmsse,1.1263742170378674
state_dept,3,AggregateHistGB,AggregateHistGB,TX__FOODS_2,1512,8,16051.3193359375,0.04718920049931041,rmsse,1.1195157975780083
state_dept,3,AggregateHistGB,AggregateHistGB,TX__FOODS_3,1512,9,36718.19921875,0.10794766639698256,rmsse,0.6484595007078664
state_dept,3,AggregateHistGB,AggregateHistGB,TX__HOBBIES_1,1512,10,14444.279296875,0.042464670818815414,rmsse,0.6711467318836564
state_dept,3,AggregateHistGB,AggregateHistGB,TX__HOBBIES_2,1512,11,721.3800048828125,0.002120781785855632,rmsse,0.9776867765152679
state_dept,3,AggregateHistGB,AggregateHistGB,TX__HOUSEHOLD_1,1512,12,28868.6484375,0.08487080786008955,rmsse,0.8808743945427158
state_dept,3,AggregateHistGB,AggregateHistGB,TX__HOUSEHOLD_2,1512,13,8715.099609375,0.025621481588587347,rmsse,0.9282550387105954
state_dept,3,AggregateHistGB,AggregateHistGB,WI__FOODS_1,1512,14,9523.1796875,0.02799715252429438,rmsse,1.0246552955076353
state_dept,3,AggregateHistGB,AggregateHistGB,WI__FOODS_2,1512,15,14241.740234375,0.04186922715283239,rmsse,1.2260969501794585
state_dept,3,AggregateHistGB,AggregateHistGB,WI__FOODS_3,1512,16,31636.806640625,0.09300890353479298,rmsse,0.7521276382353512
state_dept,3,AggregateHistGB,AggregateHistGB,WI__HOBBIES_1,1512,17,7993.810546875,0.023500967163828122,rmsse,0.6572138352684009
state_dept,3,AggregateHistGB,AggregateHistGB,WI__HOBBIES_2,1512,18,668.18994140625,0.00196440856086179,rmsse,0.8232809050786932
state_dept,3,AggregateHistGB,AggregateHistGB,WI__HOUSEHOLD_1,1512,19,21880.921875,0.06432762241277876,rmsse,1.2183877381837893
state_dept,3,AggregateHistGB,AggregateHistGB,WI__HOUSEHOLD_2,1512,20,4987.2998046875,0.014662139946754997,rmsse,0.6489456332702874
state_dept,3,AggregateHistGB,AggregateHistGB,CA__FOODS_1,1540,21,12192.9306640625,0.035410846416928064,rmsse,0.5933037587856247
state_dept,3,AggregateHistGB,AggregateHistGB,CA__FOODS_2,1540,22,12227.5498046875,0.03551138771463028,rmsse,0.7816763212701694
state_dept,3,AggregateHistGB,AggregateHistGB,CA__FOODS_3,1540,23,64847.46484375,0.1883307369964228,rmsse,0.7161637273305929
state_dept,3,AggregateHistGB,AggregateHistGB,CA__HOBBIES_1,1540,24,16357.259765625,0.04750493784644838,rmsse,0.5332214024118985
state_dept,3,AggregateHistGB,AggregateHistGB,CA__HOBBIES_2,1540,25,532.030029296875,0.001545127596940529,rmsse,0.9318887738608106
state_dept,3,AggregateHistGB,AggregateHistGB,CA__HOUSEHOLD_1,1540,26,32217.75,0.09356715203109894,rmsse,0.7208288460636997
state_dept,3,AggregateHistGB,AggregateHistGB,CA__HOUSEHOLD_2,1540,27,13982.7802734375,0.040608947790028105,rmsse,0.7213787392246565
state_dept,3,AggregateHistGB,AggregateHistGB,TX__FOODS_1,1540,28,3069.800048828125,0.008915347840050164,rmsse,0.8004449837357178
state_dept,3,AggregateHistGB,AggregateHistGB,TX__FOODS_2,1540,29,15332.8291015625,0.04452977478603431,rmsse,0.7677625058264009
state_dept,3,AggregateHistGB,AggregateHistGB,TX__FOODS_3,1540,30,37792.953125,0.10975871967319478,rmsse,0.6707405297381015
state_dept,3,AggregateHistGB,AggregateHistGB,TX__HOBBIES_1,1540,31,13112.2109375,0.0380806305298446,rmsse,0.8457514928978871
state_dept,3,AggregateHistGB,AggregateHistGB,TX__HOBBIES_2,1540,32,605.989990234375,0.0017599229476168861,rmsse,1.1830145300163215
state_dept,3,AggregateHistGB,AggregateHistGB,TX__HOUSEHOLD_1,1540,33,28408.98046875,0.08250568070607202,rmsse,0.770583421196926
state_dept,3,AggregateHistGB,AggregateHistGB,TX__HOUSEHOLD_2,1540,34,8188.3310546875,0.023780643175731208,rmsse,0.6444851999729112
state_dept,3,AggregateHistGB,AggregateHistGB,WI__FOODS_1,1540,35,10300.3486328125,0.029914388388378746,rmsse,1.0841801330717125
state_dept,3,AggregateHistGB,AggregateHistGB,WI__FOODS_2,1540,36,12159.419921875,0.03531352414243861,rmsse,0.9046653121322143
state_dept,3,AggregateHistGB,AggregateHistGB,WI__FOODS_3,1540,37,29559.939453125,0.08584830873790462,rmsse,0.5843109638279664
state_dept,3,AggregateHistGB,AggregateHistGB,WI__HOBBIES_1,1540,38,6916.42041015625,0.020086745971648723,rmsse,0.6975137076341463
state_dept,3,AggregateHistGB,AggregateHistGB,WI__HOBBIES_2,1540,39,677.5800170898438,0.001967835509068139,rmsse,1.028363869419195
state_dept,3,AggregateHistGB,AggregateHistGB,WI__HOUSEHOLD_1,1540,40,20884.240234375,0.060652245456736094,rmsse,1.0075502889885453
state_dept,3,AggregateHistGB,AggregateHistGB,WI__HOUSEHOLD_2,1540,41,4960.76025390625,0.014407095742783997,rmsse,0.8542097700286426
state_dept,3,AggregateHistGB,AggregateHistGB,CA__FOODS_1,1568,42,11792.8583984375,0.033879275283905684,rmsse,0.7930511073635733
state_dept,3,AggregateHistGB,AggregateHistGB,CA__FOODS_2,1568,43,13178.0,0.03785859836580953,rmsse,0.7929086440754085
state_dept,3,AggregateHistGB,AggregateHistGB,CA__FOODS_3,1568,44,68112.484375,0.19567788660271682,rmsse,1.0770822121672052
state_dept,3,AggregateHistGB,AggregateHistGB,CA__HOBBIES_1,1568,45,15952.5,0.04582935881245838,rmsse,0.6401401894060262
state_dept,3,AggregateHistGB,AggregateHistGB,CA__HOBBIES_2,1568,46,463.7000427246094,0.0013321470389831313,rmsse,0.6877925112141744
state_dept,3,AggregateHistGB,AggregateHistGB,CA__HOUSEHOLD_1,1568,47,31119.90234375,0.08940323903591181,rmsse,0.8075755597651467
state_dept,3,AggregateHistGB,AggregateHistGB,CA__HOUSEHOLD_2,1568,48,13990.599609375,0.04019308631872665,rmsse,0.7574651132056192
state_dept,3,AggregateHistGB,AggregateHistGB,TX__FOODS_1,1568,49,3038.590087890625,0.008729455284245033,rmsse,0.7265891883876522
state_dept,3,AggregateHistGB,AggregateHistGB,TX__FOODS_2,1568,50,15714.041015625,0.045144298642768595,rmsse,0.8403752772574372
state_dept,3,AggregateHistGB,AggregateHistGB,TX__FOODS_3,1568,51,36016.30078125,0.10346992456363148,rmsse,0.83101131187114
state_dept,3,AggregateHistGB,AggregateHistGB,TX__HOBBIES_1,1568,52,12510.4501953125,0.03594081873727419,rmsse,0.6564642194000416
state_dept,3,AggregateHistGB,AggregateHistGB,TX__HOBBIES_2,1568,53,777.6900024414062,0.002234197408979711,rmsse,1.1761714153843408
state_dept,3,AggregateHistGB,AggregateHistGB,TX__HOUSEHOLD_1,1568,54,27891.490234375,0.08012845094908953,rmsse,0.5593174849010938
state_dept,3,AggregateHistGB,AggregateHistGB,TX__HOUSEHOLD_2,1568,55,7838.919921875,0.022520148804371577,rmsse,0.7785201967773909
state_dept,3,AggregateHistGB,AggregateHistGB,WI__FOODS_1,1568,56,11589.6806640625,0.03329557333804301,rmsse,1.028033972500438
state_dept,3,AggregateHistGB,AggregateHistGB,WI__FOODS_2,1568,57,11911.400390625,0.03421983027492932,rmsse,1.0388791006824223
state_dept,3,AggregateHistGB,AggregateHistGB,WI__FOODS_3,1568,58,31646.720703125,0.09091671639813012,rmsse,0.6892351860458538
state_dept,3,AggregateHistGB,AggregateHistGB,WI__HOBBIES_1,1568,59,7710.72998046875,0.022151876569871966,rmsse,0.7002048660091643
state_dept,3,AggregateHistGB,AggregateHistGB,WI__HOBBIES_2,1568,60,602.1099853515625,0.0017297799444125257,rmsse,0.7788238412399969
state_dept,3,AggregateHistGB,AggregateHistGB,WI__HOUSEHOLD_1,1568,61,21364.361328125,0.0613768989879737,rmsse,0.870405057430479
state_dept,3,AggregateHistGB,AggregateHistGB,WI__HOUSEHOLD_2,1568,62,4862.2001953125,0.013968438637767233,rmsse,0.7777471890801225
state_dept,3,AggregateHistGB,AggregateHistGB,CA__FOODS_1,1596,63,12277.021484375,0.036547955632554883,rmsse,0.7550216077945371
state_dept,3,AggregateHistGB,AggregateHistGB,CA__FOODS_2,1596,64,12673.810546875,0.03772917284148374,rmsse,1.0448869155665748
state_dept,3,AggregateHistGB,AggregateHistGB,CA__FOODS_3,1596,65,53976.66015625,0.16068527558535475,rmsse,0.97643929295583
state_dept,3,AggregateHistGB,AggregateHistGB,CA__HOBBIES_1,1596,66,17082.150390625,0.050852535802740385,rmsse,0.7836032141859506
state_dept,3,AggregateHistGB,AggregateHistGB,CA__HOBBIES_2,1596,67,532.9600219726562,0.0015865899772002994,rmsse,0.6569061254563792
state_dept,3,AggregateHistGB,AggregateHistGB,CA__HOUSEHOLD_1,1596,68,33890.94921875,0.10089132042071218,rmsse,1.1477809974275808
state_dept,3,AggregateHistGB,AggregateHistGB,CA__HOUSEHOLD_2,1596,69,13360.5205078125,0.039773467153155294,rmsse,0.9911764360898115
state_dept,3,AggregateHistGB,AggregateHistGB,TX__FOODS_1,1596,70,3035.920166015625,0.009037752004648082,rmsse,0.8819453661489604
state_dept,3,AggregateHistGB,AggregateHistGB,TX__FOODS_2,1596,71,17131.69921875,0.05100003968829295,rmsse,1.3317056935836378
state_dept,3,AggregateHistGB,AggregateHistGB,TX__FOODS_3,1596,72,32796.19921875,0.09763231541859002,rmsse,1.2400567665174174
state_dept,3,AggregateHistGB,AggregateHistGB,TX__HOBBIES_1,1596,73,14882.1806640625,0.04430335805130441,rmsse,0.8367326100188688
state_dept,3,AggregateHistGB,AggregateHistGB,TX__HOBBIES_2,1596,74,578.0599365234375,0.001720849714232753,rmsse,1.1294146743034021
state_dept,3,AggregateHistGB,AggregateHistGB,TX__HOUSEHOLD_1,1596,75,28905.630859375,0.08605032707029008,rmsse,0.7801217974925435
state_dept,3,AggregateHistGB,AggregateHistGB,TX__HOUSEHOLD_2,1596,76,7684.439453125,0.022876114744224088,rmsse,1.067815839405644
state_dept,3,AggregateHistGB,AggregateHistGB,WI__FOODS_1,1596,77,10737.1591796875,0.031963878031681686,rmsse,0.851083876557106
state_dept,3,AggregateHistGB,AggregateHistGB,WI__FOODS_2,1596,78,10716.560546875,0.031902557138899945,rmsse,0.9746839415763946
state_dept,3,AggregateHistGB,AggregateHistGB,WI__FOODS_3,1596,79,29816.84765625,0.08876296474924268,rmsse,0.6851656086476272
state_dept,3,AggregateHistGB,AggregateHistGB,WI__HOBBIES_1,1596,80,8227.0400390625,0.024491404101360175,rmsse,0.8379522180964036
state_dept,3,AggregateHistGB,AggregateHistGB,WI__HOBBIES_2,1596,81,607.7999877929688,0.001809384060750928,rmsse,0.9646675704468649
state_dept,3,AggregateHistGB,AggregateHistGB,WI__HOUSEHOLD_1,1596,82,22438.740234375,0.06679878206453355,rmsse,1.419294851285022
state_dept,3,AggregateHistGB,AggregateHistGB,WI__HOUSEHOLD_2,1596,83,4563.06005859375,0.01358395574874712,rmsse,0.8357945524027053
state_dept,3,AggregateHistGB,AggregateHistGB,CA__FOODS_1,1512,0,10690.37890625,0.0314285961834405,mean_spl,0.3046809410541139
state_dept,3,AggregateHistGB,AggregateHistGB,CA__FOODS_2,1512,1,11042.0703125,0.032462532144471354,mean_spl,0.18115105180401256
state_dept,3,AggregateHistGB,AggregateHistGB,CA__FOODS_3,1512,2,59297.6171875,0.17432879428966014,mean_spl,0.34420533091086475
state_dept,3,AggregateHistGB,AggregateHistGB,CA__HOBBIES_1,1512,3,16501.859375,0.04851374110505905,mean_spl,0.17499761074916328
state_dept,3,AggregateHistGB,AggregateHistGB,CA__HOBBIES_2,1512,4,434.6900329589844,0.0012779432451030539,mean_spl,0.33158314828380947
state_dept,3,AggregateHistGB,AggregateHistGB,CA__HOUSEHOLD_1,1512,5,29146.7109375,0.08568828253548658,mean_spl,0.20070098503261904
state_dept,3,AggregateHistGB,AggregateHistGB,CA__HOUSEHOLD_2,1512,6,13427.1103515625,0.039474300476200826,mean_spl,0.2379451368232209
state_dept,3,AggregateHistGB,AggregateHistGB,TX__FOODS_1,1512,7,3156.840087890625,0.009280779774794174,mean_spl,0.24822244737583532
state_dept,3,AggregateHistGB,AggregateHistGB,TX__FOODS_2,1512,8,16051.3193359375,0.04718920049931041,mean_spl,0.3155091402170715
state_dept,3,AggregateHistGB,AggregateHistGB,TX__FOODS_3,1512,9,36718.19921875,0.10794766639698256,mean_spl,0.2253775056024564
state_dept,3,AggregateHistGB,AggregateHistGB,TX__HOBBIES_1,1512,10,14444.279296875,0.042464670818815414,mean_spl,0.18090911513164046
state_dept,3,AggregateHistGB,AggregateHistGB,TX__HOBBIES_2,1512,11,721.3800048828125,0.002120781785855632,mean_spl,0.37146956574841594
state_dept,3,AggregateHistGB,AggregateHistGB,TX__HOUSEHOLD_1,1512,12,28868.6484375,0.08487080786008955,mean_spl,0.29670561304521265
state_dept,3,AggregateHistGB,AggregateHistGB,TX__HOUSEHOLD_2,1512,13,8715.099609375,0.025621481588587347,mean_spl,0.23225004352190803
state_dept,3,AggregateHistGB,AggregateHistGB,WI__FOODS_1,1512,14,9523.1796875,0.02799715252429438,mean_spl,0.31153712496312075
state_dept,3,AggregateHistGB,AggregateHistGB,WI__FOODS_2,1512,15,14241.740234375,0.04186922715283239,mean_spl,0.3754408398212396
state_dept,3,AggregateHistGB,AggregateHistGB,WI__FOODS_3,1512,16,31636.806640625,0.09300890353479298,mean_spl,0.299085082732714
state_dept,3,AggregateHistGB,AggregateHistGB,WI__HOBBIES_1,1512,17,7993.810546875,0.023500967163828122,mean_spl,0.17842723161595575
state_dept,3,AggregateHistGB,AggregateHistGB,WI__HOBBIES_2,1512,18,668.18994140625,0.00196440856086179,mean_spl,0.33973884333146814
state_dept,3,AggregateHistGB,AggregateHistGB,WI__HOUSEHOLD_1,1512,19,21880.921875,0.06432762241277876,mean_spl,0.3982375510812601
state_dept,3,AggregateHistGB,AggregateHistGB,WI__HOUSEHOLD_2,1512,20,4987.2998046875,0.014662139946754997,mean_spl,0.1877759979384826
state_dept,3,AggregateHistGB,AggregateHistGB,CA__FOODS_1,1540,21,12192.9306640625,0.035410846416928064,mean_spl,0.16354162785609397
state_dept,3,AggregateHistGB,AggregateHistGB,CA__FOODS_2,1540,22,12227.5498046875,0.03551138771463028,mean_spl,0.20496493990479162
state_dept,3,AggregateHistGB,AggregateHistGB,CA__FOODS_3,1540,23,64847.46484375,0.1883307369964228,mean_spl,0.3383648177581455
state_dept,3,AggregateHistGB,AggregateHistGB,CA__HOBBIES_1,1540,24,16357.259765625,0.04750493784644838,mean_spl,0.13485317610128422
state_dept,3,AggregateHistGB,AggregateHistGB,CA__HOBBIES_2,1540,25,532.030029296875,0.001545127596940529,mean_spl,0.3117056078156876
state_dept,3,AggregateHistGB,AggregateHistGB,CA__HOUSEHOLD_1,1540,26,32217.75,0.09356715203109894,mean_spl,0.2246336697948982
state_dept,3,AggregateHistGB,AggregateHistGB,CA__HOUSEHOLD_2,1540,27,13982.7802734375,0.040608947790028105,mean_spl,0.1900979473012913
state_dept,3,AggregateHistGB,AggregateHistGB,TX__FOODS_1,1540,28,3069.800048828125,0.008915347840050164,mean_spl,0.20805234373019643
state_dept,3,AggregateHistGB,AggregateHistGB,TX__FOODS_2,1540,29,15332.8291015625,0.04452977478603431,mean_spl,0.19719766026950566
state_dept,3,AggregateHistGB,AggregateHistGB,TX__FOODS_3,1540,30,37792.953125,0.10975871967319478,mean_spl,0.25948770398592175
state_dept,3,AggregateHistGB,AggregateHistGB,TX__HOBBIES_1,1540,31,13112.2109375,0.0380806305298446,mean_spl,0.2306091520645337
state_dept,3,AggregateHistGB,AggregateHistGB,TX__HOBBIES_2,1540,32,605.989990234375,0.0017599229476168861,mean_spl,0.3939482689425693
state_dept,3,AggregateHistGB,AggregateHistGB,TX__HOUSEHOLD_1,1540,33,28408.98046875,0.08250568070607202,mean_spl,0.2419713792398783
state_dept,3,AggregateHistGB,AggregateHistGB,TX__HOUSEHOLD_2,1540,34,8188.3310546875,0.023780643175731208,mean_spl,0.16951987933071033
state_dept,3,AggregateHistGB,AggregateHistGB,WI__FOODS_1,1540,35,10300.3486328125,0.029914388388378746,mean_spl,0.3157228646594864
state_dept,3,AggregateHistGB,AggregateHistGB,WI__FOODS_2,1540,36,12159.419921875,0.03531352414243861,mean_spl,0.26417692020463407
state_dept,3,AggregateHistGB,AggregateHistGB,WI__FOODS_3,1540,37,29559.939453125,0.08584830873790462,mean_spl,0.21900407010233794
state_dept,3,AggregateHistGB,AggregateHistGB,WI__HOBBIES_1,1540,38,6916.42041015625,0.020086745971648723,mean_spl,0.19031242413583094
state_dept,3,AggregateHistGB,AggregateHistGB,WI__HOBBIES_2,1540,39,677.5800170898438,0.001967835509068139,mean_spl,0.35428865156565725
state_dept,3,AggregateHistGB,AggregateHistGB,WI__HOUSEHOLD_1,1540,40,20884.240234375,0.060652245456736094,mean_spl,0.3138599191173659
state_dept,3,AggregateHistGB,AggregateHistGB,WI__HOUSEHOLD_2,1540,41,4960.76025390625,0.014407095742783997,mean_spl,0.2255403308609366
state_dept,3,AggregateHistGB,AggregateHistGB,CA__FOODS_1,1568,42,11792.8583984375,0.033879275283905684,mean_spl,0.21777991076049732
state_dept,3,AggregateHistGB,AggregateHistGB,CA__FOODS_2,1568,43,13178.0,0.03785859836580953,mean_spl,0.2096173377078024
state_dept,3,AggregateHistGB,AggregateHistGB,CA__FOODS_3,1568,44,68112.484375,0.19567788660271682,mean_spl,0.578936788630622
state_dept,3,AggregateHistGB,AggregateHistGB,CA__HOBBIES_1,1568,45,15952.5,0.04582935881245838,mean_spl,0.17875093954802054
state_dept,3,AggregateHistGB,AggregateHistGB,CA__HOBBIES_2,1568,46,463.7000427246094,0.0013321470389831313,mean_spl,0.28541703672782304
state_dept,3,AggregateHistGB,AggregateHistGB,CA__HOUSEHOLD_1,1568,47,31119.90234375,0.08940323903591181,mean_spl,0.24048855526331106
state_dept,3,AggregateHistGB,AggregateHistGB,CA__HOUSEHOLD_2,1568,48,13990.599609375,0.04019308631872665,mean_spl,0.1915271748428405
state_dept,3,AggregateHistGB,AggregateHistGB,TX__FOODS_1,1568,49,3038.590087890625,0.008729455284245033,mean_spl,0.19021153499204024
state_dept,3,AggregateHistGB,AggregateHistGB,TX__FOODS_2,1568,50,15714.041015625,0.045144298642768595,mean_spl,0.21733067756585467
state_dept,3,AggregateHistGB,AggregateHistGB,TX__FOODS_3,1568,51,36016.30078125,0.10346992456363148,mean_spl,0.3113817837137172
state_dept,3,AggregateHistGB,AggregateHistGB,TX__HOBBIES_1,1568,52,12510.4501953125,0.03594081873727419,mean_spl,0.17207212575348796
state_dept,3,AggregateHistGB,AggregateHistGB,TX__HOBBIES_2,1568,53,777.6900024414062,0.002234197408979711,mean_spl,0.3726374118910437
state_dept,3,AggregateHistGB,AggregateHistGB,TX__HOUSEHOLD_1,1568,54,27891.490234375,0.08012845094908953,mean_spl,0.15861164831256888
state_dept,3,AggregateHistGB,AggregateHistGB,TX__HOUSEHOLD_2,1568,55,7838.919921875,0.022520148804371577,mean_spl,0.1867376334709184
state_dept,3,AggregateHistGB,AggregateHistGB,WI__FOODS_1,1568,56,11589.6806640625,0.03329557333804301,mean_spl,0.2837454142163075
state_dept,3,AggregateHistGB,AggregateHistGB,WI__FOODS_2,1568,57,11911.400390625,0.03421983027492932,mean_spl,0.31705514807662927
state_dept,3,AggregateHistGB,AggregateHistGB,WI__FOODS_3,1568,58,31646.720703125,0.09091671639813012,mean_spl,0.2877526150216774
state_dept,3,AggregateHistGB,AggregateHistGB,WI__HOBBIES_1,1568,59,7710.72998046875,0.022151876569871966,mean_spl,0.18186630003340204
state_dept,3,AggregateHistGB,AggregateHistGB,WI__HOBBIES_2,1568,60,602.1099853515625,0.0017297799444125257,mean_spl,0.3258625747772068
state_dept,3,AggregateHistGB,AggregateHistGB,WI__HOUSEHOLD_1,1568,61,21364.361328125,0.0613768989879737,mean_spl,0.27579672153367096
state_dept,3,AggregateHistGB,AggregateHistGB,WI__HOUSEHOLD_2,1568,62,4862.2001953125,0.013968438637767233,mean_spl,0.20601364557198698
state_dept,3,AggregateHistGB,AggregateHistGB,CA__FOODS_1,1596,63,12277.021484375,0.036547955632554883,mean_spl,0.21121443046341717
state_dept,3,AggregateHistGB,AggregateHistGB,CA__FOODS_2,1596,64,12673.810546875,0.03772917284148374,mean_spl,0.26476462730474143
state_dept,3,AggregateHistGB,AggregateHistGB,CA__FOODS_3,1596,65,53976.66015625,0.16068527558535475,mean_spl,0.49951834525745376
state_dept,3,AggregateHistGB,AggregateHistGB,CA__HOBBIES_1,1596,66,17082.150390625,0.050852535802740385,mean_spl,0.22271898517719485
state_dept,3,AggregateHistGB,AggregateHistGB,CA__HOBBIES_2,1596,67,532.9600219726562,0.0015865899772002994,mean_spl,0.27332119789078646
state_dept,3,AggregateHistGB,AggregateHistGB,CA__HOUSEHOLD_1,1596,68,33890.94921875,0.10089132042071218,mean_spl,0.3932848084146876
state_dept,3,AggregateHistGB,AggregateHistGB,CA__HOUSEHOLD_2,1596,69,13360.5205078125,0.039773467153155294,mean_spl,0.25347048272013545
state_dept,3,AggregateHistGB,AggregateHistGB,TX__FOODS_1,1596,70,3035.920166015625,0.009037752004648082,mean_spl,0.22935244868523214
state_dept,3,AggregateHistGB,AggregateHistGB,TX__FOODS_2,1596,71,17131.69921875,0.05100003968829295,mean_spl,0.3511896783942943
state_dept,3,AggregateHistGB,AggregateHistGB,TX__FOODS_3,1596,72,32796.19921875,0.09763231541859002,mean_spl,0.387979150658972
state_dept,3,AggregateHistGB,AggregateHistGB,TX__HOBBIES_1,1596,73,14882.1806640625,0.04430335805130441,mean_spl,0.22499159596366183
state_dept,3,AggregateHistGB,AggregateHistGB,TX__HOBBIES_2,1596,74,578.0599365234375,0.001720849714232753,mean_spl,0.3783924787526674
state_dept,3,AggregateHistGB,AggregateHistGB,TX__HOUSEHOLD_1,1596,75,28905.630859375,0.08605032707029008,mean_spl,0.22141514696291995
state_dept,3,AggregateHistGB,AggregateHistGB,TX__HOUSEHOLD_2,1596,76,7684.439453125,0.022876114744224088,mean_spl,0.2687368967475289
state_dept,3,AggregateHistGB,AggregateHistGB,WI__FOODS_1,1596,77,10737.1591796875,0.031963878031681686,mean_spl,0.2361876102420259
state_dept,3,AggregateHistGB,AggregateHistGB,WI__FOODS_2,1596,78,10716.560546875,0.031902557138899945,mean_spl,0.286204636307161
state_dept,3,AggregateHistGB,AggregateHistGB,WI__FOODS_3,1596,79,29816.84765625,0.08876296474924268,mean_spl,0.24760215660708795
state_dept,3,AggregateHistGB,AggregateHistGB,WI__HOBBIES_1,1596,80,8227.0400390625,0.024491404101360175,mean_spl,0.22886136526740242
state_dept,3,AggregateHistGB,AggregateHistGB,WI__HOBBIES_2,1596,81,607.7999877929688,0.001809384060750928,mean_spl,0.34477837009315176
state_dept,3,AggregateHistGB,AggregateHistGB,WI__HOUSEHOLD_1,1596,82,22438.740234375,0.06679878206453355,mean_spl,0.5159738978111731
state_dept,3,AggregateHistGB,AggregateHistGB,WI__HOUSEHOLD_2,1596,83,4563.06005859375,0.01358395574874712,mean_spl,0.21944520759485
state_dept,3,ChildSummaryElasticNet,ChildSummaryElasticNet,CA__FOODS_1,1512,0,10690.37890625,0.0314285961834405,rmsse,1.0192994015994103
state_dept,3,ChildSummaryElasticNet,ChildSummaryElasticNet,CA__FOODS_2,1512,1,11042.0703125,0.032462532144471354,rmsse,0.6963088091990584
state_dept,3,ChildSummaryElasticNet,ChildSummaryElasticNet,CA__FOODS_3,1512,2,59297.6171875,0.17432879428966014,rmsse,0.37676945991722116
state_dept,3,ChildSummaryElasticNet,ChildSummaryElasticNet,CA__HOBBIES_1,1512,3,16501.859375,0.04851374110505905,rmsse,0.6660804866076101
state_dept,3,ChildSummaryElasticNet,ChildSummaryElasticNet,CA__HOBBIES_2,1512,4,434.6900329589844,0.0012779432451030539,rmsse,2.6984893366410887
state_dept,3,ChildSummaryElasticNet,ChildSummaryElasticNet,CA__HOUSEHOLD_1,1512,5,29146.7109375,0.08568828253548658,rmsse,0.5351721507378605
state_dept,3,ChildSummaryElasticNet,ChildSummaryElasticNet,CA__HOUSEHOLD_2,1512,6,13427.1103515625,0.039474300476200826,rmsse,2.3109192779234293
state_dept,3,ChildSummaryElasticNet,ChildSummaryElasticNet,TX__FOODS_1,1512,7,3156.840087890625,0.009280779774794174,rmsse,1.5698351793738912
state_dept,3,ChildSummaryElasticNet,ChildSummaryElasticNet,TX__FOODS_2,1512,8,16051.3193359375,0.04718920049931041,rmsse,1.0074439478659962
state_dept,3,ChildSummaryElasticNet,ChildSummaryElasticNet,TX__FOODS_3,1512,9,36718.19921875,0.10794766639698256,rmsse,0.7516496085048163
state_dept,3,ChildSummaryElasticNet,ChildSummaryElasticNet,TX__HOBBIES_1,1512,10,14444.279296875,0.042464670818815414,rmsse,0.9278055168660893
state_dept,3,ChildSummaryElasticNet,ChildSummaryElasticNet,TX__HOBBIES_2,1512,11,721.3800048828125,0.002120781785855632,rmsse,3.8381114858201375
state_dept,3,ChildSummaryElasticNet,ChildSummaryElasticNet,TX__HOUSEHOLD_1,1512,12,28868.6484375,0.08487080786008955,rmsse,0.9581020966203635
state_dept,3,ChildSummaryElasticNet,ChildSummaryElasticNet,TX__HOUSEHOLD_2,1512,13,8715.099609375,0.025621481588587347,rmsse,2.0949667860200067
state_dept,3,ChildSummaryElasticNet,ChildSummaryElasticNet,WI__FOODS_1,1512,14,9523.1796875,0.02799715252429438,rmsse,1.0254962027946515
state_dept,3,ChildSummaryElasticNet,ChildSummaryElasticNet,WI__FOODS_2,1512,15,14241.740234375,0.04186922715283239,rmsse,1.1747405405962856
state_dept,3,ChildSummaryElasticNet,ChildSummaryElasticNet,WI__FOODS_3,1512,16,31636.806640625,0.09300890353479298,rmsse,0.6067126767185297
state_dept,3,ChildSummaryElasticNet,ChildSummaryElasticNet,WI__HOBBIES_1,1512,17,7993.810546875,0.023500967163828122,rmsse,0.8200841289806878
state_dept,3,ChildSummaryElasticNet,ChildSummaryElasticNet,WI__HOBBIES_2,1512,18,668.18994140625,0.00196440856086179,rmsse,4.422460549802519
state_dept,3,ChildSummaryElasticNet,ChildSummaryElasticNet,WI__HOUSEHOLD_1,1512,19,21880.921875,0.06432762241277876,rmsse,1.2675510062080695
state_dept,3,ChildSummaryElasticNet,ChildSummaryElasticNet,WI__HOUSEHOLD_2,1512,20,4987.2998046875,0.014662139946754997,rmsse,2.3801816793144677
state_dept,3,ChildSummaryElasticNet,ChildSummaryElasticNet,CA__FOODS_1,1540,21,12192.9306640625,0.035410846416928064,rmsse,1.6174778656809239
state_dept,3,ChildSummaryElasticNet,ChildSummaryElasticNet,CA__FOODS_2,1540,22,12227.5498046875,0.03551138771463028,rmsse,1.9119878406816098
state_dept,3,ChildSummaryElasticNet,ChildSummaryElasticNet,CA__FOODS_3,1540,23,64847.46484375,0.1883307369964228,rmsse,0.7770480331281547
state_dept,3,ChildSummaryElasticNet,ChildSummaryElasticNet,CA__HOBBIES_1,1540,24,16357.259765625,0.04750493784644838,rmsse,1.0401332767912725
state_dept,3,ChildSummaryElasticNet,ChildSummaryElasticNet,CA__HOBBIES_2,1540,25,532.030029296875,0.001545127596940529,rmsse,7.7451298126851285
state_dept,3,ChildSummaryElasticNet,ChildSummaryElasticNet,CA__HOUSEHOLD_1,1540,26,32217.75,0.09356715203109894,rmsse,1.0227819190762564
state_dept,3,ChildSummaryElasticNet,ChildSummaryElasticNet,CA__HOUSEHOLD_2,1540,27,13982.7802734375,0.040608947790028105,rmsse,2.1223503877539316
state_dept,3,ChildSummaryElasticNet,ChildSummaryElasticNet,TX__FOODS_1,1540,28,3069.800048828125,0.008915347840050164,rmsse,3.802579048785088
state_dept,3,ChildSummaryElasticNet,ChildSummaryElasticNet,TX__FOODS_2,1540,29,15332.8291015625,0.04452977478603431,rmsse,2.0512261146382964
state_dept,3,ChildSummaryElasticNet,ChildSummaryElasticNet,TX__FOODS_3,1540,30,37792.953125,0.10975871967319478,rmsse,0.5688395300332727
state_dept,3,ChildSummaryElasticNet,ChildSummaryElasticNet,TX__HOBBIES_1,1540,31,13112.2109375,0.0380806305298446,rmsse,2.0569653583973864
state_dept,3,ChildSummaryElasticNet,ChildSummaryElasticNet,TX__HOBBIES_2,1540,32,605.989990234375,0.0017599229476168861,rmsse,10.055971802795067
state_dept,3,ChildSummaryElasticNet,ChildSummaryElasticNet,TX__HOUSEHOLD_1,1540,33,28408.98046875,0.08250568070607202,rmsse,1.0905771116608725
state_dept,3,ChildSummaryElasticNet,ChildSummaryElasticNet,TX__HOUSEHOLD_2,1540,34,8188.3310546875,0.023780643175731208,rmsse,3.4210220960414066
state_dept,3,ChildSummaryElasticNet,ChildSummaryElasticNet,WI__FOODS_1,1540,35,10300.3486328125,0.029914388388378746,rmsse,2.1167035881602354
state_dept,3,ChildSummaryElasticNet,ChildSummaryElasticNet,WI__FOODS_2,1540,36,12159.419921875,0.03531352414243861,rmsse,1.3288060610948043
state_dept,3,ChildSummaryElasticNet,ChildSummaryElasticNet,WI__FOODS_3,1540,37,29559.939453125,0.08584830873790462,rmsse,0.6470202386436301
state_dept,3,ChildSummaryElasticNet,ChildSummaryElasticNet,WI__HOBBIES_1,1540,38,6916.42041015625,0.020086745971648723,rmsse,1.9421909921480522
state_dept,3,ChildSummaryElasticNet,ChildSummaryElasticNet,WI__HOBBIES_2,1540,39,677.5800170898438,0.001967835509068139,rmsse,9.417977241080164
state_dept,3,ChildSummaryElasticNet,ChildSummaryElasticNet,WI__HOUSEHOLD_1,1540,40,20884.240234375,0.060652245456736094,rmsse,1.0422111735445216
state_dept,3,ChildSummaryElasticNet,ChildSummaryElasticNet,WI__HOUSEHOLD_2,1540,41,4960.76025390625,0.014407095742783997,rmsse,4.483925180248316
state_dept,3,ChildSummaryElasticNet,ChildSummaryElasticNet,CA__FOODS_1,1568,42,11792.8583984375,0.033879275283905684,rmsse,0.7922066564104442
state_dept,3,ChildSummaryElasticNet,ChildSummaryElasticNet,CA__FOODS_2,1568,43,13178.0,0.03785859836580953,rmsse,1.04769735742476
state_dept,3,ChildSummaryElasticNet,ChildSummaryElasticNet,CA__FOODS_3,1568,44,68112.484375,0.19567788660271682,rmsse,0.9999608080733956
state_dept,3,ChildSummaryElasticNet,ChildSummaryElasticNet,CA__HOBBIES_1,1568,45,15952.5,0.04582935881245838,rmsse,0.9786125427904413
state_dept,3,ChildSummaryElasticNet,ChildSummaryElasticNet,CA__HOBBIES_2,1568,46,463.7000427246094,0.0013321470389831313,rmsse,3.8618387684488815
state_dept,3,ChildSummaryElasticNet,ChildSummaryElasticNet,CA__HOUSEHOLD_1,1568,47,31119.90234375,0.08940323903591181,rmsse,0.9217062863129074
state_dept,3,ChildSummaryElasticNet,ChildSummaryElasticNet,CA__HOUSEHOLD_2,1568,48,13990.599609375,0.04019308631872665,rmsse,1.5481953215178694
state_dept,3,ChildSummaryElasticNet,ChildSummaryElasticNet,TX__FOODS_1,1568,49,3038.590087890625,0.008729455284245033,rmsse,2.243878410245531
state_dept,3,ChildSummaryElasticNet,ChildSummaryElasticNet,TX__FOODS_2,1568,50,15714.041015625,0.045144298642768595,rmsse,1.0041817231031707
state_dept,3,ChildSummaryElasticNet,ChildSummaryElasticNet,TX__FOODS_3,1568,51,36016.30078125,0.10346992456363148,rmsse,0.929066703180778
state_dept,3,ChildSummaryElasticNet,ChildSummaryElasticNet,TX__HOBBIES_1,1568,52,12510.4501953125,0.03594081873727419,rmsse,1.2493886942800505
state_dept,3,ChildSummaryElasticNet,ChildSummaryElasticNet,TX__HOBBIES_2,1568,53,777.6900024414062,0.002234197408979711,rmsse,5.622108372767087
state_dept,3,ChildSummaryElasticNet,ChildSummaryElasticNet,TX__HOUSEHOLD_1,1568,54,27891.490234375,0.08012845094908953,rmsse,0.8877550193471592
state_dept,3,ChildSummaryElasticNet,ChildSummaryElasticNet,TX__HOUSEHOLD_2,1568,55,7838.919921875,0.022520148804371577,rmsse,2.3826633075355583
state_dept,3,ChildSummaryElasticNet,ChildSummaryElasticNet,WI__FOODS_1,1568,56,11589.6806640625,0.03329557333804301,rmsse,1.010054444068724
state_dept,3,ChildSummaryElasticNet,ChildSummaryElasticNet,WI__FOODS_2,1568,57,11911.400390625,0.03421983027492932,rmsse,0.9444591381123189
state_dept,3,ChildSummaryElasticNet,ChildSummaryElasticNet,WI__FOODS_3,1568,58,31646.720703125,0.09091671639813012,rmsse,0.6777167683892668
state_dept,3,ChildSummaryElasticNet,ChildSummaryElasticNet,WI__HOBBIES_1,1568,59,7710.72998046875,0.022151876569871966,rmsse,1.122713979104339
state_dept,3,ChildSummaryElasticNet,ChildSummaryElasticNet,WI__HOBBIES_2,1568,60,602.1099853515625,0.0017297799444125257,rmsse,4.377677109337669
state_dept,3,ChildSummaryElasticNet,ChildSummaryElasticNet,WI__HOUSEHOLD_1,1568,61,21364.361328125,0.0613768989879737,rmsse,0.962299549627975
state_dept,3,ChildSummaryElasticNet,ChildSummaryElasticNet,WI__HOUSEHOLD_2,1568,62,4862.2001953125,0.013968438637767233,rmsse,2.566440489063926
state_dept,3,ChildSummaryElasticNet,ChildSummaryElasticNet,CA__FOODS_1,1596,63,12277.021484375,0.036547955632554883,rmsse,1.5701817337357478
state_dept,3,ChildSummaryElasticNet,ChildSummaryElasticNet,CA__FOODS_2,1596,64,12673.810546875,0.03772917284148374,rmsse,1.7888913575541185
state_dept,3,ChildSummaryElasticNet,ChildSummaryElasticNet,CA__FOODS_3,1596,65,53976.66015625,0.16068527558535475,rmsse,1.1193363703016088
state_dept,3,ChildSummaryElasticNet,ChildSummaryElasticNet,CA__HOBBIES_1,1596,66,17082.150390625,0.050852535802740385,rmsse,1.4442027774630708
state_dept,3,ChildSummaryElasticNet,ChildSummaryElasticNet,CA__HOBBIES_2,1596,67,532.9600219726562,0.0015865899772002994,rmsse,6.822339883363063
state_dept,3,ChildSummaryElasticNet,ChildSummaryElasticNet,CA__HOUSEHOLD_1,1596,68,33890.94921875,0.10089132042071218,rmsse,1.2058076832305
state_dept,3,ChildSummaryElasticNet,ChildSummaryElasticNet,CA__HOUSEHOLD_2,1596,69,13360.5205078125,0.039773467153155294,rmsse,2.54899638985295
state_dept,3,ChildSummaryElasticNet,ChildSummaryElasticNet,TX__FOODS_1,1596,70,3035.920166015625,0.009037752004648082,rmsse,3.0962829638971843
state_dept,3,ChildSummaryElasticNet,ChildSummaryElasticNet,TX__FOODS_2,1596,71,17131.69921875,0.05100003968829295,rmsse,2.0431262144004148
state_dept,3,ChildSummaryElasticNet,ChildSummaryElasticNet,TX__FOODS_3,1596,72,32796.19921875,0.09763231541859002,rmsse,1.4131923000030446
state_dept,3,ChildSummaryElasticNet,ChildSummaryElasticNet,TX__HOBBIES_1,1596,73,14882.1806640625,0.04430335805130441,rmsse,1.802087857576008
state_dept,3,ChildSummaryElasticNet,ChildSummaryElasticNet,TX__HOBBIES_2,1596,74,578.0599365234375,0.001720849714232753,rmsse,8.568130360180549
state_dept,3,ChildSummaryElasticNet,ChildSummaryElasticNet,TX__HOUSEHOLD_1,1596,75,28905.630859375,0.08605032707029008,rmsse,1.4212129266827291
state_dept,3,ChildSummaryElasticNet,ChildSummaryElasticNet,TX__HOUSEHOLD_2,1596,76,7684.439453125,0.022876114744224088,rmsse,2.9805768156010766
state_dept,3,ChildSummaryElasticNet,ChildSummaryElasticNet,WI__FOODS_1,1596,77,10737.1591796875,0.031963878031681686,rmsse,2.1870567274652744
state_dept,3,ChildSummaryElasticNet,ChildSummaryElasticNet,WI__FOODS_2,1596,78,10716.560546875,0.031902557138899945,rmsse,1.5125981296861886
state_dept,3,ChildSummaryElasticNet,ChildSummaryElasticNet,WI__FOODS_3,1596,79,29816.84765625,0.08876296474924268,rmsse,0.8733537807870124
state_dept,3,ChildSummaryElasticNet,ChildSummaryElasticNet,WI__HOBBIES_1,1596,80,8227.0400390625,0.024491404101360175,rmsse,1.7089453830429355
state_dept,3,ChildSummaryElasticNet,ChildSummaryElasticNet,WI__HOBBIES_2,1596,81,607.7999877929688,0.001809384060750928,rmsse,9.798867152795802
state_dept,3,ChildSummaryElasticNet,ChildSummaryElasticNet,WI__HOUSEHOLD_1,1596,82,22438.740234375,0.06679878206453355,rmsse,1.2914258065574533
state_dept,3,ChildSummaryElasticNet,ChildSummaryElasticNet,WI__HOUSEHOLD_2,1596,83,4563.06005859375,0.01358395574874712,rmsse,4.805015923337014
state_dept,3,ChildSummaryElasticNet,ChildSummaryElasticNet,CA__FOODS_1,1512,0,10690.37890625,0.0314285961834405,mean_spl,0.27022898612257507
state_dept,3,ChildSummaryElasticNet,ChildSummaryElasticNet,CA__FOODS_2,1512,1,11042.0703125,0.032462532144471354,mean_spl,0.18150256476057625
state_dept,3,ChildSummaryElasticNet,ChildSummaryElasticNet,CA__FOODS_3,1512,2,59297.6171875,0.17432879428966014,mean_spl,0.11518670346457156
state_dept,3,ChildSummaryElasticNet,ChildSummaryElasticNet,CA__HOBBIES_1,1512,3,16501.859375,0.04851374110505905,mean_spl,0.1614726850068562
state_dept,3,ChildSummaryElasticNet,ChildSummaryElasticNet,CA__HOBBIES_2,1512,4,434.6900329589844,0.0012779432451030539,mean_spl,0.7623322489183773
state_dept,3,ChildSummaryElasticNet,ChildSummaryElasticNet,CA__HOUSEHOLD_1,1512,5,29146.7109375,0.08568828253548658,mean_spl,0.13281691522605438
state_dept,3,ChildSummaryElasticNet,ChildSummaryElasticNet,CA__HOUSEHOLD_2,1512,6,13427.1103515625,0.039474300476200826,mean_spl,0.6063356987744204
state_dept,3,ChildSummaryElasticNet,ChildSummaryElasticNet,TX__FOODS_1,1512,7,3156.840087890625,0.009280779774794174,mean_spl,0.41435312522034917
state_dept,3,ChildSummaryElasticNet,ChildSummaryElasticNet,TX__FOODS_2,1512,8,16051.3193359375,0.04718920049931041,mean_spl,0.2498986160827531
state_dept,3,ChildSummaryElasticNet,ChildSummaryElasticNet,TX__FOODS_3,1512,9,36718.19921875,0.10794766639698256,mean_spl,0.22124199585508034
state_dept,3,ChildSummaryElasticNet,ChildSummaryElasticNet,TX__HOBBIES_1,1512,10,14444.279296875,0.042464670818815414,mean_spl,0.24141226207882932
state_dept,3,ChildSummaryElasticNet,ChildSummaryElasticNet,TX__HOBBIES_2,1512,11,721.3800048828125,0.002120781785855632,mean_spl,1.0554589923650213
state_dept,3,ChildSummaryElasticNet,ChildSummaryElasticNet,TX__HOUSEHOLD_1,1512,12,28868.6484375,0.08487080786008955,mean_spl,0.26455769575058175
state_dept,3,ChildSummaryElasticNet,ChildSummaryElasticNet,TX__HOUSEHOLD_2,1512,13,8715.099609375,0.025621481588587347,mean_spl,0.5086951538754962
state_dept,3,ChildSummaryElasticNet,ChildSummaryElasticNet,WI__FOODS_1,1512,14,9523.1796875,0.02799715252429438,mean_spl,0.28168197389102717
state_dept,3,ChildSummaryElasticNet,ChildSummaryElasticNet,WI__FOODS_2,1512,15,14241.740234375,0.04186922715283239,mean_spl,0.2881252868625246
state_dept,3,ChildSummaryElasticNet,ChildSummaryElasticNet,WI__FOODS_3,1512,16,31636.806640625,0.09300890353479298,mean_spl,0.18268683668604307
state_dept,3,ChildSummaryElasticNet,ChildSummaryElasticNet,WI__HOBBIES_1,1512,17,7993.810546875,0.023500967163828122,mean_spl,0.21721817521247877
state_dept,3,ChildSummaryElasticNet,ChildSummaryElasticNet,WI__HOBBIES_2,1512,18,668.18994140625,0.00196440856086179,mean_spl,1.1559861296487195
state_dept,3,ChildSummaryElasticNet,ChildSummaryElasticNet,WI__HOUSEHOLD_1,1512,19,21880.921875,0.06432762241277876,mean_spl,0.3238427174200649
state_dept,3,ChildSummaryElasticNet,ChildSummaryElasticNet,WI__HOUSEHOLD_2,1512,20,4987.2998046875,0.014662139946754997,mean_spl,0.5949136477562103
state_dept,3,ChildSummaryElasticNet,ChildSummaryElasticNet,CA__FOODS_1,1540,21,12192.9306640625,0.035410846416928064,mean_spl,0.3854414423383276
state_dept,3,ChildSummaryElasticNet,ChildSummaryElasticNet,CA__FOODS_2,1540,22,12227.5498046875,0.03551138771463028,mean_spl,0.5269420833041176
state_dept,3,ChildSummaryElasticNet,ChildSummaryElasticNet,CA__FOODS_3,1540,23,64847.46484375,0.1883307369964228,mean_spl,0.3066214057136672
state_dept,3,ChildSummaryElasticNet,ChildSummaryElasticNet,CA__HOBBIES_1,1540,24,16357.259765625,0.04750493784644838,mean_spl,0.2752759080202402
state_dept,3,ChildSummaryElasticNet,ChildSummaryElasticNet,CA__HOBBIES_2,1540,25,532.030029296875,0.001545127596940529,mean_spl,1.9199507445452493
state_dept,3,ChildSummaryElasticNet,ChildSummaryElasticNet,CA__HOUSEHOLD_1,1540,26,32217.75,0.09356715203109894,mean_spl,0.25606840674730447
state_dept,3,ChildSummaryElasticNet,ChildSummaryElasticNet,CA__HOUSEHOLD_2,1540,27,13982.7802734375,0.040608947790028105,mean_spl,0.5293335801704466
state_dept,3,ChildSummaryElasticNet,ChildSummaryElasticNet,TX__FOODS_1,1540,28,3069.800048828125,0.008915347840050164,mean_spl,0.9496394052518797
state_dept,3,ChildSummaryElasticNet,ChildSummaryElasticNet,TX__FOODS_2,1540,29,15332.8291015625,0.04452977478603431,mean_spl,0.511937998656927
state_dept,3,ChildSummaryElasticNet,ChildSummaryElasticNet,TX__FOODS_3,1540,30,37792.953125,0.10975871967319478,mean_spl,0.14792659237800615
state_dept,3,ChildSummaryElasticNet,ChildSummaryElasticNet,TX__HOBBIES_1,1540,31,13112.2109375,0.0380806305298446,mean_spl,0.5880444088935719
state_dept,3,ChildSummaryElasticNet,ChildSummaryElasticNet,TX__HOBBIES_2,1540,32,605.989990234375,0.0017599229476168861,mean_spl,2.575509053367074
state_dept,3,ChildSummaryElasticNet,ChildSummaryElasticNet,TX__HOUSEHOLD_1,1540,33,28408.98046875,0.08250568070607202,mean_spl,0.28967526010717487
state_dept,3,ChildSummaryElasticNet,ChildSummaryElasticNet,TX__HOUSEHOLD_2,1540,34,8188.3310546875,0.023780643175731208,mean_spl,0.8153434868442203
state_dept,3,ChildSummaryElasticNet,ChildSummaryElasticNet,WI__FOODS_1,1540,35,10300.3486328125,0.029914388388378746,mean_spl,0.5774273696845253
state_dept,3,ChildSummaryElasticNet,ChildSummaryElasticNet,WI__FOODS_2,1540,36,12159.419921875,0.03531352414243861,mean_spl,0.3344742946636915
state_dept,3,ChildSummaryElasticNet,ChildSummaryElasticNet,WI__FOODS_3,1540,37,29559.939453125,0.08584830873790462,mean_spl,0.18754153644729488
state_dept,3,ChildSummaryElasticNet,ChildSummaryElasticNet,WI__HOBBIES_1,1540,38,6916.42041015625,0.020086745971648723,mean_spl,0.5424503158708462
state_dept,3,ChildSummaryElasticNet,ChildSummaryElasticNet,WI__HOBBIES_2,1540,39,677.5800170898438,0.001967835509068139,mean_spl,2.290997187449509
state_dept,3,ChildSummaryElasticNet,ChildSummaryElasticNet,WI__HOUSEHOLD_1,1540,40,20884.240234375,0.060652245456736094,mean_spl,0.25717003505272973
state_dept,3,ChildSummaryElasticNet,ChildSummaryElasticNet,WI__HOUSEHOLD_2,1540,41,4960.76025390625,0.014407095742783997,mean_spl,1.0669132021193661
state_dept,3,ChildSummaryElasticNet,ChildSummaryElasticNet,CA__FOODS_1,1568,42,11792.8583984375,0.033879275283905684,mean_spl,0.19957175871785673
state_dept,3,ChildSummaryElasticNet,ChildSummaryElasticNet,CA__FOODS_2,1568,43,13178.0,0.03785859836580953,mean_spl,0.25195689303220614
state_dept,3,ChildSummaryElasticNet,ChildSummaryElasticNet,CA__FOODS_3,1568,44,68112.484375,0.19567788660271682,mean_spl,0.4445487645184303
state_dept,3,ChildSummaryElasticNet,ChildSummaryElasticNet,CA__HOBBIES_1,1568,45,15952.5,0.04582935881245838,mean_spl,0.2550130369189685
state_dept,3,ChildSummaryElasticNet,ChildSummaryElasticNet,CA__HOBBIES_2,1568,46,463.7000427246094,0.0013321470389831313,mean_spl,1.0071739011853547
state_dept,3,ChildSummaryElasticNet,ChildSummaryElasticNet,CA__HOUSEHOLD_1,1568,47,31119.90234375,0.08940323903591181,mean_spl,0.24219462119988794
state_dept,3,ChildSummaryElasticNet,ChildSummaryElasticNet,CA__HOUSEHOLD_2,1568,48,13990.599609375,0.04019308631872665,mean_spl,0.385986954609753
state_dept,3,ChildSummaryElasticNet,ChildSummaryElasticNet,TX__FOODS_1,1568,49,3038.590087890625,0.008729455284245033,mean_spl,0.5664787351380215
state_dept,3,ChildSummaryElasticNet,ChildSummaryElasticNet,TX__FOODS_2,1568,50,15714.041015625,0.045144298642768595,mean_spl,0.25534574525750175
state_dept,3,ChildSummaryElasticNet,ChildSummaryElasticNet,TX__FOODS_3,1568,51,36016.30078125,0.10346992456363148,mean_spl,0.27781646312661457
state_dept,3,ChildSummaryElasticNet,ChildSummaryElasticNet,TX__HOBBIES_1,1568,52,12510.4501953125,0.03594081873727419,mean_spl,0.3288170525308052
state_dept,3,ChildSummaryElasticNet,ChildSummaryElasticNet,TX__HOBBIES_2,1568,53,777.6900024414062,0.002234197408979711,mean_spl,1.3938656105587977
state_dept,3,ChildSummaryElasticNet,ChildSummaryElasticNet,TX__HOUSEHOLD_1,1568,54,27891.490234375,0.08012845094908953,mean_spl,0.2469445874499866
state_dept,3,ChildSummaryElasticNet,ChildSummaryElasticNet,TX__HOUSEHOLD_2,1568,55,7838.919921875,0.022520148804371577,mean_spl,0.587562460176877
state_dept,3,ChildSummaryElasticNet,ChildSummaryElasticNet,WI__FOODS_1,1568,56,11589.6806640625,0.03329557333804301,mean_spl,0.2578987948634888
state_dept,3,ChildSummaryElasticNet,ChildSummaryElasticNet,WI__FOODS_2,1568,57,11911.400390625,0.03421983027492932,mean_spl,0.23240804363405548
state_dept,3,ChildSummaryElasticNet,ChildSummaryElasticNet,WI__FOODS_3,1568,58,31646.720703125,0.09091671639813012,mean_spl,0.20462937698627226
state_dept,3,ChildSummaryElasticNet,ChildSummaryElasticNet,WI__HOBBIES_1,1568,59,7710.72998046875,0.022151876569871966,mean_spl,0.2948380224160064
state_dept,3,ChildSummaryElasticNet,ChildSummaryElasticNet,WI__HOBBIES_2,1568,60,602.1099853515625,0.0017297799444125257,mean_spl,1.138572595045404
state_dept,3,ChildSummaryElasticNet,ChildSummaryElasticNet,WI__HOUSEHOLD_1,1568,61,21364.361328125,0.0613768989879737,mean_spl,0.2520270166685516
state_dept,3,ChildSummaryElasticNet,ChildSummaryElasticNet,WI__HOUSEHOLD_2,1568,62,4862.2001953125,0.013968438637767233,mean_spl,0.6326889611679266
state_dept,3,ChildSummaryElasticNet,ChildSummaryElasticNet,CA__FOODS_1,1596,63,12277.021484375,0.036547955632554883,mean_spl,0.39971446512507547
state_dept,3,ChildSummaryElasticNet,ChildSummaryElasticNet,CA__FOODS_2,1596,64,12673.810546875,0.03772917284148374,mean_spl,0.4454342499603844
state_dept,3,ChildSummaryElasticNet,ChildSummaryElasticNet,CA__FOODS_3,1596,65,53976.66015625,0.16068527558535475,mean_spl,0.4712783263774699
state_dept,3,ChildSummaryElasticNet,ChildSummaryElasticNet,CA__HOBBIES_1,1596,66,17082.150390625,0.050852535802740385,mean_spl,0.389563810261707
state_dept,3,ChildSummaryElasticNet,ChildSummaryElasticNet,CA__HOBBIES_2,1596,67,532.9600219726562,0.0015865899772002994,mean_spl,1.7041302102697236
state_dept,3,ChildSummaryElasticNet,ChildSummaryElasticNet,CA__HOUSEHOLD_1,1596,68,33890.94921875,0.10089132042071218,mean_spl,0.3252949810337111
state_dept,3,ChildSummaryElasticNet,ChildSummaryElasticNet,CA__HOUSEHOLD_2,1596,69,13360.5205078125,0.039773467153155294,mean_spl,0.661808417111729
state_dept,3,ChildSummaryElasticNet,ChildSummaryElasticNet,TX__FOODS_1,1596,70,3035.920166015625,0.009037752004648082,mean_spl,0.7920419465762161
state_dept,3,ChildSummaryElasticNet,ChildSummaryElasticNet,TX__FOODS_2,1596,71,17131.69921875,0.05100003968829295,mean_spl,0.5220853276836187
state_dept,3,ChildSummaryElasticNet,ChildSummaryElasticNet,TX__FOODS_3,1596,72,32796.19921875,0.09763231541859002,mean_spl,0.38969169377696516
state_dept,3,ChildSummaryElasticNet,ChildSummaryElasticNet,TX__HOBBIES_1,1596,73,14882.1806640625,0.04430335805130441,mean_spl,0.4542564424827968
state_dept,3,ChildSummaryElasticNet,ChildSummaryElasticNet,TX__HOBBIES_2,1596,74,578.0599365234375,0.001720849714232753,mean_spl,2.0950340703112436
state_dept,3,ChildSummaryElasticNet,ChildSummaryElasticNet,TX__HOUSEHOLD_1,1596,75,28905.630859375,0.08605032707029008,mean_spl,0.40462633919246827
state_dept,3,ChildSummaryElasticNet,ChildSummaryElasticNet,TX__HOUSEHOLD_2,1596,76,7684.439453125,0.022876114744224088,mean_spl,0.6971772687292289
state_dept,3,ChildSummaryElasticNet,ChildSummaryElasticNet,WI__FOODS_1,1596,77,10737.1591796875,0.031963878031681686,mean_spl,0.5827705389957016
state_dept,3,ChildSummaryElasticNet,ChildSummaryElasticNet,WI__FOODS_2,1596,78,10716.560546875,0.031902557138899945,mean_spl,0.37833334998082974
state_dept,3,ChildSummaryElasticNet,ChildSummaryElasticNet,WI__FOODS_3,1596,79,29816.84765625,0.08876296474924268,mean_spl,0.25635694016864563
state_dept,3,ChildSummaryElasticNet,ChildSummaryElasticNet,WI__HOBBIES_1,1596,80,8227.0400390625,0.024491404101360175,mean_spl,0.44442138919055163
state_dept,3,ChildSummaryElasticNet,ChildSummaryElasticNet,WI__HOBBIES_2,1596,81,607.7999877929688,0.001809384060750928,mean_spl,2.4595734599005254
state_dept,3,ChildSummaryElasticNet,ChildSummaryElasticNet,WI__HOUSEHOLD_1,1596,82,22438.740234375,0.06679878206453355,mean_spl,0.3580695308060181
state_dept,3,ChildSummaryElasticNet,ChildSummaryElasticNet,WI__HOUSEHOLD_2,1596,83,4563.06005859375,0.01358395574874712,mean_spl,1.1555364066948879
state_dept,3,ChildSummaryHistGB,ChildSummaryHistGB,CA__FOODS_1,1512,0,10690.37890625,0.0314285961834405,rmsse,1.008316315054464
state_dept,3,ChildSummaryHistGB,ChildSummaryHistGB,CA__FOODS_2,1512,1,11042.0703125,0.032462532144471354,rmsse,0.7177812056266772
state_dept,3,ChildSummaryHistGB,ChildSummaryHistGB,CA__FOODS_3,1512,2,59297.6171875,0.17432879428966014,rmsse,0.6633861697267937
state_dept,3,ChildSummaryHistGB,ChildSummaryHistGB,CA__HOBBIES_1,1512,3,16501.859375,0.04851374110505905,rmsse,0.6275240644107046
state_dept,3,ChildSummaryHistGB,ChildSummaryHistGB,CA__HOBBIES_2,1512,4,434.6900329589844,0.0012779432451030539,rmsse,0.8924718455031979
state_dept,3,ChildSummaryHistGB,ChildSummaryHistGB,CA__HOUSEHOLD_1,1512,5,29146.7109375,0.08568828253548658,rmsse,0.7003561806004306
state_dept,3,ChildSummaryHistGB,ChildSummaryHistGB,CA__HOUSEHOLD_2,1512,6,13427.1103515625,0.039474300476200826,rmsse,0.8588974211390027
state_dept,3,ChildSummaryHistGB,ChildSummaryHistGB,TX__FOODS_1,1512,7,3156.840087890625,0.009280779774794174,rmsse,1.1482816208499753
state_dept,3,ChildSummaryHistGB,ChildSummaryHistGB,TX__FOODS_2,1512,8,16051.3193359375,0.04718920049931041,rmsse,1.1421470382270733
state_dept,3,ChildSummaryHistGB,ChildSummaryHistGB,TX__FOODS_3,1512,9,36718.19921875,0.10794766639698256,rmsse,0.6477289191373096
state_dept,3,ChildSummaryHistGB,ChildSummaryHistGB,TX__HOBBIES_1,1512,10,14444.279296875,0.042464670818815414,rmsse,0.7040360500356145
state_dept,3,ChildSummaryHistGB,ChildSummaryHistGB,TX__HOBBIES_2,1512,11,721.3800048828125,0.002120781785855632,rmsse,1.0235844359541744
state_dept,3,ChildSummaryHistGB,ChildSummaryHistGB,TX__HOUSEHOLD_1,1512,12,28868.6484375,0.08487080786008955,rmsse,0.8061820389452253
state_dept,3,ChildSummaryHistGB,ChildSummaryHistGB,TX__HOUSEHOLD_2,1512,13,8715.099609375,0.025621481588587347,rmsse,0.8971526983930527
state_dept,3,ChildSummaryHistGB,ChildSummaryHistGB,WI__FOODS_1,1512,14,9523.1796875,0.02799715252429438,rmsse,0.9764266980116834
state_dept,3,ChildSummaryHistGB,ChildSummaryHistGB,WI__FOODS_2,1512,15,14241.740234375,0.04186922715283239,rmsse,1.2823271632717212
state_dept,3,ChildSummaryHistGB,ChildSummaryHistGB,WI__FOODS_3,1512,16,31636.806640625,0.09300890353479298,rmsse,0.7175786181191925
state_dept,3,ChildSummaryHistGB,ChildSummaryHistGB,WI__HOBBIES_1,1512,17,7993.810546875,0.023500967163828122,rmsse,0.715938377012911
state_dept,3,ChildSummaryHistGB,ChildSummaryHistGB,WI__HOBBIES_2,1512,18,668.18994140625,0.00196440856086179,rmsse,0.7658605768976827
state_dept,3,ChildSummaryHistGB,ChildSummaryHistGB,WI__HOUSEHOLD_1,1512,19,21880.921875,0.06432762241277876,rmsse,1.064751370296307
state_dept,3,ChildSummaryHistGB,ChildSummaryHistGB,WI__HOUSEHOLD_2,1512,20,4987.2998046875,0.014662139946754997,rmsse,0.7093896872235897
state_dept,3,ChildSummaryHistGB,ChildSummaryHistGB,CA__FOODS_1,1540,21,12192.9306640625,0.035410846416928064,rmsse,0.5857662413144188
state_dept,3,ChildSummaryHistGB,ChildSummaryHistGB,CA__FOODS_2,1540,22,12227.5498046875,0.03551138771463028,rmsse,0.7437565656989001
state_dept,3,ChildSummaryHistGB,ChildSummaryHistGB,CA__FOODS_3,1540,23,64847.46484375,0.1883307369964228,rmsse,0.8564907499060699
state_dept,3,ChildSummaryHistGB,ChildSummaryHistGB,CA__HOBBIES_1,1540,24,16357.259765625,0.04750493784644838,rmsse,0.5577722786208018
state_dept,3,ChildSummaryHistGB,ChildSummaryHistGB,CA__HOBBIES_2,1540,25,532.030029296875,0.001545127596940529,rmsse,1.1525241396482888
state_dept,3,ChildSummaryHistGB,ChildSummaryHistGB,CA__HOUSEHOLD_1,1540,26,32217.75,0.09356715203109894,rmsse,0.7242365331604219
state_dept,3,ChildSummaryHistGB,ChildSummaryHistGB,CA__HOUSEHOLD_2,1540,27,13982.7802734375,0.040608947790028105,rmsse,0.6526474800618703
state_dept,3,ChildSummaryHistGB,ChildSummaryHistGB,TX__FOODS_1,1540,28,3069.800048828125,0.008915347840050164,rmsse,0.827459562127759
state_dept,3,ChildSummaryHistGB,ChildSummaryHistGB,TX__FOODS_2,1540,29,15332.8291015625,0.04452977478603431,rmsse,0.8535533401469682
state_dept,3,ChildSummaryHistGB,ChildSummaryHistGB,TX__FOODS_3,1540,30,37792.953125,0.10975871967319478,rmsse,0.620294232377786
state_dept,3,ChildSummaryHistGB,ChildSummaryHistGB,TX__HOBBIES_1,1540,31,13112.2109375,0.0380806305298446,rmsse,0.8426216928236014
state_dept,3,ChildSummaryHistGB,ChildSummaryHistGB,TX__HOBBIES_2,1540,32,605.989990234375,0.0017599229476168861,rmsse,1.225717928243989
state_dept,3,ChildSummaryHistGB,ChildSummaryHistGB,TX__HOUSEHOLD_1,1540,33,28408.98046875,0.08250568070607202,rmsse,0.7555710050049348
state_dept,3,ChildSummaryHistGB,ChildSummaryHistGB,TX__HOUSEHOLD_2,1540,34,8188.3310546875,0.023780643175731208,rmsse,0.7064748760815345
state_dept,3,ChildSummaryHistGB,ChildSummaryHistGB,WI__FOODS_1,1540,35,10300.3486328125,0.029914388388378746,rmsse,1.1069116549058409
state_dept,3,ChildSummaryHistGB,ChildSummaryHistGB,WI__FOODS_2,1540,36,12159.419921875,0.03531352414243861,rmsse,0.7838270694470109
state_dept,3,ChildSummaryHistGB,ChildSummaryHistGB,WI__FOODS_3,1540,37,29559.939453125,0.08584830873790462,rmsse,0.5812610644437273
state_dept,3,ChildSummaryHistGB,ChildSummaryHistGB,WI__HOBBIES_1,1540,38,6916.42041015625,0.020086745971648723,rmsse,0.6361047878645163
state_dept,3,ChildSummaryHistGB,ChildSummaryHistGB,WI__HOBBIES_2,1540,39,677.5800170898438,0.001967835509068139,rmsse,0.9993649269822107
state_dept,3,ChildSummaryHistGB,ChildSummaryHistGB,WI__HOUSEHOLD_1,1540,40,20884.240234375,0.060652245456736094,rmsse,0.9444656651061586
state_dept,3,ChildSummaryHistGB,ChildSummaryHistGB,WI__HOUSEHOLD_2,1540,41,4960.76025390625,0.014407095742783997,rmsse,0.8826143638332499
state_dept,3,ChildSummaryHistGB,ChildSummaryHistGB,CA__FOODS_1,1568,42,11792.8583984375,0.033879275283905684,rmsse,0.7241100745062059
state_dept,3,ChildSummaryHistGB,ChildSummaryHistGB,CA__FOODS_2,1568,43,13178.0,0.03785859836580953,rmsse,0.8523115543251033
state_dept,3,ChildSummaryHistGB,ChildSummaryHistGB,CA__FOODS_3,1568,44,68112.484375,0.19567788660271682,rmsse,0.9932990467755833
state_dept,3,ChildSummaryHistGB,ChildSummaryHistGB,CA__HOBBIES_1,1568,45,15952.5,0.04582935881245838,rmsse,0.6375941578903221
state_dept,3,ChildSummaryHistGB,ChildSummaryHistGB,CA__HOBBIES_2,1568,46,463.7000427246094,0.0013321470389831313,rmsse,0.8124793929483121
state_dept,3,ChildSummaryHistGB,ChildSummaryHistGB,CA__HOUSEHOLD_1,1568,47,31119.90234375,0.08940323903591181,rmsse,0.8109866544202609
state_dept,3,ChildSummaryHistGB,ChildSummaryHistGB,CA__HOUSEHOLD_2,1568,48,13990.599609375,0.04019308631872665,rmsse,0.7908104311224816
state_dept,3,ChildSummaryHistGB,ChildSummaryHistGB,TX__FOODS_1,1568,49,3038.590087890625,0.008729455284245033,rmsse,0.8226745744214184
state_dept,3,ChildSummaryHistGB,ChildSummaryHistGB,TX__FOODS_2,1568,50,15714.041015625,0.045144298642768595,rmsse,0.892881860467396
state_dept,3,ChildSummaryHistGB,ChildSummaryHistGB,TX__FOODS_3,1568,51,36016.30078125,0.10346992456363148,rmsse,1.023708377069239
state_dept,3,ChildSummaryHistGB,ChildSummaryHistGB,TX__HOBBIES_1,1568,52,12510.4501953125,0.03594081873727419,rmsse,0.6351773628013072
state_dept,3,ChildSummaryHistGB,ChildSummaryHistGB,TX__HOBBIES_2,1568,53,777.6900024414062,0.002234197408979711,rmsse,1.1239101952824833
state_dept,3,ChildSummaryHistGB,ChildSummaryHistGB,TX__HOUSEHOLD_1,1568,54,27891.490234375,0.08012845094908953,rmsse,0.5859450905926011
state_dept,3,ChildSummaryHistGB,ChildSummaryHistGB,TX__HOUSEHOLD_2,1568,55,7838.919921875,0.022520148804371577,rmsse,0.8278823456499109
state_dept,3,ChildSummaryHistGB,ChildSummaryHistGB,WI__FOODS_1,1568,56,11589.6806640625,0.03329557333804301,rmsse,0.9027908613110734
state_dept,3,ChildSummaryHistGB,ChildSummaryHistGB,WI__FOODS_2,1568,57,11911.400390625,0.03421983027492932,rmsse,1.1022250411015853
state_dept,3,ChildSummaryHistGB,ChildSummaryHistGB,WI__FOODS_3,1568,58,31646.720703125,0.09091671639813012,rmsse,0.6706389673434547
state_dept,3,ChildSummaryHistGB,ChildSummaryHistGB,WI__HOBBIES_1,1568,59,7710.72998046875,0.022151876569871966,rmsse,0.6987681352233192
state_dept,3,ChildSummaryHistGB,ChildSummaryHistGB,WI__HOBBIES_2,1568,60,602.1099853515625,0.0017297799444125257,rmsse,0.8142957536223473
state_dept,3,ChildSummaryHistGB,ChildSummaryHistGB,WI__HOUSEHOLD_1,1568,61,21364.361328125,0.0613768989879737,rmsse,0.7859410220352038
state_dept,3,ChildSummaryHistGB,ChildSummaryHistGB,WI__HOUSEHOLD_2,1568,62,4862.2001953125,0.013968438637767233,rmsse,0.750046318462423
state_dept,3,ChildSummaryHistGB,ChildSummaryHistGB,CA__FOODS_1,1596,63,12277.021484375,0.036547955632554883,rmsse,0.793212945244874
state_dept,3,ChildSummaryHistGB,ChildSummaryHistGB,CA__FOODS_2,1596,64,12673.810546875,0.03772917284148374,rmsse,0.9229318390170143
state_dept,3,ChildSummaryHistGB,ChildSummaryHistGB,CA__FOODS_3,1596,65,53976.66015625,0.16068527558535475,rmsse,0.9562695513084404
state_dept,3,ChildSummaryHistGB,ChildSummaryHistGB,CA__HOBBIES_1,1596,66,17082.150390625,0.050852535802740385,rmsse,0.785073693482558
state_dept,3,ChildSummaryHistGB,ChildSummaryHistGB,CA__HOBBIES_2,1596,67,532.9600219726562,0.0015865899772002994,rmsse,0.7685230561194313
state_dept,3,ChildSummaryHistGB,ChildSummaryHistGB,CA__HOUSEHOLD_1,1596,68,33890.94921875,0.10089132042071218,rmsse,0.9842056038379404
state_dept,3,ChildSummaryHistGB,ChildSummaryHistGB,CA__HOUSEHOLD_2,1596,69,13360.5205078125,0.039773467153155294,rmsse,0.9303048676985698
state_dept,3,ChildSummaryHistGB,ChildSummaryHistGB,TX__FOODS_1,1596,70,3035.920166015625,0.009037752004648082,rmsse,0.855364640707287
state_dept,3,ChildSummaryHistGB,ChildSummaryHistGB,TX__FOODS_2,1596,71,17131.69921875,0.05100003968829295,rmsse,1.3303595570516145
state_dept,3,ChildSummaryHistGB,ChildSummaryHistGB,TX__FOODS_3,1596,72,32796.19921875,0.09763231541859002,rmsse,1.2643001032958812
state_dept,3,ChildSummaryHistGB,ChildSummaryHistGB,TX__HOBBIES_1,1596,73,14882.1806640625,0.04430335805130441,rmsse,0.8708994961505293
state_dept,3,ChildSummaryHistGB,ChildSummaryHistGB,TX__HOBBIES_2,1596,74,578.0599365234375,0.001720849714232753,rmsse,1.0794351998645653
state_dept,3,ChildSummaryHistGB,ChildSummaryHistGB,TX__HOUSEHOLD_1,1596,75,28905.630859375,0.08605032707029008,rmsse,0.7772768442139227
state_dept,3,ChildSummaryHistGB,ChildSummaryHistGB,TX__HOUSEHOLD_2,1596,76,7684.439453125,0.022876114744224088,rmsse,1.1788907714493981
state_dept,3,ChildSummaryHistGB,ChildSummaryHistGB,WI__FOODS_1,1596,77,10737.1591796875,0.031963878031681686,rmsse,0.9057116511915314
state_dept,3,ChildSummaryHistGB,ChildSummaryHistGB,WI__FOODS_2,1596,78,10716.560546875,0.031902557138899945,rmsse,0.9576296619706598
state_dept,3,ChildSummaryHistGB,ChildSummaryHistGB,WI__FOODS_3,1596,79,29816.84765625,0.08876296474924268,rmsse,0.7344507384699852
state_dept,3,ChildSummaryHistGB,ChildSummaryHistGB,WI__HOBBIES_1,1596,80,8227.0400390625,0.024491404101360175,rmsse,0.8299150869518669
state_dept,3,ChildSummaryHistGB,ChildSummaryHistGB,WI__HOBBIES_2,1596,81,607.7999877929688,0.001809384060750928,rmsse,0.9428023598135595
state_dept,3,ChildSummaryHistGB,ChildSummaryHistGB,WI__HOUSEHOLD_1,1596,82,22438.740234375,0.06679878206453355,rmsse,1.2527073650416223
state_dept,3,ChildSummaryHistGB,ChildSummaryHistGB,WI__HOUSEHOLD_2,1596,83,4563.06005859375,0.01358395574874712,rmsse,0.8377778385144363
state_dept,3,ChildSummaryHistGB,ChildSummaryHistGB,CA__FOODS_1,1512,0,10690.37890625,0.0314285961834405,mean_spl,0.30107680888851984
state_dept,3,ChildSummaryHistGB,ChildSummaryHistGB,CA__FOODS_2,1512,1,11042.0703125,0.032462532144471354,mean_spl,0.1843157192195523
state_dept,3,ChildSummaryHistGB,ChildSummaryHistGB,CA__FOODS_3,1512,2,59297.6171875,0.17432879428966014,mean_spl,0.31193289990813095
state_dept,3,ChildSummaryHistGB,ChildSummaryHistGB,CA__HOBBIES_1,1512,3,16501.859375,0.04851374110505905,mean_spl,0.18327994019277727
state_dept,3,ChildSummaryHistGB,ChildSummaryHistGB,CA__HOBBIES_2,1512,4,434.6900329589844,0.0012779432451030539,mean_spl,0.2915270571531436
state_dept,3,ChildSummaryHistGB,ChildSummaryHistGB,CA__HOUSEHOLD_1,1512,5,29146.7109375,0.08568828253548658,mean_spl,0.22167773738176852
state_dept,3,ChildSummaryHistGB,ChildSummaryHistGB,CA__HOUSEHOLD_2,1512,6,13427.1103515625,0.039474300476200826,mean_spl,0.23293145032311413
state_dept,3,ChildSummaryHistGB,ChildSummaryHistGB,TX__FOODS_1,1512,7,3156.840087890625,0.009280779774794174,mean_spl,0.25895148088796893
state_dept,3,ChildSummaryHistGB,ChildSummaryHistGB,TX__FOODS_2,1512,8,16051.3193359375,0.04718920049931041,mean_spl,0.33675803723605235
state_dept,3,ChildSummaryHistGB,ChildSummaryHistGB,TX__FOODS_3,1512,9,36718.19921875,0.10794766639698256,mean_spl,0.21487200897488515
state_dept,3,ChildSummaryHistGB,ChildSummaryHistGB,TX__HOBBIES_1,1512,10,14444.279296875,0.042464670818815414,mean_spl,0.1915403763463798
state_dept,3,ChildSummaryHistGB,ChildSummaryHistGB,TX__HOBBIES_2,1512,11,721.3800048828125,0.002120781785855632,mean_spl,0.33800966595845117
state_dept,3,ChildSummaryHistGB,ChildSummaryHistGB,TX__HOUSEHOLD_1,1512,12,28868.6484375,0.08487080786008955,mean_spl,0.28470476387337823
state_dept,3,ChildSummaryHistGB,ChildSummaryHistGB,TX__HOUSEHOLD_2,1512,13,8715.099609375,0.025621481588587347,mean_spl,0.22379901692691118
state_dept,3,ChildSummaryHistGB,ChildSummaryHistGB,WI__FOODS_1,1512,14,9523.1796875,0.02799715252429438,mean_spl,0.3032403256861071
state_dept,3,ChildSummaryHistGB,ChildSummaryHistGB,WI__FOODS_2,1512,15,14241.740234375,0.04186922715283239,mean_spl,0.42396953153555633
state_dept,3,ChildSummaryHistGB,ChildSummaryHistGB,WI__FOODS_3,1512,16,31636.806640625,0.09300890353479298,mean_spl,0.29503007949902643
state_dept,3,ChildSummaryHistGB,ChildSummaryHistGB,WI__HOBBIES_1,1512,17,7993.810546875,0.023500967163828122,mean_spl,0.20097650434883246
state_dept,3,ChildSummaryHistGB,ChildSummaryHistGB,WI__HOBBIES_2,1512,18,668.18994140625,0.00196440856086179,mean_spl,0.30054094309649215
state_dept,3,ChildSummaryHistGB,ChildSummaryHistGB,WI__HOUSEHOLD_1,1512,19,21880.921875,0.06432762241277876,mean_spl,0.3573032743647899
state_dept,3,ChildSummaryHistGB,ChildSummaryHistGB,WI__HOUSEHOLD_2,1512,20,4987.2998046875,0.014662139946754997,mean_spl,0.18542311469971587
state_dept,3,ChildSummaryHistGB,ChildSummaryHistGB,CA__FOODS_1,1540,21,12192.9306640625,0.035410846416928064,mean_spl,0.16237690778362673
state_dept,3,ChildSummaryHistGB,ChildSummaryHistGB,CA__FOODS_2,1540,22,12227.5498046875,0.03551138771463028,mean_spl,0.20159280469307805
state_dept,3,ChildSummaryHistGB,ChildSummaryHistGB,CA__FOODS_3,1540,23,64847.46484375,0.1883307369964228,mean_spl,0.4381290997578524
state_dept,3,ChildSummaryHistGB,ChildSummaryHistGB,CA__HOBBIES_1,1540,24,16357.259765625,0.04750493784644838,mean_spl,0.1542771885977558
state_dept,3,ChildSummaryHistGB,ChildSummaryHistGB,CA__HOBBIES_2,1540,25,532.030029296875,0.001545127596940529,mean_spl,0.3256185554058629
state_dept,3,ChildSummaryHistGB,ChildSummaryHistGB,CA__HOUSEHOLD_1,1540,26,32217.75,0.09356715203109894,mean_spl,0.23756180844127522
state_dept,3,ChildSummaryHistGB,ChildSummaryHistGB,CA__HOUSEHOLD_2,1540,27,13982.7802734375,0.040608947790028105,mean_spl,0.1687170345407241
state_dept,3,ChildSummaryHistGB,ChildSummaryHistGB,TX__FOODS_1,1540,28,3069.800048828125,0.008915347840050164,mean_spl,0.21814709561790474
state_dept,3,ChildSummaryHistGB,ChildSummaryHistGB,TX__FOODS_2,1540,29,15332.8291015625,0.04452977478603431,mean_spl,0.23034590225961382
state_dept,3,ChildSummaryHistGB,ChildSummaryHistGB,TX__FOODS_3,1540,30,37792.953125,0.10975871967319478,mean_spl,0.2392034960051267
state_dept,3,ChildSummaryHistGB,ChildSummaryHistGB,TX__HOBBIES_1,1540,31,13112.2109375,0.0380806305298446,mean_spl,0.24075302504486976
state_dept,3,ChildSummaryHistGB,ChildSummaryHistGB,TX__HOBBIES_2,1540,32,605.989990234375,0.0017599229476168861,mean_spl,0.36454329214337794
state_dept,3,ChildSummaryHistGB,ChildSummaryHistGB,TX__HOUSEHOLD_1,1540,33,28408.98046875,0.08250568070607202,mean_spl,0.24699883483315188
state_dept,3,ChildSummaryHistGB,ChildSummaryHistGB,TX__HOUSEHOLD_2,1540,34,8188.3310546875,0.023780643175731208,mean_spl,0.1756922851837603
state_dept,3,ChildSummaryHistGB,ChildSummaryHistGB,WI__FOODS_1,1540,35,10300.3486328125,0.029914388388378746,mean_spl,0.34821735665401865
state_dept,3,ChildSummaryHistGB,ChildSummaryHistGB,WI__FOODS_2,1540,36,12159.419921875,0.03531352414243861,mean_spl,0.22701854007595454
state_dept,3,ChildSummaryHistGB,ChildSummaryHistGB,WI__FOODS_3,1540,37,29559.939453125,0.08584830873790462,mean_spl,0.22296056234766473
state_dept,3,ChildSummaryHistGB,ChildSummaryHistGB,WI__HOBBIES_1,1540,38,6916.42041015625,0.020086745971648723,mean_spl,0.17288956522186158
state_dept,3,ChildSummaryHistGB,ChildSummaryHistGB,WI__HOBBIES_2,1540,39,677.5800170898438,0.001967835509068139,mean_spl,0.3172877870366242
state_dept,3,ChildSummaryHistGB,ChildSummaryHistGB,WI__HOUSEHOLD_1,1540,40,20884.240234375,0.060652245456736094,mean_spl,0.2951487950481837
state_dept,3,ChildSummaryHistGB,ChildSummaryHistGB,WI__HOUSEHOLD_2,1540,41,4960.76025390625,0.014407095742783997,mean_spl,0.22597032179923504
state_dept,3,ChildSummaryHistGB,ChildSummaryHistGB,CA__FOODS_1,1568,42,11792.8583984375,0.033879275283905684,mean_spl,0.21112729593437435
state_dept,3,ChildSummaryHistGB,ChildSummaryHistGB,CA__FOODS_2,1568,43,13178.0,0.03785859836580953,mean_spl,0.2426368464760219
state_dept,3,ChildSummaryHistGB,ChildSummaryHistGB,CA__FOODS_3,1568,44,68112.484375,0.19567788660271682,mean_spl,0.5268126723804313
state_dept,3,ChildSummaryHistGB,ChildSummaryHistGB,CA__HOBBIES_1,1568,45,15952.5,0.04582935881245838,mean_spl,0.19007596016213163
state_dept,3,ChildSummaryHistGB,ChildSummaryHistGB,CA__HOBBIES_2,1568,46,463.7000427246094,0.0013321470389831313,mean_spl,0.270392095083189
state_dept,3,ChildSummaryHistGB,ChildSummaryHistGB,CA__HOUSEHOLD_1,1568,47,31119.90234375,0.08940323903591181,mean_spl,0.23573125699002728
state_dept,3,ChildSummaryHistGB,ChildSummaryHistGB,CA__HOUSEHOLD_2,1568,48,13990.599609375,0.04019308631872665,mean_spl,0.19498824908303508
state_dept,3,ChildSummaryHistGB,ChildSummaryHistGB,TX__FOODS_1,1568,49,3038.590087890625,0.008729455284245033,mean_spl,0.20921703658097193
state_dept,3,ChildSummaryHistGB,ChildSummaryHistGB,TX__FOODS_2,1568,50,15714.041015625,0.045144298642768595,mean_spl,0.238884899722763
state_dept,3,ChildSummaryHistGB,ChildSummaryHistGB,TX__FOODS_3,1568,51,36016.30078125,0.10346992456363148,mean_spl,0.4043282686435483
state_dept,3,ChildSummaryHistGB,ChildSummaryHistGB,TX__HOBBIES_1,1568,52,12510.4501953125,0.03594081873727419,mean_spl,0.16943596729929006
state_dept,3,ChildSummaryHistGB,ChildSummaryHistGB,TX__HOBBIES_2,1568,53,777.6900024414062,0.002234197408979711,mean_spl,0.33379025979358495
state_dept,3,ChildSummaryHistGB,ChildSummaryHistGB,TX__HOUSEHOLD_1,1568,54,27891.490234375,0.08012845094908953,mean_spl,0.17373469285122783
state_dept,3,ChildSummaryHistGB,ChildSummaryHistGB,TX__HOUSEHOLD_2,1568,55,7838.919921875,0.022520148804371577,mean_spl,0.1923822714089219
state_dept,3,ChildSummaryHistGB,ChildSummaryHistGB,WI__FOODS_1,1568,56,11589.6806640625,0.03329557333804301,mean_spl,0.258346714373662
state_dept,3,ChildSummaryHistGB,ChildSummaryHistGB,WI__FOODS_2,1568,57,11911.400390625,0.03421983027492932,mean_spl,0.3742966393528765
state_dept,3,ChildSummaryHistGB,ChildSummaryHistGB,WI__FOODS_3,1568,58,31646.720703125,0.09091671639813012,mean_spl,0.28710889838130216
state_dept,3,ChildSummaryHistGB,ChildSummaryHistGB,WI__HOBBIES_1,1568,59,7710.72998046875,0.022151876569871966,mean_spl,0.1846851927252486
state_dept,3,ChildSummaryHistGB,ChildSummaryHistGB,WI__HOBBIES_2,1568,60,602.1099853515625,0.0017297799444125257,mean_spl,0.29131197741235915
state_dept,3,ChildSummaryHistGB,ChildSummaryHistGB,WI__HOUSEHOLD_1,1568,61,21364.361328125,0.0613768989879737,mean_spl,0.24804769134364982
state_dept,3,ChildSummaryHistGB,ChildSummaryHistGB,WI__HOUSEHOLD_2,1568,62,4862.2001953125,0.013968438637767233,mean_spl,0.18915371908166762
state_dept,3,ChildSummaryHistGB,ChildSummaryHistGB,CA__FOODS_1,1596,63,12277.021484375,0.036547955632554883,mean_spl,0.2237246971090875
state_dept,3,ChildSummaryHistGB,ChildSummaryHistGB,CA__FOODS_2,1596,64,12673.810546875,0.03772917284148374,mean_spl,0.23584499801232228
state_dept,3,ChildSummaryHistGB,ChildSummaryHistGB,CA__FOODS_3,1596,65,53976.66015625,0.16068527558535475,mean_spl,0.5009335130935063
state_dept,3,ChildSummaryHistGB,ChildSummaryHistGB,CA__HOBBIES_1,1596,66,17082.150390625,0.050852535802740385,mean_spl,0.23988772962044091
state_dept,3,ChildSummaryHistGB,ChildSummaryHistGB,CA__HOBBIES_2,1596,67,532.9600219726562,0.0015865899772002994,mean_spl,0.2576459644098295
state_dept,3,ChildSummaryHistGB,ChildSummaryHistGB,CA__HOUSEHOLD_1,1596,68,33890.94921875,0.10089132042071218,mean_spl,0.32459895222169
state_dept,3,ChildSummaryHistGB,ChildSummaryHistGB,CA__HOUSEHOLD_2,1596,69,13360.5205078125,0.039773467153155294,mean_spl,0.24413778984771264
state_dept,3,ChildSummaryHistGB,ChildSummaryHistGB,TX__FOODS_1,1596,70,3035.920166015625,0.009037752004648082,mean_spl,0.22083524050426678
state_dept,3,ChildSummaryHistGB,ChildSummaryHistGB,TX__FOODS_2,1596,71,17131.69921875,0.05100003968829295,mean_spl,0.3836198703109082
state_dept,3,ChildSummaryHistGB,ChildSummaryHistGB,TX__FOODS_3,1596,72,32796.19921875,0.09763231541859002,mean_spl,0.412119187373485
state_dept,3,ChildSummaryHistGB,ChildSummaryHistGB,TX__HOBBIES_1,1596,73,14882.1806640625,0.04430335805130441,mean_spl,0.24548149225284044
state_dept,3,ChildSummaryHistGB,ChildSummaryHistGB,TX__HOBBIES_2,1596,74,578.0599365234375,0.001720849714232753,mean_spl,0.34004484006305086
state_dept,3,ChildSummaryHistGB,ChildSummaryHistGB,TX__HOUSEHOLD_1,1596,75,28905.630859375,0.08605032707029008,mean_spl,0.24036856496159065
state_dept,3,ChildSummaryHistGB,ChildSummaryHistGB,TX__HOUSEHOLD_2,1596,76,7684.439453125,0.022876114744224088,mean_spl,0.30494473868877897
state_dept,3,ChildSummaryHistGB,ChildSummaryHistGB,WI__FOODS_1,1596,77,10737.1591796875,0.031963878031681686,mean_spl,0.2604947410275152
state_dept,3,ChildSummaryHistGB,ChildSummaryHistGB,WI__FOODS_2,1596,78,10716.560546875,0.031902557138899945,mean_spl,0.3034287691613617
state_dept,3,ChildSummaryHistGB,ChildSummaryHistGB,WI__FOODS_3,1596,79,29816.84765625,0.08876296474924268,mean_spl,0.2912695198602917
state_dept,3,ChildSummaryHistGB,ChildSummaryHistGB,WI__HOBBIES_1,1596,80,8227.0400390625,0.024491404101360175,mean_spl,0.22949407222957857
state_dept,3,ChildSummaryHistGB,ChildSummaryHistGB,WI__HOBBIES_2,1596,81,607.7999877929688,0.001809384060750928,mean_spl,0.30194184335126
state_dept,3,ChildSummaryHistGB,ChildSummaryHistGB,WI__HOUSEHOLD_1,1596,82,22438.740234375,0.06679878206453355,mean_spl,0.4556488449724117
state_dept,3,ChildSummaryHistGB,ChildSummaryHistGB,WI__HOUSEHOLD_2,1596,83,4563.06005859375,0.01358395574874712,mean_spl,0.21371722874030047
state_dept,3,BottomUpGlobalHistGB,BottomUpGlobalHistGB,CA__FOODS_1,1512,0,10690.37890625,0.0314285961834405,rmsse,1.0393243145448814
state_dept,3,BottomUpGlobalHistGB,BottomUpGlobalHistGB,CA__FOODS_2,1512,1,11042.0703125,0.032462532144471354,rmsse,0.5493531400619582
state_dept,3,BottomUpGlobalHistGB,BottomUpGlobalHistGB,CA__FOODS_3,1512,2,59297.6171875,0.17432879428966014,rmsse,0.32251002902127046
state_dept,3,BottomUpGlobalHistGB,BottomUpGlobalHistGB,CA__HOBBIES_1,1512,3,16501.859375,0.04851374110505905,rmsse,0.605926975826035
state_dept,3,BottomUpGlobalHistGB,BottomUpGlobalHistGB,CA__HOBBIES_2,1512,4,434.6900329589844,0.0012779432451030539,rmsse,1.2716020131457781
state_dept,3,BottomUpGlobalHistGB,BottomUpGlobalHistGB,CA__HOUSEHOLD_1,1512,5,29146.7109375,0.08568828253548658,rmsse,0.7279516106637667
state_dept,3,BottomUpGlobalHistGB,BottomUpGlobalHistGB,CA__HOUSEHOLD_2,1512,6,13427.1103515625,0.039474300476200826,rmsse,0.9108222823713155
state_dept,3,BottomUpGlobalHistGB,BottomUpGlobalHistGB,TX__FOODS_1,1512,7,3156.840087890625,0.009280779774794174,rmsse,1.2237493666366812
state_dept,3,BottomUpGlobalHistGB,BottomUpGlobalHistGB,TX__FOODS_2,1512,8,16051.3193359375,0.04718920049931041,rmsse,1.0977293241727188
state_dept,3,BottomUpGlobalHistGB,BottomUpGlobalHistGB,TX__FOODS_3,1512,9,36718.19921875,0.10794766639698256,rmsse,0.7103101132174435
state_dept,3,BottomUpGlobalHistGB,BottomUpGlobalHistGB,TX__HOBBIES_1,1512,10,14444.279296875,0.042464670818815414,rmsse,0.8381365627670095
state_dept,3,BottomUpGlobalHistGB,BottomUpGlobalHistGB,TX__HOBBIES_2,1512,11,721.3800048828125,0.002120781785855632,rmsse,1.4302752143882598
state_dept,3,BottomUpGlobalHistGB,BottomUpGlobalHistGB,TX__HOUSEHOLD_1,1512,12,28868.6484375,0.08487080786008955,rmsse,0.6829962693699719
state_dept,3,BottomUpGlobalHistGB,BottomUpGlobalHistGB,TX__HOUSEHOLD_2,1512,13,8715.099609375,0.025621481588587347,rmsse,1.2237999915961355
state_dept,3,BottomUpGlobalHistGB,BottomUpGlobalHistGB,WI__FOODS_1,1512,14,9523.1796875,0.02799715252429438,rmsse,0.9435221312984462
state_dept,3,BottomUpGlobalHistGB,BottomUpGlobalHistGB,WI__FOODS_2,1512,15,14241.740234375,0.04186922715283239,rmsse,1.147297537254941
state_dept,3,BottomUpGlobalHistGB,BottomUpGlobalHistGB,WI__FOODS_3,1512,16,31636.806640625,0.09300890353479298,rmsse,0.5254050557513188
state_dept,3,BottomUpGlobalHistGB,BottomUpGlobalHistGB,WI__HOBBIES_1,1512,17,7993.810546875,0.023500967163828122,rmsse,0.6439052166236335
state_dept,3,BottomUpGlobalHistGB,BottomUpGlobalHistGB,WI__HOBBIES_2,1512,18,668.18994140625,0.00196440856086179,rmsse,1.28120783103728
state_dept,3,BottomUpGlobalHistGB,BottomUpGlobalHistGB,WI__HOUSEHOLD_1,1512,19,21880.921875,0.06432762241277876,rmsse,0.9141897170731331
state_dept,3,BottomUpGlobalHistGB,BottomUpGlobalHistGB,WI__HOUSEHOLD_2,1512,20,4987.2998046875,0.014662139946754997,rmsse,1.4861411682563856
state_dept,3,BottomUpGlobalHistGB,BottomUpGlobalHistGB,CA__FOODS_1,1540,21,12192.9306640625,0.035410846416928064,rmsse,0.5773055250145902
state_dept,3,BottomUpGlobalHistGB,BottomUpGlobalHistGB,CA__FOODS_2,1540,22,12227.5498046875,0.03551138771463028,rmsse,0.6176487001302746
state_dept,3,BottomUpGlobalHistGB,BottomUpGlobalHistGB,CA__FOODS_3,1540,23,64847.46484375,0.1883307369964228,rmsse,1.0126768368790142
state_dept,3,BottomUpGlobalHistGB,BottomUpGlobalHistGB,CA__HOBBIES_1,1540,24,16357.259765625,0.04750493784644838,rmsse,0.5001744212802078
state_dept,3,BottomUpGlobalHistGB,BottomUpGlobalHistGB,CA__HOBBIES_2,1540,25,532.030029296875,0.001545127596940529,rmsse,1.475564159782589
state_dept,3,BottomUpGlobalHistGB,BottomUpGlobalHistGB,CA__HOUSEHOLD_1,1540,26,32217.75,0.09356715203109894,rmsse,0.7119078798932065
state_dept,3,BottomUpGlobalHistGB,BottomUpGlobalHistGB,CA__HOUSEHOLD_2,1540,27,13982.7802734375,0.040608947790028105,rmsse,0.7387385123472996
state_dept,3,BottomUpGlobalHistGB,BottomUpGlobalHistGB,TX__FOODS_1,1540,28,3069.800048828125,0.008915347840050164,rmsse,0.7244168582862361
state_dept,3,BottomUpGlobalHistGB,BottomUpGlobalHistGB,TX__FOODS_2,1540,29,15332.8291015625,0.04452977478603431,rmsse,0.7207141265548311
state_dept,3,BottomUpGlobalHistGB,BottomUpGlobalHistGB,TX__FOODS_3,1540,30,37792.953125,0.10975871967319478,rmsse,0.4408597829765908
state_dept,3,BottomUpGlobalHistGB,BottomUpGlobalHistGB,TX__HOBBIES_1,1540,31,13112.2109375,0.0380806305298446,rmsse,0.6630316485291372
state_dept,3,BottomUpGlobalHistGB,BottomUpGlobalHistGB,TX__HOBBIES_2,1540,32,605.989990234375,0.0017599229476168861,rmsse,1.150910999248209
state_dept,3,BottomUpGlobalHistGB,BottomUpGlobalHistGB,TX__HOUSEHOLD_1,1540,33,28408.98046875,0.08250568070607202,rmsse,0.6724102921877141
state_dept,3,BottomUpGlobalHistGB,BottomUpGlobalHistGB,TX__HOUSEHOLD_2,1540,34,8188.3310546875,0.023780643175731208,rmsse,1.313655858838224
state_dept,3,BottomUpGlobalHistGB,BottomUpGlobalHistGB,WI__FOODS_1,1540,35,10300.3486328125,0.029914388388378746,rmsse,0.9218711544404908
state_dept,3,BottomUpGlobalHistGB,BottomUpGlobalHistGB,WI__FOODS_2,1540,36,12159.419921875,0.03531352414243861,rmsse,0.8316790416075567
state_dept,3,BottomUpGlobalHistGB,BottomUpGlobalHistGB,WI__FOODS_3,1540,37,29559.939453125,0.08584830873790462,rmsse,0.609762618184193
state_dept,3,BottomUpGlobalHistGB,BottomUpGlobalHistGB,WI__HOBBIES_1,1540,38,6916.42041015625,0.020086745971648723,rmsse,0.5947944232056814
state_dept,3,BottomUpGlobalHistGB,BottomUpGlobalHistGB,WI__HOBBIES_2,1540,39,677.5800170898438,0.001967835509068139,rmsse,1.5432467377179309
state_dept,3,BottomUpGlobalHistGB,BottomUpGlobalHistGB,WI__HOUSEHOLD_1,1540,40,20884.240234375,0.060652245456736094,rmsse,0.906507867923752
state_dept,3,BottomUpGlobalHistGB,BottomUpGlobalHistGB,WI__HOUSEHOLD_2,1540,41,4960.76025390625,0.014407095742783997,rmsse,1.525125469756265
state_dept,3,BottomUpGlobalHistGB,BottomUpGlobalHistGB,CA__FOODS_1,1568,42,11792.8583984375,0.033879275283905684,rmsse,0.7239626281056997
state_dept,3,BottomUpGlobalHistGB,BottomUpGlobalHistGB,CA__FOODS_2,1568,43,13178.0,0.03785859836580953,rmsse,0.7544565592672239
state_dept,3,BottomUpGlobalHistGB,BottomUpGlobalHistGB,CA__FOODS_3,1568,44,68112.484375,0.19567788660271682,rmsse,1.060582779868903
state_dept,3,BottomUpGlobalHistGB,BottomUpGlobalHistGB,CA__HOBBIES_1,1568,45,15952.5,0.04582935881245838,rmsse,0.6379947046410555
state_dept,3,BottomUpGlobalHistGB,BottomUpGlobalHistGB,CA__HOBBIES_2,1568,46,463.7000427246094,0.0013321470389831313,rmsse,1.2463082591719328
state_dept,3,BottomUpGlobalHistGB,BottomUpGlobalHistGB,CA__HOUSEHOLD_1,1568,47,31119.90234375,0.08940323903591181,rmsse,0.9480676862302954
state_dept,3,BottomUpGlobalHistGB,BottomUpGlobalHistGB,CA__HOUSEHOLD_2,1568,48,13990.599609375,0.04019308631872665,rmsse,0.753778131361768
state_dept,3,BottomUpGlobalHistGB,BottomUpGlobalHistGB,TX__FOODS_1,1568,49,3038.590087890625,0.008729455284245033,rmsse,0.7966252330517695
state_dept,3,BottomUpGlobalHistGB,BottomUpGlobalHistGB,TX__FOODS_2,1568,50,15714.041015625,0.045144298642768595,rmsse,0.8108928943318178
state_dept,3,BottomUpGlobalHistGB,BottomUpGlobalHistGB,TX__FOODS_3,1568,51,36016.30078125,0.10346992456363148,rmsse,0.9372485323043473
state_dept,3,BottomUpGlobalHistGB,BottomUpGlobalHistGB,TX__HOBBIES_1,1568,52,12510.4501953125,0.03594081873727419,rmsse,0.5658496528337772
state_dept,3,BottomUpGlobalHistGB,BottomUpGlobalHistGB,TX__HOBBIES_2,1568,53,777.6900024414062,0.002234197408979711,rmsse,2.033904261045635
state_dept,3,BottomUpGlobalHistGB,BottomUpGlobalHistGB,TX__HOUSEHOLD_1,1568,54,27891.490234375,0.08012845094908953,rmsse,0.5502887187106379
state_dept,3,BottomUpGlobalHistGB,BottomUpGlobalHistGB,TX__HOUSEHOLD_2,1568,55,7838.919921875,0.022520148804371577,rmsse,1.0044794287194305
state_dept,3,BottomUpGlobalHistGB,BottomUpGlobalHistGB,WI__FOODS_1,1568,56,11589.6806640625,0.03329557333804301,rmsse,0.9601596123583273
state_dept,3,BottomUpGlobalHistGB,BottomUpGlobalHistGB,WI__FOODS_2,1568,57,11911.400390625,0.03421983027492932,rmsse,0.9615135988619304
state_dept,3,BottomUpGlobalHistGB,BottomUpGlobalHistGB,WI__FOODS_3,1568,58,31646.720703125,0.09091671639813012,rmsse,0.6235392802958373
state_dept,3,BottomUpGlobalHistGB,BottomUpGlobalHistGB,WI__HOBBIES_1,1568,59,7710.72998046875,0.022151876569871966,rmsse,0.630665524708415
state_dept,3,BottomUpGlobalHistGB,BottomUpGlobalHistGB,WI__HOBBIES_2,1568,60,602.1099853515625,0.0017297799444125257,rmsse,1.5971446485714187
state_dept,3,BottomUpGlobalHistGB,BottomUpGlobalHistGB,WI__HOUSEHOLD_1,1568,61,21364.361328125,0.0613768989879737,rmsse,0.9762288347554368
state_dept,3,BottomUpGlobalHistGB,BottomUpGlobalHistGB,WI__HOUSEHOLD_2,1568,62,4862.2001953125,0.013968438637767233,rmsse,1.6058608101068987
state_dept,3,BottomUpGlobalHistGB,BottomUpGlobalHistGB,CA__FOODS_1,1596,63,12277.021484375,0.036547955632554883,rmsse,0.9731027253268475
state_dept,3,BottomUpGlobalHistGB,BottomUpGlobalHistGB,CA__FOODS_2,1596,64,12673.810546875,0.03772917284148374,rmsse,0.8139132980099522
state_dept,3,BottomUpGlobalHistGB,BottomUpGlobalHistGB,CA__FOODS_3,1596,65,53976.66015625,0.16068527558535475,rmsse,1.191378522724078
state_dept,3,BottomUpGlobalHistGB,BottomUpGlobalHistGB,CA__HOBBIES_1,1596,66,17082.150390625,0.050852535802740385,rmsse,0.7265013240134047
state_dept,3,BottomUpGlobalHistGB,BottomUpGlobalHistGB,CA__HOBBIES_2,1596,67,532.9600219726562,0.0015865899772002994,rmsse,1.7905811766839834
state_dept,3,BottomUpGlobalHistGB,BottomUpGlobalHistGB,CA__HOUSEHOLD_1,1596,68,33890.94921875,0.10089132042071218,rmsse,0.717045756627561
state_dept,3,BottomUpGlobalHistGB,BottomUpGlobalHistGB,CA__HOUSEHOLD_2,1596,69,13360.5205078125,0.039773467153155294,rmsse,0.8978858857304761
state_dept,3,BottomUpGlobalHistGB,BottomUpGlobalHistGB,TX__FOODS_1,1596,70,3035.920166015625,0.009037752004648082,rmsse,0.812277091685121
state_dept,3,BottomUpGlobalHistGB,BottomUpGlobalHistGB,TX__FOODS_2,1596,71,17131.69921875,0.05100003968829295,rmsse,1.3471317758538448
state_dept,3,BottomUpGlobalHistGB,BottomUpGlobalHistGB,TX__FOODS_3,1596,72,32796.19921875,0.09763231541859002,rmsse,1.3451677510105957
state_dept,3,BottomUpGlobalHistGB,BottomUpGlobalHistGB,TX__HOBBIES_1,1596,73,14882.1806640625,0.04430335805130441,rmsse,0.930793621292116
state_dept,3,BottomUpGlobalHistGB,BottomUpGlobalHistGB,TX__HOBBIES_2,1596,74,578.0599365234375,0.001720849714232753,rmsse,1.522244196140702
state_dept,3,BottomUpGlobalHistGB,BottomUpGlobalHistGB,TX__HOUSEHOLD_1,1596,75,28905.630859375,0.08605032707029008,rmsse,0.8934022560976965
state_dept,3,BottomUpGlobalHistGB,BottomUpGlobalHistGB,TX__HOUSEHOLD_2,1596,76,7684.439453125,0.022876114744224088,rmsse,1.6160776494046516
state_dept,3,BottomUpGlobalHistGB,BottomUpGlobalHistGB,WI__FOODS_1,1596,77,10737.1591796875,0.031963878031681686,rmsse,1.098210220508881
state_dept,3,BottomUpGlobalHistGB,BottomUpGlobalHistGB,WI__FOODS_2,1596,78,10716.560546875,0.031902557138899945,rmsse,1.028194724811435
state_dept,3,BottomUpGlobalHistGB,BottomUpGlobalHistGB,WI__FOODS_3,1596,79,29816.84765625,0.08876296474924268,rmsse,0.83824406682036
state_dept,3,BottomUpGlobalHistGB,BottomUpGlobalHistGB,WI__HOBBIES_1,1596,80,8227.0400390625,0.024491404101360175,rmsse,0.9054041790282544
state_dept,3,BottomUpGlobalHistGB,BottomUpGlobalHistGB,WI__HOBBIES_2,1596,81,607.7999877929688,0.001809384060750928,rmsse,1.5889970026504285
state_dept,3,BottomUpGlobalHistGB,BottomUpGlobalHistGB,WI__HOUSEHOLD_1,1596,82,22438.740234375,0.06679878206453355,rmsse,1.024060370257143
state_dept,3,BottomUpGlobalHistGB,BottomUpGlobalHistGB,WI__HOUSEHOLD_2,1596,83,4563.06005859375,0.01358395574874712,rmsse,1.4409369309220466
state_dept,3,BottomUpGlobalHistGB,BottomUpGlobalHistGB,CA__FOODS_1,1512,0,10690.37890625,0.0314285961834405,mean_spl,0.27150549988591777
state_dept,3,BottomUpGlobalHistGB,BottomUpGlobalHistGB,CA__FOODS_2,1512,1,11042.0703125,0.032462532144471354,mean_spl,0.15901018187001667
state_dept,3,BottomUpGlobalHistGB,BottomUpGlobalHistGB,CA__FOODS_3,1512,2,59297.6171875,0.17432879428966014,mean_spl,0.10277147767625894
state_dept,3,BottomUpGlobalHistGB,BottomUpGlobalHistGB,CA__HOBBIES_1,1512,3,16501.859375,0.04851374110505905,mean_spl,0.14810951866205455
state_dept,3,BottomUpGlobalHistGB,BottomUpGlobalHistGB,CA__HOBBIES_2,1512,4,434.6900329589844,0.0012779432451030539,mean_spl,0.5219263070993896
state_dept,3,BottomUpGlobalHistGB,BottomUpGlobalHistGB,CA__HOUSEHOLD_1,1512,5,29146.7109375,0.08568828253548658,mean_spl,0.1872832677441536
state_dept,3,BottomUpGlobalHistGB,BottomUpGlobalHistGB,CA__HOUSEHOLD_2,1512,6,13427.1103515625,0.039474300476200826,mean_spl,0.22830967482734887
state_dept,3,BottomUpGlobalHistGB,BottomUpGlobalHistGB,TX__FOODS_1,1512,7,3156.840087890625,0.009280779774794174,mean_spl,0.30895661710240196
state_dept,3,BottomUpGlobalHistGB,BottomUpGlobalHistGB,TX__FOODS_2,1512,8,16051.3193359375,0.04718920049931041,mean_spl,0.26286121153325565
state_dept,3,BottomUpGlobalHistGB,BottomUpGlobalHistGB,TX__FOODS_3,1512,9,36718.19921875,0.10794766639698256,mean_spl,0.20799492692394805
state_dept,3,BottomUpGlobalHistGB,BottomUpGlobalHistGB,TX__HOBBIES_1,1512,10,14444.279296875,0.042464670818815414,mean_spl,0.21312406980918627
state_dept,3,BottomUpGlobalHistGB,BottomUpGlobalHistGB,TX__HOBBIES_2,1512,11,721.3800048828125,0.002120781785855632,mean_spl,0.6598520708444897
state_dept,3,BottomUpGlobalHistGB,BottomUpGlobalHistGB,TX__HOUSEHOLD_1,1512,12,28868.6484375,0.08487080786008955,mean_spl,0.19303569132212114
state_dept,3,BottomUpGlobalHistGB,BottomUpGlobalHistGB,TX__HOUSEHOLD_2,1512,13,8715.099609375,0.025621481588587347,mean_spl,0.2914606141381524
state_dept,3,BottomUpGlobalHistGB,BottomUpGlobalHistGB,WI__FOODS_1,1512,14,9523.1796875,0.02799715252429438,mean_spl,0.2710377342033843
state_dept,3,BottomUpGlobalHistGB,BottomUpGlobalHistGB,WI__FOODS_2,1512,15,14241.740234375,0.04186922715283239,mean_spl,0.2877601938923801
state_dept,3,BottomUpGlobalHistGB,BottomUpGlobalHistGB,WI__FOODS_3,1512,16,31636.806640625,0.09300890353479298,mean_spl,0.16053707990517618
state_dept,3,BottomUpGlobalHistGB,BottomUpGlobalHistGB,WI__HOBBIES_1,1512,17,7993.810546875,0.023500967163828122,mean_spl,0.16253161616370865
state_dept,3,BottomUpGlobalHistGB,BottomUpGlobalHistGB,WI__HOBBIES_2,1512,18,668.18994140625,0.00196440856086179,mean_spl,0.6049570156699062
state_dept,3,BottomUpGlobalHistGB,BottomUpGlobalHistGB,WI__HOUSEHOLD_1,1512,19,21880.921875,0.06432762241277876,mean_spl,0.23440026615778115
state_dept,3,BottomUpGlobalHistGB,BottomUpGlobalHistGB,WI__HOUSEHOLD_2,1512,20,4987.2998046875,0.014662139946754997,mean_spl,0.3440042677128741
state_dept,3,BottomUpGlobalHistGB,BottomUpGlobalHistGB,CA__FOODS_1,1540,21,12192.9306640625,0.035410846416928064,mean_spl,0.1622423311954024
state_dept,3,BottomUpGlobalHistGB,BottomUpGlobalHistGB,CA__FOODS_2,1540,22,12227.5498046875,0.03551138771463028,mean_spl,0.17347836573190528
state_dept,3,BottomUpGlobalHistGB,BottomUpGlobalHistGB,CA__FOODS_3,1540,23,64847.46484375,0.1883307369964228,mean_spl,0.41499399318193164
state_dept,3,BottomUpGlobalHistGB,BottomUpGlobalHistGB,CA__HOBBIES_1,1540,24,16357.259765625,0.04750493784644838,mean_spl,0.11960210558674247
state_dept,3,BottomUpGlobalHistGB,BottomUpGlobalHistGB,CA__HOBBIES_2,1540,25,532.030029296875,0.001545127596940529,mean_spl,0.523374876859503
state_dept,3,BottomUpGlobalHistGB,BottomUpGlobalHistGB,CA__HOUSEHOLD_1,1540,26,32217.75,0.09356715203109894,mean_spl,0.17752790439199886
state_dept,3,BottomUpGlobalHistGB,BottomUpGlobalHistGB,CA__HOUSEHOLD_2,1540,27,13982.7802734375,0.040608947790028105,mean_spl,0.19569500660641853
state_dept,3,BottomUpGlobalHistGB,BottomUpGlobalHistGB,TX__FOODS_1,1540,28,3069.800048828125,0.008915347840050164,mean_spl,0.2603859780082745
state_dept,3,BottomUpGlobalHistGB,BottomUpGlobalHistGB,TX__FOODS_2,1540,29,15332.8291015625,0.04452977478603431,mean_spl,0.18291642802156793
state_dept,3,BottomUpGlobalHistGB,BottomUpGlobalHistGB,TX__FOODS_3,1540,30,37792.953125,0.10975871967319478,mean_spl,0.1244550942024082
state_dept,3,BottomUpGlobalHistGB,BottomUpGlobalHistGB,TX__HOBBIES_1,1540,31,13112.2109375,0.0380806305298446,mean_spl,0.18084366123725432
state_dept,3,BottomUpGlobalHistGB,BottomUpGlobalHistGB,TX__HOBBIES_2,1540,32,605.989990234375,0.0017599229476168861,mean_spl,0.6595133986835657
state_dept,3,BottomUpGlobalHistGB,BottomUpGlobalHistGB,TX__HOUSEHOLD_1,1540,33,28408.98046875,0.08250568070607202,mean_spl,0.17742570917975028
state_dept,3,BottomUpGlobalHistGB,BottomUpGlobalHistGB,TX__HOUSEHOLD_2,1540,34,8188.3310546875,0.023780643175731208,mean_spl,0.28977081703311947
state_dept,3,BottomUpGlobalHistGB,BottomUpGlobalHistGB,WI__FOODS_1,1540,35,10300.3486328125,0.029914388388378746,mean_spl,0.25433009569233095
state_dept,3,BottomUpGlobalHistGB,BottomUpGlobalHistGB,WI__FOODS_2,1540,36,12159.419921875,0.03531352414243861,mean_spl,0.21256974951447088
state_dept,3,BottomUpGlobalHistGB,BottomUpGlobalHistGB,WI__FOODS_3,1540,37,29559.939453125,0.08584830873790462,mean_spl,0.169408961677715
state_dept,3,BottomUpGlobalHistGB,BottomUpGlobalHistGB,WI__HOBBIES_1,1540,38,6916.42041015625,0.020086745971648723,mean_spl,0.16573383581095077
state_dept,3,BottomUpGlobalHistGB,BottomUpGlobalHistGB,WI__HOBBIES_2,1540,39,677.5800170898438,0.001967835509068139,mean_spl,0.6170010244111654
state_dept,3,BottomUpGlobalHistGB,BottomUpGlobalHistGB,WI__HOUSEHOLD_1,1540,40,20884.240234375,0.060652245456736094,mean_spl,0.21420477871041946
state_dept,3,BottomUpGlobalHistGB,BottomUpGlobalHistGB,WI__HOUSEHOLD_2,1540,41,4960.76025390625,0.014407095742783997,mean_spl,0.35164561524481164
state_dept,3,BottomUpGlobalHistGB,BottomUpGlobalHistGB,CA__FOODS_1,1568,42,11792.8583984375,0.033879275283905684,mean_spl,0.18984554095229086
state_dept,3,BottomUpGlobalHistGB,BottomUpGlobalHistGB,CA__FOODS_2,1568,43,13178.0,0.03785859836580953,mean_spl,0.17416848329532267
state_dept,3,BottomUpGlobalHistGB,BottomUpGlobalHistGB,CA__FOODS_3,1568,44,68112.484375,0.19567788660271682,mean_spl,0.5160816678580107
state_dept,3,BottomUpGlobalHistGB,BottomUpGlobalHistGB,CA__HOBBIES_1,1568,45,15952.5,0.04582935881245838,mean_spl,0.1641511183482017
state_dept,3,BottomUpGlobalHistGB,BottomUpGlobalHistGB,CA__HOBBIES_2,1568,46,463.7000427246094,0.0013321470389831313,mean_spl,0.500113086785426
state_dept,3,BottomUpGlobalHistGB,BottomUpGlobalHistGB,CA__HOUSEHOLD_1,1568,47,31119.90234375,0.08940323903591181,mean_spl,0.25459095466058396
state_dept,3,BottomUpGlobalHistGB,BottomUpGlobalHistGB,CA__HOUSEHOLD_2,1568,48,13990.599609375,0.04019308631872665,mean_spl,0.18554580755136058
state_dept,3,BottomUpGlobalHistGB,BottomUpGlobalHistGB,TX__FOODS_1,1568,49,3038.590087890625,0.008729455284245033,mean_spl,0.25729811565590044
state_dept,3,BottomUpGlobalHistGB,BottomUpGlobalHistGB,TX__FOODS_2,1568,50,15714.041015625,0.045144298642768595,mean_spl,0.21343356208289516
state_dept,3,BottomUpGlobalHistGB,BottomUpGlobalHistGB,TX__FOODS_3,1568,51,36016.30078125,0.10346992456363148,mean_spl,0.2915747312192292
state_dept,3,BottomUpGlobalHistGB,BottomUpGlobalHistGB,TX__HOBBIES_1,1568,52,12510.4501953125,0.03594081873727419,mean_spl,0.16346473705113354
state_dept,3,BottomUpGlobalHistGB,BottomUpGlobalHistGB,TX__HOBBIES_2,1568,53,777.6900024414062,0.002234197408979711,mean_spl,0.6473491805603016
state_dept,3,BottomUpGlobalHistGB,BottomUpGlobalHistGB,TX__HOUSEHOLD_1,1568,54,27891.490234375,0.08012845094908953,mean_spl,0.15360011753443426
state_dept,3,BottomUpGlobalHistGB,BottomUpGlobalHistGB,TX__HOUSEHOLD_2,1568,55,7838.919921875,0.022520148804371577,mean_spl,0.2567837731683369
state_dept,3,BottomUpGlobalHistGB,BottomUpGlobalHistGB,WI__FOODS_1,1568,56,11589.6806640625,0.03329557333804301,mean_spl,0.249569523605525
state_dept,3,BottomUpGlobalHistGB,BottomUpGlobalHistGB,WI__FOODS_2,1568,57,11911.400390625,0.03421983027492932,mean_spl,0.22696403768092205
state_dept,3,BottomUpGlobalHistGB,BottomUpGlobalHistGB,WI__FOODS_3,1568,58,31646.720703125,0.09091671639813012,mean_spl,0.19563398067063867
state_dept,3,BottomUpGlobalHistGB,BottomUpGlobalHistGB,WI__HOBBIES_1,1568,59,7710.72998046875,0.022151876569871966,mean_spl,0.1681791868153472
state_dept,3,BottomUpGlobalHistGB,BottomUpGlobalHistGB,WI__HOBBIES_2,1568,60,602.1099853515625,0.0017297799444125257,mean_spl,0.5993499294216148
state_dept,3,BottomUpGlobalHistGB,BottomUpGlobalHistGB,WI__HOUSEHOLD_1,1568,61,21364.361328125,0.0613768989879737,mean_spl,0.2579177757429105
state_dept,3,BottomUpGlobalHistGB,BottomUpGlobalHistGB,WI__HOUSEHOLD_2,1568,62,4862.2001953125,0.013968438637767233,mean_spl,0.3516676831159413
state_dept,3,BottomUpGlobalHistGB,BottomUpGlobalHistGB,CA__FOODS_1,1596,63,12277.021484375,0.036547955632554883,mean_spl,0.26886919962875416
state_dept,3,BottomUpGlobalHistGB,BottomUpGlobalHistGB,CA__FOODS_2,1596,64,12673.810546875,0.03772917284148374,mean_spl,0.2017418493199753
state_dept,3,BottomUpGlobalHistGB,BottomUpGlobalHistGB,CA__FOODS_3,1596,65,53976.66015625,0.16068527558535475,mean_spl,0.5087198878919527
state_dept,3,BottomUpGlobalHistGB,BottomUpGlobalHistGB,CA__HOBBIES_1,1596,66,17082.150390625,0.050852535802740385,mean_spl,0.18583215538130776
state_dept,3,BottomUpGlobalHistGB,BottomUpGlobalHistGB,CA__HOBBIES_2,1596,67,532.9600219726562,0.0015865899772002994,mean_spl,0.5263140049541025
state_dept,3,BottomUpGlobalHistGB,BottomUpGlobalHistGB,CA__HOUSEHOLD_1,1596,68,33890.94921875,0.10089132042071218,mean_spl,0.1795184993563472
state_dept,3,BottomUpGlobalHistGB,BottomUpGlobalHistGB,CA__HOUSEHOLD_2,1596,69,13360.5205078125,0.039773467153155294,mean_spl,0.23544738186596648
state_dept,3,BottomUpGlobalHistGB,BottomUpGlobalHistGB,TX__FOODS_1,1596,70,3035.920166015625,0.009037752004648082,mean_spl,0.2948810013243368
state_dept,3,BottomUpGlobalHistGB,BottomUpGlobalHistGB,TX__FOODS_2,1596,71,17131.69921875,0.05100003968829295,mean_spl,0.3142363677366502
state_dept,3,BottomUpGlobalHistGB,BottomUpGlobalHistGB,TX__FOODS_3,1596,72,32796.19921875,0.09763231541859002,mean_spl,0.33863201155912726
state_dept,3,BottomUpGlobalHistGB,BottomUpGlobalHistGB,TX__HOBBIES_1,1596,73,14882.1806640625,0.04430335805130441,mean_spl,0.2238481578545498
state_dept,3,BottomUpGlobalHistGB,BottomUpGlobalHistGB,TX__HOBBIES_2,1596,74,578.0599365234375,0.001720849714232753,mean_spl,0.643278302025865
state_dept,3,BottomUpGlobalHistGB,BottomUpGlobalHistGB,TX__HOUSEHOLD_1,1596,75,28905.630859375,0.08605032707029008,mean_spl,0.2315009897138858
state_dept,3,BottomUpGlobalHistGB,BottomUpGlobalHistGB,TX__HOUSEHOLD_2,1596,76,7684.439453125,0.022876114744224088,mean_spl,0.35613020127425316
state_dept,3,BottomUpGlobalHistGB,BottomUpGlobalHistGB,WI__FOODS_1,1596,77,10737.1591796875,0.031963878031681686,mean_spl,0.3156738374545926
state_dept,3,BottomUpGlobalHistGB,BottomUpGlobalHistGB,WI__FOODS_2,1596,78,10716.560546875,0.031902557138899945,mean_spl,0.2605748595136905
state_dept,3,BottomUpGlobalHistGB,BottomUpGlobalHistGB,WI__FOODS_3,1596,79,29816.84765625,0.08876296474924268,mean_spl,0.2397891013800414
state_dept,3,BottomUpGlobalHistGB,BottomUpGlobalHistGB,WI__HOBBIES_1,1596,80,8227.0400390625,0.024491404101360175,mean_spl,0.2220440168414767
state_dept,3,BottomUpGlobalHistGB,BottomUpGlobalHistGB,WI__HOBBIES_2,1596,81,607.7999877929688,0.001809384060750928,mean_spl,0.603786086813888
state_dept,3,BottomUpGlobalHistGB,BottomUpGlobalHistGB,WI__HOUSEHOLD_1,1596,82,22438.740234375,0.06679878206453355,mean_spl,0.2646783620471161
state_dept,3,BottomUpGlobalHistGB,BottomUpGlobalHistGB,WI__HOUSEHOLD_2,1596,83,4563.06005859375,0.01358395574874712,mean_spl,0.32951892827721085
state_dept,4,SeasonalNaive,SeasonalNaive,CA__FOODS_1,1568,0,11792.8583984375,0.033879275283905684,rmsse,0.8173949959941965
state_dept,4,SeasonalNaive,SeasonalNaive,CA__FOODS_2,1568,1,13178.0,0.03785859836580953,rmsse,1.086417920917398
state_dept,4,SeasonalNaive,SeasonalNaive,CA__FOODS_3,1568,2,68112.484375,0.19567788660271682,rmsse,1.151852898706765
state_dept,4,SeasonalNaive,SeasonalNaive,CA__HOBBIES_1,1568,3,15952.5,0.04582935881245838,rmsse,0.7035715818701701
state_dept,4,SeasonalNaive,SeasonalNaive,CA__HOBBIES_2,1568,4,463.7000427246094,0.0013321470389831313,rmsse,0.5940822409295385
state_dept,4,SeasonalNaive,SeasonalNaive,CA__HOUSEHOLD_1,1568,5,31119.90234375,0.08940323903591181,rmsse,1.1663013618954121
state_dept,4,SeasonalNaive,SeasonalNaive,CA__HOUSEHOLD_2,1568,6,13990.599609375,0.04019308631872665,rmsse,0.7615207575410813
state_dept,4,SeasonalNaive,SeasonalNaive,TX__FOODS_1,1568,7,3038.590087890625,0.008729455284245033,rmsse,1.0104646017145962
state_dept,4,SeasonalNaive,SeasonalNaive,TX__FOODS_2,1568,8,15714.041015625,0.045144298642768595,rmsse,1.146130052477702
state_dept,4,SeasonalNaive,SeasonalNaive,TX__FOODS_3,1568,9,36016.30078125,0.10346992456363148,rmsse,1.0260865669735781
state_dept,4,SeasonalNaive,SeasonalNaive,TX__HOBBIES_1,1568,10,12510.4501953125,0.03594081873727419,rmsse,0.7138103356041121
state_dept,4,SeasonalNaive,SeasonalNaive,TX__HOBBIES_2,1568,11,777.6900024414062,0.002234197408979711,rmsse,1.6570780321271048
state_dept,4,SeasonalNaive,SeasonalNaive,TX__HOUSEHOLD_1,1568,12,27891.490234375,0.08012845094908953,rmsse,0.7890028905187868
state_dept,4,SeasonalNaive,SeasonalNaive,TX__HOUSEHOLD_2,1568,13,7838.919921875,0.022520148804371577,rmsse,0.9185641243627602
state_dept,4,SeasonalNaive,SeasonalNaive,WI__FOODS_1,1568,14,11589.6806640625,0.03329557333804301,rmsse,1.3520355818596657
state_dept,4,SeasonalNaive,SeasonalNaive,WI__FOODS_2,1568,15,11911.400390625,0.03421983027492932,rmsse,1.5486695915644728
state_dept,4,SeasonalNaive,SeasonalNaive,WI__FOODS_3,1568,16,31646.720703125,0.09091671639813012,rmsse,0.9591979431604742
state_dept,4,SeasonalNaive,SeasonalNaive,WI__HOBBIES_1,1568,17,7710.72998046875,0.022151876569871966,rmsse,0.7363346136504244
state_dept,4,SeasonalNaive,SeasonalNaive,WI__HOBBIES_2,1568,18,602.1099853515625,0.0017297799444125257,rmsse,0.7326296573403827
state_dept,4,SeasonalNaive,SeasonalNaive,WI__HOUSEHOLD_1,1568,19,21364.361328125,0.0613768989879737,rmsse,1.0488960863841683
state_dept,4,SeasonalNaive,SeasonalNaive,WI__HOUSEHOLD_2,1568,20,4862.2001953125,0.013968438637767233,rmsse,0.9938662437930589
state_dept,4,SeasonalNaive,SeasonalNaive,CA__FOODS_1,1596,21,12277.021484375,0.036547955632554883,rmsse,0.7260774910975278
state_dept,4,SeasonalNaive,SeasonalNaive,CA__FOODS_2,1596,22,12673.810546875,0.03772917284148374,rmsse,0.9941199247342625
state_dept,4,SeasonalNaive,SeasonalNaive,CA__FOODS_3,1596,23,53976.66015625,0.16068527558535475,rmsse,0.9500592149805851
state_dept,4,SeasonalNaive,SeasonalNaive,CA__HOBBIES_1,1596,24,17082.150390625,0.050852535802740385,rmsse,0.9701422900287392
state_dept,4,SeasonalNaive,SeasonalNaive,CA__HOBBIES_2,1596,25,532.9600219726562,0.0015865899772002994,rmsse,1.1066440383197322
state_dept,4,SeasonalNaive,SeasonalNaive,CA__HOUSEHOLD_1,1596,26,33890.94921875,0.10089132042071218,rmsse,1.0384286523731665
state_dept,4,SeasonalNaive,SeasonalNaive,CA__HOUSEHOLD_2,1596,27,13360.5205078125,0.039773467153155294,rmsse,1.1565763608320911
state_dept,4,SeasonalNaive,SeasonalNaive,TX__FOODS_1,1596,28,3035.920166015625,0.009037752004648082,rmsse,0.9481323048217496
state_dept,4,SeasonalNaive,SeasonalNaive,TX__FOODS_2,1596,29,17131.69921875,0.05100003968829295,rmsse,1.7898884282054295
state_dept,4,SeasonalNaive,SeasonalNaive,TX__FOODS_3,1596,30,32796.19921875,0.09763231541859002,rmsse,1.58069075548729
state_dept,4,SeasonalNaive,SeasonalNaive,TX__HOBBIES_1,1596,31,14882.1806640625,0.04430335805130441,rmsse,0.9499339106792717
state_dept,4,SeasonalNaive,SeasonalNaive,TX__HOBBIES_2,1596,32,578.0599365234375,0.001720849714232753,rmsse,1.1472845486572363
state_dept,4,SeasonalNaive,SeasonalNaive,TX__HOUSEHOLD_1,1596,33,28905.630859375,0.08605032707029008,rmsse,0.9619537108283994
state_dept,4,SeasonalNaive,SeasonalNaive,TX__HOUSEHOLD_2,1596,34,7684.439453125,0.022876114744224088,rmsse,1.0027599126371074
state_dept,4,SeasonalNaive,SeasonalNaive,WI__FOODS_1,1596,35,10737.1591796875,0.031963878031681686,rmsse,0.7975985217341699
state_dept,4,SeasonalNaive,SeasonalNaive,WI__FOODS_2,1596,36,10716.560546875,0.031902557138899945,rmsse,1.3393570593619228
state_dept,4,SeasonalNaive,SeasonalNaive,WI__FOODS_3,1596,37,29816.84765625,0.08876296474924268,rmsse,1.094513007369669
state_dept,4,SeasonalNaive,SeasonalNaive,WI__HOBBIES_1,1596,38,8227.0400390625,0.024491404101360175,rmsse,0.7534592253115637
state_dept,4,SeasonalNaive,SeasonalNaive,WI__HOBBIES_2,1596,39,607.7999877929688,0.001809384060750928,rmsse,0.9317007400363034
state_dept,4,SeasonalNaive,SeasonalNaive,WI__HOUSEHOLD_1,1596,40,22438.740234375,0.06679878206453355,rmsse,1.1069883764239452
state_dept,4,SeasonalNaive,SeasonalNaive,WI__HOUSEHOLD_2,1596,41,4563.06005859375,0.01358395574874712,rmsse,1.039782795133488
state_dept,4,SeasonalNaive,SeasonalNaive,CA__FOODS_1,1624,42,12728.4296875,0.037162952431844254,rmsse,0.8881811170483568
state_dept,4,SeasonalNaive,SeasonalNaive,CA__FOODS_2,1624,43,13580.01953125,0.03964932299221295,rmsse,0.9349138704261374
state_dept,4,SeasonalNaive,SeasonalNaive,CA__FOODS_3,1624,44,60267.68359375,0.17596240176991368,rmsse,0.6367577192989721
state_dept,4,SeasonalNaive,SeasonalNaive,CA__HOBBIES_1,1624,45,17453.048828125,0.050957332468688665,rmsse,1.1893141945903662
state_dept,4,SeasonalNaive,SeasonalNaive,CA__HOBBIES_2,1624,46,456.08001708984375,0.0013316080927775152,rmsse,0.750927925514229
state_dept,4,SeasonalNaive,SeasonalNaive,CA__HOUSEHOLD_1,1624,47,33276.421875,0.09715653176424922,rmsse,1.035535911251794
state_dept,4,SeasonalNaive,SeasonalNaive,CA__HOUSEHOLD_2,1624,48,14282.94921875,0.04170165334095564,rmsse,1.1285293365856666
state_dept,4,SeasonalNaive,SeasonalNaive,TX__FOODS_1,1624,49,3279.139892578125,0.009574041954674052,rmsse,1.2380935913739106
state_dept,4,SeasonalNaive,SeasonalNaive,TX__FOODS_2,1624,50,15690.548828125,0.04581139496742331,rmsse,1.5543234580980716
state_dept,4,SeasonalNaive,SeasonalNaive,TX__FOODS_3,1624,51,32839.859375,0.09588190859239325,rmsse,0.9188006696835448
state_dept,4,SeasonalNaive,SeasonalNaive,TX__HOBBIES_1,1624,52,13678.4794921875,0.03993679465482935,rmsse,0.9647497473146757
state_dept,4,SeasonalNaive,SeasonalNaive,TX__HOBBIES_2,1624,53,634.6099853515625,0.001852858622580461,rmsse,0.8997942764852974
state_dept,4,SeasonalNaive,SeasonalNaive,TX__HOUSEHOLD_1,1624,54,29148.998046875,0.08510577144608489,rmsse,0.9243874711201787
state_dept,4,SeasonalNaive,SeasonalNaive,TX__HOUSEHOLD_2,1624,55,6598.01025390625,0.019264084198189795,rmsse,1.0915398476607372
state_dept,4,SeasonalNaive,SeasonalNaive,WI__FOODS_1,1624,56,12990.44921875,0.037927965840027715,rmsse,1.012147304495085
state_dept,4,SeasonalNaive,SeasonalNaive,WI__FOODS_2,1624,57,10640.44140625,0.03106669302833392,rmsse,1.2313993780086143
state_dept,4,SeasonalNaive,SeasonalNaive,WI__FOODS_3,1624,58,30481.71875,0.08899689056377208,rmsse,0.9045447966406664
state_dept,4,SeasonalNaive,SeasonalNaive,WI__HOBBIES_1,1624,59,8105.97998046875,0.023666874533900904,rmsse,0.9112540644483607
state_dept,4,SeasonalNaive,SeasonalNaive,WI__HOBBIES_2,1624,60,631.4099731445312,0.0018435156082141238,rmsse,1.008766759141827
state_dept,4,SeasonalNaive,SeasonalNaive,WI__HOUSEHOLD_1,1624,61,21006.720703125,0.06133292019564156,rmsse,1.8264580455255908
state_dept,4,SeasonalNaive,SeasonalNaive,WI__HOUSEHOLD_2,1624,62,4732.189453125,0.013816482933292667,rmsse,0.837687977823393
state_dept,4,SeasonalNaive,SeasonalNaive,CA__FOODS_1,1652,63,13291.1484375,0.037118237768480306,rmsse,1.115362842117424
state_dept,4,SeasonalNaive,SeasonalNaive,CA__FOODS_2,1652,64,15006.0791015625,0.04190753076633226,rmsse,1.1278331636460304
state_dept,4,SeasonalNaive,SeasonalNaive,CA__FOODS_3,1652,65,62016.75,0.17319439948722648,rmsse,0.5442832283360773
state_dept,4,SeasonalNaive,SeasonalNaive,CA__HOBBIES_1,1652,66,19381.9609375,0.054128071617025944,rmsse,1.0537960446360939
state_dept,4,SeasonalNaive,SeasonalNaive,CA__HOBBIES_2,1652,67,445.9000244140625,0.0012452665926501016,rmsse,1.3410159259122225
state_dept,4,SeasonalNaive,SeasonalNaive,CA__HOUSEHOLD_1,1652,68,38129.76171875,0.10648512189803469,rmsse,0.6095230041823589
state_dept,4,SeasonalNaive,SeasonalNaive,CA__HOUSEHOLD_2,1652,69,14547.0703125,0.04062565527977357,rmsse,0.8268746870249674
state_dept,4,SeasonalNaive,SeasonalNaive,TX__FOODS_1,1652,70,2988.970458984375,0.008347308488897896,rmsse,0.890499087671889
state_dept,4,SeasonalNaive,SeasonalNaive,TX__FOODS_2,1652,71,15862.0791015625,0.04429808502725477,rmsse,1.3216602903662475
state_dept,4,SeasonalNaive,SeasonalNaive,TX__FOODS_3,1652,72,35578.66796875,0.09936067326009629,rmsse,1.5507643246575233
state_dept,4,SeasonalNaive,SeasonalNaive,TX__HOBBIES_1,1652,73,13649.1904296875,0.03811814292036467,rmsse,0.7151385381538812
state_dept,4,SeasonalNaive,SeasonalNaive,TX__HOBBIES_2,1652,74,472.33001708984375,0.0013190777277052878,rmsse,0.8031515384376521
state_dept,4,SeasonalNaive,SeasonalNaive,TX__HOUSEHOLD_1,1652,75,29260.890625,0.08171699388081914,rmsse,0.7340965524642822
state_dept,4,SeasonalNaive,SeasonalNaive,TX__HOUSEHOLD_2,1652,76,7691.98974609375,0.021481447269271783,rmsse,1.0356147450879594
state_dept,4,SeasonalNaive,SeasonalNaive,WI__FOODS_1,1652,77,14324.080078125,0.04000290965485621,rmsse,0.7974472785120129
state_dept,4,SeasonalNaive,SeasonalNaive,WI__FOODS_2,1652,78,11056.87109375,0.030878563441162337,rmsse,1.3759196319346034
state_dept,4,SeasonalNaive,SeasonalNaive,WI__FOODS_3,1652,79,28448.111328125,0.07944714223206431,rmsse,0.9093755570274548
state_dept,4,SeasonalNaive,SeasonalNaive,WI__HOBBIES_1,1652,80,8026.5400390625,0.022415747068745284,rmsse,0.9409380669823656
state_dept,4,SeasonalNaive,SeasonalNaive,WI__HOBBIES_2,1652,81,603.0899658203125,0.0016842515041020525,rmsse,0.7794747986478996
state_dept,4,SeasonalNaive,SeasonalNaive,WI__HOUSEHOLD_1,1652,82,22912.0234375,0.06398648978372894,rmsse,1.3947748130865885
state_dept,4,SeasonalNaive,SeasonalNaive,WI__HOUSEHOLD_2,1652,83,4382.4501953125,0.012238884331407674,rmsse,0.9183103549125272
state_dept,4,SeasonalNaive,SeasonalNaive,CA__FOODS_1,1568,0,11792.8583984375,0.033879275283905684,mean_spl,0.22197092924013975
state_dept,4,SeasonalNaive,SeasonalNaive,CA__FOODS_2,1568,1,13178.0,0.03785859836580953,mean_spl,0.27475776960967635
state_dept,4,SeasonalNaive,SeasonalNaive,CA__FOODS_3,1568,2,68112.484375,0.19567788660271682,mean_spl,0.4318764056795602
state_dept,4,SeasonalNaive,SeasonalNaive,CA__HOBBIES_1,1568,3,15952.5,0.04582935881245838,mean_spl,0.1790744555188576
state_dept,4,SeasonalNaive,SeasonalNaive,CA__HOBBIES_2,1568,4,463.7000427246094,0.0013321470389831313,mean_spl,0.6767136475297135
state_dept,4,SeasonalNaive,SeasonalNaive,CA__HOUSEHOLD_1,1568,5,31119.90234375,0.08940323903591181,mean_spl,0.28786595742201937
state_dept,4,SeasonalNaive,SeasonalNaive,CA__HOUSEHOLD_2,1568,6,13990.599609375,0.04019308631872665,mean_spl,0.2553624813651984
state_dept,4,SeasonalNaive,SeasonalNaive,TX__FOODS_1,1568,7,3038.590087890625,0.008729455284245033,mean_spl,0.3735167456744142
state_dept,4,SeasonalNaive,SeasonalNaive,TX__FOODS_2,1568,8,15714.041015625,0.045144298642768595,mean_spl,0.3064993960069641
state_dept,4,SeasonalNaive,SeasonalNaive,TX__FOODS_3,1568,9,36016.30078125,0.10346992456363148,mean_spl,0.29759106897202176
state_dept,4,SeasonalNaive,SeasonalNaive,TX__HOBBIES_1,1568,10,12510.4501953125,0.03594081873727419,mean_spl,0.2105509069687379
state_dept,4,SeasonalNaive,SeasonalNaive,TX__HOBBIES_2,1568,11,777.6900024414062,0.002234197408979711,mean_spl,0.9183218760994785
state_dept,4,SeasonalNaive,SeasonalNaive,TX__HOUSEHOLD_1,1568,12,27891.490234375,0.08012845094908953,mean_spl,0.20044535116952153
state_dept,4,SeasonalNaive,SeasonalNaive,TX__HOUSEHOLD_2,1568,13,7838.919921875,0.022520148804371577,mean_spl,0.33419880383330747
state_dept,4,SeasonalNaive,SeasonalNaive,WI__FOODS_1,1568,14,11589.6806640625,0.03329557333804301,mean_spl,0.3730545212698435
state_dept,4,SeasonalNaive,SeasonalNaive,WI__FOODS_2,1568,15,11911.400390625,0.03421983027492932,mean_spl,0.42586065409282714
state_dept,4,SeasonalNaive,SeasonalNaive,WI__FOODS_3,1568,16,31646.720703125,0.09091671639813012,mean_spl,0.2928243347379125
state_dept,4,SeasonalNaive,SeasonalNaive,WI__HOBBIES_1,1568,17,7710.72998046875,0.022151876569871966,mean_spl,0.20405557882686798
state_dept,4,SeasonalNaive,SeasonalNaive,WI__HOBBIES_2,1568,18,602.1099853515625,0.0017297799444125257,mean_spl,0.8150020321738688
state_dept,4,SeasonalNaive,SeasonalNaive,WI__HOUSEHOLD_1,1568,19,21364.361328125,0.0613768989879737,mean_spl,0.2716534142339212
state_dept,4,SeasonalNaive,SeasonalNaive,WI__HOUSEHOLD_2,1568,20,4862.2001953125,0.013968438637767233,mean_spl,0.41751582313545277
state_dept,4,SeasonalNaive,SeasonalNaive,CA__FOODS_1,1596,21,12277.021484375,0.036547955632554883,mean_spl,0.2043462104029814
state_dept,4,SeasonalNaive,SeasonalNaive,CA__FOODS_2,1596,22,12673.810546875,0.03772917284148374,mean_spl,0.2626177987387751
state_dept,4,SeasonalNaive,SeasonalNaive,CA__FOODS_3,1596,23,53976.66015625,0.16068527558535475,mean_spl,0.30395095322559845
state_dept,4,SeasonalNaive,SeasonalNaive,CA__HOBBIES_1,1596,24,17082.150390625,0.050852535802740385,mean_spl,0.24783592373824861
state_dept,4,SeasonalNaive,SeasonalNaive,CA__HOBBIES_2,1596,25,532.9600219726562,0.0015865899772002994,mean_spl,0.7123860350875423
state_dept,4,SeasonalNaive,SeasonalNaive,CA__HOUSEHOLD_1,1596,26,33890.94921875,0.10089132042071218,mean_spl,0.257716855597452
state_dept,4,SeasonalNaive,SeasonalNaive,CA__HOUSEHOLD_2,1596,27,13360.5205078125,0.039773467153155294,mean_spl,0.3282415754350682
state_dept,4,SeasonalNaive,SeasonalNaive,TX__FOODS_1,1596,28,3035.920166015625,0.009037752004648082,mean_spl,0.36051400620476176
state_dept,4,SeasonalNaive,SeasonalNaive,TX__FOODS_2,1596,29,17131.69921875,0.05100003968829295,mean_spl,0.4853246267709717
state_dept,4,SeasonalNaive,SeasonalNaive,TX__FOODS_3,1596,30,32796.19921875,0.09763231541859002,mean_spl,0.5027813964025364
state_dept,4,SeasonalNaive,SeasonalNaive,TX__HOBBIES_1,1596,31,14882.1806640625,0.04430335805130441,mean_spl,0.2745459613050667
state_dept,4,SeasonalNaive,SeasonalNaive,TX__HOBBIES_2,1596,32,578.0599365234375,0.001720849714232753,mean_spl,0.8800116675210768
state_dept,4,SeasonalNaive,SeasonalNaive,TX__HOUSEHOLD_1,1596,33,28905.630859375,0.08605032707029008,mean_spl,0.2321033507082075
state_dept,4,SeasonalNaive,SeasonalNaive,TX__HOUSEHOLD_2,1596,34,7684.439453125,0.022876114744224088,mean_spl,0.3553981889063591
state_dept,4,SeasonalNaive,SeasonalNaive,WI__FOODS_1,1596,35,10737.1591796875,0.031963878031681686,mean_spl,0.23575447217150447
state_dept,4,SeasonalNaive,SeasonalNaive,WI__FOODS_2,1596,36,10716.560546875,0.031902557138899945,mean_spl,0.3698592549572301
state_dept,4,SeasonalNaive,SeasonalNaive,WI__FOODS_3,1596,37,29816.84765625,0.08876296474924268,mean_spl,0.37300989929227135
state_dept,4,SeasonalNaive,SeasonalNaive,WI__HOBBIES_1,1596,38,8227.0400390625,0.024491404101360175,mean_spl,0.21081544868456334
state_dept,4,SeasonalNaive,SeasonalNaive,WI__HOBBIES_2,1596,39,607.7999877929688,0.001809384060750928,mean_spl,0.8288759516235467
state_dept,4,SeasonalNaive,SeasonalNaive,WI__HOUSEHOLD_1,1596,40,22438.740234375,0.06679878206453355,mean_spl,0.287683640907691
state_dept,4,SeasonalNaive,SeasonalNaive,WI__HOUSEHOLD_2,1596,41,4563.06005859375,0.01358395574874712,mean_spl,0.41718111899042876
state_dept,4,SeasonalNaive,SeasonalNaive,CA__FOODS_1,1624,42,12728.4296875,0.037162952431844254,mean_spl,0.2543252584591554
state_dept,4,SeasonalNaive,SeasonalNaive,CA__FOODS_2,1624,43,13580.01953125,0.03964932299221295,mean_spl,0.24082397026018942
state_dept,4,SeasonalNaive,SeasonalNaive,CA__FOODS_3,1624,44,60267.68359375,0.17596240176991368,mean_spl,0.20568154983381948
state_dept,4,SeasonalNaive,SeasonalNaive,CA__HOBBIES_1,1624,45,17453.048828125,0.050957332468688665,mean_spl,0.30414588113163865
state_dept,4,SeasonalNaive,SeasonalNaive,CA__HOBBIES_2,1624,46,456.08001708984375,0.0013316080927775152,mean_spl,0.6821891585079529
state_dept,4,SeasonalNaive,SeasonalNaive,CA__HOUSEHOLD_1,1624,47,33276.421875,0.09715653176424922,mean_spl,0.25702288671380125
state_dept,4,SeasonalNaive,SeasonalNaive,CA__HOUSEHOLD_2,1624,48,14282.94921875,0.04170165334095564,mean_spl,0.31113995672948425
state_dept,4,SeasonalNaive,SeasonalNaive,TX__FOODS_1,1624,49,3279.139892578125,0.009574041954674052,mean_spl,0.4107710108662056
state_dept,4,SeasonalNaive,SeasonalNaive,TX__FOODS_2,1624,50,15690.548828125,0.04581139496742331,mean_spl,0.40710750883666796
state_dept,4,SeasonalNaive,SeasonalNaive,TX__FOODS_3,1624,51,32839.859375,0.09588190859239325,mean_spl,0.26753449905798576
state_dept,4,SeasonalNaive,SeasonalNaive,TX__HOBBIES_1,1624,52,13678.4794921875,0.03993679465482935,mean_spl,0.2582306521946069
state_dept,4,SeasonalNaive,SeasonalNaive,TX__HOBBIES_2,1624,53,634.6099853515625,0.001852858622580461,mean_spl,0.8641466040037957
state_dept,4,SeasonalNaive,SeasonalNaive,TX__HOUSEHOLD_1,1624,54,29148.998046875,0.08510577144608489,mean_spl,0.24353644988759385
state_dept,4,SeasonalNaive,SeasonalNaive,TX__HOUSEHOLD_2,1624,55,6598.01025390625,0.019264084198189795,mean_spl,0.3609184727088543
state_dept,4,SeasonalNaive,SeasonalNaive,WI__FOODS_1,1624,56,12990.44921875,0.037927965840027715,mean_spl,0.2778404920042796
state_dept,4,SeasonalNaive,SeasonalNaive,WI__FOODS_2,1624,57,10640.44140625,0.03106669302833392,mean_spl,0.3421984452485382
state_dept,4,SeasonalNaive,SeasonalNaive,WI__FOODS_3,1624,58,30481.71875,0.08899689056377208,mean_spl,0.27589406809879896
state_dept,4,SeasonalNaive,SeasonalNaive,WI__HOBBIES_1,1624,59,8105.97998046875,0.023666874533900904,mean_spl,0.23652799295712956
state_dept,4,SeasonalNaive,SeasonalNaive,WI__HOBBIES_2,1624,60,631.4099731445312,0.0018435156082141238,mean_spl,0.8326137141118796
state_dept,4,SeasonalNaive,SeasonalNaive,WI__HOUSEHOLD_1,1624,61,21006.720703125,0.06133292019564156,mean_spl,0.47703611042489896
state_dept,4,SeasonalNaive,SeasonalNaive,WI__HOUSEHOLD_2,1624,62,4732.189453125,0.013816482933292667,mean_spl,0.40342266424337786
state_dept,4,SeasonalNaive,SeasonalNaive,CA__FOODS_1,1652,63,13291.1484375,0.037118237768480306,mean_spl,0.3015208027536228
state_dept,4,SeasonalNaive,SeasonalNaive,CA__FOODS_2,1652,64,15006.0791015625,0.04190753076633226,mean_spl,0.31202322118022835
state_dept,4,SeasonalNaive,SeasonalNaive,CA__FOODS_3,1652,65,62016.75,0.17319439948722648,mean_spl,0.17585652727568146
state_dept,4,SeasonalNaive,SeasonalNaive,CA__HOBBIES_1,1652,66,19381.9609375,0.054128071617025944,mean_spl,0.2874384847229231
state_dept,4,SeasonalNaive,SeasonalNaive,CA__HOBBIES_2,1652,67,445.9000244140625,0.0012452665926501016,mean_spl,0.7179318342773571
state_dept,4,SeasonalNaive,SeasonalNaive,CA__HOUSEHOLD_1,1652,68,38129.76171875,0.10648512189803469,mean_spl,0.1706060116964147
state_dept,4,SeasonalNaive,SeasonalNaive,CA__HOUSEHOLD_2,1652,69,14547.0703125,0.04062565527977357,mean_spl,0.2666258375374061
state_dept,4,SeasonalNaive,SeasonalNaive,TX__FOODS_1,1652,70,2988.970458984375,0.008347308488897896,mean_spl,0.3548307146772302
state_dept,4,SeasonalNaive,SeasonalNaive,TX__FOODS_2,1652,71,15862.0791015625,0.04429808502725477,mean_spl,0.3598996420723272
state_dept,4,SeasonalNaive,SeasonalNaive,TX__FOODS_3,1652,72,35578.66796875,0.09936067326009629,mean_spl,0.558004124972688
state_dept,4,SeasonalNaive,SeasonalNaive,TX__HOBBIES_1,1652,73,13649.1904296875,0.03811814292036467,mean_spl,0.21302955191310038
state_dept,4,SeasonalNaive,SeasonalNaive,TX__HOBBIES_2,1652,74,472.33001708984375,0.0013190777277052878,mean_spl,0.8570737028393717
state_dept,4,SeasonalNaive,SeasonalNaive,TX__HOUSEHOLD_1,1652,75,29260.890625,0.08171699388081914,mean_spl,0.2007054823425437
state_dept,4,SeasonalNaive,SeasonalNaive,TX__HOUSEHOLD_2,1652,76,7691.98974609375,0.021481447269271783,mean_spl,0.35787376688996964
state_dept,4,SeasonalNaive,SeasonalNaive,WI__FOODS_1,1652,77,14324.080078125,0.04000290965485621,mean_spl,0.2391416140317721
state_dept,4,SeasonalNaive,SeasonalNaive,WI__FOODS_2,1652,78,11056.87109375,0.030878563441162337,mean_spl,0.3686065439383189
state_dept,4,SeasonalNaive,SeasonalNaive,WI__FOODS_3,1652,79,28448.111328125,0.07944714223206431,mean_spl,0.2791490648927775
state_dept,4,SeasonalNaive,SeasonalNaive,WI__HOBBIES_1,1652,80,8026.5400390625,0.022415747068745284,mean_spl,0.25272617979262907
state_dept,4,SeasonalNaive,SeasonalNaive,WI__HOBBIES_2,1652,81,603.0899658203125,0.0016842515041020525,mean_spl,0.8263770842389722
state_dept,4,SeasonalNaive,SeasonalNaive,WI__HOUSEHOLD_1,1652,82,22912.0234375,0.06398648978372894,mean_spl,0.38516179555309527
state_dept,4,SeasonalNaive,SeasonalNaive,WI__HOUSEHOLD_2,1652,83,4382.4501953125,0.012238884331407674,mean_spl,0.4129131980336642
state_dept,4,AggregateElasticNet,AggregateElasticNet,CA__FOODS_1,1568,0,11792.8583984375,0.033879275283905684,rmsse,0.7413268638040792
state_dept,4,AggregateElasticNet,AggregateElasticNet,CA__FOODS_2,1568,1,13178.0,0.03785859836580953,rmsse,0.8031730717953334
state_dept,4,AggregateElasticNet,AggregateElasticNet,CA__FOODS_3,1568,2,68112.484375,0.19567788660271682,rmsse,1.0367707277768525
state_dept,4,AggregateElasticNet,AggregateElasticNet,CA__HOBBIES_1,1568,3,15952.5,0.04582935881245838,rmsse,0.8125349198586264
state_dept,4,AggregateElasticNet,AggregateElasticNet,CA__HOBBIES_2,1568,4,463.7000427246094,0.0013321470389831313,rmsse,3.241704285517886
state_dept,4,AggregateElasticNet,AggregateElasticNet,CA__HOUSEHOLD_1,1568,5,31119.90234375,0.08940323903591181,rmsse,0.8729913597509555
state_dept,4,AggregateElasticNet,AggregateElasticNet,CA__HOUSEHOLD_2,1568,6,13990.599609375,0.04019308631872665,rmsse,1.0757403192318953
state_dept,4,AggregateElasticNet,AggregateElasticNet,TX__FOODS_1,1568,7,3038.590087890625,0.008729455284245033,rmsse,1.581994158267427
state_dept,4,AggregateElasticNet,AggregateElasticNet,TX__FOODS_2,1568,8,15714.041015625,0.045144298642768595,rmsse,0.7548100001675752
state_dept,4,AggregateElasticNet,AggregateElasticNet,TX__FOODS_3,1568,9,36016.30078125,0.10346992456363148,rmsse,0.9099487464123441
state_dept,4,AggregateElasticNet,AggregateElasticNet,TX__HOBBIES_1,1568,10,12510.4501953125,0.03594081873727419,rmsse,0.9409188050931707
state_dept,4,AggregateElasticNet,AggregateElasticNet,TX__HOBBIES_2,1568,11,777.6900024414062,0.002234197408979711,rmsse,4.084773908410736
state_dept,4,AggregateElasticNet,AggregateElasticNet,TX__HOUSEHOLD_1,1568,12,27891.490234375,0.08012845094908953,rmsse,0.6325018649964197
state_dept,4,AggregateElasticNet,AggregateElasticNet,TX__HOUSEHOLD_2,1568,13,7838.919921875,0.022520148804371577,rmsse,1.6133733945024873
state_dept,4,AggregateElasticNet,AggregateElasticNet,WI__FOODS_1,1568,14,11589.6806640625,0.03329557333804301,rmsse,1.0348364163568122
state_dept,4,AggregateElasticNet,AggregateElasticNet,WI__FOODS_2,1568,15,11911.400390625,0.03421983027492932,rmsse,0.9703620675297487
state_dept,4,AggregateElasticNet,AggregateElasticNet,WI__FOODS_3,1568,16,31646.720703125,0.09091671639813012,rmsse,0.6958446990122774
state_dept,4,AggregateElasticNet,AggregateElasticNet,WI__HOBBIES_1,1568,17,7710.72998046875,0.022151876569871966,rmsse,0.8253752812042687
state_dept,4,AggregateElasticNet,AggregateElasticNet,WI__HOBBIES_2,1568,18,602.1099853515625,0.0017297799444125257,rmsse,3.5714622835593626
state_dept,4,AggregateElasticNet,AggregateElasticNet,WI__HOUSEHOLD_1,1568,19,21364.361328125,0.0613768989879737,rmsse,0.7889855252916327
state_dept,4,AggregateElasticNet,AggregateElasticNet,WI__HOUSEHOLD_2,1568,20,4862.2001953125,0.013968438637767233,rmsse,1.805268855527903
state_dept,4,AggregateElasticNet,AggregateElasticNet,CA__FOODS_1,1596,21,12277.021484375,0.036547955632554883,rmsse,1.2738643757269135
state_dept,4,AggregateElasticNet,AggregateElasticNet,CA__FOODS_2,1596,22,12673.810546875,0.03772917284148374,rmsse,1.5300662627440262
state_dept,4,AggregateElasticNet,AggregateElasticNet,CA__FOODS_3,1596,23,53976.66015625,0.16068527558535475,rmsse,1.0981852600923765
state_dept,4,AggregateElasticNet,AggregateElasticNet,CA__HOBBIES_1,1596,24,17082.150390625,0.050852535802740385,rmsse,1.2647539917833606
state_dept,4,AggregateElasticNet,AggregateElasticNet,CA__HOBBIES_2,1596,25,532.9600219726562,0.0015865899772002994,rmsse,5.094682449691904
state_dept,4,AggregateElasticNet,AggregateElasticNet,CA__HOUSEHOLD_1,1596,26,33890.94921875,0.10089132042071218,rmsse,1.0815428862031973
state_dept,4,AggregateElasticNet,AggregateElasticNet,CA__HOUSEHOLD_2,1596,27,13360.5205078125,0.039773467153155294,rmsse,2.1466820877632418
state_dept,4,AggregateElasticNet,AggregateElasticNet,TX__FOODS_1,1596,28,3035.920166015625,0.009037752004648082,rmsse,2.5089380111591417
state_dept,4,AggregateElasticNet,AggregateElasticNet,TX__FOODS_2,1596,29,17131.69921875,0.05100003968829295,rmsse,1.5521454598404214
state_dept,4,AggregateElasticNet,AggregateElasticNet,TX__FOODS_3,1596,30,32796.19921875,0.09763231541859002,rmsse,1.3588261640602906
state_dept,4,AggregateElasticNet,AggregateElasticNet,TX__HOBBIES_1,1596,31,14882.1806640625,0.04430335805130441,rmsse,1.3866539608172883
state_dept,4,AggregateElasticNet,AggregateElasticNet,TX__HOBBIES_2,1596,32,578.0599365234375,0.001720849714232753,rmsse,6.789322029665374
state_dept,4,AggregateElasticNet,AggregateElasticNet,TX__HOUSEHOLD_1,1596,33,28905.630859375,0.08605032707029008,rmsse,1.2843081360815385
state_dept,4,AggregateElasticNet,AggregateElasticNet,TX__HOUSEHOLD_2,1596,34,7684.439453125,0.022876114744224088,rmsse,2.3985948028985398
state_dept,4,AggregateElasticNet,AggregateElasticNet,WI__FOODS_1,1596,35,10737.1591796875,0.031963878031681686,rmsse,1.8714188885455234
state_dept,4,AggregateElasticNet,AggregateElasticNet,WI__FOODS_2,1596,36,10716.560546875,0.031902557138899945,rmsse,1.200580126022985
state_dept,4,AggregateElasticNet,AggregateElasticNet,WI__FOODS_3,1596,37,29816.84765625,0.08876296474924268,rmsse,0.8250045289884098
state_dept,4,AggregateElasticNet,AggregateElasticNet,WI__HOBBIES_1,1596,38,8227.0400390625,0.024491404101360175,rmsse,1.336882513333219
state_dept,4,AggregateElasticNet,AggregateElasticNet,WI__HOBBIES_2,1596,39,607.7999877929688,0.001809384060750928,rmsse,7.639811404423171
state_dept,4,AggregateElasticNet,AggregateElasticNet,WI__HOUSEHOLD_1,1596,40,22438.740234375,0.06679878206453355,rmsse,1.1265373750495582
state_dept,4,AggregateElasticNet,AggregateElasticNet,WI__HOUSEHOLD_2,1596,41,4563.06005859375,0.01358395574874712,rmsse,4.1860119716693855
state_dept,4,AggregateElasticNet,AggregateElasticNet,CA__FOODS_1,1624,42,12728.4296875,0.037162952431844254,rmsse,3.372897581705833
state_dept,4,AggregateElasticNet,AggregateElasticNet,CA__FOODS_2,1624,43,13580.01953125,0.03964932299221295,rmsse,3.392483984548619
state_dept,4,AggregateElasticNet,AggregateElasticNet,CA__FOODS_3,1624,44,60267.68359375,0.17596240176991368,rmsse,0.6972694168807018
state_dept,4,AggregateElasticNet,AggregateElasticNet,CA__HOBBIES_1,1624,45,17453.048828125,0.050957332468688665,rmsse,2.046177095664332
state_dept,4,AggregateElasticNet,AggregateElasticNet,CA__HOBBIES_2,1624,46,456.08001708984375,0.0013316080927775152,rmsse,18.044472215889265
state_dept,4,AggregateElasticNet,AggregateElasticNet,CA__HOUSEHOLD_1,1624,47,33276.421875,0.09715653176424922,rmsse,1.874267886453558
state_dept,4,AggregateElasticNet,AggregateElasticNet,CA__HOUSEHOLD_2,1624,48,14282.94921875,0.04170165334095564,rmsse,5.191909136916881
state_dept,4,AggregateElasticNet,AggregateElasticNet,TX__FOODS_1,1624,49,3279.139892578125,0.009574041954674052,rmsse,8.108032608440398
state_dept,4,AggregateElasticNet,AggregateElasticNet,TX__FOODS_2,1624,50,15690.548828125,0.04581139496742331,rmsse,4.260633264235081
state_dept,4,AggregateElasticNet,AggregateElasticNet,TX__FOODS_3,1624,51,32839.859375,0.09588190859239325,rmsse,0.9466742885109851
state_dept,4,AggregateElasticNet,AggregateElasticNet,TX__HOBBIES_1,1624,52,13678.4794921875,0.03993679465482935,rmsse,3.824121079276581
state_dept,4,AggregateElasticNet,AggregateElasticNet,TX__HOBBIES_2,1624,53,634.6099853515625,0.001852858622580461,rmsse,21.952451597831384
state_dept,4,AggregateElasticNet,AggregateElasticNet,TX__HOUSEHOLD_1,1624,54,29148.998046875,0.08510577144608489,rmsse,1.98721377377243
state_dept,4,AggregateElasticNet,AggregateElasticNet,TX__HOUSEHOLD_2,1624,55,6598.01025390625,0.019264084198189795,rmsse,7.424128017649502
state_dept,4,AggregateElasticNet,AggregateElasticNet,WI__FOODS_1,1624,56,12990.44921875,0.037927965840027715,rmsse,3.608703126043292
state_dept,4,AggregateElasticNet,AggregateElasticNet,WI__FOODS_2,1624,57,10640.44140625,0.03106669302833392,rmsse,2.871137014375777
state_dept,4,AggregateElasticNet,AggregateElasticNet,WI__FOODS_3,1624,58,30481.71875,0.08899689056377208,rmsse,1.206598148666227
state_dept,4,AggregateElasticNet,AggregateElasticNet,WI__HOBBIES_1,1624,59,8105.97998046875,0.023666874533900904,rmsse,3.2030013236125385
state_dept,4,AggregateElasticNet,AggregateElasticNet,WI__HOBBIES_2,1624,60,631.4099731445312,0.0018435156082141238,rmsse,20.25327747091513
state_dept,4,AggregateElasticNet,AggregateElasticNet,WI__HOUSEHOLD_1,1624,61,21006.720703125,0.06133292019564156,rmsse,2.133689435616391
state_dept,4,AggregateElasticNet,AggregateElasticNet,WI__HOUSEHOLD_2,1624,62,4732.189453125,0.013816482933292667,rmsse,9.623901213686654
state_dept,4,AggregateElasticNet,AggregateElasticNet,CA__FOODS_1,1652,63,13291.1484375,0.037118237768480306,rmsse,0.8675124885518443
state_dept,4,AggregateElasticNet,AggregateElasticNet,CA__FOODS_2,1652,64,15006.0791015625,0.04190753076633226,rmsse,0.7639622532636794
state_dept,4,AggregateElasticNet,AggregateElasticNet,CA__FOODS_3,1652,65,62016.75,0.17319439948722648,rmsse,0.6066784113756909
state_dept,4,AggregateElasticNet,AggregateElasticNet,CA__HOBBIES_1,1652,66,19381.9609375,0.054128071617025944,rmsse,0.6077256361199826
state_dept,4,AggregateElasticNet,AggregateElasticNet,CA__HOBBIES_2,1652,67,445.9000244140625,0.0012452665926501016,rmsse,1.872484503395449
state_dept,4,AggregateElasticNet,AggregateElasticNet,CA__HOUSEHOLD_1,1652,68,38129.76171875,0.10648512189803469,rmsse,0.8533362742304326
state_dept,4,AggregateElasticNet,AggregateElasticNet,CA__HOUSEHOLD_2,1652,69,14547.0703125,0.04062565527977357,rmsse,1.0015560993028383
state_dept,4,AggregateElasticNet,AggregateElasticNet,TX__FOODS_1,1652,70,2988.970458984375,0.008347308488897896,rmsse,1.1500678547312952
state_dept,4,AggregateElasticNet,AggregateElasticNet,TX__FOODS_2,1652,71,15862.0791015625,0.04429808502725477,rmsse,0.8804377863625094
state_dept,4,AggregateElasticNet,AggregateElasticNet,TX__FOODS_3,1652,72,35578.66796875,0.09936067326009629,rmsse,0.9307376995527512
state_dept,4,AggregateElasticNet,AggregateElasticNet,TX__HOBBIES_1,1652,73,13649.1904296875,0.03811814292036467,rmsse,1.2274082907710553
state_dept,4,AggregateElasticNet,AggregateElasticNet,TX__HOBBIES_2,1652,74,472.33001708984375,0.0013190777277052878,rmsse,3.854080985913588
state_dept,4,AggregateElasticNet,AggregateElasticNet,TX__HOUSEHOLD_1,1652,75,29260.890625,0.08171699388081914,rmsse,0.5627993197978084
state_dept,4,AggregateElasticNet,AggregateElasticNet,TX__HOUSEHOLD_2,1652,76,7691.98974609375,0.021481447269271783,rmsse,1.255873715299923
state_dept,4,AggregateElasticNet,AggregateElasticNet,WI__FOODS_1,1652,77,14324.080078125,0.04000290965485621,rmsse,1.089223508548312
state_dept,4,AggregateElasticNet,AggregateElasticNet,WI__FOODS_2,1652,78,11056.87109375,0.030878563441162337,rmsse,0.8881638236634573
state_dept,4,AggregateElasticNet,AggregateElasticNet,WI__FOODS_3,1652,79,28448.111328125,0.07944714223206431,rmsse,0.5842316493470427
state_dept,4,AggregateElasticNet,AggregateElasticNet,WI__HOBBIES_1,1652,80,8026.5400390625,0.022415747068745284,rmsse,1.0940846040300527
state_dept,4,AggregateElasticNet,AggregateElasticNet,WI__HOBBIES_2,1652,81,603.0899658203125,0.0016842515041020525,rmsse,3.349866905912299
state_dept,4,AggregateElasticNet,AggregateElasticNet,WI__HOUSEHOLD_1,1652,82,22912.0234375,0.06398648978372894,rmsse,1.0575129337137963
state_dept,4,AggregateElasticNet,AggregateElasticNet,WI__HOUSEHOLD_2,1652,83,4382.4501953125,0.012238884331407674,rmsse,1.665308547054322
state_dept,4,AggregateElasticNet,AggregateElasticNet,CA__FOODS_1,1568,0,11792.8583984375,0.033879275283905684,mean_spl,0.19466438770418887
state_dept,4,AggregateElasticNet,AggregateElasticNet,CA__FOODS_2,1568,1,13178.0,0.03785859836580953,mean_spl,0.20780594427764473
state_dept,4,AggregateElasticNet,AggregateElasticNet,CA__FOODS_3,1568,2,68112.484375,0.19567788660271682,mean_spl,0.46437038978231304
state_dept,4,AggregateElasticNet,AggregateElasticNet,CA__HOBBIES_1,1568,3,15952.5,0.04582935881245838,mean_spl,0.20493687671292418
state_dept,4,AggregateElasticNet,AggregateElasticNet,CA__HOBBIES_2,1568,4,463.7000427246094,0.0013321470389831313,mean_spl,0.8748746535186223
state_dept,4,AggregateElasticNet,AggregateElasticNet,CA__HOUSEHOLD_1,1568,5,31119.90234375,0.08940323903591181,mean_spl,0.21798169189963515
state_dept,4,AggregateElasticNet,AggregateElasticNet,CA__HOUSEHOLD_2,1568,6,13990.599609375,0.04019308631872665,mean_spl,0.2769588554570268
state_dept,4,AggregateElasticNet,AggregateElasticNet,TX__FOODS_1,1568,7,3038.590087890625,0.008729455284245033,mean_spl,0.4260868754145129
state_dept,4,AggregateElasticNet,AggregateElasticNet,TX__FOODS_2,1568,8,15714.041015625,0.045144298642768595,mean_spl,0.20171680318377494
state_dept,4,AggregateElasticNet,AggregateElasticNet,TX__FOODS_3,1568,9,36016.30078125,0.10346992456363148,mean_spl,0.2682697608918761
state_dept,4,AggregateElasticNet,AggregateElasticNet,TX__HOBBIES_1,1568,10,12510.4501953125,0.03594081873727419,mean_spl,0.2548267216290423
state_dept,4,AggregateElasticNet,AggregateElasticNet,TX__HOBBIES_2,1568,11,777.6900024414062,0.002234197408979711,mean_spl,1.0884345489696665
state_dept,4,AggregateElasticNet,AggregateElasticNet,TX__HOUSEHOLD_1,1568,12,27891.490234375,0.08012845094908953,mean_spl,0.16803946393736668
state_dept,4,AggregateElasticNet,AggregateElasticNet,TX__HOUSEHOLD_2,1568,13,7838.919921875,0.022520148804371577,mean_spl,0.41890992558937595
state_dept,4,AggregateElasticNet,AggregateElasticNet,WI__FOODS_1,1568,14,11589.6806640625,0.03329557333804301,mean_spl,0.24676365198613104
state_dept,4,AggregateElasticNet,AggregateElasticNet,WI__FOODS_2,1568,15,11911.400390625,0.03421983027492932,mean_spl,0.2456988369258667
state_dept,4,AggregateElasticNet,AggregateElasticNet,WI__FOODS_3,1568,16,31646.720703125,0.09091671639813012,mean_spl,0.21314247093944033
state_dept,4,AggregateElasticNet,AggregateElasticNet,WI__HOBBIES_1,1568,17,7710.72998046875,0.022151876569871966,mean_spl,0.2137648476603715
state_dept,4,AggregateElasticNet,AggregateElasticNet,WI__HOBBIES_2,1568,18,602.1099853515625,0.0017297799444125257,mean_spl,0.9891186866354036
state_dept,4,AggregateElasticNet,AggregateElasticNet,WI__HOUSEHOLD_1,1568,19,21364.361328125,0.0613768989879737,mean_spl,0.206738607567785
state_dept,4,AggregateElasticNet,AggregateElasticNet,WI__HOUSEHOLD_2,1568,20,4862.2001953125,0.013968438637767233,mean_spl,0.4725485285745344
state_dept,4,AggregateElasticNet,AggregateElasticNet,CA__FOODS_1,1596,21,12277.021484375,0.036547955632554883,mean_spl,0.3033574784403292
state_dept,4,AggregateElasticNet,AggregateElasticNet,CA__FOODS_2,1596,22,12673.810546875,0.03772917284148374,mean_spl,0.35802797679858167
state_dept,4,AggregateElasticNet,AggregateElasticNet,CA__FOODS_3,1596,23,53976.66015625,0.16068527558535475,mean_spl,0.44869534561528784
state_dept,4,AggregateElasticNet,AggregateElasticNet,CA__HOBBIES_1,1596,24,17082.150390625,0.050852535802740385,mean_spl,0.322813329939939
state_dept,4,AggregateElasticNet,AggregateElasticNet,CA__HOBBIES_2,1596,25,532.9600219726562,0.0015865899772002994,mean_spl,1.2250678675805315
state_dept,4,AggregateElasticNet,AggregateElasticNet,CA__HOUSEHOLD_1,1596,26,33890.94921875,0.10089132042071218,mean_spl,0.26691257898195064
state_dept,4,AggregateElasticNet,AggregateElasticNet,CA__HOUSEHOLD_2,1596,27,13360.5205078125,0.039773467153155294,mean_spl,0.5307444560131349
state_dept,4,AggregateElasticNet,AggregateElasticNet,TX__FOODS_1,1596,28,3035.920166015625,0.009037752004648082,mean_spl,0.6261720850067556
state_dept,4,AggregateElasticNet,AggregateElasticNet,TX__FOODS_2,1596,29,17131.69921875,0.05100003968829295,mean_spl,0.38119152181080407
state_dept,4,AggregateElasticNet,AggregateElasticNet,TX__FOODS_3,1596,30,32796.19921875,0.09763231541859002,mean_spl,0.36407564072116805
state_dept,4,AggregateElasticNet,AggregateElasticNet,TX__HOBBIES_1,1596,31,14882.1806640625,0.04430335805130441,mean_spl,0.3433114901271597
state_dept,4,AggregateElasticNet,AggregateElasticNet,TX__HOBBIES_2,1596,32,578.0599365234375,0.001720849714232753,mean_spl,1.6385256983499226
state_dept,4,AggregateElasticNet,AggregateElasticNet,TX__HOUSEHOLD_1,1596,33,28905.630859375,0.08605032707029008,mean_spl,0.3444877600609895
state_dept,4,AggregateElasticNet,AggregateElasticNet,TX__HOUSEHOLD_2,1596,34,7684.439453125,0.022876114744224088,mean_spl,0.5737073055333853
state_dept,4,AggregateElasticNet,AggregateElasticNet,WI__FOODS_1,1596,35,10737.1591796875,0.031963878031681686,mean_spl,0.4831181113736986
state_dept,4,AggregateElasticNet,AggregateElasticNet,WI__FOODS_2,1596,36,10716.560546875,0.031902557138899945,mean_spl,0.2719497384858407
state_dept,4,AggregateElasticNet,AggregateElasticNet,WI__FOODS_3,1596,37,29816.84765625,0.08876296474924268,mean_spl,0.22548714474296527
state_dept,4,AggregateElasticNet,AggregateElasticNet,WI__HOBBIES_1,1596,38,8227.0400390625,0.024491404101360175,mean_spl,0.3329643719894572
state_dept,4,AggregateElasticNet,AggregateElasticNet,WI__HOBBIES_2,1596,39,607.7999877929688,0.001809384060750928,mean_spl,1.8858158268772922
state_dept,4,AggregateElasticNet,AggregateElasticNet,WI__HOUSEHOLD_1,1596,40,22438.740234375,0.06679878206453355,mean_spl,0.313252048444429
state_dept,4,AggregateElasticNet,AggregateElasticNet,WI__HOUSEHOLD_2,1596,41,4563.06005859375,0.01358395574874712,mean_spl,1.0004019382073377
state_dept,4,AggregateElasticNet,AggregateElasticNet,CA__FOODS_1,1624,42,12728.4296875,0.037162952431844254,mean_spl,1.0413733644731247
state_dept,4,AggregateElasticNet,AggregateElasticNet,CA__FOODS_2,1624,43,13580.01953125,0.03964932299221295,mean_spl,0.999944032050261
state_dept,4,AggregateElasticNet,AggregateElasticNet,CA__FOODS_3,1624,44,60267.68359375,0.17596240176991368,mean_spl,0.2521850013288021
state_dept,4,AggregateElasticNet,AggregateElasticNet,CA__HOBBIES_1,1624,45,17453.048828125,0.050957332468688665,mean_spl,0.6098574897430079
state_dept,4,AggregateElasticNet,AggregateElasticNet,CA__HOBBIES_2,1624,46,456.08001708984375,0.0013316080927775152,mean_spl,5.656540323159561
state_dept,4,AggregateElasticNet,AggregateElasticNet,CA__HOUSEHOLD_1,1624,47,33276.421875,0.09715653176424922,mean_spl,0.5832891522514005
state_dept,4,AggregateElasticNet,AggregateElasticNet,CA__HOUSEHOLD_2,1624,48,14282.94921875,0.04170165334095564,mean_spl,1.6224503183339045
state_dept,4,AggregateElasticNet,AggregateElasticNet,TX__FOODS_1,1624,49,3279.139892578125,0.009574041954674052,mean_spl,2.4530849911021044
state_dept,4,AggregateElasticNet,AggregateElasticNet,TX__FOODS_2,1624,50,15690.548828125,0.04581139496742331,mean_spl,1.3088686718789444
state_dept,4,AggregateElasticNet,AggregateElasticNet,TX__FOODS_3,1624,51,32839.859375,0.09588190859239325,mean_spl,0.2956739511181127
state_dept,4,AggregateElasticNet,AggregateElasticNet,TX__HOBBIES_1,1624,52,13678.4794921875,0.03993679465482935,mean_spl,1.1517056906587784
state_dept,4,AggregateElasticNet,AggregateElasticNet,TX__HOBBIES_2,1624,53,634.6099853515625,0.001852858622580461,mean_spl,6.591299132515715
state_dept,4,AggregateElasticNet,AggregateElasticNet,TX__HOUSEHOLD_1,1624,54,29148.998046875,0.08510577144608489,mean_spl,0.591980491795043
state_dept,4,AggregateElasticNet,AggregateElasticNet,TX__HOUSEHOLD_2,1624,55,6598.01025390625,0.019264084198189795,mean_spl,2.149783971629763
state_dept,4,AggregateElasticNet,AggregateElasticNet,WI__FOODS_1,1624,56,12990.44921875,0.037927965840027715,mean_spl,1.0469203590257494
state_dept,4,AggregateElasticNet,AggregateElasticNet,WI__FOODS_2,1624,57,10640.44140625,0.03106669302833392,mean_spl,0.8405347235108982
state_dept,4,AggregateElasticNet,AggregateElasticNet,WI__FOODS_3,1624,58,30481.71875,0.08899689056377208,mean_spl,0.4269331454653425
state_dept,4,AggregateElasticNet,AggregateElasticNet,WI__HOBBIES_1,1624,59,8105.97998046875,0.023666874533900904,mean_spl,0.985867823687036
state_dept,4,AggregateElasticNet,AggregateElasticNet,WI__HOBBIES_2,1624,60,631.4099731445312,0.0018435156082141238,mean_spl,6.121134785278984
state_dept,4,AggregateElasticNet,AggregateElasticNet,WI__HOUSEHOLD_1,1624,61,21006.720703125,0.06133292019564156,mean_spl,0.6448645965394858
state_dept,4,AggregateElasticNet,AggregateElasticNet,WI__HOUSEHOLD_2,1624,62,4732.189453125,0.013816482933292667,mean_spl,2.7208226718465434
state_dept,4,AggregateElasticNet,AggregateElasticNet,CA__FOODS_1,1652,63,13291.1484375,0.037118237768480306,mean_spl,0.22113102992145228
state_dept,4,AggregateElasticNet,AggregateElasticNet,CA__FOODS_2,1652,64,15006.0791015625,0.04190753076633226,mean_spl,0.1905016478228304
state_dept,4,AggregateElasticNet,AggregateElasticNet,CA__FOODS_3,1652,65,62016.75,0.17319439948722648,mean_spl,0.2113034001046152
state_dept,4,AggregateElasticNet,AggregateElasticNet,CA__HOBBIES_1,1652,66,19381.9609375,0.054128071617025944,mean_spl,0.15569363229340943
state_dept,4,AggregateElasticNet,AggregateElasticNet,CA__HOBBIES_2,1652,67,445.9000244140625,0.0012452665926501016,mean_spl,0.6546244580530619
state_dept,4,AggregateElasticNet,AggregateElasticNet,CA__HOUSEHOLD_1,1652,68,38129.76171875,0.10648512189803469,mean_spl,0.22531136150162745
state_dept,4,AggregateElasticNet,AggregateElasticNet,CA__HOUSEHOLD_2,1652,69,14547.0703125,0.04062565527977357,mean_spl,0.2627670278906216
state_dept,4,AggregateElasticNet,AggregateElasticNet,TX__FOODS_1,1652,70,2988.970458984375,0.008347308488897896,mean_spl,0.33774742597046825
state_dept,4,AggregateElasticNet,AggregateElasticNet,TX__FOODS_2,1652,71,15862.0791015625,0.04429808502725477,mean_spl,0.22880581201965533
state_dept,4,AggregateElasticNet,AggregateElasticNet,TX__FOODS_3,1652,72,35578.66796875,0.09936067326009629,mean_spl,0.3046564927839393
state_dept,4,AggregateElasticNet,AggregateElasticNet,TX__HOBBIES_1,1652,73,13649.1904296875,0.03811814292036467,mean_spl,0.32776764074543663
state_dept,4,AggregateElasticNet,AggregateElasticNet,TX__HOBBIES_2,1652,74,472.33001708984375,0.0013190777277052878,mean_spl,1.0460255828163456
state_dept,4,AggregateElasticNet,AggregateElasticNet,TX__HOUSEHOLD_1,1652,75,29260.890625,0.08171699388081914,mean_spl,0.14584244505661823
state_dept,4,AggregateElasticNet,AggregateElasticNet,TX__HOUSEHOLD_2,1652,76,7691.98974609375,0.021481447269271783,mean_spl,0.3471199264135231
state_dept,4,AggregateElasticNet,AggregateElasticNet,WI__FOODS_1,1652,77,14324.080078125,0.04000290965485621,mean_spl,0.27193139880658307
state_dept,4,AggregateElasticNet,AggregateElasticNet,WI__FOODS_2,1652,78,11056.87109375,0.030878563441162337,mean_spl,0.23202310058490308
state_dept,4,AggregateElasticNet,AggregateElasticNet,WI__FOODS_3,1652,79,28448.111328125,0.07944714223206431,mean_spl,0.1622216889352509
state_dept,4,AggregateElasticNet,AggregateElasticNet,WI__HOBBIES_1,1652,80,8026.5400390625,0.022415747068745284,mean_spl,0.26112106175145827
state_dept,4,AggregateElasticNet,AggregateElasticNet,WI__HOBBIES_2,1652,81,603.0899658203125,0.0016842515041020525,mean_spl,0.9539744774222139
state_dept,4,AggregateElasticNet,AggregateElasticNet,WI__HOUSEHOLD_1,1652,82,22912.0234375,0.06398648978372894,mean_spl,0.2825221403039828
state_dept,4,AggregateElasticNet,AggregateElasticNet,WI__HOUSEHOLD_2,1652,83,4382.4501953125,0.012238884331407674,mean_spl,0.446838627900781
state_dept,4,AggregateHistGB,AggregateHistGB,CA__FOODS_1,1568,0,11792.8583984375,0.033879275283905684,rmsse,0.724905917366177
state_dept,4,AggregateHistGB,AggregateHistGB,CA__FOODS_2,1568,1,13178.0,0.03785859836580953,rmsse,0.8015277175426032
state_dept,4,AggregateHistGB,AggregateHistGB,CA__FOODS_3,1568,2,68112.484375,0.19567788660271682,rmsse,1.0159005170356479
state_dept,4,AggregateHistGB,AggregateHistGB,CA__HOBBIES_1,1568,3,15952.5,0.04582935881245838,rmsse,0.6802168664563775
state_dept,4,AggregateHistGB,AggregateHistGB,CA__HOBBIES_2,1568,4,463.7000427246094,0.0013321470389831313,rmsse,0.6329393556237419
state_dept,4,AggregateHistGB,AggregateHistGB,CA__HOUSEHOLD_1,1568,5,31119.90234375,0.08940323903591181,rmsse,0.7181131246123952
state_dept,4,AggregateHistGB,AggregateHistGB,CA__HOUSEHOLD_2,1568,6,13990.599609375,0.04019308631872665,rmsse,0.7453320004342036
state_dept,4,AggregateHistGB,AggregateHistGB,TX__FOODS_1,1568,7,3038.590087890625,0.008729455284245033,rmsse,0.7508935113353711
state_dept,4,AggregateHistGB,AggregateHistGB,TX__FOODS_2,1568,8,15714.041015625,0.045144298642768595,rmsse,0.7854762985474308
state_dept,4,AggregateHistGB,AggregateHistGB,TX__FOODS_3,1568,9,36016.30078125,0.10346992456363148,rmsse,0.8109258041533377
state_dept,4,AggregateHistGB,AggregateHistGB,TX__HOBBIES_1,1568,10,12510.4501953125,0.03594081873727419,rmsse,0.6681937854542522
state_dept,4,AggregateHistGB,AggregateHistGB,TX__HOBBIES_2,1568,11,777.6900024414062,0.002234197408979711,rmsse,1.1484797626413885
state_dept,4,AggregateHistGB,AggregateHistGB,TX__HOUSEHOLD_1,1568,12,27891.490234375,0.08012845094908953,rmsse,0.4530347279861875
state_dept,4,AggregateHistGB,AggregateHistGB,TX__HOUSEHOLD_2,1568,13,7838.919921875,0.022520148804371577,rmsse,0.7657713503906362
state_dept,4,AggregateHistGB,AggregateHistGB,WI__FOODS_1,1568,14,11589.6806640625,0.03329557333804301,rmsse,0.9926391412228425
state_dept,4,AggregateHistGB,AggregateHistGB,WI__FOODS_2,1568,15,11911.400390625,0.03421983027492932,rmsse,1.0675640689772694
state_dept,4,AggregateHistGB,AggregateHistGB,WI__FOODS_3,1568,16,31646.720703125,0.09091671639813012,rmsse,0.6232735348484651
state_dept,4,AggregateHistGB,AggregateHistGB,WI__HOBBIES_1,1568,17,7710.72998046875,0.022151876569871966,rmsse,0.6734034719818031
state_dept,4,AggregateHistGB,AggregateHistGB,WI__HOBBIES_2,1568,18,602.1099853515625,0.0017297799444125257,rmsse,0.8297294875325905
state_dept,4,AggregateHistGB,AggregateHistGB,WI__HOUSEHOLD_1,1568,19,21364.361328125,0.0613768989879737,rmsse,0.850151313488853
state_dept,4,AggregateHistGB,AggregateHistGB,WI__HOUSEHOLD_2,1568,20,4862.2001953125,0.013968438637767233,rmsse,0.7365572742524973
state_dept,4,AggregateHistGB,AggregateHistGB,CA__FOODS_1,1596,21,12277.021484375,0.036547955632554883,rmsse,0.8237431113106113
state_dept,4,AggregateHistGB,AggregateHistGB,CA__FOODS_2,1596,22,12673.810546875,0.03772917284148374,rmsse,1.0836964983951813
state_dept,4,AggregateHistGB,AggregateHistGB,CA__FOODS_3,1596,23,53976.66015625,0.16068527558535475,rmsse,0.9257537858630619
state_dept,4,AggregateHistGB,AggregateHistGB,CA__HOBBIES_1,1596,24,17082.150390625,0.050852535802740385,rmsse,0.7735918226179938
state_dept,4,AggregateHistGB,AggregateHistGB,CA__HOBBIES_2,1596,25,532.9600219726562,0.0015865899772002994,rmsse,0.6740956947417047
state_dept,4,AggregateHistGB,AggregateHistGB,CA__HOUSEHOLD_1,1596,26,33890.94921875,0.10089132042071218,rmsse,0.9428003835279954
state_dept,4,AggregateHistGB,AggregateHistGB,CA__HOUSEHOLD_2,1596,27,13360.5205078125,0.039773467153155294,rmsse,1.0359329415135197
state_dept,4,AggregateHistGB,AggregateHistGB,TX__FOODS_1,1596,28,3035.920166015625,0.009037752004648082,rmsse,0.8968476844379485
state_dept,4,AggregateHistGB,AggregateHistGB,TX__FOODS_2,1596,29,17131.69921875,0.05100003968829295,rmsse,1.2973726673637966
state_dept,4,AggregateHistGB,AggregateHistGB,TX__FOODS_3,1596,30,32796.19921875,0.09763231541859002,rmsse,1.200466398849091
state_dept,4,AggregateHistGB,AggregateHistGB,TX__HOBBIES_1,1596,31,14882.1806640625,0.04430335805130441,rmsse,0.8591478739442185
state_dept,4,AggregateHistGB,AggregateHistGB,TX__HOBBIES_2,1596,32,578.0599365234375,0.001720849714232753,rmsse,1.1318268214813576
state_dept,4,AggregateHistGB,AggregateHistGB,TX__HOUSEHOLD_1,1596,33,28905.630859375,0.08605032707029008,rmsse,0.8155044478586969
state_dept,4,AggregateHistGB,AggregateHistGB,TX__HOUSEHOLD_2,1596,34,7684.439453125,0.022876114744224088,rmsse,1.080512497959343
state_dept,4,AggregateHistGB,AggregateHistGB,WI__FOODS_1,1596,35,10737.1591796875,0.031963878031681686,rmsse,0.9211038685570461
state_dept,4,AggregateHistGB,AggregateHistGB,WI__FOODS_2,1596,36,10716.560546875,0.031902557138899945,rmsse,1.068287945924906
state_dept,4,AggregateHistGB,AggregateHistGB,WI__FOODS_3,1596,37,29816.84765625,0.08876296474924268,rmsse,0.7394376908206046
state_dept,4,AggregateHistGB,AggregateHistGB,WI__HOBBIES_1,1596,38,8227.0400390625,0.024491404101360175,rmsse,0.8493491565099697
state_dept,4,AggregateHistGB,AggregateHistGB,WI__HOBBIES_2,1596,39,607.7999877929688,0.001809384060750928,rmsse,0.9361341127881259
state_dept,4,AggregateHistGB,AggregateHistGB,WI__HOUSEHOLD_1,1596,40,22438.740234375,0.06679878206453355,rmsse,1.4723406722222196
state_dept,4,AggregateHistGB,AggregateHistGB,WI__HOUSEHOLD_2,1596,41,4563.06005859375,0.01358395574874712,rmsse,0.7940590005968171
state_dept,4,AggregateHistGB,AggregateHistGB,CA__FOODS_1,1624,42,12728.4296875,0.037162952431844254,rmsse,0.7987040613493129
state_dept,4,AggregateHistGB,AggregateHistGB,CA__FOODS_2,1624,43,13580.01953125,0.03964932299221295,rmsse,0.9997214486230994
state_dept,4,AggregateHistGB,AggregateHistGB,CA__FOODS_3,1624,44,60267.68359375,0.17596240176991368,rmsse,0.5393062062917559
state_dept,4,AggregateHistGB,AggregateHistGB,CA__HOBBIES_1,1624,45,17453.048828125,0.050957332468688665,rmsse,0.638526068154027
state_dept,4,AggregateHistGB,AggregateHistGB,CA__HOBBIES_2,1624,46,456.08001708984375,0.0013316080927775152,rmsse,0.8625174663007112
state_dept,4,AggregateHistGB,AggregateHistGB,CA__HOUSEHOLD_1,1624,47,33276.421875,0.09715653176424922,rmsse,0.7350344102296134
state_dept,4,AggregateHistGB,AggregateHistGB,CA__HOUSEHOLD_2,1624,48,14282.94921875,0.04170165334095564,rmsse,0.8982167337678034
state_dept,4,AggregateHistGB,AggregateHistGB,TX__FOODS_1,1624,49,3279.139892578125,0.009574041954674052,rmsse,0.9171507946126742
state_dept,4,AggregateHistGB,AggregateHistGB,TX__FOODS_2,1624,50,15690.548828125,0.04581139496742331,rmsse,0.7519972173544581
state_dept,4,AggregateHistGB,AggregateHistGB,TX__FOODS_3,1624,51,32839.859375,0.09588190859239325,rmsse,0.8197246368577978
state_dept,4,AggregateHistGB,AggregateHistGB,TX__HOBBIES_1,1624,52,13678.4794921875,0.03993679465482935,rmsse,0.5899700480635899
state_dept,4,AggregateHistGB,AggregateHistGB,TX__HOBBIES_2,1624,53,634.6099853515625,0.001852858622580461,rmsse,0.9104459442214974
state_dept,4,AggregateHistGB,AggregateHistGB,TX__HOUSEHOLD_1,1624,54,29148.998046875,0.08510577144608489,rmsse,0.5856110025521756
state_dept,4,AggregateHistGB,AggregateHistGB,TX__HOUSEHOLD_2,1624,55,6598.01025390625,0.019264084198189795,rmsse,0.8886565792886272
state_dept,4,AggregateHistGB,AggregateHistGB,WI__FOODS_1,1624,56,12990.44921875,0.037927965840027715,rmsse,0.9118275618764019
state_dept,4,AggregateHistGB,AggregateHistGB,WI__FOODS_2,1624,57,10640.44140625,0.03106669302833392,rmsse,0.9932304279017877
state_dept,4,AggregateHistGB,AggregateHistGB,WI__FOODS_3,1624,58,30481.71875,0.08899689056377208,rmsse,0.5221438879122707
state_dept,4,AggregateHistGB,AggregateHistGB,WI__HOBBIES_1,1624,59,8105.97998046875,0.023666874533900904,rmsse,0.6820924283662428
state_dept,4,AggregateHistGB,AggregateHistGB,WI__HOBBIES_2,1624,60,631.4099731445312,0.0018435156082141238,rmsse,0.8961500463125429
state_dept,4,AggregateHistGB,AggregateHistGB,WI__HOUSEHOLD_1,1624,61,21006.720703125,0.06133292019564156,rmsse,1.3718341728892167
state_dept,4,AggregateHistGB,AggregateHistGB,WI__HOUSEHOLD_2,1624,62,4732.189453125,0.013816482933292667,rmsse,0.8171146508451231
state_dept,4,AggregateHistGB,AggregateHistGB,CA__FOODS_1,1652,63,13291.1484375,0.037118237768480306,rmsse,0.8599595768466657
state_dept,4,AggregateHistGB,AggregateHistGB,CA__FOODS_2,1652,64,15006.0791015625,0.04190753076633226,rmsse,0.8902494978246247
state_dept,4,AggregateHistGB,AggregateHistGB,CA__FOODS_3,1652,65,62016.75,0.17319439948722648,rmsse,0.7580799248887375
state_dept,4,AggregateHistGB,AggregateHistGB,CA__HOBBIES_1,1652,66,19381.9609375,0.054128071617025944,rmsse,0.7432615080486202
state_dept,4,AggregateHistGB,AggregateHistGB,CA__HOBBIES_2,1652,67,445.9000244140625,0.0012452665926501016,rmsse,1.0323037569977433
state_dept,4,AggregateHistGB,AggregateHistGB,CA__HOUSEHOLD_1,1652,68,38129.76171875,0.10648512189803469,rmsse,1.0330879053246083
state_dept,4,AggregateHistGB,AggregateHistGB,CA__HOUSEHOLD_2,1652,69,14547.0703125,0.04062565527977357,rmsse,0.7080876660175165
state_dept,4,AggregateHistGB,AggregateHistGB,TX__FOODS_1,1652,70,2988.970458984375,0.008347308488897896,rmsse,0.7149754562132342
state_dept,4,AggregateHistGB,AggregateHistGB,TX__FOODS_2,1652,71,15862.0791015625,0.04429808502725477,rmsse,0.5467603997365174
state_dept,4,AggregateHistGB,AggregateHistGB,TX__FOODS_3,1652,72,35578.66796875,0.09936067326009629,rmsse,1.0575880720139919
state_dept,4,AggregateHistGB,AggregateHistGB,TX__HOBBIES_1,1652,73,13649.1904296875,0.03811814292036467,rmsse,0.8706647265399312
state_dept,4,AggregateHistGB,AggregateHistGB,TX__HOBBIES_2,1652,74,472.33001708984375,0.0013190777277052878,rmsse,0.5765135481366315
state_dept,4,AggregateHistGB,AggregateHistGB,TX__HOUSEHOLD_1,1652,75,29260.890625,0.08171699388081914,rmsse,0.6349855528038051
state_dept,4,AggregateHistGB,AggregateHistGB,TX__HOUSEHOLD_2,1652,76,7691.98974609375,0.021481447269271783,rmsse,0.7145256533097774
state_dept,4,AggregateHistGB,AggregateHistGB,WI__FOODS_1,1652,77,14324.080078125,0.04000290965485621,rmsse,0.8787820602426815
state_dept,4,AggregateHistGB,AggregateHistGB,WI__FOODS_2,1652,78,11056.87109375,0.030878563441162337,rmsse,0.7823234287378669
state_dept,4,AggregateHistGB,AggregateHistGB,WI__FOODS_3,1652,79,28448.111328125,0.07944714223206431,rmsse,0.46986069995543855
state_dept,4,AggregateHistGB,AggregateHistGB,WI__HOBBIES_1,1652,80,8026.5400390625,0.022415747068745284,rmsse,0.9036639602550857
state_dept,4,AggregateHistGB,AggregateHistGB,WI__HOBBIES_2,1652,81,603.0899658203125,0.0016842515041020525,rmsse,0.8230204959288352
state_dept,4,AggregateHistGB,AggregateHistGB,WI__HOUSEHOLD_1,1652,82,22912.0234375,0.06398648978372894,rmsse,1.2138998177122737
state_dept,4,AggregateHistGB,AggregateHistGB,WI__HOUSEHOLD_2,1652,83,4382.4501953125,0.012238884331407674,rmsse,0.6435621765304286
state_dept,4,AggregateHistGB,AggregateHistGB,CA__FOODS_1,1568,0,11792.8583984375,0.033879275283905684,mean_spl,0.20172457082050188
state_dept,4,AggregateHistGB,AggregateHistGB,CA__FOODS_2,1568,1,13178.0,0.03785859836580953,mean_spl,0.20698966415136621
state_dept,4,AggregateHistGB,AggregateHistGB,CA__FOODS_3,1568,2,68112.484375,0.19567788660271682,mean_spl,0.5451553385909739
state_dept,4,AggregateHistGB,AggregateHistGB,CA__HOBBIES_1,1568,3,15952.5,0.04582935881245838,mean_spl,0.1907237132531859
state_dept,4,AggregateHistGB,AggregateHistGB,CA__HOBBIES_2,1568,4,463.7000427246094,0.0013321470389831313,mean_spl,0.2815509022233092
state_dept,4,AggregateHistGB,AggregateHistGB,CA__HOUSEHOLD_1,1568,5,31119.90234375,0.08940323903591181,mean_spl,0.20825009883460424
state_dept,4,AggregateHistGB,AggregateHistGB,CA__HOUSEHOLD_2,1568,6,13990.599609375,0.04019308631872665,mean_spl,0.19026380534703544
state_dept,4,AggregateHistGB,AggregateHistGB,TX__FOODS_1,1568,7,3038.590087890625,0.008729455284245033,mean_spl,0.19592647537690383
state_dept,4,AggregateHistGB,AggregateHistGB,TX__FOODS_2,1568,8,15714.041015625,0.045144298642768595,mean_spl,0.2011692239226174
state_dept,4,AggregateHistGB,AggregateHistGB,TX__FOODS_3,1568,9,36016.30078125,0.10346992456363148,mean_spl,0.29085124075756585
state_dept,4,AggregateHistGB,AggregateHistGB,TX__HOBBIES_1,1568,10,12510.4501953125,0.03594081873727419,mean_spl,0.1747150782869123
state_dept,4,AggregateHistGB,AggregateHistGB,TX__HOBBIES_2,1568,11,777.6900024414062,0.002234197408979711,mean_spl,0.3706699469005214
state_dept,4,AggregateHistGB,AggregateHistGB,TX__HOUSEHOLD_1,1568,12,27891.490234375,0.08012845094908953,mean_spl,0.12170157242257325
state_dept,4,AggregateHistGB,AggregateHistGB,TX__HOUSEHOLD_2,1568,13,7838.919921875,0.022520148804371577,mean_spl,0.18472087109401727
state_dept,4,AggregateHistGB,AggregateHistGB,WI__FOODS_1,1568,14,11589.6806640625,0.03329557333804301,mean_spl,0.27063896559412165
state_dept,4,AggregateHistGB,AggregateHistGB,WI__FOODS_2,1568,15,11911.400390625,0.03421983027492932,mean_spl,0.3314980285110683
state_dept,4,AggregateHistGB,AggregateHistGB,WI__FOODS_3,1568,16,31646.720703125,0.09091671639813012,mean_spl,0.24075612597392762
state_dept,4,AggregateHistGB,AggregateHistGB,WI__HOBBIES_1,1568,17,7710.72998046875,0.022151876569871966,mean_spl,0.17527794782376946
state_dept,4,AggregateHistGB,AggregateHistGB,WI__HOBBIES_2,1568,18,602.1099853515625,0.0017297799444125257,mean_spl,0.33211211557043563
state_dept,4,AggregateHistGB,AggregateHistGB,WI__HOUSEHOLD_1,1568,19,21364.361328125,0.0613768989879737,mean_spl,0.26372964226737056
state_dept,4,AggregateHistGB,AggregateHistGB,WI__HOUSEHOLD_2,1568,20,4862.2001953125,0.013968438637767233,mean_spl,0.19829538278048553
state_dept,4,AggregateHistGB,AggregateHistGB,CA__FOODS_1,1596,21,12277.021484375,0.036547955632554883,mean_spl,0.23243600469811332
state_dept,4,AggregateHistGB,AggregateHistGB,CA__FOODS_2,1596,22,12673.810546875,0.03772917284148374,mean_spl,0.27020104462768385
state_dept,4,AggregateHistGB,AggregateHistGB,CA__FOODS_3,1596,23,53976.66015625,0.16068527558535475,mean_spl,0.45644553473585653
state_dept,4,AggregateHistGB,AggregateHistGB,CA__HOBBIES_1,1596,24,17082.150390625,0.050852535802740385,mean_spl,0.22824370672287575
state_dept,4,AggregateHistGB,AggregateHistGB,CA__HOBBIES_2,1596,25,532.9600219726562,0.0015865899772002994,mean_spl,0.27537804117615894
state_dept,4,AggregateHistGB,AggregateHistGB,CA__HOUSEHOLD_1,1596,26,33890.94921875,0.10089132042071218,mean_spl,0.30326052049855634
state_dept,4,AggregateHistGB,AggregateHistGB,CA__HOUSEHOLD_2,1596,27,13360.5205078125,0.039773467153155294,mean_spl,0.2742982466059822
state_dept,4,AggregateHistGB,AggregateHistGB,TX__FOODS_1,1596,28,3035.920166015625,0.009037752004648082,mean_spl,0.23421323995984789
state_dept,4,AggregateHistGB,AggregateHistGB,TX__FOODS_2,1596,29,17131.69921875,0.05100003968829295,mean_spl,0.3407485417109656
state_dept,4,AggregateHistGB,AggregateHistGB,TX__FOODS_3,1596,30,32796.19921875,0.09763231541859002,mean_spl,0.37588180218409406
state_dept,4,AggregateHistGB,AggregateHistGB,TX__HOBBIES_1,1596,31,14882.1806640625,0.04430335805130441,mean_spl,0.23283141284163467
state_dept,4,AggregateHistGB,AggregateHistGB,TX__HOBBIES_2,1596,32,578.0599365234375,0.001720849714232753,mean_spl,0.3750258918952793
state_dept,4,AggregateHistGB,AggregateHistGB,TX__HOUSEHOLD_1,1596,33,28905.630859375,0.08605032707029008,mean_spl,0.2369532026170457
state_dept,4,AggregateHistGB,AggregateHistGB,TX__HOUSEHOLD_2,1596,34,7684.439453125,0.022876114744224088,mean_spl,0.2691756677423294
state_dept,4,AggregateHistGB,AggregateHistGB,WI__FOODS_1,1596,35,10737.1591796875,0.031963878031681686,mean_spl,0.26088887767987656
state_dept,4,AggregateHistGB,AggregateHistGB,WI__FOODS_2,1596,36,10716.560546875,0.031902557138899945,mean_spl,0.3218901514058516
state_dept,4,AggregateHistGB,AggregateHistGB,WI__FOODS_3,1596,37,29816.84765625,0.08876296474924268,mean_spl,0.27498529397307614
state_dept,4,AggregateHistGB,AggregateHistGB,WI__HOBBIES_1,1596,38,8227.0400390625,0.024491404101360175,mean_spl,0.2347654942857299
state_dept,4,AggregateHistGB,AggregateHistGB,WI__HOBBIES_2,1596,39,607.7999877929688,0.001809384060750928,mean_spl,0.3399159611995139
state_dept,4,AggregateHistGB,AggregateHistGB,WI__HOUSEHOLD_1,1596,40,22438.740234375,0.06679878206453355,mean_spl,0.5410901666396299
state_dept,4,AggregateHistGB,AggregateHistGB,WI__HOUSEHOLD_2,1596,41,4563.06005859375,0.01358395574874712,mean_spl,0.21042021274701517
state_dept,4,AggregateHistGB,AggregateHistGB,CA__FOODS_1,1624,42,12728.4296875,0.037162952431844254,mean_spl,0.19881698290137745
state_dept,4,AggregateHistGB,AggregateHistGB,CA__FOODS_2,1624,43,13580.01953125,0.03964932299221295,mean_spl,0.2581335076879952
state_dept,4,AggregateHistGB,AggregateHistGB,CA__FOODS_3,1624,44,60267.68359375,0.17596240176991368,mean_spl,0.2263125247542013
state_dept,4,AggregateHistGB,AggregateHistGB,CA__HOBBIES_1,1624,45,17453.048828125,0.050957332468688665,mean_spl,0.17733762395104957
state_dept,4,AggregateHistGB,AggregateHistGB,CA__HOBBIES_2,1624,46,456.08001708984375,0.0013316080927775152,mean_spl,0.3037156617837424
state_dept,4,AggregateHistGB,AggregateHistGB,CA__HOUSEHOLD_1,1624,47,33276.421875,0.09715653176424922,mean_spl,0.233572164988035
state_dept,4,AggregateHistGB,AggregateHistGB,CA__HOUSEHOLD_2,1624,48,14282.94921875,0.04170165334095564,mean_spl,0.230437307741174
state_dept,4,AggregateHistGB,AggregateHistGB,TX__FOODS_1,1624,49,3279.139892578125,0.009574041954674052,mean_spl,0.2283778077772557
state_dept,4,AggregateHistGB,AggregateHistGB,TX__FOODS_2,1624,50,15690.548828125,0.04581139496742331,mean_spl,0.18961689796611939
state_dept,4,AggregateHistGB,AggregateHistGB,TX__FOODS_3,1624,51,32839.859375,0.09588190859239325,mean_spl,0.3380383144235395
state_dept,4,AggregateHistGB,AggregateHistGB,TX__HOBBIES_1,1624,52,13678.4794921875,0.03993679465482935,mean_spl,0.15556375499848973
state_dept,4,AggregateHistGB,AggregateHistGB,TX__HOBBIES_2,1624,53,634.6099853515625,0.001852858622580461,mean_spl,0.35167335293450097
state_dept,4,AggregateHistGB,AggregateHistGB,TX__HOUSEHOLD_1,1624,54,29148.998046875,0.08510577144608489,mean_spl,0.16957581753265283
state_dept,4,AggregateHistGB,AggregateHistGB,TX__HOUSEHOLD_2,1624,55,6598.01025390625,0.019264084198189795,mean_spl,0.23120836322401533
state_dept,4,AggregateHistGB,AggregateHistGB,WI__FOODS_1,1624,56,12990.44921875,0.037927965840027715,mean_spl,0.2638275819266248
state_dept,4,AggregateHistGB,AggregateHistGB,WI__FOODS_2,1624,57,10640.44140625,0.03106669302833392,mean_spl,0.28123386416933793
state_dept,4,AggregateHistGB,AggregateHistGB,WI__FOODS_3,1624,58,30481.71875,0.08899689056377208,mean_spl,0.19186870058276548
state_dept,4,AggregateHistGB,AggregateHistGB,WI__HOBBIES_1,1624,59,8105.97998046875,0.023666874533900904,mean_spl,0.1805284207420214
state_dept,4,AggregateHistGB,AggregateHistGB,WI__HOBBIES_2,1624,60,631.4099731445312,0.0018435156082141238,mean_spl,0.3396027570447579
state_dept,4,AggregateHistGB,AggregateHistGB,WI__HOUSEHOLD_1,1624,61,21006.720703125,0.06133292019564156,mean_spl,0.46300427957979856
state_dept,4,AggregateHistGB,AggregateHistGB,WI__HOUSEHOLD_2,1624,62,4732.189453125,0.013816482933292667,mean_spl,0.2125132543531302
state_dept,4,AggregateHistGB,AggregateHistGB,CA__FOODS_1,1652,63,13291.1484375,0.037118237768480306,mean_spl,0.2479889777305807
state_dept,4,AggregateHistGB,AggregateHistGB,CA__FOODS_2,1652,64,15006.0791015625,0.04190753076633226,mean_spl,0.2415801358912662
state_dept,4,AggregateHistGB,AggregateHistGB,CA__FOODS_3,1652,65,62016.75,0.17319439948722648,mean_spl,0.347067588254909
state_dept,4,AggregateHistGB,AggregateHistGB,CA__HOBBIES_1,1652,66,19381.9609375,0.054128071617025944,mean_spl,0.19981059776302976
state_dept,4,AggregateHistGB,AggregateHistGB,CA__HOBBIES_2,1652,67,445.9000244140625,0.0012452665926501016,mean_spl,0.3262845946365219
state_dept,4,AggregateHistGB,AggregateHistGB,CA__HOUSEHOLD_1,1652,68,38129.76171875,0.10648512189803469,mean_spl,0.3544272387490752
state_dept,4,AggregateHistGB,AggregateHistGB,CA__HOUSEHOLD_2,1652,69,14547.0703125,0.04062565527977357,mean_spl,0.18065474142404142
state_dept,4,AggregateHistGB,AggregateHistGB,TX__FOODS_1,1652,70,2988.970458984375,0.008347308488897896,mean_spl,0.18281780651526142
state_dept,4,AggregateHistGB,AggregateHistGB,TX__FOODS_2,1652,71,15862.0791015625,0.04429808502725477,mean_spl,0.13774956374484415
state_dept,4,AggregateHistGB,AggregateHistGB,TX__FOODS_3,1652,72,35578.66796875,0.09936067326009629,mean_spl,0.4378625547217532
state_dept,4,AggregateHistGB,AggregateHistGB,TX__HOBBIES_1,1652,73,13649.1904296875,0.03811814292036467,mean_spl,0.2415184405638874
state_dept,4,AggregateHistGB,AggregateHistGB,TX__HOBBIES_2,1652,74,472.33001708984375,0.0013190777277052878,mean_spl,0.3341987398452864
state_dept,4,AggregateHistGB,AggregateHistGB,TX__HOUSEHOLD_1,1652,75,29260.890625,0.08171699388081914,mean_spl,0.18371371474253811
state_dept,4,AggregateHistGB,AggregateHistGB,TX__HOUSEHOLD_2,1652,76,7691.98974609375,0.021481447269271783,mean_spl,0.18016648571105953
state_dept,4,AggregateHistGB,AggregateHistGB,WI__FOODS_1,1652,77,14324.080078125,0.04000290965485621,mean_spl,0.2430024271868201
state_dept,4,AggregateHistGB,AggregateHistGB,WI__FOODS_2,1652,78,11056.87109375,0.030878563441162337,mean_spl,0.214921198393302
state_dept,4,AggregateHistGB,AggregateHistGB,WI__FOODS_3,1652,79,28448.111328125,0.07944714223206431,mean_spl,0.15219372279793084
state_dept,4,AggregateHistGB,AggregateHistGB,WI__HOBBIES_1,1652,80,8026.5400390625,0.022415747068745284,mean_spl,0.21756055129489354
state_dept,4,AggregateHistGB,AggregateHistGB,WI__HOBBIES_2,1652,81,603.0899658203125,0.0016842515041020525,mean_spl,0.33836223982783253
state_dept,4,AggregateHistGB,AggregateHistGB,WI__HOUSEHOLD_1,1652,82,22912.0234375,0.06398648978372894,mean_spl,0.4342432898966805
state_dept,4,AggregateHistGB,AggregateHistGB,WI__HOUSEHOLD_2,1652,83,4382.4501953125,0.012238884331407674,mean_spl,0.1837542971951355
state_dept,4,ChildSummaryElasticNet,ChildSummaryElasticNet,CA__FOODS_1,1568,0,11792.8583984375,0.033879275283905684,rmsse,0.7972427120280107
state_dept,4,ChildSummaryElasticNet,ChildSummaryElasticNet,CA__FOODS_2,1568,1,13178.0,0.03785859836580953,rmsse,1.0163081018490825
state_dept,4,ChildSummaryElasticNet,ChildSummaryElasticNet,CA__FOODS_3,1568,2,68112.484375,0.19567788660271682,rmsse,0.9928147567731933
state_dept,4,ChildSummaryElasticNet,ChildSummaryElasticNet,CA__HOBBIES_1,1568,3,15952.5,0.04582935881245838,rmsse,1.0233688382777817
state_dept,4,ChildSummaryElasticNet,ChildSummaryElasticNet,CA__HOBBIES_2,1568,4,463.7000427246094,0.0013321470389831313,rmsse,4.418416448070532
state_dept,4,ChildSummaryElasticNet,ChildSummaryElasticNet,CA__HOUSEHOLD_1,1568,5,31119.90234375,0.08940323903591181,rmsse,0.9658399264780148
state_dept,4,ChildSummaryElasticNet,ChildSummaryElasticNet,CA__HOUSEHOLD_2,1568,6,13990.599609375,0.04019308631872665,rmsse,1.4874603786864302
state_dept,4,ChildSummaryElasticNet,ChildSummaryElasticNet,TX__FOODS_1,1568,7,3038.590087890625,0.008729455284245033,rmsse,2.3973115607545457
state_dept,4,ChildSummaryElasticNet,ChildSummaryElasticNet,TX__FOODS_2,1568,8,15714.041015625,0.045144298642768595,rmsse,1.1010721077344097
state_dept,4,ChildSummaryElasticNet,ChildSummaryElasticNet,TX__FOODS_3,1568,9,36016.30078125,0.10346992456363148,rmsse,0.9163211990636585
state_dept,4,ChildSummaryElasticNet,ChildSummaryElasticNet,TX__HOBBIES_1,1568,10,12510.4501953125,0.03594081873727419,rmsse,1.3327645778587722
state_dept,4,ChildSummaryElasticNet,ChildSummaryElasticNet,TX__HOBBIES_2,1568,11,777.6900024414062,0.002234197408979711,rmsse,6.172672192704415
state_dept,4,ChildSummaryElasticNet,ChildSummaryElasticNet,TX__HOUSEHOLD_1,1568,12,27891.490234375,0.08012845094908953,rmsse,0.9228662054617824
state_dept,4,ChildSummaryElasticNet,ChildSummaryElasticNet,TX__HOUSEHOLD_2,1568,13,7838.919921875,0.022520148804371577,rmsse,2.418173256923325
state_dept,4,ChildSummaryElasticNet,ChildSummaryElasticNet,WI__FOODS_1,1568,14,11589.6806640625,0.03329557333804301,rmsse,1.0373607066714
state_dept,4,ChildSummaryElasticNet,ChildSummaryElasticNet,WI__FOODS_2,1568,15,11911.400390625,0.03421983027492932,rmsse,0.8964293704452513
state_dept,4,ChildSummaryElasticNet,ChildSummaryElasticNet,WI__FOODS_3,1568,16,31646.720703125,0.09091671639813012,rmsse,0.6583345233597354
state_dept,4,ChildSummaryElasticNet,ChildSummaryElasticNet,WI__HOBBIES_1,1568,17,7710.72998046875,0.022151876569871966,rmsse,1.1857284333288085
state_dept,4,ChildSummaryElasticNet,ChildSummaryElasticNet,WI__HOBBIES_2,1568,18,602.1099853515625,0.0017297799444125257,rmsse,5.016838378159223
state_dept,4,ChildSummaryElasticNet,ChildSummaryElasticNet,WI__HOUSEHOLD_1,1568,19,21364.361328125,0.0613768989879737,rmsse,1.0136096349212336
state_dept,4,ChildSummaryElasticNet,ChildSummaryElasticNet,WI__HOUSEHOLD_2,1568,20,4862.2001953125,0.013968438637767233,rmsse,2.622961121425459
state_dept,4,ChildSummaryElasticNet,ChildSummaryElasticNet,CA__FOODS_1,1596,21,12277.021484375,0.036547955632554883,rmsse,1.5278029269471702
state_dept,4,ChildSummaryElasticNet,ChildSummaryElasticNet,CA__FOODS_2,1596,22,12673.810546875,0.03772917284148374,rmsse,1.7566094421469307
state_dept,4,ChildSummaryElasticNet,ChildSummaryElasticNet,CA__FOODS_3,1596,23,53976.66015625,0.16068527558535475,rmsse,1.1159906131676032
state_dept,4,ChildSummaryElasticNet,ChildSummaryElasticNet,CA__HOBBIES_1,1596,24,17082.150390625,0.050852535802740385,rmsse,1.4100931004430108
state_dept,4,ChildSummaryElasticNet,ChildSummaryElasticNet,CA__HOBBIES_2,1596,25,532.9600219726562,0.0015865899772002994,rmsse,6.387831986279506
state_dept,4,ChildSummaryElasticNet,ChildSummaryElasticNet,CA__HOUSEHOLD_1,1596,26,33890.94921875,0.10089132042071218,rmsse,1.1607974005815804
state_dept,4,ChildSummaryElasticNet,ChildSummaryElasticNet,CA__HOUSEHOLD_2,1596,27,13360.5205078125,0.039773467153155294,rmsse,2.380286186096517
state_dept,4,ChildSummaryElasticNet,ChildSummaryElasticNet,TX__FOODS_1,1596,28,3035.920166015625,0.009037752004648082,rmsse,3.116787602814248
state_dept,4,ChildSummaryElasticNet,ChildSummaryElasticNet,TX__FOODS_2,1596,29,17131.69921875,0.05100003968829295,rmsse,1.8983287366220674
state_dept,4,ChildSummaryElasticNet,ChildSummaryElasticNet,TX__FOODS_3,1596,30,32796.19921875,0.09763231541859002,rmsse,1.398954588908104
state_dept,4,ChildSummaryElasticNet,ChildSummaryElasticNet,TX__HOBBIES_1,1596,31,14882.1806640625,0.04430335805130441,rmsse,1.7222176305044115
state_dept,4,ChildSummaryElasticNet,ChildSummaryElasticNet,TX__HOBBIES_2,1596,32,578.0599365234375,0.001720849714232753,rmsse,8.444290466052639
state_dept,4,ChildSummaryElasticNet,ChildSummaryElasticNet,TX__HOUSEHOLD_1,1596,33,28905.630859375,0.08605032707029008,rmsse,1.413344296404678
state_dept,4,ChildSummaryElasticNet,ChildSummaryElasticNet,TX__HOUSEHOLD_2,1596,34,7684.439453125,0.022876114744224088,rmsse,2.8393460133764448
state_dept,4,ChildSummaryElasticNet,ChildSummaryElasticNet,WI__FOODS_1,1596,35,10737.1591796875,0.031963878031681686,rmsse,2.187834493123754
state_dept,4,ChildSummaryElasticNet,ChildSummaryElasticNet,WI__FOODS_2,1596,36,10716.560546875,0.031902557138899945,rmsse,1.429917149719575
state_dept,4,ChildSummaryElasticNet,ChildSummaryElasticNet,WI__FOODS_3,1596,37,29816.84765625,0.08876296474924268,rmsse,0.8397655345722188
state_dept,4,ChildSummaryElasticNet,ChildSummaryElasticNet,WI__HOBBIES_1,1596,38,8227.0400390625,0.024491404101360175,rmsse,1.6375046758856817
state_dept,4,ChildSummaryElasticNet,ChildSummaryElasticNet,WI__HOBBIES_2,1596,39,607.7999877929688,0.001809384060750928,rmsse,9.798612209328592
state_dept,4,ChildSummaryElasticNet,ChildSummaryElasticNet,WI__HOUSEHOLD_1,1596,40,22438.740234375,0.06679878206453355,rmsse,1.2432455606569714
state_dept,4,ChildSummaryElasticNet,ChildSummaryElasticNet,WI__HOUSEHOLD_2,1596,41,4563.06005859375,0.01358395574874712,rmsse,4.758957748378675
state_dept,4,ChildSummaryElasticNet,ChildSummaryElasticNet,CA__FOODS_1,1624,42,12728.4296875,0.037162952431844254,rmsse,8.330833881372692
state_dept,4,ChildSummaryElasticNet,ChildSummaryElasticNet,CA__FOODS_2,1624,43,13580.01953125,0.03964932299221295,rmsse,9.036390409852306
state_dept,4,ChildSummaryElasticNet,ChildSummaryElasticNet,CA__FOODS_3,1624,44,60267.68359375,0.17596240176991368,rmsse,1.3611657651803364
state_dept,4,ChildSummaryElasticNet,ChildSummaryElasticNet,CA__HOBBIES_1,1624,45,17453.048828125,0.050957332468688665,rmsse,5.259393509044745
state_dept,4,ChildSummaryElasticNet,ChildSummaryElasticNet,CA__HOBBIES_2,1624,46,456.08001708984375,0.0013316080927775152,rmsse,44.58045701045813
state_dept,4,ChildSummaryElasticNet,ChildSummaryElasticNet,CA__HOUSEHOLD_1,1624,47,33276.421875,0.09715653176424922,rmsse,4.721372194799088
state_dept,4,ChildSummaryElasticNet,ChildSummaryElasticNet,CA__HOUSEHOLD_2,1624,48,14282.94921875,0.04170165334095564,rmsse,13.123936156499157
state_dept,4,ChildSummaryElasticNet,ChildSummaryElasticNet,TX__FOODS_1,1624,49,3279.139892578125,0.009574041954674052,rmsse,20.180356338576246
state_dept,4,ChildSummaryElasticNet,ChildSummaryElasticNet,TX__FOODS_2,1624,50,15690.548828125,0.04581139496742331,rmsse,10.409696873997733
state_dept,4,ChildSummaryElasticNet,ChildSummaryElasticNet,TX__FOODS_3,1624,51,32839.859375,0.09588190859239325,rmsse,2.557942468128991
state_dept,4,ChildSummaryElasticNet,ChildSummaryElasticNet,TX__HOBBIES_1,1624,52,13678.4794921875,0.03993679465482935,rmsse,9.754800724666135
state_dept,4,ChildSummaryElasticNet,ChildSummaryElasticNet,TX__HOBBIES_2,1624,53,634.6099853515625,0.001852858622580461,rmsse,56.22803593986543
state_dept,4,ChildSummaryElasticNet,ChildSummaryElasticNet,TX__HOUSEHOLD_1,1624,54,29148.998046875,0.08510577144608489,rmsse,5.154716696984205
state_dept,4,ChildSummaryElasticNet,ChildSummaryElasticNet,TX__HOUSEHOLD_2,1624,55,6598.01025390625,0.019264084198189795,rmsse,19.419923715696523
state_dept,4,ChildSummaryElasticNet,ChildSummaryElasticNet,WI__FOODS_1,1624,56,12990.44921875,0.037927965840027715,rmsse,9.408438471473785
state_dept,4,ChildSummaryElasticNet,ChildSummaryElasticNet,WI__FOODS_2,1624,57,10640.44140625,0.03106669302833392,rmsse,7.403007187568689
state_dept,4,ChildSummaryElasticNet,ChildSummaryElasticNet,WI__FOODS_3,1624,58,30481.71875,0.08899689056377208,rmsse,2.4542792542689575
state_dept,4,ChildSummaryElasticNet,ChildSummaryElasticNet,WI__HOBBIES_1,1624,59,8105.97998046875,0.023666874533900904,rmsse,8.342695897222752
state_dept,4,ChildSummaryElasticNet,ChildSummaryElasticNet,WI__HOBBIES_2,1624,60,631.4099731445312,0.0018435156082141238,rmsse,52.481388415027624
state_dept,4,ChildSummaryElasticNet,ChildSummaryElasticNet,WI__HOUSEHOLD_1,1624,61,21006.720703125,0.06133292019564156,rmsse,5.569987114341171
state_dept,4,ChildSummaryElasticNet,ChildSummaryElasticNet,WI__HOUSEHOLD_2,1624,62,4732.189453125,0.013816482933292667,rmsse,25.34719107392815
state_dept,4,ChildSummaryElasticNet,ChildSummaryElasticNet,CA__FOODS_1,1652,63,13291.1484375,0.037118237768480306,rmsse,1.067707588444051
state_dept,4,ChildSummaryElasticNet,ChildSummaryElasticNet,CA__FOODS_2,1652,64,15006.0791015625,0.04190753076633226,rmsse,0.8895857429773366
state_dept,4,ChildSummaryElasticNet,ChildSummaryElasticNet,CA__FOODS_3,1652,65,62016.75,0.17319439948722648,rmsse,0.6323440138972025
state_dept,4,ChildSummaryElasticNet,ChildSummaryElasticNet,CA__HOBBIES_1,1652,66,19381.9609375,0.054128071617025944,rmsse,0.6122269778691279
state_dept,4,ChildSummaryElasticNet,ChildSummaryElasticNet,CA__HOBBIES_2,1652,67,445.9000244140625,0.0012452665926501016,rmsse,2.2241989740509513
state_dept,4,ChildSummaryElasticNet,ChildSummaryElasticNet,CA__HOUSEHOLD_1,1652,68,38129.76171875,0.10648512189803469,rmsse,1.0185842558412403
state_dept,4,ChildSummaryElasticNet,ChildSummaryElasticNet,CA__HOUSEHOLD_2,1652,69,14547.0703125,0.04062565527977357,rmsse,1.4135280316198187
state_dept,4,ChildSummaryElasticNet,ChildSummaryElasticNet,TX__FOODS_1,1652,70,2988.970458984375,0.008347308488897896,rmsse,1.4103479288685543
state_dept,4,ChildSummaryElasticNet,ChildSummaryElasticNet,TX__FOODS_2,1652,71,15862.0791015625,0.04429808502725477,rmsse,0.9337036662555858
state_dept,4,ChildSummaryElasticNet,ChildSummaryElasticNet,TX__FOODS_3,1652,72,35578.66796875,0.09936067326009629,rmsse,0.9478668362567512
state_dept,4,ChildSummaryElasticNet,ChildSummaryElasticNet,TX__HOBBIES_1,1652,73,13649.1904296875,0.03811814292036467,rmsse,1.2781812443259335
state_dept,4,ChildSummaryElasticNet,ChildSummaryElasticNet,TX__HOBBIES_2,1652,74,472.33001708984375,0.0013190777277052878,rmsse,4.543595894127333
state_dept,4,ChildSummaryElasticNet,ChildSummaryElasticNet,TX__HOUSEHOLD_1,1652,75,29260.890625,0.08171699388081914,rmsse,0.6892071573162892
state_dept,4,ChildSummaryElasticNet,ChildSummaryElasticNet,TX__HOUSEHOLD_2,1652,76,7691.98974609375,0.021481447269271783,rmsse,1.465403909424596
state_dept,4,ChildSummaryElasticNet,ChildSummaryElasticNet,WI__FOODS_1,1652,77,14324.080078125,0.04000290965485621,rmsse,1.1302570750865264
state_dept,4,ChildSummaryElasticNet,ChildSummaryElasticNet,WI__FOODS_2,1652,78,11056.87109375,0.030878563441162337,rmsse,0.7151273887502103
state_dept,4,ChildSummaryElasticNet,ChildSummaryElasticNet,WI__FOODS_3,1652,79,28448.111328125,0.07944714223206431,rmsse,0.534662387342287
state_dept,4,ChildSummaryElasticNet,ChildSummaryElasticNet,WI__HOBBIES_1,1652,80,8026.5400390625,0.022415747068745284,rmsse,1.1379733462897892
state_dept,4,ChildSummaryElasticNet,ChildSummaryElasticNet,WI__HOBBIES_2,1652,81,603.0899658203125,0.0016842515041020525,rmsse,3.840106835244025
state_dept,4,ChildSummaryElasticNet,ChildSummaryElasticNet,WI__HOUSEHOLD_1,1652,82,22912.0234375,0.06398648978372894,rmsse,0.9426778452571162
state_dept,4,ChildSummaryElasticNet,ChildSummaryElasticNet,WI__HOUSEHOLD_2,1652,83,4382.4501953125,0.012238884331407674,rmsse,2.287346924236175
state_dept,4,ChildSummaryElasticNet,ChildSummaryElasticNet,CA__FOODS_1,1568,0,11792.8583984375,0.033879275283905684,mean_spl,0.20180090847250395
state_dept,4,ChildSummaryElasticNet,ChildSummaryElasticNet,CA__FOODS_2,1568,1,13178.0,0.03785859836580953,mean_spl,0.24425559610096126
state_dept,4,ChildSummaryElasticNet,ChildSummaryElasticNet,CA__FOODS_3,1568,2,68112.484375,0.19567788660271682,mean_spl,0.4398742121335163
state_dept,4,ChildSummaryElasticNet,ChildSummaryElasticNet,CA__HOBBIES_1,1568,3,15952.5,0.04582935881245838,mean_spl,0.26952677100245803
state_dept,4,ChildSummaryElasticNet,ChildSummaryElasticNet,CA__HOBBIES_2,1568,4,463.7000427246094,0.0013321470389831313,mean_spl,1.1675634415651175
state_dept,4,ChildSummaryElasticNet,ChildSummaryElasticNet,CA__HOUSEHOLD_1,1568,5,31119.90234375,0.08940323903591181,mean_spl,0.25855069373251993
state_dept,4,ChildSummaryElasticNet,ChildSummaryElasticNet,CA__HOUSEHOLD_2,1568,6,13990.599609375,0.04019308631872665,mean_spl,0.3738420478578862
state_dept,4,ChildSummaryElasticNet,ChildSummaryElasticNet,TX__FOODS_1,1568,7,3038.590087890625,0.008729455284245033,mean_spl,0.6148310456173669
state_dept,4,ChildSummaryElasticNet,ChildSummaryElasticNet,TX__FOODS_2,1568,8,15714.041015625,0.045144298642768595,mean_spl,0.2801675355173567
state_dept,4,ChildSummaryElasticNet,ChildSummaryElasticNet,TX__FOODS_3,1568,9,36016.30078125,0.10346992456363148,mean_spl,0.2746007931958083
state_dept,4,ChildSummaryElasticNet,ChildSummaryElasticNet,TX__HOBBIES_1,1568,10,12510.4501953125,0.03594081873727419,mean_spl,0.35492629509968515
state_dept,4,ChildSummaryElasticNet,ChildSummaryElasticNet,TX__HOBBIES_2,1568,11,777.6900024414062,0.002234197408979711,mean_spl,1.5704232283073856
state_dept,4,ChildSummaryElasticNet,ChildSummaryElasticNet,TX__HOUSEHOLD_1,1568,12,27891.490234375,0.08012845094908953,mean_spl,0.25877507644411446
state_dept,4,ChildSummaryElasticNet,ChildSummaryElasticNet,TX__HOUSEHOLD_2,1568,13,7838.919921875,0.022520148804371577,mean_spl,0.6090160996396593
state_dept,4,ChildSummaryElasticNet,ChildSummaryElasticNet,WI__FOODS_1,1568,14,11589.6806640625,0.03329557333804301,mean_spl,0.271513972025
state_dept,4,ChildSummaryElasticNet,ChildSummaryElasticNet,WI__FOODS_2,1568,15,11911.400390625,0.03421983027492932,mean_spl,0.21850072076558205
state_dept,4,ChildSummaryElasticNet,ChildSummaryElasticNet,WI__FOODS_3,1568,16,31646.720703125,0.09091671639813012,mean_spl,0.19699163117001245
state_dept,4,ChildSummaryElasticNet,ChildSummaryElasticNet,WI__HOBBIES_1,1568,17,7710.72998046875,0.022151876569871966,mean_spl,0.31129846187101073
state_dept,4,ChildSummaryElasticNet,ChildSummaryElasticNet,WI__HOBBIES_2,1568,18,602.1099853515625,0.0017297799444125257,mean_spl,1.3205655466882265
state_dept,4,ChildSummaryElasticNet,ChildSummaryElasticNet,WI__HOUSEHOLD_1,1568,19,21364.361328125,0.0613768989879737,mean_spl,0.27159139941823324
state_dept,4,ChildSummaryElasticNet,ChildSummaryElasticNet,WI__HOUSEHOLD_2,1568,20,4862.2001953125,0.013968438637767233,mean_spl,0.6563627472959015
state_dept,4,ChildSummaryElasticNet,ChildSummaryElasticNet,CA__FOODS_1,1596,21,12277.021484375,0.036547955632554883,mean_spl,0.3967541151014935
state_dept,4,ChildSummaryElasticNet,ChildSummaryElasticNet,CA__FOODS_2,1596,22,12673.810546875,0.03772917284148374,mean_spl,0.4426384026697546
state_dept,4,ChildSummaryElasticNet,ChildSummaryElasticNet,CA__FOODS_3,1596,23,53976.66015625,0.16068527558535475,mean_spl,0.4699619795157724
state_dept,4,ChildSummaryElasticNet,ChildSummaryElasticNet,CA__HOBBIES_1,1596,24,17082.150390625,0.050852535802740385,mean_spl,0.3859215318045288
state_dept,4,ChildSummaryElasticNet,ChildSummaryElasticNet,CA__HOBBIES_2,1596,25,532.9600219726562,0.0015865899772002994,mean_spl,1.6344511458546367
state_dept,4,ChildSummaryElasticNet,ChildSummaryElasticNet,CA__HOUSEHOLD_1,1596,26,33890.94921875,0.10089132042071218,mean_spl,0.30847460540885097
state_dept,4,ChildSummaryElasticNet,ChildSummaryElasticNet,CA__HOUSEHOLD_2,1596,27,13360.5205078125,0.039773467153155294,mean_spl,0.6273471748305911
state_dept,4,ChildSummaryElasticNet,ChildSummaryElasticNet,TX__FOODS_1,1596,28,3035.920166015625,0.009037752004648082,mean_spl,0.8010450316048604
state_dept,4,ChildSummaryElasticNet,ChildSummaryElasticNet,TX__FOODS_2,1596,29,17131.69921875,0.05100003968829295,mean_spl,0.4686018031561832
state_dept,4,ChildSummaryElasticNet,ChildSummaryElasticNet,TX__FOODS_3,1596,30,32796.19921875,0.09763231541859002,mean_spl,0.3804283432781979
state_dept,4,ChildSummaryElasticNet,ChildSummaryElasticNet,TX__HOBBIES_1,1596,31,14882.1806640625,0.04430335805130441,mean_spl,0.4380508797932927
state_dept,4,ChildSummaryElasticNet,ChildSummaryElasticNet,TX__HOBBIES_2,1596,32,578.0599365234375,0.001720849714232753,mean_spl,2.1066014898462138
state_dept,4,ChildSummaryElasticNet,ChildSummaryElasticNet,TX__HOUSEHOLD_1,1596,33,28905.630859375,0.08605032707029008,mean_spl,0.40856856760851806
state_dept,4,ChildSummaryElasticNet,ChildSummaryElasticNet,TX__HOUSEHOLD_2,1596,34,7684.439453125,0.022876114744224088,mean_spl,0.6792147808931345
state_dept,4,ChildSummaryElasticNet,ChildSummaryElasticNet,WI__FOODS_1,1596,35,10737.1591796875,0.031963878031681686,mean_spl,0.5917287123055184
state_dept,4,ChildSummaryElasticNet,ChildSummaryElasticNet,WI__FOODS_2,1596,36,10716.560546875,0.031902557138899945,mean_spl,0.34983089218748065
state_dept,4,ChildSummaryElasticNet,ChildSummaryElasticNet,WI__FOODS_3,1596,37,29816.84765625,0.08876296474924268,mean_spl,0.2402560810240354
state_dept,4,ChildSummaryElasticNet,ChildSummaryElasticNet,WI__HOBBIES_1,1596,38,8227.0400390625,0.024491404101360175,mean_spl,0.4236747714705919
state_dept,4,ChildSummaryElasticNet,ChildSummaryElasticNet,WI__HOBBIES_2,1596,39,607.7999877929688,0.001809384060750928,mean_spl,2.504052771922655
state_dept,4,ChildSummaryElasticNet,ChildSummaryElasticNet,WI__HOUSEHOLD_1,1596,40,22438.740234375,0.06679878206453355,mean_spl,0.34136098559256767
state_dept,4,ChildSummaryElasticNet,ChildSummaryElasticNet,WI__HOUSEHOLD_2,1596,41,4563.06005859375,0.01358395574874712,mean_spl,1.152758852664715
state_dept,4,ChildSummaryElasticNet,ChildSummaryElasticNet,CA__FOODS_1,1624,42,12728.4296875,0.037162952431844254,mean_spl,3.1711696410637464
state_dept,4,ChildSummaryElasticNet,ChildSummaryElasticNet,CA__FOODS_2,1624,43,13580.01953125,0.03964932299221295,mean_spl,3.1968400420692085
state_dept,4,ChildSummaryElasticNet,ChildSummaryElasticNet,CA__FOODS_3,1624,44,60267.68359375,0.17596240176991368,mean_spl,0.5468206709431928
state_dept,4,ChildSummaryElasticNet,ChildSummaryElasticNet,CA__HOBBIES_1,1624,45,17453.048828125,0.050957332468688665,mean_spl,1.9152404775940457
state_dept,4,ChildSummaryElasticNet,ChildSummaryElasticNet,CA__HOBBIES_2,1624,46,456.08001708984375,0.0013316080927775152,mean_spl,16.899371292426636
state_dept,4,ChildSummaryElasticNet,ChildSummaryElasticNet,CA__HOUSEHOLD_1,1624,47,33276.421875,0.09715653176424922,mean_spl,1.7563643169755165
state_dept,4,ChildSummaryElasticNet,ChildSummaryElasticNet,CA__HOUSEHOLD_2,1624,48,14282.94921875,0.04170165334095564,mean_spl,4.890916001326919
state_dept,4,ChildSummaryElasticNet,ChildSummaryElasticNet,TX__FOODS_1,1624,49,3279.139892578125,0.009574041954674052,mean_spl,7.549433083721768
state_dept,4,ChildSummaryElasticNet,ChildSummaryElasticNet,TX__FOODS_2,1624,50,15690.548828125,0.04581139496742331,mean_spl,3.8357918425568744
state_dept,4,ChildSummaryElasticNet,ChildSummaryElasticNet,TX__FOODS_3,1624,51,32839.859375,0.09588190859239325,mean_spl,0.9442909000812618
state_dept,4,ChildSummaryElasticNet,ChildSummaryElasticNet,TX__HOBBIES_1,1624,52,13678.4794921875,0.03993679465482935,mean_spl,3.6242628914295545
state_dept,4,ChildSummaryElasticNet,ChildSummaryElasticNet,TX__HOBBIES_2,1624,53,634.6099853515625,0.001852858622580461,mean_spl,20.79620198672645
state_dept,4,ChildSummaryElasticNet,ChildSummaryElasticNet,TX__HOUSEHOLD_1,1624,54,29148.998046875,0.08510577144608489,mean_spl,1.8857968164623635
state_dept,4,ChildSummaryElasticNet,ChildSummaryElasticNet,TX__HOUSEHOLD_2,1624,55,6598.01025390625,0.019264084198189795,mean_spl,7.061440543388893
state_dept,4,ChildSummaryElasticNet,ChildSummaryElasticNet,WI__FOODS_1,1624,56,12990.44921875,0.037927965840027715,mean_spl,3.4150212942571097
state_dept,4,ChildSummaryElasticNet,ChildSummaryElasticNet,WI__FOODS_2,1624,57,10640.44140625,0.03106669302833392,mean_spl,2.646940091970441
state_dept,4,ChildSummaryElasticNet,ChildSummaryElasticNet,WI__FOODS_3,1624,58,30481.71875,0.08899689056377208,mean_spl,1.0112991184106828
state_dept,4,ChildSummaryElasticNet,ChildSummaryElasticNet,WI__HOBBIES_1,1624,59,8105.97998046875,0.023666874533900904,mean_spl,3.1208535314984513
state_dept,4,ChildSummaryElasticNet,ChildSummaryElasticNet,WI__HOBBIES_2,1624,60,631.4099731445312,0.0018435156082141238,mean_spl,19.176590175644563
state_dept,4,ChildSummaryElasticNet,ChildSummaryElasticNet,WI__HOUSEHOLD_1,1624,61,21006.720703125,0.06133292019564156,mean_spl,1.9978941782650184
state_dept,4,ChildSummaryElasticNet,ChildSummaryElasticNet,WI__HOUSEHOLD_2,1624,62,4732.189453125,0.013816482933292667,mean_spl,9.008276851303748
state_dept,4,ChildSummaryElasticNet,ChildSummaryElasticNet,CA__FOODS_1,1652,63,13291.1484375,0.037118237768480306,mean_spl,0.2673588791905292
state_dept,4,ChildSummaryElasticNet,ChildSummaryElasticNet,CA__FOODS_2,1652,64,15006.0791015625,0.04190753076633226,mean_spl,0.2153042734280985
state_dept,4,ChildSummaryElasticNet,ChildSummaryElasticNet,CA__FOODS_3,1652,65,62016.75,0.17319439948722648,mean_spl,0.2236130223433543
state_dept,4,ChildSummaryElasticNet,ChildSummaryElasticNet,CA__HOBBIES_1,1652,66,19381.9609375,0.054128071617025944,mean_spl,0.15156842564794606
state_dept,4,ChildSummaryElasticNet,ChildSummaryElasticNet,CA__HOBBIES_2,1652,67,445.9000244140625,0.0012452665926501016,mean_spl,0.7041176573962648
state_dept,4,ChildSummaryElasticNet,ChildSummaryElasticNet,CA__HOUSEHOLD_1,1652,68,38129.76171875,0.10648512189803469,mean_spl,0.27702289427584603
state_dept,4,ChildSummaryElasticNet,ChildSummaryElasticNet,CA__HOUSEHOLD_2,1652,69,14547.0703125,0.04062565527977357,mean_spl,0.3526933719207473
state_dept,4,ChildSummaryElasticNet,ChildSummaryElasticNet,TX__FOODS_1,1652,70,2988.970458984375,0.008347308488897896,mean_spl,0.38719097576748984
state_dept,4,ChildSummaryElasticNet,ChildSummaryElasticNet,TX__FOODS_2,1652,71,15862.0791015625,0.04429808502725477,mean_spl,0.24137205953106244
state_dept,4,ChildSummaryElasticNet,ChildSummaryElasticNet,TX__FOODS_3,1652,72,35578.66796875,0.09936067326009629,mean_spl,0.3167010472283302
state_dept,4,ChildSummaryElasticNet,ChildSummaryElasticNet,TX__HOBBIES_1,1652,73,13649.1904296875,0.03811814292036467,mean_spl,0.34874624027529777
state_dept,4,ChildSummaryElasticNet,ChildSummaryElasticNet,TX__HOBBIES_2,1652,74,472.33001708984375,0.0013190777277052878,mean_spl,1.2073627019136617
state_dept,4,ChildSummaryElasticNet,ChildSummaryElasticNet,TX__HOUSEHOLD_1,1652,75,29260.890625,0.08171699388081914,mean_spl,0.1754558220916182
state_dept,4,ChildSummaryElasticNet,ChildSummaryElasticNet,TX__HOUSEHOLD_2,1652,76,7691.98974609375,0.021481447269271783,mean_spl,0.3860359882926626
state_dept,4,ChildSummaryElasticNet,ChildSummaryElasticNet,WI__FOODS_1,1652,77,14324.080078125,0.04000290965485621,mean_spl,0.29461218066619876
state_dept,4,ChildSummaryElasticNet,ChildSummaryElasticNet,WI__FOODS_2,1652,78,11056.87109375,0.030878563441162337,mean_spl,0.18469123409433552
state_dept,4,ChildSummaryElasticNet,ChildSummaryElasticNet,WI__FOODS_3,1652,79,28448.111328125,0.07944714223206431,mean_spl,0.14525137530239077
state_dept,4,ChildSummaryElasticNet,ChildSummaryElasticNet,WI__HOBBIES_1,1652,80,8026.5400390625,0.022415747068745284,mean_spl,0.27604032023071023
state_dept,4,ChildSummaryElasticNet,ChildSummaryElasticNet,WI__HOBBIES_2,1652,81,603.0899658203125,0.0016842515041020525,mean_spl,1.0540056202226893
state_dept,4,ChildSummaryElasticNet,ChildSummaryElasticNet,WI__HOUSEHOLD_1,1652,82,22912.0234375,0.06398648978372894,mean_spl,0.24925670386383172
state_dept,4,ChildSummaryElasticNet,ChildSummaryElasticNet,WI__HOUSEHOLD_2,1652,83,4382.4501953125,0.012238884331407674,mean_spl,0.5679068532560501
state_dept,4,ChildSummaryHistGB,ChildSummaryHistGB,CA__FOODS_1,1568,0,11792.8583984375,0.033879275283905684,rmsse,0.7333489245009069
state_dept,4,ChildSummaryHistGB,ChildSummaryHistGB,CA__FOODS_2,1568,1,13178.0,0.03785859836580953,rmsse,0.7410841424247994
state_dept,4,ChildSummaryHistGB,ChildSummaryHistGB,CA__FOODS_3,1568,2,68112.484375,0.19567788660271682,rmsse,0.953511906844534
state_dept,4,ChildSummaryHistGB,ChildSummaryHistGB,CA__HOBBIES_1,1568,3,15952.5,0.04582935881245838,rmsse,0.6222289127550739
state_dept,4,ChildSummaryHistGB,ChildSummaryHistGB,CA__HOBBIES_2,1568,4,463.7000427246094,0.0013321470389831313,rmsse,0.7981275890109889
state_dept,4,ChildSummaryHistGB,ChildSummaryHistGB,CA__HOUSEHOLD_1,1568,5,31119.90234375,0.08940323903591181,rmsse,0.7675825019518254
state_dept,4,ChildSummaryHistGB,ChildSummaryHistGB,CA__HOUSEHOLD_2,1568,6,13990.599609375,0.04019308631872665,rmsse,0.7816885123635889
state_dept,4,ChildSummaryHistGB,ChildSummaryHistGB,TX__FOODS_1,1568,7,3038.590087890625,0.008729455284245033,rmsse,0.8001560243445303
state_dept,4,ChildSummaryHistGB,ChildSummaryHistGB,TX__FOODS_2,1568,8,15714.041015625,0.045144298642768595,rmsse,0.8106121597074153
state_dept,4,ChildSummaryHistGB,ChildSummaryHistGB,TX__FOODS_3,1568,9,36016.30078125,0.10346992456363148,rmsse,0.983105276855125
state_dept,4,ChildSummaryHistGB,ChildSummaryHistGB,TX__HOBBIES_1,1568,10,12510.4501953125,0.03594081873727419,rmsse,0.5786902723381236
state_dept,4,ChildSummaryHistGB,ChildSummaryHistGB,TX__HOBBIES_2,1568,11,777.6900024414062,0.002234197408979711,rmsse,1.056199311722942
state_dept,4,ChildSummaryHistGB,ChildSummaryHistGB,TX__HOUSEHOLD_1,1568,12,27891.490234375,0.08012845094908953,rmsse,0.5108015899826399
state_dept,4,ChildSummaryHistGB,ChildSummaryHistGB,TX__HOUSEHOLD_2,1568,13,7838.919921875,0.022520148804371577,rmsse,0.8326312618565616
state_dept,4,ChildSummaryHistGB,ChildSummaryHistGB,WI__FOODS_1,1568,14,11589.6806640625,0.03329557333804301,rmsse,0.907643119504674
state_dept,4,ChildSummaryHistGB,ChildSummaryHistGB,WI__FOODS_2,1568,15,11911.400390625,0.03421983027492932,rmsse,1.0872163511344708
state_dept,4,ChildSummaryHistGB,ChildSummaryHistGB,WI__FOODS_3,1568,16,31646.720703125,0.09091671639813012,rmsse,0.672319510211514
state_dept,4,ChildSummaryHistGB,ChildSummaryHistGB,WI__HOBBIES_1,1568,17,7710.72998046875,0.022151876569871966,rmsse,0.6876026321368615
state_dept,4,ChildSummaryHistGB,ChildSummaryHistGB,WI__HOBBIES_2,1568,18,602.1099853515625,0.0017297799444125257,rmsse,0.8129428814181576
state_dept,4,ChildSummaryHistGB,ChildSummaryHistGB,WI__HOUSEHOLD_1,1568,19,21364.361328125,0.0613768989879737,rmsse,0.7239205085904103
state_dept,4,ChildSummaryHistGB,ChildSummaryHistGB,WI__HOUSEHOLD_2,1568,20,4862.2001953125,0.013968438637767233,rmsse,0.7675559006429836
state_dept,4,ChildSummaryHistGB,ChildSummaryHistGB,CA__FOODS_1,1596,21,12277.021484375,0.036547955632554883,rmsse,0.8041635851723681
state_dept,4,ChildSummaryHistGB,ChildSummaryHistGB,CA__FOODS_2,1596,22,12673.810546875,0.03772917284148374,rmsse,0.9091535644385855
state_dept,4,ChildSummaryHistGB,ChildSummaryHistGB,CA__FOODS_3,1596,23,53976.66015625,0.16068527558535475,rmsse,0.8742470249692982
state_dept,4,ChildSummaryHistGB,ChildSummaryHistGB,CA__HOBBIES_1,1596,24,17082.150390625,0.050852535802740385,rmsse,0.7900774906536202
state_dept,4,ChildSummaryHistGB,ChildSummaryHistGB,CA__HOBBIES_2,1596,25,532.9600219726562,0.0015865899772002994,rmsse,0.5860851599792972
state_dept,4,ChildSummaryHistGB,ChildSummaryHistGB,CA__HOUSEHOLD_1,1596,26,33890.94921875,0.10089132042071218,rmsse,0.8742501911291785
state_dept,4,ChildSummaryHistGB,ChildSummaryHistGB,CA__HOUSEHOLD_2,1596,27,13360.5205078125,0.039773467153155294,rmsse,0.9572202440222388
state_dept,4,ChildSummaryHistGB,ChildSummaryHistGB,TX__FOODS_1,1596,28,3035.920166015625,0.009037752004648082,rmsse,0.8923298123185276
state_dept,4,ChildSummaryHistGB,ChildSummaryHistGB,TX__FOODS_2,1596,29,17131.69921875,0.05100003968829295,rmsse,1.278076653370569
state_dept,4,ChildSummaryHistGB,ChildSummaryHistGB,TX__FOODS_3,1596,30,32796.19921875,0.09763231541859002,rmsse,1.2596371196886818
state_dept,4,ChildSummaryHistGB,ChildSummaryHistGB,TX__HOBBIES_1,1596,31,14882.1806640625,0.04430335805130441,rmsse,0.8791012015333705
state_dept,4,ChildSummaryHistGB,ChildSummaryHistGB,TX__HOBBIES_2,1596,32,578.0599365234375,0.001720849714232753,rmsse,1.0378681995956132
state_dept,4,ChildSummaryHistGB,ChildSummaryHistGB,TX__HOUSEHOLD_1,1596,33,28905.630859375,0.08605032707029008,rmsse,0.8120658126879313
state_dept,4,ChildSummaryHistGB,ChildSummaryHistGB,TX__HOUSEHOLD_2,1596,34,7684.439453125,0.022876114744224088,rmsse,1.1307089557668366
state_dept,4,ChildSummaryHistGB,ChildSummaryHistGB,WI__FOODS_1,1596,35,10737.1591796875,0.031963878031681686,rmsse,1.0119488663173872
state_dept,4,ChildSummaryHistGB,ChildSummaryHistGB,WI__FOODS_2,1596,36,10716.560546875,0.031902557138899945,rmsse,1.0181709822497773
state_dept,4,ChildSummaryHistGB,ChildSummaryHistGB,WI__FOODS_3,1596,37,29816.84765625,0.08876296474924268,rmsse,0.7486347461245536
state_dept,4,ChildSummaryHistGB,ChildSummaryHistGB,WI__HOBBIES_1,1596,38,8227.0400390625,0.024491404101360175,rmsse,0.8235208811958377
state_dept,4,ChildSummaryHistGB,ChildSummaryHistGB,WI__HOBBIES_2,1596,39,607.7999877929688,0.001809384060750928,rmsse,0.9407707582550583
state_dept,4,ChildSummaryHistGB,ChildSummaryHistGB,WI__HOUSEHOLD_1,1596,40,22438.740234375,0.06679878206453355,rmsse,1.2419717565855126
state_dept,4,ChildSummaryHistGB,ChildSummaryHistGB,WI__HOUSEHOLD_2,1596,41,4563.06005859375,0.01358395574874712,rmsse,0.7834534762483397
state_dept,4,ChildSummaryHistGB,ChildSummaryHistGB,CA__FOODS_1,1624,42,12728.4296875,0.037162952431844254,rmsse,0.7743955114767325
state_dept,4,ChildSummaryHistGB,ChildSummaryHistGB,CA__FOODS_2,1624,43,13580.01953125,0.03964932299221295,rmsse,0.7491545483043609
state_dept,4,ChildSummaryHistGB,ChildSummaryHistGB,CA__FOODS_3,1624,44,60267.68359375,0.17596240176991368,rmsse,0.5709707457710549
state_dept,4,ChildSummaryHistGB,ChildSummaryHistGB,CA__HOBBIES_1,1624,45,17453.048828125,0.050957332468688665,rmsse,0.6737274868020998
state_dept,4,ChildSummaryHistGB,ChildSummaryHistGB,CA__HOBBIES_2,1624,46,456.08001708984375,0.0013316080927775152,rmsse,0.8557416252163512
state_dept,4,ChildSummaryHistGB,ChildSummaryHistGB,CA__HOUSEHOLD_1,1624,47,33276.421875,0.09715653176424922,rmsse,0.8979238945237504
state_dept,4,ChildSummaryHistGB,ChildSummaryHistGB,CA__HOUSEHOLD_2,1624,48,14282.94921875,0.04170165334095564,rmsse,0.8051395613227048
state_dept,4,ChildSummaryHistGB,ChildSummaryHistGB,TX__FOODS_1,1624,49,3279.139892578125,0.009574041954674052,rmsse,0.9336950985141734
state_dept,4,ChildSummaryHistGB,ChildSummaryHistGB,TX__FOODS_2,1624,50,15690.548828125,0.04581139496742331,rmsse,0.8056634854871686
state_dept,4,ChildSummaryHistGB,ChildSummaryHistGB,TX__FOODS_3,1624,51,32839.859375,0.09588190859239325,rmsse,0.7596753841424739
state_dept,4,ChildSummaryHistGB,ChildSummaryHistGB,TX__HOBBIES_1,1624,52,13678.4794921875,0.03993679465482935,rmsse,0.5903580950709253
state_dept,4,ChildSummaryHistGB,ChildSummaryHistGB,TX__HOBBIES_2,1624,53,634.6099853515625,0.001852858622580461,rmsse,0.8197677526037691
state_dept,4,ChildSummaryHistGB,ChildSummaryHistGB,TX__HOUSEHOLD_1,1624,54,29148.998046875,0.08510577144608489,rmsse,0.5342499624203281
state_dept,4,ChildSummaryHistGB,ChildSummaryHistGB,TX__HOUSEHOLD_2,1624,55,6598.01025390625,0.019264084198189795,rmsse,0.8577839017952393
state_dept,4,ChildSummaryHistGB,ChildSummaryHistGB,WI__FOODS_1,1624,56,12990.44921875,0.037927965840027715,rmsse,0.842782320236676
state_dept,4,ChildSummaryHistGB,ChildSummaryHistGB,WI__FOODS_2,1624,57,10640.44140625,0.03106669302833392,rmsse,0.9483655765038217
state_dept,4,ChildSummaryHistGB,ChildSummaryHistGB,WI__FOODS_3,1624,58,30481.71875,0.08899689056377208,rmsse,0.513215212045706
state_dept,4,ChildSummaryHistGB,ChildSummaryHistGB,WI__HOBBIES_1,1624,59,8105.97998046875,0.023666874533900904,rmsse,0.6455038249129312
state_dept,4,ChildSummaryHistGB,ChildSummaryHistGB,WI__HOBBIES_2,1624,60,631.4099731445312,0.0018435156082141238,rmsse,1.0588115290524553
state_dept,4,ChildSummaryHistGB,ChildSummaryHistGB,WI__HOUSEHOLD_1,1624,61,21006.720703125,0.06133292019564156,rmsse,1.344146330210629
state_dept,4,ChildSummaryHistGB,ChildSummaryHistGB,WI__HOUSEHOLD_2,1624,62,4732.189453125,0.013816482933292667,rmsse,0.8145238813180007
state_dept,4,ChildSummaryHistGB,ChildSummaryHistGB,CA__FOODS_1,1652,63,13291.1484375,0.037118237768480306,rmsse,0.9772736076124843
state_dept,4,ChildSummaryHistGB,ChildSummaryHistGB,CA__FOODS_2,1652,64,15006.0791015625,0.04190753076633226,rmsse,0.9316304178170584
state_dept,4,ChildSummaryHistGB,ChildSummaryHistGB,CA__FOODS_3,1652,65,62016.75,0.17319439948722648,rmsse,0.7669603955815967
state_dept,4,ChildSummaryHistGB,ChildSummaryHistGB,CA__HOBBIES_1,1652,66,19381.9609375,0.054128071617025944,rmsse,0.6765822812818814
state_dept,4,ChildSummaryHistGB,ChildSummaryHistGB,CA__HOBBIES_2,1652,67,445.9000244140625,0.0012452665926501016,rmsse,1.1687233708370297
state_dept,4,ChildSummaryHistGB,ChildSummaryHistGB,CA__HOUSEHOLD_1,1652,68,38129.76171875,0.10648512189803469,rmsse,1.063458350812468
state_dept,4,ChildSummaryHistGB,ChildSummaryHistGB,CA__HOUSEHOLD_2,1652,69,14547.0703125,0.04062565527977357,rmsse,0.7801540709012633
state_dept,4,ChildSummaryHistGB,ChildSummaryHistGB,TX__FOODS_1,1652,70,2988.970458984375,0.008347308488897896,rmsse,0.7979219945140031
state_dept,4,ChildSummaryHistGB,ChildSummaryHistGB,TX__FOODS_2,1652,71,15862.0791015625,0.04429808502725477,rmsse,0.6185767193642094
state_dept,4,ChildSummaryHistGB,ChildSummaryHistGB,TX__FOODS_3,1652,72,35578.66796875,0.09936067326009629,rmsse,0.8148370331121495
state_dept,4,ChildSummaryHistGB,ChildSummaryHistGB,TX__HOBBIES_1,1652,73,13649.1904296875,0.03811814292036467,rmsse,0.8267033680811894
state_dept,4,ChildSummaryHistGB,ChildSummaryHistGB,TX__HOBBIES_2,1652,74,472.33001708984375,0.0013190777277052878,rmsse,0.6164482242781205
state_dept,4,ChildSummaryHistGB,ChildSummaryHistGB,TX__HOUSEHOLD_1,1652,75,29260.890625,0.08171699388081914,rmsse,0.7093931260769495
state_dept,4,ChildSummaryHistGB,ChildSummaryHistGB,TX__HOUSEHOLD_2,1652,76,7691.98974609375,0.021481447269271783,rmsse,0.7001795567205091
state_dept,4,ChildSummaryHistGB,ChildSummaryHistGB,WI__FOODS_1,1652,77,14324.080078125,0.04000290965485621,rmsse,0.994192421016806
state_dept,4,ChildSummaryHistGB,ChildSummaryHistGB,WI__FOODS_2,1652,78,11056.87109375,0.030878563441162337,rmsse,0.8059426581202477
state_dept,4,ChildSummaryHistGB,ChildSummaryHistGB,WI__FOODS_3,1652,79,28448.111328125,0.07944714223206431,rmsse,0.4848589491156316
state_dept,4,ChildSummaryHistGB,ChildSummaryHistGB,WI__HOBBIES_1,1652,80,8026.5400390625,0.022415747068745284,rmsse,0.9008976253630049
state_dept,4,ChildSummaryHistGB,ChildSummaryHistGB,WI__HOBBIES_2,1652,81,603.0899658203125,0.0016842515041020525,rmsse,0.864952011353753
state_dept,4,ChildSummaryHistGB,ChildSummaryHistGB,WI__HOUSEHOLD_1,1652,82,22912.0234375,0.06398648978372894,rmsse,1.1120172782077589
state_dept,4,ChildSummaryHistGB,ChildSummaryHistGB,WI__HOUSEHOLD_2,1652,83,4382.4501953125,0.012238884331407674,rmsse,0.6329221718876941
state_dept,4,ChildSummaryHistGB,ChildSummaryHistGB,CA__FOODS_1,1568,0,11792.8583984375,0.033879275283905684,mean_spl,0.21090734242744674
state_dept,4,ChildSummaryHistGB,ChildSummaryHistGB,CA__FOODS_2,1568,1,13178.0,0.03785859836580953,mean_spl,0.19686077762128024
state_dept,4,ChildSummaryHistGB,ChildSummaryHistGB,CA__FOODS_3,1568,2,68112.484375,0.19567788660271682,mean_spl,0.49525365754549383
state_dept,4,ChildSummaryHistGB,ChildSummaryHistGB,CA__HOBBIES_1,1568,3,15952.5,0.04582935881245838,mean_spl,0.18557703891385272
state_dept,4,ChildSummaryHistGB,ChildSummaryHistGB,CA__HOBBIES_2,1568,4,463.7000427246094,0.0013321470389831313,mean_spl,0.272161242160329
state_dept,4,ChildSummaryHistGB,ChildSummaryHistGB,CA__HOUSEHOLD_1,1568,5,31119.90234375,0.08940323903591181,mean_spl,0.2282485461712366
state_dept,4,ChildSummaryHistGB,ChildSummaryHistGB,CA__HOUSEHOLD_2,1568,6,13990.599609375,0.04019308631872665,mean_spl,0.19195690960549608
state_dept,4,ChildSummaryHistGB,ChildSummaryHistGB,TX__FOODS_1,1568,7,3038.590087890625,0.008729455284245033,mean_spl,0.2001631081792321
state_dept,4,ChildSummaryHistGB,ChildSummaryHistGB,TX__FOODS_2,1568,8,15714.041015625,0.045144298642768595,mean_spl,0.20802093954901146
state_dept,4,ChildSummaryHistGB,ChildSummaryHistGB,TX__FOODS_3,1568,9,36016.30078125,0.10346992456363148,mean_spl,0.3886881115082932
state_dept,4,ChildSummaryHistGB,ChildSummaryHistGB,TX__HOBBIES_1,1568,10,12510.4501953125,0.03594081873727419,mean_spl,0.15339277623582057
state_dept,4,ChildSummaryHistGB,ChildSummaryHistGB,TX__HOBBIES_2,1568,11,777.6900024414062,0.002234197408979711,mean_spl,0.32698453997432897
state_dept,4,ChildSummaryHistGB,ChildSummaryHistGB,TX__HOUSEHOLD_1,1568,12,27891.490234375,0.08012845094908953,mean_spl,0.14389320431985708
state_dept,4,ChildSummaryHistGB,ChildSummaryHistGB,TX__HOUSEHOLD_2,1568,13,7838.919921875,0.022520148804371577,mean_spl,0.19264287759198456
state_dept,4,ChildSummaryHistGB,ChildSummaryHistGB,WI__FOODS_1,1568,14,11589.6806640625,0.03329557333804301,mean_spl,0.2547552247700888
state_dept,4,ChildSummaryHistGB,ChildSummaryHistGB,WI__FOODS_2,1568,15,11911.400390625,0.03421983027492932,mean_spl,0.3653655989176338
state_dept,4,ChildSummaryHistGB,ChildSummaryHistGB,WI__FOODS_3,1568,16,31646.720703125,0.09091671639813012,mean_spl,0.2890555348967776
state_dept,4,ChildSummaryHistGB,ChildSummaryHistGB,WI__HOBBIES_1,1568,17,7710.72998046875,0.022151876569871966,mean_spl,0.1830493186995298
state_dept,4,ChildSummaryHistGB,ChildSummaryHistGB,WI__HOBBIES_2,1568,18,602.1099853515625,0.0017297799444125257,mean_spl,0.2963489653312752
state_dept,4,ChildSummaryHistGB,ChildSummaryHistGB,WI__HOUSEHOLD_1,1568,19,21364.361328125,0.0613768989879737,mean_spl,0.22341918322211482
state_dept,4,ChildSummaryHistGB,ChildSummaryHistGB,WI__HOUSEHOLD_2,1568,20,4862.2001953125,0.013968438637767233,mean_spl,0.19430535371960792
state_dept,4,ChildSummaryHistGB,ChildSummaryHistGB,CA__FOODS_1,1596,21,12277.021484375,0.036547955632554883,mean_spl,0.2284054445444389
state_dept,4,ChildSummaryHistGB,ChildSummaryHistGB,CA__FOODS_2,1596,22,12673.810546875,0.03772917284148374,mean_spl,0.2356676787769199
state_dept,4,ChildSummaryHistGB,ChildSummaryHistGB,CA__FOODS_3,1596,23,53976.66015625,0.16068527558535475,mean_spl,0.43276157944360816
state_dept,4,ChildSummaryHistGB,ChildSummaryHistGB,CA__HOBBIES_1,1596,24,17082.150390625,0.050852535802740385,mean_spl,0.24539753499509073
state_dept,4,ChildSummaryHistGB,ChildSummaryHistGB,CA__HOBBIES_2,1596,25,532.9600219726562,0.0015865899772002994,mean_spl,0.24292419187563905
state_dept,4,ChildSummaryHistGB,ChildSummaryHistGB,CA__HOUSEHOLD_1,1596,26,33890.94921875,0.10089132042071218,mean_spl,0.26477365872945735
state_dept,4,ChildSummaryHistGB,ChildSummaryHistGB,CA__HOUSEHOLD_2,1596,27,13360.5205078125,0.039773467153155294,mean_spl,0.2578727917935921
state_dept,4,ChildSummaryHistGB,ChildSummaryHistGB,TX__FOODS_1,1596,28,3035.920166015625,0.009037752004648082,mean_spl,0.2325114266166185
state_dept,4,ChildSummaryHistGB,ChildSummaryHistGB,TX__FOODS_2,1596,29,17131.69921875,0.05100003968829295,mean_spl,0.34480773107243273
state_dept,4,ChildSummaryHistGB,ChildSummaryHistGB,TX__FOODS_3,1596,30,32796.19921875,0.09763231541859002,mean_spl,0.4370670791890145
state_dept,4,ChildSummaryHistGB,ChildSummaryHistGB,TX__HOBBIES_1,1596,31,14882.1806640625,0.04430335805130441,mean_spl,0.2548600650334579
state_dept,4,ChildSummaryHistGB,ChildSummaryHistGB,TX__HOBBIES_2,1596,32,578.0599365234375,0.001720849714232753,mean_spl,0.33640163448559546
state_dept,4,ChildSummaryHistGB,ChildSummaryHistGB,TX__HOUSEHOLD_1,1596,33,28905.630859375,0.08605032707029008,mean_spl,0.25860495136981315
state_dept,4,ChildSummaryHistGB,ChildSummaryHistGB,TX__HOUSEHOLD_2,1596,34,7684.439453125,0.022876114744224088,mean_spl,0.2936863260611363
state_dept,4,ChildSummaryHistGB,ChildSummaryHistGB,WI__FOODS_1,1596,35,10737.1591796875,0.031963878031681686,mean_spl,0.2976318871262239
state_dept,4,ChildSummaryHistGB,ChildSummaryHistGB,WI__FOODS_2,1596,36,10716.560546875,0.031902557138899945,mean_spl,0.32333134861832535
state_dept,4,ChildSummaryHistGB,ChildSummaryHistGB,WI__FOODS_3,1596,37,29816.84765625,0.08876296474924268,mean_spl,0.3038573809312306
state_dept,4,ChildSummaryHistGB,ChildSummaryHistGB,WI__HOBBIES_1,1596,38,8227.0400390625,0.024491404101360175,mean_spl,0.23138798118361428
state_dept,4,ChildSummaryHistGB,ChildSummaryHistGB,WI__HOBBIES_2,1596,39,607.7999877929688,0.001809384060750928,mean_spl,0.30522295415529715
state_dept,4,ChildSummaryHistGB,ChildSummaryHistGB,WI__HOUSEHOLD_1,1596,40,22438.740234375,0.06679878206453355,mean_spl,0.4445013958281188
state_dept,4,ChildSummaryHistGB,ChildSummaryHistGB,WI__HOUSEHOLD_2,1596,41,4563.06005859375,0.01358395574874712,mean_spl,0.1990411883872244
state_dept,4,ChildSummaryHistGB,ChildSummaryHistGB,CA__FOODS_1,1624,42,12728.4296875,0.037162952431844254,mean_spl,0.20279796828818197
state_dept,4,ChildSummaryHistGB,ChildSummaryHistGB,CA__FOODS_2,1624,43,13580.01953125,0.03964932299221295,mean_spl,0.19405921929095502
state_dept,4,ChildSummaryHistGB,ChildSummaryHistGB,CA__FOODS_3,1624,44,60267.68359375,0.17596240176991368,mean_spl,0.255867255598251
state_dept,4,ChildSummaryHistGB,ChildSummaryHistGB,CA__HOBBIES_1,1624,45,17453.048828125,0.050957332468688665,mean_spl,0.1986412899737526
state_dept,4,ChildSummaryHistGB,ChildSummaryHistGB,CA__HOBBIES_2,1624,46,456.08001708984375,0.0013316080927775152,mean_spl,0.2776157800790569
state_dept,4,ChildSummaryHistGB,ChildSummaryHistGB,CA__HOUSEHOLD_1,1624,47,33276.421875,0.09715653176424922,mean_spl,0.32148000748821715
state_dept,4,ChildSummaryHistGB,ChildSummaryHistGB,CA__HOUSEHOLD_2,1624,48,14282.94921875,0.04170165334095564,mean_spl,0.21487519340818984
state_dept,4,ChildSummaryHistGB,ChildSummaryHistGB,TX__FOODS_1,1624,49,3279.139892578125,0.009574041954674052,mean_spl,0.22934769111303735
state_dept,4,ChildSummaryHistGB,ChildSummaryHistGB,TX__FOODS_2,1624,50,15690.548828125,0.04581139496742331,mean_spl,0.2141358375767557
state_dept,4,ChildSummaryHistGB,ChildSummaryHistGB,TX__FOODS_3,1624,51,32839.859375,0.09588190859239325,mean_spl,0.3221844214611618
state_dept,4,ChildSummaryHistGB,ChildSummaryHistGB,TX__HOBBIES_1,1624,52,13678.4794921875,0.03993679465482935,mean_spl,0.15596104031783684
state_dept,4,ChildSummaryHistGB,ChildSummaryHistGB,TX__HOBBIES_2,1624,53,634.6099853515625,0.001852858622580461,mean_spl,0.30544982323264314
state_dept,4,ChildSummaryHistGB,ChildSummaryHistGB,TX__HOUSEHOLD_1,1624,54,29148.998046875,0.08510577144608489,mean_spl,0.15463052597735916
state_dept,4,ChildSummaryHistGB,ChildSummaryHistGB,TX__HOUSEHOLD_2,1624,55,6598.01025390625,0.019264084198189795,mean_spl,0.21800977011304953
state_dept,4,ChildSummaryHistGB,ChildSummaryHistGB,WI__FOODS_1,1624,56,12990.44921875,0.037927965840027715,mean_spl,0.24697881087611406
state_dept,4,ChildSummaryHistGB,ChildSummaryHistGB,WI__FOODS_2,1624,57,10640.44140625,0.03106669302833392,mean_spl,0.289991664720186
state_dept,4,ChildSummaryHistGB,ChildSummaryHistGB,WI__FOODS_3,1624,58,30481.71875,0.08899689056377208,mean_spl,0.18233178815234957
state_dept,4,ChildSummaryHistGB,ChildSummaryHistGB,WI__HOBBIES_1,1624,59,8105.97998046875,0.023666874533900904,mean_spl,0.1706966408848579
state_dept,4,ChildSummaryHistGB,ChildSummaryHistGB,WI__HOBBIES_2,1624,60,631.4099731445312,0.0018435156082141238,mean_spl,0.3239394222856956
state_dept,4,ChildSummaryHistGB,ChildSummaryHistGB,WI__HOUSEHOLD_1,1624,61,21006.720703125,0.06133292019564156,mean_spl,0.464609481005996
state_dept,4,ChildSummaryHistGB,ChildSummaryHistGB,WI__HOUSEHOLD_2,1624,62,4732.189453125,0.013816482933292667,mean_spl,0.20793753118269864
state_dept,4,ChildSummaryHistGB,ChildSummaryHistGB,CA__FOODS_1,1652,63,13291.1484375,0.037118237768480306,mean_spl,0.28906364773687554
state_dept,4,ChildSummaryHistGB,ChildSummaryHistGB,CA__FOODS_2,1652,64,15006.0791015625,0.04190753076633226,mean_spl,0.27009596053244633
state_dept,4,ChildSummaryHistGB,ChildSummaryHistGB,CA__FOODS_3,1652,65,62016.75,0.17319439948722648,mean_spl,0.35274877209015876
state_dept,4,ChildSummaryHistGB,ChildSummaryHistGB,CA__HOBBIES_1,1652,66,19381.9609375,0.054128071617025944,mean_spl,0.1904131147440632
state_dept,4,ChildSummaryHistGB,ChildSummaryHistGB,CA__HOBBIES_2,1652,67,445.9000244140625,0.0012452665926501016,mean_spl,0.32585882882473016
state_dept,4,ChildSummaryHistGB,ChildSummaryHistGB,CA__HOUSEHOLD_1,1652,68,38129.76171875,0.10648512189803469,mean_spl,0.38071172366321027
state_dept,4,ChildSummaryHistGB,ChildSummaryHistGB,CA__HOUSEHOLD_2,1652,69,14547.0703125,0.04062565527977357,mean_spl,0.20538608530582067
state_dept,4,ChildSummaryHistGB,ChildSummaryHistGB,TX__FOODS_1,1652,70,2988.970458984375,0.008347308488897896,mean_spl,0.19916854765907024
state_dept,4,ChildSummaryHistGB,ChildSummaryHistGB,TX__FOODS_2,1652,71,15862.0791015625,0.04429808502725477,mean_spl,0.16011721364249265
state_dept,4,ChildSummaryHistGB,ChildSummaryHistGB,TX__FOODS_3,1652,72,35578.66796875,0.09936067326009629,mean_spl,0.34817852011695094
state_dept,4,ChildSummaryHistGB,ChildSummaryHistGB,TX__HOBBIES_1,1652,73,13649.1904296875,0.03811814292036467,mean_spl,0.2277686280927497
state_dept,4,ChildSummaryHistGB,ChildSummaryHistGB,TX__HOBBIES_2,1652,74,472.33001708984375,0.0013190777277052878,mean_spl,0.2958267620089677
state_dept,4,ChildSummaryHistGB,ChildSummaryHistGB,TX__HOUSEHOLD_1,1652,75,29260.890625,0.08171699388081914,mean_spl,0.22912962682880111
state_dept,4,ChildSummaryHistGB,ChildSummaryHistGB,TX__HOUSEHOLD_2,1652,76,7691.98974609375,0.021481447269271783,mean_spl,0.17455561693637425
state_dept,4,ChildSummaryHistGB,ChildSummaryHistGB,WI__FOODS_1,1652,77,14324.080078125,0.04000290965485621,mean_spl,0.2871403260335827
state_dept,4,ChildSummaryHistGB,ChildSummaryHistGB,WI__FOODS_2,1652,78,11056.87109375,0.030878563441162337,mean_spl,0.2299602091270359
state_dept,4,ChildSummaryHistGB,ChildSummaryHistGB,WI__FOODS_3,1652,79,28448.111328125,0.07944714223206431,mean_spl,0.16187017534828593
state_dept,4,ChildSummaryHistGB,ChildSummaryHistGB,WI__HOBBIES_1,1652,80,8026.5400390625,0.022415747068745284,mean_spl,0.21942684144613336
state_dept,4,ChildSummaryHistGB,ChildSummaryHistGB,WI__HOBBIES_2,1652,81,603.0899658203125,0.0016842515041020525,mean_spl,0.3038565555210027
state_dept,4,ChildSummaryHistGB,ChildSummaryHistGB,WI__HOUSEHOLD_1,1652,82,22912.0234375,0.06398648978372894,mean_spl,0.4042458497384243
state_dept,4,ChildSummaryHistGB,ChildSummaryHistGB,WI__HOUSEHOLD_2,1652,83,4382.4501953125,0.012238884331407674,mean_spl,0.17245599320348928
state_dept,4,BottomUpGlobalHistGB,BottomUpGlobalHistGB,CA__FOODS_1,1568,0,11792.8583984375,0.033879275283905684,rmsse,0.7337266431623207
state_dept,4,BottomUpGlobalHistGB,BottomUpGlobalHistGB,CA__FOODS_2,1568,1,13178.0,0.03785859836580953,rmsse,0.7094298407367118
state_dept,4,BottomUpGlobalHistGB,BottomUpGlobalHistGB,CA__FOODS_3,1568,2,68112.484375,0.19567788660271682,rmsse,1.166367999912251
state_dept,4,BottomUpGlobalHistGB,BottomUpGlobalHistGB,CA__HOBBIES_1,1568,3,15952.5,0.04582935881245838,rmsse,0.6324867401359487
state_dept,4,BottomUpGlobalHistGB,BottomUpGlobalHistGB,CA__HOBBIES_2,1568,4,463.7000427246094,0.0013321470389831313,rmsse,1.1746106719911433
state_dept,4,BottomUpGlobalHistGB,BottomUpGlobalHistGB,CA__HOUSEHOLD_1,1568,5,31119.90234375,0.08940323903591181,rmsse,0.9339772384783032
state_dept,4,BottomUpGlobalHistGB,BottomUpGlobalHistGB,CA__HOUSEHOLD_2,1568,6,13990.599609375,0.04019308631872665,rmsse,0.7352019030961733
state_dept,4,BottomUpGlobalHistGB,BottomUpGlobalHistGB,TX__FOODS_1,1568,7,3038.590087890625,0.008729455284245033,rmsse,0.7804889206759805
state_dept,4,BottomUpGlobalHistGB,BottomUpGlobalHistGB,TX__FOODS_2,1568,8,15714.041015625,0.045144298642768595,rmsse,0.7928883319855866
state_dept,4,BottomUpGlobalHistGB,BottomUpGlobalHistGB,TX__FOODS_3,1568,9,36016.30078125,0.10346992456363148,rmsse,0.8972810184346668
state_dept,4,BottomUpGlobalHistGB,BottomUpGlobalHistGB,TX__HOBBIES_1,1568,10,12510.4501953125,0.03594081873727419,rmsse,0.5995679147686424
state_dept,4,BottomUpGlobalHistGB,BottomUpGlobalHistGB,TX__HOBBIES_2,1568,11,777.6900024414062,0.002234197408979711,rmsse,1.96945996536866
state_dept,4,BottomUpGlobalHistGB,BottomUpGlobalHistGB,TX__HOUSEHOLD_1,1568,12,27891.490234375,0.08012845094908953,rmsse,0.510980833562152
state_dept,4,BottomUpGlobalHistGB,BottomUpGlobalHistGB,TX__HOUSEHOLD_2,1568,13,7838.919921875,0.022520148804371577,rmsse,1.0341164616318104
state_dept,4,BottomUpGlobalHistGB,BottomUpGlobalHistGB,WI__FOODS_1,1568,14,11589.6806640625,0.03329557333804301,rmsse,0.9401845314263222
state_dept,4,BottomUpGlobalHistGB,BottomUpGlobalHistGB,WI__FOODS_2,1568,15,11911.400390625,0.03421983027492932,rmsse,0.9261247319207302
state_dept,4,BottomUpGlobalHistGB,BottomUpGlobalHistGB,WI__FOODS_3,1568,16,31646.720703125,0.09091671639813012,rmsse,0.6260605412103125
state_dept,4,BottomUpGlobalHistGB,BottomUpGlobalHistGB,WI__HOBBIES_1,1568,17,7710.72998046875,0.022151876569871966,rmsse,0.6349341770324228
state_dept,4,BottomUpGlobalHistGB,BottomUpGlobalHistGB,WI__HOBBIES_2,1568,18,602.1099853515625,0.0017297799444125257,rmsse,1.488380879114313
state_dept,4,BottomUpGlobalHistGB,BottomUpGlobalHistGB,WI__HOUSEHOLD_1,1568,19,21364.361328125,0.0613768989879737,rmsse,0.9714443701191561
state_dept,4,BottomUpGlobalHistGB,BottomUpGlobalHistGB,WI__HOUSEHOLD_2,1568,20,4862.2001953125,0.013968438637767233,rmsse,1.4960559587222741
state_dept,4,BottomUpGlobalHistGB,BottomUpGlobalHistGB,CA__FOODS_1,1596,21,12277.021484375,0.036547955632554883,rmsse,0.9603784353298914
state_dept,4,BottomUpGlobalHistGB,BottomUpGlobalHistGB,CA__FOODS_2,1596,22,12673.810546875,0.03772917284148374,rmsse,0.8094112437820905
state_dept,4,BottomUpGlobalHistGB,BottomUpGlobalHistGB,CA__FOODS_3,1596,23,53976.66015625,0.16068527558535475,rmsse,1.2069423984673857
state_dept,4,BottomUpGlobalHistGB,BottomUpGlobalHistGB,CA__HOBBIES_1,1596,24,17082.150390625,0.050852535802740385,rmsse,0.7082411521117917
state_dept,4,BottomUpGlobalHistGB,BottomUpGlobalHistGB,CA__HOBBIES_2,1596,25,532.9600219726562,0.0015865899772002994,rmsse,1.712624654084811
state_dept,4,BottomUpGlobalHistGB,BottomUpGlobalHistGB,CA__HOUSEHOLD_1,1596,26,33890.94921875,0.10089132042071218,rmsse,0.6987529632398584
state_dept,4,BottomUpGlobalHistGB,BottomUpGlobalHistGB,CA__HOUSEHOLD_2,1596,27,13360.5205078125,0.039773467153155294,rmsse,0.8581205377503134
state_dept,4,BottomUpGlobalHistGB,BottomUpGlobalHistGB,TX__FOODS_1,1596,28,3035.920166015625,0.009037752004648082,rmsse,0.7691231114461996
state_dept,4,BottomUpGlobalHistGB,BottomUpGlobalHistGB,TX__FOODS_2,1596,29,17131.69921875,0.05100003968829295,rmsse,1.3218311922760344
state_dept,4,BottomUpGlobalHistGB,BottomUpGlobalHistGB,TX__FOODS_3,1596,30,32796.19921875,0.09763231541859002,rmsse,1.2795644082682127
state_dept,4,BottomUpGlobalHistGB,BottomUpGlobalHistGB,TX__HOBBIES_1,1596,31,14882.1806640625,0.04430335805130441,rmsse,0.9053413997358389
state_dept,4,BottomUpGlobalHistGB,BottomUpGlobalHistGB,TX__HOBBIES_2,1596,32,578.0599365234375,0.001720849714232753,rmsse,1.434052125295325
state_dept,4,BottomUpGlobalHistGB,BottomUpGlobalHistGB,TX__HOUSEHOLD_1,1596,33,28905.630859375,0.08605032707029008,rmsse,0.8873892339117051
state_dept,4,BottomUpGlobalHistGB,BottomUpGlobalHistGB,TX__HOUSEHOLD_2,1596,34,7684.439453125,0.022876114744224088,rmsse,1.5432954811542456
state_dept,4,BottomUpGlobalHistGB,BottomUpGlobalHistGB,WI__FOODS_1,1596,35,10737.1591796875,0.031963878031681686,rmsse,1.081975074942001
state_dept,4,BottomUpGlobalHistGB,BottomUpGlobalHistGB,WI__FOODS_2,1596,36,10716.560546875,0.031902557138899945,rmsse,1.0076528584615052
state_dept,4,BottomUpGlobalHistGB,BottomUpGlobalHistGB,WI__FOODS_3,1596,37,29816.84765625,0.08876296474924268,rmsse,0.8133709210241474
state_dept,4,BottomUpGlobalHistGB,BottomUpGlobalHistGB,WI__HOBBIES_1,1596,38,8227.0400390625,0.024491404101360175,rmsse,0.8919490612400283
state_dept,4,BottomUpGlobalHistGB,BottomUpGlobalHistGB,WI__HOBBIES_2,1596,39,607.7999877929688,0.001809384060750928,rmsse,1.5093014777270177
state_dept,4,BottomUpGlobalHistGB,BottomUpGlobalHistGB,WI__HOUSEHOLD_1,1596,40,22438.740234375,0.06679878206453355,rmsse,1.064141441835979
state_dept,4,BottomUpGlobalHistGB,BottomUpGlobalHistGB,WI__HOUSEHOLD_2,1596,41,4563.06005859375,0.01358395574874712,rmsse,1.3508902756031302
state_dept,4,BottomUpGlobalHistGB,BottomUpGlobalHistGB,CA__FOODS_1,1624,42,12728.4296875,0.037162952431844254,rmsse,0.841633818035971
state_dept,4,BottomUpGlobalHistGB,BottomUpGlobalHistGB,CA__FOODS_2,1624,43,13580.01953125,0.03964932299221295,rmsse,0.7598142631356778
state_dept,4,BottomUpGlobalHistGB,BottomUpGlobalHistGB,CA__FOODS_3,1624,44,60267.68359375,0.17596240176991368,rmsse,0.6993043810788659
state_dept,4,BottomUpGlobalHistGB,BottomUpGlobalHistGB,CA__HOBBIES_1,1624,45,17453.048828125,0.050957332468688665,rmsse,0.6139299564074826
state_dept,4,BottomUpGlobalHistGB,BottomUpGlobalHistGB,CA__HOBBIES_2,1624,46,456.08001708984375,0.0013316080927775152,rmsse,1.4656409511732418
state_dept,4,BottomUpGlobalHistGB,BottomUpGlobalHistGB,CA__HOUSEHOLD_1,1624,47,33276.421875,0.09715653176424922,rmsse,0.9299093464760059
state_dept,4,BottomUpGlobalHistGB,BottomUpGlobalHistGB,CA__HOUSEHOLD_2,1624,48,14282.94921875,0.04170165334095564,rmsse,0.7356358315558035
state_dept,4,BottomUpGlobalHistGB,BottomUpGlobalHistGB,TX__FOODS_1,1624,49,3279.139892578125,0.009574041954674052,rmsse,1.1236484494729944
state_dept,4,BottomUpGlobalHistGB,BottomUpGlobalHistGB,TX__FOODS_2,1624,50,15690.548828125,0.04581139496742331,rmsse,0.9061975477672541
state_dept,4,BottomUpGlobalHistGB,BottomUpGlobalHistGB,TX__FOODS_3,1624,51,32839.859375,0.09588190859239325,rmsse,0.7450535280308535
state_dept,4,BottomUpGlobalHistGB,BottomUpGlobalHistGB,TX__HOBBIES_1,1624,52,13678.4794921875,0.03993679465482935,rmsse,0.5068264208003778
state_dept,4,BottomUpGlobalHistGB,BottomUpGlobalHistGB,TX__HOBBIES_2,1624,53,634.6099853515625,0.001852858622580461,rmsse,1.2025395800591558
state_dept,4,BottomUpGlobalHistGB,BottomUpGlobalHistGB,TX__HOUSEHOLD_1,1624,54,29148.998046875,0.08510577144608489,rmsse,0.6098815127205438
state_dept,4,BottomUpGlobalHistGB,BottomUpGlobalHistGB,TX__HOUSEHOLD_2,1624,55,6598.01025390625,0.019264084198189795,rmsse,0.7484657841513211
state_dept,4,BottomUpGlobalHistGB,BottomUpGlobalHistGB,WI__FOODS_1,1624,56,12990.44921875,0.037927965840027715,rmsse,1.1060121239401088
state_dept,4,BottomUpGlobalHistGB,BottomUpGlobalHistGB,WI__FOODS_2,1624,57,10640.44140625,0.03106669302833392,rmsse,1.0703078485646673
state_dept,4,BottomUpGlobalHistGB,BottomUpGlobalHistGB,WI__FOODS_3,1624,58,30481.71875,0.08899689056377208,rmsse,0.5854441099992364
state_dept,4,BottomUpGlobalHistGB,BottomUpGlobalHistGB,WI__HOBBIES_1,1624,59,8105.97998046875,0.023666874533900904,rmsse,0.6293044838023278
state_dept,4,BottomUpGlobalHistGB,BottomUpGlobalHistGB,WI__HOBBIES_2,1624,60,631.4099731445312,0.0018435156082141238,rmsse,1.3324144625312067
state_dept,4,BottomUpGlobalHistGB,BottomUpGlobalHistGB,WI__HOUSEHOLD_1,1624,61,21006.720703125,0.06133292019564156,rmsse,1.3522633864236506
state_dept,4,BottomUpGlobalHistGB,BottomUpGlobalHistGB,WI__HOUSEHOLD_2,1624,62,4732.189453125,0.013816482933292667,rmsse,1.4343692621635284
state_dept,4,BottomUpGlobalHistGB,BottomUpGlobalHistGB,CA__FOODS_1,1652,63,13291.1484375,0.037118237768480306,rmsse,0.8044631222318067
state_dept,4,BottomUpGlobalHistGB,BottomUpGlobalHistGB,CA__FOODS_2,1652,64,15006.0791015625,0.04190753076633226,rmsse,0.6697413960345963
state_dept,4,BottomUpGlobalHistGB,BottomUpGlobalHistGB,CA__FOODS_3,1652,65,62016.75,0.17319439948722648,rmsse,0.7060077585465959
state_dept,4,BottomUpGlobalHistGB,BottomUpGlobalHistGB,CA__HOBBIES_1,1652,66,19381.9609375,0.054128071617025944,rmsse,0.5672872921643214
state_dept,4,BottomUpGlobalHistGB,BottomUpGlobalHistGB,CA__HOBBIES_2,1652,67,445.9000244140625,0.0012452665926501016,rmsse,1.364051476482694
state_dept,4,BottomUpGlobalHistGB,BottomUpGlobalHistGB,CA__HOUSEHOLD_1,1652,68,38129.76171875,0.10648512189803469,rmsse,0.9927917952967132
state_dept,4,BottomUpGlobalHistGB,BottomUpGlobalHistGB,CA__HOUSEHOLD_2,1652,69,14547.0703125,0.04062565527977357,rmsse,0.9184704567440187
state_dept,4,BottomUpGlobalHistGB,BottomUpGlobalHistGB,TX__FOODS_1,1652,70,2988.970458984375,0.008347308488897896,rmsse,1.0047506265552582
state_dept,4,BottomUpGlobalHistGB,BottomUpGlobalHistGB,TX__FOODS_2,1652,71,15862.0791015625,0.04429808502725477,rmsse,0.7125534715549364
state_dept,4,BottomUpGlobalHistGB,BottomUpGlobalHistGB,TX__FOODS_3,1652,72,35578.66796875,0.09936067326009629,rmsse,0.7782470679634623
state_dept,4,BottomUpGlobalHistGB,BottomUpGlobalHistGB,TX__HOBBIES_1,1652,73,13649.1904296875,0.03811814292036467,rmsse,0.7627264328857907
state_dept,4,BottomUpGlobalHistGB,BottomUpGlobalHistGB,TX__HOBBIES_2,1652,74,472.33001708984375,0.0013190777277052878,rmsse,0.9768299516214887
state_dept,4,BottomUpGlobalHistGB,BottomUpGlobalHistGB,TX__HOUSEHOLD_1,1652,75,29260.890625,0.08171699388081914,rmsse,0.5505325842750594
state_dept,4,BottomUpGlobalHistGB,BottomUpGlobalHistGB,TX__HOUSEHOLD_2,1652,76,7691.98974609375,0.021481447269271783,rmsse,1.143204357299262
state_dept,4,BottomUpGlobalHistGB,BottomUpGlobalHistGB,WI__FOODS_1,1652,77,14324.080078125,0.04000290965485621,rmsse,1.222651006338942
state_dept,4,BottomUpGlobalHistGB,BottomUpGlobalHistGB,WI__FOODS_2,1652,78,11056.87109375,0.030878563441162337,rmsse,0.7961730605345716
state_dept,4,BottomUpGlobalHistGB,BottomUpGlobalHistGB,WI__FOODS_3,1652,79,28448.111328125,0.07944714223206431,rmsse,0.5594367447685192
state_dept,4,BottomUpGlobalHistGB,BottomUpGlobalHistGB,WI__HOBBIES_1,1652,80,8026.5400390625,0.022415747068745284,rmsse,0.852047961455551
state_dept,4,BottomUpGlobalHistGB,BottomUpGlobalHistGB,WI__HOBBIES_2,1652,81,603.0899658203125,0.0016842515041020525,rmsse,1.3610266183570248
state_dept,4,BottomUpGlobalHistGB,BottomUpGlobalHistGB,WI__HOUSEHOLD_1,1652,82,22912.0234375,0.06398648978372894,rmsse,1.1801081414526895
state_dept,4,BottomUpGlobalHistGB,BottomUpGlobalHistGB,WI__HOUSEHOLD_2,1652,83,4382.4501953125,0.012238884331407674,rmsse,1.414507454400845
state_dept,4,BottomUpGlobalHistGB,BottomUpGlobalHistGB,CA__FOODS_1,1568,0,11792.8583984375,0.033879275283905684,mean_spl,0.1892443489990916
state_dept,4,BottomUpGlobalHistGB,BottomUpGlobalHistGB,CA__FOODS_2,1568,1,13178.0,0.03785859836580953,mean_spl,0.1708982289365939
state_dept,4,BottomUpGlobalHistGB,BottomUpGlobalHistGB,CA__FOODS_3,1568,2,68112.484375,0.19567788660271682,mean_spl,0.5907526508843278
state_dept,4,BottomUpGlobalHistGB,BottomUpGlobalHistGB,CA__HOBBIES_1,1568,3,15952.5,0.04582935881245838,mean_spl,0.15972303820136247
state_dept,4,BottomUpGlobalHistGB,BottomUpGlobalHistGB,CA__HOBBIES_2,1568,4,463.7000427246094,0.0013321470389831313,mean_spl,0.492309549963874
state_dept,4,BottomUpGlobalHistGB,BottomUpGlobalHistGB,CA__HOUSEHOLD_1,1568,5,31119.90234375,0.08940323903591181,mean_spl,0.24985941785167512
state_dept,4,BottomUpGlobalHistGB,BottomUpGlobalHistGB,CA__HOUSEHOLD_2,1568,6,13990.599609375,0.04019308631872665,mean_spl,0.18490854848760355
state_dept,4,BottomUpGlobalHistGB,BottomUpGlobalHistGB,TX__FOODS_1,1568,7,3038.590087890625,0.008729455284245033,mean_spl,0.252819811481132
state_dept,4,BottomUpGlobalHistGB,BottomUpGlobalHistGB,TX__FOODS_2,1568,8,15714.041015625,0.045144298642768595,mean_spl,0.2074300495338875
state_dept,4,BottomUpGlobalHistGB,BottomUpGlobalHistGB,TX__FOODS_3,1568,9,36016.30078125,0.10346992456363148,mean_spl,0.277862533300759
state_dept,4,BottomUpGlobalHistGB,BottomUpGlobalHistGB,TX__HOBBIES_1,1568,10,12510.4501953125,0.03594081873727419,mean_spl,0.16558154680621623
state_dept,4,BottomUpGlobalHistGB,BottomUpGlobalHistGB,TX__HOBBIES_2,1568,11,777.6900024414062,0.002234197408979711,mean_spl,0.6407001161733483
state_dept,4,BottomUpGlobalHistGB,BottomUpGlobalHistGB,TX__HOUSEHOLD_1,1568,12,27891.490234375,0.08012845094908953,mean_spl,0.143797410159351
state_dept,4,BottomUpGlobalHistGB,BottomUpGlobalHistGB,TX__HOUSEHOLD_2,1568,13,7838.919921875,0.022520148804371577,mean_spl,0.2636417519698344
state_dept,4,BottomUpGlobalHistGB,BottomUpGlobalHistGB,WI__FOODS_1,1568,14,11589.6806640625,0.03329557333804301,mean_spl,0.24138444127291628
state_dept,4,BottomUpGlobalHistGB,BottomUpGlobalHistGB,WI__FOODS_2,1568,15,11911.400390625,0.03421983027492932,mean_spl,0.22119348179180162
state_dept,4,BottomUpGlobalHistGB,BottomUpGlobalHistGB,WI__FOODS_3,1568,16,31646.720703125,0.09091671639813012,mean_spl,0.19825195732738968
state_dept,4,BottomUpGlobalHistGB,BottomUpGlobalHistGB,WI__HOBBIES_1,1568,17,7710.72998046875,0.022151876569871966,mean_spl,0.16587898762166345
state_dept,4,BottomUpGlobalHistGB,BottomUpGlobalHistGB,WI__HOBBIES_2,1568,18,602.1099853515625,0.0017297799444125257,mean_spl,0.5886466335416526
state_dept,4,BottomUpGlobalHistGB,BottomUpGlobalHistGB,WI__HOUSEHOLD_1,1568,19,21364.361328125,0.0613768989879737,mean_spl,0.25251013933921346
state_dept,4,BottomUpGlobalHistGB,BottomUpGlobalHistGB,WI__HOUSEHOLD_2,1568,20,4862.2001953125,0.013968438637767233,mean_spl,0.34466823150313347
state_dept,4,BottomUpGlobalHistGB,BottomUpGlobalHistGB,CA__FOODS_1,1596,21,12277.021484375,0.036547955632554883,mean_spl,0.2632257706375891
state_dept,4,BottomUpGlobalHistGB,BottomUpGlobalHistGB,CA__FOODS_2,1596,22,12673.810546875,0.03772917284148374,mean_spl,0.20068777725271514
state_dept,4,BottomUpGlobalHistGB,BottomUpGlobalHistGB,CA__FOODS_3,1596,23,53976.66015625,0.16068527558535475,mean_spl,0.5178893632325394
state_dept,4,BottomUpGlobalHistGB,BottomUpGlobalHistGB,CA__HOBBIES_1,1596,24,17082.150390625,0.050852535802740385,mean_spl,0.18071118238067513
state_dept,4,BottomUpGlobalHistGB,BottomUpGlobalHistGB,CA__HOBBIES_2,1596,25,532.9600219726562,0.0015865899772002994,mean_spl,0.5194811421058547
state_dept,4,BottomUpGlobalHistGB,BottomUpGlobalHistGB,CA__HOUSEHOLD_1,1596,26,33890.94921875,0.10089132042071218,mean_spl,0.1724397319779009
state_dept,4,BottomUpGlobalHistGB,BottomUpGlobalHistGB,CA__HOUSEHOLD_2,1596,27,13360.5205078125,0.039773467153155294,mean_spl,0.2324400632159184
state_dept,4,BottomUpGlobalHistGB,BottomUpGlobalHistGB,TX__FOODS_1,1596,28,3035.920166015625,0.009037752004648082,mean_spl,0.2872245966980425
state_dept,4,BottomUpGlobalHistGB,BottomUpGlobalHistGB,TX__FOODS_2,1596,29,17131.69921875,0.05100003968829295,mean_spl,0.3113610180034513
state_dept,4,BottomUpGlobalHistGB,BottomUpGlobalHistGB,TX__FOODS_3,1596,30,32796.19921875,0.09763231541859002,mean_spl,0.3219242000146108
state_dept,4,BottomUpGlobalHistGB,BottomUpGlobalHistGB,TX__HOBBIES_1,1596,31,14882.1806640625,0.04430335805130441,mean_spl,0.2226582313890126
state_dept,4,BottomUpGlobalHistGB,BottomUpGlobalHistGB,TX__HOBBIES_2,1596,32,578.0599365234375,0.001720849714232753,mean_spl,0.6333672072704697
state_dept,4,BottomUpGlobalHistGB,BottomUpGlobalHistGB,TX__HOUSEHOLD_1,1596,33,28905.630859375,0.08605032707029008,mean_spl,0.2329048177552916
state_dept,4,BottomUpGlobalHistGB,BottomUpGlobalHistGB,TX__HOUSEHOLD_2,1596,34,7684.439453125,0.022876114744224088,mean_spl,0.345970665967023
state_dept,4,BottomUpGlobalHistGB,BottomUpGlobalHistGB,WI__FOODS_1,1596,35,10737.1591796875,0.031963878031681686,mean_spl,0.3153790709129564
state_dept,4,BottomUpGlobalHistGB,BottomUpGlobalHistGB,WI__FOODS_2,1596,36,10716.560546875,0.031902557138899945,mean_spl,0.2552673421291444
state_dept,4,BottomUpGlobalHistGB,BottomUpGlobalHistGB,WI__FOODS_3,1596,37,29816.84765625,0.08876296474924268,mean_spl,0.22739337896755815
state_dept,4,BottomUpGlobalHistGB,BottomUpGlobalHistGB,WI__HOBBIES_1,1596,38,8227.0400390625,0.024491404101360175,mean_spl,0.22063163200287328
state_dept,4,BottomUpGlobalHistGB,BottomUpGlobalHistGB,WI__HOBBIES_2,1596,39,607.7999877929688,0.001809384060750928,mean_spl,0.5934111503799334
state_dept,4,BottomUpGlobalHistGB,BottomUpGlobalHistGB,WI__HOUSEHOLD_1,1596,40,22438.740234375,0.06679878206453355,mean_spl,0.28033981094415644
state_dept,4,BottomUpGlobalHistGB,BottomUpGlobalHistGB,WI__HOUSEHOLD_2,1596,41,4563.06005859375,0.01358395574874712,mean_spl,0.32137952451103213
state_dept,4,BottomUpGlobalHistGB,BottomUpGlobalHistGB,CA__FOODS_1,1624,42,12728.4296875,0.037162952431844254,mean_spl,0.2157073116192153
state_dept,4,BottomUpGlobalHistGB,BottomUpGlobalHistGB,CA__FOODS_2,1624,43,13580.01953125,0.03964932299221295,mean_spl,0.1939371822767284
state_dept,4,BottomUpGlobalHistGB,BottomUpGlobalHistGB,CA__FOODS_3,1624,44,60267.68359375,0.17596240176991368,mean_spl,0.2546758883323299
state_dept,4,BottomUpGlobalHistGB,BottomUpGlobalHistGB,CA__HOBBIES_1,1624,45,17453.048828125,0.050957332468688665,mean_spl,0.15742779550551894
state_dept,4,BottomUpGlobalHistGB,BottomUpGlobalHistGB,CA__HOBBIES_2,1624,46,456.08001708984375,0.0013316080927775152,mean_spl,0.509017891202533
state_dept,4,BottomUpGlobalHistGB,BottomUpGlobalHistGB,CA__HOUSEHOLD_1,1624,47,33276.421875,0.09715653176424922,mean_spl,0.28557992272269
state_dept,4,BottomUpGlobalHistGB,BottomUpGlobalHistGB,CA__HOUSEHOLD_2,1624,48,14282.94921875,0.04170165334095564,mean_spl,0.19001479457784198
state_dept,4,BottomUpGlobalHistGB,BottomUpGlobalHistGB,TX__FOODS_1,1624,49,3279.139892578125,0.009574041954674052,mean_spl,0.2861892150381799
state_dept,4,BottomUpGlobalHistGB,BottomUpGlobalHistGB,TX__FOODS_2,1624,50,15690.548828125,0.04581139496742331,mean_spl,0.2171081741441035
state_dept,4,BottomUpGlobalHistGB,BottomUpGlobalHistGB,TX__FOODS_3,1624,51,32839.859375,0.09588190859239325,mean_spl,0.22404626610225156
state_dept,4,BottomUpGlobalHistGB,BottomUpGlobalHistGB,TX__HOBBIES_1,1624,52,13678.4794921875,0.03993679465482935,mean_spl,0.15241636845681647
state_dept,4,BottomUpGlobalHistGB,BottomUpGlobalHistGB,TX__HOBBIES_2,1624,53,634.6099853515625,0.001852858622580461,mean_spl,0.602532540265533
state_dept,4,BottomUpGlobalHistGB,BottomUpGlobalHistGB,TX__HOUSEHOLD_1,1624,54,29148.998046875,0.08510577144608489,mean_spl,0.1727978282594154
state_dept,4,BottomUpGlobalHistGB,BottomUpGlobalHistGB,TX__HOUSEHOLD_2,1624,55,6598.01025390625,0.019264084198189795,mean_spl,0.2448369612763016
state_dept,4,BottomUpGlobalHistGB,BottomUpGlobalHistGB,WI__FOODS_1,1624,56,12990.44921875,0.037927965840027715,mean_spl,0.31878956841777084
state_dept,4,BottomUpGlobalHistGB,BottomUpGlobalHistGB,WI__FOODS_2,1624,57,10640.44140625,0.03106669302833392,mean_spl,0.2651671009974812
state_dept,4,BottomUpGlobalHistGB,BottomUpGlobalHistGB,WI__FOODS_3,1624,58,30481.71875,0.08899689056377208,mean_spl,0.17920302236592928
state_dept,4,BottomUpGlobalHistGB,BottomUpGlobalHistGB,WI__HOBBIES_1,1624,59,8105.97998046875,0.023666874533900904,mean_spl,0.16130729068353342
state_dept,4,BottomUpGlobalHistGB,BottomUpGlobalHistGB,WI__HOBBIES_2,1624,60,631.4099731445312,0.0018435156082141238,mean_spl,0.5824786494206321
state_dept,4,BottomUpGlobalHistGB,BottomUpGlobalHistGB,WI__HOUSEHOLD_1,1624,61,21006.720703125,0.06133292019564156,mean_spl,0.36540999640186067
state_dept,4,BottomUpGlobalHistGB,BottomUpGlobalHistGB,WI__HOUSEHOLD_2,1624,62,4732.189453125,0.013816482933292667,mean_spl,0.33474866914545914
state_dept,4,BottomUpGlobalHistGB,BottomUpGlobalHistGB,CA__FOODS_1,1652,63,13291.1484375,0.037118237768480306,mean_spl,0.2178355836606716
state_dept,4,BottomUpGlobalHistGB,BottomUpGlobalHistGB,CA__FOODS_2,1652,64,15006.0791015625,0.04190753076633226,mean_spl,0.1698125361137177
state_dept,4,BottomUpGlobalHistGB,BottomUpGlobalHistGB,CA__FOODS_3,1652,65,62016.75,0.17319439948722648,mean_spl,0.22979876255885104
state_dept,4,BottomUpGlobalHistGB,BottomUpGlobalHistGB,CA__HOBBIES_1,1652,66,19381.9609375,0.054128071617025944,mean_spl,0.1435376516914334
state_dept,4,BottomUpGlobalHistGB,BottomUpGlobalHistGB,CA__HOBBIES_2,1652,67,445.9000244140625,0.0012452665926501016,mean_spl,0.5161680235336055
state_dept,4,BottomUpGlobalHistGB,BottomUpGlobalHistGB,CA__HOUSEHOLD_1,1652,68,38129.76171875,0.10648512189803469,mean_spl,0.2741703305961287
state_dept,4,BottomUpGlobalHistGB,BottomUpGlobalHistGB,CA__HOUSEHOLD_2,1652,69,14547.0703125,0.04062565527977357,mean_spl,0.2275849387210587
state_dept,4,BottomUpGlobalHistGB,BottomUpGlobalHistGB,TX__FOODS_1,1652,70,2988.970458984375,0.008347308488897896,mean_spl,0.2597004757899255
state_dept,4,BottomUpGlobalHistGB,BottomUpGlobalHistGB,TX__FOODS_2,1652,71,15862.0791015625,0.04429808502725477,mean_spl,0.18659660940973455
state_dept,4,BottomUpGlobalHistGB,BottomUpGlobalHistGB,TX__FOODS_3,1652,72,35578.66796875,0.09936067326009629,mean_spl,0.2394831613830704
state_dept,4,BottomUpGlobalHistGB,BottomUpGlobalHistGB,TX__HOBBIES_1,1652,73,13649.1904296875,0.03811814292036467,mean_spl,0.21029355902025695
state_dept,4,BottomUpGlobalHistGB,BottomUpGlobalHistGB,TX__HOBBIES_2,1652,74,472.33001708984375,0.0013190777277052878,mean_spl,0.6340873572963798
state_dept,4,BottomUpGlobalHistGB,BottomUpGlobalHistGB,TX__HOUSEHOLD_1,1652,75,29260.890625,0.08171699388081914,mean_spl,0.145148078661674
state_dept,4,BottomUpGlobalHistGB,BottomUpGlobalHistGB,TX__HOUSEHOLD_2,1652,76,7691.98974609375,0.021481447269271783,mean_spl,0.26728251266389136
state_dept,4,BottomUpGlobalHistGB,BottomUpGlobalHistGB,WI__FOODS_1,1652,77,14324.080078125,0.04000290965485621,mean_spl,0.35933517855773783
state_dept,4,BottomUpGlobalHistGB,BottomUpGlobalHistGB,WI__FOODS_2,1652,78,11056.87109375,0.030878563441162337,mean_spl,0.20061084932961376
state_dept,4,BottomUpGlobalHistGB,BottomUpGlobalHistGB,WI__FOODS_3,1652,79,28448.111328125,0.07944714223206431,mean_spl,0.1578598288782697
state_dept,4,BottomUpGlobalHistGB,BottomUpGlobalHistGB,WI__HOBBIES_1,1652,80,8026.5400390625,0.022415747068745284,mean_spl,0.20093145059573414
state_dept,4,BottomUpGlobalHistGB,BottomUpGlobalHistGB,WI__HOBBIES_2,1652,81,603.0899658203125,0.0016842515041020525,mean_spl,0.5950523756471671
state_dept,4,BottomUpGlobalHistGB,BottomUpGlobalHistGB,WI__HOUSEHOLD_1,1652,82,22912.0234375,0.06398648978372894,mean_spl,0.3066483435635855
state_dept,4,BottomUpGlobalHistGB,BottomUpGlobalHistGB,WI__HOUSEHOLD_2,1652,83,4382.4501953125,0.012238884331407674,mean_spl,0.32754635548617933
state_dept,5,SeasonalNaive,SeasonalNaive,CA__FOODS_1,1624,0,12728.4296875,0.037162952431844254,rmsse,0.8881811170483568
state_dept,5,SeasonalNaive,SeasonalNaive,CA__FOODS_2,1624,1,13580.01953125,0.03964932299221295,rmsse,0.9349138704261374
state_dept,5,SeasonalNaive,SeasonalNaive,CA__FOODS_3,1624,2,60267.68359375,0.17596240176991368,rmsse,0.6367577192989721
state_dept,5,SeasonalNaive,SeasonalNaive,CA__HOBBIES_1,1624,3,17453.048828125,0.050957332468688665,rmsse,1.1893141945903662
state_dept,5,SeasonalNaive,SeasonalNaive,CA__HOBBIES_2,1624,4,456.08001708984375,0.0013316080927775152,rmsse,0.750927925514229
state_dept,5,SeasonalNaive,SeasonalNaive,CA__HOUSEHOLD_1,1624,5,33276.421875,0.09715653176424922,rmsse,1.035535911251794
state_dept,5,SeasonalNaive,SeasonalNaive,CA__HOUSEHOLD_2,1624,6,14282.94921875,0.04170165334095564,rmsse,1.1285293365856666
state_dept,5,SeasonalNaive,SeasonalNaive,TX__FOODS_1,1624,7,3279.139892578125,0.009574041954674052,rmsse,1.2380935913739106
state_dept,5,SeasonalNaive,SeasonalNaive,TX__FOODS_2,1624,8,15690.548828125,0.04581139496742331,rmsse,1.5543234580980716
state_dept,5,SeasonalNaive,SeasonalNaive,TX__FOODS_3,1624,9,32839.859375,0.09588190859239325,rmsse,0.9188006696835448
state_dept,5,SeasonalNaive,SeasonalNaive,TX__HOBBIES_1,1624,10,13678.4794921875,0.03993679465482935,rmsse,0.9647497473146757
state_dept,5,SeasonalNaive,SeasonalNaive,TX__HOBBIES_2,1624,11,634.6099853515625,0.001852858622580461,rmsse,0.8997942764852974
state_dept,5,SeasonalNaive,SeasonalNaive,TX__HOUSEHOLD_1,1624,12,29148.998046875,0.08510577144608489,rmsse,0.9243874711201787
state_dept,5,SeasonalNaive,SeasonalNaive,TX__HOUSEHOLD_2,1624,13,6598.01025390625,0.019264084198189795,rmsse,1.0915398476607372
state_dept,5,SeasonalNaive,SeasonalNaive,WI__FOODS_1,1624,14,12990.44921875,0.037927965840027715,rmsse,1.012147304495085
state_dept,5,SeasonalNaive,SeasonalNaive,WI__FOODS_2,1624,15,10640.44140625,0.03106669302833392,rmsse,1.2313993780086143
state_dept,5,SeasonalNaive,SeasonalNaive,WI__FOODS_3,1624,16,30481.71875,0.08899689056377208,rmsse,0.9045447966406664
state_dept,5,SeasonalNaive,SeasonalNaive,WI__HOBBIES_1,1624,17,8105.97998046875,0.023666874533900904,rmsse,0.9112540644483607
state_dept,5,SeasonalNaive,SeasonalNaive,WI__HOBBIES_2,1624,18,631.4099731445312,0.0018435156082141238,rmsse,1.008766759141827
state_dept,5,SeasonalNaive,SeasonalNaive,WI__HOUSEHOLD_1,1624,19,21006.720703125,0.06133292019564156,rmsse,1.8264580455255908
state_dept,5,SeasonalNaive,SeasonalNaive,WI__HOUSEHOLD_2,1624,20,4732.189453125,0.013816482933292667,rmsse,0.837687977823393
state_dept,5,SeasonalNaive,SeasonalNaive,CA__FOODS_1,1652,21,13291.1484375,0.037118237768480306,rmsse,1.115362842117424
state_dept,5,SeasonalNaive,SeasonalNaive,CA__FOODS_2,1652,22,15006.0791015625,0.04190753076633226,rmsse,1.1278331636460304
state_dept,5,SeasonalNaive,SeasonalNaive,CA__FOODS_3,1652,23,62016.75,0.17319439948722648,rmsse,0.5442832283360773
state_dept,5,SeasonalNaive,SeasonalNaive,CA__HOBBIES_1,1652,24,19381.9609375,0.054128071617025944,rmsse,1.0537960446360939
state_dept,5,SeasonalNaive,SeasonalNaive,CA__HOBBIES_2,1652,25,445.9000244140625,0.0012452665926501016,rmsse,1.3410159259122225
state_dept,5,SeasonalNaive,SeasonalNaive,CA__HOUSEHOLD_1,1652,26,38129.76171875,0.10648512189803469,rmsse,0.6095230041823589
state_dept,5,SeasonalNaive,SeasonalNaive,CA__HOUSEHOLD_2,1652,27,14547.0703125,0.04062565527977357,rmsse,0.8268746870249674
state_dept,5,SeasonalNaive,SeasonalNaive,TX__FOODS_1,1652,28,2988.970458984375,0.008347308488897896,rmsse,0.890499087671889
state_dept,5,SeasonalNaive,SeasonalNaive,TX__FOODS_2,1652,29,15862.0791015625,0.04429808502725477,rmsse,1.3216602903662475
state_dept,5,SeasonalNaive,SeasonalNaive,TX__FOODS_3,1652,30,35578.66796875,0.09936067326009629,rmsse,1.5507643246575233
state_dept,5,SeasonalNaive,SeasonalNaive,TX__HOBBIES_1,1652,31,13649.1904296875,0.03811814292036467,rmsse,0.7151385381538812
state_dept,5,SeasonalNaive,SeasonalNaive,TX__HOBBIES_2,1652,32,472.33001708984375,0.0013190777277052878,rmsse,0.8031515384376521
state_dept,5,SeasonalNaive,SeasonalNaive,TX__HOUSEHOLD_1,1652,33,29260.890625,0.08171699388081914,rmsse,0.7340965524642822
state_dept,5,SeasonalNaive,SeasonalNaive,TX__HOUSEHOLD_2,1652,34,7691.98974609375,0.021481447269271783,rmsse,1.0356147450879594
state_dept,5,SeasonalNaive,SeasonalNaive,WI__FOODS_1,1652,35,14324.080078125,0.04000290965485621,rmsse,0.7974472785120129
state_dept,5,SeasonalNaive,SeasonalNaive,WI__FOODS_2,1652,36,11056.87109375,0.030878563441162337,rmsse,1.3759196319346034
state_dept,5,SeasonalNaive,SeasonalNaive,WI__FOODS_3,1652,37,28448.111328125,0.07944714223206431,rmsse,0.9093755570274548
state_dept,5,SeasonalNaive,SeasonalNaive,WI__HOBBIES_1,1652,38,8026.5400390625,0.022415747068745284,rmsse,0.9409380669823656
state_dept,5,SeasonalNaive,SeasonalNaive,WI__HOBBIES_2,1652,39,603.0899658203125,0.0016842515041020525,rmsse,0.7794747986478996
state_dept,5,SeasonalNaive,SeasonalNaive,WI__HOUSEHOLD_1,1652,40,22912.0234375,0.06398648978372894,rmsse,1.3947748130865885
state_dept,5,SeasonalNaive,SeasonalNaive,WI__HOUSEHOLD_2,1652,41,4382.4501953125,0.012238884331407674,rmsse,0.9183103549125272
state_dept,5,SeasonalNaive,SeasonalNaive,CA__FOODS_1,1680,42,13978.6708984375,0.039390926281041745,rmsse,0.8942925124911543
state_dept,5,SeasonalNaive,SeasonalNaive,CA__FOODS_2,1680,43,15410.189453125,0.04342484640601885,rmsse,1.153402864442013
state_dept,5,SeasonalNaive,SeasonalNaive,CA__FOODS_3,1680,44,61412.03515625,0.1730548610225158,rmsse,0.7409254300580447
state_dept,5,SeasonalNaive,SeasonalNaive,CA__HOBBIES_1,1680,45,18877.5703125,0.05319568548022602,rmsse,0.9261498314842397
state_dept,5,SeasonalNaive,SeasonalNaive,CA__HOBBIES_2,1680,46,554.1199951171875,0.0015614717620222496,rmsse,1.0676808805072284
state_dept,5,SeasonalNaive,SeasonalNaive,CA__HOUSEHOLD_1,1680,47,38961.68359375,0.10979132546844843,rmsse,1.046304382959392
state_dept,5,SeasonalNaive,SeasonalNaive,CA__HOUSEHOLD_2,1680,48,13757.6103515625,0.0387679929729421,rmsse,0.5919037956149278
state_dept,5,SeasonalNaive,SeasonalNaive,TX__FOODS_1,1680,49,2500.990234375,0.007047617235404179,rmsse,0.986899062115972
state_dept,5,SeasonalNaive,SeasonalNaive,TX__FOODS_2,1680,50,16296.439453125,0.045922237514960065,rmsse,0.9702065029423608
state_dept,5,SeasonalNaive,SeasonalNaive,TX__FOODS_3,1680,51,31716.990234375,0.08937628142589987,rmsse,0.8115575676547047
state_dept,5,SeasonalNaive,SeasonalNaive,TX__HOBBIES_1,1680,52,14404.560546875,0.040591053808712176,rmsse,0.9874854750153583
state_dept,5,SeasonalNaive,SeasonalNaive,TX__HOBBIES_2,1680,53,516.1500244140625,0.0014544750147830472,rmsse,1.0499760706680075
state_dept,5,SeasonalNaive,SeasonalNaive,TX__HOUSEHOLD_1,1680,54,28047.318359375,0.07903540028247909,rmsse,0.43249284683880646
state_dept,5,SeasonalNaive,SeasonalNaive,TX__HOUSEHOLD_2,1680,55,6962.53955078125,0.019619954154891643,rmsse,0.8250930307516662
state_dept,5,SeasonalNaive,SeasonalNaive,WI__FOODS_1,1680,56,15072.8798828125,0.04247433140251056,rmsse,0.7823713297163484
state_dept,5,SeasonalNaive,SeasonalNaive,WI__FOODS_2,1680,57,11785.6494140625,0.03321114364996111,rmsse,1.2413595212858641
state_dept,5,SeasonalNaive,SeasonalNaive,WI__FOODS_3,1680,58,28713.669921875,0.08091313282703941,rmsse,0.9515986286346699
state_dept,5,SeasonalNaive,SeasonalNaive,WI__HOBBIES_1,1680,59,8724.830078125,0.024585966786044956,rmsse,0.9018580316853487
state_dept,5,SeasonalNaive,SeasonalNaive,WI__HOBBIES_2,1680,60,730.1299438476562,0.002057455605232036,rmsse,0.756391558551822
state_dept,5,SeasonalNaive,SeasonalNaive,WI__HOUSEHOLD_1,1680,61,21957.0,0.0618733050256953,rmsse,1.9452525136851564
state_dept,5,SeasonalNaive,SeasonalNaive,WI__HOUSEHOLD_2,1680,62,4489.2998046875,0.012650535873171382,rmsse,1.1683153148352095
state_dept,5,SeasonalNaive,SeasonalNaive,CA__FOODS_1,1708,63,12728.6005859375,0.03636607957519636,rmsse,0.810883728819629
state_dept,5,SeasonalNaive,SeasonalNaive,CA__FOODS_2,1708,64,17123.638671875,0.04892286487850783,rmsse,0.9863958453553132
state_dept,5,SeasonalNaive,SeasonalNaive,CA__FOODS_3,1708,65,60409.32421875,0.1725916589801686,rmsse,0.7660665674990946
state_dept,5,SeasonalNaive,SeasonalNaive,CA__HOBBIES_1,1708,66,19551.619140625,0.0558596942917219,rmsse,1.3594433071325946
state_dept,5,SeasonalNaive,SeasonalNaive,CA__HOBBIES_2,1708,67,532.5399780273438,0.001521486284934701,rmsse,2.282967734491544
state_dept,5,SeasonalNaive,SeasonalNaive,CA__HOUSEHOLD_1,1708,68,37422.27734375,0.10691682141958309,rmsse,0.6882016579065586
state_dept,5,SeasonalNaive,SeasonalNaive,CA__HOUSEHOLD_2,1708,69,12341.98046875,0.035261491694377346,rmsse,0.6329028361877254
state_dept,5,SeasonalNaive,SeasonalNaive,TX__FOODS_1,1708,70,3877.81982421875,0.011079073724853342,rmsse,1.3643594549076636
state_dept,5,SeasonalNaive,SeasonalNaive,TX__FOODS_2,1708,71,16475.990234375,0.047072509495301194,rmsse,1.2035779376066709
state_dept,5,SeasonalNaive,SeasonalNaive,TX__FOODS_3,1708,72,31613.19921875,0.09032007176701921,rmsse,0.8600654619885659
state_dept,5,SeasonalNaive,SeasonalNaive,TX__HOBBIES_1,1708,73,12885.109375,0.03681323093632498,rmsse,1.0014421633841906
state_dept,5,SeasonalNaive,SeasonalNaive,TX__HOBBIES_2,1708,74,452.03997802734375,0.0012914948270333852,rmsse,1.597728768717174
state_dept,5,SeasonalNaive,SeasonalNaive,TX__HOUSEHOLD_1,1708,75,27286.798828125,0.07795938688124697,rmsse,0.6342069701539108
state_dept,5,SeasonalNaive,SeasonalNaive,TX__HOUSEHOLD_2,1708,76,6257.78955078125,0.017878734683525455,rmsse,0.9058578662941863
state_dept,5,SeasonalNaive,SeasonalNaive,WI__FOODS_1,1708,77,14884.810546875,0.042526450661623125,rmsse,0.9520619650636818
state_dept,5,SeasonalNaive,SeasonalNaive,WI__FOODS_2,1708,78,12166.169921875,0.03475919450195239,rmsse,1.7825957280987101
state_dept,5,SeasonalNaive,SeasonalNaive,WI__FOODS_3,1708,79,30014.16015625,0.08575155841018035,rmsse,0.6079163744530869
state_dept,5,SeasonalNaive,SeasonalNaive,WI__HOBBIES_1,1708,80,8377.580078125,0.023935054109974995,rmsse,0.9532323958325692
state_dept,5,SeasonalNaive,SeasonalNaive,WI__HOBBIES_2,1708,81,605.3200073242188,0.0017294215028736916,rmsse,1.1848884003656284
state_dept,5,SeasonalNaive,SeasonalNaive,WI__HOUSEHOLD_1,1708,82,21309.03125,0.06088068526276019,rmsse,1.343310353143122
state_dept,5,SeasonalNaive,SeasonalNaive,WI__HOUSEHOLD_2,1708,83,3697.199951171875,0.010563036110840904,rmsse,0.6552465750242822
state_dept,5,SeasonalNaive,SeasonalNaive,CA__FOODS_1,1624,0,12728.4296875,0.037162952431844254,mean_spl,0.25343698610570353
state_dept,5,SeasonalNaive,SeasonalNaive,CA__FOODS_2,1624,1,13580.01953125,0.03964932299221295,mean_spl,0.24165929680229015
state_dept,5,SeasonalNaive,SeasonalNaive,CA__FOODS_3,1624,2,60267.68359375,0.17596240176991368,mean_spl,0.20549401892621477
state_dept,5,SeasonalNaive,SeasonalNaive,CA__HOBBIES_1,1624,3,17453.048828125,0.050957332468688665,mean_spl,0.30534137824112945
state_dept,5,SeasonalNaive,SeasonalNaive,CA__HOBBIES_2,1624,4,456.08001708984375,0.0013316080927775152,mean_spl,0.683530274313648
state_dept,5,SeasonalNaive,SeasonalNaive,CA__HOUSEHOLD_1,1624,5,33276.421875,0.09715653176424922,mean_spl,0.25673129527912186
state_dept,5,SeasonalNaive,SeasonalNaive,CA__HOUSEHOLD_2,1624,6,14282.94921875,0.04170165334095564,mean_spl,0.3122511957092651
state_dept,5,SeasonalNaive,SeasonalNaive,TX__FOODS_1,1624,7,3279.139892578125,0.009574041954674052,mean_spl,0.4101871535128512
state_dept,5,SeasonalNaive,SeasonalNaive,TX__FOODS_2,1624,8,15690.548828125,0.04581139496742331,mean_spl,0.40667501099652026
state_dept,5,SeasonalNaive,SeasonalNaive,TX__FOODS_3,1624,9,32839.859375,0.09588190859239325,mean_spl,0.26734777628289125
state_dept,5,SeasonalNaive,SeasonalNaive,TX__HOBBIES_1,1624,10,13678.4794921875,0.03993679465482935,mean_spl,0.2581907317755024
state_dept,5,SeasonalNaive,SeasonalNaive,TX__HOBBIES_2,1624,11,634.6099853515625,0.001852858622580461,mean_spl,0.864751593631529
state_dept,5,SeasonalNaive,SeasonalNaive,TX__HOUSEHOLD_1,1624,12,29148.998046875,0.08510577144608489,mean_spl,0.2438948233541923
state_dept,5,SeasonalNaive,SeasonalNaive,TX__HOUSEHOLD_2,1624,13,6598.01025390625,0.019264084198189795,mean_spl,0.36075641615158466
state_dept,5,SeasonalNaive,SeasonalNaive,WI__FOODS_1,1624,14,12990.44921875,0.037927965840027715,mean_spl,0.2788851178230429
state_dept,5,SeasonalNaive,SeasonalNaive,WI__FOODS_2,1624,15,10640.44140625,0.03106669302833392,mean_spl,0.341877533823601
state_dept,5,SeasonalNaive,SeasonalNaive,WI__FOODS_3,1624,16,30481.71875,0.08899689056377208,mean_spl,0.2760955659950634
state_dept,5,SeasonalNaive,SeasonalNaive,WI__HOBBIES_1,1624,17,8105.97998046875,0.023666874533900904,mean_spl,0.23763847780839026
state_dept,5,SeasonalNaive,SeasonalNaive,WI__HOBBIES_2,1624,18,631.4099731445312,0.0018435156082141238,mean_spl,0.83422817906322
state_dept,5,SeasonalNaive,SeasonalNaive,WI__HOUSEHOLD_1,1624,19,21006.720703125,0.06133292019564156,mean_spl,0.4777462593372223
state_dept,5,SeasonalNaive,SeasonalNaive,WI__HOUSEHOLD_2,1624,20,4732.189453125,0.013816482933292667,mean_spl,0.4027414604564527
state_dept,5,SeasonalNaive,SeasonalNaive,CA__FOODS_1,1652,21,13291.1484375,0.037118237768480306,mean_spl,0.3015801119297648
state_dept,5,SeasonalNaive,SeasonalNaive,CA__FOODS_2,1652,22,15006.0791015625,0.04190753076633226,mean_spl,0.3109863029419113
state_dept,5,SeasonalNaive,SeasonalNaive,CA__FOODS_3,1652,23,62016.75,0.17319439948722648,mean_spl,0.1764395218018391
state_dept,5,SeasonalNaive,SeasonalNaive,CA__HOBBIES_1,1652,24,19381.9609375,0.054128071617025944,mean_spl,0.2875135700273757
state_dept,5,SeasonalNaive,SeasonalNaive,CA__HOBBIES_2,1652,25,445.9000244140625,0.0012452665926501016,mean_spl,0.7184134134234904
state_dept,5,SeasonalNaive,SeasonalNaive,CA__HOUSEHOLD_1,1652,26,38129.76171875,0.10648512189803469,mean_spl,0.1718006158141502
state_dept,5,SeasonalNaive,SeasonalNaive,CA__HOUSEHOLD_2,1652,27,14547.0703125,0.04062565527977357,mean_spl,0.26872127282366876
state_dept,5,SeasonalNaive,SeasonalNaive,TX__FOODS_1,1652,28,2988.970458984375,0.008347308488897896,mean_spl,0.35504687660119844
state_dept,5,SeasonalNaive,SeasonalNaive,TX__FOODS_2,1652,29,15862.0791015625,0.04429808502725477,mean_spl,0.3610207454843855
state_dept,5,SeasonalNaive,SeasonalNaive,TX__FOODS_3,1652,30,35578.66796875,0.09936067326009629,mean_spl,0.5582134991857176
state_dept,5,SeasonalNaive,SeasonalNaive,TX__HOBBIES_1,1652,31,13649.1904296875,0.03811814292036467,mean_spl,0.21294564673586042
state_dept,5,SeasonalNaive,SeasonalNaive,TX__HOBBIES_2,1652,32,472.33001708984375,0.0013190777277052878,mean_spl,0.8576820970058575
state_dept,5,SeasonalNaive,SeasonalNaive,TX__HOUSEHOLD_1,1652,33,29260.890625,0.08171699388081914,mean_spl,0.20012640406708898
state_dept,5,SeasonalNaive,SeasonalNaive,TX__HOUSEHOLD_2,1652,34,7691.98974609375,0.021481447269271783,mean_spl,0.3578961386179665
state_dept,5,SeasonalNaive,SeasonalNaive,WI__FOODS_1,1652,35,14324.080078125,0.04000290965485621,mean_spl,0.23875550667116693
state_dept,5,SeasonalNaive,SeasonalNaive,WI__FOODS_2,1652,36,11056.87109375,0.030878563441162337,mean_spl,0.3692658186841894
state_dept,5,SeasonalNaive,SeasonalNaive,WI__FOODS_3,1652,37,28448.111328125,0.07944714223206431,mean_spl,0.2791067536838965
state_dept,5,SeasonalNaive,SeasonalNaive,WI__HOBBIES_1,1652,38,8026.5400390625,0.022415747068745284,mean_spl,0.25127125730832445
state_dept,5,SeasonalNaive,SeasonalNaive,WI__HOBBIES_2,1652,39,603.0899658203125,0.0016842515041020525,mean_spl,0.823837954841649
state_dept,5,SeasonalNaive,SeasonalNaive,WI__HOUSEHOLD_1,1652,40,22912.0234375,0.06398648978372894,mean_spl,0.3830759311368453
state_dept,5,SeasonalNaive,SeasonalNaive,WI__HOUSEHOLD_2,1652,41,4382.4501953125,0.012238884331407674,mean_spl,0.41270514968807875
state_dept,5,SeasonalNaive,SeasonalNaive,CA__FOODS_1,1680,42,13978.6708984375,0.039390926281041745,mean_spl,0.24849930574100362
state_dept,5,SeasonalNaive,SeasonalNaive,CA__FOODS_2,1680,43,15410.189453125,0.04342484640601885,mean_spl,0.29433236481681696
state_dept,5,SeasonalNaive,SeasonalNaive,CA__FOODS_3,1680,44,61412.03515625,0.1730548610225158,mean_spl,0.24170000432269717
state_dept,5,SeasonalNaive,SeasonalNaive,CA__HOBBIES_1,1680,45,18877.5703125,0.05319568548022602,mean_spl,0.24097292126784053
state_dept,5,SeasonalNaive,SeasonalNaive,CA__HOBBIES_2,1680,46,554.1199951171875,0.0015614717620222496,mean_spl,0.7011788009770225
state_dept,5,SeasonalNaive,SeasonalNaive,CA__HOUSEHOLD_1,1680,47,38961.68359375,0.10979132546844843,mean_spl,0.2793426744716261
state_dept,5,SeasonalNaive,SeasonalNaive,CA__HOUSEHOLD_2,1680,48,13757.6103515625,0.0387679929729421,mean_spl,0.22514624194191565
state_dept,5,SeasonalNaive,SeasonalNaive,TX__FOODS_1,1680,49,2500.990234375,0.007047617235404179,mean_spl,0.36050766118804245
state_dept,5,SeasonalNaive,SeasonalNaive,TX__FOODS_2,1680,50,16296.439453125,0.045922237514960065,mean_spl,0.2641284300820739
state_dept,5,SeasonalNaive,SeasonalNaive,TX__FOODS_3,1680,51,31716.990234375,0.08937628142589987,mean_spl,0.23733683902793634
state_dept,5,SeasonalNaive,SeasonalNaive,TX__HOBBIES_1,1680,52,14404.560546875,0.040591053808712176,mean_spl,0.26960997096024836
state_dept,5,SeasonalNaive,SeasonalNaive,TX__HOBBIES_2,1680,53,516.1500244140625,0.0014544750147830472,mean_spl,0.8689434070772436
state_dept,5,SeasonalNaive,SeasonalNaive,TX__HOUSEHOLD_1,1680,54,28047.318359375,0.07903540028247909,mean_spl,0.1284553869067021
state_dept,5,SeasonalNaive,SeasonalNaive,TX__HOUSEHOLD_2,1680,55,6962.53955078125,0.019619954154891643,mean_spl,0.33044601619429187
state_dept,5,SeasonalNaive,SeasonalNaive,WI__FOODS_1,1680,56,15072.8798828125,0.04247433140251056,mean_spl,0.23172031870905974
state_dept,5,SeasonalNaive,SeasonalNaive,WI__FOODS_2,1680,57,11785.6494140625,0.03321114364996111,mean_spl,0.32899402882996315
state_dept,5,SeasonalNaive,SeasonalNaive,WI__FOODS_3,1680,58,28713.669921875,0.08091313282703941,mean_spl,0.3109390394907906
state_dept,5,SeasonalNaive,SeasonalNaive,WI__HOBBIES_1,1680,59,8724.830078125,0.024585966786044956,mean_spl,0.2388940889169572
state_dept,5,SeasonalNaive,SeasonalNaive,WI__HOBBIES_2,1680,60,730.1299438476562,0.002057455605232036,mean_spl,0.8222302412050211
state_dept,5,SeasonalNaive,SeasonalNaive,WI__HOUSEHOLD_1,1680,61,21957.0,0.0618733050256953,mean_spl,0.5856452350582221
state_dept,5,SeasonalNaive,SeasonalNaive,WI__HOUSEHOLD_2,1680,62,4489.2998046875,0.012650535873171382,mean_spl,0.4388040924961705
state_dept,5,SeasonalNaive,SeasonalNaive,CA__FOODS_1,1708,63,12728.6005859375,0.03636607957519636,mean_spl,0.22397550499301122
state_dept,5,SeasonalNaive,SeasonalNaive,CA__FOODS_2,1708,64,17123.638671875,0.04892286487850783,mean_spl,0.2540131958104256
state_dept,5,SeasonalNaive,SeasonalNaive,CA__FOODS_3,1708,65,60409.32421875,0.1725916589801686,mean_spl,0.25260729303725804
state_dept,5,SeasonalNaive,SeasonalNaive,CA__HOBBIES_1,1708,66,19551.619140625,0.0558596942917219,mean_spl,0.36523718244063397
state_dept,5,SeasonalNaive,SeasonalNaive,CA__HOBBIES_2,1708,67,532.5399780273438,0.001521486284934701,mean_spl,0.8186900464943372
state_dept,5,SeasonalNaive,SeasonalNaive,CA__HOUSEHOLD_1,1708,68,37422.27734375,0.10691682141958309,mean_spl,0.19019712277822876
state_dept,5,SeasonalNaive,SeasonalNaive,CA__HOUSEHOLD_2,1708,69,12341.98046875,0.035261491694377346,mean_spl,0.23152094184853508
state_dept,5,SeasonalNaive,SeasonalNaive,TX__FOODS_1,1708,70,3877.81982421875,0.011079073724853342,mean_spl,0.43529804464704697
state_dept,5,SeasonalNaive,SeasonalNaive,TX__FOODS_2,1708,71,16475.990234375,0.047072509495301194,mean_spl,0.33003728713127845
state_dept,5,SeasonalNaive,SeasonalNaive,TX__FOODS_3,1708,72,31613.19921875,0.09032007176701921,mean_spl,0.25063658638874303
state_dept,5,SeasonalNaive,SeasonalNaive,TX__HOBBIES_1,1708,73,12885.109375,0.03681323093632498,mean_spl,0.281742644524805
state_dept,5,SeasonalNaive,SeasonalNaive,TX__HOBBIES_2,1708,74,452.03997802734375,0.0012914948270333852,mean_spl,0.8933647449705262
state_dept,5,SeasonalNaive,SeasonalNaive,TX__HOUSEHOLD_1,1708,75,27286.798828125,0.07795938688124697,mean_spl,0.17697589434084454
state_dept,5,SeasonalNaive,SeasonalNaive,TX__HOUSEHOLD_2,1708,76,6257.78955078125,0.017878734683525455,mean_spl,0.33913017493549114
state_dept,5,SeasonalNaive,SeasonalNaive,WI__FOODS_1,1708,77,14884.810546875,0.042526450661623125,mean_spl,0.2730029214407215
state_dept,5,SeasonalNaive,SeasonalNaive,WI__FOODS_2,1708,78,12166.169921875,0.03475919450195239,mean_spl,0.47016961238277244
state_dept,5,SeasonalNaive,SeasonalNaive,WI__FOODS_3,1708,79,30014.16015625,0.08575155841018035,mean_spl,0.1707029102747118
state_dept,5,SeasonalNaive,SeasonalNaive,WI__HOBBIES_1,1708,80,8377.580078125,0.023935054109974995,mean_spl,0.2606578817413842
state_dept,5,SeasonalNaive,SeasonalNaive,WI__HOBBIES_2,1708,81,605.3200073242188,0.0017294215028736916,mean_spl,0.8415742698514221
state_dept,5,SeasonalNaive,SeasonalNaive,WI__HOUSEHOLD_1,1708,82,21309.03125,0.06088068526276019,mean_spl,0.37501529601404276
state_dept,5,SeasonalNaive,SeasonalNaive,WI__HOUSEHOLD_2,1708,83,3697.199951171875,0.010563036110840904,mean_spl,0.3931783061952314
state_dept,5,AggregateElasticNet,AggregateElasticNet,CA__FOODS_1,1624,0,12728.4296875,0.037162952431844254,rmsse,3.589304215167378
state_dept,5,AggregateElasticNet,AggregateElasticNet,CA__FOODS_2,1624,1,13580.01953125,0.03964932299221295,rmsse,3.5584538532776415
state_dept,5,AggregateElasticNet,AggregateElasticNet,CA__FOODS_3,1624,2,60267.68359375,0.17596240176991368,rmsse,0.7250812803723228
state_dept,5,AggregateElasticNet,AggregateElasticNet,CA__HOBBIES_1,1624,3,17453.048828125,0.050957332468688665,rmsse,2.124419175158693
state_dept,5,AggregateElasticNet,AggregateElasticNet,CA__HOBBIES_2,1624,4,456.08001708984375,0.0013316080927775152,rmsse,18.815774552117684
state_dept,5,AggregateElasticNet,AggregateElasticNet,CA__HOUSEHOLD_1,1624,5,33276.421875,0.09715653176424922,rmsse,1.8942724815753798
state_dept,5,AggregateElasticNet,AggregateElasticNet,CA__HOUSEHOLD_2,1624,6,14282.94921875,0.04170165334095564,rmsse,5.40474728111392
state_dept,5,AggregateElasticNet,AggregateElasticNet,TX__FOODS_1,1624,7,3279.139892578125,0.009574041954674052,rmsse,8.54918951223753
state_dept,5,AggregateElasticNet,AggregateElasticNet,TX__FOODS_2,1624,8,15690.548828125,0.04581139496742331,rmsse,4.42442493830657
state_dept,5,AggregateElasticNet,AggregateElasticNet,TX__FOODS_3,1624,9,32839.859375,0.09588190859239325,rmsse,0.9369814971998899
state_dept,5,AggregateElasticNet,AggregateElasticNet,TX__HOBBIES_1,1624,10,13678.4794921875,0.03993679465482935,rmsse,3.961170196869406
state_dept,5,AggregateElasticNet,AggregateElasticNet,TX__HOBBIES_2,1624,11,634.6099853515625,0.001852858622580461,rmsse,23.1594529492577
state_dept,5,AggregateElasticNet,AggregateElasticNet,TX__HOUSEHOLD_1,1624,12,29148.998046875,0.08510577144608489,rmsse,2.0782615049494884
state_dept,5,AggregateElasticNet,AggregateElasticNet,TX__HOUSEHOLD_2,1624,13,6598.01025390625,0.019264084198189795,rmsse,7.7796040502331145
state_dept,5,AggregateElasticNet,AggregateElasticNet,WI__FOODS_1,1624,14,12990.44921875,0.037927965840027715,rmsse,3.868616957499106
state_dept,5,AggregateElasticNet,AggregateElasticNet,WI__FOODS_2,1624,15,10640.44140625,0.03106669302833392,rmsse,2.991690663106852
state_dept,5,AggregateElasticNet,AggregateElasticNet,WI__FOODS_3,1624,16,30481.71875,0.08899689056377208,rmsse,1.2863048226179634
state_dept,5,AggregateElasticNet,AggregateElasticNet,WI__HOBBIES_1,1624,17,8105.97998046875,0.023666874533900904,rmsse,3.423526055742727
state_dept,5,AggregateElasticNet,AggregateElasticNet,WI__HOBBIES_2,1624,18,631.4099731445312,0.0018435156082141238,rmsse,21.060449822539965
state_dept,5,AggregateElasticNet,AggregateElasticNet,WI__HOUSEHOLD_1,1624,19,21006.720703125,0.06133292019564156,rmsse,2.1476651920876284
state_dept,5,AggregateElasticNet,AggregateElasticNet,WI__HOUSEHOLD_2,1624,20,4732.189453125,0.013816482933292667,rmsse,10.021566758412908
state_dept,5,AggregateElasticNet,AggregateElasticNet,CA__FOODS_1,1652,21,13291.1484375,0.037118237768480306,rmsse,0.8998421461558849
state_dept,5,AggregateElasticNet,AggregateElasticNet,CA__FOODS_2,1652,22,15006.0791015625,0.04190753076633226,rmsse,0.7733611639214202
state_dept,5,AggregateElasticNet,AggregateElasticNet,CA__FOODS_3,1652,23,62016.75,0.17319439948722648,rmsse,0.6051585059210309
state_dept,5,AggregateElasticNet,AggregateElasticNet,CA__HOBBIES_1,1652,24,19381.9609375,0.054128071617025944,rmsse,0.6231693721609265
state_dept,5,AggregateElasticNet,AggregateElasticNet,CA__HOBBIES_2,1652,25,445.9000244140625,0.0012452665926501016,rmsse,1.9756532243214957
state_dept,5,AggregateElasticNet,AggregateElasticNet,CA__HOUSEHOLD_1,1652,26,38129.76171875,0.10648512189803469,rmsse,0.8587395223978639
state_dept,5,AggregateElasticNet,AggregateElasticNet,CA__HOUSEHOLD_2,1652,27,14547.0703125,0.04062565527977357,rmsse,1.0220477995604873
state_dept,5,AggregateElasticNet,AggregateElasticNet,TX__FOODS_1,1652,28,2988.970458984375,0.008347308488897896,rmsse,1.147522852001988
state_dept,5,AggregateElasticNet,AggregateElasticNet,TX__FOODS_2,1652,29,15862.0791015625,0.04429808502725477,rmsse,0.8662127275683777
state_dept,5,AggregateElasticNet,AggregateElasticNet,TX__FOODS_3,1652,30,35578.66796875,0.09936067326009629,rmsse,0.9395814321914988
state_dept,5,AggregateElasticNet,AggregateElasticNet,TX__HOBBIES_1,1652,31,13649.1904296875,0.03811814292036467,rmsse,1.2430015555032081
state_dept,5,AggregateElasticNet,AggregateElasticNet,TX__HOBBIES_2,1652,32,472.33001708984375,0.0013190777277052878,rmsse,3.9207508219717147
state_dept,5,AggregateElasticNet,AggregateElasticNet,TX__HOUSEHOLD_1,1652,33,29260.890625,0.08171699388081914,rmsse,0.5692077166518262
state_dept,5,AggregateElasticNet,AggregateElasticNet,TX__HOUSEHOLD_2,1652,34,7691.98974609375,0.021481447269271783,rmsse,1.2648146514612184
state_dept,5,AggregateElasticNet,AggregateElasticNet,WI__FOODS_1,1652,35,14324.080078125,0.04000290965485621,rmsse,1.1009672569905369
state_dept,5,AggregateElasticNet,AggregateElasticNet,WI__FOODS_2,1652,36,11056.87109375,0.030878563441162337,rmsse,0.8386487600336301
state_dept,5,AggregateElasticNet,AggregateElasticNet,WI__FOODS_3,1652,37,28448.111328125,0.07944714223206431,rmsse,0.5761139009037046
state_dept,5,AggregateElasticNet,AggregateElasticNet,WI__HOBBIES_1,1652,38,8026.5400390625,0.022415747068745284,rmsse,1.0994016640135393
state_dept,5,AggregateElasticNet,AggregateElasticNet,WI__HOBBIES_2,1652,39,603.0899658203125,0.0016842515041020525,rmsse,3.343004646011778
state_dept,5,AggregateElasticNet,AggregateElasticNet,WI__HOUSEHOLD_1,1652,40,22912.0234375,0.06398648978372894,rmsse,1.0327563576849932
state_dept,5,AggregateElasticNet,AggregateElasticNet,WI__HOUSEHOLD_2,1652,41,4382.4501953125,0.012238884331407674,rmsse,1.6543067853882112
state_dept,5,AggregateElasticNet,AggregateElasticNet,CA__FOODS_1,1680,42,13978.6708984375,0.039390926281041745,rmsse,0.834976909362044
state_dept,5,AggregateElasticNet,AggregateElasticNet,CA__FOODS_2,1680,43,15410.189453125,0.04342484640601885,rmsse,1.3845584244493039
state_dept,5,AggregateElasticNet,AggregateElasticNet,CA__FOODS_3,1680,44,61412.03515625,0.1730548610225158,rmsse,0.5193151828428465
state_dept,5,AggregateElasticNet,AggregateElasticNet,CA__HOBBIES_1,1680,45,18877.5703125,0.05319568548022602,rmsse,0.9671798217775123
state_dept,5,AggregateElasticNet,AggregateElasticNet,CA__HOBBIES_2,1680,46,554.1199951171875,0.0015614717620222496,rmsse,4.468565344187762
state_dept,5,AggregateElasticNet,AggregateElasticNet,CA__HOUSEHOLD_1,1680,47,38961.68359375,0.10979132546844843,rmsse,0.8631434107569895
state_dept,5,AggregateElasticNet,AggregateElasticNet,CA__HOUSEHOLD_2,1680,48,13757.6103515625,0.0387679929729421,rmsse,1.1829473687040806
state_dept,5,AggregateElasticNet,AggregateElasticNet,TX__FOODS_1,1680,49,2500.990234375,0.007047617235404179,rmsse,1.862096096858741
state_dept,5,AggregateElasticNet,AggregateElasticNet,TX__FOODS_2,1680,50,16296.439453125,0.045922237514960065,rmsse,1.132900630879405
state_dept,5,AggregateElasticNet,AggregateElasticNet,TX__FOODS_3,1680,51,31716.990234375,0.08937628142589987,rmsse,0.43235495455261114
state_dept,5,AggregateElasticNet,AggregateElasticNet,TX__HOBBIES_1,1680,52,14404.560546875,0.040591053808712176,rmsse,1.1874198902701474
state_dept,5,AggregateElasticNet,AggregateElasticNet,TX__HOBBIES_2,1680,53,516.1500244140625,0.0014544750147830472,rmsse,4.460992283887373
state_dept,5,AggregateElasticNet,AggregateElasticNet,TX__HOUSEHOLD_1,1680,54,28047.318359375,0.07903540028247909,rmsse,0.4660389267045747
state_dept,5,AggregateElasticNet,AggregateElasticNet,TX__HOUSEHOLD_2,1680,55,6962.53955078125,0.019619954154891643,rmsse,1.421322152965938
state_dept,5,AggregateElasticNet,AggregateElasticNet,WI__FOODS_1,1680,56,15072.8798828125,0.04247433140251056,rmsse,1.066948429076666
state_dept,5,AggregateElasticNet,AggregateElasticNet,WI__FOODS_2,1680,57,11785.6494140625,0.03321114364996111,rmsse,1.1065165667549977
state_dept,5,AggregateElasticNet,AggregateElasticNet,WI__FOODS_3,1680,58,28713.669921875,0.08091313282703941,rmsse,0.7777443968531226
state_dept,5,AggregateElasticNet,AggregateElasticNet,WI__HOBBIES_1,1680,59,8724.830078125,0.024585966786044956,rmsse,0.9235541573980051
state_dept,5,AggregateElasticNet,AggregateElasticNet,WI__HOBBIES_2,1680,60,730.1299438476562,0.002057455605232036,rmsse,4.597093631156606
state_dept,5,AggregateElasticNet,AggregateElasticNet,WI__HOUSEHOLD_1,1680,61,21957.0,0.0618733050256953,rmsse,0.9440909768365413
state_dept,5,AggregateElasticNet,AggregateElasticNet,WI__HOUSEHOLD_2,1680,62,4489.2998046875,0.012650535873171382,rmsse,2.024743393906073
state_dept,5,AggregateElasticNet,AggregateElasticNet,CA__FOODS_1,1708,63,12728.6005859375,0.03636607957519636,rmsse,0.961827339525555
state_dept,5,AggregateElasticNet,AggregateElasticNet,CA__FOODS_2,1708,64,17123.638671875,0.04892286487850783,rmsse,1.208155916789044
state_dept,5,AggregateElasticNet,AggregateElasticNet,CA__FOODS_3,1708,65,60409.32421875,0.1725916589801686,rmsse,0.5648323902099044
state_dept,5,AggregateElasticNet,AggregateElasticNet,CA__HOBBIES_1,1708,66,19551.619140625,0.0558596942917219,rmsse,0.9540983149051899
state_dept,5,AggregateElasticNet,AggregateElasticNet,CA__HOBBIES_2,1708,67,532.5399780273438,0.001521486284934701,rmsse,4.111589522328432
state_dept,5,AggregateElasticNet,AggregateElasticNet,CA__HOUSEHOLD_1,1708,68,37422.27734375,0.10691682141958309,rmsse,0.627923840085482
state_dept,5,AggregateElasticNet,AggregateElasticNet,CA__HOUSEHOLD_2,1708,69,12341.98046875,0.035261491694377346,rmsse,0.8064925918380772
state_dept,5,AggregateElasticNet,AggregateElasticNet,TX__FOODS_1,1708,70,3877.81982421875,0.011079073724853342,rmsse,1.2878583722194012
state_dept,5,AggregateElasticNet,AggregateElasticNet,TX__FOODS_2,1708,71,16475.990234375,0.047072509495301194,rmsse,0.9872155717334721
state_dept,5,AggregateElasticNet,AggregateElasticNet,TX__FOODS_3,1708,72,31613.19921875,0.09032007176701921,rmsse,0.6981444924828887
state_dept,5,AggregateElasticNet,AggregateElasticNet,TX__HOBBIES_1,1708,73,12885.109375,0.03681323093632498,rmsse,0.7252353494813955
state_dept,5,AggregateElasticNet,AggregateElasticNet,TX__HOBBIES_2,1708,74,452.03997802734375,0.0012914948270333852,rmsse,3.2263500969893992
state_dept,5,AggregateElasticNet,AggregateElasticNet,TX__HOUSEHOLD_1,1708,75,27286.798828125,0.07795938688124697,rmsse,0.4954261241669135
state_dept,5,AggregateElasticNet,AggregateElasticNet,TX__HOUSEHOLD_2,1708,76,6257.78955078125,0.017878734683525455,rmsse,1.0521170197024106
state_dept,5,AggregateElasticNet,AggregateElasticNet,WI__FOODS_1,1708,77,14884.810546875,0.042526450661623125,rmsse,1.093972055358561
state_dept,5,AggregateElasticNet,AggregateElasticNet,WI__FOODS_2,1708,78,12166.169921875,0.03475919450195239,rmsse,1.456218108244597
state_dept,5,AggregateElasticNet,AggregateElasticNet,WI__FOODS_3,1708,79,30014.16015625,0.08575155841018035,rmsse,0.5368714512444175
state_dept,5,AggregateElasticNet,AggregateElasticNet,WI__HOBBIES_1,1708,80,8377.580078125,0.023935054109974995,rmsse,0.8648178433269237
state_dept,5,AggregateElasticNet,AggregateElasticNet,WI__HOBBIES_2,1708,81,605.3200073242188,0.0017294215028736916,rmsse,3.2276673216135716
state_dept,5,AggregateElasticNet,AggregateElasticNet,WI__HOUSEHOLD_1,1708,82,21309.03125,0.06088068526276019,rmsse,0.977649415354336
state_dept,5,AggregateElasticNet,AggregateElasticNet,WI__HOUSEHOLD_2,1708,83,3697.199951171875,0.010563036110840904,rmsse,1.649426431858598
state_dept,5,AggregateElasticNet,AggregateElasticNet,CA__FOODS_1,1624,0,12728.4296875,0.037162952431844254,mean_spl,1.1352735843006234
state_dept,5,AggregateElasticNet,AggregateElasticNet,CA__FOODS_2,1624,1,13580.01953125,0.03964932299221295,mean_spl,1.055810125223709
state_dept,5,AggregateElasticNet,AggregateElasticNet,CA__FOODS_3,1624,2,60267.68359375,0.17596240176991368,mean_spl,0.263878383678944
state_dept,5,AggregateElasticNet,AggregateElasticNet,CA__HOBBIES_1,1624,3,17453.048828125,0.050957332468688665,mean_spl,0.6512994947948102
state_dept,5,AggregateElasticNet,AggregateElasticNet,CA__HOBBIES_2,1624,4,456.08001708984375,0.0013316080927775152,mean_spl,5.964890553217778
state_dept,5,AggregateElasticNet,AggregateElasticNet,CA__HOUSEHOLD_1,1624,5,33276.421875,0.09715653176424922,mean_spl,0.5956911118242588
state_dept,5,AggregateElasticNet,AggregateElasticNet,CA__HOUSEHOLD_2,1624,6,14282.94921875,0.04170165334095564,mean_spl,1.708519362943942
state_dept,5,AggregateElasticNet,AggregateElasticNet,TX__FOODS_1,1624,7,3279.139892578125,0.009574041954674052,mean_spl,2.6377766747751243
state_dept,5,AggregateElasticNet,AggregateElasticNet,TX__FOODS_2,1624,8,15690.548828125,0.04581139496742331,mean_spl,1.3914592127911893
state_dept,5,AggregateElasticNet,AggregateElasticNet,TX__FOODS_3,1624,9,32839.859375,0.09588190859239325,mean_spl,0.2878989728672638
state_dept,5,AggregateElasticNet,AggregateElasticNet,TX__HOBBIES_1,1624,10,13678.4794921875,0.03993679465482935,mean_spl,1.213507258156977
state_dept,5,AggregateElasticNet,AggregateElasticNet,TX__HOBBIES_2,1624,11,634.6099853515625,0.001852858622580461,mean_spl,7.080143651836233
state_dept,5,AggregateElasticNet,AggregateElasticNet,TX__HOUSEHOLD_1,1624,12,29148.998046875,0.08510577144608489,mean_spl,0.6280138275370062
state_dept,5,AggregateElasticNet,AggregateElasticNet,TX__HOUSEHOLD_2,1624,13,6598.01025390625,0.019264084198189795,mean_spl,2.2843583547108173
state_dept,5,AggregateElasticNet,AggregateElasticNet,WI__FOODS_1,1624,14,12990.44921875,0.037927965840027715,mean_spl,1.158093855237456
state_dept,5,AggregateElasticNet,AggregateElasticNet,WI__FOODS_2,1624,15,10640.44140625,0.03106669302833392,mean_spl,0.8905966971186606
state_dept,5,AggregateElasticNet,AggregateElasticNet,WI__FOODS_3,1624,16,30481.71875,0.08899689056377208,mean_spl,0.4629251044732174
state_dept,5,AggregateElasticNet,AggregateElasticNet,WI__HOBBIES_1,1624,17,8105.97998046875,0.023666874533900904,mean_spl,1.0684528633731412
state_dept,5,AggregateElasticNet,AggregateElasticNet,WI__HOBBIES_2,1624,18,631.4099731445312,0.0018435156082141238,mean_spl,6.4301865318565214
state_dept,5,AggregateElasticNet,AggregateElasticNet,WI__HOUSEHOLD_1,1624,19,21006.720703125,0.06133292019564156,mean_spl,0.661459658869674
state_dept,5,AggregateElasticNet,AggregateElasticNet,WI__HOUSEHOLD_2,1624,20,4732.189453125,0.013816482933292667,mean_spl,2.8733013951506847
state_dept,5,AggregateElasticNet,AggregateElasticNet,CA__FOODS_1,1652,21,13291.1484375,0.037118237768480306,mean_spl,0.22799277672407492
state_dept,5,AggregateElasticNet,AggregateElasticNet,CA__FOODS_2,1652,22,15006.0791015625,0.04190753076633226,mean_spl,0.19192737262753407
state_dept,5,AggregateElasticNet,AggregateElasticNet,CA__FOODS_3,1652,23,62016.75,0.17319439948722648,mean_spl,0.2100719635665215
state_dept,5,AggregateElasticNet,AggregateElasticNet,CA__HOBBIES_1,1652,24,19381.9609375,0.054128071617025944,mean_spl,0.1596658818940836
state_dept,5,AggregateElasticNet,AggregateElasticNet,CA__HOBBIES_2,1652,25,445.9000244140625,0.0012452665926501016,mean_spl,0.6699172811840045
state_dept,5,AggregateElasticNet,AggregateElasticNet,CA__HOUSEHOLD_1,1652,26,38129.76171875,0.10648512189803469,mean_spl,0.2247568046751323
state_dept,5,AggregateElasticNet,AggregateElasticNet,CA__HOUSEHOLD_2,1652,27,14547.0703125,0.04062565527977357,mean_spl,0.26849499054346815
state_dept,5,AggregateElasticNet,AggregateElasticNet,TX__FOODS_1,1652,28,2988.970458984375,0.008347308488897896,mean_spl,0.33789511203846495
state_dept,5,AggregateElasticNet,AggregateElasticNet,TX__FOODS_2,1652,29,15862.0791015625,0.04429808502725477,mean_spl,0.2264679086467386
state_dept,5,AggregateElasticNet,AggregateElasticNet,TX__FOODS_3,1652,30,35578.66796875,0.09936067326009629,mean_spl,0.3083613739460315
state_dept,5,AggregateElasticNet,AggregateElasticNet,TX__HOBBIES_1,1652,31,13649.1904296875,0.03811814292036467,mean_spl,0.32960503653449513
state_dept,5,AggregateElasticNet,AggregateElasticNet,TX__HOBBIES_2,1652,32,472.33001708984375,0.0013190777277052878,mean_spl,1.0618186308811486
state_dept,5,AggregateElasticNet,AggregateElasticNet,TX__HOUSEHOLD_1,1652,33,29260.890625,0.08171699388081914,mean_spl,0.14791234946595028
state_dept,5,AggregateElasticNet,AggregateElasticNet,TX__HOUSEHOLD_2,1652,34,7691.98974609375,0.021481447269271783,mean_spl,0.3486551540525042
state_dept,5,AggregateElasticNet,AggregateElasticNet,WI__FOODS_1,1652,35,14324.080078125,0.04000290965485621,mean_spl,0.2736578758249293
state_dept,5,AggregateElasticNet,AggregateElasticNet,WI__FOODS_2,1652,36,11056.87109375,0.030878563441162337,mean_spl,0.21951613284860338
state_dept,5,AggregateElasticNet,AggregateElasticNet,WI__FOODS_3,1652,37,28448.111328125,0.07944714223206431,mean_spl,0.15642968834167145
state_dept,5,AggregateElasticNet,AggregateElasticNet,WI__HOBBIES_1,1652,38,8026.5400390625,0.022415747068745284,mean_spl,0.2625337826442229
state_dept,5,AggregateElasticNet,AggregateElasticNet,WI__HOBBIES_2,1652,39,603.0899658203125,0.0016842515041020525,mean_spl,0.9550743902453639
state_dept,5,AggregateElasticNet,AggregateElasticNet,WI__HOUSEHOLD_1,1652,40,22912.0234375,0.06398648978372894,mean_spl,0.27193253541822954
state_dept,5,AggregateElasticNet,AggregateElasticNet,WI__HOUSEHOLD_2,1652,41,4382.4501953125,0.012238884331407674,mean_spl,0.44494794062249216
state_dept,5,AggregateElasticNet,AggregateElasticNet,CA__FOODS_1,1680,42,13978.6708984375,0.039390926281041745,mean_spl,0.19932011188485763
state_dept,5,AggregateElasticNet,AggregateElasticNet,CA__FOODS_2,1680,43,15410.189453125,0.04342484640601885,mean_spl,0.36793329635768707
state_dept,5,AggregateElasticNet,AggregateElasticNet,CA__FOODS_3,1680,44,61412.03515625,0.1730548610225158,mean_spl,0.1670187745516825
state_dept,5,AggregateElasticNet,AggregateElasticNet,CA__HOBBIES_1,1680,45,18877.5703125,0.05319568548022602,mean_spl,0.25416892900880367
state_dept,5,AggregateElasticNet,AggregateElasticNet,CA__HOBBIES_2,1680,46,554.1199951171875,0.0015614717620222496,mean_spl,1.1123089545587668
state_dept,5,AggregateElasticNet,AggregateElasticNet,CA__HOUSEHOLD_1,1680,47,38961.68359375,0.10979132546844843,mean_spl,0.22637441520139825
state_dept,5,AggregateElasticNet,AggregateElasticNet,CA__HOUSEHOLD_2,1680,48,13757.6103515625,0.0387679929729421,mean_spl,0.30680023452754546
state_dept,5,AggregateElasticNet,AggregateElasticNet,TX__FOODS_1,1680,49,2500.990234375,0.007047617235404179,mean_spl,0.5059719177914215
state_dept,5,AggregateElasticNet,AggregateElasticNet,TX__FOODS_2,1680,50,16296.439453125,0.045922237514960065,mean_spl,0.30165820281018485
state_dept,5,AggregateElasticNet,AggregateElasticNet,TX__FOODS_3,1680,51,31716.990234375,0.08937628142589987,mean_spl,0.11441642677555043
state_dept,5,AggregateElasticNet,AggregateElasticNet,TX__HOBBIES_1,1680,52,14404.560546875,0.040591053808712176,mean_spl,0.3048209242465405
state_dept,5,AggregateElasticNet,AggregateElasticNet,TX__HOBBIES_2,1680,53,516.1500244140625,0.0014544750147830472,mean_spl,1.1865955799222636
state_dept,5,AggregateElasticNet,AggregateElasticNet,TX__HOUSEHOLD_1,1680,54,28047.318359375,0.07903540028247909,mean_spl,0.12149434633581103
state_dept,5,AggregateElasticNet,AggregateElasticNet,TX__HOUSEHOLD_2,1680,55,6962.53955078125,0.019619954154891643,mean_spl,0.3783229389750547
state_dept,5,AggregateElasticNet,AggregateElasticNet,WI__FOODS_1,1680,56,15072.8798828125,0.04247433140251056,mean_spl,0.2891355004398817
state_dept,5,AggregateElasticNet,AggregateElasticNet,WI__FOODS_2,1680,57,11785.6494140625,0.03321114364996111,mean_spl,0.28161725854320857
state_dept,5,AggregateElasticNet,AggregateElasticNet,WI__FOODS_3,1680,58,28713.669921875,0.08091313282703941,mean_spl,0.23704617245067508
state_dept,5,AggregateElasticNet,AggregateElasticNet,WI__HOBBIES_1,1680,59,8724.830078125,0.024585966786044956,mean_spl,0.23380889116517556
state_dept,5,AggregateElasticNet,AggregateElasticNet,WI__HOBBIES_2,1680,60,730.1299438476562,0.002057455605232036,mean_spl,1.2040566837130757
state_dept,5,AggregateElasticNet,AggregateElasticNet,WI__HOUSEHOLD_1,1680,61,21957.0,0.0618733050256953,mean_spl,0.24332117203926165
state_dept,5,AggregateElasticNet,AggregateElasticNet,WI__HOUSEHOLD_2,1680,62,4489.2998046875,0.012650535873171382,mean_spl,0.5238161754119663
state_dept,5,AggregateElasticNet,AggregateElasticNet,CA__FOODS_1,1708,63,12728.6005859375,0.03636607957519636,mean_spl,0.25568610983595474
state_dept,5,AggregateElasticNet,AggregateElasticNet,CA__FOODS_2,1708,64,17123.638671875,0.04892286487850783,mean_spl,0.2685634167132511
state_dept,5,AggregateElasticNet,AggregateElasticNet,CA__FOODS_3,1708,65,60409.32421875,0.1725916589801686,mean_spl,0.20111462796434845
state_dept,5,AggregateElasticNet,AggregateElasticNet,CA__HOBBIES_1,1708,66,19551.619140625,0.0558596942917219,mean_spl,0.23224109825267517
state_dept,5,AggregateElasticNet,AggregateElasticNet,CA__HOBBIES_2,1708,67,532.5399780273438,0.001521486284934701,mean_spl,1.042958642247415
state_dept,5,AggregateElasticNet,AggregateElasticNet,CA__HOUSEHOLD_1,1708,68,37422.27734375,0.10691682141958309,mean_spl,0.16253222328067524
state_dept,5,AggregateElasticNet,AggregateElasticNet,CA__HOUSEHOLD_2,1708,69,12341.98046875,0.035261491694377346,mean_spl,0.2293016670232046
state_dept,5,AggregateElasticNet,AggregateElasticNet,TX__FOODS_1,1708,70,3877.81982421875,0.011079073724853342,mean_spl,0.3725350840939091
state_dept,5,AggregateElasticNet,AggregateElasticNet,TX__FOODS_2,1708,71,16475.990234375,0.047072509495301194,mean_spl,0.2573368705516639
state_dept,5,AggregateElasticNet,AggregateElasticNet,TX__FOODS_3,1708,72,31613.19921875,0.09032007176701921,mean_spl,0.2174211105371829
state_dept,5,AggregateElasticNet,AggregateElasticNet,TX__HOBBIES_1,1708,73,12885.109375,0.03681323093632498,mean_spl,0.19506109764868618
state_dept,5,AggregateElasticNet,AggregateElasticNet,TX__HOBBIES_2,1708,74,452.03997802734375,0.0012914948270333852,mean_spl,0.9699808994383772
state_dept,5,AggregateElasticNet,AggregateElasticNet,TX__HOUSEHOLD_1,1708,75,27286.798828125,0.07795938688124697,mean_spl,0.1285643285541377
state_dept,5,AggregateElasticNet,AggregateElasticNet,TX__HOUSEHOLD_2,1708,76,6257.78955078125,0.017878734683525455,mean_spl,0.31780803602517876
state_dept,5,AggregateElasticNet,AggregateElasticNet,WI__FOODS_1,1708,77,14884.810546875,0.042526450661623125,mean_spl,0.2896684646270331
state_dept,5,AggregateElasticNet,AggregateElasticNet,WI__FOODS_2,1708,78,12166.169921875,0.03475919450195239,mean_spl,0.40660659889468975
state_dept,5,AggregateElasticNet,AggregateElasticNet,WI__FOODS_3,1708,79,30014.16015625,0.08575155841018035,mean_spl,0.15407449967165765
state_dept,5,AggregateElasticNet,AggregateElasticNet,WI__HOBBIES_1,1708,80,8377.580078125,0.023935054109974995,mean_spl,0.22495146507721012
state_dept,5,AggregateElasticNet,AggregateElasticNet,WI__HOBBIES_2,1708,81,605.3200073242188,0.0017294215028736916,mean_spl,0.9751336151271092
state_dept,5,AggregateElasticNet,AggregateElasticNet,WI__HOUSEHOLD_1,1708,82,21309.03125,0.06088068526276019,mean_spl,0.2701571697971195
state_dept,5,AggregateElasticNet,AggregateElasticNet,WI__HOUSEHOLD_2,1708,83,3697.199951171875,0.010563036110840904,mean_spl,0.4519165698189567
state_dept,5,AggregateHistGB,AggregateHistGB,CA__FOODS_1,1624,0,12728.4296875,0.037162952431844254,rmsse,0.7702978377074321
state_dept,5,AggregateHistGB,AggregateHistGB,CA__FOODS_2,1624,1,13580.01953125,0.03964932299221295,rmsse,0.956889390951752
state_dept,5,AggregateHistGB,AggregateHistGB,CA__FOODS_3,1624,2,60267.68359375,0.17596240176991368,rmsse,0.47745364537152246
state_dept,5,AggregateHistGB,AggregateHistGB,CA__HOBBIES_1,1624,3,17453.048828125,0.050957332468688665,rmsse,0.6494845507012335
state_dept,5,AggregateHistGB,AggregateHistGB,CA__HOBBIES_2,1624,4,456.08001708984375,0.0013316080927775152,rmsse,0.7910754235916134
state_dept,5,AggregateHistGB,AggregateHistGB,CA__HOUSEHOLD_1,1624,5,33276.421875,0.09715653176424922,rmsse,0.814568741290191
state_dept,5,AggregateHistGB,AggregateHistGB,CA__HOUSEHOLD_2,1624,6,14282.94921875,0.04170165334095564,rmsse,0.858859062421662
state_dept,5,AggregateHistGB,AggregateHistGB,TX__FOODS_1,1624,7,3279.139892578125,0.009574041954674052,rmsse,0.8460696875350394
state_dept,5,AggregateHistGB,AggregateHistGB,TX__FOODS_2,1624,8,15690.548828125,0.04581139496742331,rmsse,0.7276249737258014
state_dept,5,AggregateHistGB,AggregateHistGB,TX__FOODS_3,1624,9,32839.859375,0.09588190859239325,rmsse,0.8292392130248416
state_dept,5,AggregateHistGB,AggregateHistGB,TX__HOBBIES_1,1624,10,13678.4794921875,0.03993679465482935,rmsse,0.5880781710621574
state_dept,5,AggregateHistGB,AggregateHistGB,TX__HOBBIES_2,1624,11,634.6099853515625,0.001852858622580461,rmsse,0.8298191129675166
state_dept,5,AggregateHistGB,AggregateHistGB,TX__HOUSEHOLD_1,1624,12,29148.998046875,0.08510577144608489,rmsse,0.5723900912097504
state_dept,5,AggregateHistGB,AggregateHistGB,TX__HOUSEHOLD_2,1624,13,6598.01025390625,0.019264084198189795,rmsse,0.8159873539941687
state_dept,5,AggregateHistGB,AggregateHistGB,WI__FOODS_1,1624,14,12990.44921875,0.037927965840027715,rmsse,0.9243493417597046
state_dept,5,AggregateHistGB,AggregateHistGB,WI__FOODS_2,1624,15,10640.44140625,0.03106669302833392,rmsse,0.9796197969199154
state_dept,5,AggregateHistGB,AggregateHistGB,WI__FOODS_3,1624,16,30481.71875,0.08899689056377208,rmsse,0.568759837066801
state_dept,5,AggregateHistGB,AggregateHistGB,WI__HOBBIES_1,1624,17,8105.97998046875,0.023666874533900904,rmsse,0.6865107788104787
state_dept,5,AggregateHistGB,AggregateHistGB,WI__HOBBIES_2,1624,18,631.4099731445312,0.0018435156082141238,rmsse,0.8396306284065097
state_dept,5,AggregateHistGB,AggregateHistGB,WI__HOUSEHOLD_1,1624,19,21006.720703125,0.06133292019564156,rmsse,1.3241575444026035
state_dept,5,AggregateHistGB,AggregateHistGB,WI__HOUSEHOLD_2,1624,20,4732.189453125,0.013816482933292667,rmsse,0.8088833234563658
state_dept,5,AggregateHistGB,AggregateHistGB,CA__FOODS_1,1652,21,13291.1484375,0.037118237768480306,rmsse,0.8653490669383336
state_dept,5,AggregateHistGB,AggregateHistGB,CA__FOODS_2,1652,22,15006.0791015625,0.04190753076633226,rmsse,0.8673171164865249
state_dept,5,AggregateHistGB,AggregateHistGB,CA__FOODS_3,1652,23,62016.75,0.17319439948722648,rmsse,0.7868585758977213
state_dept,5,AggregateHistGB,AggregateHistGB,CA__HOBBIES_1,1652,24,19381.9609375,0.054128071617025944,rmsse,0.7376969083236273
state_dept,5,AggregateHistGB,AggregateHistGB,CA__HOBBIES_2,1652,25,445.9000244140625,0.0012452665926501016,rmsse,1.0129309263861552
state_dept,5,AggregateHistGB,AggregateHistGB,CA__HOUSEHOLD_1,1652,26,38129.76171875,0.10648512189803469,rmsse,1.0145569230453453
state_dept,5,AggregateHistGB,AggregateHistGB,CA__HOUSEHOLD_2,1652,27,14547.0703125,0.04062565527977357,rmsse,0.7558671410063001
state_dept,5,AggregateHistGB,AggregateHistGB,TX__FOODS_1,1652,28,2988.970458984375,0.008347308488897896,rmsse,0.7232501666123036
state_dept,5,AggregateHistGB,AggregateHistGB,TX__FOODS_2,1652,29,15862.0791015625,0.04429808502725477,rmsse,0.5434717991832332
state_dept,5,AggregateHistGB,AggregateHistGB,TX__FOODS_3,1652,30,35578.66796875,0.09936067326009629,rmsse,1.1273852013860852
state_dept,5,AggregateHistGB,AggregateHistGB,TX__HOBBIES_1,1652,31,13649.1904296875,0.03811814292036467,rmsse,0.8891582638467819
state_dept,5,AggregateHistGB,AggregateHistGB,TX__HOBBIES_2,1652,32,472.33001708984375,0.0013190777277052878,rmsse,0.5284218134464623
state_dept,5,AggregateHistGB,AggregateHistGB,TX__HOUSEHOLD_1,1652,33,29260.890625,0.08171699388081914,rmsse,0.7129788420204228
state_dept,5,AggregateHistGB,AggregateHistGB,TX__HOUSEHOLD_2,1652,34,7691.98974609375,0.021481447269271783,rmsse,0.7142890463465646
state_dept,5,AggregateHistGB,AggregateHistGB,WI__FOODS_1,1652,35,14324.080078125,0.04000290965485621,rmsse,0.8812226876484709
state_dept,5,AggregateHistGB,AggregateHistGB,WI__FOODS_2,1652,36,11056.87109375,0.030878563441162337,rmsse,0.8147830402241643
state_dept,5,AggregateHistGB,AggregateHistGB,WI__FOODS_3,1652,37,28448.111328125,0.07944714223206431,rmsse,0.46711766039664565
state_dept,5,AggregateHistGB,AggregateHistGB,WI__HOBBIES_1,1652,38,8026.5400390625,0.022415747068745284,rmsse,0.9213246010284037
state_dept,5,AggregateHistGB,AggregateHistGB,WI__HOBBIES_2,1652,39,603.0899658203125,0.0016842515041020525,rmsse,0.7984545703225977
state_dept,5,AggregateHistGB,AggregateHistGB,WI__HOUSEHOLD_1,1652,40,22912.0234375,0.06398648978372894,rmsse,1.1996317955791034
state_dept,5,AggregateHistGB,AggregateHistGB,WI__HOUSEHOLD_2,1652,41,4382.4501953125,0.012238884331407674,rmsse,0.6059819572699748
state_dept,5,AggregateHistGB,AggregateHistGB,CA__FOODS_1,1680,42,13978.6708984375,0.039390926281041745,rmsse,0.7694349307907568
state_dept,5,AggregateHistGB,AggregateHistGB,CA__FOODS_2,1680,43,15410.189453125,0.04342484640601885,rmsse,1.061096820024619
state_dept,5,AggregateHistGB,AggregateHistGB,CA__FOODS_3,1680,44,61412.03515625,0.1730548610225158,rmsse,0.6833816729873436
state_dept,5,AggregateHistGB,AggregateHistGB,CA__HOBBIES_1,1680,45,18877.5703125,0.05319568548022602,rmsse,0.8962357389938058
state_dept,5,AggregateHistGB,AggregateHistGB,CA__HOBBIES_2,1680,46,554.1199951171875,0.0015614717620222496,rmsse,0.7851136479862346
state_dept,5,AggregateHistGB,AggregateHistGB,CA__HOUSEHOLD_1,1680,47,38961.68359375,0.10979132546844843,rmsse,1.1675988277423257
state_dept,5,AggregateHistGB,AggregateHistGB,CA__HOUSEHOLD_2,1680,48,13757.6103515625,0.0387679929729421,rmsse,0.6584373614892567
state_dept,5,AggregateHistGB,AggregateHistGB,TX__FOODS_1,1680,49,2500.990234375,0.007047617235404179,rmsse,1.089007636654505
state_dept,5,AggregateHistGB,AggregateHistGB,TX__FOODS_2,1680,50,16296.439453125,0.045922237514960065,rmsse,0.6999176434604355
state_dept,5,AggregateHistGB,AggregateHistGB,TX__FOODS_3,1680,51,31716.990234375,0.08937628142589987,rmsse,0.7574947640087288
state_dept,5,AggregateHistGB,AggregateHistGB,TX__HOBBIES_1,1680,52,14404.560546875,0.040591053808712176,rmsse,0.9041684013533651
state_dept,5,AggregateHistGB,AggregateHistGB,TX__HOBBIES_2,1680,53,516.1500244140625,0.0014544750147830472,rmsse,0.9754234703181723
state_dept,5,AggregateHistGB,AggregateHistGB,TX__HOUSEHOLD_1,1680,54,28047.318359375,0.07903540028247909,rmsse,0.6275352788581173
state_dept,5,AggregateHistGB,AggregateHistGB,TX__HOUSEHOLD_2,1680,55,6962.53955078125,0.019619954154891643,rmsse,0.6752580054158429
state_dept,5,AggregateHistGB,AggregateHistGB,WI__FOODS_1,1680,56,15072.8798828125,0.04247433140251056,rmsse,0.6138676442007015
state_dept,5,AggregateHistGB,AggregateHistGB,WI__FOODS_2,1680,57,11785.6494140625,0.03321114364996111,rmsse,0.9028528403210959
state_dept,5,AggregateHistGB,AggregateHistGB,WI__FOODS_3,1680,58,28713.669921875,0.08091313282703941,rmsse,0.5265101368359583
state_dept,5,AggregateHistGB,AggregateHistGB,WI__HOBBIES_1,1680,59,8724.830078125,0.024585966786044956,rmsse,0.6747681888553612
state_dept,5,AggregateHistGB,AggregateHistGB,WI__HOBBIES_2,1680,60,730.1299438476562,0.002057455605232036,rmsse,0.9560954634871729
state_dept,5,AggregateHistGB,AggregateHistGB,WI__HOUSEHOLD_1,1680,61,21957.0,0.0618733050256953,rmsse,1.457017676740963
state_dept,5,AggregateHistGB,AggregateHistGB,WI__HOUSEHOLD_2,1680,62,4489.2998046875,0.012650535873171382,rmsse,0.7512478733766014
state_dept,5,AggregateHistGB,AggregateHistGB,CA__FOODS_1,1708,63,12728.6005859375,0.03636607957519636,rmsse,0.7499485896183659
state_dept,5,AggregateHistGB,AggregateHistGB,CA__FOODS_2,1708,64,17123.638671875,0.04892286487850783,rmsse,1.1729539750158264
state_dept,5,AggregateHistGB,AggregateHistGB,CA__FOODS_3,1708,65,60409.32421875,0.1725916589801686,rmsse,0.6321598925162428
state_dept,5,AggregateHistGB,AggregateHistGB,CA__HOBBIES_1,1708,66,19551.619140625,0.0558596942917219,rmsse,0.8999390286600709
state_dept,5,AggregateHistGB,AggregateHistGB,CA__HOBBIES_2,1708,67,532.5399780273438,0.001521486284934701,rmsse,2.1153375216385566
state_dept,5,AggregateHistGB,AggregateHistGB,CA__HOUSEHOLD_1,1708,68,37422.27734375,0.10691682141958309,rmsse,0.7421292702803356
state_dept,5,AggregateHistGB,AggregateHistGB,CA__HOUSEHOLD_2,1708,69,12341.98046875,0.035261491694377346,rmsse,0.6183675933214674
state_dept,5,AggregateHistGB,AggregateHistGB,TX__FOODS_1,1708,70,3877.81982421875,0.011079073724853342,rmsse,0.9695943351700089
state_dept,5,AggregateHistGB,AggregateHistGB,TX__FOODS_2,1708,71,16475.990234375,0.047072509495301194,rmsse,0.8201404818749249
state_dept,5,AggregateHistGB,AggregateHistGB,TX__FOODS_3,1708,72,31613.19921875,0.09032007176701921,rmsse,0.6502307677384942
state_dept,5,AggregateHistGB,AggregateHistGB,TX__HOBBIES_1,1708,73,12885.109375,0.03681323093632498,rmsse,0.8329926578875074
state_dept,5,AggregateHistGB,AggregateHistGB,TX__HOBBIES_2,1708,74,452.03997802734375,0.0012914948270333852,rmsse,1.3835692593486777
state_dept,5,AggregateHistGB,AggregateHistGB,TX__HOUSEHOLD_1,1708,75,27286.798828125,0.07795938688124697,rmsse,0.6076690673815437
state_dept,5,AggregateHistGB,AggregateHistGB,TX__HOUSEHOLD_2,1708,76,6257.78955078125,0.017878734683525455,rmsse,0.6846352782343597
state_dept,5,AggregateHistGB,AggregateHistGB,WI__FOODS_1,1708,77,14884.810546875,0.042526450661623125,rmsse,0.8402618803853196
state_dept,5,AggregateHistGB,AggregateHistGB,WI__FOODS_2,1708,78,12166.169921875,0.03475919450195239,rmsse,1.6831891710558193
state_dept,5,AggregateHistGB,AggregateHistGB,WI__FOODS_3,1708,79,30014.16015625,0.08575155841018035,rmsse,0.5065494364742392
state_dept,5,AggregateHistGB,AggregateHistGB,WI__HOBBIES_1,1708,80,8377.580078125,0.023935054109974995,rmsse,0.777379116146107
state_dept,5,AggregateHistGB,AggregateHistGB,WI__HOBBIES_2,1708,81,605.3200073242188,0.0017294215028736916,rmsse,1.1827413726235398
state_dept,5,AggregateHistGB,AggregateHistGB,WI__HOUSEHOLD_1,1708,82,21309.03125,0.06088068526276019,rmsse,0.9225533135026776
state_dept,5,AggregateHistGB,AggregateHistGB,WI__HOUSEHOLD_2,1708,83,3697.199951171875,0.010563036110840904,rmsse,0.6286417158292147
state_dept,5,AggregateHistGB,AggregateHistGB,CA__FOODS_1,1624,0,12728.4296875,0.037162952431844254,mean_spl,0.1886140703982841
state_dept,5,AggregateHistGB,AggregateHistGB,CA__FOODS_2,1624,1,13580.01953125,0.03964932299221295,mean_spl,0.24128154301119803
state_dept,5,AggregateHistGB,AggregateHistGB,CA__FOODS_3,1624,2,60267.68359375,0.17596240176991368,mean_spl,0.18511381311078223
state_dept,5,AggregateHistGB,AggregateHistGB,CA__HOBBIES_1,1624,3,17453.048828125,0.050957332468688665,mean_spl,0.18686777326571347
state_dept,5,AggregateHistGB,AggregateHistGB,CA__HOBBIES_2,1624,4,456.08001708984375,0.0013316080927775152,mean_spl,0.2968414283838852
state_dept,5,AggregateHistGB,AggregateHistGB,CA__HOUSEHOLD_1,1624,5,33276.421875,0.09715653176424922,mean_spl,0.25819277621304015
state_dept,5,AggregateHistGB,AggregateHistGB,CA__HOUSEHOLD_2,1624,6,14282.94921875,0.04170165334095564,mean_spl,0.22229797070878496
state_dept,5,AggregateHistGB,AggregateHistGB,TX__FOODS_1,1624,7,3279.139892578125,0.009574041954674052,mean_spl,0.21490107522301807
state_dept,5,AggregateHistGB,AggregateHistGB,TX__FOODS_2,1624,8,15690.548828125,0.04581139496742331,mean_spl,0.18485320930847196
state_dept,5,AggregateHistGB,AggregateHistGB,TX__FOODS_3,1624,9,32839.859375,0.09588190859239325,mean_spl,0.3418756635540657
state_dept,5,AggregateHistGB,AggregateHistGB,TX__HOBBIES_1,1624,10,13678.4794921875,0.03993679465482935,mean_spl,0.15647189973279071
state_dept,5,AggregateHistGB,AggregateHistGB,TX__HOBBIES_2,1624,11,634.6099853515625,0.001852858622580461,mean_spl,0.3463648244802797
state_dept,5,AggregateHistGB,AggregateHistGB,TX__HOUSEHOLD_1,1624,12,29148.998046875,0.08510577144608489,mean_spl,0.15993394542604691
state_dept,5,AggregateHistGB,AggregateHistGB,TX__HOUSEHOLD_2,1624,13,6598.01025390625,0.019264084198189795,mean_spl,0.21511344116862258
state_dept,5,AggregateHistGB,AggregateHistGB,WI__FOODS_1,1624,14,12990.44921875,0.037927965840027715,mean_spl,0.268932982714741
state_dept,5,AggregateHistGB,AggregateHistGB,WI__FOODS_2,1624,15,10640.44140625,0.03106669302833392,mean_spl,0.27930313728662826
state_dept,5,AggregateHistGB,AggregateHistGB,WI__FOODS_3,1624,16,30481.71875,0.08899689056377208,mean_spl,0.21022718256243694
state_dept,5,AggregateHistGB,AggregateHistGB,WI__HOBBIES_1,1624,17,8105.97998046875,0.023666874533900904,mean_spl,0.1803291442500271
state_dept,5,AggregateHistGB,AggregateHistGB,WI__HOBBIES_2,1624,18,631.4099731445312,0.0018435156082141238,mean_spl,0.3371200450549414
state_dept,5,AggregateHistGB,AggregateHistGB,WI__HOUSEHOLD_1,1624,19,21006.720703125,0.06133292019564156,mean_spl,0.4476849541449444
state_dept,5,AggregateHistGB,AggregateHistGB,WI__HOUSEHOLD_2,1624,20,4732.189453125,0.013816482933292667,mean_spl,0.21251331050466102
state_dept,5,AggregateHistGB,AggregateHistGB,CA__FOODS_1,1652,21,13291.1484375,0.037118237768480306,mean_spl,0.24991723524672546
state_dept,5,AggregateHistGB,AggregateHistGB,CA__FOODS_2,1652,22,15006.0791015625,0.04190753076633226,mean_spl,0.22073385497271725
state_dept,5,AggregateHistGB,AggregateHistGB,CA__FOODS_3,1652,23,62016.75,0.17319439948722648,mean_spl,0.36596324709268646
state_dept,5,AggregateHistGB,AggregateHistGB,CA__HOBBIES_1,1652,24,19381.9609375,0.054128071617025944,mean_spl,0.19791753474658094
state_dept,5,AggregateHistGB,AggregateHistGB,CA__HOBBIES_2,1652,25,445.9000244140625,0.0012452665926501016,mean_spl,0.32409582219072247
state_dept,5,AggregateHistGB,AggregateHistGB,CA__HOUSEHOLD_1,1652,26,38129.76171875,0.10648512189803469,mean_spl,0.3404041726483673
state_dept,5,AggregateHistGB,AggregateHistGB,CA__HOUSEHOLD_2,1652,27,14547.0703125,0.04062565527977357,mean_spl,0.19302349155016976
state_dept,5,AggregateHistGB,AggregateHistGB,TX__FOODS_1,1652,28,2988.970458984375,0.008347308488897896,mean_spl,0.18345760069019817
state_dept,5,AggregateHistGB,AggregateHistGB,TX__FOODS_2,1652,29,15862.0791015625,0.04429808502725477,mean_spl,0.13799743545358187
state_dept,5,AggregateHistGB,AggregateHistGB,TX__FOODS_3,1652,30,35578.66796875,0.09936067326009629,mean_spl,0.4784444186461325
state_dept,5,AggregateHistGB,AggregateHistGB,TX__HOBBIES_1,1652,31,13649.1904296875,0.03811814292036467,mean_spl,0.2436040183631595
state_dept,5,AggregateHistGB,AggregateHistGB,TX__HOBBIES_2,1652,32,472.33001708984375,0.0013190777277052878,mean_spl,0.3344340231250549
state_dept,5,AggregateHistGB,AggregateHistGB,TX__HOUSEHOLD_1,1652,33,29260.890625,0.08171699388081914,mean_spl,0.21471095505601698
state_dept,5,AggregateHistGB,AggregateHistGB,TX__HOUSEHOLD_2,1652,34,7691.98974609375,0.021481447269271783,mean_spl,0.18222236049150548
state_dept,5,AggregateHistGB,AggregateHistGB,WI__FOODS_1,1652,35,14324.080078125,0.04000290965485621,mean_spl,0.24140005719270224
state_dept,5,AggregateHistGB,AggregateHistGB,WI__FOODS_2,1652,36,11056.87109375,0.030878563441162337,mean_spl,0.22458440745991165
state_dept,5,AggregateHistGB,AggregateHistGB,WI__FOODS_3,1652,37,28448.111328125,0.07944714223206431,mean_spl,0.16117929944761056
state_dept,5,AggregateHistGB,AggregateHistGB,WI__HOBBIES_1,1652,38,8026.5400390625,0.022415747068745284,mean_spl,0.2210754509659344
state_dept,5,AggregateHistGB,AggregateHistGB,WI__HOBBIES_2,1652,39,603.0899658203125,0.0016842515041020525,mean_spl,0.33754620965590154
state_dept,5,AggregateHistGB,AggregateHistGB,WI__HOUSEHOLD_1,1652,40,22912.0234375,0.06398648978372894,mean_spl,0.4158933737847352
state_dept,5,AggregateHistGB,AggregateHistGB,WI__HOUSEHOLD_2,1652,41,4382.4501953125,0.012238884331407674,mean_spl,0.18097978937982226
state_dept,5,AggregateHistGB,AggregateHistGB,CA__FOODS_1,1680,42,13978.6708984375,0.039390926281041745,mean_spl,0.2037187309027806
state_dept,5,AggregateHistGB,AggregateHistGB,CA__FOODS_2,1680,43,15410.189453125,0.04342484640601885,mean_spl,0.2977612938575911
state_dept,5,AggregateHistGB,AggregateHistGB,CA__FOODS_3,1680,44,61412.03515625,0.1730548610225158,mean_spl,0.3116092403249735
state_dept,5,AggregateHistGB,AggregateHistGB,CA__HOBBIES_1,1680,45,18877.5703125,0.05319568548022602,mean_spl,0.29025014660772946
state_dept,5,AggregateHistGB,AggregateHistGB,CA__HOBBIES_2,1680,46,554.1199951171875,0.0015614717620222496,mean_spl,0.2934168601524733
state_dept,5,AggregateHistGB,AggregateHistGB,CA__HOUSEHOLD_1,1680,47,38961.68359375,0.10979132546844843,mean_spl,0.4118292192958879
state_dept,5,AggregateHistGB,AggregateHistGB,CA__HOUSEHOLD_2,1680,48,13757.6103515625,0.0387679929729421,mean_spl,0.17201164295123725
state_dept,5,AggregateHistGB,AggregateHistGB,TX__FOODS_1,1680,49,2500.990234375,0.007047617235404179,mean_spl,0.2678097873260313
state_dept,5,AggregateHistGB,AggregateHistGB,TX__FOODS_2,1680,50,16296.439453125,0.045922237514960065,mean_spl,0.16808282198472824
state_dept,5,AggregateHistGB,AggregateHistGB,TX__FOODS_3,1680,51,31716.990234375,0.08937628142589987,mean_spl,0.2858792002200736
state_dept,5,AggregateHistGB,AggregateHistGB,TX__HOBBIES_1,1680,52,14404.560546875,0.040591053808712176,mean_spl,0.25524065839559373
state_dept,5,AggregateHistGB,AggregateHistGB,TX__HOBBIES_2,1680,53,516.1500244140625,0.0014544750147830472,mean_spl,0.36253052722436657
state_dept,5,AggregateHistGB,AggregateHistGB,TX__HOUSEHOLD_1,1680,54,28047.318359375,0.07903540028247909,mean_spl,0.17029684595662525
state_dept,5,AggregateHistGB,AggregateHistGB,TX__HOUSEHOLD_2,1680,55,6962.53955078125,0.019619954154891643,mean_spl,0.17110250866368726
state_dept,5,AggregateHistGB,AggregateHistGB,WI__FOODS_1,1680,56,15072.8798828125,0.04247433140251056,mean_spl,0.16384567008267506
state_dept,5,AggregateHistGB,AggregateHistGB,WI__FOODS_2,1680,57,11785.6494140625,0.03321114364996111,mean_spl,0.24778563517533903
state_dept,5,AggregateHistGB,AggregateHistGB,WI__FOODS_3,1680,58,28713.669921875,0.08091313282703941,mean_spl,0.179594825527371
state_dept,5,AggregateHistGB,AggregateHistGB,WI__HOBBIES_1,1680,59,8724.830078125,0.024585966786044956,mean_spl,0.1587941073786048
state_dept,5,AggregateHistGB,AggregateHistGB,WI__HOBBIES_2,1680,60,730.1299438476562,0.002057455605232036,mean_spl,0.3505332694343218
state_dept,5,AggregateHistGB,AggregateHistGB,WI__HOUSEHOLD_1,1680,61,21957.0,0.0618733050256953,mean_spl,0.5404317283649344
state_dept,5,AggregateHistGB,AggregateHistGB,WI__HOUSEHOLD_2,1680,62,4489.2998046875,0.012650535873171382,mean_spl,0.19705101144940998
state_dept,5,AggregateHistGB,AggregateHistGB,CA__FOODS_1,1708,63,12728.6005859375,0.03636607957519636,mean_spl,0.21108822548843426
state_dept,5,AggregateHistGB,AggregateHistGB,CA__FOODS_2,1708,64,17123.638671875,0.04892286487850783,mean_spl,0.3232662062614473
state_dept,5,AggregateHistGB,AggregateHistGB,CA__FOODS_3,1708,65,60409.32421875,0.1725916589801686,mean_spl,0.2855110265355947
state_dept,5,AggregateHistGB,AggregateHistGB,CA__HOBBIES_1,1708,66,19551.619140625,0.0558596942917219,mean_spl,0.2743525765169563
state_dept,5,AggregateHistGB,AggregateHistGB,CA__HOBBIES_2,1708,67,532.5399780273438,0.001521486284934701,mean_spl,0.5441433283927646
state_dept,5,AggregateHistGB,AggregateHistGB,CA__HOUSEHOLD_1,1708,68,37422.27734375,0.10691682141958309,mean_spl,0.2362052319572846
state_dept,5,AggregateHistGB,AggregateHistGB,CA__HOUSEHOLD_2,1708,69,12341.98046875,0.035261491694377346,mean_spl,0.15830024004525214
state_dept,5,AggregateHistGB,AggregateHistGB,TX__FOODS_1,1708,70,3877.81982421875,0.011079073724853342,mean_spl,0.24203851562578876
state_dept,5,AggregateHistGB,AggregateHistGB,TX__FOODS_2,1708,71,16475.990234375,0.047072509495301194,mean_spl,0.20584680927304916
state_dept,5,AggregateHistGB,AggregateHistGB,TX__FOODS_3,1708,72,31613.19921875,0.09032007176701921,mean_spl,0.23545525625527258
state_dept,5,AggregateHistGB,AggregateHistGB,TX__HOBBIES_1,1708,73,12885.109375,0.03681323093632498,mean_spl,0.22477223610380836
state_dept,5,AggregateHistGB,AggregateHistGB,TX__HOBBIES_2,1708,74,452.03997802734375,0.0012914948270333852,mean_spl,0.4134898879954626
state_dept,5,AggregateHistGB,AggregateHistGB,TX__HOUSEHOLD_1,1708,75,27286.798828125,0.07795938688124697,mean_spl,0.181962347320929
state_dept,5,AggregateHistGB,AggregateHistGB,TX__HOUSEHOLD_2,1708,76,6257.78955078125,0.017878734683525455,mean_spl,0.18019630048653817
state_dept,5,AggregateHistGB,AggregateHistGB,WI__FOODS_1,1708,77,14884.810546875,0.042526450661623125,mean_spl,0.23187605479111426
state_dept,5,AggregateHistGB,AggregateHistGB,WI__FOODS_2,1708,78,12166.169921875,0.03475919450195239,mean_spl,0.5936841093170568
state_dept,5,AggregateHistGB,AggregateHistGB,WI__FOODS_3,1708,79,30014.16015625,0.08575155841018035,mean_spl,0.17163314823574588
state_dept,5,AggregateHistGB,AggregateHistGB,WI__HOBBIES_1,1708,80,8377.580078125,0.023935054109974995,mean_spl,0.20277671137802822
state_dept,5,AggregateHistGB,AggregateHistGB,WI__HOBBIES_2,1708,81,605.3200073242188,0.0017294215028736916,mean_spl,0.38629578661126684
state_dept,5,AggregateHistGB,AggregateHistGB,WI__HOUSEHOLD_1,1708,82,21309.03125,0.06088068526276019,mean_spl,0.3053817292867142
state_dept,5,AggregateHistGB,AggregateHistGB,WI__HOUSEHOLD_2,1708,83,3697.199951171875,0.010563036110840904,mean_spl,0.1826384618788369
state_dept,5,ChildSummaryElasticNet,ChildSummaryElasticNet,CA__FOODS_1,1624,0,12728.4296875,0.037162952431844254,rmsse,8.949891617360496
state_dept,5,ChildSummaryElasticNet,ChildSummaryElasticNet,CA__FOODS_2,1624,1,13580.01953125,0.03964932299221295,rmsse,9.67125726776977
state_dept,5,ChildSummaryElasticNet,ChildSummaryElasticNet,CA__FOODS_3,1624,2,60267.68359375,0.17596240176991368,rmsse,1.4709093507774298
state_dept,5,ChildSummaryElasticNet,ChildSummaryElasticNet,CA__HOBBIES_1,1624,3,17453.048828125,0.050957332468688665,rmsse,5.606075049927099
state_dept,5,ChildSummaryElasticNet,ChildSummaryElasticNet,CA__HOBBIES_2,1624,4,456.08001708984375,0.0013316080927775152,rmsse,47.71877273864992
state_dept,5,ChildSummaryElasticNet,ChildSummaryElasticNet,CA__HOUSEHOLD_1,1624,5,33276.421875,0.09715653176424922,rmsse,4.962658196321148
state_dept,5,ChildSummaryElasticNet,ChildSummaryElasticNet,CA__HOUSEHOLD_2,1624,6,14282.94921875,0.04170165334095564,rmsse,14.049423746328744
state_dept,5,ChildSummaryElasticNet,ChildSummaryElasticNet,TX__FOODS_1,1624,7,3279.139892578125,0.009574041954674052,rmsse,21.69314053836627
state_dept,5,ChildSummaryElasticNet,ChildSummaryElasticNet,TX__FOODS_2,1624,8,15690.548828125,0.04581139496742331,rmsse,11.103166592365032
state_dept,5,ChildSummaryElasticNet,ChildSummaryElasticNet,TX__FOODS_3,1624,9,32839.859375,0.09588190859239325,rmsse,2.691006741132415
state_dept,5,ChildSummaryElasticNet,ChildSummaryElasticNet,TX__HOBBIES_1,1624,10,13678.4794921875,0.03993679465482935,rmsse,10.41159135215691
state_dept,5,ChildSummaryElasticNet,ChildSummaryElasticNet,TX__HOBBIES_2,1624,11,634.6099853515625,0.001852858622580461,rmsse,60.39854098421641
state_dept,5,ChildSummaryElasticNet,ChildSummaryElasticNet,TX__HOUSEHOLD_1,1624,12,29148.998046875,0.08510577144608489,rmsse,5.501275228956191
state_dept,5,ChildSummaryElasticNet,ChildSummaryElasticNet,TX__HOUSEHOLD_2,1624,13,6598.01025390625,0.019264084198189795,rmsse,20.911550794432397
state_dept,5,ChildSummaryElasticNet,ChildSummaryElasticNet,WI__FOODS_1,1624,14,12990.44921875,0.037927965840027715,rmsse,10.06123736837756
state_dept,5,ChildSummaryElasticNet,ChildSummaryElasticNet,WI__FOODS_2,1624,15,10640.44140625,0.03106669302833392,rmsse,7.882592271407517
state_dept,5,ChildSummaryElasticNet,ChildSummaryElasticNet,WI__FOODS_3,1624,16,30481.71875,0.08899689056377208,rmsse,2.6718333722022662
state_dept,5,ChildSummaryElasticNet,ChildSummaryElasticNet,WI__HOBBIES_1,1624,17,8105.97998046875,0.023666874533900904,rmsse,8.960771628247247
state_dept,5,ChildSummaryElasticNet,ChildSummaryElasticNet,WI__HOBBIES_2,1624,18,631.4099731445312,0.0018435156082141238,rmsse,55.79884189821295
state_dept,5,ChildSummaryElasticNet,ChildSummaryElasticNet,WI__HOUSEHOLD_1,1624,19,21006.720703125,0.06133292019564156,rmsse,5.846055140643424
state_dept,5,ChildSummaryElasticNet,ChildSummaryElasticNet,WI__HOUSEHOLD_2,1624,20,4732.189453125,0.013816482933292667,rmsse,27.13549751979087
state_dept,5,ChildSummaryElasticNet,ChildSummaryElasticNet,CA__FOODS_1,1652,21,13291.1484375,0.037118237768480306,rmsse,1.0471906687079078
state_dept,5,ChildSummaryElasticNet,ChildSummaryElasticNet,CA__FOODS_2,1652,22,15006.0791015625,0.04190753076633226,rmsse,0.8847357988730622
state_dept,5,ChildSummaryElasticNet,ChildSummaryElasticNet,CA__FOODS_3,1652,23,62016.75,0.17319439948722648,rmsse,0.6267387230890965
state_dept,5,ChildSummaryElasticNet,ChildSummaryElasticNet,CA__HOBBIES_1,1652,24,19381.9609375,0.054128071617025944,rmsse,0.6228277239971783
state_dept,5,ChildSummaryElasticNet,ChildSummaryElasticNet,CA__HOBBIES_2,1652,25,445.9000244140625,0.0012452665926501016,rmsse,2.286517910249416
state_dept,5,ChildSummaryElasticNet,ChildSummaryElasticNet,CA__HOUSEHOLD_1,1652,26,38129.76171875,0.10648512189803469,rmsse,0.9694399871199165
state_dept,5,ChildSummaryElasticNet,ChildSummaryElasticNet,CA__HOUSEHOLD_2,1652,27,14547.0703125,0.04062565527977357,rmsse,1.3215191304258658
state_dept,5,ChildSummaryElasticNet,ChildSummaryElasticNet,TX__FOODS_1,1652,28,2988.970458984375,0.008347308488897896,rmsse,1.357814775760569
state_dept,5,ChildSummaryElasticNet,ChildSummaryElasticNet,TX__FOODS_2,1652,29,15862.0791015625,0.04429808502725477,rmsse,0.9529665859282379
state_dept,5,ChildSummaryElasticNet,ChildSummaryElasticNet,TX__FOODS_3,1652,30,35578.66796875,0.09936067326009629,rmsse,0.9499810406658609
state_dept,5,ChildSummaryElasticNet,ChildSummaryElasticNet,TX__HOBBIES_1,1652,31,13649.1904296875,0.03811814292036467,rmsse,1.297582278393321
state_dept,5,ChildSummaryElasticNet,ChildSummaryElasticNet,TX__HOBBIES_2,1652,32,472.33001708984375,0.0013190777277052878,rmsse,4.743815991585159
state_dept,5,ChildSummaryElasticNet,ChildSummaryElasticNet,TX__HOUSEHOLD_1,1652,33,29260.890625,0.08171699388081914,rmsse,0.6504876825120551
state_dept,5,ChildSummaryElasticNet,ChildSummaryElasticNet,TX__HOUSEHOLD_2,1652,34,7691.98974609375,0.021481447269271783,rmsse,1.3922071902116324
state_dept,5,ChildSummaryElasticNet,ChildSummaryElasticNet,WI__FOODS_1,1652,35,14324.080078125,0.04000290965485621,rmsse,1.1843295951485582
state_dept,5,ChildSummaryElasticNet,ChildSummaryElasticNet,WI__FOODS_2,1652,36,11056.87109375,0.030878563441162337,rmsse,0.7124479665015354
state_dept,5,ChildSummaryElasticNet,ChildSummaryElasticNet,WI__FOODS_3,1652,37,28448.111328125,0.07944714223206431,rmsse,0.5308787357672203
state_dept,5,ChildSummaryElasticNet,ChildSummaryElasticNet,WI__HOBBIES_1,1652,38,8026.5400390625,0.022415747068745284,rmsse,1.1737301525395771
state_dept,5,ChildSummaryElasticNet,ChildSummaryElasticNet,WI__HOBBIES_2,1652,39,603.0899658203125,0.0016842515041020525,rmsse,4.079176463106842
state_dept,5,ChildSummaryElasticNet,ChildSummaryElasticNet,WI__HOUSEHOLD_1,1652,40,22912.0234375,0.06398648978372894,rmsse,0.9854927126173916
state_dept,5,ChildSummaryElasticNet,ChildSummaryElasticNet,WI__HOUSEHOLD_2,1652,41,4382.4501953125,0.012238884331407674,rmsse,2.3763624408058335
state_dept,5,ChildSummaryElasticNet,ChildSummaryElasticNet,CA__FOODS_1,1680,42,13978.6708984375,0.039390926281041745,rmsse,1.0341358939868448
state_dept,5,ChildSummaryElasticNet,ChildSummaryElasticNet,CA__FOODS_2,1680,43,15410.189453125,0.04342484640601885,rmsse,1.8565126650244874
state_dept,5,ChildSummaryElasticNet,ChildSummaryElasticNet,CA__FOODS_3,1680,44,61412.03515625,0.1730548610225158,rmsse,0.5168177342862227
state_dept,5,ChildSummaryElasticNet,ChildSummaryElasticNet,CA__HOBBIES_1,1680,45,18877.5703125,0.05319568548022602,rmsse,1.2171018377066791
state_dept,5,ChildSummaryElasticNet,ChildSummaryElasticNet,CA__HOBBIES_2,1680,46,554.1199951171875,0.0015614717620222496,rmsse,6.863429122056387
state_dept,5,ChildSummaryElasticNet,ChildSummaryElasticNet,CA__HOUSEHOLD_1,1680,47,38961.68359375,0.10979132546844843,rmsse,0.9862821378244925
state_dept,5,ChildSummaryElasticNet,ChildSummaryElasticNet,CA__HOUSEHOLD_2,1680,48,13757.6103515625,0.0387679929729421,rmsse,1.6578320663757375
state_dept,5,ChildSummaryElasticNet,ChildSummaryElasticNet,TX__FOODS_1,1680,49,2500.990234375,0.007047617235404179,rmsse,2.8751347800327163
state_dept,5,ChildSummaryElasticNet,ChildSummaryElasticNet,TX__FOODS_2,1680,50,16296.439453125,0.045922237514960065,rmsse,1.7339011099897734
state_dept,5,ChildSummaryElasticNet,ChildSummaryElasticNet,TX__FOODS_3,1680,51,31716.990234375,0.08937628142589987,rmsse,0.4506132663878942
state_dept,5,ChildSummaryElasticNet,ChildSummaryElasticNet,TX__HOBBIES_1,1680,52,14404.560546875,0.040591053808712176,rmsse,1.5181603883483932
state_dept,5,ChildSummaryElasticNet,ChildSummaryElasticNet,TX__HOBBIES_2,1680,53,516.1500244140625,0.0014544750147830472,rmsse,7.625684110110106
state_dept,5,ChildSummaryElasticNet,ChildSummaryElasticNet,TX__HOUSEHOLD_1,1680,54,28047.318359375,0.07903540028247909,rmsse,0.6430221604556686
state_dept,5,ChildSummaryElasticNet,ChildSummaryElasticNet,TX__HOUSEHOLD_2,1680,55,6962.53955078125,0.019619954154891643,rmsse,2.2113279117012627
state_dept,5,ChildSummaryElasticNet,ChildSummaryElasticNet,WI__FOODS_1,1680,56,15072.8798828125,0.04247433140251056,rmsse,1.378567586005684
state_dept,5,ChildSummaryElasticNet,ChildSummaryElasticNet,WI__FOODS_2,1680,57,11785.6494140625,0.03321114364996111,rmsse,1.613761345594085
state_dept,5,ChildSummaryElasticNet,ChildSummaryElasticNet,WI__FOODS_3,1680,58,28713.669921875,0.08091313282703941,rmsse,0.86860554128431
state_dept,5,ChildSummaryElasticNet,ChildSummaryElasticNet,WI__HOBBIES_1,1680,59,8724.830078125,0.024585966786044956,rmsse,1.3848492737533638
state_dept,5,ChildSummaryElasticNet,ChildSummaryElasticNet,WI__HOBBIES_2,1680,60,730.1299438476562,0.002057455605232036,rmsse,8.314534610866454
state_dept,5,ChildSummaryElasticNet,ChildSummaryElasticNet,WI__HOUSEHOLD_1,1680,61,21957.0,0.0618733050256953,rmsse,0.7447511112392573
state_dept,5,ChildSummaryElasticNet,ChildSummaryElasticNet,WI__HOUSEHOLD_2,1680,62,4489.2998046875,0.012650535873171382,rmsse,3.2069895768747996
state_dept,5,ChildSummaryElasticNet,ChildSummaryElasticNet,CA__FOODS_1,1708,63,12728.6005859375,0.03636607957519636,rmsse,0.9292747801974013
state_dept,5,ChildSummaryElasticNet,ChildSummaryElasticNet,CA__FOODS_2,1708,64,17123.638671875,0.04892286487850783,rmsse,1.378195800333908
state_dept,5,ChildSummaryElasticNet,ChildSummaryElasticNet,CA__FOODS_3,1708,65,60409.32421875,0.1725916589801686,rmsse,0.594551084158152
state_dept,5,ChildSummaryElasticNet,ChildSummaryElasticNet,CA__HOBBIES_1,1708,66,19551.619140625,0.0558596942917219,rmsse,1.0369414486056365
state_dept,5,ChildSummaryElasticNet,ChildSummaryElasticNet,CA__HOBBIES_2,1708,67,532.5399780273438,0.001521486284934701,rmsse,4.959367914823691
state_dept,5,ChildSummaryElasticNet,ChildSummaryElasticNet,CA__HOUSEHOLD_1,1708,68,37422.27734375,0.10691682141958309,rmsse,0.7879071680101504
state_dept,5,ChildSummaryElasticNet,ChildSummaryElasticNet,CA__HOUSEHOLD_2,1708,69,12341.98046875,0.035261491694377346,rmsse,0.9341265191013467
state_dept,5,ChildSummaryElasticNet,ChildSummaryElasticNet,TX__FOODS_1,1708,70,3877.81982421875,0.011079073724853342,rmsse,1.8560552037121942
state_dept,5,ChildSummaryElasticNet,ChildSummaryElasticNet,TX__FOODS_2,1708,71,16475.990234375,0.047072509495301194,rmsse,1.1876302641731198
state_dept,5,ChildSummaryElasticNet,ChildSummaryElasticNet,TX__FOODS_3,1708,72,31613.19921875,0.09032007176701921,rmsse,0.7309524206349178
state_dept,5,ChildSummaryElasticNet,ChildSummaryElasticNet,TX__HOBBIES_1,1708,73,12885.109375,0.03681323093632498,rmsse,0.7480490345738713
state_dept,5,ChildSummaryElasticNet,ChildSummaryElasticNet,TX__HOBBIES_2,1708,74,452.03997802734375,0.0012914948270333852,rmsse,4.891362232112739
state_dept,5,ChildSummaryElasticNet,ChildSummaryElasticNet,TX__HOUSEHOLD_1,1708,75,27286.798828125,0.07795938688124697,rmsse,0.6864809674031529
state_dept,5,ChildSummaryElasticNet,ChildSummaryElasticNet,TX__HOUSEHOLD_2,1708,76,6257.78955078125,0.017878734683525455,rmsse,1.4133327147583514
state_dept,5,ChildSummaryElasticNet,ChildSummaryElasticNet,WI__FOODS_1,1708,77,14884.810546875,0.042526450661623125,rmsse,0.9686931384091771
state_dept,5,ChildSummaryElasticNet,ChildSummaryElasticNet,WI__FOODS_2,1708,78,12166.169921875,0.03475919450195239,rmsse,1.6424553227783596
state_dept,5,ChildSummaryElasticNet,ChildSummaryElasticNet,WI__FOODS_3,1708,79,30014.16015625,0.08575155841018035,rmsse,0.588183975706314
state_dept,5,ChildSummaryElasticNet,ChildSummaryElasticNet,WI__HOBBIES_1,1708,80,8377.580078125,0.023935054109974995,rmsse,1.0514784615583201
state_dept,5,ChildSummaryElasticNet,ChildSummaryElasticNet,WI__HOBBIES_2,1708,81,605.3200073242188,0.0017294215028736916,rmsse,5.193334367021919
state_dept,5,ChildSummaryElasticNet,ChildSummaryElasticNet,WI__HOUSEHOLD_1,1708,82,21309.03125,0.06088068526276019,rmsse,0.9537939966153817
state_dept,5,ChildSummaryElasticNet,ChildSummaryElasticNet,WI__HOUSEHOLD_2,1708,83,3697.199951171875,0.010563036110840904,rmsse,2.0473878959583964
state_dept,5,ChildSummaryElasticNet,ChildSummaryElasticNet,CA__FOODS_1,1624,0,12728.4296875,0.037162952431844254,mean_spl,3.5713713441385417
state_dept,5,ChildSummaryElasticNet,ChildSummaryElasticNet,CA__FOODS_2,1624,1,13580.01953125,0.03964932299221295,mean_spl,3.613097218927715
state_dept,5,ChildSummaryElasticNet,ChildSummaryElasticNet,CA__FOODS_3,1624,2,60267.68359375,0.17596240176991368,mean_spl,0.6157312291713365
state_dept,5,ChildSummaryElasticNet,ChildSummaryElasticNet,CA__HOBBIES_1,1624,3,17453.048828125,0.050957332468688665,mean_spl,2.162634511162353
state_dept,5,ChildSummaryElasticNet,ChildSummaryElasticNet,CA__HOBBIES_2,1624,4,456.08001708984375,0.0013316080927775152,mean_spl,18.966177179868414
state_dept,5,ChildSummaryElasticNet,ChildSummaryElasticNet,CA__HOUSEHOLD_1,1624,5,33276.421875,0.09715653176424922,mean_spl,1.9507470259077297
state_dept,5,ChildSummaryElasticNet,ChildSummaryElasticNet,CA__HOUSEHOLD_2,1624,6,14282.94921875,0.04170165334095564,mean_spl,5.469029704074244
state_dept,5,ChildSummaryElasticNet,ChildSummaryElasticNet,TX__FOODS_1,1624,7,3279.139892578125,0.009574041954674052,mean_spl,8.494503541618137
state_dept,5,ChildSummaryElasticNet,ChildSummaryElasticNet,TX__FOODS_2,1624,8,15690.548828125,0.04581139496742331,mean_spl,4.295235446835078
state_dept,5,ChildSummaryElasticNet,ChildSummaryElasticNet,TX__FOODS_3,1624,9,32839.859375,0.09588190859239325,mean_spl,1.0323720584178602
state_dept,5,ChildSummaryElasticNet,ChildSummaryElasticNet,TX__HOBBIES_1,1624,10,13678.4794921875,0.03993679465482935,mean_spl,4.02356867809856
state_dept,5,ChildSummaryElasticNet,ChildSummaryElasticNet,TX__HOBBIES_2,1624,11,634.6099853515625,0.001852858622580461,mean_spl,23.445258250273426
state_dept,5,ChildSummaryElasticNet,ChildSummaryElasticNet,TX__HOUSEHOLD_1,1624,12,29148.998046875,0.08510577144608489,mean_spl,2.101527758849313
state_dept,5,ChildSummaryElasticNet,ChildSummaryElasticNet,TX__HOUSEHOLD_2,1624,13,6598.01025390625,0.019264084198189795,mean_spl,7.953121257537303
state_dept,5,ChildSummaryElasticNet,ChildSummaryElasticNet,WI__FOODS_1,1624,14,12990.44921875,0.037927965840027715,mean_spl,3.8502092442444
state_dept,5,ChildSummaryElasticNet,ChildSummaryElasticNet,WI__FOODS_2,1624,15,10640.44140625,0.03106669302833392,mean_spl,2.974561467926724
state_dept,5,ChildSummaryElasticNet,ChildSummaryElasticNet,WI__FOODS_3,1624,16,30481.71875,0.08899689056377208,mean_spl,1.1358590854144297
state_dept,5,ChildSummaryElasticNet,ChildSummaryElasticNet,WI__HOBBIES_1,1624,17,8105.97998046875,0.023666874533900904,mean_spl,3.5397186982344397
state_dept,5,ChildSummaryElasticNet,ChildSummaryElasticNet,WI__HOBBIES_2,1624,18,631.4099731445312,0.0018435156082141238,mean_spl,21.464021027723795
state_dept,5,ChildSummaryElasticNet,ChildSummaryElasticNet,WI__HOUSEHOLD_1,1624,19,21006.720703125,0.06133292019564156,mean_spl,2.2246873950078148
state_dept,5,ChildSummaryElasticNet,ChildSummaryElasticNet,WI__HOUSEHOLD_2,1624,20,4732.189453125,0.013816482933292667,mean_spl,10.118768326589255
state_dept,5,ChildSummaryElasticNet,ChildSummaryElasticNet,CA__FOODS_1,1652,21,13291.1484375,0.037118237768480306,mean_spl,0.26661760636835835
state_dept,5,ChildSummaryElasticNet,ChildSummaryElasticNet,CA__FOODS_2,1652,22,15006.0791015625,0.04190753076633226,mean_spl,0.2137797103201092
state_dept,5,ChildSummaryElasticNet,ChildSummaryElasticNet,CA__FOODS_3,1652,23,62016.75,0.17319439948722648,mean_spl,0.2200068086130793
state_dept,5,ChildSummaryElasticNet,ChildSummaryElasticNet,CA__HOBBIES_1,1652,24,19381.9609375,0.054128071617025944,mean_spl,0.15401937890587558
state_dept,5,ChildSummaryElasticNet,ChildSummaryElasticNet,CA__HOBBIES_2,1652,25,445.9000244140625,0.0012452665926501016,mean_spl,0.7175748222725793
state_dept,5,ChildSummaryElasticNet,ChildSummaryElasticNet,CA__HOUSEHOLD_1,1652,26,38129.76171875,0.10648512189803469,mean_spl,0.26064749643223534
state_dept,5,ChildSummaryElasticNet,ChildSummaryElasticNet,CA__HOUSEHOLD_2,1652,27,14547.0703125,0.04062565527977357,mean_spl,0.3333017709392826
state_dept,5,ChildSummaryElasticNet,ChildSummaryElasticNet,TX__FOODS_1,1652,28,2988.970458984375,0.008347308488897896,mean_spl,0.37402900822575585
state_dept,5,ChildSummaryElasticNet,ChildSummaryElasticNet,TX__FOODS_2,1652,29,15862.0791015625,0.04429808502725477,mean_spl,0.2462185123099834
state_dept,5,ChildSummaryElasticNet,ChildSummaryElasticNet,TX__FOODS_3,1652,30,35578.66796875,0.09936067326009629,mean_spl,0.31723756312091117
state_dept,5,ChildSummaryElasticNet,ChildSummaryElasticNet,TX__HOBBIES_1,1652,31,13649.1904296875,0.03811814292036467,mean_spl,0.3516280139851322
state_dept,5,ChildSummaryElasticNet,ChildSummaryElasticNet,TX__HOBBIES_2,1652,32,472.33001708984375,0.0013190777277052878,mean_spl,1.2504752474849121
state_dept,5,ChildSummaryElasticNet,ChildSummaryElasticNet,TX__HOUSEHOLD_1,1652,33,29260.890625,0.08171699388081914,mean_spl,0.16645952462468497
state_dept,5,ChildSummaryElasticNet,ChildSummaryElasticNet,TX__HOUSEHOLD_2,1652,34,7691.98974609375,0.021481447269271783,mean_spl,0.37183020687620283
state_dept,5,ChildSummaryElasticNet,ChildSummaryElasticNet,WI__FOODS_1,1652,35,14324.080078125,0.04000290965485621,mean_spl,0.3071505200809812
state_dept,5,ChildSummaryElasticNet,ChildSummaryElasticNet,WI__FOODS_2,1652,36,11056.87109375,0.030878563441162337,mean_spl,0.18193536900212523
state_dept,5,ChildSummaryElasticNet,ChildSummaryElasticNet,WI__FOODS_3,1652,37,28448.111328125,0.07944714223206431,mean_spl,0.14168555718284334
state_dept,5,ChildSummaryElasticNet,ChildSummaryElasticNet,WI__HOBBIES_1,1652,38,8026.5400390625,0.022415747068745284,mean_spl,0.28319203881711197
state_dept,5,ChildSummaryElasticNet,ChildSummaryElasticNet,WI__HOBBIES_2,1652,39,603.0899658203125,0.0016842515041020525,mean_spl,1.1089754591106262
state_dept,5,ChildSummaryElasticNet,ChildSummaryElasticNet,WI__HOUSEHOLD_1,1652,40,22912.0234375,0.06398648978372894,mean_spl,0.2626996645660308
state_dept,5,ChildSummaryElasticNet,ChildSummaryElasticNet,WI__HOUSEHOLD_2,1652,41,4382.4501953125,0.012238884331407674,mean_spl,0.5877351080927403
state_dept,5,ChildSummaryElasticNet,ChildSummaryElasticNet,CA__FOODS_1,1680,42,13978.6708984375,0.039390926281041745,mean_spl,0.2587716074910438
state_dept,5,ChildSummaryElasticNet,ChildSummaryElasticNet,CA__FOODS_2,1680,43,15410.189453125,0.04342484640601885,mean_spl,0.5178546582594781
state_dept,5,ChildSummaryElasticNet,ChildSummaryElasticNet,CA__FOODS_3,1680,44,61412.03515625,0.1730548610225158,mean_spl,0.1693412749678563
state_dept,5,ChildSummaryElasticNet,ChildSummaryElasticNet,CA__HOBBIES_1,1680,45,18877.5703125,0.05319568548022602,mean_spl,0.3316163018584739
state_dept,5,ChildSummaryElasticNet,ChildSummaryElasticNet,CA__HOBBIES_2,1680,46,554.1199951171875,0.0015614717620222496,mean_spl,1.7997919457395233
state_dept,5,ChildSummaryElasticNet,ChildSummaryElasticNet,CA__HOUSEHOLD_1,1680,47,38961.68359375,0.10979132546844843,mean_spl,0.2706888724102594
state_dept,5,ChildSummaryElasticNet,ChildSummaryElasticNet,CA__HOUSEHOLD_2,1680,48,13757.6103515625,0.0387679929729421,mean_spl,0.4409605385751194
state_dept,5,ChildSummaryElasticNet,ChildSummaryElasticNet,TX__FOODS_1,1680,49,2500.990234375,0.007047617235404179,mean_spl,0.7928740396019456
state_dept,5,ChildSummaryElasticNet,ChildSummaryElasticNet,TX__FOODS_2,1680,50,16296.439453125,0.045922237514960065,mean_spl,0.47638466640111204
state_dept,5,ChildSummaryElasticNet,ChildSummaryElasticNet,TX__FOODS_3,1680,51,31716.990234375,0.08937628142589987,mean_spl,0.11709587649510092
state_dept,5,ChildSummaryElasticNet,ChildSummaryElasticNet,TX__HOBBIES_1,1680,52,14404.560546875,0.040591053808712176,mean_spl,0.39192901685487636
state_dept,5,ChildSummaryElasticNet,ChildSummaryElasticNet,TX__HOBBIES_2,1680,53,516.1500244140625,0.0014544750147830472,mean_spl,1.9966437943229802
state_dept,5,ChildSummaryElasticNet,ChildSummaryElasticNet,TX__HOUSEHOLD_1,1680,54,28047.318359375,0.07903540028247909,mean_spl,0.17038430593002113
state_dept,5,ChildSummaryElasticNet,ChildSummaryElasticNet,TX__HOUSEHOLD_2,1680,55,6962.53955078125,0.019619954154891643,mean_spl,0.5644377239969284
state_dept,5,ChildSummaryElasticNet,ChildSummaryElasticNet,WI__FOODS_1,1680,56,15072.8798828125,0.04247433140251056,mean_spl,0.38752518583149415
state_dept,5,ChildSummaryElasticNet,ChildSummaryElasticNet,WI__FOODS_2,1680,57,11785.6494140625,0.03321114364996111,mean_spl,0.4469791596864463
state_dept,5,ChildSummaryElasticNet,ChildSummaryElasticNet,WI__FOODS_3,1680,58,28713.669921875,0.08091313282703941,mean_spl,0.27428843294134725
state_dept,5,ChildSummaryElasticNet,ChildSummaryElasticNet,WI__HOBBIES_1,1680,59,8724.830078125,0.024585966786044956,mean_spl,0.37098464856019986
state_dept,5,ChildSummaryElasticNet,ChildSummaryElasticNet,WI__HOBBIES_2,1680,60,730.1299438476562,0.002057455605232036,mean_spl,2.262803859985471
state_dept,5,ChildSummaryElasticNet,ChildSummaryElasticNet,WI__HOUSEHOLD_1,1680,61,21957.0,0.0618733050256953,mean_spl,0.18330908006383081
state_dept,5,ChildSummaryElasticNet,ChildSummaryElasticNet,WI__HOUSEHOLD_2,1680,62,4489.2998046875,0.012650535873171382,mean_spl,0.8235689444707781
state_dept,5,ChildSummaryElasticNet,ChildSummaryElasticNet,CA__FOODS_1,1708,63,12728.6005859375,0.03636607957519636,mean_spl,0.2400404492993839
state_dept,5,ChildSummaryElasticNet,ChildSummaryElasticNet,CA__FOODS_2,1708,64,17123.638671875,0.04892286487850783,mean_spl,0.31949793879956423
state_dept,5,ChildSummaryElasticNet,ChildSummaryElasticNet,CA__FOODS_3,1708,65,60409.32421875,0.1725916589801686,mean_spl,0.2172173643834929
state_dept,5,ChildSummaryElasticNet,ChildSummaryElasticNet,CA__HOBBIES_1,1708,66,19551.619140625,0.0558596942917219,mean_spl,0.26505840239068434
state_dept,5,ChildSummaryElasticNet,ChildSummaryElasticNet,CA__HOBBIES_2,1708,67,532.5399780273438,0.001521486284934701,mean_spl,1.2613731532310763
state_dept,5,ChildSummaryElasticNet,ChildSummaryElasticNet,CA__HOUSEHOLD_1,1708,68,37422.27734375,0.10691682141958309,mean_spl,0.208474077699418
state_dept,5,ChildSummaryElasticNet,ChildSummaryElasticNet,CA__HOUSEHOLD_2,1708,69,12341.98046875,0.035261491694377346,mean_spl,0.25414927599593357
state_dept,5,ChildSummaryElasticNet,ChildSummaryElasticNet,TX__FOODS_1,1708,70,3877.81982421875,0.011079073724853342,mean_spl,0.4909754970591272
state_dept,5,ChildSummaryElasticNet,ChildSummaryElasticNet,TX__FOODS_2,1708,71,16475.990234375,0.047072509495301194,mean_spl,0.303317585605855
state_dept,5,ChildSummaryElasticNet,ChildSummaryElasticNet,TX__FOODS_3,1708,72,31613.19921875,0.09032007176701921,mean_spl,0.22999494558612885
state_dept,5,ChildSummaryElasticNet,ChildSummaryElasticNet,TX__HOBBIES_1,1708,73,12885.109375,0.03681323093632498,mean_spl,0.20001751691293504
state_dept,5,ChildSummaryElasticNet,ChildSummaryElasticNet,TX__HOBBIES_2,1708,74,452.03997802734375,0.0012914948270333852,mean_spl,1.2559862282122811
state_dept,5,ChildSummaryElasticNet,ChildSummaryElasticNet,TX__HOUSEHOLD_1,1708,75,27286.798828125,0.07795938688124697,mean_spl,0.1716226213083457
state_dept,5,ChildSummaryElasticNet,ChildSummaryElasticNet,TX__HOUSEHOLD_2,1708,76,6257.78955078125,0.017878734683525455,mean_spl,0.3754031251155233
state_dept,5,ChildSummaryElasticNet,ChildSummaryElasticNet,WI__FOODS_1,1708,77,14884.810546875,0.042526450661623125,mean_spl,0.2615862146740437
state_dept,5,ChildSummaryElasticNet,ChildSummaryElasticNet,WI__FOODS_2,1708,78,12166.169921875,0.03475919450195239,mean_spl,0.4738065805082081
state_dept,5,ChildSummaryElasticNet,ChildSummaryElasticNet,WI__FOODS_3,1708,79,30014.16015625,0.08575155841018035,mean_spl,0.16870346123076932
state_dept,5,ChildSummaryElasticNet,ChildSummaryElasticNet,WI__HOBBIES_1,1708,80,8377.580078125,0.023935054109974995,mean_spl,0.27470225548653443
state_dept,5,ChildSummaryElasticNet,ChildSummaryElasticNet,WI__HOBBIES_2,1708,81,605.3200073242188,0.0017294215028736916,mean_spl,1.395894142237363
state_dept,5,ChildSummaryElasticNet,ChildSummaryElasticNet,WI__HOUSEHOLD_1,1708,82,21309.03125,0.06088068526276019,mean_spl,0.2595858637527157
state_dept,5,ChildSummaryElasticNet,ChildSummaryElasticNet,WI__HOUSEHOLD_2,1708,83,3697.199951171875,0.010563036110840904,mean_spl,0.5322079511442515
state_dept,5,ChildSummaryHistGB,ChildSummaryHistGB,CA__FOODS_1,1624,0,12728.4296875,0.037162952431844254,rmsse,0.775611703808201
state_dept,5,ChildSummaryHistGB,ChildSummaryHistGB,CA__FOODS_2,1624,1,13580.01953125,0.03964932299221295,rmsse,0.7375196960731469
state_dept,5,ChildSummaryHistGB,ChildSummaryHistGB,CA__FOODS_3,1624,2,60267.68359375,0.17596240176991368,rmsse,0.476312968572679
state_dept,5,ChildSummaryHistGB,ChildSummaryHistGB,CA__HOBBIES_1,1624,3,17453.048828125,0.050957332468688665,rmsse,0.6802227677018452
state_dept,5,ChildSummaryHistGB,ChildSummaryHistGB,CA__HOBBIES_2,1624,4,456.08001708984375,0.0013316080927775152,rmsse,0.8350870485626912
state_dept,5,ChildSummaryHistGB,ChildSummaryHistGB,CA__HOUSEHOLD_1,1624,5,33276.421875,0.09715653176424922,rmsse,0.8652302332919342
state_dept,5,ChildSummaryHistGB,ChildSummaryHistGB,CA__HOUSEHOLD_2,1624,6,14282.94921875,0.04170165334095564,rmsse,0.7387438208250326
state_dept,5,ChildSummaryHistGB,ChildSummaryHistGB,TX__FOODS_1,1624,7,3279.139892578125,0.009574041954674052,rmsse,0.8868960613377097
state_dept,5,ChildSummaryHistGB,ChildSummaryHistGB,TX__FOODS_2,1624,8,15690.548828125,0.04581139496742331,rmsse,0.8057199885442892
state_dept,5,ChildSummaryHistGB,ChildSummaryHistGB,TX__FOODS_3,1624,9,32839.859375,0.09588190859239325,rmsse,0.7617239264524244
state_dept,5,ChildSummaryHistGB,ChildSummaryHistGB,TX__HOBBIES_1,1624,10,13678.4794921875,0.03993679465482935,rmsse,0.5945563879507276
state_dept,5,ChildSummaryHistGB,ChildSummaryHistGB,TX__HOBBIES_2,1624,11,634.6099853515625,0.001852858622580461,rmsse,0.8228201774238373
state_dept,5,ChildSummaryHistGB,ChildSummaryHistGB,TX__HOUSEHOLD_1,1624,12,29148.998046875,0.08510577144608489,rmsse,0.6394143219584042
state_dept,5,ChildSummaryHistGB,ChildSummaryHistGB,TX__HOUSEHOLD_2,1624,13,6598.01025390625,0.019264084198189795,rmsse,0.7804139445476168
state_dept,5,ChildSummaryHistGB,ChildSummaryHistGB,WI__FOODS_1,1624,14,12990.44921875,0.037927965840027715,rmsse,0.8379638358685317
state_dept,5,ChildSummaryHistGB,ChildSummaryHistGB,WI__FOODS_2,1624,15,10640.44140625,0.03106669302833392,rmsse,0.935389292523276
state_dept,5,ChildSummaryHistGB,ChildSummaryHistGB,WI__FOODS_3,1624,16,30481.71875,0.08899689056377208,rmsse,0.5754088975839607
state_dept,5,ChildSummaryHistGB,ChildSummaryHistGB,WI__HOBBIES_1,1624,17,8105.97998046875,0.023666874533900904,rmsse,0.6698555892162686
state_dept,5,ChildSummaryHistGB,ChildSummaryHistGB,WI__HOBBIES_2,1624,18,631.4099731445312,0.0018435156082141238,rmsse,1.0280137199764334
state_dept,5,ChildSummaryHistGB,ChildSummaryHistGB,WI__HOUSEHOLD_1,1624,19,21006.720703125,0.06133292019564156,rmsse,1.2792076499638627
state_dept,5,ChildSummaryHistGB,ChildSummaryHistGB,WI__HOUSEHOLD_2,1624,20,4732.189453125,0.013816482933292667,rmsse,0.851413560954084
state_dept,5,ChildSummaryHistGB,ChildSummaryHistGB,CA__FOODS_1,1652,21,13291.1484375,0.037118237768480306,rmsse,0.914852748730845
state_dept,5,ChildSummaryHistGB,ChildSummaryHistGB,CA__FOODS_2,1652,22,15006.0791015625,0.04190753076633226,rmsse,0.9011578284146855
state_dept,5,ChildSummaryHistGB,ChildSummaryHistGB,CA__FOODS_3,1652,23,62016.75,0.17319439948722648,rmsse,0.7777217577842055
state_dept,5,ChildSummaryHistGB,ChildSummaryHistGB,CA__HOBBIES_1,1652,24,19381.9609375,0.054128071617025944,rmsse,0.6991994597050418
state_dept,5,ChildSummaryHistGB,ChildSummaryHistGB,CA__HOBBIES_2,1652,25,445.9000244140625,0.0012452665926501016,rmsse,1.0832070743392623
state_dept,5,ChildSummaryHistGB,ChildSummaryHistGB,CA__HOUSEHOLD_1,1652,26,38129.76171875,0.10648512189803469,rmsse,1.0633309984145238
state_dept,5,ChildSummaryHistGB,ChildSummaryHistGB,CA__HOUSEHOLD_2,1652,27,14547.0703125,0.04062565527977357,rmsse,0.8024739275118434
state_dept,5,ChildSummaryHistGB,ChildSummaryHistGB,TX__FOODS_1,1652,28,2988.970458984375,0.008347308488897896,rmsse,0.7381303659806124
state_dept,5,ChildSummaryHistGB,ChildSummaryHistGB,TX__FOODS_2,1652,29,15862.0791015625,0.04429808502725477,rmsse,0.6348186931890163
state_dept,5,ChildSummaryHistGB,ChildSummaryHistGB,TX__FOODS_3,1652,30,35578.66796875,0.09936067326009629,rmsse,0.779642935650098
state_dept,5,ChildSummaryHistGB,ChildSummaryHistGB,TX__HOBBIES_1,1652,31,13649.1904296875,0.03811814292036467,rmsse,0.8369118746144444
state_dept,5,ChildSummaryHistGB,ChildSummaryHistGB,TX__HOBBIES_2,1652,32,472.33001708984375,0.0013190777277052878,rmsse,0.5713173646168516
state_dept,5,ChildSummaryHistGB,ChildSummaryHistGB,TX__HOUSEHOLD_1,1652,33,29260.890625,0.08171699388081914,rmsse,0.7060366369103944
state_dept,5,ChildSummaryHistGB,ChildSummaryHistGB,TX__HOUSEHOLD_2,1652,34,7691.98974609375,0.021481447269271783,rmsse,0.7359513607439419
state_dept,5,ChildSummaryHistGB,ChildSummaryHistGB,WI__FOODS_1,1652,35,14324.080078125,0.04000290965485621,rmsse,0.9176613599870934
state_dept,5,ChildSummaryHistGB,ChildSummaryHistGB,WI__FOODS_2,1652,36,11056.87109375,0.030878563441162337,rmsse,0.83786770811899
state_dept,5,ChildSummaryHistGB,ChildSummaryHistGB,WI__FOODS_3,1652,37,28448.111328125,0.07944714223206431,rmsse,0.4522621216033175
state_dept,5,ChildSummaryHistGB,ChildSummaryHistGB,WI__HOBBIES_1,1652,38,8026.5400390625,0.022415747068745284,rmsse,0.8924478033630354
state_dept,5,ChildSummaryHistGB,ChildSummaryHistGB,WI__HOBBIES_2,1652,39,603.0899658203125,0.0016842515041020525,rmsse,0.7841703301151868
state_dept,5,ChildSummaryHistGB,ChildSummaryHistGB,WI__HOUSEHOLD_1,1652,40,22912.0234375,0.06398648978372894,rmsse,1.107890233634035
state_dept,5,ChildSummaryHistGB,ChildSummaryHistGB,WI__HOUSEHOLD_2,1652,41,4382.4501953125,0.012238884331407674,rmsse,0.6062837395463099
state_dept,5,ChildSummaryHistGB,ChildSummaryHistGB,CA__FOODS_1,1680,42,13978.6708984375,0.039390926281041745,rmsse,0.6023345311363968
state_dept,5,ChildSummaryHistGB,ChildSummaryHistGB,CA__FOODS_2,1680,43,15410.189453125,0.04342484640601885,rmsse,0.966040687895419
state_dept,5,ChildSummaryHistGB,ChildSummaryHistGB,CA__FOODS_3,1680,44,61412.03515625,0.1730548610225158,rmsse,0.6928977840700528
state_dept,5,ChildSummaryHistGB,ChildSummaryHistGB,CA__HOBBIES_1,1680,45,18877.5703125,0.05319568548022602,rmsse,0.9127656934997427
state_dept,5,ChildSummaryHistGB,ChildSummaryHistGB,CA__HOBBIES_2,1680,46,554.1199951171875,0.0015614717620222496,rmsse,0.8913737681930695
state_dept,5,ChildSummaryHistGB,ChildSummaryHistGB,CA__HOUSEHOLD_1,1680,47,38961.68359375,0.10979132546844843,rmsse,1.0361972865116078
state_dept,5,ChildSummaryHistGB,ChildSummaryHistGB,CA__HOUSEHOLD_2,1680,48,13757.6103515625,0.0387679929729421,rmsse,0.6697816962915049
state_dept,5,ChildSummaryHistGB,ChildSummaryHistGB,TX__FOODS_1,1680,49,2500.990234375,0.007047617235404179,rmsse,1.1284232037694502
state_dept,5,ChildSummaryHistGB,ChildSummaryHistGB,TX__FOODS_2,1680,50,16296.439453125,0.045922237514960065,rmsse,0.7302494165627234
state_dept,5,ChildSummaryHistGB,ChildSummaryHistGB,TX__FOODS_3,1680,51,31716.990234375,0.08937628142589987,rmsse,0.7094105987470306
state_dept,5,ChildSummaryHistGB,ChildSummaryHistGB,TX__HOBBIES_1,1680,52,14404.560546875,0.040591053808712176,rmsse,0.8575548755605249
state_dept,5,ChildSummaryHistGB,ChildSummaryHistGB,TX__HOBBIES_2,1680,53,516.1500244140625,0.0014544750147830472,rmsse,0.9885198129461511
state_dept,5,ChildSummaryHistGB,ChildSummaryHistGB,TX__HOUSEHOLD_1,1680,54,28047.318359375,0.07903540028247909,rmsse,0.5666813841919188
state_dept,5,ChildSummaryHistGB,ChildSummaryHistGB,TX__HOUSEHOLD_2,1680,55,6962.53955078125,0.019619954154891643,rmsse,0.7397495441310002
state_dept,5,ChildSummaryHistGB,ChildSummaryHistGB,WI__FOODS_1,1680,56,15072.8798828125,0.04247433140251056,rmsse,0.609641570753313
state_dept,5,ChildSummaryHistGB,ChildSummaryHistGB,WI__FOODS_2,1680,57,11785.6494140625,0.03321114364996111,rmsse,0.9295398990852723
state_dept,5,ChildSummaryHistGB,ChildSummaryHistGB,WI__FOODS_3,1680,58,28713.669921875,0.08091313282703941,rmsse,0.6429942161606577
state_dept,5,ChildSummaryHistGB,ChildSummaryHistGB,WI__HOBBIES_1,1680,59,8724.830078125,0.024585966786044956,rmsse,0.6578617511637357
state_dept,5,ChildSummaryHistGB,ChildSummaryHistGB,WI__HOBBIES_2,1680,60,730.1299438476562,0.002057455605232036,rmsse,1.0765376678840028
state_dept,5,ChildSummaryHistGB,ChildSummaryHistGB,WI__HOUSEHOLD_1,1680,61,21957.0,0.0618733050256953,rmsse,1.2162429881374512
state_dept,5,ChildSummaryHistGB,ChildSummaryHistGB,WI__HOUSEHOLD_2,1680,62,4489.2998046875,0.012650535873171382,rmsse,0.7232755622247543
state_dept,5,ChildSummaryHistGB,ChildSummaryHistGB,CA__FOODS_1,1708,63,12728.6005859375,0.03636607957519636,rmsse,0.8160397883067886
state_dept,5,ChildSummaryHistGB,ChildSummaryHistGB,CA__FOODS_2,1708,64,17123.638671875,0.04892286487850783,rmsse,1.0471049341562875
state_dept,5,ChildSummaryHistGB,ChildSummaryHistGB,CA__FOODS_3,1708,65,60409.32421875,0.1725916589801686,rmsse,0.5911246077752215
state_dept,5,ChildSummaryHistGB,ChildSummaryHistGB,CA__HOBBIES_1,1708,66,19551.619140625,0.0558596942917219,rmsse,0.8575009601910901
state_dept,5,ChildSummaryHistGB,ChildSummaryHistGB,CA__HOBBIES_2,1708,67,532.5399780273438,0.001521486284934701,rmsse,2.2874560451618455
state_dept,5,ChildSummaryHistGB,ChildSummaryHistGB,CA__HOUSEHOLD_1,1708,68,37422.27734375,0.10691682141958309,rmsse,0.7542861071876538
state_dept,5,ChildSummaryHistGB,ChildSummaryHistGB,CA__HOUSEHOLD_2,1708,69,12341.98046875,0.035261491694377346,rmsse,0.5878609029046503
state_dept,5,ChildSummaryHistGB,ChildSummaryHistGB,TX__FOODS_1,1708,70,3877.81982421875,0.011079073724853342,rmsse,0.8838604485892003
state_dept,5,ChildSummaryHistGB,ChildSummaryHistGB,TX__FOODS_2,1708,71,16475.990234375,0.047072509495301194,rmsse,0.7703288573307802
state_dept,5,ChildSummaryHistGB,ChildSummaryHistGB,TX__FOODS_3,1708,72,31613.19921875,0.09032007176701921,rmsse,0.5675946873315129
state_dept,5,ChildSummaryHistGB,ChildSummaryHistGB,TX__HOBBIES_1,1708,73,12885.109375,0.03681323093632498,rmsse,0.8694629721539372
state_dept,5,ChildSummaryHistGB,ChildSummaryHistGB,TX__HOBBIES_2,1708,74,452.03997802734375,0.0012914948270333852,rmsse,1.3312250034333948
state_dept,5,ChildSummaryHistGB,ChildSummaryHistGB,TX__HOUSEHOLD_1,1708,75,27286.798828125,0.07795938688124697,rmsse,0.5901581925339072
state_dept,5,ChildSummaryHistGB,ChildSummaryHistGB,TX__HOUSEHOLD_2,1708,76,6257.78955078125,0.017878734683525455,rmsse,0.6760236222426593
state_dept,5,ChildSummaryHistGB,ChildSummaryHistGB,WI__FOODS_1,1708,77,14884.810546875,0.042526450661623125,rmsse,0.8233208865783589
state_dept,5,ChildSummaryHistGB,ChildSummaryHistGB,WI__FOODS_2,1708,78,12166.169921875,0.03475919450195239,rmsse,1.6604209496862026
state_dept,5,ChildSummaryHistGB,ChildSummaryHistGB,WI__FOODS_3,1708,79,30014.16015625,0.08575155841018035,rmsse,0.4957603487192285
state_dept,5,ChildSummaryHistGB,ChildSummaryHistGB,WI__HOBBIES_1,1708,80,8377.580078125,0.023935054109974995,rmsse,0.7855274788937564
state_dept,5,ChildSummaryHistGB,ChildSummaryHistGB,WI__HOBBIES_2,1708,81,605.3200073242188,0.0017294215028736916,rmsse,1.1765427709220122
state_dept,5,ChildSummaryHistGB,ChildSummaryHistGB,WI__HOUSEHOLD_1,1708,82,21309.03125,0.06088068526276019,rmsse,0.7694284969181674
state_dept,5,ChildSummaryHistGB,ChildSummaryHistGB,WI__HOUSEHOLD_2,1708,83,3697.199951171875,0.010563036110840904,rmsse,0.6147605477993661
state_dept,5,ChildSummaryHistGB,ChildSummaryHistGB,CA__FOODS_1,1624,0,12728.4296875,0.037162952431844254,mean_spl,0.20058534573149397
state_dept,5,ChildSummaryHistGB,ChildSummaryHistGB,CA__FOODS_2,1624,1,13580.01953125,0.03964932299221295,mean_spl,0.18926746892061622
state_dept,5,ChildSummaryHistGB,ChildSummaryHistGB,CA__FOODS_3,1624,2,60267.68359375,0.17596240176991368,mean_spl,0.20342985842962036
state_dept,5,ChildSummaryHistGB,ChildSummaryHistGB,CA__HOBBIES_1,1624,3,17453.048828125,0.050957332468688665,mean_spl,0.20812254379650894
state_dept,5,ChildSummaryHistGB,ChildSummaryHistGB,CA__HOBBIES_2,1624,4,456.08001708984375,0.0013316080927775152,mean_spl,0.2741030856448634
state_dept,5,ChildSummaryHistGB,ChildSummaryHistGB,CA__HOUSEHOLD_1,1624,5,33276.421875,0.09715653176424922,mean_spl,0.29764779802496555
state_dept,5,ChildSummaryHistGB,ChildSummaryHistGB,CA__HOUSEHOLD_2,1624,6,14282.94921875,0.04170165334095564,mean_spl,0.19079693453502464
state_dept,5,ChildSummaryHistGB,ChildSummaryHistGB,TX__FOODS_1,1624,7,3279.139892578125,0.009574041954674052,mean_spl,0.21881980230244938
state_dept,5,ChildSummaryHistGB,ChildSummaryHistGB,TX__FOODS_2,1624,8,15690.548828125,0.04581139496742331,mean_spl,0.21219063994370607
state_dept,5,ChildSummaryHistGB,ChildSummaryHistGB,TX__FOODS_3,1624,9,32839.859375,0.09588190859239325,mean_spl,0.31470964301626636
state_dept,5,ChildSummaryHistGB,ChildSummaryHistGB,TX__HOBBIES_1,1624,10,13678.4794921875,0.03993679465482935,mean_spl,0.1591888315057273
state_dept,5,ChildSummaryHistGB,ChildSummaryHistGB,TX__HOBBIES_2,1624,11,634.6099853515625,0.001852858622580461,mean_spl,0.30791352455555177
state_dept,5,ChildSummaryHistGB,ChildSummaryHistGB,TX__HOUSEHOLD_1,1624,12,29148.998046875,0.08510577144608489,mean_spl,0.19458865675153608
state_dept,5,ChildSummaryHistGB,ChildSummaryHistGB,TX__HOUSEHOLD_2,1624,13,6598.01025390625,0.019264084198189795,mean_spl,0.20173294355923796
state_dept,5,ChildSummaryHistGB,ChildSummaryHistGB,WI__FOODS_1,1624,14,12990.44921875,0.037927965840027715,mean_spl,0.2526402864095953
state_dept,5,ChildSummaryHistGB,ChildSummaryHistGB,WI__FOODS_2,1624,15,10640.44140625,0.03106669302833392,mean_spl,0.28137499769772617
state_dept,5,ChildSummaryHistGB,ChildSummaryHistGB,WI__FOODS_3,1624,16,30481.71875,0.08899689056377208,mean_spl,0.21847790374497159
state_dept,5,ChildSummaryHistGB,ChildSummaryHistGB,WI__HOBBIES_1,1624,17,8105.97998046875,0.023666874533900904,mean_spl,0.1800493979192521
state_dept,5,ChildSummaryHistGB,ChildSummaryHistGB,WI__HOBBIES_2,1624,18,631.4099731445312,0.0018435156082141238,mean_spl,0.3184037791028301
state_dept,5,ChildSummaryHistGB,ChildSummaryHistGB,WI__HOUSEHOLD_1,1624,19,21006.720703125,0.06133292019564156,mean_spl,0.4357031107450954
state_dept,5,ChildSummaryHistGB,ChildSummaryHistGB,WI__HOUSEHOLD_2,1624,20,4732.189453125,0.013816482933292667,mean_spl,0.21453469691530747
state_dept,5,ChildSummaryHistGB,ChildSummaryHistGB,CA__FOODS_1,1652,21,13291.1484375,0.037118237768480306,mean_spl,0.2687787739630447
state_dept,5,ChildSummaryHistGB,ChildSummaryHistGB,CA__FOODS_2,1652,22,15006.0791015625,0.04190753076633226,mean_spl,0.2492703145883594
state_dept,5,ChildSummaryHistGB,ChildSummaryHistGB,CA__FOODS_3,1652,23,62016.75,0.17319439948722648,mean_spl,0.3647532078313093
state_dept,5,ChildSummaryHistGB,ChildSummaryHistGB,CA__HOBBIES_1,1652,24,19381.9609375,0.054128071617025944,mean_spl,0.19798573747980808
state_dept,5,ChildSummaryHistGB,ChildSummaryHistGB,CA__HOBBIES_2,1652,25,445.9000244140625,0.0012452665926501016,mean_spl,0.30876984292579257
state_dept,5,ChildSummaryHistGB,ChildSummaryHistGB,CA__HOUSEHOLD_1,1652,26,38129.76171875,0.10648512189803469,mean_spl,0.38066103620773395
state_dept,5,ChildSummaryHistGB,ChildSummaryHistGB,CA__HOUSEHOLD_2,1652,27,14547.0703125,0.04062565527977357,mean_spl,0.21265155659181262
state_dept,5,ChildSummaryHistGB,ChildSummaryHistGB,TX__FOODS_1,1652,28,2988.970458984375,0.008347308488897896,mean_spl,0.18748939531291603
state_dept,5,ChildSummaryHistGB,ChildSummaryHistGB,TX__FOODS_2,1652,29,15862.0791015625,0.04429808502725477,mean_spl,0.16439694286963225
state_dept,5,ChildSummaryHistGB,ChildSummaryHistGB,TX__FOODS_3,1652,30,35578.66796875,0.09936067326009629,mean_spl,0.31061671856511225
state_dept,5,ChildSummaryHistGB,ChildSummaryHistGB,TX__HOBBIES_1,1652,31,13649.1904296875,0.03811814292036467,mean_spl,0.2328457251739627
state_dept,5,ChildSummaryHistGB,ChildSummaryHistGB,TX__HOBBIES_2,1652,32,472.33001708984375,0.0013190777277052878,mean_spl,0.2943766062043515
state_dept,5,ChildSummaryHistGB,ChildSummaryHistGB,TX__HOUSEHOLD_1,1652,33,29260.890625,0.08171699388081914,mean_spl,0.22535281240669588
state_dept,5,ChildSummaryHistGB,ChildSummaryHistGB,TX__HOUSEHOLD_2,1652,34,7691.98974609375,0.021481447269271783,mean_spl,0.18485377315084292
state_dept,5,ChildSummaryHistGB,ChildSummaryHistGB,WI__FOODS_1,1652,35,14324.080078125,0.04000290965485621,mean_spl,0.26267599273442627
state_dept,5,ChildSummaryHistGB,ChildSummaryHistGB,WI__FOODS_2,1652,36,11056.87109375,0.030878563441162337,mean_spl,0.23934892938881325
state_dept,5,ChildSummaryHistGB,ChildSummaryHistGB,WI__FOODS_3,1652,37,28448.111328125,0.07944714223206431,mean_spl,0.15405975831760932
state_dept,5,ChildSummaryHistGB,ChildSummaryHistGB,WI__HOBBIES_1,1652,38,8026.5400390625,0.022415747068745284,mean_spl,0.2270160638067281
state_dept,5,ChildSummaryHistGB,ChildSummaryHistGB,WI__HOBBIES_2,1652,39,603.0899658203125,0.0016842515041020525,mean_spl,0.29948846622509556
state_dept,5,ChildSummaryHistGB,ChildSummaryHistGB,WI__HOUSEHOLD_1,1652,40,22912.0234375,0.06398648978372894,mean_spl,0.3856247765499402
state_dept,5,ChildSummaryHistGB,ChildSummaryHistGB,WI__HOUSEHOLD_2,1652,41,4382.4501953125,0.012238884331407674,mean_spl,0.16810391131938174
state_dept,5,ChildSummaryHistGB,ChildSummaryHistGB,CA__FOODS_1,1680,42,13978.6708984375,0.039390926281041745,mean_spl,0.14932173449292807
state_dept,5,ChildSummaryHistGB,ChildSummaryHistGB,CA__FOODS_2,1680,43,15410.189453125,0.04342484640601885,mean_spl,0.2690605633557348
state_dept,5,ChildSummaryHistGB,ChildSummaryHistGB,CA__FOODS_3,1680,44,61412.03515625,0.1730548610225158,mean_spl,0.3178868696225243
state_dept,5,ChildSummaryHistGB,ChildSummaryHistGB,CA__HOBBIES_1,1680,45,18877.5703125,0.05319568548022602,mean_spl,0.30768072233669375
state_dept,5,ChildSummaryHistGB,ChildSummaryHistGB,CA__HOBBIES_2,1680,46,554.1199951171875,0.0015614717620222496,mean_spl,0.281004964580371
state_dept,5,ChildSummaryHistGB,ChildSummaryHistGB,CA__HOUSEHOLD_1,1680,47,38961.68359375,0.10979132546844843,mean_spl,0.38267700202475974
state_dept,5,ChildSummaryHistGB,ChildSummaryHistGB,CA__HOUSEHOLD_2,1680,48,13757.6103515625,0.0387679929729421,mean_spl,0.1784203040503598
state_dept,5,ChildSummaryHistGB,ChildSummaryHistGB,TX__FOODS_1,1680,49,2500.990234375,0.007047617235404179,mean_spl,0.27473855576428524
state_dept,5,ChildSummaryHistGB,ChildSummaryHistGB,TX__FOODS_2,1680,50,16296.439453125,0.045922237514960065,mean_spl,0.17996505542558638
state_dept,5,ChildSummaryHistGB,ChildSummaryHistGB,TX__FOODS_3,1680,51,31716.990234375,0.08937628142589987,mean_spl,0.2690138755005216
state_dept,5,ChildSummaryHistGB,ChildSummaryHistGB,TX__HOBBIES_1,1680,52,14404.560546875,0.040591053808712176,mean_spl,0.2473414585961824
state_dept,5,ChildSummaryHistGB,ChildSummaryHistGB,TX__HOBBIES_2,1680,53,516.1500244140625,0.0014544750147830472,mean_spl,0.3314301701971035
state_dept,5,ChildSummaryHistGB,ChildSummaryHistGB,TX__HOUSEHOLD_1,1680,54,28047.318359375,0.07903540028247909,mean_spl,0.16023429635257838
state_dept,5,ChildSummaryHistGB,ChildSummaryHistGB,TX__HOUSEHOLD_2,1680,55,6962.53955078125,0.019619954154891643,mean_spl,0.1827087856581437
state_dept,5,ChildSummaryHistGB,ChildSummaryHistGB,WI__FOODS_1,1680,56,15072.8798828125,0.04247433140251056,mean_spl,0.16462336813229198
state_dept,5,ChildSummaryHistGB,ChildSummaryHistGB,WI__FOODS_2,1680,57,11785.6494140625,0.03321114364996111,mean_spl,0.2659150964522866
state_dept,5,ChildSummaryHistGB,ChildSummaryHistGB,WI__FOODS_3,1680,58,28713.669921875,0.08091313282703941,mean_spl,0.24714882283199507
state_dept,5,ChildSummaryHistGB,ChildSummaryHistGB,WI__HOBBIES_1,1680,59,8724.830078125,0.024585966786044956,mean_spl,0.15433144079473887
state_dept,5,ChildSummaryHistGB,ChildSummaryHistGB,WI__HOBBIES_2,1680,60,730.1299438476562,0.002057455605232036,mean_spl,0.32908345427499813
state_dept,5,ChildSummaryHistGB,ChildSummaryHistGB,WI__HOUSEHOLD_1,1680,61,21957.0,0.0618733050256953,mean_spl,0.4638600796067051
state_dept,5,ChildSummaryHistGB,ChildSummaryHistGB,WI__HOUSEHOLD_2,1680,62,4489.2998046875,0.012650535873171382,mean_spl,0.18457089670882162
state_dept,5,ChildSummaryHistGB,ChildSummaryHistGB,CA__FOODS_1,1708,63,12728.6005859375,0.03636607957519636,mean_spl,0.2341853430579192
state_dept,5,ChildSummaryHistGB,ChildSummaryHistGB,CA__FOODS_2,1708,64,17123.638671875,0.04892286487850783,mean_spl,0.3035077243780553
state_dept,5,ChildSummaryHistGB,ChildSummaryHistGB,CA__FOODS_3,1708,65,60409.32421875,0.1725916589801686,mean_spl,0.2833317764367712
state_dept,5,ChildSummaryHistGB,ChildSummaryHistGB,CA__HOBBIES_1,1708,66,19551.619140625,0.0558596942917219,mean_spl,0.27183107323000383
state_dept,5,ChildSummaryHistGB,ChildSummaryHistGB,CA__HOBBIES_2,1708,67,532.5399780273438,0.001521486284934701,mean_spl,0.5801178042079501
state_dept,5,ChildSummaryHistGB,ChildSummaryHistGB,CA__HOUSEHOLD_1,1708,68,37422.27734375,0.10691682141958309,mean_spl,0.2573842147954114
state_dept,5,ChildSummaryHistGB,ChildSummaryHistGB,CA__HOUSEHOLD_2,1708,69,12341.98046875,0.035261491694377346,mean_spl,0.15178327987546236
state_dept,5,ChildSummaryHistGB,ChildSummaryHistGB,TX__FOODS_1,1708,70,3877.81982421875,0.011079073724853342,mean_spl,0.22945871936787196
state_dept,5,ChildSummaryHistGB,ChildSummaryHistGB,TX__FOODS_2,1708,71,16475.990234375,0.047072509495301194,mean_spl,0.18948708653104912
state_dept,5,ChildSummaryHistGB,ChildSummaryHistGB,TX__FOODS_3,1708,72,31613.19921875,0.09032007176701921,mean_spl,0.21379525178996608
state_dept,5,ChildSummaryHistGB,ChildSummaryHistGB,TX__HOBBIES_1,1708,73,12885.109375,0.03681323093632498,mean_spl,0.25103864299030354
state_dept,5,ChildSummaryHistGB,ChildSummaryHistGB,TX__HOBBIES_2,1708,74,452.03997802734375,0.0012914948270333852,mean_spl,0.3770558063716726
state_dept,5,ChildSummaryHistGB,ChildSummaryHistGB,TX__HOUSEHOLD_1,1708,75,27286.798828125,0.07795938688124697,mean_spl,0.18316985189673413
state_dept,5,ChildSummaryHistGB,ChildSummaryHistGB,TX__HOUSEHOLD_2,1708,76,6257.78955078125,0.017878734683525455,mean_spl,0.17405650167506204
state_dept,5,ChildSummaryHistGB,ChildSummaryHistGB,WI__FOODS_1,1708,77,14884.810546875,0.042526450661623125,mean_spl,0.24618426998107765
state_dept,5,ChildSummaryHistGB,ChildSummaryHistGB,WI__FOODS_2,1708,78,12166.169921875,0.03475919450195239,mean_spl,0.6200573033250429
state_dept,5,ChildSummaryHistGB,ChildSummaryHistGB,WI__FOODS_3,1708,79,30014.16015625,0.08575155841018035,mean_spl,0.17634701290012736
state_dept,5,ChildSummaryHistGB,ChildSummaryHistGB,WI__HOBBIES_1,1708,80,8377.580078125,0.023935054109974995,mean_spl,0.20924712913591725
state_dept,5,ChildSummaryHistGB,ChildSummaryHistGB,WI__HOBBIES_2,1708,81,605.3200073242188,0.0017294215028736916,mean_spl,0.35444655971161965
state_dept,5,ChildSummaryHistGB,ChildSummaryHistGB,WI__HOUSEHOLD_1,1708,82,21309.03125,0.06088068526276019,mean_spl,0.2537050914551636
state_dept,5,ChildSummaryHistGB,ChildSummaryHistGB,WI__HOUSEHOLD_2,1708,83,3697.199951171875,0.010563036110840904,mean_spl,0.1691399795361872
state_dept,5,BottomUpGlobalHistGB,BottomUpGlobalHistGB,CA__FOODS_1,1624,0,12728.4296875,0.037162952431844254,rmsse,0.8589008099367651
state_dept,5,BottomUpGlobalHistGB,BottomUpGlobalHistGB,CA__FOODS_2,1624,1,13580.01953125,0.03964932299221295,rmsse,0.7731632481629147
state_dept,5,BottomUpGlobalHistGB,BottomUpGlobalHistGB,CA__FOODS_3,1624,2,60267.68359375,0.17596240176991368,rmsse,0.6971917385929577
state_dept,5,BottomUpGlobalHistGB,BottomUpGlobalHistGB,CA__HOBBIES_1,1624,3,17453.048828125,0.050957332468688665,rmsse,0.620486443132166
state_dept,5,BottomUpGlobalHistGB,BottomUpGlobalHistGB,CA__HOBBIES_2,1624,4,456.08001708984375,0.0013316080927775152,rmsse,1.4465434105977215
state_dept,5,BottomUpGlobalHistGB,BottomUpGlobalHistGB,CA__HOUSEHOLD_1,1624,5,33276.421875,0.09715653176424922,rmsse,0.9338497158507472
state_dept,5,BottomUpGlobalHistGB,BottomUpGlobalHistGB,CA__HOUSEHOLD_2,1624,6,14282.94921875,0.04170165334095564,rmsse,0.7027229726190121
state_dept,5,BottomUpGlobalHistGB,BottomUpGlobalHistGB,TX__FOODS_1,1624,7,3279.139892578125,0.009574041954674052,rmsse,1.118946983675431
state_dept,5,BottomUpGlobalHistGB,BottomUpGlobalHistGB,TX__FOODS_2,1624,8,15690.548828125,0.04581139496742331,rmsse,0.8978089600050654
state_dept,5,BottomUpGlobalHistGB,BottomUpGlobalHistGB,TX__FOODS_3,1624,9,32839.859375,0.09588190859239325,rmsse,0.7507146460948321
state_dept,5,BottomUpGlobalHistGB,BottomUpGlobalHistGB,TX__HOBBIES_1,1624,10,13678.4794921875,0.03993679465482935,rmsse,0.544845967266575
state_dept,5,BottomUpGlobalHistGB,BottomUpGlobalHistGB,TX__HOBBIES_2,1624,11,634.6099853515625,0.001852858622580461,rmsse,1.1800033165607564
state_dept,5,BottomUpGlobalHistGB,BottomUpGlobalHistGB,TX__HOUSEHOLD_1,1624,12,29148.998046875,0.08510577144608489,rmsse,0.630919577411621
state_dept,5,BottomUpGlobalHistGB,BottomUpGlobalHistGB,TX__HOUSEHOLD_2,1624,13,6598.01025390625,0.019264084198189795,rmsse,0.8213388820947699
state_dept,5,BottomUpGlobalHistGB,BottomUpGlobalHistGB,WI__FOODS_1,1624,14,12990.44921875,0.037927965840027715,rmsse,1.1356166027939227
state_dept,5,BottomUpGlobalHistGB,BottomUpGlobalHistGB,WI__FOODS_2,1624,15,10640.44140625,0.03106669302833392,rmsse,1.057343300041924
state_dept,5,BottomUpGlobalHistGB,BottomUpGlobalHistGB,WI__FOODS_3,1624,16,30481.71875,0.08899689056377208,rmsse,0.5875814970839347
state_dept,5,BottomUpGlobalHistGB,BottomUpGlobalHistGB,WI__HOBBIES_1,1624,17,8105.97998046875,0.023666874533900904,rmsse,0.6266749252897342
state_dept,5,BottomUpGlobalHistGB,BottomUpGlobalHistGB,WI__HOBBIES_2,1624,18,631.4099731445312,0.0018435156082141238,rmsse,1.314623445412764
state_dept,5,BottomUpGlobalHistGB,BottomUpGlobalHistGB,WI__HOUSEHOLD_1,1624,19,21006.720703125,0.06133292019564156,rmsse,1.364741750049275
state_dept,5,BottomUpGlobalHistGB,BottomUpGlobalHistGB,WI__HOUSEHOLD_2,1624,20,4732.189453125,0.013816482933292667,rmsse,1.4858651814047406
state_dept,5,BottomUpGlobalHistGB,BottomUpGlobalHistGB,CA__FOODS_1,1652,21,13291.1484375,0.037118237768480306,rmsse,0.7868642985191862
state_dept,5,BottomUpGlobalHistGB,BottomUpGlobalHistGB,CA__FOODS_2,1652,22,15006.0791015625,0.04190753076633226,rmsse,0.6576566994076928
state_dept,5,BottomUpGlobalHistGB,BottomUpGlobalHistGB,CA__FOODS_3,1652,23,62016.75,0.17319439948722648,rmsse,0.708852200563295
state_dept,5,BottomUpGlobalHistGB,BottomUpGlobalHistGB,CA__HOBBIES_1,1652,24,19381.9609375,0.054128071617025944,rmsse,0.5560358514209874
state_dept,5,BottomUpGlobalHistGB,BottomUpGlobalHistGB,CA__HOBBIES_2,1652,25,445.9000244140625,0.0012452665926501016,rmsse,1.3322166639433415
state_dept,5,BottomUpGlobalHistGB,BottomUpGlobalHistGB,CA__HOUSEHOLD_1,1652,26,38129.76171875,0.10648512189803469,rmsse,0.9987581923413819
state_dept,5,BottomUpGlobalHistGB,BottomUpGlobalHistGB,CA__HOUSEHOLD_2,1652,27,14547.0703125,0.04062565527977357,rmsse,0.9387023984336825
state_dept,5,BottomUpGlobalHistGB,BottomUpGlobalHistGB,TX__FOODS_1,1652,28,2988.970458984375,0.008347308488897896,rmsse,0.9876565350207895
state_dept,5,BottomUpGlobalHistGB,BottomUpGlobalHistGB,TX__FOODS_2,1652,29,15862.0791015625,0.04429808502725477,rmsse,0.7156838455573291
state_dept,5,BottomUpGlobalHistGB,BottomUpGlobalHistGB,TX__FOODS_3,1652,30,35578.66796875,0.09936067326009629,rmsse,0.7844437328765484
state_dept,5,BottomUpGlobalHistGB,BottomUpGlobalHistGB,TX__HOBBIES_1,1652,31,13649.1904296875,0.03811814292036467,rmsse,0.7695381398079387
state_dept,5,BottomUpGlobalHistGB,BottomUpGlobalHistGB,TX__HOBBIES_2,1652,32,472.33001708984375,0.0013190777277052878,rmsse,0.9792580913557687
state_dept,5,BottomUpGlobalHistGB,BottomUpGlobalHistGB,TX__HOUSEHOLD_1,1652,33,29260.890625,0.08171699388081914,rmsse,0.5407373987763245
state_dept,5,BottomUpGlobalHistGB,BottomUpGlobalHistGB,TX__HOUSEHOLD_2,1652,34,7691.98974609375,0.021481447269271783,rmsse,1.177595940316613
state_dept,5,BottomUpGlobalHistGB,BottomUpGlobalHistGB,WI__FOODS_1,1652,35,14324.080078125,0.04000290965485621,rmsse,1.1949158562693023
state_dept,5,BottomUpGlobalHistGB,BottomUpGlobalHistGB,WI__FOODS_2,1652,36,11056.87109375,0.030878563441162337,rmsse,0.7898228009258418
state_dept,5,BottomUpGlobalHistGB,BottomUpGlobalHistGB,WI__FOODS_3,1652,37,28448.111328125,0.07944714223206431,rmsse,0.5448609381546159
state_dept,5,BottomUpGlobalHistGB,BottomUpGlobalHistGB,WI__HOBBIES_1,1652,38,8026.5400390625,0.022415747068745284,rmsse,0.8346987497985305
state_dept,5,BottomUpGlobalHistGB,BottomUpGlobalHistGB,WI__HOBBIES_2,1652,39,603.0899658203125,0.0016842515041020525,rmsse,1.3382278181326603
state_dept,5,BottomUpGlobalHistGB,BottomUpGlobalHistGB,WI__HOUSEHOLD_1,1652,40,22912.0234375,0.06398648978372894,rmsse,1.1558958933073642
state_dept,5,BottomUpGlobalHistGB,BottomUpGlobalHistGB,WI__HOUSEHOLD_2,1652,41,4382.4501953125,0.012238884331407674,rmsse,1.4015689745793554
state_dept,5,BottomUpGlobalHistGB,BottomUpGlobalHistGB,CA__FOODS_1,1680,42,13978.6708984375,0.039390926281041745,rmsse,0.7207746523316968
state_dept,5,BottomUpGlobalHistGB,BottomUpGlobalHistGB,CA__FOODS_2,1680,43,15410.189453125,0.04342484640601885,rmsse,0.9545024408216377
state_dept,5,BottomUpGlobalHistGB,BottomUpGlobalHistGB,CA__FOODS_3,1680,44,61412.03515625,0.1730548610225158,rmsse,0.6257077706564956
state_dept,5,BottomUpGlobalHistGB,BottomUpGlobalHistGB,CA__HOBBIES_1,1680,45,18877.5703125,0.05319568548022602,rmsse,0.8134054384400179
state_dept,5,BottomUpGlobalHistGB,BottomUpGlobalHistGB,CA__HOBBIES_2,1680,46,554.1199951171875,0.0015614717620222496,rmsse,1.1907483938447523
state_dept,5,BottomUpGlobalHistGB,BottomUpGlobalHistGB,CA__HOUSEHOLD_1,1680,47,38961.68359375,0.10979132546844843,rmsse,0.7961301875654295
state_dept,5,BottomUpGlobalHistGB,BottomUpGlobalHistGB,CA__HOUSEHOLD_2,1680,48,13757.6103515625,0.0387679929729421,rmsse,0.7872467873519441
state_dept,5,BottomUpGlobalHistGB,BottomUpGlobalHistGB,TX__FOODS_1,1680,49,2500.990234375,0.007047617235404179,rmsse,0.9713346619389638
state_dept,5,BottomUpGlobalHistGB,BottomUpGlobalHistGB,TX__FOODS_2,1680,50,16296.439453125,0.045922237514960065,rmsse,0.8172595043876969
state_dept,5,BottomUpGlobalHistGB,BottomUpGlobalHistGB,TX__FOODS_3,1680,51,31716.990234375,0.08937628142589987,rmsse,0.5357967196311688
state_dept,5,BottomUpGlobalHistGB,BottomUpGlobalHistGB,TX__HOBBIES_1,1680,52,14404.560546875,0.040591053808712176,rmsse,0.8024466160274368
state_dept,5,BottomUpGlobalHistGB,BottomUpGlobalHistGB,TX__HOBBIES_2,1680,53,516.1500244140625,0.0014544750147830472,rmsse,1.4255808098884313
state_dept,5,BottomUpGlobalHistGB,BottomUpGlobalHistGB,TX__HOUSEHOLD_1,1680,54,28047.318359375,0.07903540028247909,rmsse,0.46286341281641175
state_dept,5,BottomUpGlobalHistGB,BottomUpGlobalHistGB,TX__HOUSEHOLD_2,1680,55,6962.53955078125,0.019619954154891643,rmsse,1.3247502510068525
state_dept,5,BottomUpGlobalHistGB,BottomUpGlobalHistGB,WI__FOODS_1,1680,56,15072.8798828125,0.04247433140251056,rmsse,0.9675349779883098
state_dept,5,BottomUpGlobalHistGB,BottomUpGlobalHistGB,WI__FOODS_2,1680,57,11785.6494140625,0.03321114364996111,rmsse,0.8584612868422351
state_dept,5,BottomUpGlobalHistGB,BottomUpGlobalHistGB,WI__FOODS_3,1680,58,28713.669921875,0.08091313282703941,rmsse,0.7139602940295506
state_dept,5,BottomUpGlobalHistGB,BottomUpGlobalHistGB,WI__HOBBIES_1,1680,59,8724.830078125,0.024585966786044956,rmsse,0.6222496450189624
state_dept,5,BottomUpGlobalHistGB,BottomUpGlobalHistGB,WI__HOBBIES_2,1680,60,730.1299438476562,0.002057455605232036,rmsse,1.3713921381883782
state_dept,5,BottomUpGlobalHistGB,BottomUpGlobalHistGB,WI__HOUSEHOLD_1,1680,61,21957.0,0.0618733050256953,rmsse,1.0334330942338068
state_dept,5,BottomUpGlobalHistGB,BottomUpGlobalHistGB,WI__HOUSEHOLD_2,1680,62,4489.2998046875,0.012650535873171382,rmsse,1.7690619066610902
state_dept,5,BottomUpGlobalHistGB,BottomUpGlobalHistGB,CA__FOODS_1,1708,63,12728.6005859375,0.03636607957519636,rmsse,0.8058773588855234
state_dept,5,BottomUpGlobalHistGB,BottomUpGlobalHistGB,CA__FOODS_2,1708,64,17123.638671875,0.04892286487850783,rmsse,1.0182037723127235
state_dept,5,BottomUpGlobalHistGB,BottomUpGlobalHistGB,CA__FOODS_3,1708,65,60409.32421875,0.1725916589801686,rmsse,0.5868780734571674
state_dept,5,BottomUpGlobalHistGB,BottomUpGlobalHistGB,CA__HOBBIES_1,1708,66,19551.619140625,0.0558596942917219,rmsse,0.8318874555791312
state_dept,5,BottomUpGlobalHistGB,BottomUpGlobalHistGB,CA__HOBBIES_2,1708,67,532.5399780273438,0.001521486284934701,rmsse,1.5405886959453405
state_dept,5,BottomUpGlobalHistGB,BottomUpGlobalHistGB,CA__HOUSEHOLD_1,1708,68,37422.27734375,0.10691682141958309,rmsse,0.6131578501330461
state_dept,5,BottomUpGlobalHistGB,BottomUpGlobalHistGB,CA__HOUSEHOLD_2,1708,69,12341.98046875,0.035261491694377346,rmsse,0.7407665896349989
state_dept,5,BottomUpGlobalHistGB,BottomUpGlobalHistGB,TX__FOODS_1,1708,70,3877.81982421875,0.011079073724853342,rmsse,0.9590618221539711
state_dept,5,BottomUpGlobalHistGB,BottomUpGlobalHistGB,TX__FOODS_2,1708,71,16475.990234375,0.047072509495301194,rmsse,0.8944342186710788
state_dept,5,BottomUpGlobalHistGB,BottomUpGlobalHistGB,TX__FOODS_3,1708,72,31613.19921875,0.09032007176701921,rmsse,0.5788442735836071
state_dept,5,BottomUpGlobalHistGB,BottomUpGlobalHistGB,TX__HOBBIES_1,1708,73,12885.109375,0.03681323093632498,rmsse,0.8127951233060364
state_dept,5,BottomUpGlobalHistGB,BottomUpGlobalHistGB,TX__HOBBIES_2,1708,74,452.03997802734375,0.0012914948270333852,rmsse,1.4177569720150194
state_dept,5,BottomUpGlobalHistGB,BottomUpGlobalHistGB,TX__HOUSEHOLD_1,1708,75,27286.798828125,0.07795938688124697,rmsse,0.44390519302882875
state_dept,5,BottomUpGlobalHistGB,BottomUpGlobalHistGB,TX__HOUSEHOLD_2,1708,76,6257.78955078125,0.017878734683525455,rmsse,1.1557366196428083
state_dept,5,BottomUpGlobalHistGB,BottomUpGlobalHistGB,WI__FOODS_1,1708,77,14884.810546875,0.042526450661623125,rmsse,0.9227348598736339
state_dept,5,BottomUpGlobalHistGB,BottomUpGlobalHistGB,WI__FOODS_2,1708,78,12166.169921875,0.03475919450195239,rmsse,1.5361375643418684
state_dept,5,BottomUpGlobalHistGB,BottomUpGlobalHistGB,WI__FOODS_3,1708,79,30014.16015625,0.08575155841018035,rmsse,0.4960667057654109
state_dept,5,BottomUpGlobalHistGB,BottomUpGlobalHistGB,WI__HOBBIES_1,1708,80,8377.580078125,0.023935054109974995,rmsse,0.6778410594947885
state_dept,5,BottomUpGlobalHistGB,BottomUpGlobalHistGB,WI__HOBBIES_2,1708,81,605.3200073242188,0.0017294215028736916,rmsse,1.2582079842456935
state_dept,5,BottomUpGlobalHistGB,BottomUpGlobalHistGB,WI__HOUSEHOLD_1,1708,82,21309.03125,0.06088068526276019,rmsse,0.8121011516559967
state_dept,5,BottomUpGlobalHistGB,BottomUpGlobalHistGB,WI__HOUSEHOLD_2,1708,83,3697.199951171875,0.010563036110840904,rmsse,1.3301099297798358
state_dept,5,BottomUpGlobalHistGB,BottomUpGlobalHistGB,CA__FOODS_1,1624,0,12728.4296875,0.037162952431844254,mean_spl,0.2144672141048094
state_dept,5,BottomUpGlobalHistGB,BottomUpGlobalHistGB,CA__FOODS_2,1624,1,13580.01953125,0.03964932299221295,mean_spl,0.19911814269119807
state_dept,5,BottomUpGlobalHistGB,BottomUpGlobalHistGB,CA__FOODS_3,1624,2,60267.68359375,0.17596240176991368,mean_spl,0.2564469625533925
state_dept,5,BottomUpGlobalHistGB,BottomUpGlobalHistGB,CA__HOBBIES_1,1624,3,17453.048828125,0.050957332468688665,mean_spl,0.16074357485765206
state_dept,5,BottomUpGlobalHistGB,BottomUpGlobalHistGB,CA__HOBBIES_2,1624,4,456.08001708984375,0.0013316080927775152,mean_spl,0.5119880881961092
state_dept,5,BottomUpGlobalHistGB,BottomUpGlobalHistGB,CA__HOUSEHOLD_1,1624,5,33276.421875,0.09715653176424922,mean_spl,0.28955078266451145
state_dept,5,BottomUpGlobalHistGB,BottomUpGlobalHistGB,CA__HOUSEHOLD_2,1624,6,14282.94921875,0.04170165334095564,mean_spl,0.1854835964536597
state_dept,5,BottomUpGlobalHistGB,BottomUpGlobalHistGB,TX__FOODS_1,1624,7,3279.139892578125,0.009574041954674052,mean_spl,0.2872483523943402
state_dept,5,BottomUpGlobalHistGB,BottomUpGlobalHistGB,TX__FOODS_2,1624,8,15690.548828125,0.04581139496742331,mean_spl,0.22126670844683607
state_dept,5,BottomUpGlobalHistGB,BottomUpGlobalHistGB,TX__FOODS_3,1624,9,32839.859375,0.09588190859239325,mean_spl,0.22059128426100624
state_dept,5,BottomUpGlobalHistGB,BottomUpGlobalHistGB,TX__HOBBIES_1,1624,10,13678.4794921875,0.03993679465482935,mean_spl,0.15603879211604607
state_dept,5,BottomUpGlobalHistGB,BottomUpGlobalHistGB,TX__HOBBIES_2,1624,11,634.6099853515625,0.001852858622580461,mean_spl,0.6074087248968699
state_dept,5,BottomUpGlobalHistGB,BottomUpGlobalHistGB,TX__HOUSEHOLD_1,1624,12,29148.998046875,0.08510577144608489,mean_spl,0.17948687730359456
state_dept,5,BottomUpGlobalHistGB,BottomUpGlobalHistGB,TX__HOUSEHOLD_2,1624,13,6598.01025390625,0.019264084198189795,mean_spl,0.2540296334736775
state_dept,5,BottomUpGlobalHistGB,BottomUpGlobalHistGB,WI__FOODS_1,1624,14,12990.44921875,0.037927965840027715,mean_spl,0.3256792197252605
state_dept,5,BottomUpGlobalHistGB,BottomUpGlobalHistGB,WI__FOODS_2,1624,15,10640.44140625,0.03106669302833392,mean_spl,0.2674936039929863
state_dept,5,BottomUpGlobalHistGB,BottomUpGlobalHistGB,WI__FOODS_3,1624,16,30481.71875,0.08899689056377208,mean_spl,0.17586963563146937
state_dept,5,BottomUpGlobalHistGB,BottomUpGlobalHistGB,WI__HOBBIES_1,1624,17,8105.97998046875,0.023666874533900904,mean_spl,0.1632603629102256
state_dept,5,BottomUpGlobalHistGB,BottomUpGlobalHistGB,WI__HOBBIES_2,1624,18,631.4099731445312,0.0018435156082141238,mean_spl,0.5870188194056256
state_dept,5,BottomUpGlobalHistGB,BottomUpGlobalHistGB,WI__HOUSEHOLD_1,1624,19,21006.720703125,0.06133292019564156,mean_spl,0.366727749461456
state_dept,5,BottomUpGlobalHistGB,BottomUpGlobalHistGB,WI__HOUSEHOLD_2,1624,20,4732.189453125,0.013816482933292667,mean_spl,0.3440012728087677
state_dept,5,BottomUpGlobalHistGB,BottomUpGlobalHistGB,CA__FOODS_1,1652,21,13291.1484375,0.037118237768480306,mean_spl,0.2142007557023841
state_dept,5,BottomUpGlobalHistGB,BottomUpGlobalHistGB,CA__FOODS_2,1652,22,15006.0791015625,0.04190753076633226,mean_spl,0.17148285956718196
state_dept,5,BottomUpGlobalHistGB,BottomUpGlobalHistGB,CA__FOODS_3,1652,23,62016.75,0.17319439948722648,mean_spl,0.24019337895455817
state_dept,5,BottomUpGlobalHistGB,BottomUpGlobalHistGB,CA__HOBBIES_1,1652,24,19381.9609375,0.054128071617025944,mean_spl,0.1416685640271098
state_dept,5,BottomUpGlobalHistGB,BottomUpGlobalHistGB,CA__HOBBIES_2,1652,25,445.9000244140625,0.0012452665926501016,mean_spl,0.5205811424426773
state_dept,5,BottomUpGlobalHistGB,BottomUpGlobalHistGB,CA__HOUSEHOLD_1,1652,26,38129.76171875,0.10648512189803469,mean_spl,0.272038516415117
state_dept,5,BottomUpGlobalHistGB,BottomUpGlobalHistGB,CA__HOUSEHOLD_2,1652,27,14547.0703125,0.04062565527977357,mean_spl,0.23139661851286528
state_dept,5,BottomUpGlobalHistGB,BottomUpGlobalHistGB,TX__FOODS_1,1652,28,2988.970458984375,0.008347308488897896,mean_spl,0.26240465912233885
state_dept,5,BottomUpGlobalHistGB,BottomUpGlobalHistGB,TX__FOODS_2,1652,29,15862.0791015625,0.04429808502725477,mean_spl,0.18854029323117952
state_dept,5,BottomUpGlobalHistGB,BottomUpGlobalHistGB,TX__FOODS_3,1652,30,35578.66796875,0.09936067326009629,mean_spl,0.24283400079672018
state_dept,5,BottomUpGlobalHistGB,BottomUpGlobalHistGB,TX__HOBBIES_1,1652,31,13649.1904296875,0.03811814292036467,mean_spl,0.21199800837268207
state_dept,5,BottomUpGlobalHistGB,BottomUpGlobalHistGB,TX__HOBBIES_2,1652,32,472.33001708984375,0.0013190777277052878,mean_spl,0.6374830637260471
state_dept,5,BottomUpGlobalHistGB,BottomUpGlobalHistGB,TX__HOUSEHOLD_1,1652,33,29260.890625,0.08171699388081914,mean_spl,0.1425530043089089
state_dept,5,BottomUpGlobalHistGB,BottomUpGlobalHistGB,TX__HOUSEHOLD_2,1652,34,7691.98974609375,0.021481447269271783,mean_spl,0.2746988704903653
state_dept,5,BottomUpGlobalHistGB,BottomUpGlobalHistGB,WI__FOODS_1,1652,35,14324.080078125,0.04000290965485621,mean_spl,0.3542798964384583
state_dept,5,BottomUpGlobalHistGB,BottomUpGlobalHistGB,WI__FOODS_2,1652,36,11056.87109375,0.030878563441162337,mean_spl,0.19713036942671217
state_dept,5,BottomUpGlobalHistGB,BottomUpGlobalHistGB,WI__FOODS_3,1652,37,28448.111328125,0.07944714223206431,mean_spl,0.1535508033521461
state_dept,5,BottomUpGlobalHistGB,BottomUpGlobalHistGB,WI__HOBBIES_1,1652,38,8026.5400390625,0.022415747068745284,mean_spl,0.19767904374583578
state_dept,5,BottomUpGlobalHistGB,BottomUpGlobalHistGB,WI__HOBBIES_2,1652,39,603.0899658203125,0.0016842515041020525,mean_spl,0.5967478646552755
state_dept,5,BottomUpGlobalHistGB,BottomUpGlobalHistGB,WI__HOUSEHOLD_1,1652,40,22912.0234375,0.06398648978372894,mean_spl,0.29909699320460503
state_dept,5,BottomUpGlobalHistGB,BottomUpGlobalHistGB,WI__HOUSEHOLD_2,1652,41,4382.4501953125,0.012238884331407674,mean_spl,0.32800421907371874
state_dept,5,BottomUpGlobalHistGB,BottomUpGlobalHistGB,CA__FOODS_1,1680,42,13978.6708984375,0.039390926281041745,mean_spl,0.18066398014123622
state_dept,5,BottomUpGlobalHistGB,BottomUpGlobalHistGB,CA__FOODS_2,1680,43,15410.189453125,0.04342484640601885,mean_spl,0.2574885156262142
state_dept,5,BottomUpGlobalHistGB,BottomUpGlobalHistGB,CA__FOODS_3,1680,44,61412.03515625,0.1730548610225158,mean_spl,0.21530719163045398
state_dept,5,BottomUpGlobalHistGB,BottomUpGlobalHistGB,CA__HOBBIES_1,1680,45,18877.5703125,0.05319568548022602,mean_spl,0.2154276838623589
state_dept,5,BottomUpGlobalHistGB,BottomUpGlobalHistGB,CA__HOBBIES_2,1680,46,554.1199951171875,0.0015614717620222496,mean_spl,0.5045449122611262
state_dept,5,BottomUpGlobalHistGB,BottomUpGlobalHistGB,CA__HOUSEHOLD_1,1680,47,38961.68359375,0.10979132546844843,mean_spl,0.22621046627004382
state_dept,5,BottomUpGlobalHistGB,BottomUpGlobalHistGB,CA__HOUSEHOLD_2,1680,48,13757.6103515625,0.0387679929729421,mean_spl,0.19121298637219597
state_dept,5,BottomUpGlobalHistGB,BottomUpGlobalHistGB,TX__FOODS_1,1680,49,2500.990234375,0.007047617235404179,mean_spl,0.32129933724628323
state_dept,5,BottomUpGlobalHistGB,BottomUpGlobalHistGB,TX__FOODS_2,1680,50,16296.439453125,0.045922237514960065,mean_spl,0.2210054455292395
state_dept,5,BottomUpGlobalHistGB,BottomUpGlobalHistGB,TX__FOODS_3,1680,51,31716.990234375,0.08937628142589987,mean_spl,0.15104016988786692
state_dept,5,BottomUpGlobalHistGB,BottomUpGlobalHistGB,TX__HOBBIES_1,1680,52,14404.560546875,0.040591053808712176,mean_spl,0.21372667825858535
state_dept,5,BottomUpGlobalHistGB,BottomUpGlobalHistGB,TX__HOBBIES_2,1680,53,516.1500244140625,0.0014544750147830472,mean_spl,0.6352016556376707
state_dept,5,BottomUpGlobalHistGB,BottomUpGlobalHistGB,TX__HOUSEHOLD_1,1680,54,28047.318359375,0.07903540028247909,mean_spl,0.13243301882714997
state_dept,5,BottomUpGlobalHistGB,BottomUpGlobalHistGB,TX__HOUSEHOLD_2,1680,55,6962.53955078125,0.019619954154891643,mean_spl,0.2935209966657928
state_dept,5,BottomUpGlobalHistGB,BottomUpGlobalHistGB,WI__FOODS_1,1680,56,15072.8798828125,0.04247433140251056,mean_spl,0.29091909120073195
state_dept,5,BottomUpGlobalHistGB,BottomUpGlobalHistGB,WI__FOODS_2,1680,57,11785.6494140625,0.03321114364996111,mean_spl,0.21235780301528823
state_dept,5,BottomUpGlobalHistGB,BottomUpGlobalHistGB,WI__FOODS_3,1680,58,28713.669921875,0.08091313282703941,mean_spl,0.2107499271530784
state_dept,5,BottomUpGlobalHistGB,BottomUpGlobalHistGB,WI__HOBBIES_1,1680,59,8724.830078125,0.024585966786044956,mean_spl,0.15444356198496634
state_dept,5,BottomUpGlobalHistGB,BottomUpGlobalHistGB,WI__HOBBIES_2,1680,60,730.1299438476562,0.002057455605232036,mean_spl,0.6004600575656871
state_dept,5,BottomUpGlobalHistGB,BottomUpGlobalHistGB,WI__HOUSEHOLD_1,1680,61,21957.0,0.0618733050256953,mean_spl,0.28544246838915904
state_dept,5,BottomUpGlobalHistGB,BottomUpGlobalHistGB,WI__HOUSEHOLD_2,1680,62,4489.2998046875,0.012650535873171382,mean_spl,0.3837805911229132
state_dept,5,BottomUpGlobalHistGB,BottomUpGlobalHistGB,CA__FOODS_1,1708,63,12728.6005859375,0.03636607957519636,mean_spl,0.21937873898491714
state_dept,5,BottomUpGlobalHistGB,BottomUpGlobalHistGB,CA__FOODS_2,1708,64,17123.638671875,0.04892286487850783,mean_spl,0.2515674773978404
state_dept,5,BottomUpGlobalHistGB,BottomUpGlobalHistGB,CA__FOODS_3,1708,65,60409.32421875,0.1725916589801686,mean_spl,0.19771573173389
state_dept,5,BottomUpGlobalHistGB,BottomUpGlobalHistGB,CA__HOBBIES_1,1708,66,19551.619140625,0.0558596942917219,mean_spl,0.21111766782302133
state_dept,5,BottomUpGlobalHistGB,BottomUpGlobalHistGB,CA__HOBBIES_2,1708,67,532.5399780273438,0.001521486284934701,mean_spl,0.608130739515028
state_dept,5,BottomUpGlobalHistGB,BottomUpGlobalHistGB,CA__HOUSEHOLD_1,1708,68,37422.27734375,0.10691682141958309,mean_spl,0.15889584242563612
state_dept,5,BottomUpGlobalHistGB,BottomUpGlobalHistGB,CA__HOUSEHOLD_2,1708,69,12341.98046875,0.035261491694377346,mean_spl,0.194347497915766
state_dept,5,BottomUpGlobalHistGB,BottomUpGlobalHistGB,TX__FOODS_1,1708,70,3877.81982421875,0.011079073724853342,mean_spl,0.2952506510011347
state_dept,5,BottomUpGlobalHistGB,BottomUpGlobalHistGB,TX__FOODS_2,1708,71,16475.990234375,0.047072509495301194,mean_spl,0.2333207057133657
state_dept,5,BottomUpGlobalHistGB,BottomUpGlobalHistGB,TX__FOODS_3,1708,72,31613.19921875,0.09032007176701921,mean_spl,0.1733539625007554
state_dept,5,BottomUpGlobalHistGB,BottomUpGlobalHistGB,TX__HOBBIES_1,1708,73,12885.109375,0.03681323093632498,mean_spl,0.19336778015149322
state_dept,5,BottomUpGlobalHistGB,BottomUpGlobalHistGB,TX__HOBBIES_2,1708,74,452.03997802734375,0.0012914948270333852,mean_spl,0.6790117044148066
state_dept,5,BottomUpGlobalHistGB,BottomUpGlobalHistGB,TX__HOUSEHOLD_1,1708,75,27286.798828125,0.07795938688124697,mean_spl,0.11981247258473661
state_dept,5,BottomUpGlobalHistGB,BottomUpGlobalHistGB,TX__HOUSEHOLD_2,1708,76,6257.78955078125,0.017878734683525455,mean_spl,0.26763709625742765
state_dept,5,BottomUpGlobalHistGB,BottomUpGlobalHistGB,WI__FOODS_1,1708,77,14884.810546875,0.042526450661623125,mean_spl,0.2582156478058957
state_dept,5,BottomUpGlobalHistGB,BottomUpGlobalHistGB,WI__FOODS_2,1708,78,12166.169921875,0.03475919450195239,mean_spl,0.44067820077351355
state_dept,5,BottomUpGlobalHistGB,BottomUpGlobalHistGB,WI__FOODS_3,1708,79,30014.16015625,0.08575155841018035,mean_spl,0.1353198276469759
state_dept,5,BottomUpGlobalHistGB,BottomUpGlobalHistGB,WI__HOBBIES_1,1708,80,8377.580078125,0.023935054109974995,mean_spl,0.17922923692833165
state_dept,5,BottomUpGlobalHistGB,BottomUpGlobalHistGB,WI__HOBBIES_2,1708,81,605.3200073242188,0.0017294215028736916,mean_spl,0.6284351554752718
state_dept,5,BottomUpGlobalHistGB,BottomUpGlobalHistGB,WI__HOUSEHOLD_1,1708,82,21309.03125,0.06088068526276019,mean_spl,0.21332925421136903
state_dept,5,BottomUpGlobalHistGB,BottomUpGlobalHistGB,WI__HOUSEHOLD_2,1708,83,3697.199951171875,0.010563036110840904,mean_spl,0.3237978461471115
