task,fold,model,base_model,agg_id,origin_time,row_id,revenue_28,weight,metric,metric_value
store_dept,1,Reconcilation,Reconcilation,CA_1__FOODS_1,1400,0,19818.8203125,0.006623553048722076,rmsse,2.725379161319104
store_dept,1,Reconcilation,Reconcilation,CA_1__FOODS_2,1400,1,53460.3359375,0.0178667229179731,rmsse,1.0582836735053796
store_dept,1,Reconcilation,Reconcilation,CA_1__FOODS_3,1400,2,153679.484375,0.05136048469121352,rmsse,0.9446414492751536
store_dept,1,Reconcilation,Reconcilation,CA_1__HOBBIES_1,1400,3,47721.33203125,0.015948717899485945,rmsse,0.8784969718850791
store_dept,1,Reconcilation,Reconcilation,CA_1__HOBBIES_2,1400,4,3275.2802734375,0.0010946157389026597,rmsse,1.6846117028450052
store_dept,1,Reconcilation,Reconcilation,CA_1__HOUSEHOLD_1,1400,5,74205.65625,0.024799917095827895,rmsse,0.9529597923169141
store_dept,1,Reconcilation,Reconcilation,CA_1__HOUSEHOLD_2,1400,6,25258.607421875,0.008441558254106312,rmsse,0.8984037799352014
store_dept,1,Reconcilation,Reconcilation,CA_2__FOODS_1,1400,7,22956.732421875,0.007672259631200341,rmsse,1.1867620163222015
store_dept,1,Reconcilation,Reconcilation,CA_2__FOODS_2,1400,8,10936.28125,0.003654962196182411,rmsse,1.007318495850247
store_dept,1,Reconcilation,Reconcilation,CA_2__FOODS_3,1400,9,74773.078125,0.02498955244398721,rmsse,0.9607473126292029
store_dept,1,Reconcilation,Reconcilation,CA_2__HOBBIES_1,1400,10,28696.05859375,0.009590372352539091,rmsse,0.65971688343237
store_dept,1,Reconcilation,Reconcilation,CA_2__HOBBIES_2,1400,11,2508.9599609375,0.0008385074962260925,rmsse,1.417093217341075
store_dept,1,Reconcilation,Reconcilation,CA_2__HOUSEHOLD_1,1400,12,56772.0546875,0.018973516585668728,rmsse,0.6823549029615157
store_dept,1,Reconcilation,Reconcilation,CA_2__HOUSEHOLD_2,1400,13,30811.3984375,0.010297329953961846,rmsse,0.9458502187716347
store_dept,1,Reconcilation,Reconcilation,CA_3__FOODS_1,1400,14,27654.41015625,0.009242248015413528,rmsse,1.6305979666824644
store_dept,1,Reconcilation,Reconcilation,CA_3__FOODS_2,1400,15,67701.90625,0.02262632994677562,rmsse,1.2387564801410538
store_dept,1,Reconcilation,Reconcilation,CA_3__FOODS_3,1400,16,199730.890625,0.06675110469056554,rmsse,1.1890723741398754
store_dept,1,Reconcilation,Reconcilation,CA_3__HOBBIES_1,1400,17,53574.4296875,0.017904853643906163,rmsse,1.080071003208704
store_dept,1,Reconcilation,Reconcilation,CA_3__HOBBIES_2,1400,18,4072.900146484375,0.0013611844578545558,rmsse,1.528494329270803
store_dept,1,Reconcilation,Reconcilation,CA_3__HOUSEHOLD_1,1400,19,134552.53125,0.04496815726272607,rmsse,1.6654507559174658
store_dept,1,Reconcilation,Reconcilation,CA_3__HOUSEHOLD_2,1400,20,38721.9921875,0.01294109161705979,rmsse,1.1175150356348316
store_dept,1,Reconcilation,Reconcilation,CA_4__FOODS_1,1400,21,13202.66015625,0.004412397839543265,rmsse,1.8241722088754115
store_dept,1,Reconcilation,Reconcilation,CA_4__FOODS_2,1400,22,31996.51171875,0.010693400989640674,rmsse,0.97397598528575
store_dept,1,Reconcilation,Reconcilation,CA_4__FOODS_3,1400,23,76475.296875,0.025558442822595832,rmsse,1.416730241953175
store_dept,1,Reconcilation,Reconcilation,CA_4__HOBBIES_1,1400,24,31157.34765625,0.010412947986035601,rmsse,0.911276882473738
store_dept,1,Reconcilation,Reconcilation,CA_4__HOBBIES_2,1400,25,1066.1600341796875,0.00035631624049603744,rmsse,1.3994580859977224
store_dept,1,Reconcilation,Reconcilation,CA_4__HOUSEHOLD_1,1400,26,37116.359375,0.012404480762191958,rmsse,1.2463174615706838
store_dept,1,Reconcilation,Reconcilation,CA_4__HOUSEHOLD_2,1400,27,14660.748046875,0.004899698412482145,rmsse,3.218993592641637
store_dept,1,Reconcilation,Reconcilation,TX_1__FOODS_1,1400,28,14939.970703125,0.00499301607957409,rmsse,1.141378404129811
store_dept,1,Reconcilation,Reconcilation,TX_1__FOODS_2,1400,29,33204.44921875,0.01109709999819087,rmsse,0.9812857444189359
store_dept,1,Reconcilation,Reconcilation,TX_1__FOODS_3,1400,30,94028.015625,0.031424652917683885,rmsse,0.9472770066633013
store_dept,1,Reconcilation,Reconcilation,TX_1__HOBBIES_1,1400,31,23719.662109375,0.007927234709329186,rmsse,0.865985858554905
store_dept,1,Reconcilation,Reconcilation,TX_1__HOBBIES_2,1400,32,2279.719970703125,0.0007618942966378078,rmsse,1.4851809849418303
store_dept,1,Reconcilation,Reconcilation,TX_1__HOUSEHOLD_1,1400,33,63691.7265625,0.021286106993227208,rmsse,0.9136899637620219
store_dept,1,Reconcilation,Reconcilation,TX_1__HOUSEHOLD_2,1400,34,17564.599609375,0.00587018074021697,rmsse,0.8546306865126295
store_dept,1,Reconcilation,Reconcilation,TX_2__FOODS_1,1400,35,17022.689453125,0.005689071541436895,rmsse,1.2235290716767036
store_dept,1,Reconcilation,Reconcilation,TX_2__FOODS_2,1400,36,39471.84375,0.013191695917647414,rmsse,0.714677861240821
store_dept,1,Reconcilation,Reconcilation,TX_2__FOODS_3,1400,37,115058.7109375,0.03845322090797932,rmsse,0.8522986378857673
store_dept,1,Reconcilation,Reconcilation,TX_2__HOBBIES_1,1400,38,33791.01171875,0.011293132242990557,rmsse,0.7598688389537437
store_dept,1,Reconcilation,Reconcilation,TX_2__HOBBIES_2,1400,39,3275.830078125,0.0010947994864949316,rmsse,1.6235900557949496
store_dept,1,Reconcilation,Reconcilation,TX_2__HOUSEHOLD_1,1400,40,64023.234375,0.021396898632060256,rmsse,0.7980844803770081
store_dept,1,Reconcilation,Reconcilation,TX_2__HOUSEHOLD_2,1400,41,17979.150390625,0.006008725772045466,rmsse,0.8725605107517103
store_dept,1,Reconcilation,Reconcilation,TX_3__FOODS_1,1400,42,20763.931640625,0.006939414180720727,rmsse,1.9824964846630044
store_dept,1,Reconcilation,Reconcilation,TX_3__FOODS_2,1400,43,40729.12890625,0.013611887170127781,rmsse,0.9006073903555563
store_dept,1,Reconcilation,Reconcilation,TX_3__FOODS_3,1400,44,95977.125,0.03207605543001866,rmsse,1.0040625829066523
store_dept,1,Reconcilation,Reconcilation,TX_3__HOBBIES_1,1400,45,36070.08984375,0.012054812031448934,rmsse,1.0033130101137424
store_dept,1,Reconcilation,Reconcilation,TX_3__HOBBIES_2,1400,46,3714.090087890625,0.0012412682660713434,rmsse,1.2645542972659405
store_dept,1,Reconcilation,Reconcilation,TX_3__HOUSEHOLD_1,1400,47,68892.9765625,0.023024391853347623,rmsse,1.177513611814538
store_dept,1,Reconcilation,Reconcilation,TX_3__HOUSEHOLD_2,1400,48,18197.359375,0.006081652351979388,rmsse,1.1292200407998496
store_dept,1,Reconcilation,Reconcilation,WI_1__FOODS_1,1400,49,16214.7607421875,0.0054190575551299,rmsse,1.6668213216379806
store_dept,1,Reconcilation,Reconcilation,WI_1__FOODS_2,1400,50,50452.62890625,0.01686153155126325,rmsse,1.134035883059699
store_dept,1,Reconcilation,Reconcilation,WI_1__FOODS_3,1400,51,99181.515625,0.03314697947892023,rmsse,1.0632890388659313
store_dept,1,Reconcilation,Reconcilation,WI_1__HOBBIES_1,1400,52,37895.12890625,0.012664749598662988,rmsse,0.7201279436208192
store_dept,1,Reconcilation,Reconcilation,WI_1__HOBBIES_2,1400,53,3090.199951171875,0.001032760930519955,rmsse,1.4856105157304427
store_dept,1,Reconcilation,Reconcilation,WI_1__HOUSEHOLD_1,1400,54,50192.62109375,0.016774635585104773,rmsse,0.8353218552840603
store_dept,1,Reconcilation,Reconcilation,WI_1__HOUSEHOLD_2,1400,55,18747.55078125,0.006265529187673257,rmsse,1.1033389668794071
store_dept,1,Reconcilation,Reconcilation,WI_2__FOODS_1,1400,56,19063.060546875,0.006370974195855151,rmsse,1.3994728025817644
store_dept,1,Reconcilation,Reconcilation,WI_2__FOODS_2,1400,57,76793.0703125,0.025664644361717132,rmsse,1.9193038043373427
store_dept,1,Reconcilation,Reconcilation,WI_2__FOODS_3,1400,58,124097.1796875,0.04147392427482315,rmsse,1.0764207973249456
store_dept,1,Reconcilation,Reconcilation,WI_2__HOBBIES_1,1400,59,23191.48046875,0.00775071365202719,rmsse,0.8100614460943503
store_dept,1,Reconcilation,Reconcilation,WI_2__HOBBIES_2,1400,60,2017.3800048828125,0.000674218912683959,rmsse,1.6031048027787589
store_dept,1,Reconcilation,Reconcilation,WI_2__HOUSEHOLD_1,1400,61,64116.75,0.021428152041360365,rmsse,1.2734395066167328
store_dept,1,Reconcilation,Reconcilation,WI_2__HOUSEHOLD_2,1400,62,15244.6494140625,0.005094841292825455,rmsse,1.4777305742012676
store_dept,1,Reconcilation,Reconcilation,WI_3__FOODS_1,1400,63,12459.150390625,0.004163913000526179,rmsse,1.317999079903284
store_dept,1,Reconcilation,Reconcilation,WI_3__FOODS_2,1400,64,37682.55078125,0.012593704881281535,rmsse,0.6884721410496392
store_dept,1,Reconcilation,Reconcilation,WI_3__FOODS_3,1400,65,97510.921875,0.03258865834014844,rmsse,0.8005121133235684
store_dept,1,Reconcilation,Reconcilation,WI_3__HOBBIES_1,1400,66,20148.3828125,0.006733694553978204,rmsse,0.7008185042890757
store_dept,1,Reconcilation,Reconcilation,WI_3__HOBBIES_2,1400,67,1788.56005859375,0.0005977460939715641,rmsse,1.1610321532194587
store_dept,1,Reconcilation,Reconcilation,WI_3__HOUSEHOLD_1,1400,68,47842.12890625,0.015989088844732255,rmsse,0.766111678730163
store_dept,1,Reconcilation,Reconcilation,WI_3__HOUSEHOLD_2,1400,69,13490.349609375,0.004508545154281743,rmsse,0.8176256876947574
store_dept,1,Reconcilation,Reconcilation,CA_1__FOODS_1,1428,70,27859.837890625,0.009714212084927839,rmsse,1.5807936620929068
store_dept,1,Reconcilation,Reconcilation,CA_1__FOODS_2,1428,71,46426.109375,0.016187928821314805,rmsse,0.7860115931306705
store_dept,1,Reconcilation,Reconcilation,CA_1__FOODS_3,1428,72,138790.09375,0.04839354813432735,rmsse,0.6042802125072835
store_dept,1,Reconcilation,Reconcilation,CA_1__HOBBIES_1,1428,73,48845.765625,0.01703161836744209,rmsse,0.7221141642256156
store_dept,1,Reconcilation,Reconcilation,CA_1__HOBBIES_2,1428,74,3651.579833984375,0.0012732385985744167,rmsse,1.713922935466722
store_dept,1,Reconcilation,Reconcilation,CA_1__HOUSEHOLD_1,1428,75,70847.8671875,0.024703345738266803,rmsse,0.9787629824765518
store_dept,1,Reconcilation,Reconcilation,CA_1__HOUSEHOLD_2,1428,76,24408.26953125,0.008510713801835604,rmsse,0.7788556673443101
store_dept,1,Reconcilation,Reconcilation,CA_2__FOODS_1,1428,77,29144.83984375,0.010162268586591952,rmsse,0.9897483466877339
store_dept,1,Reconcilation,Reconcilation,CA_2__FOODS_2,1428,78,10302.7294921875,0.0035923719202410995,rmsse,0.9288658303732367
store_dept,1,Reconcilation,Reconcilation,CA_2__FOODS_3,1428,79,70725.84375,0.02466079841419907,rmsse,0.666228077154068
store_dept,1,Reconcilation,Reconcilation,CA_2__HOBBIES_1,1428,80,29304.701171875,0.010218009285862391,rmsse,0.5082292250183015
store_dept,1,Reconcilation,Reconcilation,CA_2__HOBBIES_2,1428,81,3105.35009765625,0.0010827783551725274,rmsse,1.7345016657186232
store_dept,1,Reconcilation,Reconcilation,CA_2__HOUSEHOLD_1,1428,82,57039.421875,0.019888595313107618,rmsse,0.545845257646365
store_dept,1,Reconcilation,Reconcilation,CA_2__HOUSEHOLD_2,1428,83,28497.802734375,0.009936658669837825,rmsse,0.6321595545435827
store_dept,1,Reconcilation,Reconcilation,CA_3__FOODS_1,1428,84,34423.71875,0.012002916384590105,rmsse,1.2935270999815511
store_dept,1,Reconcilation,Reconcilation,CA_3__FOODS_2,1428,85,59052.58984375,0.020590549886131234,rmsse,0.8750761963604009
store_dept,1,Reconcilation,Reconcilation,CA_3__FOODS_3,1428,86,170961.5,0.05961112465468599,rmsse,0.6641282880589875
store_dept,1,Reconcilation,Reconcilation,CA_3__HOBBIES_1,1428,87,51226.80859375,0.017861844173944257,rmsse,1.1267866155288353
store_dept,1,Reconcilation,Reconcilation,CA_3__HOBBIES_2,1428,88,3638.22998046875,0.0012685837506581214,rmsse,1.2526101327683463
store_dept,1,Reconcilation,Reconcilation,CA_3__HOUSEHOLD_1,1428,89,119129.4453125,0.04153824232103155,rmsse,1.1360655448540216
store_dept,1,Reconcilation,Reconcilation,CA_3__HOUSEHOLD_2,1428,90,33360.3984375,0.01163215618597055,rmsse,0.6617215714243497
store_dept,1,Reconcilation,Reconcilation,CA_4__FOODS_1,1428,91,15342.5107421875,0.005349650771480117,rmsse,1.444525195559426
store_dept,1,Reconcilation,Reconcilation,CA_4__FOODS_2,1428,92,28973.259765625,0.010102441775143937,rmsse,0.964174224681559
store_dept,1,Reconcilation,Reconcilation,CA_4__FOODS_3,1428,93,67092.7578125,0.02339400829653223,rmsse,1.4051051979758156
store_dept,1,Reconcilation,Reconcilation,CA_4__HOBBIES_1,1428,94,31568.908203125,0.011007496553954098,rmsse,0.8408166125580926
store_dept,1,Reconcilation,Reconcilation,CA_4__HOBBIES_2,1428,95,1439.85009765625,0.0005020491961959184,rmsse,2.013290591989305
store_dept,1,Reconcilation,Reconcilation,CA_4__HOUSEHOLD_1,1428,96,34768.83984375,0.012123253750257188,rmsse,0.9729778124384426
store_dept,1,Reconcilation,Reconcilation,CA_4__HOUSEHOLD_2,1428,97,14814.2099609375,0.005165442024327911,rmsse,1.5753484209463906
store_dept,1,Reconcilation,Reconcilation,TX_1__FOODS_1,1428,98,18047.76171875,0.006292921935959126,rmsse,1.1139330417559659
store_dept,1,Reconcilation,Reconcilation,TX_1__FOODS_2,1428,99,32682.578125,0.011395812733544619,rmsse,0.650659674838326
store_dept,1,Reconcilation,Reconcilation,TX_1__FOODS_3,1428,100,92953.4609375,0.0324111589277691,rmsse,0.5686331472586419
store_dept,1,Reconcilation,Reconcilation,TX_1__HOBBIES_1,1428,101,22491.306640625,0.007842304166733819,rmsse,0.6742287953764451
store_dept,1,Reconcilation,Reconcilation,TX_1__HOBBIES_2,1428,102,2371.150390625,0.0008267764468055922,rmsse,1.2346194578245289
store_dept,1,Reconcilation,Reconcilation,TX_1__HOUSEHOLD_1,1428,103,61526.15625,0.021453036910312775,rmsse,0.9558968905337503
store_dept,1,Reconcilation,Reconcilation,TX_1__HOUSEHOLD_2,1428,104,17058.6796875,0.005948047257984531,rmsse,0.9417264319486711
store_dept,1,Reconcilation,Reconcilation,TX_2__FOODS_1,1428,105,21424.408203125,0.007470296341862709,rmsse,0.7967884845949843
store_dept,1,Reconcilation,Reconcilation,TX_2__FOODS_2,1428,106,37315.4609375,0.013011213597753753,rmsse,0.64406327301718
store_dept,1,Reconcilation,Reconcilation,TX_2__FOODS_3,1428,107,110372.75,0.03848494402968208,rmsse,0.5760805944004105
store_dept,1,Reconcilation,Reconcilation,TX_2__HOBBIES_1,1428,108,34238.109375,0.011938197815846832,rmsse,0.7116782778208105
store_dept,1,Reconcilation,Reconcilation,TX_2__HOBBIES_2,1428,109,3730.019775390625,0.001300589160689713,rmsse,1.1820334361725566
store_dept,1,Reconcilation,Reconcilation,TX_2__HOUSEHOLD_1,1428,110,59204.59765625,0.020643552209224,rmsse,0.7267568203177729
store_dept,1,Reconcilation,Reconcilation,TX_2__HOUSEHOLD_2,1428,111,17079.439453125,0.0059552858057071115,rmsse,0.6954548948073185
store_dept,1,Reconcilation,Reconcilation,TX_3__FOODS_1,1428,112,25828.779296875,0.009006019380646452,rmsse,1.7937382440950642
store_dept,1,Reconcilation,Reconcilation,TX_3__FOODS_2,1428,113,37944.69140625,0.01323061466705405,rmsse,0.7818020201577224
store_dept,1,Reconcilation,Reconcilation,TX_3__FOODS_3,1428,114,92427.875,0.032227896796604705,rmsse,0.6833427969214466
store_dept,1,Reconcilation,Reconcilation,TX_3__HOBBIES_1,1428,115,33867.109375,0.011808836952454263,rmsse,0.8751979698732423
store_dept,1,Reconcilation,Reconcilation,TX_3__HOBBIES_2,1428,116,3999.89013671875,0.0013946879826451592,rmsse,1.6115239675424817
store_dept,1,Reconcilation,Reconcilation,TX_3__HOUSEHOLD_1,1428,117,65179.19140625,0.022726782952943246,rmsse,0.9529382949966173
store_dept,1,Reconcilation,Reconcilation,TX_3__HOUSEHOLD_2,1428,118,17100.529296875,0.00596263944558936,rmsse,1.077301262582881
store_dept,1,Reconcilation,Reconcilation,WI_1__FOODS_1,1428,119,22721.111328125,0.007922432826536135,rmsse,1.0868173686869687
store_dept,1,Reconcilation,Reconcilation,WI_1__FOODS_2,1428,120,46396.02734375,0.01617743977135496,rmsse,1.0884439311308365
store_dept,1,Reconcilation,Reconcilation,WI_1__FOODS_3,1428,121,101961.078125,0.035551949053064885,rmsse,1.0028786612159986
store_dept,1,Reconcilation,Reconcilation,WI_1__HOBBIES_1,1428,122,40415.4375,0.014092118300238186,rmsse,0.7383488182181129
store_dept,1,Reconcilation,Reconcilation,WI_1__HOBBIES_2,1428,123,3593.39013671875,0.0012529489234293133,rmsse,2.210764021854622
store_dept,1,Reconcilation,Reconcilation,WI_1__HOUSEHOLD_1,1428,124,46534.453125,0.016225706290433912,rmsse,1.0798102490274526
store_dept,1,Reconcilation,Reconcilation,WI_1__HOUSEHOLD_2,1428,125,18555.650390625,0.006470013356716686,rmsse,1.0147887819479229
store_dept,1,Reconcilation,Reconcilation,WI_2__FOODS_1,1428,126,20422.4296875,0.007120924897436688,rmsse,1.158873333793189
store_dept,1,Reconcilation,Reconcilation,WI_2__FOODS_2,1428,127,75322.9609375,0.026263728464042232,rmsse,1.5746893544058596
store_dept,1,Reconcilation,Reconcilation,WI_2__FOODS_3,1428,128,113408.4453125,0.0395434350448351,rmsse,1.357226892513698
store_dept,1,Reconcilation,Reconcilation,WI_2__HOBBIES_1,1428,129,21610.419921875,0.007535155200457414,rmsse,0.795042077871016
store_dept,1,Reconcilation,Reconcilation,WI_2__HOBBIES_2,1428,130,2510.059814453125,0.0008752116031392051,rmsse,2.036278708664182
store_dept,1,Reconcilation,Reconcilation,WI_2__HOUSEHOLD_1,1428,131,59578.83984375,0.020774043563652363,rmsse,1.332710355632443
store_dept,1,Reconcilation,Reconcilation,WI_2__HOUSEHOLD_2,1428,132,13769.2890625,0.004801097362336502,rmsse,1.1063754394116092
store_dept,1,Reconcilation,Reconcilation,WI_3__FOODS_1,1428,133,17087.5703125,0.005958120886539654,rmsse,0.9922463643011369
store_dept,1,Reconcilation,Reconcilation,WI_3__FOODS_2,1428,134,34495.52734375,0.012027954717976914,rmsse,0.6531532349666451
store_dept,1,Reconcilation,Reconcilation,WI_3__FOODS_3,1428,135,88184.09375,0.030748168477065106,rmsse,0.7735856813086343
store_dept,1,Reconcilation,Reconcilation,WI_3__HOBBIES_1,1428,136,20250.759765625,0.007061066759128643,rmsse,0.7444696270434998
store_dept,1,Reconcilation,Reconcilation,WI_3__HOBBIES_2,1428,137,1886.5,0.0006577877864961709,rmsse,1.3344318720558817
store_dept,1,Reconcilation,Reconcilation,WI_3__HOUSEHOLD_1,1428,138,44726.62890625,0.01559535129906061,rmsse,1.097695927004174
store_dept,1,Reconcilation,Reconcilation,WI_3__HOUSEHOLD_2,1428,139,12928.369140625,0.004507884081641729,rmsse,0.8856197580434965
store_dept,1,Reconcilation,Reconcilation,CA_1__FOODS_1,1456,140,21879.62109375,0.007471051347469123,rmsse,1.1877034522218421
store_dept,1,Reconcilation,Reconcilation,CA_1__FOODS_2,1456,141,48245.98046875,0.016474151716182467,rmsse,0.5954793929030455
store_dept,1,Reconcilation,Reconcilation,CA_1__FOODS_3,1456,142,146529.046875,0.05003404896310329,rmsse,0.5268978265884626
store_dept,1,Reconcilation,Reconcilation,CA_1__HOBBIES_1,1456,143,51945.5,0.017737395730350013,rmsse,0.4554646155923105
store_dept,1,Reconcilation,Reconcilation,CA_1__HOBBIES_2,1456,144,2217.699951171875,0.0007572594670397522,rmsse,0.9823286941501583
store_dept,1,Reconcilation,Reconcilation,CA_1__HOUSEHOLD_1,1456,145,70931.015625,0.024220221072013267,rmsse,0.7707546103595636
store_dept,1,Reconcilation,Reconcilation,CA_1__HOUSEHOLD_2,1456,146,23080.001953125,0.007880935366871613,rmsse,0.7985798214102436
store_dept,1,Reconcilation,Reconcilation,CA_2__FOODS_1,1456,147,23453.400390625,0.00800843661050257,rmsse,0.5866945452053948
store_dept,1,Reconcilation,Reconcilation,CA_2__FOODS_2,1456,148,10792.9619140625,0.0036853824984324434,rmsse,1.01543581142235
store_dept,1,Reconcilation,Reconcilation,CA_2__FOODS_3,1456,149,71974.0703125,0.024576384238420058,rmsse,0.8097035783465139
store_dept,1,Reconcilation,Reconcilation,CA_2__HOBBIES_1,1456,150,29758.419921875,0.01016135893319399,rmsse,0.5912699330055804
store_dept,1,Reconcilation,Reconcilation,CA_2__HOBBIES_2,1456,151,2051.800048828125,0.0007006110139591674,rmsse,1.0891086217005645
store_dept,1,Reconcilation,Reconcilation,CA_2__HOUSEHOLD_1,1456,152,57448.66796875,0.019616516501779785,rmsse,0.5818589423624848
store_dept,1,Reconcilation,Reconcilation,CA_2__HOUSEHOLD_2,1456,153,29389.671875,0.01003544561958231,rmsse,0.5569355609748594
store_dept,1,Reconcilation,Reconcilation,CA_3__FOODS_1,1456,154,35579.27734375,0.012148958466969617,rmsse,1.4272251468168722
store_dept,1,Reconcilation,Reconcilation,CA_3__FOODS_2,1456,155,59263.65234375,0.020236264046875646,rmsse,0.8529201521704002
store_dept,1,Reconcilation,Reconcilation,CA_3__FOODS_3,1456,156,181191.796875,0.06187004849823511,rmsse,0.5860443309640194
store_dept,1,Reconcilation,Reconcilation,CA_3__HOBBIES_1,1456,157,54451.453125,0.01859308259946923,rmsse,1.079909342885885
store_dept,1,Reconcilation,Reconcilation,CA_3__HOBBIES_2,1456,158,2832.789794921875,0.0009672890551332908,rmsse,1.0740853482746335
store_dept,1,Reconcilation,Reconcilation,CA_3__HOUSEHOLD_1,1456,159,119267.5859375,0.040725305745001314,rmsse,1.1030176757564838
store_dept,1,Reconcilation,Reconcilation,CA_3__HOUSEHOLD_2,1456,160,36710.9609375,0.012535385005243161,rmsse,0.47639000565205697
store_dept,1,Reconcilation,Reconcilation,CA_4__FOODS_1,1456,161,13020.3994140625,0.004445966964885197,rmsse,0.8659065754763599
store_dept,1,Reconcilation,Reconcilation,CA_4__FOODS_2,1456,162,28312.2421875,0.009667544709227902,rmsse,0.8350198212441271
store_dept,1,Reconcilation,Reconcilation,CA_4__FOODS_3,1456,163,73589.0625,0.025127842122762516,rmsse,0.6988454148331825
store_dept,1,Reconcilation,Reconcilation,CA_4__HOBBIES_1,1456,164,33028.0078125,0.011277797783357642,rmsse,0.9224287815204621
store_dept,1,Reconcilation,Reconcilation,CA_4__HOBBIES_2,1456,165,778.8499755859375,0.00026594739162278194,rmsse,1.5150986861580487
store_dept,1,Reconcilation,Reconcilation,CA_4__HOUSEHOLD_1,1456,166,37175.58984375,0.012694037954544178,rmsse,0.8302476815112622
store_dept,1,Reconcilation,Reconcilation,CA_4__HOUSEHOLD_2,1456,167,13869.16015625,0.004735786201673086,rmsse,0.8571059083347383
store_dept,1,Reconcilation,Reconcilation,TX_1__FOODS_1,1456,168,18349.9609375,0.006265807794417265,rmsse,1.2853787439099271
store_dept,1,Reconcilation,Reconcilation,TX_1__FOODS_2,1456,169,31925.30078125,0.01090126562969812,rmsse,0.6488851464454088
store_dept,1,Reconcilation,Reconcilation,TX_1__FOODS_3,1456,170,90407.984375,0.03087085880476029,rmsse,0.38435864635699435
store_dept,1,Reconcilation,Reconcilation,TX_1__HOBBIES_1,1456,171,26007.69921875,0.008880631682799928,rmsse,0.8164055011596897
store_dept,1,Reconcilation,Reconcilation,TX_1__HOBBIES_2,1456,172,1775.4000244140625,0.0006062310077428325,rmsse,1.362509419438356
store_dept,1,Reconcilation,Reconcilation,TX_1__HOUSEHOLD_1,1456,173,62122.140625,0.02121232814935034,rmsse,0.8254444996786777
store_dept,1,Reconcilation,Reconcilation,TX_1__HOUSEHOLD_2,1456,174,18294.859375,0.006246992724403056,rmsse,0.6889097411928152
store_dept,1,Reconcilation,Reconcilation,TX_2__FOODS_1,1456,175,18275.400390625,0.006240348227644528,rmsse,0.9552349541924007
store_dept,1,Reconcilation,Reconcilation,TX_2__FOODS_2,1456,176,36224.53125,0.012369287925377186,rmsse,0.5373634637204353
store_dept,1,Reconcilation,Reconcilation,TX_2__FOODS_3,1456,177,114676.53125,0.0391576366723797,rmsse,0.536277988460574
store_dept,1,Reconcilation,Reconcilation,TX_2__HOBBIES_1,1456,178,40179.4921875,0.01371975538158636,rmsse,0.796013140281772
store_dept,1,Reconcilation,Reconcilation,TX_2__HOBBIES_2,1456,179,2685.189697265625,0.0009168892834116361,rmsse,1.0536741626489987
store_dept,1,Reconcilation,Reconcilation,TX_2__HOUSEHOLD_1,1456,180,62685.76171875,0.021404783133551406,rmsse,0.7167223257648483
store_dept,1,Reconcilation,Reconcilation,TX_2__HOUSEHOLD_2,1456,181,16669.408203125,0.005691963498081082,rmsse,0.7639496536280467
store_dept,1,Reconcilation,Reconcilation,TX_3__FOODS_1,1456,182,22469.458984375,0.0076724583621820535,rmsse,1.2504648197926258
store_dept,1,Reconcilation,Reconcilation,TX_3__FOODS_2,1456,183,37542.296875,0.012819254339608968,rmsse,0.5069850449559972
store_dept,1,Reconcilation,Reconcilation,TX_3__FOODS_3,1456,184,96788.0546875,0.033049408090459156,rmsse,0.5715872415929278
store_dept,1,Reconcilation,Reconcilation,TX_3__HOBBIES_1,1456,185,46547.74609375,0.01589426981780323,rmsse,0.8031405787307332
store_dept,1,Reconcilation,Reconcilation,TX_3__HOBBIES_2,1456,186,2854.460205078125,0.0009746886689704933,rmsse,1.6065117405193807
store_dept,1,Reconcilation,Reconcilation,TX_3__HOUSEHOLD_1,1456,187,62425.06640625,0.02131576568405415,rmsse,1.0955099247297442
store_dept,1,Reconcilation,Reconcilation,TX_3__HOUSEHOLD_2,1456,188,16108.80078125,0.005500537567227242,rmsse,0.6870419355625232
store_dept,1,Reconcilation,Reconcilation,WI_1__FOODS_1,1456,189,20747.349609375,0.007084424067097384,rmsse,0.741207861180222
store_dept,1,Reconcilation,Reconcilation,WI_1__FOODS_2,1456,190,47801.78515625,0.016322476055357586,rmsse,1.4667074594204195
store_dept,1,Reconcilation,Reconcilation,WI_1__FOODS_3,1456,191,102901.03125,0.035136755105685064,rmsse,1.1308463713538115
store_dept,1,Reconcilation,Reconcilation,WI_1__HOBBIES_1,1456,192,37304.5703125,0.01273807983720398,rmsse,0.7951708804328795
store_dept,1,Reconcilation,Reconcilation,WI_1__HOBBIES_2,1456,193,2041.5599365234375,0.0006971144083961934,rmsse,1.0391583740834847
store_dept,1,Reconcilation,Reconcilation,WI_1__HOUSEHOLD_1,1456,194,51658.38671875,0.01763935755786211,rmsse,1.162041609417583
store_dept,1,Reconcilation,Reconcilation,WI_1__HOUSEHOLD_2,1456,195,18245.94921875,0.006230291782133956,rmsse,1.06912481635138
store_dept,1,Reconcilation,Reconcilation,WI_2__FOODS_1,1456,196,18887.75,0.006449442130808607,rmsse,1.0834853752992955
store_dept,1,Reconcilation,Reconcilation,WI_2__FOODS_2,1456,197,74686.9921875,0.025502742996780226,rmsse,1.1092056693069088
store_dept,1,Reconcilation,Reconcilation,WI_2__FOODS_3,1456,198,120416.1953125,0.04111751178833452,rmsse,0.7450414744899834
store_dept,1,Reconcilation,Reconcilation,WI_2__HOBBIES_1,1456,199,21572.70703125,0.007366251967700484,rmsse,1.0034657298414709
store_dept,1,Reconcilation,Reconcilation,WI_2__HOBBIES_2,1456,200,1300.2000732421875,0.0004439684520839486,rmsse,1.3503767321516609
store_dept,1,Reconcilation,Reconcilation,WI_2__HOUSEHOLD_1,1456,201,60378.19921875,0.020616839053024395,rmsse,1.9011442892847479
store_dept,1,Reconcilation,Reconcilation,WI_2__HOUSEHOLD_2,1456,202,12629.1689453125,0.004312376766581415,rmsse,1.2018822375078875
store_dept,1,Reconcilation,Reconcilation,WI_3__FOODS_1,1456,203,14139.2412109375,0.00482800852211013,rmsse,1.093756384952639
store_dept,1,Reconcilation,Reconcilation,WI_3__FOODS_2,1456,204,36832.01953125,0.012576721871456855,rmsse,0.673630526032874
store_dept,1,Reconcilation,Reconcilation,WI_3__FOODS_3,1456,205,100809.296875,0.034422508051134594,rmsse,0.7280792319907675
store_dept,1,Reconcilation,Reconcilation,WI_3__HOBBIES_1,1456,206,20105.41015625,0.006865226367296581,rmsse,0.843207573290117
store_dept,1,Reconcilation,Reconcilation,WI_3__HOBBIES_2,1456,207,1313.5599365234375,0.00044853033293836144,rmsse,1.1641432953921762
store_dept,1,Reconcilation,Reconcilation,WI_3__HOUSEHOLD_1,1456,208,47988.796875,0.016386333383936223,rmsse,1.2374490498711441
store_dept,1,Reconcilation,Reconcilation,WI_3__HOUSEHOLD_2,1456,209,13042.23046875,0.004453421432667836,rmsse,0.960229305269218
store_dept,1,Reconcilation,Reconcilation,CA_1__FOODS_1,1484,210,25425.462890625,0.00811891403070649,rmsse,1.49240258134971
store_dept,1,Reconcilation,Reconcilation,CA_1__FOODS_2,1484,211,45271.0703125,0.01445605649448301,rmsse,0.519408974520265
store_dept,1,Reconcilation,Reconcilation,CA_1__FOODS_3,1484,212,142905.046875,0.04563274993746577,rmsse,0.48113953732976233
store_dept,1,Reconcilation,Reconcilation,CA_1__HOBBIES_1,1484,213,54991.4765625,0.017559997729566346,rmsse,0.6450323986144445
store_dept,1,Reconcilation,Reconcilation,CA_1__HOBBIES_2,1484,214,2440.760009765625,0.0007793887873003175,rmsse,1.157837242129052
store_dept,1,Reconcilation,Reconcilation,CA_1__HOUSEHOLD_1,1484,215,73140.640625,0.023355428215394686,rmsse,0.672403849647577
store_dept,1,Reconcilation,Reconcilation,CA_1__HOUSEHOLD_2,1484,216,24519.7109375,0.007829687349870804,rmsse,0.747278357548893
store_dept,1,Reconcilation,Reconcilation,CA_2__FOODS_1,1484,217,25114.4296875,0.008019594232764944,rmsse,0.4936341090584331
store_dept,1,Reconcilation,Reconcilation,CA_2__FOODS_2,1484,218,8125.8505859375,0.0025947642572878562,rmsse,0.770959478446896
store_dept,1,Reconcilation,Reconcilation,CA_2__FOODS_3,1484,219,63869.69140625,0.020395008575686546,rmsse,0.6100864500251374
store_dept,1,Reconcilation,Reconcilation,CA_2__HOBBIES_1,1484,220,29979.201171875,0.00957302362874406,rmsse,0.5662793633112887
store_dept,1,Reconcilation,Reconcilation,CA_2__HOBBIES_2,1484,221,2147.969970703125,0.0006858944361287547,rmsse,0.8104655516780884
store_dept,1,Reconcilation,Reconcilation,CA_2__HOUSEHOLD_1,1484,222,52890.49609375,0.016889108083255746,rmsse,0.6117964048462926
store_dept,1,Reconcilation,Reconcilation,CA_2__HOUSEHOLD_2,1484,223,32881.6484375,0.01049983939330414,rmsse,0.7483810273002409
store_dept,1,Reconcilation,Reconcilation,CA_3__FOODS_1,1484,224,41996.6171875,0.01341045101096374,rmsse,1.0185639904070913
store_dept,1,Reconcilation,Reconcilation,CA_3__FOODS_2,1484,225,62719.91796875,0.020027860424480442,rmsse,0.6340442887201126
store_dept,1,Reconcilation,Reconcilation,CA_3__FOODS_3,1484,226,192695.953125,0.06153209025994905,rmsse,0.6506559394089468
store_dept,1,Reconcilation,Reconcilation,CA_3__HOBBIES_1,1484,227,58822.0546875,0.018783186255909644,rmsse,0.8794881020391413
store_dept,1,Reconcilation,Reconcilation,CA_3__HOBBIES_2,1484,228,3064.719970703125,0.0009786330371787516,rmsse,1.1216799439379075
store_dept,1,Reconcilation,Reconcilation,CA_3__HOUSEHOLD_1,1484,229,132767.21875,0.042395516642676774,rmsse,0.837720788373763
store_dept,1,Reconcilation,Reconcilation,CA_3__HOUSEHOLD_2,1484,230,39478.140625,0.012606245605255036,rmsse,0.7608324762351121
store_dept,1,Reconcilation,Reconcilation,CA_4__FOODS_1,1484,231,14508.3095703125,0.004632824921967346,rmsse,0.8352087032590549
store_dept,1,Reconcilation,Reconcilation,CA_4__FOODS_2,1484,232,29282.83984375,0.009350660017049891,rmsse,0.6435871735815659
store_dept,1,Reconcilation,Reconcilation,CA_4__FOODS_3,1484,233,76068.6484375,0.024290406029296743,rmsse,0.6178778272434415
store_dept,1,Reconcilation,Reconcilation,CA_4__HOBBIES_1,1484,234,35417.0,0.011309433360662932,rmsse,0.7119181215301704
store_dept,1,Reconcilation,Reconcilation,CA_4__HOBBIES_2,1484,235,913.050048828125,0.00029155712460602863,rmsse,1.2688233933262607
store_dept,1,Reconcilation,Reconcilation,CA_4__HOUSEHOLD_1,1484,236,36897.73828125,0.011782265924583632,rmsse,0.7439754549962418
store_dept,1,Reconcilation,Reconcilation,CA_4__HOUSEHOLD_2,1484,237,14505.2197265625,0.004631838266350397,rmsse,0.9283610231948751
store_dept,1,Reconcilation,Reconcilation,TX_1__FOODS_1,1484,238,18932.80859375,0.006045665559511029,rmsse,1.1626409007477088
store_dept,1,Reconcilation,Reconcilation,TX_1__FOODS_2,1484,239,31195.08984375,0.009961283840183632,rmsse,0.6490840373963782
store_dept,1,Reconcilation,Reconcilation,TX_1__FOODS_3,1484,240,94379.71875,0.03013753677051232,rmsse,0.5493367304621637
store_dept,1,Reconcilation,Reconcilation,TX_1__HOBBIES_1,1484,241,29874.412109375,0.009539562157719691,rmsse,0.6966286801976301
store_dept,1,Reconcilation,Reconcilation,TX_1__HOBBIES_2,1484,242,2062.719970703125,0.0006586722209779368,rmsse,1.2700955040194124
store_dept,1,Reconcilation,Reconcilation,TX_1__HOUSEHOLD_1,1484,243,71004.6875,0.022673371024534723,rmsse,0.7458531768866289
store_dept,1,Reconcilation,Reconcilation,TX_1__HOUSEHOLD_2,1484,244,18755.509765625,0.005989050112646435,rmsse,0.6197835583233727
store_dept,1,Reconcilation,Reconcilation,TX_2__FOODS_1,1484,245,20960.138671875,0.0066930370031291295,rmsse,0.7997573032149948
store_dept,1,Reconcilation,Reconcilation,TX_2__FOODS_2,1484,246,36735.44140625,0.011730440933973012,rmsse,0.5966359271699244
store_dept,1,Reconcilation,Reconcilation,TX_2__FOODS_3,1484,247,122078.3671875,0.03898232934708111,rmsse,0.5855440569523043
store_dept,1,Reconcilation,Reconcilation,TX_2__HOBBIES_1,1484,248,46800.84765625,0.014944548318347047,rmsse,0.565683787041735
store_dept,1,Reconcilation,Reconcilation,TX_2__HOBBIES_2,1484,249,3046.18017578125,0.0009727128695985132,rmsse,0.7000953032028233
store_dept,1,Reconcilation,Reconcilation,TX_2__HOUSEHOLD_1,1484,250,72254.453125,0.023072448898222072,rmsse,0.661598333217067
store_dept,1,Reconcilation,Reconcilation,TX_2__HOUSEHOLD_2,1484,251,21712.896484375,0.00693340926269903,rmsse,0.8356133886529322
store_dept,1,Reconcilation,Reconcilation,TX_3__FOODS_1,1484,252,23766.51953125,0.007589176634202951,rmsse,1.2037770946832058
store_dept,1,Reconcilation,Reconcilation,TX_3__FOODS_2,1484,253,39002.7421875,0.012454440343695063,rmsse,0.9404902204177409
store_dept,1,Reconcilation,Reconcilation,TX_3__FOODS_3,1484,254,103589.2734375,0.033078351775161566,rmsse,0.6038077922537459
store_dept,1,Reconcilation,Reconcilation,TX_3__HOBBIES_1,1484,255,54925.359375,0.017538885045656764,rmsse,0.7239364278238603
store_dept,1,Reconcilation,Reconcilation,TX_3__HOBBIES_2,1484,256,4013.64013671875,0.0012816442855098616,rmsse,1.1798128299307078
store_dept,1,Reconcilation,Reconcilation,TX_3__HOUSEHOLD_1,1484,257,75190.2578125,0.024009916427182827,rmsse,1.203563634893434
store_dept,1,Reconcilation,Reconcilation,TX_3__HOUSEHOLD_2,1484,258,19668.66796875,0.006280641773317438,rmsse,0.9054238068469787
store_dept,1,Reconcilation,Reconcilation,WI_1__FOODS_1,1484,259,23232.4375,0.007418632400034349,rmsse,0.8916039165074963
store_dept,1,Reconcilation,Reconcilation,WI_1__FOODS_2,1484,260,50781.91796875,0.016215792336850374,rmsse,0.8793047804064887
store_dept,1,Reconcilation,Reconcilation,WI_1__FOODS_3,1484,261,108361.9453125,0.03460237172384786,rmsse,0.9946299146011027
store_dept,1,Reconcilation,Reconcilation,WI_1__HOBBIES_1,1484,262,40030.96484375,0.01278277463544149,rmsse,0.6679963237107328
store_dept,1,Reconcilation,Reconcilation,WI_1__HOBBIES_2,1484,263,2121.489990234375,0.0006774387912547398,rmsse,1.0422007242529725
store_dept,1,Reconcilation,Reconcilation,WI_1__HOUSEHOLD_1,1484,264,53774.6640625,0.01717144251932348,rmsse,0.8406512770873099
store_dept,1,Reconcilation,Reconcilation,WI_1__HOUSEHOLD_2,1484,265,20426.830078125,0.006522739744702823,rmsse,0.8239168441084487
store_dept,1,Reconcilation,Reconcilation,WI_2__FOODS_1,1484,266,21445.23046875,0.006847937569257318,rmsse,0.8669908425597062
store_dept,1,Reconcilation,Reconcilation,WI_2__FOODS_2,1484,267,76381.7578125,0.024390388794950563,rmsse,1.2200460468424634
store_dept,1,Reconcilation,Reconcilation,WI_2__FOODS_3,1484,268,123083.8046875,0.03930338783324768,rmsse,0.612675107041593
store_dept,1,Reconcilation,Reconcilation,WI_2__HOBBIES_1,1484,269,26537.958984375,0.008474158699545282,rmsse,0.6442619179593614
store_dept,1,Reconcilation,Reconcilation,WI_2__HOBBIES_2,1484,270,1504.2200927734375,0.00048033082697550343,rmsse,0.8831528026305165
store_dept,1,Reconcilation,Reconcilation,WI_2__HOUSEHOLD_1,1484,271,79711.1015625,0.025453522072059427,rmsse,1.149253955380222
store_dept,1,Reconcilation,Reconcilation,WI_2__HOUSEHOLD_2,1484,272,16185.560546875,0.005168408346552726,rmsse,0.9661306131365941
store_dept,1,Reconcilation,Reconcilation,WI_3__FOODS_1,1484,273,16317.55078125,0.005210555754857279,rmsse,1.0800829178420321
store_dept,1,Reconcilation,Reconcilation,WI_3__FOODS_2,1484,274,38678.4921875,0.0123509001294704,rmsse,0.7014926723113886
store_dept,1,Reconcilation,Reconcilation,WI_3__FOODS_3,1484,275,105910.4375,0.03381955092483571,rmsse,0.4246851045542356
store_dept,1,Reconcilation,Reconcilation,WI_3__HOBBIES_1,1484,276,22748.912109375,0.007264232022151921,rmsse,0.5420465263881662
store_dept,1,Reconcilation,Reconcilation,WI_3__HOBBIES_2,1484,277,1666.4300537109375,0.0005321280639989214,rmsse,0.9752884245703085
store_dept,1,Reconcilation,Reconcilation,WI_3__HOUSEHOLD_1,1484,278,54661.28515625,0.017454560292594047,rmsse,0.8438610366754374
store_dept,1,Reconcilation,Reconcilation,WI_3__HOUSEHOLD_2,1484,279,15279.859375,0.00487919788129608,rmsse,0.9044079313637402
store_dept,2,Reconcilation,Reconcilation,CA_1__FOODS_1,1456,0,21879.62109375,0.007471051347469123,rmsse,1.133038332301616
store_dept,2,Reconcilation,Reconcilation,CA_1__FOODS_2,1456,1,48245.98046875,0.016474151716182467,rmsse,0.5486398211715494
store_dept,2,Reconcilation,Reconcilation,CA_1__FOODS_3,1456,2,146529.046875,0.05003404896310329,rmsse,0.47288063635674044
store_dept,2,Reconcilation,Reconcilation,CA_1__HOBBIES_1,1456,3,51945.5,0.017737395730350013,rmsse,0.4381523799175036
store_dept,2,Reconcilation,Reconcilation,CA_1__HOBBIES_2,1456,4,2217.699951171875,0.0007572594670397522,rmsse,1.0853188970964451
store_dept,2,Reconcilation,Reconcilation,CA_1__HOUSEHOLD_1,1456,5,70931.015625,0.024220221072013267,rmsse,0.8269290293115531
store_dept,2,Reconcilation,Reconcilation,CA_1__HOUSEHOLD_2,1456,6,23080.001953125,0.007880935366871613,rmsse,0.7482463941355307
store_dept,2,Reconcilation,Reconcilation,CA_2__FOODS_1,1456,7,23453.400390625,0.00800843661050257,rmsse,0.607963796158372
store_dept,2,Reconcilation,Reconcilation,CA_2__FOODS_2,1456,8,10792.9619140625,0.0036853824984324434,rmsse,1.0524686216106818
store_dept,2,Reconcilation,Reconcilation,CA_2__FOODS_3,1456,9,71974.0703125,0.024576384238420058,rmsse,0.8762083414990552
store_dept,2,Reconcilation,Reconcilation,CA_2__HOBBIES_1,1456,10,29758.419921875,0.01016135893319399,rmsse,0.5975187750200958
store_dept,2,Reconcilation,Reconcilation,CA_2__HOBBIES_2,1456,11,2051.800048828125,0.0007006110139591674,rmsse,1.0644168743851572
store_dept,2,Reconcilation,Reconcilation,CA_2__HOUSEHOLD_1,1456,12,57448.66796875,0.019616516501779785,rmsse,0.5617514045675982
store_dept,2,Reconcilation,Reconcilation,CA_2__HOUSEHOLD_2,1456,13,29389.671875,0.01003544561958231,rmsse,0.5712251698496693
store_dept,2,Reconcilation,Reconcilation,CA_3__FOODS_1,1456,14,35579.27734375,0.012148958466969617,rmsse,1.4191845309385427
store_dept,2,Reconcilation,Reconcilation,CA_3__FOODS_2,1456,15,59263.65234375,0.020236264046875646,rmsse,0.7528525966802169
store_dept,2,Reconcilation,Reconcilation,CA_3__FOODS_3,1456,16,181191.796875,0.06187004849823511,rmsse,0.5833054691270442
store_dept,2,Reconcilation,Reconcilation,CA_3__HOBBIES_1,1456,17,54451.453125,0.01859308259946923,rmsse,1.1205678397629293
store_dept,2,Reconcilation,Reconcilation,CA_3__HOBBIES_2,1456,18,2832.789794921875,0.0009672890551332908,rmsse,1.1418889859797041
store_dept,2,Reconcilation,Reconcilation,CA_3__HOUSEHOLD_1,1456,19,119267.5859375,0.040725305745001314,rmsse,1.149137296649901
store_dept,2,Reconcilation,Reconcilation,CA_3__HOUSEHOLD_2,1456,20,36710.9609375,0.012535385005243161,rmsse,0.5269736273658419
store_dept,2,Reconcilation,Reconcilation,CA_4__FOODS_1,1456,21,13020.3994140625,0.004445966964885197,rmsse,0.8423807195146166
store_dept,2,Reconcilation,Reconcilation,CA_4__FOODS_2,1456,22,28312.2421875,0.009667544709227902,rmsse,0.9209883372773
store_dept,2,Reconcilation,Reconcilation,CA_4__FOODS_3,1456,23,73589.0625,0.025127842122762516,rmsse,0.7618593436079413
store_dept,2,Reconcilation,Reconcilation,CA_4__HOBBIES_1,1456,24,33028.0078125,0.011277797783357642,rmsse,0.8794744951238704
store_dept,2,Reconcilation,Reconcilation,CA_4__HOBBIES_2,1456,25,778.8499755859375,0.00026594739162278194,rmsse,1.4727384754595443
store_dept,2,Reconcilation,Reconcilation,CA_4__HOUSEHOLD_1,1456,26,37175.58984375,0.012694037954544178,rmsse,0.8749367198844894
store_dept,2,Reconcilation,Reconcilation,CA_4__HOUSEHOLD_2,1456,27,13869.16015625,0.004735786201673086,rmsse,0.765337680016283
store_dept,2,Reconcilation,Reconcilation,TX_1__FOODS_1,1456,28,18349.9609375,0.006265807794417265,rmsse,1.3204900342395276
store_dept,2,Reconcilation,Reconcilation,TX_1__FOODS_2,1456,29,31925.30078125,0.01090126562969812,rmsse,0.677937353414083
store_dept,2,Reconcilation,Reconcilation,TX_1__FOODS_3,1456,30,90407.984375,0.03087085880476029,rmsse,0.39225402862762715
store_dept,2,Reconcilation,Reconcilation,TX_1__HOBBIES_1,1456,31,26007.69921875,0.008880631682799928,rmsse,0.8714605997894956
store_dept,2,Reconcilation,Reconcilation,TX_1__HOBBIES_2,1456,32,1775.4000244140625,0.0006062310077428325,rmsse,1.3861737327972645
store_dept,2,Reconcilation,Reconcilation,TX_1__HOUSEHOLD_1,1456,33,62122.140625,0.02121232814935034,rmsse,0.7473656574815283
store_dept,2,Reconcilation,Reconcilation,TX_1__HOUSEHOLD_2,1456,34,18294.859375,0.006246992724403056,rmsse,0.6622797239383037
store_dept,2,Reconcilation,Reconcilation,TX_2__FOODS_1,1456,35,18275.400390625,0.006240348227644528,rmsse,0.9838997095911293
store_dept,2,Reconcilation,Reconcilation,TX_2__FOODS_2,1456,36,36224.53125,0.012369287925377186,rmsse,0.5154124932336823
store_dept,2,Reconcilation,Reconcilation,TX_2__FOODS_3,1456,37,114676.53125,0.0391576366723797,rmsse,0.5790107490274878
store_dept,2,Reconcilation,Reconcilation,TX_2__HOBBIES_1,1456,38,40179.4921875,0.01371975538158636,rmsse,0.8483648452219968
store_dept,2,Reconcilation,Reconcilation,TX_2__HOBBIES_2,1456,39,2685.189697265625,0.0009168892834116361,rmsse,1.0485718879062926
store_dept,2,Reconcilation,Reconcilation,TX_2__HOUSEHOLD_1,1456,40,62685.76171875,0.021404783133551406,rmsse,0.688992202455124
store_dept,2,Reconcilation,Reconcilation,TX_2__HOUSEHOLD_2,1456,41,16669.408203125,0.005691963498081082,rmsse,0.8522820171268566
store_dept,2,Reconcilation,Reconcilation,TX_3__FOODS_1,1456,42,22469.458984375,0.0076724583621820535,rmsse,1.21694082747855
store_dept,2,Reconcilation,Reconcilation,TX_3__FOODS_2,1456,43,37542.296875,0.012819254339608968,rmsse,0.52689705044569
store_dept,2,Reconcilation,Reconcilation,TX_3__FOODS_3,1456,44,96788.0546875,0.033049408090459156,rmsse,0.5411281254982969
store_dept,2,Reconcilation,Reconcilation,TX_3__HOBBIES_1,1456,45,46547.74609375,0.01589426981780323,rmsse,0.8426035130027976
store_dept,2,Reconcilation,Reconcilation,TX_3__HOBBIES_2,1456,46,2854.460205078125,0.0009746886689704933,rmsse,1.5324223398083163
store_dept,2,Reconcilation,Reconcilation,TX_3__HOUSEHOLD_1,1456,47,62425.06640625,0.02131576568405415,rmsse,1.0854024516572345
store_dept,2,Reconcilation,Reconcilation,TX_3__HOUSEHOLD_2,1456,48,16108.80078125,0.005500537567227242,rmsse,0.7424816617562998
store_dept,2,Reconcilation,Reconcilation,WI_1__FOODS_1,1456,49,20747.349609375,0.007084424067097384,rmsse,0.8093140347937384
store_dept,2,Reconcilation,Reconcilation,WI_1__FOODS_2,1456,50,47801.78515625,0.016322476055357586,rmsse,1.4125570863525096
store_dept,2,Reconcilation,Reconcilation,WI_1__FOODS_3,1456,51,102901.03125,0.035136755105685064,rmsse,1.1103139283858396
store_dept,2,Reconcilation,Reconcilation,WI_1__HOBBIES_1,1456,52,37304.5703125,0.01273807983720398,rmsse,0.8202225508681983
store_dept,2,Reconcilation,Reconcilation,WI_1__HOBBIES_2,1456,53,2041.5599365234375,0.0006971144083961934,rmsse,1.0633286640280906
store_dept,2,Reconcilation,Reconcilation,WI_1__HOUSEHOLD_1,1456,54,51658.38671875,0.01763935755786211,rmsse,1.1982995625728725
store_dept,2,Reconcilation,Reconcilation,WI_1__HOUSEHOLD_2,1456,55,18245.94921875,0.006230291782133956,rmsse,1.0652944702031548
store_dept,2,Reconcilation,Reconcilation,WI_2__FOODS_1,1456,56,18887.75,0.006449442130808607,rmsse,1.1249846681242568
store_dept,2,Reconcilation,Reconcilation,WI_2__FOODS_2,1456,57,74686.9921875,0.025502742996780226,rmsse,1.0170176704051934
store_dept,2,Reconcilation,Reconcilation,WI_2__FOODS_3,1456,58,120416.1953125,0.04111751178833452,rmsse,0.719616277461988
store_dept,2,Reconcilation,Reconcilation,WI_2__HOBBIES_1,1456,59,21572.70703125,0.007366251967700484,rmsse,1.0308905852235266
store_dept,2,Reconcilation,Reconcilation,WI_2__HOBBIES_2,1456,60,1300.2000732421875,0.0004439684520839486,rmsse,1.4389193524280512
store_dept,2,Reconcilation,Reconcilation,WI_2__HOUSEHOLD_1,1456,61,60378.19921875,0.020616839053024395,rmsse,1.9572554066982706
store_dept,2,Reconcilation,Reconcilation,WI_2__HOUSEHOLD_2,1456,62,12629.1689453125,0.004312376766581415,rmsse,1.3346738772117948
store_dept,2,Reconcilation,Reconcilation,WI_3__FOODS_1,1456,63,14139.2412109375,0.00482800852211013,rmsse,1.1259001218347322
store_dept,2,Reconcilation,Reconcilation,WI_3__FOODS_2,1456,64,36832.01953125,0.012576721871456855,rmsse,0.6351913597990582
store_dept,2,Reconcilation,Reconcilation,WI_3__FOODS_3,1456,65,100809.296875,0.034422508051134594,rmsse,0.7323990517229557
store_dept,2,Reconcilation,Reconcilation,WI_3__HOBBIES_1,1456,66,20105.41015625,0.006865226367296581,rmsse,0.8509387804860216
store_dept,2,Reconcilation,Reconcilation,WI_3__HOBBIES_2,1456,67,1313.5599365234375,0.00044853033293836144,rmsse,1.3056802021076124
store_dept,2,Reconcilation,Reconcilation,WI_3__HOUSEHOLD_1,1456,68,47988.796875,0.016386333383936223,rmsse,1.3237101839555747
store_dept,2,Reconcilation,Reconcilation,WI_3__HOUSEHOLD_2,1456,69,13042.23046875,0.004453421432667836,rmsse,0.9430170148396786
store_dept,2,Reconcilation,Reconcilation,CA_1__FOODS_1,1484,70,25425.462890625,0.00811891403070649,rmsse,1.5340835762898632
store_dept,2,Reconcilation,Reconcilation,CA_1__FOODS_2,1484,71,45271.0703125,0.01445605649448301,rmsse,0.5090975316621795
store_dept,2,Reconcilation,Reconcilation,CA_1__FOODS_3,1484,72,142905.046875,0.04563274993746577,rmsse,0.41241931393647935
store_dept,2,Reconcilation,Reconcilation,CA_1__HOBBIES_1,1484,73,54991.4765625,0.017559997729566346,rmsse,0.6197127842192494
store_dept,2,Reconcilation,Reconcilation,CA_1__HOBBIES_2,1484,74,2440.760009765625,0.0007793887873003175,rmsse,1.0575186043372569
store_dept,2,Reconcilation,Reconcilation,CA_1__HOUSEHOLD_1,1484,75,73140.640625,0.023355428215394686,rmsse,0.7453755326783326
store_dept,2,Reconcilation,Reconcilation,CA_1__HOUSEHOLD_2,1484,76,24519.7109375,0.007829687349870804,rmsse,0.7378340401335224
store_dept,2,Reconcilation,Reconcilation,CA_2__FOODS_1,1484,77,25114.4296875,0.008019594232764944,rmsse,0.5292644216499827
store_dept,2,Reconcilation,Reconcilation,CA_2__FOODS_2,1484,78,8125.8505859375,0.0025947642572878562,rmsse,0.7782303637012208
store_dept,2,Reconcilation,Reconcilation,CA_2__FOODS_3,1484,79,63869.69140625,0.020395008575686546,rmsse,0.6270292582064544
store_dept,2,Reconcilation,Reconcilation,CA_2__HOBBIES_1,1484,80,29979.201171875,0.00957302362874406,rmsse,0.5663534957282936
store_dept,2,Reconcilation,Reconcilation,CA_2__HOBBIES_2,1484,81,2147.969970703125,0.0006858944361287547,rmsse,0.8012619402328276
store_dept,2,Reconcilation,Reconcilation,CA_2__HOUSEHOLD_1,1484,82,52890.49609375,0.016889108083255746,rmsse,0.6058389857058655
store_dept,2,Reconcilation,Reconcilation,CA_2__HOUSEHOLD_2,1484,83,32881.6484375,0.01049983939330414,rmsse,0.6869651050552825
store_dept,2,Reconcilation,Reconcilation,CA_3__FOODS_1,1484,84,41996.6171875,0.01341045101096374,rmsse,1.0508561760753103
store_dept,2,Reconcilation,Reconcilation,CA_3__FOODS_2,1484,85,62719.91796875,0.020027860424480442,rmsse,0.6948967689266077
store_dept,2,Reconcilation,Reconcilation,CA_3__FOODS_3,1484,86,192695.953125,0.06153209025994905,rmsse,0.6830739157496385
store_dept,2,Reconcilation,Reconcilation,CA_3__HOBBIES_1,1484,87,58822.0546875,0.018783186255909644,rmsse,0.866138264789694
store_dept,2,Reconcilation,Reconcilation,CA_3__HOBBIES_2,1484,88,3064.719970703125,0.0009786330371787516,rmsse,1.1676990250806338
store_dept,2,Reconcilation,Reconcilation,CA_3__HOUSEHOLD_1,1484,89,132767.21875,0.042395516642676774,rmsse,0.81226758982518
store_dept,2,Reconcilation,Reconcilation,CA_3__HOUSEHOLD_2,1484,90,39478.140625,0.012606245605255036,rmsse,0.7247527083851174
store_dept,2,Reconcilation,Reconcilation,CA_4__FOODS_1,1484,91,14508.3095703125,0.004632824921967346,rmsse,0.883732933911325
store_dept,2,Reconcilation,Reconcilation,CA_4__FOODS_2,1484,92,29282.83984375,0.009350660017049891,rmsse,0.6358922438752511
store_dept,2,Reconcilation,Reconcilation,CA_4__FOODS_3,1484,93,76068.6484375,0.024290406029296743,rmsse,0.6656225637144244
store_dept,2,Reconcilation,Reconcilation,CA_4__HOBBIES_1,1484,94,35417.0,0.011309433360662932,rmsse,0.7423582678497804
store_dept,2,Reconcilation,Reconcilation,CA_4__HOBBIES_2,1484,95,913.050048828125,0.00029155712460602863,rmsse,1.1472931668719208
store_dept,2,Reconcilation,Reconcilation,CA_4__HOUSEHOLD_1,1484,96,36897.73828125,0.011782265924583632,rmsse,0.7135792051068076
store_dept,2,Reconcilation,Reconcilation,CA_4__HOUSEHOLD_2,1484,97,14505.2197265625,0.004631838266350397,rmsse,0.8760220575347368
store_dept,2,Reconcilation,Reconcilation,TX_1__FOODS_1,1484,98,18932.80859375,0.006045665559511029,rmsse,1.159211639991125
store_dept,2,Reconcilation,Reconcilation,TX_1__FOODS_2,1484,99,31195.08984375,0.009961283840183632,rmsse,0.5899986489367379
store_dept,2,Reconcilation,Reconcilation,TX_1__FOODS_3,1484,100,94379.71875,0.03013753677051232,rmsse,0.523760563656857
store_dept,2,Reconcilation,Reconcilation,TX_1__HOBBIES_1,1484,101,29874.412109375,0.009539562157719691,rmsse,0.6602764682753103
store_dept,2,Reconcilation,Reconcilation,TX_1__HOBBIES_2,1484,102,2062.719970703125,0.0006586722209779368,rmsse,1.4021150814551562
store_dept,2,Reconcilation,Reconcilation,TX_1__HOUSEHOLD_1,1484,103,71004.6875,0.022673371024534723,rmsse,0.7681881805758995
store_dept,2,Reconcilation,Reconcilation,TX_1__HOUSEHOLD_2,1484,104,18755.509765625,0.005989050112646435,rmsse,0.6534370620958148
store_dept,2,Reconcilation,Reconcilation,TX_2__FOODS_1,1484,105,20960.138671875,0.0066930370031291295,rmsse,0.7788350652592259
store_dept,2,Reconcilation,Reconcilation,TX_2__FOODS_2,1484,106,36735.44140625,0.011730440933973012,rmsse,0.5673527917385773
store_dept,2,Reconcilation,Reconcilation,TX_2__FOODS_3,1484,107,122078.3671875,0.03898232934708111,rmsse,0.5637826070956594
store_dept,2,Reconcilation,Reconcilation,TX_2__HOBBIES_1,1484,108,46800.84765625,0.014944548318347047,rmsse,0.5399781597103402
store_dept,2,Reconcilation,Reconcilation,TX_2__HOBBIES_2,1484,109,3046.18017578125,0.0009727128695985132,rmsse,0.6748886690354585
store_dept,2,Reconcilation,Reconcilation,TX_2__HOUSEHOLD_1,1484,110,72254.453125,0.023072448898222072,rmsse,0.6017898931584682
store_dept,2,Reconcilation,Reconcilation,TX_2__HOUSEHOLD_2,1484,111,21712.896484375,0.00693340926269903,rmsse,0.8377173839102717
store_dept,2,Reconcilation,Reconcilation,TX_3__FOODS_1,1484,112,23766.51953125,0.007589176634202951,rmsse,1.1859986588611438
store_dept,2,Reconcilation,Reconcilation,TX_3__FOODS_2,1484,113,39002.7421875,0.012454440343695063,rmsse,0.9350299873958718
store_dept,2,Reconcilation,Reconcilation,TX_3__FOODS_3,1484,114,103589.2734375,0.033078351775161566,rmsse,0.5346387318672333
store_dept,2,Reconcilation,Reconcilation,TX_3__HOBBIES_1,1484,115,54925.359375,0.017538885045656764,rmsse,0.7052380941831446
store_dept,2,Reconcilation,Reconcilation,TX_3__HOBBIES_2,1484,116,4013.64013671875,0.0012816442855098616,rmsse,1.2234920628987307
store_dept,2,Reconcilation,Reconcilation,TX_3__HOUSEHOLD_1,1484,117,75190.2578125,0.024009916427182827,rmsse,1.1875612895914094
store_dept,2,Reconcilation,Reconcilation,TX_3__HOUSEHOLD_2,1484,118,19668.66796875,0.006280641773317438,rmsse,0.9246024057378266
store_dept,2,Reconcilation,Reconcilation,WI_1__FOODS_1,1484,119,23232.4375,0.007418632400034349,rmsse,0.9153602343485244
store_dept,2,Reconcilation,Reconcilation,WI_1__FOODS_2,1484,120,50781.91796875,0.016215792336850374,rmsse,0.9169305319686941
store_dept,2,Reconcilation,Reconcilation,WI_1__FOODS_3,1484,121,108361.9453125,0.03460237172384786,rmsse,1.0353137141127546
store_dept,2,Reconcilation,Reconcilation,WI_1__HOBBIES_1,1484,122,40030.96484375,0.01278277463544149,rmsse,0.6936627493772078
store_dept,2,Reconcilation,Reconcilation,WI_1__HOBBIES_2,1484,123,2121.489990234375,0.0006774387912547398,rmsse,0.9931919372958435
store_dept,2,Reconcilation,Reconcilation,WI_1__HOUSEHOLD_1,1484,124,53774.6640625,0.01717144251932348,rmsse,0.8757945055848978
store_dept,2,Reconcilation,Reconcilation,WI_1__HOUSEHOLD_2,1484,125,20426.830078125,0.006522739744702823,rmsse,0.8142221408182008
store_dept,2,Reconcilation,Reconcilation,WI_2__FOODS_1,1484,126,21445.23046875,0.006847937569257318,rmsse,0.9194190624878237
store_dept,2,Reconcilation,Reconcilation,WI_2__FOODS_2,1484,127,76381.7578125,0.024390388794950563,rmsse,1.180789634730366
store_dept,2,Reconcilation,Reconcilation,WI_2__FOODS_3,1484,128,123083.8046875,0.03930338783324768,rmsse,0.6493944363093914
store_dept,2,Reconcilation,Reconcilation,WI_2__HOBBIES_1,1484,129,26537.958984375,0.008474158699545282,rmsse,0.633250386306497
store_dept,2,Reconcilation,Reconcilation,WI_2__HOBBIES_2,1484,130,1504.2200927734375,0.00048033082697550343,rmsse,0.8263823938312344
store_dept,2,Reconcilation,Reconcilation,WI_2__HOUSEHOLD_1,1484,131,79711.1015625,0.025453522072059427,rmsse,1.1525624766655007
store_dept,2,Reconcilation,Reconcilation,WI_2__HOUSEHOLD_2,1484,132,16185.560546875,0.005168408346552726,rmsse,1.0143847381217863
store_dept,2,Reconcilation,Reconcilation,WI_3__FOODS_1,1484,133,16317.55078125,0.005210555754857279,rmsse,1.10663928403638
store_dept,2,Reconcilation,Reconcilation,WI_3__FOODS_2,1484,134,38678.4921875,0.0123509001294704,rmsse,0.6635411752449154
store_dept,2,Reconcilation,Reconcilation,WI_3__FOODS_3,1484,135,105910.4375,0.03381955092483571,rmsse,0.38128709564153224
store_dept,2,Reconcilation,Reconcilation,WI_3__HOBBIES_1,1484,136,22748.912109375,0.007264232022151921,rmsse,0.5556935278549682
store_dept,2,Reconcilation,Reconcilation,WI_3__HOBBIES_2,1484,137,1666.4300537109375,0.0005321280639989214,rmsse,0.9274425058332735
store_dept,2,Reconcilation,Reconcilation,WI_3__HOUSEHOLD_1,1484,138,54661.28515625,0.017454560292594047,rmsse,0.8646748405522399
store_dept,2,Reconcilation,Reconcilation,WI_3__HOUSEHOLD_2,1484,139,15279.859375,0.00487919788129608,rmsse,0.9185852304725702
store_dept,2,Reconcilation,Reconcilation,CA_1__FOODS_1,1512,140,20798.37890625,0.00651621211487982,rmsse,1.3979978173709107
store_dept,2,Reconcilation,Reconcilation,CA_1__FOODS_2,1512,141,45205.98828125,0.014163210018972985,rmsse,0.7292159519862004
store_dept,2,Reconcilation,Reconcilation,CA_1__FOODS_3,1512,142,141175.875,0.04423094468806488,rmsse,0.49856298084420986
store_dept,2,Reconcilation,Reconcilation,CA_1__HOBBIES_1,1512,143,59901.99609375,0.018767525796651408,rmsse,0.5833263981102309
store_dept,2,Reconcilation,Reconcilation,CA_1__HOBBIES_2,1512,144,2478.8896484375,0.000776645662212865,rmsse,1.0373014906334932
store_dept,2,Reconcilation,Reconcilation,CA_1__HOUSEHOLD_1,1512,145,76203.890625,0.023874972060557234,rmsse,0.7434168955549066
store_dept,2,Reconcilation,Reconcilation,CA_1__HOUSEHOLD_2,1512,146,29735.8984375,0.009316371363301112,rmsse,0.6904211910729264
store_dept,2,Reconcilation,Reconcilation,CA_2__FOODS_1,1512,147,20422.220703125,0.006398360302901436,rmsse,0.46941375732614166
store_dept,2,Reconcilation,Reconcilation,CA_2__FOODS_2,1512,148,9253.8798828125,0.0028992761634852697,rmsse,0.6031532745237088
store_dept,2,Reconcilation,Reconcilation,CA_2__FOODS_3,1512,149,61328.99609375,0.019214610385784422,rmsse,0.41265319574955034
store_dept,2,Reconcilation,Reconcilation,CA_2__HOBBIES_1,1512,150,31657.66015625,0.009918466702080997,rmsse,0.4916572259769579
store_dept,2,Reconcilation,Reconcilation,CA_2__HOBBIES_2,1512,151,1792.919921875,0.0005617287082129487,rmsse,0.6792714828187513
store_dept,2,Reconcilation,Reconcilation,CA_2__HOUSEHOLD_1,1512,152,57175.609375,0.017913338350281367,rmsse,0.4444692701016995
store_dept,2,Reconcilation,Reconcilation,CA_2__HOUSEHOLD_2,1512,153,37792.71875,0.011840604158768928,rmsse,0.5310379910440737
store_dept,2,Reconcilation,Reconcilation,CA_3__FOODS_1,1512,154,30026.009765625,0.009407264358351985,rmsse,0.7297326529321887
store_dept,2,Reconcilation,Reconcilation,CA_3__FOODS_2,1512,155,58619.46484375,0.018365703822610414,rmsse,0.7233055591744428
store_dept,2,Reconcilation,Reconcilation,CA_3__FOODS_3,1512,156,198519.9375,0.062197060050384646,rmsse,0.7959942212482193
store_dept,2,Reconcilation,Reconcilation,CA_3__HOBBIES_1,1512,157,63630.62890625,0.019935720799457598,rmsse,0.9981250025248048
store_dept,2,Reconcilation,Reconcilation,CA_3__HOBBIES_2,1512,158,3086.050048828125,0.0009668713511732562,rmsse,1.5865234202599823
store_dept,2,Reconcilation,Reconcilation,CA_3__HOUSEHOLD_1,1512,159,137862.5625,0.043192871136746185,rmsse,0.674305513096388
store_dept,2,Reconcilation,Reconcilation,CA_3__HOUSEHOLD_2,1512,160,44957.23828125,0.014085275687125167,rmsse,0.8526440394475271
store_dept,2,Reconcilation,Reconcilation,CA_4__FOODS_1,1512,161,13080.0302734375,0.004098023798631517,rmsse,1.4785413084895165
store_dept,2,Reconcilation,Reconcilation,CA_4__FOODS_2,1512,162,28154.90234375,0.008821039205631093,rmsse,0.684082608030373
store_dept,2,Reconcilation,Reconcilation,CA_4__FOODS_3,1512,163,75317.9765625,0.02359741177699734,rmsse,0.4897447931116733
store_dept,2,Reconcilation,Reconcilation,CA_4__HOBBIES_1,1512,164,35958.12109375,0.011265817656057702,rmsse,0.6604483111320593
store_dept,2,Reconcilation,Reconcilation,CA_4__HOBBIES_2,1512,165,977.5499877929688,0.0003062701714431683,rmsse,1.2524525169624934
store_dept,2,Reconcilation,Reconcilation,CA_4__HOUSEHOLD_1,1512,166,38678.80859375,0.012118219515270614,rmsse,0.7272699950830678
store_dept,2,Reconcilation,Reconcilation,CA_4__HOUSEHOLD_2,1512,167,16356.810546875,0.005124651662842425,rmsse,0.8042546953524295
store_dept,2,Reconcilation,Reconcilation,TX_1__FOODS_1,1512,168,16213.2890625,0.005079685829714495,rmsse,1.3197395725286487
store_dept,2,Reconcilation,Reconcilation,TX_1__FOODS_2,1512,169,33652.62109375,0.010543495637665158,rmsse,0.5375304079176493
store_dept,2,Reconcilation,Reconcilation,TX_1__FOODS_3,1512,170,96530.9765625,0.03024352627544065,rmsse,0.46952332172721695
store_dept,2,Reconcilation,Reconcilation,TX_1__HOBBIES_1,1512,171,35474.83984375,0.011114403781431257,rmsse,0.7823948526500037
store_dept,2,Reconcilation,Reconcilation,TX_1__HOBBIES_2,1512,172,1744.469970703125,0.0005465491521420362,rmsse,0.8917101377773382
store_dept,2,Reconcilation,Reconcilation,TX_1__HOUSEHOLD_1,1512,173,77549.1015625,0.024296431821797193,rmsse,0.619848003932298
store_dept,2,Reconcilation,Reconcilation,TX_1__HOUSEHOLD_2,1512,174,20462.1796875,0.006410879606413328,rmsse,0.7064740660677343
store_dept,2,Reconcilation,Reconcilation,TX_2__FOODS_1,1512,175,17930.09765625,0.0056175685660541895,rmsse,1.2607760444000584
store_dept,2,Reconcilation,Reconcilation,TX_2__FOODS_2,1512,176,38896.23828125,0.012186341072734704,rmsse,0.9653447109603159
store_dept,2,Reconcilation,Reconcilation,TX_2__FOODS_3,1512,177,119296.34375,0.0373760033851012,rmsse,1.019809532956156
store_dept,2,Reconcilation,Reconcilation,TX_2__HOBBIES_1,1512,178,54178.6328125,0.01697437406500696,rmsse,0.990772328329224
store_dept,2,Reconcilation,Reconcilation,TX_2__HOBBIES_2,1512,179,2951.01025390625,0.0009245628639768631,rmsse,1.0762530979973348
store_dept,2,Reconcilation,Reconcilation,TX_2__HOUSEHOLD_1,1512,180,77893.609375,0.0244043674446456,rmsse,1.157347997772403
store_dept,2,Reconcilation,Reconcilation,TX_2__HOUSEHOLD_2,1512,181,27031.53125,0.008469082720772562,rmsse,1.221425260657442
store_dept,2,Reconcilation,Reconcilation,TX_3__FOODS_1,1512,182,20486.390625,0.00641846498626246,rmsse,1.0431590516027867
store_dept,2,Reconcilation,Reconcilation,TX_3__FOODS_2,1512,183,40630.50390625,0.012729693164115666,rmsse,0.9040530686673978
store_dept,2,Reconcilation,Reconcilation,TX_3__FOODS_3,1512,184,110058.1796875,0.034481651048572697,rmsse,0.6563770825242594
store_dept,2,Reconcilation,Reconcilation,TX_3__HOBBIES_1,1512,185,64787.0390625,0.02029802854968624,rmsse,0.8784523180614058
store_dept,2,Reconcilation,Reconcilation,TX_3__HOBBIES_2,1512,186,3090.059814453125,0.0009681276261676309,rmsse,1.167859849425186
store_dept,2,Reconcilation,Reconcilation,TX_3__HOUSEHOLD_1,1512,187,84531.9453125,0.026484183629049314,rmsse,1.0379248575469846
store_dept,2,Reconcilation,Reconcilation,TX_3__HOUSEHOLD_2,1512,188,22166.341796875,0.00694480015055206,rmsse,0.8960306177635968
store_dept,2,Reconcilation,Reconcilation,WI_1__FOODS_1,1512,189,20474.7109375,0.006414805695241339,rmsse,1.2298170953373186
store_dept,2,Reconcilation,Reconcilation,WI_1__FOODS_2,1512,190,49132.98046875,0.015393551776980686,rmsse,1.0510005099054907
store_dept,2,Reconcilation,Reconcilation,WI_1__FOODS_3,1512,191,103552.71875,0.0324434651127892,rmsse,0.7146096581792857
store_dept,2,Reconcilation,Reconcilation,WI_1__HOBBIES_1,1512,192,40821.76953125,0.012789617420155185,rmsse,0.8613071571984448
store_dept,2,Reconcilation,Reconcilation,WI_1__HOBBIES_2,1512,193,2167.6201171875,0.0006791237207352674,rmsse,0.9187527989886978
store_dept,2,Reconcilation,Reconcilation,WI_1__HOUSEHOLD_1,1512,194,57509.8984375,0.018018072399447083,rmsse,0.8435521186741968
store_dept,2,Reconcilation,Reconcilation,WI_1__HOUSEHOLD_2,1512,195,23000.927734375,0.007206279135109437,rmsse,0.8099143933347134
store_dept,2,Reconcilation,Reconcilation,WI_2__FOODS_1,1512,196,19947.970703125,0.006249775953639816,rmsse,0.9163508747553384
store_dept,2,Reconcilation,Reconcilation,WI_2__FOODS_2,1512,197,75801.1640625,0.023748796279388164,rmsse,1.1703512209076898
store_dept,2,Reconcilation,Reconcilation,WI_2__FOODS_3,1512,198,113735.7421875,0.035633845526024326,rmsse,0.6594843069334315
store_dept,2,Reconcilation,Reconcilation,WI_2__HOBBIES_1,1512,199,26280.791015625,0.008233872917527175,rmsse,0.7448905349558708
store_dept,2,Reconcilation,Reconcilation,WI_2__HOBBIES_2,1512,200,1647.0899658203125,0.0005160396220279485,rmsse,0.9240736003653152
store_dept,2,Reconcilation,Reconcilation,WI_2__HOUSEHOLD_1,1512,201,77356.4375,0.024236069429909662,rmsse,0.856942857722253
store_dept,2,Reconcilation,Reconcilation,WI_2__HOUSEHOLD_2,1512,202,17393.48046875,0.005449444337045675,rmsse,0.6761893814364058
store_dept,2,Reconcilation,Reconcilation,WI_3__FOODS_1,1512,203,14036.1796875,0.0043975890880049604,rmsse,1.016639419577178
store_dept,2,Reconcilation,Reconcilation,WI_3__FOODS_2,1512,204,38223.19921875,0.011975475345524976,rmsse,0.662350861178543
store_dept,2,Reconcilation,Reconcilation,WI_3__FOODS_3,1512,205,102123.6875,0.03199574412521773,rmsse,0.619493742271976
store_dept,2,Reconcilation,Reconcilation,WI_3__HOBBIES_1,1512,206,24173.861328125,0.007573763741866289,rmsse,0.595331389981947
store_dept,2,Reconcilation,Reconcilation,WI_3__HOBBIES_2,1512,207,1832.1600341796875,0.0005740227863399806,rmsse,0.8752846496238501
store_dept,2,Reconcilation,Reconcilation,WI_3__HOUSEHOLD_1,1512,208,58869.9453125,0.01844418031697407,rmsse,0.7413288188480963
store_dept,2,Reconcilation,Reconcilation,WI_3__HOUSEHOLD_2,1512,209,18000.98046875,0.005639776423869995,rmsse,0.5829606469714713
store_dept,2,Reconcilation,Reconcilation,CA_1__FOODS_1,1540,210,24451.181640625,0.007647090579261556,rmsse,0.6027936319252046
store_dept,2,Reconcilation,Reconcilation,CA_1__FOODS_2,1540,211,46413.765625,0.014515873918718265,rmsse,0.756648516418108
store_dept,2,Reconcilation,Reconcilation,CA_1__FOODS_3,1540,212,149304.5,0.046694881751415125,rmsse,0.48092811466415414
store_dept,2,Reconcilation,Reconcilation,CA_1__HOBBIES_1,1540,213,59362.12890625,0.01856546580839563,rmsse,0.46566433672732094
store_dept,2,Reconcilation,Reconcilation,CA_1__HOBBIES_2,1540,214,2393.639892578125,0.0007486092632131353,rmsse,1.6492965145494918
store_dept,2,Reconcilation,Reconcilation,CA_1__HOUSEHOLD_1,1540,215,78592.515625,0.024579756294389122,rmsse,0.7935959892349808
store_dept,2,Reconcilation,Reconcilation,CA_1__HOUSEHOLD_2,1540,216,30451.748046875,0.009523763678741864,rmsse,0.7226369849800593
store_dept,2,Reconcilation,Reconcilation,CA_2__FOODS_1,1540,217,22138.810546875,0.006923898078110909,rmsse,0.4567947695630364
store_dept,2,Reconcilation,Reconcilation,CA_2__FOODS_2,1540,218,9679.9697265625,0.003027404008178683,rmsse,0.8219836386690884
store_dept,2,Reconcilation,Reconcilation,CA_2__FOODS_3,1540,219,63866.6015625,0.01997423659585399,rmsse,0.44896497581704614
store_dept,2,Reconcilation,Reconcilation,CA_2__HOBBIES_1,1540,220,32588.46875,0.010192021638603908,rmsse,0.5671321004967315
store_dept,2,Reconcilation,Reconcilation,CA_2__HOBBIES_2,1540,221,2163.630126953125,0.0006766738640287163,rmsse,0.8715992819741154
store_dept,2,Reconcilation,Reconcilation,CA_2__HOUSEHOLD_1,1540,222,60113.07421875,0.018800323448781332,rmsse,0.41050454625543337
store_dept,2,Reconcilation,Reconcilation,CA_2__HOUSEHOLD_2,1540,223,39017.828125,0.012202799450076284,rmsse,0.5307043943355281
store_dept,2,Reconcilation,Reconcilation,CA_3__FOODS_1,1540,224,32409.970703125,0.010136196494742292,rmsse,0.7064759758052239
store_dept,2,Reconcilation,Reconcilation,CA_3__FOODS_2,1540,225,62273.46875,0.019475985382434523,rmsse,0.8240298836649887
store_dept,2,Reconcilation,Reconcilation,CA_3__FOODS_3,1540,226,195372.03125,0.06110247110269638,rmsse,0.4975656524115215
store_dept,2,Reconcilation,Reconcilation,CA_3__HOBBIES_1,1540,227,64108.265625,0.02004981686853167,rmsse,0.8258214941883661
store_dept,2,Reconcilation,Reconcilation,CA_3__HOBBIES_2,1540,228,3834.190185546875,0.0011991403964820065,rmsse,1.3392938311062157
store_dept,2,Reconcilation,Reconcilation,CA_3__HOUSEHOLD_1,1540,229,147981.203125,0.04628102154559319,rmsse,0.8586332754549086
store_dept,2,Reconcilation,Reconcilation,CA_3__HOUSEHOLD_2,1540,230,46771.66015625,0.014627805192164122,rmsse,0.5537657217176349
store_dept,2,Reconcilation,Reconcilation,CA_4__FOODS_1,1540,231,14587.7607421875,0.004562312340715659,rmsse,0.9960356847970314
store_dept,2,Reconcilation,Reconcilation,CA_4__FOODS_2,1540,232,29598.7890625,0.009257001331229246,rmsse,0.8680156474287843
store_dept,2,Reconcilation,Reconcilation,CA_4__FOODS_3,1540,233,75865.8203125,0.023726984173057714,rmsse,0.6188019974984216
store_dept,2,Reconcilation,Reconcilation,CA_4__HOBBIES_1,1540,234,36829.75390625,0.01151848071281216,rmsse,0.9547330602249642
store_dept,2,Reconcilation,Reconcilation,CA_4__HOBBIES_2,1540,235,855.9199829101562,0.00026768839780892743,rmsse,1.2188197331109243
store_dept,2,Reconcilation,Reconcilation,CA_4__HOUSEHOLD_1,1540,236,39692.33984375,0.012413752535529,rmsse,0.7396301173388034
store_dept,2,Reconcilation,Reconcilation,CA_4__HOUSEHOLD_2,1540,237,17389.189453125,0.005438457282041914,rmsse,0.7410545528035748
store_dept,2,Reconcilation,Reconcilation,TX_1__FOODS_1,1540,238,18322.521484375,0.005730356245797373,rmsse,0.7411627955770387
store_dept,2,Reconcilation,Reconcilation,TX_1__FOODS_2,1540,239,33993.78515625,0.010631533397547325,rmsse,0.592088178155684
store_dept,2,Reconcilation,Reconcilation,TX_1__FOODS_3,1540,240,95680.046875,0.02992387017670587,rmsse,0.44561045892820755
store_dept,2,Reconcilation,Reconcilation,TX_1__HOBBIES_1,1540,241,33899.9375,0.010602182606303651,rmsse,0.5531810346612502
store_dept,2,Reconcilation,Reconcilation,TX_1__HOBBIES_2,1540,242,1924.219970703125,0.0006017984990117103,rmsse,1.4344448049475997
store_dept,2,Reconcilation,Reconcilation,TX_1__HOUSEHOLD_1,1540,243,76732.2578125,0.023997961917248224,rmsse,0.5932057186511666
store_dept,2,Reconcilation,Reconcilation,TX_1__HOUSEHOLD_2,1540,244,19805.640625,0.006194200757481514,rmsse,0.5029859473002165
store_dept,2,Reconcilation,Reconcilation,TX_2__FOODS_1,1540,245,20228.873046875,0.006326566412185947,rmsse,0.5596968427323366
store_dept,2,Reconcilation,Reconcilation,TX_2__FOODS_2,1540,246,37844.7109375,0.01183590784030655,rmsse,0.4337178849920458
store_dept,2,Reconcilation,Reconcilation,TX_2__FOODS_3,1540,247,121359.46875,0.037955092061497206,rmsse,0.44433327772477255
store_dept,2,Reconcilation,Reconcilation,TX_2__HOBBIES_1,1540,248,51909.02734375,0.016234513317732426,rmsse,0.5985336484574261
store_dept,2,Reconcilation,Reconcilation,TX_2__HOBBIES_2,1540,249,2611.280029296875,0.0008166760692936209,rmsse,0.6649727034670088
store_dept,2,Reconcilation,Reconcilation,TX_2__HOUSEHOLD_1,1540,250,77544.1015625,0.02425186550291962,rmsse,0.7313764962976637
store_dept,2,Reconcilation,Reconcilation,TX_2__HOUSEHOLD_2,1540,251,25546.37109375,0.00798961034262481,rmsse,0.6284318815129301
store_dept,2,Reconcilation,Reconcilation,TX_3__FOODS_1,1540,252,20938.73046875,0.006548573842469814,rmsse,1.1230828430753732
store_dept,2,Reconcilation,Reconcilation,TX_3__FOODS_2,1540,253,40465.11328125,0.012655436907297413,rmsse,0.8769345117002211
store_dept,2,Reconcilation,Reconcilation,TX_3__FOODS_3,1540,254,112289.71875,0.03511853386154411,rmsse,0.6593544323900103
store_dept,2,Reconcilation,Reconcilation,TX_3__HOBBIES_1,1540,255,66964.7265625,0.020943173101626442,rmsse,0.6674741213120864
store_dept,2,Reconcilation,Reconcilation,TX_3__HOBBIES_2,1540,256,2940.64013671875,0.0009196832209179713,rmsse,0.7014327991754215
store_dept,2,Reconcilation,Reconcilation,TX_3__HOUSEHOLD_1,1540,257,84410.5234375,0.02639933431670926,rmsse,0.6817443855731657
store_dept,2,Reconcilation,Reconcilation,TX_3__HOUSEHOLD_2,1540,258,20006.357421875,0.00625697480043133,rmsse,0.8948090203913832
store_dept,2,Reconcilation,Reconcilation,WI_1__FOODS_1,1540,259,22656.849609375,0.007085914445775992,rmsse,0.8012866261619078
store_dept,2,Reconcilation,Reconcilation,WI_1__FOODS_2,1540,260,43868.9296875,0.013719978194354204,rmsse,0.6128294248407767
store_dept,2,Reconcilation,Reconcilation,WI_1__FOODS_3,1540,261,95772.390625,0.029952750622283413,rmsse,0.5401897708369431
store_dept,2,Reconcilation,Reconcilation,WI_1__HOBBIES_1,1540,262,39659.94140625,0.012403619946035761,rmsse,0.6492820930869355
store_dept,2,Reconcilation,Reconcilation,WI_1__HOBBIES_2,1540,263,2205.33984375,0.0006897185498467264,rmsse,0.9984971694704424
store_dept,2,Reconcilation,Reconcilation,WI_1__HOUSEHOLD_1,1540,264,55976.08203125,0.017506481930261525,rmsse,0.7637110801541517
store_dept,2,Reconcilation,Reconcilation,WI_1__HOUSEHOLD_2,1540,265,21354.58984375,0.0066786335817331476,rmsse,0.8195929358902532
store_dept,2,Reconcilation,Reconcilation,WI_2__FOODS_1,1540,266,19961.109375,0.00624282350426604,rmsse,0.8844839430183814
store_dept,2,Reconcilation,Reconcilation,WI_2__FOODS_2,1540,267,71801.6796875,0.02245592693161156,rmsse,1.1001960436676435
store_dept,2,Reconcilation,Reconcilation,WI_2__FOODS_3,1540,268,110728.90625,0.03463039080407678,rmsse,0.6671639288779398
store_dept,2,Reconcilation,Reconcilation,WI_2__HOBBIES_1,1540,269,24740.55859375,0.007737593026326157,rmsse,0.6460194003575422
store_dept,2,Reconcilation,Reconcilation,WI_2__HOBBIES_2,1540,270,1653.8099365234375,0.0005172279430645244,rmsse,1.0181895830485799
store_dept,2,Reconcilation,Reconcilation,WI_2__HOUSEHOLD_1,1540,271,70493.734375,0.022046867916615327,rmsse,0.8301150948653238
store_dept,2,Reconcilation,Reconcilation,WI_2__HOUSEHOLD_2,1540,272,15836.2412109375,0.004952773765905339,rmsse,0.7990576756181503
store_dept,2,Reconcilation,Reconcilation,WI_3__FOODS_1,1540,273,15902.78125,0.004973584118277558,rmsse,0.809240067675659
store_dept,2,Reconcilation,Reconcilation,WI_3__FOODS_2,1540,274,38007.0390625,0.011886675851999458,rmsse,0.562146016017294
store_dept,2,Reconcilation,Reconcilation,WI_3__FOODS_3,1540,275,96118.9765625,0.03006114514065537,rmsse,0.4572932658259886
store_dept,2,Reconcilation,Reconcilation,WI_3__HOBBIES_1,1540,276,22554.451171875,0.007053889403459169,rmsse,0.508075442060946
store_dept,2,Reconcilation,Reconcilation,WI_3__HOBBIES_2,1540,277,1767.4100341796875,0.0005527562970458698,rmsse,1.0747505647257143
store_dept,2,Reconcilation,Reconcilation,WI_3__HOUSEHOLD_1,1540,278,56046.296875,0.017528441575323128,rmsse,0.6885709687474854
store_dept,2,Reconcilation,Reconcilation,WI_3__HOUSEHOLD_2,1540,279,16815.541015625,0.005259049119823451,rmsse,0.6469228584575213
store_dept,3,Reconcilation,Reconcilation,CA_1__FOODS_1,1512,0,20798.37890625,0.00651621211487982,rmsse,1.4389624732997919
store_dept,3,Reconcilation,Reconcilation,CA_1__FOODS_2,1512,1,45205.98828125,0.014163210018972985,rmsse,0.7605973381991799
store_dept,3,Reconcilation,Reconcilation,CA_1__FOODS_3,1512,2,141175.875,0.04423094468806488,rmsse,0.5354780393574906
store_dept,3,Reconcilation,Reconcilation,CA_1__HOBBIES_1,1512,3,59901.99609375,0.018767525796651408,rmsse,0.5996181372918147
store_dept,3,Reconcilation,Reconcilation,CA_1__HOBBIES_2,1512,4,2478.8896484375,0.000776645662212865,rmsse,0.9968744519789818
store_dept,3,Reconcilation,Reconcilation,CA_1__HOUSEHOLD_1,1512,5,76203.890625,0.023874972060557234,rmsse,0.7072715780909091
store_dept,3,Reconcilation,Reconcilation,CA_1__HOUSEHOLD_2,1512,6,29735.8984375,0.009316371363301112,rmsse,0.63939449241978
store_dept,3,Reconcilation,Reconcilation,CA_2__FOODS_1,1512,7,20422.220703125,0.006398360302901436,rmsse,0.4972960417719782
store_dept,3,Reconcilation,Reconcilation,CA_2__FOODS_2,1512,8,9253.8798828125,0.0028992761634852697,rmsse,0.6575432410076358
store_dept,3,Reconcilation,Reconcilation,CA_2__FOODS_3,1512,9,61328.99609375,0.019214610385784422,rmsse,0.48611954310864103
store_dept,3,Reconcilation,Reconcilation,CA_2__HOBBIES_1,1512,10,31657.66015625,0.009918466702080997,rmsse,0.5145917207491009
store_dept,3,Reconcilation,Reconcilation,CA_2__HOBBIES_2,1512,11,1792.919921875,0.0005617287082129487,rmsse,0.7491462480081443
store_dept,3,Reconcilation,Reconcilation,CA_2__HOUSEHOLD_1,1512,12,57175.609375,0.017913338350281367,rmsse,0.5251027290934317
store_dept,3,Reconcilation,Reconcilation,CA_2__HOUSEHOLD_2,1512,13,37792.71875,0.011840604158768928,rmsse,0.5075765950190401
store_dept,3,Reconcilation,Reconcilation,CA_3__FOODS_1,1512,14,30026.009765625,0.009407264358351985,rmsse,0.7359989057724239
store_dept,3,Reconcilation,Reconcilation,CA_3__FOODS_2,1512,15,58619.46484375,0.018365703822610414,rmsse,0.7141677600644802
store_dept,3,Reconcilation,Reconcilation,CA_3__FOODS_3,1512,16,198519.9375,0.062197060050384646,rmsse,0.8895430371514856
store_dept,3,Reconcilation,Reconcilation,CA_3__HOBBIES_1,1512,17,63630.62890625,0.019935720799457598,rmsse,0.9552957328648266
store_dept,3,Reconcilation,Reconcilation,CA_3__HOBBIES_2,1512,18,3086.050048828125,0.0009668713511732562,rmsse,1.5549472214012305
store_dept,3,Reconcilation,Reconcilation,CA_3__HOUSEHOLD_1,1512,19,137862.5625,0.043192871136746185,rmsse,0.6259569127850252
store_dept,3,Reconcilation,Reconcilation,CA_3__HOUSEHOLD_2,1512,20,44957.23828125,0.014085275687125167,rmsse,0.8605884426205713
store_dept,3,Reconcilation,Reconcilation,CA_4__FOODS_1,1512,21,13080.0302734375,0.004098023798631517,rmsse,1.4999330990781472
store_dept,3,Reconcilation,Reconcilation,CA_4__FOODS_2,1512,22,28154.90234375,0.008821039205631093,rmsse,0.6813555210135379
store_dept,3,Reconcilation,Reconcilation,CA_4__FOODS_3,1512,23,75317.9765625,0.02359741177699734,rmsse,0.5621585731674245
store_dept,3,Reconcilation,Reconcilation,CA_4__HOBBIES_1,1512,24,35958.12109375,0.011265817656057702,rmsse,0.6399488598872459
store_dept,3,Reconcilation,Reconcilation,CA_4__HOBBIES_2,1512,25,977.5499877929688,0.0003062701714431683,rmsse,1.2675996286990754
store_dept,3,Reconcilation,Reconcilation,CA_4__HOUSEHOLD_1,1512,26,38678.80859375,0.012118219515270614,rmsse,0.7674123376466254
store_dept,3,Reconcilation,Reconcilation,CA_4__HOUSEHOLD_2,1512,27,16356.810546875,0.005124651662842425,rmsse,0.7363511446101377
store_dept,3,Reconcilation,Reconcilation,TX_1__FOODS_1,1512,28,16213.2890625,0.005079685829714495,rmsse,1.2916000672976458
store_dept,3,Reconcilation,Reconcilation,TX_1__FOODS_2,1512,29,33652.62109375,0.010543495637665158,rmsse,0.47561173492247033
store_dept,3,Reconcilation,Reconcilation,TX_1__FOODS_3,1512,30,96530.9765625,0.03024352627544065,rmsse,0.5346892082675028
store_dept,3,Reconcilation,Reconcilation,TX_1__HOBBIES_1,1512,31,35474.83984375,0.011114403781431257,rmsse,0.7364101204127229
store_dept,3,Reconcilation,Reconcilation,TX_1__HOBBIES_2,1512,32,1744.469970703125,0.0005465491521420362,rmsse,0.8252655481749223
store_dept,3,Reconcilation,Reconcilation,TX_1__HOUSEHOLD_1,1512,33,77549.1015625,0.024296431821797193,rmsse,0.7244087806725237
store_dept,3,Reconcilation,Reconcilation,TX_1__HOUSEHOLD_2,1512,34,20462.1796875,0.006410879606413328,rmsse,0.5879188048164956
store_dept,3,Reconcilation,Reconcilation,TX_2__FOODS_1,1512,35,17930.09765625,0.0056175685660541895,rmsse,1.2389080351095731
store_dept,3,Reconcilation,Reconcilation,TX_2__FOODS_2,1512,36,38896.23828125,0.012186341072734704,rmsse,0.9887141117020181
store_dept,3,Reconcilation,Reconcilation,TX_2__FOODS_3,1512,37,119296.34375,0.0373760033851012,rmsse,1.009331959835739
store_dept,3,Reconcilation,Reconcilation,TX_2__HOBBIES_1,1512,38,54178.6328125,0.01697437406500696,rmsse,0.9971385746108801
store_dept,3,Reconcilation,Reconcilation,TX_2__HOBBIES_2,1512,39,2951.01025390625,0.0009245628639768631,rmsse,1.01743898849871
store_dept,3,Reconcilation,Reconcilation,TX_2__HOUSEHOLD_1,1512,40,77893.609375,0.0244043674446456,rmsse,1.1658515782379038
store_dept,3,Reconcilation,Reconcilation,TX_2__HOUSEHOLD_2,1512,41,27031.53125,0.008469082720772562,rmsse,1.1547852766728615
store_dept,3,Reconcilation,Reconcilation,TX_3__FOODS_1,1512,42,20486.390625,0.00641846498626246,rmsse,1.0556986053738686
store_dept,3,Reconcilation,Reconcilation,TX_3__FOODS_2,1512,43,40630.50390625,0.012729693164115666,rmsse,0.9329907599014229
store_dept,3,Reconcilation,Reconcilation,TX_3__FOODS_3,1512,44,110058.1796875,0.034481651048572697,rmsse,0.5505418622583643
store_dept,3,Reconcilation,Reconcilation,TX_3__HOBBIES_1,1512,45,64787.0390625,0.02029802854968624,rmsse,0.8500332818581487
store_dept,3,Reconcilation,Reconcilation,TX_3__HOBBIES_2,1512,46,3090.059814453125,0.0009681276261676309,rmsse,1.1660106219056205
store_dept,3,Reconcilation,Reconcilation,TX_3__HOUSEHOLD_1,1512,47,84531.9453125,0.026484183629049314,rmsse,0.9611139209826409
store_dept,3,Reconcilation,Reconcilation,TX_3__HOUSEHOLD_2,1512,48,22166.341796875,0.00694480015055206,rmsse,0.8820730575398326
store_dept,3,Reconcilation,Reconcilation,WI_1__FOODS_1,1512,49,20474.7109375,0.006414805695241339,rmsse,1.2126301314238908
store_dept,3,Reconcilation,Reconcilation,WI_1__FOODS_2,1512,50,49132.98046875,0.015393551776980686,rmsse,1.1792283481895622
store_dept,3,Reconcilation,Reconcilation,WI_1__FOODS_3,1512,51,103552.71875,0.0324434651127892,rmsse,0.8906909503452465
store_dept,3,Reconcilation,Reconcilation,WI_1__HOBBIES_1,1512,52,40821.76953125,0.012789617420155185,rmsse,0.7791160839496055
store_dept,3,Reconcilation,Reconcilation,WI_1__HOBBIES_2,1512,53,2167.6201171875,0.0006791237207352674,rmsse,0.8806058940333087
store_dept,3,Reconcilation,Reconcilation,WI_1__HOUSEHOLD_1,1512,54,57509.8984375,0.018018072399447083,rmsse,0.7783007450145998
store_dept,3,Reconcilation,Reconcilation,WI_1__HOUSEHOLD_2,1512,55,23000.927734375,0.007206279135109437,rmsse,0.7695954561086272
store_dept,3,Reconcilation,Reconcilation,WI_2__FOODS_1,1512,56,19947.970703125,0.006249775953639816,rmsse,1.003433501155686
store_dept,3,Reconcilation,Reconcilation,WI_2__FOODS_2,1512,57,75801.1640625,0.023748796279388164,rmsse,1.1529422881418743
store_dept,3,Reconcilation,Reconcilation,WI_2__FOODS_3,1512,58,113735.7421875,0.035633845526024326,rmsse,0.6541941511425176
store_dept,3,Reconcilation,Reconcilation,WI_2__HOBBIES_1,1512,59,26280.791015625,0.008233872917527175,rmsse,0.7823283307198435
store_dept,3,Reconcilation,Reconcilation,WI_2__HOBBIES_2,1512,60,1647.0899658203125,0.0005160396220279485,rmsse,0.8812531538161412
store_dept,3,Reconcilation,Reconcilation,WI_2__HOUSEHOLD_1,1512,61,77356.4375,0.024236069429909662,rmsse,0.9188325685546955
store_dept,3,Reconcilation,Reconcilation,WI_2__HOUSEHOLD_2,1512,62,17393.48046875,0.005449444337045675,rmsse,0.6066442115768633
store_dept,3,Reconcilation,Reconcilation,WI_3__FOODS_1,1512,63,14036.1796875,0.0043975890880049604,rmsse,0.9976546018107338
store_dept,3,Reconcilation,Reconcilation,WI_3__FOODS_2,1512,64,38223.19921875,0.011975475345524976,rmsse,0.6542526931715715
store_dept,3,Reconcilation,Reconcilation,WI_3__FOODS_3,1512,65,102123.6875,0.03199574412521773,rmsse,0.6128297809416137
store_dept,3,Reconcilation,Reconcilation,WI_3__HOBBIES_1,1512,66,24173.861328125,0.007573763741866289,rmsse,0.5888185125382881
store_dept,3,Reconcilation,Reconcilation,WI_3__HOBBIES_2,1512,67,1832.1600341796875,0.0005740227863399806,rmsse,0.7742933504669263
store_dept,3,Reconcilation,Reconcilation,WI_3__HOUSEHOLD_1,1512,68,58869.9453125,0.01844418031697407,rmsse,0.9663038831871869
store_dept,3,Reconcilation,Reconcilation,WI_3__HOUSEHOLD_2,1512,69,18000.98046875,0.005639776423869995,rmsse,0.6215277625877862
store_dept,3,Reconcilation,Reconcilation,CA_1__FOODS_1,1540,70,24451.181640625,0.007647090579261556,rmsse,0.5983895563985248
store_dept,3,Reconcilation,Reconcilation,CA_1__FOODS_2,1540,71,46413.765625,0.014515873918718265,rmsse,0.7417047108383569
store_dept,3,Reconcilation,Reconcilation,CA_1__FOODS_3,1540,72,149304.5,0.046694881751415125,rmsse,0.44840420444005785
store_dept,3,Reconcilation,Reconcilation,CA_1__HOBBIES_1,1540,73,59362.12890625,0.01856546580839563,rmsse,0.43897710450067845
store_dept,3,Reconcilation,Reconcilation,CA_1__HOBBIES_2,1540,74,2393.639892578125,0.0007486092632131353,rmsse,1.6243110566218086
store_dept,3,Reconcilation,Reconcilation,CA_1__HOUSEHOLD_1,1540,75,78592.515625,0.024579756294389122,rmsse,0.7304126102846562
store_dept,3,Reconcilation,Reconcilation,CA_1__HOUSEHOLD_2,1540,76,30451.748046875,0.009523763678741864,rmsse,0.7383013720627338
store_dept,3,Reconcilation,Reconcilation,CA_2__FOODS_1,1540,77,22138.810546875,0.006923898078110909,rmsse,0.4555789763102664
store_dept,3,Reconcilation,Reconcilation,CA_2__FOODS_2,1540,78,9679.9697265625,0.003027404008178683,rmsse,0.8287091624679355
store_dept,3,Reconcilation,Reconcilation,CA_2__FOODS_3,1540,79,63866.6015625,0.01997423659585399,rmsse,0.46456502200317346
store_dept,3,Reconcilation,Reconcilation,CA_2__HOBBIES_1,1540,80,32588.46875,0.010192021638603908,rmsse,0.5561143034988859
store_dept,3,Reconcilation,Reconcilation,CA_2__HOBBIES_2,1540,81,2163.630126953125,0.0006766738640287163,rmsse,0.96656641568042
store_dept,3,Reconcilation,Reconcilation,CA_2__HOUSEHOLD_1,1540,82,60113.07421875,0.018800323448781332,rmsse,0.4237843342993533
store_dept,3,Reconcilation,Reconcilation,CA_2__HOUSEHOLD_2,1540,83,39017.828125,0.012202799450076284,rmsse,0.5514580210864872
store_dept,3,Reconcilation,Reconcilation,CA_3__FOODS_1,1540,84,32409.970703125,0.010136196494742292,rmsse,0.7090349746116631
store_dept,3,Reconcilation,Reconcilation,CA_3__FOODS_2,1540,85,62273.46875,0.019475985382434523,rmsse,0.851212128269753
store_dept,3,Reconcilation,Reconcilation,CA_3__FOODS_3,1540,86,195372.03125,0.06110247110269638,rmsse,0.5148394858904801
store_dept,3,Reconcilation,Reconcilation,CA_3__HOBBIES_1,1540,87,64108.265625,0.02004981686853167,rmsse,0.8614520813216495
store_dept,3,Reconcilation,Reconcilation,CA_3__HOBBIES_2,1540,88,3834.190185546875,0.0011991403964820065,rmsse,1.37317263225397
store_dept,3,Reconcilation,Reconcilation,CA_3__HOUSEHOLD_1,1540,89,147981.203125,0.04628102154559319,rmsse,0.9003336936069304
store_dept,3,Reconcilation,Reconcilation,CA_3__HOUSEHOLD_2,1540,90,46771.66015625,0.014627805192164122,rmsse,0.5689742668555248
store_dept,3,Reconcilation,Reconcilation,CA_4__FOODS_1,1540,91,14587.7607421875,0.004562312340715659,rmsse,0.9377350796161261
store_dept,3,Reconcilation,Reconcilation,CA_4__FOODS_2,1540,92,29598.7890625,0.009257001331229246,rmsse,0.900540424508873
store_dept,3,Reconcilation,Reconcilation,CA_4__FOODS_3,1540,93,75865.8203125,0.023726984173057714,rmsse,0.6236819209702659
store_dept,3,Reconcilation,Reconcilation,CA_4__HOBBIES_1,1540,94,36829.75390625,0.01151848071281216,rmsse,0.9645216222636103
store_dept,3,Reconcilation,Reconcilation,CA_4__HOBBIES_2,1540,95,855.9199829101562,0.00026768839780892743,rmsse,1.1156644924094319
store_dept,3,Reconcilation,Reconcilation,CA_4__HOUSEHOLD_1,1540,96,39692.33984375,0.012413752535529,rmsse,0.7858265326250554
store_dept,3,Reconcilation,Reconcilation,CA_4__HOUSEHOLD_2,1540,97,17389.189453125,0.005438457282041914,rmsse,0.8124980406764728
store_dept,3,Reconcilation,Reconcilation,TX_1__FOODS_1,1540,98,18322.521484375,0.005730356245797373,rmsse,0.7551118178125825
store_dept,3,Reconcilation,Reconcilation,TX_1__FOODS_2,1540,99,33993.78515625,0.010631533397547325,rmsse,0.5402404194341713
store_dept,3,Reconcilation,Reconcilation,TX_1__FOODS_3,1540,100,95680.046875,0.02992387017670587,rmsse,0.43605621890864715
store_dept,3,Reconcilation,Reconcilation,TX_1__HOBBIES_1,1540,101,33899.9375,0.010602182606303651,rmsse,0.5582957676948179
store_dept,3,Reconcilation,Reconcilation,TX_1__HOBBIES_2,1540,102,1924.219970703125,0.0006017984990117103,rmsse,1.5395688134021697
store_dept,3,Reconcilation,Reconcilation,TX_1__HOUSEHOLD_1,1540,103,76732.2578125,0.023997961917248224,rmsse,0.6847004666323991
store_dept,3,Reconcilation,Reconcilation,TX_1__HOUSEHOLD_2,1540,104,19805.640625,0.006194200757481514,rmsse,0.5054738614854727
store_dept,3,Reconcilation,Reconcilation,TX_2__FOODS_1,1540,105,20228.873046875,0.006326566412185947,rmsse,0.5390451431726866
store_dept,3,Reconcilation,Reconcilation,TX_2__FOODS_2,1540,106,37844.7109375,0.01183590784030655,rmsse,0.41074376014723796
store_dept,3,Reconcilation,Reconcilation,TX_2__FOODS_3,1540,107,121359.46875,0.037955092061497206,rmsse,0.4467602560572227
store_dept,3,Reconcilation,Reconcilation,TX_2__HOBBIES_1,1540,108,51909.02734375,0.016234513317732426,rmsse,0.5788769566894415
store_dept,3,Reconcilation,Reconcilation,TX_2__HOBBIES_2,1540,109,2611.280029296875,0.0008166760692936209,rmsse,0.7622205539730249
store_dept,3,Reconcilation,Reconcilation,TX_2__HOUSEHOLD_1,1540,110,77544.1015625,0.02425186550291962,rmsse,0.7043214259828923
store_dept,3,Reconcilation,Reconcilation,TX_2__HOUSEHOLD_2,1540,111,25546.37109375,0.00798961034262481,rmsse,0.546173330380063
store_dept,3,Reconcilation,Reconcilation,TX_3__FOODS_1,1540,112,20938.73046875,0.006548573842469814,rmsse,1.129570814255622
store_dept,3,Reconcilation,Reconcilation,TX_3__FOODS_2,1540,113,40465.11328125,0.012655436907297413,rmsse,0.8697042953645518
store_dept,3,Reconcilation,Reconcilation,TX_3__FOODS_3,1540,114,112289.71875,0.03511853386154411,rmsse,0.6286791015112079
store_dept,3,Reconcilation,Reconcilation,TX_3__HOBBIES_1,1540,115,66964.7265625,0.020943173101626442,rmsse,0.6263891979577229
store_dept,3,Reconcilation,Reconcilation,TX_3__HOBBIES_2,1540,116,2940.64013671875,0.0009196832209179713,rmsse,0.6383716190714352
store_dept,3,Reconcilation,Reconcilation,TX_3__HOUSEHOLD_1,1540,117,84410.5234375,0.02639933431670926,rmsse,0.6761644164886604
store_dept,3,Reconcilation,Reconcilation,TX_3__HOUSEHOLD_2,1540,118,20006.357421875,0.00625697480043133,rmsse,0.8761450224291834
store_dept,3,Reconcilation,Reconcilation,WI_1__FOODS_1,1540,119,22656.849609375,0.007085914445775992,rmsse,0.7567334450557363
store_dept,3,Reconcilation,Reconcilation,WI_1__FOODS_2,1540,120,43868.9296875,0.013719978194354204,rmsse,0.6120747799661127
store_dept,3,Reconcilation,Reconcilation,WI_1__FOODS_3,1540,121,95772.390625,0.029952750622283413,rmsse,0.5416452290766182
store_dept,3,Reconcilation,Reconcilation,WI_1__HOBBIES_1,1540,122,39659.94140625,0.012403619946035761,rmsse,0.6519932211016015
store_dept,3,Reconcilation,Reconcilation,WI_1__HOBBIES_2,1540,123,2205.33984375,0.0006897185498467264,rmsse,1.0436689867775741
store_dept,3,Reconcilation,Reconcilation,WI_1__HOUSEHOLD_1,1540,124,55976.08203125,0.017506481930261525,rmsse,0.8000558350970345
store_dept,3,Reconcilation,Reconcilation,WI_1__HOUSEHOLD_2,1540,125,21354.58984375,0.0066786335817331476,rmsse,0.8040679753853592
store_dept,3,Reconcilation,Reconcilation,WI_2__FOODS_1,1540,126,19961.109375,0.00624282350426604,rmsse,0.8757442174942479
store_dept,3,Reconcilation,Reconcilation,WI_2__FOODS_2,1540,127,71801.6796875,0.02245592693161156,rmsse,1.1138631267582966
store_dept,3,Reconcilation,Reconcilation,WI_2__FOODS_3,1540,128,110728.90625,0.03463039080407678,rmsse,0.6772420073467901
store_dept,3,Reconcilation,Reconcilation,WI_2__HOBBIES_1,1540,129,24740.55859375,0.007737593026326157,rmsse,0.6006047350201422
store_dept,3,Reconcilation,Reconcilation,WI_2__HOBBIES_2,1540,130,1653.8099365234375,0.0005172279430645244,rmsse,1.1673576358488829
store_dept,3,Reconcilation,Reconcilation,WI_2__HOUSEHOLD_1,1540,131,70493.734375,0.022046867916615327,rmsse,0.9017601112238021
store_dept,3,Reconcilation,Reconcilation,WI_2__HOUSEHOLD_2,1540,132,15836.2412109375,0.004952773765905339,rmsse,0.785262812555624
store_dept,3,Reconcilation,Reconcilation,WI_3__FOODS_1,1540,133,15902.78125,0.004973584118277558,rmsse,0.8070209797962712
store_dept,3,Reconcilation,Reconcilation,WI_3__FOODS_2,1540,134,38007.0390625,0.011886675851999458,rmsse,0.5594101568963112
store_dept,3,Reconcilation,Reconcilation,WI_3__FOODS_3,1540,135,96118.9765625,0.03006114514065537,rmsse,0.45850455874829593
store_dept,3,Reconcilation,Reconcilation,WI_3__HOBBIES_1,1540,136,22554.451171875,0.007053889403459169,rmsse,0.458942482655454
store_dept,3,Reconcilation,Reconcilation,WI_3__HOBBIES_2,1540,137,1767.4100341796875,0.0005527562970458698,rmsse,1.1211118827172262
store_dept,3,Reconcilation,Reconcilation,WI_3__HOUSEHOLD_1,1540,138,56046.296875,0.017528441575323128,rmsse,0.6751117612110478
store_dept,3,Reconcilation,Reconcilation,WI_3__HOUSEHOLD_2,1540,139,16815.541015625,0.005259049119823451,rmsse,0.6374852944542395
store_dept,3,Reconcilation,Reconcilation,CA_1__FOODS_1,1568,140,24734.09765625,0.007691277342477409,rmsse,0.8673788814958404
store_dept,3,Reconcilation,Reconcilation,CA_1__FOODS_2,1568,141,49979.8515625,0.015541658533312413,rmsse,0.6279351579670325
store_dept,3,Reconcilation,Reconcilation,CA_1__FOODS_3,1568,142,152892.25,0.04754314123799244,rmsse,0.3505065557774069
store_dept,3,Reconcilation,Reconcilation,CA_1__HOBBIES_1,1568,143,58688.66796875,0.018249738821345913,rmsse,0.621153645750447
store_dept,3,Reconcilation,Reconcilation,CA_1__HOBBIES_2,1568,144,2761.23974609375,0.0008586309066711592,rmsse,0.963835072404124
store_dept,3,Reconcilation,Reconcilation,CA_1__HOUSEHOLD_1,1568,145,78979.0625,0.02455920900687728,rmsse,0.8693081193834202
store_dept,3,Reconcilation,Reconcilation,CA_1__HOUSEHOLD_2,1568,146,31702.009765625,0.009858008681377409,rmsse,0.5948856376438212
store_dept,3,Reconcilation,Reconcilation,CA_2__FOODS_1,1568,147,22142.84765625,0.006885506188393746,rmsse,0.850791876852188
store_dept,3,Reconcilation,Reconcilation,CA_2__FOODS_2,1568,148,8703.080078125,0.0027062965281749417,rmsse,3.8552697710432002
store_dept,3,Reconcilation,Reconcilation,CA_2__FOODS_3,1568,149,63661.80078125,0.019796176627709425,rmsse,1.0814383989488208
store_dept,3,Reconcilation,Reconcilation,CA_2__HOBBIES_1,1568,150,30636.279296875,0.00952661075769316,rmsse,0.5049442787281211
store_dept,3,Reconcilation,Reconcilation,CA_2__HOBBIES_2,1568,151,2045.2701416015625,0.0006359940887259616,rmsse,0.7761369051391634
store_dept,3,Reconcilation,Reconcilation,CA_2__HOUSEHOLD_1,1568,152,57442.8515625,0.017862341648768806,rmsse,0.5884156467168388
store_dept,3,Reconcilation,Reconcilation,CA_2__HOUSEHOLD_2,1568,153,39747.18359375,0.012359723683902044,rmsse,0.6816554773157917
store_dept,3,Reconcilation,Reconcilation,CA_3__FOODS_1,1568,154,30113.33984375,0.009363998301673705,rmsse,0.8112324418669906
store_dept,3,Reconcilation,Reconcilation,CA_3__FOODS_2,1568,155,66552.7578125,0.020695144223841253,rmsse,0.7362158870765859
store_dept,3,Reconcilation,Reconcilation,CA_3__FOODS_3,1568,156,189720.484375,0.05899519291776374,rmsse,0.8930378482915914
store_dept,3,Reconcilation,Reconcilation,CA_3__HOBBIES_1,1568,157,62217.99609375,0.019347213320688384,rmsse,0.8809248713026927
store_dept,3,Reconcilation,Reconcilation,CA_3__HOBBIES_2,1568,158,4088.0400390625,0.0012712107053412882,rmsse,1.1274444273921607
store_dept,3,Reconcilation,Reconcilation,CA_3__HOUSEHOLD_1,1568,159,143503.796875,0.04462372215083697,rmsse,0.8119087716345875
store_dept,3,Reconcilation,Reconcilation,CA_3__HOUSEHOLD_2,1568,160,46627.21484375,0.014499127724594439,rmsse,0.43212526731957773
store_dept,3,Reconcilation,Reconcilation,CA_4__FOODS_1,1568,161,14606.5302734375,0.004542024411224581,rmsse,0.814294907920098
store_dept,3,Reconcilation,Reconcilation,CA_4__FOODS_2,1568,162,31240.619140625,0.00971453535522608,rmsse,0.5254813013136936
store_dept,3,Reconcilation,Reconcilation,CA_4__FOODS_3,1568,163,76749.8125,0.023866004821545488,rmsse,0.9338753500841532
store_dept,3,Reconcilation,Reconcilation,CA_4__HOBBIES_1,1568,164,37439.328125,0.011642076461706972,rmsse,0.9579382160342869
store_dept,3,Reconcilation,Reconcilation,CA_4__HOBBIES_2,1568,165,1059.2000732421875,0.0003293672418415274,rmsse,1.2253214380567174
store_dept,3,Reconcilation,Reconcilation,CA_4__HOUSEHOLD_1,1568,166,39617.68359375,0.012319454561102687,rmsse,0.682437160672069
store_dept,3,Reconcilation,Reconcilation,CA_4__HOUSEHOLD_2,1568,167,17887.23828125,0.005562188377521385,rmsse,0.7913437808983235
store_dept,3,Reconcilation,Reconcilation,TX_1__FOODS_1,1568,168,17386.298828125,0.005406417008000664,rmsse,0.8128485126452502
store_dept,3,Reconcilation,Reconcilation,TX_1__FOODS_2,1568,169,33977.91015625,0.010565719201139441,rmsse,0.5597122964789125
store_dept,3,Reconcilation,Reconcilation,TX_1__FOODS_3,1568,170,92395.5,0.028731163981529025,rmsse,0.6082235397016921
store_dept,3,Reconcilation,Reconcilation,TX_1__HOBBIES_1,1568,171,34558.08203125,0.010746128563912478,rmsse,0.8237947385030524
store_dept,3,Reconcilation,Reconcilation,TX_1__HOBBIES_2,1568,172,2299.020263671875,0.0007148998402780951,rmsse,1.394374179934398
store_dept,3,Reconcilation,Reconcilation,TX_1__HOUSEHOLD_1,1568,173,74602.8359375,0.023198384259053947,rmsse,0.875712176751091
store_dept,3,Reconcilation,Reconcilation,TX_1__HOUSEHOLD_2,1568,174,20157.189453125,0.006268048937280298,rmsse,0.763037963820595
store_dept,3,Reconcilation,Reconcilation,TX_2__FOODS_1,1568,175,19872.181640625,0.006179423341910887,rmsse,0.5763901933158067
store_dept,3,Reconcilation,Reconcilation,TX_2__FOODS_2,1568,176,36956.37109375,0.01149189687870914,rmsse,0.5673522913587081
store_dept,3,Reconcilation,Reconcilation,TX_2__FOODS_3,1568,177,119084.671875,0.03703038822591146,rmsse,0.4166082431607847
store_dept,3,Reconcilation,Reconcilation,TX_2__HOBBIES_1,1568,178,53000.87890625,0.016481072595750133,rmsse,0.6022622953598483
store_dept,3,Reconcilation,Reconcilation,TX_2__HOBBIES_2,1568,179,2973.76025390625,0.000924715960157517,rmsse,1.059191759248178
store_dept,3,Reconcilation,Reconcilation,TX_2__HOUSEHOLD_1,1568,180,77294.8984375,0.02403550391462186,rmsse,0.4201904476244618
store_dept,3,Reconcilation,Reconcilation,TX_2__HOUSEHOLD_2,1568,181,25049.880859375,0.00778947280645127,rmsse,0.606445737319572
store_dept,3,Reconcilation,Reconcilation,TX_3__FOODS_1,1568,182,22153.228515625,0.0068887342046171805,rmsse,0.9350192514966612
store_dept,3,Reconcilation,Reconcilation,TX_3__FOODS_2,1568,183,44042.828125,0.013695490765996975,rmsse,0.7012190901859902
store_dept,3,Reconcilation,Reconcilation,TX_3__FOODS_3,1568,184,119319.7421875,0.037103485332324944,rmsse,0.5910817046697305
store_dept,3,Reconcilation,Reconcilation,TX_3__HOBBIES_1,1568,185,68202.71875,0.021208213564430672,rmsse,0.8374050828247672
store_dept,3,Reconcilation,Reconcilation,TX_3__HOBBIES_2,1568,186,2975.66943359375,0.0009253096357658719,rmsse,1.2692942384326258
store_dept,3,Reconcilation,Reconcilation,TX_3__HOUSEHOLD_1,1568,187,83486.5546875,0.0259608519135613,rmsse,0.9579156049048897
store_dept,3,Reconcilation,Reconcilation,TX_3__HOUSEHOLD_2,1568,188,20859.23046875,0.006486354542441599,rmsse,0.8287294647578972
store_dept,3,Reconcilation,Reconcilation,WI_1__FOODS_1,1568,189,24101.431640625,0.007494544481672906,rmsse,0.608593236223908
store_dept,3,Reconcilation,Reconcilation,WI_1__FOODS_2,1568,190,47141.1015625,0.01465892515611801,rmsse,0.858602776418231
store_dept,3,Reconcilation,Reconcilation,WI_1__FOODS_3,1568,191,100354.6015625,0.031206114083404457,rmsse,0.5153026558235605
store_dept,3,Reconcilation,Reconcilation,WI_1__HOBBIES_1,1568,192,40280.65234375,0.012525610314043895,rmsse,0.45275921777222755
store_dept,3,Reconcilation,Reconcilation,WI_1__HOBBIES_2,1568,193,2097.22998046875,0.0006521514410964449,rmsse,0.9517810528244046
store_dept,3,Reconcilation,Reconcilation,WI_1__HOUSEHOLD_1,1568,194,54714.30078125,0.017013875652827196,rmsse,0.5162411681377808
store_dept,3,Reconcilation,Reconcilation,WI_1__HOUSEHOLD_2,1568,195,20112.189453125,0.006254055805805617,rmsse,0.5472149511835265
store_dept,3,Reconcilation,Reconcilation,WI_2__FOODS_1,1568,196,23699.16796875,0.007369457182827696,rmsse,0.8825272737358271
store_dept,3,Reconcilation,Reconcilation,WI_2__FOODS_2,1568,197,71230.921875,0.02214985899687872,rmsse,1.3883544421660938
store_dept,3,Reconcilation,Reconcilation,WI_2__FOODS_3,1568,198,115341.984375,0.03586656782021942,rmsse,0.8324094374182504
store_dept,3,Reconcilation,Reconcilation,WI_2__HOBBIES_1,1568,199,23196.240234375,0.007213067540397198,rmsse,0.6213844941331248
store_dept,3,Reconcilation,Reconcilation,WI_2__HOBBIES_2,1568,200,1720.6600341796875,0.0005350538240334209,rmsse,1.2218477381713295
store_dept,3,Reconcilation,Reconcilation,WI_2__HOUSEHOLD_1,1568,201,70404.1484375,0.021892766787751816,rmsse,1.0413037179291649
store_dept,3,Reconcilation,Reconcilation,WI_2__HOUSEHOLD_2,1568,202,15589.41015625,0.004847659242869325,rmsse,0.6581254049754425
store_dept,3,Reconcilation,Reconcilation,WI_3__FOODS_1,1568,203,15337.44140625,0.0047693074240635295,rmsse,0.7890554639078666
store_dept,3,Reconcilation,Reconcilation,WI_3__FOODS_2,1568,204,38973.4453125,0.012119123206201506,rmsse,0.7999028114562701
store_dept,3,Reconcilation,Reconcilation,WI_3__FOODS_3,1568,205,98666.4765625,0.03068117730405569,rmsse,0.579005286039616
store_dept,3,Reconcilation,Reconcilation,WI_3__HOBBIES_1,1568,206,23429.779296875,0.007285688491642444,rmsse,0.5430193413399748
store_dept,3,Reconcilation,Reconcilation,WI_3__HOBBIES_2,1568,207,1851.639892578125,0.0005757831213468502,rmsse,1.0305404990989215
store_dept,3,Reconcilation,Reconcilation,WI_3__HOUSEHOLD_1,1568,208,55413.02734375,0.017231150600691948,rmsse,0.6239977785474579
store_dept,3,Reconcilation,Reconcilation,WI_3__HOUSEHOLD_2,1568,209,16017.609375,0.004980811419876527,rmsse,0.5998305539390196
store_dept,3,Reconcilation,Reconcilation,CA_1__FOODS_1,1596,210,26331.73046875,0.008154859679883933,rmsse,1.0990974522062231
store_dept,3,Reconcilation,Reconcilation,CA_1__FOODS_2,1596,211,45251.66015625,0.01401430640093937,rmsse,0.7905109214486888
store_dept,3,Reconcilation,Reconcilation,CA_1__FOODS_3,1596,212,146573.25,0.04539330554036653,rmsse,0.5008387782232084
store_dept,3,Reconcilation,Reconcilation,CA_1__HOBBIES_1,1596,213,60027.98046875,0.018590489454174776,rmsse,0.8293420192155166
store_dept,3,Reconcilation,Reconcilation,CA_1__HOBBIES_2,1596,214,2619.36962890625,0.0008112110899369284,rmsse,1.1123030111554868
store_dept,3,Reconcilation,Reconcilation,CA_1__HOUSEHOLD_1,1596,215,79974.875,0.02476798417465411,rmsse,0.8687153272891728
store_dept,3,Reconcilation,Reconcilation,CA_1__HOUSEHOLD_2,1596,216,31534.091796875,0.009766015721651207,rmsse,0.886536231896007
store_dept,3,Reconcilation,Reconcilation,CA_2__FOODS_1,1596,217,27951.109375,0.008656376576568906,rmsse,0.945859861601692
store_dept,3,Reconcilation,Reconcilation,CA_2__FOODS_2,1596,218,17952.560546875,0.005559855336060478,rmsse,2.910003348126506
store_dept,3,Reconcilation,Reconcilation,CA_2__FOODS_3,1596,219,78281.2109375,0.0242434613830001,rmsse,1.052879710576127
store_dept,3,Reconcilation,Reconcilation,CA_2__HOBBIES_1,1596,220,33544.53125,0.010388642922495224,rmsse,0.8225721567498876
store_dept,3,Reconcilation,Reconcilation,CA_2__HOBBIES_2,1596,221,2168.360107421875,0.0006715347642065872,rmsse,0.8157705363132183
store_dept,3,Reconcilation,Reconcilation,CA_2__HOUSEHOLD_1,1596,222,68323.4921875,0.02115958509790861,rmsse,0.4839830910606408
store_dept,3,Reconcilation,Reconcilation,CA_2__HOUSEHOLD_2,1596,223,38737.14453125,0.011996780022742005,rmsse,0.7301289954404898
store_dept,3,Reconcilation,Reconcilation,CA_3__FOODS_1,1596,224,34189.80859375,0.010588483422880662,rmsse,0.747971555034165
store_dept,3,Reconcilation,Reconcilation,CA_3__FOODS_2,1596,225,63535.1796875,0.0196766587635655,rmsse,0.8589599786523044
store_dept,3,Reconcilation,Reconcilation,CA_3__FOODS_3,1596,226,187992.265625,0.058220653173354404,rmsse,1.0111868203535745
store_dept,3,Reconcilation,Reconcilation,CA_3__HOBBIES_1,1596,227,64246.328125,0.019896899348447062,rmsse,1.1168836157576527
store_dept,3,Reconcilation,Reconcilation,CA_3__HOBBIES_2,1596,228,4041.859619140625,0.0012517520669216237,rmsse,1.279702907399089
store_dept,3,Reconcilation,Reconcilation,CA_3__HOUSEHOLD_1,1596,229,152808.59375,0.047324373207849955,rmsse,0.9802480935300553
store_dept,3,Reconcilation,Reconcilation,CA_3__HOUSEHOLD_2,1596,230,45664.46875,0.014142152011415925,rmsse,0.7341646587210069
store_dept,3,Reconcilation,Reconcilation,CA_4__FOODS_1,1596,231,15752.80078125,0.0048785961898218525,rmsse,1.186753937057368
store_dept,3,Reconcilation,Reconcilation,CA_4__FOODS_2,1596,232,30225.689453125,0.009360807354097268,rmsse,0.7288704538370271
store_dept,3,Reconcilation,Reconcilation,CA_4__FOODS_3,1596,233,70638.1796875,0.02187643702633325,rmsse,0.7890610797163982
store_dept,3,Reconcilation,Reconcilation,CA_4__HOBBIES_1,1596,234,38089.93359375,0.011796340694044548,rmsse,0.9574174867611362
store_dept,3,Reconcilation,Reconcilation,CA_4__HOBBIES_2,1596,235,1153.1400146484375,0.000357124079705944,rmsse,0.9553146702035098
store_dept,3,Reconcilation,Reconcilation,CA_4__HOUSEHOLD_1,1596,236,41152.2265625,0.012744723842979193,rmsse,1.1304615141142447
store_dept,3,Reconcilation,Reconcilation,CA_4__HOUSEHOLD_2,1596,237,17097.33984375,0.005294995993162643,rmsse,1.200357945834848
store_dept,3,Reconcilation,Reconcilation,TX_1__FOODS_1,1596,238,18849.791015625,0.005837724980133289,rmsse,1.283028440559736
store_dept,3,Reconcilation,Reconcilation,TX_1__FOODS_2,1596,239,37259.6796875,0.011539213494896757,rmsse,1.0728898998018452
store_dept,3,Reconcilation,Reconcilation,TX_1__FOODS_3,1596,240,88144.6484375,0.027298139041548364,rmsse,1.040333975659219
store_dept,3,Reconcilation,Reconcilation,TX_1__HOBBIES_1,1596,241,36143.015625,0.01119338591056599,rmsse,0.7398915778740142
store_dept,3,Reconcilation,Reconcilation,TX_1__HOBBIES_2,1596,242,2238.2001953125,0.0006931640345446959,rmsse,0.9341356894820164
store_dept,3,Reconcilation,Reconcilation,TX_1__HOUSEHOLD_1,1596,243,78086.3046875,0.02418309948914855,rmsse,0.920418970901721
store_dept,3,Reconcilation,Reconcilation,TX_1__HOUSEHOLD_2,1596,244,22220.810546875,0.0068817198397995265,rmsse,0.671403159915308
store_dept,3,Reconcilation,Reconcilation,TX_2__FOODS_1,1596,245,19820.150390625,0.006138242431942088,rmsse,0.5849544599922522
store_dept,3,Reconcilation,Reconcilation,TX_2__FOODS_2,1596,246,37893.8203125,0.011735604986155796,rmsse,0.7330298034506613
store_dept,3,Reconcilation,Reconcilation,TX_2__FOODS_3,1596,247,114576.3828125,0.03548396963782827,rmsse,1.070966211619001
store_dept,3,Reconcilation,Reconcilation,TX_2__HOBBIES_1,1596,248,54462.125,0.01686676034339577,rmsse,0.9350578488249618
store_dept,3,Reconcilation,Reconcilation,TX_2__HOBBIES_2,1596,249,2512.300537109375,0.0007780521063033862,rmsse,0.7426557533409509
store_dept,3,Reconcilation,Reconcilation,TX_2__HOUSEHOLD_1,1596,250,77887.6484375,0.024121576231297927,rmsse,0.7458616616354995
store_dept,3,Reconcilation,Reconcilation,TX_2__HOUSEHOLD_2,1596,251,24927.701171875,0.007720035925476679,rmsse,0.6711194503762004
store_dept,3,Reconcilation,Reconcilation,TX_3__FOODS_1,1596,252,21142.181640625,0.006547671631780139,rmsse,0.9587281813865502
store_dept,3,Reconcilation,Reconcilation,TX_3__FOODS_2,1596,253,45245.96875,0.01401254378911995,rmsse,1.226511518860011
store_dept,3,Reconcilation,Reconcilation,TX_3__FOODS_3,1596,254,106946.4609375,0.033121005216141496,rmsse,1.5840078843143657
store_dept,3,Reconcilation,Reconcilation,TX_3__HOBBIES_1,1596,255,67417.1484375,0.02087889309736723,rmsse,0.9718958864754853
store_dept,3,Reconcilation,Reconcilation,TX_3__HOBBIES_2,1596,256,2404.300048828125,0.0007446046719109608,rmsse,0.9079989628554782
store_dept,3,Reconcilation,Reconcilation,TX_3__HOUSEHOLD_1,1596,257,85098.3515625,0.02635470983592224,rmsse,0.9323050374187815
store_dept,3,Reconcilation,Reconcilation,TX_3__HOUSEHOLD_2,1596,258,20591.720703125,0.006377195494258634,rmsse,0.9099127082926195
store_dept,3,Reconcilation,Reconcilation,WI_1__FOODS_1,1596,259,25224.0390625,0.007811810900871769,rmsse,0.5922088645682987
store_dept,3,Reconcilation,Reconcilation,WI_1__FOODS_2,1596,260,46714.1875,0.014467246828854998,rmsse,1.2769882726350932
store_dept,3,Reconcilation,Reconcilation,WI_1__FOODS_3,1596,261,100135.8125,0.03101176737464274,rmsse,0.6799303531677723
store_dept,3,Reconcilation,Reconcilation,WI_1__HOBBIES_1,1596,262,40949.796875,0.01268203196260451,rmsse,0.7317925578396637
store_dept,3,Reconcilation,Reconcilation,WI_1__HOBBIES_2,1596,263,1603.5899658203125,0.0004966271081520493,rmsse,0.7696006229046204
store_dept,3,Reconcilation,Reconcilation,WI_1__HOUSEHOLD_1,1596,264,56959.1953125,0.017640095693816745,rmsse,0.8591413360940056
store_dept,3,Reconcilation,Reconcilation,WI_1__HOUSEHOLD_2,1596,265,20450.490234375,0.006333456832397905,rmsse,0.8506192386595757
store_dept,3,Reconcilation,Reconcilation,WI_2__FOODS_1,1596,266,23508.76171875,0.007280594539418966,rmsse,1.0731252613865634
store_dept,3,Reconcilation,Reconcilation,WI_2__FOODS_2,1596,267,66753.375,0.020673324411007225,rmsse,1.7315232885775735
store_dept,3,Reconcilation,Reconcilation,WI_2__FOODS_3,1596,268,102143.78125,0.03163362940597696,rmsse,0.6800159261951467
store_dept,3,Reconcilation,Reconcilation,WI_2__HOBBIES_1,1596,269,25548.8984375,0.007912418896307685,rmsse,0.7114353463818983
store_dept,3,Reconcilation,Reconcilation,WI_2__HOBBIES_2,1596,270,1623.669921875,0.0005028458116359904,rmsse,1.4901628537858973
store_dept,3,Reconcilation,Reconcilation,WI_2__HOUSEHOLD_1,1596,271,74207.4765625,0.022981837797696036,rmsse,1.2123627749185744
store_dept,3,Reconcilation,Reconcilation,WI_2__HOUSEHOLD_2,1596,272,14592.5400390625,0.004519266841686298,rmsse,0.8381294418295657
store_dept,3,Reconcilation,Reconcilation,WI_3__FOODS_1,1596,273,15536.7607421875,0.004811689223495345,rmsse,0.9901321960258174
store_dept,3,Reconcilation,Reconcilation,WI_3__FOODS_2,1596,274,34308.12890625,0.010625126876559586,rmsse,0.8521396068538089
store_dept,3,Reconcilation,Reconcilation,WI_3__FOODS_3,1596,275,88682.1171875,0.027464591536714766,rmsse,0.711568094269734
store_dept,3,Reconcilation,Reconcilation,WI_3__HOBBIES_1,1596,276,23948.30859375,0.007416720917159708,rmsse,0.845493499542621
store_dept,3,Reconcilation,Reconcilation,WI_3__HOBBIES_2,1596,277,1526.830078125,0.00047285479611422834,rmsse,0.9296698800668518
store_dept,3,Reconcilation,Reconcilation,WI_3__HOUSEHOLD_1,1596,278,58163.8984375,0.018013188717533962,rmsse,0.739624634056912
store_dept,3,Reconcilation,Reconcilation,WI_3__HOUSEHOLD_2,1596,279,16652.259765625,0.005157155998646192,rmsse,0.8308425074542223
store_dept,4,Reconcilation,Reconcilation,CA_1__FOODS_1,1568,0,24734.09765625,0.007691277342477409,rmsse,0.9451436481682918
store_dept,4,Reconcilation,Reconcilation,CA_1__FOODS_2,1568,1,49979.8515625,0.015541658533312413,rmsse,0.6326126129621121
store_dept,4,Reconcilation,Reconcilation,CA_1__FOODS_3,1568,2,152892.25,0.04754314123799244,rmsse,0.39845444542080766
store_dept,4,Reconcilation,Reconcilation,CA_1__HOBBIES_1,1568,3,58688.66796875,0.018249738821345913,rmsse,0.6253929920959399
store_dept,4,Reconcilation,Reconcilation,CA_1__HOBBIES_2,1568,4,2761.23974609375,0.0008586309066711592,rmsse,0.955367058405359
store_dept,4,Reconcilation,Reconcilation,CA_1__HOUSEHOLD_1,1568,5,78979.0625,0.02455920900687728,rmsse,0.8531610406079496
store_dept,4,Reconcilation,Reconcilation,CA_1__HOUSEHOLD_2,1568,6,31702.009765625,0.009858008681377409,rmsse,0.6289253562447867
store_dept,4,Reconcilation,Reconcilation,CA_2__FOODS_1,1568,7,22142.84765625,0.006885506188393746,rmsse,0.8653822059491967
store_dept,4,Reconcilation,Reconcilation,CA_2__FOODS_2,1568,8,8703.080078125,0.0027062965281749417,rmsse,3.842926581480787
store_dept,4,Reconcilation,Reconcilation,CA_2__FOODS_3,1568,9,63661.80078125,0.019796176627709425,rmsse,1.1160562390143614
store_dept,4,Reconcilation,Reconcilation,CA_2__HOBBIES_1,1568,10,30636.279296875,0.00952661075769316,rmsse,0.5189320500681638
store_dept,4,Reconcilation,Reconcilation,CA_2__HOBBIES_2,1568,11,2045.2701416015625,0.0006359940887259616,rmsse,0.8165194290985259
store_dept,4,Reconcilation,Reconcilation,CA_2__HOUSEHOLD_1,1568,12,57442.8515625,0.017862341648768806,rmsse,0.7004528139254549
store_dept,4,Reconcilation,Reconcilation,CA_2__HOUSEHOLD_2,1568,13,39747.18359375,0.012359723683902044,rmsse,0.6871007904104348
store_dept,4,Reconcilation,Reconcilation,CA_3__FOODS_1,1568,14,30113.33984375,0.009363998301673705,rmsse,0.7925863139521453
store_dept,4,Reconcilation,Reconcilation,CA_3__FOODS_2,1568,15,66552.7578125,0.020695144223841253,rmsse,0.7210520082087505
store_dept,4,Reconcilation,Reconcilation,CA_3__FOODS_3,1568,16,189720.484375,0.05899519291776374,rmsse,0.9015720895192559
store_dept,4,Reconcilation,Reconcilation,CA_3__HOBBIES_1,1568,17,62217.99609375,0.019347213320688384,rmsse,0.9035588068660437
store_dept,4,Reconcilation,Reconcilation,CA_3__HOBBIES_2,1568,18,4088.0400390625,0.0012712107053412882,rmsse,1.1522469491333802
store_dept,4,Reconcilation,Reconcilation,CA_3__HOUSEHOLD_1,1568,19,143503.796875,0.04462372215083697,rmsse,0.8210946045554383
store_dept,4,Reconcilation,Reconcilation,CA_3__HOUSEHOLD_2,1568,20,46627.21484375,0.014499127724594439,rmsse,0.49958965842129494
store_dept,4,Reconcilation,Reconcilation,CA_4__FOODS_1,1568,21,14606.5302734375,0.004542024411224581,rmsse,0.8530842424049982
store_dept,4,Reconcilation,Reconcilation,CA_4__FOODS_2,1568,22,31240.619140625,0.00971453535522608,rmsse,0.5423070501675823
store_dept,4,Reconcilation,Reconcilation,CA_4__FOODS_3,1568,23,76749.8125,0.023866004821545488,rmsse,0.9170509147638979
store_dept,4,Reconcilation,Reconcilation,CA_4__HOBBIES_1,1568,24,37439.328125,0.011642076461706972,rmsse,0.9824200279140377
store_dept,4,Reconcilation,Reconcilation,CA_4__HOBBIES_2,1568,25,1059.2000732421875,0.0003293672418415274,rmsse,1.194325980373791
store_dept,4,Reconcilation,Reconcilation,CA_4__HOUSEHOLD_1,1568,26,39617.68359375,0.012319454561102687,rmsse,0.7213182721722047
store_dept,4,Reconcilation,Reconcilation,CA_4__HOUSEHOLD_2,1568,27,17887.23828125,0.005562188377521385,rmsse,0.6971022883841759
store_dept,4,Reconcilation,Reconcilation,TX_1__FOODS_1,1568,28,17386.298828125,0.005406417008000664,rmsse,0.7735149554573734
store_dept,4,Reconcilation,Reconcilation,TX_1__FOODS_2,1568,29,33977.91015625,0.010565719201139441,rmsse,0.5515445588192676
store_dept,4,Reconcilation,Reconcilation,TX_1__FOODS_3,1568,30,92395.5,0.028731163981529025,rmsse,0.5384251437623
store_dept,4,Reconcilation,Reconcilation,TX_1__HOBBIES_1,1568,31,34558.08203125,0.010746128563912478,rmsse,0.7997226429911586
store_dept,4,Reconcilation,Reconcilation,TX_1__HOBBIES_2,1568,32,2299.020263671875,0.0007148998402780951,rmsse,1.4016799244617535
store_dept,4,Reconcilation,Reconcilation,TX_1__HOUSEHOLD_1,1568,33,74602.8359375,0.023198384259053947,rmsse,0.8251902313753897
store_dept,4,Reconcilation,Reconcilation,TX_1__HOUSEHOLD_2,1568,34,20157.189453125,0.006268048937280298,rmsse,0.7152185548204778
store_dept,4,Reconcilation,Reconcilation,TX_2__FOODS_1,1568,35,19872.181640625,0.006179423341910887,rmsse,0.5464115610789367
store_dept,4,Reconcilation,Reconcilation,TX_2__FOODS_2,1568,36,36956.37109375,0.01149189687870914,rmsse,0.5415656685030492
store_dept,4,Reconcilation,Reconcilation,TX_2__FOODS_3,1568,37,119084.671875,0.03703038822591146,rmsse,0.3444179424314386
store_dept,4,Reconcilation,Reconcilation,TX_2__HOBBIES_1,1568,38,53000.87890625,0.016481072595750133,rmsse,0.5754298912367898
store_dept,4,Reconcilation,Reconcilation,TX_2__HOBBIES_2,1568,39,2973.76025390625,0.000924715960157517,rmsse,1.0184212825506331
store_dept,4,Reconcilation,Reconcilation,TX_2__HOUSEHOLD_1,1568,40,77294.8984375,0.02403550391462186,rmsse,0.402244238327093
store_dept,4,Reconcilation,Reconcilation,TX_2__HOUSEHOLD_2,1568,41,25049.880859375,0.00778947280645127,rmsse,0.560316017636575
store_dept,4,Reconcilation,Reconcilation,TX_3__FOODS_1,1568,42,22153.228515625,0.0068887342046171805,rmsse,0.9208125798558716
store_dept,4,Reconcilation,Reconcilation,TX_3__FOODS_2,1568,43,44042.828125,0.013695490765996975,rmsse,0.6899043164546643
store_dept,4,Reconcilation,Reconcilation,TX_3__FOODS_3,1568,44,119319.7421875,0.037103485332324944,rmsse,0.5903040721662102
store_dept,4,Reconcilation,Reconcilation,TX_3__HOBBIES_1,1568,45,68202.71875,0.021208213564430672,rmsse,0.8487320005841903
store_dept,4,Reconcilation,Reconcilation,TX_3__HOBBIES_2,1568,46,2975.66943359375,0.0009253096357658719,rmsse,1.2005810070309442
store_dept,4,Reconcilation,Reconcilation,TX_3__HOUSEHOLD_1,1568,47,83486.5546875,0.0259608519135613,rmsse,0.8488594423743374
store_dept,4,Reconcilation,Reconcilation,TX_3__HOUSEHOLD_2,1568,48,20859.23046875,0.006486354542441599,rmsse,0.799223196041304
store_dept,4,Reconcilation,Reconcilation,WI_1__FOODS_1,1568,49,24101.431640625,0.007494544481672906,rmsse,0.6105897614873512
store_dept,4,Reconcilation,Reconcilation,WI_1__FOODS_2,1568,50,47141.1015625,0.01465892515611801,rmsse,0.8821077446682972
store_dept,4,Reconcilation,Reconcilation,WI_1__FOODS_3,1568,51,100354.6015625,0.031206114083404457,rmsse,0.5134507257362948
store_dept,4,Reconcilation,Reconcilation,WI_1__HOBBIES_1,1568,52,40280.65234375,0.012525610314043895,rmsse,0.448536837502006
store_dept,4,Reconcilation,Reconcilation,WI_1__HOBBIES_2,1568,53,2097.22998046875,0.0006521514410964449,rmsse,0.9173337332071594
store_dept,4,Reconcilation,Reconcilation,WI_1__HOUSEHOLD_1,1568,54,54714.30078125,0.017013875652827196,rmsse,0.566400102282522
store_dept,4,Reconcilation,Reconcilation,WI_1__HOUSEHOLD_2,1568,55,20112.189453125,0.006254055805805617,rmsse,0.48883614358314337
store_dept,4,Reconcilation,Reconcilation,WI_2__FOODS_1,1568,56,23699.16796875,0.007369457182827696,rmsse,0.9250423690226143
store_dept,4,Reconcilation,Reconcilation,WI_2__FOODS_2,1568,57,71230.921875,0.02214985899687872,rmsse,1.4223706029234884
store_dept,4,Reconcilation,Reconcilation,WI_2__FOODS_3,1568,58,115341.984375,0.03586656782021942,rmsse,0.781908939268118
store_dept,4,Reconcilation,Reconcilation,WI_2__HOBBIES_1,1568,59,23196.240234375,0.007213067540397198,rmsse,0.6188585345291138
store_dept,4,Reconcilation,Reconcilation,WI_2__HOBBIES_2,1568,60,1720.6600341796875,0.0005350538240334209,rmsse,1.1799456782624202
store_dept,4,Reconcilation,Reconcilation,WI_2__HOUSEHOLD_1,1568,61,70404.1484375,0.021892766787751816,rmsse,1.005590835607019
store_dept,4,Reconcilation,Reconcilation,WI_2__HOUSEHOLD_2,1568,62,15589.41015625,0.004847659242869325,rmsse,0.66321137916518
store_dept,4,Reconcilation,Reconcilation,WI_3__FOODS_1,1568,63,15337.44140625,0.0047693074240635295,rmsse,0.8110857633081237
store_dept,4,Reconcilation,Reconcilation,WI_3__FOODS_2,1568,64,38973.4453125,0.012119123206201506,rmsse,0.8302832577798628
store_dept,4,Reconcilation,Reconcilation,WI_3__FOODS_3,1568,65,98666.4765625,0.03068117730405569,rmsse,0.5724500184910714
store_dept,4,Reconcilation,Reconcilation,WI_3__HOBBIES_1,1568,66,23429.779296875,0.007285688491642444,rmsse,0.5269574686189129
store_dept,4,Reconcilation,Reconcilation,WI_3__HOBBIES_2,1568,67,1851.639892578125,0.0005757831213468502,rmsse,0.9937732701543475
store_dept,4,Reconcilation,Reconcilation,WI_3__HOUSEHOLD_1,1568,68,55413.02734375,0.017231150600691948,rmsse,0.6450321852361425
store_dept,4,Reconcilation,Reconcilation,WI_3__HOUSEHOLD_2,1568,69,16017.609375,0.004980811419876527,rmsse,0.5903207151301733
store_dept,4,Reconcilation,Reconcilation,CA_1__FOODS_1,1596,70,26331.73046875,0.008154859679883933,rmsse,1.0872290272596195
store_dept,4,Reconcilation,Reconcilation,CA_1__FOODS_2,1596,71,45251.66015625,0.01401430640093937,rmsse,0.760149919979837
store_dept,4,Reconcilation,Reconcilation,CA_1__FOODS_3,1596,72,146573.25,0.04539330554036653,rmsse,0.5614444912511513
store_dept,4,Reconcilation,Reconcilation,CA_1__HOBBIES_1,1596,73,60027.98046875,0.018590489454174776,rmsse,0.7852960092642853
store_dept,4,Reconcilation,Reconcilation,CA_1__HOBBIES_2,1596,74,2619.36962890625,0.0008112110899369284,rmsse,0.9549542677452322
store_dept,4,Reconcilation,Reconcilation,CA_1__HOUSEHOLD_1,1596,75,79974.875,0.02476798417465411,rmsse,0.8119456211000138
store_dept,4,Reconcilation,Reconcilation,CA_1__HOUSEHOLD_2,1596,76,31534.091796875,0.009766015721651207,rmsse,0.8880127932340565
store_dept,4,Reconcilation,Reconcilation,CA_2__FOODS_1,1596,77,27951.109375,0.008656376576568906,rmsse,0.8783779494861301
store_dept,4,Reconcilation,Reconcilation,CA_2__FOODS_2,1596,78,17952.560546875,0.005559855336060478,rmsse,2.856517624938169
store_dept,4,Reconcilation,Reconcilation,CA_2__FOODS_3,1596,79,78281.2109375,0.0242434613830001,rmsse,0.9991520186623337
store_dept,4,Reconcilation,Reconcilation,CA_2__HOBBIES_1,1596,80,33544.53125,0.010388642922495224,rmsse,0.8179385216176971
store_dept,4,Reconcilation,Reconcilation,CA_2__HOBBIES_2,1596,81,2168.360107421875,0.0006715347642065872,rmsse,0.8626977709645788
store_dept,4,Reconcilation,Reconcilation,CA_2__HOUSEHOLD_1,1596,82,68323.4921875,0.02115958509790861,rmsse,0.43920182952835646
store_dept,4,Reconcilation,Reconcilation,CA_2__HOUSEHOLD_2,1596,83,38737.14453125,0.011996780022742005,rmsse,0.7945320377618402
store_dept,4,Reconcilation,Reconcilation,CA_3__FOODS_1,1596,84,34189.80859375,0.010588483422880662,rmsse,0.8185059446422425
store_dept,4,Reconcilation,Reconcilation,CA_3__FOODS_2,1596,85,63535.1796875,0.0196766587635655,rmsse,0.7812608021849744
store_dept,4,Reconcilation,Reconcilation,CA_3__FOODS_3,1596,86,187992.265625,0.058220653173354404,rmsse,1.0227069304663392
store_dept,4,Reconcilation,Reconcilation,CA_3__HOBBIES_1,1596,87,64246.328125,0.019896899348447062,rmsse,1.066860909613739
store_dept,4,Reconcilation,Reconcilation,CA_3__HOBBIES_2,1596,88,4041.859619140625,0.0012517520669216237,rmsse,1.3447772338847246
store_dept,4,Reconcilation,Reconcilation,CA_3__HOUSEHOLD_1,1596,89,152808.59375,0.047324373207849955,rmsse,0.9095917757998189
store_dept,4,Reconcilation,Reconcilation,CA_3__HOUSEHOLD_2,1596,90,45664.46875,0.014142152011415925,rmsse,0.689989922023009
store_dept,4,Reconcilation,Reconcilation,CA_4__FOODS_1,1596,91,15752.80078125,0.0048785961898218525,rmsse,1.1265832633080155
store_dept,4,Reconcilation,Reconcilation,CA_4__FOODS_2,1596,92,30225.689453125,0.009360807354097268,rmsse,0.7342877453725046
store_dept,4,Reconcilation,Reconcilation,CA_4__FOODS_3,1596,93,70638.1796875,0.02187643702633325,rmsse,0.780038199122799
store_dept,4,Reconcilation,Reconcilation,CA_4__HOBBIES_1,1596,94,38089.93359375,0.011796340694044548,rmsse,0.958821559395242
store_dept,4,Reconcilation,Reconcilation,CA_4__HOBBIES_2,1596,95,1153.1400146484375,0.000357124079705944,rmsse,1.0867975101897496
store_dept,4,Reconcilation,Reconcilation,CA_4__HOUSEHOLD_1,1596,96,41152.2265625,0.012744723842979193,rmsse,1.1077408773841602
store_dept,4,Reconcilation,Reconcilation,CA_4__HOUSEHOLD_2,1596,97,17097.33984375,0.005294995993162643,rmsse,1.181494315299789
store_dept,4,Reconcilation,Reconcilation,TX_1__FOODS_1,1596,98,18849.791015625,0.005837724980133289,rmsse,1.2371628549980989
store_dept,4,Reconcilation,Reconcilation,TX_1__FOODS_2,1596,99,37259.6796875,0.011539213494896757,rmsse,1.1172064154050318
store_dept,4,Reconcilation,Reconcilation,TX_1__FOODS_3,1596,100,88144.6484375,0.027298139041548364,rmsse,1.0117176591523895
store_dept,4,Reconcilation,Reconcilation,TX_1__HOBBIES_1,1596,101,36143.015625,0.01119338591056599,rmsse,0.7581039567654995
store_dept,4,Reconcilation,Reconcilation,TX_1__HOBBIES_2,1596,102,2238.2001953125,0.0006931640345446959,rmsse,1.1701772903321142
store_dept,4,Reconcilation,Reconcilation,TX_1__HOUSEHOLD_1,1596,103,78086.3046875,0.02418309948914855,rmsse,0.8383183073106436
store_dept,4,Reconcilation,Reconcilation,TX_1__HOUSEHOLD_2,1596,104,22220.810546875,0.0068817198397995265,rmsse,0.7335837406341704
store_dept,4,Reconcilation,Reconcilation,TX_2__FOODS_1,1596,105,19820.150390625,0.006138242431942088,rmsse,0.6327914154490761
store_dept,4,Reconcilation,Reconcilation,TX_2__FOODS_2,1596,106,37893.8203125,0.011735604986155796,rmsse,0.7829583994938567
store_dept,4,Reconcilation,Reconcilation,TX_2__FOODS_3,1596,107,114576.3828125,0.03548396963782827,rmsse,1.1021474853476954
store_dept,4,Reconcilation,Reconcilation,TX_2__HOBBIES_1,1596,108,54462.125,0.01686676034339577,rmsse,0.9833344410154854
store_dept,4,Reconcilation,Reconcilation,TX_2__HOBBIES_2,1596,109,2512.300537109375,0.0007780521063033862,rmsse,0.742944607380251
store_dept,4,Reconcilation,Reconcilation,TX_2__HOUSEHOLD_1,1596,110,77887.6484375,0.024121576231297927,rmsse,0.7296206802841309
store_dept,4,Reconcilation,Reconcilation,TX_2__HOUSEHOLD_2,1596,111,24927.701171875,0.007720035925476679,rmsse,0.707151213399525
store_dept,4,Reconcilation,Reconcilation,TX_3__FOODS_1,1596,112,21142.181640625,0.006547671631780139,rmsse,0.9577399083554246
store_dept,4,Reconcilation,Reconcilation,TX_3__FOODS_2,1596,113,45245.96875,0.01401254378911995,rmsse,1.2866853794149202
store_dept,4,Reconcilation,Reconcilation,TX_3__FOODS_3,1596,114,106946.4609375,0.033121005216141496,rmsse,1.5882752502392594
store_dept,4,Reconcilation,Reconcilation,TX_3__HOBBIES_1,1596,115,67417.1484375,0.02087889309736723,rmsse,1.0254565162062037
store_dept,4,Reconcilation,Reconcilation,TX_3__HOBBIES_2,1596,116,2404.300048828125,0.0007446046719109608,rmsse,0.9535768786391662
store_dept,4,Reconcilation,Reconcilation,TX_3__HOUSEHOLD_1,1596,117,85098.3515625,0.02635470983592224,rmsse,0.9382301126899778
store_dept,4,Reconcilation,Reconcilation,TX_3__HOUSEHOLD_2,1596,118,20591.720703125,0.006377195494258634,rmsse,0.9419098412801206
store_dept,4,Reconcilation,Reconcilation,WI_1__FOODS_1,1596,119,25224.0390625,0.007811810900871769,rmsse,0.6404591221902876
store_dept,4,Reconcilation,Reconcilation,WI_1__FOODS_2,1596,120,46714.1875,0.014467246828854998,rmsse,1.157105555866986
store_dept,4,Reconcilation,Reconcilation,WI_1__FOODS_3,1596,121,100135.8125,0.03101176737464274,rmsse,0.7266114296228003
store_dept,4,Reconcilation,Reconcilation,WI_1__HOBBIES_1,1596,122,40949.796875,0.01268203196260451,rmsse,0.712154572659801
store_dept,4,Reconcilation,Reconcilation,WI_1__HOBBIES_2,1596,123,1603.5899658203125,0.0004966271081520493,rmsse,0.7740570831233603
store_dept,4,Reconcilation,Reconcilation,WI_1__HOUSEHOLD_1,1596,124,56959.1953125,0.017640095693816745,rmsse,0.8417523470963918
store_dept,4,Reconcilation,Reconcilation,WI_1__HOUSEHOLD_2,1596,125,20450.490234375,0.006333456832397905,rmsse,0.8558165820662114
store_dept,4,Reconcilation,Reconcilation,WI_2__FOODS_1,1596,126,23508.76171875,0.007280594539418966,rmsse,1.103860844611998
store_dept,4,Reconcilation,Reconcilation,WI_2__FOODS_2,1596,127,66753.375,0.020673324411007225,rmsse,1.6824160745030663
store_dept,4,Reconcilation,Reconcilation,WI_2__FOODS_3,1596,128,102143.78125,0.03163362940597696,rmsse,0.7135503963682136
store_dept,4,Reconcilation,Reconcilation,WI_2__HOBBIES_1,1596,129,25548.8984375,0.007912418896307685,rmsse,0.6905951080486135
store_dept,4,Reconcilation,Reconcilation,WI_2__HOBBIES_2,1596,130,1623.669921875,0.0005028458116359904,rmsse,1.668589117883593
store_dept,4,Reconcilation,Reconcilation,WI_2__HOUSEHOLD_1,1596,131,74207.4765625,0.022981837797696036,rmsse,1.1943794106349226
store_dept,4,Reconcilation,Reconcilation,WI_2__HOUSEHOLD_2,1596,132,14592.5400390625,0.004519266841686298,rmsse,0.8184544993293754
store_dept,4,Reconcilation,Reconcilation,WI_3__FOODS_1,1596,133,15536.7607421875,0.004811689223495345,rmsse,1.0046862969803367
store_dept,4,Reconcilation,Reconcilation,WI_3__FOODS_2,1596,134,34308.12890625,0.010625126876559586,rmsse,0.8524187022329046
store_dept,4,Reconcilation,Reconcilation,WI_3__FOODS_3,1596,135,88682.1171875,0.027464591536714766,rmsse,0.7143293809353378
store_dept,4,Reconcilation,Reconcilation,WI_3__HOBBIES_1,1596,136,23948.30859375,0.007416720917159708,rmsse,0.8185838124035519
store_dept,4,Reconcilation,Reconcilation,WI_3__HOBBIES_2,1596,137,1526.830078125,0.00047285479611422834,rmsse,0.9649606889648222
store_dept,4,Reconcilation,Reconcilation,WI_3__HOUSEHOLD_1,1596,138,58163.8984375,0.018013188717533962,rmsse,0.7510213199500149
store_dept,4,Reconcilation,Reconcilation,WI_3__HOUSEHOLD_2,1596,139,16652.259765625,0.005157155998646192,rmsse,0.7786835899828586
store_dept,4,Reconcilation,Reconcilation,CA_1__FOODS_1,1624,140,25160.0625,0.00775828189631965,rmsse,0.6803287274130125
store_dept,4,Reconcilation,Reconcilation,CA_1__FOODS_2,1624,141,46006.33984375,0.014186377856799642,rmsse,0.6062677873542391
store_dept,4,Reconcilation,Reconcilation,CA_1__FOODS_3,1624,142,148846.640625,0.04589790654490363,rmsse,0.4312014124071105
store_dept,4,Reconcilation,Reconcilation,CA_1__HOBBIES_1,1624,143,60510.26953125,0.018658766393991246,rmsse,0.6106855954141749
store_dept,4,Reconcilation,Reconcilation,CA_1__HOBBIES_2,1624,144,2418.80029296875,0.0007458540503924471,rmsse,0.9792551377364438
store_dept,4,Reconcilation,Reconcilation,CA_1__HOUSEHOLD_1,1624,145,82320.9140625,0.025384231746625407,rmsse,1.1924220330754887
store_dept,4,Reconcilation,Reconcilation,CA_1__HOUSEHOLD_2,1624,146,32967.875,0.01016587569178849,rmsse,0.6386115513766162
store_dept,4,Reconcilation,Reconcilation,CA_2__FOODS_1,1624,147,30523.529296875,0.009412144534844766,rmsse,0.6482451162826499
store_dept,4,Reconcilation,Reconcilation,CA_2__FOODS_2,1624,148,31124.482421875,0.009597452649648704,rmsse,2.4214115776289526
store_dept,4,Reconcilation,Reconcilation,CA_2__FOODS_3,1624,149,97447.96875,0.030048765251924472,rmsse,0.844088587625835
store_dept,4,Reconcilation,Reconcilation,CA_2__HOBBIES_1,1624,150,37659.7265625,0.01161264105803362,rmsse,0.7219223323033772
store_dept,4,Reconcilation,Reconcilation,CA_2__HOBBIES_2,1624,151,2399.219970703125,0.0007398163205673522,rmsse,0.8771269659675185
store_dept,4,Reconcilation,Reconcilation,CA_2__HOUSEHOLD_1,1624,152,73837.1796875,0.022768212696007106,rmsse,0.7638664091409666
store_dept,4,Reconcilation,Reconcilation,CA_2__HOUSEHOLD_2,1624,153,41157.75390625,0.01269128234574293,rmsse,0.6934795677582941
store_dept,4,Reconcilation,Reconcilation,CA_3__FOODS_1,1624,154,32442.298828125,0.010003810589629274,rmsse,0.422676049123113
store_dept,4,Reconcilation,Reconcilation,CA_3__FOODS_2,1624,155,59986.6015625,0.01849728969966127,rmsse,0.747197042048559
store_dept,4,Reconcilation,Reconcilation,CA_3__FOODS_3,1624,156,197184.515625,0.06080322963458444,rmsse,0.5293461516408082
store_dept,4,Reconcilation,Reconcilation,CA_3__HOBBIES_1,1624,157,63904.91796875,0.019705530070235136,rmsse,0.830864042282717
store_dept,4,Reconcilation,Reconcilation,CA_3__HOBBIES_2,1624,158,2858.419677734375,0.00088141377382709,rmsse,1.0886588373023844
store_dept,4,Reconcilation,Reconcilation,CA_3__HOUSEHOLD_1,1624,159,148563.140625,0.04581048732972455,rmsse,0.7352913481493801
store_dept,4,Reconcilation,Reconcilation,CA_3__HOUSEHOLD_2,1624,160,48734.01171875,0.015027474627799823,rmsse,0.7249605359261493
store_dept,4,Reconcilation,Reconcilation,CA_4__FOODS_1,1624,161,16265.689453125,0.00501563952853206,rmsse,0.8108822182630909
store_dept,4,Reconcilation,Reconcilation,CA_4__FOODS_2,1624,162,29917.572265625,0.00922529343042106,rmsse,0.6476504195699981
store_dept,4,Reconcilation,Reconcilation,CA_4__FOODS_3,1624,163,68934.734375,0.021256509268574607,rmsse,0.6117468669215356
store_dept,4,Reconcilation,Reconcilation,CA_4__HOBBIES_1,1624,164,37411.66015625,0.011536148040232314,rmsse,1.0369846057275203
store_dept,4,Reconcilation,Reconcilation,CA_4__HOBBIES_2,1624,165,1039.8800048828125,0.00032065429949655784,rmsse,1.149904423080831
store_dept,4,Reconcilation,Reconcilation,CA_4__HOUSEHOLD_1,1624,166,40933.09765625,0.012622008013961359,rmsse,0.8570353731547378
store_dept,4,Reconcilation,Reconcilation,CA_4__HOUSEHOLD_2,1624,167,18039.01953125,0.005562458306955853,rmsse,0.7331099645917227
store_dept,4,Reconcilation,Reconcilation,TX_1__FOODS_1,1624,168,21930.087890625,0.006762296550993652,rmsse,0.8809544490549228
store_dept,4,Reconcilation,Reconcilation,TX_1__FOODS_2,1624,169,34228.7890625,0.010554687394617474,rmsse,0.4807258644237269
store_dept,4,Reconcilation,Reconcilation,TX_1__FOODS_3,1624,170,86418.9609375,0.026647893268951985,rmsse,0.7114523954825469
store_dept,4,Reconcilation,Reconcilation,TX_1__HOBBIES_1,1624,171,33551.19140625,0.010345745400555535,rmsse,0.6805926782557755
store_dept,4,Reconcilation,Reconcilation,TX_1__HOBBIES_2,1624,172,1931.5499267578125,0.0005956069794581266,rmsse,0.9564164515086739
store_dept,4,Reconcilation,Reconcilation,TX_1__HOUSEHOLD_1,1624,173,74356.7890625,0.02292843789446281,rmsse,0.7237382246673952
store_dept,4,Reconcilation,Reconcilation,TX_1__HOUSEHOLD_2,1624,174,22354.48046875,0.006893160981707988,rmsse,0.6472374436224315
store_dept,4,Reconcilation,Reconcilation,TX_2__FOODS_1,1624,175,19976.830078125,0.006159995792576868,rmsse,0.5681536097336206
store_dept,4,Reconcilation,Reconcilation,TX_2__FOODS_2,1624,176,37078.7890625,0.011433504901708762,rmsse,0.46592710713499985
store_dept,4,Reconcilation,Reconcilation,TX_2__FOODS_3,1624,177,113429.046875,0.03497664287944855,rmsse,0.49254495940658677
store_dept,4,Reconcilation,Reconcilation,TX_2__HOBBIES_1,1624,178,51169.67578125,0.015778528739911434,rmsse,0.54944063012669
store_dept,4,Reconcilation,Reconcilation,TX_2__HOBBIES_2,1624,179,2199.139892578125,0.0006781202239089512,rmsse,0.7061069007896487
store_dept,4,Reconcilation,Reconcilation,TX_2__HOUSEHOLD_1,1624,180,76414.90625,0.023563072777277014,rmsse,0.5380394255243189
store_dept,4,Reconcilation,Reconcilation,TX_2__HOUSEHOLD_2,1624,181,23722.28125,0.0073149319546117215,rmsse,0.7999533814370917
store_dept,4,Reconcilation,Reconcilation,TX_3__FOODS_1,1624,182,22082.470703125,0.0068092848609602515,rmsse,0.802526174907559
store_dept,4,Reconcilation,Reconcilation,TX_3__FOODS_2,1624,183,42509.01953125,0.01310795458713965,rmsse,0.7865162890863444
store_dept,4,Reconcilation,Reconcilation,TX_3__FOODS_3,1624,184,104308.2890625,0.032164193179952186,rmsse,0.87736618472814
store_dept,4,Reconcilation,Reconcilation,TX_3__HOBBIES_1,1624,185,59840.76953125,0.018452321369079802,rmsse,0.7008702552857996
store_dept,4,Reconcilation,Reconcilation,TX_3__HOBBIES_2,1624,186,2073.419921875,0.0006393535883844213,rmsse,0.714830725254777
store_dept,4,Reconcilation,Reconcilation,TX_3__HOUSEHOLD_1,1624,187,81220.8828125,0.0250450293884333,rmsse,0.9165996452658294
store_dept,4,Reconcilation,Reconcilation,TX_3__HOUSEHOLD_2,1624,188,20123.478515625,0.0062052158677567215,rmsse,0.686864599574452
store_dept,4,Reconcilation,Reconcilation,WI_1__FOODS_1,1624,189,25423.91796875,0.007839643582382554,rmsse,0.737671419552394
store_dept,4,Reconcilation,Reconcilation,WI_1__FOODS_2,1624,190,42341.2578125,0.013056224083470448,rmsse,0.7231095699367478
store_dept,4,Reconcilation,Reconcilation,WI_1__FOODS_3,1624,191,97071.984375,0.029932827830470868,rmsse,0.6538337073109272
store_dept,4,Reconcilation,Reconcilation,WI_1__HOBBIES_1,1624,192,40741.6171875,0.012562963667223273,rmsse,0.5935604875469727
store_dept,4,Reconcilation,Reconcilation,WI_1__HOBBIES_2,1624,193,1798.02001953125,0.0005544320951805903,rmsse,0.6570913058373484
store_dept,4,Reconcilation,Reconcilation,WI_1__HOUSEHOLD_1,1624,194,56416.28515625,0.01739635757205855,rmsse,0.8674331899577239
store_dept,4,Reconcilation,Reconcilation,WI_1__HOUSEHOLD_2,1624,195,21228.759765625,0.0065460371003040006,rmsse,0.6893046663223689
store_dept,4,Reconcilation,Reconcilation,WI_2__FOODS_1,1624,196,26710.19921875,0.00823627743555563,rmsse,0.9635409358047625
store_dept,4,Reconcilation,Reconcilation,WI_2__FOODS_2,1624,197,62901.23828125,0.019396038392730956,rmsse,1.0625383133601833
store_dept,4,Reconcilation,Reconcilation,WI_2__FOODS_3,1624,198,99853.703125,0.030790590334788093,rmsse,0.4182805360499118
store_dept,4,Reconcilation,Reconcilation,WI_2__HOBBIES_1,1624,199,25532.91796875,0.007873254497566045,rmsse,0.7638072122077438
store_dept,4,Reconcilation,Reconcilation,WI_2__HOBBIES_2,1624,200,1728.610107421875,0.0005330290615218582,rmsse,1.0036439733179248
store_dept,4,Reconcilation,Reconcilation,WI_2__HOUSEHOLD_1,1624,201,72415.1875,0.022329731422560777,rmsse,1.367760338262818
store_dept,4,Reconcilation,Reconcilation,WI_2__HOUSEHOLD_2,1624,202,14586.6005859375,0.0044978806890771635,rmsse,0.8363818722319826
store_dept,4,Reconcilation,Reconcilation,WI_3__FOODS_1,1624,203,17540.94140625,0.005408872420587712,rmsse,1.0657492415928453
store_dept,4,Reconcilation,Reconcilation,WI_3__FOODS_2,1624,204,34435.890625,0.01061854861527395,rmsse,0.6515971150169318
store_dept,4,Reconcilation,Reconcilation,WI_3__FOODS_3,1624,205,93742.9453125,0.02890629526558814,rmsse,0.5993744889893495
store_dept,4,Reconcilation,Reconcilation,WI_3__HOBBIES_1,1624,206,24035.97265625,0.007411660901852629,rmsse,0.5983948395331999
store_dept,4,Reconcilation,Reconcilation,WI_3__HOBBIES_2,1624,207,1554.800048828125,0.0004794335098022968,rmsse,1.0234980361115735
store_dept,4,Reconcilation,Reconcilation,WI_3__HOUSEHOLD_1,1624,208,56742.44140625,0.017496930141373372,rmsse,0.8517557129935217
store_dept,4,Reconcilation,Reconcilation,WI_3__HOUSEHOLD_2,1624,209,16673.650390625,0.005141437147509033,rmsse,0.7482309589382519
store_dept,4,Reconcilation,Reconcilation,CA_1__FOODS_1,1652,210,23662.16796875,0.007056877359764568,rmsse,0.790674341983972
store_dept,4,Reconcilation,Reconcilation,CA_1__FOODS_2,1652,211,47362.37109375,0.01412509811939724,rmsse,0.524224935593942
store_dept,4,Reconcilation,Reconcilation,CA_1__FOODS_3,1652,212,144993.96875,0.04324221925588584,rmsse,0.5210204110926121
store_dept,4,Reconcilation,Reconcilation,CA_1__HOBBIES_1,1652,213,63171.7890625,0.01884001367075619,rmsse,0.6105828175709157
store_dept,4,Reconcilation,Reconcilation,CA_1__HOBBIES_2,1652,214,2275.669921875,0.0006786835243155129,rmsse,0.9503384465126289
store_dept,4,Reconcilation,Reconcilation,CA_1__HOUSEHOLD_1,1652,215,88054.125,0.026260787344888636,rmsse,1.0543731664080573
store_dept,4,Reconcilation,Reconcilation,CA_1__HOUSEHOLD_2,1652,216,31743.599609375,0.009467039947340194,rmsse,0.6276045285330113
store_dept,4,Reconcilation,Reconcilation,CA_2__FOODS_1,1652,217,31989.572265625,0.009540397505755983,rmsse,0.857621036232505
store_dept,4,Reconcilation,Reconcilation,CA_2__FOODS_2,1652,218,34864.50390625,0.010397801613122275,rmsse,1.770001351449438
store_dept,4,Reconcilation,Reconcilation,CA_2__FOODS_3,1652,219,107377.265625,0.03202361659097454,rmsse,0.9212993594409831
store_dept,4,Reconcilation,Reconcilation,CA_2__HOBBIES_1,1652,220,39379.01953125,0.011744186405354348,rmsse,0.588421967773117
store_dept,4,Reconcilation,Reconcilation,CA_2__HOBBIES_2,1652,221,2282.85009765625,0.0006808249012162581,rmsse,0.9885195261463643
store_dept,4,Reconcilation,Reconcilation,CA_2__HOUSEHOLD_1,1652,222,81681.859375,0.024360357211907713,rmsse,0.7980401270776667
store_dept,4,Reconcilation,Reconcilation,CA_2__HOUSEHOLD_2,1652,223,43652.03125,0.01301854637506969,rmsse,0.5983067122621726
store_dept,4,Reconcilation,Reconcilation,CA_3__FOODS_1,1652,224,30407.76953125,0.009068649189263311,rmsse,0.7374769406328866
store_dept,4,Reconcilation,Reconcilation,CA_3__FOODS_2,1652,225,60516.58984375,0.018048141375824996,rmsse,0.5396994537104194
store_dept,4,Reconcilation,Reconcilation,CA_3__FOODS_3,1652,226,199674.40625,0.05954981803235399,rmsse,0.6820150435942276
store_dept,4,Reconcilation,Reconcilation,CA_3__HOBBIES_1,1652,227,63912.03125,0.019060779508468538,rmsse,0.7487509326769385
store_dept,4,Reconcilation,Reconcilation,CA_3__HOBBIES_2,1652,228,3338.1298828125,0.0009955458529870927,rmsse,0.5752023337219356
store_dept,4,Reconcilation,Reconcilation,CA_3__HOUSEHOLD_1,1652,229,158728.515625,0.047338336442477376,rmsse,1.0115192244837332
store_dept,4,Reconcilation,Reconcilation,CA_3__HOUSEHOLD_2,1652,230,50305.3984375,0.015002810722008543,rmsse,0.6230475988311178
store_dept,4,Reconcilation,Reconcilation,CA_4__FOODS_1,1652,231,15817.8603515625,0.004717433362077339,rmsse,0.8436644937078055
store_dept,4,Reconcilation,Reconcilation,CA_4__FOODS_2,1652,232,29603.3203125,0.008828734592833495,rmsse,0.8517328663544466
store_dept,4,Reconcilation,Reconcilation,CA_4__FOODS_3,1652,233,72280.03125,0.021556406698018466,rmsse,0.6480042111273788
store_dept,4,Reconcilation,Reconcilation,CA_4__HOBBIES_1,1652,234,37314.78125,0.011128559113241858,rmsse,0.8042275940855395
store_dept,4,Reconcilation,Reconcilation,CA_4__HOBBIES_2,1652,235,955.0700073242188,0.0002848349280834094,rmsse,1.0781166234552872
store_dept,4,Reconcilation,Reconcilation,CA_4__HOUSEHOLD_1,1652,236,42354.97265625,0.01263171861538973,rmsse,0.8366296871831962
store_dept,4,Reconcilation,Reconcilation,CA_4__HOUSEHOLD_2,1652,237,17378.869140625,0.005182980204466295,rmsse,0.9545951215107786
store_dept,4,Reconcilation,Reconcilation,TX_1__FOODS_1,1652,238,18274.689453125,0.005450144823111863,rmsse,0.7974101226092242
store_dept,4,Reconcilation,Reconcilation,TX_1__FOODS_2,1652,239,35006.0703125,0.010440021614623754,rmsse,0.5105509802751812
store_dept,4,Reconcilation,Reconcilation,TX_1__FOODS_3,1652,240,98201.3828125,0.029287050788512913,rmsse,0.7959067693358662
store_dept,4,Reconcilation,Reconcilation,TX_1__HOBBIES_1,1652,241,32443.16796875,0.009675675441915372,rmsse,0.7043784715457719
store_dept,4,Reconcilation,Reconcilation,TX_1__HOBBIES_2,1652,242,1930.1600341796875,0.0005756405188194846,rmsse,0.9996066285771859
store_dept,4,Reconcilation,Reconcilation,TX_1__HOUSEHOLD_1,1652,243,76577.7265625,0.022838128169609798,rmsse,0.7038920489821902
store_dept,4,Reconcilation,Reconcilation,TX_1__HOUSEHOLD_2,1652,244,22704.08984375,0.006771145306888969,rmsse,0.8460391759192395
store_dept,4,Reconcilation,Reconcilation,TX_2__FOODS_1,1652,245,20035.91015625,0.005975401786964276,rmsse,0.5273041930106863
store_dept,4,Reconcilation,Reconcilation,TX_2__FOODS_2,1652,246,37252.27734375,0.011109918285339065,rmsse,0.4703561978692499
store_dept,4,Reconcilation,Reconcilation,TX_2__FOODS_3,1652,247,122841.0234375,0.03663544432155414,rmsse,0.6680416011700081
store_dept,4,Reconcilation,Reconcilation,TX_2__HOBBIES_1,1652,248,51654.75390625,0.015405235219640044,rmsse,0.4746434623350937
store_dept,4,Reconcilation,Reconcilation,TX_2__HOBBIES_2,1652,249,2219.860107421875,0.0006620391062475211,rmsse,0.9722918514487647
store_dept,4,Reconcilation,Reconcilation,TX_2__HOUSEHOLD_1,1652,250,81358.4296875,0.024263899286234597,rmsse,0.5710662109250604
store_dept,4,Reconcilation,Reconcilation,TX_2__HOUSEHOLD_2,1652,251,27193.521484375,0.008110049186904444,rmsse,0.6668916831729594
store_dept,4,Reconcilation,Reconcilation,TX_3__FOODS_1,1652,252,19327.861328125,0.005764237123126117,rmsse,0.9615324038810829
store_dept,4,Reconcilation,Reconcilation,TX_3__FOODS_2,1652,253,44188.9609375,0.013178677389290716,rmsse,0.7430146479983122
store_dept,4,Reconcilation,Reconcilation,TX_3__FOODS_3,1652,254,115939.4921875,0.03457716886301823,rmsse,0.7411252525580648
store_dept,4,Reconcilation,Reconcilation,TX_3__HOBBIES_1,1652,255,57851.109375,0.01725320285634283,rmsse,0.6695789807039912
store_dept,4,Reconcilation,Reconcilation,TX_3__HOBBIES_2,1652,256,1895.169921875,0.0005652052564350459,rmsse,0.6807032520533278
store_dept,4,Reconcilation,Reconcilation,TX_3__HOUSEHOLD_1,1652,257,83664.546875,0.024951663238841362,rmsse,0.9710602915477278
store_dept,4,Reconcilation,Reconcilation,TX_3__HOUSEHOLD_2,1652,258,20860.408203125,0.0062212956377663865,rmsse,0.7549731095935935
store_dept,4,Reconcilation,Reconcilation,WI_1__FOODS_1,1652,259,23627.060546875,0.007046407111606556,rmsse,0.5855150349495545
store_dept,4,Reconcilation,Reconcilation,WI_1__FOODS_2,1652,260,43098.01953125,0.012853320907975785,rmsse,0.6119912355727081
store_dept,4,Reconcilation,Reconcilation,WI_1__FOODS_3,1652,261,102168.3125,0.03047012650399544,rmsse,0.5472008954619407
store_dept,4,Reconcilation,Reconcilation,WI_1__HOBBIES_1,1652,262,40841.12890625,0.012180238019879426,rmsse,0.5061265817899357
store_dept,4,Reconcilation,Reconcilation,WI_1__HOBBIES_2,1652,263,1814.68994140625,0.000541203341106143,rmsse,0.7857648604820966
store_dept,4,Reconcilation,Reconcilation,WI_1__HOUSEHOLD_1,1652,264,58247.74609375,0.01737149365219445,rmsse,0.47927179248115004
store_dept,4,Reconcilation,Reconcilation,WI_1__HOUSEHOLD_2,1652,265,20765.3984375,0.006192960437674785,rmsse,0.6777598957193566
store_dept,4,Reconcilation,Reconcilation,WI_2__FOODS_1,1652,266,24753.580078125,0.007382374221040894,rmsse,0.9062252485680351
store_dept,4,Reconcilation,Reconcilation,WI_2__FOODS_2,1652,267,66855.8671875,0.01993873326171892,rmsse,0.9121982471788914
store_dept,4,Reconcilation,Reconcilation,WI_2__FOODS_3,1652,268,105534.65625,0.031474086708568993,rmsse,0.5404894756145783
store_dept,4,Reconcilation,Reconcilation,WI_2__HOBBIES_1,1652,269,24957.23046875,0.007443109815209896,rmsse,0.5684323677597474
store_dept,4,Reconcilation,Reconcilation,WI_2__HOBBIES_2,1652,270,1253.5899658203125,0.00037386391052200496,rmsse,1.0369674833904396
store_dept,4,Reconcilation,Reconcilation,WI_2__HOUSEHOLD_1,1652,271,80228.53125,0.02392692447002344,rmsse,1.4410998368146377
store_dept,4,Reconcilation,Reconcilation,WI_2__HOUSEHOLD_2,1652,272,14206.798828125,0.004236959062133701,rmsse,1.3065250132052044
store_dept,4,Reconcilation,Reconcilation,WI_3__FOODS_1,1652,273,16847.0,0.005024358420452635,rmsse,0.7070457391726214
store_dept,4,Reconcilation,Reconcilation,WI_3__FOODS_2,1652,274,34251.7265625,0.010215050202964211,rmsse,0.4304657418280622
store_dept,4,Reconcilation,Reconcilation,WI_3__FOODS_3,1652,275,98458.6640625,0.029363780960938987,rmsse,0.5161437644425929
store_dept,4,Reconcilation,Reconcilation,WI_3__HOBBIES_1,1652,276,22253.138671875,0.006636656061467045,rmsse,0.7382759855898742
store_dept,4,Reconcilation,Reconcilation,WI_3__HOBBIES_2,1652,277,1597.989990234375,0.0004765759163787681,rmsse,0.7967965648989137
store_dept,4,Reconcilation,Reconcilation,WI_3__HOUSEHOLD_1,1652,278,58157.7265625,0.017344646712689427,rmsse,0.726965118429948
store_dept,4,Reconcilation,Reconcilation,WI_3__HOUSEHOLD_2,1652,279,16646.919921875,0.0049646876170281575,rmsse,0.9708444770094393
store_dept,5,Reconcilation,Reconcilation,CA_1__FOODS_1,1624,0,25160.0625,0.00775828189631965,rmsse,0.702413336409013
store_dept,5,Reconcilation,Reconcilation,CA_1__FOODS_2,1624,1,46006.33984375,0.014186377856799642,rmsse,0.5786990515241781
store_dept,5,Reconcilation,Reconcilation,CA_1__FOODS_3,1624,2,148846.640625,0.04589790654490363,rmsse,0.44796546879505944
store_dept,5,Reconcilation,Reconcilation,CA_1__HOBBIES_1,1624,3,60510.26953125,0.018658766393991246,rmsse,0.5434155764278517
store_dept,5,Reconcilation,Reconcilation,CA_1__HOBBIES_2,1624,4,2418.80029296875,0.0007458540503924471,rmsse,0.9410968233942598
store_dept,5,Reconcilation,Reconcilation,CA_1__HOUSEHOLD_1,1624,5,82320.9140625,0.025384231746625407,rmsse,1.0600312832405425
store_dept,5,Reconcilation,Reconcilation,CA_1__HOUSEHOLD_2,1624,6,32967.875,0.01016587569178849,rmsse,0.643368332663712
store_dept,5,Reconcilation,Reconcilation,CA_2__FOODS_1,1624,7,30523.529296875,0.009412144534844766,rmsse,0.6364517489211798
store_dept,5,Reconcilation,Reconcilation,CA_2__FOODS_2,1624,8,31124.482421875,0.009597452649648704,rmsse,2.4170178087678504
store_dept,5,Reconcilation,Reconcilation,CA_2__FOODS_3,1624,9,97447.96875,0.030048765251924472,rmsse,0.8143135334654261
store_dept,5,Reconcilation,Reconcilation,CA_2__HOBBIES_1,1624,10,37659.7265625,0.01161264105803362,rmsse,0.6732114911548996
store_dept,5,Reconcilation,Reconcilation,CA_2__HOBBIES_2,1624,11,2399.219970703125,0.0007398163205673522,rmsse,0.9003015359690325
store_dept,5,Reconcilation,Reconcilation,CA_2__HOUSEHOLD_1,1624,12,73837.1796875,0.022768212696007106,rmsse,0.6906590032344572
store_dept,5,Reconcilation,Reconcilation,CA_2__HOUSEHOLD_2,1624,13,41157.75390625,0.01269128234574293,rmsse,0.638327564704895
store_dept,5,Reconcilation,Reconcilation,CA_3__FOODS_1,1624,14,32442.298828125,0.010003810589629274,rmsse,0.4359997934183511
store_dept,5,Reconcilation,Reconcilation,CA_3__FOODS_2,1624,15,59986.6015625,0.01849728969966127,rmsse,0.8312756915274111
store_dept,5,Reconcilation,Reconcilation,CA_3__FOODS_3,1624,16,197184.515625,0.06080322963458444,rmsse,0.5378059184139731
store_dept,5,Reconcilation,Reconcilation,CA_3__HOBBIES_1,1624,17,63904.91796875,0.019705530070235136,rmsse,0.7291585676711765
store_dept,5,Reconcilation,Reconcilation,CA_3__HOBBIES_2,1624,18,2858.419677734375,0.00088141377382709,rmsse,1.0337872911734538
store_dept,5,Reconcilation,Reconcilation,CA_3__HOUSEHOLD_1,1624,19,148563.140625,0.04581048732972455,rmsse,0.7105862567184913
store_dept,5,Reconcilation,Reconcilation,CA_3__HOUSEHOLD_2,1624,20,48734.01171875,0.015027474627799823,rmsse,0.619646615324805
store_dept,5,Reconcilation,Reconcilation,CA_4__FOODS_1,1624,21,16265.689453125,0.00501563952853206,rmsse,0.7529594253003241
store_dept,5,Reconcilation,Reconcilation,CA_4__FOODS_2,1624,22,29917.572265625,0.00922529343042106,rmsse,0.6178245517435221
store_dept,5,Reconcilation,Reconcilation,CA_4__FOODS_3,1624,23,68934.734375,0.021256509268574607,rmsse,0.573191469220582
store_dept,5,Reconcilation,Reconcilation,CA_4__HOBBIES_1,1624,24,37411.66015625,0.011536148040232314,rmsse,1.0356049135620358
store_dept,5,Reconcilation,Reconcilation,CA_4__HOBBIES_2,1624,25,1039.8800048828125,0.00032065429949655784,rmsse,1.3714798256951797
store_dept,5,Reconcilation,Reconcilation,CA_4__HOUSEHOLD_1,1624,26,40933.09765625,0.012622008013961359,rmsse,0.8127126135121486
store_dept,5,Reconcilation,Reconcilation,CA_4__HOUSEHOLD_2,1624,27,18039.01953125,0.005562458306955853,rmsse,0.721661740063077
store_dept,5,Reconcilation,Reconcilation,TX_1__FOODS_1,1624,28,21930.087890625,0.006762296550993652,rmsse,0.8857055716223555
store_dept,5,Reconcilation,Reconcilation,TX_1__FOODS_2,1624,29,34228.7890625,0.010554687394617474,rmsse,0.46799173614404965
store_dept,5,Reconcilation,Reconcilation,TX_1__FOODS_3,1624,30,86418.9609375,0.026647893268951985,rmsse,0.6933867591192063
store_dept,5,Reconcilation,Reconcilation,TX_1__HOBBIES_1,1624,31,33551.19140625,0.010345745400555535,rmsse,0.6778055836798944
store_dept,5,Reconcilation,Reconcilation,TX_1__HOBBIES_2,1624,32,1931.5499267578125,0.0005956069794581266,rmsse,1.0066038603684297
store_dept,5,Reconcilation,Reconcilation,TX_1__HOUSEHOLD_1,1624,33,74356.7890625,0.02292843789446281,rmsse,0.716727828359432
store_dept,5,Reconcilation,Reconcilation,TX_1__HOUSEHOLD_2,1624,34,22354.48046875,0.006893160981707988,rmsse,0.5950594044163269
store_dept,5,Reconcilation,Reconcilation,TX_2__FOODS_1,1624,35,19976.830078125,0.006159995792576868,rmsse,0.5689741561301576
store_dept,5,Reconcilation,Reconcilation,TX_2__FOODS_2,1624,36,37078.7890625,0.011433504901708762,rmsse,0.4876285732949228
store_dept,5,Reconcilation,Reconcilation,TX_2__FOODS_3,1624,37,113429.046875,0.03497664287944855,rmsse,0.5436019557466482
store_dept,5,Reconcilation,Reconcilation,TX_2__HOBBIES_1,1624,38,51169.67578125,0.015778528739911434,rmsse,0.4994412312691455
store_dept,5,Reconcilation,Reconcilation,TX_2__HOBBIES_2,1624,39,2199.139892578125,0.0006781202239089512,rmsse,0.8126041880139727
store_dept,5,Reconcilation,Reconcilation,TX_2__HOUSEHOLD_1,1624,40,76414.90625,0.023563072777277014,rmsse,0.48631990515392415
store_dept,5,Reconcilation,Reconcilation,TX_2__HOUSEHOLD_2,1624,41,23722.28125,0.0073149319546117215,rmsse,0.8069258098934711
store_dept,5,Reconcilation,Reconcilation,TX_3__FOODS_1,1624,42,22082.470703125,0.0068092848609602515,rmsse,0.7987597276081496
store_dept,5,Reconcilation,Reconcilation,TX_3__FOODS_2,1624,43,42509.01953125,0.01310795458713965,rmsse,0.7716520127346933
store_dept,5,Reconcilation,Reconcilation,TX_3__FOODS_3,1624,44,104308.2890625,0.032164193179952186,rmsse,0.9298645953147361
store_dept,5,Reconcilation,Reconcilation,TX_3__HOBBIES_1,1624,45,59840.76953125,0.018452321369079802,rmsse,0.6636374318395154
store_dept,5,Reconcilation,Reconcilation,TX_3__HOBBIES_2,1624,46,2073.419921875,0.0006393535883844213,rmsse,0.8340459120219673
store_dept,5,Reconcilation,Reconcilation,TX_3__HOUSEHOLD_1,1624,47,81220.8828125,0.0250450293884333,rmsse,0.851397047080933
store_dept,5,Reconcilation,Reconcilation,TX_3__HOUSEHOLD_2,1624,48,20123.478515625,0.0062052158677567215,rmsse,0.6679272462882925
store_dept,5,Reconcilation,Reconcilation,WI_1__FOODS_1,1624,49,25423.91796875,0.007839643582382554,rmsse,0.7171860128184308
store_dept,5,Reconcilation,Reconcilation,WI_1__FOODS_2,1624,50,42341.2578125,0.013056224083470448,rmsse,0.6713878055797218
store_dept,5,Reconcilation,Reconcilation,WI_1__FOODS_3,1624,51,97071.984375,0.029932827830470868,rmsse,0.6384281000476808
store_dept,5,Reconcilation,Reconcilation,WI_1__HOBBIES_1,1624,52,40741.6171875,0.012562963667223273,rmsse,0.6019637549711839
store_dept,5,Reconcilation,Reconcilation,WI_1__HOBBIES_2,1624,53,1798.02001953125,0.0005544320951805903,rmsse,0.6968482141964498
store_dept,5,Reconcilation,Reconcilation,WI_1__HOUSEHOLD_1,1624,54,56416.28515625,0.01739635757205855,rmsse,0.8288530939029791
store_dept,5,Reconcilation,Reconcilation,WI_1__HOUSEHOLD_2,1624,55,21228.759765625,0.0065460371003040006,rmsse,0.6332705100158844
store_dept,5,Reconcilation,Reconcilation,WI_2__FOODS_1,1624,56,26710.19921875,0.00823627743555563,rmsse,1.0033808770918753
store_dept,5,Reconcilation,Reconcilation,WI_2__FOODS_2,1624,57,62901.23828125,0.019396038392730956,rmsse,1.0360087397471247
store_dept,5,Reconcilation,Reconcilation,WI_2__FOODS_3,1624,58,99853.703125,0.030790590334788093,rmsse,0.45377412290106256
store_dept,5,Reconcilation,Reconcilation,WI_2__HOBBIES_1,1624,59,25532.91796875,0.007873254497566045,rmsse,0.7717253654696002
store_dept,5,Reconcilation,Reconcilation,WI_2__HOBBIES_2,1624,60,1728.610107421875,0.0005330290615218582,rmsse,1.0380286994582109
store_dept,5,Reconcilation,Reconcilation,WI_2__HOUSEHOLD_1,1624,61,72415.1875,0.022329731422560777,rmsse,1.4390517595906287
store_dept,5,Reconcilation,Reconcilation,WI_2__HOUSEHOLD_2,1624,62,14586.6005859375,0.0044978806890771635,rmsse,0.8012603851917197
store_dept,5,Reconcilation,Reconcilation,WI_3__FOODS_1,1624,63,17540.94140625,0.005408872420587712,rmsse,1.0282186470841723
store_dept,5,Reconcilation,Reconcilation,WI_3__FOODS_2,1624,64,34435.890625,0.01061854861527395,rmsse,0.6742199507919431
store_dept,5,Reconcilation,Reconcilation,WI_3__FOODS_3,1624,65,93742.9453125,0.02890629526558814,rmsse,0.5925666230845231
store_dept,5,Reconcilation,Reconcilation,WI_3__HOBBIES_1,1624,66,24035.97265625,0.007411660901852629,rmsse,0.649078775840339
store_dept,5,Reconcilation,Reconcilation,WI_3__HOBBIES_2,1624,67,1554.800048828125,0.0004794335098022968,rmsse,1.0624926375985781
store_dept,5,Reconcilation,Reconcilation,WI_3__HOUSEHOLD_1,1624,68,56742.44140625,0.017496930141373372,rmsse,0.7584466245249503
store_dept,5,Reconcilation,Reconcilation,WI_3__HOUSEHOLD_2,1624,69,16673.650390625,0.005141437147509033,rmsse,0.7305847836763472
store_dept,5,Reconcilation,Reconcilation,CA_1__FOODS_1,1652,70,23662.16796875,0.007056877359764568,rmsse,0.7926812630751994
store_dept,5,Reconcilation,Reconcilation,CA_1__FOODS_2,1652,71,47362.37109375,0.01412509811939724,rmsse,0.5599157262892368
store_dept,5,Reconcilation,Reconcilation,CA_1__FOODS_3,1652,72,144993.96875,0.04324221925588584,rmsse,0.5078637000225511
store_dept,5,Reconcilation,Reconcilation,CA_1__HOBBIES_1,1652,73,63171.7890625,0.01884001367075619,rmsse,0.6220251667393998
store_dept,5,Reconcilation,Reconcilation,CA_1__HOBBIES_2,1652,74,2275.669921875,0.0006786835243155129,rmsse,0.9008383063615426
store_dept,5,Reconcilation,Reconcilation,CA_1__HOUSEHOLD_1,1652,75,88054.125,0.026260787344888636,rmsse,0.9469781625205167
store_dept,5,Reconcilation,Reconcilation,CA_1__HOUSEHOLD_2,1652,76,31743.599609375,0.009467039947340194,rmsse,0.6297631892712302
store_dept,5,Reconcilation,Reconcilation,CA_2__FOODS_1,1652,77,31989.572265625,0.009540397505755983,rmsse,0.8434408346775727
store_dept,5,Reconcilation,Reconcilation,CA_2__FOODS_2,1652,78,34864.50390625,0.010397801613122275,rmsse,1.7531838432977498
store_dept,5,Reconcilation,Reconcilation,CA_2__FOODS_3,1652,79,107377.265625,0.03202361659097454,rmsse,0.9787691604729012
store_dept,5,Reconcilation,Reconcilation,CA_2__HOBBIES_1,1652,80,39379.01953125,0.011744186405354348,rmsse,0.6033359269667734
store_dept,5,Reconcilation,Reconcilation,CA_2__HOBBIES_2,1652,81,2282.85009765625,0.0006808249012162581,rmsse,0.9567818043204928
store_dept,5,Reconcilation,Reconcilation,CA_2__HOUSEHOLD_1,1652,82,81681.859375,0.024360357211907713,rmsse,0.8321137803687648
store_dept,5,Reconcilation,Reconcilation,CA_2__HOUSEHOLD_2,1652,83,43652.03125,0.01301854637506969,rmsse,0.578432481056558
store_dept,5,Reconcilation,Reconcilation,CA_3__FOODS_1,1652,84,30407.76953125,0.009068649189263311,rmsse,0.726730838799509
store_dept,5,Reconcilation,Reconcilation,CA_3__FOODS_2,1652,85,60516.58984375,0.018048141375824996,rmsse,0.5712210975465053
store_dept,5,Reconcilation,Reconcilation,CA_3__FOODS_3,1652,86,199674.40625,0.05954981803235399,rmsse,0.6814464846713014
store_dept,5,Reconcilation,Reconcilation,CA_3__HOBBIES_1,1652,87,63912.03125,0.019060779508468538,rmsse,0.7660860105802205
store_dept,5,Reconcilation,Reconcilation,CA_3__HOBBIES_2,1652,88,3338.1298828125,0.0009955458529870927,rmsse,0.5842197452260258
store_dept,5,Reconcilation,Reconcilation,CA_3__HOUSEHOLD_1,1652,89,158728.515625,0.047338336442477376,rmsse,1.0542447318484067
store_dept,5,Reconcilation,Reconcilation,CA_3__HOUSEHOLD_2,1652,90,50305.3984375,0.015002810722008543,rmsse,0.6400072367208842
store_dept,5,Reconcilation,Reconcilation,CA_4__FOODS_1,1652,91,15817.8603515625,0.004717433362077339,rmsse,0.8231088614831792
store_dept,5,Reconcilation,Reconcilation,CA_4__FOODS_2,1652,92,29603.3203125,0.008828734592833495,rmsse,0.8328531216223385
store_dept,5,Reconcilation,Reconcilation,CA_4__FOODS_3,1652,93,72280.03125,0.021556406698018466,rmsse,0.6789178328933295
store_dept,5,Reconcilation,Reconcilation,CA_4__HOBBIES_1,1652,94,37314.78125,0.011128559113241858,rmsse,0.7771784280834506
store_dept,5,Reconcilation,Reconcilation,CA_4__HOBBIES_2,1652,95,955.0700073242188,0.0002848349280834094,rmsse,0.9668062826801022
store_dept,5,Reconcilation,Reconcilation,CA_4__HOUSEHOLD_1,1652,96,42354.97265625,0.01263171861538973,rmsse,0.8164261922853775
store_dept,5,Reconcilation,Reconcilation,CA_4__HOUSEHOLD_2,1652,97,17378.869140625,0.005182980204466295,rmsse,0.9053264307246431
store_dept,5,Reconcilation,Reconcilation,TX_1__FOODS_1,1652,98,18274.689453125,0.005450144823111863,rmsse,0.785616064317249
store_dept,5,Reconcilation,Reconcilation,TX_1__FOODS_2,1652,99,35006.0703125,0.010440021614623754,rmsse,0.5127882564438685
store_dept,5,Reconcilation,Reconcilation,TX_1__FOODS_3,1652,100,98201.3828125,0.029287050788512913,rmsse,0.7448268816245388
store_dept,5,Reconcilation,Reconcilation,TX_1__HOBBIES_1,1652,101,32443.16796875,0.009675675441915372,rmsse,0.6967322425612966
store_dept,5,Reconcilation,Reconcilation,TX_1__HOBBIES_2,1652,102,1930.1600341796875,0.0005756405188194846,rmsse,1.0544115631873008
store_dept,5,Reconcilation,Reconcilation,TX_1__HOUSEHOLD_1,1652,103,76577.7265625,0.022838128169609798,rmsse,0.68083838197188
store_dept,5,Reconcilation,Reconcilation,TX_1__HOUSEHOLD_2,1652,104,22704.08984375,0.006771145306888969,rmsse,0.8022738329299828
store_dept,5,Reconcilation,Reconcilation,TX_2__FOODS_1,1652,105,20035.91015625,0.005975401786964276,rmsse,0.5109591247941871
store_dept,5,Reconcilation,Reconcilation,TX_2__FOODS_2,1652,106,37252.27734375,0.011109918285339065,rmsse,0.4875607657755191
store_dept,5,Reconcilation,Reconcilation,TX_2__FOODS_3,1652,107,122841.0234375,0.03663544432155414,rmsse,0.6676546661675472
store_dept,5,Reconcilation,Reconcilation,TX_2__HOBBIES_1,1652,108,51654.75390625,0.015405235219640044,rmsse,0.49636586920866393
store_dept,5,Reconcilation,Reconcilation,TX_2__HOBBIES_2,1652,109,2219.860107421875,0.0006620391062475211,rmsse,1.0098965230165549
store_dept,5,Reconcilation,Reconcilation,TX_2__HOUSEHOLD_1,1652,110,81358.4296875,0.024263899286234597,rmsse,0.5511526331020152
store_dept,5,Reconcilation,Reconcilation,TX_2__HOUSEHOLD_2,1652,111,27193.521484375,0.008110049186904444,rmsse,0.667687487131453
store_dept,5,Reconcilation,Reconcilation,TX_3__FOODS_1,1652,112,19327.861328125,0.005764237123126117,rmsse,0.9603451340174626
store_dept,5,Reconcilation,Reconcilation,TX_3__FOODS_2,1652,113,44188.9609375,0.013178677389290716,rmsse,0.7198537584110325
store_dept,5,Reconcilation,Reconcilation,TX_3__FOODS_3,1652,114,115939.4921875,0.03457716886301823,rmsse,0.7155012080926322
store_dept,5,Reconcilation,Reconcilation,TX_3__HOBBIES_1,1652,115,57851.109375,0.01725320285634283,rmsse,0.6850462450655931
store_dept,5,Reconcilation,Reconcilation,TX_3__HOBBIES_2,1652,116,1895.169921875,0.0005652052564350459,rmsse,0.6214468284778532
store_dept,5,Reconcilation,Reconcilation,TX_3__HOUSEHOLD_1,1652,117,83664.546875,0.024951663238841362,rmsse,0.9563012911959733
store_dept,5,Reconcilation,Reconcilation,TX_3__HOUSEHOLD_2,1652,118,20860.408203125,0.0062212956377663865,rmsse,0.7814456245291699
store_dept,5,Reconcilation,Reconcilation,WI_1__FOODS_1,1652,119,23627.060546875,0.007046407111606556,rmsse,0.5914706195162994
store_dept,5,Reconcilation,Reconcilation,WI_1__FOODS_2,1652,120,43098.01953125,0.012853320907975785,rmsse,0.5982115307134889
store_dept,5,Reconcilation,Reconcilation,WI_1__FOODS_3,1652,121,102168.3125,0.03047012650399544,rmsse,0.5956117696389381
store_dept,5,Reconcilation,Reconcilation,WI_1__HOBBIES_1,1652,122,40841.12890625,0.012180238019879426,rmsse,0.5238921597799044
store_dept,5,Reconcilation,Reconcilation,WI_1__HOBBIES_2,1652,123,1814.68994140625,0.000541203341106143,rmsse,0.7855321895634843
store_dept,5,Reconcilation,Reconcilation,WI_1__HOUSEHOLD_1,1652,124,58247.74609375,0.01737149365219445,rmsse,0.5008896649781033
store_dept,5,Reconcilation,Reconcilation,WI_1__HOUSEHOLD_2,1652,125,20765.3984375,0.006192960437674785,rmsse,0.6372668016337775
store_dept,5,Reconcilation,Reconcilation,WI_2__FOODS_1,1652,126,24753.580078125,0.007382374221040894,rmsse,0.9023359650375882
store_dept,5,Reconcilation,Reconcilation,WI_2__FOODS_2,1652,127,66855.8671875,0.01993873326171892,rmsse,0.9058811934140063
store_dept,5,Reconcilation,Reconcilation,WI_2__FOODS_3,1652,128,105534.65625,0.031474086708568993,rmsse,0.5611815799516582
store_dept,5,Reconcilation,Reconcilation,WI_2__HOBBIES_1,1652,129,24957.23046875,0.007443109815209896,rmsse,0.5994730719816391
store_dept,5,Reconcilation,Reconcilation,WI_2__HOBBIES_2,1652,130,1253.5899658203125,0.00037386391052200496,rmsse,1.0127402419843858
store_dept,5,Reconcilation,Reconcilation,WI_2__HOUSEHOLD_1,1652,131,80228.53125,0.02392692447002344,rmsse,1.4506195441698775
store_dept,5,Reconcilation,Reconcilation,WI_2__HOUSEHOLD_2,1652,132,14206.798828125,0.004236959062133701,rmsse,1.3340619952339057
store_dept,5,Reconcilation,Reconcilation,WI_3__FOODS_1,1652,133,16847.0,0.005024358420452635,rmsse,0.7120808831693844
store_dept,5,Reconcilation,Reconcilation,WI_3__FOODS_2,1652,134,34251.7265625,0.010215050202964211,rmsse,0.4062488724057881
store_dept,5,Reconcilation,Reconcilation,WI_3__FOODS_3,1652,135,98458.6640625,0.029363780960938987,rmsse,0.5031510934229916
store_dept,5,Reconcilation,Reconcilation,WI_3__HOBBIES_1,1652,136,22253.138671875,0.006636656061467045,rmsse,0.7501448235517185
store_dept,5,Reconcilation,Reconcilation,WI_3__HOBBIES_2,1652,137,1597.989990234375,0.0004765759163787681,rmsse,0.8189891492317095
store_dept,5,Reconcilation,Reconcilation,WI_3__HOUSEHOLD_1,1652,138,58157.7265625,0.017344646712689427,rmsse,0.816147222692286
store_dept,5,Reconcilation,Reconcilation,WI_3__HOUSEHOLD_2,1652,139,16646.919921875,0.0049646876170281575,rmsse,0.8987153408827325
store_dept,5,Reconcilation,Reconcilation,CA_1__FOODS_1,1680,140,21678.087890625,0.006502063608351065,rmsse,0.8563058895947467
store_dept,5,Reconcilation,Reconcilation,CA_1__FOODS_2,1680,141,49412.6875,0.014820699999261356,rmsse,0.5820792710221231
store_dept,5,Reconcilation,Reconcilation,CA_1__FOODS_3,1680,142,141574.296875,0.04246338921740979,rmsse,0.6891623922893811
store_dept,5,Reconcilation,Reconcilation,CA_1__HOBBIES_1,1680,143,62713.33203125,0.01881005723457612,rmsse,0.6716127547301045
store_dept,5,Reconcilation,Reconcilation,CA_1__HOBBIES_2,1680,144,2542.489990234375,0.0007625871674433536,rmsse,0.8934373943398614
store_dept,5,Reconcilation,Reconcilation,CA_1__HOUSEHOLD_1,1680,145,89011.3125,0.026697798194097462,rmsse,0.9484975140518447
store_dept,5,Reconcilation,Reconcilation,CA_1__HOUSEHOLD_2,1680,146,31667.451171875,0.009498244627143927,rmsse,0.522551589642553
store_dept,5,Reconcilation,Reconcilation,CA_2__FOODS_1,1680,147,35537.44921875,0.01065900075987728,rmsse,0.6973671259135958
store_dept,5,Reconcilation,Reconcilation,CA_2__FOODS_2,1680,148,37903.87890625,0.011368780904253828,rmsse,2.1199901541838804
store_dept,5,Reconcilation,Reconcilation,CA_2__FOODS_3,1680,149,111643.8046875,0.03348612309438879,rmsse,1.0945205010187986
store_dept,5,Reconcilation,Reconcilation,CA_2__HOBBIES_1,1680,150,39742.51171875,0.01192025516524926,rmsse,0.7177116481819762
store_dept,5,Reconcilation,Reconcilation,CA_2__HOBBIES_2,1680,151,2607.140380859375,0.0007819782204859185,rmsse,1.3989045567428848
store_dept,5,Reconcilation,Reconcilation,CA_2__HOUSEHOLD_1,1680,152,87467.046875,0.026234615584422635,rmsse,0.7834433749522153
store_dept,5,Reconcilation,Reconcilation,CA_2__HOUSEHOLD_2,1680,153,43667.6484375,0.01309754943333939,rmsse,0.7764025719526133
store_dept,5,Reconcilation,Reconcilation,CA_3__FOODS_1,1680,154,32612.861328125,0.009781808242299165,rmsse,0.7595415367929796
store_dept,5,Reconcilation,Reconcilation,CA_3__FOODS_2,1680,155,61764.4296875,0.018525446182701747,rmsse,0.6954357384212657
store_dept,5,Reconcilation,Reconcilation,CA_3__FOODS_3,1680,156,195931.4375,0.05876711432891656,rmsse,0.7514894378688445
store_dept,5,Reconcilation,Reconcilation,CA_3__HOBBIES_1,1680,157,65265.0390625,0.019575408934909402,rmsse,0.8618788655467043
store_dept,5,Reconcilation,Reconcilation,CA_3__HOBBIES_2,1680,158,3362.590087890625,0.0010085656424398456,rmsse,1.1609547311365713
store_dept,5,Reconcilation,Reconcilation,CA_3__HOUSEHOLD_1,1680,159,166077.453125,0.049812795740102486,rmsse,0.8660093785408889
store_dept,5,Reconcilation,Reconcilation,CA_3__HOUSEHOLD_2,1680,160,50647.6015625,0.015191096587084707,rmsse,0.9109582317192321
store_dept,5,Reconcilation,Reconcilation,CA_4__FOODS_1,1680,161,16020.759765625,0.004805220809869222,rmsse,1.019152158493242
store_dept,5,Reconcilation,Reconcilation,CA_4__FOODS_2,1680,162,31492.478515625,0.009445763829649251,rmsse,1.3392500289073763
store_dept,5,Reconcilation,Reconcilation,CA_4__FOODS_3,1680,163,73077.578125,0.021918679530701687,rmsse,0.8316816498276264
store_dept,5,Reconcilation,Reconcilation,CA_4__HOBBIES_1,1680,164,37204.69921875,0.011159070950833166,rmsse,1.0925669947962864
store_dept,5,Reconcilation,Reconcilation,CA_4__HOBBIES_2,1680,165,983.6599731445312,0.00029503615570912993,rmsse,1.113806047417671
store_dept,5,Reconcilation,Reconcilation,CA_4__HOUSEHOLD_1,1680,166,43777.2734375,0.013130430041936505,rmsse,1.1822629798191298
store_dept,5,Reconcilation,Reconcilation,CA_4__HOUSEHOLD_2,1680,167,16601.439453125,0.004979388212605662,rmsse,0.805104278778587
store_dept,5,Reconcilation,Reconcilation,TX_1__FOODS_1,1680,168,16777.62890625,0.005032233972670818,rmsse,0.6389835572263506
store_dept,5,Reconcilation,Reconcilation,TX_1__FOODS_2,1680,169,33535.80078125,0.010058632059102247,rmsse,0.7135952888488253
store_dept,5,Reconcilation,Reconcilation,TX_1__FOODS_3,1680,170,83217.0546875,0.024959885097234662,rmsse,0.5245421717222603
store_dept,5,Reconcilation,Reconcilation,TX_1__HOBBIES_1,1680,171,32536.189453125,0.009758811499655773,rmsse,0.6329758048098654
store_dept,5,Reconcilation,Reconcilation,TX_1__HOBBIES_2,1680,172,2099.070068359375,0.0006295890657755323,rmsse,1.1635396164951919
store_dept,5,Reconcilation,Reconcilation,TX_1__HOUSEHOLD_1,1680,173,76768.9765625,0.02302586700800556,rmsse,0.504810919961913
store_dept,5,Reconcilation,Reconcilation,TX_1__HOUSEHOLD_2,1680,174,22164.94921875,0.006648091401018334,rmsse,0.6072887583188117
store_dept,5,Reconcilation,Reconcilation,TX_2__FOODS_1,1680,175,20124.158203125,0.006035982387442296,rmsse,0.6311844671854987
store_dept,5,Reconcilation,Reconcilation,TX_2__FOODS_2,1680,176,38374.2109375,0.0115098509469468,rmsse,0.8361267266504442
store_dept,5,Reconcilation,Reconcilation,TX_2__FOODS_3,1680,177,108588.703125,0.0325697846797845,rmsse,0.5541590027187188
store_dept,5,Reconcilation,Reconcilation,TX_2__HOBBIES_1,1680,178,49908.1796875,0.01496931650717575,rmsse,0.5596282530059289
store_dept,5,Reconcilation,Reconcilation,TX_2__HOBBIES_2,1680,179,3066.440185546875,0.0009197392887336791,rmsse,0.7691926571855147
store_dept,5,Reconcilation,Reconcilation,TX_2__HOUSEHOLD_1,1680,180,82594.8359375,0.02477325858703593,rmsse,0.8746861691201147
store_dept,5,Reconcilation,Reconcilation,TX_2__HOUSEHOLD_2,1680,181,25317.9296875,0.007593787334494411,rmsse,0.5272110062846177
store_dept,5,Reconcilation,Reconcilation,TX_3__FOODS_1,1680,182,21745.4609375,0.006522271287113134,rmsse,1.0005396999088647
store_dept,5,Reconcilation,Reconcilation,TX_3__FOODS_2,1680,183,44475.1328125,0.013339743984606533,rmsse,0.9971511598310827
store_dept,5,Reconcilation,Reconcilation,TX_3__FOODS_3,1680,184,100764.9453125,0.030223149164241254,rmsse,0.6400239148372961
store_dept,5,Reconcilation,Reconcilation,TX_3__HOBBIES_1,1680,185,55914.51171875,0.01677083853795196,rmsse,0.6868806374504901
store_dept,5,Reconcilation,Reconcilation,TX_3__HOBBIES_2,1680,186,2193.190185546875,0.0006578191842189231,rmsse,1.0367915984295524
store_dept,5,Reconcilation,Reconcilation,TX_3__HOUSEHOLD_1,1680,187,86885.8046875,0.02606027946704687,rmsse,0.8720115916622366
store_dept,5,Reconcilation,Reconcilation,TX_3__HOUSEHOLD_2,1680,188,20632.310546875,0.006188396146370917,rmsse,0.7044136729383689
store_dept,5,Reconcilation,Reconcilation,WI_1__FOODS_1,1680,189,24918.5703125,0.007474004627092238,rmsse,0.6612117709897636
store_dept,5,Reconcilation,Reconcilation,WI_1__FOODS_2,1680,190,44191.30859375,0.013254614561143815,rmsse,1.1209989344732807
store_dept,5,Reconcilation,Reconcilation,WI_1__FOODS_3,1680,191,92722.7578125,0.02781099847368613,rmsse,0.6329010299971901
store_dept,5,Reconcilation,Reconcilation,WI_1__HOBBIES_1,1680,192,38719.0,0.011613265991075681,rmsse,0.5766141429808133
store_dept,5,Reconcilation,Reconcilation,WI_1__HOBBIES_2,1680,193,2280.469970703125,0.0006839976330596337,rmsse,1.1592787040410633
store_dept,5,Reconcilation,Reconcilation,WI_1__HOUSEHOLD_1,1680,194,59495.38671875,0.017844875931887577,rmsse,0.8182404989612221
store_dept,5,Reconcilation,Reconcilation,WI_1__HOUSEHOLD_2,1680,195,19655.919921875,0.0058955403381290294,rmsse,0.7160538033376544
store_dept,5,Reconcilation,Reconcilation,WI_2__FOODS_1,1680,196,26397.935546875,0.00791772119944036,rmsse,1.2184714924138165
store_dept,5,Reconcilation,Reconcilation,WI_2__FOODS_2,1680,197,74438.7734375,0.022326952555053244,rmsse,1.403542853609148
store_dept,5,Reconcilation,Reconcilation,WI_2__FOODS_3,1680,198,103040.578125,0.03090569595392028,rmsse,0.8484915327591454
store_dept,5,Reconcilation,Reconcilation,WI_2__HOBBIES_1,1680,199,25348.427734375,0.007602934831345251,rmsse,0.6286113918786952
store_dept,5,Reconcilation,Reconcilation,WI_2__HOBBIES_2,1680,200,1836.8699951171875,0.000550945526597324,rmsse,1.096472857666729
store_dept,5,Reconcilation,Reconcilation,WI_2__HOUSEHOLD_1,1680,201,83506.1171875,0.025046585675776084,rmsse,1.573391251574371
store_dept,5,Reconcilation,Reconcilation,WI_2__HOUSEHOLD_2,1680,202,16691.05859375,0.005006268321027102,rmsse,1.0523930011008107
store_dept,5,Reconcilation,Reconcilation,WI_3__FOODS_1,1680,203,15052.2197265625,0.004514719683893871,rmsse,0.6982927557858715
store_dept,5,Reconcilation,Reconcilation,WI_3__FOODS_2,1680,204,36069.73828125,0.01081865401711411,rmsse,0.6832977254936037
store_dept,5,Reconcilation,Reconcilation,WI_3__FOODS_3,1680,205,92374.5703125,0.027706564111944665,rmsse,0.8004675725061584
store_dept,5,Reconcilation,Reconcilation,WI_3__HOBBIES_1,1680,206,24542.271484375,0.007361138634087622,rmsse,0.5800421508392181
store_dept,5,Reconcilation,Reconcilation,WI_3__HOBBIES_2,1680,207,1532.3099365234375,0.0004595966547073781,rmsse,0.9959329033785601
store_dept,5,Reconcilation,Reconcilation,WI_3__HOUSEHOLD_1,1680,208,55323.40625,0.016593544056240833,rmsse,0.7118525326157381
store_dept,5,Reconcilation,Reconcilation,WI_3__HOUSEHOLD_2,1680,209,16220.349609375,0.0048650852160931944,rmsse,0.9823535680061564
store_dept,5,Reconcilation,Reconcilation,CA_1__FOODS_1,1708,210,20094.0703125,0.005979414870906137,rmsse,0.49117813661528276
store_dept,5,Reconcilation,Reconcilation,CA_1__FOODS_2,1708,211,51141.12890625,0.015218122657146891,rmsse,0.7936260334570415
store_dept,5,Reconcilation,Reconcilation,CA_1__FOODS_3,1708,212,146649.53125,0.04363866425918601,rmsse,0.5241979508654312
store_dept,5,Reconcilation,Reconcilation,CA_1__HOBBIES_1,1708,213,62278.515625,0.018532287220794266,rmsse,0.6626506850818497
store_dept,5,Reconcilation,Reconcilation,CA_1__HOBBIES_2,1708,214,2228.699951171875,0.0006631967253809664,rmsse,2.418463800795092
store_dept,5,Reconcilation,Reconcilation,CA_1__HOUSEHOLD_1,1708,215,87015.8671875,0.025893408462001017,rmsse,0.8643249261345014
store_dept,5,Reconcilation,Reconcilation,CA_1__HOUSEHOLD_2,1708,216,28756.0390625,0.008556966554043966,rmsse,0.6807232983663616
store_dept,5,Reconcilation,Reconcilation,CA_2__FOODS_1,1708,217,33248.16015625,0.009893692028383071,rmsse,0.712427546095024
store_dept,5,Reconcilation,Reconcilation,CA_2__FOODS_2,1708,218,41069.9609375,0.012221233993814397,rmsse,2.3182582392752895
store_dept,5,Reconcilation,Reconcilation,CA_2__FOODS_3,1708,219,119566.7265625,0.03557960392069671,rmsse,0.7036482813398083
store_dept,5,Reconcilation,Reconcilation,CA_2__HOBBIES_1,1708,220,39882.4296875,0.011867858997833687,rmsse,0.7188463682586707
store_dept,5,Reconcilation,Reconcilation,CA_2__HOBBIES_2,1708,221,2705.3798828125,0.000805042903262677,rmsse,2.295556112021933
store_dept,5,Reconcilation,Reconcilation,CA_2__HOUSEHOLD_1,1708,222,87776.3046875,0.026119692695368416,rmsse,0.5692939244889945
store_dept,5,Reconcilation,Reconcilation,CA_2__HOUSEHOLD_2,1708,223,40965.078125,0.012190023898546896,rmsse,0.7773403809745837
store_dept,5,Reconcilation,Reconcilation,CA_3__FOODS_1,1708,224,30758.517578125,0.009152846315027467,rmsse,0.6844174511312557
store_dept,5,Reconcilation,Reconcilation,CA_3__FOODS_2,1708,225,65721.4296875,0.01955679899090378,rmsse,1.0305917695866804
store_dept,5,Reconcilation,Reconcilation,CA_3__FOODS_3,1708,226,195482.859375,0.05817005206889331,rmsse,0.8232216918178448
store_dept,5,Reconcilation,Reconcilation,CA_3__HOBBIES_1,1708,227,62691.91015625,0.01865530149163465,rmsse,0.6700486884619685
store_dept,5,Reconcilation,Reconcilation,CA_3__HOBBIES_2,1708,228,3165.809814453125,0.0009420535505554565,rmsse,2.0934730671239037
store_dept,5,Reconcilation,Reconcilation,CA_3__HOUSEHOLD_1,1708,229,156067.59375,0.04644120760116842,rmsse,0.5309196905376987
store_dept,5,Reconcilation,Reconcilation,CA_3__HOUSEHOLD_2,1708,230,43907.59765625,0.013065632710970674,rmsse,0.5339133613086494
store_dept,5,Reconcilation,Reconcilation,CA_4__FOODS_1,1708,231,16169.9208984375,0.004811701361537829,rmsse,0.644483208933599
store_dept,5,Reconcilation,Reconcilation,CA_4__FOODS_2,1708,232,34080.58984375,0.010141399057124028,rmsse,0.6440029061345273
store_dept,5,Reconcilation,Reconcilation,CA_4__FOODS_3,1708,233,74924.90625,0.02229548775659477,rmsse,0.6447155082507432
store_dept,5,Reconcilation,Reconcilation,CA_4__HOBBIES_1,1708,234,36384.44140625,0.010826958731144047,rmsse,0.8895520606580405
store_dept,5,Reconcilation,Reconcilation,CA_4__HOBBIES_2,1708,235,1014.0499877929688,0.0003017519836724949,rmsse,2.1326542191687525
store_dept,5,Reconcilation,Reconcilation,CA_4__HOUSEHOLD_1,1708,236,43543.71875,0.012957352859780603,rmsse,0.8119589447839928
store_dept,5,Reconcilation,Reconcilation,CA_4__HOUSEHOLD_2,1708,237,14664.490234375,0.004363728683040045,rmsse,0.7949509253718197
store_dept,5,Reconcilation,Reconcilation,TX_1__FOODS_1,1708,238,17400.521484375,0.005177892547756736,rmsse,0.6013635501270975
store_dept,5,Reconcilation,Reconcilation,TX_1__FOODS_2,1708,239,35452.5078125,0.010549642214256012,rmsse,0.6043270558319426
store_dept,5,Reconcilation,Reconcilation,TX_1__FOODS_3,1708,240,86868.2734375,0.02584948882551732,rmsse,0.5314570334291348
store_dept,5,Reconcilation,Reconcilation,TX_1__HOBBIES_1,1708,241,30838.84765625,0.009176750225795755,rmsse,0.6633165942494991
store_dept,5,Reconcilation,Reconcilation,TX_1__HOBBIES_2,1708,242,1983.1500244140625,0.0005901281603380631,rmsse,2.865317820792485
store_dept,5,Reconcilation,Reconcilation,TX_1__HOUSEHOLD_1,1708,243,76191.7890625,0.022672475485359982,rmsse,0.4238985252320177
store_dept,5,Reconcilation,Reconcilation,TX_1__HOUSEHOLD_2,1708,244,19528.9296875,0.005811245346030131,rmsse,0.5611344557705378
store_dept,5,Reconcilation,Reconcilation,TX_2__FOODS_1,1708,245,20716.2890625,0.006164569196975764,rmsse,0.7618700529742689
store_dept,5,Reconcilation,Reconcilation,TX_2__FOODS_2,1708,246,41457.16796875,0.012336455621128768,rmsse,0.7060938280423067
store_dept,5,Reconcilation,Reconcilation,TX_2__FOODS_3,1708,247,114994.2109375,0.03421895535620116,rmsse,0.4272164682875973
store_dept,5,Reconcilation,Reconcilation,TX_2__HOBBIES_1,1708,248,48419.31640625,0.014408189881695517,rmsse,0.6592355750402349
store_dept,5,Reconcilation,Reconcilation,TX_2__HOBBIES_2,1708,249,2763.60009765625,0.0008223675574024362,rmsse,1.9277010050434487
store_dept,5,Reconcilation,Reconcilation,TX_2__HOUSEHOLD_1,1708,250,81754.4140625,0.024327751998729368,rmsse,0.4864960037571139
store_dept,5,Reconcilation,Reconcilation,TX_2__HOUSEHOLD_2,1708,251,22166.5703125,0.006596131002940572,rmsse,0.48651074827601926
store_dept,5,Reconcilation,Reconcilation,TX_3__FOODS_1,1708,252,23854.072265625,0.0070982828376000675,rmsse,0.8472094109878878
store_dept,5,Reconcilation,Reconcilation,TX_3__FOODS_2,1708,253,47163.9921875,0.014034641656539112,rmsse,0.9923102558847512
store_dept,5,Reconcilation,Reconcilation,TX_3__FOODS_3,1708,254,103246.6484375,0.030723220106100912,rmsse,0.6962154951425221
store_dept,5,Reconcilation,Reconcilation,TX_3__HOBBIES_1,1708,255,56582.10546875,0.01683720010955462,rmsse,0.6899788086489337
store_dept,5,Reconcilation,Reconcilation,TX_3__HOBBIES_2,1708,256,2374.439697265625,0.000706564663858466,rmsse,2.601041542547409
store_dept,5,Reconcilation,Reconcilation,TX_3__HOUSEHOLD_1,1708,257,83126.890625,0.024736161377225348,rmsse,0.8704331905899103
store_dept,5,Reconcilation,Reconcilation,TX_3__HOUSEHOLD_2,1708,258,19398.05078125,0.005772299564207503,rmsse,0.8119907342224658
store_dept,5,Reconcilation,Reconcilation,WI_1__FOODS_1,1708,259,23188.94921875,0.006900361432149786,rmsse,0.6854714554943026
store_dept,5,Reconcilation,Reconcilation,WI_1__FOODS_2,1708,260,47648.8046875,0.014178907851840412,rmsse,1.263824851812253
store_dept,5,Reconcilation,Reconcilation,WI_1__FOODS_3,1708,261,95323.0234375,0.02836537819454899,rmsse,0.5775391230937817
store_dept,5,Reconcilation,Reconcilation,WI_1__HOBBIES_1,1708,262,39253.109375,0.011680591451905725,rmsse,0.46519491017935166
store_dept,5,Reconcilation,Reconcilation,WI_1__HOBBIES_2,1708,263,2028.0198974609375,0.0006034801384081933,rmsse,1.0646317007419084
store_dept,5,Reconcilation,Reconcilation,WI_1__HOUSEHOLD_1,1708,264,57270.859375,0.017042153376134166,rmsse,0.6612004321610637
store_dept,5,Reconcilation,Reconcilation,WI_1__HOUSEHOLD_2,1708,265,18067.169921875,0.00537626786539331,rmsse,0.6085273518989561
store_dept,5,Reconcilation,Reconcilation,WI_2__FOODS_1,1708,266,27025.37109375,0.008041969760064042,rmsse,1.1271596862094995
store_dept,5,Reconcilation,Reconcilation,WI_2__FOODS_2,1708,267,81557.7890625,0.0242692420786033,rmsse,1.7916390990618118
store_dept,5,Reconcilation,Reconcilation,WI_2__FOODS_3,1708,268,111396.6796875,0.03314843397749284,rmsse,0.6335915660723008
store_dept,5,Reconcilation,Reconcilation,WI_2__HOBBIES_1,1708,269,25681.0390625,0.007641935381061632,rmsse,0.7377910720123316
store_dept,5,Reconcilation,Reconcilation,WI_2__HOBBIES_2,1708,270,1525.85986328125,0.000454051818050376,rmsse,2.3229663427899303
store_dept,5,Reconcilation,Reconcilation,WI_2__HOUSEHOLD_1,1708,271,85718.9453125,0.025507481975969245,rmsse,1.4492890104037444
store_dept,5,Reconcilation,Reconcilation,WI_2__HOUSEHOLD_2,1708,272,14203.3193359375,0.004226497545432702,rmsse,0.9430320190277464
store_dept,5,Reconcilation,Reconcilation,WI_3__FOODS_1,1708,273,16065.431640625,0.0047806083767767795,rmsse,0.6283443484749861
store_dept,5,Reconcilation,Reconcilation,WI_3__FOODS_2,1708,274,37495.25,0.011157503280899468,rmsse,1.2328262668427086
store_dept,5,Reconcilation,Reconcilation,WI_3__FOODS_3,1708,275,102297.640625,0.030440822794933018,rmsse,0.41706931953220144
store_dept,5,Reconcilation,Reconcilation,WI_3__HOBBIES_1,1708,276,24624.810546875,0.007327632285910499,rmsse,0.5707645183645306
store_dept,5,Reconcilation,Reconcilation,WI_3__HOBBIES_2,1708,277,1506.64013671875,0.0004483325826224462,rmsse,1.3232904871369164
store_dept,5,Reconcilation,Reconcilation,WI_3__HOUSEHOLD_1,1708,278,57292.73046875,0.017048661581847487,rmsse,0.6426528862070792
store_dept,5,Reconcilation,Reconcilation,WI_3__HOUSEHOLD_2,1708,279,13132.2900390625,0.003907790165329295,rmsse,0.6815160240126701
store_cat,1,Reconcilation,Reconcilation,CA_1__FOODS,1400,0,226958.65625,0.0758507651990865,rmsse,0.9911897804300935
store_cat,1,Reconcilation,Reconcilation,CA_1__HOBBIES,1400,1,50996.61328125,0.01704333381179291,rmsse,0.9465164721317739
store_cat,1,Reconcilation,Reconcilation,CA_1__HOUSEHOLD,1400,2,99464.2734375,0.03324147831530681,rmsse,0.9905877867910722
store_cat,1,Reconcilation,Reconcilation,CA_2__FOODS,1400,3,108666.09375,0.036316774598162835,rmsse,0.9085171690084537
store_cat,1,Reconcilation,Reconcilation,CA_2__HOBBIES,1400,4,31205.01953125,0.010428880081535783,rmsse,0.6922142581765013
store_cat,1,Reconcilation,Reconcilation,CA_2__HOUSEHOLD,1400,5,87583.4453125,0.02927084366593958,rmsse,0.6802944762420686
store_cat,1,Reconcilation,Reconcilation,CA_3__FOODS,1400,6,295087.1875,0.0986196752401741,rmsse,1.2514798928408208
store_cat,1,Reconcilation,Reconcilation,CA_3__HOBBIES,1400,7,57647.32421875,0.01926603605220287,rmsse,1.0773107187514173
store_cat,1,Reconcilation,Reconcilation,CA_3__HOUSEHOLD,1400,8,173274.515625,0.057909245749058404,rmsse,1.5124699987037977
store_cat,1,Reconcilation,Reconcilation,CA_4__FOODS,1400,9,121674.46875,0.04066424128680854,rmsse,1.4708418137823438
store_cat,1,Reconcilation,Reconcilation,CA_4__HOBBIES,1400,10,32223.5078125,0.010769264170671467,rmsse,0.8727087950019072
store_cat,1,Reconcilation,Reconcilation,CA_4__HOUSEHOLD,1400,11,51777.10546875,0.017304178366620435,rmsse,1.5286187820531163
store_cat,1,Reconcilation,Reconcilation,TX_1__FOODS,1400,12,142172.421875,0.04751476399978066,rmsse,0.9736896970289056
store_cat,1,Reconcilation,Reconcilation,TX_1__HOBBIES,1400,13,25999.3828125,0.008689129172759201,rmsse,0.9297228356177067
store_cat,1,Reconcilation,Reconcilation,TX_1__HOUSEHOLD,1400,14,81256.328125,0.027156288142454594,rmsse,1.0357347321120207
store_cat,1,Reconcilation,Reconcilation,TX_2__FOODS,1400,15,171553.265625,0.057333995032667506,rmsse,0.870242684329685
store_cat,1,Reconcilation,Reconcilation,TX_2__HOBBIES,1400,16,37066.83984375,0.01238793096555631,rmsse,0.7355243043467355
store_cat,1,Reconcilation,Reconcilation,TX_2__HOUSEHOLD,1400,17,82002.390625,0.02740562611636738,rmsse,0.854569252481364
store_cat,1,Reconcilation,Reconcilation,TX_3__FOODS,1400,18,157470.1875,0.05262735696126869,rmsse,1.120454372860316
store_cat,1,Reconcilation,Reconcilation,TX_3__HOBBIES,1400,19,39784.18359375,0.013296081402080826,rmsse,1.060417836588965
store_cat,1,Reconcilation,Reconcilation,TX_3__HOUSEHOLD,1400,20,87090.3359375,0.02910604394409335,rmsse,1.2331021203343608
store_cat,1,Reconcilation,Reconcilation,WI_1__FOODS,1400,21,165848.921875,0.055427573636166454,rmsse,1.2071554789702161
store_cat,1,Reconcilation,Reconcilation,WI_1__HOBBIES,1400,22,40985.328125,0.013697510161465327,rmsse,0.8161828436299935
store_cat,1,Reconcilation,Reconcilation,WI_1__HOUSEHOLD,1400,23,68940.171875,0.02304016456598708,rmsse,0.8129569872346588
store_cat,1,Reconcilation,Reconcilation,WI_2__FOODS,1400,24,219953.3125,0.07350954282537438,rmsse,1.1675737708397582
store_cat,1,Reconcilation,Reconcilation,WI_2__HOBBIES,1400,25,25208.861328125,0.008424932774671118,rmsse,0.9505399315687997
store_cat,1,Reconcilation,Reconcilation,WI_2__HOUSEHOLD,1400,26,79361.3984375,0.02652299276976338,rmsse,1.3754932649174116
store_cat,1,Reconcilation,Reconcilation,WI_3__FOODS,1400,27,147652.625,0.04934627643180615,rmsse,0.7964286067536759
store_cat,1,Reconcilation,Reconcilation,WI_3__HOBBIES,1400,28,21936.94140625,0.007331440092589935,rmsse,0.7332497867594332
store_cat,1,Reconcilation,Reconcilation,WI_3__HOUSEHOLD,1400,29,61332.48046875,0.02049763446778741,rmsse,0.7651956146899391
store_cat,1,Reconcilation,Reconcilation,CA_1__FOODS,1428,30,213076.046875,0.07429568976178588,rmsse,0.6712275484030219
store_cat,1,Reconcilation,Reconcilation,CA_1__HOBBIES,1428,31,52497.34375,0.018304856044452224,rmsse,0.817011309310082
store_cat,1,Reconcilation,Reconcilation,CA_1__HOUSEHOLD,1428,32,95256.125,0.033214054863058604,rmsse,0.9322167358657756
store_cat,1,Reconcilation,Reconcilation,CA_2__FOODS,1428,33,110173.421875,0.038415441302143576,rmsse,0.5682167954603791
store_cat,1,Reconcilation,Reconcilation,CA_2__HOBBIES,1428,34,32410.05078125,0.011300787269721006,rmsse,0.6898725064964643
store_cat,1,Reconcilation,Reconcilation,CA_2__HOUSEHOLD,1428,35,85537.21875,0.02982525140925001,rmsse,0.5259973268580195
store_cat,1,Reconcilation,Reconcilation,CA_3__FOODS,1428,36,264437.8125,0.0922045906469763,rmsse,0.6471642172900121
store_cat,1,Reconcilation,Reconcilation,CA_3__HOBBIES,1428,37,54865.0390625,0.019130427754495874,rmsse,1.2007587272288558
store_cat,1,Reconcilation,Reconcilation,CA_3__HOUSEHOLD,1428,38,152489.84375,0.05317039756101494,rmsse,1.1114414894888942
store_cat,1,Reconcilation,Reconcilation,CA_4__FOODS,1428,39,111408.5390625,0.038846103897624246,rmsse,1.1490032817026057
store_cat,1,Reconcilation,Reconcilation,CA_4__HOBBIES,1428,40,33008.76171875,0.011509546737159329,rmsse,1.1060269956217184
store_cat,1,Reconcilation,Reconcilation,CA_4__HOUSEHOLD,1428,41,49583.05078125,0.017288695807500653,rmsse,1.0508485590355803
store_cat,1,Reconcilation,Reconcilation,TX_1__FOODS,1428,42,143683.8125,0.05009989679202703,rmsse,0.5349658955951715
store_cat,1,Reconcilation,Reconcilation,TX_1__HOBBIES,1428,43,24862.4609375,0.00866908182133985,rmsse,0.8862049146258764
store_cat,1,Reconcilation,Reconcilation,TX_1__HOUSEHOLD,1428,44,78584.8359375,0.027401083680787818,rmsse,1.2389425597090675
store_cat,1,Reconcilation,Reconcilation,TX_2__FOODS,1428,45,169112.625,0.05896645496324626,rmsse,0.5955381425391496
store_cat,1,Reconcilation,Reconcilation,TX_2__HOBBIES,1428,46,37968.1328125,0.013238788017907201,rmsse,0.7873888488474591
store_cat,1,Reconcilation,Reconcilation,TX_2__HOUSEHOLD,1428,47,76284.0390625,0.02659883822271356,rmsse,0.8669945578211087
store_cat,1,Reconcilation,Reconcilation,TX_3__FOODS,1428,48,156201.359375,0.05446453464242413,rmsse,0.6958736820401251
store_cat,1,Reconcilation,Reconcilation,TX_3__HOBBIES,1428,49,37867.00390625,0.013203526232479454,rmsse,1.0350817210743775
store_cat,1,Reconcilation,Reconcilation,TX_3__HOUSEHOLD,1428,50,82279.71875,0.028689421207082816,rmsse,1.1296109741698799
store_cat,1,Reconcilation,Reconcilation,WI_1__FOODS,1428,51,171078.21875,0.05965182127067253,rmsse,1.0938214060844114
store_cat,1,Reconcilation,Reconcilation,WI_1__HOBBIES,1428,52,44008.82421875,0.015345065758871302,rmsse,0.9667060708932094
store_cat,1,Reconcilation,Reconcilation,WI_1__HOUSEHOLD,1428,53,65090.1015625,0.02269571856233845,rmsse,1.217605171041721
store_cat,1,Reconcilation,Reconcilation,WI_2__FOODS,1428,54,209153.8125,0.07292807893658147,rmsse,1.0773694805207956
store_cat,1,Reconcilation,Reconcilation,WI_2__HOBBIES,1428,55,24120.48046875,0.008410366909344633,rmsse,1.1459305903154318
store_cat,1,Reconcilation,Reconcilation,WI_2__HOUSEHOLD,1428,56,73348.140625,0.025575144557077958,rmsse,1.4176633722812562
store_cat,1,Reconcilation,Reconcilation,WI_3__FOODS,1428,57,139767.203125,0.048734247300632964,rmsse,0.7446580384168867
store_cat,1,Reconcilation,Reconcilation,WI_3__HOBBIES,1428,58,22137.26171875,0.007718855089312624,rmsse,1.0095541667976804
store_cat,1,Reconcilation,Reconcilation,WI_3__HOUSEHOLD,1428,59,57654.9921875,0.0201032329799773,rmsse,1.0132369723401784
store_cat,1,Reconcilation,Reconcilation,CA_1__FOODS,1456,60,216654.625,0.07397924456338241,rmsse,0.39770473938932993
store_cat,1,Reconcilation,Reconcilation,CA_1__HOBBIES,1456,61,54163.19921875,0.018494655082203344,rmsse,0.581680190487104
store_cat,1,Reconcilation,Reconcilation,CA_1__HOUSEHOLD,1456,62,94011.015625,0.03210115600612653,rmsse,0.6800012091391888
store_cat,1,Reconcilation,Reconcilation,CA_2__FOODS,1456,63,106220.4296875,0.03627020261154881,rmsse,0.9594087856788134
store_cat,1,Reconcilation,Reconcilation,CA_2__HOBBIES,1456,64,31810.216796875,0.010861968942644223,rmsse,0.6024229846041359
store_cat,1,Reconcilation,Reconcilation,CA_2__HOUSEHOLD,1456,65,86838.34375,0.029651963671490145,rmsse,0.556260715492387
store_cat,1,Reconcilation,Reconcilation,CA_3__FOODS,1456,66,276034.6875,0.09425525836127126,rmsse,0.6124355471499249
store_cat,1,Reconcilation,Reconcilation,CA_3__HOBBIES,1456,67,57284.25,0.019560374214858966,rmsse,1.1342194602204858
store_cat,1,Reconcilation,Reconcilation,CA_3__HOUSEHOLD,1456,68,155978.5625,0.05326069647408786,rmsse,0.8556583244214042
store_cat,1,Reconcilation,Reconcilation,CA_4__FOODS,1456,69,114921.703125,0.03924135374965941,rmsse,0.6645644165854943
store_cat,1,Reconcilation,Reconcilation,CA_4__HOBBIES,1456,70,33806.859375,0.011543745801055494,rmsse,0.8762793729792028
store_cat,1,Reconcilation,Reconcilation,CA_4__HOUSEHOLD,1456,71,51044.75,0.017429824283357508,rmsse,0.7423938884322935
store_cat,1,Reconcilation,Reconcilation,TX_1__FOODS,1456,72,140683.25,0.04803793391311849,rmsse,0.42210011830186694
store_cat,1,Reconcilation,Reconcilation,TX_1__HOBBIES,1456,73,27783.09765625,0.009486862217873518,rmsse,0.9131585436200802
store_cat,1,Reconcilation,Reconcilation,TX_1__HOUSEHOLD,1456,74,80417.0078125,0.027459323741721976,rmsse,0.667244782640467
store_cat,1,Reconcilation,Reconcilation,TX_2__FOODS,1456,75,169176.453125,0.05776726991219309,rmsse,0.5264509071130542
store_cat,1,Reconcilation,Reconcilation,TX_2__HOBBIES,1456,76,42864.6796875,0.014636644021481715,rmsse,0.8717248175568343
store_cat,1,Reconcilation,Reconcilation,TX_2__HOUSEHOLD,1456,77,79355.1796875,0.027096750163873577,rmsse,0.7766783005038832
store_cat,1,Reconcilation,Reconcilation,TX_3__FOODS,1456,78,156799.8125,0.053541121849718216,rmsse,0.7233400559387247
store_cat,1,Reconcilation,Reconcilation,TX_3__HOBBIES,1456,79,49402.20703125,0.016868958859916763,rmsse,1.0607108247455221
store_cat,1,Reconcilation,Reconcilation,TX_3__HOUSEHOLD,1456,80,78533.859375,0.02681630077922134,rmsse,0.9430393059223264
store_cat,1,Reconcilation,Reconcilation,WI_1__FOODS,1456,81,171450.15625,0.05854365232059495,rmsse,1.2247707361518918
store_cat,1,Reconcilation,Reconcilation,WI_1__HOBBIES,1456,82,39346.1328125,0.01343519521893088,rmsse,0.8434869165430524
store_cat,1,Reconcilation,Reconcilation,WI_1__HOUSEHOLD,1456,83,69904.34375,0.023869652181780117,rmsse,1.060536813952436
store_cat,1,Reconcilation,Reconcilation,WI_2__FOODS,1456,84,213990.953125,0.07306970278426171,rmsse,0.6482424124422154
store_cat,1,Reconcilation,Reconcilation,WI_2__HOBBIES,1456,85,22872.908203125,0.007810220851896331,rmsse,1.0205732717795315
store_cat,1,Reconcilation,Reconcilation,WI_2__HOUSEHOLD,1456,86,73007.3671875,0.02492921566799104,rmsse,1.7834597266243437
store_cat,1,Reconcilation,Reconcilation,WI_3__FOODS,1456,87,151780.5625,0.05182724049004377,rmsse,0.6890803618207448
store_cat,1,Reconcilation,Reconcilation,WI_3__HOBBIES,1456,88,21418.96875,0.007313756295078839,rmsse,0.9799080440293539
store_cat,1,Reconcilation,Reconcilation,WI_3__HOUSEHOLD,1456,89,61031.02734375,0.020839754968617726,rmsse,1.0353557803360598
store_cat,1,Reconcilation,Reconcilation,CA_1__FOODS,1484,90,213601.578125,0.06820771906795026,rmsse,0.522629803011559
store_cat,1,Reconcilation,Reconcilation,CA_1__HOBBIES,1484,91,57432.234375,0.018339385607920238,rmsse,0.7405382323885724
store_cat,1,Reconcilation,Reconcilation,CA_1__HOUSEHOLD,1484,92,97660.3515625,0.031185115212744904,rmsse,0.5485023810123548
store_cat,1,Reconcilation,Reconcilation,CA_2__FOODS,1484,93,97109.96875,0.03100936577969128,rmsse,0.5337081730740713
store_cat,1,Reconcilation,Reconcilation,CA_2__HOBBIES,1484,94,32127.169921875,0.010258917559107109,rmsse,0.5420302839643742
store_cat,1,Reconcilation,Reconcilation,CA_2__HOUSEHOLD,1484,95,85772.1484375,0.027388948414303897,rmsse,0.4330664951530296
store_cat,1,Reconcilation,Reconcilation,CA_3__FOODS,1484,96,297412.46875,0.09497039438507442,rmsse,0.5464098960757504
store_cat,1,Reconcilation,Reconcilation,CA_3__HOBBIES,1484,97,61886.78125,0.019761821174605104,rmsse,0.8543739080045021
store_cat,1,Reconcilation,Reconcilation,CA_3__HOUSEHOLD,1484,98,172245.359375,0.05500176162618477,rmsse,0.8229912232808541
store_cat,1,Reconcilation,Reconcilation,CA_4__FOODS,1484,99,119859.8125,0.03827389521323178,rmsse,0.5783193296481838
store_cat,1,Reconcilation,Reconcilation,CA_4__HOBBIES,1484,100,36330.05078125,0.011600990588008404,rmsse,0.7018042876023773
store_cat,1,Reconcilation,Reconcilation,CA_4__HOUSEHOLD,1484,101,51402.9609375,0.016414104940901036,rmsse,0.8177398443933787
store_cat,1,Reconcilation,Reconcilation,TX_1__FOODS,1484,102,144507.609375,0.0461444831538793,rmsse,0.48825849052710923
store_cat,1,Reconcilation,Reconcilation,TX_1__HOBBIES,1484,103,31937.12890625,0.010198233249941787,rmsse,0.6567598199575808
store_cat,1,Reconcilation,Reconcilation,TX_1__HOUSEHOLD,1484,104,89760.1953125,0.02866242018950133,rmsse,0.6801053288424292
store_cat,1,Reconcilation,Reconcilation,TX_2__FOODS,1484,105,179773.953125,0.0574058085062889,rmsse,0.5016731161723309
store_cat,1,Reconcilation,Reconcilation,TX_2__HOBBIES,1484,106,49847.03125,0.015917262099447972,rmsse,0.7929944404276041
store_cat,1,Reconcilation,Reconcilation,TX_2__HOUSEHOLD,1484,107,93967.359375,0.030005860940111543,rmsse,0.6440020695352956
store_cat,1,Reconcilation,Reconcilation,TX_3__FOODS,1484,108,166358.546875,0.053121971894618626,rmsse,0.5758040284371773
store_cat,1,Reconcilation,Reconcilation,TX_3__HOBBIES,1484,109,58939.0,0.018820529274335952,rmsse,0.822943751130313
store_cat,1,Reconcilation,Reconcilation,TX_3__HOUSEHOLD,1484,110,94858.9296875,0.030290559105444093,rmsse,1.1937150296345755
store_cat,1,Reconcilation,Reconcilation,WI_1__FOODS,1484,111,182376.296875,0.05823679455506408,rmsse,1.1329994741453935
store_cat,1,Reconcilation,Reconcilation,WI_1__HOBBIES,1484,112,42152.4609375,0.013460215223528077,rmsse,0.6467352277350159
store_cat,1,Reconcilation,Reconcilation,WI_1__HOUSEHOLD,1484,113,74201.4921875,0.023694181372508085,rmsse,0.9142385698059061
store_cat,1,Reconcilation,Reconcilation,WI_2__FOODS,1484,114,220910.796875,0.07054171464739512,rmsse,0.6463732353331166
store_cat,1,Reconcilation,Reconcilation,WI_2__HOBBIES,1484,115,28042.1796875,0.00895448962019686,rmsse,0.690821754404569
store_cat,1,Reconcilation,Reconcilation,WI_2__HOUSEHOLD,1484,116,95896.65625,0.030621928201429557,rmsse,1.245540023320591
store_cat,1,Reconcilation,Reconcilation,WI_3__FOODS,1484,117,160906.484375,0.05138100747569806,rmsse,0.46491964618322684
store_cat,1,Reconcilation,Reconcilation,WI_3__HOBBIES,1484,118,24415.33984375,0.007796359257404398,rmsse,0.6055481320466967
store_cat,1,Reconcilation,Reconcilation,WI_3__HOUSEHOLD,1484,119,69941.15625,0.02233376166348309,rmsse,0.7548442394716127
store_cat,2,Reconcilation,Reconcilation,CA_1__FOODS,1456,0,216654.625,0.07397924456338241,rmsse,0.43098123990847415
store_cat,2,Reconcilation,Reconcilation,CA_1__HOBBIES,1456,1,54163.19921875,0.018494655082203344,rmsse,0.5704931875495373
store_cat,2,Reconcilation,Reconcilation,CA_1__HOUSEHOLD,1456,2,94011.015625,0.03210115600612653,rmsse,0.7211610855724359
store_cat,2,Reconcilation,Reconcilation,CA_2__FOODS,1456,3,106220.4296875,0.03627020261154881,rmsse,0.9117877725850686
store_cat,2,Reconcilation,Reconcilation,CA_2__HOBBIES,1456,4,31810.216796875,0.010861968942644223,rmsse,0.6169333071650972
store_cat,2,Reconcilation,Reconcilation,CA_2__HOUSEHOLD,1456,5,86838.34375,0.029651963671490145,rmsse,0.5853121711534274
store_cat,2,Reconcilation,Reconcilation,CA_3__FOODS,1456,6,276034.6875,0.09425525836127126,rmsse,0.5430611852937819
store_cat,2,Reconcilation,Reconcilation,CA_3__HOBBIES,1456,7,57284.25,0.019560374214858966,rmsse,1.2833876576206957
store_cat,2,Reconcilation,Reconcilation,CA_3__HOUSEHOLD,1456,8,155978.5625,0.05326069647408786,rmsse,0.8618948017463949
store_cat,2,Reconcilation,Reconcilation,CA_4__FOODS,1456,9,114921.703125,0.03924135374965941,rmsse,0.6773550266123447
store_cat,2,Reconcilation,Reconcilation,CA_4__HOBBIES,1456,10,33806.859375,0.011543745801055494,rmsse,0.8168694101064348
store_cat,2,Reconcilation,Reconcilation,CA_4__HOUSEHOLD,1456,11,51044.75,0.017429824283357508,rmsse,0.7413757370783711
store_cat,2,Reconcilation,Reconcilation,TX_1__FOODS,1456,12,140683.25,0.04803793391311849,rmsse,0.4377113424495287
store_cat,2,Reconcilation,Reconcilation,TX_1__HOBBIES,1456,13,27783.09765625,0.009486862217873518,rmsse,0.9441580946587347
store_cat,2,Reconcilation,Reconcilation,TX_1__HOUSEHOLD,1456,14,80417.0078125,0.027459323741721976,rmsse,0.6865407676885228
store_cat,2,Reconcilation,Reconcilation,TX_2__FOODS,1456,15,169176.453125,0.05776726991219309,rmsse,0.5060212606831244
store_cat,2,Reconcilation,Reconcilation,TX_2__HOBBIES,1456,16,42864.6796875,0.014636644021481715,rmsse,0.8983926830949845
store_cat,2,Reconcilation,Reconcilation,TX_2__HOUSEHOLD,1456,17,79355.1796875,0.027096750163873577,rmsse,0.7172605733261291
store_cat,2,Reconcilation,Reconcilation,TX_3__FOODS,1456,18,156799.8125,0.053541121849718216,rmsse,0.7042493505596774
store_cat,2,Reconcilation,Reconcilation,TX_3__HOBBIES,1456,19,49402.20703125,0.016868958859916763,rmsse,1.0559260777195816
store_cat,2,Reconcilation,Reconcilation,TX_3__HOUSEHOLD,1456,20,78533.859375,0.02681630077922134,rmsse,0.95522399532239
store_cat,2,Reconcilation,Reconcilation,WI_1__FOODS,1456,21,171450.15625,0.05854365232059495,rmsse,1.3092257956338902
store_cat,2,Reconcilation,Reconcilation,WI_1__HOBBIES,1456,22,39346.1328125,0.01343519521893088,rmsse,0.786384896043278
store_cat,2,Reconcilation,Reconcilation,WI_1__HOUSEHOLD,1456,23,69904.34375,0.023869652181780117,rmsse,1.0902021615591828
store_cat,2,Reconcilation,Reconcilation,WI_2__FOODS,1456,24,213990.953125,0.07306970278426171,rmsse,0.6066138337359738
store_cat,2,Reconcilation,Reconcilation,WI_2__HOBBIES,1456,25,22872.908203125,0.007810220851896331,rmsse,1.0395903919710838
store_cat,2,Reconcilation,Reconcilation,WI_2__HOUSEHOLD,1456,26,73007.3671875,0.02492921566799104,rmsse,1.7210488682229803
store_cat,2,Reconcilation,Reconcilation,WI_3__FOODS,1456,27,151780.5625,0.05182724049004377,rmsse,0.6846151057425945
store_cat,2,Reconcilation,Reconcilation,WI_3__HOBBIES,1456,28,21418.96875,0.007313756295078839,rmsse,0.9674888761553185
store_cat,2,Reconcilation,Reconcilation,WI_3__HOUSEHOLD,1456,29,61031.02734375,0.020839754968617726,rmsse,1.0067166640406184
store_cat,2,Reconcilation,Reconcilation,CA_1__FOODS,1484,30,213601.578125,0.06820771906795026,rmsse,0.5085981235361609
store_cat,2,Reconcilation,Reconcilation,CA_1__HOBBIES,1484,31,57432.234375,0.018339385607920238,rmsse,0.7473784325226521
store_cat,2,Reconcilation,Reconcilation,CA_1__HOUSEHOLD,1484,32,97660.3515625,0.031185115212744904,rmsse,0.528946245436571
store_cat,2,Reconcilation,Reconcilation,CA_2__FOODS,1484,33,97109.96875,0.03100936577969128,rmsse,0.5739100019236548
store_cat,2,Reconcilation,Reconcilation,CA_2__HOBBIES,1484,34,32127.169921875,0.010258917559107109,rmsse,0.5617208184908132
store_cat,2,Reconcilation,Reconcilation,CA_2__HOUSEHOLD,1484,35,85772.1484375,0.027388948414303897,rmsse,0.40481258014676585
store_cat,2,Reconcilation,Reconcilation,CA_3__FOODS,1484,36,297412.46875,0.09497039438507442,rmsse,0.5207245270688116
store_cat,2,Reconcilation,Reconcilation,CA_3__HOBBIES,1484,37,61886.78125,0.019761821174605104,rmsse,0.791170711624136
store_cat,2,Reconcilation,Reconcilation,CA_3__HOUSEHOLD,1484,38,172245.359375,0.05500176162618477,rmsse,0.7592510185318149
store_cat,2,Reconcilation,Reconcilation,CA_4__FOODS,1484,39,119859.8125,0.03827389521323178,rmsse,0.5325213638441291
store_cat,2,Reconcilation,Reconcilation,CA_4__HOBBIES,1484,40,36330.05078125,0.011600990588008404,rmsse,0.7743253506516036
store_cat,2,Reconcilation,Reconcilation,CA_4__HOUSEHOLD,1484,41,51402.9609375,0.016414104940901036,rmsse,0.7151754540614406
store_cat,2,Reconcilation,Reconcilation,TX_1__FOODS,1484,42,144507.609375,0.0461444831538793,rmsse,0.5384329114044635
store_cat,2,Reconcilation,Reconcilation,TX_1__HOBBIES,1484,43,31937.12890625,0.010198233249941787,rmsse,0.6995349787391453
store_cat,2,Reconcilation,Reconcilation,TX_1__HOUSEHOLD,1484,44,89760.1953125,0.02866242018950133,rmsse,0.6813861130642681
store_cat,2,Reconcilation,Reconcilation,TX_2__FOODS,1484,45,179773.953125,0.0574058085062889,rmsse,0.5003669545212709
store_cat,2,Reconcilation,Reconcilation,TX_2__HOBBIES,1484,46,49847.03125,0.015917262099447972,rmsse,0.741665444186866
store_cat,2,Reconcilation,Reconcilation,TX_2__HOUSEHOLD,1484,47,93967.359375,0.030005860940111543,rmsse,0.6974236214662358
store_cat,2,Reconcilation,Reconcilation,TX_3__FOODS,1484,48,166358.546875,0.053121971894618626,rmsse,0.5942070347973896
store_cat,2,Reconcilation,Reconcilation,TX_3__HOBBIES,1484,49,58939.0,0.018820529274335952,rmsse,0.8203918096699805
store_cat,2,Reconcilation,Reconcilation,TX_3__HOUSEHOLD,1484,50,94858.9296875,0.030290559105444093,rmsse,1.146230359448801
store_cat,2,Reconcilation,Reconcilation,WI_1__FOODS,1484,51,182376.296875,0.05823679455506408,rmsse,1.1918975845852935
store_cat,2,Reconcilation,Reconcilation,WI_1__HOBBIES,1484,52,42152.4609375,0.013460215223528077,rmsse,0.6269188632949902
store_cat,2,Reconcilation,Reconcilation,WI_1__HOUSEHOLD,1484,53,74201.4921875,0.023694181372508085,rmsse,0.8673175539513908
store_cat,2,Reconcilation,Reconcilation,WI_2__FOODS,1484,54,220910.796875,0.07054171464739512,rmsse,0.5714872704952966
store_cat,2,Reconcilation,Reconcilation,WI_2__HOBBIES,1484,55,28042.1796875,0.00895448962019686,rmsse,0.6148280134128767
store_cat,2,Reconcilation,Reconcilation,WI_2__HOUSEHOLD,1484,56,95896.65625,0.030621928201429557,rmsse,1.2213369763830841
store_cat,2,Reconcilation,Reconcilation,WI_3__FOODS,1484,57,160906.484375,0.05138100747569806,rmsse,0.45999977128710107
store_cat,2,Reconcilation,Reconcilation,WI_3__HOBBIES,1484,58,24415.33984375,0.007796359257404398,rmsse,0.5948004706059974
store_cat,2,Reconcilation,Reconcilation,WI_3__HOUSEHOLD,1484,59,69941.15625,0.02233376166348309,rmsse,0.6708941865773326
store_cat,2,Reconcilation,Reconcilation,CA_1__FOODS,1512,60,207180.25,0.06491036969535333,rmsse,0.6860368335209183
store_cat,2,Reconcilation,Reconcilation,CA_1__HOBBIES,1512,61,62380.88671875,0.019544171893015955,rmsse,0.6797346993246821
store_cat,2,Reconcilation,Reconcilation,CA_1__HOUSEHOLD,1512,62,105939.7890625,0.03319134364156151,rmsse,0.6513138931809382
store_cat,2,Reconcilation,Reconcilation,CA_2__FOODS,1512,63,91005.09375,0.028512246121301568,rmsse,0.5155618051016775
store_cat,2,Reconcilation,Reconcilation,CA_2__HOBBIES,1512,64,33450.58203125,0.010480196090955487,rmsse,0.4958119049766619
store_cat,2,Reconcilation,Reconcilation,CA_2__HOUSEHOLD,1512,65,94968.328125,0.02975394270420743,rmsse,0.32243369465390875
store_cat,2,Reconcilation,Reconcilation,CA_3__FOODS,1512,66,287165.4375,0.08997003677644409,rmsse,0.6645494484347201
store_cat,2,Reconcilation,Reconcilation,CA_3__HOBBIES,1512,67,66716.6796875,0.020902592517202268,rmsse,0.9954386368294204
store_cat,2,Reconcilation,Reconcilation,CA_3__HOUSEHOLD,1512,68,182819.796875,0.05727814597571753,rmsse,0.7603594494982551
store_cat,2,Reconcilation,Reconcilation,CA_4__FOODS,1512,69,116552.8984375,0.03651647165520408,rmsse,0.5998468146674635
store_cat,2,Reconcilation,Reconcilation,CA_4__HOBBIES,1512,70,36935.671875,0.011572088151995735,rmsse,0.7223011512179023
store_cat,2,Reconcilation,Reconcilation,CA_4__HOUSEHOLD,1512,71,55035.6171875,0.017242870679288043,rmsse,0.7228749997345564
store_cat,2,Reconcilation,Reconcilation,TX_1__FOODS,1512,72,146396.890625,0.045866709267504774,rmsse,0.49255065837019857
store_cat,2,Reconcilation,Reconcilation,TX_1__HOBBIES,1512,73,37219.30859375,0.011660952627606897,rmsse,0.824780744450967
store_cat,2,Reconcilation,Reconcilation,TX_1__HOUSEHOLD,1512,74,98011.2890625,0.030707314077307153,rmsse,0.6481918959191582
store_cat,2,Reconcilation,Reconcilation,TX_2__FOODS,1512,75,176122.65625,0.05517990604275809,rmsse,1.1126475588856564
store_cat,2,Reconcilation,Reconcilation,TX_2__HOBBIES,1512,76,57129.640625,0.017898936281481592,rmsse,1.0706358034096077
store_cat,2,Reconcilation,Reconcilation,TX_2__HOUSEHOLD,1512,77,104925.140625,0.03287345038103626,rmsse,1.3044049007649496
store_cat,2,Reconcilation,Reconcilation,TX_3__FOODS,1512,78,171175.0625,0.05362980587918111,rmsse,0.6886834174798016
store_cat,2,Reconcilation,Reconcilation,TX_3__HOBBIES,1512,79,67877.1015625,0.021266157156731493,rmsse,0.9089773783757131
store_cat,2,Reconcilation,Reconcilation,TX_3__HOUSEHOLD,1512,80,106698.2734375,0.03342897971541217,rmsse,0.8025393347262697
store_cat,2,Reconcilation,Reconcilation,WI_1__FOODS,1512,81,173160.421875,0.054251826612380274,rmsse,0.811172726701308
store_cat,2,Reconcilation,Reconcilation,WI_1__HOBBIES,1512,82,42989.3984375,0.013468743982879497,rmsse,0.8580502679904342
store_cat,2,Reconcilation,Reconcilation,WI_1__HOUSEHOLD,1512,83,80510.828125,0.025224352311925487,rmsse,0.8304059523211066
store_cat,2,Reconcilation,Reconcilation,WI_2__FOODS,1512,84,209484.875,0.06563241757761601,rmsse,0.6497762800035582
store_cat,2,Reconcilation,Reconcilation,WI_2__HOBBIES,1512,85,27927.87890625,0.008749911946779423,rmsse,0.7879851886324196
store_cat,2,Reconcilation,Reconcilation,WI_2__HOUSEHOLD,1512,86,94749.9140625,0.029685512737820482,rmsse,1.0131343947579514
store_cat,2,Reconcilation,Reconcilation,WI_3__FOODS,1512,87,154383.0625,0.04836880765215719,rmsse,0.5659755557860392
store_cat,2,Reconcilation,Reconcilation,WI_3__HOBBIES,1512,88,26006.021484375,0.00814778661989298,rmsse,0.5498514177058762
store_cat,2,Reconcilation,Reconcilation,WI_3__HOUSEHOLD,1512,89,76870.9140625,0.02408395322728209,rmsse,0.755652807648161
store_cat,2,Reconcilation,Reconcilation,CA_1__FOODS,1540,90,220169.40625,0.06885783512657154,rmsse,0.4979282443961044
store_cat,2,Reconcilation,Reconcilation,CA_1__HOBBIES,1540,91,61755.76953125,0.019314075778852052,rmsse,0.5085231400992116
store_cat,2,Reconcilation,Reconcilation,CA_1__HOUSEHOLD,1540,92,109044.2734375,0.034103523871660345,rmsse,0.6375286292797602
store_cat,2,Reconcilation,Reconcilation,CA_2__FOODS,1540,93,95685.3828125,0.029925539728460827,rmsse,0.6272221916464279
store_cat,2,Reconcilation,Reconcilation,CA_2__HOBBIES,1540,94,34752.09765625,0.010868695389946238,rmsse,0.5540404154596832
store_cat,2,Reconcilation,Reconcilation,CA_2__HOUSEHOLD,1540,95,99130.90625,0.03100312488811156,rmsse,0.29914711736786603
store_cat,2,Reconcilation,Reconcilation,CA_3__FOODS,1540,96,290055.46875,0.09071465461495254,rmsse,0.5358569043402861
store_cat,2,Reconcilation,Reconcilation,CA_3__HOBBIES,1540,97,67942.453125,0.02124895695119342,rmsse,0.7257537270378123
store_cat,2,Reconcilation,Reconcilation,CA_3__HOUSEHOLD,1540,98,194752.859375,0.06090882702406398,rmsse,0.6922523860317157
store_cat,2,Reconcilation,Reconcilation,CA_4__FOODS,1540,99,120052.3671875,0.03754629785831791,rmsse,0.55398081640031
store_cat,2,Reconcilation,Reconcilation,CA_4__HOBBIES,1540,100,37685.67578125,0.011786169994173486,rmsse,0.9330661422157444
store_cat,2,Reconcilation,Reconcilation,CA_4__HOUSEHOLD,1540,101,57081.52734375,0.017852209648718267,rmsse,0.5825650379938933
store_cat,2,Reconcilation,Reconcilation,TX_1__FOODS,1540,102,147996.359375,0.046285762798511335,rmsse,0.39986899329300857
store_cat,2,Reconcilation,Reconcilation,TX_1__HOBBIES,1540,103,35824.16015625,0.011203982222607078,rmsse,0.5609044008086298
store_cat,2,Reconcilation,Reconcilation,TX_1__HOUSEHOLD,1540,104,96537.8984375,0.030192163422228798,rmsse,0.5374583168255646
store_cat,2,Reconcilation,Reconcilation,TX_2__FOODS,1540,105,179433.03125,0.05611756098412723,rmsse,0.4624854191982843
store_cat,2,Reconcilation,Reconcilation,TX_2__HOBBIES,1540,106,54520.3046875,0.017051188969277244,rmsse,0.6039869611345359
store_cat,2,Reconcilation,Reconcilation,TX_2__HOUSEHOLD,1540,107,103090.46875,0.032241475422103406,rmsse,0.5507319345926314
store_cat,2,Reconcilation,Reconcilation,TX_3__FOODS,1540,108,173693.546875,0.05432254106952325,rmsse,0.7520354187822332
store_cat,2,Reconcilation,Reconcilation,TX_3__HOBBIES,1540,109,69905.3671875,0.02186285701653573,rmsse,0.7384722284279579
store_cat,2,Reconcilation,Reconcilation,TX_3__HOUSEHOLD,1540,110,104416.875,0.032656308093131484,rmsse,0.7297675839042561
store_cat,2,Reconcilation,Reconcilation,WI_1__FOODS,1540,111,162298.171875,0.05075864512993716,rmsse,0.6185841754503574
store_cat,2,Reconcilation,Reconcilation,WI_1__HOBBIES,1540,112,41865.28125,0.013093338820048013,rmsse,0.6146383446029265
store_cat,2,Reconcilation,Reconcilation,WI_1__HOUSEHOLD,1540,113,77330.671875,0.024185116110770965,rmsse,0.6777654209807373
store_cat,2,Reconcilation,Reconcilation,WI_2__FOODS,1540,114,202491.703125,0.06332914525121458,rmsse,0.6233831739977448
store_cat,2,Reconcilation,Reconcilation,WI_2__HOBBIES,1540,115,26394.369140625,0.008254821364650992,rmsse,0.754760442454222
store_cat,2,Reconcilation,Reconcilation,WI_2__HOUSEHOLD,1540,116,86329.9609375,0.026999637769690065,rmsse,0.98560590101021
store_cat,2,Reconcilation,Reconcilation,WI_3__FOODS,1540,117,150028.796875,0.04692140627261487,rmsse,0.39626270260384516
store_cat,2,Reconcilation,Reconcilation,WI_3__HOBBIES,1540,118,24321.859375,0.007606645316169617,rmsse,0.4306674014826228
store_cat,2,Reconcilation,Reconcilation,WI_3__HOUSEHOLD,1540,119,72861.84375,0.022787493091836034,rmsse,0.6219619820314215
store_cat,3,Reconcilation,Reconcilation,CA_1__FOODS,1512,0,207180.25,0.06491036969535333,rmsse,0.6004027929803266
store_cat,3,Reconcilation,Reconcilation,CA_1__HOBBIES,1512,1,62380.88671875,0.019544171893015955,rmsse,0.6732804483468919
store_cat,3,Reconcilation,Reconcilation,CA_1__HOUSEHOLD,1512,2,105939.7890625,0.03319134364156151,rmsse,0.6589152001660019
store_cat,3,Reconcilation,Reconcilation,CA_2__FOODS,1512,3,91005.09375,0.028512246121301568,rmsse,0.5045002318952871
store_cat,3,Reconcilation,Reconcilation,CA_2__HOBBIES,1512,4,33450.58203125,0.010480196090955487,rmsse,0.511976288169899
store_cat,3,Reconcilation,Reconcilation,CA_2__HOUSEHOLD,1512,5,94968.328125,0.02975394270420743,rmsse,0.35490639591808887
store_cat,3,Reconcilation,Reconcilation,CA_3__FOODS,1512,6,287165.4375,0.08997003677644409,rmsse,0.6593852645956024
store_cat,3,Reconcilation,Reconcilation,CA_3__HOBBIES,1512,7,66716.6796875,0.020902592517202268,rmsse,1.0234191675326187
store_cat,3,Reconcilation,Reconcilation,CA_3__HOUSEHOLD,1512,8,182819.796875,0.05727814597571753,rmsse,0.7643513228794543
store_cat,3,Reconcilation,Reconcilation,CA_4__FOODS,1512,9,116552.8984375,0.03651647165520408,rmsse,0.6758443719658294
store_cat,3,Reconcilation,Reconcilation,CA_4__HOBBIES,1512,10,36935.671875,0.011572088151995735,rmsse,0.7000026698250356
store_cat,3,Reconcilation,Reconcilation,CA_4__HOUSEHOLD,1512,11,55035.6171875,0.017242870679288043,rmsse,0.6202226512627669
store_cat,3,Reconcilation,Reconcilation,TX_1__FOODS,1512,12,146396.890625,0.045866709267504774,rmsse,0.46477698141390883
store_cat,3,Reconcilation,Reconcilation,TX_1__HOBBIES,1512,13,37219.30859375,0.011660952627606897,rmsse,0.7935751338306264
store_cat,3,Reconcilation,Reconcilation,TX_1__HOUSEHOLD,1512,14,98011.2890625,0.030707314077307153,rmsse,0.6743678557991892
store_cat,3,Reconcilation,Reconcilation,TX_2__FOODS,1512,15,176122.65625,0.05517990604275809,rmsse,1.1108409664383352
store_cat,3,Reconcilation,Reconcilation,TX_2__HOBBIES,1512,16,57129.640625,0.017898936281481592,rmsse,1.0502627617418776
store_cat,3,Reconcilation,Reconcilation,TX_2__HOUSEHOLD,1512,17,104925.140625,0.03287345038103626,rmsse,1.293579280220106
store_cat,3,Reconcilation,Reconcilation,TX_3__FOODS,1512,18,171175.0625,0.05362980587918111,rmsse,0.6486758192861383
store_cat,3,Reconcilation,Reconcilation,TX_3__HOBBIES,1512,19,67877.1015625,0.021266157156731493,rmsse,0.9206841569902262
store_cat,3,Reconcilation,Reconcilation,TX_3__HOUSEHOLD,1512,20,106698.2734375,0.03342897971541217,rmsse,0.9446367752335666
store_cat,3,Reconcilation,Reconcilation,WI_1__FOODS,1512,21,173160.421875,0.054251826612380274,rmsse,0.8062265257571823
store_cat,3,Reconcilation,Reconcilation,WI_1__HOBBIES,1512,22,42989.3984375,0.013468743982879497,rmsse,0.8158547573204327
store_cat,3,Reconcilation,Reconcilation,WI_1__HOUSEHOLD,1512,23,80510.828125,0.025224352311925487,rmsse,0.8427222580184134
store_cat,3,Reconcilation,Reconcilation,WI_2__FOODS,1512,24,209484.875,0.06563241757761601,rmsse,0.6201921353233921
store_cat,3,Reconcilation,Reconcilation,WI_2__HOBBIES,1512,25,27927.87890625,0.008749911946779423,rmsse,0.804790355319027
store_cat,3,Reconcilation,Reconcilation,WI_2__HOUSEHOLD,1512,26,94749.9140625,0.029685512737820482,rmsse,0.9778591637369684
store_cat,3,Reconcilation,Reconcilation,WI_3__FOODS,1512,27,154383.0625,0.04836880765215719,rmsse,0.5650867877878374
store_cat,3,Reconcilation,Reconcilation,WI_3__HOBBIES,1512,28,26006.021484375,0.00814778661989298,rmsse,0.47932736572037254
store_cat,3,Reconcilation,Reconcilation,WI_3__HOUSEHOLD,1512,29,76870.9140625,0.02408395322728209,rmsse,0.7701465949002272
store_cat,3,Reconcilation,Reconcilation,CA_1__FOODS,1540,30,220169.40625,0.06885783512657154,rmsse,0.4849628262553455
store_cat,3,Reconcilation,Reconcilation,CA_1__HOBBIES,1540,31,61755.76953125,0.019314075778852052,rmsse,0.49194959451950315
store_cat,3,Reconcilation,Reconcilation,CA_1__HOUSEHOLD,1540,32,109044.2734375,0.034103523871660345,rmsse,0.5898888610731002
store_cat,3,Reconcilation,Reconcilation,CA_2__FOODS,1540,33,95685.3828125,0.029925539728460827,rmsse,0.52011661372576
store_cat,3,Reconcilation,Reconcilation,CA_2__HOBBIES,1540,34,34752.09765625,0.010868695389946238,rmsse,0.5382716304705034
store_cat,3,Reconcilation,Reconcilation,CA_2__HOUSEHOLD,1540,35,99130.90625,0.03100312488811156,rmsse,0.29919671573331796
store_cat,3,Reconcilation,Reconcilation,CA_3__FOODS,1540,36,290055.46875,0.09071465461495254,rmsse,0.6012820707891072
store_cat,3,Reconcilation,Reconcilation,CA_3__HOBBIES,1540,37,67942.453125,0.02124895695119342,rmsse,0.7547538592564333
store_cat,3,Reconcilation,Reconcilation,CA_3__HOUSEHOLD,1540,38,194752.859375,0.06090882702406398,rmsse,0.6882813162936006
store_cat,3,Reconcilation,Reconcilation,CA_4__FOODS,1540,39,120052.3671875,0.03754629785831791,rmsse,0.5144578582042312
store_cat,3,Reconcilation,Reconcilation,CA_4__HOBBIES,1540,40,37685.67578125,0.011786169994173486,rmsse,0.9532866718894717
store_cat,3,Reconcilation,Reconcilation,CA_4__HOUSEHOLD,1540,41,57081.52734375,0.017852209648718267,rmsse,0.5904060142450255
store_cat,3,Reconcilation,Reconcilation,TX_1__FOODS,1540,42,147996.359375,0.046285762798511335,rmsse,0.3934785537125696
store_cat,3,Reconcilation,Reconcilation,TX_1__HOBBIES,1540,43,35824.16015625,0.011203982222607078,rmsse,0.5318362519899886
store_cat,3,Reconcilation,Reconcilation,TX_1__HOUSEHOLD,1540,44,96537.8984375,0.030192163422228798,rmsse,0.5204025653254468
store_cat,3,Reconcilation,Reconcilation,TX_2__FOODS,1540,45,179433.03125,0.05611756098412723,rmsse,0.4141324543345952
store_cat,3,Reconcilation,Reconcilation,TX_2__HOBBIES,1540,46,54520.3046875,0.017051188969277244,rmsse,0.6029474198488374
store_cat,3,Reconcilation,Reconcilation,TX_2__HOUSEHOLD,1540,47,103090.46875,0.032241475422103406,rmsse,0.5056413583585241
store_cat,3,Reconcilation,Reconcilation,TX_3__FOODS,1540,48,173693.546875,0.05432254106952325,rmsse,0.6817339981837677
store_cat,3,Reconcilation,Reconcilation,TX_3__HOBBIES,1540,49,69905.3671875,0.02186285701653573,rmsse,0.7688026414987942
store_cat,3,Reconcilation,Reconcilation,TX_3__HOUSEHOLD,1540,50,104416.875,0.032656308093131484,rmsse,0.7298964797693676
store_cat,3,Reconcilation,Reconcilation,WI_1__FOODS,1540,51,162298.171875,0.05075864512993716,rmsse,0.6145579187191038
store_cat,3,Reconcilation,Reconcilation,WI_1__HOBBIES,1540,52,41865.28125,0.013093338820048013,rmsse,0.5414950744745827
store_cat,3,Reconcilation,Reconcilation,WI_1__HOUSEHOLD,1540,53,77330.671875,0.024185116110770965,rmsse,0.7223699244238346
store_cat,3,Reconcilation,Reconcilation,WI_2__FOODS,1540,54,202491.703125,0.06332914525121458,rmsse,0.5905132885891095
store_cat,3,Reconcilation,Reconcilation,WI_2__HOBBIES,1540,55,26394.369140625,0.008254821364650992,rmsse,0.6976777798738729
store_cat,3,Reconcilation,Reconcilation,WI_2__HOUSEHOLD,1540,56,86329.9609375,0.026999637769690065,rmsse,0.960297976356276
store_cat,3,Reconcilation,Reconcilation,WI_3__FOODS,1540,57,150028.796875,0.04692140627261487,rmsse,0.3663698196435582
store_cat,3,Reconcilation,Reconcilation,WI_3__HOBBIES,1540,58,24321.859375,0.007606645316169617,rmsse,0.46812850088309027
store_cat,3,Reconcilation,Reconcilation,WI_3__HOUSEHOLD,1540,59,72861.84375,0.022787493091836034,rmsse,0.6542200934343297
store_cat,3,Reconcilation,Reconcilation,CA_1__FOODS,1568,60,227606.21875,0.07077608229256054,rmsse,0.4397113857670148
store_cat,3,Reconcilation,Reconcilation,CA_1__HOBBIES,1568,61,61449.91015625,0.019108370245657893,rmsse,0.5661902661671647
store_cat,3,Reconcilation,Reconcilation,CA_1__HOUSEHOLD,1568,62,110681.0859375,0.03441722150459681,rmsse,0.5111393300557342
store_cat,3,Reconcilation,Reconcilation,CA_2__FOODS,1568,63,94507.7265625,0.029387978365465067,rmsse,1.3521644574871048
store_cat,3,Reconcilation,Reconcilation,CA_2__HOBBIES,1568,64,32681.55078125,0.010162605135507732,rmsse,0.5980647934203757
store_cat,3,Reconcilation,Reconcilation,CA_2__HOUSEHOLD,1568,65,97190.0234375,0.03022206130661088,rmsse,0.4927915769837377
store_cat,3,Reconcilation,Reconcilation,CA_3__FOODS,1568,66,286386.625,0.08905434767910389,rmsse,0.8381789534258428
store_cat,3,Reconcilation,Reconcilation,CA_3__HOBBIES,1568,67,66306.0390625,0.020618424676418178,rmsse,0.7126591918253272
store_cat,3,Reconcilation,Reconcilation,CA_3__HOUSEHOLD,1568,68,190131.015625,0.059122850342783584,rmsse,0.6544974507076939
store_cat,3,Reconcilation,Reconcilation,CA_4__FOODS,1568,69,122596.9609375,0.038122563802445886,rmsse,0.6480058579840446
store_cat,3,Reconcilation,Reconcilation,CA_4__HOBBIES,1568,70,38498.52734375,0.011971443286514517,rmsse,0.9859101597294612
store_cat,3,Reconcilation,Reconcilation,CA_4__HOUSEHOLD,1568,71,57504.91796875,0.017881641497913568,rmsse,0.8394663626312828
store_cat,3,Reconcilation,Reconcilation,TX_1__FOODS,1568,72,143759.71875,0.04470330266231075,rmsse,0.4807042084566284
store_cat,3,Reconcilation,Reconcilation,TX_1__HOBBIES,1568,73,36857.09765625,0.011461026816885643,rmsse,0.7730002616185139
store_cat,3,Reconcilation,Reconcilation,TX_1__HOUSEHOLD,1568,74,94760.015625,0.029466429787166445,rmsse,0.6434248514955728
store_cat,3,Reconcilation,Reconcilation,TX_2__FOODS,1568,75,175913.21875,0.05470170593306429,rmsse,0.3997024901487136
store_cat,3,Reconcilation,Reconcilation,TX_2__HOBBIES,1568,76,55974.640625,0.01740578879139919,rmsse,0.6426593394061878
store_cat,3,Reconcilation,Reconcilation,TX_2__HOUSEHOLD,1568,77,102344.765625,0.031824972067411146,rmsse,0.3996570640178341
store_cat,3,Reconcilation,Reconcilation,TX_3__FOODS,1568,78,185515.796875,0.05768770896640953,rmsse,0.6427295185061085
store_cat,3,Reconcilation,Reconcilation,TX_3__HOBBIES,1568,79,71178.390625,0.02213352367959858,rmsse,0.7290662566768967
store_cat,3,Reconcilation,Reconcilation,TX_3__HOUSEHOLD,1568,80,104345.796875,0.03244720968990574,rmsse,0.7765505499586179
store_cat,3,Reconcilation,Reconcilation,WI_1__FOODS,1568,81,171597.125,0.05335958001001147,rmsse,0.5614900009784274
store_cat,3,Reconcilation,Reconcilation,WI_1__HOBBIES,1568,82,42377.875,0.013177759311041865,rmsse,0.41957589233145826
store_cat,3,Reconcilation,Reconcilation,WI_1__HOUSEHOLD,1568,83,74826.484375,0.02326792934249735,rmsse,0.6017694474762865
store_cat,3,Reconcilation,Reconcilation,WI_2__FOODS,1568,84,210272.09375,0.06538588924683765,rmsse,1.0281143827154322
store_cat,3,Reconcilation,Reconcilation,WI_2__HOBBIES,1568,85,24916.8984375,0.007748120697110228,rmsse,0.753831166651598
store_cat,3,Reconcilation,Reconcilation,WI_2__HOUSEHOLD,1568,86,85993.5546875,0.02674042447793314,rmsse,1.0387761335556496
store_cat,3,Reconcilation,Reconcilation,WI_3__FOODS,1568,87,152977.359375,0.04756960611834604,rmsse,0.5681168622860564
store_cat,3,Reconcilation,Reconcilation,WI_3__HOBBIES,1568,88,25281.419921875,0.007861471741370881,rmsse,0.6524941468723678
store_cat,3,Reconcilation,Reconcilation,WI_3__HOUSEHOLD,1568,89,71430.6328125,0.022211960525121525,rmsse,0.5835016662314374
store_cat,3,Reconcilation,Reconcilation,CA_1__FOODS,1596,90,218156.640625,0.06756247139642138,rmsse,0.564069069450269
store_cat,3,Reconcilation,Reconcilation,CA_1__HOBBIES,1596,91,62647.34375,0.019401698513715152,rmsse,0.7540601867443483
store_cat,3,Reconcilation,Reconcilation,CA_1__HOUSEHOLD,1596,92,111508.96875,0.03453400038629386,rmsse,0.8508271312691525
store_cat,3,Reconcilation,Reconcilation,CA_2__FOODS,1596,93,124184.8984375,0.03845969861157458,rmsse,1.3220048102857924
store_cat,3,Reconcilation,Reconcilation,CA_2__HOBBIES,1596,94,35712.88671875,0.01106017621332348,rmsse,0.8061047783343163
store_cat,3,Reconcilation,Reconcilation,CA_2__HOUSEHOLD,1596,95,107060.6328125,0.03315636380059106,rmsse,0.5641468504665863
store_cat,3,Reconcilation,Reconcilation,CA_3__FOODS,1596,96,285717.21875,0.08848578417763645,rmsse,0.919145532543941
store_cat,3,Reconcilation,Reconcilation,CA_3__HOBBIES,1596,97,68288.1953125,0.021148653688909533,rmsse,1.2819709354765874
store_cat,3,Reconcilation,Reconcilation,CA_3__HOUSEHOLD,1596,98,198473.0625,0.06146652501477757,rmsse,0.8795545232577794
store_cat,3,Reconcilation,Reconcilation,CA_4__FOODS,1596,99,116616.671875,0.036115841054978406,rmsse,0.7002507548175654
store_cat,3,Reconcilation,Reconcilation,CA_4__HOBBIES,1596,100,39243.08203125,0.012153467341850466,rmsse,1.0297792968190405
store_cat,3,Reconcilation,Reconcilation,CA_4__HOUSEHOLD,1596,101,58249.5703125,0.018039720985881025,rmsse,1.040024727256518
store_cat,3,Reconcilation,Reconcilation,TX_1__FOODS,1596,102,144254.125,0.04467507918258353,rmsse,1.0511928657112413
store_cat,3,Reconcilation,Reconcilation,TX_1__HOBBIES,1596,103,38381.20703125,0.011886547183619364,rmsse,0.7577943599025061
store_cat,3,Reconcilation,Reconcilation,TX_1__HOUSEHOLD,1596,104,100307.125,0.031064822249986294,rmsse,0.9305074793794379
store_cat,3,Reconcilation,Reconcilation,TX_2__FOODS,1596,105,172290.359375,0.05335781869304533,rmsse,0.9965999804341723
store_cat,3,Reconcilation,Reconcilation,TX_2__HOBBIES,1596,106,56974.41796875,0.017644810047099287,rmsse,0.9432028497147692
store_cat,3,Reconcilation,Reconcilation,TX_2__HOUSEHOLD,1596,107,102815.34375,0.03184161023621193,rmsse,0.7751293567861866
store_cat,3,Reconcilation,Reconcilation,TX_3__FOODS,1596,108,173334.609375,0.05368121985357653,rmsse,1.4591924644397705
store_cat,3,Reconcilation,Reconcilation,TX_3__HOBBIES,1596,109,69821.453125,0.02162349913392369,rmsse,1.0907229737139497
store_cat,3,Reconcilation,Reconcilation,TX_3__HOUSEHOLD,1596,110,105690.0703125,0.03273190461641051,rmsse,1.0024434992614346
store_cat,3,Reconcilation,Reconcilation,WI_1__FOODS,1596,111,172074.03125,0.05329082250757199,rmsse,0.5673051760827327
store_cat,3,Reconcilation,Reconcilation,WI_1__HOBBIES,1596,112,42553.390625,0.013178660198862826,rmsse,0.6712848973886202
store_cat,3,Reconcilation,Reconcilation,WI_1__HOUSEHOLD,1596,113,77409.6953125,0.023973555470844267,rmsse,0.9045128314321856
store_cat,3,Reconcilation,Reconcilation,WI_2__FOODS,1596,114,192405.90625,0.05958754452890338,rmsse,0.8403296322891536
store_cat,3,Reconcilation,Reconcilation,WI_2__HOBBIES,1596,115,27172.5703125,0.008415265284824653,rmsse,0.8388853235843419
store_cat,3,Reconcilation,Reconcilation,WI_2__HOUSEHOLD,1596,116,88800.015625,0.027501104245452462,rmsse,1.4541586120579595
store_cat,3,Reconcilation,Reconcilation,WI_3__FOODS,1596,117,138527.015625,0.04290141021599113,rmsse,0.7008035545913033
store_cat,3,Reconcilation,Reconcilation,WI_3__HOBBIES,1596,118,25475.140625,0.007889576291903788,rmsse,0.8700469222320745
store_cat,3,Reconcilation,Reconcilation,WI_3__HOUSEHOLD,1596,119,74816.171875,0.023170348873236064,rmsse,0.8675122605501503
store_cat,4,Reconcilation,Reconcilation,CA_1__FOODS,1568,0,227606.21875,0.07077608229256054,rmsse,0.44862317547027264
store_cat,4,Reconcilation,Reconcilation,CA_1__HOBBIES,1568,1,61449.91015625,0.019108370245657893,rmsse,0.5162018825354715
store_cat,4,Reconcilation,Reconcilation,CA_1__HOUSEHOLD,1568,2,110681.0859375,0.03441722150459681,rmsse,0.5703859455126526
store_cat,4,Reconcilation,Reconcilation,CA_2__FOODS,1568,3,94507.7265625,0.029387978365465067,rmsse,1.320926282318336
store_cat,4,Reconcilation,Reconcilation,CA_2__HOBBIES,1568,4,32681.55078125,0.010162605135507732,rmsse,0.56595381629983
store_cat,4,Reconcilation,Reconcilation,CA_2__HOUSEHOLD,1568,5,97190.0234375,0.03022206130661088,rmsse,0.5191542455055148
store_cat,4,Reconcilation,Reconcilation,CA_3__FOODS,1568,6,286386.625,0.08905434767910389,rmsse,0.8772834111310601
store_cat,4,Reconcilation,Reconcilation,CA_3__HOBBIES,1568,7,66306.0390625,0.020618424676418178,rmsse,0.7673510441413903
store_cat,4,Reconcilation,Reconcilation,CA_3__HOUSEHOLD,1568,8,190131.015625,0.059122850342783584,rmsse,0.6755879318859399
store_cat,4,Reconcilation,Reconcilation,CA_4__FOODS,1568,9,122596.9609375,0.038122563802445886,rmsse,0.6369801637685887
store_cat,4,Reconcilation,Reconcilation,CA_4__HOBBIES,1568,10,38498.52734375,0.011971443286514517,rmsse,1.0080387694008233
store_cat,4,Reconcilation,Reconcilation,CA_4__HOUSEHOLD,1568,11,57504.91796875,0.017881641497913568,rmsse,0.8046364264208804
store_cat,4,Reconcilation,Reconcilation,TX_1__FOODS,1568,12,143759.71875,0.04470330266231075,rmsse,0.4910057710407278
store_cat,4,Reconcilation,Reconcilation,TX_1__HOBBIES,1568,13,36857.09765625,0.011461026816885643,rmsse,0.7810637088613679
store_cat,4,Reconcilation,Reconcilation,TX_1__HOUSEHOLD,1568,14,94760.015625,0.029466429787166445,rmsse,0.690739989291281
store_cat,4,Reconcilation,Reconcilation,TX_2__FOODS,1568,15,175913.21875,0.05470170593306429,rmsse,0.43959183199994994
store_cat,4,Reconcilation,Reconcilation,TX_2__HOBBIES,1568,16,55974.640625,0.01740578879139919,rmsse,0.6020863061568612
store_cat,4,Reconcilation,Reconcilation,TX_2__HOUSEHOLD,1568,17,102344.765625,0.031824972067411146,rmsse,0.4010715419695954
store_cat,4,Reconcilation,Reconcilation,TX_3__FOODS,1568,18,185515.796875,0.05768770896640953,rmsse,0.6264417181735285
store_cat,4,Reconcilation,Reconcilation,TX_3__HOBBIES,1568,19,71178.390625,0.02213352367959858,rmsse,0.7330438404392547
store_cat,4,Reconcilation,Reconcilation,TX_3__HOUSEHOLD,1568,20,104345.796875,0.03244720968990574,rmsse,0.7111982805605778
store_cat,4,Reconcilation,Reconcilation,WI_1__FOODS,1568,21,171597.125,0.05335958001001147,rmsse,0.4774231957510457
store_cat,4,Reconcilation,Reconcilation,WI_1__HOBBIES,1568,22,42377.875,0.013177759311041865,rmsse,0.4409093481704829
store_cat,4,Reconcilation,Reconcilation,WI_1__HOUSEHOLD,1568,23,74826.484375,0.02326792934249735,rmsse,0.587463389349508
store_cat,4,Reconcilation,Reconcilation,WI_2__FOODS,1568,24,210272.09375,0.06538588924683765,rmsse,1.011143556919081
store_cat,4,Reconcilation,Reconcilation,WI_2__HOBBIES,1568,25,24916.8984375,0.007748120697110228,rmsse,0.7249035843826023
store_cat,4,Reconcilation,Reconcilation,WI_2__HOUSEHOLD,1568,26,85993.5546875,0.02674042447793314,rmsse,1.033971002774372
store_cat,4,Reconcilation,Reconcilation,WI_3__FOODS,1568,27,152977.359375,0.04756960611834604,rmsse,0.5878942608930473
store_cat,4,Reconcilation,Reconcilation,WI_3__HOBBIES,1568,28,25281.419921875,0.007861471741370881,rmsse,0.614068875024531
store_cat,4,Reconcilation,Reconcilation,WI_3__HOUSEHOLD,1568,29,71430.6328125,0.022211960525121525,rmsse,0.6104103990777623
store_cat,4,Reconcilation,Reconcilation,CA_1__FOODS,1596,30,218156.640625,0.06756247139642138,rmsse,0.6132380845100789
store_cat,4,Reconcilation,Reconcilation,CA_1__HOBBIES,1596,31,62647.34375,0.019401698513715152,rmsse,0.7500471673110893
store_cat,4,Reconcilation,Reconcilation,CA_1__HOUSEHOLD,1596,32,111508.96875,0.03453400038629386,rmsse,0.8050468857986366
store_cat,4,Reconcilation,Reconcilation,CA_2__FOODS,1596,33,124184.8984375,0.03845969861157458,rmsse,1.230048673983325
store_cat,4,Reconcilation,Reconcilation,CA_2__HOBBIES,1596,34,35712.88671875,0.01106017621332348,rmsse,0.7704649125287355
store_cat,4,Reconcilation,Reconcilation,CA_2__HOUSEHOLD,1596,35,107060.6328125,0.03315636380059106,rmsse,0.5379242040358325
store_cat,4,Reconcilation,Reconcilation,CA_3__FOODS,1596,36,285717.21875,0.08848578417763645,rmsse,0.8971482294781272
store_cat,4,Reconcilation,Reconcilation,CA_3__HOBBIES,1596,37,68288.1953125,0.021148653688909533,rmsse,1.2423455755189114
store_cat,4,Reconcilation,Reconcilation,CA_3__HOUSEHOLD,1596,38,198473.0625,0.06146652501477757,rmsse,0.8688670539419742
store_cat,4,Reconcilation,Reconcilation,CA_4__FOODS,1596,39,116616.671875,0.036115841054978406,rmsse,0.6230733247334995
store_cat,4,Reconcilation,Reconcilation,CA_4__HOBBIES,1596,40,39243.08203125,0.012153467341850466,rmsse,1.0549941578544575
store_cat,4,Reconcilation,Reconcilation,CA_4__HOUSEHOLD,1596,41,58249.5703125,0.018039720985881025,rmsse,1.0315738230875147
store_cat,4,Reconcilation,Reconcilation,TX_1__FOODS,1596,42,144254.125,0.04467507918258353,rmsse,1.0561234610486712
store_cat,4,Reconcilation,Reconcilation,TX_1__HOBBIES,1596,43,38381.20703125,0.011886547183619364,rmsse,0.7570820660469232
store_cat,4,Reconcilation,Reconcilation,TX_1__HOUSEHOLD,1596,44,100307.125,0.031064822249986294,rmsse,0.8269990296133426
store_cat,4,Reconcilation,Reconcilation,TX_2__FOODS,1596,45,172290.359375,0.05335781869304533,rmsse,0.998919061542026
store_cat,4,Reconcilation,Reconcilation,TX_2__HOBBIES,1596,46,56974.41796875,0.017644810047099287,rmsse,0.9207882948507493
store_cat,4,Reconcilation,Reconcilation,TX_2__HOUSEHOLD,1596,47,102815.34375,0.03184161023621193,rmsse,0.715535367534712
store_cat,4,Reconcilation,Reconcilation,TX_3__FOODS,1596,48,173334.609375,0.05368121985357653,rmsse,1.4351008643378576
store_cat,4,Reconcilation,Reconcilation,TX_3__HOBBIES,1596,49,69821.453125,0.02162349913392369,rmsse,1.046916301374395
store_cat,4,Reconcilation,Reconcilation,TX_3__HOUSEHOLD,1596,50,105690.0703125,0.03273190461641051,rmsse,0.9489141989639474
store_cat,4,Reconcilation,Reconcilation,WI_1__FOODS,1596,51,172074.03125,0.05329082250757199,rmsse,0.604941207092699
store_cat,4,Reconcilation,Reconcilation,WI_1__HOBBIES,1596,52,42553.390625,0.013178660198862826,rmsse,0.6885628673133776
store_cat,4,Reconcilation,Reconcilation,WI_1__HOUSEHOLD,1596,53,77409.6953125,0.023973555470844267,rmsse,0.8820673296395184
store_cat,4,Reconcilation,Reconcilation,WI_2__FOODS,1596,54,192405.90625,0.05958754452890338,rmsse,0.8738473937104965
store_cat,4,Reconcilation,Reconcilation,WI_2__HOBBIES,1596,55,27172.5703125,0.008415265284824653,rmsse,0.8294193664006074
store_cat,4,Reconcilation,Reconcilation,WI_2__HOUSEHOLD,1596,56,88800.015625,0.027501104245452462,rmsse,1.3876909587641142
store_cat,4,Reconcilation,Reconcilation,WI_3__FOODS,1596,57,138527.015625,0.04290141021599113,rmsse,0.7168434826247565
store_cat,4,Reconcilation,Reconcilation,WI_3__HOBBIES,1596,58,25475.140625,0.007889576291903788,rmsse,0.8466734612891796
store_cat,4,Reconcilation,Reconcilation,WI_3__HOUSEHOLD,1596,59,74816.171875,0.023170348873236064,rmsse,0.8322179603609167
store_cat,4,Reconcilation,Reconcilation,CA_1__FOODS,1624,60,220013.046875,0.06784256696116275,rmsse,0.4394830481806685
store_cat,4,Reconcilation,Reconcilation,CA_1__HOBBIES,1624,61,62929.06640625,0.019404619235581292,rmsse,0.6605260654657853
store_cat,4,Reconcilation,Reconcilation,CA_1__HOUSEHOLD,1624,62,115288.7890625,0.03555010715472609,rmsse,0.8933264152324073
store_cat,4,Reconcilation,Reconcilation,CA_2__FOODS,1624,63,159095.96875,0.04905835843137624,rmsse,0.9174446421242787
store_cat,4,Reconcilation,Reconcilation,CA_2__HOBBIES,1624,64,40058.953125,0.012352459312655899,rmsse,0.6534866298400243
store_cat,4,Reconcilation,Reconcilation,CA_2__HOUSEHOLD,1624,65,114994.9296875,0.03545949355426571,rmsse,0.6591890691068407
store_cat,4,Reconcilation,Reconcilation,CA_3__FOODS,1624,66,289613.4375,0.08930433583608938,rmsse,0.5706624951601237
store_cat,4,Reconcilation,Reconcilation,CA_3__HOBBIES,1624,67,66763.3359375,0.020586943152802278,rmsse,0.7357932654388811
store_cat,4,Reconcilation,Reconcilation,CA_3__HOUSEHOLD,1624,68,197297.125,0.06083795304040375,rmsse,0.7759808079275567
store_cat,4,Reconcilation,Reconcilation,CA_4__FOODS,1624,69,115117.984375,0.03549743833070138,rmsse,0.4614719761747837
store_cat,4,Reconcilation,Reconcilation,CA_4__HOBBIES,1624,70,38451.5390625,0.011856801906341136,rmsse,1.0019534280829416
store_cat,4,Reconcilation,Reconcilation,CA_4__HOUSEHOLD,1624,71,58972.1171875,0.01818446617580622,rmsse,0.9008681303751894
store_cat,4,Reconcilation,Reconcilation,TX_1__FOODS,1624,72,142577.84375,0.043964878670505324,rmsse,0.7637297840053286
store_cat,4,Reconcilation,Reconcilation,TX_1__HOBBIES,1624,73,35482.73828125,0.010941351351671362,rmsse,0.752921425196246
store_cat,4,Reconcilation,Reconcilation,TX_1__HOUSEHOLD,1624,74,96711.265625,0.029821597433676558,rmsse,0.5423243892861327
store_cat,4,Reconcilation,Reconcilation,TX_2__FOODS,1624,75,170484.6875,0.052570149779085265,rmsse,0.45606004403781847
store_cat,4,Reconcilation,Reconcilation,TX_2__HOBBIES,1624,76,53368.81640625,0.0164566490583447,rmsse,0.5369083146974877
store_cat,4,Reconcilation,Reconcilation,TX_2__HOUSEHOLD,1624,77,100137.1875,0.03087800448548404,rmsse,0.5503349002976016
store_cat,4,Reconcilation,Reconcilation,TX_3__FOODS,1624,78,168899.796875,0.05208143763278345,rmsse,0.7236256421059507
store_cat,4,Reconcilation,Reconcilation,TX_3__HOBBIES,1624,79,61914.1875,0.01909167420285396,rmsse,0.6231179872842428
store_cat,4,Reconcilation,Reconcilation,TX_3__HOUSEHOLD,1624,80,101344.3671875,0.031250246813594264,rmsse,0.6925541722891556
store_cat,4,Reconcilation,Reconcilation,WI_1__FOODS,1624,81,164837.171875,0.05082869870427261,rmsse,0.580597464530711
store_cat,4,Reconcilation,Reconcilation,WI_1__HOBBIES,1624,82,42539.6328125,0.013117394302643252,rmsse,0.530129574077562
store_cat,4,Reconcilation,Reconcilation,WI_1__HOUSEHOLD,1624,83,77645.03125,0.02394239026548502,rmsse,0.6402459044605523
store_cat,4,Reconcilation,Reconcilation,WI_2__FOODS,1624,84,189465.140625,0.05842290569686326,rmsse,0.6121251871940607
store_cat,4,Reconcilation,Reconcilation,WI_2__HOBBIES,1624,85,27261.52734375,0.008406283266158821,rmsse,0.6844300623312686
store_cat,4,Reconcilation,Reconcilation,WI_2__HOUSEHOLD,1624,86,87001.796875,0.026827614607724242,rmsse,1.2914710637436593
store_cat,4,Reconcilation,Reconcilation,WI_3__FOODS,1624,87,145719.78125,0.04493371714740094,rmsse,0.5275601107404841
store_cat,4,Reconcilation,Reconcilation,WI_3__HOBBIES,1624,88,25590.76953125,0.007891093370012273,rmsse,0.6798642983779583
store_cat,4,Reconcilation,Reconcilation,WI_3__HOUSEHOLD,1624,89,73416.1015625,0.022638370119528538,rmsse,0.6946177347581072
store_cat,4,Reconcilation,Reconcilation,CA_1__FOODS,1652,90,216018.53125,0.06442420129688553,rmsse,0.47340401504540275
store_cat,4,Reconcilation,Reconcilation,CA_1__HOBBIES,1652,91,65447.4609375,0.019518697647878544,rmsse,0.6628757146759846
store_cat,4,Reconcilation,Reconcilation,CA_1__HOUSEHOLD,1652,92,119797.71875,0.035727825307384026,rmsse,0.9294077728299882
store_cat,4,Reconcilation,Reconcilation,CA_2__FOODS,1652,93,174231.328125,0.05196181128719119,rmsse,0.9038967918111904
store_cat,4,Reconcilation,Reconcilation,CA_2__HOBBIES,1652,94,41661.87109375,0.012425011660885674,rmsse,0.6593356746656719
store_cat,4,Reconcilation,Reconcilation,CA_2__HOUSEHOLD,1652,95,125333.90625,0.0373789079985469,rmsse,0.5125229820420053
store_cat,4,Reconcilation,Reconcilation,CA_3__FOODS,1652,96,290598.75,0.08666660336171188,rmsse,0.5399367176411738
store_cat,4,Reconcilation,Reconcilation,CA_3__HOBBIES,1652,97,67250.15625,0.020056323771977337,rmsse,0.7512759882990228
store_cat,4,Reconcilation,Reconcilation,CA_3__HOUSEHOLD,1652,98,209033.9375,0.062341153740163614,rmsse,0.9311938597949436
store_cat,4,Reconcilation,Reconcilation,CA_4__FOODS,1652,99,117701.203125,0.0351025717985045,rmsse,0.42484131624163773
store_cat,4,Reconcilation,Reconcilation,CA_4__HOBBIES,1652,100,38269.8515625,0.011413394056508423,rmsse,0.8788149657309205
store_cat,4,Reconcilation,Reconcilation,CA_4__HOUSEHOLD,1652,101,59733.83984375,0.01781469811900534,rmsse,0.7199004320202158
store_cat,4,Reconcilation,Reconcilation,TX_1__FOODS,1652,102,151482.15625,0.04517722100351641,rmsse,0.7597267950748124
store_cat,4,Reconcilation,Reconcilation,TX_1__HOBBIES,1652,103,34373.328125,0.010251315929030495,rmsse,0.7631522133941403
store_cat,4,Reconcilation,Reconcilation,TX_1__HOUSEHOLD,1652,104,99281.828125,0.029609276774710924,rmsse,0.5171823152622149
store_cat,4,Reconcilation,Reconcilation,TX_2__FOODS,1652,105,180129.203125,0.053720761706977774,rmsse,0.5999497467270967
store_cat,4,Reconcilation,Reconcilation,TX_2__HOBBIES,1652,106,53874.60546875,0.016067271670744867,rmsse,0.5344204149227129
store_cat,4,Reconcilation,Reconcilation,TX_2__HOUSEHOLD,1652,107,108551.953125,0.03237394884053533,rmsse,0.47741576270464525
store_cat,4,Reconcilation,Reconcilation,TX_3__FOODS,1652,108,179456.3125,0.05352008243735707,rmsse,0.6073921897049352
store_cat,4,Reconcilation,Reconcilation,TX_3__HOBBIES,1652,109,59746.28125,0.017818408576881467,rmsse,0.6628597106132393
store_cat,4,Reconcilation,Reconcilation,TX_3__HOUSEHOLD,1652,110,104524.96875,0.03117296274692021,rmsse,0.8069628230258868
store_cat,4,Reconcilation,Reconcilation,WI_1__FOODS,1652,111,168893.375,0.05036984894651428,rmsse,0.43371156707921754
store_cat,4,Reconcilation,Reconcilation,WI_1__HOBBIES,1652,112,42655.81640625,0.012721440548352225,rmsse,0.45911439709418367
store_cat,4,Reconcilation,Reconcilation,WI_1__HOUSEHOLD,1652,113,79013.1484375,0.023564455098285444,rmsse,0.46496534738580275
store_cat,4,Reconcilation,Reconcilation,WI_2__FOODS,1652,114,197144.109375,0.05879519554816072,rmsse,0.6005481682318055
store_cat,4,Reconcilation,Reconcilation,WI_2__HOBBIES,1652,115,26210.8203125,0.007816973637390177,rmsse,0.6476789255335443
store_cat,4,Reconcilation,Reconcilation,WI_2__HOUSEHOLD,1652,116,94435.328125,0.02816388276254626,rmsse,1.3485697789666786
store_cat,4,Reconcilation,Reconcilation,WI_3__FOODS,1652,117,149557.390625,0.04460318928801133,rmsse,0.40333556999563036
store_cat,4,Reconcilation,Reconcilation,WI_3__HOBBIES,1652,118,23851.12890625,0.007113232003396538,rmsse,0.7200060680025319
store_cat,4,Reconcilation,Reconcilation,WI_3__HOUSEHOLD,1652,119,74804.640625,0.02230933243402552,rmsse,0.7436869622136776
store_cat,5,Reconcilation,Reconcilation,CA_1__FOODS,1624,0,220013.046875,0.06784256696116275,rmsse,0.4142337798464655
store_cat,5,Reconcilation,Reconcilation,CA_1__HOBBIES,1624,1,62929.06640625,0.019404619235581292,rmsse,0.6642808771531574
store_cat,5,Reconcilation,Reconcilation,CA_1__HOUSEHOLD,1624,2,115288.7890625,0.03555010715472609,rmsse,0.9084877212447088
store_cat,5,Reconcilation,Reconcilation,CA_2__FOODS,1624,3,159095.96875,0.04905835843137624,rmsse,0.9178550650170438
store_cat,5,Reconcilation,Reconcilation,CA_2__HOBBIES,1624,4,40058.953125,0.012352459312655899,rmsse,0.6574306150386617
store_cat,5,Reconcilation,Reconcilation,CA_2__HOUSEHOLD,1624,5,114994.9296875,0.03545949355426571,rmsse,0.6311342878737286
store_cat,5,Reconcilation,Reconcilation,CA_3__FOODS,1624,6,289613.4375,0.08930433583608938,rmsse,0.6214951402733793
store_cat,5,Reconcilation,Reconcilation,CA_3__HOBBIES,1624,7,66763.3359375,0.020586943152802278,rmsse,0.7176457028953572
store_cat,5,Reconcilation,Reconcilation,CA_3__HOUSEHOLD,1624,8,197297.125,0.06083795304040375,rmsse,0.778139484197167
store_cat,5,Reconcilation,Reconcilation,CA_4__FOODS,1624,9,115117.984375,0.03549743833070138,rmsse,0.4514196392062882
store_cat,5,Reconcilation,Reconcilation,CA_4__HOBBIES,1624,10,38451.5390625,0.011856801906341136,rmsse,0.9973514309352032
store_cat,5,Reconcilation,Reconcilation,CA_4__HOUSEHOLD,1624,11,58972.1171875,0.01818446617580622,rmsse,0.8902590199727379
store_cat,5,Reconcilation,Reconcilation,TX_1__FOODS,1624,12,142577.84375,0.043964878670505324,rmsse,0.7830527716026592
store_cat,5,Reconcilation,Reconcilation,TX_1__HOBBIES,1624,13,35482.73828125,0.010941351351671362,rmsse,0.7220068573881449
store_cat,5,Reconcilation,Reconcilation,TX_1__HOUSEHOLD,1624,14,96711.265625,0.029821597433676558,rmsse,0.6120419689026851
store_cat,5,Reconcilation,Reconcilation,TX_2__FOODS,1624,15,170484.6875,0.052570149779085265,rmsse,0.48357300417946647
store_cat,5,Reconcilation,Reconcilation,TX_2__HOBBIES,1624,16,53368.81640625,0.0164566490583447,rmsse,0.5445527145414928
store_cat,5,Reconcilation,Reconcilation,TX_2__HOUSEHOLD,1624,17,100137.1875,0.03087800448548404,rmsse,0.5713480969676467
store_cat,5,Reconcilation,Reconcilation,TX_3__FOODS,1624,18,168899.796875,0.05208143763278345,rmsse,0.7553825340688034
store_cat,5,Reconcilation,Reconcilation,TX_3__HOBBIES,1624,19,61914.1875,0.01909167420285396,rmsse,0.6107093425307139
store_cat,5,Reconcilation,Reconcilation,TX_3__HOUSEHOLD,1624,20,101344.3671875,0.031250246813594264,rmsse,0.746986113479323
store_cat,5,Reconcilation,Reconcilation,WI_1__FOODS,1624,21,164837.171875,0.05082869870427261,rmsse,0.5314752493462918
store_cat,5,Reconcilation,Reconcilation,WI_1__HOBBIES,1624,22,42539.6328125,0.013117394302643252,rmsse,0.5212347339525034
store_cat,5,Reconcilation,Reconcilation,WI_1__HOUSEHOLD,1624,23,77645.03125,0.02394239026548502,rmsse,0.6529640313067929
store_cat,5,Reconcilation,Reconcilation,WI_2__FOODS,1624,24,189465.140625,0.05842290569686326,rmsse,0.6447383054467908
store_cat,5,Reconcilation,Reconcilation,WI_2__HOBBIES,1624,25,27261.52734375,0.008406283266158821,rmsse,0.7226142990523576
store_cat,5,Reconcilation,Reconcilation,WI_2__HOUSEHOLD,1624,26,87001.796875,0.026827614607724242,rmsse,1.3020225138284158
store_cat,5,Reconcilation,Reconcilation,WI_3__FOODS,1624,27,145719.78125,0.04493371714740094,rmsse,0.5198393429090402
store_cat,5,Reconcilation,Reconcilation,WI_3__HOBBIES,1624,28,25590.76953125,0.007891093370012273,rmsse,0.6994829588456241
store_cat,5,Reconcilation,Reconcilation,WI_3__HOUSEHOLD,1624,29,73416.1015625,0.022638370119528538,rmsse,0.7253065073220515
store_cat,5,Reconcilation,Reconcilation,CA_1__FOODS,1652,30,216018.53125,0.06442420129688553,rmsse,0.4720382273195735
store_cat,5,Reconcilation,Reconcilation,CA_1__HOBBIES,1652,31,65447.4609375,0.019518697647878544,rmsse,0.6849788045148022
store_cat,5,Reconcilation,Reconcilation,CA_1__HOUSEHOLD,1652,32,119797.71875,0.035727825307384026,rmsse,0.8889051059098303
store_cat,5,Reconcilation,Reconcilation,CA_2__FOODS,1652,33,174231.328125,0.05196181128719119,rmsse,0.9311682136525025
store_cat,5,Reconcilation,Reconcilation,CA_2__HOBBIES,1652,34,41661.87109375,0.012425011660885674,rmsse,0.6141384078317921
store_cat,5,Reconcilation,Reconcilation,CA_2__HOUSEHOLD,1652,35,125333.90625,0.0373789079985469,rmsse,0.49909017584228266
store_cat,5,Reconcilation,Reconcilation,CA_3__FOODS,1652,36,290598.75,0.08666660336171188,rmsse,0.5507443843742241
store_cat,5,Reconcilation,Reconcilation,CA_3__HOBBIES,1652,37,67250.15625,0.020056323771977337,rmsse,0.6662207331669077
store_cat,5,Reconcilation,Reconcilation,CA_3__HOUSEHOLD,1652,38,209033.9375,0.062341153740163614,rmsse,0.9374548599402848
store_cat,5,Reconcilation,Reconcilation,CA_4__FOODS,1652,39,117701.203125,0.0351025717985045,rmsse,0.45985601354091804
store_cat,5,Reconcilation,Reconcilation,CA_4__HOBBIES,1652,40,38269.8515625,0.011413394056508423,rmsse,0.8452448857803839
store_cat,5,Reconcilation,Reconcilation,CA_4__HOUSEHOLD,1652,41,59733.83984375,0.01781469811900534,rmsse,0.7453381995627653
store_cat,5,Reconcilation,Reconcilation,TX_1__FOODS,1652,42,151482.15625,0.04517722100351641,rmsse,0.7548296548860793
store_cat,5,Reconcilation,Reconcilation,TX_1__HOBBIES,1652,43,34373.328125,0.010251315929030495,rmsse,0.7300537843361222
store_cat,5,Reconcilation,Reconcilation,TX_1__HOUSEHOLD,1652,44,99281.828125,0.029609276774710924,rmsse,0.5844857997975894
store_cat,5,Reconcilation,Reconcilation,TX_2__FOODS,1652,45,180129.203125,0.053720761706977774,rmsse,0.6165585067227847
store_cat,5,Reconcilation,Reconcilation,TX_2__HOBBIES,1652,46,53874.60546875,0.016067271670744867,rmsse,0.5326905701728667
store_cat,5,Reconcilation,Reconcilation,TX_2__HOUSEHOLD,1652,47,108551.953125,0.03237394884053533,rmsse,0.47852861943639813
store_cat,5,Reconcilation,Reconcilation,TX_3__FOODS,1652,48,179456.3125,0.05352008243735707,rmsse,0.6026035969469642
store_cat,5,Reconcilation,Reconcilation,TX_3__HOBBIES,1652,49,59746.28125,0.017818408576881467,rmsse,0.6774696046009767
store_cat,5,Reconcilation,Reconcilation,TX_3__HOUSEHOLD,1652,50,104524.96875,0.03117296274692021,rmsse,0.8184359150671894
store_cat,5,Reconcilation,Reconcilation,WI_1__FOODS,1652,51,168893.375,0.05036984894651428,rmsse,0.4437868575393822
store_cat,5,Reconcilation,Reconcilation,WI_1__HOBBIES,1652,52,42655.81640625,0.012721440548352225,rmsse,0.4810772936630198
store_cat,5,Reconcilation,Reconcilation,WI_1__HOUSEHOLD,1652,53,79013.1484375,0.023564455098285444,rmsse,0.46244789538730974
store_cat,5,Reconcilation,Reconcilation,WI_2__FOODS,1652,54,197144.109375,0.05879519554816072,rmsse,0.5906336209076679
store_cat,5,Reconcilation,Reconcilation,WI_2__HOBBIES,1652,55,26210.8203125,0.007816973637390177,rmsse,0.7071242106087599
store_cat,5,Reconcilation,Reconcilation,WI_2__HOUSEHOLD,1652,56,94435.328125,0.02816388276254626,rmsse,1.4185016592219617
store_cat,5,Reconcilation,Reconcilation,WI_3__FOODS,1652,57,149557.390625,0.04460318928801133,rmsse,0.42344189232716245
store_cat,5,Reconcilation,Reconcilation,WI_3__HOBBIES,1652,58,23851.12890625,0.007113232003396538,rmsse,0.6889576275129902
store_cat,5,Reconcilation,Reconcilation,WI_3__HOUSEHOLD,1652,59,74804.640625,0.02230933243402552,rmsse,0.7273923618399651
store_cat,5,Reconcilation,Reconcilation,CA_1__FOODS,1680,60,212665.09375,0.06378615589312105,rmsse,0.5098107301257582
store_cat,5,Reconcilation,Reconcilation,CA_1__HOBBIES,1680,61,65255.8203125,0.01957264285355537,rmsse,0.6040031945759148
store_cat,5,Reconcilation,Reconcilation,CA_1__HOUSEHOLD,1680,62,120678.7734375,0.03619604383465028,rmsse,0.700242830816263
store_cat,5,Reconcilation,Reconcilation,CA_2__FOODS,1680,63,185085.140625,0.05551390416372213,rmsse,1.0370160968814237
store_cat,5,Reconcilation,Reconcilation,CA_2__HOBBIES,1680,64,42349.64453125,0.01270223044344142,rmsse,0.6737866578583187
store_cat,5,Reconcilation,Reconcilation,CA_2__HOUSEHOLD,1680,65,131134.6875,0.0393321605928604,rmsse,0.780673850960038
store_cat,5,Reconcilation,Reconcilation,CA_3__FOODS,1680,66,290308.75,0.08707437058949458,rmsse,0.6021860957055621
store_cat,5,Reconcilation,Reconcilation,CA_3__HOBBIES,1680,67,68627.6328125,0.020583974586351195,rmsse,0.8494354891880187
store_cat,5,Reconcilation,Reconcilation,CA_3__HOUSEHOLD,1680,68,216725.078125,0.06500389591665223,rmsse,0.7708192693491405
store_cat,5,Reconcilation,Reconcilation,CA_4__FOODS,1680,69,120590.8203125,0.036169663427581066,rmsse,0.9177878437936364
store_cat,5,Reconcilation,Reconcilation,CA_4__HOBBIES,1680,70,38188.359375,0.011454106555257288,rmsse,1.0998791467440976
store_cat,5,Reconcilation,Reconcilation,CA_4__HOUSEHOLD,1680,71,60378.7109375,0.018109816710270857,rmsse,0.8195696913818141
store_cat,5,Reconcilation,Reconcilation,TX_1__FOODS,1680,72,133530.5,0.04005075369585142,rmsse,0.5176420958269414
store_cat,5,Reconcilation,Reconcilation,TX_1__HOBBIES,1680,73,34635.26171875,0.010388400674669888,rmsse,0.5662718522729371
store_cat,5,Reconcilation,Reconcilation,TX_1__HOUSEHOLD,1680,74,98933.9296875,0.02967395801016805,rmsse,0.49701044786866594
store_cat,5,Reconcilation,Reconcilation,TX_2__FOODS,1680,75,167087.09375,0.05011562180578134,rmsse,0.5581410744894233
store_cat,5,Reconcilation,Reconcilation,TX_2__HOBBIES,1680,76,52974.6171875,0.015889054149490787,rmsse,0.5921262872234268
store_cat,5,Reconcilation,Reconcilation,TX_2__HOUSEHOLD,1680,77,107912.78125,0.032367048895031794,rmsse,0.6574651465941309
store_cat,5,Reconcilation,Reconcilation,TX_3__FOODS,1680,78,166985.515625,0.05008515475544256,rmsse,0.6447798433908553
store_cat,5,Reconcilation,Reconcilation,TX_3__HOBBIES,1680,79,58107.6953125,0.017428654822639902,rmsse,0.6376061590184037
store_cat,5,Reconcilation,Reconcilation,TX_3__HOUSEHOLD,1680,80,107518.1171875,0.03224867449248113,rmsse,0.7621722783086033
store_cat,5,Reconcilation,Reconcilation,WI_1__FOODS,1680,81,161832.640625,0.04853961626460706,rmsse,0.5766163400405843
store_cat,5,Reconcilation,Reconcilation,WI_1__HOBBIES,1680,82,40999.46875,0.012297262607172198,rmsse,0.6016862402991173
store_cat,5,Reconcilation,Reconcilation,WI_1__HOUSEHOLD,1680,83,79151.3125,0.023740416771006367,rmsse,0.707689820146507
store_cat,5,Reconcilation,Reconcilation,WI_2__FOODS,1680,84,203877.3125,0.06115037408764012,rmsse,0.8132337731041044
store_cat,5,Reconcilation,Reconcilation,WI_2__HOBBIES,1680,85,27185.30078125,0.00815388084173639,rmsse,0.6878607058065391
store_cat,5,Reconcilation,Reconcilation,WI_2__HOUSEHOLD,1680,86,100197.1875,0.030052855921153164,rmsse,1.361938831632214
store_cat,5,Reconcilation,Reconcilation,WI_3__FOODS,1680,87,143496.546875,0.04303994110031657,rmsse,0.7561691506442082
store_cat,5,Reconcilation,Reconcilation,WI_3__HOBBIES,1680,88,26074.580078125,0.007820734472137367,rmsse,0.6889980948550162
store_cat,5,Reconcilation,Reconcilation,WI_3__HOUSEHOLD,1680,89,71543.765625,0.021458631065716046,rmsse,0.5731678709317604
store_cat,5,Reconcilation,Reconcilation,CA_1__FOODS,1708,90,217884.71875,0.06483619848731188,rmsse,0.33668721907023813
store_cat,5,Reconcilation,Reconcilation,CA_1__HOBBIES,1708,91,64507.21875,0.01919548494604763,rmsse,0.5067533893472881
store_cat,5,Reconcilation,Reconcilation,CA_1__HOUSEHOLD,1708,92,115771.9140625,0.034450377440305296,rmsse,0.7151405842519301
store_cat,5,Reconcilation,Reconcilation,CA_2__FOODS,1708,93,193884.84375,0.0576945289471176,rmsse,0.7222798217722506
store_cat,5,Reconcilation,Reconcilation,CA_2__HOBBIES,1708,94,42587.80859375,0.012672901647096451,rmsse,0.860407579621861
store_cat,5,Reconcilation,Reconcilation,CA_2__HOUSEHOLD,1708,95,128741.3828125,0.038309716704546325,rmsse,0.798050669898709
store_cat,5,Reconcilation,Reconcilation,CA_3__FOODS,1708,96,291962.8125,0.08687969936929697,rmsse,0.5488305826183374
store_cat,5,Reconcilation,Reconcilation,CA_3__HOBBIES,1708,97,65857.7265625,0.019597357060311797,rmsse,0.7201112953736166
store_cat,5,Reconcilation,Reconcilation,CA_3__HOUSEHOLD,1708,98,199975.203125,0.05950684397114477,rmsse,0.6270221940947348
store_cat,5,Reconcilation,Reconcilation,CA_4__FOODS,1708,99,125175.40625,0.037248585086258605,rmsse,0.7017732797151198
store_cat,5,Reconcilation,Reconcilation,CA_4__HOBBIES,1708,100,37398.48828125,0.011128709820676824,rmsse,0.908406445417422
store_cat,5,Reconcilation,Reconcilation,CA_4__HOUSEHOLD,1708,101,58208.20703125,0.017321081011646984,rmsse,0.8235487617833125
store_cat,5,Reconcilation,Reconcilation,TX_1__FOODS,1708,102,139721.296875,0.041577021964015685,rmsse,0.445741206457667
store_cat,5,Reconcilation,Reconcilation,TX_1__HOBBIES,1708,103,32822.0,0.009766879104506042,rmsse,0.6602106862917032
store_cat,5,Reconcilation,Reconcilation,TX_1__HOUSEHOLD,1708,104,95720.7265625,0.02848372323841989,rmsse,0.44736575149485974
store_cat,5,Reconcilation,Reconcilation,TX_2__FOODS,1708,105,177167.65625,0.05271997683938926,rmsse,0.3823530748452314
store_cat,5,Reconcilation,Reconcilation,TX_2__HOBBIES,1708,106,51182.921875,0.015230559081363192,rmsse,0.6799589135485193
store_cat,5,Reconcilation,Reconcilation,TX_2__HOUSEHOLD,1708,107,103920.984375,0.030923883090972104,rmsse,0.5464826432545132
store_cat,5,Reconcilation,Reconcilation,TX_3__FOODS,1708,108,174264.703125,0.051856141844022645,rmsse,0.7535058908174915
store_cat,5,Reconcilation,Reconcilation,TX_3__HOBBIES,1708,109,58956.5390625,0.017543763007846123,rmsse,0.9079537978689857
store_cat,5,Reconcilation,Reconcilation,TX_3__HOUSEHOLD,1708,110,102524.9296875,0.030508457542373864,rmsse,0.9222291921337953
store_cat,5,Reconcilation,Reconcilation,WI_1__FOODS,1708,111,166160.796875,0.04944465343326154,rmsse,0.552772815495869
store_cat,5,Reconcilation,Reconcilation,WI_1__HOBBIES,1708,112,41281.1328125,0.012284072679201298,rmsse,0.5066372739968005
store_cat,5,Reconcilation,Reconcilation,WI_1__HOUSEHOLD,1708,113,75338.0390625,0.022418424212235426,rmsse,0.5831724861410844
store_cat,5,Reconcilation,Reconcilation,WI_2__FOODS,1708,114,219979.84375,0.06545964716758208,rmsse,0.7027462485907421
store_cat,5,Reconcilation,Reconcilation,WI_2__HOBBIES,1708,115,27206.900390625,0.008095987658386832,rmsse,0.8936009446116705
store_cat,5,Reconcilation,Reconcilation,WI_2__HOUSEHOLD,1708,116,99922.2578125,0.02973397757309036,rmsse,1.5555539287789364
store_cat,5,Reconcilation,Reconcilation,WI_3__FOODS,1708,117,155858.3125,0.0463789316805747,rmsse,0.48314556815313603
store_cat,5,Reconcilation,Reconcilation,WI_3__HOBBIES,1708,118,26131.451171875,0.007775965036286816,rmsse,0.6855608360966565
store_cat,5,Reconcilation,Reconcilation,WI_3__HOUSEHOLD,1708,119,70425.015625,0.020956450354710988,rmsse,0.6147044406747645
state_dept,1,Reconcilation,Reconcilation,CA__FOODS_1,1400,0,83632.6171875,0.027950457497993245,rmsse,1.9282182518871394
state_dept,1,Reconcilation,Reconcilation,CA__FOODS_2,1400,1,164095.015625,0.054841411330896594,rmsse,1.1877883934783824
state_dept,1,Reconcilation,Reconcilation,CA__FOODS_3,1400,2,504658.75,0.16865959020798937,rmsse,1.1838795486355957
state_dept,1,Reconcilation,Reconcilation,CA__HOBBIES_1,1400,3,161149.171875,0.05385689496277306,rmsse,1.2130823590014397
state_dept,1,Reconcilation,Reconcilation,CA__HOBBIES_2,1400,4,10923.298828125,0.0036506235234620883,rmsse,2.6098447082603755
state_dept,1,Reconcilation,Reconcilation,CA__HOUSEHOLD_1,1400,5,302646.59375,0.10114607242957512,rmsse,1.0648411437629142
state_dept,1,Reconcilation,Reconcilation,CA__HOUSEHOLD_2,1400,6,109452.75,0.03657968074889717,rmsse,0.951456613896094
state_dept,1,Reconcilation,Reconcilation,TX__FOODS_1,1400,7,52726.58984375,0.017621501729855292,rmsse,1.8288125235722137
state_dept,1,Reconcilation,Reconcilation,TX__FOODS_2,1400,8,113405.421875,0.03790068433530907,rmsse,0.7893494700747058
state_dept,1,Reconcilation,Reconcilation,TX__FOODS_3,1400,9,305063.8125,0.10195391956155898,rmsse,1.0142855910661708
state_dept,1,Reconcilation,Reconcilation,TX__HOBBIES_1,1400,10,93580.7578125,0.03127517805647747,rmsse,0.9888666977545328
state_dept,1,Reconcilation,Reconcilation,TX__HOBBIES_2,1400,11,9269.640625,0.0030979623145102123,rmsse,2.0097653288481676
state_dept,1,Reconcilation,Reconcilation,TX__HOUSEHOLD_1,1400,12,196607.921875,0.06570739442263092,rmsse,1.0312625080157896
state_dept,1,Reconcilation,Reconcilation,TX__HOUSEHOLD_2,1400,13,53741.109375,0.017960559456286523,rmsse,1.0446500697734205
state_dept,1,Reconcilation,Reconcilation,WI__FOODS_1,1400,14,47736.96875,0.015953944298293835,rmsse,1.6262282182966201
state_dept,1,Reconcilation,Reconcilation,WI__FOODS_2,1400,15,164928.234375,0.05511987738925507,rmsse,1.4883982963150695
state_dept,1,Reconcilation,Reconcilation,WI__FOODS_3,1400,16,320789.625,0.10720956823888338,rmsse,1.0005214210148723
state_dept,1,Reconcilation,Reconcilation,WI__HOBBIES_1,1400,17,81234.9921875,0.027149158699602393,rmsse,0.7160099836489605
state_dept,1,Reconcilation,Reconcilation,WI__HOBBIES_2,1400,18,6896.14013671875,0.0023047260539440805,rmsse,1.8389290325578524
state_dept,1,Reconcilation,Reconcilation,WI__HOUSEHOLD_1,1400,19,162151.5,0.054191878257556794,rmsse,1.1542186667472074
state_dept,1,Reconcilation,Reconcilation,WI__HOUSEHOLD_2,1400,20,47482.55078125,0.01586891648424935,rmsse,1.406770695082694
state_dept,1,Reconcilation,Reconcilation,CA__FOODS_1,1428,21,106770.9140625,0.03722904926990014,rmsse,1.1937399350936662
state_dept,1,Reconcilation,Reconcilation,CA__FOODS_2,1428,22,144754.703125,0.05047329623436408,rmsse,0.8095926440922787
state_dept,1,Reconcilation,Reconcilation,CA__FOODS_3,1428,23,447570.1875,0.15605947283004643,rmsse,0.7527085603439265
state_dept,1,Reconcilation,Reconcilation,CA__HOBBIES_1,1428,24,160946.1875,0.0561189683243945,rmsse,0.807541366947434
state_dept,1,Reconcilation,Reconcilation,CA__HOBBIES_2,1428,25,11835.0107421875,0.004126650051649648,rmsse,2.6574517459693747
state_dept,1,Reconcilation,Reconcilation,CA__HOUSEHOLD_1,1428,26,281785.5625,0.09825343055242727,rmsse,0.8581634931185415
state_dept,1,Reconcilation,Reconcilation,CA__HOUSEHOLD_2,1428,27,101080.671875,0.03524496672629564,rmsse,0.7873900448573384
state_dept,1,Reconcilation,Reconcilation,TX__FOODS_1,1428,28,65300.953125,0.02276923844483514,rmsse,1.2485796025781228
state_dept,1,Reconcilation,Reconcilation,TX__FOODS_2,1428,29,107942.734375,0.037637641408804136,rmsse,0.7415244301469657
state_dept,1,Reconcilation,Reconcilation,TX__FOODS_3,1428,30,295754.09375,0.10312399987086524,rmsse,0.6067340084739091
state_dept,1,Reconcilation,Reconcilation,TX__HOBBIES_1,1428,31,90596.53125,0.03158934017942343,rmsse,0.81462403861181
state_dept,1,Reconcilation,Reconcilation,TX__HOBBIES_2,1428,32,10101.060546875,0.003522053586220358,rmsse,2.7358475477213577
state_dept,1,Reconcilation,Reconcilation,TX__HOUSEHOLD_1,1428,33,185909.953125,0.06482337315763718,rmsse,0.9046607875056423
state_dept,1,Reconcilation,Reconcilation,TX__HOUSEHOLD_2,1428,34,51238.65234375,0.01786597341961622,rmsse,1.049993863043826
state_dept,1,Reconcilation,Reconcilation,WI__FOODS_1,1428,35,60231.109375,0.021001477398517227,rmsse,1.2434658545360089
state_dept,1,Reconcilation,Reconcilation,WI__FOODS_2,1428,36,156214.515625,0.05446912157624116,rmsse,1.143262398119826
state_dept,1,Reconcilation,Reconcilation,WI__FOODS_3,1428,37,303553.65625,0.10584356351931534,rmsse,0.955680049441509
state_dept,1,Reconcilation,Reconcilation,WI__HOBBIES_1,1428,38,82276.625,0.02868834225857686,rmsse,0.8442196911499988
state_dept,1,Reconcilation,Reconcilation,WI__HOBBIES_2,1428,39,7989.9501953125,0.0027859483277553987,rmsse,4.517041987395255
state_dept,1,Reconcilation,Reconcilation,WI__HOUSEHOLD_1,1428,40,150839.921875,0.05259509982339449,rmsse,1.0428981636080943
state_dept,1,Reconcilation,Reconcilation,WI__HOUSEHOLD_2,1428,41,45253.3046875,0.015778993039720097,rmsse,1.3764439215899957
state_dept,1,Reconcilation,Reconcilation,CA__FOODS_1,1456,42,93932.703125,0.03207441539803845,rmsse,0.8426099460221937
state_dept,1,Reconcilation,Reconcilation,CA__FOODS_2,1456,43,146614.828125,0.05006334050171369,rmsse,0.6782194719768798
state_dept,1,Reconcilation,Reconcilation,CA__FOODS_3,1456,44,473283.96875,0.16160832287258578,rmsse,0.47769018428850235
state_dept,1,Reconcilation,Reconcilation,CA__HOBBIES_1,1456,45,169183.390625,0.05776963899499037,rmsse,0.60817241373043
state_dept,1,Reconcilation,Reconcilation,CA__HOBBIES_2,1456,46,7881.1396484375,0.0026911069146764222,rmsse,1.174845129202794
state_dept,1,Reconcilation,Reconcilation,CA__HOUSEHOLD_1,1456,47,284822.875,0.09725608764241107,rmsse,0.638694532605572
state_dept,1,Reconcilation,Reconcilation,CA__HOUSEHOLD_2,1456,48,103049.7890625,0.035187550566626626,rmsse,0.597905966536209
state_dept,1,Reconcilation,Reconcilation,TX__FOODS_1,1456,49,59094.82421875,0.020178615932556775,rmsse,1.1534822715702213
state_dept,1,Reconcilation,Reconcilation,TX__FOODS_2,1456,50,105692.1328125,0.036089809612117184,rmsse,0.6281476880735849
state_dept,1,Reconcilation,Reconcilation,TX__FOODS_3,1456,51,301872.5625,0.10307790199554448,rmsse,0.488813593567271
state_dept,1,Reconcilation,Reconcilation,TX__HOBBIES_1,1456,52,112734.9453125,0.03849465995901811,rmsse,0.8766777756121039
state_dept,1,Reconcilation,Reconcilation,TX__HOBBIES_2,1456,53,7315.0498046875,0.0024978089449918285,rmsse,1.481345730832568
state_dept,1,Reconcilation,Reconcilation,TX__HOUSEHOLD_1,1456,54,187232.953125,0.06393287231115985,rmsse,1.036411398874818
state_dept,1,Reconcilation,Reconcilation,TX__HOUSEHOLD_2,1456,55,51073.0703125,0.017439494641992934,rmsse,0.7615009725742972
state_dept,1,Reconcilation,Reconcilation,WI__FOODS_1,1456,56,53774.33984375,0.01836187458172574,rmsse,0.8561967840686439
state_dept,1,Reconcilation,Reconcilation,WI__FOODS_2,1456,57,159320.796875,0.05440194150183258,rmsse,0.9304322161099658
state_dept,1,Reconcilation,Reconcilation,WI__FOODS_3,1456,58,324126.5,0.11067676811852964,rmsse,0.8582028602532742
state_dept,1,Reconcilation,Reconcilation,WI__HOBBIES_1,1456,59,78982.6875,0.02696955845886032,rmsse,0.932297276575323
state_dept,1,Reconcilation,Reconcilation,WI__HOBBIES_2,1456,60,4655.3203125,0.0015896133353614822,rmsse,2.4928146785494802
state_dept,1,Reconcilation,Reconcilation,WI__HOUSEHOLD_1,1456,61,160025.375,0.05464252790794875,rmsse,1.2931593520916904
state_dept,1,Reconcilation,Reconcilation,WI__HOUSEHOLD_2,1456,62,43917.34765625,0.014996089807317921,rmsse,1.1023825543799446
state_dept,1,Reconcilation,Reconcilation,CA__FOODS_1,1484,63,107044.8125,0.03418178236795387,rmsse,1.234117794195562
state_dept,1,Reconcilation,Reconcilation,CA__FOODS_2,1484,64,145399.671875,0.046429339491842754,rmsse,0.42347325795156965
state_dept,1,Reconcilation,Reconcilation,CA__FOODS_3,1484,65,475539.3125,0.1518502476454093,rmsse,0.5051586829715062
state_dept,1,Reconcilation,Reconcilation,CA__HOBBIES_1,1484,66,179209.734375,0.05722564219190978,rmsse,0.5544364484451615
state_dept,1,Reconcilation,Reconcilation,CA__HOBBIES_2,1484,67,8566.5,0.0027354734135769244,rmsse,1.3982733453918377
state_dept,1,Reconcilation,Reconcilation,CA__HOUSEHOLD_1,1484,68,295696.09375,0.09442231984493955,rmsse,0.5732379673331295
state_dept,1,Reconcilation,Reconcilation,CA__HOUSEHOLD_2,1484,69,111384.7109375,0.0355676081770247,rmsse,0.6412630845454527
state_dept,1,Reconcilation,Reconcilation,TX__FOODS_1,1484,70,63659.4765625,0.02032788252599569,rmsse,0.9657160245208523
state_dept,1,Reconcilation,Reconcilation,TX__FOODS_2,1484,71,106933.265625,0.03414616297719567,rmsse,0.5092968797002251
state_dept,1,Reconcilation,Reconcilation,TX__FOODS_3,1484,72,320047.375,0.10219822394181802,rmsse,0.5115960843300262
state_dept,1,Reconcilation,Reconcilation,TX__HOBBIES_1,1484,73,131600.609375,0.04202299283906317,rmsse,0.6168525813661382
state_dept,1,Reconcilation,Reconcilation,TX__HOBBIES_2,1484,74,9122.5400390625,0.002913029328330878,rmsse,1.931259149641804
state_dept,1,Reconcilation,Reconcilation,TX__HOUSEHOLD_1,1484,75,218449.421875,0.06975574455732352,rmsse,0.7019137932928912
state_dept,1,Reconcilation,Reconcilation,TX__HOUSEHOLD_2,1484,76,60137.07421875,0.019203101347772474,rmsse,0.95507748358728
state_dept,1,Reconcilation,Reconcilation,WI__FOODS_1,1484,77,60995.22265625,0.01947712717345202,rmsse,0.870925965291106
state_dept,1,Reconcilation,Reconcilation,WI__FOODS_2,1484,78,165842.15625,0.05295707806830621,rmsse,1.0607773107104295
state_dept,1,Reconcilation,Reconcilation,WI__FOODS_3,1484,79,337356.1875,0.10772531159889359,rmsse,0.45271438562734073
state_dept,1,Reconcilation,Reconcilation,WI__HOBBIES_1,1484,80,89317.84375,0.028521168147568186,rmsse,0.6688831035230257
state_dept,1,Reconcilation,Reconcilation,WI__HOBBIES_2,1484,81,5292.14013671875,0.001689897699751064,rmsse,1.3514682887753666
state_dept,1,Reconcilation,Reconcilation,WI__HOUSEHOLD_1,1484,82,188147.03125,0.060079519270157214,rmsse,1.0489915341808338
state_dept,1,Reconcilation,Reconcilation,WI__HOUSEHOLD_2,1484,83,51892.25390625,0.016570347391715423,rmsse,0.8651829642916627
state_dept,2,Reconcilation,Reconcilation,CA__FOODS_1,1456,0,93932.703125,0.03207441539803845,rmsse,0.9173614576563043
state_dept,2,Reconcilation,Reconcilation,CA__FOODS_2,1456,1,146614.828125,0.05006334050171369,rmsse,0.6467477705886663
state_dept,2,Reconcilation,Reconcilation,CA__FOODS_3,1456,2,473283.96875,0.16160832287258578,rmsse,0.4783378402919447
state_dept,2,Reconcilation,Reconcilation,CA__HOBBIES_1,1456,3,169183.390625,0.05776963899499037,rmsse,0.6158728052681479
state_dept,2,Reconcilation,Reconcilation,CA__HOBBIES_2,1456,4,7881.1396484375,0.0026911069146764222,rmsse,1.471705349412481
state_dept,2,Reconcilation,Reconcilation,CA__HOUSEHOLD_1,1456,5,284822.875,0.09725608764241107,rmsse,0.6234926660592324
state_dept,2,Reconcilation,Reconcilation,CA__HOUSEHOLD_2,1456,6,103049.7890625,0.035187550566626626,rmsse,0.5900793751143637
state_dept,2,Reconcilation,Reconcilation,TX__FOODS_1,1456,7,59094.82421875,0.020178615932556775,rmsse,1.2148713213120974
state_dept,2,Reconcilation,Reconcilation,TX__FOODS_2,1456,8,105692.1328125,0.036089809612117184,rmsse,0.5860765898907953
state_dept,2,Reconcilation,Reconcilation,TX__FOODS_3,1456,9,301872.5625,0.10307790199554448,rmsse,0.5073927075485658
state_dept,2,Reconcilation,Reconcilation,TX__HOBBIES_1,1456,10,112734.9453125,0.03849465995901811,rmsse,0.883586760869783
state_dept,2,Reconcilation,Reconcilation,TX__HOBBIES_2,1456,11,7315.0498046875,0.0024978089449918285,rmsse,1.434655634064593
state_dept,2,Reconcilation,Reconcilation,TX__HOUSEHOLD_1,1456,12,187232.953125,0.06393287231115985,rmsse,1.0508359670485856
state_dept,2,Reconcilation,Reconcilation,TX__HOUSEHOLD_2,1456,13,51073.0703125,0.017439494641992934,rmsse,0.7473750954055665
state_dept,2,Reconcilation,Reconcilation,WI__FOODS_1,1456,14,53774.33984375,0.01836187458172574,rmsse,0.865345558563552
state_dept,2,Reconcilation,Reconcilation,WI__FOODS_2,1456,15,159320.796875,0.05440194150183258,rmsse,0.9163176119632843
state_dept,2,Reconcilation,Reconcilation,WI__FOODS_3,1456,16,324126.5,0.11067676811852964,rmsse,0.8100276628948636
state_dept,2,Reconcilation,Reconcilation,WI__HOBBIES_1,1456,17,78982.6875,0.02696955845886032,rmsse,0.916707685133678
state_dept,2,Reconcilation,Reconcilation,WI__HOBBIES_2,1456,18,4655.3203125,0.0015896133353614822,rmsse,2.2926066510063885
state_dept,2,Reconcilation,Reconcilation,WI__HOUSEHOLD_1,1456,19,160025.375,0.05464252790794875,rmsse,1.290887195830958
state_dept,2,Reconcilation,Reconcilation,WI__HOUSEHOLD_2,1456,20,43917.34765625,0.014996089807317921,rmsse,1.0770878156701307
state_dept,2,Reconcilation,Reconcilation,CA__FOODS_1,1484,21,107044.8125,0.03418178236795387,rmsse,1.1870713516370777
state_dept,2,Reconcilation,Reconcilation,CA__FOODS_2,1484,22,145399.671875,0.046429339491842754,rmsse,0.4585687860830965
state_dept,2,Reconcilation,Reconcilation,CA__FOODS_3,1484,23,475539.3125,0.1518502476454093,rmsse,0.5226900206950506
state_dept,2,Reconcilation,Reconcilation,CA__HOBBIES_1,1484,24,179209.734375,0.05722564219190978,rmsse,0.5334544195053188
state_dept,2,Reconcilation,Reconcilation,CA__HOBBIES_2,1484,25,8566.5,0.0027354734135769244,rmsse,1.4875203995740776
state_dept,2,Reconcilation,Reconcilation,CA__HOUSEHOLD_1,1484,26,295696.09375,0.09442231984493955,rmsse,0.5301603361439545
state_dept,2,Reconcilation,Reconcilation,CA__HOUSEHOLD_2,1484,27,111384.7109375,0.0355676081770247,rmsse,0.6318230498051349
state_dept,2,Reconcilation,Reconcilation,TX__FOODS_1,1484,28,63659.4765625,0.02032788252599569,rmsse,0.9222896850787542
state_dept,2,Reconcilation,Reconcilation,TX__FOODS_2,1484,29,106933.265625,0.03414616297719567,rmsse,0.48755225931832336
state_dept,2,Reconcilation,Reconcilation,TX__FOODS_3,1484,30,320047.375,0.10219822394181802,rmsse,0.4980911755389976
state_dept,2,Reconcilation,Reconcilation,TX__HOBBIES_1,1484,31,131600.609375,0.04202299283906317,rmsse,0.5972216527976477
state_dept,2,Reconcilation,Reconcilation,TX__HOBBIES_2,1484,32,9122.5400390625,0.002913029328330878,rmsse,1.6151480178360047
state_dept,2,Reconcilation,Reconcilation,TX__HOUSEHOLD_1,1484,33,218449.421875,0.06975574455732352,rmsse,0.7752503691048681
state_dept,2,Reconcilation,Reconcilation,TX__HOUSEHOLD_2,1484,34,60137.07421875,0.019203101347772474,rmsse,0.9730996799693287
state_dept,2,Reconcilation,Reconcilation,WI__FOODS_1,1484,35,60995.22265625,0.01947712717345202,rmsse,0.8943743330022719
state_dept,2,Reconcilation,Reconcilation,WI__FOODS_2,1484,36,165842.15625,0.05295707806830621,rmsse,1.0106402174396998
state_dept,2,Reconcilation,Reconcilation,WI__FOODS_3,1484,37,337356.1875,0.10772531159889359,rmsse,0.49559207159828195
state_dept,2,Reconcilation,Reconcilation,WI__HOBBIES_1,1484,38,89317.84375,0.028521168147568186,rmsse,0.682001650637592
state_dept,2,Reconcilation,Reconcilation,WI__HOBBIES_2,1484,39,5292.14013671875,0.001689897699751064,rmsse,1.5702120524044691
state_dept,2,Reconcilation,Reconcilation,WI__HOUSEHOLD_1,1484,40,188147.03125,0.060079519270157214,rmsse,1.0321611494232272
state_dept,2,Reconcilation,Reconcilation,WI__HOUSEHOLD_2,1484,41,51892.25390625,0.016570347391715423,rmsse,0.8708471499519719
state_dept,2,Reconcilation,Reconcilation,CA__FOODS_1,1512,42,84326.640625,0.02641986145818641,rmsse,0.923382303165949
state_dept,2,Reconcilation,Reconcilation,CA__FOODS_2,1512,43,141234.25,0.044249234767270364,rmsse,0.6645774541374982
state_dept,2,Reconcilation,Reconcilation,CA__FOODS_3,1512,44,476342.8125,0.14924003873008387,rmsse,0.46415665912192144
state_dept,2,Reconcilation,Reconcilation,CA__HOBBIES_1,1512,45,191148.40625,0.059887532263213916,rmsse,0.685782899263402
state_dept,2,Reconcilation,Reconcilation,CA__HOBBIES_2,1512,46,8335.41015625,0.002611516122225282,rmsse,1.0584594341601032
state_dept,2,Reconcilation,Reconcilation,CA__HOUSEHOLD_1,1512,47,309920.84375,0.09709939461826197,rmsse,0.568721198804071
state_dept,2,Reconcilation,Reconcilation,CA__HOUSEHOLD_2,1512,48,128842.6640625,0.040366903142418434,rmsse,0.4743878791222537
state_dept,2,Reconcilation,Reconcilation,TX__FOODS_1,1512,49,54629.78515625,0.01711572220381705,rmsse,1.259524847210785
state_dept,2,Reconcilation,Reconcilation,TX__FOODS_2,1512,50,113179.359375,0.035459529425713926,rmsse,0.616716536645867
state_dept,2,Reconcilation,Reconcilation,TX__FOODS_3,1512,51,325885.46875,0.10210117315000221,rmsse,0.5970467192452971
state_dept,2,Reconcilation,Reconcilation,TX__HOBBIES_1,1512,52,154440.5,0.048386803782188945,rmsse,0.8402286098540169
state_dept,2,Reconcilation,Reconcilation,TX__HOBBIES_2,1512,53,7785.5400390625,0.0024392396956011723,rmsse,1.388813785803987
state_dept,2,Reconcilation,Reconcilation,TX__HOUSEHOLD_1,1512,54,239974.671875,0.07518498943418858,rmsse,0.7905992964166801
state_dept,2,Reconcilation,Reconcilation,TX__HOUSEHOLD_2,1512,55,69660.046875,0.02182476111899864,rmsse,0.90119655641844
state_dept,2,Reconcilation,Reconcilation,WI__FOODS_1,1512,56,54458.85546875,0.017062169274050482,rmsse,1.0153924861745058
state_dept,2,Reconcilation,Reconcilation,WI__FOODS_2,1512,57,163157.328125,0.05111781962380718,rmsse,1.0643535341792871
state_dept,2,Reconcilation,Reconcilation,WI__FOODS_3,1512,58,319412.125,0.10007304960827637,rmsse,0.5732334416251132
state_dept,2,Reconcilation,Reconcilation,WI__HOBBIES_1,1512,59,91276.4140625,0.028597252256914597,rmsse,0.6714639296022936
state_dept,2,Reconcilation,Reconcilation,WI__HOBBIES_2,1512,60,5646.8701171875,0.0017691861677724293,rmsse,1.1823036521767047
state_dept,2,Reconcilation,Reconcilation,WI__HOUSEHOLD_1,1512,61,193736.28125,0.060698323473018546,rmsse,0.77184950913717
state_dept,2,Reconcilation,Reconcilation,WI__HOUSEHOLD_2,1512,62,58395.38671875,0.018295499683989618,rmsse,0.7579469070913495
state_dept,2,Reconcilation,Reconcilation,CA__FOODS_1,1540,63,93587.7265625,0.029269499415337182,rmsse,0.6024188355082868
state_dept,2,Reconcilation,Reconcilation,CA__FOODS_2,1540,64,147965.984375,0.04627626348270771,rmsse,0.6740556200420565
state_dept,2,Reconcilation,Reconcilation,CA__FOODS_3,1540,65,484408.90625,0.1514985641712307,rmsse,0.6503071696130877
state_dept,2,Reconcilation,Reconcilation,CA__HOBBIES_1,1540,66,192888.609375,0.06032578465891468,rmsse,0.588213109632373
state_dept,2,Reconcilation,Reconcilation,CA__HOBBIES_2,1540,67,9247.3798828125,0.0028921119255164757,rmsse,1.2993386325761627
state_dept,2,Reconcilation,Reconcilation,CA__HOUSEHOLD_1,1540,68,326379.125,0.10207485489014505,rmsse,0.5902186867666763
state_dept,2,Reconcilation,Reconcilation,CA__HOUSEHOLD_2,1540,69,133630.421875,0.041792825818132484,rmsse,0.4976600702296791
state_dept,2,Reconcilation,Reconcilation,TX__FOODS_1,1540,70,59490.12109375,0.018605495918409883,rmsse,0.6274691119247627
state_dept,2,Reconcilation,Reconcilation,TX__FOODS_2,1540,71,112303.6015625,0.03512287690927799,rmsse,0.5098108180886629
state_dept,2,Reconcilation,Reconcilation,TX__FOODS_3,1540,72,329329.21875,0.10299749475396469,rmsse,0.4124524394955689
state_dept,2,Reconcilation,Reconcilation,TX__HOBBIES_1,1540,73,152773.6875,0.04777986944659793,rmsse,0.6040544830555352
state_dept,2,Reconcilation,Reconcilation,TX__HOBBIES_2,1540,74,7476.140625,0.002338158022315898,rmsse,0.8976886946354833
state_dept,2,Reconcilation,Reconcilation,TX__HOUSEHOLD_1,1540,75,238686.875,0.07464916185986831,rmsse,0.6178754897953762
state_dept,2,Reconcilation,Reconcilation,TX__HOUSEHOLD_2,1540,76,65358.37109375,0.020440787214105013,rmsse,0.6908244104562422
state_dept,2,Reconcilation,Reconcilation,WI__FOODS_1,1540,77,58520.7421875,0.01830232330836922,rmsse,0.6589244575590035
state_dept,2,Reconcilation,Reconcilation,WI__FOODS_2,1540,78,153677.65625,0.04806258507365121,rmsse,0.8679131433324266
state_dept,2,Reconcilation,Reconcilation,WI__FOODS_3,1540,79,302620.28125,0.09464429226412269,rmsse,0.5619454554678669
state_dept,2,Reconcilation,Reconcilation,WI__HOBBIES_1,1540,80,86954.9453125,0.02719510147823926,rmsse,0.5641083925834999
state_dept,2,Reconcilation,Reconcilation,WI__HOBBIES_2,1540,81,5626.56005859375,0.0017597029268083338,rmsse,1.576879038859915
state_dept,2,Reconcilation,Reconcilation,WI__HOUSEHOLD_1,1540,82,182516.109375,0.057081792162923924,rmsse,0.7751541695208405
state_dept,2,Reconcilation,Reconcilation,WI__HOUSEHOLD_2,1540,83,54006.36328125,0.016890454299361368,rmsse,0.61855356719663
state_dept,3,Reconcilation,Reconcilation,CA__FOODS_1,1512,0,84326.640625,0.02641986145818641,rmsse,0.9719276254251052
state_dept,3,Reconcilation,Reconcilation,CA__FOODS_2,1512,1,141234.25,0.044249234767270364,rmsse,0.6224162183870631
state_dept,3,Reconcilation,Reconcilation,CA__FOODS_3,1512,2,476342.8125,0.14924003873008387,rmsse,0.5094318256882449
state_dept,3,Reconcilation,Reconcilation,CA__HOBBIES_1,1512,3,191148.40625,0.059887532263213916,rmsse,0.6306701038593845
state_dept,3,Reconcilation,Reconcilation,CA__HOBBIES_2,1512,4,8335.41015625,0.002611516122225282,rmsse,0.7323104768501956
state_dept,3,Reconcilation,Reconcilation,CA__HOUSEHOLD_1,1512,5,309920.84375,0.09709939461826197,rmsse,0.5423548899620348
state_dept,3,Reconcilation,Reconcilation,CA__HOUSEHOLD_2,1512,6,128842.6640625,0.040366903142418434,rmsse,0.511658674653901
state_dept,3,Reconcilation,Reconcilation,TX__FOODS_1,1512,7,54629.78515625,0.01711572220381705,rmsse,1.2220678881987501
state_dept,3,Reconcilation,Reconcilation,TX__FOODS_2,1512,8,113179.359375,0.035459529425713926,rmsse,0.6268920911835103
state_dept,3,Reconcilation,Reconcilation,TX__FOODS_3,1512,9,325885.46875,0.10210117315000221,rmsse,0.5758217164111596
state_dept,3,Reconcilation,Reconcilation,TX__HOBBIES_1,1512,10,154440.5,0.048386803782188945,rmsse,0.8050971578876749
state_dept,3,Reconcilation,Reconcilation,TX__HOBBIES_2,1512,11,7785.5400390625,0.0024392396956011723,rmsse,1.063219392889481
state_dept,3,Reconcilation,Reconcilation,TX__HOUSEHOLD_1,1512,12,239974.671875,0.07518498943418858,rmsse,0.9025735231846753
state_dept,3,Reconcilation,Reconcilation,TX__HOUSEHOLD_2,1512,13,69660.046875,0.02182476111899864,rmsse,0.8595916025473953
state_dept,3,Reconcilation,Reconcilation,WI__FOODS_1,1512,14,54458.85546875,0.017062169274050482,rmsse,0.9188721513626392
state_dept,3,Reconcilation,Reconcilation,WI__FOODS_2,1512,15,163157.328125,0.05111781962380718,rmsse,1.0137602558898902
state_dept,3,Reconcilation,Reconcilation,WI__FOODS_3,1512,16,319412.125,0.10007304960827637,rmsse,0.6205685892966705
state_dept,3,Reconcilation,Reconcilation,WI__HOBBIES_1,1512,17,91276.4140625,0.028597252256914597,rmsse,0.6458203264743952
state_dept,3,Reconcilation,Reconcilation,WI__HOBBIES_2,1512,18,5646.8701171875,0.0017691861677724293,rmsse,1.152861948599982
state_dept,3,Reconcilation,Reconcilation,WI__HOUSEHOLD_1,1512,19,193736.28125,0.060698323473018546,rmsse,0.7776351120383277
state_dept,3,Reconcilation,Reconcilation,WI__HOUSEHOLD_2,1512,20,58395.38671875,0.018295499683989618,rmsse,0.6727217453441341
state_dept,3,Reconcilation,Reconcilation,CA__FOODS_1,1540,21,93587.7265625,0.029269499415337182,rmsse,0.5342747134377622
state_dept,3,Reconcilation,Reconcilation,CA__FOODS_2,1540,22,147965.984375,0.04627626348270771,rmsse,0.6893458781172459
state_dept,3,Reconcilation,Reconcilation,CA__FOODS_3,1540,23,484408.90625,0.1514985641712307,rmsse,0.6436502618598764
state_dept,3,Reconcilation,Reconcilation,CA__HOBBIES_1,1540,24,192888.609375,0.06032578465891468,rmsse,0.5637679509779914
state_dept,3,Reconcilation,Reconcilation,CA__HOBBIES_2,1540,25,9247.3798828125,0.0028921119255164757,rmsse,1.4010657458946043
state_dept,3,Reconcilation,Reconcilation,CA__HOUSEHOLD_1,1540,26,326379.125,0.10207485489014505,rmsse,0.5970047302540111
state_dept,3,Reconcilation,Reconcilation,CA__HOUSEHOLD_2,1540,27,133630.421875,0.041792825818132484,rmsse,0.42291349139271384
state_dept,3,Reconcilation,Reconcilation,TX__FOODS_1,1540,28,59490.12109375,0.018605495918409883,rmsse,0.6782351265395101
state_dept,3,Reconcilation,Reconcilation,TX__FOODS_2,1540,29,112303.6015625,0.03512287690927799,rmsse,0.5060965329558803
state_dept,3,Reconcilation,Reconcilation,TX__FOODS_3,1540,30,329329.21875,0.10299749475396469,rmsse,0.3912211093152248
state_dept,3,Reconcilation,Reconcilation,TX__HOBBIES_1,1540,31,152773.6875,0.04777986944659793,rmsse,0.5933219501787044
state_dept,3,Reconcilation,Reconcilation,TX__HOBBIES_2,1540,32,7476.140625,0.002338158022315898,rmsse,1.1302326271084118
state_dept,3,Reconcilation,Reconcilation,TX__HOUSEHOLD_1,1540,33,238686.875,0.07464916185986831,rmsse,0.5366415771319397
state_dept,3,Reconcilation,Reconcilation,TX__HOUSEHOLD_2,1540,34,65358.37109375,0.020440787214105013,rmsse,0.7204321303286759
state_dept,3,Reconcilation,Reconcilation,WI__FOODS_1,1540,35,58520.7421875,0.01830232330836922,rmsse,0.6911363247006052
state_dept,3,Reconcilation,Reconcilation,WI__FOODS_2,1540,36,153677.65625,0.04806258507365121,rmsse,0.8476167222775105
state_dept,3,Reconcilation,Reconcilation,WI__FOODS_3,1540,37,302620.28125,0.09464429226412269,rmsse,0.5254014984977315
state_dept,3,Reconcilation,Reconcilation,WI__HOBBIES_1,1540,38,86954.9453125,0.02719510147823926,rmsse,0.5358376308384882
state_dept,3,Reconcilation,Reconcilation,WI__HOBBIES_2,1540,39,5626.56005859375,0.0017597029268083338,rmsse,1.4269106207045439
state_dept,3,Reconcilation,Reconcilation,WI__HOUSEHOLD_1,1540,40,182516.109375,0.057081792162923924,rmsse,0.7277240674947723
state_dept,3,Reconcilation,Reconcilation,WI__HOUSEHOLD_2,1540,41,54006.36328125,0.016890454299361368,rmsse,0.5230006764253302
state_dept,3,Reconcilation,Reconcilation,CA__FOODS_1,1568,42,91596.8203125,0.028482807181531407,rmsse,0.7575706447399104
state_dept,3,Reconcilation,Reconcilation,CA__FOODS_2,1568,43,156476.3125,0.0486576348634051,rmsse,0.5810251544683855
state_dept,3,Reconcilation,Reconcilation,CA__FOODS_3,1568,44,483024.40625,0.15020053076356557,rmsse,0.6525797101831226
state_dept,3,Reconcilation,Reconcilation,CA__HOBBIES_1,1568,45,188982.28125,0.05876564120026683,rmsse,0.6640613449130093
state_dept,3,Reconcilation,Reconcilation,CA__HOBBIES_2,1568,46,9953.75,0.003095202879487709,rmsse,0.968936465464486
state_dept,3,Reconcilation,Reconcilation,CA__HOUSEHOLD_1,1568,47,319543.40625,0.09936472898619221,rmsse,0.6587625516297645
state_dept,3,Reconcilation,Reconcilation,CA__HOUSEHOLD_2,1568,48,135963.625,0.042279040924836066,rmsse,0.6463825830654061
state_dept,3,Reconcilation,Reconcilation,TX__FOODS_1,1568,49,59411.7109375,0.018474574785286087,rmsse,0.6711154897212883
state_dept,3,Reconcilation,Reconcilation,TX__FOODS_2,1568,50,114977.109375,0.03575310611705872,rmsse,0.6652361290258678
state_dept,3,Reconcilation,Reconcilation,TX__FOODS_3,1568,51,330799.9375,0.10286504273106659,rmsse,0.6557817347781532
state_dept,3,Reconcilation,Reconcilation,TX__HOBBIES_1,1568,52,155761.671875,0.04843541130742882,rmsse,0.7349616571897186
state_dept,3,Reconcilation,Reconcilation,TX__HOBBIES_2,1568,53,8248.4501953125,0.0025649254598359614,rmsse,2.018543329383982
state_dept,3,Reconcilation,Reconcilation,TX__HOUSEHOLD_1,1568,54,235384.296875,0.07319474102460778,rmsse,0.6705442250265056
state_dept,3,Reconcilation,Reconcilation,TX__HOUSEHOLD_2,1568,55,66066.3046875,0.020543877082090902,rmsse,0.6985332852154662
state_dept,3,Reconcilation,Reconcilation,WI__FOODS_1,1568,56,63138.0390625,0.019633308081020463,rmsse,0.8249525955773305
state_dept,3,Reconcilation,Reconcilation,WI__FOODS_2,1568,57,157345.46875,0.04892790636185792,rmsse,1.4356114730420542
state_dept,3,Reconcilation,Reconcilation,WI__FOODS_3,1568,58,314363.03125,0.09775384749762497,rmsse,0.5486801517272941
state_dept,3,Reconcilation,Reconcilation,WI__HOBBIES_1,1568,59,86906.6796875,0.027024368224585302,rmsse,0.4221030768656279
state_dept,3,Reconcilation,Reconcilation,WI__HOBBIES_2,1568,60,5669.52978515625,0.0017629883125813844,rmsse,1.682599746633194
state_dept,3,Reconcilation,Reconcilation,WI__HOUSEHOLD_1,1568,61,180531.46875,0.05613778946760219,rmsse,0.7338073430048078
state_dept,3,Reconcilation,Reconcilation,WI__HOUSEHOLD_2,1568,62,51719.2109375,0.016082526748068034,rmsse,0.5993117988193485
state_dept,3,Reconcilation,Reconcilation,CA__FOODS_1,1596,63,104225.4609375,0.03227832053809302,rmsse,0.7324100899115038
state_dept,3,Reconcilation,Reconcilation,CA__FOODS_2,1596,64,156965.09375,0.04861163063018305,rmsse,0.9391518503514017
state_dept,3,Reconcilation,Reconcilation,CA__FOODS_3,1596,65,483484.875,0.14973385226790412,rmsse,0.7345252239764215
state_dept,3,Reconcilation,Reconcilation,CA__HOBBIES_1,1596,66,195908.78125,0.06067237679290928,rmsse,1.0353471340224267
state_dept,3,Reconcilation,Reconcilation,CA__HOBBIES_2,1596,67,9982.73046875,0.0030916224405946884,rmsse,1.1007464799590805
state_dept,3,Reconcilation,Reconcilation,CA__HOUSEHOLD_1,1596,68,342259.1875,0.10599666973751329,rmsse,0.6485857767146246
state_dept,3,Reconcilation,Reconcilation,CA__HOUSEHOLD_2,1596,69,133033.03125,0.04119994084187013,rmsse,0.8013106217103273
state_dept,3,Reconcilation,Reconcilation,TX__FOODS_1,1596,70,59812.12109375,0.018523639035619377,rmsse,0.9581811732792366
state_dept,3,Reconcilation,Reconcilation,TX__FOODS_2,1596,71,120399.46875,0.03728736347118747,rmsse,1.007302663142212
state_dept,3,Reconcilation,Reconcilation,TX__FOODS_3,1596,72,309667.46875,0.09590310972600398,rmsse,1.1951043334569196
state_dept,3,Reconcilation,Reconcilation,TX__HOBBIES_1,1596,73,158022.265625,0.04893903366911582,rmsse,1.0143084311777
state_dept,3,Reconcilation,Reconcilation,TX__HOBBIES_2,1596,74,7154.79931640625,0.0022158204304721526,rmsse,1.1661521346551045
state_dept,3,Reconcilation,Reconcilation,TX__HOUSEHOLD_1,1596,75,241072.3125,0.07465939038063396,rmsse,1.033705885603052
state_dept,3,Reconcilation,Reconcilation,TX__HOUSEHOLD_2,1596,76,67740.2265625,0.020978950120629378,rmsse,0.900604362594552
state_dept,3,Reconcilation,Reconcilation,WI__FOODS_1,1596,77,64269.5625,0.019904095607329662,rmsse,1.1522985785432658
state_dept,3,Reconcilation,Reconcilation,WI__FOODS_2,1596,78,147775.6875,0.04576569838076727,rmsse,1.941273042603754
state_dept,3,Reconcilation,Reconcilation,WI__FOODS_3,1596,79,290961.6875,0.09010998396122544,rmsse,0.5558900189495362
state_dept,3,Reconcilation,Reconcilation,WI__HOBBIES_1,1596,80,90447.0,0.028011171468549298,rmsse,0.8098589883978988
state_dept,3,Reconcilation,Reconcilation,WI__HOBBIES_2,1596,81,4754.08984375,0.0014723277255206915,rmsse,1.9840449922840762
state_dept,3,Reconcilation,Reconcilation,WI__HOUSEHOLD_1,1596,82,189330.5625,0.05863512167815837,rmsse,1.0617637767691084
state_dept,3,Reconcilation,Reconcilation,WI__HOUSEHOLD_2,1596,83,51695.29296875,0.01600988109571956,rmsse,0.9680126428256806
state_dept,4,Reconcilation,Reconcilation,CA__FOODS_1,1568,0,91596.8203125,0.028482807181531407,rmsse,0.7434777678820824
state_dept,4,Reconcilation,Reconcilation,CA__FOODS_2,1568,1,156476.3125,0.0486576348634051,rmsse,0.5898458163180744
state_dept,4,Reconcilation,Reconcilation,CA__FOODS_3,1568,2,483024.40625,0.15020053076356557,rmsse,0.698111279125638
state_dept,4,Reconcilation,Reconcilation,CA__HOBBIES_1,1568,3,188982.28125,0.05876564120026683,rmsse,0.6415931442509931
state_dept,4,Reconcilation,Reconcilation,CA__HOBBIES_2,1568,4,9953.75,0.003095202879487709,rmsse,0.9472283696896715
state_dept,4,Reconcilation,Reconcilation,CA__HOUSEHOLD_1,1568,5,319543.40625,0.09936472898619221,rmsse,0.628612345729402
state_dept,4,Reconcilation,Reconcilation,CA__HOUSEHOLD_2,1568,6,135963.625,0.042279040924836066,rmsse,0.6498331451908986
state_dept,4,Reconcilation,Reconcilation,TX__FOODS_1,1568,7,59411.7109375,0.018474574785286087,rmsse,0.6532737777334975
state_dept,4,Reconcilation,Reconcilation,TX__FOODS_2,1568,8,114977.109375,0.03575310611705872,rmsse,0.6097106597759367
state_dept,4,Reconcilation,Reconcilation,TX__FOODS_3,1568,9,330799.9375,0.10286504273106659,rmsse,0.6397799014222737
state_dept,4,Reconcilation,Reconcilation,TX__HOBBIES_1,1568,10,155761.671875,0.04843541130742882,rmsse,0.7408798833551409
state_dept,4,Reconcilation,Reconcilation,TX__HOBBIES_2,1568,11,8248.4501953125,0.0025649254598359614,rmsse,2.122626647708835
state_dept,4,Reconcilation,Reconcilation,TX__HOUSEHOLD_1,1568,12,235384.296875,0.07319474102460778,rmsse,0.6065377743087902
state_dept,4,Reconcilation,Reconcilation,TX__HOUSEHOLD_2,1568,13,66066.3046875,0.020543877082090902,rmsse,0.8124338894414812
state_dept,4,Reconcilation,Reconcilation,WI__FOODS_1,1568,14,63138.0390625,0.019633308081020463,rmsse,0.8778650170255332
state_dept,4,Reconcilation,Reconcilation,WI__FOODS_2,1568,15,157345.46875,0.04892790636185792,rmsse,1.494518869266722
state_dept,4,Reconcilation,Reconcilation,WI__FOODS_3,1568,16,314363.03125,0.09775384749762497,rmsse,0.5893094132994227
state_dept,4,Reconcilation,Reconcilation,WI__HOBBIES_1,1568,17,86906.6796875,0.027024368224585302,rmsse,0.41467770517565333
state_dept,4,Reconcilation,Reconcilation,WI__HOBBIES_2,1568,18,5669.52978515625,0.0017629883125813844,rmsse,1.7476052386566414
state_dept,4,Reconcilation,Reconcilation,WI__HOUSEHOLD_1,1568,19,180531.46875,0.05613778946760219,rmsse,0.7176580145697463
state_dept,4,Reconcilation,Reconcilation,WI__HOUSEHOLD_2,1568,20,51719.2109375,0.016082526748068034,rmsse,0.48115378642883383
state_dept,4,Reconcilation,Reconcilation,CA__FOODS_1,1596,21,104225.4609375,0.03227832053809302,rmsse,0.7326609543961273
state_dept,4,Reconcilation,Reconcilation,CA__FOODS_2,1596,22,156965.09375,0.04861163063018305,rmsse,0.9914632599180068
state_dept,4,Reconcilation,Reconcilation,CA__FOODS_3,1596,23,483484.875,0.14973385226790412,rmsse,0.6959031583311058
state_dept,4,Reconcilation,Reconcilation,CA__HOBBIES_1,1596,24,195908.78125,0.06067237679290928,rmsse,1.028758145183246
state_dept,4,Reconcilation,Reconcilation,CA__HOBBIES_2,1596,25,9982.73046875,0.0030916224405946884,rmsse,0.9970628312950577
state_dept,4,Reconcilation,Reconcilation,CA__HOUSEHOLD_1,1596,26,342259.1875,0.10599666973751329,rmsse,0.6869090218108055
state_dept,4,Reconcilation,Reconcilation,CA__HOUSEHOLD_2,1596,27,133033.03125,0.04119994084187013,rmsse,0.7661648868656125
state_dept,4,Reconcilation,Reconcilation,TX__FOODS_1,1596,28,59812.12109375,0.018523639035619377,rmsse,0.9359046146593719
state_dept,4,Reconcilation,Reconcilation,TX__FOODS_2,1596,29,120399.46875,0.03728736347118747,rmsse,1.0626134727786265
state_dept,4,Reconcilation,Reconcilation,TX__FOODS_3,1596,30,309667.46875,0.09590310972600398,rmsse,1.1659509795724865
state_dept,4,Reconcilation,Reconcilation,TX__HOBBIES_1,1596,31,158022.265625,0.04893903366911582,rmsse,1.0681931770567288
state_dept,4,Reconcilation,Reconcilation,TX__HOBBIES_2,1596,32,7154.79931640625,0.0022158204304721526,rmsse,0.9216979909446835
state_dept,4,Reconcilation,Reconcilation,TX__HOUSEHOLD_1,1596,33,241072.3125,0.07465939038063396,rmsse,0.9047354886421853
state_dept,4,Reconcilation,Reconcilation,TX__HOUSEHOLD_2,1596,34,67740.2265625,0.020978950120629378,rmsse,0.839344796346096
state_dept,4,Reconcilation,Reconcilation,WI__FOODS_1,1596,35,64269.5625,0.019904095607329662,rmsse,1.085394988909386
state_dept,4,Reconcilation,Reconcilation,WI__FOODS_2,1596,36,147775.6875,0.04576569838076727,rmsse,1.9228705035344271
state_dept,4,Reconcilation,Reconcilation,WI__FOODS_3,1596,37,290961.6875,0.09010998396122544,rmsse,0.5679410108883735
state_dept,4,Reconcilation,Reconcilation,WI__HOBBIES_1,1596,38,90447.0,0.028011171468549298,rmsse,0.7887034072132435
state_dept,4,Reconcilation,Reconcilation,WI__HOBBIES_2,1596,39,4754.08984375,0.0014723277255206915,rmsse,1.6778844180405557
state_dept,4,Reconcilation,Reconcilation,WI__HOUSEHOLD_1,1596,40,189330.5625,0.05863512167815837,rmsse,1.1063582743580753
state_dept,4,Reconcilation,Reconcilation,WI__HOUSEHOLD_2,1596,41,51695.29296875,0.01600988109571956,rmsse,0.9861908424557724
state_dept,4,Reconcilation,Reconcilation,CA__FOODS_1,1624,42,104391.578125,0.032189875995532614,rmsse,0.5064015075922351
state_dept,4,Reconcilation,Reconcilation,CA__FOODS_2,1624,43,167035.0,0.05150641491860089,rmsse,0.9728408966295391
state_dept,4,Reconcilation,Reconcilation,CA__FOODS_3,1624,44,512413.875,0.15800641575596788,rmsse,0.33987549496843966
state_dept,4,Reconcilation,Reconcilation,CA__HOBBIES_1,1624,45,199486.59375,0.06151309167770752,rmsse,0.5948837050457241
state_dept,4,Reconcilation,Reconcilation,CA__HOBBIES_2,1624,46,8716.3203125,0.002687738561253953,rmsse,1.2990331266926856
state_dept,4,Reconcilation,Reconcilation,CA__HOUSEHOLD_1,1624,47,345654.34375,0.10658494356035682,rmsse,0.8880672146747639
state_dept,4,Reconcilation,Reconcilation,CA__HOUSEHOLD_2,1624,48,140898.65625,0.04344708983318358,rmsse,0.44292902969595965
state_dept,4,Reconcilation,Reconcilation,TX__FOODS_1,1624,49,63989.390625,0.01973157783649942,rmsse,0.5861095900025152
state_dept,4,Reconcilation,Reconcilation,TX__FOODS_2,1624,50,113816.6015625,0.035096148140827996,rmsse,0.4617172519208731
state_dept,4,Reconcilation,Reconcilation,TX__FOODS_3,1624,51,304156.28125,0.09378872465148723,rmsse,0.7141552150905129
state_dept,4,Reconcilation,Reconcilation,TX__HOBBIES_1,1624,52,144561.640625,0.044576596781183114,rmsse,0.4852971109593194
state_dept,4,Reconcilation,Reconcilation,TX__HOBBIES_2,1624,53,6204.10986328125,0.0019130808322731663,rmsse,1.6350847747169923
state_dept,4,Reconcilation,Reconcilation,TX__HOUSEHOLD_1,1624,54,231992.578125,0.07153654016788208,rmsse,0.8560696402401847
state_dept,4,Reconcilation,Reconcilation,TX__HOUSEHOLD_2,1624,55,66200.234375,0.020413307028032304,rmsse,0.7481119094399173
state_dept,4,Reconcilation,Reconcilation,WI__FOODS_1,1624,56,69675.0546875,0.021484792266354854,rmsse,0.8611301947282993
state_dept,4,Reconcilation,Reconcilation,WI__FOODS_2,1624,57,139678.390625,0.043070812360844514,rmsse,0.9433037135490375
state_dept,4,Reconcilation,Reconcilation,WI__FOODS_3,1624,58,290668.625,0.08962971115675882,rmsse,0.6307466720689311
state_dept,4,Reconcilation,Reconcilation,WI__HOBBIES_1,1624,59,90310.5,0.02784787669953187,rmsse,0.5872379504070123
state_dept,4,Reconcilation,Reconcilation,WI__HOBBIES_2,1624,60,5081.4296875,0.001566894518298988,rmsse,1.7739219684062035
state_dept,4,Reconcilation,Reconcilation,WI__HOUSEHOLD_1,1624,61,185573.890625,0.05722301199503284,rmsse,1.1869480640967822
state_dept,4,Reconcilation,Reconcilation,WI__HOUSEHOLD_2,1624,62,52489.01171875,0.01618535526238957,rmsse,0.7429731618161951
state_dept,4,Reconcilation,Reconcilation,CA__FOODS_1,1652,63,101877.3671875,0.030383356274891915,rmsse,0.3733351679927533
state_dept,4,Reconcilation,Reconcilation,CA__FOODS_2,1652,64,172346.765625,0.05139976942250788,rmsse,1.0200654066299941
state_dept,4,Reconcilation,Reconcilation,CA__FOODS_3,1652,65,524325.6875,0.15637206385664032,rmsse,0.4742181835459926
state_dept,4,Reconcilation,Reconcilation,CA__HOBBIES_1,1652,66,203777.609375,0.06077353466635374,rmsse,0.6500557537857301
state_dept,4,Reconcilation,Reconcilation,CA__HOBBIES_2,1652,67,8851.7197265625,0.0026398891286880046,rmsse,1.125143306690485
state_dept,4,Reconcilation,Reconcilation,CA__HOUSEHOLD_1,1652,68,370819.5,0.11059120679317745,rmsse,0.7915270752706416
state_dept,4,Reconcilation,Reconcilation,CA__HOUSEHOLD_2,1652,69,143079.890625,0.04267137454220877,rmsse,0.5296885411482605
state_dept,4,Reconcilation,Reconcilation,TX__FOODS_1,1652,70,57638.46484375,0.017189784746423648,rmsse,0.6349739998454402
state_dept,4,Reconcilation,Reconcilation,TX__FOODS_2,1652,71,116447.3046875,0.03472861581767802,rmsse,0.40314140767650325
state_dept,4,Reconcilation,Reconcilation,TX__FOODS_3,1652,72,336981.875,0.10049965609596495,rmsse,0.6881266171398317
state_dept,4,Reconcilation,Reconcilation,TX__HOBBIES_1,1652,73,141949.046875,0.04233411780407331,rmsse,0.5506354804192294
state_dept,4,Reconcilation,Reconcilation,TX__HOBBIES_2,1652,74,6045.189453125,0.0018028846835575856,rmsse,0.7086421354908061
state_dept,4,Reconcilation,Reconcilation,TX__HOUSEHOLD_1,1652,75,241600.71875,0.07205369471848583,rmsse,0.7210139459959951
state_dept,4,Reconcilation,Reconcilation,TX__HOUSEHOLD_2,1652,76,70758.0234375,0.021102491110238427,rmsse,0.6653009151146558
state_dept,4,Reconcilation,Reconcilation,WI__FOODS_1,1652,77,65227.64453125,0.019453140746339765,rmsse,0.7398054370449734
state_dept,4,Reconcilation,Reconcilation,WI__FOODS_2,1652,78,144205.625,0.04300710748791366,rmsse,0.6744852596106324
state_dept,4,Reconcilation,Reconcilation,WI__FOODS_3,1652,79,306161.65625,0.09130800035727749,rmsse,0.4732567465947243
state_dept,4,Reconcilation,Reconcilation,WI__HOBBIES_1,1652,80,88051.4921875,0.026260001917255325,rmsse,0.5305477437085603
state_dept,4,Reconcilation,Reconcilation,WI__HOBBIES_2,1652,81,4666.27001953125,0.0013916431921265863,rmsse,1.4738666734837513
state_dept,4,Reconcilation,Reconcilation,WI__HOUSEHOLD_1,1652,82,196633.984375,0.05864305849229085,rmsse,0.9665767520528042
state_dept,4,Reconcilation,Reconcilation,WI__HOUSEHOLD_2,1652,83,51619.12109375,0.015394608145906496,rmsse,0.6860678551909573
state_dept,5,Reconcilation,Reconcilation,CA__FOODS_1,1624,0,104391.578125,0.032189875995532614,rmsse,0.5224267187531065
state_dept,5,Reconcilation,Reconcilation,CA__FOODS_2,1624,1,167035.0,0.05150641491860089,rmsse,0.866317493859583
state_dept,5,Reconcilation,Reconcilation,CA__FOODS_3,1624,2,512413.875,0.15800641575596788,rmsse,0.2987842531495226
state_dept,5,Reconcilation,Reconcilation,CA__HOBBIES_1,1624,3,199486.59375,0.06151309167770752,rmsse,0.5804126549486295
state_dept,5,Reconcilation,Reconcilation,CA__HOBBIES_2,1624,4,8716.3203125,0.002687738561253953,rmsse,1.471913932852616
state_dept,5,Reconcilation,Reconcilation,CA__HOUSEHOLD_1,1624,5,345654.34375,0.10658494356035682,rmsse,0.952303895461603
state_dept,5,Reconcilation,Reconcilation,CA__HOUSEHOLD_2,1624,6,140898.65625,0.04344708983318358,rmsse,0.4497776353947399
state_dept,5,Reconcilation,Reconcilation,TX__FOODS_1,1624,7,63989.390625,0.01973157783649942,rmsse,0.5732397330268244
state_dept,5,Reconcilation,Reconcilation,TX__FOODS_2,1624,8,113816.6015625,0.035096148140827996,rmsse,0.42322906149588446
state_dept,5,Reconcilation,Reconcilation,TX__FOODS_3,1624,9,304156.28125,0.09378872465148723,rmsse,0.7371354014766838
state_dept,5,Reconcilation,Reconcilation,TX__HOBBIES_1,1624,10,144561.640625,0.044576596781183114,rmsse,0.4433114169232481
state_dept,5,Reconcilation,Reconcilation,TX__HOBBIES_2,1624,11,6204.10986328125,0.0019130808322731663,rmsse,1.4499649061663415
state_dept,5,Reconcilation,Reconcilation,TX__HOUSEHOLD_1,1624,12,231992.578125,0.07153654016788208,rmsse,0.7296380910067639
state_dept,5,Reconcilation,Reconcilation,TX__HOUSEHOLD_2,1624,13,66200.234375,0.020413307028032304,rmsse,0.7890555670181176
state_dept,5,Reconcilation,Reconcilation,WI__FOODS_1,1624,14,69675.0546875,0.021484792266354854,rmsse,0.8883870569502184
state_dept,5,Reconcilation,Reconcilation,WI__FOODS_2,1624,15,139678.390625,0.043070812360844514,rmsse,0.9632133916142119
state_dept,5,Reconcilation,Reconcilation,WI__FOODS_3,1624,16,290668.625,0.08962971115675882,rmsse,0.6073471325328769
state_dept,5,Reconcilation,Reconcilation,WI__HOBBIES_1,1624,17,90310.5,0.02784787669953187,rmsse,0.57408817921905
state_dept,5,Reconcilation,Reconcilation,WI__HOBBIES_2,1624,18,5081.4296875,0.001566894518298988,rmsse,1.7444858498427096
state_dept,5,Reconcilation,Reconcilation,WI__HOUSEHOLD_1,1624,19,185573.890625,0.05722301199503284,rmsse,1.150601341205785
state_dept,5,Reconcilation,Reconcilation,WI__HOUSEHOLD_2,1624,20,52489.01171875,0.01618535526238957,rmsse,0.7248904906781267
state_dept,5,Reconcilation,Reconcilation,CA__FOODS_1,1652,21,101877.3671875,0.030383356274891915,rmsse,0.4305191225449144
state_dept,5,Reconcilation,Reconcilation,CA__FOODS_2,1652,22,172346.765625,0.05139976942250788,rmsse,1.0150351199363128
state_dept,5,Reconcilation,Reconcilation,CA__FOODS_3,1652,23,524325.6875,0.15637206385664032,rmsse,0.4648653309454001
state_dept,5,Reconcilation,Reconcilation,CA__HOBBIES_1,1652,24,203777.609375,0.06077353466635374,rmsse,0.6145257632058845
state_dept,5,Reconcilation,Reconcilation,CA__HOBBIES_2,1652,25,8851.7197265625,0.0026398891286880046,rmsse,1.2030894672321348
state_dept,5,Reconcilation,Reconcilation,CA__HOUSEHOLD_1,1652,26,370819.5,0.11059120679317745,rmsse,0.7697382909931346
state_dept,5,Reconcilation,Reconcilation,CA__HOUSEHOLD_2,1652,27,143079.890625,0.04267137454220877,rmsse,0.5152950625390763
state_dept,5,Reconcilation,Reconcilation,TX__FOODS_1,1652,28,57638.46484375,0.017189784746423648,rmsse,0.6407573675246677
state_dept,5,Reconcilation,Reconcilation,TX__FOODS_2,1652,29,116447.3046875,0.03472861581767802,rmsse,0.412632310396008
state_dept,5,Reconcilation,Reconcilation,TX__FOODS_3,1652,30,336981.875,0.10049965609596495,rmsse,0.6934882848610352
state_dept,5,Reconcilation,Reconcilation,TX__HOBBIES_1,1652,31,141949.046875,0.04233411780407331,rmsse,0.5710012406950895
state_dept,5,Reconcilation,Reconcilation,TX__HOBBIES_2,1652,32,6045.189453125,0.0018028846835575856,rmsse,0.7542513004506868
state_dept,5,Reconcilation,Reconcilation,TX__HOUSEHOLD_1,1652,33,241600.71875,0.07205369471848583,rmsse,0.5896309493326946
state_dept,5,Reconcilation,Reconcilation,TX__HOUSEHOLD_2,1652,34,70758.0234375,0.021102491110238427,rmsse,0.6195175789053244
state_dept,5,Reconcilation,Reconcilation,WI__FOODS_1,1652,35,65227.64453125,0.019453140746339765,rmsse,0.7875561001406467
state_dept,5,Reconcilation,Reconcilation,WI__FOODS_2,1652,36,144205.625,0.04300710748791366,rmsse,0.7025873965151155
state_dept,5,Reconcilation,Reconcilation,WI__FOODS_3,1652,37,306161.65625,0.09130800035727749,rmsse,0.5250127096247967
state_dept,5,Reconcilation,Reconcilation,WI__HOBBIES_1,1652,38,88051.4921875,0.026260001917255325,rmsse,0.5396329188988556
state_dept,5,Reconcilation,Reconcilation,WI__HOBBIES_2,1652,39,4666.27001953125,0.0013916431921265863,rmsse,1.3970028414491529
state_dept,5,Reconcilation,Reconcilation,WI__HOUSEHOLD_1,1652,40,196633.984375,0.05864305849229085,rmsse,1.0282953059569182
state_dept,5,Reconcilation,Reconcilation,WI__HOUSEHOLD_2,1652,41,51619.12109375,0.015394608145906496,rmsse,0.6836895561149106
state_dept,5,Reconcilation,Reconcilation,CA__FOODS_1,1680,42,105849.15625,0.031748092149343536,rmsse,0.692579194838296
state_dept,5,Reconcilation,Reconcilation,CA__FOODS_2,1680,43,180573.46875,0.054160687989438794,rmsse,1.1370512100211425
state_dept,5,Reconcilation,Reconcilation,CA__FOODS_3,1680,44,522227.15625,0.1566353145069555,rmsse,0.6195429331693365
state_dept,5,Reconcilation,Reconcilation,CA__HOBBIES_1,1680,45,204925.59375,0.061464794473824046,rmsse,0.6591291534051752
state_dept,5,Reconcilation,Reconcilation,CA__HOBBIES_2,1680,46,9495.8798828125,0.0028481669598441296,rmsse,1.2522704051910207
state_dept,5,Reconcilation,Reconcilation,CA__HOUSEHOLD_1,1680,47,386333.125,0.11587564877583854,rmsse,0.8505155687799927
state_dept,5,Reconcilation,Reconcilation,CA__HOUSEHOLD_2,1680,48,142584.140625,0.042766277937122975,rmsse,0.5480376500183806
state_dept,5,Reconcilation,Reconcilation,TX__FOODS_1,1680,49,58647.24609375,0.017590486681745305,rmsse,0.8308327815313886
state_dept,5,Reconcilation,Reconcilation,TX__FOODS_2,1680,50,116385.1484375,0.034908227408839414,rmsse,0.8683288308841123
state_dept,5,Reconcilation,Reconcilation,TX__FOODS_3,1680,51,292570.6875,0.08775281236072008,rmsse,0.6156183243034071
state_dept,5,Reconcilation,Reconcilation,TX__HOBBIES_1,1680,52,138358.875,0.04149896389164183,rmsse,0.6652353053507657
state_dept,5,Reconcilation,Reconcilation,TX__HOBBIES_2,1680,53,7358.69921875,0.0022071471249557294,rmsse,1.3687688575717578
state_dept,5,Reconcilation,Reconcilation,TX__HOUSEHOLD_1,1680,54,246249.609375,0.0738594011246769,rmsse,0.5543094096949213
state_dept,5,Reconcilation,Reconcilation,TX__HOUSEHOLD_2,1680,55,68115.1875,0.020430273855109857,rmsse,0.6764749583018267
state_dept,5,Reconcilation,Reconcilation,WI__FOODS_1,1680,56,66368.7265625,0.019906445373680852,rmsse,0.7412612483550923
state_dept,5,Reconcilation,Reconcilation,WI__FOODS_2,1680,57,154699.828125,0.04640022247508569,rmsse,1.3026494097835561
state_dept,5,Reconcilation,Reconcilation,WI__FOODS_3,1680,58,288137.90625,0.08642325667422511,rmsse,0.667740281709939
state_dept,5,Reconcilation,Reconcilation,WI__HOBBIES_1,1680,59,88609.6953125,0.026577337711244195,rmsse,0.5365216688758816
state_dept,5,Reconcilation,Reconcilation,WI__HOBBIES_2,1680,60,5649.650390625,0.001694539924243725,rmsse,1.284374449548775
state_dept,5,Reconcilation,Reconcilation,WI__HOUSEHOLD_1,1680,61,198324.921875,0.059485007894891535,rmsse,1.074394608351318
state_dept,5,Reconcilation,Reconcilation,WI__HOUSEHOLD_2,1680,62,52567.33203125,0.015766894706572242,rmsse,0.8409014330328728
state_dept,5,Reconcilation,Reconcilation,CA__FOODS_1,1708,63,100270.671875,0.029837655447102953,rmsse,0.5552020765467834
state_dept,5,Reconcilation,Reconcilation,CA__FOODS_2,1708,64,192013.125,0.05713755934749999,rmsse,1.3699125531073642
state_dept,5,Reconcilation,Reconcilation,CA__FOODS_3,1708,65,536624.0,0.1596838010281476,rmsse,0.3072074809031127
state_dept,5,Reconcilation,Reconcilation,CA__HOBBIES_1,1708,66,201237.296875,0.05988240644031905,rmsse,0.604251264440951
state_dept,5,Reconcilation,Reconcilation,CA__HOBBIES_2,1708,67,9113.939453125,0.0027120451083354393,rmsse,2.852064758388211
state_dept,5,Reconcilation,Reconcilation,CA__HOUSEHOLD_1,1708,68,374403.46875,0.11141165696674632,rmsse,0.6955782565394621
state_dept,5,Reconcilation,Reconcilation,CA__HOUSEHOLD_2,1708,69,128293.203125,0.03817635126471463,rmsse,0.5110691094533945
state_dept,5,Reconcilation,Reconcilation,TX__FOODS_1,1708,70,61970.87890625,0.01844074341961048,rmsse,0.6263884409580049
state_dept,5,Reconcilation,Reconcilation,TX__FOODS_2,1708,71,124073.671875,0.03692074065364049,rmsse,0.8867778445669252
state_dept,5,Reconcilation,Reconcilation,TX__FOODS_3,1708,72,305109.125,0.09079166196139608,rmsse,0.41427901882503504
state_dept,5,Reconcilation,Reconcilation,TX__HOBBIES_1,1708,73,135840.265625,0.04042213905392457,rmsse,0.5422818769140155
state_dept,5,Reconcilation,Reconcilation,TX__HOBBIES_2,1708,74,7121.1904296875,0.0021190605631834724,rmsse,2.8534880033257455
state_dept,5,Reconcilation,Reconcilation,TX__HOUSEHOLD_1,1708,75,241073.09375,0.0717363888600118,rmsse,0.6243281173290243
state_dept,5,Reconcilation,Reconcilation,TX__HOUSEHOLD_2,1708,76,61093.55078125,0.018179675912848022,rmsse,0.5226943565036235
state_dept,5,Reconcilation,Reconcilation,WI__FOODS_1,1708,77,66279.75,0.019722938987438814,rmsse,0.8127800343076035
state_dept,5,Reconcilation,Reconcilation,WI__FOODS_2,1708,78,166701.859375,0.049605657859990875,rmsse,1.8076141696708525
state_dept,5,Reconcilation,Reconcilation,WI__FOODS_3,1708,79,309017.375,0.09195464426440203,rmsse,0.39323696249022955
state_dept,5,Reconcilation,Reconcilation,WI__HOBBIES_1,1708,80,89558.953125,0.026650157374813088,rmsse,0.48810216749909674
state_dept,5,Reconcilation,Reconcilation,WI__HOBBIES_2,1708,81,5060.5205078125,0.0015058647206766594,rmsse,1.2876583245362287
state_dept,5,Reconcilation,Reconcilation,WI__HOUSEHOLD_1,1708,82,200282.53125,0.05959829577048129,rmsse,0.8736435190786567
state_dept,5,Reconcilation,Reconcilation,WI__HOUSEHOLD_2,1708,83,45402.77734375,0.013510554994716343,rmsse,0.560365305750971
