task,fold,model,base_model,agg_id,origin_time,row_id,revenue_28,weight,metric,metric_value
store_cat,1,DeepSets,DeepSets,CA_1__FOODS,1400,0,26361.728515625,0.08348803267571885,rmsse,1.1068754409420343
store_cat,1,DeepSets,DeepSets,CA_1__HOBBIES,1400,1,4483.759765625,0.01420014175476757,rmsse,0.8311314705024951
store_cat,1,DeepSets,DeepSets,CA_1__HOUSEHOLD,1400,2,9151.4814453125,0.028982893951154495,rmsse,0.9749162696290279
store_cat,1,DeepSets,DeepSets,CA_2__FOODS,1400,3,13153.01171875,0.04165580688338555,rmsse,1.029196056745724
store_cat,1,DeepSets,DeepSets,CA_2__HOBBIES,1400,4,3237.639892578125,0.01025365939048951,rmsse,0.6519903168556253
store_cat,1,DeepSets,DeepSets,CA_2__HOUSEHOLD,1400,5,9470.060546875,0.029991839264633707,rmsse,0.9010107753263322
store_cat,1,DeepSets,DeepSets,CA_3__FOODS,1400,6,29970.271484375,0.09491634827756446,rmsse,1.2583040156984464
store_cat,1,DeepSets,DeepSets,CA_3__HOBBIES,1400,7,3339.5,0.010576252044903246,rmsse,0.5712982348062866
store_cat,1,DeepSets,DeepSets,CA_3__HOUSEHOLD,1400,8,18916.78125,0.05990976085590653,rmsse,1.1324321483685065
store_cat,1,DeepSets,DeepSets,CA_4__FOODS,1400,9,17353.931640625,0.054960190148606466,rmsse,1.282759003348222
store_cat,1,DeepSets,DeepSets,CA_4__HOBBIES,1400,10,4553.94970703125,0.014422434466649436,rmsse,0.9133973046914694
store_cat,1,DeepSets,DeepSets,CA_4__HOUSEHOLD,1400,11,4645.2998046875,0.014711741745325593,rmsse,1.281993061291964
store_cat,1,DeepSets,DeepSets,TX_1__FOODS,1400,12,19213.87890625,0.060850674074786615,rmsse,1.354447007951631
store_cat,1,DeepSets,DeepSets,TX_1__HOBBIES,1400,13,1924.079833984375,0.006093592836872089,rmsse,0.8224614354778372
store_cat,1,DeepSets,DeepSets,TX_1__HOUSEHOLD,1400,14,10948.8203125,0.034675096038136344,rmsse,0.9456111212504773
store_cat,1,DeepSets,DeepSets,TX_2__FOODS,1400,15,14304.640625,0.04530303478417796,rmsse,1.119118375382625
store_cat,1,DeepSets,DeepSets,TX_2__HOBBIES,1400,16,4571.2802734375,0.014477320658712151,rmsse,0.7577418302764424
store_cat,1,DeepSets,DeepSets,TX_2__HOUSEHOLD,1400,17,8508.4599609375,0.026946434214955118,rmsse,0.8801287612695347
store_cat,1,DeepSets,DeepSets,TX_3__FOODS,1400,18,17697.140625,0.05604713871061433,rmsse,1.2874241605887247
store_cat,1,DeepSets,DeepSets,TX_3__HOBBIES,1400,19,3975.330078125,0.012589936477896364,rmsse,0.850339436952047
store_cat,1,DeepSets,DeepSets,TX_3__HOUSEHOLD,1400,20,7951.29052734375,0.025181869351531407,rmsse,1.179972879335145
store_cat,1,DeepSets,DeepSets,WI_1__FOODS,1400,21,15541.8291015625,0.04922123126723676,rmsse,0.9509042589307227
store_cat,1,DeepSets,DeepSets,WI_1__HOBBIES,1400,22,3462.289794921875,0.010965129367746703,rmsse,0.9551544378583877
store_cat,1,DeepSets,DeepSets,WI_1__HOUSEHOLD,1400,23,8361.529296875,0.026481102358015457,rmsse,1.0162906271602954
store_cat,1,DeepSets,DeepSets,WI_2__FOODS,1400,24,21806.3515625,0.06906107809695156,rmsse,0.9087165716610661
store_cat,1,DeepSets,DeepSets,WI_2__HOBBIES,1400,25,2619.740234375,0.008296760895620273,rmsse,0.5090187279897398
store_cat,1,DeepSets,DeepSets,WI_2__HOUSEHOLD,1400,26,8804.0400390625,0.027882541238671902,rmsse,1.0561224529492987
store_cat,1,DeepSets,DeepSets,WI_3__FOODS,1400,27,12994.7509765625,0.041154592480574216,rmsse,0.8107070632317221
store_cat,1,DeepSets,DeepSets,WI_3__HOBBIES,1400,28,1301.830078125,0.0041229175103716376,rmsse,0.6226501214282905
store_cat,1,DeepSets,DeepSets,WI_3__HOUSEHOLD,1400,29,7129.8798828125,0.02258044817802372,rmsse,0.8629429692336978
store_cat,1,DeepSets,DeepSets,CA_1__FOODS,1428,30,23288.98828125,0.07850550779632245,rmsse,0.5396694517214928
store_cat,1,DeepSets,DeepSets,CA_1__HOBBIES,1428,31,4693.11962890625,0.015820169393652952,rmsse,0.47937437983739317
store_cat,1,DeepSets,DeepSets,CA_1__HOUSEHOLD,1428,32,9593.4296875,0.03233876285350937,rmsse,0.5330807486171248
store_cat,1,DeepSets,DeepSets,CA_2__FOODS,1428,33,13519.5703125,0.04557350107928052,rmsse,0.6138314696036153
store_cat,1,DeepSets,DeepSets,CA_2__HOBBIES,1428,34,3682.33984375,0.012412903292366993,rmsse,0.7610993516864847
store_cat,1,DeepSets,DeepSets,CA_2__HOUSEHOLD,1428,35,8891.8310546875,0.029973724223536106,rmsse,0.7086222907806322
store_cat,1,DeepSets,DeepSets,CA_3__FOODS,1428,36,24107.76953125,0.08126556061738505,rmsse,1.1604467023885598
store_cat,1,DeepSets,DeepSets,CA_3__HOBBIES,1428,37,3523.93017578125,0.011878915672400443,rmsse,0.44893290164921124
store_cat,1,DeepSets,DeepSets,CA_3__HOUSEHOLD,1428,38,16580.478515625,0.055891602917895876,rmsse,0.8451788311108658
store_cat,1,DeepSets,DeepSets,CA_4__FOODS,1428,39,15765.0908203125,0.053142989526093136,rmsse,1.002049936012306
store_cat,1,DeepSets,DeepSets,CA_4__HOBBIES,1428,40,4715.20947265625,0.01589463267130986,rmsse,0.7585006246268763
store_cat,1,DeepSets,DeepSets,CA_4__HOUSEHOLD,1428,41,4077.81005859375,0.013746004999478287,rmsse,1.1346489751346132
store_cat,1,DeepSets,DeepSets,TX_1__FOODS,1428,42,20607.900390625,0.06946775296737849,rmsse,0.7406763918402153
store_cat,1,DeepSets,DeepSets,TX_1__HOBBIES,1428,43,1999.6600341796875,0.006740710438232141,rmsse,0.9758739948119979
store_cat,1,DeepSets,DeepSets,TX_1__HOUSEHOLD,1428,44,10018.669921875,0.033772217159547806,rmsse,0.7613987271148
store_cat,1,DeepSets,DeepSets,TX_2__FOODS,1428,45,13261.099609375,0.04470221489225293,rmsse,0.5637635889953038
store_cat,1,DeepSets,DeepSets,TX_2__HOBBIES,1428,46,4667.56005859375,0.015734009916813244,rmsse,0.8010869083612528
store_cat,1,DeepSets,DeepSets,TX_2__HOUSEHOLD,1428,47,7984.6298828125,0.026915614192676362,rmsse,0.512116370658184
store_cat,1,DeepSets,DeepSets,TX_3__FOODS,1428,48,18003.669921875,0.06068907899069596,rmsse,0.659423253202901
store_cat,1,DeepSets,DeepSets,TX_3__HOBBIES,1428,49,3619.33984375,0.012200534814550796,rmsse,0.9576263393345553
store_cat,1,DeepSets,DeepSets,TX_3__HOUSEHOLD,1428,50,7569.1201171875,0.02551496059833436,rmsse,0.858424309390611
store_cat,1,DeepSets,DeepSets,WI_1__FOODS,1428,51,15287.0703125,0.05153161670690161,rmsse,0.8995613328184447
store_cat,1,DeepSets,DeepSets,WI_1__HOBBIES,1428,52,3480.8798828125,0.011733796224982747,rmsse,1.0438640852676715
store_cat,1,DeepSets,DeepSets,WI_1__HOUSEHOLD,1428,53,7405.08984375,0.024962026320783624,rmsse,0.9234525232261487
store_cat,1,DeepSets,DeepSets,WI_2__FOODS,1428,54,19380.3984375,0.06532993199433777,rmsse,1.1675975308625521
store_cat,1,DeepSets,DeepSets,WI_2__HOBBIES,1428,55,2497.550048828125,0.008419061938720596,rmsse,0.6131982038659631
store_cat,1,DeepSets,DeepSets,WI_2__HOUSEHOLD,1428,56,8150.91015625,0.027476133058720535,rmsse,1.040579921822978
store_cat,1,DeepSets,DeepSets,WI_3__FOODS,1428,57,12165.5400390625,0.04100916222075717,rmsse,0.49327675200683024
store_cat,1,DeepSets,DeepSets,WI_3__HOBBIES,1428,58,1324.2000732421875,0.004463783394897461,rmsse,0.7447176094661986
store_cat,1,DeepSets,DeepSets,WI_3__HOUSEHOLD,1428,59,6791.33984375,0.022893119126185354,rmsse,0.7226170627441012
store_cat,1,DeepSets,DeepSets,CA_1__FOODS,1456,60,21150.05078125,0.06915235111689906,rmsse,0.37483716958874125
store_cat,1,DeepSets,DeepSets,CA_1__HOBBIES,1456,61,4842.8798828125,0.01583431328543714,rmsse,0.6058324375332733
store_cat,1,DeepSets,DeepSets,CA_1__HOUSEHOLD,1456,62,9955.51953125,0.032550634951026725,rmsse,0.8282106370381598
store_cat,1,DeepSets,DeepSets,CA_2__FOODS,1456,63,13592.490234375,0.04444209931040974,rmsse,0.8381301163811541
store_cat,1,DeepSets,DeepSets,CA_2__HOBBIES,1456,64,3437.2099609375,0.011238325266432527,rmsse,0.7723457157312632
store_cat,1,DeepSets,DeepSets,CA_2__HOUSEHOLD,1456,65,8246.7197265625,0.02696353138780518,rmsse,0.7417634876860558
store_cat,1,DeepSets,DeepSets,CA_3__FOODS,1456,66,27692.58984375,0.090543881715356,rmsse,0.5461323832914974
store_cat,1,DeepSets,DeepSets,CA_3__HOBBIES,1456,67,3699.759765625,0.012096759908845723,rmsse,0.6228570414164776
store_cat,1,DeepSets,DeepSets,CA_3__HOUSEHOLD,1456,68,16033.5498046875,0.052423404426384504,rmsse,0.6022819185089345
store_cat,1,DeepSets,DeepSets,CA_4__FOODS,1456,69,16820.978515625,0.05499798674117264,rmsse,0.8935803180176419
store_cat,1,DeepSets,DeepSets,CA_4__HOBBIES,1456,70,4299.66015625,0.014058198341156338,rmsse,0.6718853623320391
store_cat,1,DeepSets,DeepSets,CA_4__HOUSEHOLD,1456,71,3826.69970703125,0.012511803612034638,rmsse,0.9687921854867346
store_cat,1,DeepSets,DeepSets,TX_1__FOODS,1456,72,18873.759765625,0.061709774397589665,rmsse,0.8988005409169514
store_cat,1,DeepSets,DeepSets,TX_1__HOBBIES,1456,73,3535.9501953125,0.011561167014071175,rmsse,0.8162197817641539
store_cat,1,DeepSets,DeepSets,TX_1__HOUSEHOLD,1456,74,11447.0087890625,0.037427218459505536,rmsse,0.6175561284396727
store_cat,1,DeepSets,DeepSets,TX_2__FOODS,1456,75,16033.5703125,0.05242347147886894,rmsse,0.4607242520525946
store_cat,1,DeepSets,DeepSets,TX_2__HOBBIES,1456,76,4783.31982421875,0.015639575309296227,rmsse,0.843721867881957
store_cat,1,DeepSets,DeepSets,TX_2__HOUSEHOLD,1456,77,8226.3603515625,0.026896964235646435,rmsse,0.9830159730303052
store_cat,1,DeepSets,DeepSets,TX_3__FOODS,1456,78,18214.501953125,0.059554260531543786,rmsse,0.8813576605888221
store_cat,1,DeepSets,DeepSets,TX_3__HOBBIES,1456,79,4018.56005859375,0.013139111533603493,rmsse,0.6320855312488669
store_cat,1,DeepSets,DeepSets,TX_3__HOUSEHOLD,1456,80,7721.009765625,0.02524466649332322,rmsse,0.9778513205138271
store_cat,1,DeepSets,DeepSets,WI_1__FOODS,1456,81,15533.41015625,0.05078814440105665,rmsse,1.3020731832647727
store_cat,1,DeepSets,DeepSets,WI_1__HOBBIES,1456,82,3278.429931640625,0.010719176993463697,rmsse,0.8548992905991604
store_cat,1,DeepSets,DeepSets,WI_1__HOUSEHOLD,1456,83,7745.9697265625,0.02532627575282175,rmsse,1.170016960692435
store_cat,1,DeepSets,DeepSets,WI_2__FOODS,1456,84,21978.529296875,0.07186115015468186,rmsse,1.0604979532506376
store_cat,1,DeepSets,DeepSets,WI_2__HOBBIES,1456,85,2197.80029296875,0.00718594291409149,rmsse,0.831297491513677
store_cat,1,DeepSets,DeepSets,WI_2__HOUSEHOLD,1456,86,6886.0498046875,0.02251467567748605,rmsse,1.9559266064019918
store_cat,1,DeepSets,DeepSets,WI_3__FOODS,1456,87,13024.4404296875,0.042584799772365116,rmsse,0.7278564854783124
store_cat,1,DeepSets,DeepSets,WI_3__HOBBIES,1456,88,1618.489990234375,0.005291825974389422,rmsse,0.783075844402362
store_cat,1,DeepSets,DeepSets,WI_3__HOUSEHOLD,1456,89,7131.89990234375,0.023318508843235268,rmsse,1.141326331726004
store_cat,1,DeepSets,DeepSets,CA_1__FOODS,1484,90,21282.91015625,0.06376652908436814,rmsse,0.7411635795421335
store_cat,1,DeepSets,DeepSets,CA_1__HOBBIES,1484,91,4617.14013671875,0.013833587542924422,rmsse,0.7068250289945702
store_cat,1,DeepSets,DeepSets,CA_1__HOUSEHOLD,1484,92,9881.6298828125,0.02960672364339623,rmsse,0.7348127245397392
store_cat,1,DeepSets,DeepSets,CA_2__FOODS,1484,93,11698.830078125,0.035051305622824706,rmsse,0.4423176587266215
store_cat,1,DeepSets,DeepSets,CA_2__HOBBIES,1484,94,3442.469970703125,0.010314113995563786,rmsse,0.9600358169349966
store_cat,1,DeepSets,DeepSets,CA_2__HOUSEHOLD,1484,95,9249.919921875,0.02771403362585289,rmsse,0.6747698560888015
store_cat,1,DeepSets,DeepSets,CA_3__FOODS,1484,96,34796.51953125,0.1042551633415904,rmsse,0.7321891825360526
store_cat,1,DeepSets,DeepSets,CA_3__HOBBIES,1484,97,3854.809814453125,0.011549540938876177,rmsse,0.5934156131273164
store_cat,1,DeepSets,DeepSets,CA_3__HOUSEHOLD,1484,98,17748.908203125,0.05317817266723682,rmsse,0.7524679936979881
store_cat,1,DeepSets,DeepSets,CA_4__FOODS,1484,99,17250.9609375,0.05168625410145583,rmsse,0.8099934317572343
store_cat,1,DeepSets,DeepSets,CA_4__HOBBIES,1484,100,4592.72021484375,0.013760422094823196,rmsse,0.7944038153617129
store_cat,1,DeepSets,DeepSets,CA_4__HOUSEHOLD,1484,101,4081.44970703125,0.012228585261088713,rmsse,0.9230290423894518
store_cat,1,DeepSets,DeepSets,TX_1__FOODS,1484,102,19552.162109375,0.05858096964449247,rmsse,0.807237286447763
store_cat,1,DeepSets,DeepSets,TX_1__HOBBIES,1484,103,3901.840087890625,0.0116904501132786,rmsse,0.7975844912135631
store_cat,1,DeepSets,DeepSets,TX_1__HOUSEHOLD,1484,104,13463.80078125,0.04033940085264117,rmsse,0.7411029697210222
store_cat,1,DeepSets,DeepSets,TX_2__FOODS,1484,105,15885.279296875,0.047594483877479755,rmsse,0.8433679074438284
store_cat,1,DeepSets,DeepSets,TX_2__HOBBIES,1484,106,5034.77001953125,0.015084864171606899,rmsse,0.6317804505182604
store_cat,1,DeepSets,DeepSets,TX_2__HOUSEHOLD,1484,107,10405.150390625,0.0311752631637252,rmsse,0.7270563509922736
store_cat,1,DeepSets,DeepSets,TX_3__FOODS,1484,108,18383.76953125,0.055080304614757866,rmsse,0.6217916687124933
store_cat,1,DeepSets,DeepSets,TX_3__HOBBIES,1484,109,4189.14990234375,0.012551269874535238,rmsse,0.7313535223191259
store_cat,1,DeepSets,DeepSets,TX_3__HOUSEHOLD,1484,110,9673.1904296875,0.02898221034364329,rmsse,1.2857976856612896
store_cat,1,DeepSets,DeepSets,WI_1__FOODS,1484,111,18211.548828125,0.05456430767664527,rmsse,1.0954838807172318
store_cat,1,DeepSets,DeepSets,WI_1__HOBBIES,1484,112,3456.2099609375,0.01035528089804408,rmsse,0.6869403606975999
store_cat,1,DeepSets,DeepSets,WI_1__HOUSEHOLD,1484,113,8176.2607421875,0.024497202900843385,rmsse,1.164257053618005
store_cat,1,DeepSets,DeepSets,WI_2__FOODS,1484,114,22310.8515625,0.06684638306568177,rmsse,0.8054539660629422
store_cat,1,DeepSets,DeepSets,WI_2__HOBBIES,1484,115,2902.8701171875,0.008697398541684918,rmsse,0.6866272197223802
store_cat,1,DeepSets,DeepSets,WI_2__HOUSEHOLD,1484,116,10330.419921875,0.030951360390370875,rmsse,1.1237587482332014
store_cat,1,DeepSets,DeepSets,WI_3__FOODS,1484,117,15462.5,0.046327778895288614,rmsse,0.40311949197579716
store_cat,1,DeepSets,DeepSets,WI_3__HOBBIES,1484,118,1650.1500244140625,0.004944076667751643,rmsse,0.6223424836823294
store_cat,1,DeepSets,DeepSets,WI_3__HOUSEHOLD,1484,119,8274.8408203125,0.02479256238752764,rmsse,1.101831580776294
store_cat,1,DeepSets_Q,DeepSets,CA_1__FOODS,1400,0,26361.728515625,0.08348803267571885,mean_spl,0.2221770527058862
store_cat,1,DeepSets_Q,DeepSets,CA_1__HOBBIES,1400,1,4483.759765625,0.01420014175476757,mean_spl,0.19573039102088993
store_cat,1,DeepSets_Q,DeepSets,CA_1__HOUSEHOLD,1400,2,9151.4814453125,0.028982893951154495,mean_spl,0.24382141985087996
store_cat,1,DeepSets_Q,DeepSets,CA_2__FOODS,1400,3,13153.01171875,0.04165580688338555,mean_spl,0.2420656803830914
store_cat,1,DeepSets_Q,DeepSets,CA_2__HOBBIES,1400,4,3237.639892578125,0.01025365939048951,mean_spl,0.18309813464011457
store_cat,1,DeepSets_Q,DeepSets,CA_2__HOUSEHOLD,1400,5,9470.060546875,0.029991839264633707,mean_spl,0.24486625309570106
store_cat,1,DeepSets_Q,DeepSets,CA_3__FOODS,1400,6,29970.271484375,0.09491634827756446,mean_spl,0.2775508660921219
store_cat,1,DeepSets_Q,DeepSets,CA_3__HOBBIES,1400,7,3339.5,0.010576252044903246,mean_spl,0.1446052248187491
store_cat,1,DeepSets_Q,DeepSets,CA_3__HOUSEHOLD,1400,8,18916.78125,0.05990976085590653,mean_spl,0.26333494452312567
store_cat,1,DeepSets_Q,DeepSets,CA_4__FOODS,1400,9,17353.931640625,0.054960190148606466,mean_spl,0.31404539619540983
store_cat,1,DeepSets_Q,DeepSets,CA_4__HOBBIES,1400,10,4553.94970703125,0.014422434466649436,mean_spl,0.209631966329901
store_cat,1,DeepSets_Q,DeepSets,CA_4__HOUSEHOLD,1400,11,4645.2998046875,0.014711741745325593,mean_spl,0.23229207985133865
store_cat,1,DeepSets_Q,DeepSets,TX_1__FOODS,1400,12,19213.87890625,0.060850674074786615,mean_spl,0.3032616371943553
store_cat,1,DeepSets_Q,DeepSets,TX_1__HOBBIES,1400,13,1924.079833984375,0.006093592836872089,mean_spl,0.23194205053812933
store_cat,1,DeepSets_Q,DeepSets,TX_1__HOUSEHOLD,1400,14,10948.8203125,0.034675096038136344,mean_spl,0.20058279794927442
store_cat,1,DeepSets_Q,DeepSets,TX_2__FOODS,1400,15,14304.640625,0.04530303478417796,mean_spl,0.26610760204858885
store_cat,1,DeepSets_Q,DeepSets,TX_2__HOBBIES,1400,16,4571.2802734375,0.014477320658712151,mean_spl,0.17233740616277415
store_cat,1,DeepSets_Q,DeepSets,TX_2__HOUSEHOLD,1400,17,8508.4599609375,0.026946434214955118,mean_spl,0.20488396745698934
store_cat,1,DeepSets_Q,DeepSets,TX_3__FOODS,1400,18,17697.140625,0.05604713871061433,mean_spl,0.2607862429381347
store_cat,1,DeepSets_Q,DeepSets,TX_3__HOBBIES,1400,19,3975.330078125,0.012589936477896364,mean_spl,0.21067948590685337
store_cat,1,DeepSets_Q,DeepSets,TX_3__HOUSEHOLD,1400,20,7951.29052734375,0.025181869351531407,mean_spl,0.28564606311759994
store_cat,1,DeepSets_Q,DeepSets,WI_1__FOODS,1400,21,15541.8291015625,0.04922123126723676,mean_spl,0.2086347004212029
store_cat,1,DeepSets_Q,DeepSets,WI_1__HOBBIES,1400,22,3462.289794921875,0.010965129367746703,mean_spl,0.23518684537072973
store_cat,1,DeepSets_Q,DeepSets,WI_1__HOUSEHOLD,1400,23,8361.529296875,0.026481102358015457,mean_spl,0.22458153797331726
store_cat,1,DeepSets_Q,DeepSets,WI_2__FOODS,1400,24,21806.3515625,0.06906107809695156,mean_spl,0.2075250190544966
store_cat,1,DeepSets_Q,DeepSets,WI_2__HOBBIES,1400,25,2619.740234375,0.008296760895620273,mean_spl,0.15555924785238923
store_cat,1,DeepSets_Q,DeepSets,WI_2__HOUSEHOLD,1400,26,8804.0400390625,0.027882541238671902,mean_spl,0.2881862671153622
store_cat,1,DeepSets_Q,DeepSets,WI_3__FOODS,1400,27,12994.7509765625,0.041154592480574216,mean_spl,0.18934176135330996
store_cat,1,DeepSets_Q,DeepSets,WI_3__HOBBIES,1400,28,1301.830078125,0.0041229175103716376,mean_spl,0.16975460652818902
store_cat,1,DeepSets_Q,DeepSets,WI_3__HOUSEHOLD,1400,29,7129.8798828125,0.02258044817802372,mean_spl,0.20445736424466554
store_cat,1,DeepSets_Q,DeepSets,CA_1__FOODS,1428,30,23288.98828125,0.07850550779632245,mean_spl,0.12696000397088258
store_cat,1,DeepSets_Q,DeepSets,CA_1__HOBBIES,1428,31,4693.11962890625,0.015820169393652952,mean_spl,0.11772564894458933
store_cat,1,DeepSets_Q,DeepSets,CA_1__HOUSEHOLD,1428,32,9593.4296875,0.03233876285350937,mean_spl,0.15014280605216848
store_cat,1,DeepSets_Q,DeepSets,CA_2__FOODS,1428,33,13519.5703125,0.04557350107928052,mean_spl,0.1604249980945367
store_cat,1,DeepSets_Q,DeepSets,CA_2__HOBBIES,1428,34,3682.33984375,0.012412903292366993,mean_spl,0.16238383588709554
store_cat,1,DeepSets_Q,DeepSets,CA_2__HOUSEHOLD,1428,35,8891.8310546875,0.029973724223536106,mean_spl,0.17191078070820434
store_cat,1,DeepSets_Q,DeepSets,CA_3__FOODS,1428,36,24107.76953125,0.08126556061738505,mean_spl,0.36984707250364734
store_cat,1,DeepSets_Q,DeepSets,CA_3__HOBBIES,1428,37,3523.93017578125,0.011878915672400443,mean_spl,0.11647303972529678
store_cat,1,DeepSets_Q,DeepSets,CA_3__HOUSEHOLD,1428,38,16580.478515625,0.055891602917895876,mean_spl,0.23590318065559923
store_cat,1,DeepSets_Q,DeepSets,CA_4__FOODS,1428,39,15765.0908203125,0.053142989526093136,mean_spl,0.24971463420876805
store_cat,1,DeepSets_Q,DeepSets,CA_4__HOBBIES,1428,40,4715.20947265625,0.01589463267130986,mean_spl,0.17459731884175045
store_cat,1,DeepSets_Q,DeepSets,CA_4__HOUSEHOLD,1428,41,4077.81005859375,0.013746004999478287,mean_spl,0.22521210015243392
store_cat,1,DeepSets_Q,DeepSets,TX_1__FOODS,1428,42,20607.900390625,0.06946775296737849,mean_spl,0.16649454996340718
store_cat,1,DeepSets_Q,DeepSets,TX_1__HOBBIES,1428,43,1999.6600341796875,0.006740710438232141,mean_spl,0.22851880526425544
store_cat,1,DeepSets_Q,DeepSets,TX_1__HOUSEHOLD,1428,44,10018.669921875,0.033772217159547806,mean_spl,0.19064908658216537
store_cat,1,DeepSets_Q,DeepSets,TX_2__FOODS,1428,45,13261.099609375,0.04470221489225293,mean_spl,0.1507017706882647
store_cat,1,DeepSets_Q,DeepSets,TX_2__HOBBIES,1428,46,4667.56005859375,0.015734009916813244,mean_spl,0.19092156446901462
store_cat,1,DeepSets_Q,DeepSets,TX_2__HOUSEHOLD,1428,47,7984.6298828125,0.026915614192676362,mean_spl,0.13406148221021635
store_cat,1,DeepSets_Q,DeepSets,TX_3__FOODS,1428,48,18003.669921875,0.06068907899069596,mean_spl,0.16545370278430604
store_cat,1,DeepSets_Q,DeepSets,TX_3__HOBBIES,1428,49,3619.33984375,0.012200534814550796,mean_spl,0.22811760858424368
store_cat,1,DeepSets_Q,DeepSets,TX_3__HOUSEHOLD,1428,50,7569.1201171875,0.02551496059833436,mean_spl,0.20633329287560853
store_cat,1,DeepSets_Q,DeepSets,WI_1__FOODS,1428,51,15287.0703125,0.05153161670690161,mean_spl,0.21298908189543828
store_cat,1,DeepSets_Q,DeepSets,WI_1__HOBBIES,1428,52,3480.8798828125,0.011733796224982747,mean_spl,0.2462753619539709
store_cat,1,DeepSets_Q,DeepSets,WI_1__HOUSEHOLD,1428,53,7405.08984375,0.024962026320783624,mean_spl,0.23017828719988412
store_cat,1,DeepSets_Q,DeepSets,WI_2__FOODS,1428,54,19380.3984375,0.06532993199433777,mean_spl,0.29132883001748705
store_cat,1,DeepSets_Q,DeepSets,WI_2__HOBBIES,1428,55,2497.550048828125,0.008419061938720596,mean_spl,0.13896301702964353
store_cat,1,DeepSets_Q,DeepSets,WI_2__HOUSEHOLD,1428,56,8150.91015625,0.027476133058720535,mean_spl,0.31159203846282396
store_cat,1,DeepSets_Q,DeepSets,WI_3__FOODS,1428,57,12165.5400390625,0.04100916222075717,mean_spl,0.1230198172995954
store_cat,1,DeepSets_Q,DeepSets,WI_3__HOBBIES,1428,58,1324.2000732421875,0.004463783394897461,mean_spl,0.18290091629102134
store_cat,1,DeepSets_Q,DeepSets,WI_3__HOUSEHOLD,1428,59,6791.33984375,0.022893119126185354,mean_spl,0.20178277614028925
store_cat,1,DeepSets_Q,DeepSets,CA_1__FOODS,1456,60,21150.05078125,0.06915235111689906,mean_spl,0.1476687573186165
store_cat,1,DeepSets_Q,DeepSets,CA_1__HOBBIES,1456,61,4842.8798828125,0.01583431328543714,mean_spl,0.1490849863689827
store_cat,1,DeepSets_Q,DeepSets,CA_1__HOUSEHOLD,1456,62,9955.51953125,0.032550634951026725,mean_spl,0.22850264757054747
store_cat,1,DeepSets_Q,DeepSets,CA_2__FOODS,1456,63,13592.490234375,0.04444209931040974,mean_spl,0.20646810822241146
store_cat,1,DeepSets_Q,DeepSets,CA_2__HOBBIES,1456,64,3437.2099609375,0.011238325266432527,mean_spl,0.20910834931149686
store_cat,1,DeepSets_Q,DeepSets,CA_2__HOUSEHOLD,1456,65,8246.7197265625,0.02696353138780518,mean_spl,0.19116314803567336
store_cat,1,DeepSets_Q,DeepSets,CA_3__FOODS,1456,66,27692.58984375,0.090543881715356,mean_spl,0.21537527828976144
store_cat,1,DeepSets_Q,DeepSets,CA_3__HOBBIES,1456,67,3699.759765625,0.012096759908845723,mean_spl,0.16616902414047188
store_cat,1,DeepSets_Q,DeepSets,CA_3__HOUSEHOLD,1456,68,16033.5498046875,0.052423404426384504,mean_spl,0.15725477051490785
store_cat,1,DeepSets_Q,DeepSets,CA_4__FOODS,1456,69,16820.978515625,0.05499798674117264,mean_spl,0.21885169881310845
store_cat,1,DeepSets_Q,DeepSets,CA_4__HOBBIES,1456,70,4299.66015625,0.014058198341156338,mean_spl,0.18509095935972766
store_cat,1,DeepSets_Q,DeepSets,CA_4__HOUSEHOLD,1456,71,3826.69970703125,0.012511803612034638,mean_spl,0.22980740260961494
store_cat,1,DeepSets_Q,DeepSets,TX_1__FOODS,1456,72,18873.759765625,0.061709774397589665,mean_spl,0.21936110480093907
store_cat,1,DeepSets_Q,DeepSets,TX_1__HOBBIES,1456,73,3535.9501953125,0.011561167014071175,mean_spl,0.265312741997001
store_cat,1,DeepSets_Q,DeepSets,TX_1__HOUSEHOLD,1456,74,11447.0087890625,0.037427218459505536,mean_spl,0.1633879846220925
store_cat,1,DeepSets_Q,DeepSets,TX_2__FOODS,1456,75,16033.5703125,0.05242347147886894,mean_spl,0.1357839834964495
store_cat,1,DeepSets_Q,DeepSets,TX_2__HOBBIES,1456,76,4783.31982421875,0.015639575309296227,mean_spl,0.2554671980858728
store_cat,1,DeepSets_Q,DeepSets,TX_2__HOUSEHOLD,1456,77,8226.3603515625,0.026896964235646435,mean_spl,0.23439911020681928
store_cat,1,DeepSets_Q,DeepSets,TX_3__FOODS,1456,78,18214.501953125,0.059554260531543786,mean_spl,0.22828044129572866
store_cat,1,DeepSets_Q,DeepSets,TX_3__HOBBIES,1456,79,4018.56005859375,0.013139111533603493,mean_spl,0.1866585197583545
store_cat,1,DeepSets_Q,DeepSets,TX_3__HOUSEHOLD,1456,80,7721.009765625,0.02524466649332322,mean_spl,0.2768799270574707
store_cat,1,DeepSets_Q,DeepSets,WI_1__FOODS,1456,81,15533.41015625,0.05078814440105665,mean_spl,0.3301471551543091
store_cat,1,DeepSets_Q,DeepSets,WI_1__HOBBIES,1456,82,3278.429931640625,0.010719176993463697,mean_spl,0.21600461941544535
store_cat,1,DeepSets_Q,DeepSets,WI_1__HOUSEHOLD,1456,83,7745.9697265625,0.02532627575282175,mean_spl,0.28502155887877656
store_cat,1,DeepSets_Q,DeepSets,WI_2__FOODS,1456,84,21978.529296875,0.07186115015468186,mean_spl,0.3243904604665179
store_cat,1,DeepSets_Q,DeepSets,WI_2__HOBBIES,1456,85,2197.80029296875,0.00718594291409149,mean_spl,0.30508647849324017
store_cat,1,DeepSets_Q,DeepSets,WI_2__HOUSEHOLD,1456,86,6886.0498046875,0.02251467567748605,mean_spl,0.622942581696101
store_cat,1,DeepSets_Q,DeepSets,WI_3__FOODS,1456,87,13024.4404296875,0.042584799772365116,mean_spl,0.17472126870851154
store_cat,1,DeepSets_Q,DeepSets,WI_3__HOBBIES,1456,88,1618.489990234375,0.005291825974389422,mean_spl,0.19781993653005317
store_cat,1,DeepSets_Q,DeepSets,WI_3__HOUSEHOLD,1456,89,7131.89990234375,0.023318508843235268,mean_spl,0.3052967537875746
store_cat,1,DeepSets_Q,DeepSets,CA_1__FOODS,1484,90,21282.91015625,0.06376652908436814,mean_spl,0.19820335798124772
store_cat,1,DeepSets_Q,DeepSets,CA_1__HOBBIES,1484,91,4617.14013671875,0.013833587542924422,mean_spl,0.17811870569856317
store_cat,1,DeepSets_Q,DeepSets,CA_1__HOUSEHOLD,1484,92,9881.6298828125,0.02960672364339623,mean_spl,0.2007411830656933
store_cat,1,DeepSets_Q,DeepSets,CA_2__FOODS,1484,93,11698.830078125,0.035051305622824706,mean_spl,0.11408212981837387
store_cat,1,DeepSets_Q,DeepSets,CA_2__HOBBIES,1484,94,3442.469970703125,0.010314113995563786,mean_spl,0.2266476140431969
store_cat,1,DeepSets_Q,DeepSets,CA_2__HOUSEHOLD,1484,95,9249.919921875,0.02771403362585289,mean_spl,0.18024681639743376
store_cat,1,DeepSets_Q,DeepSets,CA_3__FOODS,1484,96,34796.51953125,0.1042551633415904,mean_spl,0.21706737028176867
store_cat,1,DeepSets_Q,DeepSets,CA_3__HOBBIES,1484,97,3854.809814453125,0.011549540938876177,mean_spl,0.14721940948537693
store_cat,1,DeepSets_Q,DeepSets,CA_3__HOUSEHOLD,1484,98,17748.908203125,0.05317817266723682,mean_spl,0.19926655260990134
store_cat,1,DeepSets_Q,DeepSets,CA_4__FOODS,1484,99,17250.9609375,0.05168625410145583,mean_spl,0.20392277649707788
store_cat,1,DeepSets_Q,DeepSets,CA_4__HOBBIES,1484,100,4592.72021484375,0.013760422094823196,mean_spl,0.21269657204294418
store_cat,1,DeepSets_Q,DeepSets,CA_4__HOUSEHOLD,1484,101,4081.44970703125,0.012228585261088713,mean_spl,0.22029678661486196
store_cat,1,DeepSets_Q,DeepSets,TX_1__FOODS,1484,102,19552.162109375,0.05858096964449247,mean_spl,0.23384268256216892
store_cat,1,DeepSets_Q,DeepSets,TX_1__HOBBIES,1484,103,3901.840087890625,0.0116904501132786,mean_spl,0.27313000525766107
store_cat,1,DeepSets_Q,DeepSets,TX_1__HOUSEHOLD,1484,104,13463.80078125,0.04033940085264117,mean_spl,0.1742371837100668
store_cat,1,DeepSets_Q,DeepSets,TX_2__FOODS,1484,105,15885.279296875,0.047594483877479755,mean_spl,0.19563883799444312
store_cat,1,DeepSets_Q,DeepSets,TX_2__HOBBIES,1484,106,5034.77001953125,0.015084864171606899,mean_spl,0.1272430973941613
store_cat,1,DeepSets_Q,DeepSets,TX_2__HOUSEHOLD,1484,107,10405.150390625,0.0311752631637252,mean_spl,0.18080093452169232
store_cat,1,DeepSets_Q,DeepSets,TX_3__FOODS,1484,108,18383.76953125,0.055080304614757866,mean_spl,0.1641413703035458
store_cat,1,DeepSets_Q,DeepSets,TX_3__HOBBIES,1484,109,4189.14990234375,0.012551269874535238,mean_spl,0.18050902368091332
store_cat,1,DeepSets_Q,DeepSets,TX_3__HOUSEHOLD,1484,110,9673.1904296875,0.02898221034364329,mean_spl,0.3051222030066981
store_cat,1,DeepSets_Q,DeepSets,WI_1__FOODS,1484,111,18211.548828125,0.05456430767664527,mean_spl,0.2582152570885081
store_cat,1,DeepSets_Q,DeepSets,WI_1__HOBBIES,1484,112,3456.2099609375,0.01035528089804408,mean_spl,0.16571828821951273
store_cat,1,DeepSets_Q,DeepSets,WI_1__HOUSEHOLD,1484,113,8176.2607421875,0.024497202900843385,mean_spl,0.27407304433035207
store_cat,1,DeepSets_Q,DeepSets,WI_2__FOODS,1484,114,22310.8515625,0.06684638306568177,mean_spl,0.22779476445115898
store_cat,1,DeepSets_Q,DeepSets,WI_2__HOBBIES,1484,115,2902.8701171875,0.008697398541684918,mean_spl,0.20061608510673365
store_cat,1,DeepSets_Q,DeepSets,WI_2__HOUSEHOLD,1484,116,10330.419921875,0.030951360390370875,mean_spl,0.30296284846052896
store_cat,1,DeepSets_Q,DeepSets,WI_3__FOODS,1484,117,15462.5,0.046327778895288614,mean_spl,0.1130211536551235
store_cat,1,DeepSets_Q,DeepSets,WI_3__HOBBIES,1484,118,1650.1500244140625,0.004944076667751643,mean_spl,0.1633958292603949
store_cat,1,DeepSets_Q,DeepSets,WI_3__HOUSEHOLD,1484,119,8274.8408203125,0.02479256238752764,mean_spl,0.2549817320747491
store_cat,2,DeepSets,DeepSets,CA_1__FOODS,1456,0,21150.05078125,0.06915235111689906,rmsse,0.3655269508200623
store_cat,2,DeepSets,DeepSets,CA_1__HOBBIES,1456,1,4842.8798828125,0.01583431328543714,rmsse,0.5794511111862289
store_cat,2,DeepSets,DeepSets,CA_1__HOUSEHOLD,1456,2,9955.51953125,0.032550634951026725,rmsse,0.72780996475664
store_cat,2,DeepSets,DeepSets,CA_2__FOODS,1456,3,13592.490234375,0.04444209931040974,rmsse,0.8873547757646563
store_cat,2,DeepSets,DeepSets,CA_2__HOBBIES,1456,4,3437.2099609375,0.011238325266432527,rmsse,0.8565476790670684
store_cat,2,DeepSets,DeepSets,CA_2__HOUSEHOLD,1456,5,8246.7197265625,0.02696353138780518,rmsse,0.7789880683153074
store_cat,2,DeepSets,DeepSets,CA_3__FOODS,1456,6,27692.58984375,0.090543881715356,rmsse,0.5475669126733825
store_cat,2,DeepSets,DeepSets,CA_3__HOBBIES,1456,7,3699.759765625,0.012096759908845723,rmsse,0.6441611456277379
store_cat,2,DeepSets,DeepSets,CA_3__HOUSEHOLD,1456,8,16033.5498046875,0.052423404426384504,rmsse,0.628447698508414
store_cat,2,DeepSets,DeepSets,CA_4__FOODS,1456,9,16820.978515625,0.05499798674117264,rmsse,0.8959230571372693
store_cat,2,DeepSets,DeepSets,CA_4__HOBBIES,1456,10,4299.66015625,0.014058198341156338,rmsse,0.8093107224241376
store_cat,2,DeepSets,DeepSets,CA_4__HOUSEHOLD,1456,11,3826.69970703125,0.012511803612034638,rmsse,0.8041973889047536
store_cat,2,DeepSets,DeepSets,TX_1__FOODS,1456,12,18873.759765625,0.061709774397589665,rmsse,0.8886293522033466
store_cat,2,DeepSets,DeepSets,TX_1__HOBBIES,1456,13,3535.9501953125,0.011561167014071175,rmsse,1.0127003520046824
store_cat,2,DeepSets,DeepSets,TX_1__HOUSEHOLD,1456,14,11447.0087890625,0.037427218459505536,rmsse,0.6169317656109414
store_cat,2,DeepSets,DeepSets,TX_2__FOODS,1456,15,16033.5703125,0.05242347147886894,rmsse,0.4854892572159874
store_cat,2,DeepSets,DeepSets,TX_2__HOBBIES,1456,16,4783.31982421875,0.015639575309296227,rmsse,1.1155603045834495
store_cat,2,DeepSets,DeepSets,TX_2__HOUSEHOLD,1456,17,8226.3603515625,0.026896964235646435,rmsse,1.1378964540858842
store_cat,2,DeepSets,DeepSets,TX_3__FOODS,1456,18,18214.501953125,0.059554260531543786,rmsse,0.855356599488036
store_cat,2,DeepSets,DeepSets,TX_3__HOBBIES,1456,19,4018.56005859375,0.013139111533603493,rmsse,0.6678237667160988
store_cat,2,DeepSets,DeepSets,TX_3__HOUSEHOLD,1456,20,7721.009765625,0.02524466649332322,rmsse,1.3801797130526168
store_cat,2,DeepSets,DeepSets,WI_1__FOODS,1456,21,15533.41015625,0.05078814440105665,rmsse,1.2191222624870965
store_cat,2,DeepSets,DeepSets,WI_1__HOBBIES,1456,22,3278.429931640625,0.010719176993463697,rmsse,0.7788640034638877
store_cat,2,DeepSets,DeepSets,WI_1__HOUSEHOLD,1456,23,7745.9697265625,0.02532627575282175,rmsse,1.1424290910196733
store_cat,2,DeepSets,DeepSets,WI_2__FOODS,1456,24,21978.529296875,0.07186115015468186,rmsse,1.061006560816978
store_cat,2,DeepSets,DeepSets,WI_2__HOBBIES,1456,25,2197.80029296875,0.00718594291409149,rmsse,0.9272867503571863
store_cat,2,DeepSets,DeepSets,WI_2__HOUSEHOLD,1456,26,6886.0498046875,0.02251467567748605,rmsse,2.1024101701093776
store_cat,2,DeepSets,DeepSets,WI_3__FOODS,1456,27,13024.4404296875,0.042584799772365116,rmsse,0.7124152178071171
store_cat,2,DeepSets,DeepSets,WI_3__HOBBIES,1456,28,1618.489990234375,0.005291825974389422,rmsse,0.7375322891025431
store_cat,2,DeepSets,DeepSets,WI_3__HOUSEHOLD,1456,29,7131.89990234375,0.023318508843235268,rmsse,1.2524813201755682
store_cat,2,DeepSets,DeepSets,CA_1__FOODS,1484,30,21282.91015625,0.06376652908436814,rmsse,0.48081848023212864
store_cat,2,DeepSets,DeepSets,CA_1__HOBBIES,1484,31,4617.14013671875,0.013833587542924422,rmsse,0.7550691403982432
store_cat,2,DeepSets,DeepSets,CA_1__HOUSEHOLD,1484,32,9881.6298828125,0.02960672364339623,rmsse,0.7983637851842301
store_cat,2,DeepSets,DeepSets,CA_2__FOODS,1484,33,11698.830078125,0.035051305622824706,rmsse,0.40140599604189797
store_cat,2,DeepSets,DeepSets,CA_2__HOBBIES,1484,34,3442.469970703125,0.010314113995563786,rmsse,1.038040099627938
store_cat,2,DeepSets,DeepSets,CA_2__HOUSEHOLD,1484,35,9249.919921875,0.02771403362585289,rmsse,0.6885751681352571
store_cat,2,DeepSets,DeepSets,CA_3__FOODS,1484,36,34796.51953125,0.1042551633415904,rmsse,0.9380344689287352
store_cat,2,DeepSets,DeepSets,CA_3__HOBBIES,1484,37,3854.809814453125,0.011549540938876177,rmsse,0.5623881551077193
store_cat,2,DeepSets,DeepSets,CA_3__HOUSEHOLD,1484,38,17748.908203125,0.05317817266723682,rmsse,0.8034699540951468
store_cat,2,DeepSets,DeepSets,CA_4__FOODS,1484,39,17250.9609375,0.05168625410145583,rmsse,0.8979042453861844
store_cat,2,DeepSets,DeepSets,CA_4__HOBBIES,1484,40,4592.72021484375,0.013760422094823196,rmsse,1.0703075534404805
store_cat,2,DeepSets,DeepSets,CA_4__HOUSEHOLD,1484,41,4081.44970703125,0.012228585261088713,rmsse,1.048579556401161
store_cat,2,DeepSets,DeepSets,TX_1__FOODS,1484,42,19552.162109375,0.05858096964449247,rmsse,0.7764492982347935
store_cat,2,DeepSets,DeepSets,TX_1__HOBBIES,1484,43,3901.840087890625,0.0116904501132786,rmsse,1.1008092971100938
store_cat,2,DeepSets,DeepSets,TX_1__HOUSEHOLD,1484,44,13463.80078125,0.04033940085264117,rmsse,0.6246489742168486
store_cat,2,DeepSets,DeepSets,TX_2__FOODS,1484,45,15885.279296875,0.047594483877479755,rmsse,0.8028315555003185
store_cat,2,DeepSets,DeepSets,TX_2__HOBBIES,1484,46,5034.77001953125,0.015084864171606899,rmsse,0.5468231953424695
store_cat,2,DeepSets,DeepSets,TX_2__HOUSEHOLD,1484,47,10405.150390625,0.0311752631637252,rmsse,0.6841800568165057
store_cat,2,DeepSets,DeepSets,TX_3__FOODS,1484,48,18383.76953125,0.055080304614757866,rmsse,0.6238975604131176
store_cat,2,DeepSets,DeepSets,TX_3__HOBBIES,1484,49,4189.14990234375,0.012551269874535238,rmsse,0.6260382682216769
store_cat,2,DeepSets,DeepSets,TX_3__HOUSEHOLD,1484,50,9673.1904296875,0.02898221034364329,rmsse,1.5643399428631433
store_cat,2,DeepSets,DeepSets,WI_1__FOODS,1484,51,18211.548828125,0.05456430767664527,rmsse,1.1934814283489328
store_cat,2,DeepSets,DeepSets,WI_1__HOBBIES,1484,52,3456.2099609375,0.01035528089804408,rmsse,0.7293797776899922
store_cat,2,DeepSets,DeepSets,WI_1__HOUSEHOLD,1484,53,8176.2607421875,0.024497202900843385,rmsse,1.000047102432317
store_cat,2,DeepSets,DeepSets,WI_2__FOODS,1484,54,22310.8515625,0.06684638306568177,rmsse,0.7069660182430351
store_cat,2,DeepSets,DeepSets,WI_2__HOBBIES,1484,55,2902.8701171875,0.008697398541684918,rmsse,0.7727425525926952
store_cat,2,DeepSets,DeepSets,WI_2__HOUSEHOLD,1484,56,10330.419921875,0.030951360390370875,rmsse,1.1662022620416106
store_cat,2,DeepSets,DeepSets,WI_3__FOODS,1484,57,15462.5,0.046327778895288614,rmsse,0.38723966293310413
store_cat,2,DeepSets,DeepSets,WI_3__HOBBIES,1484,58,1650.1500244140625,0.004944076667751643,rmsse,0.6256681735929053
store_cat,2,DeepSets,DeepSets,WI_3__HOUSEHOLD,1484,59,8274.8408203125,0.02479256238752764,rmsse,1.1268468335966515
store_cat,2,DeepSets,DeepSets,CA_1__FOODS,1512,60,23924.431640625,0.07033532507247099,rmsse,0.6403123737882921
store_cat,2,DeepSets,DeepSets,CA_1__HOBBIES,1512,61,4654.669921875,0.013684242408676866,rmsse,0.5625960304302172
store_cat,2,DeepSets,DeepSets,CA_1__HOUSEHOLD,1512,62,9950.0595703125,0.02925213375518659,rmsse,0.6505394134984159
store_cat,2,DeepSets,DeepSets,CA_2__FOODS,1512,63,12572.37109375,0.036961455180782005,rmsse,0.5806648225983743
store_cat,2,DeepSets,DeepSets,CA_2__HOBBIES,1512,64,3388.380126953125,0.00996148294255247,rmsse,0.6102563450774874
store_cat,2,DeepSets,DeepSets,CA_2__HOUSEHOLD,1512,65,9767.0400390625,0.028714075488288353,rmsse,0.6670541100718078
store_cat,2,DeepSets,DeepSets,CA_3__FOODS,1512,66,29650.30859375,0.08716880403960166,rmsse,0.46346714730749305
store_cat,2,DeepSets,DeepSets,CA_3__HOBBIES,1512,67,4218.35986328125,0.01240153650098582,rmsse,0.6310969324895169
store_cat,2,DeepSets,DeepSets,CA_3__HOUSEHOLD,1512,68,18111.12109375,0.05324480049058814,rmsse,0.9881911405486838
store_cat,2,DeepSets,DeepSets,CA_4__FOODS,1512,69,14882.958984375,0.043754341751164036,rmsse,0.9230418635167841
store_cat,2,DeepSets,DeepSets,CA_4__HOBBIES,1512,70,4675.1396484375,0.013744421262391964,rmsse,0.8306710044372285
store_cat,2,DeepSets,DeepSets,CA_4__HOUSEHOLD,1512,71,4745.60009765625,0.013951567608645715,rmsse,1.0750248711806305
store_cat,2,DeepSets,DeepSets,TX_1__FOODS,1512,72,22966.4296875,0.0675188995955668,rmsse,0.7332818598219186
store_cat,2,DeepSets,DeepSets,TX_1__HOBBIES,1512,73,5722.79052734375,0.016824405198361696,rmsse,0.6308268326063388
store_cat,2,DeepSets,DeepSets,TX_1__HOUSEHOLD,1512,74,13931.0908203125,0.040955948972136114,rmsse,0.6071133732030847
store_cat,2,DeepSets,DeepSets,TX_2__FOODS,1512,75,15037.4892578125,0.044208644581803,rmsse,1.0563678806951575
store_cat,2,DeepSets,DeepSets,TX_2__HOBBIES,1512,76,5427.47998046875,0.015956223097997296,rmsse,0.963938222762234
store_cat,2,DeepSets,DeepSets,TX_2__HOUSEHOLD,1512,77,11664.6201171875,0.03429276231566245,rmsse,0.9683998357755407
store_cat,2,DeepSets,DeepSets,TX_3__FOODS,1512,78,17922.443359375,0.052690107698694665,rmsse,0.7023157296932709
store_cat,2,DeepSets,DeepSets,TX_3__HOBBIES,1512,79,4015.389892578125,0.011804826030125025,rmsse,0.7364205820777852
store_cat,2,DeepSets,DeepSets,TX_3__HOUSEHOLD,1512,80,11988.0390625,0.03524358016558468,rmsse,1.11685744191195
store_cat,2,DeepSets,DeepSets,WI_1__FOODS,1512,81,17049.830078125,0.05012471598025337,rmsse,1.1449931636420334
store_cat,2,DeepSets,DeepSets,WI_1__HOBBIES,1512,82,3254.02001953125,0.009566478288973047,rmsse,1.110557797764951
store_cat,2,DeepSets,DeepSets,WI_1__HOUSEHOLD,1512,83,7959.7607421875,0.023400863506834187,rmsse,0.8187713566757095
store_cat,2,DeepSets,DeepSets,WI_2__FOODS,1512,84,22726.7890625,0.06681438123905445,rmsse,0.6392150496401472
store_cat,2,DeepSets,DeepSets,WI_2__HOBBIES,1512,85,2924.839599609375,0.008598722306699991,rmsse,0.6099768516319832
store_cat,2,DeepSets,DeepSets,WI_2__HOUSEHOLD,1512,86,10329.66015625,0.03036811974852896,rmsse,1.0568821839247207
store_cat,2,DeepSets,DeepSets,WI_3__FOODS,1512,87,15625.1103515625,0.0459361890965143,rmsse,0.4255373560311127
store_cat,2,DeepSets,DeepSets,WI_3__HOBBIES,1512,88,2483.14013671875,0.007300172114435682,rmsse,0.8756533481961126
store_cat,2,DeepSets,DeepSets,WI_3__HOUSEHOLD,1512,89,8578.7998046875,0.025220773561439678,rmsse,0.6525800220499195
store_cat,2,DeepSets,DeepSets,CA_1__FOODS,1540,90,27529.51953125,0.07995154266664864,rmsse,0.4257603632919838
store_cat,2,DeepSets,DeepSets,CA_1__HOBBIES,1540,91,4999.8505859375,0.014520622744420975,rmsse,0.47735336956455426
store_cat,2,DeepSets,DeepSets,CA_1__HOUSEHOLD,1540,92,9590.23046875,0.027852056031522184,rmsse,0.9039243109266752
store_cat,2,DeepSets,DeepSets,CA_2__FOODS,1540,93,13662.0908203125,0.03967759901860687,rmsse,0.5295571038218453
store_cat,2,DeepSets,DeepSets,CA_2__HOBBIES,1540,94,2933.590087890625,0.008519765585164032,rmsse,0.47740594652555124
store_cat,2,DeepSets,DeepSets,CA_2__HOUSEHOLD,1540,95,10557.66015625,0.030661676295665848,rmsse,0.7601610646409919
store_cat,2,DeepSets,DeepSets,CA_3__FOODS,1540,96,32247.91015625,0.09365474620219807,rmsse,0.728739738450548
store_cat,2,DeepSets,DeepSets,CA_3__HOBBIES,1540,97,4191.85009765625,0.012174018567760358,rmsse,0.5511543682233857
store_cat,2,DeepSets,DeepSets,CA_3__HOUSEHOLD,1540,98,20799.37109375,0.06040576928898927,rmsse,0.7391776063696117
store_cat,2,DeepSets,DeepSets,CA_4__FOODS,1540,99,15828.4189453125,0.045969073714316314,rmsse,0.8111591486476653
store_cat,2,DeepSets,DeepSets,CA_4__HOBBIES,1540,100,4764.0,0.013835662799401552,rmsse,0.8374620447828091
store_cat,2,DeepSets,DeepSets,CA_4__HOUSEHOLD,1540,101,5253.26953125,0.01525660491787264,rmsse,0.9867487404443099
store_cat,2,DeepSets,DeepSets,TX_1__FOODS,1540,102,22749.91015625,0.06607054694344158,rmsse,0.586087479966649
store_cat,2,DeepSets,DeepSets,TX_1__HOBBIES,1540,103,5077.87939453125,0.01474723489478667,rmsse,1.2169026204788462
store_cat,2,DeepSets,DeepSets,TX_1__HOUSEHOLD,1540,104,13955.9697265625,0.0405310854692223,rmsse,0.6646914651944338
store_cat,2,DeepSets,DeepSets,TX_2__FOODS,1540,105,14958.23046875,0.04344186247719547,rmsse,0.6071396531316685
store_cat,2,DeepSets,DeepSets,TX_2__HOBBIES,1540,106,4886.25927734375,0.014190729578458362,rmsse,0.7201405937670669
store_cat,2,DeepSets,DeepSets,TX_2__HOUSEHOLD,1540,107,11191.8603515625,0.03250352769147995,rmsse,0.8527422570550051
store_cat,2,DeepSets,DeepSets,TX_3__FOODS,1540,108,18487.4375,0.05369142554051454,rmsse,0.6148229677042684
store_cat,2,DeepSets,DeepSets,TX_3__HOBBIES,1540,109,3754.059814453125,0.010902583064978462,rmsse,1.0166212230836913
store_cat,2,DeepSets,DeepSets,TX_3__HOUSEHOLD,1540,110,11449.48046875,0.03325171095591079,rmsse,0.9626081231821916
store_cat,2,DeepSets,DeepSets,WI_1__FOODS,1540,111,15544.009765625,0.04514308935092197,rmsse,0.6950646851249148
store_cat,2,DeepSets,DeepSets,WI_1__HOBBIES,1540,112,2958.319580078125,0.008591585256680969,rmsse,0.9112944712552563
store_cat,2,DeepSets,DeepSets,WI_1__HOUSEHOLD,1540,113,7866.439453125,0.02284580262496773,rmsse,0.6291335344951569
store_cat,2,DeepSets,DeepSets,WI_2__FOODS,1540,114,22037.830078125,0.06400251590920375,rmsse,0.5204591249839241
store_cat,2,DeepSets,DeepSets,WI_2__HOBBIES,1540,115,2699.5498046875,0.00784006314186536,rmsse,0.6160930489400378
store_cat,2,DeepSets,DeepSets,WI_2__HOUSEHOLD,1540,116,10413.2099609375,0.03024216240111265,rmsse,1.2604978005939542
store_cat,2,DeepSets,DeepSets,WI_3__FOODS,1540,117,14437.87109375,0.04193062888210577,rmsse,0.41038490228678826
store_cat,2,DeepSets,DeepSets,WI_3__HOBBIES,1540,118,1936.130126953125,0.005622931060513425,rmsse,0.7876575064142527
store_cat,2,DeepSets,DeepSets,WI_3__HOUSEHOLD,1540,119,7565.3505859375,0.021971376924073513,rmsse,0.7336476395813822
store_cat,2,DeepSets_Q,DeepSets,CA_1__FOODS,1456,0,21150.05078125,0.06915235111689906,mean_spl,0.09386397863835423
store_cat,2,DeepSets_Q,DeepSets,CA_1__HOBBIES,1456,1,4842.8798828125,0.01583431328543714,mean_spl,0.15041804593418712
store_cat,2,DeepSets_Q,DeepSets,CA_1__HOUSEHOLD,1456,2,9955.51953125,0.032550634951026725,mean_spl,0.21738020718776443
store_cat,2,DeepSets_Q,DeepSets,CA_2__FOODS,1456,3,13592.490234375,0.04444209931040974,mean_spl,0.2393728688114198
store_cat,2,DeepSets_Q,DeepSets,CA_2__HOBBIES,1456,4,3437.2099609375,0.011238325266432527,mean_spl,0.20313957240261674
store_cat,2,DeepSets_Q,DeepSets,CA_2__HOUSEHOLD,1456,5,8246.7197265625,0.02696353138780518,mean_spl,0.1822753702408873
store_cat,2,DeepSets_Q,DeepSets,CA_3__FOODS,1456,6,27692.58984375,0.090543881715356,mean_spl,0.14475444105593746
store_cat,2,DeepSets_Q,DeepSets,CA_3__HOBBIES,1456,7,3699.759765625,0.012096759908845723,mean_spl,0.15551144403958084
store_cat,2,DeepSets_Q,DeepSets,CA_3__HOUSEHOLD,1456,8,16033.5498046875,0.052423404426384504,mean_spl,0.15828446917561492
store_cat,2,DeepSets_Q,DeepSets,CA_4__FOODS,1456,9,16820.978515625,0.05499798674117264,mean_spl,0.23655127375208737
store_cat,2,DeepSets_Q,DeepSets,CA_4__HOBBIES,1456,10,4299.66015625,0.014058198341156338,mean_spl,0.16805057418358801
store_cat,2,DeepSets_Q,DeepSets,CA_4__HOUSEHOLD,1456,11,3826.69970703125,0.012511803612034638,mean_spl,0.24427752072009287
store_cat,2,DeepSets_Q,DeepSets,TX_1__FOODS,1456,12,18873.759765625,0.061709774397589665,mean_spl,0.16683367926519482
store_cat,2,DeepSets_Q,DeepSets,TX_1__HOBBIES,1456,13,3535.9501953125,0.011561167014071175,mean_spl,0.22873582252774766
store_cat,2,DeepSets_Q,DeepSets,TX_1__HOUSEHOLD,1456,14,11447.0087890625,0.037427218459505536,mean_spl,0.15841014354523547
store_cat,2,DeepSets_Q,DeepSets,TX_2__FOODS,1456,15,16033.5703125,0.05242347147886894,mean_spl,0.1391022644701238
store_cat,2,DeepSets_Q,DeepSets,TX_2__HOBBIES,1456,16,4783.31982421875,0.015639575309296227,mean_spl,0.21596202097685097
store_cat,2,DeepSets_Q,DeepSets,TX_2__HOUSEHOLD,1456,17,8226.3603515625,0.026896964235646435,mean_spl,0.2521084073400011
store_cat,2,DeepSets_Q,DeepSets,TX_3__FOODS,1456,18,18214.501953125,0.059554260531543786,mean_spl,0.1645252975781129
store_cat,2,DeepSets_Q,DeepSets,TX_3__HOBBIES,1456,19,4018.56005859375,0.013139111533603493,mean_spl,0.1761683420820274
store_cat,2,DeepSets_Q,DeepSets,TX_3__HOUSEHOLD,1456,20,7721.009765625,0.02524466649332322,mean_spl,0.28376723520088803
store_cat,2,DeepSets_Q,DeepSets,WI_1__FOODS,1456,21,15533.41015625,0.05078814440105665,mean_spl,0.3142818457119597
store_cat,2,DeepSets_Q,DeepSets,WI_1__HOBBIES,1456,22,3278.429931640625,0.010719176993463697,mean_spl,0.19596727495565885
store_cat,2,DeepSets_Q,DeepSets,WI_1__HOUSEHOLD,1456,23,7745.9697265625,0.02532627575282175,mean_spl,0.2779044934897692
store_cat,2,DeepSets_Q,DeepSets,WI_2__FOODS,1456,24,21978.529296875,0.07186115015468186,mean_spl,0.2749149518916277
store_cat,2,DeepSets_Q,DeepSets,WI_2__HOBBIES,1456,25,2197.80029296875,0.00718594291409149,mean_spl,0.23023716731041022
store_cat,2,DeepSets_Q,DeepSets,WI_2__HOUSEHOLD,1456,26,6886.0498046875,0.02251467567748605,mean_spl,0.6618946473780868
store_cat,2,DeepSets_Q,DeepSets,WI_3__FOODS,1456,27,13024.4404296875,0.042584799772365116,mean_spl,0.161778245598621
store_cat,2,DeepSets_Q,DeepSets,WI_3__HOBBIES,1456,28,1618.489990234375,0.005291825974389422,mean_spl,0.20680201150565997
store_cat,2,DeepSets_Q,DeepSets,WI_3__HOUSEHOLD,1456,29,7131.89990234375,0.023318508843235268,mean_spl,0.2942012001820305
store_cat,2,DeepSets_Q,DeepSets,CA_1__FOODS,1484,30,21282.91015625,0.06376652908436814,mean_spl,0.1266922394518436
store_cat,2,DeepSets_Q,DeepSets,CA_1__HOBBIES,1484,31,4617.14013671875,0.013833587542924422,mean_spl,0.16463217148364614
store_cat,2,DeepSets_Q,DeepSets,CA_1__HOUSEHOLD,1484,32,9881.6298828125,0.02960672364339623,mean_spl,0.1977933760856616
store_cat,2,DeepSets_Q,DeepSets,CA_2__FOODS,1484,33,11698.830078125,0.035051305622824706,mean_spl,0.10756594989047681
store_cat,2,DeepSets_Q,DeepSets,CA_2__HOBBIES,1484,34,3442.469970703125,0.010314113995563786,mean_spl,0.23167682970130984
store_cat,2,DeepSets_Q,DeepSets,CA_2__HOUSEHOLD,1484,35,9249.919921875,0.02771403362585289,mean_spl,0.17117950854171374
store_cat,2,DeepSets_Q,DeepSets,CA_3__FOODS,1484,36,34796.51953125,0.1042551633415904,mean_spl,0.20610318261110125
store_cat,2,DeepSets_Q,DeepSets,CA_3__HOBBIES,1484,37,3854.809814453125,0.011549540938876177,mean_spl,0.1440431247170391
store_cat,2,DeepSets_Q,DeepSets,CA_3__HOUSEHOLD,1484,38,17748.908203125,0.05317817266723682,mean_spl,0.20573389484936824
store_cat,2,DeepSets_Q,DeepSets,CA_4__FOODS,1484,39,17250.9609375,0.05168625410145583,mean_spl,0.23864107508123159
store_cat,2,DeepSets_Q,DeepSets,CA_4__HOBBIES,1484,40,4592.72021484375,0.013760422094823196,mean_spl,0.19138818175579705
store_cat,2,DeepSets_Q,DeepSets,CA_4__HOUSEHOLD,1484,41,4081.44970703125,0.012228585261088713,mean_spl,0.20172969276273245
store_cat,2,DeepSets_Q,DeepSets,TX_1__FOODS,1484,42,19552.162109375,0.05858096964449247,mean_spl,0.157839432067469
store_cat,2,DeepSets_Q,DeepSets,TX_1__HOBBIES,1484,43,3901.840087890625,0.0116904501132786,mean_spl,0.2074438906214016
store_cat,2,DeepSets_Q,DeepSets,TX_1__HOUSEHOLD,1484,44,13463.80078125,0.04033940085264117,mean_spl,0.18663620350461788
store_cat,2,DeepSets_Q,DeepSets,TX_2__FOODS,1484,45,15885.279296875,0.047594483877479755,mean_spl,0.2710037877974929
store_cat,2,DeepSets_Q,DeepSets,TX_2__HOBBIES,1484,46,5034.77001953125,0.015084864171606899,mean_spl,0.13893033942788857
store_cat,2,DeepSets_Q,DeepSets,TX_2__HOUSEHOLD,1484,47,10405.150390625,0.0311752631637252,mean_spl,0.1684539912050982
store_cat,2,DeepSets_Q,DeepSets,TX_3__FOODS,1484,48,18383.76953125,0.055080304614757866,mean_spl,0.15761970365927808
store_cat,2,DeepSets_Q,DeepSets,TX_3__HOBBIES,1484,49,4189.14990234375,0.012551269874535238,mean_spl,0.21910849003191013
store_cat,2,DeepSets_Q,DeepSets,TX_3__HOUSEHOLD,1484,50,9673.1904296875,0.02898221034364329,mean_spl,0.3289561264413254
store_cat,2,DeepSets_Q,DeepSets,WI_1__FOODS,1484,51,18211.548828125,0.05456430767664527,mean_spl,0.36073900920594093
store_cat,2,DeepSets_Q,DeepSets,WI_1__HOBBIES,1484,52,3456.2099609375,0.01035528089804408,mean_spl,0.16105384031768738
store_cat,2,DeepSets_Q,DeepSets,WI_1__HOUSEHOLD,1484,53,8176.2607421875,0.024497202900843385,mean_spl,0.3252922576145599
store_cat,2,DeepSets_Q,DeepSets,WI_2__FOODS,1484,54,22310.8515625,0.06684638306568177,mean_spl,0.1684224856374238
store_cat,2,DeepSets_Q,DeepSets,WI_2__HOBBIES,1484,55,2902.8701171875,0.008697398541684918,mean_spl,0.18899851704400683
store_cat,2,DeepSets_Q,DeepSets,WI_2__HOUSEHOLD,1484,56,10330.419921875,0.030951360390370875,mean_spl,0.3276707658671866
store_cat,2,DeepSets_Q,DeepSets,WI_3__FOODS,1484,57,15462.5,0.046327778895288614,mean_spl,0.13388549639775174
store_cat,2,DeepSets_Q,DeepSets,WI_3__HOBBIES,1484,58,1650.1500244140625,0.004944076667751643,mean_spl,0.17532405395363282
store_cat,2,DeepSets_Q,DeepSets,WI_3__HOUSEHOLD,1484,59,8274.8408203125,0.02479256238752764,mean_spl,0.2604365787555809
store_cat,2,DeepSets_Q,DeepSets,CA_1__FOODS,1512,60,23924.431640625,0.07033532507247099,mean_spl,0.1370385760316788
store_cat,2,DeepSets_Q,DeepSets,CA_1__HOBBIES,1512,61,4654.669921875,0.013684242408676866,mean_spl,0.12198464587698754
store_cat,2,DeepSets_Q,DeepSets,CA_1__HOUSEHOLD,1512,62,9950.0595703125,0.02925213375518659,mean_spl,0.19553681848012253
store_cat,2,DeepSets_Q,DeepSets,CA_2__FOODS,1512,63,12572.37109375,0.036961455180782005,mean_spl,0.13442240063508254
store_cat,2,DeepSets_Q,DeepSets,CA_2__HOBBIES,1512,64,3388.380126953125,0.00996148294255247,mean_spl,0.15370502891358473
store_cat,2,DeepSets_Q,DeepSets,CA_2__HOUSEHOLD,1512,65,9767.0400390625,0.028714075488288353,mean_spl,0.14894728950169994
store_cat,2,DeepSets_Q,DeepSets,CA_3__FOODS,1512,66,29650.30859375,0.08716880403960166,mean_spl,0.12153575486795469
store_cat,2,DeepSets_Q,DeepSets,CA_3__HOBBIES,1512,67,4218.35986328125,0.01240153650098582,mean_spl,0.16025210625059608
store_cat,2,DeepSets_Q,DeepSets,CA_3__HOUSEHOLD,1512,68,18111.12109375,0.05324480049058814,mean_spl,0.17439150520539626
store_cat,2,DeepSets_Q,DeepSets,CA_4__FOODS,1512,69,14882.958984375,0.043754341751164036,mean_spl,0.18209501906742187
store_cat,2,DeepSets_Q,DeepSets,CA_4__HOBBIES,1512,70,4675.1396484375,0.013744421262391964,mean_spl,0.1755366218793012
store_cat,2,DeepSets_Q,DeepSets,CA_4__HOUSEHOLD,1512,71,4745.60009765625,0.013951567608645715,mean_spl,0.20824603008335146
store_cat,2,DeepSets_Q,DeepSets,TX_1__FOODS,1512,72,22966.4296875,0.0675188995955668,mean_spl,0.18730692557589873
store_cat,2,DeepSets_Q,DeepSets,TX_1__HOBBIES,1512,73,5722.79052734375,0.016824405198361696,mean_spl,0.17903412952906939
store_cat,2,DeepSets_Q,DeepSets,TX_1__HOUSEHOLD,1512,74,13931.0908203125,0.040955948972136114,mean_spl,0.18783122725205356
store_cat,2,DeepSets_Q,DeepSets,TX_2__FOODS,1512,75,15037.4892578125,0.044208644581803,mean_spl,0.3052744888007426
store_cat,2,DeepSets_Q,DeepSets,TX_2__HOBBIES,1512,76,5427.47998046875,0.015956223097997296,mean_spl,0.2214106440248182
store_cat,2,DeepSets_Q,DeepSets,TX_2__HOUSEHOLD,1512,77,11664.6201171875,0.03429276231566245,mean_spl,0.2622416148624873
store_cat,2,DeepSets_Q,DeepSets,TX_3__FOODS,1512,78,17922.443359375,0.052690107698694665,mean_spl,0.18309802001180764
store_cat,2,DeepSets_Q,DeepSets,TX_3__HOBBIES,1512,79,4015.389892578125,0.011804826030125025,mean_spl,0.2130372216158185
store_cat,2,DeepSets_Q,DeepSets,TX_3__HOUSEHOLD,1512,80,11988.0390625,0.03524358016558468,mean_spl,0.27993192863371286
store_cat,2,DeepSets_Q,DeepSets,WI_1__FOODS,1512,81,17049.830078125,0.05012471598025337,mean_spl,0.2981817416676066
store_cat,2,DeepSets_Q,DeepSets,WI_1__HOBBIES,1512,82,3254.02001953125,0.009566478288973047,mean_spl,0.2255420021119599
store_cat,2,DeepSets_Q,DeepSets,WI_1__HOUSEHOLD,1512,83,7959.7607421875,0.023400863506834187,mean_spl,0.20060305461070527
store_cat,2,DeepSets_Q,DeepSets,WI_2__FOODS,1512,84,22726.7890625,0.06681438123905445,mean_spl,0.16676074608953165
store_cat,2,DeepSets_Q,DeepSets,WI_2__HOBBIES,1512,85,2924.839599609375,0.008598722306699991,mean_spl,0.2123187633345144
store_cat,2,DeepSets_Q,DeepSets,WI_2__HOUSEHOLD,1512,86,10329.66015625,0.03036811974852896,mean_spl,0.3300729316795787
store_cat,2,DeepSets_Q,DeepSets,WI_3__FOODS,1512,87,15625.1103515625,0.0459361890965143,mean_spl,0.11563806438406732
store_cat,2,DeepSets_Q,DeepSets,WI_3__HOBBIES,1512,88,2483.14013671875,0.007300172114435682,mean_spl,0.235070775320824
store_cat,2,DeepSets_Q,DeepSets,WI_3__HOUSEHOLD,1512,89,8578.7998046875,0.025220773561439678,mean_spl,0.18649636409345915
store_cat,2,DeepSets_Q,DeepSets,CA_1__FOODS,1540,90,27529.51953125,0.07995154266664864,mean_spl,0.11082830485798076
store_cat,2,DeepSets_Q,DeepSets,CA_1__HOBBIES,1540,91,4999.8505859375,0.014520622744420975,mean_spl,0.12248357415201583
store_cat,2,DeepSets_Q,DeepSets,CA_1__HOUSEHOLD,1540,92,9590.23046875,0.027852056031522184,mean_spl,0.218736139766393
store_cat,2,DeepSets_Q,DeepSets,CA_2__FOODS,1540,93,13662.0908203125,0.03967759901860687,mean_spl,0.1339197284062809
store_cat,2,DeepSets_Q,DeepSets,CA_2__HOBBIES,1540,94,2933.590087890625,0.008519765585164032,mean_spl,0.14028251437676795
store_cat,2,DeepSets_Q,DeepSets,CA_2__HOUSEHOLD,1540,95,10557.66015625,0.030661676295665848,mean_spl,0.1678786338114359
store_cat,2,DeepSets_Q,DeepSets,CA_3__FOODS,1540,96,32247.91015625,0.09365474620219807,mean_spl,0.24037428771889438
store_cat,2,DeepSets_Q,DeepSets,CA_3__HOBBIES,1540,97,4191.85009765625,0.012174018567760358,mean_spl,0.1312610038219414
store_cat,2,DeepSets_Q,DeepSets,CA_3__HOUSEHOLD,1540,98,20799.37109375,0.06040576928898927,mean_spl,0.19107671272698837
store_cat,2,DeepSets_Q,DeepSets,CA_4__FOODS,1540,99,15828.4189453125,0.045969073714316314,mean_spl,0.2006935977058339
store_cat,2,DeepSets_Q,DeepSets,CA_4__HOBBIES,1540,100,4764.0,0.013835662799401552,mean_spl,0.14566774296530843
store_cat,2,DeepSets_Q,DeepSets,CA_4__HOUSEHOLD,1540,101,5253.26953125,0.01525660491787264,mean_spl,0.2688506111314653
store_cat,2,DeepSets_Q,DeepSets,TX_1__FOODS,1540,102,22749.91015625,0.06607054694344158,mean_spl,0.1715073986807557
store_cat,2,DeepSets_Q,DeepSets,TX_1__HOBBIES,1540,103,5077.87939453125,0.01474723489478667,mean_spl,0.25464873978401925
store_cat,2,DeepSets_Q,DeepSets,TX_1__HOUSEHOLD,1540,104,13955.9697265625,0.0405310854692223,mean_spl,0.18971627130044752
store_cat,2,DeepSets_Q,DeepSets,TX_2__FOODS,1540,105,14958.23046875,0.04344186247719547,mean_spl,0.1812928077555177
store_cat,2,DeepSets_Q,DeepSets,TX_2__HOBBIES,1540,106,4886.25927734375,0.014190729578458362,mean_spl,0.15961531145053134
store_cat,2,DeepSets_Q,DeepSets,TX_2__HOUSEHOLD,1540,107,11191.8603515625,0.03250352769147995,mean_spl,0.22917055683651563
store_cat,2,DeepSets_Q,DeepSets,TX_3__FOODS,1540,108,18487.4375,0.05369142554051454,mean_spl,0.15307238732250325
store_cat,2,DeepSets_Q,DeepSets,TX_3__HOBBIES,1540,109,3754.059814453125,0.010902583064978462,mean_spl,0.2139378741139084
store_cat,2,DeepSets_Q,DeepSets,TX_3__HOUSEHOLD,1540,110,11449.48046875,0.03325171095591079,mean_spl,0.2708187678497118
store_cat,2,DeepSets_Q,DeepSets,WI_1__FOODS,1540,111,15544.009765625,0.04514308935092197,mean_spl,0.17012648555196266
store_cat,2,DeepSets_Q,DeepSets,WI_1__HOBBIES,1540,112,2958.319580078125,0.008591585256680969,mean_spl,0.20601428389399143
store_cat,2,DeepSets_Q,DeepSets,WI_1__HOUSEHOLD,1540,113,7866.439453125,0.02284580262496773,mean_spl,0.17873834640545302
store_cat,2,DeepSets_Q,DeepSets,WI_2__FOODS,1540,114,22037.830078125,0.06400251590920375,mean_spl,0.1547126432044647
store_cat,2,DeepSets_Q,DeepSets,WI_2__HOBBIES,1540,115,2699.5498046875,0.00784006314186536,mean_spl,0.13345677567060418
store_cat,2,DeepSets_Q,DeepSets,WI_2__HOUSEHOLD,1540,116,10413.2099609375,0.03024216240111265,mean_spl,0.32134013974034076
store_cat,2,DeepSets_Q,DeepSets,WI_3__FOODS,1540,117,14437.87109375,0.04193062888210577,mean_spl,0.12163099467481124
store_cat,2,DeepSets_Q,DeepSets,WI_3__HOBBIES,1540,118,1936.130126953125,0.005622931060513425,mean_spl,0.2047103295364785
store_cat,2,DeepSets_Q,DeepSets,WI_3__HOUSEHOLD,1540,119,7565.3505859375,0.021971376924073513,mean_spl,0.21173250932159599
store_cat,3,DeepSets,DeepSets,CA_1__FOODS,1512,0,23924.431640625,0.07033532507247099,rmsse,0.7854037163667305
store_cat,3,DeepSets,DeepSets,CA_1__HOBBIES,1512,1,4654.669921875,0.013684242408676866,rmsse,0.4843070535000558
store_cat,3,DeepSets,DeepSets,CA_1__HOUSEHOLD,1512,2,9950.0595703125,0.02925213375518659,rmsse,0.7638893149280731
store_cat,3,DeepSets,DeepSets,CA_2__FOODS,1512,3,12572.37109375,0.036961455180782005,rmsse,0.5622272288384825
store_cat,3,DeepSets,DeepSets,CA_2__HOBBIES,1512,4,3388.380126953125,0.00996148294255247,rmsse,0.6271691121717115
store_cat,3,DeepSets,DeepSets,CA_2__HOUSEHOLD,1512,5,9767.0400390625,0.028714075488288353,rmsse,0.6752526832613437
store_cat,3,DeepSets,DeepSets,CA_3__FOODS,1512,6,29650.30859375,0.08716880403960166,rmsse,0.37433211968057206
store_cat,3,DeepSets,DeepSets,CA_3__HOBBIES,1512,7,4218.35986328125,0.01240153650098582,rmsse,0.6677663024074888
store_cat,3,DeepSets,DeepSets,CA_3__HOUSEHOLD,1512,8,18111.12109375,0.05324480049058814,rmsse,0.966446610324113
store_cat,3,DeepSets,DeepSets,CA_4__FOODS,1512,9,14882.958984375,0.043754341751164036,rmsse,0.810313542359857
store_cat,3,DeepSets,DeepSets,CA_4__HOBBIES,1512,10,4675.1396484375,0.013744421262391964,rmsse,0.7101882710563175
store_cat,3,DeepSets,DeepSets,CA_4__HOUSEHOLD,1512,11,4745.60009765625,0.013951567608645715,rmsse,0.7847216390909083
store_cat,3,DeepSets,DeepSets,TX_1__FOODS,1512,12,22966.4296875,0.0675188995955668,rmsse,0.7171916898124199
store_cat,3,DeepSets,DeepSets,TX_1__HOBBIES,1512,13,5722.79052734375,0.016824405198361696,rmsse,0.8166318046463488
store_cat,3,DeepSets,DeepSets,TX_1__HOUSEHOLD,1512,14,13931.0908203125,0.040955948972136114,rmsse,0.6556501248370821
store_cat,3,DeepSets,DeepSets,TX_2__FOODS,1512,15,15037.4892578125,0.044208644581803,rmsse,1.0592899290809354
store_cat,3,DeepSets,DeepSets,TX_2__HOBBIES,1512,16,5427.47998046875,0.015956223097997296,rmsse,0.8958321104000131
store_cat,3,DeepSets,DeepSets,TX_2__HOUSEHOLD,1512,17,11664.6201171875,0.03429276231566245,rmsse,0.9630965395950494
store_cat,3,DeepSets,DeepSets,TX_3__FOODS,1512,18,17922.443359375,0.052690107698694665,rmsse,0.651439654378821
store_cat,3,DeepSets,DeepSets,TX_3__HOBBIES,1512,19,4015.389892578125,0.011804826030125025,rmsse,0.9032362712352335
store_cat,3,DeepSets,DeepSets,TX_3__HOUSEHOLD,1512,20,11988.0390625,0.03524358016558468,rmsse,0.9505404792461334
store_cat,3,DeepSets,DeepSets,WI_1__FOODS,1512,21,17049.830078125,0.05012471598025337,rmsse,0.9654462463525283
store_cat,3,DeepSets,DeepSets,WI_1__HOBBIES,1512,22,3254.02001953125,0.009566478288973047,rmsse,1.085725475495225
store_cat,3,DeepSets,DeepSets,WI_1__HOUSEHOLD,1512,23,7959.7607421875,0.023400863506834187,rmsse,0.9381622499926778
store_cat,3,DeepSets,DeepSets,WI_2__FOODS,1512,24,22726.7890625,0.06681438123905445,rmsse,0.6215280281779655
store_cat,3,DeepSets,DeepSets,WI_2__HOBBIES,1512,25,2924.839599609375,0.008598722306699991,rmsse,0.8218670251770879
store_cat,3,DeepSets,DeepSets,WI_2__HOUSEHOLD,1512,26,10329.66015625,0.03036811974852896,rmsse,1.0471199249782346
store_cat,3,DeepSets,DeepSets,WI_3__FOODS,1512,27,15625.1103515625,0.0459361890965143,rmsse,0.4587548125485532
store_cat,3,DeepSets,DeepSets,WI_3__HOBBIES,1512,28,2483.14013671875,0.007300172114435682,rmsse,0.9610296365500894
store_cat,3,DeepSets,DeepSets,WI_3__HOUSEHOLD,1512,29,8578.7998046875,0.025220773561439678,rmsse,0.7595792549547769
store_cat,3,DeepSets,DeepSets,CA_1__FOODS,1540,30,27529.51953125,0.07995154266664864,rmsse,0.47756377912826964
store_cat,3,DeepSets,DeepSets,CA_1__HOBBIES,1540,31,4999.8505859375,0.014520622744420975,rmsse,0.5249123411297003
store_cat,3,DeepSets,DeepSets,CA_1__HOUSEHOLD,1540,32,9590.23046875,0.027852056031522184,rmsse,0.8842011664725534
store_cat,3,DeepSets,DeepSets,CA_2__FOODS,1540,33,13662.0908203125,0.03967759901860687,rmsse,0.58029357376907
store_cat,3,DeepSets,DeepSets,CA_2__HOBBIES,1540,34,2933.590087890625,0.008519765585164032,rmsse,0.6655930852618758
store_cat,3,DeepSets,DeepSets,CA_2__HOUSEHOLD,1540,35,10557.66015625,0.030661676295665848,rmsse,0.7313008051135415
store_cat,3,DeepSets,DeepSets,CA_3__FOODS,1540,36,32247.91015625,0.09365474620219807,rmsse,1.0007798433181396
store_cat,3,DeepSets,DeepSets,CA_3__HOBBIES,1540,37,4191.85009765625,0.012174018567760358,rmsse,0.5639482060717907
store_cat,3,DeepSets,DeepSets,CA_3__HOUSEHOLD,1540,38,20799.37109375,0.06040576928898927,rmsse,0.6990743828335626
store_cat,3,DeepSets,DeepSets,CA_4__FOODS,1540,39,15828.4189453125,0.045969073714316314,rmsse,0.6417483024573709
store_cat,3,DeepSets,DeepSets,CA_4__HOBBIES,1540,40,4764.0,0.013835662799401552,rmsse,0.5793827591751409
store_cat,3,DeepSets,DeepSets,CA_4__HOUSEHOLD,1540,41,5253.26953125,0.01525660491787264,rmsse,0.9649038612606538
store_cat,3,DeepSets,DeepSets,TX_1__FOODS,1540,42,22749.91015625,0.06607054694344158,rmsse,0.5919664296963084
store_cat,3,DeepSets,DeepSets,TX_1__HOBBIES,1540,43,5077.87939453125,0.01474723489478667,rmsse,0.9689415171035997
store_cat,3,DeepSets,DeepSets,TX_1__HOUSEHOLD,1540,44,13955.9697265625,0.0405310854692223,rmsse,0.7821591614917799
store_cat,3,DeepSets,DeepSets,TX_2__FOODS,1540,45,14958.23046875,0.04344186247719547,rmsse,0.6065755810580112
store_cat,3,DeepSets,DeepSets,TX_2__HOBBIES,1540,46,4886.25927734375,0.014190729578458362,rmsse,0.6264881246611781
store_cat,3,DeepSets,DeepSets,TX_2__HOUSEHOLD,1540,47,11191.8603515625,0.03250352769147995,rmsse,0.9720721561349055
store_cat,3,DeepSets,DeepSets,TX_3__FOODS,1540,48,18487.4375,0.05369142554051454,rmsse,0.7596682205795621
store_cat,3,DeepSets,DeepSets,TX_3__HOBBIES,1540,49,3754.059814453125,0.010902583064978462,rmsse,0.7289455857536773
store_cat,3,DeepSets,DeepSets,TX_3__HOUSEHOLD,1540,50,11449.48046875,0.03325171095591079,rmsse,1.0448011760499603
store_cat,3,DeepSets,DeepSets,WI_1__FOODS,1540,51,15544.009765625,0.04514308935092197,rmsse,0.717233264321994
store_cat,3,DeepSets,DeepSets,WI_1__HOBBIES,1540,52,2958.319580078125,0.008591585256680969,rmsse,0.9282183976013235
store_cat,3,DeepSets,DeepSets,WI_1__HOUSEHOLD,1540,53,7866.439453125,0.02284580262496773,rmsse,0.6460212609555529
store_cat,3,DeepSets,DeepSets,WI_2__FOODS,1540,54,22037.830078125,0.06400251590920375,rmsse,0.64361717683164
store_cat,3,DeepSets,DeepSets,WI_2__HOBBIES,1540,55,2699.5498046875,0.00784006314186536,rmsse,0.5483742478240685
store_cat,3,DeepSets,DeepSets,WI_2__HOUSEHOLD,1540,56,10413.2099609375,0.03024216240111265,rmsse,1.2858087988915388
store_cat,3,DeepSets,DeepSets,WI_3__FOODS,1540,57,14437.87109375,0.04193062888210577,rmsse,0.3894978311041986
store_cat,3,DeepSets,DeepSets,WI_3__HOBBIES,1540,58,1936.130126953125,0.005622931060513425,rmsse,0.8350740395418043
store_cat,3,DeepSets,DeepSets,WI_3__HOUSEHOLD,1540,59,7565.3505859375,0.021971376924073513,rmsse,0.7711281914600558
store_cat,3,DeepSets,DeepSets,CA_1__FOODS,1568,60,28898.958984375,0.08302277500773936,rmsse,0.6234087926265177
store_cat,3,DeepSets,DeepSets,CA_1__HOBBIES,1568,61,4474.22021484375,0.012853825580114941,rmsse,0.6297570479859834
store_cat,3,DeepSets,DeepSets,CA_1__HOUSEHOLD,1568,62,10072.109375,0.028935799069651234,rmsse,0.7035587594495398
store_cat,3,DeepSets,DeepSets,CA_2__FOODS,1568,63,14461.470703125,0.04154583662047186,rmsse,0.7853648243477768
store_cat,3,DeepSets,DeepSets,CA_2__HOBBIES,1568,64,2956.369873046875,0.008493248180404584,rmsse,0.7405532088682404
store_cat,3,DeepSets,DeepSets,CA_2__HOUSEHOLD,1568,65,10680.0791015625,0.03068241332822041,rmsse,0.7318080520320553
store_cat,3,DeepSets,DeepSets,CA_3__FOODS,1568,66,35377.171875,0.10163379873220615,rmsse,1.1049053960661845
store_cat,3,DeepSets,DeepSets,CA_3__HOBBIES,1568,67,4198.85009765625,0.012062724720894594,rmsse,0.6099282444171427
store_cat,3,DeepSets,DeepSets,CA_3__HOUSEHOLD,1568,68,19100.919921875,0.05487434263538995,rmsse,0.6730914169880015
store_cat,3,DeepSets,DeepSets,CA_4__FOODS,1568,69,14345.7392578125,0.04121335593316768,rmsse,0.9014907791606521
store_cat,3,DeepSets,DeepSets,CA_4__HOBBIES,1568,70,4786.7587890625,0.013751706356465132,rmsse,0.6734239107405551
store_cat,3,DeepSets,DeepSets,CA_4__HOUSEHOLD,1568,71,5257.39013671875,0.01510376614897115,rmsse,0.9513134095974882
store_cat,3,DeepSets,DeepSets,TX_1__FOODS,1568,72,21385.849609375,0.06143863456910229,rmsse,0.9912102142810031
store_cat,3,DeepSets,DeepSets,TX_1__HOBBIES,1568,73,4623.6201171875,0.013283031161020805,rmsse,0.886071895792404
store_cat,3,DeepSets,DeepSets,TX_1__HOUSEHOLD,1568,74,13508.0,0.03880664509094937,rmsse,0.5703977731244151
store_cat,3,DeepSets,DeepSets,TX_2__FOODS,1568,75,13613.6396484375,0.03911013341967655,rmsse,0.6673192710857765
store_cat,3,DeepSets,DeepSets,TX_2__HOBBIES,1568,76,4787.06005859375,0.013752571862815142,rmsse,0.6468260264844153
store_cat,3,DeepSets,DeepSets,TX_2__HOUSEHOLD,1568,77,10138.8798828125,0.029127621648805967,rmsse,0.5373760157242319
store_cat,3,DeepSets,DeepSets,TX_3__FOODS,1568,78,19769.439453125,0.056794908239889995,rmsse,0.7733993332055183
store_cat,3,DeepSets,DeepSets,TX_3__HOBBIES,1568,79,3877.460205078125,0.011139415311870488,rmsse,0.95307161842658
store_cat,3,DeepSets,DeepSets,TX_3__HOUSEHOLD,1568,80,12083.5302734375,0.0347143374864548,rmsse,0.9926232164718587
store_cat,3,DeepSets,DeepSets,WI_1__FOODS,1568,81,16672.041015625,0.04789650419270879,rmsse,0.6915716665903708
store_cat,3,DeepSets,DeepSets,WI_1__HOBBIES,1568,82,3169.1298828125,0.009104478724417135,rmsse,0.7125159530527124
store_cat,3,DeepSets,DeepSets,WI_1__HOUSEHOLD,1568,83,7870.109375,0.02260975283850891,rmsse,0.6600965626763423
store_cat,3,DeepSets,DeepSets,WI_2__FOODS,1568,84,24036.8984375,0.06905473695226962,rmsse,0.8421367748645245
store_cat,3,DeepSets,DeepSets,WI_2__HOBBIES,1568,85,2948.510009765625,0.00847066786319857,rmsse,0.4616845033333579
store_cat,3,DeepSets,DeepSets,WI_2__HOUSEHOLD,1568,86,10936.0693359375,0.03141783842239716,rmsse,0.9946431349837063
store_cat,3,DeepSets,DeepSets,WI_3__FOODS,1568,87,14438.859375,0.041480877352957655,rmsse,0.6112757316636808
store_cat,3,DeepSets,DeepSets,WI_3__HOBBIES,1568,88,2195.2001953125,0.006306511317965274,rmsse,0.8230023513254932
store_cat,3,DeepSets,DeepSets,WI_3__HOUSEHOLD,1568,89,7420.3798828125,0.02131774123129443,rmsse,0.697217424969541
store_cat,3,DeepSets,DeepSets,CA_1__FOODS,1596,90,25165.001953125,0.07491469895171385,rmsse,0.5410720805015913
store_cat,3,DeepSets,DeepSets,CA_1__HOBBIES,1596,91,5063.609375,0.015074060897900884,rmsse,0.7138076428057565
store_cat,3,DeepSets,DeepSets,CA_1__HOUSEHOLD,1596,92,10537.830078125,0.03137048705092657,rmsse,0.5698320926669562
store_cat,3,DeepSets,DeepSets,CA_2__FOODS,1596,93,16027.1904296875,0.04771198302779104,rmsse,0.8769563694428953
store_cat,3,DeepSets,DeepSets,CA_2__HOBBIES,1596,94,3099.359619140625,0.009226607382884994,rmsse,1.0524423651731996
store_cat,3,DeepSets,DeepSets,CA_2__HOUSEHOLD,1596,95,10578.5986328125,0.03149185258893843,rmsse,0.6178772896068887
store_cat,3,DeepSets,DeepSets,CA_3__FOODS,1596,96,25340.541015625,0.07543726819474228,rmsse,1.5019418043814097
store_cat,3,DeepSets,DeepSets,CA_3__HOBBIES,1596,97,4636.22998046875,0.013801778116476404,rmsse,0.7609587747204328
store_cat,3,DeepSets,DeepSets,CA_3__HOUSEHOLD,1596,98,20132.951171875,0.059934586091429834,rmsse,0.8135990374274403
store_cat,3,DeepSets,DeepSets,CA_4__FOODS,1596,99,12394.7607421875,0.0368984580771785,rmsse,0.7712872842680701
store_cat,3,DeepSets,DeepSets,CA_4__HOBBIES,1596,100,4815.91015625,0.014336675204953356,rmsse,0.7566902016822687
store_cat,3,DeepSets,DeepSets,CA_4__HOUSEHOLD,1596,101,6002.09033203125,0.017867862324933228,rmsse,1.0432975081913256
store_cat,3,DeepSets,DeepSets,TX_1__FOODS,1596,102,20142.109375,0.05996184951192652,rmsse,1.2638295509407376
store_cat,3,DeepSets,DeepSets,TX_1__HOBBIES,1596,103,6279.41943359375,0.01869345439890976,rmsse,0.8243092666563329
store_cat,3,DeepSets,DeepSets,TX_1__HOUSEHOLD,1596,104,14656.3505859375,0.04363107517024991,rmsse,0.6316579118821488
store_cat,3,DeepSets,DeepSets,TX_2__FOODS,1596,105,12595.810546875,0.037496971267065006,rmsse,1.0095634465742562
store_cat,3,DeepSets,DeepSets,TX_2__HOBBIES,1596,106,5488.33984375,0.01633845798641672,rmsse,1.0518323950649067
store_cat,3,DeepSets,DeepSets,TX_2__HOUSEHOLD,1596,107,10120.669921875,0.030128626327914073,rmsse,0.6698296045188753
store_cat,3,DeepSets,DeepSets,TX_3__FOODS,1596,108,20225.900390625,0.060211290331446336,rmsse,0.9657403955804236
store_cat,3,DeepSets,DeepSets,TX_3__HOBBIES,1596,109,3692.480224609375,0.010992291791871575,rmsse,1.1042148228865338
store_cat,3,DeepSets,DeepSets,TX_3__HOUSEHOLD,1596,110,11813.0498046875,0.03516673956426497,rmsse,0.985823078770418
store_cat,3,DeepSets,DeepSets,WI_1__FOODS,1596,111,16543.33984375,0.04924852882423569,rmsse,0.6954162297439067
store_cat,3,DeepSets,DeepSets,WI_1__HOBBIES,1596,112,3143.080078125,0.009356760562644175,rmsse,0.750031845402124
store_cat,3,DeepSets,DeepSets,WI_1__HOUSEHOLD,1596,113,8147.12060546875,0.024253488579849044,rmsse,0.7614625992031064
store_cat,3,DeepSets,DeepSets,WI_2__FOODS,1596,114,21129.818359375,0.06290219981884027,rmsse,0.8832370014228089
store_cat,3,DeepSets,DeepSets,WI_2__HOBBIES,1596,115,3386.260009765625,0.010080692609376779,rmsse,0.8097626448445935
store_cat,3,DeepSets,DeepSets,WI_2__HOUSEHOLD,1596,116,11017.359375,0.03279801695856707,rmsse,1.5842867839168095
store_cat,3,DeepSets,DeepSets,WI_3__FOODS,1596,117,13597.41015625,0.04047867313008292,rmsse,0.606838822418524
store_cat,3,DeepSets,DeepSets,WI_3__HOBBIES,1596,118,2305.5,0.006863334990193727,rmsse,1.0060639983121238
store_cat,3,DeepSets,DeepSets,WI_3__HOUSEHOLD,1596,119,7837.31982421875,0.023331230266276076,rmsse,0.7129077511284133
store_cat,3,DeepSets_Q,DeepSets,CA_1__FOODS,1512,0,23924.431640625,0.07033532507247099,mean_spl,0.26024015651184007
store_cat,3,DeepSets_Q,DeepSets,CA_1__HOBBIES,1512,1,4654.669921875,0.013684242408676866,mean_spl,0.12570110988897157
store_cat,3,DeepSets_Q,DeepSets,CA_1__HOUSEHOLD,1512,2,9950.0595703125,0.02925213375518659,mean_spl,0.17455563097630009
store_cat,3,DeepSets_Q,DeepSets,CA_2__FOODS,1512,3,12572.37109375,0.036961455180782005,mean_spl,0.14669532733493823
store_cat,3,DeepSets_Q,DeepSets,CA_2__HOBBIES,1512,4,3388.380126953125,0.00996148294255247,mean_spl,0.15729840624519725
store_cat,3,DeepSets_Q,DeepSets,CA_2__HOUSEHOLD,1512,5,9767.0400390625,0.028714075488288353,mean_spl,0.1539030764313991
store_cat,3,DeepSets_Q,DeepSets,CA_3__FOODS,1512,6,29650.30859375,0.08716880403960166,mean_spl,0.144461320645361
store_cat,3,DeepSets_Q,DeepSets,CA_3__HOBBIES,1512,7,4218.35986328125,0.01240153650098582,mean_spl,0.16214591688665492
store_cat,3,DeepSets_Q,DeepSets,CA_3__HOUSEHOLD,1512,8,18111.12109375,0.05324480049058814,mean_spl,0.21265667084543025
store_cat,3,DeepSets_Q,DeepSets,CA_4__FOODS,1512,9,14882.958984375,0.043754341751164036,mean_spl,0.22445686783723826
store_cat,3,DeepSets_Q,DeepSets,CA_4__HOBBIES,1512,10,4675.1396484375,0.013744421262391964,mean_spl,0.1837542101513795
store_cat,3,DeepSets_Q,DeepSets,CA_4__HOUSEHOLD,1512,11,4745.60009765625,0.013951567608645715,mean_spl,0.21097812443008623
store_cat,3,DeepSets_Q,DeepSets,TX_1__FOODS,1512,12,22966.4296875,0.0675188995955668,mean_spl,0.19110253133039437
store_cat,3,DeepSets_Q,DeepSets,TX_1__HOBBIES,1512,13,5722.79052734375,0.016824405198361696,mean_spl,0.15905231557037422
store_cat,3,DeepSets_Q,DeepSets,TX_1__HOUSEHOLD,1512,14,13931.0908203125,0.040955948972136114,mean_spl,0.18628485645439954
store_cat,3,DeepSets_Q,DeepSets,TX_2__FOODS,1512,15,15037.4892578125,0.044208644581803,mean_spl,0.2767083440311258
store_cat,3,DeepSets_Q,DeepSets,TX_2__HOBBIES,1512,16,5427.47998046875,0.015956223097997296,mean_spl,0.23091787567481775
store_cat,3,DeepSets_Q,DeepSets,TX_2__HOUSEHOLD,1512,17,11664.6201171875,0.03429276231566245,mean_spl,0.2469735376477928
store_cat,3,DeepSets_Q,DeepSets,TX_3__FOODS,1512,18,17922.443359375,0.052690107698694665,mean_spl,0.16204418623682326
store_cat,3,DeepSets_Q,DeepSets,TX_3__HOBBIES,1512,19,4015.389892578125,0.011804826030125025,mean_spl,0.18700731390433656
store_cat,3,DeepSets_Q,DeepSets,TX_3__HOUSEHOLD,1512,20,11988.0390625,0.03524358016558468,mean_spl,0.25617385848708535
store_cat,3,DeepSets_Q,DeepSets,WI_1__FOODS,1512,21,17049.830078125,0.05012471598025337,mean_spl,0.2731118065817239
store_cat,3,DeepSets_Q,DeepSets,WI_1__HOBBIES,1512,22,3254.02001953125,0.009566478288973047,mean_spl,0.24723357458244802
store_cat,3,DeepSets_Q,DeepSets,WI_1__HOUSEHOLD,1512,23,7959.7607421875,0.023400863506834187,mean_spl,0.21393654140128004
store_cat,3,DeepSets_Q,DeepSets,WI_2__FOODS,1512,24,22726.7890625,0.06681438123905445,mean_spl,0.1761964892113749
store_cat,3,DeepSets_Q,DeepSets,WI_2__HOBBIES,1512,25,2924.839599609375,0.008598722306699991,mean_spl,0.1959275077188717
store_cat,3,DeepSets_Q,DeepSets,WI_2__HOUSEHOLD,1512,26,10329.66015625,0.03036811974852896,mean_spl,0.26839943559618534
store_cat,3,DeepSets_Q,DeepSets,WI_3__FOODS,1512,27,15625.1103515625,0.0459361890965143,mean_spl,0.10522507423165758
store_cat,3,DeepSets_Q,DeepSets,WI_3__HOBBIES,1512,28,2483.14013671875,0.007300172114435682,mean_spl,0.21987184390625822
store_cat,3,DeepSets_Q,DeepSets,WI_3__HOUSEHOLD,1512,29,8578.7998046875,0.025220773561439678,mean_spl,0.1717640881215639
store_cat,3,DeepSets_Q,DeepSets,CA_1__FOODS,1540,30,27529.51953125,0.07995154266664864,mean_spl,0.16360675711214137
store_cat,3,DeepSets_Q,DeepSets,CA_1__HOBBIES,1540,31,4999.8505859375,0.014520622744420975,mean_spl,0.12397066818891811
store_cat,3,DeepSets_Q,DeepSets,CA_1__HOUSEHOLD,1540,32,9590.23046875,0.027852056031522184,mean_spl,0.21494077901998584
store_cat,3,DeepSets_Q,DeepSets,CA_2__FOODS,1540,33,13662.0908203125,0.03967759901860687,mean_spl,0.15179688585245796
store_cat,3,DeepSets_Q,DeepSets,CA_2__HOBBIES,1540,34,2933.590087890625,0.008519765585164032,mean_spl,0.13858662551225423
store_cat,3,DeepSets_Q,DeepSets,CA_2__HOUSEHOLD,1540,35,10557.66015625,0.030661676295665848,mean_spl,0.18311907942582206
store_cat,3,DeepSets_Q,DeepSets,CA_3__FOODS,1540,36,32247.91015625,0.09365474620219807,mean_spl,0.3205026907192328
store_cat,3,DeepSets_Q,DeepSets,CA_3__HOBBIES,1540,37,4191.85009765625,0.012174018567760358,mean_spl,0.13420262310011633
store_cat,3,DeepSets_Q,DeepSets,CA_3__HOUSEHOLD,1540,38,20799.37109375,0.06040576928898927,mean_spl,0.16304211690280565
store_cat,3,DeepSets_Q,DeepSets,CA_4__FOODS,1540,39,15828.4189453125,0.045969073714316314,mean_spl,0.1675911726299949
store_cat,3,DeepSets_Q,DeepSets,CA_4__HOBBIES,1540,40,4764.0,0.013835662799401552,mean_spl,0.15922352513199048
store_cat,3,DeepSets_Q,DeepSets,CA_4__HOUSEHOLD,1540,41,5253.26953125,0.01525660491787264,mean_spl,0.23715742271220558
store_cat,3,DeepSets_Q,DeepSets,TX_1__FOODS,1540,42,22749.91015625,0.06607054694344158,mean_spl,0.15744123278487596
store_cat,3,DeepSets_Q,DeepSets,TX_1__HOBBIES,1540,43,5077.87939453125,0.01474723489478667,mean_spl,0.27434602666941965
store_cat,3,DeepSets_Q,DeepSets,TX_1__HOUSEHOLD,1540,44,13955.9697265625,0.0405310854692223,mean_spl,0.16621288150848157
store_cat,3,DeepSets_Q,DeepSets,TX_2__FOODS,1540,45,14958.23046875,0.04344186247719547,mean_spl,0.15443528948859123
store_cat,3,DeepSets_Q,DeepSets,TX_2__HOBBIES,1540,46,4886.25927734375,0.014190729578458362,mean_spl,0.15256690679383833
store_cat,3,DeepSets_Q,DeepSets,TX_2__HOUSEHOLD,1540,47,11191.8603515625,0.03250352769147995,mean_spl,0.2031708094812247
store_cat,3,DeepSets_Q,DeepSets,TX_3__FOODS,1540,48,18487.4375,0.05369142554051454,mean_spl,0.22913508095341703
store_cat,3,DeepSets_Q,DeepSets,TX_3__HOBBIES,1540,49,3754.059814453125,0.010902583064978462,mean_spl,0.23349300431185005
store_cat,3,DeepSets_Q,DeepSets,TX_3__HOUSEHOLD,1540,50,11449.48046875,0.03325171095591079,mean_spl,0.2677841320975898
store_cat,3,DeepSets_Q,DeepSets,WI_1__FOODS,1540,51,15544.009765625,0.04514308935092197,mean_spl,0.18620535352882303
store_cat,3,DeepSets_Q,DeepSets,WI_1__HOBBIES,1540,52,2958.319580078125,0.008591585256680969,mean_spl,0.22006898356931803
store_cat,3,DeepSets_Q,DeepSets,WI_1__HOUSEHOLD,1540,53,7866.439453125,0.02284580262496773,mean_spl,0.17108771022274177
store_cat,3,DeepSets_Q,DeepSets,WI_2__FOODS,1540,54,22037.830078125,0.06400251590920375,mean_spl,0.1960210036253346
store_cat,3,DeepSets_Q,DeepSets,WI_2__HOBBIES,1540,55,2699.5498046875,0.00784006314186536,mean_spl,0.15156490746362533
store_cat,3,DeepSets_Q,DeepSets,WI_2__HOUSEHOLD,1540,56,10413.2099609375,0.03024216240111265,mean_spl,0.3214567642166867
store_cat,3,DeepSets_Q,DeepSets,WI_3__FOODS,1540,57,14437.87109375,0.04193062888210577,mean_spl,0.0949500459247503
store_cat,3,DeepSets_Q,DeepSets,WI_3__HOBBIES,1540,58,1936.130126953125,0.005622931060513425,mean_spl,0.19483516795369157
store_cat,3,DeepSets_Q,DeepSets,WI_3__HOUSEHOLD,1540,59,7565.3505859375,0.021971376924073513,mean_spl,0.1981306262438357
store_cat,3,DeepSets_Q,DeepSets,CA_1__FOODS,1568,60,28898.958984375,0.08302277500773936,mean_spl,0.15742108827262352
store_cat,3,DeepSets_Q,DeepSets,CA_1__HOBBIES,1568,61,4474.22021484375,0.012853825580114941,mean_spl,0.14561879145653944
store_cat,3,DeepSets_Q,DeepSets,CA_1__HOUSEHOLD,1568,62,10072.109375,0.028935799069651234,mean_spl,0.17551282709960594
store_cat,3,DeepSets_Q,DeepSets,CA_2__FOODS,1568,63,14461.470703125,0.04154583662047186,mean_spl,0.20081277697201005
store_cat,3,DeepSets_Q,DeepSets,CA_2__HOBBIES,1568,64,2956.369873046875,0.008493248180404584,mean_spl,0.16984440054718003
store_cat,3,DeepSets_Q,DeepSets,CA_2__HOUSEHOLD,1568,65,10680.0791015625,0.03068241332822041,mean_spl,0.17119326652789232
store_cat,3,DeepSets_Q,DeepSets,CA_3__FOODS,1568,66,35377.171875,0.10163379873220615,mean_spl,0.24646598500699168
store_cat,3,DeepSets_Q,DeepSets,CA_3__HOBBIES,1568,67,4198.85009765625,0.012062724720894594,mean_spl,0.14704809789173268
store_cat,3,DeepSets_Q,DeepSets,CA_3__HOUSEHOLD,1568,68,19100.919921875,0.05487434263538995,mean_spl,0.20298642574166653
store_cat,3,DeepSets_Q,DeepSets,CA_4__FOODS,1568,69,14345.7392578125,0.04121335593316768,mean_spl,0.18165450500026634
store_cat,3,DeepSets_Q,DeepSets,CA_4__HOBBIES,1568,70,4786.7587890625,0.013751706356465132,mean_spl,0.15515724995724725
store_cat,3,DeepSets_Q,DeepSets,CA_4__HOUSEHOLD,1568,71,5257.39013671875,0.01510376614897115,mean_spl,0.223750914821859
store_cat,3,DeepSets_Q,DeepSets,TX_1__FOODS,1568,72,21385.849609375,0.06143863456910229,mean_spl,0.24100361662459704
store_cat,3,DeepSets_Q,DeepSets,TX_1__HOBBIES,1568,73,4623.6201171875,0.013283031161020805,mean_spl,0.2074115480728746
store_cat,3,DeepSets_Q,DeepSets,TX_1__HOUSEHOLD,1568,74,13508.0,0.03880664509094937,mean_spl,0.1576636223846912
store_cat,3,DeepSets_Q,DeepSets,TX_2__FOODS,1568,75,13613.6396484375,0.03911013341967655,mean_spl,0.15203910940247184
store_cat,3,DeepSets_Q,DeepSets,TX_2__HOBBIES,1568,76,4787.06005859375,0.013752571862815142,mean_spl,0.1639731866685632
store_cat,3,DeepSets_Q,DeepSets,TX_2__HOUSEHOLD,1568,77,10138.8798828125,0.029127621648805967,mean_spl,0.13840379065974942
store_cat,3,DeepSets_Q,DeepSets,TX_3__FOODS,1568,78,19769.439453125,0.056794908239889995,mean_spl,0.19062268270393032
store_cat,3,DeepSets_Q,DeepSets,TX_3__HOBBIES,1568,79,3877.460205078125,0.011139415311870488,mean_spl,0.17684147173116335
store_cat,3,DeepSets_Q,DeepSets,TX_3__HOUSEHOLD,1568,80,12083.5302734375,0.0347143374864548,mean_spl,0.2646884674190544
store_cat,3,DeepSets_Q,DeepSets,WI_1__FOODS,1568,81,16672.041015625,0.04789650419270879,mean_spl,0.1743078739900387
store_cat,3,DeepSets_Q,DeepSets,WI_1__HOBBIES,1568,82,3169.1298828125,0.009104478724417135,mean_spl,0.14783957341118428
store_cat,3,DeepSets_Q,DeepSets,WI_1__HOUSEHOLD,1568,83,7870.109375,0.02260975283850891,mean_spl,0.19290808518665067
store_cat,3,DeepSets_Q,DeepSets,WI_2__FOODS,1568,84,24036.8984375,0.06905473695226962,mean_spl,0.19915650466155788
store_cat,3,DeepSets_Q,DeepSets,WI_2__HOBBIES,1568,85,2948.510009765625,0.00847066786319857,mean_spl,0.13944368168994117
store_cat,3,DeepSets_Q,DeepSets,WI_2__HOUSEHOLD,1568,86,10936.0693359375,0.03141783842239716,mean_spl,0.23693286953878756
store_cat,3,DeepSets_Q,DeepSets,WI_3__FOODS,1568,87,14438.859375,0.041480877352957655,mean_spl,0.11830479053962521
store_cat,3,DeepSets_Q,DeepSets,WI_3__HOBBIES,1568,88,2195.2001953125,0.006306511317965274,mean_spl,0.20906248494398696
store_cat,3,DeepSets_Q,DeepSets,WI_3__HOUSEHOLD,1568,89,7420.3798828125,0.02131774123129443,mean_spl,0.16885757351174432
store_cat,3,DeepSets_Q,DeepSets,CA_1__FOODS,1596,90,25165.001953125,0.07491469895171385,mean_spl,0.141595291501312
store_cat,3,DeepSets_Q,DeepSets,CA_1__HOBBIES,1596,91,5063.609375,0.015074060897900884,mean_spl,0.18258119715337906
store_cat,3,DeepSets_Q,DeepSets,CA_1__HOUSEHOLD,1596,92,10537.830078125,0.03137048705092657,mean_spl,0.14913202443135218
store_cat,3,DeepSets_Q,DeepSets,CA_2__FOODS,1596,93,16027.1904296875,0.04771198302779104,mean_spl,0.2260979228405969
store_cat,3,DeepSets_Q,DeepSets,CA_2__HOBBIES,1596,94,3099.359619140625,0.009226607382884994,mean_spl,0.26002900643988386
store_cat,3,DeepSets_Q,DeepSets,CA_2__HOUSEHOLD,1596,95,10578.5986328125,0.03149185258893843,mean_spl,0.15263649205957983
store_cat,3,DeepSets_Q,DeepSets,CA_3__FOODS,1596,96,25340.541015625,0.07543726819474228,mean_spl,0.6289722098344043
store_cat,3,DeepSets_Q,DeepSets,CA_3__HOBBIES,1596,97,4636.22998046875,0.013801778116476404,mean_spl,0.17079849738450936
store_cat,3,DeepSets_Q,DeepSets,CA_3__HOUSEHOLD,1596,98,20132.951171875,0.059934586091429834,mean_spl,0.207942527207798
store_cat,3,DeepSets_Q,DeepSets,CA_4__FOODS,1596,99,12394.7607421875,0.0368984580771785,mean_spl,0.2161663807805775
store_cat,3,DeepSets_Q,DeepSets,CA_4__HOBBIES,1596,100,4815.91015625,0.014336675204953356,mean_spl,0.19167750370211858
store_cat,3,DeepSets_Q,DeepSets,CA_4__HOUSEHOLD,1596,101,6002.09033203125,0.017867862324933228,mean_spl,0.24738202094614709
store_cat,3,DeepSets_Q,DeepSets,TX_1__FOODS,1596,102,20142.109375,0.05996184951192652,mean_spl,0.26215191354009587
store_cat,3,DeepSets_Q,DeepSets,TX_1__HOBBIES,1596,103,6279.41943359375,0.01869345439890976,mean_spl,0.1739714877096463
store_cat,3,DeepSets_Q,DeepSets,TX_1__HOUSEHOLD,1596,104,14656.3505859375,0.04363107517024991,mean_spl,0.15636828194606955
store_cat,3,DeepSets_Q,DeepSets,TX_2__FOODS,1596,105,12595.810546875,0.037496971267065006,mean_spl,0.2201591074372838
store_cat,3,DeepSets_Q,DeepSets,TX_2__HOBBIES,1596,106,5488.33984375,0.01633845798641672,mean_spl,0.28295762336749586
store_cat,3,DeepSets_Q,DeepSets,TX_2__HOUSEHOLD,1596,107,10120.669921875,0.030128626327914073,mean_spl,0.17051629868393262
store_cat,3,DeepSets_Q,DeepSets,TX_3__FOODS,1596,108,20225.900390625,0.060211290331446336,mean_spl,0.22345170734981337
store_cat,3,DeepSets_Q,DeepSets,TX_3__HOBBIES,1596,109,3692.480224609375,0.010992291791871575,mean_spl,0.21366064306002475
store_cat,3,DeepSets_Q,DeepSets,TX_3__HOUSEHOLD,1596,110,11813.0498046875,0.03516673956426497,mean_spl,0.2502738887630204
store_cat,3,DeepSets_Q,DeepSets,WI_1__FOODS,1596,111,16543.33984375,0.04924852882423569,mean_spl,0.18164857494928344
store_cat,3,DeepSets_Q,DeepSets,WI_1__HOBBIES,1596,112,3143.080078125,0.009356760562644175,mean_spl,0.16522364465878198
store_cat,3,DeepSets_Q,DeepSets,WI_1__HOUSEHOLD,1596,113,8147.12060546875,0.024253488579849044,mean_spl,0.1977416106284328
store_cat,3,DeepSets_Q,DeepSets,WI_2__FOODS,1596,114,21129.818359375,0.06290219981884027,mean_spl,0.18892549008237192
store_cat,3,DeepSets_Q,DeepSets,WI_2__HOBBIES,1596,115,3386.260009765625,0.010080692609376779,mean_spl,0.19280117603805846
store_cat,3,DeepSets_Q,DeepSets,WI_2__HOUSEHOLD,1596,116,11017.359375,0.03279801695856707,mean_spl,0.43134077729190246
store_cat,3,DeepSets_Q,DeepSets,WI_3__FOODS,1596,117,13597.41015625,0.04047867313008292,mean_spl,0.11923479862973485
store_cat,3,DeepSets_Q,DeepSets,WI_3__HOBBIES,1596,118,2305.5,0.006863334990193727,mean_spl,0.24625045784962257
store_cat,3,DeepSets_Q,DeepSets,WI_3__HOUSEHOLD,1596,119,7837.31982421875,0.023331230266276076,mean_spl,0.17819443785905137
store_cat,4,DeepSets,DeepSets,CA_1__FOODS,1568,0,28898.958984375,0.08302277500773936,rmsse,0.7141740588967347
store_cat,4,DeepSets,DeepSets,CA_1__HOBBIES,1568,1,4474.22021484375,0.012853825580114941,rmsse,0.6418215727387736
store_cat,4,DeepSets,DeepSets,CA_1__HOUSEHOLD,1568,2,10072.109375,0.028935799069651234,rmsse,0.7475783998388944
store_cat,4,DeepSets,DeepSets,CA_2__FOODS,1568,3,14461.470703125,0.04154583662047186,rmsse,0.7504057581387993
store_cat,4,DeepSets,DeepSets,CA_2__HOBBIES,1568,4,2956.369873046875,0.008493248180404584,rmsse,0.721219344182764
store_cat,4,DeepSets,DeepSets,CA_2__HOUSEHOLD,1568,5,10680.0791015625,0.03068241332822041,rmsse,0.6641576146622453
store_cat,4,DeepSets,DeepSets,CA_3__FOODS,1568,6,35377.171875,0.10163379873220615,rmsse,1.0598550300237028
store_cat,4,DeepSets,DeepSets,CA_3__HOBBIES,1568,7,4198.85009765625,0.012062724720894594,rmsse,0.6444668468027236
store_cat,4,DeepSets,DeepSets,CA_3__HOUSEHOLD,1568,8,19100.919921875,0.05487434263538995,rmsse,0.642740824782958
store_cat,4,DeepSets,DeepSets,CA_4__FOODS,1568,9,14345.7392578125,0.04121335593316768,rmsse,1.1146882785267036
store_cat,4,DeepSets,DeepSets,CA_4__HOBBIES,1568,10,4786.7587890625,0.013751706356465132,rmsse,0.7557641993057819
store_cat,4,DeepSets,DeepSets,CA_4__HOUSEHOLD,1568,11,5257.39013671875,0.01510376614897115,rmsse,1.065959134679535
store_cat,4,DeepSets,DeepSets,TX_1__FOODS,1568,12,21385.849609375,0.06143863456910229,rmsse,0.9701934319077338
store_cat,4,DeepSets,DeepSets,TX_1__HOBBIES,1568,13,4623.6201171875,0.013283031161020805,rmsse,0.8789079109457394
store_cat,4,DeepSets,DeepSets,TX_1__HOUSEHOLD,1568,14,13508.0,0.03880664509094937,rmsse,0.6503925849237818
store_cat,4,DeepSets,DeepSets,TX_2__FOODS,1568,15,13613.6396484375,0.03911013341967655,rmsse,0.7943887250309303
store_cat,4,DeepSets,DeepSets,TX_2__HOBBIES,1568,16,4787.06005859375,0.013752571862815142,rmsse,0.7842039174186866
store_cat,4,DeepSets,DeepSets,TX_2__HOUSEHOLD,1568,17,10138.8798828125,0.029127621648805967,rmsse,0.6075094729253205
store_cat,4,DeepSets,DeepSets,TX_3__FOODS,1568,18,19769.439453125,0.056794908239889995,rmsse,0.7106721599232084
store_cat,4,DeepSets,DeepSets,TX_3__HOBBIES,1568,19,3877.460205078125,0.011139415311870488,rmsse,0.6171706778902742
store_cat,4,DeepSets,DeepSets,TX_3__HOUSEHOLD,1568,20,12083.5302734375,0.0347143374864548,rmsse,1.0747083789434486
store_cat,4,DeepSets,DeepSets,WI_1__FOODS,1568,21,16672.041015625,0.04789650419270879,rmsse,0.7038903875445166
store_cat,4,DeepSets,DeepSets,WI_1__HOBBIES,1568,22,3169.1298828125,0.009104478724417135,rmsse,0.5593523379468996
store_cat,4,DeepSets,DeepSets,WI_1__HOUSEHOLD,1568,23,7870.109375,0.02260975283850891,rmsse,0.6154120709824885
store_cat,4,DeepSets,DeepSets,WI_2__FOODS,1568,24,24036.8984375,0.06905473695226962,rmsse,0.7751667413082253
store_cat,4,DeepSets,DeepSets,WI_2__HOBBIES,1568,25,2948.510009765625,0.00847066786319857,rmsse,0.5577811443180091
store_cat,4,DeepSets,DeepSets,WI_2__HOUSEHOLD,1568,26,10936.0693359375,0.03141783842239716,rmsse,0.9350165780127365
store_cat,4,DeepSets,DeepSets,WI_3__FOODS,1568,27,14438.859375,0.041480877352957655,rmsse,0.6290137095111695
store_cat,4,DeepSets,DeepSets,WI_3__HOBBIES,1568,28,2195.2001953125,0.006306511317965274,rmsse,0.7392968159672282
store_cat,4,DeepSets,DeepSets,WI_3__HOUSEHOLD,1568,29,7420.3798828125,0.02131774123129443,rmsse,0.6635657172903182
store_cat,4,DeepSets,DeepSets,CA_1__FOODS,1596,30,25165.001953125,0.07491469895171385,rmsse,0.5633625412101705
store_cat,4,DeepSets,DeepSets,CA_1__HOBBIES,1596,31,5063.609375,0.015074060897900884,rmsse,0.7459881696554409
store_cat,4,DeepSets,DeepSets,CA_1__HOUSEHOLD,1596,32,10537.830078125,0.03137048705092657,rmsse,0.5756010914097595
store_cat,4,DeepSets,DeepSets,CA_2__FOODS,1596,33,16027.1904296875,0.04771198302779104,rmsse,0.7750867161870688
store_cat,4,DeepSets,DeepSets,CA_2__HOBBIES,1596,34,3099.359619140625,0.009226607382884994,rmsse,1.0777259356659847
store_cat,4,DeepSets,DeepSets,CA_2__HOUSEHOLD,1596,35,10578.5986328125,0.03149185258893843,rmsse,0.6394319954722061
store_cat,4,DeepSets,DeepSets,CA_3__FOODS,1596,36,25340.541015625,0.07543726819474228,rmsse,1.5413314544099335
store_cat,4,DeepSets,DeepSets,CA_3__HOBBIES,1596,37,4636.22998046875,0.013801778116476404,rmsse,0.6800944693163828
store_cat,4,DeepSets,DeepSets,CA_3__HOUSEHOLD,1596,38,20132.951171875,0.059934586091429834,rmsse,0.8053537198632524
store_cat,4,DeepSets,DeepSets,CA_4__FOODS,1596,39,12394.7607421875,0.0368984580771785,rmsse,0.6213098719620099
store_cat,4,DeepSets,DeepSets,CA_4__HOBBIES,1596,40,4815.91015625,0.014336675204953356,rmsse,0.7691206595662566
store_cat,4,DeepSets,DeepSets,CA_4__HOUSEHOLD,1596,41,6002.09033203125,0.017867862324933228,rmsse,1.1540758064220036
store_cat,4,DeepSets,DeepSets,TX_1__FOODS,1596,42,20142.109375,0.05996184951192652,rmsse,1.1574321802723482
store_cat,4,DeepSets,DeepSets,TX_1__HOBBIES,1596,43,6279.41943359375,0.01869345439890976,rmsse,0.6831029261950664
store_cat,4,DeepSets,DeepSets,TX_1__HOUSEHOLD,1596,44,14656.3505859375,0.04363107517024991,rmsse,0.6609164330388438
store_cat,4,DeepSets,DeepSets,TX_2__FOODS,1596,45,12595.810546875,0.037496971267065006,rmsse,1.0172274677669553
store_cat,4,DeepSets,DeepSets,TX_2__HOBBIES,1596,46,5488.33984375,0.01633845798641672,rmsse,1.0690680400485872
store_cat,4,DeepSets,DeepSets,TX_2__HOUSEHOLD,1596,47,10120.669921875,0.030128626327914073,rmsse,0.7231630194153915
store_cat,4,DeepSets,DeepSets,TX_3__FOODS,1596,48,20225.900390625,0.060211290331446336,rmsse,0.9537220362463373
store_cat,4,DeepSets,DeepSets,TX_3__HOBBIES,1596,49,3692.480224609375,0.010992291791871575,rmsse,0.7257058520822937
store_cat,4,DeepSets,DeepSets,TX_3__HOUSEHOLD,1596,50,11813.0498046875,0.03516673956426497,rmsse,1.0582850663535783
store_cat,4,DeepSets,DeepSets,WI_1__FOODS,1596,51,16543.33984375,0.04924852882423569,rmsse,0.6976279486379791
store_cat,4,DeepSets,DeepSets,WI_1__HOBBIES,1596,52,3143.080078125,0.009356760562644175,rmsse,0.626873319448662
store_cat,4,DeepSets,DeepSets,WI_1__HOUSEHOLD,1596,53,8147.12060546875,0.024253488579849044,rmsse,0.7908711251207441
store_cat,4,DeepSets,DeepSets,WI_2__FOODS,1596,54,21129.818359375,0.06290219981884027,rmsse,0.833403889407092
store_cat,4,DeepSets,DeepSets,WI_2__HOBBIES,1596,55,3386.260009765625,0.010080692609376779,rmsse,0.6673899062914866
store_cat,4,DeepSets,DeepSets,WI_2__HOUSEHOLD,1596,56,11017.359375,0.03279801695856707,rmsse,1.643788914648746
store_cat,4,DeepSets,DeepSets,WI_3__FOODS,1596,57,13597.41015625,0.04047867313008292,rmsse,0.5363272858151742
store_cat,4,DeepSets,DeepSets,WI_3__HOBBIES,1596,58,2305.5,0.006863334990193727,rmsse,0.880512225996136
store_cat,4,DeepSets,DeepSets,WI_3__HOUSEHOLD,1596,59,7837.31982421875,0.023331230266276076,rmsse,0.7594030647652602
store_cat,4,DeepSets,DeepSets,CA_1__FOODS,1624,60,22889.3203125,0.06682950882141633,rmsse,0.41406465740757986
store_cat,4,DeepSets,DeepSets,CA_1__HOBBIES,1624,61,5118.20947265625,0.01494353787849014,rmsse,0.6453710501586295
store_cat,4,DeepSets,DeepSets,CA_1__HOUSEHOLD,1624,62,10820.05078125,0.03159109441702517,rmsse,0.6544328979673426
store_cat,4,DeepSets,DeepSets,CA_2__FOODS,1624,63,17985.75,0.05251264877569915,rmsse,1.4872539938147238
store_cat,4,DeepSets,DeepSets,CA_2__HOBBIES,1624,64,3660.98974609375,0.010688921435472922,rmsse,0.8912412943895109
store_cat,4,DeepSets,DeepSets,CA_2__HOUSEHOLD,1624,65,11341.560546875,0.0331137364617196,rmsse,0.6715207325101553
store_cat,4,DeepSets,DeepSets,CA_3__FOODS,1624,66,32054.119140625,0.09358779590765223,rmsse,0.5494755948849058
store_cat,4,DeepSets,DeepSets,CA_3__HOBBIES,1624,67,4138.919921875,0.012084324988847617,rmsse,0.5293910369044016
store_cat,4,DeepSets,DeepSets,CA_3__HOUSEHOLD,1624,68,19951.701171875,0.05825259864706098,rmsse,0.6100451815624061
store_cat,4,DeepSets,DeepSets,CA_4__FOODS,1624,69,13646.9404296875,0.039844709820111394,rmsse,0.7845947349575323
store_cat,4,DeepSets,DeepSets,CA_4__HOBBIES,1624,70,4991.009765625,0.014572155337328172,rmsse,0.988463964477366
store_cat,4,DeepSets,DeepSets,CA_4__HOUSEHOLD,1624,71,5446.060546875,0.015900758361994297,rmsse,1.0534099307010416
store_cat,4,DeepSets,DeepSets,TX_1__FOODS,1624,72,19430.919921875,0.05673208363544236,rmsse,0.39939464971967886
store_cat,4,DeepSets,DeepSets,TX_1__HOBBIES,1624,73,6079.0,0.017748739524761276,rmsse,0.617275580276189
store_cat,4,DeepSets,DeepSets,TX_1__HOUSEHOLD,1624,74,15056.8994140625,0.043961339982024346,rmsse,0.6151750907499673
store_cat,4,DeepSets,DeepSets,TX_2__FOODS,1624,75,12891.1689453125,0.0376380983352596,rmsse,0.4486503203174328
store_cat,4,DeepSets,DeepSets,TX_2__HOBBIES,1624,76,5189.81005859375,0.015152588733832297,rmsse,0.694729075837074
store_cat,4,DeepSets,DeepSets,TX_2__HOUSEHOLD,1624,77,8814.9208984375,0.025736755215947003,rmsse,0.616706430355455
store_cat,4,DeepSets,DeepSets,TX_3__FOODS,1624,78,19487.4609375,0.05689716535263163,rmsse,0.69951162790953
store_cat,4,DeepSets,DeepSets,TX_3__HOBBIES,1624,79,3044.280029296875,0.008888325922096211,rmsse,0.6870039187223715
store_cat,4,DeepSets,DeepSets,TX_3__HOUSEHOLD,1624,80,11875.1904296875,0.034671765379743605,rmsse,0.7718020004079713
store_cat,4,DeepSets,DeepSets,WI_1__FOODS,1624,81,17048.990234375,0.049777609282796606,rmsse,0.690909178518965
store_cat,4,DeepSets,DeepSets,WI_1__HOBBIES,1624,82,3330.27978515625,0.009723353915334139,rmsse,0.7877813969127125
store_cat,4,DeepSets,DeepSets,WI_1__HOUSEHOLD,1624,83,7942.84033203125,0.02319055833854105,rmsse,0.634902290539607
store_cat,4,DeepSets,DeepSets,WI_2__FOODS,1624,84,22584.541015625,0.0659396505630228,rmsse,0.6515028129964259
store_cat,4,DeepSets,DeepSets,WI_2__HOBBIES,1624,85,2960.56005859375,0.008643890331862551,rmsse,0.5143080641265055
store_cat,4,DeepSets,DeepSets,WI_2__HOUSEHOLD,1624,86,10843.5302734375,0.03165964703933305,rmsse,1.4475643020160378
store_cat,4,DeepSets,DeepSets,WI_3__FOODS,1624,87,14479.0810546875,0.04227429481782435,rmsse,0.7063015707409809
store_cat,4,DeepSets,DeepSets,WI_3__HOBBIES,1624,88,2446.550048828125,0.007143145180283332,rmsse,0.6892050653020975
store_cat,4,DeepSets,DeepSets,WI_3__HOUSEHOLD,1624,89,6952.5400390625,0.02029919759644578,rmsse,0.7500475706727471
store_cat,4,DeepSets,DeepSets,CA_1__FOODS,1652,90,22150.4296875,0.06185958561822479,rmsse,0.6490275886535439
store_cat,4,DeepSets,DeepSets,CA_1__HOBBIES,1652,91,6576.0703125,0.018365015499321114,rmsse,0.6449767537990171
store_cat,4,DeepSets,DeepSets,CA_1__HOUSEHOLD,1652,92,11714.048828125,0.03271386680270079,rmsse,0.9232207575814304
store_cat,4,DeepSets,DeepSets,CA_2__FOODS,1652,93,22242.439453125,0.062116541625611164,rmsse,1.0782739353745965
store_cat,4,DeepSets,DeepSets,CA_2__HOBBIES,1652,94,3845.419921875,0.010739118213561917,rmsse,0.6845373516463872
store_cat,4,DeepSets,DeepSets,CA_2__HOUSEHOLD,1652,95,12163.08984375,0.03396790528159426,rmsse,0.8172312969840028
store_cat,4,DeepSets,DeepSets,CA_3__FOODS,1652,96,30866.240234375,0.08620026145896928,rmsse,0.6526431903597018
store_cat,4,DeepSets,DeepSets,CA_3__HOBBIES,1652,97,4492.3701171875,0.012545858378979344,rmsse,0.6244602849407681
store_cat,4,DeepSets,DeepSets,CA_3__HOUSEHOLD,1652,98,23007.55078125,0.06425327081675328,rmsse,0.7306732375375101
store_cat,4,DeepSets,DeepSets,CA_4__FOODS,1652,99,15054.8701171875,0.04204379057761401,rmsse,0.7542796775071452
store_cat,4,DeepSets,DeepSets,CA_4__HOBBIES,1652,100,4913.99951171875,0.013723344323863056,rmsse,0.6602320191524238
store_cat,4,DeepSets,DeepSets,CA_4__HOUSEHOLD,1652,101,5792.14013671875,0.016175730843826765,rmsse,1.0825625422519434
store_cat,4,DeepSets,DeepSets,TX_1__FOODS,1652,102,17533.94921875,0.04896712380866184,rmsse,1.009744168899826
store_cat,4,DeepSets,DeepSets,TX_1__HOBBIES,1652,103,4744.26953125,0.013249338789572615,rmsse,1.240734118450786
store_cat,4,DeepSets,DeepSets,TX_1__HOUSEHOLD,1652,104,15183.1015625,0.04240190300171446,rmsse,1.0652903483444058
store_cat,4,DeepSets,DeepSets,TX_2__FOODS,1652,105,15849.0908203125,0.04426181362627987,rmsse,0.7710999278985142
store_cat,4,DeepSets,DeepSets,TX_2__HOBBIES,1652,106,5366.5205078125,0.014987101356879109,rmsse,0.8232916738033811
store_cat,4,DeepSets,DeepSets,TX_2__HOUSEHOLD,1652,107,10422.69921875,0.029107510047947927,rmsse,0.7657255535661913
store_cat,4,DeepSets,DeepSets,TX_3__FOODS,1652,108,21046.681640625,0.05877714442995552,rmsse,1.0796277839857051
store_cat,4,DeepSets,DeepSets,TX_3__HOBBIES,1652,109,4010.730224609375,0.011200780897755466,rmsse,1.0313939569847077
store_cat,4,DeepSets,DeepSets,TX_3__HOUSEHOLD,1652,110,11347.080078125,0.031689031838770115,rmsse,1.2613142255049998
store_cat,4,DeepSets,DeepSets,WI_1__FOODS,1652,111,16207.7998046875,0.04526358151268317,rmsse,0.6446935132373974
store_cat,4,DeepSets,DeepSets,WI_1__HOBBIES,1652,112,3446.31982421875,0.00962454991807008,rmsse,0.7344639066041319
store_cat,4,DeepSets,DeepSets,WI_1__HOUSEHOLD,1652,113,7792.1298828125,0.021761109487920302,rmsse,0.6586363432272838
store_cat,4,DeepSets,DeepSets,WI_2__FOODS,1652,114,24540.796875,0.06853517276394938,rmsse,0.5954964679407556
store_cat,4,DeepSets,DeepSets,WI_2__HOBBIES,1652,115,2985.840087890625,0.008338566482230818,rmsse,0.6883480177154283
store_cat,4,DeepSets,DeepSets,WI_2__HOUSEHOLD,1652,116,12426.2392578125,0.03470280360813874,rmsse,1.3932419629785324
store_cat,4,DeepSets,DeepSets,WI_3__FOODS,1652,117,13080.458984375,0.036529845419939914,rmsse,0.41392443102297966
store_cat,4,DeepSets,DeepSets,WI_3__HOBBIES,1652,118,2197.47021484375,0.006136883068021783,rmsse,1.1942757229204999
store_cat,4,DeepSets,DeepSets,WI_3__HOUSEHOLD,1652,119,7076.10009765625,0.019761450500489105,rmsse,0.6507451026642508
store_cat,4,DeepSets_Q,DeepSets,CA_1__FOODS,1568,0,28898.958984375,0.08302277500773936,mean_spl,0.15004696659756925
store_cat,4,DeepSets_Q,DeepSets,CA_1__HOBBIES,1568,1,4474.22021484375,0.012853825580114941,mean_spl,0.1591698611637926
store_cat,4,DeepSets_Q,DeepSets,CA_1__HOUSEHOLD,1568,2,10072.109375,0.028935799069651234,mean_spl,0.17334529207286342
store_cat,4,DeepSets_Q,DeepSets,CA_2__FOODS,1568,3,14461.470703125,0.04154583662047186,mean_spl,0.20837458467146897
store_cat,4,DeepSets_Q,DeepSets,CA_2__HOBBIES,1568,4,2956.369873046875,0.008493248180404584,mean_spl,0.17378119073505469
store_cat,4,DeepSets_Q,DeepSets,CA_2__HOUSEHOLD,1568,5,10680.0791015625,0.03068241332822041,mean_spl,0.15420388341805666
store_cat,4,DeepSets_Q,DeepSets,CA_3__FOODS,1568,6,35377.171875,0.10163379873220615,mean_spl,0.3667702382286046
store_cat,4,DeepSets_Q,DeepSets,CA_3__HOBBIES,1568,7,4198.85009765625,0.012062724720894594,mean_spl,0.15332255748020016
store_cat,4,DeepSets_Q,DeepSets,CA_3__HOUSEHOLD,1568,8,19100.919921875,0.05487434263538995,mean_spl,0.1688408816503543
store_cat,4,DeepSets_Q,DeepSets,CA_4__FOODS,1568,9,14345.7392578125,0.04121335593316768,mean_spl,0.20510515157274997
store_cat,4,DeepSets_Q,DeepSets,CA_4__HOBBIES,1568,10,4786.7587890625,0.013751706356465132,mean_spl,0.16166234861716003
store_cat,4,DeepSets_Q,DeepSets,CA_4__HOUSEHOLD,1568,11,5257.39013671875,0.01510376614897115,mean_spl,0.22705562354412556
store_cat,4,DeepSets_Q,DeepSets,TX_1__FOODS,1568,12,21385.849609375,0.06143863456910229,mean_spl,0.23303392030328254
store_cat,4,DeepSets_Q,DeepSets,TX_1__HOBBIES,1568,13,4623.6201171875,0.013283031161020805,mean_spl,0.19432342514499065
store_cat,4,DeepSets_Q,DeepSets,TX_1__HOUSEHOLD,1568,14,13508.0,0.03880664509094937,mean_spl,0.14895909697403073
store_cat,4,DeepSets_Q,DeepSets,TX_2__FOODS,1568,15,13613.6396484375,0.03911013341967655,mean_spl,0.14966319644912662
store_cat,4,DeepSets_Q,DeepSets,TX_2__HOBBIES,1568,16,4787.06005859375,0.013752571862815142,mean_spl,0.1804253534006739
store_cat,4,DeepSets_Q,DeepSets,TX_2__HOUSEHOLD,1568,17,10138.8798828125,0.029127621648805967,mean_spl,0.13410547488057264
store_cat,4,DeepSets_Q,DeepSets,TX_3__FOODS,1568,18,19769.439453125,0.056794908239889995,mean_spl,0.1798682555723488
store_cat,4,DeepSets_Q,DeepSets,TX_3__HOBBIES,1568,19,3877.460205078125,0.011139415311870488,mean_spl,0.17152644531847128
store_cat,4,DeepSets_Q,DeepSets,TX_3__HOUSEHOLD,1568,20,12083.5302734375,0.0347143374864548,mean_spl,0.25606266245309817
store_cat,4,DeepSets_Q,DeepSets,WI_1__FOODS,1568,21,16672.041015625,0.04789650419270879,mean_spl,0.1781301441946945
store_cat,4,DeepSets_Q,DeepSets,WI_1__HOBBIES,1568,22,3169.1298828125,0.009104478724417135,mean_spl,0.14841839162783776
store_cat,4,DeepSets_Q,DeepSets,WI_1__HOUSEHOLD,1568,23,7870.109375,0.02260975283850891,mean_spl,0.15553324499398052
store_cat,4,DeepSets_Q,DeepSets,WI_2__FOODS,1568,24,24036.8984375,0.06905473695226962,mean_spl,0.2443913324037761
store_cat,4,DeepSets_Q,DeepSets,WI_2__HOBBIES,1568,25,2948.510009765625,0.00847066786319857,mean_spl,0.15914703207362335
store_cat,4,DeepSets_Q,DeepSets,WI_2__HOUSEHOLD,1568,26,10936.0693359375,0.03141783842239716,mean_spl,0.23838545813573056
store_cat,4,DeepSets_Q,DeepSets,WI_3__FOODS,1568,27,14438.859375,0.041480877352957655,mean_spl,0.1576199235296429
store_cat,4,DeepSets_Q,DeepSets,WI_3__HOBBIES,1568,28,2195.2001953125,0.006306511317965274,mean_spl,0.21165667017754855
store_cat,4,DeepSets_Q,DeepSets,WI_3__HOUSEHOLD,1568,29,7420.3798828125,0.02131774123129443,mean_spl,0.17081409582657756
store_cat,4,DeepSets_Q,DeepSets,CA_1__FOODS,1596,30,25165.001953125,0.07491469895171385,mean_spl,0.15062098059008466
store_cat,4,DeepSets_Q,DeepSets,CA_1__HOBBIES,1596,31,5063.609375,0.015074060897900884,mean_spl,0.17438151429156762
store_cat,4,DeepSets_Q,DeepSets,CA_1__HOUSEHOLD,1596,32,10537.830078125,0.03137048705092657,mean_spl,0.14505804349645507
store_cat,4,DeepSets_Q,DeepSets,CA_2__FOODS,1596,33,16027.1904296875,0.04771198302779104,mean_spl,0.21461497996891338
store_cat,4,DeepSets_Q,DeepSets,CA_2__HOBBIES,1596,34,3099.359619140625,0.009226607382884994,mean_spl,0.25748195828385034
store_cat,4,DeepSets_Q,DeepSets,CA_2__HOUSEHOLD,1596,35,10578.5986328125,0.03149185258893843,mean_spl,0.15527010695818935
store_cat,4,DeepSets_Q,DeepSets,CA_3__FOODS,1596,36,25340.541015625,0.07543726819474228,mean_spl,0.5040286728424161
store_cat,4,DeepSets_Q,DeepSets,CA_3__HOBBIES,1596,37,4636.22998046875,0.013801778116476404,mean_spl,0.15119985315518486
store_cat,4,DeepSets_Q,DeepSets,CA_3__HOUSEHOLD,1596,38,20132.951171875,0.059934586091429834,mean_spl,0.19537340873339973
store_cat,4,DeepSets_Q,DeepSets,CA_4__FOODS,1596,39,12394.7607421875,0.0368984580771785,mean_spl,0.1997352316905702
store_cat,4,DeepSets_Q,DeepSets,CA_4__HOBBIES,1596,40,4815.91015625,0.014336675204953356,mean_spl,0.17465166825513476
store_cat,4,DeepSets_Q,DeepSets,CA_4__HOUSEHOLD,1596,41,6002.09033203125,0.017867862324933228,mean_spl,0.23441478101333646
store_cat,4,DeepSets_Q,DeepSets,TX_1__FOODS,1596,42,20142.109375,0.05996184951192652,mean_spl,0.2439257417847504
store_cat,4,DeepSets_Q,DeepSets,TX_1__HOBBIES,1596,43,6279.41943359375,0.01869345439890976,mean_spl,0.16766369692254854
store_cat,4,DeepSets_Q,DeepSets,TX_1__HOUSEHOLD,1596,44,14656.3505859375,0.04363107517024991,mean_spl,0.1556683609536597
store_cat,4,DeepSets_Q,DeepSets,TX_2__FOODS,1596,45,12595.810546875,0.037496971267065006,mean_spl,0.22344552309920157
store_cat,4,DeepSets_Q,DeepSets,TX_2__HOBBIES,1596,46,5488.33984375,0.01633845798641672,mean_spl,0.2543712062721275
store_cat,4,DeepSets_Q,DeepSets,TX_2__HOUSEHOLD,1596,47,10120.669921875,0.030128626327914073,mean_spl,0.1684221793002535
store_cat,4,DeepSets_Q,DeepSets,TX_3__FOODS,1596,48,20225.900390625,0.060211290331446336,mean_spl,0.22175890013348412
store_cat,4,DeepSets_Q,DeepSets,TX_3__HOBBIES,1596,49,3692.480224609375,0.010992291791871575,mean_spl,0.2052080096338254
store_cat,4,DeepSets_Q,DeepSets,TX_3__HOUSEHOLD,1596,50,11813.0498046875,0.03516673956426497,mean_spl,0.26144384191692965
store_cat,4,DeepSets_Q,DeepSets,WI_1__FOODS,1596,51,16543.33984375,0.04924852882423569,mean_spl,0.1946674509174364
store_cat,4,DeepSets_Q,DeepSets,WI_1__HOBBIES,1596,52,3143.080078125,0.009356760562644175,mean_spl,0.16176211243247832
store_cat,4,DeepSets_Q,DeepSets,WI_1__HOUSEHOLD,1596,53,8147.12060546875,0.024253488579849044,mean_spl,0.19143437195860658
store_cat,4,DeepSets_Q,DeepSets,WI_2__FOODS,1596,54,21129.818359375,0.06290219981884027,mean_spl,0.24052608174449297
store_cat,4,DeepSets_Q,DeepSets,WI_2__HOBBIES,1596,55,3386.260009765625,0.010080692609376779,mean_spl,0.18656419241797909
store_cat,4,DeepSets_Q,DeepSets,WI_2__HOUSEHOLD,1596,56,11017.359375,0.03279801695856707,mean_spl,0.4554231994108402
store_cat,4,DeepSets_Q,DeepSets,WI_3__FOODS,1596,57,13597.41015625,0.04047867313008292,mean_spl,0.11756334466018277
store_cat,4,DeepSets_Q,DeepSets,WI_3__HOBBIES,1596,58,2305.5,0.006863334990193727,mean_spl,0.2173902631692245
store_cat,4,DeepSets_Q,DeepSets,WI_3__HOUSEHOLD,1596,59,7837.31982421875,0.023331230266276076,mean_spl,0.15943283539011566
store_cat,4,DeepSets_Q,DeepSets,CA_1__FOODS,1624,60,22889.3203125,0.06682950882141633,mean_spl,0.11726992123935975
store_cat,4,DeepSets_Q,DeepSets,CA_1__HOBBIES,1624,61,5118.20947265625,0.01494353787849014,mean_spl,0.1481950841818133
store_cat,4,DeepSets_Q,DeepSets,CA_1__HOUSEHOLD,1624,62,10820.05078125,0.03159109441702517,mean_spl,0.16734744352062456
store_cat,4,DeepSets_Q,DeepSets,CA_2__FOODS,1624,63,17985.75,0.05251264877569915,mean_spl,0.4517382733235375
store_cat,4,DeepSets_Q,DeepSets,CA_2__HOBBIES,1624,64,3660.98974609375,0.010688921435472922,mean_spl,0.23294585437208784
store_cat,4,DeepSets_Q,DeepSets,CA_2__HOUSEHOLD,1624,65,11341.560546875,0.0331137364617196,mean_spl,0.16989916417821152
store_cat,4,DeepSets_Q,DeepSets,CA_3__FOODS,1624,66,32054.119140625,0.09358779590765223,mean_spl,0.16547436437128493
store_cat,4,DeepSets_Q,DeepSets,CA_3__HOBBIES,1624,67,4138.919921875,0.012084324988847617,mean_spl,0.1379829053869136
store_cat,4,DeepSets_Q,DeepSets,CA_3__HOUSEHOLD,1624,68,19951.701171875,0.05825259864706098,mean_spl,0.1653739610276558
store_cat,4,DeepSets_Q,DeepSets,CA_4__FOODS,1624,69,13646.9404296875,0.039844709820111394,mean_spl,0.21981856864989438
store_cat,4,DeepSets_Q,DeepSets,CA_4__HOBBIES,1624,70,4991.009765625,0.014572155337328172,mean_spl,0.20924114915195793
store_cat,4,DeepSets_Q,DeepSets,CA_4__HOUSEHOLD,1624,71,5446.060546875,0.015900758361994297,mean_spl,0.21530470358812398
store_cat,4,DeepSets_Q,DeepSets,TX_1__FOODS,1624,72,19430.919921875,0.05673208363544236,mean_spl,0.1324853949434204
store_cat,4,DeepSets_Q,DeepSets,TX_1__HOBBIES,1624,73,6079.0,0.017748739524761276,mean_spl,0.1676436017165057
store_cat,4,DeepSets_Q,DeepSets,TX_1__HOUSEHOLD,1624,74,15056.8994140625,0.043961339982024346,mean_spl,0.1614899128206914
store_cat,4,DeepSets_Q,DeepSets,TX_2__FOODS,1624,75,12891.1689453125,0.0376380983352596,mean_spl,0.1213856677764327
store_cat,4,DeepSets_Q,DeepSets,TX_2__HOBBIES,1624,76,5189.81005859375,0.015152588733832297,mean_spl,0.1611764390207593
store_cat,4,DeepSets_Q,DeepSets,TX_2__HOUSEHOLD,1624,77,8814.9208984375,0.025736755215947003,mean_spl,0.16309446890061524
store_cat,4,DeepSets_Q,DeepSets,TX_3__FOODS,1624,78,19487.4609375,0.05689716535263163,mean_spl,0.1550670834644083
store_cat,4,DeepSets_Q,DeepSets,TX_3__HOBBIES,1624,79,3044.280029296875,0.008888325922096211,mean_spl,0.19622662550301412
store_cat,4,DeepSets_Q,DeepSets,TX_3__HOUSEHOLD,1624,80,11875.1904296875,0.034671765379743605,mean_spl,0.18739259655023469
store_cat,4,DeepSets_Q,DeepSets,WI_1__FOODS,1624,81,17048.990234375,0.049777609282796606,mean_spl,0.1882996426998738
store_cat,4,DeepSets_Q,DeepSets,WI_1__HOBBIES,1624,82,3330.27978515625,0.009723353915334139,mean_spl,0.17893915374638275
store_cat,4,DeepSets_Q,DeepSets,WI_1__HOUSEHOLD,1624,83,7942.84033203125,0.02319055833854105,mean_spl,0.1885290068150418
store_cat,4,DeepSets_Q,DeepSets,WI_2__FOODS,1624,84,22584.541015625,0.0659396505630228,mean_spl,0.16520016685593344
store_cat,4,DeepSets_Q,DeepSets,WI_2__HOBBIES,1624,85,2960.56005859375,0.008643890331862551,mean_spl,0.13526475157929685
store_cat,4,DeepSets_Q,DeepSets,WI_2__HOUSEHOLD,1624,86,10843.5302734375,0.03165964703933305,mean_spl,0.3645355323770468
store_cat,4,DeepSets_Q,DeepSets,WI_3__FOODS,1624,87,14479.0810546875,0.04227429481782435,mean_spl,0.17103302309933235
store_cat,4,DeepSets_Q,DeepSets,WI_3__HOBBIES,1624,88,2446.550048828125,0.007143145180283332,mean_spl,0.1840969543521479
store_cat,4,DeepSets_Q,DeepSets,WI_3__HOUSEHOLD,1624,89,6952.5400390625,0.02029919759644578,mean_spl,0.17184921252595145
store_cat,4,DeepSets_Q,DeepSets,CA_1__FOODS,1652,90,22150.4296875,0.06185958561822479,mean_spl,0.1577829989220508
store_cat,4,DeepSets_Q,DeepSets,CA_1__HOBBIES,1652,91,6576.0703125,0.018365015499321114,mean_spl,0.15223033109617906
store_cat,4,DeepSets_Q,DeepSets,CA_1__HOUSEHOLD,1652,92,11714.048828125,0.03271386680270079,mean_spl,0.22847237357170652
store_cat,4,DeepSets_Q,DeepSets,CA_2__FOODS,1652,93,22242.439453125,0.062116541625611164,mean_spl,0.254392135991944
store_cat,4,DeepSets_Q,DeepSets,CA_2__HOBBIES,1652,94,3845.419921875,0.010739118213561917,mean_spl,0.18578094540297804
store_cat,4,DeepSets_Q,DeepSets,CA_2__HOUSEHOLD,1652,95,12163.08984375,0.03396790528159426,mean_spl,0.20887972016635561
store_cat,4,DeepSets_Q,DeepSets,CA_3__FOODS,1652,96,30866.240234375,0.08620026145896928,mean_spl,0.13619662625256834
store_cat,4,DeepSets_Q,DeepSets,CA_3__HOBBIES,1652,97,4492.3701171875,0.012545858378979344,mean_spl,0.1361747446577613
store_cat,4,DeepSets_Q,DeepSets,CA_3__HOUSEHOLD,1652,98,23007.55078125,0.06425327081675328,mean_spl,0.19390765178026387
store_cat,4,DeepSets_Q,DeepSets,CA_4__FOODS,1652,99,15054.8701171875,0.04204379057761401,mean_spl,0.18657206101818247
store_cat,4,DeepSets_Q,DeepSets,CA_4__HOBBIES,1652,100,4913.99951171875,0.013723344323863056,mean_spl,0.15310664447616804
store_cat,4,DeepSets_Q,DeepSets,CA_4__HOUSEHOLD,1652,101,5792.14013671875,0.016175730843826765,mean_spl,0.2182289194516233
store_cat,4,DeepSets_Q,DeepSets,TX_1__FOODS,1652,102,17533.94921875,0.04896712380866184,mean_spl,0.2582980191804194
store_cat,4,DeepSets_Q,DeepSets,TX_1__HOBBIES,1652,103,4744.26953125,0.013249338789572615,mean_spl,0.268235927502309
store_cat,4,DeepSets_Q,DeepSets,TX_1__HOUSEHOLD,1652,104,15183.1015625,0.04240190300171446,mean_spl,0.24808170838998933
store_cat,4,DeepSets_Q,DeepSets,TX_2__FOODS,1652,105,15849.0908203125,0.04426181362627987,mean_spl,0.1862662164014047
store_cat,4,DeepSets_Q,DeepSets,TX_2__HOBBIES,1652,106,5366.5205078125,0.014987101356879109,mean_spl,0.20533752561848173
store_cat,4,DeepSets_Q,DeepSets,TX_2__HOUSEHOLD,1652,107,10422.69921875,0.029107510047947927,mean_spl,0.18941731296372052
store_cat,4,DeepSets_Q,DeepSets,TX_3__FOODS,1652,108,21046.681640625,0.05877714442995552,mean_spl,0.2981892423673864
store_cat,4,DeepSets_Q,DeepSets,TX_3__HOBBIES,1652,109,4010.730224609375,0.011200780897755466,mean_spl,0.2682957649954931
store_cat,4,DeepSets_Q,DeepSets,TX_3__HOUSEHOLD,1652,110,11347.080078125,0.031689031838770115,mean_spl,0.3223547946813497
store_cat,4,DeepSets_Q,DeepSets,WI_1__FOODS,1652,111,16207.7998046875,0.04526358151268317,mean_spl,0.1499243592717734
store_cat,4,DeepSets_Q,DeepSets,WI_1__HOBBIES,1652,112,3446.31982421875,0.00962454991807008,mean_spl,0.16828617814110614
store_cat,4,DeepSets_Q,DeepSets,WI_1__HOUSEHOLD,1652,113,7792.1298828125,0.021761109487920302,mean_spl,0.15476002371321945
store_cat,4,DeepSets_Q,DeepSets,WI_2__FOODS,1652,114,24540.796875,0.06853517276394938,mean_spl,0.15830255569888774
store_cat,4,DeepSets_Q,DeepSets,WI_2__HOBBIES,1652,115,2985.840087890625,0.008338566482230818,mean_spl,0.1760308239235454
store_cat,4,DeepSets_Q,DeepSets,WI_2__HOUSEHOLD,1652,116,12426.2392578125,0.03470280360813874,mean_spl,0.3646790797568255
store_cat,4,DeepSets_Q,DeepSets,WI_3__FOODS,1652,117,13080.458984375,0.036529845419939914,mean_spl,0.10384882217949537
store_cat,4,DeepSets_Q,DeepSets,WI_3__HOBBIES,1652,118,2197.47021484375,0.006136883068021783,mean_spl,0.2760080630789086
store_cat,4,DeepSets_Q,DeepSets,WI_3__HOUSEHOLD,1652,119,7076.10009765625,0.019761450500489105,mean_spl,0.1651296716272482
store_cat,5,DeepSets,DeepSets,CA_1__FOODS,1624,0,22889.3203125,0.06682950882141633,rmsse,0.5289814733125836
store_cat,5,DeepSets,DeepSets,CA_1__HOBBIES,1624,1,5118.20947265625,0.01494353787849014,rmsse,0.786584696087213
store_cat,5,DeepSets,DeepSets,CA_1__HOUSEHOLD,1624,2,10820.05078125,0.03159109441702517,rmsse,1.2213726209025932
store_cat,5,DeepSets,DeepSets,CA_2__FOODS,1624,3,17985.75,0.05251264877569915,rmsse,1.6822057548231424
store_cat,5,DeepSets,DeepSets,CA_2__HOBBIES,1624,4,3660.98974609375,0.010688921435472922,rmsse,1.138733709330951
store_cat,5,DeepSets,DeepSets,CA_2__HOUSEHOLD,1624,5,11341.560546875,0.0331137364617196,rmsse,1.0010856467360483
store_cat,5,DeepSets,DeepSets,CA_3__FOODS,1624,6,32054.119140625,0.09358779590765223,rmsse,0.4527501942621239
store_cat,5,DeepSets,DeepSets,CA_3__HOBBIES,1624,7,4138.919921875,0.012084324988847617,rmsse,0.6376766182968212
store_cat,5,DeepSets,DeepSets,CA_3__HOUSEHOLD,1624,8,19951.701171875,0.05825259864706098,rmsse,0.8136769569975494
store_cat,5,DeepSets,DeepSets,CA_4__FOODS,1624,9,13646.9404296875,0.039844709820111394,rmsse,0.9428046506713853
store_cat,5,DeepSets,DeepSets,CA_4__HOBBIES,1624,10,4991.009765625,0.014572155337328172,rmsse,1.3148386431495274
store_cat,5,DeepSets,DeepSets,CA_4__HOUSEHOLD,1624,11,5446.060546875,0.015900758361994297,rmsse,1.139293247968301
store_cat,5,DeepSets,DeepSets,TX_1__FOODS,1624,12,19430.919921875,0.05673208363544236,rmsse,0.5339574684948553
store_cat,5,DeepSets,DeepSets,TX_1__HOBBIES,1624,13,6079.0,0.017748739524761276,rmsse,0.8209314519307676
store_cat,5,DeepSets,DeepSets,TX_1__HOUSEHOLD,1624,14,15056.8994140625,0.043961339982024346,rmsse,0.7943966772097335
store_cat,5,DeepSets,DeepSets,TX_2__FOODS,1624,15,12891.1689453125,0.0376380983352596,rmsse,0.724563033300461
store_cat,5,DeepSets,DeepSets,TX_2__HOBBIES,1624,16,5189.81005859375,0.015152588733832297,rmsse,0.9986243564176608
store_cat,5,DeepSets,DeepSets,TX_2__HOUSEHOLD,1624,17,8814.9208984375,0.025736755215947003,rmsse,0.9162092491419177
store_cat,5,DeepSets,DeepSets,TX_3__FOODS,1624,18,19487.4609375,0.05689716535263163,rmsse,0.6346864052596568
store_cat,5,DeepSets,DeepSets,TX_3__HOBBIES,1624,19,3044.280029296875,0.008888325922096211,rmsse,0.998239905659901
store_cat,5,DeepSets,DeepSets,TX_3__HOUSEHOLD,1624,20,11875.1904296875,0.034671765379743605,rmsse,0.9659008401172798
store_cat,5,DeepSets,DeepSets,WI_1__FOODS,1624,21,17048.990234375,0.049777609282796606,rmsse,0.572158151195632
store_cat,5,DeepSets,DeepSets,WI_1__HOBBIES,1624,22,3330.27978515625,0.009723353915334139,rmsse,0.9502026110497145
store_cat,5,DeepSets,DeepSets,WI_1__HOUSEHOLD,1624,23,7942.84033203125,0.02319055833854105,rmsse,1.028216780003485
store_cat,5,DeepSets,DeepSets,WI_2__FOODS,1624,24,22584.541015625,0.0659396505630228,rmsse,0.7313834381716385
store_cat,5,DeepSets,DeepSets,WI_2__HOBBIES,1624,25,2960.56005859375,0.008643890331862551,rmsse,0.6796647044826049
store_cat,5,DeepSets,DeepSets,WI_2__HOUSEHOLD,1624,26,10843.5302734375,0.03165964703933305,rmsse,1.7808794412168298
store_cat,5,DeepSets,DeepSets,WI_3__FOODS,1624,27,14479.0810546875,0.04227429481782435,rmsse,0.5906969696015928
store_cat,5,DeepSets,DeepSets,WI_3__HOBBIES,1624,28,2446.550048828125,0.007143145180283332,rmsse,0.8225457092230168
store_cat,5,DeepSets,DeepSets,WI_3__HOUSEHOLD,1624,29,6952.5400390625,0.02029919759644578,rmsse,0.9533575012190848
store_cat,5,DeepSets,DeepSets,CA_1__FOODS,1652,30,22150.4296875,0.06185958561822479,rmsse,0.749739507475726
store_cat,5,DeepSets,DeepSets,CA_1__HOBBIES,1652,31,6576.0703125,0.018365015499321114,rmsse,0.6838665851461595
store_cat,5,DeepSets,DeepSets,CA_1__HOUSEHOLD,1652,32,11714.048828125,0.03271386680270079,rmsse,0.9132384217179083
store_cat,5,DeepSets,DeepSets,CA_2__FOODS,1652,33,22242.439453125,0.062116541625611164,rmsse,1.0601910739015326
store_cat,5,DeepSets,DeepSets,CA_2__HOBBIES,1652,34,3845.419921875,0.010739118213561917,rmsse,0.7576932704501171
store_cat,5,DeepSets,DeepSets,CA_2__HOUSEHOLD,1652,35,12163.08984375,0.03396790528159426,rmsse,0.7920115511423464
store_cat,5,DeepSets,DeepSets,CA_3__FOODS,1652,36,30866.240234375,0.08620026145896928,rmsse,0.5891628781619408
store_cat,5,DeepSets,DeepSets,CA_3__HOBBIES,1652,37,4492.3701171875,0.012545858378979344,rmsse,0.5951059316122761
store_cat,5,DeepSets,DeepSets,CA_3__HOUSEHOLD,1652,38,23007.55078125,0.06425327081675328,rmsse,0.8706631238288859
store_cat,5,DeepSets,DeepSets,CA_4__FOODS,1652,39,15054.8701171875,0.04204379057761401,rmsse,0.9598493297874752
store_cat,5,DeepSets,DeepSets,CA_4__HOBBIES,1652,40,4913.99951171875,0.013723344323863056,rmsse,1.0492218095989312
store_cat,5,DeepSets,DeepSets,CA_4__HOUSEHOLD,1652,41,5792.14013671875,0.016175730843826765,rmsse,1.3388729909623531
store_cat,5,DeepSets,DeepSets,TX_1__FOODS,1652,42,17533.94921875,0.04896712380866184,rmsse,0.9723383460343322
store_cat,5,DeepSets,DeepSets,TX_1__HOBBIES,1652,43,4744.26953125,0.013249338789572615,rmsse,1.5000172514221708
store_cat,5,DeepSets,DeepSets,TX_1__HOUSEHOLD,1652,44,15183.1015625,0.04240190300171446,rmsse,0.7661452439964458
store_cat,5,DeepSets,DeepSets,TX_2__FOODS,1652,45,15849.0908203125,0.04426181362627987,rmsse,0.526594399314878
store_cat,5,DeepSets,DeepSets,TX_2__HOBBIES,1652,46,5366.5205078125,0.014987101356879109,rmsse,1.1259539210210856
store_cat,5,DeepSets,DeepSets,TX_2__HOUSEHOLD,1652,47,10422.69921875,0.029107510047947927,rmsse,0.751923355697759
store_cat,5,DeepSets,DeepSets,TX_3__FOODS,1652,48,21046.681640625,0.05877714442995552,rmsse,1.1997886796089607
store_cat,5,DeepSets,DeepSets,TX_3__HOBBIES,1652,49,4010.730224609375,0.011200780897755466,rmsse,1.3013053665738847
store_cat,5,DeepSets,DeepSets,TX_3__HOUSEHOLD,1652,50,11347.080078125,0.031689031838770115,rmsse,1.0403428225633253
store_cat,5,DeepSets,DeepSets,WI_1__FOODS,1652,51,16207.7998046875,0.04526358151268317,rmsse,0.5678341171670006
store_cat,5,DeepSets,DeepSets,WI_1__HOBBIES,1652,52,3446.31982421875,0.00962454991807008,rmsse,0.6774017899818422
store_cat,5,DeepSets,DeepSets,WI_1__HOUSEHOLD,1652,53,7792.1298828125,0.021761109487920302,rmsse,0.7785045568827198
store_cat,5,DeepSets,DeepSets,WI_2__FOODS,1652,54,24540.796875,0.06853517276394938,rmsse,0.7747619178631004
store_cat,5,DeepSets,DeepSets,WI_2__HOBBIES,1652,55,2985.840087890625,0.008338566482230818,rmsse,0.7685967029381476
store_cat,5,DeepSets,DeepSets,WI_2__HOUSEHOLD,1652,56,12426.2392578125,0.03470280360813874,rmsse,1.510124035594886
store_cat,5,DeepSets,DeepSets,WI_3__FOODS,1652,57,13080.458984375,0.036529845419939914,rmsse,0.40439773789499694
store_cat,5,DeepSets,DeepSets,WI_3__HOBBIES,1652,58,2197.47021484375,0.006136883068021783,rmsse,1.437791423223716
store_cat,5,DeepSets,DeepSets,WI_3__HOUSEHOLD,1652,59,7076.10009765625,0.019761450500489105,rmsse,0.6717593104327114
store_cat,5,DeepSets,DeepSets,CA_1__FOODS,1680,60,21534.548828125,0.06068286622926053,rmsse,0.5955105830939281
store_cat,5,DeepSets,DeepSets,CA_1__HOBBIES,1680,61,6613.10986328125,0.018635285298793075,rmsse,0.7467457597950583
store_cat,5,DeepSets,DeepSets,CA_1__HOUSEHOLD,1680,62,11636.8798828125,0.03279192106093307,rmsse,0.8402999448815234
store_cat,5,DeepSets,DeepSets,CA_2__FOODS,1680,63,22277.431640625,0.0627762585122731,rmsse,0.850327959981171
store_cat,5,DeepSets,DeepSets,CA_2__HOBBIES,1680,64,3777.090087890625,0.010643578111094766,rmsse,0.9387626153523552
store_cat,5,DeepSets,DeepSets,CA_2__HOUSEHOLD,1680,65,12186.1494140625,0.034339724535000775,rmsse,0.8091206674215169
store_cat,5,DeepSets,DeepSets,CA_3__FOODS,1680,66,30082.69921875,0.08477096163362861,rmsse,0.49527814920111274
store_cat,5,DeepSets,DeepSets,CA_3__HOBBIES,1680,67,4099.7099609375,0.011552698555421676,rmsse,1.0279655184448697
store_cat,5,DeepSets,DeepSets,CA_3__HOUSEHOLD,1680,68,23389.87109375,0.06591103579787709,rmsse,1.2005275591556424
store_cat,5,DeepSets,DeepSets,CA_4__FOODS,1680,69,16906.220703125,0.04764055832134261,rmsse,0.7921663076672875
store_cat,5,DeepSets,DeepSets,CA_4__HOBBIES,1680,70,4941.77978515625,0.013925592963686485,rmsse,0.7231456153581753
store_cat,5,DeepSets,DeepSets,CA_4__HOUSEHOLD,1680,71,5506.39013671875,0.01551662580625875,rmsse,1.1298486323409203
store_cat,5,DeepSets,DeepSets,TX_1__FOODS,1680,72,15486.05859375,0.043638639915951474,rmsse,0.6175773484846411
store_cat,5,DeepSets,DeepSets,TX_1__HOBBIES,1680,73,5881.2197265625,0.0165728696143273,rmsse,0.8271416856436402
store_cat,5,DeepSets,DeepSets,TX_1__HOUSEHOLD,1680,74,13594.3095703125,0.03830782226823448,rmsse,0.7781417014656752
store_cat,5,DeepSets,DeepSets,TX_2__FOODS,1680,75,15416.060546875,0.04344139027080091,rmsse,0.6184880115562942
store_cat,5,DeepSets,DeepSets,TX_2__HOBBIES,1680,76,4915.669921875,0.013852017178402743,rmsse,0.9768569679045774
store_cat,5,DeepSets,DeepSets,TX_2__HOUSEHOLD,1680,77,10866.5,0.030621043939357703,rmsse,0.6713448331702353
store_cat,5,DeepSets,DeepSets,TX_3__FOODS,1680,78,19612.30078125,0.055266104447113204,rmsse,0.5608241115196771
store_cat,5,DeepSets,DeepSets,TX_3__HOBBIES,1680,79,4123.81982421875,0.01162063847930766,rmsse,1.0128151295674888
store_cat,5,DeepSets,DeepSets,TX_3__HOUSEHOLD,1680,80,10549.05078125,0.029726494040507243,rmsse,1.0537976008376562
store_cat,5,DeepSets,DeepSets,WI_1__FOODS,1680,81,15985.55078125,0.04504617428495745,rmsse,0.5427072090226193
store_cat,5,DeepSets,DeepSets,WI_1__HOBBIES,1680,82,3516.590087890625,0.00990950716403705,rmsse,0.7136941199782829
store_cat,5,DeepSets,DeepSets,WI_1__HOUSEHOLD,1680,83,7219.4794921875,0.020343992890955252,rmsse,0.7425046555242469
store_cat,5,DeepSets,DeepSets,WI_2__FOODS,1680,84,26253.62890625,0.07398090685187252,rmsse,0.8002098727636352
store_cat,5,DeepSets,DeepSets,WI_2__HOBBIES,1680,85,3367.429931640625,0.009489184180690736,rmsse,0.8014046852669579
store_cat,5,DeepSets,DeepSets,WI_2__HOUSEHOLD,1680,86,12358.7998046875,0.03482624137091624,rmsse,1.3802375885604474
store_cat,5,DeepSets,DeepSets,WI_3__FOODS,1680,87,13333.021484375,0.037571530549620126,rmsse,0.5302446449666257
store_cat,5,DeepSets,DeepSets,WI_3__HOBBIES,1680,88,2570.940185546875,0.0072447312738316205,rmsse,1.0882017913040252
store_cat,5,DeepSets,DeepSets,WI_3__HOUSEHOLD,1680,89,6868.02001953125,0.019353604453545736,rmsse,0.9479999504756929
store_cat,5,DeepSets,DeepSets,CA_1__FOODS,1708,90,20929.671875,0.05979684072369002,rmsse,0.8753612047792196
store_cat,5,DeepSets,DeepSets,CA_1__HOBBIES,1708,91,6896.0703125,0.01970232598765621,rmsse,0.7698376947393972
store_cat,5,DeepSets,DeepSets,CA_1__HOUSEHOLD,1708,92,11415.6796875,0.03261501585418911,rmsse,0.8048383453946582
store_cat,5,DeepSets,DeepSets,CA_2__FOODS,1708,93,22532.720703125,0.06437681006196655,rmsse,1.0129375377502645
store_cat,5,DeepSets,DeepSets,CA_2__HOBBIES,1708,94,3892.940185546875,0.01112227299177373,rmsse,1.699448634312103
store_cat,5,DeepSets,DeepSets,CA_2__HOUSEHOLD,1708,95,11594.9912109375,0.03312731545787864,rmsse,0.8192455670917727
store_cat,5,DeepSets,DeepSets,CA_3__FOODS,1708,96,31220.111328125,0.08919700392884258,rmsse,0.4347680908382174
store_cat,5,DeepSets,DeepSets,CA_3__HOBBIES,1708,97,4470.72021484375,0.012773011741599172,rmsse,0.7406921843537752
store_cat,5,DeepSets,DeepSets,CA_3__HOUSEHOLD,1708,98,21245.71875,0.060699798245359,rmsse,0.897865519285981
store_cat,5,DeepSets,DeepSets,CA_4__FOODS,1708,99,15579.060546875,0.044509947777010124,rmsse,0.8769024327108536
store_cat,5,DeepSets,DeepSets,CA_4__HOBBIES,1708,100,4824.4296875,0.013783572687093504,rmsse,1.3908506572997779
store_cat,5,DeepSets,DeepSets,CA_4__HOUSEHOLD,1708,101,5507.87060546875,0.01573618847390119,rmsse,1.1969524637646487
store_cat,5,DeepSets,DeepSets,TX_1__FOODS,1708,102,17958.271484375,0.05130744074906603,rmsse,0.6422382467311096
store_cat,5,DeepSets,DeepSets,TX_1__HOBBIES,1708,103,4691.2998046875,0.013403215725663475,rmsse,1.115802508801366
store_cat,5,DeepSets,DeepSets,TX_1__HOUSEHOLD,1708,104,14049.580078125,0.040140165941630127,rmsse,0.7124914320870247
store_cat,5,DeepSets,DeepSets,TX_2__FOODS,1708,105,14624.0390625,0.04178141634422224,rmsse,0.495223823034519
store_cat,5,DeepSets,DeepSets,TX_2__HOBBIES,1708,106,4595.68994140625,0.01313005483712266,rmsse,1.0864184946141175
store_cat,5,DeepSets,DeepSets,TX_2__HOUSEHOLD,1708,107,10184.5302734375,0.02909757679162571,rmsse,0.6637248814127823
store_cat,5,DeepSets,DeepSets,TX_3__FOODS,1708,108,19384.69921875,0.05538279714001642,rmsse,0.722614240849959
store_cat,5,DeepSets,DeepSets,TX_3__HOBBIES,1708,109,4050.16015625,0.011571456218480096,rmsse,0.8555377892014218
store_cat,5,DeepSets,DeepSets,TX_3__HOUSEHOLD,1708,110,9310.4794921875,0.026600381629514593,rmsse,0.8189533359593743
store_cat,5,DeepSets,DeepSets,WI_1__FOODS,1708,111,16875.599609375,0.04821420746514032,rmsse,0.623808361672454
store_cat,5,DeepSets,DeepSets,WI_1__HOBBIES,1708,112,3283.669921875,0.009381565486560262,rmsse,0.9945158780899233
store_cat,5,DeepSets,DeepSets,WI_1__HOUSEHOLD,1708,113,7201.5009765625,0.020574952605032466,rmsse,0.8780251191853738
store_cat,5,DeepSets,DeepSets,WI_2__FOODS,1708,114,26684.5390625,0.07623870749791184,rmsse,0.6628762006990269
store_cat,5,DeepSets,DeepSets,WI_2__HOBBIES,1708,115,3460.66015625,0.009887233082200504,rmsse,0.6563491894919573
store_cat,5,DeepSets,DeepSets,WI_2__HOUSEHOLD,1708,116,11194.4296875,0.0319828964837025,rmsse,1.4095473207905498
store_cat,5,DeepSets,DeepSets,WI_3__FOODS,1708,117,13505.0,0.03858428067083272,rmsse,0.4279217120912407
store_cat,5,DeepSets,DeepSets,WI_3__HOBBIES,1708,118,2238.570068359375,0.006395676847012463,rmsse,0.9965064063522995
store_cat,5,DeepSets,DeepSets,WI_3__HOUSEHOLD,1708,119,6610.30029296875,0.01888587055330574,rmsse,0.7588840737083614
store_cat,5,DeepSets_Q,DeepSets,CA_1__FOODS,1624,0,22889.3203125,0.06682950882141633,mean_spl,0.11748469343623873
store_cat,5,DeepSets_Q,DeepSets,CA_1__HOBBIES,1624,1,5118.20947265625,0.01494353787849014,mean_spl,0.1464528572923257
store_cat,5,DeepSets_Q,DeepSets,CA_1__HOUSEHOLD,1624,2,10820.05078125,0.03159109441702517,mean_spl,0.16694898915859344
store_cat,5,DeepSets_Q,DeepSets,CA_2__FOODS,1624,3,17985.75,0.05251264877569915,mean_spl,0.46444527927070417
store_cat,5,DeepSets_Q,DeepSets,CA_2__HOBBIES,1624,4,3660.98974609375,0.010688921435472922,mean_spl,0.21709950379591716
store_cat,5,DeepSets_Q,DeepSets,CA_2__HOUSEHOLD,1624,5,11341.560546875,0.0331137364617196,mean_spl,0.16188332846157563
store_cat,5,DeepSets_Q,DeepSets,CA_3__FOODS,1624,6,32054.119140625,0.09358779590765223,mean_spl,0.16090748024530035
store_cat,5,DeepSets_Q,DeepSets,CA_3__HOBBIES,1624,7,4138.919921875,0.012084324988847617,mean_spl,0.1421514600566516
store_cat,5,DeepSets_Q,DeepSets,CA_3__HOUSEHOLD,1624,8,19951.701171875,0.05825259864706098,mean_spl,0.175148272038537
store_cat,5,DeepSets_Q,DeepSets,CA_4__FOODS,1624,9,13646.9404296875,0.039844709820111394,mean_spl,0.2221544124171547
store_cat,5,DeepSets_Q,DeepSets,CA_4__HOBBIES,1624,10,4991.009765625,0.014572155337328172,mean_spl,0.23814012229586462
store_cat,5,DeepSets_Q,DeepSets,CA_4__HOUSEHOLD,1624,11,5446.060546875,0.015900758361994297,mean_spl,0.27277331808461697
store_cat,5,DeepSets_Q,DeepSets,TX_1__FOODS,1624,12,19430.919921875,0.05673208363544236,mean_spl,0.11810609075234013
store_cat,5,DeepSets_Q,DeepSets,TX_1__HOBBIES,1624,13,6079.0,0.017748739524761276,mean_spl,0.15701370126873804
store_cat,5,DeepSets_Q,DeepSets,TX_1__HOUSEHOLD,1624,14,15056.8994140625,0.043961339982024346,mean_spl,0.15707596955894873
store_cat,5,DeepSets_Q,DeepSets,TX_2__FOODS,1624,15,12891.1689453125,0.0376380983352596,mean_spl,0.11189509962698946
store_cat,5,DeepSets_Q,DeepSets,TX_2__HOBBIES,1624,16,5189.81005859375,0.015152588733832297,mean_spl,0.17642337177214384
store_cat,5,DeepSets_Q,DeepSets,TX_2__HOUSEHOLD,1624,17,8814.9208984375,0.025736755215947003,mean_spl,0.1379748507629116
store_cat,5,DeepSets_Q,DeepSets,TX_3__FOODS,1624,18,19487.4609375,0.05689716535263163,mean_spl,0.16753457629492993
store_cat,5,DeepSets_Q,DeepSets,TX_3__HOBBIES,1624,19,3044.280029296875,0.008888325922096211,mean_spl,0.19277803126509876
store_cat,5,DeepSets_Q,DeepSets,TX_3__HOUSEHOLD,1624,20,11875.1904296875,0.034671765379743605,mean_spl,0.2191086273424199
store_cat,5,DeepSets_Q,DeepSets,WI_1__FOODS,1624,21,17048.990234375,0.049777609282796606,mean_spl,0.1752754588715533
store_cat,5,DeepSets_Q,DeepSets,WI_1__HOBBIES,1624,22,3330.27978515625,0.009723353915334139,mean_spl,0.16541437007485926
store_cat,5,DeepSets_Q,DeepSets,WI_1__HOUSEHOLD,1624,23,7942.84033203125,0.02319055833854105,mean_spl,0.18158992768255233
store_cat,5,DeepSets_Q,DeepSets,WI_2__FOODS,1624,24,22584.541015625,0.0659396505630228,mean_spl,0.15203022914514905
store_cat,5,DeepSets_Q,DeepSets,WI_2__HOBBIES,1624,25,2960.56005859375,0.008643890331862551,mean_spl,0.13401965388278164
store_cat,5,DeepSets_Q,DeepSets,WI_2__HOUSEHOLD,1624,26,10843.5302734375,0.03165964703933305,mean_spl,0.36203692543813265
store_cat,5,DeepSets_Q,DeepSets,WI_3__FOODS,1624,27,14479.0810546875,0.04227429481782435,mean_spl,0.16698521036731145
store_cat,5,DeepSets_Q,DeepSets,WI_3__HOBBIES,1624,28,2446.550048828125,0.007143145180283332,mean_spl,0.18088267731114263
store_cat,5,DeepSets_Q,DeepSets,WI_3__HOUSEHOLD,1624,29,6952.5400390625,0.02029919759644578,mean_spl,0.16113138806944272
store_cat,5,DeepSets_Q,DeepSets,CA_1__FOODS,1652,30,22150.4296875,0.06185958561822479,mean_spl,0.12531194641605953
store_cat,5,DeepSets_Q,DeepSets,CA_1__HOBBIES,1652,31,6576.0703125,0.018365015499321114,mean_spl,0.14586181143417212
store_cat,5,DeepSets_Q,DeepSets,CA_1__HOUSEHOLD,1652,32,11714.048828125,0.03271386680270079,mean_spl,0.21304177604995972
store_cat,5,DeepSets_Q,DeepSets,CA_2__FOODS,1652,33,22242.439453125,0.062116541625611164,mean_spl,0.22529802421332587
store_cat,5,DeepSets_Q,DeepSets,CA_2__HOBBIES,1652,34,3845.419921875,0.010739118213561917,mean_spl,0.18481914347820125
store_cat,5,DeepSets_Q,DeepSets,CA_2__HOUSEHOLD,1652,35,12163.08984375,0.03396790528159426,mean_spl,0.2159886134160911
store_cat,5,DeepSets_Q,DeepSets,CA_3__FOODS,1652,36,30866.240234375,0.08620026145896928,mean_spl,0.14945668464307266
store_cat,5,DeepSets_Q,DeepSets,CA_3__HOBBIES,1652,37,4492.3701171875,0.012545858378979344,mean_spl,0.14094175495102798
store_cat,5,DeepSets_Q,DeepSets,CA_3__HOUSEHOLD,1652,38,23007.55078125,0.06425327081675328,mean_spl,0.2022828298131204
store_cat,5,DeepSets_Q,DeepSets,CA_4__FOODS,1652,39,15054.8701171875,0.04204379057761401,mean_spl,0.1921122357428985
store_cat,5,DeepSets_Q,DeepSets,CA_4__HOBBIES,1652,40,4913.99951171875,0.013723344323863056,mean_spl,0.15816252223014649
store_cat,5,DeepSets_Q,DeepSets,CA_4__HOUSEHOLD,1652,41,5792.14013671875,0.016175730843826765,mean_spl,0.2815116538641136
store_cat,5,DeepSets_Q,DeepSets,TX_1__FOODS,1652,42,17533.94921875,0.04896712380866184,mean_spl,0.19746746621106614
store_cat,5,DeepSets_Q,DeepSets,TX_1__HOBBIES,1652,43,4744.26953125,0.013249338789572615,mean_spl,0.24995754501752573
store_cat,5,DeepSets_Q,DeepSets,TX_1__HOUSEHOLD,1652,44,15183.1015625,0.04240190300171446,mean_spl,0.2888609443966199
store_cat,5,DeepSets_Q,DeepSets,TX_2__FOODS,1652,45,15849.0908203125,0.04426181362627987,mean_spl,0.17959149322493148
store_cat,5,DeepSets_Q,DeepSets,TX_2__HOBBIES,1652,46,5366.5205078125,0.014987101356879109,mean_spl,0.20515253908309208
store_cat,5,DeepSets_Q,DeepSets,TX_2__HOUSEHOLD,1652,47,10422.69921875,0.029107510047947927,mean_spl,0.1790851343057644
store_cat,5,DeepSets_Q,DeepSets,TX_3__FOODS,1652,48,21046.681640625,0.05877714442995552,mean_spl,0.1827437379051029
store_cat,5,DeepSets_Q,DeepSets,TX_3__HOBBIES,1652,49,4010.730224609375,0.011200780897755466,mean_spl,0.24608215131827324
store_cat,5,DeepSets_Q,DeepSets,TX_3__HOUSEHOLD,1652,50,11347.080078125,0.031689031838770115,mean_spl,0.306184095673786
store_cat,5,DeepSets_Q,DeepSets,WI_1__FOODS,1652,51,16207.7998046875,0.04526358151268317,mean_spl,0.15894775011652562
store_cat,5,DeepSets_Q,DeepSets,WI_1__HOBBIES,1652,52,3446.31982421875,0.00962454991807008,mean_spl,0.1671295695753068
store_cat,5,DeepSets_Q,DeepSets,WI_1__HOUSEHOLD,1652,53,7792.1298828125,0.021761109487920302,mean_spl,0.17681092023603007
store_cat,5,DeepSets_Q,DeepSets,WI_2__FOODS,1652,54,24540.796875,0.06853517276394938,mean_spl,0.14761112011478747
store_cat,5,DeepSets_Q,DeepSets,WI_2__HOBBIES,1652,55,2985.840087890625,0.008338566482230818,mean_spl,0.18663712923498404
store_cat,5,DeepSets_Q,DeepSets,WI_2__HOUSEHOLD,1652,56,12426.2392578125,0.03470280360813874,mean_spl,0.35852491544558485
store_cat,5,DeepSets_Q,DeepSets,WI_3__FOODS,1652,57,13080.458984375,0.036529845419939914,mean_spl,0.10691929260232605
store_cat,5,DeepSets_Q,DeepSets,WI_3__HOBBIES,1652,58,2197.47021484375,0.006136883068021783,mean_spl,0.2801749670887618
store_cat,5,DeepSets_Q,DeepSets,WI_3__HOUSEHOLD,1652,59,7076.10009765625,0.019761450500489105,mean_spl,0.197125777207244
store_cat,5,DeepSets_Q,DeepSets,CA_1__FOODS,1680,60,21534.548828125,0.06068286622926053,mean_spl,0.12369577967269262
store_cat,5,DeepSets_Q,DeepSets,CA_1__HOBBIES,1680,61,6613.10986328125,0.018635285298793075,mean_spl,0.15142065877398178
store_cat,5,DeepSets_Q,DeepSets,CA_1__HOUSEHOLD,1680,62,11636.8798828125,0.03279192106093307,mean_spl,0.1692499226581403
store_cat,5,DeepSets_Q,DeepSets,CA_2__FOODS,1680,63,22277.431640625,0.0627762585122731,mean_spl,0.2595390621582938
store_cat,5,DeepSets_Q,DeepSets,CA_2__HOBBIES,1680,64,3777.090087890625,0.010643578111094766,mean_spl,0.22195293280554468
store_cat,5,DeepSets_Q,DeepSets,CA_2__HOUSEHOLD,1680,65,12186.1494140625,0.034339724535000775,mean_spl,0.22742539276680857
store_cat,5,DeepSets_Q,DeepSets,CA_3__FOODS,1680,66,30082.69921875,0.08477096163362861,mean_spl,0.14689986863235388
store_cat,5,DeepSets_Q,DeepSets,CA_3__HOBBIES,1680,67,4099.7099609375,0.011552698555421676,mean_spl,0.21981521460303757
store_cat,5,DeepSets_Q,DeepSets,CA_3__HOUSEHOLD,1680,68,23389.87109375,0.06591103579787709,mean_spl,0.24136062253849275
store_cat,5,DeepSets_Q,DeepSets,CA_4__FOODS,1680,69,16906.220703125,0.04764055832134261,mean_spl,0.19825088769559132
store_cat,5,DeepSets_Q,DeepSets,CA_4__HOBBIES,1680,70,4941.77978515625,0.013925592963686485,mean_spl,0.168854279528595
store_cat,5,DeepSets_Q,DeepSets,CA_4__HOUSEHOLD,1680,71,5506.39013671875,0.01551662580625875,mean_spl,0.24490000407839504
store_cat,5,DeepSets_Q,DeepSets,TX_1__FOODS,1680,72,15486.05859375,0.043638639915951474,mean_spl,0.15084623684143858
store_cat,5,DeepSets_Q,DeepSets,TX_1__HOBBIES,1680,73,5881.2197265625,0.0165728696143273,mean_spl,0.1525729379276632
store_cat,5,DeepSets_Q,DeepSets,TX_1__HOUSEHOLD,1680,74,13594.3095703125,0.03830782226823448,mean_spl,0.15234147419374078
store_cat,5,DeepSets_Q,DeepSets,TX_2__FOODS,1680,75,15416.060546875,0.04344139027080091,mean_spl,0.1470377958281447
store_cat,5,DeepSets_Q,DeepSets,TX_2__HOBBIES,1680,76,4915.669921875,0.013852017178402743,mean_spl,0.2121690951657381
store_cat,5,DeepSets_Q,DeepSets,TX_2__HOUSEHOLD,1680,77,10866.5,0.030621043939357703,mean_spl,0.14880049337522308
store_cat,5,DeepSets_Q,DeepSets,TX_3__FOODS,1680,78,19612.30078125,0.055266104447113204,mean_spl,0.14180306615281513
store_cat,5,DeepSets_Q,DeepSets,TX_3__HOBBIES,1680,79,4123.81982421875,0.01162063847930766,mean_spl,0.22413135990351085
store_cat,5,DeepSets_Q,DeepSets,TX_3__HOUSEHOLD,1680,80,10549.05078125,0.029726494040507243,mean_spl,0.25683541921564
store_cat,5,DeepSets_Q,DeepSets,WI_1__FOODS,1680,81,15985.55078125,0.04504617428495745,mean_spl,0.17283062757752565
store_cat,5,DeepSets_Q,DeepSets,WI_1__HOBBIES,1680,82,3516.590087890625,0.00990950716403705,mean_spl,0.11438977709634461
store_cat,5,DeepSets_Q,DeepSets,WI_1__HOUSEHOLD,1680,83,7219.4794921875,0.020343992890955252,mean_spl,0.22953267404339073
store_cat,5,DeepSets_Q,DeepSets,WI_2__FOODS,1680,84,26253.62890625,0.07398090685187252,mean_spl,0.19049874709443704
store_cat,5,DeepSets_Q,DeepSets,WI_2__HOBBIES,1680,85,3367.429931640625,0.009489184180690736,mean_spl,0.1515808744959048
store_cat,5,DeepSets_Q,DeepSets,WI_2__HOUSEHOLD,1680,86,12358.7998046875,0.03482624137091624,mean_spl,0.42196002299135715
store_cat,5,DeepSets_Q,DeepSets,WI_3__FOODS,1680,87,13333.021484375,0.037571530549620126,mean_spl,0.12060613498157695
store_cat,5,DeepSets_Q,DeepSets,WI_3__HOBBIES,1680,88,2570.940185546875,0.0072447312738316205,mean_spl,0.25275301414918033
store_cat,5,DeepSets_Q,DeepSets,WI_3__HOUSEHOLD,1680,89,6868.02001953125,0.019353604453545736,mean_spl,0.1745925941161348
store_cat,5,DeepSets_Q,DeepSets,CA_1__FOODS,1708,90,20929.671875,0.05979684072369002,mean_spl,0.29865853801182185
store_cat,5,DeepSets_Q,DeepSets,CA_1__HOBBIES,1708,91,6896.0703125,0.01970232598765621,mean_spl,0.16475379546110447
store_cat,5,DeepSets_Q,DeepSets,CA_1__HOUSEHOLD,1708,92,11415.6796875,0.03261501585418911,mean_spl,0.17944574341006672
store_cat,5,DeepSets_Q,DeepSets,CA_2__FOODS,1708,93,22532.720703125,0.06437681006196655,mean_spl,0.18254963926277099
store_cat,5,DeepSets_Q,DeepSets,CA_2__HOBBIES,1708,94,3892.940185546875,0.01112227299177373,mean_spl,0.34909147077982694
store_cat,5,DeepSets_Q,DeepSets,CA_2__HOUSEHOLD,1708,95,11594.9912109375,0.03312731545787864,mean_spl,0.1839797234872115
store_cat,5,DeepSets_Q,DeepSets,CA_3__FOODS,1708,96,31220.111328125,0.08919700392884258,mean_spl,0.1379557845052538
store_cat,5,DeepSets_Q,DeepSets,CA_3__HOBBIES,1708,97,4470.72021484375,0.012773011741599172,mean_spl,0.1522859786230707
store_cat,5,DeepSets_Q,DeepSets,CA_3__HOUSEHOLD,1708,98,21245.71875,0.060699798245359,mean_spl,0.17105720655028028
store_cat,5,DeepSets_Q,DeepSets,CA_4__FOODS,1708,99,15579.060546875,0.044509947777010124,mean_spl,0.20330415164708754
store_cat,5,DeepSets_Q,DeepSets,CA_4__HOBBIES,1708,100,4824.4296875,0.013783572687093504,mean_spl,0.21752842771522785
store_cat,5,DeepSets_Q,DeepSets,CA_4__HOUSEHOLD,1708,101,5507.87060546875,0.01573618847390119,mean_spl,0.3009620193727994
store_cat,5,DeepSets_Q,DeepSets,TX_1__FOODS,1708,102,17958.271484375,0.05130744074906603,mean_spl,0.14430907286490705
store_cat,5,DeepSets_Q,DeepSets,TX_1__HOBBIES,1708,103,4691.2998046875,0.013403215725663475,mean_spl,0.21984878714437192
store_cat,5,DeepSets_Q,DeepSets,TX_1__HOUSEHOLD,1708,104,14049.580078125,0.040140165941630127,mean_spl,0.18774351430079966
store_cat,5,DeepSets_Q,DeepSets,TX_2__FOODS,1708,105,14624.0390625,0.04178141634422224,mean_spl,0.12091873456707974
store_cat,5,DeepSets_Q,DeepSets,TX_2__HOBBIES,1708,106,4595.68994140625,0.01313005483712266,mean_spl,0.16729066971500453
store_cat,5,DeepSets_Q,DeepSets,TX_2__HOUSEHOLD,1708,107,10184.5302734375,0.02909757679162571,mean_spl,0.1656282941419185
store_cat,5,DeepSets_Q,DeepSets,TX_3__FOODS,1708,108,19384.69921875,0.05538279714001642,mean_spl,0.15102995110241724
store_cat,5,DeepSets_Q,DeepSets,TX_3__HOBBIES,1708,109,4050.16015625,0.011571456218480096,mean_spl,0.19976226013562215
store_cat,5,DeepSets_Q,DeepSets,TX_3__HOUSEHOLD,1708,110,9310.4794921875,0.026600381629514593,mean_spl,0.21184590575680573
store_cat,5,DeepSets_Q,DeepSets,WI_1__FOODS,1708,111,16875.599609375,0.04821420746514032,mean_spl,0.19911385921238256
store_cat,5,DeepSets_Q,DeepSets,WI_1__HOBBIES,1708,112,3283.669921875,0.009381565486560262,mean_spl,0.19565747575747405
store_cat,5,DeepSets_Q,DeepSets,WI_1__HOUSEHOLD,1708,113,7201.5009765625,0.020574952605032466,mean_spl,0.1701456072562524
store_cat,5,DeepSets_Q,DeepSets,WI_2__FOODS,1708,114,26684.5390625,0.07623870749791184,mean_spl,0.1553008064719795
store_cat,5,DeepSets_Q,DeepSets,WI_2__HOBBIES,1708,115,3460.66015625,0.009887233082200504,mean_spl,0.14175611302980207
store_cat,5,DeepSets_Q,DeepSets,WI_2__HOUSEHOLD,1708,116,11194.4296875,0.0319828964837025,mean_spl,0.4039495341489189
store_cat,5,DeepSets_Q,DeepSets,WI_3__FOODS,1708,117,13505.0,0.03858428067083272,mean_spl,0.11199166334562806
store_cat,5,DeepSets_Q,DeepSets,WI_3__HOBBIES,1708,118,2238.570068359375,0.006395676847012463,mean_spl,0.21608361004767443
store_cat,5,DeepSets_Q,DeepSets,WI_3__HOUSEHOLD,1708,119,6610.30029296875,0.01888587055330574,mean_spl,0.1704625982652173
