=== Phase 1: Cache (50% SKU) ===
Using cache directory: /root/autodl-tmp/m5/cache/50pct
[M5-PREP] Building item-store panel from raw CSV tables...
[M5-PREP] Applying reproducible store-SKU sampling (frac=0.5000, seed=42)...
[M5-PREP] Store-SKU sampling kept 15245/30490 units (50.00%); panel rows=29590545 | stage 00:31 | total 00:31
[M5-PREP] Built and cached panel with shape=(29590545, 26) | stage 02:08 | total 02:08
[M5-PREP] Building fast task arrays for task=store_dept...
[M5-PREP] task=store_dept aggregate tensor build: 1/70 (  1.4%) | elapsed 00:32 | ETA 36:47
[M5-PREP] task=store_dept aggregate tensor build: 66/70 ( 94.3%) | elapsed 00:37 | ETA 00:02
[M5-PREP] task=store_dept aggregate tensor build: 70/70 (100.0%) | elapsed 00:37 | ETA 00:00
[M5-PREP] Fast task arrays ready for task=store_dept with 70 aggregates | stage 00:37 | total 00:37
[M5-PREP] task=store_dept split=final_train_samples started...
[M5-PREP] task=store_dept split=final_train_samples: 4060/4060 (100.0%) | elapsed 00:01 | ETA 00:00
[M5-PREP] task=store_dept split=final_train_samples finished with 4060 samples | stage 00:01 | total 00:01
[M5-PREP] task=store_dept split=internal_valid_samples started...
[M5-PREP] task=store_dept split=internal_valid_samples: 210/210 (100.0%) | elapsed 00:00 | ETA 00:00
[M5-PREP] task=store_dept split=internal_valid_samples finished with 210 samples | stage 00:00 | total 00:00
[M5-PREP] task=store_dept split=test_samples started...
[M5-PREP] task=store_dept split=test_samples: 280/280 (100.0%) | elapsed 00:00 | ETA 00:00
[M5-PREP] task=store_dept split=test_samples finished with 280 samples | stage 00:00 | total 00:00
[M5-PREP] Loading cached item-store panel...
[M5-PREP] Loaded cached panel with shape=(29590545, 26) | stage 00:08 | total 00:08
[M5-PREP] Building fast task arrays for task=store_cat...
[M5-PREP] task=store_cat aggregate tensor build: 1/30 (  3.3%) | elapsed 00:31 | ETA 15:00
[M5-PREP] task=store_cat aggregate tensor build: 29/30 ( 96.7%) | elapsed 00:36 | ETA 00:01
[M5-PREP] task=store_cat aggregate tensor build: 30/30 (100.0%) | elapsed 00:36 | ETA 00:00
[M5-PREP] Fast task arrays ready for task=store_cat with 30 aggregates | stage 00:36 | total 00:36
[M5-PREP] task=store_cat split=final_train_samples started...
[M5-PREP] task=store_cat split=final_train_samples: 1740/1740 (100.0%) | elapsed 00:01 | ETA 00:00
[M5-PREP] task=store_cat split=final_train_samples finished with 1740 samples | stage 00:01 | total 00:01
[M5-PREP] task=store_cat split=internal_valid_samples started...
[M5-PREP] task=store_cat split=internal_valid_samples: 90/90 (100.0%) | elapsed 00:00 | ETA 00:00
[M5-PREP] task=store_cat split=internal_valid_samples finished with 90 samples | stage 00:00 | total 00:00
[M5-PREP] task=store_cat split=test_samples started...
[M5-PREP] task=store_cat split=test_samples: 120/120 (100.0%) | elapsed 00:00 | ETA 00:00
[M5-PREP] task=store_cat split=test_samples finished with 120 samples | stage 00:00 | total 00:00
[M5-PREP] Loading cached item-store panel...
[M5-PREP] Loaded cached panel with shape=(29590545, 26) | stage 00:08 | total 00:08
[M5-PREP] Building fast task arrays for task=state_dept...
[M5-PREP] task=state_dept aggregate tensor build: 1/21 (  4.8%) | elapsed 00:34 | ETA 11:12
[M5-PREP] task=state_dept aggregate tensor build: 20/21 ( 95.2%) | elapsed 00:39 | ETA 00:02
[M5-PREP] task=state_dept aggregate tensor build: 21/21 (100.0%) | elapsed 00:39 | ETA 00:00
[M5-PREP] Fast task arrays ready for task=state_dept with 21 aggregates | stage 00:39 | total 00:39
[M5-PREP] task=state_dept split=final_train_samples started...
[M5-PREP] task=state_dept split=final_train_samples: 1218/1218 (100.0%) | elapsed 00:01 | ETA 00:00
[M5-PREP] task=state_dept split=final_train_samples finished with 1218 samples | stage 00:01 | total 00:01
[M5-PREP] task=state_dept split=internal_valid_samples started...
[M5-PREP] task=state_dept split=internal_valid_samples: 63/63 (100.0%) | elapsed 00:00 | ETA 00:00
[M5-PREP] task=state_dept split=internal_valid_samples finished with 63 samples | stage 00:00 | total 00:00
[M5-PREP] task=state_dept split=test_samples started...
[M5-PREP] task=state_dept split=test_samples: 84/84 (100.0%) | elapsed 00:00 | ETA 00:00
[M5-PREP] task=state_dept split=test_samples finished with 84 samples | stage 00:00 | total 00:00
====================================================================================================
M5 EXPERIMENT SUMMARY
====================================================================================================

Task: store_dept
  # aggregate units: 70
  # child sku ids:    15245
  # time points:      1941
  sampled store-SKUs: frac=0.5 seed=42
  hist features:      ['sell_price', 'price_change_ratio', 'snap_flag', 'event_flag', 'wday', 'month']
  future features:    ['sell_price', 'price_change_ratio', 'snap_flag', 'event_flag', 'wday', 'month']
  final train samples: 4060
  internal valid samples: 210
  test samples: 280

Task: store_cat
  # aggregate units: 30
  # child sku ids:    15245
  # time points:      1941
  sampled store-SKUs: frac=0.5 seed=42
  hist features:      ['sell_price', 'price_change_ratio', 'snap_flag', 'event_flag', 'wday', 'month']
  future features:    ['sell_price', 'price_change_ratio', 'snap_flag', 'event_flag', 'wday', 'month']
  final train samples: 1740
  internal valid samples: 90
  test samples: 120

Task: state_dept
  # aggregate units: 21
  # child sku ids:    15245
  # time points:      1941
  sampled store-SKUs: frac=0.5 seed=42
  hist features:      ['sell_price', 'price_change_ratio', 'snap_flag', 'event_flag', 'wday', 'month']
  future features:    ['sell_price', 'price_change_ratio', 'snap_flag', 'event_flag', 'wday', 'month']
  final train samples: 1218
  internal valid samples: 63
  test samples: 84

Cache ready at: /root/autodl-tmp/m5/cache/50pct
=== Phase 2: Tuning M3_FullSkuTemporalCNN (50%) ===
Using cache directory: /root/autodl-tmp/m5/cache/50pct
Resolved search profile: large50
Active search space for M3_FullSkuTemporalCNN: {'hidden_dim': [64, 96, 128], 'dropout': (0.02, 0.1), 'lr': (0.00015, 0.0006), 'weight_decay': (1e-05, 0.0003), 'batch_size': [8, 16], 'cnn_num_blocks': [2, 3], 'cnn_kernel_size': [3, 5], 'num_heads': [2, 4], 'num_sab_layers': [1, 2], 'num_seeds': [1], 'num_inducing_points': [16, 32]}
Loaded warm-start params for M3_FullSkuTemporalCNN: {'batch_size': 8, 'cnn_kernel_size': 5, 'cnn_num_blocks': 2, 'dropout': 0.04400665831386537, 'epochs': 24, 'hidden_dim': 128, 'lag_windows': [7, 14, 28, 56], 'lr': 0.00020564626498382444, 'model_name': 'SkuTemporalCNN', 'num_heads': 4, 'num_inducing_points': 32, 'num_sab_layers': 2, 'num_seeds': 1, 'patience': 6, 'recent_window': 14, 'search_profile': 'large30', 'stage1_objective': 0.8829564107249062, 'stage2_objective': 0.8384428149677867, 'stat_windows': [7, 28, 56], 'store_sku_sample_frac': 0.3, 'trial_number': 12, 'use_permreg': False, 'weight_decay': 3.273251909543837e-05}
Building/loading cached experiment artifacts...
[M5-PREP] Loading cached task package for task=store_dept...
[M5-PREP] Loaded cached task package for task=store_dept | stage 00:01 | total 00:01
[M5-PREP] Loading cached samples: task=store_dept split=final_train_samples...
[M5-PREP] Loaded cached samples: task=store_dept split=final_train_samples n=4060 | stage 00:02 | total 00:02
[M5-PREP] Loading cached samples: task=store_dept split=internal_valid_samples...
[M5-PREP] Loaded cached samples: task=store_dept split=internal_valid_samples n=210 | stage 00:00 | total 00:00
[M5-PREP] Loading cached samples: task=store_dept split=test_samples...
[M5-PREP] Loaded cached samples: task=store_dept split=test_samples n=280 | stage 00:00 | total 00:00
[M5-PREP] Loading cached task package for task=store_cat...
[M5-PREP] Loaded cached task package for task=store_cat | stage 00:01 | total 00:01
[M5-PREP] Loading cached samples: task=store_cat split=final_train_samples...
[M5-PREP] Loaded cached samples: task=store_cat split=final_train_samples n=1740 | stage 00:01 | total 00:01
[M5-PREP] Loading cached samples: task=store_cat split=internal_valid_samples...
[M5-PREP] Loaded cached samples: task=store_cat split=internal_valid_samples n=90 | stage 00:00 | total 00:00
[M5-PREP] Loading cached samples: task=store_cat split=test_samples...
[M5-PREP] Loaded cached samples: task=store_cat split=test_samples n=120 | stage 00:00 | total 00:00
[M5-PREP] Loading cached task package for task=state_dept...
[M5-PREP] Loaded cached task package for task=state_dept | stage 00:01 | total 00:01
[M5-PREP] Loading cached samples: task=state_dept split=final_train_samples...
[M5-PREP] Loaded cached samples: task=state_dept split=final_train_samples n=1218 | stage 00:02 | total 00:02
[M5-PREP] Loading cached samples: task=state_dept split=internal_valid_samples...
[M5-PREP] Loaded cached samples: task=state_dept split=internal_valid_samples n=63 | stage 00:00 | total 00:00
[M5-PREP] Loading cached samples: task=state_dept split=test_samples...
[M5-PREP] Loaded cached samples: task=state_dept split=test_samples n=84 | stage 00:00 | total 00:00
[I 2026-04-27 07:46:00,259] A new study created in RDB with name: m5_multistage_tuning
Enqueuing warm-start Optuna trial: {'hidden_dim': 128, 'batch_size': 8, 'cnn_num_blocks': 2, 'cnn_kernel_size': 5, 'dropout': 0.04400665831386537, 'lr': 0.00020564626498382444, 'weight_decay': 3.273251909543837e-05}
Training samples: 1624 | Validation samples: 210
[I 2026-04-27 07:46:39,319] Trial 0 finished with value: 0.9130817067063767 and parameters: {'hidden_dim': 128, 'dropout': 0.04400665831386537, 'lr': 0.00020564626498382444, 'weight_decay': 3.273251909543837e-05, 'batch_size': 8, 'cnn_num_blocks': 2, 'cnn_kernel_size': 5}. Best is trial 0 with value: 0.9130817067063767.
Training samples: 1624 | Validation samples: 210
[I 2026-04-27 07:47:35,040] Trial 1 finished with value: 0.8821186322567341 and parameters: {'hidden_dim': 96, 'dropout': 0.06789267873576293, 'lr': 0.00018621893577637665, 'weight_decay': 1.6998978382700755e-05, 'batch_size': 16, 'cnn_num_blocks': 3, 'cnn_kernel_size': 5}. Best is trial 1 with value: 0.8821186322567341.
Training samples: 1624 | Validation samples: 210
[I 2026-04-27 07:48:02,332] Trial 2 finished with value: 0.8575895702649191 and parameters: {'hidden_dim': 64, 'dropout': 0.03467236078827471, 'lr': 0.00022869851320252987, 'weight_decay': 5.9583893500689616e-05, 'batch_size': 8, 'cnn_num_blocks': 2, 'cnn_kernel_size': 5}. Best is trial 2 with value: 0.8575895702649191.
Training samples: 1624 | Validation samples: 210
[I 2026-04-27 07:48:54,267] Trial 3 finished with value: 0.908259523089094 and parameters: {'hidden_dim': 96, 'dropout': 0.06113875507308893, 'lr': 0.00034100470346980536, 'weight_decay': 1.1711509955524086e-05, 'batch_size': 8, 'cnn_num_blocks': 3, 'cnn_kernel_size': 3}. Best is trial 2 with value: 0.8575895702649191.
Training samples: 1624 | Validation samples: 210
[I 2026-04-27 07:49:26,130] Trial 4 pruned. Pruned at stage=stage1, task=store_dept, fold=0, epoch=6
Training samples: 1624 | Validation samples: 210
Early stopping at epoch 7
[I 2026-04-27 07:50:03,685] Trial 5 finished with value: 0.9067327868849563 and parameters: {'hidden_dim': 128, 'dropout': 0.08201062586888917, 'lr': 0.000551729218136135, 'weight_decay': 0.0002097821338457683, 'batch_size': 16, 'cnn_num_blocks': 3, 'cnn_kernel_size': 5}. Best is trial 2 with value: 0.8575895702649191.
Training samples: 1624 | Validation samples: 210
[I 2026-04-27 07:50:42,098] Trial 6 pruned. Pruned at stage=stage1, task=store_dept, fold=0, epoch=8
Training samples: 1624 | Validation samples: 210
[I 2026-04-27 07:51:22,603] Trial 7 pruned. Pruned at stage=stage1, task=store_dept, fold=0, epoch=9
Training samples: 1624 | Validation samples: 210
[I 2026-04-27 07:52:01,409] Trial 8 pruned. Pruned at stage=stage1, task=store_dept, fold=0, epoch=9
Training samples: 1624 | Validation samples: 210
[I 2026-04-27 07:52:16,177] Trial 9 pruned. Pruned at stage=stage1, task=store_dept, fold=0, epoch=5
Training samples: 1624 | Validation samples: 210
[I 2026-04-27 07:52:42,329] Trial 10 pruned. Pruned at stage=stage1, task=store_dept, fold=0, epoch=9
Training samples: 1624 | Validation samples: 210
[I 2026-04-27 07:53:22,438] Trial 11 pruned. Pruned at stage=stage1, task=store_dept, fold=0, epoch=8
Training samples: 1624 | Validation samples: 210
[I 2026-04-27 07:53:43,709] Trial 12 pruned. Pruned at stage=stage1, task=store_dept, fold=0, epoch=8
Training samples: 1624 | Validation samples: 210
[I 2026-04-27 07:53:59,600] Trial 13 pruned. Pruned at stage=stage1, task=store_dept, fold=0, epoch=5
Training samples: 1624 | Validation samples: 210
[I 2026-04-27 07:54:43,342] Trial 14 pruned. Pruned at stage=stage1, task=store_dept, fold=0, epoch=9
Training samples: 1624 | Validation samples: 210
[I 2026-04-27 07:55:08,325] Trial 15 pruned. Pruned at stage=stage1, task=store_dept, fold=0, epoch=8
Training samples: 1624 | Validation samples: 210
[I 2026-04-27 07:55:34,492] Trial 16 pruned. Pruned at stage=stage1, task=store_dept, fold=0, epoch=5
Training samples: 1624 | Validation samples: 210
[I 2026-04-27 07:56:00,929] Trial 17 pruned. Pruned at stage=stage1, task=store_dept, fold=0, epoch=9
Training samples: 1624 | Validation samples: 210
[I 2026-04-27 07:56:47,232] Trial 18 pruned. Pruned at stage=stage1, task=store_dept, fold=0, epoch=8
Training samples: 1624 | Validation samples: 210
[I 2026-04-27 07:57:09,306] Trial 19 pruned. Pruned at stage=stage1, task=store_dept, fold=0, epoch=8
Training samples: 4060 | Validation samples: 210
Early stopping at epoch 15
Training samples: 1740 | Validation samples: 90
Early stopping at epoch 16
Training samples: 1218 | Validation samples: 63
Training samples: 4060 | Validation samples: 210
Early stopping at epoch 15
Training samples: 1740 | Validation samples: 90
Early stopping at epoch 20
Training samples: 1218 | Validation samples: 63
Training samples: 4060 | Validation samples: 210
Early stopping at epoch 15
Training samples: 1740 | Validation samples: 90
Early stopping at epoch 11
Training samples: 1218 | Validation samples: 63
Early stopping at epoch 17
Training samples: 4060 | Validation samples: 210
Training samples: 1740 | Validation samples: 90
Training samples: 1218 | Validation samples: 63
Training samples: 4060 | Validation samples: 210
Training samples: 1740 | Validation samples: 90
Early stopping at epoch 12
Training samples: 1218 | Validation samples: 63
Training samples: 4060 | Validation samples: 210
Training samples: 1740 | Validation samples: 90
Early stopping at epoch 18
Training samples: 1218 | Validation samples: 63
Early stopping at epoch 20
Multistage tuning summary:
{'stage1_trials_csv': '/root/autodl-tmp/m5/work/50pct/01_tuning/M3_FullSkuTemporalCNN/stage1_trials.csv', 'stage2_confirmation_csv': '/root/autodl-tmp/m5/work/50pct/01_tuning/M3_FullSkuTemporalCNN/stage2_confirmation.csv', 'best_params_json': '/root/autodl-tmp/m5/work/50pct/01_tuning/M3_FullSkuTemporalCNN/best_params.json', 'best_params': {'model_name': 'SkuTemporalCNN', 'hidden_dim': 128, 'dropout': 0.04400665831386537, 'lr': 0.00020564626498382444, 'weight_decay': 3.273251909543837e-05, 'batch_size': 8, 'cnn_num_blocks': 2, 'cnn_kernel_size': 5, 'num_heads': 4, 'num_sab_layers': 2, 'num_seeds': 1, 'num_inducing_points': 32, 'search_profile': 'large50', 'store_sku_sample_frac': 0.5, 'recent_window': 14, 'lag_windows': [7, 14, 28, 56], 'stat_windows': [7, 28, 56], 'epochs': 32, 'patience': 8, 'use_permreg': False, 'stage1_objective': 0.9130817067063767, 'stage2_objective': 0.8295422691656112, 'trial_number': 0}, 'final_retrain_results_csv': '/root/autodl-tmp/m5/work/50pct/01_tuning/M3_FullSkuTemporalCNN/final_retrain_results.csv', 'final_mean_metric': 0.772016375162679}
=== Phase 2: Tuning DeepSets (50%) ===
Using cache directory: /root/autodl-tmp/m5/cache/50pct
Resolved search profile: large50
Active search space for DeepSets: {'hidden_dim': [64, 96, 128], 'dropout': (0.01, 0.1), 'lr': (0.00015, 0.0006), 'weight_decay': (1e-06, 0.0001), 'batch_size': [8, 16], 'cnn_num_blocks': [2, 3], 'cnn_kernel_size': [3, 5], 'num_heads': [2, 4], 'num_sab_layers': [1, 2], 'num_seeds': [1], 'num_inducing_points': [16, 32]}
Loaded warm-start params for DeepSets: {'batch_size': 8, 'cnn_kernel_size': 5, 'cnn_num_blocks': 2, 'dropout': 0.030781285623524793, 'epochs': 24, 'hidden_dim': 128, 'lag_windows': [7, 14, 28, 56], 'lr': 0.0001967569263914974, 'model_name': 'DeepSets', 'num_heads': 4, 'num_inducing_points': 32, 'num_sab_layers': 2, 'num_seeds': 1, 'patience': 6, 'recent_window': 14, 'search_profile': 'large30', 'stage1_objective': 0.8830851327840437, 'stage2_objective': 0.8267925951533687, 'stat_windows': [7, 28, 56], 'store_sku_sample_frac': 0.3, 'trial_number': 18, 'use_permreg': False, 'weight_decay': 5.2396195076096055e-05}
Building/loading cached experiment artifacts...
[M5-PREP] Loading cached task package for task=store_dept...
[M5-PREP] Loaded cached task package for task=store_dept | stage 00:01 | total 00:01
[M5-PREP] Loading cached samples: task=store_dept split=final_train_samples...
[M5-PREP] Loaded cached samples: task=store_dept split=final_train_samples n=4060 | stage 00:02 | total 00:02
[M5-PREP] Loading cached samples: task=store_dept split=internal_valid_samples...
[M5-PREP] Loaded cached samples: task=store_dept split=internal_valid_samples n=210 | stage 00:00 | total 00:00
[M5-PREP] Loading cached samples: task=store_dept split=test_samples...
[M5-PREP] Loaded cached samples: task=store_dept split=test_samples n=280 | stage 00:00 | total 00:00
[M5-PREP] Loading cached task package for task=store_cat...
[M5-PREP] Loaded cached task package for task=store_cat | stage 00:01 | total 00:01
[M5-PREP] Loading cached samples: task=store_cat split=final_train_samples...
[M5-PREP] Loaded cached samples: task=store_cat split=final_train_samples n=1740 | stage 00:01 | total 00:01
[M5-PREP] Loading cached samples: task=store_cat split=internal_valid_samples...
[M5-PREP] Loaded cached samples: task=store_cat split=internal_valid_samples n=90 | stage 00:00 | total 00:00
[M5-PREP] Loading cached samples: task=store_cat split=test_samples...
[M5-PREP] Loaded cached samples: task=store_cat split=test_samples n=120 | stage 00:00 | total 00:00
[M5-PREP] Loading cached task package for task=state_dept...
[M5-PREP] Loaded cached task package for task=state_dept | stage 00:01 | total 00:01
[M5-PREP] Loading cached samples: task=state_dept split=final_train_samples...
[M5-PREP] Loaded cached samples: task=state_dept split=final_train_samples n=1218 | stage 00:01 | total 00:01
[M5-PREP] Loading cached samples: task=state_dept split=internal_valid_samples...
[M5-PREP] Loaded cached samples: task=state_dept split=internal_valid_samples n=63 | stage 00:00 | total 00:00
[M5-PREP] Loading cached samples: task=state_dept split=test_samples...
[M5-PREP] Loaded cached samples: task=state_dept split=test_samples n=84 | stage 00:00 | total 00:00
[I 2026-04-27 08:55:19,364] A new study created in RDB with name: m5_multistage_tuning
Enqueuing warm-start Optuna trial: {'hidden_dim': 128, 'batch_size': 8, 'cnn_num_blocks': 2, 'cnn_kernel_size': 5, 'dropout': 0.030781285623524793, 'lr': 0.0001967569263914974, 'weight_decay': 5.2396195076096055e-05}
Training samples: 1624 | Validation samples: 210
[I 2026-04-27 08:56:00,939] Trial 0 finished with value: 0.9083146339164904 and parameters: {'hidden_dim': 128, 'dropout': 0.030781285623524793, 'lr': 0.0001967569263914974, 'weight_decay': 5.2396195076096055e-05, 'batch_size': 8, 'cnn_num_blocks': 2, 'cnn_kernel_size': 5}. Best is trial 0 with value: 0.9083146339164904.
Training samples: 1624 | Validation samples: 210
[I 2026-04-27 08:57:00,181] Trial 1 finished with value: 0.9549771876379852 and parameters: {'hidden_dim': 96, 'dropout': 0.0638792635777333, 'lr': 0.00018621893577637665, 'weight_decay': 2.0511104188433975e-06, 'batch_size': 16, 'cnn_num_blocks': 3, 'cnn_kernel_size': 5}. Best is trial 0 with value: 0.9083146339164904.
Training samples: 1624 | Validation samples: 210
[I 2026-04-27 08:57:28,674] Trial 2 finished with value: 0.9100795414539515 and parameters: {'hidden_dim': 64, 'dropout': 0.026506405886809047, 'lr': 0.00022869851320252987, 'weight_decay': 1.120760621186056e-05, 'batch_size': 8, 'cnn_num_blocks': 2, 'cnn_kernel_size': 5}. Best is trial 0 with value: 0.9083146339164904.
Training samples: 1624 | Validation samples: 210
[I 2026-04-27 08:58:22,429] Trial 3 finished with value: 0.9003247268386426 and parameters: {'hidden_dim': 96, 'dropout': 0.05628109945722505, 'lr': 0.00034100470346980536, 'weight_decay': 1.2385137298860933e-06, 'batch_size': 8, 'cnn_num_blocks': 3, 'cnn_kernel_size': 3}. Best is trial 3 with value: 0.9003247268386426.
Training samples: 1624 | Validation samples: 210
[I 2026-04-27 08:59:18,965] Trial 4 finished with value: 0.8846916977935232 and parameters: {'hidden_dim': 128, 'dropout': 0.04961372443656412, 'lr': 0.00017765015783064765, 'weight_decay': 9.780337016659406e-06, 'batch_size': 16, 'cnn_num_blocks': 3, 'cnn_kernel_size': 5}. Best is trial 4 with value: 0.8846916977935232.
Training samples: 1624 | Validation samples: 210
Early stopping at epoch 10
[I 2026-04-27 09:00:15,063] Trial 5 finished with value: 0.8860235677980374 and parameters: {'hidden_dim': 128, 'dropout': 0.07976195410250031, 'lr': 0.000551729218136135, 'weight_decay': 6.161049539380962e-05, 'batch_size': 16, 'cnn_num_blocks': 3, 'cnn_kernel_size': 5}. Best is trial 4 with value: 0.8846916977935232.
Training samples: 1624 | Validation samples: 210
Early stopping at epoch 10
[I 2026-04-27 09:01:06,257] Trial 6 finished with value: 0.885891180580439 and parameters: {'hidden_dim': 128, 'dropout': 0.04210779940242304, 'lr': 0.00022142705683173797, 'weight_decay': 1.2172847081122448e-05, 'batch_size': 16, 'cnn_num_blocks': 3, 'cnn_kernel_size': 3}. Best is trial 4 with value: 0.8846916977935232.
Training samples: 1624 | Validation samples: 210
[I 2026-04-27 09:01:30,038] Trial 7 pruned. Pruned at stage=stage1, task=store_dept, fold=0, epoch=5
Training samples: 1624 | Validation samples: 210
[I 2026-04-27 09:01:52,995] Trial 8 pruned. Pruned at stage=stage1, task=store_dept, fold=0, epoch=5
Training samples: 1624 | Validation samples: 210
[I 2026-04-27 09:02:08,988] Trial 9 pruned. Pruned at stage=stage1, task=store_dept, fold=0, epoch=5
Training samples: 1624 | Validation samples: 210
[I 2026-04-27 09:02:39,505] Trial 10 pruned. Pruned at stage=stage1, task=store_dept, fold=0, epoch=5
Training samples: 1624 | Validation samples: 210
[I 2026-04-27 09:03:06,305] Trial 11 pruned. Pruned at stage=stage1, task=store_dept, fold=0, epoch=5
Training samples: 1624 | Validation samples: 210
[I 2026-04-27 09:03:32,578] Trial 12 pruned. Pruned at stage=stage1, task=store_dept, fold=0, epoch=5
Training samples: 1624 | Validation samples: 210
[I 2026-04-27 09:03:59,223] Trial 13 pruned. Pruned at stage=stage1, task=store_dept, fold=0, epoch=5
Training samples: 1624 | Validation samples: 210
[I 2026-04-27 09:04:55,098] Trial 14 finished with value: 0.8926425137673829 and parameters: {'hidden_dim': 128, 'dropout': 0.011188221413582361, 'lr': 0.0002753416457371354, 'weight_decay': 2.19915285366921e-05, 'batch_size': 16, 'cnn_num_blocks': 3, 'cnn_kernel_size': 5}. Best is trial 4 with value: 0.8846916977935232.
Training samples: 1624 | Validation samples: 210
[I 2026-04-27 09:05:11,096] Trial 15 pruned. Pruned at stage=stage1, task=store_dept, fold=0, epoch=5
Training samples: 1624 | Validation samples: 210
[I 2026-04-27 09:05:39,675] Trial 16 pruned. Pruned at stage=stage1, task=store_dept, fold=0, epoch=5
Training samples: 1624 | Validation samples: 210
[I 2026-04-27 09:06:06,447] Trial 17 pruned. Pruned at stage=stage1, task=store_dept, fold=0, epoch=5
Training samples: 1624 | Validation samples: 210
[I 2026-04-27 09:06:22,269] Trial 18 pruned. Pruned at stage=stage1, task=store_dept, fold=0, epoch=5
Training samples: 1624 | Validation samples: 210
[I 2026-04-27 09:06:52,127] Trial 19 pruned. Pruned at stage=stage1, task=store_dept, fold=0, epoch=5
Training samples: 4060 | Validation samples: 210
Early stopping at epoch 20
Training samples: 1740 | Validation samples: 90
Training samples: 1218 | Validation samples: 63
Training samples: 4060 | Validation samples: 210
Early stopping at epoch 19
Training samples: 1740 | Validation samples: 90
Early stopping at epoch 18
Training samples: 1218 | Validation samples: 63
Training samples: 4060 | Validation samples: 210
Early stopping at epoch 14
Training samples: 1740 | Validation samples: 90
Training samples: 1218 | Validation samples: 63
Training samples: 4060 | Validation samples: 210
Training samples: 1740 | Validation samples: 90
Training samples: 1218 | Validation samples: 63
Early stopping at epoch 19
Training samples: 4060 | Validation samples: 210
Early stopping at epoch 15
Training samples: 1740 | Validation samples: 90
Early stopping at epoch 20
Training samples: 1218 | Validation samples: 63
Training samples: 4060 | Validation samples: 210
Training samples: 1740 | Validation samples: 90
Training samples: 1218 | Validation samples: 63
Early stopping at epoch 16
Training samples: 4060 | Validation samples: 210
Early stopping at epoch 29
Training samples: 1740 | Validation samples: 90
Early stopping at epoch 25
Training samples: 1218 | Validation samples: 63
Early stopping at epoch 24
Multistage tuning summary:
{'stage1_trials_csv': '/root/autodl-tmp/m5/work/50pct/01_tuning/DeepSets/stage1_trials.csv', 'stage2_confirmation_csv': '/root/autodl-tmp/m5/work/50pct/01_tuning/DeepSets/stage2_confirmation.csv', 'best_params_json': '/root/autodl-tmp/m5/work/50pct/01_tuning/DeepSets/best_params.json', 'best_params': {'model_name': 'DeepSets', 'hidden_dim': 128, 'dropout': 0.011188221413582361, 'lr': 0.0002753416457371354, 'weight_decay': 2.19915285366921e-05, 'batch_size': 16, 'cnn_num_blocks': 3, 'cnn_kernel_size': 5, 'num_heads': 4, 'num_sab_layers': 2, 'num_seeds': 1, 'num_inducing_points': 32, 'search_profile': 'large50', 'store_sku_sample_frac': 0.5, 'recent_window': 14, 'lag_windows': [7, 14, 28, 56], 'stat_windows': [7, 28, 56], 'epochs': 32, 'patience': 8, 'use_permreg': False, 'stage1_objective': 0.8926425137673829, 'stage2_objective': 0.7897393199413026, 'trial_number': 14}, 'final_retrain_results_csv': '/root/autodl-tmp/m5/work/50pct/01_tuning/DeepSets/final_retrain_results.csv', 'final_mean_metric': 0.7244578846777365}
=== Phase 2: Tuning SetTransformer (50%) ===
Using cache directory: /root/autodl-tmp/m5/cache/50pct
Resolved search profile: large50
Active search space for SetTransformer: {'hidden_dim': [96, 128], 'dropout': (0.02, 0.1), 'lr': (0.00015, 0.0005), 'weight_decay': (1e-06, 0.0001), 'batch_size': [4, 8], 'cnn_num_blocks': [2, 3], 'cnn_kernel_size': [3, 5], 'num_heads': [2, 4], 'num_sab_layers': [1, 2], 'num_seeds': [1], 'num_inducing_points': [16, 32]}
Loaded warm-start params for SetTransformer: {'batch_size': 4, 'cnn_kernel_size': 5, 'cnn_num_blocks': 2, 'dropout': 0.02676563915781212, 'epochs': 24, 'hidden_dim': 160, 'lag_windows': [7, 14, 28, 56], 'lr': 0.00017104518344723048, 'model_name': 'SetTransformer', 'num_heads': 4, 'num_inducing_points': 16, 'num_sab_layers': 2, 'num_seeds': 1, 'patience': 6, 'recent_window': 14, 'search_profile': 'large30', 'stage1_objective': 0.8670698375099346, 'stage2_objective': 0.8248814724004189, 'stat_windows': [7, 28, 56], 'store_sku_sample_frac': 0.3, 'trial_number': 26, 'use_permreg': False, 'weight_decay': 3.0089668225756894e-06}
Building/loading cached experiment artifacts...
[M5-PREP] Loading cached task package for task=store_dept...
[M5-PREP] Loaded cached task package for task=store_dept | stage 00:01 | total 00:01
[M5-PREP] Loading cached samples: task=store_dept split=final_train_samples...
[M5-PREP] Loaded cached samples: task=store_dept split=final_train_samples n=4060 | stage 00:02 | total 00:02
[M5-PREP] Loading cached samples: task=store_dept split=internal_valid_samples...
[M5-PREP] Loaded cached samples: task=store_dept split=internal_valid_samples n=210 | stage 00:00 | total 00:00
[M5-PREP] Loading cached samples: task=store_dept split=test_samples...
[M5-PREP] Loaded cached samples: task=store_dept split=test_samples n=280 | stage 00:00 | total 00:00
[M5-PREP] Loading cached task package for task=store_cat...
[M5-PREP] Loaded cached task package for task=store_cat | stage 00:01 | total 00:01
[M5-PREP] Loading cached samples: task=store_cat split=final_train_samples...
[M5-PREP] Loaded cached samples: task=store_cat split=final_train_samples n=1740 | stage 00:01 | total 00:01
[M5-PREP] Loading cached samples: task=store_cat split=internal_valid_samples...
[M5-PREP] Loaded cached samples: task=store_cat split=internal_valid_samples n=90 | stage 00:00 | total 00:00
[M5-PREP] Loading cached samples: task=store_cat split=test_samples...
[M5-PREP] Loaded cached samples: task=store_cat split=test_samples n=120 | stage 00:00 | total 00:00
[M5-PREP] Loading cached task package for task=state_dept...
[M5-PREP] Loaded cached task package for task=state_dept | stage 00:01 | total 00:01
[M5-PREP] Loading cached samples: task=state_dept split=final_train_samples...
[M5-PREP] Loaded cached samples: task=state_dept split=final_train_samples n=1218 | stage 00:01 | total 00:01
[M5-PREP] Loading cached samples: task=state_dept split=internal_valid_samples...
[M5-PREP] Loaded cached samples: task=state_dept split=internal_valid_samples n=63 | stage 00:00 | total 00:00
[M5-PREP] Loading cached samples: task=state_dept split=test_samples...
[M5-PREP] Loaded cached samples: task=state_dept split=test_samples n=84 | stage 00:00 | total 00:00
[I 2026-04-27 10:31:50,163] A new study created in RDB with name: m5_multistage_tuning
Enqueuing warm-start Optuna trial: {'hidden_dim': 128, 'batch_size': 4, 'cnn_num_blocks': 2, 'cnn_kernel_size': 5, 'num_heads': 4, 'num_sab_layers': 2, 'num_seeds': 1, 'num_inducing_points': 16, 'dropout': 0.02676563915781212, 'lr': 0.00017104518344723048, 'weight_decay': 3.0089668225756894e-06}
Training samples: 1624 | Validation samples: 210
Early stopping at epoch 10
[I 2026-04-27 10:33:15,051] Trial 0 finished with value: 0.8640882623565925 and parameters: {'hidden_dim': 128, 'dropout': 0.02676563915781212, 'lr': 0.00017104518344723048, 'weight_decay': 3.0089668225756894e-06, 'batch_size': 4, 'cnn_num_blocks': 2, 'cnn_kernel_size': 5, 'num_heads': 4, 'num_sab_layers': 2, 'num_inducing_points': 16}. Best is trial 0 with value: 0.8640882623565925.
Training samples: 1624 | Validation samples: 210
[I 2026-04-27 10:34:17,819] Trial 1 finished with value: 0.913852170705615 and parameters: {'hidden_dim': 128, 'dropout': 0.07855951534491241, 'lr': 0.00030840190790995043, 'weight_decay': 2.05133826308745e-06, 'batch_size': 4, 'cnn_num_blocks': 2, 'cnn_kernel_size': 3, 'num_heads': 2, 'num_sab_layers': 1, 'num_inducing_points': 32}. Best is trial 0 with value: 0.8640882623565925.
Training samples: 1624 | Validation samples: 210
[I 2026-04-27 10:35:27,422] Trial 2 finished with value: 0.9104030776711278 and parameters: {'hidden_dim': 96, 'dropout': 0.04329833121584335, 'lr': 0.00031334021201367415, 'weight_decay': 1.9010245319870378e-06, 'batch_size': 8, 'cnn_num_blocks': 3, 'cnn_kernel_size': 5, 'num_heads': 2, 'num_sab_layers': 1, 'num_inducing_points': 32}. Best is trial 0 with value: 0.8640882623565925.
Training samples: 1624 | Validation samples: 210
[I 2026-04-27 10:36:47,765] Trial 3 finished with value: 0.884808150454961 and parameters: {'hidden_dim': 96, 'dropout': 0.04436910153386965, 'lr': 0.00016871819924931455, 'weight_decay': 2.3359635026261618e-05, 'batch_size': 4, 'cnn_num_blocks': 2, 'cnn_kernel_size': 3, 'num_heads': 2, 'num_sab_layers': 2, 'num_inducing_points': 32}. Best is trial 0 with value: 0.8640882623565925.
Training samples: 1624 | Validation samples: 210
[I 2026-04-27 10:37:41,833] Trial 4 pruned. Pruned at stage=stage1, task=store_dept, fold=0, epoch=6
Training samples: 1624 | Validation samples: 210
[I 2026-04-27 10:38:53,289] Trial 5 finished with value: 0.8959990959098345 and parameters: {'hidden_dim': 128, 'dropout': 0.08177958154373259, 'lr': 0.00019054408220657833, 'weight_decay': 1.0257563974185657e-06, 'batch_size': 4, 'cnn_num_blocks': 3, 'cnn_kernel_size': 5, 'num_heads': 4, 'num_sab_layers': 1, 'num_inducing_points': 32}. Best is trial 0 with value: 0.8640882623565925.
Training samples: 1624 | Validation samples: 210
[I 2026-04-27 10:39:35,220] Trial 6 pruned. Pruned at stage=stage1, task=store_dept, fold=0, epoch=5
Training samples: 1624 | Validation samples: 210
[I 2026-04-27 10:40:43,683] Trial 7 finished with value: 0.8792833782994673 and parameters: {'hidden_dim': 128, 'dropout': 0.09260531791408745, 'lr': 0.00020250738566905942, 'weight_decay': 6.618595597183478e-06, 'batch_size': 4, 'cnn_num_blocks': 3, 'cnn_kernel_size': 5, 'num_heads': 2, 'num_sab_layers': 1, 'num_inducing_points': 32}. Best is trial 0 with value: 0.8640882623565925.
Training samples: 1624 | Validation samples: 210
[I 2026-04-27 10:41:29,688] Trial 8 pruned. Pruned at stage=stage1, task=store_dept, fold=0, epoch=5
Training samples: 1624 | Validation samples: 210
[I 2026-04-27 10:42:12,091] Trial 9 pruned. Pruned at stage=stage1, task=store_dept, fold=0, epoch=5
Training samples: 1624 | Validation samples: 210
[I 2026-04-27 10:42:54,245] Trial 10 pruned. Pruned at stage=stage1, task=store_dept, fold=0, epoch=5
Training samples: 1624 | Validation samples: 210
[I 2026-04-27 10:43:51,282] Trial 11 pruned. Pruned at stage=stage1, task=store_dept, fold=0, epoch=8
Training samples: 1624 | Validation samples: 210
[I 2026-04-27 10:44:56,398] Trial 12 finished with value: 0.8894085421807455 and parameters: {'hidden_dim': 128, 'dropout': 0.062222311442402575, 'lr': 0.0002312015178409402, 'weight_decay': 2.0200513082957817e-05, 'batch_size': 4, 'cnn_num_blocks': 2, 'cnn_kernel_size': 5, 'num_heads': 4, 'num_sab_layers': 1, 'num_inducing_points': 16}. Best is trial 0 with value: 0.8640882623565925.
Training samples: 1624 | Validation samples: 210
Early stopping at epoch 9
[I 2026-04-27 10:46:00,203] Trial 13 finished with value: 0.8910370394466488 and parameters: {'hidden_dim': 128, 'dropout': 0.03354618917589028, 'lr': 0.000186203624397332, 'weight_decay': 4.487267882933457e-06, 'batch_size': 4, 'cnn_num_blocks': 3, 'cnn_kernel_size': 5, 'num_heads': 4, 'num_sab_layers': 1, 'num_inducing_points': 16}. Best is trial 0 with value: 0.8640882623565925.
Training samples: 1624 | Validation samples: 210
[I 2026-04-27 10:47:27,614] Trial 14 finished with value: 0.9235617974090422 and parameters: {'hidden_dim': 96, 'dropout': 0.059561095021293094, 'lr': 0.00025214670130117953, 'weight_decay': 9.985064365286779e-06, 'batch_size': 4, 'cnn_num_blocks': 3, 'cnn_kernel_size': 5, 'num_heads': 4, 'num_sab_layers': 2, 'num_inducing_points': 32}. Best is trial 0 with value: 0.8640882623565925.
Training samples: 1624 | Validation samples: 210
[I 2026-04-27 10:48:00,927] Trial 15 pruned. Pruned at stage=stage1, task=store_dept, fold=0, epoch=5
Training samples: 1624 | Validation samples: 210
[I 2026-04-27 10:48:43,398] Trial 16 pruned. Pruned at stage=stage1, task=store_dept, fold=0, epoch=5
Training samples: 1624 | Validation samples: 210
[I 2026-04-27 10:49:17,996] Trial 17 pruned. Pruned at stage=stage1, task=store_dept, fold=0, epoch=5
Training samples: 1624 | Validation samples: 210
[I 2026-04-27 10:49:52,158] Trial 18 pruned. Pruned at stage=stage1, task=store_dept, fold=0, epoch=5
Training samples: 1624 | Validation samples: 210
[I 2026-04-27 10:50:52,103] Trial 19 pruned. Pruned at stage=stage1, task=store_dept, fold=0, epoch=7
Training samples: 4060 | Validation samples: 210
Training samples: 1740 | Validation samples: 90
Early stopping at epoch 20
Training samples: 1218 | Validation samples: 63
Training samples: 4060 | Validation samples: 210
Early stopping at epoch 15
Training samples: 1740 | Validation samples: 90
Early stopping at epoch 12
Training samples: 1218 | Validation samples: 63
Early stopping at epoch 15
Training samples: 4060 | Validation samples: 210
Training samples: 1740 | Validation samples: 90
Training samples: 1218 | Validation samples: 63
Training samples: 4060 | Validation samples: 210
Early stopping at epoch 20
Training samples: 1740 | Validation samples: 90
Early stopping at epoch 18
Training samples: 1218 | Validation samples: 63
Training samples: 4060 | Validation samples: 210
Training samples: 1740 | Validation samples: 90
Training samples: 1218 | Validation samples: 63
Early stopping at epoch 17
Training samples: 4060 | Validation samples: 210
Early stopping at epoch 18
Training samples: 1740 | Validation samples: 90
Early stopping at epoch 14
Training samples: 1218 | Validation samples: 63
Training samples: 4060 | Validation samples: 210
Training samples: 1740 | Validation samples: 90
Early stopping at epoch 17
Training samples: 1218 | Validation samples: 63
Multistage tuning summary:
{'stage1_trials_csv': '/root/autodl-tmp/m5/work/50pct/01_tuning/SetTransformer/stage1_trials.csv', 'stage2_confirmation_csv': '/root/autodl-tmp/m5/work/50pct/01_tuning/SetTransformer/stage2_confirmation.csv', 'best_params_json': '/root/autodl-tmp/m5/work/50pct/01_tuning/SetTransformer/best_params.json', 'best_params': {'model_name': 'SetTransformer', 'hidden_dim': 128, 'dropout': 0.02676563915781212, 'lr': 0.00017104518344723048, 'weight_decay': 3.0089668225756894e-06, 'batch_size': 4, 'cnn_num_blocks': 2, 'cnn_kernel_size': 5, 'num_heads': 4, 'num_sab_layers': 2, 'num_seeds': 1, 'num_inducing_points': 16, 'search_profile': 'large50', 'store_sku_sample_frac': 0.5, 'recent_window': 14, 'lag_windows': [7, 14, 28, 56], 'stat_windows': [7, 28, 56], 'epochs': 32, 'patience': 8, 'use_permreg': False, 'stage1_objective': 0.8640882623565925, 'stage2_objective': 0.7886141653857064, 'trial_number': 0}, 'final_retrain_results_csv': '/root/autodl-tmp/m5/work/50pct/01_tuning/SetTransformer/final_retrain_results.csv', 'final_mean_metric': 0.7227669993188397}
=== Phase 3: Ablation + Benchmark + Proposed + Stats + Tables ===

$ /root/miniconda3/bin/python /root/autodl-tmp/m5/scripts/run_m5_ablation.py --data-dir /root/autodl-tmp/m5/data --output-dir /root/autodl-tmp/m5/work/50pct/02_ablation --mode holdout --tasks store_dept,store_cat,state_dept --recent-window 14 --lag-windows 7,14,28,56 --stat-windows 7,28,56 --params-json /root/autodl-tmp/m5/work/50pct/01_tuning/M3_FullSkuTemporalCNN/best_params.json --quantiles 0.005,0.025,0.165,0.25,0.5,0.75,0.835,0.975,0.995 --epochs 24 --patience 6 --t-hist 56 --horizon 28 --valid-size 4 --test-size 4 --internal-valid-size 3 --gap 0 --min-train-origins 20 --min-final-train-origins 20 --sku-universe-mode history --store-sku-sample-frac 0.5 --store-sku-sample-seed 42 --cache-dir /root/autodl-tmp/m5/cache/50pct
Using cache directory: /root/autodl-tmp/m5/cache/50pct
Building/loading cached experiment artifacts...
[M5-PREP] Loading cached task package for task=store_dept...
[M5-PREP] Loaded cached task package for task=store_dept | stage 00:01 | total 00:01
[M5-PREP] Loading cached samples: task=store_dept split=final_train_samples...
[M5-PREP] Loaded cached samples: task=store_dept split=final_train_samples n=4060 | stage 00:02 | total 00:02
[M5-PREP] Loading cached samples: task=store_dept split=internal_valid_samples...
[M5-PREP] Loaded cached samples: task=store_dept split=internal_valid_samples n=210 | stage 00:00 | total 00:00
[M5-PREP] Loading cached samples: task=store_dept split=test_samples...
[M5-PREP] Loaded cached samples: task=store_dept split=test_samples n=280 | stage 00:00 | total 00:00
[M5-PREP] Loading cached task package for task=store_cat...
[M5-PREP] Loaded cached task package for task=store_cat | stage 00:01 | total 00:01
[M5-PREP] Loading cached samples: task=store_cat split=final_train_samples...
[M5-PREP] Loaded cached samples: task=store_cat split=final_train_samples n=1740 | stage 00:01 | total 00:01
[M5-PREP] Loading cached samples: task=store_cat split=internal_valid_samples...
[M5-PREP] Loaded cached samples: task=store_cat split=internal_valid_samples n=90 | stage 00:00 | total 00:00
[M5-PREP] Loading cached samples: task=store_cat split=test_samples...
[M5-PREP] Loaded cached samples: task=store_cat split=test_samples n=120 | stage 00:00 | total 00:00
[M5-PREP] Loading cached task package for task=state_dept...
[M5-PREP] Loaded cached task package for task=state_dept | stage 00:01 | total 00:01
[M5-PREP] Loading cached samples: task=state_dept split=final_train_samples...
[M5-PREP] Loaded cached samples: task=state_dept split=final_train_samples n=1218 | stage 00:01 | total 00:01
[M5-PREP] Loading cached samples: task=state_dept split=internal_valid_samples...
[M5-PREP] Loaded cached samples: task=state_dept split=internal_valid_samples n=63 | stage 00:00 | total 00:00
[M5-PREP] Loading cached samples: task=state_dept split=test_samples...
[M5-PREP] Loaded cached samples: task=state_dept split=test_samples n=84 | stage 00:00 | total 00:00

=== Ablation task: store_dept ===
[Ablation] Task=store_dept Holdout Model=M0_AggHistOnly Metric=point
Training samples: 4060 | Validation samples: 210
[Epoch 001] train=0.107450 valid=0.074608 lr=0.000205646 time=4.5s
[Epoch 002] train=0.069404 valid=0.066629 lr=0.000205646 time=4.3s
[Epoch 003] train=0.064315 valid=0.072739 lr=0.000205646 time=4.4s
[Epoch 004] train=0.062321 valid=0.066106 lr=0.000205646 time=4.3s
[Epoch 005] train=0.060523 valid=0.105564 lr=0.000205646 time=4.0s
[Epoch 006] train=0.060418 valid=0.083525 lr=0.000205646 time=4.4s
[Epoch 007] train=0.059156 valid=0.069586 lr=0.000102823 time=4.3s
[Epoch 008] train=0.055436 valid=0.060256 lr=0.000102823 time=4.3s
[Epoch 009] train=0.054669 valid=0.067618 lr=0.000102823 time=4.5s
[Epoch 010] train=0.054135 valid=0.065370 lr=0.000102823 time=4.5s
[Epoch 011] train=0.054763 valid=0.067549 lr=5.14116e-05 time=4.7s
[Epoch 012] train=0.050813 valid=0.060071 lr=5.14116e-05 time=4.5s
[Epoch 013] train=0.050297 valid=0.058547 lr=5.14116e-05 time=4.3s
[Epoch 014] train=0.050227 valid=0.059426 lr=5.14116e-05 time=4.5s
[Epoch 015] train=0.050376 valid=0.058644 lr=5.14116e-05 time=4.3s
[Epoch 016] train=0.049415 valid=0.061533 lr=2.57058e-05 time=4.3s
[Epoch 017] train=0.048917 valid=0.059084 lr=2.57058e-05 time=4.5s
[Epoch 018] train=0.048644 valid=0.058899 lr=2.57058e-05 time=4.5s
[Epoch 019] train=0.047856 valid=0.059072 lr=1.28529e-05 time=4.7s
[Epoch 020] train=0.048407 valid=0.058198 lr=1.28529e-05 time=4.6s
[Epoch 021] train=0.047526 valid=0.057670 lr=1.28529e-05 time=4.6s
[Epoch 022] train=0.047877 valid=0.057813 lr=1.28529e-05 time=4.4s
[Epoch 023] train=0.047187 valid=0.057641 lr=1.28529e-05 time=4.4s
[Epoch 024] train=0.047595 valid=0.056971 lr=1.28529e-05 time=4.3s
[Epoch 025] train=0.047693 valid=0.057506 lr=1.28529e-05 time=4.1s
[Epoch 026] train=0.047730 valid=0.057077 lr=1.28529e-05 time=4.4s
[Epoch 027] train=0.047484 valid=0.057382 lr=6.42645e-06 time=4.3s
[Epoch 028] train=0.047624 valid=0.057388 lr=6.42645e-06 time=4.3s
[Epoch 029] train=0.047485 valid=0.057231 lr=6.42645e-06 time=4.2s
[Epoch 030] train=0.047416 valid=0.056841 lr=6.42645e-06 time=4.3s
[Epoch 031] train=0.046999 valid=0.057014 lr=6.42645e-06 time=4.4s
[Epoch 032] train=0.046940 valid=0.057042 lr=6.42645e-06 time=4.5s
[Ablation] Task=store_dept Holdout Model=M0_AggHistOnly Metric=quantile
Training samples: 4060 | Validation samples: 210
[Epoch 001] train=0.053082 valid=0.037572 lr=0.000205646 time=4.5s
[Epoch 002] train=0.036103 valid=0.037125 lr=0.000205646 time=4.2s
[Epoch 003] train=0.034819 valid=0.036799 lr=0.000205646 time=4.5s
[Epoch 004] train=0.033962 valid=0.037553 lr=0.000205646 time=4.4s
[Epoch 005] train=0.033449 valid=0.036618 lr=0.000205646 time=4.4s
[Epoch 006] train=0.033582 valid=0.036034 lr=0.000205646 time=4.5s
[Epoch 007] train=0.032768 valid=0.040481 lr=0.000205646 time=4.2s
[Epoch 008] train=0.032482 valid=0.034772 lr=0.000205646 time=4.5s
[Epoch 009] train=0.032035 valid=0.035111 lr=0.000205646 time=4.3s
[Epoch 010] train=0.031808 valid=0.035140 lr=0.000205646 time=4.5s
[Epoch 011] train=0.031526 valid=0.034625 lr=0.000205646 time=4.5s
[Epoch 012] train=0.031659 valid=0.035272 lr=0.000205646 time=4.7s
[Epoch 013] train=0.031098 valid=0.034616 lr=0.000205646 time=4.6s
[Epoch 014] train=0.030995 valid=0.035721 lr=0.000205646 time=4.4s
[Epoch 015] train=0.030882 valid=0.036880 lr=0.000205646 time=4.5s
[Epoch 016] train=0.030854 valid=0.043890 lr=0.000102823 time=4.4s
[Epoch 017] train=0.029966 valid=0.033835 lr=0.000102823 time=4.4s
[Epoch 018] train=0.029823 valid=0.034334 lr=0.000102823 time=4.5s
[Epoch 019] train=0.029735 valid=0.033622 lr=0.000102823 time=4.5s
[Epoch 020] train=0.029639 valid=0.034034 lr=0.000102823 time=4.4s
[Epoch 021] train=0.029394 valid=0.033932 lr=0.000102823 time=4.2s
[Epoch 022] train=0.029653 valid=0.034645 lr=5.14116e-05 time=4.4s
[Epoch 023] train=0.028906 valid=0.033301 lr=5.14116e-05 time=4.2s
[Epoch 024] train=0.028927 valid=0.033347 lr=5.14116e-05 time=4.2s
[Epoch 025] train=0.028831 valid=0.033173 lr=5.14116e-05 time=4.2s
[Epoch 026] train=0.028863 valid=0.033372 lr=5.14116e-05 time=4.2s
[Epoch 027] train=0.028702 valid=0.033134 lr=5.14116e-05 time=4.0s
[Epoch 028] train=0.028834 valid=0.033252 lr=5.14116e-05 time=4.3s
[Epoch 029] train=0.028697 valid=0.033397 lr=5.14116e-05 time=3.9s
[Epoch 030] train=0.028802 valid=0.033396 lr=2.57058e-05 time=4.0s
[Epoch 031] train=0.028381 valid=0.033307 lr=2.57058e-05 time=4.4s
[Epoch 032] train=0.028561 valid=0.033282 lr=2.57058e-05 time=4.0s
[Ablation] Task=store_dept Holdout Model=M1_AggHistFutureSummary Metric=point
Training samples: 4060 | Validation samples: 210
[Epoch 001] train=0.116452 valid=0.068577 lr=0.000205646 time=4.6s
[Epoch 002] train=0.071494 valid=0.065842 lr=0.000205646 time=4.7s
[Epoch 003] train=0.068860 valid=0.066156 lr=0.000205646 time=4.8s
[Epoch 004] train=0.064305 valid=0.063808 lr=0.000205646 time=4.7s
[Epoch 005] train=0.062273 valid=0.091773 lr=0.000205646 time=4.7s
[Epoch 006] train=0.058932 valid=0.058702 lr=0.000205646 time=4.7s
[Epoch 007] train=0.058393 valid=0.058636 lr=0.000205646 time=4.6s
[Epoch 008] train=0.058294 valid=0.057900 lr=0.000205646 time=4.6s
[Epoch 009] train=0.054456 valid=0.059484 lr=0.000205646 time=4.6s
[Epoch 010] train=0.053833 valid=0.060179 lr=0.000205646 time=4.6s
[Epoch 011] train=0.052727 valid=0.053697 lr=0.000205646 time=4.5s
[Epoch 012] train=0.053471 valid=0.053893 lr=0.000205646 time=4.6s
[Epoch 013] train=0.051186 valid=0.058789 lr=0.000205646 time=4.6s
[Epoch 014] train=0.055968 valid=0.056383 lr=0.000102823 time=4.4s
[Epoch 015] train=0.047712 valid=0.057617 lr=0.000102823 time=4.6s
[Epoch 016] train=0.048368 valid=0.052960 lr=0.000102823 time=4.6s
[Epoch 017] train=0.045836 valid=0.060669 lr=0.000102823 time=4.8s
[Epoch 018] train=0.047201 valid=0.052881 lr=0.000102823 time=4.7s
[Epoch 019] train=0.046390 valid=0.051596 lr=0.000102823 time=4.8s
[Epoch 020] train=0.045456 valid=0.054701 lr=0.000102823 time=4.8s
[Epoch 021] train=0.045022 valid=0.053766 lr=0.000102823 time=4.8s
[Epoch 022] train=0.045084 valid=0.055626 lr=5.14116e-05 time=4.7s
[Epoch 023] train=0.042785 valid=0.050327 lr=5.14116e-05 time=4.8s
[Epoch 024] train=0.042658 valid=0.051402 lr=5.14116e-05 time=4.8s
[Epoch 025] train=0.042494 valid=0.051624 lr=5.14116e-05 time=4.8s
[Epoch 026] train=0.042043 valid=0.054804 lr=2.57058e-05 time=4.7s
[Epoch 027] train=0.041574 valid=0.052857 lr=2.57058e-05 time=4.7s
[Epoch 028] train=0.040424 valid=0.050117 lr=2.57058e-05 time=5.7s
[Epoch 029] train=0.040999 valid=0.050119 lr=2.57058e-05 time=5.0s
[Epoch 030] train=0.040921 valid=0.050705 lr=2.57058e-05 time=5.3s
[Epoch 031] train=0.040631 valid=0.051811 lr=1.28529e-05 time=4.6s
[Epoch 032] train=0.040000 valid=0.050313 lr=1.28529e-05 time=4.7s
[Ablation] Task=store_dept Holdout Model=M1_AggHistFutureSummary Metric=quantile
Training samples: 4060 | Validation samples: 210
[Epoch 001] train=0.055969 valid=0.041482 lr=0.000205646 time=4.7s
[Epoch 002] train=0.037268 valid=0.038855 lr=0.000205646 time=4.4s
[Epoch 003] train=0.035250 valid=0.036209 lr=0.000205646 time=4.9s
[Epoch 004] train=0.033865 valid=0.036418 lr=0.000205646 time=4.7s
[Epoch 005] train=0.033307 valid=0.039704 lr=0.000205646 time=5.2s
[Epoch 006] train=0.032818 valid=0.035452 lr=0.000205646 time=5.2s
[Epoch 007] train=0.032225 valid=0.035007 lr=0.000205646 time=4.9s
[Epoch 008] train=0.031387 valid=0.035354 lr=0.000205646 time=5.0s
[Epoch 009] train=0.031403 valid=0.035739 lr=0.000205646 time=4.9s
[Epoch 010] train=0.031316 valid=0.036102 lr=0.000102823 time=5.3s
[Epoch 011] train=0.030093 valid=0.034095 lr=0.000102823 time=5.3s
[Epoch 012] train=0.029873 valid=0.035121 lr=0.000102823 time=5.6s
[Epoch 013] train=0.029685 valid=0.033645 lr=0.000102823 time=5.7s
[Epoch 014] train=0.029330 valid=0.032943 lr=0.000102823 time=5.0s
[Epoch 015] train=0.029324 valid=0.033021 lr=0.000102823 time=4.9s
[Epoch 016] train=0.029191 valid=0.035767 lr=0.000102823 time=5.2s
[Epoch 017] train=0.028988 valid=0.032778 lr=0.000102823 time=4.9s
[Epoch 018] train=0.029032 valid=0.033125 lr=0.000102823 time=5.1s
[Epoch 019] train=0.028702 valid=0.032778 lr=0.000102823 time=5.0s
[Epoch 020] train=0.028672 valid=0.034755 lr=5.14116e-05 time=4.9s
[Epoch 021] train=0.028092 valid=0.032413 lr=5.14116e-05 time=5.1s
[Epoch 022] train=0.028006 valid=0.035629 lr=5.14116e-05 time=4.8s
[Epoch 023] train=0.027902 valid=0.032961 lr=5.14116e-05 time=4.9s
[Epoch 024] train=0.027880 valid=0.032477 lr=2.57058e-05 time=4.8s
[Epoch 025] train=0.027654 valid=0.032879 lr=2.57058e-05 time=4.7s
[Epoch 026] train=0.027655 valid=0.032318 lr=2.57058e-05 time=4.5s
[Epoch 027] train=0.027668 valid=0.032352 lr=2.57058e-05 time=5.1s
[Epoch 028] train=0.027567 valid=0.033197 lr=2.57058e-05 time=4.7s
[Epoch 029] train=0.027571 valid=0.032218 lr=2.57058e-05 time=4.9s
[Epoch 030] train=0.027531 valid=0.033526 lr=2.57058e-05 time=5.2s
[Epoch 031] train=0.027402 valid=0.033111 lr=2.57058e-05 time=5.0s
[Epoch 032] train=0.027360 valid=0.032485 lr=1.28529e-05 time=4.9s
[Ablation] Task=store_dept Holdout Model=M3_FullSkuTemporalCNN Metric=point
Training samples: 4060 | Validation samples: 210
[Epoch 001] train=0.111735 valid=0.058711 lr=0.000205646 time=8.9s
[Epoch 002] train=0.063249 valid=0.057150 lr=0.000205646 time=8.8s
[Epoch 003] train=0.052002 valid=0.052727 lr=0.000205646 time=8.7s
[Epoch 004] train=0.051306 valid=0.076495 lr=0.000205646 time=8.7s
[Epoch 005] train=0.046840 valid=0.051516 lr=0.000205646 time=8.9s
[Epoch 006] train=0.047881 valid=0.061193 lr=0.000205646 time=8.8s
[Epoch 007] train=0.043208 valid=0.051172 lr=0.000205646 time=8.8s
[Epoch 008] train=0.040908 valid=0.063488 lr=0.000205646 time=8.8s
[Epoch 009] train=0.040316 valid=0.051396 lr=0.000205646 time=8.7s
[Epoch 010] train=0.039038 valid=0.051650 lr=0.000102823 time=8.8s
[Epoch 011] train=0.035187 valid=0.054728 lr=0.000102823 time=8.8s
[Epoch 012] train=0.033497 valid=0.047861 lr=0.000102823 time=9.4s
[Epoch 013] train=0.032648 valid=0.045752 lr=0.000102823 time=8.9s
[Epoch 014] train=0.032770 valid=0.046498 lr=0.000102823 time=8.9s
[Epoch 015] train=0.031560 valid=0.047075 lr=0.000102823 time=9.5s
[Epoch 016] train=0.032049 valid=0.044778 lr=0.000102823 time=9.1s
[Epoch 017] train=0.030710 valid=0.048947 lr=0.000102823 time=9.0s
[Epoch 018] train=0.030088 valid=0.049604 lr=0.000102823 time=8.9s
[Epoch 019] train=0.031617 valid=0.048764 lr=5.14116e-05 time=8.8s
[Epoch 020] train=0.027811 valid=0.043863 lr=5.14116e-05 time=9.1s
[Epoch 021] train=0.028039 valid=0.044803 lr=5.14116e-05 time=8.9s
[Epoch 022] train=0.027348 valid=0.042249 lr=5.14116e-05 time=8.9s
[Epoch 023] train=0.026958 valid=0.044490 lr=5.14116e-05 time=8.8s
[Epoch 024] train=0.027108 valid=0.042383 lr=5.14116e-05 time=9.2s
[Epoch 025] train=0.026370 valid=0.046304 lr=2.57058e-05 time=8.7s
[Epoch 026] train=0.025367 valid=0.042638 lr=2.57058e-05 time=8.8s
[Epoch 027] train=0.025075 valid=0.043007 lr=2.57058e-05 time=8.8s
[Epoch 028] train=0.024784 valid=0.042478 lr=1.28529e-05 time=9.3s
[Epoch 029] train=0.024682 valid=0.043373 lr=1.28529e-05 time=9.0s
[Epoch 030] train=0.024549 valid=0.043466 lr=1.28529e-05 time=8.9s
Early stopping at epoch 30
[Ablation] Task=store_dept Holdout Model=M3_FullSkuTemporalCNN Metric=quantile
Training samples: 4060 | Validation samples: 210
[Epoch 001] train=0.050615 valid=0.037340 lr=0.000205646 time=9.3s
[Epoch 002] train=0.034570 valid=0.041116 lr=0.000205646 time=9.3s
[Epoch 003] train=0.032647 valid=0.034011 lr=0.000205646 time=9.4s
[Epoch 004] train=0.031212 valid=0.035168 lr=0.000205646 time=9.5s
[Epoch 005] train=0.030634 valid=0.034209 lr=0.000205646 time=9.8s
[Epoch 006] train=0.029800 valid=0.035247 lr=0.000102823 time=9.3s
[Epoch 007] train=0.028157 valid=0.032429 lr=0.000102823 time=9.6s
[Epoch 008] train=0.027626 valid=0.032885 lr=0.000102823 time=9.4s
[Epoch 009] train=0.027575 valid=0.031825 lr=0.000102823 time=9.4s
[Epoch 010] train=0.027010 valid=0.030988 lr=0.000102823 time=9.7s
[Epoch 011] train=0.026956 valid=0.033964 lr=0.000102823 time=9.7s
[Epoch 012] train=0.026786 valid=0.031773 lr=0.000102823 time=10.2s
[Epoch 013] train=0.026499 valid=0.031333 lr=5.14116e-05 time=9.9s
[Epoch 014] train=0.025745 valid=0.030574 lr=5.14116e-05 time=10.2s
[Epoch 015] train=0.025506 valid=0.031162 lr=5.14116e-05 time=10.1s
[Epoch 016] train=0.025239 valid=0.031255 lr=5.14116e-05 time=10.2s
[Epoch 017] train=0.025113 valid=0.030960 lr=2.57058e-05 time=9.6s
[Epoch 018] train=0.024862 valid=0.030742 lr=2.57058e-05 time=9.6s
[Epoch 019] train=0.024476 valid=0.030437 lr=2.57058e-05 time=9.6s
[Epoch 020] train=0.024519 valid=0.031172 lr=2.57058e-05 time=9.8s
[Epoch 021] train=0.024435 valid=0.030288 lr=2.57058e-05 time=10.1s
[Epoch 022] train=0.024327 valid=0.030963 lr=2.57058e-05 time=9.7s
[Epoch 023] train=0.024292 valid=0.030947 lr=2.57058e-05 time=10.1s
[Epoch 024] train=0.024122 valid=0.030842 lr=1.28529e-05 time=9.7s
[Epoch 025] train=0.024060 valid=0.030367 lr=1.28529e-05 time=10.3s
[Epoch 026] train=0.023890 valid=0.030550 lr=1.28529e-05 time=9.7s
[Epoch 027] train=0.023834 valid=0.031040 lr=6.42645e-06 time=9.8s
[Epoch 028] train=0.023840 valid=0.030285 lr=6.42645e-06 time=10.1s
[Epoch 029] train=0.023692 valid=0.030549 lr=6.42645e-06 time=10.2s
[Epoch 030] train=0.023721 valid=0.030528 lr=3.21322e-06 time=9.7s
[Epoch 031] train=0.023571 valid=0.030272 lr=3.21322e-06 time=9.7s
[Epoch 032] train=0.023647 valid=0.030612 lr=3.21322e-06 time=9.9s

=== Ablation task: store_cat ===
[Ablation] Task=store_cat Holdout Model=M0_AggHistOnly Metric=point
Training samples: 1740 | Validation samples: 90
[Epoch 001] train=0.148272 valid=0.136506 lr=0.000205646 time=3.6s
[Epoch 002] train=0.086090 valid=0.100648 lr=0.000205646 time=3.5s
[Epoch 003] train=0.079745 valid=0.090166 lr=0.000205646 time=3.5s
[Epoch 004] train=0.075286 valid=0.085803 lr=0.000205646 time=3.5s
[Epoch 005] train=0.068999 valid=0.082653 lr=0.000205646 time=3.4s
[Epoch 006] train=0.067502 valid=0.080706 lr=0.000205646 time=3.3s
[Epoch 007] train=0.066296 valid=0.082860 lr=0.000205646 time=3.4s
[Epoch 008] train=0.064369 valid=0.083424 lr=0.000205646 time=3.6s
[Epoch 009] train=0.065446 valid=0.082025 lr=0.000102823 time=3.7s
[Epoch 010] train=0.059888 valid=0.080673 lr=0.000102823 time=3.4s
[Epoch 011] train=0.058719 valid=0.075996 lr=0.000102823 time=3.9s
[Epoch 012] train=0.058917 valid=0.075231 lr=0.000102823 time=3.6s
[Epoch 013] train=0.057293 valid=0.076062 lr=0.000102823 time=3.7s
[Epoch 014] train=0.057280 valid=0.078915 lr=0.000102823 time=3.4s
[Epoch 015] train=0.057795 valid=0.075706 lr=5.14116e-05 time=3.6s
[Epoch 016] train=0.054672 valid=0.075933 lr=5.14116e-05 time=3.8s
[Epoch 017] train=0.053488 valid=0.075217 lr=5.14116e-05 time=3.4s
[Epoch 018] train=0.054130 valid=0.074606 lr=5.14116e-05 time=3.4s
[Epoch 019] train=0.053371 valid=0.077338 lr=5.14116e-05 time=4.0s
[Epoch 020] train=0.052607 valid=0.074279 lr=5.14116e-05 time=3.8s
[Epoch 021] train=0.052050 valid=0.074458 lr=5.14116e-05 time=3.9s
[Epoch 022] train=0.053155 valid=0.074779 lr=5.14116e-05 time=3.3s
[Epoch 023] train=0.052951 valid=0.073681 lr=5.14116e-05 time=3.3s
[Epoch 024] train=0.053209 valid=0.073760 lr=5.14116e-05 time=3.7s
[Epoch 025] train=0.052484 valid=0.072903 lr=5.14116e-05 time=3.4s
[Epoch 026] train=0.052780 valid=0.072782 lr=5.14116e-05 time=3.3s
[Epoch 027] train=0.051950 valid=0.073253 lr=5.14116e-05 time=3.2s
[Epoch 028] train=0.052163 valid=0.073061 lr=5.14116e-05 time=3.4s
[Epoch 029] train=0.052509 valid=0.076328 lr=2.57058e-05 time=3.3s
[Epoch 030] train=0.051649 valid=0.072105 lr=2.57058e-05 time=3.8s
[Epoch 031] train=0.051017 valid=0.071824 lr=2.57058e-05 time=3.6s
[Epoch 032] train=0.050394 valid=0.072931 lr=2.57058e-05 time=3.8s
[Ablation] Task=store_cat Holdout Model=M0_AggHistOnly Metric=quantile
Training samples: 1740 | Validation samples: 90
[Epoch 001] train=0.082796 valid=0.058763 lr=0.000205646 time=3.5s
[Epoch 002] train=0.046066 valid=0.049713 lr=0.000205646 time=3.8s
[Epoch 003] train=0.042762 valid=0.046737 lr=0.000205646 time=3.4s
[Epoch 004] train=0.041409 valid=0.045166 lr=0.000205646 time=3.6s
[Epoch 005] train=0.040088 valid=0.044120 lr=0.000205646 time=3.4s
[Epoch 006] train=0.039354 valid=0.043169 lr=0.000205646 time=3.8s
[Epoch 007] train=0.039656 valid=0.046604 lr=0.000205646 time=3.6s
[Epoch 008] train=0.039073 valid=0.044969 lr=0.000205646 time=4.0s
[Epoch 009] train=0.038771 valid=0.042964 lr=0.000205646 time=3.6s
[Epoch 010] train=0.038427 valid=0.041922 lr=0.000205646 time=3.9s
[Epoch 011] train=0.037757 valid=0.041385 lr=0.000205646 time=3.4s
[Epoch 012] train=0.037449 valid=0.044160 lr=0.000205646 time=3.6s
[Epoch 013] train=0.037398 valid=0.041167 lr=0.000205646 time=4.0s
[Epoch 014] train=0.037633 valid=0.042413 lr=0.000205646 time=3.5s
[Epoch 015] train=0.036783 valid=0.042175 lr=0.000205646 time=4.0s
[Epoch 016] train=0.037203 valid=0.041002 lr=0.000205646 time=3.8s
[Epoch 017] train=0.036533 valid=0.041230 lr=0.000205646 time=3.8s
[Epoch 018] train=0.036292 valid=0.042646 lr=0.000205646 time=4.0s
[Epoch 019] train=0.035742 valid=0.040496 lr=0.000205646 time=3.9s
[Epoch 020] train=0.035151 valid=0.040792 lr=0.000205646 time=4.0s
[Epoch 021] train=0.035750 valid=0.043616 lr=0.000205646 time=3.8s
[Epoch 022] train=0.035189 valid=0.040727 lr=0.000102823 time=3.9s
[Epoch 023] train=0.034689 valid=0.040436 lr=0.000102823 time=4.0s
[Epoch 024] train=0.034291 valid=0.039875 lr=0.000102823 time=3.4s
[Epoch 025] train=0.034141 valid=0.040410 lr=0.000102823 time=3.4s
[Epoch 026] train=0.033991 valid=0.039487 lr=0.000102823 time=4.0s
[Epoch 027] train=0.033823 valid=0.042645 lr=0.000102823 time=3.9s
[Epoch 028] train=0.034005 valid=0.040480 lr=0.000102823 time=3.8s
[Epoch 029] train=0.033847 valid=0.039569 lr=5.14116e-05 time=3.4s
[Epoch 030] train=0.033333 valid=0.040085 lr=5.14116e-05 time=3.9s
[Epoch 031] train=0.033396 valid=0.040155 lr=5.14116e-05 time=4.3s
[Epoch 032] train=0.033433 valid=0.039650 lr=2.57058e-05 time=4.4s
[Ablation] Task=store_cat Holdout Model=M1_AggHistFutureSummary Metric=point
Training samples: 1740 | Validation samples: 90
[Epoch 001] train=0.226467 valid=0.152540 lr=0.000205646 time=4.3s
[Epoch 002] train=0.093716 valid=0.099934 lr=0.000205646 time=3.8s
[Epoch 003] train=0.083068 valid=0.117068 lr=0.000205646 time=3.6s
[Epoch 004] train=0.078857 valid=0.094949 lr=0.000205646 time=4.0s
[Epoch 005] train=0.070498 valid=0.084505 lr=0.000205646 time=4.1s
[Epoch 006] train=0.070857 valid=0.084130 lr=0.000205646 time=4.1s
[Epoch 007] train=0.069071 valid=0.138416 lr=0.000205646 time=4.2s
[Epoch 008] train=0.068792 valid=0.099943 lr=0.000205646 time=4.0s
[Epoch 009] train=0.072586 valid=0.082741 lr=0.000205646 time=3.7s
[Epoch 010] train=0.068492 valid=0.080670 lr=0.000205646 time=3.4s
[Epoch 011] train=0.065823 valid=0.088713 lr=0.000205646 time=3.9s
[Epoch 012] train=0.062698 valid=0.078482 lr=0.000205646 time=3.6s
[Epoch 013] train=0.063155 valid=0.084360 lr=0.000205646 time=3.4s
[Epoch 014] train=0.062090 valid=0.079382 lr=0.000205646 time=3.4s
[Epoch 015] train=0.060378 valid=0.085333 lr=0.000102823 time=3.5s
[Epoch 016] train=0.057869 valid=0.077773 lr=0.000102823 time=3.6s
[Epoch 017] train=0.056122 valid=0.084744 lr=0.000102823 time=3.8s
[Epoch 018] train=0.055059 valid=0.075973 lr=0.000102823 time=3.7s
[Epoch 019] train=0.054783 valid=0.074159 lr=0.000102823 time=3.5s
[Epoch 020] train=0.053636 valid=0.073781 lr=0.000102823 time=4.0s
[Epoch 021] train=0.054433 valid=0.075217 lr=0.000102823 time=3.5s
[Epoch 022] train=0.055451 valid=0.072480 lr=0.000102823 time=3.7s
[Epoch 023] train=0.053707 valid=0.074549 lr=0.000102823 time=4.0s
[Epoch 024] train=0.053906 valid=0.079985 lr=0.000102823 time=4.1s
[Epoch 025] train=0.054509 valid=0.073131 lr=5.14116e-05 time=3.9s
[Epoch 026] train=0.051936 valid=0.071891 lr=5.14116e-05 time=3.7s
[Epoch 027] train=0.050931 valid=0.073783 lr=5.14116e-05 time=4.4s
[Epoch 028] train=0.050689 valid=0.074490 lr=5.14116e-05 time=4.0s
[Epoch 029] train=0.050926 valid=0.070462 lr=5.14116e-05 time=4.1s
[Epoch 030] train=0.050219 valid=0.070362 lr=5.14116e-05 time=3.5s
[Epoch 031] train=0.050183 valid=0.074385 lr=5.14116e-05 time=4.0s
[Epoch 032] train=0.049683 valid=0.069562 lr=5.14116e-05 time=4.2s
[Ablation] Task=store_cat Holdout Model=M1_AggHistFutureSummary Metric=quantile
Training samples: 1740 | Validation samples: 90
[Epoch 001] train=0.083358 valid=0.071381 lr=0.000205646 time=4.4s
[Epoch 002] train=0.050926 valid=0.059194 lr=0.000205646 time=3.9s
[Epoch 003] train=0.044382 valid=0.050644 lr=0.000205646 time=3.7s
[Epoch 004] train=0.042337 valid=0.046525 lr=0.000205646 time=4.0s
[Epoch 005] train=0.041155 valid=0.046721 lr=0.000205646 time=3.6s
[Epoch 006] train=0.039929 valid=0.046507 lr=0.000205646 time=3.5s
[Epoch 007] train=0.039477 valid=0.043681 lr=0.000205646 time=3.7s
[Epoch 008] train=0.038649 valid=0.043443 lr=0.000205646 time=3.7s
[Epoch 009] train=0.038474 valid=0.044770 lr=0.000205646 time=3.9s
[Epoch 010] train=0.038232 valid=0.044563 lr=0.000205646 time=4.0s
[Epoch 011] train=0.037786 valid=0.047072 lr=0.000102823 time=3.6s
[Epoch 012] train=0.036742 valid=0.042563 lr=0.000102823 time=3.6s
[Epoch 013] train=0.036317 valid=0.041960 lr=0.000102823 time=3.7s
[Epoch 014] train=0.036466 valid=0.041213 lr=0.000102823 time=4.2s
[Epoch 015] train=0.036018 valid=0.041049 lr=0.000102823 time=3.8s
[Epoch 016] train=0.036176 valid=0.041754 lr=0.000102823 time=3.8s
[Epoch 017] train=0.035809 valid=0.041571 lr=0.000102823 time=3.6s
[Epoch 018] train=0.036122 valid=0.041110 lr=5.14116e-05 time=3.9s
[Epoch 019] train=0.035321 valid=0.041375 lr=5.14116e-05 time=3.7s
[Epoch 020] train=0.035127 valid=0.040753 lr=5.14116e-05 time=3.6s
[Epoch 021] train=0.034995 valid=0.040577 lr=5.14116e-05 time=3.5s
[Epoch 022] train=0.034942 valid=0.040672 lr=5.14116e-05 time=3.6s
[Epoch 023] train=0.034721 valid=0.040608 lr=5.14116e-05 time=3.7s
[Epoch 024] train=0.034939 valid=0.041238 lr=2.57058e-05 time=3.9s
[Epoch 025] train=0.034612 valid=0.041133 lr=2.57058e-05 time=4.0s
[Epoch 026] train=0.034603 valid=0.041166 lr=2.57058e-05 time=4.3s
[Epoch 027] train=0.034460 valid=0.040611 lr=1.28529e-05 time=4.0s
[Epoch 028] train=0.034363 valid=0.040239 lr=1.28529e-05 time=3.9s
[Epoch 029] train=0.034306 valid=0.040350 lr=1.28529e-05 time=3.6s
[Epoch 030] train=0.034171 valid=0.040290 lr=1.28529e-05 time=3.9s
[Epoch 031] train=0.034309 valid=0.040255 lr=6.42645e-06 time=3.6s
[Epoch 032] train=0.034130 valid=0.040512 lr=6.42645e-06 time=3.5s
[Ablation] Task=store_cat Holdout Model=M3_FullSkuTemporalCNN Metric=point
Training samples: 1740 | Validation samples: 90
[Epoch 001] train=0.159785 valid=0.089705 lr=0.000205646 time=7.7s
[Epoch 002] train=0.079397 valid=0.083018 lr=0.000205646 time=8.1s
[Epoch 003] train=0.065892 valid=0.074231 lr=0.000205646 time=7.6s
[Epoch 004] train=0.063763 valid=0.114214 lr=0.000205646 time=7.7s
[Epoch 005] train=0.058521 valid=0.060951 lr=0.000205646 time=7.7s
[Epoch 006] train=0.052142 valid=0.065752 lr=0.000205646 time=7.7s
[Epoch 007] train=0.048486 valid=0.060942 lr=0.000205646 time=8.0s
[Epoch 008] train=0.046066 valid=0.063950 lr=0.000205646 time=8.5s
[Epoch 009] train=0.044804 valid=0.059332 lr=0.000205646 time=8.3s
[Epoch 010] train=0.043718 valid=0.080179 lr=0.000205646 time=8.4s
[Epoch 011] train=0.043430 valid=0.081411 lr=0.000205646 time=8.2s
[Epoch 012] train=0.040259 valid=0.067502 lr=0.000102823 time=7.8s
[Epoch 013] train=0.035690 valid=0.058034 lr=0.000102823 time=8.2s
[Epoch 014] train=0.036184 valid=0.060842 lr=0.000102823 time=7.9s
[Epoch 015] train=0.034162 valid=0.059977 lr=0.000102823 time=8.2s
[Epoch 016] train=0.033522 valid=0.060264 lr=5.14116e-05 time=7.6s
[Epoch 017] train=0.031208 valid=0.058127 lr=5.14116e-05 time=7.8s
[Epoch 018] train=0.031256 valid=0.058446 lr=5.14116e-05 time=7.9s
[Epoch 019] train=0.031091 valid=0.055487 lr=5.14116e-05 time=7.7s
[Epoch 020] train=0.030877 valid=0.060062 lr=5.14116e-05 time=7.9s
[Epoch 021] train=0.030193 valid=0.058327 lr=5.14116e-05 time=8.2s
[Epoch 022] train=0.030284 valid=0.055338 lr=5.14116e-05 time=8.3s
[Epoch 023] train=0.029261 valid=0.056115 lr=5.14116e-05 time=8.3s
[Epoch 024] train=0.029591 valid=0.056949 lr=5.14116e-05 time=8.3s
[Epoch 025] train=0.030199 valid=0.056911 lr=2.57058e-05 time=8.1s
[Epoch 026] train=0.028380 valid=0.058187 lr=2.57058e-05 time=7.7s
[Epoch 027] train=0.027541 valid=0.057016 lr=2.57058e-05 time=7.7s
[Epoch 028] train=0.027763 valid=0.060372 lr=1.28529e-05 time=8.1s
[Epoch 029] train=0.027776 valid=0.059193 lr=1.28529e-05 time=7.6s
[Epoch 030] train=0.027375 valid=0.058872 lr=1.28529e-05 time=7.6s
Early stopping at epoch 30
[Ablation] Task=store_cat Holdout Model=M3_FullSkuTemporalCNN Metric=quantile
Training samples: 1740 | Validation samples: 90
[Epoch 001] train=0.077620 valid=0.047963 lr=0.000205646 time=8.1s
[Epoch 002] train=0.044214 valid=0.043103 lr=0.000205646 time=8.3s
[Epoch 003] train=0.040282 valid=0.042456 lr=0.000205646 time=8.3s
[Epoch 004] train=0.039096 valid=0.040181 lr=0.000205646 time=8.1s
[Epoch 005] train=0.038432 valid=0.038223 lr=0.000205646 time=8.2s
[Epoch 006] train=0.036143 valid=0.040393 lr=0.000205646 time=8.7s
[Epoch 007] train=0.035284 valid=0.038319 lr=0.000205646 time=8.5s
[Epoch 008] train=0.035034 valid=0.046816 lr=0.000102823 time=8.1s
[Epoch 009] train=0.032829 valid=0.037751 lr=0.000102823 time=8.1s
[Epoch 010] train=0.032331 valid=0.037520 lr=0.000102823 time=8.5s
[Epoch 011] train=0.032559 valid=0.038434 lr=0.000102823 time=8.1s
[Epoch 012] train=0.031893 valid=0.042192 lr=0.000102823 time=8.0s
[Epoch 013] train=0.031895 valid=0.036659 lr=0.000102823 time=8.0s
[Epoch 014] train=0.031315 valid=0.036650 lr=0.000102823 time=8.6s
[Epoch 015] train=0.031449 valid=0.038450 lr=0.000102823 time=8.4s
[Epoch 016] train=0.030789 valid=0.036775 lr=0.000102823 time=8.6s
[Epoch 017] train=0.030354 valid=0.040591 lr=5.14116e-05 time=8.3s
[Epoch 018] train=0.029878 valid=0.039409 lr=5.14116e-05 time=8.8s
[Epoch 019] train=0.029596 valid=0.037367 lr=5.14116e-05 time=8.6s
[Epoch 020] train=0.029840 valid=0.036892 lr=2.57058e-05 time=8.6s
[Epoch 021] train=0.029022 valid=0.037728 lr=2.57058e-05 time=8.4s
[Epoch 022] train=0.029022 valid=0.036847 lr=2.57058e-05 time=8.2s
Early stopping at epoch 22

=== Ablation task: state_dept ===
[Ablation] Task=state_dept Holdout Model=M0_AggHistOnly Metric=point
Training samples: 1218 | Validation samples: 63
[Epoch 001] train=0.156135 valid=0.083463 lr=0.000205646 time=4.5s
[Epoch 002] train=0.081853 valid=0.060833 lr=0.000205646 time=4.1s
[Epoch 003] train=0.064918 valid=0.076529 lr=0.000205646 time=4.5s
[Epoch 004] train=0.061866 valid=0.061181 lr=0.000205646 time=4.0s
[Epoch 005] train=0.058323 valid=0.060660 lr=0.000205646 time=4.4s
[Epoch 006] train=0.056603 valid=0.063929 lr=0.000205646 time=3.9s
[Epoch 007] train=0.054845 valid=0.065046 lr=0.000205646 time=3.8s
[Epoch 008] train=0.051623 valid=0.054671 lr=0.000205646 time=4.1s
[Epoch 009] train=0.052431 valid=0.057270 lr=0.000205646 time=3.9s
[Epoch 010] train=0.052643 valid=0.069469 lr=0.000205646 time=3.7s
[Epoch 011] train=0.046876 valid=0.055137 lr=0.000102823 time=3.8s
[Epoch 012] train=0.047015 valid=0.054155 lr=0.000102823 time=3.6s
[Epoch 013] train=0.045395 valid=0.054175 lr=0.000102823 time=3.8s
[Epoch 014] train=0.043285 valid=0.059870 lr=0.000102823 time=3.9s
[Epoch 015] train=0.043544 valid=0.053805 lr=0.000102823 time=4.0s
[Epoch 016] train=0.043127 valid=0.067760 lr=0.000102823 time=3.7s
[Epoch 017] train=0.043193 valid=0.062882 lr=0.000102823 time=3.8s
[Epoch 018] train=0.042251 valid=0.051146 lr=0.000102823 time=3.8s
[Epoch 019] train=0.040997 valid=0.053750 lr=0.000102823 time=3.7s
[Epoch 020] train=0.040647 valid=0.057502 lr=0.000102823 time=3.7s
[Epoch 021] train=0.041769 valid=0.057259 lr=5.14116e-05 time=3.7s
[Epoch 022] train=0.038401 valid=0.055067 lr=5.14116e-05 time=3.7s
[Epoch 023] train=0.037844 valid=0.060847 lr=5.14116e-05 time=3.7s
[Epoch 024] train=0.037535 valid=0.058613 lr=2.57058e-05 time=3.7s
[Epoch 025] train=0.039308 valid=0.051705 lr=2.57058e-05 time=3.7s
[Epoch 026] train=0.037180 valid=0.050926 lr=2.57058e-05 time=3.9s
[Epoch 027] train=0.036566 valid=0.057774 lr=2.57058e-05 time=4.0s
[Epoch 028] train=0.035972 valid=0.058428 lr=2.57058e-05 time=3.9s
[Epoch 029] train=0.036830 valid=0.051462 lr=1.28529e-05 time=3.8s
[Epoch 030] train=0.036853 valid=0.056514 lr=1.28529e-05 time=3.8s
[Epoch 031] train=0.036606 valid=0.054736 lr=1.28529e-05 time=3.8s
[Epoch 032] train=0.035722 valid=0.054882 lr=6.42645e-06 time=3.8s
[Ablation] Task=state_dept Holdout Model=M0_AggHistOnly Metric=quantile
Training samples: 1218 | Validation samples: 63
[Epoch 001] train=0.087934 valid=0.060733 lr=0.000205646 time=4.1s
[Epoch 002] train=0.047624 valid=0.037969 lr=0.000205646 time=4.1s
[Epoch 003] train=0.039275 valid=0.041194 lr=0.000205646 time=3.8s
[Epoch 004] train=0.036056 valid=0.036181 lr=0.000205646 time=4.3s
[Epoch 005] train=0.034690 valid=0.038751 lr=0.000205646 time=4.0s
[Epoch 006] train=0.034413 valid=0.042144 lr=0.000205646 time=4.1s
[Epoch 007] train=0.033280 valid=0.036931 lr=0.000102823 time=4.0s
[Epoch 008] train=0.031704 valid=0.033898 lr=0.000102823 time=4.0s
[Epoch 009] train=0.031365 valid=0.033939 lr=0.000102823 time=4.1s
[Epoch 010] train=0.030649 valid=0.033534 lr=0.000102823 time=3.9s
[Epoch 011] train=0.030352 valid=0.032897 lr=0.000102823 time=3.8s
[Epoch 012] train=0.030358 valid=0.032565 lr=0.000102823 time=3.8s
[Epoch 013] train=0.030073 valid=0.034210 lr=0.000102823 time=3.7s
[Epoch 014] train=0.030107 valid=0.031538 lr=0.000102823 time=3.7s
[Epoch 015] train=0.029697 valid=0.031630 lr=0.000102823 time=4.0s
[Epoch 016] train=0.029274 valid=0.032558 lr=0.000102823 time=4.0s
[Epoch 017] train=0.029237 valid=0.034997 lr=5.14116e-05 time=3.9s
[Epoch 018] train=0.029072 valid=0.031950 lr=5.14116e-05 time=3.8s
[Epoch 019] train=0.028484 valid=0.033038 lr=5.14116e-05 time=3.9s
[Epoch 020] train=0.028413 valid=0.032852 lr=2.57058e-05 time=4.4s
[Epoch 021] train=0.028391 valid=0.032343 lr=2.57058e-05 time=4.1s
[Epoch 022] train=0.028221 valid=0.031806 lr=2.57058e-05 time=4.2s
Early stopping at epoch 22
[Ablation] Task=state_dept Holdout Model=M1_AggHistFutureSummary Metric=point
Training samples: 1218 | Validation samples: 63
[Epoch 001] train=0.228653 valid=0.120638 lr=0.000205646 time=4.4s
[Epoch 002] train=0.098716 valid=0.080068 lr=0.000205646 time=4.4s
[Epoch 003] train=0.077070 valid=0.090968 lr=0.000205646 time=4.7s
[Epoch 004] train=0.063255 valid=0.094877 lr=0.000205646 time=4.5s
[Epoch 005] train=0.059241 valid=0.062039 lr=0.000205646 time=3.7s
[Epoch 006] train=0.061812 valid=0.083450 lr=0.000205646 time=3.8s
[Epoch 007] train=0.056861 valid=0.056615 lr=0.000205646 time=4.2s
[Epoch 008] train=0.056863 valid=0.067757 lr=0.000205646 time=4.0s
[Epoch 009] train=0.052675 valid=0.055670 lr=0.000205646 time=3.8s
[Epoch 010] train=0.050361 valid=0.058628 lr=0.000205646 time=3.8s
[Epoch 011] train=0.051691 valid=0.066668 lr=0.000205646 time=3.9s
[Epoch 012] train=0.049408 valid=0.052630 lr=0.000205646 time=3.8s
[Epoch 013] train=0.048076 valid=0.053180 lr=0.000205646 time=4.1s
[Epoch 014] train=0.047972 valid=0.054011 lr=0.000205646 time=4.1s
[Epoch 015] train=0.046130 valid=0.057943 lr=0.000102823 time=3.9s
[Epoch 016] train=0.043037 valid=0.053757 lr=0.000102823 time=3.9s
[Epoch 017] train=0.042802 valid=0.054942 lr=0.000102823 time=3.8s
[Epoch 018] train=0.043295 valid=0.052685 lr=5.14116e-05 time=4.3s
[Epoch 019] train=0.040770 valid=0.051965 lr=5.14116e-05 time=4.0s
[Epoch 020] train=0.040488 valid=0.052777 lr=5.14116e-05 time=4.2s
[Epoch 021] train=0.039151 valid=0.052060 lr=5.14116e-05 time=4.2s
[Epoch 022] train=0.041310 valid=0.055399 lr=2.57058e-05 time=4.4s
[Epoch 023] train=0.039825 valid=0.051488 lr=2.57058e-05 time=4.4s
[Epoch 024] train=0.038047 valid=0.053820 lr=2.57058e-05 time=4.2s
[Epoch 025] train=0.039185 valid=0.054877 lr=2.57058e-05 time=4.4s
[Epoch 026] train=0.038042 valid=0.051467 lr=2.57058e-05 time=4.0s
[Epoch 027] train=0.037720 valid=0.057862 lr=2.57058e-05 time=3.9s
[Epoch 028] train=0.039166 valid=0.053451 lr=2.57058e-05 time=4.3s
[Epoch 029] train=0.037528 valid=0.054099 lr=1.28529e-05 time=4.3s
[Epoch 030] train=0.037810 valid=0.058264 lr=1.28529e-05 time=4.0s
[Epoch 031] train=0.037773 valid=0.053262 lr=1.28529e-05 time=3.8s
[Epoch 032] train=0.037420 valid=0.052588 lr=6.42645e-06 time=3.9s
[Ablation] Task=state_dept Holdout Model=M1_AggHistFutureSummary Metric=quantile
Training samples: 1218 | Validation samples: 63
[Epoch 001] train=0.094225 valid=0.071771 lr=0.000205646 time=4.2s
[Epoch 002] train=0.055132 valid=0.043912 lr=0.000205646 time=4.0s
[Epoch 003] train=0.042163 valid=0.036310 lr=0.000205646 time=4.0s
[Epoch 004] train=0.037588 valid=0.035310 lr=0.000205646 time=4.0s
[Epoch 005] train=0.035290 valid=0.039226 lr=0.000205646 time=3.8s
[Epoch 006] train=0.033571 valid=0.033259 lr=0.000205646 time=4.2s
[Epoch 007] train=0.032072 valid=0.039442 lr=0.000205646 time=4.3s
[Epoch 008] train=0.032025 valid=0.034178 lr=0.000205646 time=4.4s
[Epoch 009] train=0.031861 valid=0.032957 lr=0.000205646 time=4.3s
[Epoch 010] train=0.030119 valid=0.032734 lr=0.000205646 time=4.2s
[Epoch 011] train=0.030720 valid=0.036186 lr=0.000205646 time=4.4s
[Epoch 012] train=0.030041 valid=0.031818 lr=0.000205646 time=4.1s
[Epoch 013] train=0.029485 valid=0.035388 lr=0.000205646 time=4.2s
[Epoch 014] train=0.029313 valid=0.033234 lr=0.000205646 time=4.2s
[Epoch 015] train=0.029501 valid=0.032465 lr=0.000102823 time=4.4s
[Epoch 016] train=0.028531 valid=0.032194 lr=0.000102823 time=4.2s
[Epoch 017] train=0.027956 valid=0.031711 lr=0.000102823 time=4.5s
[Epoch 018] train=0.028035 valid=0.031265 lr=0.000102823 time=4.0s
[Epoch 019] train=0.028299 valid=0.034159 lr=0.000102823 time=4.1s
[Epoch 020] train=0.028096 valid=0.031394 lr=0.000102823 time=4.4s
[Epoch 021] train=0.027977 valid=0.032198 lr=5.14116e-05 time=4.2s
[Epoch 022] train=0.027289 valid=0.031479 lr=5.14116e-05 time=3.8s
[Epoch 023] train=0.027151 valid=0.031265 lr=5.14116e-05 time=3.8s
[Epoch 024] train=0.027303 valid=0.031246 lr=5.14116e-05 time=3.8s
[Epoch 025] train=0.027240 valid=0.032855 lr=5.14116e-05 time=3.9s
[Epoch 026] train=0.027016 valid=0.031653 lr=5.14116e-05 time=4.0s
[Epoch 027] train=0.026972 valid=0.030898 lr=5.14116e-05 time=4.1s
[Epoch 028] train=0.027105 valid=0.030660 lr=5.14116e-05 time=4.0s
[Epoch 029] train=0.026781 valid=0.032360 lr=5.14116e-05 time=4.0s
[Epoch 030] train=0.027049 valid=0.031023 lr=5.14116e-05 time=3.8s
[Epoch 031] train=0.026899 valid=0.032956 lr=2.57058e-05 time=3.9s
[Epoch 032] train=0.026803 valid=0.031888 lr=2.57058e-05 time=4.5s
[Ablation] Task=state_dept Holdout Model=M3_FullSkuTemporalCNN Metric=point
Training samples: 1218 | Validation samples: 63
[Epoch 001] train=0.285102 valid=0.122663 lr=0.000205646 time=9.8s
[Epoch 002] train=0.084295 valid=0.119523 lr=0.000205646 time=9.8s
[Epoch 003] train=0.068656 valid=0.055322 lr=0.000205646 time=9.6s
[Epoch 004] train=0.058680 valid=0.055289 lr=0.000205646 time=9.5s
[Epoch 005] train=0.049182 valid=0.050280 lr=0.000205646 time=9.4s
[Epoch 006] train=0.047441 valid=0.062439 lr=0.000205646 time=9.8s
[Epoch 007] train=0.040600 valid=0.053018 lr=0.000205646 time=9.5s
[Epoch 008] train=0.042658 valid=0.049511 lr=0.000205646 time=9.6s
[Epoch 009] train=0.036266 valid=0.053967 lr=0.000205646 time=9.8s
[Epoch 010] train=0.034698 valid=0.068942 lr=0.000205646 time=9.3s
[Epoch 011] train=0.030666 valid=0.053364 lr=0.000102823 time=9.5s
[Epoch 012] train=0.028792 valid=0.038200 lr=0.000102823 time=9.8s
[Epoch 013] train=0.028550 valid=0.045022 lr=0.000102823 time=9.6s
[Epoch 014] train=0.028629 valid=0.042109 lr=0.000102823 time=9.8s
[Epoch 015] train=0.025865 valid=0.043885 lr=5.14116e-05 time=9.4s
[Epoch 016] train=0.023738 valid=0.042121 lr=5.14116e-05 time=9.5s
[Epoch 017] train=0.023334 valid=0.038595 lr=5.14116e-05 time=9.8s
[Epoch 018] train=0.024777 valid=0.046005 lr=2.57058e-05 time=9.9s
[Epoch 019] train=0.022775 valid=0.040437 lr=2.57058e-05 time=9.8s
[Epoch 020] train=0.021832 valid=0.038916 lr=2.57058e-05 time=9.7s
Early stopping at epoch 20
[Ablation] Task=state_dept Holdout Model=M3_FullSkuTemporalCNN Metric=quantile
Training samples: 1218 | Validation samples: 63
[Epoch 001] train=0.083455 valid=0.052258 lr=0.000205646 time=9.6s
[Epoch 002] train=0.045668 valid=0.048001 lr=0.000205646 time=9.9s
[Epoch 003] train=0.039748 valid=0.036248 lr=0.000205646 time=9.7s
[Epoch 004] train=0.036323 valid=0.037035 lr=0.000205646 time=9.5s
[Epoch 005] train=0.033973 valid=0.038005 lr=0.000205646 time=9.6s
[Epoch 006] train=0.032845 valid=0.034695 lr=0.000205646 time=9.9s
[Epoch 007] train=0.030869 valid=0.033762 lr=0.000205646 time=9.8s
[Epoch 008] train=0.030396 valid=0.037499 lr=0.000205646 time=9.6s
[Epoch 009] train=0.029575 valid=0.034305 lr=0.000205646 time=9.9s
[Epoch 010] train=0.028000 valid=0.032534 lr=0.000205646 time=10.1s
[Epoch 011] train=0.028201 valid=0.032900 lr=0.000205646 time=9.8s
[Epoch 012] train=0.027477 valid=0.030165 lr=0.000205646 time=9.9s
[Epoch 013] train=0.027367 valid=0.030608 lr=0.000205646 time=9.7s
[Epoch 014] train=0.026812 valid=0.030016 lr=0.000205646 time=10.0s
[Epoch 015] train=0.025564 valid=0.030945 lr=0.000205646 time=9.7s
[Epoch 016] train=0.025926 valid=0.029627 lr=0.000205646 time=9.6s
[Epoch 017] train=0.025603 valid=0.031984 lr=0.000205646 time=9.9s
[Epoch 018] train=0.025332 valid=0.030068 lr=0.000205646 time=10.2s
[Epoch 019] train=0.024706 valid=0.032032 lr=0.000102823 time=9.9s
[Epoch 020] train=0.023548 valid=0.028865 lr=0.000102823 time=9.9s
[Epoch 021] train=0.023162 valid=0.030180 lr=0.000102823 time=9.5s
[Epoch 022] train=0.022731 valid=0.031316 lr=0.000102823 time=10.1s
[Epoch 023] train=0.022657 valid=0.029049 lr=5.14116e-05 time=9.9s
[Epoch 024] train=0.022070 valid=0.030647 lr=5.14116e-05 time=9.9s
[Epoch 025] train=0.021838 valid=0.028050 lr=5.14116e-05 time=9.9s
[Epoch 026] train=0.021469 valid=0.029111 lr=5.14116e-05 time=9.6s
[Epoch 027] train=0.021509 valid=0.029941 lr=5.14116e-05 time=10.0s
[Epoch 028] train=0.021530 valid=0.029130 lr=2.57058e-05 time=9.7s
[Epoch 029] train=0.021009 valid=0.030100 lr=2.57058e-05 time=9.6s
[Epoch 030] train=0.021067 valid=0.029484 lr=2.57058e-05 time=9.5s
[Epoch 031] train=0.020889 valid=0.029887 lr=1.28529e-05 time=9.7s
[Epoch 032] train=0.020846 valid=0.030606 lr=1.28529e-05 time=9.9s

Ablation summary (WSPL):
          task                    model  wspl_mean  wspl_std  n_folds
0   state_dept          AggregateHistGB   0.261264       NaN        1
1   state_dept     BottomUpGlobalHistGB   0.211217       NaN        1
2   state_dept       ChildSummaryHistGB   0.261169       NaN        1
3   state_dept           M0_AggHistOnly   0.223849       NaN        1
4   state_dept  M1_AggHistFutureSummary   0.204579       NaN        1
5   state_dept    M3_FullSkuTemporalCNN   0.179899       NaN        1
6    store_cat          AggregateHistGB   0.263815       NaN        1
7    store_cat     BottomUpGlobalHistGB   0.219382       NaN        1
8    store_cat       ChildSummaryHistGB   0.272937       NaN        1
9    store_cat           M0_AggHistOnly   0.200811       NaN        1
10   store_cat  M1_AggHistFutureSummary   0.200260       NaN        1
11   store_cat    M3_FullSkuTemporalCNN   0.185543       NaN        1
12  store_dept          AggregateHistGB   0.270397       NaN        1
13  store_dept     BottomUpGlobalHistGB   0.241949       NaN        1
14  store_dept       ChildSummaryHistGB   0.277285       NaN        1
15  store_dept           M0_AggHistOnly   0.217951       NaN        1
16  store_dept  M1_AggHistFutureSummary   0.207320       NaN        1
17  store_dept    M3_FullSkuTemporalCNN   0.207911       NaN        1

Table 4 ablation (WSPL):
task                     state_dept  store_cat  store_dept      Mean
model                                                               
M3_FullSkuTemporalCNN      0.179899   0.185543    0.207911  0.191117
M1_AggHistFutureSummary    0.204579   0.200260    0.207320  0.204053
M0_AggHistOnly             0.223849   0.200811    0.217951  0.214204
BottomUpGlobalHistGB       0.211217   0.219382    0.241949  0.224183
AggregateHistGB            0.261264   0.263815    0.270397  0.265159
ChildSummaryHistGB         0.261169   0.272937    0.277285  0.270464

Done. Outputs written to: /root/autodl-tmp/m5/work/50pct/02_ablation

$ /root/miniconda3/bin/python /root/autodl-tmp/m5/scripts/run_m5_full_benchmark.py --data-dir /root/autodl-tmp/m5/data --output-dir /root/autodl-tmp/m5/work/50pct/03_benchmark_baselines --mode holdout --tasks store_dept,store_cat,state_dept --quantiles 0.005,0.025,0.165,0.25,0.5,0.75,0.835,0.975,0.995 --t-hist 56 --horizon 28 --valid-size 4 --test-size 4 --internal-valid-size 3 --gap 0 --min-train-origins 20 --min-final-train-origins 20 --sku-universe-mode history --store-sku-sample-frac 0.5 --store-sku-sample-seed 42 --cache-dir /root/autodl-tmp/m5/cache/50pct
Using cache directory: /root/autodl-tmp/m5/cache/50pct
Building/loading cached experiment artifacts...
[M5-PREP] Loading cached task package for task=store_dept...
[M5-PREP] Loaded cached task package for task=store_dept | stage 00:01 | total 00:01
[M5-PREP] Loading cached samples: task=store_dept split=final_train_samples...
[M5-PREP] Loaded cached samples: task=store_dept split=final_train_samples n=4060 | stage 00:02 | total 00:02
[M5-PREP] Loading cached samples: task=store_dept split=internal_valid_samples...
[M5-PREP] Loaded cached samples: task=store_dept split=internal_valid_samples n=210 | stage 00:00 | total 00:00
[M5-PREP] Loading cached samples: task=store_dept split=test_samples...
[M5-PREP] Loaded cached samples: task=store_dept split=test_samples n=280 | stage 00:00 | total 00:00
[M5-PREP] Loading cached task package for task=store_cat...
[M5-PREP] Loaded cached task package for task=store_cat | stage 00:01 | total 00:01
[M5-PREP] Loading cached samples: task=store_cat split=final_train_samples...
[M5-PREP] Loaded cached samples: task=store_cat split=final_train_samples n=1740 | stage 00:01 | total 00:01
[M5-PREP] Loading cached samples: task=store_cat split=internal_valid_samples...
[M5-PREP] Loaded cached samples: task=store_cat split=internal_valid_samples n=90 | stage 00:00 | total 00:00
[M5-PREP] Loading cached samples: task=store_cat split=test_samples...
[M5-PREP] Loaded cached samples: task=store_cat split=test_samples n=120 | stage 00:00 | total 00:00
[M5-PREP] Loading cached task package for task=state_dept...
[M5-PREP] Loaded cached task package for task=state_dept | stage 00:01 | total 00:01
[M5-PREP] Loading cached samples: task=state_dept split=final_train_samples...
[M5-PREP] Loaded cached samples: task=state_dept split=final_train_samples n=1218 | stage 00:01 | total 00:01
[M5-PREP] Loading cached samples: task=state_dept split=internal_valid_samples...
[M5-PREP] Loaded cached samples: task=state_dept split=internal_valid_samples n=63 | stage 00:00 | total 00:00
[M5-PREP] Loading cached samples: task=state_dept split=test_samples...
[M5-PREP] Loaded cached samples: task=state_dept split=test_samples n=84 | stage 00:00 | total 00:00
Building benchmark suite...

=== Running task: store_dept ===
/root/miniconda3/lib/python3.12/site-packages/sklearn/linear_model/_coordinate_descent.py:716: ConvergenceWarning: Objective did not converge. You might want to increase the number of iterations, check the scale of the features or consider increasing regularisation. Duality gap: 5.902e+06, tolerance: 5.347e+04
  model = cd_fast.enet_coordinate_descent(
/root/miniconda3/lib/python3.12/site-packages/sklearn/linear_model/_coordinate_descent.py:716: ConvergenceWarning: Objective did not converge. You might want to increase the number of iterations, check the scale of the features or consider increasing regularisation. Duality gap: 7.224e+06, tolerance: 5.698e+04
  model = cd_fast.enet_coordinate_descent(
/root/miniconda3/lib/python3.12/site-packages/sklearn/linear_model/_coordinate_descent.py:716: ConvergenceWarning: Objective did not converge. You might want to increase the number of iterations, check the scale of the features or consider increasing regularisation. Duality gap: 6.589e+06, tolerance: 3.616e+04
  model = cd_fast.enet_coordinate_descent(
/root/miniconda3/lib/python3.12/site-packages/sklearn/linear_model/_coordinate_descent.py:716: ConvergenceWarning: Objective did not converge. You might want to increase the number of iterations, check the scale of the features or consider increasing regularisation. Duality gap: 5.320e+06, tolerance: 2.921e+04
  model = cd_fast.enet_coordinate_descent(
/root/miniconda3/lib/python3.12/site-packages/sklearn/linear_model/_coordinate_descent.py:716: ConvergenceWarning: Objective did not converge. You might want to increase the number of iterations, check the scale of the features or consider increasing regularisation. Duality gap: 4.831e+06, tolerance: 2.812e+04
  model = cd_fast.enet_coordinate_descent(
/root/miniconda3/lib/python3.12/site-packages/sklearn/linear_model/_coordinate_descent.py:716: ConvergenceWarning: Objective did not converge. You might want to increase the number of iterations, check the scale of the features or consider increasing regularisation. Duality gap: 4.385e+06, tolerance: 2.909e+04
  model = cd_fast.enet_coordinate_descent(
/root/miniconda3/lib/python3.12/site-packages/sklearn/linear_model/_coordinate_descent.py:716: ConvergenceWarning: Objective did not converge. You might want to increase the number of iterations, check the scale of the features or consider increasing regularisation. Duality gap: 5.681e+06, tolerance: 3.711e+04
  model = cd_fast.enet_coordinate_descent(
/root/miniconda3/lib/python3.12/site-packages/sklearn/linear_model/_coordinate_descent.py:716: ConvergenceWarning: Objective did not converge. You might want to increase the number of iterations, check the scale of the features or consider increasing regularisation. Duality gap: 7.976e+06, tolerance: 5.456e+04
  model = cd_fast.enet_coordinate_descent(
/root/miniconda3/lib/python3.12/site-packages/sklearn/linear_model/_coordinate_descent.py:716: ConvergenceWarning: Objective did not converge. You might want to increase the number of iterations, check the scale of the features or consider increasing regularisation. Duality gap: 9.225e+06, tolerance: 5.820e+04
  model = cd_fast.enet_coordinate_descent(
/root/miniconda3/lib/python3.12/site-packages/sklearn/linear_model/_coordinate_descent.py:716: ConvergenceWarning: Objective did not converge. You might want to increase the number of iterations, check the scale of the features or consider increasing regularisation. Duality gap: 4.838e+06, tolerance: 3.519e+04
  model = cd_fast.enet_coordinate_descent(
/root/miniconda3/lib/python3.12/site-packages/sklearn/linear_model/_coordinate_descent.py:716: ConvergenceWarning: Objective did not converge. You might want to increase the number of iterations, check the scale of the features or consider increasing regularisation. Duality gap: 4.599e+06, tolerance: 2.941e+04
  model = cd_fast.enet_coordinate_descent(
/root/miniconda3/lib/python3.12/site-packages/sklearn/linear_model/_coordinate_descent.py:716: ConvergenceWarning: Objective did not converge. You might want to increase the number of iterations, check the scale of the features or consider increasing regularisation. Duality gap: 3.937e+06, tolerance: 2.772e+04
  model = cd_fast.enet_coordinate_descent(
/root/miniconda3/lib/python3.12/site-packages/sklearn/linear_model/_coordinate_descent.py:716: ConvergenceWarning: Objective did not converge. You might want to increase the number of iterations, check the scale of the features or consider increasing regularisation. Duality gap: 4.725e+06, tolerance: 2.806e+04
  model = cd_fast.enet_coordinate_descent(
/root/miniconda3/lib/python3.12/site-packages/sklearn/linear_model/_coordinate_descent.py:716: ConvergenceWarning: Objective did not converge. You might want to increase the number of iterations, check the scale of the features or consider increasing regularisation. Duality gap: 6.169e+06, tolerance: 3.633e+04
  model = cd_fast.enet_coordinate_descent(
/root/miniconda3/lib/python3.12/site-packages/sklearn/linear_model/_coordinate_descent.py:716: ConvergenceWarning: Objective did not converge. You might want to increase the number of iterations, check the scale of the features or consider increasing regularisation. Duality gap: 9.095e+06, tolerance: 5.515e+04
  model = cd_fast.enet_coordinate_descent(
/root/miniconda3/lib/python3.12/site-packages/sklearn/linear_model/_coordinate_descent.py:716: ConvergenceWarning: Objective did not converge. You might want to increase the number of iterations, check the scale of the features or consider increasing regularisation. Duality gap: 9.892e+06, tolerance: 5.906e+04
  model = cd_fast.enet_coordinate_descent(
/root/miniconda3/lib/python3.12/site-packages/sklearn/linear_model/_coordinate_descent.py:716: ConvergenceWarning: Objective did not converge. You might want to increase the number of iterations, check the scale of the features or consider increasing regularisation. Duality gap: 6.336e+06, tolerance: 3.580e+04
  model = cd_fast.enet_coordinate_descent(
/root/miniconda3/lib/python3.12/site-packages/sklearn/linear_model/_coordinate_descent.py:716: ConvergenceWarning: Objective did not converge. You might want to increase the number of iterations, check the scale of the features or consider increasing regularisation. Duality gap: 6.815e+06, tolerance: 3.167e+04
  model = cd_fast.enet_coordinate_descent(
/root/miniconda3/lib/python3.12/site-packages/sklearn/linear_model/_coordinate_descent.py:716: ConvergenceWarning: Objective did not converge. You might want to increase the number of iterations, check the scale of the features or consider increasing regularisation. Duality gap: 7.542e+06, tolerance: 3.214e+04
  model = cd_fast.enet_coordinate_descent(
/root/miniconda3/lib/python3.12/site-packages/sklearn/linear_model/_coordinate_descent.py:716: ConvergenceWarning: Objective did not converge. You might want to increase the number of iterations, check the scale of the features or consider increasing regularisation. Duality gap: 7.778e+06, tolerance: 3.201e+04
  model = cd_fast.enet_coordinate_descent(
/root/miniconda3/lib/python3.12/site-packages/sklearn/linear_model/_coordinate_descent.py:716: ConvergenceWarning: Objective did not converge. You might want to increase the number of iterations, check the scale of the features or consider increasing regularisation. Duality gap: 8.818e+06, tolerance: 3.949e+04
  model = cd_fast.enet_coordinate_descent(
/root/miniconda3/lib/python3.12/site-packages/sklearn/linear_model/_coordinate_descent.py:716: ConvergenceWarning: Objective did not converge. You might want to increase the number of iterations, check the scale of the features or consider increasing regularisation. Duality gap: 9.142e+06, tolerance: 5.410e+04
  model = cd_fast.enet_coordinate_descent(
/root/miniconda3/lib/python3.12/site-packages/sklearn/linear_model/_coordinate_descent.py:716: ConvergenceWarning: Objective did not converge. You might want to increase the number of iterations, check the scale of the features or consider increasing regularisation. Duality gap: 1.268e+07, tolerance: 5.522e+04
  model = cd_fast.enet_coordinate_descent(
/root/miniconda3/lib/python3.12/site-packages/sklearn/linear_model/_coordinate_descent.py:716: ConvergenceWarning: Objective did not converge. You might want to increase the number of iterations, check the scale of the features or consider increasing regularisation. Duality gap: 9.211e+06, tolerance: 3.911e+04
  model = cd_fast.enet_coordinate_descent(
/root/miniconda3/lib/python3.12/site-packages/sklearn/linear_model/_coordinate_descent.py:716: ConvergenceWarning: Objective did not converge. You might want to increase the number of iterations, check the scale of the features or consider increasing regularisation. Duality gap: 7.862e+06, tolerance: 3.141e+04
  model = cd_fast.enet_coordinate_descent(
/root/miniconda3/lib/python3.12/site-packages/sklearn/linear_model/_coordinate_descent.py:716: ConvergenceWarning: Objective did not converge. You might want to increase the number of iterations, check the scale of the features or consider increasing regularisation. Duality gap: 8.417e+06, tolerance: 2.991e+04
  model = cd_fast.enet_coordinate_descent(
/root/miniconda3/lib/python3.12/site-packages/sklearn/linear_model/_coordinate_descent.py:716: ConvergenceWarning: Objective did not converge. You might want to increase the number of iterations, check the scale of the features or consider increasing regularisation. Duality gap: 7.687e+06, tolerance: 2.914e+04
  model = cd_fast.enet_coordinate_descent(
/root/miniconda3/lib/python3.12/site-packages/sklearn/linear_model/_coordinate_descent.py:716: ConvergenceWarning: Objective did not converge. You might want to increase the number of iterations, check the scale of the features or consider increasing regularisation. Duality gap: 7.674e+06, tolerance: 3.693e+04
  model = cd_fast.enet_coordinate_descent(
/root/miniconda3/lib/python3.12/site-packages/sklearn/linear_model/_coordinate_descent.py:716: ConvergenceWarning: Objective did not converge. You might want to increase the number of iterations, check the scale of the features or consider increasing regularisation. Duality gap: 5.902e+06, tolerance: 5.347e+04
  model = cd_fast.enet_coordinate_descent(
/root/miniconda3/lib/python3.12/site-packages/sklearn/linear_model/_coordinate_descent.py:716: ConvergenceWarning: Objective did not converge. You might want to increase the number of iterations, check the scale of the features or consider increasing regularisation. Duality gap: 7.224e+06, tolerance: 5.698e+04
  model = cd_fast.enet_coordinate_descent(
/root/miniconda3/lib/python3.12/site-packages/sklearn/linear_model/_coordinate_descent.py:716: ConvergenceWarning: Objective did not converge. You might want to increase the number of iterations, check the scale of the features or consider increasing regularisation. Duality gap: 6.589e+06, tolerance: 3.616e+04
  model = cd_fast.enet_coordinate_descent(
/root/miniconda3/lib/python3.12/site-packages/sklearn/linear_model/_coordinate_descent.py:716: ConvergenceWarning: Objective did not converge. You might want to increase the number of iterations, check the scale of the features or consider increasing regularisation. Duality gap: 5.320e+06, tolerance: 2.921e+04
  model = cd_fast.enet_coordinate_descent(
/root/miniconda3/lib/python3.12/site-packages/sklearn/linear_model/_coordinate_descent.py:716: ConvergenceWarning: Objective did not converge. You might want to increase the number of iterations, check the scale of the features or consider increasing regularisation. Duality gap: 4.831e+06, tolerance: 2.812e+04
  model = cd_fast.enet_coordinate_descent(
/root/miniconda3/lib/python3.12/site-packages/sklearn/linear_model/_coordinate_descent.py:716: ConvergenceWarning: Objective did not converge. You might want to increase the number of iterations, check the scale of the features or consider increasing regularisation. Duality gap: 4.385e+06, tolerance: 2.909e+04
  model = cd_fast.enet_coordinate_descent(
/root/miniconda3/lib/python3.12/site-packages/sklearn/linear_model/_coordinate_descent.py:716: ConvergenceWarning: Objective did not converge. You might want to increase the number of iterations, check the scale of the features or consider increasing regularisation. Duality gap: 5.681e+06, tolerance: 3.711e+04
  model = cd_fast.enet_coordinate_descent(
/root/miniconda3/lib/python3.12/site-packages/sklearn/linear_model/_coordinate_descent.py:716: ConvergenceWarning: Objective did not converge. You might want to increase the number of iterations, check the scale of the features or consider increasing regularisation. Duality gap: 7.976e+06, tolerance: 5.456e+04
  model = cd_fast.enet_coordinate_descent(
/root/miniconda3/lib/python3.12/site-packages/sklearn/linear_model/_coordinate_descent.py:716: ConvergenceWarning: Objective did not converge. You might want to increase the number of iterations, check the scale of the features or consider increasing regularisation. Duality gap: 9.225e+06, tolerance: 5.820e+04
  model = cd_fast.enet_coordinate_descent(
/root/miniconda3/lib/python3.12/site-packages/sklearn/linear_model/_coordinate_descent.py:716: ConvergenceWarning: Objective did not converge. You might want to increase the number of iterations, check the scale of the features or consider increasing regularisation. Duality gap: 4.838e+06, tolerance: 3.519e+04
  model = cd_fast.enet_coordinate_descent(
/root/miniconda3/lib/python3.12/site-packages/sklearn/linear_model/_coordinate_descent.py:716: ConvergenceWarning: Objective did not converge. You might want to increase the number of iterations, check the scale of the features or consider increasing regularisation. Duality gap: 4.599e+06, tolerance: 2.941e+04
  model = cd_fast.enet_coordinate_descent(
/root/miniconda3/lib/python3.12/site-packages/sklearn/linear_model/_coordinate_descent.py:716: ConvergenceWarning: Objective did not converge. You might want to increase the number of iterations, check the scale of the features or consider increasing regularisation. Duality gap: 3.937e+06, tolerance: 2.772e+04
  model = cd_fast.enet_coordinate_descent(
/root/miniconda3/lib/python3.12/site-packages/sklearn/linear_model/_coordinate_descent.py:716: ConvergenceWarning: Objective did not converge. You might want to increase the number of iterations, check the scale of the features or consider increasing regularisation. Duality gap: 4.725e+06, tolerance: 2.806e+04
  model = cd_fast.enet_coordinate_descent(
/root/miniconda3/lib/python3.12/site-packages/sklearn/linear_model/_coordinate_descent.py:716: ConvergenceWarning: Objective did not converge. You might want to increase the number of iterations, check the scale of the features or consider increasing regularisation. Duality gap: 6.169e+06, tolerance: 3.633e+04
  model = cd_fast.enet_coordinate_descent(
/root/miniconda3/lib/python3.12/site-packages/sklearn/linear_model/_coordinate_descent.py:716: ConvergenceWarning: Objective did not converge. You might want to increase the number of iterations, check the scale of the features or consider increasing regularisation. Duality gap: 9.095e+06, tolerance: 5.515e+04
  model = cd_fast.enet_coordinate_descent(
/root/miniconda3/lib/python3.12/site-packages/sklearn/linear_model/_coordinate_descent.py:716: ConvergenceWarning: Objective did not converge. You might want to increase the number of iterations, check the scale of the features or consider increasing regularisation. Duality gap: 9.892e+06, tolerance: 5.906e+04
  model = cd_fast.enet_coordinate_descent(
/root/miniconda3/lib/python3.12/site-packages/sklearn/linear_model/_coordinate_descent.py:716: ConvergenceWarning: Objective did not converge. You might want to increase the number of iterations, check the scale of the features or consider increasing regularisation. Duality gap: 6.336e+06, tolerance: 3.580e+04
  model = cd_fast.enet_coordinate_descent(
/root/miniconda3/lib/python3.12/site-packages/sklearn/linear_model/_coordinate_descent.py:716: ConvergenceWarning: Objective did not converge. You might want to increase the number of iterations, check the scale of the features or consider increasing regularisation. Duality gap: 6.815e+06, tolerance: 3.167e+04
  model = cd_fast.enet_coordinate_descent(
/root/miniconda3/lib/python3.12/site-packages/sklearn/linear_model/_coordinate_descent.py:716: ConvergenceWarning: Objective did not converge. You might want to increase the number of iterations, check the scale of the features or consider increasing regularisation. Duality gap: 7.542e+06, tolerance: 3.214e+04
  model = cd_fast.enet_coordinate_descent(
/root/miniconda3/lib/python3.12/site-packages/sklearn/linear_model/_coordinate_descent.py:716: ConvergenceWarning: Objective did not converge. You might want to increase the number of iterations, check the scale of the features or consider increasing regularisation. Duality gap: 7.778e+06, tolerance: 3.201e+04
  model = cd_fast.enet_coordinate_descent(
/root/miniconda3/lib/python3.12/site-packages/sklearn/linear_model/_coordinate_descent.py:716: ConvergenceWarning: Objective did not converge. You might want to increase the number of iterations, check the scale of the features or consider increasing regularisation. Duality gap: 8.818e+06, tolerance: 3.949e+04
  model = cd_fast.enet_coordinate_descent(
/root/miniconda3/lib/python3.12/site-packages/sklearn/linear_model/_coordinate_descent.py:716: ConvergenceWarning: Objective did not converge. You might want to increase the number of iterations, check the scale of the features or consider increasing regularisation. Duality gap: 9.142e+06, tolerance: 5.410e+04
  model = cd_fast.enet_coordinate_descent(
/root/miniconda3/lib/python3.12/site-packages/sklearn/linear_model/_coordinate_descent.py:716: ConvergenceWarning: Objective did not converge. You might want to increase the number of iterations, check the scale of the features or consider increasing regularisation. Duality gap: 1.268e+07, tolerance: 5.522e+04
  model = cd_fast.enet_coordinate_descent(
/root/miniconda3/lib/python3.12/site-packages/sklearn/linear_model/_coordinate_descent.py:716: ConvergenceWarning: Objective did not converge. You might want to increase the number of iterations, check the scale of the features or consider increasing regularisation. Duality gap: 9.211e+06, tolerance: 3.911e+04
  model = cd_fast.enet_coordinate_descent(
/root/miniconda3/lib/python3.12/site-packages/sklearn/linear_model/_coordinate_descent.py:716: ConvergenceWarning: Objective did not converge. You might want to increase the number of iterations, check the scale of the features or consider increasing regularisation. Duality gap: 7.862e+06, tolerance: 3.141e+04
  model = cd_fast.enet_coordinate_descent(
/root/miniconda3/lib/python3.12/site-packages/sklearn/linear_model/_coordinate_descent.py:716: ConvergenceWarning: Objective did not converge. You might want to increase the number of iterations, check the scale of the features or consider increasing regularisation. Duality gap: 8.417e+06, tolerance: 2.991e+04
  model = cd_fast.enet_coordinate_descent(
/root/miniconda3/lib/python3.12/site-packages/sklearn/linear_model/_coordinate_descent.py:716: ConvergenceWarning: Objective did not converge. You might want to increase the number of iterations, check the scale of the features or consider increasing regularisation. Duality gap: 7.687e+06, tolerance: 2.914e+04
  model = cd_fast.enet_coordinate_descent(
/root/miniconda3/lib/python3.12/site-packages/sklearn/linear_model/_coordinate_descent.py:716: ConvergenceWarning: Objective did not converge. You might want to increase the number of iterations, check the scale of the features or consider increasing regularisation. Duality gap: 7.674e+06, tolerance: 3.693e+04
  model = cd_fast.enet_coordinate_descent(
/root/miniconda3/lib/python3.12/site-packages/sklearn/linear_model/_coordinate_descent.py:716: ConvergenceWarning: Objective did not converge. You might want to increase the number of iterations, check the scale of the features or consider increasing regularisation. Duality gap: 5.933e+06, tolerance: 5.347e+04
  model = cd_fast.enet_coordinate_descent(
/root/miniconda3/lib/python3.12/site-packages/sklearn/linear_model/_coordinate_descent.py:716: ConvergenceWarning: Objective did not converge. You might want to increase the number of iterations, check the scale of the features or consider increasing regularisation. Duality gap: 7.002e+06, tolerance: 5.698e+04
  model = cd_fast.enet_coordinate_descent(
/root/miniconda3/lib/python3.12/site-packages/sklearn/linear_model/_coordinate_descent.py:716: ConvergenceWarning: Objective did not converge. You might want to increase the number of iterations, check the scale of the features or consider increasing regularisation. Duality gap: 6.440e+06, tolerance: 3.616e+04
  model = cd_fast.enet_coordinate_descent(
/root/miniconda3/lib/python3.12/site-packages/sklearn/linear_model/_coordinate_descent.py:716: ConvergenceWarning: Objective did not converge. You might want to increase the number of iterations, check the scale of the features or consider increasing regularisation. Duality gap: 5.289e+06, tolerance: 2.921e+04
  model = cd_fast.enet_coordinate_descent(
/root/miniconda3/lib/python3.12/site-packages/sklearn/linear_model/_coordinate_descent.py:716: ConvergenceWarning: Objective did not converge. You might want to increase the number of iterations, check the scale of the features or consider increasing regularisation. Duality gap: 4.627e+06, tolerance: 2.812e+04
  model = cd_fast.enet_coordinate_descent(
/root/miniconda3/lib/python3.12/site-packages/sklearn/linear_model/_coordinate_descent.py:716: ConvergenceWarning: Objective did not converge. You might want to increase the number of iterations, check the scale of the features or consider increasing regularisation. Duality gap: 4.322e+06, tolerance: 2.909e+04
  model = cd_fast.enet_coordinate_descent(
/root/miniconda3/lib/python3.12/site-packages/sklearn/linear_model/_coordinate_descent.py:716: ConvergenceWarning: Objective did not converge. You might want to increase the number of iterations, check the scale of the features or consider increasing regularisation. Duality gap: 5.480e+06, tolerance: 3.711e+04
  model = cd_fast.enet_coordinate_descent(
/root/miniconda3/lib/python3.12/site-packages/sklearn/linear_model/_coordinate_descent.py:716: ConvergenceWarning: Objective did not converge. You might want to increase the number of iterations, check the scale of the features or consider increasing regularisation. Duality gap: 7.912e+06, tolerance: 5.456e+04
  model = cd_fast.enet_coordinate_descent(
/root/miniconda3/lib/python3.12/site-packages/sklearn/linear_model/_coordinate_descent.py:716: ConvergenceWarning: Objective did not converge. You might want to increase the number of iterations, check the scale of the features or consider increasing regularisation. Duality gap: 8.970e+06, tolerance: 5.820e+04
  model = cd_fast.enet_coordinate_descent(
/root/miniconda3/lib/python3.12/site-packages/sklearn/linear_model/_coordinate_descent.py:716: ConvergenceWarning: Objective did not converge. You might want to increase the number of iterations, check the scale of the features or consider increasing regularisation. Duality gap: 5.676e+06, tolerance: 3.519e+04
  model = cd_fast.enet_coordinate_descent(
/root/miniconda3/lib/python3.12/site-packages/sklearn/linear_model/_coordinate_descent.py:716: ConvergenceWarning: Objective did not converge. You might want to increase the number of iterations, check the scale of the features or consider increasing regularisation. Duality gap: 4.892e+06, tolerance: 2.941e+04
  model = cd_fast.enet_coordinate_descent(
/root/miniconda3/lib/python3.12/site-packages/sklearn/linear_model/_coordinate_descent.py:716: ConvergenceWarning: Objective did not converge. You might want to increase the number of iterations, check the scale of the features or consider increasing regularisation. Duality gap: 4.433e+06, tolerance: 2.772e+04
  model = cd_fast.enet_coordinate_descent(
/root/miniconda3/lib/python3.12/site-packages/sklearn/linear_model/_coordinate_descent.py:716: ConvergenceWarning: Objective did not converge. You might want to increase the number of iterations, check the scale of the features or consider increasing regularisation. Duality gap: 4.864e+06, tolerance: 2.806e+04
  model = cd_fast.enet_coordinate_descent(
/root/miniconda3/lib/python3.12/site-packages/sklearn/linear_model/_coordinate_descent.py:716: ConvergenceWarning: Objective did not converge. You might want to increase the number of iterations, check the scale of the features or consider increasing regularisation. Duality gap: 6.429e+06, tolerance: 3.633e+04
  model = cd_fast.enet_coordinate_descent(
/root/miniconda3/lib/python3.12/site-packages/sklearn/linear_model/_coordinate_descent.py:716: ConvergenceWarning: Objective did not converge. You might want to increase the number of iterations, check the scale of the features or consider increasing regularisation. Duality gap: 9.183e+06, tolerance: 5.515e+04
  model = cd_fast.enet_coordinate_descent(
/root/miniconda3/lib/python3.12/site-packages/sklearn/linear_model/_coordinate_descent.py:716: ConvergenceWarning: Objective did not converge. You might want to increase the number of iterations, check the scale of the features or consider increasing regularisation. Duality gap: 9.234e+06, tolerance: 5.906e+04
  model = cd_fast.enet_coordinate_descent(
/root/miniconda3/lib/python3.12/site-packages/sklearn/linear_model/_coordinate_descent.py:716: ConvergenceWarning: Objective did not converge. You might want to increase the number of iterations, check the scale of the features or consider increasing regularisation. Duality gap: 6.373e+06, tolerance: 3.580e+04
  model = cd_fast.enet_coordinate_descent(
/root/miniconda3/lib/python3.12/site-packages/sklearn/linear_model/_coordinate_descent.py:716: ConvergenceWarning: Objective did not converge. You might want to increase the number of iterations, check the scale of the features or consider increasing regularisation. Duality gap: 6.995e+06, tolerance: 3.167e+04
  model = cd_fast.enet_coordinate_descent(
/root/miniconda3/lib/python3.12/site-packages/sklearn/linear_model/_coordinate_descent.py:716: ConvergenceWarning: Objective did not converge. You might want to increase the number of iterations, check the scale of the features or consider increasing regularisation. Duality gap: 8.298e+06, tolerance: 3.214e+04
  model = cd_fast.enet_coordinate_descent(
/root/miniconda3/lib/python3.12/site-packages/sklearn/linear_model/_coordinate_descent.py:716: ConvergenceWarning: Objective did not converge. You might want to increase the number of iterations, check the scale of the features or consider increasing regularisation. Duality gap: 7.693e+06, tolerance: 3.201e+04
  model = cd_fast.enet_coordinate_descent(
/root/miniconda3/lib/python3.12/site-packages/sklearn/linear_model/_coordinate_descent.py:716: ConvergenceWarning: Objective did not converge. You might want to increase the number of iterations, check the scale of the features or consider increasing regularisation. Duality gap: 8.574e+06, tolerance: 3.949e+04
  model = cd_fast.enet_coordinate_descent(
/root/miniconda3/lib/python3.12/site-packages/sklearn/linear_model/_coordinate_descent.py:716: ConvergenceWarning: Objective did not converge. You might want to increase the number of iterations, check the scale of the features or consider increasing regularisation. Duality gap: 9.086e+06, tolerance: 5.410e+04
  model = cd_fast.enet_coordinate_descent(
/root/miniconda3/lib/python3.12/site-packages/sklearn/linear_model/_coordinate_descent.py:716: ConvergenceWarning: Objective did not converge. You might want to increase the number of iterations, check the scale of the features or consider increasing regularisation. Duality gap: 1.188e+07, tolerance: 5.522e+04
  model = cd_fast.enet_coordinate_descent(
/root/miniconda3/lib/python3.12/site-packages/sklearn/linear_model/_coordinate_descent.py:716: ConvergenceWarning: Objective did not converge. You might want to increase the number of iterations, check the scale of the features or consider increasing regularisation. Duality gap: 9.149e+06, tolerance: 3.911e+04
  model = cd_fast.enet_coordinate_descent(
/root/miniconda3/lib/python3.12/site-packages/sklearn/linear_model/_coordinate_descent.py:716: ConvergenceWarning: Objective did not converge. You might want to increase the number of iterations, check the scale of the features or consider increasing regularisation. Duality gap: 7.769e+06, tolerance: 3.141e+04
  model = cd_fast.enet_coordinate_descent(
/root/miniconda3/lib/python3.12/site-packages/sklearn/linear_model/_coordinate_descent.py:716: ConvergenceWarning: Objective did not converge. You might want to increase the number of iterations, check the scale of the features or consider increasing regularisation. Duality gap: 8.371e+06, tolerance: 2.991e+04
  model = cd_fast.enet_coordinate_descent(
/root/miniconda3/lib/python3.12/site-packages/sklearn/linear_model/_coordinate_descent.py:716: ConvergenceWarning: Objective did not converge. You might want to increase the number of iterations, check the scale of the features or consider increasing regularisation. Duality gap: 7.464e+06, tolerance: 2.914e+04
  model = cd_fast.enet_coordinate_descent(
/root/miniconda3/lib/python3.12/site-packages/sklearn/linear_model/_coordinate_descent.py:716: ConvergenceWarning: Objective did not converge. You might want to increase the number of iterations, check the scale of the features or consider increasing regularisation. Duality gap: 7.518e+06, tolerance: 3.693e+04
  model = cd_fast.enet_coordinate_descent(
/root/miniconda3/lib/python3.12/site-packages/sklearn/linear_model/_coordinate_descent.py:716: ConvergenceWarning: Objective did not converge. You might want to increase the number of iterations, check the scale of the features or consider increasing regularisation. Duality gap: 5.933e+06, tolerance: 5.347e+04
  model = cd_fast.enet_coordinate_descent(
/root/miniconda3/lib/python3.12/site-packages/sklearn/linear_model/_coordinate_descent.py:716: ConvergenceWarning: Objective did not converge. You might want to increase the number of iterations, check the scale of the features or consider increasing regularisation. Duality gap: 7.002e+06, tolerance: 5.698e+04
  model = cd_fast.enet_coordinate_descent(
/root/miniconda3/lib/python3.12/site-packages/sklearn/linear_model/_coordinate_descent.py:716: ConvergenceWarning: Objective did not converge. You might want to increase the number of iterations, check the scale of the features or consider increasing regularisation. Duality gap: 6.440e+06, tolerance: 3.616e+04
  model = cd_fast.enet_coordinate_descent(
/root/miniconda3/lib/python3.12/site-packages/sklearn/linear_model/_coordinate_descent.py:716: ConvergenceWarning: Objective did not converge. You might want to increase the number of iterations, check the scale of the features or consider increasing regularisation. Duality gap: 5.289e+06, tolerance: 2.921e+04
  model = cd_fast.enet_coordinate_descent(
/root/miniconda3/lib/python3.12/site-packages/sklearn/linear_model/_coordinate_descent.py:716: ConvergenceWarning: Objective did not converge. You might want to increase the number of iterations, check the scale of the features or consider increasing regularisation. Duality gap: 4.627e+06, tolerance: 2.812e+04
  model = cd_fast.enet_coordinate_descent(
/root/miniconda3/lib/python3.12/site-packages/sklearn/linear_model/_coordinate_descent.py:716: ConvergenceWarning: Objective did not converge. You might want to increase the number of iterations, check the scale of the features or consider increasing regularisation. Duality gap: 4.322e+06, tolerance: 2.909e+04
  model = cd_fast.enet_coordinate_descent(
/root/miniconda3/lib/python3.12/site-packages/sklearn/linear_model/_coordinate_descent.py:716: ConvergenceWarning: Objective did not converge. You might want to increase the number of iterations, check the scale of the features or consider increasing regularisation. Duality gap: 5.480e+06, tolerance: 3.711e+04
  model = cd_fast.enet_coordinate_descent(
/root/miniconda3/lib/python3.12/site-packages/sklearn/linear_model/_coordinate_descent.py:716: ConvergenceWarning: Objective did not converge. You might want to increase the number of iterations, check the scale of the features or consider increasing regularisation. Duality gap: 7.912e+06, tolerance: 5.456e+04
  model = cd_fast.enet_coordinate_descent(
/root/miniconda3/lib/python3.12/site-packages/sklearn/linear_model/_coordinate_descent.py:716: ConvergenceWarning: Objective did not converge. You might want to increase the number of iterations, check the scale of the features or consider increasing regularisation. Duality gap: 8.970e+06, tolerance: 5.820e+04
  model = cd_fast.enet_coordinate_descent(
/root/miniconda3/lib/python3.12/site-packages/sklearn/linear_model/_coordinate_descent.py:716: ConvergenceWarning: Objective did not converge. You might want to increase the number of iterations, check the scale of the features or consider increasing regularisation. Duality gap: 5.676e+06, tolerance: 3.519e+04
  model = cd_fast.enet_coordinate_descent(
/root/miniconda3/lib/python3.12/site-packages/sklearn/linear_model/_coordinate_descent.py:716: ConvergenceWarning: Objective did not converge. You might want to increase the number of iterations, check the scale of the features or consider increasing regularisation. Duality gap: 4.892e+06, tolerance: 2.941e+04
  model = cd_fast.enet_coordinate_descent(
/root/miniconda3/lib/python3.12/site-packages/sklearn/linear_model/_coordinate_descent.py:716: ConvergenceWarning: Objective did not converge. You might want to increase the number of iterations, check the scale of the features or consider increasing regularisation. Duality gap: 4.433e+06, tolerance: 2.772e+04
  model = cd_fast.enet_coordinate_descent(
/root/miniconda3/lib/python3.12/site-packages/sklearn/linear_model/_coordinate_descent.py:716: ConvergenceWarning: Objective did not converge. You might want to increase the number of iterations, check the scale of the features or consider increasing regularisation. Duality gap: 4.864e+06, tolerance: 2.806e+04
  model = cd_fast.enet_coordinate_descent(
/root/miniconda3/lib/python3.12/site-packages/sklearn/linear_model/_coordinate_descent.py:716: ConvergenceWarning: Objective did not converge. You might want to increase the number of iterations, check the scale of the features or consider increasing regularisation. Duality gap: 6.429e+06, tolerance: 3.633e+04
  model = cd_fast.enet_coordinate_descent(
/root/miniconda3/lib/python3.12/site-packages/sklearn/linear_model/_coordinate_descent.py:716: ConvergenceWarning: Objective did not converge. You might want to increase the number of iterations, check the scale of the features or consider increasing regularisation. Duality gap: 9.183e+06, tolerance: 5.515e+04
  model = cd_fast.enet_coordinate_descent(
/root/miniconda3/lib/python3.12/site-packages/sklearn/linear_model/_coordinate_descent.py:716: ConvergenceWarning: Objective did not converge. You might want to increase the number of iterations, check the scale of the features or consider increasing regularisation. Duality gap: 9.234e+06, tolerance: 5.906e+04
  model = cd_fast.enet_coordinate_descent(
/root/miniconda3/lib/python3.12/site-packages/sklearn/linear_model/_coordinate_descent.py:716: ConvergenceWarning: Objective did not converge. You might want to increase the number of iterations, check the scale of the features or consider increasing regularisation. Duality gap: 6.373e+06, tolerance: 3.580e+04
  model = cd_fast.enet_coordinate_descent(
/root/miniconda3/lib/python3.12/site-packages/sklearn/linear_model/_coordinate_descent.py:716: ConvergenceWarning: Objective did not converge. You might want to increase the number of iterations, check the scale of the features or consider increasing regularisation. Duality gap: 6.995e+06, tolerance: 3.167e+04
  model = cd_fast.enet_coordinate_descent(
/root/miniconda3/lib/python3.12/site-packages/sklearn/linear_model/_coordinate_descent.py:716: ConvergenceWarning: Objective did not converge. You might want to increase the number of iterations, check the scale of the features or consider increasing regularisation. Duality gap: 8.298e+06, tolerance: 3.214e+04
  model = cd_fast.enet_coordinate_descent(
/root/miniconda3/lib/python3.12/site-packages/sklearn/linear_model/_coordinate_descent.py:716: ConvergenceWarning: Objective did not converge. You might want to increase the number of iterations, check the scale of the features or consider increasing regularisation. Duality gap: 7.693e+06, tolerance: 3.201e+04
  model = cd_fast.enet_coordinate_descent(
/root/miniconda3/lib/python3.12/site-packages/sklearn/linear_model/_coordinate_descent.py:716: ConvergenceWarning: Objective did not converge. You might want to increase the number of iterations, check the scale of the features or consider increasing regularisation. Duality gap: 8.574e+06, tolerance: 3.949e+04
  model = cd_fast.enet_coordinate_descent(
/root/miniconda3/lib/python3.12/site-packages/sklearn/linear_model/_coordinate_descent.py:716: ConvergenceWarning: Objective did not converge. You might want to increase the number of iterations, check the scale of the features or consider increasing regularisation. Duality gap: 9.086e+06, tolerance: 5.410e+04
  model = cd_fast.enet_coordinate_descent(
/root/miniconda3/lib/python3.12/site-packages/sklearn/linear_model/_coordinate_descent.py:716: ConvergenceWarning: Objective did not converge. You might want to increase the number of iterations, check the scale of the features or consider increasing regularisation. Duality gap: 1.188e+07, tolerance: 5.522e+04
  model = cd_fast.enet_coordinate_descent(
/root/miniconda3/lib/python3.12/site-packages/sklearn/linear_model/_coordinate_descent.py:716: ConvergenceWarning: Objective did not converge. You might want to increase the number of iterations, check the scale of the features or consider increasing regularisation. Duality gap: 9.149e+06, tolerance: 3.911e+04
  model = cd_fast.enet_coordinate_descent(
/root/miniconda3/lib/python3.12/site-packages/sklearn/linear_model/_coordinate_descent.py:716: ConvergenceWarning: Objective did not converge. You might want to increase the number of iterations, check the scale of the features or consider increasing regularisation. Duality gap: 7.769e+06, tolerance: 3.141e+04
  model = cd_fast.enet_coordinate_descent(
/root/miniconda3/lib/python3.12/site-packages/sklearn/linear_model/_coordinate_descent.py:716: ConvergenceWarning: Objective did not converge. You might want to increase the number of iterations, check the scale of the features or consider increasing regularisation. Duality gap: 8.371e+06, tolerance: 2.991e+04
  model = cd_fast.enet_coordinate_descent(
/root/miniconda3/lib/python3.12/site-packages/sklearn/linear_model/_coordinate_descent.py:716: ConvergenceWarning: Objective did not converge. You might want to increase the number of iterations, check the scale of the features or consider increasing regularisation. Duality gap: 7.464e+06, tolerance: 2.914e+04
  model = cd_fast.enet_coordinate_descent(
/root/miniconda3/lib/python3.12/site-packages/sklearn/linear_model/_coordinate_descent.py:716: ConvergenceWarning: Objective did not converge. You might want to increase the number of iterations, check the scale of the features or consider increasing regularisation. Duality gap: 7.518e+06, tolerance: 3.693e+04
  model = cd_fast.enet_coordinate_descent(

=== Running task: store_cat ===
/root/miniconda3/lib/python3.12/site-packages/sklearn/linear_model/_coordinate_descent.py:716: ConvergenceWarning: Objective did not converge. You might want to increase the number of iterations, check the scale of the features or consider increasing regularisation. Duality gap: 7.238e+06, tolerance: 6.345e+04
  model = cd_fast.enet_coordinate_descent(
/root/miniconda3/lib/python3.12/site-packages/sklearn/linear_model/_coordinate_descent.py:716: ConvergenceWarning: Objective did not converge. You might want to increase the number of iterations, check the scale of the features or consider increasing regularisation. Duality gap: 9.165e+06, tolerance: 6.936e+04
  model = cd_fast.enet_coordinate_descent(
/root/miniconda3/lib/python3.12/site-packages/sklearn/linear_model/_coordinate_descent.py:716: ConvergenceWarning: Objective did not converge. You might want to increase the number of iterations, check the scale of the features or consider increasing regularisation. Duality gap: 7.759e+06, tolerance: 4.552e+04
  model = cd_fast.enet_coordinate_descent(
/root/miniconda3/lib/python3.12/site-packages/sklearn/linear_model/_coordinate_descent.py:716: ConvergenceWarning: Objective did not converge. You might want to increase the number of iterations, check the scale of the features or consider increasing regularisation. Duality gap: 6.670e+06, tolerance: 3.760e+04
  model = cd_fast.enet_coordinate_descent(
/root/miniconda3/lib/python3.12/site-packages/sklearn/linear_model/_coordinate_descent.py:716: ConvergenceWarning: Objective did not converge. You might want to increase the number of iterations, check the scale of the features or consider increasing regularisation. Duality gap: 6.359e+06, tolerance: 3.631e+04
  model = cd_fast.enet_coordinate_descent(
/root/miniconda3/lib/python3.12/site-packages/sklearn/linear_model/_coordinate_descent.py:716: ConvergenceWarning: Objective did not converge. You might want to increase the number of iterations, check the scale of the features or consider increasing regularisation. Duality gap: 5.740e+06, tolerance: 3.699e+04
  model = cd_fast.enet_coordinate_descent(
/root/miniconda3/lib/python3.12/site-packages/sklearn/linear_model/_coordinate_descent.py:716: ConvergenceWarning: Objective did not converge. You might want to increase the number of iterations, check the scale of the features or consider increasing regularisation. Duality gap: 6.589e+06, tolerance: 4.503e+04
  model = cd_fast.enet_coordinate_descent(
/root/miniconda3/lib/python3.12/site-packages/sklearn/linear_model/_coordinate_descent.py:716: ConvergenceWarning: Objective did not converge. You might want to increase the number of iterations, check the scale of the features or consider increasing regularisation. Duality gap: 9.741e+06, tolerance: 6.559e+04
  model = cd_fast.enet_coordinate_descent(
/root/miniconda3/lib/python3.12/site-packages/sklearn/linear_model/_coordinate_descent.py:716: ConvergenceWarning: Objective did not converge. You might want to increase the number of iterations, check the scale of the features or consider increasing regularisation. Duality gap: 1.138e+07, tolerance: 7.119e+04
  model = cd_fast.enet_coordinate_descent(
/root/miniconda3/lib/python3.12/site-packages/sklearn/linear_model/_coordinate_descent.py:716: ConvergenceWarning: Objective did not converge. You might want to increase the number of iterations, check the scale of the features or consider increasing regularisation. Duality gap: 6.932e+06, tolerance: 4.494e+04
  model = cd_fast.enet_coordinate_descent(
/root/miniconda3/lib/python3.12/site-packages/sklearn/linear_model/_coordinate_descent.py:716: ConvergenceWarning: Objective did not converge. You might want to increase the number of iterations, check the scale of the features or consider increasing regularisation. Duality gap: 5.918e+06, tolerance: 3.785e+04
  model = cd_fast.enet_coordinate_descent(
/root/miniconda3/lib/python3.12/site-packages/sklearn/linear_model/_coordinate_descent.py:716: ConvergenceWarning: Objective did not converge. You might want to increase the number of iterations, check the scale of the features or consider increasing regularisation. Duality gap: 5.788e+06, tolerance: 3.595e+04
  model = cd_fast.enet_coordinate_descent(
/root/miniconda3/lib/python3.12/site-packages/sklearn/linear_model/_coordinate_descent.py:716: ConvergenceWarning: Objective did not converge. You might want to increase the number of iterations, check the scale of the features or consider increasing regularisation. Duality gap: 6.064e+06, tolerance: 3.606e+04
  model = cd_fast.enet_coordinate_descent(
/root/miniconda3/lib/python3.12/site-packages/sklearn/linear_model/_coordinate_descent.py:716: ConvergenceWarning: Objective did not converge. You might want to increase the number of iterations, check the scale of the features or consider increasing regularisation. Duality gap: 7.706e+06, tolerance: 4.483e+04
  model = cd_fast.enet_coordinate_descent(
/root/miniconda3/lib/python3.12/site-packages/sklearn/linear_model/_coordinate_descent.py:716: ConvergenceWarning: Objective did not converge. You might want to increase the number of iterations, check the scale of the features or consider increasing regularisation. Duality gap: 1.067e+07, tolerance: 6.674e+04
  model = cd_fast.enet_coordinate_descent(
/root/miniconda3/lib/python3.12/site-packages/sklearn/linear_model/_coordinate_descent.py:716: ConvergenceWarning: Objective did not converge. You might want to increase the number of iterations, check the scale of the features or consider increasing regularisation. Duality gap: 1.147e+07, tolerance: 7.233e+04
  model = cd_fast.enet_coordinate_descent(
/root/miniconda3/lib/python3.12/site-packages/sklearn/linear_model/_coordinate_descent.py:716: ConvergenceWarning: Objective did not converge. You might want to increase the number of iterations, check the scale of the features or consider increasing regularisation. Duality gap: 7.303e+06, tolerance: 4.574e+04
  model = cd_fast.enet_coordinate_descent(
/root/miniconda3/lib/python3.12/site-packages/sklearn/linear_model/_coordinate_descent.py:716: ConvergenceWarning: Objective did not converge. You might want to increase the number of iterations, check the scale of the features or consider increasing regularisation. Duality gap: 8.317e+06, tolerance: 4.076e+04
  model = cd_fast.enet_coordinate_descent(
/root/miniconda3/lib/python3.12/site-packages/sklearn/linear_model/_coordinate_descent.py:716: ConvergenceWarning: Objective did not converge. You might want to increase the number of iterations, check the scale of the features or consider increasing regularisation. Duality gap: 9.513e+06, tolerance: 4.107e+04
  model = cd_fast.enet_coordinate_descent(
/root/miniconda3/lib/python3.12/site-packages/sklearn/linear_model/_coordinate_descent.py:716: ConvergenceWarning: Objective did not converge. You might want to increase the number of iterations, check the scale of the features or consider increasing regularisation. Duality gap: 8.050e+06, tolerance: 4.089e+04
  model = cd_fast.enet_coordinate_descent(
/root/miniconda3/lib/python3.12/site-packages/sklearn/linear_model/_coordinate_descent.py:716: ConvergenceWarning: Objective did not converge. You might want to increase the number of iterations, check the scale of the features or consider increasing regularisation. Duality gap: 9.751e+06, tolerance: 4.817e+04
  model = cd_fast.enet_coordinate_descent(
/root/miniconda3/lib/python3.12/site-packages/sklearn/linear_model/_coordinate_descent.py:716: ConvergenceWarning: Objective did not converge. You might want to increase the number of iterations, check the scale of the features or consider increasing regularisation. Duality gap: 1.037e+07, tolerance: 6.462e+04
  model = cd_fast.enet_coordinate_descent(
/root/miniconda3/lib/python3.12/site-packages/sklearn/linear_model/_coordinate_descent.py:716: ConvergenceWarning: Objective did not converge. You might want to increase the number of iterations, check the scale of the features or consider increasing regularisation. Duality gap: 1.465e+07, tolerance: 6.782e+04
  model = cd_fast.enet_coordinate_descent(
/root/miniconda3/lib/python3.12/site-packages/sklearn/linear_model/_coordinate_descent.py:716: ConvergenceWarning: Objective did not converge. You might want to increase the number of iterations, check the scale of the features or consider increasing regularisation. Duality gap: 1.088e+07, tolerance: 4.975e+04
  model = cd_fast.enet_coordinate_descent(
/root/miniconda3/lib/python3.12/site-packages/sklearn/linear_model/_coordinate_descent.py:716: ConvergenceWarning: Objective did not converge. You might want to increase the number of iterations, check the scale of the features or consider increasing regularisation. Duality gap: 9.821e+06, tolerance: 4.109e+04
  model = cd_fast.enet_coordinate_descent(
/root/miniconda3/lib/python3.12/site-packages/sklearn/linear_model/_coordinate_descent.py:716: ConvergenceWarning: Objective did not converge. You might want to increase the number of iterations, check the scale of the features or consider increasing regularisation. Duality gap: 9.917e+06, tolerance: 3.885e+04
  model = cd_fast.enet_coordinate_descent(
/root/miniconda3/lib/python3.12/site-packages/sklearn/linear_model/_coordinate_descent.py:716: ConvergenceWarning: Objective did not converge. You might want to increase the number of iterations, check the scale of the features or consider increasing regularisation. Duality gap: 9.279e+06, tolerance: 3.738e+04
  model = cd_fast.enet_coordinate_descent(
/root/miniconda3/lib/python3.12/site-packages/sklearn/linear_model/_coordinate_descent.py:716: ConvergenceWarning: Objective did not converge. You might want to increase the number of iterations, check the scale of the features or consider increasing regularisation. Duality gap: 8.485e+06, tolerance: 4.478e+04
  model = cd_fast.enet_coordinate_descent(
/root/miniconda3/lib/python3.12/site-packages/sklearn/linear_model/_coordinate_descent.py:716: ConvergenceWarning: Objective did not converge. You might want to increase the number of iterations, check the scale of the features or consider increasing regularisation. Duality gap: 7.238e+06, tolerance: 6.345e+04
  model = cd_fast.enet_coordinate_descent(
/root/miniconda3/lib/python3.12/site-packages/sklearn/linear_model/_coordinate_descent.py:716: ConvergenceWarning: Objective did not converge. You might want to increase the number of iterations, check the scale of the features or consider increasing regularisation. Duality gap: 9.165e+06, tolerance: 6.936e+04
  model = cd_fast.enet_coordinate_descent(
/root/miniconda3/lib/python3.12/site-packages/sklearn/linear_model/_coordinate_descent.py:716: ConvergenceWarning: Objective did not converge. You might want to increase the number of iterations, check the scale of the features or consider increasing regularisation. Duality gap: 7.759e+06, tolerance: 4.552e+04
  model = cd_fast.enet_coordinate_descent(
/root/miniconda3/lib/python3.12/site-packages/sklearn/linear_model/_coordinate_descent.py:716: ConvergenceWarning: Objective did not converge. You might want to increase the number of iterations, check the scale of the features or consider increasing regularisation. Duality gap: 6.670e+06, tolerance: 3.760e+04
  model = cd_fast.enet_coordinate_descent(
/root/miniconda3/lib/python3.12/site-packages/sklearn/linear_model/_coordinate_descent.py:716: ConvergenceWarning: Objective did not converge. You might want to increase the number of iterations, check the scale of the features or consider increasing regularisation. Duality gap: 6.359e+06, tolerance: 3.631e+04
  model = cd_fast.enet_coordinate_descent(
/root/miniconda3/lib/python3.12/site-packages/sklearn/linear_model/_coordinate_descent.py:716: ConvergenceWarning: Objective did not converge. You might want to increase the number of iterations, check the scale of the features or consider increasing regularisation. Duality gap: 5.740e+06, tolerance: 3.699e+04
  model = cd_fast.enet_coordinate_descent(
/root/miniconda3/lib/python3.12/site-packages/sklearn/linear_model/_coordinate_descent.py:716: ConvergenceWarning: Objective did not converge. You might want to increase the number of iterations, check the scale of the features or consider increasing regularisation. Duality gap: 6.589e+06, tolerance: 4.503e+04
  model = cd_fast.enet_coordinate_descent(
/root/miniconda3/lib/python3.12/site-packages/sklearn/linear_model/_coordinate_descent.py:716: ConvergenceWarning: Objective did not converge. You might want to increase the number of iterations, check the scale of the features or consider increasing regularisation. Duality gap: 9.741e+06, tolerance: 6.559e+04
  model = cd_fast.enet_coordinate_descent(
/root/miniconda3/lib/python3.12/site-packages/sklearn/linear_model/_coordinate_descent.py:716: ConvergenceWarning: Objective did not converge. You might want to increase the number of iterations, check the scale of the features or consider increasing regularisation. Duality gap: 1.138e+07, tolerance: 7.119e+04
  model = cd_fast.enet_coordinate_descent(
/root/miniconda3/lib/python3.12/site-packages/sklearn/linear_model/_coordinate_descent.py:716: ConvergenceWarning: Objective did not converge. You might want to increase the number of iterations, check the scale of the features or consider increasing regularisation. Duality gap: 6.932e+06, tolerance: 4.494e+04
  model = cd_fast.enet_coordinate_descent(
/root/miniconda3/lib/python3.12/site-packages/sklearn/linear_model/_coordinate_descent.py:716: ConvergenceWarning: Objective did not converge. You might want to increase the number of iterations, check the scale of the features or consider increasing regularisation. Duality gap: 5.918e+06, tolerance: 3.785e+04
  model = cd_fast.enet_coordinate_descent(
/root/miniconda3/lib/python3.12/site-packages/sklearn/linear_model/_coordinate_descent.py:716: ConvergenceWarning: Objective did not converge. You might want to increase the number of iterations, check the scale of the features or consider increasing regularisation. Duality gap: 5.788e+06, tolerance: 3.595e+04
  model = cd_fast.enet_coordinate_descent(
/root/miniconda3/lib/python3.12/site-packages/sklearn/linear_model/_coordinate_descent.py:716: ConvergenceWarning: Objective did not converge. You might want to increase the number of iterations, check the scale of the features or consider increasing regularisation. Duality gap: 6.064e+06, tolerance: 3.606e+04
  model = cd_fast.enet_coordinate_descent(
/root/miniconda3/lib/python3.12/site-packages/sklearn/linear_model/_coordinate_descent.py:716: ConvergenceWarning: Objective did not converge. You might want to increase the number of iterations, check the scale of the features or consider increasing regularisation. Duality gap: 7.706e+06, tolerance: 4.483e+04
  model = cd_fast.enet_coordinate_descent(
/root/miniconda3/lib/python3.12/site-packages/sklearn/linear_model/_coordinate_descent.py:716: ConvergenceWarning: Objective did not converge. You might want to increase the number of iterations, check the scale of the features or consider increasing regularisation. Duality gap: 1.067e+07, tolerance: 6.674e+04
  model = cd_fast.enet_coordinate_descent(
/root/miniconda3/lib/python3.12/site-packages/sklearn/linear_model/_coordinate_descent.py:716: ConvergenceWarning: Objective did not converge. You might want to increase the number of iterations, check the scale of the features or consider increasing regularisation. Duality gap: 1.147e+07, tolerance: 7.233e+04
  model = cd_fast.enet_coordinate_descent(
/root/miniconda3/lib/python3.12/site-packages/sklearn/linear_model/_coordinate_descent.py:716: ConvergenceWarning: Objective did not converge. You might want to increase the number of iterations, check the scale of the features or consider increasing regularisation. Duality gap: 7.303e+06, tolerance: 4.574e+04
  model = cd_fast.enet_coordinate_descent(
/root/miniconda3/lib/python3.12/site-packages/sklearn/linear_model/_coordinate_descent.py:716: ConvergenceWarning: Objective did not converge. You might want to increase the number of iterations, check the scale of the features or consider increasing regularisation. Duality gap: 8.317e+06, tolerance: 4.076e+04
  model = cd_fast.enet_coordinate_descent(
/root/miniconda3/lib/python3.12/site-packages/sklearn/linear_model/_coordinate_descent.py:716: ConvergenceWarning: Objective did not converge. You might want to increase the number of iterations, check the scale of the features or consider increasing regularisation. Duality gap: 9.513e+06, tolerance: 4.107e+04
  model = cd_fast.enet_coordinate_descent(
/root/miniconda3/lib/python3.12/site-packages/sklearn/linear_model/_coordinate_descent.py:716: ConvergenceWarning: Objective did not converge. You might want to increase the number of iterations, check the scale of the features or consider increasing regularisation. Duality gap: 8.050e+06, tolerance: 4.089e+04
  model = cd_fast.enet_coordinate_descent(
/root/miniconda3/lib/python3.12/site-packages/sklearn/linear_model/_coordinate_descent.py:716: ConvergenceWarning: Objective did not converge. You might want to increase the number of iterations, check the scale of the features or consider increasing regularisation. Duality gap: 9.751e+06, tolerance: 4.817e+04
  model = cd_fast.enet_coordinate_descent(
/root/miniconda3/lib/python3.12/site-packages/sklearn/linear_model/_coordinate_descent.py:716: ConvergenceWarning: Objective did not converge. You might want to increase the number of iterations, check the scale of the features or consider increasing regularisation. Duality gap: 1.037e+07, tolerance: 6.462e+04
  model = cd_fast.enet_coordinate_descent(
/root/miniconda3/lib/python3.12/site-packages/sklearn/linear_model/_coordinate_descent.py:716: ConvergenceWarning: Objective did not converge. You might want to increase the number of iterations, check the scale of the features or consider increasing regularisation. Duality gap: 1.465e+07, tolerance: 6.782e+04
  model = cd_fast.enet_coordinate_descent(
/root/miniconda3/lib/python3.12/site-packages/sklearn/linear_model/_coordinate_descent.py:716: ConvergenceWarning: Objective did not converge. You might want to increase the number of iterations, check the scale of the features or consider increasing regularisation. Duality gap: 1.088e+07, tolerance: 4.975e+04
  model = cd_fast.enet_coordinate_descent(
/root/miniconda3/lib/python3.12/site-packages/sklearn/linear_model/_coordinate_descent.py:716: ConvergenceWarning: Objective did not converge. You might want to increase the number of iterations, check the scale of the features or consider increasing regularisation. Duality gap: 9.821e+06, tolerance: 4.109e+04
  model = cd_fast.enet_coordinate_descent(
/root/miniconda3/lib/python3.12/site-packages/sklearn/linear_model/_coordinate_descent.py:716: ConvergenceWarning: Objective did not converge. You might want to increase the number of iterations, check the scale of the features or consider increasing regularisation. Duality gap: 9.917e+06, tolerance: 3.885e+04
  model = cd_fast.enet_coordinate_descent(
/root/miniconda3/lib/python3.12/site-packages/sklearn/linear_model/_coordinate_descent.py:716: ConvergenceWarning: Objective did not converge. You might want to increase the number of iterations, check the scale of the features or consider increasing regularisation. Duality gap: 9.279e+06, tolerance: 3.738e+04
  model = cd_fast.enet_coordinate_descent(
/root/miniconda3/lib/python3.12/site-packages/sklearn/linear_model/_coordinate_descent.py:716: ConvergenceWarning: Objective did not converge. You might want to increase the number of iterations, check the scale of the features or consider increasing regularisation. Duality gap: 8.485e+06, tolerance: 4.478e+04
  model = cd_fast.enet_coordinate_descent(
/root/miniconda3/lib/python3.12/site-packages/sklearn/linear_model/_coordinate_descent.py:716: ConvergenceWarning: Objective did not converge. You might want to increase the number of iterations, check the scale of the features or consider increasing regularisation. Duality gap: 7.007e+06, tolerance: 6.345e+04
  model = cd_fast.enet_coordinate_descent(
/root/miniconda3/lib/python3.12/site-packages/sklearn/linear_model/_coordinate_descent.py:716: ConvergenceWarning: Objective did not converge. You might want to increase the number of iterations, check the scale of the features or consider increasing regularisation. Duality gap: 8.608e+06, tolerance: 6.936e+04
  model = cd_fast.enet_coordinate_descent(
/root/miniconda3/lib/python3.12/site-packages/sklearn/linear_model/_coordinate_descent.py:716: ConvergenceWarning: Objective did not converge. You might want to increase the number of iterations, check the scale of the features or consider increasing regularisation. Duality gap: 7.505e+06, tolerance: 4.552e+04
  model = cd_fast.enet_coordinate_descent(
/root/miniconda3/lib/python3.12/site-packages/sklearn/linear_model/_coordinate_descent.py:716: ConvergenceWarning: Objective did not converge. You might want to increase the number of iterations, check the scale of the features or consider increasing regularisation. Duality gap: 6.591e+06, tolerance: 3.760e+04
  model = cd_fast.enet_coordinate_descent(
/root/miniconda3/lib/python3.12/site-packages/sklearn/linear_model/_coordinate_descent.py:716: ConvergenceWarning: Objective did not converge. You might want to increase the number of iterations, check the scale of the features or consider increasing regularisation. Duality gap: 6.198e+06, tolerance: 3.631e+04
  model = cd_fast.enet_coordinate_descent(
/root/miniconda3/lib/python3.12/site-packages/sklearn/linear_model/_coordinate_descent.py:716: ConvergenceWarning: Objective did not converge. You might want to increase the number of iterations, check the scale of the features or consider increasing regularisation. Duality gap: 5.626e+06, tolerance: 3.699e+04
  model = cd_fast.enet_coordinate_descent(
/root/miniconda3/lib/python3.12/site-packages/sklearn/linear_model/_coordinate_descent.py:716: ConvergenceWarning: Objective did not converge. You might want to increase the number of iterations, check the scale of the features or consider increasing regularisation. Duality gap: 6.238e+06, tolerance: 4.503e+04
  model = cd_fast.enet_coordinate_descent(
/root/miniconda3/lib/python3.12/site-packages/sklearn/linear_model/_coordinate_descent.py:716: ConvergenceWarning: Objective did not converge. You might want to increase the number of iterations, check the scale of the features or consider increasing regularisation. Duality gap: 9.369e+06, tolerance: 6.559e+04
  model = cd_fast.enet_coordinate_descent(
/root/miniconda3/lib/python3.12/site-packages/sklearn/linear_model/_coordinate_descent.py:716: ConvergenceWarning: Objective did not converge. You might want to increase the number of iterations, check the scale of the features or consider increasing regularisation. Duality gap: 1.085e+07, tolerance: 7.119e+04
  model = cd_fast.enet_coordinate_descent(
/root/miniconda3/lib/python3.12/site-packages/sklearn/linear_model/_coordinate_descent.py:716: ConvergenceWarning: Objective did not converge. You might want to increase the number of iterations, check the scale of the features or consider increasing regularisation. Duality gap: 7.129e+06, tolerance: 4.494e+04
  model = cd_fast.enet_coordinate_descent(
/root/miniconda3/lib/python3.12/site-packages/sklearn/linear_model/_coordinate_descent.py:716: ConvergenceWarning: Objective did not converge. You might want to increase the number of iterations, check the scale of the features or consider increasing regularisation. Duality gap: 5.830e+06, tolerance: 3.785e+04
  model = cd_fast.enet_coordinate_descent(
/root/miniconda3/lib/python3.12/site-packages/sklearn/linear_model/_coordinate_descent.py:716: ConvergenceWarning: Objective did not converge. You might want to increase the number of iterations, check the scale of the features or consider increasing regularisation. Duality gap: 5.810e+06, tolerance: 3.595e+04
  model = cd_fast.enet_coordinate_descent(
/root/miniconda3/lib/python3.12/site-packages/sklearn/linear_model/_coordinate_descent.py:716: ConvergenceWarning: Objective did not converge. You might want to increase the number of iterations, check the scale of the features or consider increasing regularisation. Duality gap: 6.060e+06, tolerance: 3.606e+04
  model = cd_fast.enet_coordinate_descent(
/root/miniconda3/lib/python3.12/site-packages/sklearn/linear_model/_coordinate_descent.py:716: ConvergenceWarning: Objective did not converge. You might want to increase the number of iterations, check the scale of the features or consider increasing regularisation. Duality gap: 7.494e+06, tolerance: 4.483e+04
  model = cd_fast.enet_coordinate_descent(
/root/miniconda3/lib/python3.12/site-packages/sklearn/linear_model/_coordinate_descent.py:716: ConvergenceWarning: Objective did not converge. You might want to increase the number of iterations, check the scale of the features or consider increasing regularisation. Duality gap: 1.053e+07, tolerance: 6.674e+04
  model = cd_fast.enet_coordinate_descent(
/root/miniconda3/lib/python3.12/site-packages/sklearn/linear_model/_coordinate_descent.py:716: ConvergenceWarning: Objective did not converge. You might want to increase the number of iterations, check the scale of the features or consider increasing regularisation. Duality gap: 1.066e+07, tolerance: 7.233e+04
  model = cd_fast.enet_coordinate_descent(
/root/miniconda3/lib/python3.12/site-packages/sklearn/linear_model/_coordinate_descent.py:716: ConvergenceWarning: Objective did not converge. You might want to increase the number of iterations, check the scale of the features or consider increasing regularisation. Duality gap: 7.132e+06, tolerance: 4.574e+04
  model = cd_fast.enet_coordinate_descent(
/root/miniconda3/lib/python3.12/site-packages/sklearn/linear_model/_coordinate_descent.py:716: ConvergenceWarning: Objective did not converge. You might want to increase the number of iterations, check the scale of the features or consider increasing regularisation. Duality gap: 8.188e+06, tolerance: 4.076e+04
  model = cd_fast.enet_coordinate_descent(
/root/miniconda3/lib/python3.12/site-packages/sklearn/linear_model/_coordinate_descent.py:716: ConvergenceWarning: Objective did not converge. You might want to increase the number of iterations, check the scale of the features or consider increasing regularisation. Duality gap: 9.295e+06, tolerance: 4.107e+04
  model = cd_fast.enet_coordinate_descent(
/root/miniconda3/lib/python3.12/site-packages/sklearn/linear_model/_coordinate_descent.py:716: ConvergenceWarning: Objective did not converge. You might want to increase the number of iterations, check the scale of the features or consider increasing regularisation. Duality gap: 7.802e+06, tolerance: 4.089e+04
  model = cd_fast.enet_coordinate_descent(
/root/miniconda3/lib/python3.12/site-packages/sklearn/linear_model/_coordinate_descent.py:716: ConvergenceWarning: Objective did not converge. You might want to increase the number of iterations, check the scale of the features or consider increasing regularisation. Duality gap: 9.268e+06, tolerance: 4.817e+04
  model = cd_fast.enet_coordinate_descent(
/root/miniconda3/lib/python3.12/site-packages/sklearn/linear_model/_coordinate_descent.py:716: ConvergenceWarning: Objective did not converge. You might want to increase the number of iterations, check the scale of the features or consider increasing regularisation. Duality gap: 9.836e+06, tolerance: 6.462e+04
  model = cd_fast.enet_coordinate_descent(
/root/miniconda3/lib/python3.12/site-packages/sklearn/linear_model/_coordinate_descent.py:716: ConvergenceWarning: Objective did not converge. You might want to increase the number of iterations, check the scale of the features or consider increasing regularisation. Duality gap: 1.351e+07, tolerance: 6.782e+04
  model = cd_fast.enet_coordinate_descent(
/root/miniconda3/lib/python3.12/site-packages/sklearn/linear_model/_coordinate_descent.py:716: ConvergenceWarning: Objective did not converge. You might want to increase the number of iterations, check the scale of the features or consider increasing regularisation. Duality gap: 1.067e+07, tolerance: 4.975e+04
  model = cd_fast.enet_coordinate_descent(
/root/miniconda3/lib/python3.12/site-packages/sklearn/linear_model/_coordinate_descent.py:716: ConvergenceWarning: Objective did not converge. You might want to increase the number of iterations, check the scale of the features or consider increasing regularisation. Duality gap: 9.447e+06, tolerance: 4.109e+04
  model = cd_fast.enet_coordinate_descent(
/root/miniconda3/lib/python3.12/site-packages/sklearn/linear_model/_coordinate_descent.py:716: ConvergenceWarning: Objective did not converge. You might want to increase the number of iterations, check the scale of the features or consider increasing regularisation. Duality gap: 9.657e+06, tolerance: 3.885e+04
  model = cd_fast.enet_coordinate_descent(
/root/miniconda3/lib/python3.12/site-packages/sklearn/linear_model/_coordinate_descent.py:716: ConvergenceWarning: Objective did not converge. You might want to increase the number of iterations, check the scale of the features or consider increasing regularisation. Duality gap: 8.754e+06, tolerance: 3.738e+04
  model = cd_fast.enet_coordinate_descent(
/root/miniconda3/lib/python3.12/site-packages/sklearn/linear_model/_coordinate_descent.py:716: ConvergenceWarning: Objective did not converge. You might want to increase the number of iterations, check the scale of the features or consider increasing regularisation. Duality gap: 8.134e+06, tolerance: 4.478e+04
  model = cd_fast.enet_coordinate_descent(
/root/miniconda3/lib/python3.12/site-packages/sklearn/linear_model/_coordinate_descent.py:716: ConvergenceWarning: Objective did not converge. You might want to increase the number of iterations, check the scale of the features or consider increasing regularisation. Duality gap: 7.007e+06, tolerance: 6.345e+04
  model = cd_fast.enet_coordinate_descent(
/root/miniconda3/lib/python3.12/site-packages/sklearn/linear_model/_coordinate_descent.py:716: ConvergenceWarning: Objective did not converge. You might want to increase the number of iterations, check the scale of the features or consider increasing regularisation. Duality gap: 8.608e+06, tolerance: 6.936e+04
  model = cd_fast.enet_coordinate_descent(
/root/miniconda3/lib/python3.12/site-packages/sklearn/linear_model/_coordinate_descent.py:716: ConvergenceWarning: Objective did not converge. You might want to increase the number of iterations, check the scale of the features or consider increasing regularisation. Duality gap: 7.505e+06, tolerance: 4.552e+04
  model = cd_fast.enet_coordinate_descent(
/root/miniconda3/lib/python3.12/site-packages/sklearn/linear_model/_coordinate_descent.py:716: ConvergenceWarning: Objective did not converge. You might want to increase the number of iterations, check the scale of the features or consider increasing regularisation. Duality gap: 6.591e+06, tolerance: 3.760e+04
  model = cd_fast.enet_coordinate_descent(
/root/miniconda3/lib/python3.12/site-packages/sklearn/linear_model/_coordinate_descent.py:716: ConvergenceWarning: Objective did not converge. You might want to increase the number of iterations, check the scale of the features or consider increasing regularisation. Duality gap: 6.198e+06, tolerance: 3.631e+04
  model = cd_fast.enet_coordinate_descent(
/root/miniconda3/lib/python3.12/site-packages/sklearn/linear_model/_coordinate_descent.py:716: ConvergenceWarning: Objective did not converge. You might want to increase the number of iterations, check the scale of the features or consider increasing regularisation. Duality gap: 5.626e+06, tolerance: 3.699e+04
  model = cd_fast.enet_coordinate_descent(
/root/miniconda3/lib/python3.12/site-packages/sklearn/linear_model/_coordinate_descent.py:716: ConvergenceWarning: Objective did not converge. You might want to increase the number of iterations, check the scale of the features or consider increasing regularisation. Duality gap: 6.238e+06, tolerance: 4.503e+04
  model = cd_fast.enet_coordinate_descent(
/root/miniconda3/lib/python3.12/site-packages/sklearn/linear_model/_coordinate_descent.py:716: ConvergenceWarning: Objective did not converge. You might want to increase the number of iterations, check the scale of the features or consider increasing regularisation. Duality gap: 9.369e+06, tolerance: 6.559e+04
  model = cd_fast.enet_coordinate_descent(
/root/miniconda3/lib/python3.12/site-packages/sklearn/linear_model/_coordinate_descent.py:716: ConvergenceWarning: Objective did not converge. You might want to increase the number of iterations, check the scale of the features or consider increasing regularisation. Duality gap: 1.085e+07, tolerance: 7.119e+04
  model = cd_fast.enet_coordinate_descent(
/root/miniconda3/lib/python3.12/site-packages/sklearn/linear_model/_coordinate_descent.py:716: ConvergenceWarning: Objective did not converge. You might want to increase the number of iterations, check the scale of the features or consider increasing regularisation. Duality gap: 7.129e+06, tolerance: 4.494e+04
  model = cd_fast.enet_coordinate_descent(
/root/miniconda3/lib/python3.12/site-packages/sklearn/linear_model/_coordinate_descent.py:716: ConvergenceWarning: Objective did not converge. You might want to increase the number of iterations, check the scale of the features or consider increasing regularisation. Duality gap: 5.830e+06, tolerance: 3.785e+04
  model = cd_fast.enet_coordinate_descent(
/root/miniconda3/lib/python3.12/site-packages/sklearn/linear_model/_coordinate_descent.py:716: ConvergenceWarning: Objective did not converge. You might want to increase the number of iterations, check the scale of the features or consider increasing regularisation. Duality gap: 5.810e+06, tolerance: 3.595e+04
  model = cd_fast.enet_coordinate_descent(
/root/miniconda3/lib/python3.12/site-packages/sklearn/linear_model/_coordinate_descent.py:716: ConvergenceWarning: Objective did not converge. You might want to increase the number of iterations, check the scale of the features or consider increasing regularisation. Duality gap: 6.060e+06, tolerance: 3.606e+04
  model = cd_fast.enet_coordinate_descent(
/root/miniconda3/lib/python3.12/site-packages/sklearn/linear_model/_coordinate_descent.py:716: ConvergenceWarning: Objective did not converge. You might want to increase the number of iterations, check the scale of the features or consider increasing regularisation. Duality gap: 7.494e+06, tolerance: 4.483e+04
  model = cd_fast.enet_coordinate_descent(
/root/miniconda3/lib/python3.12/site-packages/sklearn/linear_model/_coordinate_descent.py:716: ConvergenceWarning: Objective did not converge. You might want to increase the number of iterations, check the scale of the features or consider increasing regularisation. Duality gap: 1.053e+07, tolerance: 6.674e+04
  model = cd_fast.enet_coordinate_descent(
/root/miniconda3/lib/python3.12/site-packages/sklearn/linear_model/_coordinate_descent.py:716: ConvergenceWarning: Objective did not converge. You might want to increase the number of iterations, check the scale of the features or consider increasing regularisation. Duality gap: 1.066e+07, tolerance: 7.233e+04
  model = cd_fast.enet_coordinate_descent(
/root/miniconda3/lib/python3.12/site-packages/sklearn/linear_model/_coordinate_descent.py:716: ConvergenceWarning: Objective did not converge. You might want to increase the number of iterations, check the scale of the features or consider increasing regularisation. Duality gap: 7.132e+06, tolerance: 4.574e+04
  model = cd_fast.enet_coordinate_descent(
/root/miniconda3/lib/python3.12/site-packages/sklearn/linear_model/_coordinate_descent.py:716: ConvergenceWarning: Objective did not converge. You might want to increase the number of iterations, check the scale of the features or consider increasing regularisation. Duality gap: 8.188e+06, tolerance: 4.076e+04
  model = cd_fast.enet_coordinate_descent(
/root/miniconda3/lib/python3.12/site-packages/sklearn/linear_model/_coordinate_descent.py:716: ConvergenceWarning: Objective did not converge. You might want to increase the number of iterations, check the scale of the features or consider increasing regularisation. Duality gap: 9.295e+06, tolerance: 4.107e+04
  model = cd_fast.enet_coordinate_descent(
/root/miniconda3/lib/python3.12/site-packages/sklearn/linear_model/_coordinate_descent.py:716: ConvergenceWarning: Objective did not converge. You might want to increase the number of iterations, check the scale of the features or consider increasing regularisation. Duality gap: 7.802e+06, tolerance: 4.089e+04
  model = cd_fast.enet_coordinate_descent(
/root/miniconda3/lib/python3.12/site-packages/sklearn/linear_model/_coordinate_descent.py:716: ConvergenceWarning: Objective did not converge. You might want to increase the number of iterations, check the scale of the features or consider increasing regularisation. Duality gap: 9.268e+06, tolerance: 4.817e+04
  model = cd_fast.enet_coordinate_descent(
/root/miniconda3/lib/python3.12/site-packages/sklearn/linear_model/_coordinate_descent.py:716: ConvergenceWarning: Objective did not converge. You might want to increase the number of iterations, check the scale of the features or consider increasing regularisation. Duality gap: 9.836e+06, tolerance: 6.462e+04
  model = cd_fast.enet_coordinate_descent(
/root/miniconda3/lib/python3.12/site-packages/sklearn/linear_model/_coordinate_descent.py:716: ConvergenceWarning: Objective did not converge. You might want to increase the number of iterations, check the scale of the features or consider increasing regularisation. Duality gap: 1.351e+07, tolerance: 6.782e+04
  model = cd_fast.enet_coordinate_descent(
/root/miniconda3/lib/python3.12/site-packages/sklearn/linear_model/_coordinate_descent.py:716: ConvergenceWarning: Objective did not converge. You might want to increase the number of iterations, check the scale of the features or consider increasing regularisation. Duality gap: 1.067e+07, tolerance: 4.975e+04
  model = cd_fast.enet_coordinate_descent(
/root/miniconda3/lib/python3.12/site-packages/sklearn/linear_model/_coordinate_descent.py:716: ConvergenceWarning: Objective did not converge. You might want to increase the number of iterations, check the scale of the features or consider increasing regularisation. Duality gap: 9.447e+06, tolerance: 4.109e+04
  model = cd_fast.enet_coordinate_descent(
/root/miniconda3/lib/python3.12/site-packages/sklearn/linear_model/_coordinate_descent.py:716: ConvergenceWarning: Objective did not converge. You might want to increase the number of iterations, check the scale of the features or consider increasing regularisation. Duality gap: 9.657e+06, tolerance: 3.885e+04
  model = cd_fast.enet_coordinate_descent(
/root/miniconda3/lib/python3.12/site-packages/sklearn/linear_model/_coordinate_descent.py:716: ConvergenceWarning: Objective did not converge. You might want to increase the number of iterations, check the scale of the features or consider increasing regularisation. Duality gap: 8.754e+06, tolerance: 3.738e+04
  model = cd_fast.enet_coordinate_descent(
/root/miniconda3/lib/python3.12/site-packages/sklearn/linear_model/_coordinate_descent.py:716: ConvergenceWarning: Objective did not converge. You might want to increase the number of iterations, check the scale of the features or consider increasing regularisation. Duality gap: 8.134e+06, tolerance: 4.478e+04
  model = cd_fast.enet_coordinate_descent(

=== Running task: state_dept ===
/root/miniconda3/lib/python3.12/site-packages/sklearn/linear_model/_coordinate_descent.py:716: ConvergenceWarning: Objective did not converge. You might want to increase the number of iterations, check the scale of the features or consider increasing regularisation. Duality gap: 9.309e+06, tolerance: 1.604e+05
  model = cd_fast.enet_coordinate_descent(
/root/miniconda3/lib/python3.12/site-packages/sklearn/linear_model/_coordinate_descent.py:716: ConvergenceWarning: Objective did not converge. You might want to increase the number of iterations, check the scale of the features or consider increasing regularisation. Duality gap: 1.245e+07, tolerance: 1.706e+05
  model = cd_fast.enet_coordinate_descent(
/root/miniconda3/lib/python3.12/site-packages/sklearn/linear_model/_coordinate_descent.py:716: ConvergenceWarning: Objective did not converge. You might want to increase the number of iterations, check the scale of the features or consider increasing regularisation. Duality gap: 1.292e+07, tolerance: 1.053e+05
  model = cd_fast.enet_coordinate_descent(
/root/miniconda3/lib/python3.12/site-packages/sklearn/linear_model/_coordinate_descent.py:716: ConvergenceWarning: Objective did not converge. You might want to increase the number of iterations, check the scale of the features or consider increasing regularisation. Duality gap: 7.921e+06, tolerance: 8.452e+04
  model = cd_fast.enet_coordinate_descent(
/root/miniconda3/lib/python3.12/site-packages/sklearn/linear_model/_coordinate_descent.py:716: ConvergenceWarning: Objective did not converge. You might want to increase the number of iterations, check the scale of the features or consider increasing regularisation. Duality gap: 7.574e+06, tolerance: 8.162e+04
  model = cd_fast.enet_coordinate_descent(
/root/miniconda3/lib/python3.12/site-packages/sklearn/linear_model/_coordinate_descent.py:716: ConvergenceWarning: Objective did not converge. You might want to increase the number of iterations, check the scale of the features or consider increasing regularisation. Duality gap: 7.284e+06, tolerance: 8.570e+04
  model = cd_fast.enet_coordinate_descent(
/root/miniconda3/lib/python3.12/site-packages/sklearn/linear_model/_coordinate_descent.py:716: ConvergenceWarning: Objective did not converge. You might want to increase the number of iterations, check the scale of the features or consider increasing regularisation. Duality gap: 9.532e+06, tolerance: 1.111e+05
  model = cd_fast.enet_coordinate_descent(
/root/miniconda3/lib/python3.12/site-packages/sklearn/linear_model/_coordinate_descent.py:716: ConvergenceWarning: Objective did not converge. You might want to increase the number of iterations, check the scale of the features or consider increasing regularisation. Duality gap: 1.427e+07, tolerance: 1.640e+05
  model = cd_fast.enet_coordinate_descent(
/root/miniconda3/lib/python3.12/site-packages/sklearn/linear_model/_coordinate_descent.py:716: ConvergenceWarning: Objective did not converge. You might want to increase the number of iterations, check the scale of the features or consider increasing regularisation. Duality gap: 1.620e+07, tolerance: 1.747e+05
  model = cd_fast.enet_coordinate_descent(
/root/miniconda3/lib/python3.12/site-packages/sklearn/linear_model/_coordinate_descent.py:716: ConvergenceWarning: Objective did not converge. You might want to increase the number of iterations, check the scale of the features or consider increasing regularisation. Duality gap: 9.614e+06, tolerance: 1.031e+05
  model = cd_fast.enet_coordinate_descent(
/root/miniconda3/lib/python3.12/site-packages/sklearn/linear_model/_coordinate_descent.py:716: ConvergenceWarning: Objective did not converge. You might want to increase the number of iterations, check the scale of the features or consider increasing regularisation. Duality gap: 7.551e+06, tolerance: 8.586e+04
  model = cd_fast.enet_coordinate_descent(
/root/miniconda3/lib/python3.12/site-packages/sklearn/linear_model/_coordinate_descent.py:716: ConvergenceWarning: Objective did not converge. You might want to increase the number of iterations, check the scale of the features or consider increasing regularisation. Duality gap: 7.515e+06, tolerance: 8.059e+04
  model = cd_fast.enet_coordinate_descent(
/root/miniconda3/lib/python3.12/site-packages/sklearn/linear_model/_coordinate_descent.py:716: ConvergenceWarning: Objective did not converge. You might want to increase the number of iterations, check the scale of the features or consider increasing regularisation. Duality gap: 8.339e+06, tolerance: 8.281e+04
  model = cd_fast.enet_coordinate_descent(
/root/miniconda3/lib/python3.12/site-packages/sklearn/linear_model/_coordinate_descent.py:716: ConvergenceWarning: Objective did not converge. You might want to increase the number of iterations, check the scale of the features or consider increasing regularisation. Duality gap: 1.164e+07, tolerance: 1.090e+05
  model = cd_fast.enet_coordinate_descent(
/root/miniconda3/lib/python3.12/site-packages/sklearn/linear_model/_coordinate_descent.py:716: ConvergenceWarning: Objective did not converge. You might want to increase the number of iterations, check the scale of the features or consider increasing regularisation. Duality gap: 1.674e+07, tolerance: 1.659e+05
  model = cd_fast.enet_coordinate_descent(
/root/miniconda3/lib/python3.12/site-packages/sklearn/linear_model/_coordinate_descent.py:716: ConvergenceWarning: Objective did not converge. You might want to increase the number of iterations, check the scale of the features or consider increasing regularisation. Duality gap: 1.785e+07, tolerance: 1.786e+05
  model = cd_fast.enet_coordinate_descent(
/root/miniconda3/lib/python3.12/site-packages/sklearn/linear_model/_coordinate_descent.py:716: ConvergenceWarning: Objective did not converge. You might want to increase the number of iterations, check the scale of the features or consider increasing regularisation. Duality gap: 1.121e+07, tolerance: 1.040e+05
  model = cd_fast.enet_coordinate_descent(
/root/miniconda3/lib/python3.12/site-packages/sklearn/linear_model/_coordinate_descent.py:716: ConvergenceWarning: Objective did not converge. You might want to increase the number of iterations, check the scale of the features or consider increasing regularisation. Duality gap: 1.293e+07, tolerance: 9.163e+04
  model = cd_fast.enet_coordinate_descent(
/root/miniconda3/lib/python3.12/site-packages/sklearn/linear_model/_coordinate_descent.py:716: ConvergenceWarning: Objective did not converge. You might want to increase the number of iterations, check the scale of the features or consider increasing regularisation. Duality gap: 1.707e+07, tolerance: 9.280e+04
  model = cd_fast.enet_coordinate_descent(
/root/miniconda3/lib/python3.12/site-packages/sklearn/linear_model/_coordinate_descent.py:716: ConvergenceWarning: Objective did not converge. You might want to increase the number of iterations, check the scale of the features or consider increasing regularisation. Duality gap: 1.523e+07, tolerance: 9.322e+04
  model = cd_fast.enet_coordinate_descent(
/root/miniconda3/lib/python3.12/site-packages/sklearn/linear_model/_coordinate_descent.py:716: ConvergenceWarning: Objective did not converge. You might want to increase the number of iterations, check the scale of the features or consider increasing regularisation. Duality gap: 1.759e+07, tolerance: 1.170e+05
  model = cd_fast.enet_coordinate_descent(
/root/miniconda3/lib/python3.12/site-packages/sklearn/linear_model/_coordinate_descent.py:716: ConvergenceWarning: Objective did not converge. You might want to increase the number of iterations, check the scale of the features or consider increasing regularisation. Duality gap: 1.526e+07, tolerance: 1.622e+05
  model = cd_fast.enet_coordinate_descent(
/root/miniconda3/lib/python3.12/site-packages/sklearn/linear_model/_coordinate_descent.py:716: ConvergenceWarning: Objective did not converge. You might want to increase the number of iterations, check the scale of the features or consider increasing regularisation. Duality gap: 2.715e+07, tolerance: 1.657e+05
  model = cd_fast.enet_coordinate_descent(
/root/miniconda3/lib/python3.12/site-packages/sklearn/linear_model/_coordinate_descent.py:716: ConvergenceWarning: Objective did not converge. You might want to increase the number of iterations, check the scale of the features or consider increasing regularisation. Duality gap: 1.799e+07, tolerance: 1.143e+05
  model = cd_fast.enet_coordinate_descent(
/root/miniconda3/lib/python3.12/site-packages/sklearn/linear_model/_coordinate_descent.py:716: ConvergenceWarning: Objective did not converge. You might want to increase the number of iterations, check the scale of the features or consider increasing regularisation. Duality gap: 1.546e+07, tolerance: 9.134e+04
  model = cd_fast.enet_coordinate_descent(
/root/miniconda3/lib/python3.12/site-packages/sklearn/linear_model/_coordinate_descent.py:716: ConvergenceWarning: Objective did not converge. You might want to increase the number of iterations, check the scale of the features or consider increasing regularisation. Duality gap: 1.768e+07, tolerance: 8.747e+04
  model = cd_fast.enet_coordinate_descent(
/root/miniconda3/lib/python3.12/site-packages/sklearn/linear_model/_coordinate_descent.py:716: ConvergenceWarning: Objective did not converge. You might want to increase the number of iterations, check the scale of the features or consider increasing regularisation. Duality gap: 1.623e+07, tolerance: 8.564e+04
  model = cd_fast.enet_coordinate_descent(
/root/miniconda3/lib/python3.12/site-packages/sklearn/linear_model/_coordinate_descent.py:716: ConvergenceWarning: Objective did not converge. You might want to increase the number of iterations, check the scale of the features or consider increasing regularisation. Duality gap: 1.522e+07, tolerance: 1.103e+05
  model = cd_fast.enet_coordinate_descent(
/root/miniconda3/lib/python3.12/site-packages/sklearn/linear_model/_coordinate_descent.py:716: ConvergenceWarning: Objective did not converge. You might want to increase the number of iterations, check the scale of the features or consider increasing regularisation. Duality gap: 9.309e+06, tolerance: 1.604e+05
  model = cd_fast.enet_coordinate_descent(
/root/miniconda3/lib/python3.12/site-packages/sklearn/linear_model/_coordinate_descent.py:716: ConvergenceWarning: Objective did not converge. You might want to increase the number of iterations, check the scale of the features or consider increasing regularisation. Duality gap: 1.245e+07, tolerance: 1.706e+05
  model = cd_fast.enet_coordinate_descent(
/root/miniconda3/lib/python3.12/site-packages/sklearn/linear_model/_coordinate_descent.py:716: ConvergenceWarning: Objective did not converge. You might want to increase the number of iterations, check the scale of the features or consider increasing regularisation. Duality gap: 1.292e+07, tolerance: 1.053e+05
  model = cd_fast.enet_coordinate_descent(
/root/miniconda3/lib/python3.12/site-packages/sklearn/linear_model/_coordinate_descent.py:716: ConvergenceWarning: Objective did not converge. You might want to increase the number of iterations, check the scale of the features or consider increasing regularisation. Duality gap: 7.921e+06, tolerance: 8.452e+04
  model = cd_fast.enet_coordinate_descent(
/root/miniconda3/lib/python3.12/site-packages/sklearn/linear_model/_coordinate_descent.py:716: ConvergenceWarning: Objective did not converge. You might want to increase the number of iterations, check the scale of the features or consider increasing regularisation. Duality gap: 7.574e+06, tolerance: 8.162e+04
  model = cd_fast.enet_coordinate_descent(
/root/miniconda3/lib/python3.12/site-packages/sklearn/linear_model/_coordinate_descent.py:716: ConvergenceWarning: Objective did not converge. You might want to increase the number of iterations, check the scale of the features or consider increasing regularisation. Duality gap: 7.284e+06, tolerance: 8.570e+04
  model = cd_fast.enet_coordinate_descent(
/root/miniconda3/lib/python3.12/site-packages/sklearn/linear_model/_coordinate_descent.py:716: ConvergenceWarning: Objective did not converge. You might want to increase the number of iterations, check the scale of the features or consider increasing regularisation. Duality gap: 9.532e+06, tolerance: 1.111e+05
  model = cd_fast.enet_coordinate_descent(
/root/miniconda3/lib/python3.12/site-packages/sklearn/linear_model/_coordinate_descent.py:716: ConvergenceWarning: Objective did not converge. You might want to increase the number of iterations, check the scale of the features or consider increasing regularisation. Duality gap: 1.427e+07, tolerance: 1.640e+05
  model = cd_fast.enet_coordinate_descent(
/root/miniconda3/lib/python3.12/site-packages/sklearn/linear_model/_coordinate_descent.py:716: ConvergenceWarning: Objective did not converge. You might want to increase the number of iterations, check the scale of the features or consider increasing regularisation. Duality gap: 1.620e+07, tolerance: 1.747e+05
  model = cd_fast.enet_coordinate_descent(
/root/miniconda3/lib/python3.12/site-packages/sklearn/linear_model/_coordinate_descent.py:716: ConvergenceWarning: Objective did not converge. You might want to increase the number of iterations, check the scale of the features or consider increasing regularisation. Duality gap: 9.614e+06, tolerance: 1.031e+05
  model = cd_fast.enet_coordinate_descent(
/root/miniconda3/lib/python3.12/site-packages/sklearn/linear_model/_coordinate_descent.py:716: ConvergenceWarning: Objective did not converge. You might want to increase the number of iterations, check the scale of the features or consider increasing regularisation. Duality gap: 7.551e+06, tolerance: 8.586e+04
  model = cd_fast.enet_coordinate_descent(
/root/miniconda3/lib/python3.12/site-packages/sklearn/linear_model/_coordinate_descent.py:716: ConvergenceWarning: Objective did not converge. You might want to increase the number of iterations, check the scale of the features or consider increasing regularisation. Duality gap: 7.515e+06, tolerance: 8.059e+04
  model = cd_fast.enet_coordinate_descent(
/root/miniconda3/lib/python3.12/site-packages/sklearn/linear_model/_coordinate_descent.py:716: ConvergenceWarning: Objective did not converge. You might want to increase the number of iterations, check the scale of the features or consider increasing regularisation. Duality gap: 8.339e+06, tolerance: 8.281e+04
  model = cd_fast.enet_coordinate_descent(
/root/miniconda3/lib/python3.12/site-packages/sklearn/linear_model/_coordinate_descent.py:716: ConvergenceWarning: Objective did not converge. You might want to increase the number of iterations, check the scale of the features or consider increasing regularisation. Duality gap: 1.164e+07, tolerance: 1.090e+05
  model = cd_fast.enet_coordinate_descent(
/root/miniconda3/lib/python3.12/site-packages/sklearn/linear_model/_coordinate_descent.py:716: ConvergenceWarning: Objective did not converge. You might want to increase the number of iterations, check the scale of the features or consider increasing regularisation. Duality gap: 1.674e+07, tolerance: 1.659e+05
  model = cd_fast.enet_coordinate_descent(
/root/miniconda3/lib/python3.12/site-packages/sklearn/linear_model/_coordinate_descent.py:716: ConvergenceWarning: Objective did not converge. You might want to increase the number of iterations, check the scale of the features or consider increasing regularisation. Duality gap: 1.785e+07, tolerance: 1.786e+05
  model = cd_fast.enet_coordinate_descent(
/root/miniconda3/lib/python3.12/site-packages/sklearn/linear_model/_coordinate_descent.py:716: ConvergenceWarning: Objective did not converge. You might want to increase the number of iterations, check the scale of the features or consider increasing regularisation. Duality gap: 1.121e+07, tolerance: 1.040e+05
  model = cd_fast.enet_coordinate_descent(
/root/miniconda3/lib/python3.12/site-packages/sklearn/linear_model/_coordinate_descent.py:716: ConvergenceWarning: Objective did not converge. You might want to increase the number of iterations, check the scale of the features or consider increasing regularisation. Duality gap: 1.293e+07, tolerance: 9.163e+04
  model = cd_fast.enet_coordinate_descent(
/root/miniconda3/lib/python3.12/site-packages/sklearn/linear_model/_coordinate_descent.py:716: ConvergenceWarning: Objective did not converge. You might want to increase the number of iterations, check the scale of the features or consider increasing regularisation. Duality gap: 1.707e+07, tolerance: 9.280e+04
  model = cd_fast.enet_coordinate_descent(
/root/miniconda3/lib/python3.12/site-packages/sklearn/linear_model/_coordinate_descent.py:716: ConvergenceWarning: Objective did not converge. You might want to increase the number of iterations, check the scale of the features or consider increasing regularisation. Duality gap: 1.523e+07, tolerance: 9.322e+04
  model = cd_fast.enet_coordinate_descent(
/root/miniconda3/lib/python3.12/site-packages/sklearn/linear_model/_coordinate_descent.py:716: ConvergenceWarning: Objective did not converge. You might want to increase the number of iterations, check the scale of the features or consider increasing regularisation. Duality gap: 1.759e+07, tolerance: 1.170e+05
  model = cd_fast.enet_coordinate_descent(
/root/miniconda3/lib/python3.12/site-packages/sklearn/linear_model/_coordinate_descent.py:716: ConvergenceWarning: Objective did not converge. You might want to increase the number of iterations, check the scale of the features or consider increasing regularisation. Duality gap: 1.526e+07, tolerance: 1.622e+05
  model = cd_fast.enet_coordinate_descent(
/root/miniconda3/lib/python3.12/site-packages/sklearn/linear_model/_coordinate_descent.py:716: ConvergenceWarning: Objective did not converge. You might want to increase the number of iterations, check the scale of the features or consider increasing regularisation. Duality gap: 2.715e+07, tolerance: 1.657e+05
  model = cd_fast.enet_coordinate_descent(
/root/miniconda3/lib/python3.12/site-packages/sklearn/linear_model/_coordinate_descent.py:716: ConvergenceWarning: Objective did not converge. You might want to increase the number of iterations, check the scale of the features or consider increasing regularisation. Duality gap: 1.799e+07, tolerance: 1.143e+05
  model = cd_fast.enet_coordinate_descent(
/root/miniconda3/lib/python3.12/site-packages/sklearn/linear_model/_coordinate_descent.py:716: ConvergenceWarning: Objective did not converge. You might want to increase the number of iterations, check the scale of the features or consider increasing regularisation. Duality gap: 1.546e+07, tolerance: 9.134e+04
  model = cd_fast.enet_coordinate_descent(
/root/miniconda3/lib/python3.12/site-packages/sklearn/linear_model/_coordinate_descent.py:716: ConvergenceWarning: Objective did not converge. You might want to increase the number of iterations, check the scale of the features or consider increasing regularisation. Duality gap: 1.768e+07, tolerance: 8.747e+04
  model = cd_fast.enet_coordinate_descent(
/root/miniconda3/lib/python3.12/site-packages/sklearn/linear_model/_coordinate_descent.py:716: ConvergenceWarning: Objective did not converge. You might want to increase the number of iterations, check the scale of the features or consider increasing regularisation. Duality gap: 1.623e+07, tolerance: 8.564e+04
  model = cd_fast.enet_coordinate_descent(
/root/miniconda3/lib/python3.12/site-packages/sklearn/linear_model/_coordinate_descent.py:716: ConvergenceWarning: Objective did not converge. You might want to increase the number of iterations, check the scale of the features or consider increasing regularisation. Duality gap: 1.522e+07, tolerance: 1.103e+05
  model = cd_fast.enet_coordinate_descent(
/root/miniconda3/lib/python3.12/site-packages/sklearn/linear_model/_coordinate_descent.py:716: ConvergenceWarning: Objective did not converge. You might want to increase the number of iterations, check the scale of the features or consider increasing regularisation. Duality gap: 9.100e+06, tolerance: 1.604e+05
  model = cd_fast.enet_coordinate_descent(
/root/miniconda3/lib/python3.12/site-packages/sklearn/linear_model/_coordinate_descent.py:716: ConvergenceWarning: Objective did not converge. You might want to increase the number of iterations, check the scale of the features or consider increasing regularisation. Duality gap: 1.120e+07, tolerance: 1.706e+05
  model = cd_fast.enet_coordinate_descent(
/root/miniconda3/lib/python3.12/site-packages/sklearn/linear_model/_coordinate_descent.py:716: ConvergenceWarning: Objective did not converge. You might want to increase the number of iterations, check the scale of the features or consider increasing regularisation. Duality gap: 1.223e+07, tolerance: 1.053e+05
  model = cd_fast.enet_coordinate_descent(
/root/miniconda3/lib/python3.12/site-packages/sklearn/linear_model/_coordinate_descent.py:716: ConvergenceWarning: Objective did not converge. You might want to increase the number of iterations, check the scale of the features or consider increasing regularisation. Duality gap: 7.527e+06, tolerance: 8.452e+04
  model = cd_fast.enet_coordinate_descent(
/root/miniconda3/lib/python3.12/site-packages/sklearn/linear_model/_coordinate_descent.py:716: ConvergenceWarning: Objective did not converge. You might want to increase the number of iterations, check the scale of the features or consider increasing regularisation. Duality gap: 7.250e+06, tolerance: 8.162e+04
  model = cd_fast.enet_coordinate_descent(
/root/miniconda3/lib/python3.12/site-packages/sklearn/linear_model/_coordinate_descent.py:716: ConvergenceWarning: Objective did not converge. You might want to increase the number of iterations, check the scale of the features or consider increasing regularisation. Duality gap: 6.967e+06, tolerance: 8.570e+04
  model = cd_fast.enet_coordinate_descent(
/root/miniconda3/lib/python3.12/site-packages/sklearn/linear_model/_coordinate_descent.py:716: ConvergenceWarning: Objective did not converge. You might want to increase the number of iterations, check the scale of the features or consider increasing regularisation. Duality gap: 8.943e+06, tolerance: 1.111e+05
  model = cd_fast.enet_coordinate_descent(
/root/miniconda3/lib/python3.12/site-packages/sklearn/linear_model/_coordinate_descent.py:716: ConvergenceWarning: Objective did not converge. You might want to increase the number of iterations, check the scale of the features or consider increasing regularisation. Duality gap: 1.370e+07, tolerance: 1.640e+05
  model = cd_fast.enet_coordinate_descent(
/root/miniconda3/lib/python3.12/site-packages/sklearn/linear_model/_coordinate_descent.py:716: ConvergenceWarning: Objective did not converge. You might want to increase the number of iterations, check the scale of the features or consider increasing regularisation. Duality gap: 1.517e+07, tolerance: 1.747e+05
  model = cd_fast.enet_coordinate_descent(
/root/miniconda3/lib/python3.12/site-packages/sklearn/linear_model/_coordinate_descent.py:716: ConvergenceWarning: Objective did not converge. You might want to increase the number of iterations, check the scale of the features or consider increasing regularisation. Duality gap: 9.133e+06, tolerance: 1.031e+05
  model = cd_fast.enet_coordinate_descent(
/root/miniconda3/lib/python3.12/site-packages/sklearn/linear_model/_coordinate_descent.py:716: ConvergenceWarning: Objective did not converge. You might want to increase the number of iterations, check the scale of the features or consider increasing regularisation. Duality gap: 7.402e+06, tolerance: 8.586e+04
  model = cd_fast.enet_coordinate_descent(
/root/miniconda3/lib/python3.12/site-packages/sklearn/linear_model/_coordinate_descent.py:716: ConvergenceWarning: Objective did not converge. You might want to increase the number of iterations, check the scale of the features or consider increasing regularisation. Duality gap: 7.308e+06, tolerance: 8.059e+04
  model = cd_fast.enet_coordinate_descent(
/root/miniconda3/lib/python3.12/site-packages/sklearn/linear_model/_coordinate_descent.py:716: ConvergenceWarning: Objective did not converge. You might want to increase the number of iterations, check the scale of the features or consider increasing regularisation. Duality gap: 8.166e+06, tolerance: 8.281e+04
  model = cd_fast.enet_coordinate_descent(
/root/miniconda3/lib/python3.12/site-packages/sklearn/linear_model/_coordinate_descent.py:716: ConvergenceWarning: Objective did not converge. You might want to increase the number of iterations, check the scale of the features or consider increasing regularisation. Duality gap: 1.122e+07, tolerance: 1.090e+05
  model = cd_fast.enet_coordinate_descent(
/root/miniconda3/lib/python3.12/site-packages/sklearn/linear_model/_coordinate_descent.py:716: ConvergenceWarning: Objective did not converge. You might want to increase the number of iterations, check the scale of the features or consider increasing regularisation. Duality gap: 1.609e+07, tolerance: 1.659e+05
  model = cd_fast.enet_coordinate_descent(
/root/miniconda3/lib/python3.12/site-packages/sklearn/linear_model/_coordinate_descent.py:716: ConvergenceWarning: Objective did not converge. You might want to increase the number of iterations, check the scale of the features or consider increasing regularisation. Duality gap: 1.613e+07, tolerance: 1.786e+05
  model = cd_fast.enet_coordinate_descent(
/root/miniconda3/lib/python3.12/site-packages/sklearn/linear_model/_coordinate_descent.py:716: ConvergenceWarning: Objective did not converge. You might want to increase the number of iterations, check the scale of the features or consider increasing regularisation. Duality gap: 1.055e+07, tolerance: 1.040e+05
  model = cd_fast.enet_coordinate_descent(
/root/miniconda3/lib/python3.12/site-packages/sklearn/linear_model/_coordinate_descent.py:716: ConvergenceWarning: Objective did not converge. You might want to increase the number of iterations, check the scale of the features or consider increasing regularisation. Duality gap: 1.247e+07, tolerance: 9.163e+04
  model = cd_fast.enet_coordinate_descent(
/root/miniconda3/lib/python3.12/site-packages/sklearn/linear_model/_coordinate_descent.py:716: ConvergenceWarning: Objective did not converge. You might want to increase the number of iterations, check the scale of the features or consider increasing regularisation. Duality gap: 1.661e+07, tolerance: 9.280e+04
  model = cd_fast.enet_coordinate_descent(
/root/miniconda3/lib/python3.12/site-packages/sklearn/linear_model/_coordinate_descent.py:716: ConvergenceWarning: Objective did not converge. You might want to increase the number of iterations, check the scale of the features or consider increasing regularisation. Duality gap: 1.468e+07, tolerance: 9.322e+04
  model = cd_fast.enet_coordinate_descent(
/root/miniconda3/lib/python3.12/site-packages/sklearn/linear_model/_coordinate_descent.py:716: ConvergenceWarning: Objective did not converge. You might want to increase the number of iterations, check the scale of the features or consider increasing regularisation. Duality gap: 1.656e+07, tolerance: 1.170e+05
  model = cd_fast.enet_coordinate_descent(
/root/miniconda3/lib/python3.12/site-packages/sklearn/linear_model/_coordinate_descent.py:716: ConvergenceWarning: Objective did not converge. You might want to increase the number of iterations, check the scale of the features or consider increasing regularisation. Duality gap: 1.444e+07, tolerance: 1.622e+05
  model = cd_fast.enet_coordinate_descent(
/root/miniconda3/lib/python3.12/site-packages/sklearn/linear_model/_coordinate_descent.py:716: ConvergenceWarning: Objective did not converge. You might want to increase the number of iterations, check the scale of the features or consider increasing regularisation. Duality gap: 2.418e+07, tolerance: 1.657e+05
  model = cd_fast.enet_coordinate_descent(
/root/miniconda3/lib/python3.12/site-packages/sklearn/linear_model/_coordinate_descent.py:716: ConvergenceWarning: Objective did not converge. You might want to increase the number of iterations, check the scale of the features or consider increasing regularisation. Duality gap: 1.690e+07, tolerance: 1.143e+05
  model = cd_fast.enet_coordinate_descent(
/root/miniconda3/lib/python3.12/site-packages/sklearn/linear_model/_coordinate_descent.py:716: ConvergenceWarning: Objective did not converge. You might want to increase the number of iterations, check the scale of the features or consider increasing regularisation. Duality gap: 1.448e+07, tolerance: 9.134e+04
  model = cd_fast.enet_coordinate_descent(
/root/miniconda3/lib/python3.12/site-packages/sklearn/linear_model/_coordinate_descent.py:716: ConvergenceWarning: Objective did not converge. You might want to increase the number of iterations, check the scale of the features or consider increasing regularisation. Duality gap: 1.678e+07, tolerance: 8.747e+04
  model = cd_fast.enet_coordinate_descent(
/root/miniconda3/lib/python3.12/site-packages/sklearn/linear_model/_coordinate_descent.py:716: ConvergenceWarning: Objective did not converge. You might want to increase the number of iterations, check the scale of the features or consider increasing regularisation. Duality gap: 1.543e+07, tolerance: 8.564e+04
  model = cd_fast.enet_coordinate_descent(
/root/miniconda3/lib/python3.12/site-packages/sklearn/linear_model/_coordinate_descent.py:716: ConvergenceWarning: Objective did not converge. You might want to increase the number of iterations, check the scale of the features or consider increasing regularisation. Duality gap: 1.433e+07, tolerance: 1.103e+05
  model = cd_fast.enet_coordinate_descent(
/root/miniconda3/lib/python3.12/site-packages/sklearn/linear_model/_coordinate_descent.py:716: ConvergenceWarning: Objective did not converge. You might want to increase the number of iterations, check the scale of the features or consider increasing regularisation. Duality gap: 9.100e+06, tolerance: 1.604e+05
  model = cd_fast.enet_coordinate_descent(
/root/miniconda3/lib/python3.12/site-packages/sklearn/linear_model/_coordinate_descent.py:716: ConvergenceWarning: Objective did not converge. You might want to increase the number of iterations, check the scale of the features or consider increasing regularisation. Duality gap: 1.120e+07, tolerance: 1.706e+05
  model = cd_fast.enet_coordinate_descent(
/root/miniconda3/lib/python3.12/site-packages/sklearn/linear_model/_coordinate_descent.py:716: ConvergenceWarning: Objective did not converge. You might want to increase the number of iterations, check the scale of the features or consider increasing regularisation. Duality gap: 1.223e+07, tolerance: 1.053e+05
  model = cd_fast.enet_coordinate_descent(
/root/miniconda3/lib/python3.12/site-packages/sklearn/linear_model/_coordinate_descent.py:716: ConvergenceWarning: Objective did not converge. You might want to increase the number of iterations, check the scale of the features or consider increasing regularisation. Duality gap: 7.527e+06, tolerance: 8.452e+04
  model = cd_fast.enet_coordinate_descent(
/root/miniconda3/lib/python3.12/site-packages/sklearn/linear_model/_coordinate_descent.py:716: ConvergenceWarning: Objective did not converge. You might want to increase the number of iterations, check the scale of the features or consider increasing regularisation. Duality gap: 7.250e+06, tolerance: 8.162e+04
  model = cd_fast.enet_coordinate_descent(
/root/miniconda3/lib/python3.12/site-packages/sklearn/linear_model/_coordinate_descent.py:716: ConvergenceWarning: Objective did not converge. You might want to increase the number of iterations, check the scale of the features or consider increasing regularisation. Duality gap: 6.967e+06, tolerance: 8.570e+04
  model = cd_fast.enet_coordinate_descent(
/root/miniconda3/lib/python3.12/site-packages/sklearn/linear_model/_coordinate_descent.py:716: ConvergenceWarning: Objective did not converge. You might want to increase the number of iterations, check the scale of the features or consider increasing regularisation. Duality gap: 8.943e+06, tolerance: 1.111e+05
  model = cd_fast.enet_coordinate_descent(
/root/miniconda3/lib/python3.12/site-packages/sklearn/linear_model/_coordinate_descent.py:716: ConvergenceWarning: Objective did not converge. You might want to increase the number of iterations, check the scale of the features or consider increasing regularisation. Duality gap: 1.370e+07, tolerance: 1.640e+05
  model = cd_fast.enet_coordinate_descent(
/root/miniconda3/lib/python3.12/site-packages/sklearn/linear_model/_coordinate_descent.py:716: ConvergenceWarning: Objective did not converge. You might want to increase the number of iterations, check the scale of the features or consider increasing regularisation. Duality gap: 1.517e+07, tolerance: 1.747e+05
  model = cd_fast.enet_coordinate_descent(
/root/miniconda3/lib/python3.12/site-packages/sklearn/linear_model/_coordinate_descent.py:716: ConvergenceWarning: Objective did not converge. You might want to increase the number of iterations, check the scale of the features or consider increasing regularisation. Duality gap: 9.133e+06, tolerance: 1.031e+05
  model = cd_fast.enet_coordinate_descent(
/root/miniconda3/lib/python3.12/site-packages/sklearn/linear_model/_coordinate_descent.py:716: ConvergenceWarning: Objective did not converge. You might want to increase the number of iterations, check the scale of the features or consider increasing regularisation. Duality gap: 7.402e+06, tolerance: 8.586e+04
  model = cd_fast.enet_coordinate_descent(
/root/miniconda3/lib/python3.12/site-packages/sklearn/linear_model/_coordinate_descent.py:716: ConvergenceWarning: Objective did not converge. You might want to increase the number of iterations, check the scale of the features or consider increasing regularisation. Duality gap: 7.308e+06, tolerance: 8.059e+04
  model = cd_fast.enet_coordinate_descent(
/root/miniconda3/lib/python3.12/site-packages/sklearn/linear_model/_coordinate_descent.py:716: ConvergenceWarning: Objective did not converge. You might want to increase the number of iterations, check the scale of the features or consider increasing regularisation. Duality gap: 8.166e+06, tolerance: 8.281e+04
  model = cd_fast.enet_coordinate_descent(
/root/miniconda3/lib/python3.12/site-packages/sklearn/linear_model/_coordinate_descent.py:716: ConvergenceWarning: Objective did not converge. You might want to increase the number of iterations, check the scale of the features or consider increasing regularisation. Duality gap: 1.122e+07, tolerance: 1.090e+05
  model = cd_fast.enet_coordinate_descent(
/root/miniconda3/lib/python3.12/site-packages/sklearn/linear_model/_coordinate_descent.py:716: ConvergenceWarning: Objective did not converge. You might want to increase the number of iterations, check the scale of the features or consider increasing regularisation. Duality gap: 1.609e+07, tolerance: 1.659e+05
  model = cd_fast.enet_coordinate_descent(
/root/miniconda3/lib/python3.12/site-packages/sklearn/linear_model/_coordinate_descent.py:716: ConvergenceWarning: Objective did not converge. You might want to increase the number of iterations, check the scale of the features or consider increasing regularisation. Duality gap: 1.613e+07, tolerance: 1.786e+05
  model = cd_fast.enet_coordinate_descent(
/root/miniconda3/lib/python3.12/site-packages/sklearn/linear_model/_coordinate_descent.py:716: ConvergenceWarning: Objective did not converge. You might want to increase the number of iterations, check the scale of the features or consider increasing regularisation. Duality gap: 1.055e+07, tolerance: 1.040e+05
  model = cd_fast.enet_coordinate_descent(
/root/miniconda3/lib/python3.12/site-packages/sklearn/linear_model/_coordinate_descent.py:716: ConvergenceWarning: Objective did not converge. You might want to increase the number of iterations, check the scale of the features or consider increasing regularisation. Duality gap: 1.247e+07, tolerance: 9.163e+04
  model = cd_fast.enet_coordinate_descent(
/root/miniconda3/lib/python3.12/site-packages/sklearn/linear_model/_coordinate_descent.py:716: ConvergenceWarning: Objective did not converge. You might want to increase the number of iterations, check the scale of the features or consider increasing regularisation. Duality gap: 1.661e+07, tolerance: 9.280e+04
  model = cd_fast.enet_coordinate_descent(
/root/miniconda3/lib/python3.12/site-packages/sklearn/linear_model/_coordinate_descent.py:716: ConvergenceWarning: Objective did not converge. You might want to increase the number of iterations, check the scale of the features or consider increasing regularisation. Duality gap: 1.468e+07, tolerance: 9.322e+04
  model = cd_fast.enet_coordinate_descent(
/root/miniconda3/lib/python3.12/site-packages/sklearn/linear_model/_coordinate_descent.py:716: ConvergenceWarning: Objective did not converge. You might want to increase the number of iterations, check the scale of the features or consider increasing regularisation. Duality gap: 1.656e+07, tolerance: 1.170e+05
  model = cd_fast.enet_coordinate_descent(
/root/miniconda3/lib/python3.12/site-packages/sklearn/linear_model/_coordinate_descent.py:716: ConvergenceWarning: Objective did not converge. You might want to increase the number of iterations, check the scale of the features or consider increasing regularisation. Duality gap: 1.444e+07, tolerance: 1.622e+05
  model = cd_fast.enet_coordinate_descent(
/root/miniconda3/lib/python3.12/site-packages/sklearn/linear_model/_coordinate_descent.py:716: ConvergenceWarning: Objective did not converge. You might want to increase the number of iterations, check the scale of the features or consider increasing regularisation. Duality gap: 2.418e+07, tolerance: 1.657e+05
  model = cd_fast.enet_coordinate_descent(
/root/miniconda3/lib/python3.12/site-packages/sklearn/linear_model/_coordinate_descent.py:716: ConvergenceWarning: Objective did not converge. You might want to increase the number of iterations, check the scale of the features or consider increasing regularisation. Duality gap: 1.690e+07, tolerance: 1.143e+05
  model = cd_fast.enet_coordinate_descent(
/root/miniconda3/lib/python3.12/site-packages/sklearn/linear_model/_coordinate_descent.py:716: ConvergenceWarning: Objective did not converge. You might want to increase the number of iterations, check the scale of the features or consider increasing regularisation. Duality gap: 1.448e+07, tolerance: 9.134e+04
  model = cd_fast.enet_coordinate_descent(
/root/miniconda3/lib/python3.12/site-packages/sklearn/linear_model/_coordinate_descent.py:716: ConvergenceWarning: Objective did not converge. You might want to increase the number of iterations, check the scale of the features or consider increasing regularisation. Duality gap: 1.678e+07, tolerance: 8.747e+04
  model = cd_fast.enet_coordinate_descent(
/root/miniconda3/lib/python3.12/site-packages/sklearn/linear_model/_coordinate_descent.py:716: ConvergenceWarning: Objective did not converge. You might want to increase the number of iterations, check the scale of the features or consider increasing regularisation. Duality gap: 1.543e+07, tolerance: 8.564e+04
  model = cd_fast.enet_coordinate_descent(
/root/miniconda3/lib/python3.12/site-packages/sklearn/linear_model/_coordinate_descent.py:716: ConvergenceWarning: Objective did not converge. You might want to increase the number of iterations, check the scale of the features or consider increasing regularisation. Duality gap: 1.433e+07, tolerance: 1.103e+05
  model = cd_fast.enet_coordinate_descent(

Point summary:
          task                   model  ...  wape_std  n_folds
0   state_dept     AggregateElasticNet  ...       NaN        1
1   state_dept         AggregateHistGB  ...       NaN        1
2   state_dept    BottomUpGlobalHistGB  ...       NaN        1
3   state_dept  ChildSummaryElasticNet  ...       NaN        1
4   state_dept      ChildSummaryHistGB  ...       NaN        1
5   state_dept           SeasonalNaive  ...       NaN        1
6    store_cat     AggregateElasticNet  ...       NaN        1
7    store_cat         AggregateHistGB  ...       NaN        1
8    store_cat    BottomUpGlobalHistGB  ...       NaN        1
9    store_cat  ChildSummaryElasticNet  ...       NaN        1
10   store_cat      ChildSummaryHistGB  ...       NaN        1
11   store_cat           SeasonalNaive  ...       NaN        1
12  store_dept     AggregateElasticNet  ...       NaN        1
13  store_dept         AggregateHistGB  ...       NaN        1
14  store_dept    BottomUpGlobalHistGB  ...       NaN        1
15  store_dept  ChildSummaryElasticNet  ...       NaN        1
16  store_dept      ChildSummaryHistGB  ...       NaN        1
17  store_dept           SeasonalNaive  ...       NaN        1

[18 rows x 7 columns]

Main point table:
task                    state_dept  store_cat  store_dept      Mean
model                                                              
ChildSummaryHistGB        0.725801   0.725923    0.797683  0.749802
AggregateHistGB           0.752053   0.738352    0.810446  0.766950
BottomUpGlobalHistGB      0.737566   0.750149    0.820828  0.769514
SeasonalNaive             0.891194   0.886838    0.966409  0.914814
AggregateElasticNet       0.949242   0.932294    0.935147  0.938894
ChildSummaryElasticNet    1.047243   1.013163    0.996616  1.019007

Quantile summary:
          task                   model  wspl_mean  wspl_std  n_folds
0   state_dept     AggregateElasticNet   0.256725       NaN        1
1   state_dept         AggregateHistGB   0.261264       NaN        1
2   state_dept    BottomUpGlobalHistGB   0.211217       NaN        1
3   state_dept  ChildSummaryElasticNet   0.282517       NaN        1
4   state_dept      ChildSummaryHistGB   0.261169       NaN        1
5   state_dept           SeasonalNaive   0.264271       NaN        1
6    store_cat     AggregateElasticNet   0.251144       NaN        1
7    store_cat         AggregateHistGB   0.263815       NaN        1
8    store_cat    BottomUpGlobalHistGB   0.219382       NaN        1
9    store_cat  ChildSummaryElasticNet   0.274854       NaN        1
10   store_cat      ChildSummaryHistGB   0.272937       NaN        1
11   store_cat           SeasonalNaive   0.262458       NaN        1
12  store_dept     AggregateElasticNet   0.259760       NaN        1
13  store_dept         AggregateHistGB   0.270397       NaN        1
14  store_dept    BottomUpGlobalHistGB   0.241949       NaN        1
15  store_dept  ChildSummaryElasticNet   0.274820       NaN        1
16  store_dept      ChildSummaryHistGB   0.277285       NaN        1
17  store_dept           SeasonalNaive   0.287357       NaN        1

Main quantile table:
task                    state_dept  store_cat  store_dept      Mean
model                                                              
BottomUpGlobalHistGB      0.211217   0.219382    0.241949  0.224183
AggregateElasticNet       0.256725   0.251144    0.259760  0.255876
AggregateHistGB           0.261264   0.263815    0.270397  0.265159
ChildSummaryHistGB        0.261169   0.272937    0.277285  0.270464
SeasonalNaive             0.264271   0.262458    0.287357  0.271362
ChildSummaryElasticNet    0.282517   0.274854    0.274820  0.277397

Done. Outputs written to: /root/autodl-tmp/m5/work/50pct/03_benchmark_baselines

$ /root/miniconda3/bin/python /root/autodl-tmp/m5/scripts/run_m5_proposed_models.py --data-dir /root/autodl-tmp/m5/data --output-dir /root/autodl-tmp/m5/work/50pct/04_benchmark_proposed/M3_FullSkuTemporalCNN --mode holdout --tasks store_dept,store_cat,state_dept --quantiles 0.005,0.025,0.165,0.25,0.5,0.75,0.835,0.975,0.995 --model-names M3_FullSkuTemporalCNN --recent-window 14 --lag-windows 7,14,28,56 --stat-windows 7,28,56 --params-json /root/autodl-tmp/m5/work/50pct/01_tuning/M3_FullSkuTemporalCNN/best_params.json --t-hist 56 --horizon 28 --valid-size 4 --test-size 4 --internal-valid-size 3 --gap 0 --min-train-origins 20 --min-final-train-origins 20 --sku-universe-mode history --store-sku-sample-frac 0.5 --store-sku-sample-seed 42 --cache-dir /root/autodl-tmp/m5/cache/50pct
Using cache directory: /root/autodl-tmp/m5/cache/50pct
Building/loading cached task artifacts lazily...

=== Proposed models on task: store_dept ===
[M5-PREP] Loading cached task package for task=store_dept...
[M5-PREP] Loaded cached task package for task=store_dept | stage 00:01 | total 00:01
[M5-PREP] Loading cached samples: task=store_dept split=final_train_samples...
[M5-PREP] Loaded cached samples: task=store_dept split=final_train_samples n=4060 | stage 00:02 | total 00:02
[M5-PREP] Loading cached samples: task=store_dept split=internal_valid_samples...
[M5-PREP] Loaded cached samples: task=store_dept split=internal_valid_samples n=210 | stage 00:00 | total 00:00
[M5-PREP] Loading cached samples: task=store_dept split=test_samples...
[M5-PREP] Loaded cached samples: task=store_dept split=test_samples n=280 | stage 00:00 | total 00:00
Task=store_dept Mode=holdout Model=M3_FullSkuTemporalCNN
Training samples: 4060 | Validation samples: 210
[Epoch 001] train=0.102032 valid=0.065600 lr=0.000205646 time=9.5s
[Epoch 002] train=0.062692 valid=0.069247 lr=0.000205646 time=8.7s
[Epoch 003] train=0.051379 valid=0.087498 lr=0.000205646 time=8.8s
[Epoch 004] train=0.051725 valid=0.077928 lr=0.000102823 time=9.0s
[Epoch 005] train=0.043814 valid=0.050674 lr=0.000102823 time=8.9s
[Epoch 006] train=0.040718 valid=0.050841 lr=0.000102823 time=8.8s
[Epoch 007] train=0.040401 valid=0.056261 lr=0.000102823 time=8.6s
[Epoch 008] train=0.040166 valid=0.048611 lr=0.000102823 time=8.8s
[Epoch 009] train=0.038311 valid=0.067928 lr=0.000102823 time=9.0s
[Epoch 010] train=0.037446 valid=0.046738 lr=0.000102823 time=8.8s
[Epoch 011] train=0.036267 valid=0.045298 lr=0.000102823 time=9.0s
[Epoch 012] train=0.034508 valid=0.046986 lr=0.000102823 time=8.9s
[Epoch 013] train=0.035295 valid=0.054823 lr=0.000102823 time=9.0s
[Epoch 014] train=0.034155 valid=0.044064 lr=0.000102823 time=8.9s
[Epoch 015] train=0.034285 valid=0.042810 lr=0.000102823 time=9.1s
[Epoch 016] train=0.033463 valid=0.043637 lr=0.000102823 time=9.1s
[Epoch 017] train=0.033430 valid=0.041484 lr=0.000102823 time=9.0s
[Epoch 018] train=0.032406 valid=0.046161 lr=0.000102823 time=8.9s
[Epoch 019] train=0.031977 valid=0.043516 lr=0.000102823 time=9.2s
[Epoch 020] train=0.030726 valid=0.046444 lr=5.14116e-05 time=9.0s
[Epoch 021] train=0.029099 valid=0.042763 lr=5.14116e-05 time=9.2s
[Epoch 022] train=0.028541 valid=0.038539 lr=5.14116e-05 time=8.9s
[Epoch 023] train=0.027918 valid=0.041282 lr=5.14116e-05 time=8.8s
[Epoch 024] train=0.028088 valid=0.042519 lr=5.14116e-05 time=8.7s
[Epoch 025] train=0.027192 valid=0.042806 lr=2.57058e-05 time=8.7s
[Epoch 026] train=0.026407 valid=0.040300 lr=2.57058e-05 time=8.8s
[Epoch 027] train=0.026564 valid=0.040647 lr=2.57058e-05 time=9.0s
[Epoch 028] train=0.026095 valid=0.039226 lr=1.28529e-05 time=9.1s
[Epoch 029] train=0.024968 valid=0.039460 lr=1.28529e-05 time=9.1s
[Epoch 030] train=0.025572 valid=0.040259 lr=1.28529e-05 time=9.0s
Early stopping at epoch 30
Training samples: 4060 | Validation samples: 210
[Epoch 001] train=0.051139 valid=0.036632 lr=0.000205646 time=9.5s
[Epoch 002] train=0.034386 valid=0.035768 lr=0.000205646 time=9.3s
[Epoch 003] train=0.032772 valid=0.038717 lr=0.000205646 time=9.3s
[Epoch 004] train=0.031391 valid=0.034347 lr=0.000205646 time=9.4s
[Epoch 005] train=0.030260 valid=0.032692 lr=0.000205646 time=9.5s
[Epoch 006] train=0.029716 valid=0.032605 lr=0.000205646 time=9.4s
[Epoch 007] train=0.029032 valid=0.032345 lr=0.000205646 time=9.4s
[Epoch 008] train=0.028541 valid=0.032650 lr=0.000205646 time=9.7s
[Epoch 009] train=0.027701 valid=0.031303 lr=0.000205646 time=9.6s
[Epoch 010] train=0.027729 valid=0.031505 lr=0.000205646 time=9.5s
[Epoch 011] train=0.027114 valid=0.033627 lr=0.000205646 time=9.3s
[Epoch 012] train=0.026974 valid=0.034535 lr=0.000102823 time=10.0s
[Epoch 013] train=0.025488 valid=0.031082 lr=0.000102823 time=10.0s
[Epoch 014] train=0.025355 valid=0.029948 lr=0.000102823 time=10.4s
[Epoch 015] train=0.024822 valid=0.031071 lr=0.000102823 time=9.5s
[Epoch 016] train=0.024882 valid=0.030463 lr=0.000102823 time=9.5s
[Epoch 017] train=0.024532 valid=0.030674 lr=5.14116e-05 time=9.4s
[Epoch 018] train=0.023747 valid=0.030184 lr=5.14116e-05 time=9.7s
[Epoch 019] train=0.023751 valid=0.029809 lr=5.14116e-05 time=9.5s
[Epoch 020] train=0.023478 valid=0.031028 lr=5.14116e-05 time=9.5s
[Epoch 021] train=0.023419 valid=0.029602 lr=5.14116e-05 time=9.5s
[Epoch 022] train=0.023376 valid=0.029227 lr=5.14116e-05 time=9.5s
[Epoch 023] train=0.023347 valid=0.029721 lr=5.14116e-05 time=9.4s
[Epoch 024] train=0.023076 valid=0.029950 lr=5.14116e-05 time=9.7s
[Epoch 025] train=0.023289 valid=0.030876 lr=2.57058e-05 time=9.5s
[Epoch 026] train=0.022692 valid=0.030174 lr=2.57058e-05 time=9.6s
[Epoch 027] train=0.022604 valid=0.029562 lr=2.57058e-05 time=9.5s
[Epoch 028] train=0.022619 valid=0.029664 lr=1.28529e-05 time=9.5s
[Epoch 029] train=0.022423 valid=0.029856 lr=1.28529e-05 time=9.7s
[Epoch 030] train=0.022297 valid=0.030209 lr=1.28529e-05 time=10.2s
Early stopping at epoch 30

=== Proposed models on task: store_cat ===
[M5-PREP] Loading cached task package for task=store_cat...
[M5-PREP] Loaded cached task package for task=store_cat | stage 00:01 | total 00:01
[M5-PREP] Loading cached samples: task=store_cat split=final_train_samples...
[M5-PREP] Loaded cached samples: task=store_cat split=final_train_samples n=1740 | stage 00:01 | total 00:01
[M5-PREP] Loading cached samples: task=store_cat split=internal_valid_samples...
[M5-PREP] Loaded cached samples: task=store_cat split=internal_valid_samples n=90 | stage 00:00 | total 00:00
[M5-PREP] Loading cached samples: task=store_cat split=test_samples...
[M5-PREP] Loaded cached samples: task=store_cat split=test_samples n=120 | stage 00:00 | total 00:00
Task=store_cat Mode=holdout Model=M3_FullSkuTemporalCNN
Training samples: 1740 | Validation samples: 90
[Epoch 001] train=0.167392 valid=0.092969 lr=0.000205646 time=8.3s
[Epoch 002] train=0.074617 valid=0.079897 lr=0.000205646 time=8.3s
[Epoch 003] train=0.061618 valid=0.096544 lr=0.000205646 time=8.2s
[Epoch 004] train=0.060045 valid=0.063067 lr=0.000205646 time=8.2s
[Epoch 005] train=0.052063 valid=0.066735 lr=0.000205646 time=8.3s
[Epoch 006] train=0.050144 valid=0.057355 lr=0.000205646 time=8.3s
[Epoch 007] train=0.046299 valid=0.054143 lr=0.000205646 time=8.4s
[Epoch 008] train=0.046264 valid=0.087185 lr=0.000205646 time=8.3s
[Epoch 009] train=0.042574 valid=0.057202 lr=0.000205646 time=8.4s
[Epoch 010] train=0.046061 valid=0.056471 lr=0.000102823 time=8.4s
[Epoch 011] train=0.036887 valid=0.061232 lr=0.000102823 time=8.6s
[Epoch 012] train=0.037622 valid=0.058221 lr=0.000102823 time=9.1s
[Epoch 013] train=0.036941 valid=0.053633 lr=0.000102823 time=8.8s
[Epoch 014] train=0.036153 valid=0.054782 lr=0.000102823 time=9.1s
[Epoch 015] train=0.034545 valid=0.049749 lr=0.000102823 time=9.0s
[Epoch 016] train=0.034660 valid=0.054208 lr=0.000102823 time=8.8s
[Epoch 017] train=0.034368 valid=0.053375 lr=0.000102823 time=8.3s
[Epoch 018] train=0.035931 valid=0.054998 lr=5.14116e-05 time=8.5s
[Epoch 019] train=0.031706 valid=0.051186 lr=5.14116e-05 time=8.3s
[Epoch 020] train=0.031344 valid=0.056196 lr=5.14116e-05 time=8.5s
[Epoch 021] train=0.030974 valid=0.056586 lr=2.57058e-05 time=8.2s
[Epoch 022] train=0.029504 valid=0.052451 lr=2.57058e-05 time=8.0s
[Epoch 023] train=0.029129 valid=0.052663 lr=2.57058e-05 time=8.2s
Early stopping at epoch 23
Training samples: 1740 | Validation samples: 90
[Epoch 001] train=0.072413 valid=0.049921 lr=0.000205646 time=8.3s
[Epoch 002] train=0.045271 valid=0.041387 lr=0.000205646 time=8.4s
[Epoch 003] train=0.040971 valid=0.040756 lr=0.000205646 time=8.3s
[Epoch 004] train=0.038604 valid=0.043340 lr=0.000205646 time=8.2s
[Epoch 005] train=0.037185 valid=0.040431 lr=0.000205646 time=8.2s
[Epoch 006] train=0.036452 valid=0.038330 lr=0.000205646 time=8.4s
[Epoch 007] train=0.035619 valid=0.040193 lr=0.000205646 time=8.4s
[Epoch 008] train=0.034292 valid=0.038392 lr=0.000205646 time=8.7s
[Epoch 009] train=0.034115 valid=0.039435 lr=0.000102823 time=8.5s
[Epoch 010] train=0.032409 valid=0.037847 lr=0.000102823 time=8.5s
[Epoch 011] train=0.032669 valid=0.038316 lr=0.000102823 time=8.5s
[Epoch 012] train=0.031711 valid=0.037349 lr=0.000102823 time=8.5s
[Epoch 013] train=0.031471 valid=0.037826 lr=0.000102823 time=8.4s
[Epoch 014] train=0.031330 valid=0.037232 lr=0.000102823 time=8.4s
[Epoch 015] train=0.031717 valid=0.036782 lr=0.000102823 time=8.3s
[Epoch 016] train=0.030933 valid=0.037949 lr=0.000102823 time=8.4s
[Epoch 017] train=0.030949 valid=0.037137 lr=0.000102823 time=8.4s
[Epoch 018] train=0.030287 valid=0.037196 lr=5.14116e-05 time=9.3s
[Epoch 019] train=0.029739 valid=0.036608 lr=5.14116e-05 time=9.0s
[Epoch 020] train=0.029469 valid=0.037589 lr=5.14116e-05 time=9.1s
[Epoch 021] train=0.029546 valid=0.036882 lr=5.14116e-05 time=9.2s
[Epoch 022] train=0.029333 valid=0.037575 lr=2.57058e-05 time=9.1s
[Epoch 023] train=0.028853 valid=0.037998 lr=2.57058e-05 time=9.0s
[Epoch 024] train=0.028748 valid=0.037747 lr=2.57058e-05 time=8.6s
[Epoch 025] train=0.028857 valid=0.037288 lr=1.28529e-05 time=8.5s
[Epoch 026] train=0.028729 valid=0.038906 lr=1.28529e-05 time=8.3s
[Epoch 027] train=0.028431 valid=0.037893 lr=1.28529e-05 time=8.4s
Early stopping at epoch 27

=== Proposed models on task: state_dept ===
[M5-PREP] Loading cached task package for task=state_dept...
[M5-PREP] Loaded cached task package for task=state_dept | stage 00:01 | total 00:01
[M5-PREP] Loading cached samples: task=state_dept split=final_train_samples...
[M5-PREP] Loaded cached samples: task=state_dept split=final_train_samples n=1218 | stage 00:01 | total 00:01
[M5-PREP] Loading cached samples: task=state_dept split=internal_valid_samples...
[M5-PREP] Loaded cached samples: task=state_dept split=internal_valid_samples n=63 | stage 00:00 | total 00:00
[M5-PREP] Loading cached samples: task=state_dept split=test_samples...
[M5-PREP] Loaded cached samples: task=state_dept split=test_samples n=84 | stage 00:00 | total 00:00
Task=state_dept Mode=holdout Model=M3_FullSkuTemporalCNN
Training samples: 1218 | Validation samples: 63
[Epoch 001] train=0.206023 valid=0.074111 lr=0.000205646 time=9.7s
[Epoch 002] train=0.085527 valid=0.062593 lr=0.000205646 time=9.4s
[Epoch 003] train=0.061057 valid=0.062155 lr=0.000205646 time=9.2s
[Epoch 004] train=0.053151 valid=0.073960 lr=0.000205646 time=9.2s
[Epoch 005] train=0.053070 valid=0.049751 lr=0.000205646 time=9.3s
[Epoch 006] train=0.040995 valid=0.066112 lr=0.000205646 time=9.0s
[Epoch 007] train=0.040921 valid=0.046083 lr=0.000205646 time=9.3s
[Epoch 008] train=0.035510 valid=0.049627 lr=0.000205646 time=9.3s
[Epoch 009] train=0.035478 valid=0.058166 lr=0.000205646 time=9.2s
[Epoch 010] train=0.037162 valid=0.044320 lr=0.000205646 time=9.4s
[Epoch 011] train=0.036155 valid=0.042826 lr=0.000205646 time=9.7s
[Epoch 012] train=0.039189 valid=0.044404 lr=0.000205646 time=9.6s
[Epoch 013] train=0.029330 valid=0.038350 lr=0.000205646 time=9.6s
[Epoch 014] train=0.027952 valid=0.043829 lr=0.000205646 time=9.7s
[Epoch 015] train=0.028938 valid=0.046243 lr=0.000205646 time=9.6s
[Epoch 016] train=0.026802 valid=0.038487 lr=0.000102823 time=9.7s
[Epoch 017] train=0.024367 valid=0.040489 lr=0.000102823 time=9.6s
[Epoch 018] train=0.022521 valid=0.040451 lr=0.000102823 time=9.6s
[Epoch 019] train=0.023842 valid=0.038798 lr=5.14116e-05 time=9.7s
[Epoch 020] train=0.021789 valid=0.047875 lr=5.14116e-05 time=9.5s
[Epoch 021] train=0.020830 valid=0.046192 lr=5.14116e-05 time=9.3s
Early stopping at epoch 21
Training samples: 1218 | Validation samples: 63
[Epoch 001] train=0.076875 valid=0.046015 lr=0.000205646 time=9.5s
[Epoch 002] train=0.044164 valid=0.049406 lr=0.000205646 time=9.3s
[Epoch 003] train=0.040698 valid=0.039262 lr=0.000205646 time=9.8s
[Epoch 004] train=0.036543 valid=0.036137 lr=0.000205646 time=9.7s
[Epoch 005] train=0.033971 valid=0.034610 lr=0.000205646 time=9.7s
[Epoch 006] train=0.031932 valid=0.032324 lr=0.000205646 time=9.8s
[Epoch 007] train=0.030472 valid=0.035259 lr=0.000205646 time=9.9s
[Epoch 008] train=0.030672 valid=0.034060 lr=0.000205646 time=9.9s
[Epoch 009] train=0.029354 valid=0.035785 lr=0.000102823 time=9.7s
[Epoch 010] train=0.027654 valid=0.031027 lr=0.000102823 time=9.9s
[Epoch 011] train=0.026791 valid=0.031187 lr=0.000102823 time=9.7s
[Epoch 012] train=0.026641 valid=0.032885 lr=0.000102823 time=9.9s
[Epoch 013] train=0.026021 valid=0.030823 lr=0.000102823 time=9.9s
[Epoch 014] train=0.026190 valid=0.032555 lr=0.000102823 time=9.8s
[Epoch 015] train=0.025407 valid=0.029889 lr=0.000102823 time=9.7s
[Epoch 016] train=0.026277 valid=0.031851 lr=0.000102823 time=9.4s
[Epoch 017] train=0.024832 valid=0.030287 lr=0.000102823 time=9.6s
[Epoch 018] train=0.025024 valid=0.033795 lr=5.14116e-05 time=9.5s
[Epoch 019] train=0.024087 valid=0.031520 lr=5.14116e-05 time=9.8s
[Epoch 020] train=0.023755 valid=0.029941 lr=5.14116e-05 time=9.9s
[Epoch 021] train=0.023724 valid=0.029467 lr=5.14116e-05 time=10.0s
[Epoch 022] train=0.023669 valid=0.029357 lr=5.14116e-05 time=9.7s
[Epoch 023] train=0.023683 valid=0.029941 lr=5.14116e-05 time=9.6s
[Epoch 024] train=0.023417 valid=0.029190 lr=5.14116e-05 time=9.6s
[Epoch 025] train=0.023623 valid=0.029622 lr=5.14116e-05 time=9.5s
[Epoch 026] train=0.023576 valid=0.031937 lr=5.14116e-05 time=9.4s
[Epoch 027] train=0.022986 valid=0.029294 lr=2.57058e-05 time=9.4s
[Epoch 028] train=0.022827 valid=0.029752 lr=2.57058e-05 time=9.6s
[Epoch 029] train=0.022624 valid=0.029962 lr=2.57058e-05 time=9.5s
[Epoch 030] train=0.022458 valid=0.030889 lr=1.28529e-05 time=9.6s
[Epoch 031] train=0.022335 valid=0.029874 lr=1.28529e-05 time=9.8s
[Epoch 032] train=0.022304 valid=0.030125 lr=1.28529e-05 time=9.9s
Early stopping at epoch 32

Proposed-model point summary:
         task                  model  wrmsse_mean  ...  wape_mean  wape_std  n_folds
0  state_dept  M3_FullSkuTemporalCNN     0.707085  ...   0.097511       NaN        1
1   store_cat  M3_FullSkuTemporalCNN     0.748463  ...   0.108982       NaN        1
2  store_dept  M3_FullSkuTemporalCNN     0.776374  ...   0.125655       NaN        1

[3 rows x 7 columns]

Proposed-model main point table:
task                   state_dept  store_cat  store_dept      Mean
model                                                             
M3_FullSkuTemporalCNN    0.707085   0.748463    0.776374  0.743974

Proposed-model quantile summary:
         task                    model  wspl_mean  wspl_std  n_folds
0  state_dept  M3_FullSkuTemporalCNN_Q   0.189556       NaN        1
1   store_cat  M3_FullSkuTemporalCNN_Q   0.188587       NaN        1
2  store_dept  M3_FullSkuTemporalCNN_Q   0.206549       NaN        1

Proposed-model main quantile table:
task                     state_dept  store_cat  store_dept      Mean
model                                                               
M3_FullSkuTemporalCNN_Q    0.189556   0.188587    0.206549  0.194898

Done. Outputs written to: /root/autodl-tmp/m5/work/50pct/04_benchmark_proposed/M3_FullSkuTemporalCNN

$ /root/miniconda3/bin/python /root/autodl-tmp/m5/scripts/run_m5_proposed_models.py --data-dir /root/autodl-tmp/m5/data --output-dir /root/autodl-tmp/m5/work/50pct/04_benchmark_proposed/DeepSets --mode holdout --tasks store_dept,store_cat,state_dept --quantiles 0.005,0.025,0.165,0.25,0.5,0.75,0.835,0.975,0.995 --model-names DeepSets --recent-window 14 --lag-windows 7,14,28,56 --stat-windows 7,28,56 --params-json /root/autodl-tmp/m5/work/50pct/01_tuning/DeepSets/best_params.json --t-hist 56 --horizon 28 --valid-size 4 --test-size 4 --internal-valid-size 3 --gap 0 --min-train-origins 20 --min-final-train-origins 20 --sku-universe-mode history --store-sku-sample-frac 0.5 --store-sku-sample-seed 42 --cache-dir /root/autodl-tmp/m5/cache/50pct
Using cache directory: /root/autodl-tmp/m5/cache/50pct
Building/loading cached task artifacts lazily...

=== Proposed models on task: store_dept ===
[M5-PREP] Loading cached task package for task=store_dept...
[M5-PREP] Loaded cached task package for task=store_dept | stage 00:01 | total 00:01
[M5-PREP] Loading cached samples: task=store_dept split=final_train_samples...
[M5-PREP] Loaded cached samples: task=store_dept split=final_train_samples n=4060 | stage 00:02 | total 00:02
[M5-PREP] Loading cached samples: task=store_dept split=internal_valid_samples...
[M5-PREP] Loaded cached samples: task=store_dept split=internal_valid_samples n=210 | stage 00:00 | total 00:00
[M5-PREP] Loading cached samples: task=store_dept split=test_samples...
[M5-PREP] Loaded cached samples: task=store_dept split=test_samples n=280 | stage 00:00 | total 00:00
Task=store_dept Mode=holdout Model=DeepSets
Training samples: 4060 | Validation samples: 210
[Epoch 001] train=0.088723 valid=0.059463 lr=0.000275342 time=14.2s
[Epoch 002] train=0.055418 valid=0.054204 lr=0.000275342 time=13.0s
[Epoch 003] train=0.046293 valid=0.049592 lr=0.000275342 time=13.0s
[Epoch 004] train=0.044031 valid=0.050001 lr=0.000275342 time=13.0s
[Epoch 005] train=0.045363 valid=0.063561 lr=0.000275342 time=13.0s
[Epoch 006] train=0.041665 valid=0.101128 lr=0.000137671 time=12.9s
[Epoch 007] train=0.036472 valid=0.047158 lr=0.000137671 time=12.8s
[Epoch 008] train=0.034570 valid=0.048308 lr=0.000137671 time=12.9s
[Epoch 009] train=0.034167 valid=0.057376 lr=0.000137671 time=12.9s
[Epoch 010] train=0.032059 valid=0.060846 lr=6.88354e-05 time=13.1s
[Epoch 011] train=0.030233 valid=0.048681 lr=6.88354e-05 time=13.0s
[Epoch 012] train=0.029716 valid=0.049433 lr=6.88354e-05 time=13.1s
[Epoch 013] train=0.028452 valid=0.051240 lr=3.44177e-05 time=12.9s
[Epoch 014] train=0.027730 valid=0.048341 lr=3.44177e-05 time=12.8s
[Epoch 015] train=0.027592 valid=0.045744 lr=3.44177e-05 time=12.8s
[Epoch 016] train=0.027453 valid=0.044166 lr=3.44177e-05 time=12.9s
[Epoch 017] train=0.027174 valid=0.044187 lr=3.44177e-05 time=13.0s
[Epoch 018] train=0.027158 valid=0.044920 lr=3.44177e-05 time=12.8s
[Epoch 019] train=0.026595 valid=0.048403 lr=1.72089e-05 time=12.8s
[Epoch 020] train=0.026203 valid=0.045459 lr=1.72089e-05 time=13.0s
[Epoch 021] train=0.025681 valid=0.045424 lr=1.72089e-05 time=12.9s
[Epoch 022] train=0.025345 valid=0.046759 lr=8.60443e-06 time=12.9s
[Epoch 023] train=0.025608 valid=0.045419 lr=8.60443e-06 time=12.7s
[Epoch 024] train=0.025310 valid=0.043785 lr=8.60443e-06 time=12.8s
[Epoch 025] train=0.024954 valid=0.043301 lr=8.60443e-06 time=13.1s
[Epoch 026] train=0.024965 valid=0.043848 lr=8.60443e-06 time=13.0s
[Epoch 027] train=0.025128 valid=0.043938 lr=8.60443e-06 time=12.8s
[Epoch 028] train=0.024892 valid=0.043331 lr=4.30221e-06 time=12.9s
[Epoch 029] train=0.024707 valid=0.044759 lr=4.30221e-06 time=12.9s
[Epoch 030] train=0.024958 valid=0.043840 lr=4.30221e-06 time=12.9s
[Epoch 031] train=0.024728 valid=0.045537 lr=2.15111e-06 time=12.8s
[Epoch 032] train=0.024824 valid=0.043650 lr=2.15111e-06 time=12.8s
Training samples: 4060 | Validation samples: 210
[Epoch 001] train=0.048986 valid=0.036237 lr=0.000275342 time=13.3s
[Epoch 002] train=0.032256 valid=0.034166 lr=0.000275342 time=13.2s
[Epoch 003] train=0.030299 valid=0.034919 lr=0.000275342 time=13.3s
[Epoch 004] train=0.029131 valid=0.040530 lr=0.000275342 time=13.9s
[Epoch 005] train=0.028633 valid=0.034906 lr=0.000137671 time=13.5s
[Epoch 006] train=0.027105 valid=0.031734 lr=0.000137671 time=13.3s
[Epoch 007] train=0.026408 valid=0.032793 lr=0.000137671 time=13.4s
[Epoch 008] train=0.026509 valid=0.033415 lr=0.000137671 time=13.4s
[Epoch 009] train=0.026168 valid=0.032154 lr=6.88354e-05 time=13.3s
[Epoch 010] train=0.025147 valid=0.032022 lr=6.88354e-05 time=13.3s
[Epoch 011] train=0.024969 valid=0.032538 lr=6.88354e-05 time=13.2s
[Epoch 012] train=0.024823 valid=0.031939 lr=3.44177e-05 time=13.4s
[Epoch 013] train=0.024331 valid=0.031160 lr=3.44177e-05 time=13.3s
[Epoch 014] train=0.024335 valid=0.031768 lr=3.44177e-05 time=13.2s
[Epoch 015] train=0.024134 valid=0.031337 lr=3.44177e-05 time=13.4s
[Epoch 016] train=0.024162 valid=0.031728 lr=1.72089e-05 time=13.2s
[Epoch 017] train=0.023869 valid=0.031179 lr=1.72089e-05 time=13.3s
[Epoch 018] train=0.023852 valid=0.031651 lr=1.72089e-05 time=13.2s
[Epoch 019] train=0.023792 valid=0.030654 lr=1.72089e-05 time=13.1s
[Epoch 020] train=0.023747 valid=0.030987 lr=1.72089e-05 time=13.5s
[Epoch 021] train=0.023736 valid=0.030817 lr=1.72089e-05 time=13.4s
[Epoch 022] train=0.023555 valid=0.030596 lr=1.72089e-05 time=13.4s
[Epoch 023] train=0.023594 valid=0.030844 lr=1.72089e-05 time=13.3s
[Epoch 024] train=0.023495 valid=0.030867 lr=1.72089e-05 time=13.4s
[Epoch 025] train=0.023446 valid=0.030968 lr=8.60443e-06 time=13.3s
[Epoch 026] train=0.023365 valid=0.031000 lr=8.60443e-06 time=13.3s
[Epoch 027] train=0.023436 valid=0.030810 lr=8.60443e-06 time=13.4s
[Epoch 028] train=0.023314 valid=0.030711 lr=4.30221e-06 time=13.5s
[Epoch 029] train=0.023254 valid=0.030712 lr=4.30221e-06 time=13.3s
[Epoch 030] train=0.023215 valid=0.030658 lr=4.30221e-06 time=13.3s
Early stopping at epoch 30

=== Proposed models on task: store_cat ===
[M5-PREP] Loading cached task package for task=store_cat...
[M5-PREP] Loaded cached task package for task=store_cat | stage 00:01 | total 00:01
[M5-PREP] Loading cached samples: task=store_cat split=final_train_samples...
[M5-PREP] Loaded cached samples: task=store_cat split=final_train_samples n=1740 | stage 00:01 | total 00:01
[M5-PREP] Loading cached samples: task=store_cat split=internal_valid_samples...
[M5-PREP] Loaded cached samples: task=store_cat split=internal_valid_samples n=90 | stage 00:00 | total 00:00
[M5-PREP] Loading cached samples: task=store_cat split=test_samples...
[M5-PREP] Loaded cached samples: task=store_cat split=test_samples n=120 | stage 00:00 | total 00:00
Task=store_cat Mode=holdout Model=DeepSets
Training samples: 1740 | Validation samples: 90
[Epoch 001] train=0.148457 valid=0.083121 lr=0.000275342 time=10.5s
[Epoch 002] train=0.067920 valid=0.227806 lr=0.000275342 time=10.5s
[Epoch 003] train=0.064004 valid=0.072094 lr=0.000275342 time=10.7s
[Epoch 004] train=0.050870 valid=0.062759 lr=0.000275342 time=11.2s
[Epoch 005] train=0.047056 valid=0.059059 lr=0.000275342 time=10.7s
[Epoch 006] train=0.044979 valid=0.061526 lr=0.000275342 time=10.8s
[Epoch 007] train=0.045517 valid=0.054214 lr=0.000275342 time=10.5s
[Epoch 008] train=0.041978 valid=0.064940 lr=0.000275342 time=10.4s
[Epoch 009] train=0.043247 valid=0.059426 lr=0.000275342 time=10.3s
[Epoch 010] train=0.038006 valid=0.066812 lr=0.000137671 time=10.5s
[Epoch 011] train=0.033346 valid=0.051294 lr=0.000137671 time=10.4s
[Epoch 012] train=0.032802 valid=0.068884 lr=0.000137671 time=10.2s
[Epoch 013] train=0.031947 valid=0.059308 lr=0.000137671 time=10.2s
[Epoch 014] train=0.031781 valid=0.055824 lr=6.88354e-05 time=10.2s
[Epoch 015] train=0.027997 valid=0.054251 lr=6.88354e-05 time=10.3s
[Epoch 016] train=0.028341 valid=0.054051 lr=6.88354e-05 time=10.6s
[Epoch 017] train=0.027849 valid=0.058079 lr=3.44177e-05 time=10.5s
[Epoch 018] train=0.026771 valid=0.055890 lr=3.44177e-05 time=10.6s
[Epoch 019] train=0.026434 valid=0.055194 lr=3.44177e-05 time=10.5s
Early stopping at epoch 19
Training samples: 1740 | Validation samples: 90
[Epoch 001] train=0.076633 valid=0.046722 lr=0.000275342 time=10.5s
[Epoch 002] train=0.041636 valid=0.045020 lr=0.000275342 time=11.2s
[Epoch 003] train=0.036506 valid=0.045878 lr=0.000275342 time=10.9s
[Epoch 004] train=0.034156 valid=0.038682 lr=0.000275342 time=11.0s
[Epoch 005] train=0.033953 valid=0.037716 lr=0.000275342 time=11.0s
[Epoch 006] train=0.033123 valid=0.037501 lr=0.000275342 time=10.9s
[Epoch 007] train=0.031159 valid=0.035647 lr=0.000275342 time=10.9s
[Epoch 008] train=0.030887 valid=0.039083 lr=0.000275342 time=10.8s
[Epoch 009] train=0.030136 valid=0.037584 lr=0.000275342 time=10.6s
[Epoch 010] train=0.030164 valid=0.037869 lr=0.000137671 time=10.8s
[Epoch 011] train=0.028656 valid=0.034230 lr=0.000137671 time=10.9s
[Epoch 012] train=0.028206 valid=0.036173 lr=0.000137671 time=10.9s
[Epoch 013] train=0.027924 valid=0.035132 lr=0.000137671 time=10.9s
[Epoch 014] train=0.027500 valid=0.035653 lr=6.88354e-05 time=11.0s
[Epoch 015] train=0.026922 valid=0.035684 lr=6.88354e-05 time=10.9s
[Epoch 016] train=0.026810 valid=0.034898 lr=6.88354e-05 time=10.8s
[Epoch 017] train=0.026612 valid=0.034307 lr=3.44177e-05 time=10.8s
[Epoch 018] train=0.026165 valid=0.034432 lr=3.44177e-05 time=11.1s
[Epoch 019] train=0.026083 valid=0.034963 lr=3.44177e-05 time=10.8s
Early stopping at epoch 19

=== Proposed models on task: state_dept ===
[M5-PREP] Loading cached task package for task=state_dept...
[M5-PREP] Loaded cached task package for task=state_dept | stage 00:01 | total 00:01
[M5-PREP] Loading cached samples: task=state_dept split=final_train_samples...
[M5-PREP] Loaded cached samples: task=state_dept split=final_train_samples n=1218 | stage 00:01 | total 00:01
[M5-PREP] Loading cached samples: task=state_dept split=internal_valid_samples...
[M5-PREP] Loaded cached samples: task=state_dept split=internal_valid_samples n=63 | stage 00:00 | total 00:00
[M5-PREP] Loading cached samples: task=state_dept split=test_samples...
[M5-PREP] Loaded cached samples: task=state_dept split=test_samples n=84 | stage 00:00 | total 00:00
Task=state_dept Mode=holdout Model=DeepSets
Training samples: 1218 | Validation samples: 63
[Epoch 001] train=0.284381 valid=0.129119 lr=0.000275342 time=14.0s
[Epoch 002] train=0.066637 valid=0.104475 lr=0.000275342 time=13.9s
[Epoch 003] train=0.056454 valid=0.075104 lr=0.000275342 time=14.3s
[Epoch 004] train=0.051577 valid=0.069249 lr=0.000275342 time=14.3s
[Epoch 005] train=0.039418 valid=0.054532 lr=0.000275342 time=13.9s
[Epoch 006] train=0.039621 valid=0.055587 lr=0.000275342 time=14.2s
[Epoch 007] train=0.034685 valid=0.077398 lr=0.000275342 time=13.8s
[Epoch 008] train=0.035781 valid=0.046191 lr=0.000275342 time=14.1s
[Epoch 009] train=0.029831 valid=0.037610 lr=0.000275342 time=13.8s
[Epoch 010] train=0.029489 valid=0.042785 lr=0.000275342 time=14.0s
[Epoch 011] train=0.026805 valid=0.082301 lr=0.000275342 time=13.6s
[Epoch 012] train=0.029756 valid=0.043115 lr=0.000137671 time=13.8s
[Epoch 013] train=0.022686 valid=0.038815 lr=0.000137671 time=14.2s
[Epoch 014] train=0.022010 valid=0.036715 lr=0.000137671 time=13.7s
[Epoch 015] train=0.021306 valid=0.038482 lr=0.000137671 time=14.0s
[Epoch 016] train=0.020996 valid=0.037799 lr=0.000137671 time=13.7s
[Epoch 017] train=0.022302 valid=0.038692 lr=6.88354e-05 time=14.0s
[Epoch 018] train=0.019312 valid=0.039544 lr=6.88354e-05 time=14.2s
[Epoch 019] train=0.018885 valid=0.050130 lr=6.88354e-05 time=14.0s
[Epoch 020] train=0.018544 valid=0.040363 lr=3.44177e-05 time=13.8s
[Epoch 021] train=0.017610 valid=0.036710 lr=3.44177e-05 time=14.0s
[Epoch 022] train=0.017145 valid=0.036829 lr=3.44177e-05 time=13.8s
[Epoch 023] train=0.017264 valid=0.036219 lr=3.44177e-05 time=14.0s
[Epoch 024] train=0.016883 valid=0.036244 lr=3.44177e-05 time=13.9s
[Epoch 025] train=0.016764 valid=0.036955 lr=3.44177e-05 time=13.7s
[Epoch 026] train=0.016395 valid=0.036953 lr=1.72089e-05 time=13.7s
[Epoch 027] train=0.015987 valid=0.037529 lr=1.72089e-05 time=13.7s
[Epoch 028] train=0.016330 valid=0.036502 lr=1.72089e-05 time=13.7s
[Epoch 029] train=0.016199 valid=0.039778 lr=8.60443e-06 time=13.9s
[Epoch 030] train=0.016072 valid=0.037714 lr=8.60443e-06 time=13.5s
[Epoch 031] train=0.015827 valid=0.036454 lr=8.60443e-06 time=14.0s
Early stopping at epoch 31
Training samples: 1218 | Validation samples: 63
[Epoch 001] train=0.071698 valid=0.043809 lr=0.000275342 time=13.4s
[Epoch 002] train=0.037892 valid=0.053135 lr=0.000275342 time=13.6s
[Epoch 003] train=0.033038 valid=0.035784 lr=0.000275342 time=13.7s
[Epoch 004] train=0.030220 valid=0.034087 lr=0.000275342 time=13.7s
[Epoch 005] train=0.029977 valid=0.033668 lr=0.000275342 time=13.5s
[Epoch 006] train=0.027177 valid=0.030084 lr=0.000275342 time=14.0s
[Epoch 007] train=0.026441 valid=0.033494 lr=0.000275342 time=13.7s
[Epoch 008] train=0.026768 valid=0.037366 lr=0.000275342 time=14.1s
[Epoch 009] train=0.026263 valid=0.030842 lr=0.000137671 time=14.3s
[Epoch 010] train=0.023499 valid=0.035543 lr=0.000137671 time=14.5s
[Epoch 011] train=0.023139 valid=0.029504 lr=0.000137671 time=14.4s
[Epoch 012] train=0.022710 valid=0.028246 lr=0.000137671 time=14.0s
[Epoch 013] train=0.022826 valid=0.032584 lr=0.000137671 time=14.1s
[Epoch 014] train=0.022831 valid=0.028975 lr=0.000137671 time=14.2s
[Epoch 015] train=0.022159 valid=0.029387 lr=6.88354e-05 time=14.0s
[Epoch 016] train=0.021596 valid=0.027571 lr=6.88354e-05 time=13.8s
[Epoch 017] train=0.021146 valid=0.027232 lr=6.88354e-05 time=13.8s
[Epoch 018] train=0.021325 valid=0.028323 lr=6.88354e-05 time=14.0s
[Epoch 019] train=0.021039 valid=0.027752 lr=6.88354e-05 time=13.3s
[Epoch 020] train=0.020844 valid=0.027414 lr=3.44177e-05 time=13.6s
[Epoch 021] train=0.020624 valid=0.027651 lr=3.44177e-05 time=13.7s
[Epoch 022] train=0.020443 valid=0.027550 lr=3.44177e-05 time=13.8s
[Epoch 023] train=0.020705 valid=0.027508 lr=1.72089e-05 time=13.6s
[Epoch 024] train=0.020161 valid=0.028918 lr=1.72089e-05 time=14.2s
[Epoch 025] train=0.020302 valid=0.027928 lr=1.72089e-05 time=14.2s
Early stopping at epoch 25

Proposed-model point summary:
         task     model  wrmsse_mean  wrmsse_std  wape_mean  wape_std  n_folds
0  state_dept  DeepSets     0.708621         NaN   0.094654       NaN        1
1   store_cat  DeepSets     0.705015         NaN   0.102834       NaN        1
2  store_dept  DeepSets     0.756353         NaN   0.121743       NaN        1

Proposed-model main point table:
task      state_dept  store_cat  store_dept     Mean
model                                               
DeepSets    0.708621   0.705015    0.756353  0.72333

Proposed-model quantile summary:
         task       model  wspl_mean  wspl_std  n_folds
0  state_dept  DeepSets_Q   0.183356       NaN        1
1   store_cat  DeepSets_Q   0.180958       NaN        1
2  store_dept  DeepSets_Q   0.201563       NaN        1

Proposed-model main quantile table:
task        state_dept  store_cat  store_dept      Mean
model                                                  
DeepSets_Q    0.183356   0.180958    0.201563  0.188626

Done. Outputs written to: /root/autodl-tmp/m5/work/50pct/04_benchmark_proposed/DeepSets

$ /root/miniconda3/bin/python /root/autodl-tmp/m5/scripts/run_m5_proposed_models.py --data-dir /root/autodl-tmp/m5/data --output-dir /root/autodl-tmp/m5/work/50pct/04_benchmark_proposed/SetTransformer --mode holdout --tasks store_dept,store_cat,state_dept --quantiles 0.005,0.025,0.165,0.25,0.5,0.75,0.835,0.975,0.995 --model-names SetTransformer --recent-window 14 --lag-windows 7,14,28,56 --stat-windows 7,28,56 --params-json /root/autodl-tmp/m5/work/50pct/01_tuning/SetTransformer/best_params.json --t-hist 56 --horizon 28 --valid-size 4 --test-size 4 --internal-valid-size 3 --gap 0 --min-train-origins 20 --min-final-train-origins 20 --sku-universe-mode history --store-sku-sample-frac 0.5 --store-sku-sample-seed 42 --cache-dir /root/autodl-tmp/m5/cache/50pct
Using cache directory: /root/autodl-tmp/m5/cache/50pct
Building/loading cached task artifacts lazily...

=== Proposed models on task: store_dept ===
[M5-PREP] Loading cached task package for task=store_dept...
[M5-PREP] Loaded cached task package for task=store_dept | stage 00:01 | total 00:01
[M5-PREP] Loading cached samples: task=store_dept split=final_train_samples...
[M5-PREP] Loaded cached samples: task=store_dept split=final_train_samples n=4060 | stage 00:02 | total 00:02
[M5-PREP] Loading cached samples: task=store_dept split=internal_valid_samples...
[M5-PREP] Loaded cached samples: task=store_dept split=internal_valid_samples n=210 | stage 00:00 | total 00:00
[M5-PREP] Loading cached samples: task=store_dept split=test_samples...
[M5-PREP] Loaded cached samples: task=store_dept split=test_samples n=280 | stage 00:00 | total 00:00
Task=store_dept Mode=holdout Model=SetTransformer
Training samples: 4060 | Validation samples: 210
[Epoch 001] train=0.099286 valid=0.066000 lr=0.000171045 time=20.7s
[Epoch 002] train=0.059381 valid=0.092015 lr=0.000171045 time=20.0s
[Epoch 003] train=0.055735 valid=0.056696 lr=0.000171045 time=20.0s
[Epoch 004] train=0.050242 valid=0.051370 lr=0.000171045 time=20.1s
[Epoch 005] train=0.048200 valid=0.055590 lr=0.000171045 time=20.1s
[Epoch 006] train=0.046738 valid=0.051463 lr=0.000171045 time=19.9s
[Epoch 007] train=0.044889 valid=0.078136 lr=8.55226e-05 time=19.8s
[Epoch 008] train=0.037279 valid=0.052570 lr=8.55226e-05 time=19.9s
[Epoch 009] train=0.035869 valid=0.043570 lr=8.55226e-05 time=19.8s
[Epoch 010] train=0.034145 valid=0.047499 lr=8.55226e-05 time=20.1s
[Epoch 011] train=0.034567 valid=0.046825 lr=8.55226e-05 time=19.9s
[Epoch 012] train=0.032864 valid=0.043078 lr=8.55226e-05 time=19.9s
[Epoch 013] train=0.031879 valid=0.048910 lr=8.55226e-05 time=19.9s
[Epoch 014] train=0.031405 valid=0.047903 lr=8.55226e-05 time=19.9s
[Epoch 015] train=0.031237 valid=0.061133 lr=4.27613e-05 time=20.1s
[Epoch 016] train=0.028678 valid=0.043880 lr=4.27613e-05 time=20.1s
[Epoch 017] train=0.028063 valid=0.045562 lr=4.27613e-05 time=19.9s
[Epoch 018] train=0.027481 valid=0.040025 lr=4.27613e-05 time=19.9s
[Epoch 019] train=0.027186 valid=0.042289 lr=4.27613e-05 time=20.1s
[Epoch 020] train=0.026913 valid=0.043410 lr=4.27613e-05 time=20.2s
[Epoch 021] train=0.026656 valid=0.044717 lr=2.13806e-05 time=19.9s
[Epoch 022] train=0.025428 valid=0.042617 lr=2.13806e-05 time=20.0s
[Epoch 023] train=0.025414 valid=0.041770 lr=2.13806e-05 time=20.0s
[Epoch 024] train=0.024813 valid=0.042233 lr=1.06903e-05 time=20.0s
[Epoch 025] train=0.023749 valid=0.042264 lr=1.06903e-05 time=20.1s
[Epoch 026] train=0.023870 valid=0.043042 lr=1.06903e-05 time=20.2s
Early stopping at epoch 26
Training samples: 4060 | Validation samples: 210
[Epoch 001] train=0.043089 valid=0.038221 lr=0.000171045 time=20.9s
[Epoch 002] train=0.033129 valid=0.034830 lr=0.000171045 time=20.7s
[Epoch 003] train=0.031643 valid=0.038005 lr=0.000171045 time=21.0s
[Epoch 004] train=0.030399 valid=0.033065 lr=0.000171045 time=20.9s
[Epoch 005] train=0.029565 valid=0.033050 lr=0.000171045 time=20.9s
[Epoch 006] train=0.028996 valid=0.036664 lr=0.000171045 time=20.9s
[Epoch 007] train=0.028175 valid=0.032456 lr=0.000171045 time=21.6s
[Epoch 008] train=0.027961 valid=0.032658 lr=0.000171045 time=21.5s
[Epoch 009] train=0.027297 valid=0.033847 lr=0.000171045 time=21.4s
[Epoch 010] train=0.026642 valid=0.031523 lr=0.000171045 time=21.1s
[Epoch 011] train=0.026075 valid=0.031427 lr=0.000171045 time=20.9s
[Epoch 012] train=0.025919 valid=0.031888 lr=0.000171045 time=20.8s
[Epoch 013] train=0.025634 valid=0.031398 lr=0.000171045 time=21.1s
[Epoch 014] train=0.025201 valid=0.033555 lr=0.000171045 time=22.6s
[Epoch 015] train=0.024929 valid=0.032334 lr=0.000171045 time=22.1s
[Epoch 016] train=0.024894 valid=0.035046 lr=8.55226e-05 time=21.5s
[Epoch 017] train=0.023458 valid=0.031522 lr=8.55226e-05 time=21.1s
[Epoch 018] train=0.023123 valid=0.031150 lr=8.55226e-05 time=21.3s
[Epoch 019] train=0.022946 valid=0.033167 lr=8.55226e-05 time=21.4s
[Epoch 020] train=0.022765 valid=0.031912 lr=8.55226e-05 time=21.3s
[Epoch 021] train=0.022653 valid=0.031787 lr=4.27613e-05 time=21.4s
[Epoch 022] train=0.021824 valid=0.031536 lr=4.27613e-05 time=21.1s
[Epoch 023] train=0.021593 valid=0.030915 lr=4.27613e-05 time=21.4s
[Epoch 024] train=0.021337 valid=0.031335 lr=4.27613e-05 time=21.5s
[Epoch 025] train=0.021420 valid=0.031401 lr=4.27613e-05 time=21.3s
[Epoch 026] train=0.021259 valid=0.031048 lr=2.13806e-05 time=21.3s
[Epoch 027] train=0.020851 valid=0.031254 lr=2.13806e-05 time=21.2s
[Epoch 028] train=0.020684 valid=0.031681 lr=2.13806e-05 time=21.4s
[Epoch 029] train=0.020675 valid=0.031740 lr=1.06903e-05 time=21.4s
[Epoch 030] train=0.020503 valid=0.031440 lr=1.06903e-05 time=21.2s
[Epoch 031] train=0.020392 valid=0.031566 lr=1.06903e-05 time=21.4s
Early stopping at epoch 31

=== Proposed models on task: store_cat ===
[M5-PREP] Loading cached task package for task=store_cat...
[M5-PREP] Loaded cached task package for task=store_cat | stage 00:01 | total 00:01
[M5-PREP] Loading cached samples: task=store_cat split=final_train_samples...
[M5-PREP] Loaded cached samples: task=store_cat split=final_train_samples n=1740 | stage 00:01 | total 00:01
[M5-PREP] Loading cached samples: task=store_cat split=internal_valid_samples...
[M5-PREP] Loaded cached samples: task=store_cat split=internal_valid_samples n=90 | stage 00:00 | total 00:00
[M5-PREP] Loading cached samples: task=store_cat split=test_samples...
[M5-PREP] Loaded cached samples: task=store_cat split=test_samples n=120 | stage 00:00 | total 00:00
Task=store_cat Mode=holdout Model=SetTransformer
Training samples: 1740 | Validation samples: 90
[Epoch 001] train=0.161773 valid=0.099950 lr=0.000171045 time=17.9s
[Epoch 002] train=0.070589 valid=0.106902 lr=0.000171045 time=17.7s
[Epoch 003] train=0.067731 valid=0.069440 lr=0.000171045 time=17.6s
[Epoch 004] train=0.060574 valid=0.103933 lr=0.000171045 time=17.7s
[Epoch 005] train=0.057613 valid=0.078756 lr=0.000171045 time=17.7s
[Epoch 006] train=0.050569 valid=0.067719 lr=0.000171045 time=17.4s
[Epoch 007] train=0.050504 valid=0.073273 lr=0.000171045 time=17.6s
[Epoch 008] train=0.046753 valid=0.062020 lr=0.000171045 time=17.7s
[Epoch 009] train=0.045547 valid=0.068878 lr=0.000171045 time=17.6s
[Epoch 010] train=0.042974 valid=0.057148 lr=0.000171045 time=17.7s
[Epoch 011] train=0.041911 valid=0.059791 lr=0.000171045 time=17.6s
[Epoch 012] train=0.040867 valid=0.059022 lr=0.000171045 time=17.6s
[Epoch 013] train=0.039384 valid=0.071171 lr=8.55226e-05 time=17.6s
[Epoch 014] train=0.034811 valid=0.058113 lr=8.55226e-05 time=17.7s
[Epoch 015] train=0.033789 valid=0.058482 lr=8.55226e-05 time=17.7s
[Epoch 016] train=0.031921 valid=0.057257 lr=4.27613e-05 time=17.6s
[Epoch 017] train=0.031274 valid=0.056126 lr=4.27613e-05 time=17.7s
[Epoch 018] train=0.030054 valid=0.055615 lr=4.27613e-05 time=17.7s
[Epoch 019] train=0.029833 valid=0.052671 lr=4.27613e-05 time=18.0s
[Epoch 020] train=0.029323 valid=0.053988 lr=4.27613e-05 time=17.6s
[Epoch 021] train=0.028685 valid=0.052517 lr=4.27613e-05 time=17.7s
[Epoch 022] train=0.029001 valid=0.053398 lr=4.27613e-05 time=17.7s
[Epoch 023] train=0.027980 valid=0.054299 lr=4.27613e-05 time=17.7s
[Epoch 024] train=0.027906 valid=0.053958 lr=2.13806e-05 time=17.9s
[Epoch 025] train=0.026635 valid=0.056135 lr=2.13806e-05 time=17.6s
[Epoch 026] train=0.025704 valid=0.056110 lr=2.13806e-05 time=17.7s
[Epoch 027] train=0.026166 valid=0.054620 lr=1.06903e-05 time=17.8s
[Epoch 028] train=0.025975 valid=0.052478 lr=1.06903e-05 time=17.7s
[Epoch 029] train=0.025625 valid=0.053757 lr=1.06903e-05 time=17.8s
[Epoch 030] train=0.025016 valid=0.053251 lr=1.06903e-05 time=17.9s
[Epoch 031] train=0.025085 valid=0.055322 lr=5.34516e-06 time=17.8s
[Epoch 032] train=0.024666 valid=0.053939 lr=5.34516e-06 time=17.6s
Training samples: 1740 | Validation samples: 90
[Epoch 001] train=0.069271 valid=0.047981 lr=0.000171045 time=18.4s
[Epoch 002] train=0.043401 valid=0.042959 lr=0.000171045 time=18.2s
[Epoch 003] train=0.038974 valid=0.041076 lr=0.000171045 time=18.5s
[Epoch 004] train=0.036601 valid=0.040152 lr=0.000171045 time=18.5s
[Epoch 005] train=0.036090 valid=0.041362 lr=0.000171045 time=18.6s
[Epoch 006] train=0.035043 valid=0.039672 lr=0.000171045 time=18.6s
[Epoch 007] train=0.033762 valid=0.037943 lr=0.000171045 time=18.4s
[Epoch 008] train=0.033249 valid=0.039835 lr=0.000171045 time=18.4s
[Epoch 009] train=0.032722 valid=0.038760 lr=0.000171045 time=18.5s
[Epoch 010] train=0.031812 valid=0.040463 lr=8.55226e-05 time=18.6s
[Epoch 011] train=0.030229 valid=0.036919 lr=8.55226e-05 time=18.6s
[Epoch 012] train=0.030023 valid=0.038227 lr=8.55226e-05 time=18.6s
[Epoch 013] train=0.029954 valid=0.036015 lr=8.55226e-05 time=18.6s
[Epoch 014] train=0.029483 valid=0.036083 lr=8.55226e-05 time=18.9s
[Epoch 015] train=0.029284 valid=0.035905 lr=8.55226e-05 time=18.7s
[Epoch 016] train=0.029170 valid=0.036240 lr=8.55226e-05 time=18.7s
[Epoch 017] train=0.029009 valid=0.035839 lr=8.55226e-05 time=18.5s
[Epoch 018] train=0.028373 valid=0.034327 lr=8.55226e-05 time=18.6s
[Epoch 019] train=0.028354 valid=0.039074 lr=8.55226e-05 time=18.6s
[Epoch 020] train=0.027966 valid=0.033771 lr=8.55226e-05 time=18.6s
[Epoch 021] train=0.027792 valid=0.038485 lr=8.55226e-05 time=18.6s
[Epoch 022] train=0.027496 valid=0.036319 lr=8.55226e-05 time=18.7s
[Epoch 023] train=0.027285 valid=0.034680 lr=4.27613e-05 time=18.6s
[Epoch 024] train=0.026406 valid=0.034267 lr=4.27613e-05 time=18.5s
[Epoch 025] train=0.026319 valid=0.035481 lr=4.27613e-05 time=18.7s
[Epoch 026] train=0.025967 valid=0.035040 lr=2.13806e-05 time=18.6s
[Epoch 027] train=0.025547 valid=0.034653 lr=2.13806e-05 time=18.3s
[Epoch 028] train=0.025433 valid=0.034648 lr=2.13806e-05 time=18.5s
Early stopping at epoch 28

=== Proposed models on task: state_dept ===
[M5-PREP] Loading cached task package for task=state_dept...
[M5-PREP] Loaded cached task package for task=state_dept | stage 00:01 | total 00:01
[M5-PREP] Loading cached samples: task=state_dept split=final_train_samples...
[M5-PREP] Loaded cached samples: task=state_dept split=final_train_samples n=1218 | stage 00:01 | total 00:01
[M5-PREP] Loading cached samples: task=state_dept split=internal_valid_samples...
[M5-PREP] Loaded cached samples: task=state_dept split=internal_valid_samples n=63 | stage 00:00 | total 00:00
[M5-PREP] Loading cached samples: task=state_dept split=test_samples...
[M5-PREP] Loaded cached samples: task=state_dept split=test_samples n=84 | stage 00:00 | total 00:00
Task=state_dept Mode=holdout Model=SetTransformer
Training samples: 1218 | Validation samples: 63
[Epoch 001] train=0.160154 valid=0.071785 lr=0.000171045 time=21.2s
[Epoch 002] train=0.071958 valid=0.056875 lr=0.000171045 time=21.3s
[Epoch 003] train=0.058301 valid=0.076953 lr=0.000171045 time=21.1s
[Epoch 004] train=0.053211 valid=0.076898 lr=0.000171045 time=21.4s
[Epoch 005] train=0.051356 valid=0.055134 lr=0.000171045 time=21.2s
[Epoch 006] train=0.049402 valid=0.068706 lr=0.000171045 time=21.3s
[Epoch 007] train=0.042925 valid=0.050454 lr=0.000171045 time=21.5s
[Epoch 008] train=0.041811 valid=0.058115 lr=0.000171045 time=21.7s
[Epoch 009] train=0.038867 valid=0.080180 lr=0.000171045 time=21.4s
[Epoch 010] train=0.038757 valid=0.043745 lr=0.000171045 time=21.8s
[Epoch 011] train=0.037060 valid=0.045102 lr=0.000171045 time=21.3s
[Epoch 012] train=0.033672 valid=0.045531 lr=0.000171045 time=21.5s
[Epoch 013] train=0.033402 valid=0.043086 lr=0.000171045 time=21.5s
[Epoch 014] train=0.031921 valid=0.043274 lr=0.000171045 time=21.3s
[Epoch 015] train=0.032598 valid=0.042811 lr=0.000171045 time=21.5s
[Epoch 016] train=0.032332 valid=0.086444 lr=0.000171045 time=21.6s
[Epoch 017] train=0.030198 valid=0.042808 lr=0.000171045 time=21.7s
[Epoch 018] train=0.031755 valid=0.116082 lr=8.55226e-05 time=21.5s
[Epoch 019] train=0.025804 valid=0.037070 lr=8.55226e-05 time=21.6s
[Epoch 020] train=0.024319 valid=0.038449 lr=8.55226e-05 time=21.5s
[Epoch 021] train=0.021813 valid=0.038317 lr=8.55226e-05 time=21.5s
[Epoch 022] train=0.024352 valid=0.037617 lr=4.27613e-05 time=21.7s
[Epoch 023] train=0.020678 valid=0.036511 lr=4.27613e-05 time=21.4s
[Epoch 024] train=0.020773 valid=0.038046 lr=4.27613e-05 time=21.7s
[Epoch 025] train=0.019761 valid=0.045215 lr=4.27613e-05 time=21.5s
[Epoch 026] train=0.019142 valid=0.041885 lr=2.13806e-05 time=21.5s
[Epoch 027] train=0.018715 valid=0.040335 lr=2.13806e-05 time=21.5s
[Epoch 028] train=0.018008 valid=0.041872 lr=2.13806e-05 time=21.4s
[Epoch 029] train=0.017865 valid=0.042795 lr=1.06903e-05 time=21.5s
[Epoch 030] train=0.018057 valid=0.038611 lr=1.06903e-05 time=21.4s
[Epoch 031] train=0.017505 valid=0.041902 lr=1.06903e-05 time=21.5s
Early stopping at epoch 31
Training samples: 1218 | Validation samples: 63
[Epoch 001] train=0.069350 valid=0.041478 lr=0.000171045 time=22.0s
[Epoch 002] train=0.042576 valid=0.047882 lr=0.000171045 time=21.7s
[Epoch 003] train=0.037581 valid=0.035598 lr=0.000171045 time=21.8s
[Epoch 004] train=0.033266 valid=0.041172 lr=0.000171045 time=22.9s
[Epoch 005] train=0.032185 valid=0.032990 lr=0.000171045 time=22.4s
[Epoch 006] train=0.030460 valid=0.036357 lr=0.000171045 time=22.4s
[Epoch 007] train=0.028849 valid=0.037234 lr=0.000171045 time=22.0s
[Epoch 008] train=0.028858 valid=0.030061 lr=0.000171045 time=22.3s
[Epoch 009] train=0.028875 valid=0.031902 lr=0.000171045 time=22.1s
[Epoch 010] train=0.027732 valid=0.032376 lr=0.000171045 time=22.3s
[Epoch 011] train=0.026964 valid=0.028875 lr=0.000171045 time=22.4s
[Epoch 012] train=0.026175 valid=0.028909 lr=0.000171045 time=22.3s
[Epoch 013] train=0.026048 valid=0.029258 lr=0.000171045 time=22.4s
[Epoch 014] train=0.025767 valid=0.033971 lr=8.55226e-05 time=22.3s
[Epoch 015] train=0.023032 valid=0.028695 lr=8.55226e-05 time=22.4s
[Epoch 016] train=0.022519 valid=0.029480 lr=8.55226e-05 time=22.2s
[Epoch 017] train=0.022321 valid=0.027486 lr=8.55226e-05 time=22.2s
[Epoch 018] train=0.022350 valid=0.028051 lr=8.55226e-05 time=22.3s
[Epoch 019] train=0.021925 valid=0.027491 lr=8.55226e-05 time=22.0s
[Epoch 020] train=0.022099 valid=0.028919 lr=4.27613e-05 time=22.2s
[Epoch 021] train=0.020879 valid=0.028501 lr=4.27613e-05 time=22.3s
[Epoch 022] train=0.020896 valid=0.030546 lr=4.27613e-05 time=22.5s
[Epoch 023] train=0.020325 valid=0.029807 lr=2.13806e-05 time=22.4s
[Epoch 024] train=0.020247 valid=0.027529 lr=2.13806e-05 time=22.2s
[Epoch 025] train=0.019823 valid=0.028869 lr=2.13806e-05 time=22.2s
Early stopping at epoch 25

Proposed-model point summary:
         task           model  wrmsse_mean  ...  wape_mean  wape_std  n_folds
0  state_dept  SetTransformer     0.672267  ...   0.091254       NaN        1
1   store_cat  SetTransformer     0.708416  ...   0.103109       NaN        1
2  store_dept  SetTransformer     0.789971  ...   0.127412       NaN        1

[3 rows x 7 columns]

Proposed-model main point table:
task            state_dept  store_cat  store_dept      Mean
model                                                      
SetTransformer    0.672267   0.708416    0.789971  0.723551

Proposed-model quantile summary:
         task             model  wspl_mean  wspl_std  n_folds
0  state_dept  SetTransformer_Q   0.185666       NaN        1
1   store_cat  SetTransformer_Q   0.189758       NaN        1
2  store_dept  SetTransformer_Q   0.204560       NaN        1

Proposed-model main quantile table:
task              state_dept  store_cat  store_dept      Mean
model                                                        
SetTransformer_Q    0.185666   0.189758     0.20456  0.193328

Done. Outputs written to: /root/autodl-tmp/m5/work/50pct/04_benchmark_proposed/SetTransformer

$ /root/miniconda3/bin/python /root/autodl-tmp/m5/scripts/run_m5_stat_tests.py --benchmark-rows /root/autodl-tmp/m5/work/50pct/03_benchmark_baselines/all_holdout_rows.csv --proposed-rows /root/autodl-tmp/m5/work/50pct/04_benchmark_proposed/proposed_all_holdout_rows.csv --ablation-rows /root/autodl-tmp/m5/work/50pct/02_ablation/all_ablation_rows_holdout.csv --benchmark-series-rows /root/autodl-tmp/m5/work/50pct/03_benchmark_baselines/all_holdout_series_rows.csv --proposed-series-rows /root/autodl-tmp/m5/work/50pct/04_benchmark_proposed/proposed_all_holdout_series_rows.csv --ablation-series-rows /root/autodl-tmp/m5/work/50pct/02_ablation/all_ablation_series_rows_holdout.csv --ablation-models M0_AggHistOnly,M1_AggHistFutureSummary --metric wspl --analysis-level series --series-block-cols task,agg_id --output-dir /root/autodl-tmp/m5/work/50pct/05_stat_tests
Done. Statistical test outputs written to:
/root/autodl-tmp/m5/work/50pct/05_stat_tests

$ /root/miniconda3/bin/python /root/autodl-tmp/m5/scripts/make_m5_paper_tables.py --benchmark-rows /root/autodl-tmp/m5/work/50pct/03_benchmark_baselines/all_holdout_rows.csv --proposed-rows /root/autodl-tmp/m5/work/50pct/04_benchmark_proposed/proposed_all_holdout_rows.csv --ablation-rows /root/autodl-tmp/m5/work/50pct/02_ablation/all_ablation_rows_holdout.csv --output-dir /root/autodl-tmp/m5/work/50pct/06_paper_tables
Done. Wrote merged CSVs and LaTeX tables to:
/root/autodl-tmp/m5/work/50pct/06_paper_tables

Workflow paths:
  proposed models:    M3_FullSkuTemporalCNN, DeepSets, SetTransformer
  ablation params:    /root/autodl-tmp/m5/work/50pct/01_tuning/M3_FullSkuTemporalCNN/best_params.json
  tuned params all:   /root/autodl-tmp/m5/work/50pct/01_tuning/best_params_all_models.json
  benchmark rows:     /root/autodl-tmp/m5/work/50pct/03_benchmark_baselines/all_holdout_rows.csv
  benchmark series:   /root/autodl-tmp/m5/work/50pct/03_benchmark_baselines/all_holdout_series_rows.csv
  proposed rows:      /root/autodl-tmp/m5/work/50pct/04_benchmark_proposed/proposed_all_holdout_rows.csv
  proposed series:    /root/autodl-tmp/m5/work/50pct/04_benchmark_proposed/proposed_all_holdout_series_rows.csv
  ablation rows:      /root/autodl-tmp/m5/work/50pct/02_ablation/all_ablation_rows_holdout.csv
  ablation series:    /root/autodl-tmp/m5/work/50pct/02_ablation/all_ablation_series_rows_holdout.csv
  statistical tests:  /root/autodl-tmp/m5/work/50pct/05_stat_tests
  final tables dir:   /root/autodl-tmp/m5/work/50pct/06_paper_tables
=== Phase 4: Consistency ===
Consistency check passed.
Mode: holdout
Metric: wspl
Complete task×agg_id blocks for series-level stats: 121
Models in aligned matrix: 11
Bottom-up benchmark present: BottomUpGlobalHistGB
Removed bottom-up naive absent: BottomUpSeasonalNaive
Ablation models included: M0_AggHistOnly, M1_AggHistFutureSummary
=== ALL DONE ===
