=== Phase 1: Cache (100% SKU) ===
Using cache directory: /root/autodl-tmp/m5/cache/100pct
[M5-PREP] Building item-store panel from raw CSV tables...
[M5-PREP] Built and cached panel with shape=(59181090, 26) | stage 01:48 | total 01:48
[M5-PREP] Building fast task arrays for task=store_dept...
[M5-PREP] task=store_dept aggregate tensor build: 1/70 (  1.4%) | elapsed 01:09 | ETA 1:18:58
[M5-PREP] task=store_dept aggregate tensor build: 32/70 ( 45.7%) | elapsed 01:14 | ETA 01:28
[M5-PREP] task=store_dept aggregate tensor build: 64/70 ( 91.4%) | elapsed 01:19 | ETA 00:07
[M5-PREP] task=store_dept aggregate tensor build: 70/70 (100.0%) | elapsed 01:20 | ETA 00:00
[M5-PREP] Fast task arrays ready for task=store_dept with 70 aggregates | stage 01:20 | total 01:20
[M5-PREP] task=store_dept split=final_train_samples started...
[M5-PREP] task=store_dept split=final_train_samples: 4060/4060 (100.0%) | elapsed 00:02 | ETA 00:00
[M5-PREP] task=store_dept split=final_train_samples finished with 4060 samples | stage 00:02 | total 00:02
[M5-PREP] task=store_dept split=internal_valid_samples started...
[M5-PREP] task=store_dept split=internal_valid_samples: 210/210 (100.0%) | elapsed 00:00 | ETA 00:00
[M5-PREP] task=store_dept split=internal_valid_samples finished with 210 samples | stage 00:00 | total 00:00
[M5-PREP] task=store_dept split=test_samples started...
[M5-PREP] task=store_dept split=test_samples: 280/280 (100.0%) | elapsed 00:00 | ETA 00:00
[M5-PREP] task=store_dept split=test_samples finished with 280 samples | stage 00:00 | total 00:00
[M5-PREP] Loading cached item-store panel...
[M5-PREP] Loaded cached panel with shape=(59181090, 26) | stage 00:15 | total 00:15
[M5-PREP] Building fast task arrays for task=store_cat...
[M5-PREP] task=store_cat aggregate tensor build: 1/30 (  3.3%) | elapsed 01:08 | ETA 32:54
[M5-PREP] task=store_cat aggregate tensor build: 15/30 ( 50.0%) | elapsed 01:13 | ETA 01:13
[M5-PREP] task=store_cat aggregate tensor build: 28/30 ( 93.3%) | elapsed 01:19 | ETA 00:06
[M5-PREP] task=store_cat aggregate tensor build: 30/30 (100.0%) | elapsed 01:19 | ETA 00:00
[M5-PREP] Fast task arrays ready for task=store_cat with 30 aggregates | stage 01:19 | total 01:19
[M5-PREP] task=store_cat split=final_train_samples started...
[M5-PREP] task=store_cat split=final_train_samples: 1740/1740 (100.0%) | elapsed 00:02 | ETA 00:00
[M5-PREP] task=store_cat split=final_train_samples finished with 1740 samples | stage 00:02 | total 00:02
[M5-PREP] task=store_cat split=internal_valid_samples started...
[M5-PREP] task=store_cat split=internal_valid_samples: 90/90 (100.0%) | elapsed 00:00 | ETA 00:00
[M5-PREP] task=store_cat split=internal_valid_samples finished with 90 samples | stage 00:00 | total 00:00
[M5-PREP] task=store_cat split=test_samples started...
[M5-PREP] task=store_cat split=test_samples: 120/120 (100.0%) | elapsed 00:00 | ETA 00:00
[M5-PREP] task=store_cat split=test_samples finished with 120 samples | stage 00:00 | total 00:00
[M5-PREP] Loading cached item-store panel...
[M5-PREP] Loaded cached panel with shape=(59181090, 26) | stage 00:15 | total 00:15
[M5-PREP] Building fast task arrays for task=state_dept...
[M5-PREP] task=state_dept aggregate tensor build: 1/21 (  4.8%) | elapsed 01:10 | ETA 23:11
[M5-PREP] task=state_dept aggregate tensor build: 9/21 ( 42.9%) | elapsed 01:15 | ETA 01:40
[M5-PREP] task=state_dept aggregate tensor build: 18/21 ( 85.7%) | elapsed 01:20 | ETA 00:13
[M5-PREP] task=state_dept aggregate tensor build: 21/21 (100.0%) | elapsed 01:22 | ETA 00:00
[M5-PREP] Fast task arrays ready for task=state_dept with 21 aggregates | stage 01:22 | total 01:22
[M5-PREP] task=state_dept split=final_train_samples started...
[M5-PREP] task=state_dept split=final_train_samples: 1218/1218 (100.0%) | elapsed 00:02 | ETA 00:00
[M5-PREP] task=state_dept split=final_train_samples finished with 1218 samples | stage 00:02 | total 00:02
[M5-PREP] task=state_dept split=internal_valid_samples started...
[M5-PREP] task=state_dept split=internal_valid_samples: 63/63 (100.0%) | elapsed 00:00 | ETA 00:00
[M5-PREP] task=state_dept split=internal_valid_samples finished with 63 samples | stage 00:00 | total 00:00
[M5-PREP] task=state_dept split=test_samples started...
[M5-PREP] task=state_dept split=test_samples: 84/84 (100.0%) | elapsed 00:00 | ETA 00:00
[M5-PREP] task=state_dept split=test_samples finished with 84 samples | stage 00:00 | total 00:00
====================================================================================================
M5 EXPERIMENT SUMMARY
====================================================================================================

Task: store_dept
  # aggregate units: 70
  # child sku ids:    30490
  # time points:      1941
  sampled store-SKUs: frac=1.0 seed=42
  hist features:      ['sell_price', 'price_change_ratio', 'snap_flag', 'event_flag', 'wday', 'month']
  future features:    ['sell_price', 'price_change_ratio', 'snap_flag', 'event_flag', 'wday', 'month']
  final train samples: 4060
  internal valid samples: 210
  test samples: 280

Task: store_cat
  # aggregate units: 30
  # child sku ids:    30490
  # time points:      1941
  sampled store-SKUs: frac=1.0 seed=42
  hist features:      ['sell_price', 'price_change_ratio', 'snap_flag', 'event_flag', 'wday', 'month']
  future features:    ['sell_price', 'price_change_ratio', 'snap_flag', 'event_flag', 'wday', 'month']
  final train samples: 1740
  internal valid samples: 90
  test samples: 120

Task: state_dept
  # aggregate units: 21
  # child sku ids:    30490
  # time points:      1941
  sampled store-SKUs: frac=1.0 seed=42
  hist features:      ['sell_price', 'price_change_ratio', 'snap_flag', 'event_flag', 'wday', 'month']
  future features:    ['sell_price', 'price_change_ratio', 'snap_flag', 'event_flag', 'wday', 'month']
  final train samples: 1218
  internal valid samples: 63
  test samples: 84

Cache ready at: /root/autodl-tmp/m5/cache/100pct
=== Phase 2: Tuning M3_FullSkuTemporalCNN (100%) ===
Using cache directory: /root/autodl-tmp/m5/cache/100pct
Resolved search profile: full100
Active search space for M3_FullSkuTemporalCNN: {'hidden_dim': [64, 96, 128], 'dropout': (0.01, 0.08), 'lr': (0.0001, 0.0005), 'weight_decay': (1e-06, 0.0001), 'batch_size': [4, 8, 16], 'cnn_num_blocks': [2, 3], 'cnn_kernel_size': [3, 5], 'num_heads': [2, 4], 'num_sab_layers': [1, 2], 'num_seeds': [1], 'num_inducing_points': [16, 32]}
Loaded warm-start params for M3_FullSkuTemporalCNN: {'batch_size': 8, 'cnn_kernel_size': 5, 'cnn_num_blocks': 2, 'dropout': 0.04400665831386537, 'epochs': 32, 'hidden_dim': 128, 'lag_windows': [7, 14, 28, 56], 'lr': 0.00020564626498382444, 'model_name': 'SkuTemporalCNN', 'num_heads': 4, 'num_inducing_points': 32, 'num_sab_layers': 2, 'num_seeds': 1, 'patience': 8, 'recent_window': 14, 'search_profile': 'large50', 'stage1_objective': 0.9130817067063767, 'stage2_objective': 0.8295422691656112, 'stat_windows': [7, 28, 56], 'store_sku_sample_frac': 0.5, 'trial_number': 0, 'use_permreg': False, 'weight_decay': 3.273251909543837e-05}
Building/loading cached experiment artifacts...
[M5-PREP] Loading cached task package for task=store_dept...
[M5-PREP] Loaded cached task package for task=store_dept | stage 00:01 | total 00:01
[M5-PREP] Loading cached samples: task=store_dept split=final_train_samples...
[M5-PREP] Loaded cached samples: task=store_dept split=final_train_samples n=4060 | stage 00:03 | total 00:03
[M5-PREP] Loading cached samples: task=store_dept split=internal_valid_samples...
[M5-PREP] Loaded cached samples: task=store_dept split=internal_valid_samples n=210 | stage 00:00 | total 00:00
[M5-PREP] Loading cached samples: task=store_dept split=test_samples...
[M5-PREP] Loaded cached samples: task=store_dept split=test_samples n=280 | stage 00:00 | total 00:00
[M5-PREP] Loading cached task package for task=store_cat...
[M5-PREP] Loaded cached task package for task=store_cat | stage 00:01 | total 00:01
[M5-PREP] Loading cached samples: task=store_cat split=final_train_samples...
[M5-PREP] Loaded cached samples: task=store_cat split=final_train_samples n=1740 | stage 00:03 | total 00:03
[M5-PREP] Loading cached samples: task=store_cat split=internal_valid_samples...
[M5-PREP] Loaded cached samples: task=store_cat split=internal_valid_samples n=90 | stage 00:00 | total 00:00
[M5-PREP] Loading cached samples: task=store_cat split=test_samples...
[M5-PREP] Loaded cached samples: task=store_cat split=test_samples n=120 | stage 00:00 | total 00:00
[M5-PREP] Loading cached task package for task=state_dept...
[M5-PREP] Loaded cached task package for task=state_dept | stage 00:01 | total 00:01
[M5-PREP] Loading cached samples: task=state_dept split=final_train_samples...
[M5-PREP] Loaded cached samples: task=state_dept split=final_train_samples n=1218 | stage 00:03 | total 00:03
[M5-PREP] Loading cached samples: task=state_dept split=internal_valid_samples...
[M5-PREP] Loaded cached samples: task=state_dept split=internal_valid_samples n=63 | stage 00:00 | total 00:00
[M5-PREP] Loading cached samples: task=state_dept split=test_samples...
[M5-PREP] Loaded cached samples: task=state_dept split=test_samples n=84 | stage 00:00 | total 00:00
[I 2026-04-28 08:06:41,691] A new study created in RDB with name: m5_multistage_tuning
Enqueuing warm-start Optuna trial: {'hidden_dim': 128, 'batch_size': 8, 'cnn_num_blocks': 2, 'cnn_kernel_size': 5, 'dropout': 0.04400665831386537, 'lr': 0.00020564626498382444, 'weight_decay': 3.273251909543837e-05}
Training samples: 1218 | Validation samples: 210
[I 2026-04-28 08:07:31,909] Trial 0 finished with value: 0.9146616462249711 and parameters: {'hidden_dim': 128, 'dropout': 0.04400665831386537, 'lr': 0.00020564626498382444, 'weight_decay': 3.273251909543837e-05, 'batch_size': 8, 'cnn_num_blocks': 2, 'cnn_kernel_size': 5}. Best is trial 0 with value: 0.9146616462249711.
Training samples: 1218 | Validation samples: 210
[I 2026-04-28 08:08:31,878] Trial 1 finished with value: 0.934140437060193 and parameters: {'hidden_dim': 96, 'dropout': 0.05190609389379257, 'lr': 0.00012854415975274456, 'weight_decay': 2.0511104188433975e-06, 'batch_size': 8, 'cnn_num_blocks': 2, 'cnn_kernel_size': 3}. Best is trial 0 with value: 0.9146616462249711.
Training samples: 1218 | Validation samples: 210
[I 2026-04-28 08:09:07,962] Trial 2 finished with value: 0.9440395175492234 and parameters: {'hidden_dim': 64, 'dropout': 0.03129695700716764, 'lr': 0.0002326960468194962, 'weight_decay': 7.30953983591291e-06, 'batch_size': 8, 'cnn_num_blocks': 3, 'cnn_kernel_size': 5}. Best is trial 0 with value: 0.9146616462249711.
Training samples: 1218 | Validation samples: 210
[I 2026-04-28 08:10:02,141] Trial 3 finished with value: 0.9632743882726063 and parameters: {'hidden_dim': 128, 'dropout': 0.013251528890399841, 'lr': 0.0002658616083788976, 'weight_decay': 2.1930485556643695e-06, 'batch_size': 16, 'cnn_num_blocks': 2, 'cnn_kernel_size': 5}. Best is trial 0 with value: 0.9146616462249711.
Training samples: 1218 | Validation samples: 210
[I 2026-04-28 08:10:43,733] Trial 4 finished with value: 0.8875195100208172 and parameters: {'hidden_dim': 128, 'dropout': 0.012407196478065288, 'lr': 0.00043210340180948714, 'weight_decay': 3.292759134423615e-06, 'batch_size': 4, 'cnn_num_blocks': 2, 'cnn_kernel_size': 3}. Best is trial 4 with value: 0.8875195100208172.
Training samples: 1218 | Validation samples: 210
[I 2026-04-28 08:11:05,178] Trial 5 pruned. Pruned at stage=stage1, task=store_dept, fold=0, epoch=4
Training samples: 1218 | Validation samples: 210
[I 2026-04-28 08:11:43,555] Trial 6 pruned. Pruned at stage=stage1, task=store_dept, fold=0, epoch=5
Training samples: 1218 | Validation samples: 210
[I 2026-04-28 08:12:13,732] Trial 7 pruned. Pruned at stage=stage1, task=store_dept, fold=0, epoch=4
Training samples: 1218 | Validation samples: 210
[I 2026-04-28 08:13:08,649] Trial 8 finished with value: 0.9217615736034356 and parameters: {'hidden_dim': 96, 'dropout': 0.06396770259681928, 'lr': 0.00022138506032035843, 'weight_decay': 1.110364731305462e-05, 'batch_size': 4, 'cnn_num_blocks': 3, 'cnn_kernel_size': 5}. Best is trial 4 with value: 0.8875195100208172.
Training samples: 1218 | Validation samples: 210
[I 2026-04-28 08:13:26,694] Trial 9 pruned. Pruned at stage=stage1, task=store_dept, fold=0, epoch=4
Training samples: 1218 | Validation samples: 210
[I 2026-04-28 08:14:07,171] Trial 10 finished with value: 0.8656974121706037 and parameters: {'hidden_dim': 128, 'dropout': 0.03165509662090779, 'lr': 0.0004760771731716597, 'weight_decay': 6.542521902792563e-06, 'batch_size': 4, 'cnn_num_blocks': 2, 'cnn_kernel_size': 3}. Best is trial 10 with value: 0.8656974121706037.
Training samples: 1218 | Validation samples: 210
[I 2026-04-28 08:14:28,177] Trial 11 pruned. Pruned at stage=stage1, task=store_dept, fold=0, epoch=4
Training samples: 3248 | Validation samples: 210
Training samples: 1392 | Validation samples: 90
Early stopping at epoch 16
Training samples: 975 | Validation samples: 63
Training samples: 3248 | Validation samples: 210
Early stopping at epoch 13
Training samples: 1392 | Validation samples: 90
Training samples: 975 | Validation samples: 63
Training samples: 3248 | Validation samples: 210
Training samples: 1392 | Validation samples: 90
Training samples: 975 | Validation samples: 63
Training samples: 3248 | Validation samples: 210
Early stopping at epoch 15
Training samples: 1392 | Validation samples: 90
Early stopping at epoch 16
Training samples: 975 | Validation samples: 63
Early stopping at epoch 15
Training samples: 4060 | Validation samples: 210
Training samples: 1740 | Validation samples: 90
Training samples: 1218 | Validation samples: 63
Multistage tuning summary:
{'stage1_trials_csv': '/root/autodl-tmp/m5/work/100pct/01_tuning/M3_FullSkuTemporalCNN/stage1_trials.csv', 'stage2_confirmation_csv': '/root/autodl-tmp/m5/work/100pct/01_tuning/M3_FullSkuTemporalCNN/stage2_confirmation.csv', 'best_params_json': '/root/autodl-tmp/m5/work/100pct/01_tuning/M3_FullSkuTemporalCNN/best_params.json', 'best_params': {'model_name': 'SkuTemporalCNN', 'hidden_dim': 128, 'dropout': 0.03165509662090779, 'lr': 0.0004760771731716597, 'weight_decay': 6.542521902792563e-06, 'batch_size': 4, 'cnn_num_blocks': 2, 'cnn_kernel_size': 3, 'num_heads': 4, 'num_sab_layers': 2, 'num_seeds': 1, 'num_inducing_points': 32, 'search_profile': 'full100', 'store_sku_sample_frac': 1.0, 'recent_window': 14, 'lag_windows': [7, 14, 28, 56], 'stat_windows': [7, 28, 56], 'epochs': 32, 'patience': 8, 'use_permreg': False, 'stage1_objective': 0.8656974121706037, 'stage2_objective': 0.8341160180012399, 'trial_number': 10}, 'final_retrain_results_csv': '/root/autodl-tmp/m5/work/100pct/01_tuning/M3_FullSkuTemporalCNN/final_retrain_results.csv', 'final_mean_metric': 0.7191342447055084}
=== Phase 2: Tuning DeepSets (100%) ===
Using cache directory: /root/autodl-tmp/m5/cache/100pct
Resolved search profile: full100
Active search space for DeepSets: {'hidden_dim': [64, 96, 128], 'dropout': (0.01, 0.08), 'lr': (0.0001, 0.0005), 'weight_decay': (1e-06, 0.0001), 'batch_size': [4, 8, 16], 'cnn_num_blocks': [2, 3], 'cnn_kernel_size': [3, 5], 'num_heads': [2, 4], 'num_sab_layers': [1, 2], 'num_seeds': [1], 'num_inducing_points': [16, 32]}
Loaded warm-start params for DeepSets: {'batch_size': 16, 'cnn_kernel_size': 5, 'cnn_num_blocks': 3, 'dropout': 0.011188221413582361, 'epochs': 32, 'hidden_dim': 128, 'lag_windows': [7, 14, 28, 56], 'lr': 0.0002753416457371354, 'model_name': 'DeepSets', 'num_heads': 4, 'num_inducing_points': 32, 'num_sab_layers': 2, 'num_seeds': 1, 'patience': 8, 'recent_window': 14, 'search_profile': 'large50', 'stage1_objective': 0.8926425137673829, 'stage2_objective': 0.7897393199413026, 'stat_windows': [7, 28, 56], 'store_sku_sample_frac': 0.5, 'trial_number': 14, 'use_permreg': False, 'weight_decay': 2.19915285366921e-05}
Building/loading cached experiment artifacts...
[M5-PREP] Loading cached task package for task=store_dept...
[M5-PREP] Loaded cached task package for task=store_dept | stage 00:01 | total 00:01
[M5-PREP] Loading cached samples: task=store_dept split=final_train_samples...
[M5-PREP] Loaded cached samples: task=store_dept split=final_train_samples n=4060 | stage 00:03 | total 00:03
[M5-PREP] Loading cached samples: task=store_dept split=internal_valid_samples...
[M5-PREP] Loaded cached samples: task=store_dept split=internal_valid_samples n=210 | stage 00:00 | total 00:00
[M5-PREP] Loading cached samples: task=store_dept split=test_samples...
[M5-PREP] Loaded cached samples: task=store_dept split=test_samples n=280 | stage 00:00 | total 00:00
[M5-PREP] Loading cached task package for task=store_cat...
[M5-PREP] Loaded cached task package for task=store_cat | stage 00:01 | total 00:01
[M5-PREP] Loading cached samples: task=store_cat split=final_train_samples...
[M5-PREP] Loaded cached samples: task=store_cat split=final_train_samples n=1740 | stage 00:03 | total 00:03
[M5-PREP] Loading cached samples: task=store_cat split=internal_valid_samples...
[M5-PREP] Loaded cached samples: task=store_cat split=internal_valid_samples n=90 | stage 00:00 | total 00:00
[M5-PREP] Loading cached samples: task=store_cat split=test_samples...
[M5-PREP] Loaded cached samples: task=store_cat split=test_samples n=120 | stage 00:00 | total 00:00
[M5-PREP] Loading cached task package for task=state_dept...
[M5-PREP] Loaded cached task package for task=state_dept | stage 00:01 | total 00:01
[M5-PREP] Loading cached samples: task=state_dept split=final_train_samples...
[M5-PREP] Loaded cached samples: task=state_dept split=final_train_samples n=1218 | stage 00:03 | total 00:03
[M5-PREP] Loading cached samples: task=state_dept split=internal_valid_samples...
[M5-PREP] Loaded cached samples: task=state_dept split=internal_valid_samples n=63 | stage 00:00 | total 00:00
[M5-PREP] Loading cached samples: task=state_dept split=test_samples...
[M5-PREP] Loaded cached samples: task=state_dept split=test_samples n=84 | stage 00:00 | total 00:00
[I 2026-04-28 09:25:04,793] A new study created in RDB with name: m5_multistage_tuning
Enqueuing warm-start Optuna trial: {'hidden_dim': 128, 'batch_size': 16, 'cnn_num_blocks': 3, 'cnn_kernel_size': 5, 'dropout': 0.011188221413582361, 'lr': 0.0002753416457371354, 'weight_decay': 2.19915285366921e-05}
Training samples: 1218 | Validation samples: 210
[I 2026-04-28 09:26:13,831] Trial 0 finished with value: 0.9286589358495974 and parameters: {'hidden_dim': 128, 'dropout': 0.011188221413582361, 'lr': 0.0002753416457371354, 'weight_decay': 2.19915285366921e-05, 'batch_size': 16, 'cnn_num_blocks': 3, 'cnn_kernel_size': 5}. Best is trial 0 with value: 0.9286589358495974.
Training samples: 1218 | Validation samples: 210
[I 2026-04-28 09:27:17,350] Trial 1 finished with value: 0.9422758811912182 and parameters: {'hidden_dim': 96, 'dropout': 0.05190609389379257, 'lr': 0.00012854415975274456, 'weight_decay': 2.0511104188433975e-06, 'batch_size': 8, 'cnn_num_blocks': 2, 'cnn_kernel_size': 3}. Best is trial 0 with value: 0.9286589358495974.
Training samples: 1218 | Validation samples: 210
[I 2026-04-28 09:27:54,574] Trial 2 finished with value: 0.9032291229334023 and parameters: {'hidden_dim': 64, 'dropout': 0.03129695700716764, 'lr': 0.0002326960468194962, 'weight_decay': 7.30953983591291e-06, 'batch_size': 8, 'cnn_num_blocks': 3, 'cnn_kernel_size': 5}. Best is trial 2 with value: 0.9032291229334023.
Training samples: 1218 | Validation samples: 210
[I 2026-04-28 09:28:51,113] Trial 3 finished with value: 0.8924033143499374 and parameters: {'hidden_dim': 128, 'dropout': 0.013251528890399841, 'lr': 0.0002658616083788976, 'weight_decay': 2.1930485556643695e-06, 'batch_size': 16, 'cnn_num_blocks': 2, 'cnn_kernel_size': 5}. Best is trial 3 with value: 0.8924033143499374.
Training samples: 1218 | Validation samples: 210
Early stopping at epoch 7
[I 2026-04-28 09:29:29,451] Trial 4 finished with value: 0.9450592409551394 and parameters: {'hidden_dim': 128, 'dropout': 0.012407196478065288, 'lr': 0.00043210340180948714, 'weight_decay': 3.292759134423615e-06, 'batch_size': 4, 'cnn_num_blocks': 2, 'cnn_kernel_size': 3}. Best is trial 3 with value: 0.8924033143499374.
Training samples: 1218 | Validation samples: 210
[I 2026-04-28 09:29:50,717] Trial 5 pruned. Pruned at stage=stage1, task=store_dept, fold=0, epoch=4
Training samples: 1218 | Validation samples: 210
[I 2026-04-28 09:30:22,565] Trial 6 pruned. Pruned at stage=stage1, task=store_dept, fold=0, epoch=4
Training samples: 1218 | Validation samples: 210
[I 2026-04-28 09:31:08,573] Trial 7 pruned. Pruned at stage=stage1, task=store_dept, fold=0, epoch=6
Training samples: 1218 | Validation samples: 210
[I 2026-04-28 09:31:49,831] Trial 8 pruned. Pruned at stage=stage1, task=store_dept, fold=0, epoch=6
Training samples: 1218 | Validation samples: 210
[I 2026-04-28 09:32:08,558] Trial 9 pruned. Pruned at stage=stage1, task=store_dept, fold=0, epoch=4
Training samples: 1218 | Validation samples: 210
Early stopping at epoch 6
[I 2026-04-28 09:32:42,214] Trial 10 finished with value: 0.9338136622570614 and parameters: {'hidden_dim': 128, 'dropout': 0.03151892854420011, 'lr': 0.00036210716356392593, 'weight_decay': 7.321173243252598e-05, 'batch_size': 4, 'cnn_num_blocks': 2, 'cnn_kernel_size': 5}. Best is trial 3 with value: 0.8924033143499374.
Training samples: 1218 | Validation samples: 210
[I 2026-04-28 09:33:16,055] Trial 11 finished with value: 0.9473158816772704 and parameters: {'hidden_dim': 64, 'dropout': 0.029278752323699496, 'lr': 0.00025086566397874337, 'weight_decay': 6.0475730566804385e-06, 'batch_size': 8, 'cnn_num_blocks': 2, 'cnn_kernel_size': 5}. Best is trial 3 with value: 0.8924033143499374.
Training samples: 3248 | Validation samples: 210
Training samples: 1392 | Validation samples: 90
Training samples: 975 | Validation samples: 63
Training samples: 3248 | Validation samples: 210
Training samples: 1392 | Validation samples: 90
Training samples: 975 | Validation samples: 63
Training samples: 3248 | Validation samples: 210
Training samples: 1392 | Validation samples: 90
Training samples: 975 | Validation samples: 63
Training samples: 3248 | Validation samples: 210
Training samples: 1392 | Validation samples: 90
Training samples: 975 | Validation samples: 63
Training samples: 4060 | Validation samples: 210
Training samples: 1740 | Validation samples: 90
Early stopping at epoch 31
Training samples: 1218 | Validation samples: 63
Early stopping at epoch 27
Multistage tuning summary:
{'stage1_trials_csv': '/root/autodl-tmp/m5/work/100pct/01_tuning/DeepSets/stage1_trials.csv', 'stage2_confirmation_csv': '/root/autodl-tmp/m5/work/100pct/01_tuning/DeepSets/stage2_confirmation.csv', 'best_params_json': '/root/autodl-tmp/m5/work/100pct/01_tuning/DeepSets/best_params.json', 'best_params': {'model_name': 'DeepSets', 'hidden_dim': 128, 'dropout': 0.011188221413582361, 'lr': 0.0002753416457371354, 'weight_decay': 2.19915285366921e-05, 'batch_size': 16, 'cnn_num_blocks': 3, 'cnn_kernel_size': 5, 'num_heads': 4, 'num_sab_layers': 2, 'num_seeds': 1, 'num_inducing_points': 32, 'search_profile': 'full100', 'store_sku_sample_frac': 1.0, 'recent_window': 14, 'lag_windows': [7, 14, 28, 56], 'stat_windows': [7, 28, 56], 'epochs': 32, 'patience': 8, 'use_permreg': False, 'stage1_objective': 0.9286589358495974, 'stage2_objective': 0.8032470537288607, 'trial_number': 0}, 'final_retrain_results_csv': '/root/autodl-tmp/m5/work/100pct/01_tuning/DeepSets/final_retrain_results.csv', 'final_mean_metric': 0.7198949818572778}
=== Phase 2: Tuning SetTransformer (100%) ===
Using cache directory: /root/autodl-tmp/m5/cache/100pct
Resolved search profile: full100
Active search space for SetTransformer: {'hidden_dim': [96, 128], 'dropout': (0.01, 0.08), 'lr': (0.0001, 0.0005), 'weight_decay': (1e-06, 0.0001), 'batch_size': [4, 8], 'cnn_num_blocks': [2, 3], 'cnn_kernel_size': [3, 5], 'num_heads': [2, 4], 'num_sab_layers': [1, 2], 'num_seeds': [1], 'num_inducing_points': [16, 32]}
Loaded warm-start params for SetTransformer: {'batch_size': 4, 'cnn_kernel_size': 5, 'cnn_num_blocks': 2, 'dropout': 0.02676563915781212, 'epochs': 32, 'hidden_dim': 128, 'lag_windows': [7, 14, 28, 56], 'lr': 0.00017104518344723048, 'model_name': 'SetTransformer', 'num_heads': 4, 'num_inducing_points': 16, 'num_sab_layers': 2, 'num_seeds': 1, 'patience': 8, 'recent_window': 14, 'search_profile': 'large50', 'stage1_objective': 0.8640882623565925, 'stage2_objective': 0.7886141653857064, 'stat_windows': [7, 28, 56], 'store_sku_sample_frac': 0.5, 'trial_number': 0, 'use_permreg': False, 'weight_decay': 3.0089668225756894e-06}
Building/loading cached experiment artifacts...
[M5-PREP] Loading cached task package for task=store_dept...
[M5-PREP] Loaded cached task package for task=store_dept | stage 00:01 | total 00:01
[M5-PREP] Loading cached samples: task=store_dept split=final_train_samples...
[M5-PREP] Loaded cached samples: task=store_dept split=final_train_samples n=4060 | stage 00:03 | total 00:03
[M5-PREP] Loading cached samples: task=store_dept split=internal_valid_samples...
[M5-PREP] Loaded cached samples: task=store_dept split=internal_valid_samples n=210 | stage 00:00 | total 00:00
[M5-PREP] Loading cached samples: task=store_dept split=test_samples...
[M5-PREP] Loaded cached samples: task=store_dept split=test_samples n=280 | stage 00:00 | total 00:00
[M5-PREP] Loading cached task package for task=store_cat...
[M5-PREP] Loaded cached task package for task=store_cat | stage 00:01 | total 00:01
[M5-PREP] Loading cached samples: task=store_cat split=final_train_samples...
[M5-PREP] Loaded cached samples: task=store_cat split=final_train_samples n=1740 | stage 00:03 | total 00:03
[M5-PREP] Loading cached samples: task=store_cat split=internal_valid_samples...
[M5-PREP] Loaded cached samples: task=store_cat split=internal_valid_samples n=90 | stage 00:00 | total 00:00
[M5-PREP] Loading cached samples: task=store_cat split=test_samples...
[M5-PREP] Loaded cached samples: task=store_cat split=test_samples n=120 | stage 00:00 | total 00:00
[M5-PREP] Loading cached task package for task=state_dept...
[M5-PREP] Loaded cached task package for task=state_dept | stage 00:01 | total 00:01
[M5-PREP] Loading cached samples: task=state_dept split=final_train_samples...
[M5-PREP] Loaded cached samples: task=state_dept split=final_train_samples n=1218 | stage 00:03 | total 00:03
[M5-PREP] Loading cached samples: task=state_dept split=internal_valid_samples...
[M5-PREP] Loaded cached samples: task=state_dept split=internal_valid_samples n=63 | stage 00:00 | total 00:00
[M5-PREP] Loading cached samples: task=state_dept split=test_samples...
[M5-PREP] Loaded cached samples: task=state_dept split=test_samples n=84 | stage 00:00 | total 00:00
[I 2026-04-28 11:02:38,442] A new study created in RDB with name: m5_multistage_tuning
Enqueuing warm-start Optuna trial: {'hidden_dim': 128, 'batch_size': 4, 'cnn_num_blocks': 2, 'cnn_kernel_size': 5, 'num_heads': 4, 'num_sab_layers': 2, 'num_seeds': 1, 'num_inducing_points': 16, 'dropout': 0.02676563915781212, 'lr': 0.00017104518344723048, 'weight_decay': 3.0089668225756894e-06}
Training samples: 1218 | Validation samples: 210
[I 2026-04-28 11:04:19,382] Trial 0 finished with value: 0.8879868267990175 and parameters: {'hidden_dim': 128, 'dropout': 0.02676563915781212, 'lr': 0.00017104518344723048, 'weight_decay': 3.0089668225756894e-06, 'batch_size': 4, 'cnn_num_blocks': 2, 'cnn_kernel_size': 5, 'num_heads': 4, 'num_sab_layers': 2, 'num_inducing_points': 16}. Best is trial 0 with value: 0.8879868267990175.
Training samples: 1218 | Validation samples: 210
[I 2026-04-28 11:05:27,851] Trial 1 finished with value: 0.9271132210811722 and parameters: {'hidden_dim': 128, 'dropout': 0.061239575926798365, 'lr': 0.0002620863021537751, 'weight_decay': 2.05133826308745e-06, 'batch_size': 4, 'cnn_num_blocks': 2, 'cnn_kernel_size': 3, 'num_heads': 2, 'num_sab_layers': 1, 'num_inducing_points': 32}. Best is trial 0 with value: 0.8879868267990175.
Training samples: 1218 | Validation samples: 210
[I 2026-04-28 11:06:58,534] Trial 2 finished with value: 0.9007631142265389 and parameters: {'hidden_dim': 96, 'dropout': 0.03038603981386294, 'lr': 0.0002677113724214593, 'weight_decay': 1.9010245319870378e-06, 'batch_size': 8, 'cnn_num_blocks': 3, 'cnn_kernel_size': 5, 'num_heads': 2, 'num_sab_layers': 1, 'num_inducing_points': 32}. Best is trial 0 with value: 0.8879868267990175.
Training samples: 1218 | Validation samples: 210
[I 2026-04-28 11:08:30,224] Trial 3 finished with value: 0.898721110517846 and parameters: {'hidden_dim': 96, 'dropout': 0.031322963842135954, 'lr': 0.00011702263636127808, 'weight_decay': 2.3359635026261618e-05, 'batch_size': 4, 'cnn_num_blocks': 2, 'cnn_kernel_size': 3, 'num_heads': 2, 'num_sab_layers': 2, 'num_inducing_points': 32}. Best is trial 0 with value: 0.8879868267990175.
Training samples: 1218 | Validation samples: 210
[I 2026-04-28 11:09:28,092] Trial 4 pruned. Pruned at stage=stage1, task=store_dept, fold=0, epoch=4
Training samples: 1218 | Validation samples: 210
Early stopping at epoch 7
[I 2026-04-28 11:10:40,858] Trial 5 finished with value: 0.9278758800228647 and parameters: {'hidden_dim': 128, 'dropout': 0.06405713385076603, 'lr': 0.00013768806632111615, 'weight_decay': 1.0257563974185657e-06, 'batch_size': 4, 'cnn_num_blocks': 3, 'cnn_kernel_size': 5, 'num_heads': 4, 'num_sab_layers': 1, 'num_inducing_points': 32}. Best is trial 0 with value: 0.8879868267990175.
Training samples: 1218 | Validation samples: 210
[I 2026-04-28 11:11:34,433] Trial 6 pruned. Pruned at stage=stage1, task=store_dept, fold=0, epoch=4
Training samples: 1218 | Validation samples: 210
[I 2026-04-28 11:12:14,499] Trial 7 pruned. Pruned at stage=stage1, task=store_dept, fold=0, epoch=4
Training samples: 1218 | Validation samples: 210
[I 2026-04-28 11:13:42,234] Trial 8 pruned. Pruned at stage=stage1, task=store_dept, fold=0, epoch=6
Training samples: 1218 | Validation samples: 210
[I 2026-04-28 11:14:36,502] Trial 9 pruned. Pruned at stage=stage1, task=store_dept, fold=0, epoch=4
Training samples: 1218 | Validation samples: 210
[I 2026-04-28 11:16:13,792] Trial 10 finished with value: 0.8809355817804262 and parameters: {'hidden_dim': 96, 'dropout': 0.010419802806907207, 'lr': 0.00018974466367641446, 'weight_decay': 4.842815409991511e-06, 'batch_size': 4, 'cnn_num_blocks': 2, 'cnn_kernel_size': 5, 'num_heads': 4, 'num_sab_layers': 2, 'num_inducing_points': 16}. Best is trial 10 with value: 0.8809355817804262.
Training samples: 1218 | Validation samples: 210
[I 2026-04-28 11:17:50,424] Trial 11 pruned. Pruned at stage=stage1, task=store_dept, fold=0, epoch=8
Training samples: 3248 | Validation samples: 210
Training samples: 1392 | Validation samples: 90
Training samples: 975 | Validation samples: 63
Training samples: 3248 | Validation samples: 210
Training samples: 1392 | Validation samples: 90
Training samples: 975 | Validation samples: 63
Training samples: 3248 | Validation samples: 210
Training samples: 1392 | Validation samples: 90
Early stopping at epoch 13
Training samples: 975 | Validation samples: 63
Training samples: 3248 | Validation samples: 210
Training samples: 1392 | Validation samples: 90
Training samples: 975 | Validation samples: 63
Training samples: 4060 | Validation samples: 210
Early stopping at epoch 20
Training samples: 1740 | Validation samples: 90
Training samples: 1218 | Validation samples: 63
Early stopping at epoch 32
Multistage tuning summary:
{'stage1_trials_csv': '/root/autodl-tmp/m5/work/100pct/01_tuning/SetTransformer/stage1_trials.csv', 'stage2_confirmation_csv': '/root/autodl-tmp/m5/work/100pct/01_tuning/SetTransformer/stage2_confirmation.csv', 'best_params_json': '/root/autodl-tmp/m5/work/100pct/01_tuning/SetTransformer/best_params.json', 'best_params': {'model_name': 'SetTransformer', 'hidden_dim': 128, 'dropout': 0.02676563915781212, 'lr': 0.00017104518344723048, 'weight_decay': 3.0089668225756894e-06, 'batch_size': 4, 'cnn_num_blocks': 2, 'cnn_kernel_size': 5, 'num_heads': 4, 'num_sab_layers': 2, 'num_seeds': 1, 'num_inducing_points': 16, 'search_profile': 'full100', 'store_sku_sample_frac': 1.0, 'recent_window': 14, 'lag_windows': [7, 14, 28, 56], 'stat_windows': [7, 28, 56], 'epochs': 32, 'patience': 8, 'use_permreg': False, 'stage1_objective': 0.8879868267990175, 'stage2_objective': 0.8138433780010099, 'trial_number': 0}, 'final_retrain_results_csv': '/root/autodl-tmp/m5/work/100pct/01_tuning/SetTransformer/final_retrain_results.csv', 'final_mean_metric': 0.6939547923485782}
=== Phase 3: Ablation + Benchmark + Proposed + Stats + Tables ===

$ /root/miniconda3/bin/python /root/autodl-tmp/m5/scripts/run_m5_ablation.py --data-dir /root/autodl-tmp/m5/data --output-dir /root/autodl-tmp/m5/work/100pct/02_ablation --mode holdout --tasks store_dept,store_cat,state_dept --recent-window 14 --lag-windows 7,14,28,56 --stat-windows 7,28,56 --params-json /root/autodl-tmp/m5/work/100pct/01_tuning/M3_FullSkuTemporalCNN/best_params.json --quantiles 0.005,0.025,0.165,0.25,0.5,0.75,0.835,0.975,0.995 --epochs 24 --patience 6 --t-hist 56 --horizon 28 --valid-size 4 --test-size 4 --internal-valid-size 3 --gap 0 --min-train-origins 20 --min-final-train-origins 20 --sku-universe-mode history --store-sku-sample-frac 1.0 --store-sku-sample-seed 42 --cache-dir /root/autodl-tmp/m5/cache/100pct
Using cache directory: /root/autodl-tmp/m5/cache/100pct
Building/loading cached experiment artifacts...
[M5-PREP] Loading cached task package for task=store_dept...
[M5-PREP] Loaded cached task package for task=store_dept | stage 00:01 | total 00:01
[M5-PREP] Loading cached samples: task=store_dept split=final_train_samples...
[M5-PREP] Loaded cached samples: task=store_dept split=final_train_samples n=4060 | stage 00:03 | total 00:03
[M5-PREP] Loading cached samples: task=store_dept split=internal_valid_samples...
[M5-PREP] Loaded cached samples: task=store_dept split=internal_valid_samples n=210 | stage 00:00 | total 00:00
[M5-PREP] Loading cached samples: task=store_dept split=test_samples...
[M5-PREP] Loaded cached samples: task=store_dept split=test_samples n=280 | stage 00:00 | total 00:00
[M5-PREP] Loading cached task package for task=store_cat...
[M5-PREP] Loaded cached task package for task=store_cat | stage 00:01 | total 00:01
[M5-PREP] Loading cached samples: task=store_cat split=final_train_samples...
[M5-PREP] Loaded cached samples: task=store_cat split=final_train_samples n=1740 | stage 00:03 | total 00:03
[M5-PREP] Loading cached samples: task=store_cat split=internal_valid_samples...
[M5-PREP] Loaded cached samples: task=store_cat split=internal_valid_samples n=90 | stage 00:00 | total 00:00
[M5-PREP] Loading cached samples: task=store_cat split=test_samples...
[M5-PREP] Loaded cached samples: task=store_cat split=test_samples n=120 | stage 00:00 | total 00:00
[M5-PREP] Loading cached task package for task=state_dept...
[M5-PREP] Loaded cached task package for task=state_dept | stage 00:01 | total 00:01
[M5-PREP] Loading cached samples: task=state_dept split=final_train_samples...
[M5-PREP] Loaded cached samples: task=state_dept split=final_train_samples n=1218 | stage 00:03 | total 00:03
[M5-PREP] Loading cached samples: task=state_dept split=internal_valid_samples...
[M5-PREP] Loaded cached samples: task=state_dept split=internal_valid_samples n=63 | stage 00:00 | total 00:00
[M5-PREP] Loading cached samples: task=state_dept split=test_samples...
[M5-PREP] Loaded cached samples: task=state_dept split=test_samples n=84 | stage 00:00 | total 00:00

=== Ablation task: store_dept ===
[Ablation] Task=store_dept Holdout Model=M0_AggHistOnly Metric=point
Training samples: 4060 | Validation samples: 210
[Epoch 001] train=0.105598 valid=0.095373 lr=0.000476077 time=8.1s
[Epoch 002] train=0.074468 valid=0.063923 lr=0.000476077 time=8.2s
[Epoch 003] train=0.068695 valid=0.062830 lr=0.000476077 time=9.0s
[Epoch 004] train=0.067346 valid=0.077254 lr=0.000476077 time=9.1s
[Epoch 005] train=0.065448 valid=0.069260 lr=0.000476077 time=9.1s
[Epoch 006] train=0.062656 valid=0.063494 lr=0.000238039 time=9.0s
[Epoch 007] train=0.054523 valid=0.071330 lr=0.000238039 time=9.0s
[Epoch 008] train=0.053323 valid=0.060911 lr=0.000238039 time=8.8s
[Epoch 009] train=0.051897 valid=0.062640 lr=0.000238039 time=9.3s
[Epoch 010] train=0.051777 valid=0.058305 lr=0.000238039 time=9.1s
[Epoch 011] train=0.050325 valid=0.055460 lr=0.000238039 time=9.0s
[Epoch 012] train=0.051729 valid=0.060031 lr=0.000238039 time=9.1s
[Epoch 013] train=0.050582 valid=0.056849 lr=0.000238039 time=9.1s
[Epoch 014] train=0.053066 valid=0.059348 lr=0.000119019 time=9.1s
[Epoch 015] train=0.047151 valid=0.056401 lr=0.000119019 time=9.0s
[Epoch 016] train=0.044733 valid=0.054404 lr=0.000119019 time=8.9s
[Epoch 017] train=0.044212 valid=0.053068 lr=0.000119019 time=8.6s
[Epoch 018] train=0.044148 valid=0.056357 lr=0.000119019 time=8.5s
[Epoch 019] train=0.044517 valid=0.054248 lr=0.000119019 time=8.7s
[Epoch 020] train=0.045057 valid=0.055112 lr=5.95096e-05 time=8.1s
[Epoch 021] train=0.041675 valid=0.054427 lr=5.95096e-05 time=8.6s
[Epoch 022] train=0.041126 valid=0.056173 lr=5.95096e-05 time=7.8s
[Epoch 023] train=0.041785 valid=0.053846 lr=2.97548e-05 time=8.8s
[Epoch 024] train=0.039918 valid=0.053777 lr=2.97548e-05 time=8.9s
[Epoch 025] train=0.040549 valid=0.053959 lr=2.97548e-05 time=8.8s
Early stopping at epoch 25
[Ablation] Task=store_dept Holdout Model=M0_AggHistOnly Metric=quantile
Training samples: 4060 | Validation samples: 210
[Epoch 001] train=0.044532 valid=0.037283 lr=0.000476077 time=9.5s
[Epoch 002] train=0.035098 valid=0.036567 lr=0.000476077 time=9.0s
[Epoch 003] train=0.033381 valid=0.039345 lr=0.000476077 time=8.6s
[Epoch 004] train=0.033162 valid=0.042174 lr=0.000476077 time=8.9s
[Epoch 005] train=0.032188 valid=0.037182 lr=0.000238039 time=8.3s
[Epoch 006] train=0.030543 valid=0.034002 lr=0.000238039 time=9.0s
[Epoch 007] train=0.030167 valid=0.033714 lr=0.000238039 time=8.4s
[Epoch 008] train=0.029974 valid=0.033231 lr=0.000238039 time=9.1s
[Epoch 009] train=0.029759 valid=0.034606 lr=0.000238039 time=9.1s
[Epoch 010] train=0.029569 valid=0.033867 lr=0.000238039 time=9.3s
[Epoch 011] train=0.029264 valid=0.032545 lr=0.000238039 time=9.2s
[Epoch 012] train=0.029199 valid=0.033453 lr=0.000238039 time=9.1s
[Epoch 013] train=0.029108 valid=0.033021 lr=0.000238039 time=9.0s
[Epoch 014] train=0.029126 valid=0.032451 lr=0.000238039 time=9.0s
[Epoch 015] train=0.028707 valid=0.034053 lr=0.000238039 time=8.8s
[Epoch 016] train=0.028622 valid=0.033802 lr=0.000238039 time=8.2s
[Epoch 017] train=0.028331 valid=0.032964 lr=0.000119019 time=8.9s
[Epoch 018] train=0.027246 valid=0.032636 lr=0.000119019 time=8.5s
[Epoch 019] train=0.027306 valid=0.032174 lr=0.000119019 time=9.0s
[Epoch 020] train=0.027150 valid=0.034872 lr=0.000119019 time=8.4s
[Epoch 021] train=0.026939 valid=0.034239 lr=0.000119019 time=8.1s
[Epoch 022] train=0.027245 valid=0.032950 lr=5.95096e-05 time=8.8s
[Epoch 023] train=0.026346 valid=0.033884 lr=5.95096e-05 time=8.5s
[Epoch 024] train=0.026368 valid=0.031796 lr=5.95096e-05 time=8.8s
[Epoch 025] train=0.026264 valid=0.033165 lr=5.95096e-05 time=8.7s
[Epoch 026] train=0.026148 valid=0.031885 lr=5.95096e-05 time=8.8s
[Epoch 027] train=0.026144 valid=0.032963 lr=2.97548e-05 time=8.0s
[Epoch 028] train=0.025790 valid=0.031698 lr=2.97548e-05 time=9.0s
[Epoch 029] train=0.025844 valid=0.031698 lr=2.97548e-05 time=9.4s
[Epoch 030] train=0.025840 valid=0.031693 lr=2.97548e-05 time=9.3s
[Epoch 031] train=0.025790 valid=0.032619 lr=2.97548e-05 time=8.9s
[Epoch 032] train=0.025756 valid=0.031874 lr=2.97548e-05 time=8.8s
[Ablation] Task=store_dept Holdout Model=M1_AggHistFutureSummary Metric=point
Training samples: 4060 | Validation samples: 210
[Epoch 001] train=0.124642 valid=0.066841 lr=0.000476077 time=9.7s
[Epoch 002] train=0.074316 valid=0.075725 lr=0.000476077 time=10.0s
[Epoch 003] train=0.068648 valid=0.071060 lr=0.000476077 time=10.0s
[Epoch 004] train=0.067924 valid=0.061822 lr=0.000476077 time=9.8s
[Epoch 005] train=0.062511 valid=0.060555 lr=0.000476077 time=9.6s
[Epoch 006] train=0.062156 valid=0.060347 lr=0.000476077 time=9.8s
[Epoch 007] train=0.061335 valid=0.060706 lr=0.000476077 time=9.7s
[Epoch 008] train=0.060910 valid=0.060954 lr=0.000476077 time=9.7s
[Epoch 009] train=0.058275 valid=0.060987 lr=0.000238039 time=9.6s
[Epoch 010] train=0.053340 valid=0.060237 lr=0.000238039 time=9.8s
[Epoch 011] train=0.052009 valid=0.063279 lr=0.000238039 time=9.8s
[Epoch 012] train=0.052500 valid=0.055861 lr=0.000238039 time=9.6s
[Epoch 013] train=0.049726 valid=0.053540 lr=0.000238039 time=9.7s
[Epoch 014] train=0.049156 valid=0.054840 lr=0.000238039 time=9.9s
[Epoch 015] train=0.050854 valid=0.053774 lr=0.000238039 time=9.8s
[Epoch 016] train=0.050036 valid=0.057530 lr=0.000119019 time=9.3s
[Epoch 017] train=0.045696 valid=0.055251 lr=0.000119019 time=9.1s
[Epoch 018] train=0.044132 valid=0.054467 lr=0.000119019 time=9.4s
[Epoch 019] train=0.044584 valid=0.056461 lr=5.95096e-05 time=9.1s
[Epoch 020] train=0.042867 valid=0.054835 lr=5.95096e-05 time=9.6s
[Epoch 021] train=0.041389 valid=0.053192 lr=5.95096e-05 time=9.8s
[Epoch 022] train=0.041952 valid=0.054758 lr=5.95096e-05 time=9.7s
[Epoch 023] train=0.041343 valid=0.053530 lr=5.95096e-05 time=9.6s
[Epoch 024] train=0.041920 valid=0.055046 lr=2.97548e-05 time=9.6s
[Epoch 025] train=0.041264 valid=0.053687 lr=2.97548e-05 time=9.8s
[Epoch 026] train=0.040974 valid=0.053441 lr=2.97548e-05 time=9.9s
[Epoch 027] train=0.040529 valid=0.053031 lr=2.97548e-05 time=9.8s
[Epoch 028] train=0.040387 valid=0.053784 lr=2.97548e-05 time=9.6s
[Epoch 029] train=0.040400 valid=0.053774 lr=2.97548e-05 time=9.5s
[Epoch 030] train=0.040590 valid=0.054041 lr=1.48774e-05 time=9.4s
[Epoch 031] train=0.040383 valid=0.053898 lr=1.48774e-05 time=9.6s
[Epoch 032] train=0.040333 valid=0.054085 lr=1.48774e-05 time=9.7s
[Ablation] Task=store_dept Holdout Model=M1_AggHistFutureSummary Metric=quantile
Training samples: 4060 | Validation samples: 210
[Epoch 001] train=0.046634 valid=0.038256 lr=0.000476077 time=10.1s
[Epoch 002] train=0.035761 valid=0.039216 lr=0.000476077 time=10.0s
[Epoch 003] train=0.034293 valid=0.036393 lr=0.000476077 time=10.0s
[Epoch 004] train=0.032976 valid=0.036278 lr=0.000476077 time=10.0s
[Epoch 005] train=0.032234 valid=0.036050 lr=0.000476077 time=9.8s
[Epoch 006] train=0.031869 valid=0.035022 lr=0.000476077 time=9.7s
[Epoch 007] train=0.031562 valid=0.034300 lr=0.000476077 time=9.9s
[Epoch 008] train=0.031515 valid=0.035176 lr=0.000476077 time=9.9s
[Epoch 009] train=0.031308 valid=0.035647 lr=0.000476077 time=9.9s
[Epoch 010] train=0.030914 valid=0.033806 lr=0.000476077 time=9.8s
[Epoch 011] train=0.031229 valid=0.043381 lr=0.000476077 time=9.7s
[Epoch 012] train=0.030389 valid=0.033785 lr=0.000476077 time=9.9s
[Epoch 013] train=0.030139 valid=0.033535 lr=0.000476077 time=9.9s
[Epoch 014] train=0.030025 valid=0.035153 lr=0.000476077 time=10.0s
[Epoch 015] train=0.030213 valid=0.033279 lr=0.000476077 time=9.5s
[Epoch 016] train=0.030011 valid=0.035705 lr=0.000476077 time=9.6s
[Epoch 017] train=0.030023 valid=0.032928 lr=0.000476077 time=9.7s
[Epoch 018] train=0.029757 valid=0.033413 lr=0.000476077 time=9.9s
[Epoch 019] train=0.029337 valid=0.035131 lr=0.000476077 time=9.8s
[Epoch 020] train=0.029129 valid=0.033636 lr=0.000238039 time=9.7s
[Epoch 021] train=0.027493 valid=0.031872 lr=0.000238039 time=9.7s
[Epoch 022] train=0.027399 valid=0.032341 lr=0.000238039 time=10.0s
[Epoch 023] train=0.027225 valid=0.032666 lr=0.000238039 time=9.8s
[Epoch 024] train=0.027122 valid=0.031789 lr=0.000238039 time=9.5s
[Epoch 025] train=0.027203 valid=0.033645 lr=0.000238039 time=9.3s
[Epoch 026] train=0.027030 valid=0.032098 lr=0.000238039 time=9.7s
[Epoch 027] train=0.027043 valid=0.031932 lr=0.000119019 time=9.6s
[Epoch 028] train=0.026189 valid=0.031723 lr=0.000119019 time=9.9s
[Epoch 029] train=0.026085 valid=0.032433 lr=0.000119019 time=9.7s
[Epoch 030] train=0.026117 valid=0.032443 lr=0.000119019 time=9.8s
[Epoch 031] train=0.026095 valid=0.032412 lr=5.95096e-05 time=9.8s
[Epoch 032] train=0.025599 valid=0.031905 lr=5.95096e-05 time=9.4s
[Ablation] Task=store_dept Holdout Model=M3_FullSkuTemporalCNN Metric=point
Training samples: 4060 | Validation samples: 210
[Epoch 001] train=0.121242 valid=0.099882 lr=0.000476077 time=15.3s
[Epoch 002] train=0.066518 valid=0.099201 lr=0.000476077 time=15.3s
[Epoch 003] train=0.056593 valid=0.050595 lr=0.000476077 time=15.3s
[Epoch 004] train=0.052064 valid=0.048635 lr=0.000476077 time=15.4s
[Epoch 005] train=0.046603 valid=0.051797 lr=0.000476077 time=15.4s
[Epoch 006] train=0.043031 valid=0.047727 lr=0.000476077 time=15.4s
[Epoch 007] train=0.044407 valid=0.067598 lr=0.000476077 time=16.4s
[Epoch 008] train=0.042081 valid=0.061553 lr=0.000476077 time=15.5s
[Epoch 009] train=0.039445 valid=0.052110 lr=0.000238039 time=15.6s
[Epoch 010] train=0.031999 valid=0.043856 lr=0.000238039 time=15.2s
[Epoch 011] train=0.032343 valid=0.043018 lr=0.000238039 time=15.2s
[Epoch 012] train=0.030580 valid=0.044431 lr=0.000238039 time=15.3s
[Epoch 013] train=0.030596 valid=0.044489 lr=0.000238039 time=15.4s
[Epoch 014] train=0.029917 valid=0.049662 lr=0.000119019 time=15.8s
[Epoch 015] train=0.025278 valid=0.041841 lr=0.000119019 time=15.6s
[Epoch 016] train=0.026015 valid=0.042289 lr=0.000119019 time=15.8s
[Epoch 017] train=0.025331 valid=0.040921 lr=0.000119019 time=15.4s
[Epoch 018] train=0.025535 valid=0.042568 lr=0.000119019 time=15.7s
[Epoch 019] train=0.024782 valid=0.040453 lr=0.000119019 time=17.4s
[Epoch 020] train=0.024498 valid=0.043791 lr=0.000119019 time=15.8s
[Epoch 021] train=0.025032 valid=0.048274 lr=0.000119019 time=16.4s
[Epoch 022] train=0.023297 valid=0.042078 lr=5.95096e-05 time=15.4s
[Epoch 023] train=0.022332 valid=0.042044 lr=5.95096e-05 time=15.4s
[Epoch 024] train=0.021666 valid=0.041624 lr=5.95096e-05 time=15.3s
[Epoch 025] train=0.021871 valid=0.041329 lr=2.97548e-05 time=15.2s
[Epoch 026] train=0.021133 valid=0.043074 lr=2.97548e-05 time=15.4s
[Epoch 027] train=0.020969 valid=0.042541 lr=2.97548e-05 time=15.5s
Early stopping at epoch 27
[Ablation] Task=store_dept Holdout Model=M3_FullSkuTemporalCNN Metric=quantile
Training samples: 4060 | Validation samples: 210
[Epoch 001] train=0.044469 valid=0.038202 lr=0.000476077 time=16.2s
[Epoch 002] train=0.034494 valid=0.033694 lr=0.000476077 time=16.2s
[Epoch 003] train=0.031256 valid=0.034553 lr=0.000476077 time=16.1s
[Epoch 004] train=0.030905 valid=0.036727 lr=0.000476077 time=16.1s
[Epoch 005] train=0.029191 valid=0.032585 lr=0.000476077 time=16.5s
[Epoch 006] train=0.028946 valid=0.036144 lr=0.000476077 time=16.5s
[Epoch 007] train=0.028279 valid=0.034501 lr=0.000476077 time=16.2s
[Epoch 008] train=0.027682 valid=0.030864 lr=0.000476077 time=16.2s
[Epoch 009] train=0.026865 valid=0.039891 lr=0.000476077 time=16.1s
[Epoch 010] train=0.026243 valid=0.030462 lr=0.000476077 time=16.3s
[Epoch 011] train=0.026182 valid=0.030460 lr=0.000476077 time=16.1s
[Epoch 012] train=0.025738 valid=0.031652 lr=0.000476077 time=16.2s
[Epoch 013] train=0.025465 valid=0.029186 lr=0.000476077 time=16.3s
[Epoch 014] train=0.024755 valid=0.031052 lr=0.000476077 time=16.1s
[Epoch 015] train=0.024878 valid=0.035809 lr=0.000476077 time=16.0s
[Epoch 016] train=0.025089 valid=0.029950 lr=0.000238039 time=15.8s
[Epoch 017] train=0.022917 valid=0.027910 lr=0.000238039 time=16.1s
[Epoch 018] train=0.022577 valid=0.028926 lr=0.000238039 time=16.3s
[Epoch 019] train=0.022193 valid=0.028351 lr=0.000238039 time=16.2s
[Epoch 020] train=0.022099 valid=0.028550 lr=0.000119019 time=16.3s
[Epoch 021] train=0.021163 valid=0.029386 lr=0.000119019 time=16.3s
[Epoch 022] train=0.021061 valid=0.027973 lr=0.000119019 time=16.3s
[Epoch 023] train=0.020915 valid=0.029840 lr=5.95096e-05 time=16.2s
[Epoch 024] train=0.020473 valid=0.029041 lr=5.95096e-05 time=16.2s
[Epoch 025] train=0.020250 valid=0.029224 lr=5.95096e-05 time=16.5s
Early stopping at epoch 25

=== Ablation task: store_cat ===
[Ablation] Task=store_cat Holdout Model=M0_AggHistOnly Metric=point
Training samples: 1740 | Validation samples: 90
[Epoch 001] train=0.135431 valid=0.135715 lr=0.000476077 time=7.5s
[Epoch 002] train=0.090147 valid=0.093408 lr=0.000476077 time=6.9s
[Epoch 003] train=0.080491 valid=0.086437 lr=0.000476077 time=6.7s
[Epoch 004] train=0.073043 valid=0.090186 lr=0.000476077 time=7.1s
[Epoch 005] train=0.069544 valid=0.093502 lr=0.000476077 time=7.0s
[Epoch 006] train=0.069305 valid=0.086016 lr=0.000476077 time=7.0s
[Epoch 007] train=0.067912 valid=0.083309 lr=0.000476077 time=8.0s
[Epoch 008] train=0.065349 valid=0.095199 lr=0.000476077 time=7.6s
[Epoch 009] train=0.064493 valid=0.080081 lr=0.000476077 time=7.9s
[Epoch 010] train=0.061469 valid=0.099532 lr=0.000476077 time=7.6s
[Epoch 011] train=0.062474 valid=0.077182 lr=0.000476077 time=7.7s
[Epoch 012] train=0.062730 valid=0.097282 lr=0.000476077 time=7.8s
[Epoch 013] train=0.057900 valid=0.076223 lr=0.000476077 time=8.1s
[Epoch 014] train=0.061443 valid=0.089563 lr=0.000476077 time=8.2s
[Epoch 015] train=0.059094 valid=0.075735 lr=0.000476077 time=8.0s
[Epoch 016] train=0.056361 valid=0.086631 lr=0.000476077 time=7.9s
[Epoch 017] train=0.060840 valid=0.084349 lr=0.000476077 time=7.7s
[Epoch 018] train=0.056451 valid=0.073955 lr=0.000476077 time=7.5s
[Epoch 019] train=0.058602 valid=0.080016 lr=0.000476077 time=7.2s
[Epoch 020] train=0.059345 valid=0.074679 lr=0.000476077 time=7.4s
[Epoch 021] train=0.054658 valid=0.072060 lr=0.000476077 time=7.8s
[Epoch 022] train=0.057967 valid=0.076062 lr=0.000476077 time=7.9s
[Epoch 023] train=0.055893 valid=0.074657 lr=0.000476077 time=7.8s
[Epoch 024] train=0.055278 valid=0.069857 lr=0.000476077 time=7.8s
[Epoch 025] train=0.052825 valid=0.080411 lr=0.000476077 time=7.7s
[Epoch 026] train=0.055325 valid=0.084730 lr=0.000476077 time=7.7s
[Epoch 027] train=0.052807 valid=0.075587 lr=0.000238039 time=8.0s
[Epoch 028] train=0.048867 valid=0.072592 lr=0.000238039 time=8.4s
[Epoch 029] train=0.046856 valid=0.070437 lr=0.000238039 time=8.4s
[Epoch 030] train=0.046831 valid=0.072292 lr=0.000119019 time=8.1s
[Epoch 031] train=0.044023 valid=0.069200 lr=0.000119019 time=7.7s
[Epoch 032] train=0.043502 valid=0.069999 lr=0.000119019 time=7.5s
[Ablation] Task=store_cat Holdout Model=M0_AggHistOnly Metric=quantile
Training samples: 1740 | Validation samples: 90
[Epoch 001] train=0.064393 valid=0.048230 lr=0.000476077 time=7.9s
[Epoch 002] train=0.042818 valid=0.045015 lr=0.000476077 time=8.1s
[Epoch 003] train=0.040418 valid=0.044465 lr=0.000476077 time=8.0s
[Epoch 004] train=0.039284 valid=0.046228 lr=0.000476077 time=7.9s
[Epoch 005] train=0.038741 valid=0.043177 lr=0.000476077 time=7.9s
[Epoch 006] train=0.037960 valid=0.041308 lr=0.000476077 time=8.3s
[Epoch 007] train=0.038361 valid=0.040574 lr=0.000476077 time=8.2s
[Epoch 008] train=0.037570 valid=0.041561 lr=0.000476077 time=9.0s
[Epoch 009] train=0.036948 valid=0.040684 lr=0.000476077 time=8.8s
[Epoch 010] train=0.037525 valid=0.040710 lr=0.000238039 time=8.4s
[Epoch 011] train=0.034906 valid=0.040006 lr=0.000238039 time=8.2s
[Epoch 012] train=0.034468 valid=0.042766 lr=0.000238039 time=8.1s
[Epoch 013] train=0.034178 valid=0.039336 lr=0.000238039 time=7.9s
[Epoch 014] train=0.034362 valid=0.040245 lr=0.000238039 time=8.1s
[Epoch 015] train=0.033958 valid=0.038708 lr=0.000238039 time=8.1s
[Epoch 016] train=0.033708 valid=0.039138 lr=0.000238039 time=8.0s
[Epoch 017] train=0.033711 valid=0.039622 lr=0.000238039 time=8.0s
[Epoch 018] train=0.033465 valid=0.038903 lr=0.000119019 time=7.8s
[Epoch 019] train=0.032246 valid=0.038369 lr=0.000119019 time=7.9s
[Epoch 020] train=0.031885 valid=0.038683 lr=0.000119019 time=8.2s
[Epoch 021] train=0.031878 valid=0.038822 lr=0.000119019 time=8.2s
[Epoch 022] train=0.031484 valid=0.037785 lr=0.000119019 time=8.0s
[Epoch 023] train=0.031574 valid=0.039367 lr=0.000119019 time=7.5s
[Epoch 024] train=0.031451 valid=0.039622 lr=0.000119019 time=7.5s
[Epoch 025] train=0.031717 valid=0.037813 lr=5.95096e-05 time=7.5s
[Epoch 026] train=0.030841 valid=0.037442 lr=5.95096e-05 time=7.4s
[Epoch 027] train=0.030615 valid=0.037801 lr=5.95096e-05 time=7.7s
[Epoch 028] train=0.030584 valid=0.037758 lr=5.95096e-05 time=8.1s
[Epoch 029] train=0.030467 valid=0.037324 lr=5.95096e-05 time=7.9s
[Epoch 030] train=0.030551 valid=0.037569 lr=5.95096e-05 time=7.8s
[Epoch 031] train=0.030378 valid=0.037699 lr=5.95096e-05 time=7.8s
[Epoch 032] train=0.030340 valid=0.037246 lr=5.95096e-05 time=8.1s
[Ablation] Task=store_cat Holdout Model=M1_AggHistFutureSummary Metric=point
Training samples: 1740 | Validation samples: 90
[Epoch 001] train=0.235198 valid=0.109570 lr=0.000476077 time=8.6s
[Epoch 002] train=0.086123 valid=0.232730 lr=0.000476077 time=9.5s
[Epoch 003] train=0.077988 valid=0.087142 lr=0.000476077 time=9.2s
[Epoch 004] train=0.077013 valid=0.088486 lr=0.000476077 time=9.6s
[Epoch 005] train=0.073033 valid=0.178389 lr=0.000476077 time=8.7s
[Epoch 006] train=0.068193 valid=0.085470 lr=0.000476077 time=8.4s
[Epoch 007] train=0.071389 valid=0.083831 lr=0.000476077 time=8.3s
[Epoch 008] train=0.068353 valid=0.085112 lr=0.000476077 time=8.2s
[Epoch 009] train=0.062968 valid=0.084072 lr=0.000476077 time=8.0s
[Epoch 010] train=0.064423 valid=0.088154 lr=0.000238039 time=8.0s
[Epoch 011] train=0.055191 valid=0.076890 lr=0.000238039 time=8.3s
[Epoch 012] train=0.054184 valid=0.075204 lr=0.000238039 time=8.5s
[Epoch 013] train=0.052803 valid=0.073788 lr=0.000238039 time=9.5s
[Epoch 014] train=0.052446 valid=0.070580 lr=0.000238039 time=8.4s
[Epoch 015] train=0.053704 valid=0.073058 lr=0.000238039 time=8.5s
[Epoch 016] train=0.053001 valid=0.070837 lr=0.000238039 time=8.4s
[Epoch 017] train=0.051776 valid=0.077402 lr=0.000119019 time=8.2s
[Epoch 018] train=0.048833 valid=0.073907 lr=0.000119019 time=9.3s
[Epoch 019] train=0.046653 valid=0.070007 lr=0.000119019 time=9.0s
[Epoch 020] train=0.047197 valid=0.070614 lr=0.000119019 time=8.9s
[Epoch 021] train=0.046494 valid=0.072792 lr=0.000119019 time=8.4s
[Epoch 022] train=0.046492 valid=0.069997 lr=0.000119019 time=8.9s
[Epoch 023] train=0.046256 valid=0.073823 lr=0.000119019 time=8.7s
[Epoch 024] train=0.045084 valid=0.074449 lr=0.000119019 time=8.8s
[Epoch 025] train=0.045132 valid=0.070324 lr=5.95096e-05 time=8.6s
[Epoch 026] train=0.043970 valid=0.069303 lr=5.95096e-05 time=8.0s
[Epoch 027] train=0.043857 valid=0.069021 lr=5.95096e-05 time=8.0s
[Epoch 028] train=0.043183 valid=0.070787 lr=5.95096e-05 time=8.7s
[Epoch 029] train=0.043337 valid=0.070687 lr=5.95096e-05 time=8.4s
[Epoch 030] train=0.043003 valid=0.068253 lr=5.95096e-05 time=8.2s
[Epoch 031] train=0.043927 valid=0.069842 lr=5.95096e-05 time=8.1s
[Epoch 032] train=0.043753 valid=0.070469 lr=5.95096e-05 time=8.3s
[Ablation] Task=store_cat Holdout Model=M1_AggHistFutureSummary Metric=quantile
Training samples: 1740 | Validation samples: 90
[Epoch 001] train=0.073449 valid=0.052930 lr=0.000476077 time=8.8s
[Epoch 002] train=0.045960 valid=0.048494 lr=0.000476077 time=9.5s
[Epoch 003] train=0.041925 valid=0.048066 lr=0.000476077 time=9.2s
[Epoch 004] train=0.040142 valid=0.042521 lr=0.000476077 time=8.9s
[Epoch 005] train=0.039429 valid=0.042218 lr=0.000476077 time=8.4s
[Epoch 006] train=0.038363 valid=0.043796 lr=0.000476077 time=8.6s
[Epoch 007] train=0.037767 valid=0.041148 lr=0.000476077 time=8.1s
[Epoch 008] train=0.036929 valid=0.040978 lr=0.000476077 time=8.0s
[Epoch 009] train=0.037441 valid=0.042226 lr=0.000476077 time=7.9s
[Epoch 010] train=0.037048 valid=0.041335 lr=0.000476077 time=8.0s
[Epoch 011] train=0.036275 valid=0.041377 lr=0.000238039 time=8.7s
[Epoch 012] train=0.034565 valid=0.040154 lr=0.000238039 time=8.4s
[Epoch 013] train=0.034780 valid=0.041435 lr=0.000238039 time=8.5s
[Epoch 014] train=0.034191 valid=0.039777 lr=0.000238039 time=8.5s
[Epoch 015] train=0.034048 valid=0.039987 lr=0.000238039 time=8.4s
[Epoch 016] train=0.033900 valid=0.039031 lr=0.000238039 time=8.3s
[Epoch 017] train=0.033528 valid=0.038880 lr=0.000238039 time=8.3s
[Epoch 018] train=0.033803 valid=0.038891 lr=0.000238039 time=8.3s
[Epoch 019] train=0.033883 valid=0.040854 lr=0.000238039 time=8.4s
[Epoch 020] train=0.033332 valid=0.039874 lr=0.000119019 time=8.3s
[Epoch 021] train=0.032019 valid=0.038430 lr=0.000119019 time=7.9s
[Epoch 022] train=0.031889 valid=0.038090 lr=0.000119019 time=8.3s
[Epoch 023] train=0.031766 valid=0.038569 lr=0.000119019 time=8.4s
[Epoch 024] train=0.031602 valid=0.038048 lr=0.000119019 time=8.3s
[Epoch 025] train=0.031633 valid=0.037751 lr=0.000119019 time=8.2s
[Epoch 026] train=0.031598 valid=0.037964 lr=0.000119019 time=8.9s
[Epoch 027] train=0.031355 valid=0.037979 lr=0.000119019 time=8.6s
[Epoch 028] train=0.031106 valid=0.037529 lr=0.000119019 time=9.9s
[Epoch 029] train=0.031131 valid=0.037513 lr=0.000119019 time=8.8s
[Epoch 030] train=0.030812 valid=0.038215 lr=0.000119019 time=8.9s
[Epoch 031] train=0.030970 valid=0.037951 lr=0.000119019 time=8.4s
[Epoch 032] train=0.030586 valid=0.038690 lr=5.95096e-05 time=8.1s
[Ablation] Task=store_cat Holdout Model=M3_FullSkuTemporalCNN Metric=point
Training samples: 1740 | Validation samples: 90
[Epoch 001] train=0.166334 valid=0.096094 lr=0.000476077 time=14.7s
[Epoch 002] train=0.072169 valid=0.063389 lr=0.000476077 time=15.6s
[Epoch 003] train=0.063908 valid=0.110658 lr=0.000476077 time=15.1s
[Epoch 004] train=0.053128 valid=0.071072 lr=0.000476077 time=15.5s
[Epoch 005] train=0.054504 valid=0.052840 lr=0.000476077 time=14.9s
[Epoch 006] train=0.047878 valid=0.056519 lr=0.000476077 time=14.9s
[Epoch 007] train=0.044529 valid=0.058707 lr=0.000476077 time=14.8s
[Epoch 008] train=0.045028 valid=0.078631 lr=0.000238039 time=14.8s
[Epoch 009] train=0.035260 valid=0.063146 lr=0.000238039 time=14.9s
[Epoch 010] train=0.034914 valid=0.060363 lr=0.000238039 time=15.1s
[Epoch 011] train=0.034334 valid=0.065789 lr=0.000119019 time=15.0s
[Epoch 012] train=0.030293 valid=0.053779 lr=0.000119019 time=14.9s
[Epoch 013] train=0.029031 valid=0.055042 lr=0.000119019 time=14.9s
Early stopping at epoch 13
[Ablation] Task=store_cat Holdout Model=M3_FullSkuTemporalCNN Metric=quantile
Training samples: 1740 | Validation samples: 90
[Epoch 001] train=0.064451 valid=0.040097 lr=0.000476077 time=15.6s
[Epoch 002] train=0.040009 valid=0.042285 lr=0.000476077 time=15.5s
[Epoch 003] train=0.038264 valid=0.040007 lr=0.000476077 time=15.8s
[Epoch 004] train=0.034362 valid=0.036339 lr=0.000476077 time=15.8s
[Epoch 005] train=0.034582 valid=0.036754 lr=0.000476077 time=15.7s
[Epoch 006] train=0.033831 valid=0.039773 lr=0.000476077 time=15.7s
[Epoch 007] train=0.033309 valid=0.036848 lr=0.000238039 time=16.3s
[Epoch 008] train=0.029463 valid=0.035467 lr=0.000238039 time=17.1s
[Epoch 009] train=0.029049 valid=0.038294 lr=0.000238039 time=16.7s
[Epoch 010] train=0.028750 valid=0.035815 lr=0.000238039 time=15.8s
[Epoch 011] train=0.028615 valid=0.039578 lr=0.000119019 time=15.1s
[Epoch 012] train=0.027166 valid=0.037997 lr=0.000119019 time=15.1s
[Epoch 013] train=0.026887 valid=0.036623 lr=0.000119019 time=15.1s
[Epoch 014] train=0.026765 valid=0.035698 lr=5.95096e-05 time=15.1s
[Epoch 015] train=0.025741 valid=0.035403 lr=5.95096e-05 time=15.1s
[Epoch 016] train=0.025591 valid=0.036635 lr=5.95096e-05 time=15.2s
[Epoch 017] train=0.025425 valid=0.036913 lr=5.95096e-05 time=15.3s
[Epoch 018] train=0.025291 valid=0.035404 lr=2.97548e-05 time=15.1s
[Epoch 019] train=0.024774 valid=0.035939 lr=2.97548e-05 time=15.1s
[Epoch 020] train=0.024772 valid=0.035748 lr=2.97548e-05 time=15.0s
[Epoch 021] train=0.024563 valid=0.036490 lr=1.48774e-05 time=14.9s
[Epoch 022] train=0.024296 valid=0.036389 lr=1.48774e-05 time=15.2s
[Epoch 023] train=0.024216 valid=0.035771 lr=1.48774e-05 time=16.4s
Early stopping at epoch 23

=== Ablation task: state_dept ===
[Ablation] Task=state_dept Holdout Model=M0_AggHistOnly Metric=point
Training samples: 1218 | Validation samples: 63
[Epoch 001] train=0.177294 valid=0.108325 lr=0.000476077 time=7.3s
[Epoch 002] train=0.079917 valid=0.074385 lr=0.000476077 time=7.4s
[Epoch 003] train=0.074079 valid=0.057743 lr=0.000476077 time=7.9s
[Epoch 004] train=0.060553 valid=0.553369 lr=0.000476077 time=7.8s
[Epoch 005] train=0.062710 valid=0.060096 lr=0.000476077 time=7.9s
[Epoch 006] train=0.064738 valid=0.059316 lr=0.000238039 time=7.8s
[Epoch 007] train=0.056462 valid=0.058115 lr=0.000238039 time=8.1s
[Epoch 008] train=0.052001 valid=0.059857 lr=0.000238039 time=8.0s
[Epoch 009] train=0.045859 valid=0.078233 lr=0.000119019 time=8.0s
[Epoch 010] train=0.042692 valid=0.052912 lr=0.000119019 time=8.2s
[Epoch 011] train=0.039651 valid=0.073310 lr=0.000119019 time=8.0s
[Epoch 012] train=0.041330 valid=0.057216 lr=0.000119019 time=8.0s
[Epoch 013] train=0.039388 valid=0.053349 lr=5.95096e-05 time=7.9s
[Epoch 014] train=0.038488 valid=0.050943 lr=5.95096e-05 time=7.9s
[Epoch 015] train=0.038648 valid=0.051689 lr=5.95096e-05 time=7.8s
[Epoch 016] train=0.038786 valid=0.053637 lr=5.95096e-05 time=7.7s
[Epoch 017] train=0.037746 valid=0.051053 lr=2.97548e-05 time=7.7s
[Epoch 018] train=0.036330 valid=0.052810 lr=2.97548e-05 time=7.5s
[Epoch 019] train=0.036878 valid=0.050704 lr=2.97548e-05 time=7.7s
[Epoch 020] train=0.035607 valid=0.051027 lr=2.97548e-05 time=7.8s
[Epoch 021] train=0.035367 valid=0.053012 lr=2.97548e-05 time=7.9s
[Epoch 022] train=0.034763 valid=0.051282 lr=1.48774e-05 time=7.9s
[Epoch 023] train=0.034390 valid=0.053155 lr=1.48774e-05 time=8.1s
[Epoch 024] train=0.034087 valid=0.052912 lr=1.48774e-05 time=7.9s
[Epoch 025] train=0.034168 valid=0.054537 lr=7.43871e-06 time=7.7s
[Epoch 026] train=0.033176 valid=0.051154 lr=7.43871e-06 time=7.6s
[Epoch 027] train=0.034933 valid=0.051966 lr=7.43871e-06 time=7.7s
Early stopping at epoch 27
[Ablation] Task=state_dept Holdout Model=M0_AggHistOnly Metric=quantile
Training samples: 1218 | Validation samples: 63
[Epoch 001] train=0.068800 valid=0.040785 lr=0.000476077 time=7.6s
[Epoch 002] train=0.042101 valid=0.037855 lr=0.000476077 time=7.7s
[Epoch 003] train=0.036783 valid=0.046158 lr=0.000476077 time=8.0s
[Epoch 004] train=0.036774 valid=0.036861 lr=0.000476077 time=7.9s
[Epoch 005] train=0.032857 valid=0.037964 lr=0.000476077 time=7.9s
[Epoch 006] train=0.033441 valid=0.035083 lr=0.000476077 time=8.1s
[Epoch 007] train=0.032708 valid=0.044982 lr=0.000476077 time=8.1s
[Epoch 008] train=0.033849 valid=0.039567 lr=0.000476077 time=8.1s
[Epoch 009] train=0.032714 valid=0.035651 lr=0.000238039 time=7.8s
[Epoch 010] train=0.029481 valid=0.034850 lr=0.000238039 time=8.0s
[Epoch 011] train=0.028534 valid=0.034048 lr=0.000238039 time=7.9s
[Epoch 012] train=0.028814 valid=0.031528 lr=0.000238039 time=8.0s
[Epoch 013] train=0.028170 valid=0.032580 lr=0.000238039 time=9.8s
[Epoch 014] train=0.028459 valid=0.031805 lr=0.000238039 time=8.3s
[Epoch 015] train=0.028049 valid=0.037530 lr=0.000119019 time=8.8s
[Epoch 016] train=0.027034 valid=0.032506 lr=0.000119019 time=9.3s
[Epoch 017] train=0.026700 valid=0.032015 lr=0.000119019 time=9.6s
[Epoch 018] train=0.026408 valid=0.031369 lr=0.000119019 time=9.4s
[Epoch 019] train=0.026506 valid=0.031112 lr=0.000119019 time=8.7s
[Epoch 020] train=0.026390 valid=0.031249 lr=0.000119019 time=8.4s
[Epoch 021] train=0.026283 valid=0.031352 lr=0.000119019 time=8.0s
[Epoch 022] train=0.025919 valid=0.031759 lr=5.95096e-05 time=8.2s
[Epoch 023] train=0.025763 valid=0.030547 lr=5.95096e-05 time=10.7s
[Epoch 024] train=0.025619 valid=0.032362 lr=5.95096e-05 time=10.0s
[Epoch 025] train=0.025536 valid=0.030592 lr=5.95096e-05 time=10.1s
[Epoch 026] train=0.025445 valid=0.032668 lr=2.97548e-05 time=10.3s
[Epoch 027] train=0.024949 valid=0.032202 lr=2.97548e-05 time=10.6s
[Epoch 028] train=0.025094 valid=0.031202 lr=2.97548e-05 time=9.4s
[Epoch 029] train=0.025118 valid=0.032204 lr=1.48774e-05 time=8.8s
[Epoch 030] train=0.024836 valid=0.030758 lr=1.48774e-05 time=8.8s
[Epoch 031] train=0.024828 valid=0.031415 lr=1.48774e-05 time=9.1s
Early stopping at epoch 31
[Ablation] Task=state_dept Holdout Model=M1_AggHistFutureSummary Metric=point
Training samples: 1218 | Validation samples: 63
[Epoch 001] train=0.478152 valid=0.133218 lr=0.000476077 time=8.9s
[Epoch 002] train=0.102975 valid=0.060448 lr=0.000476077 time=8.9s
[Epoch 003] train=0.077371 valid=0.066468 lr=0.000476077 time=9.0s
[Epoch 004] train=0.066793 valid=0.058195 lr=0.000476077 time=8.8s
[Epoch 005] train=0.063227 valid=0.379342 lr=0.000476077 time=8.6s
[Epoch 006] train=0.070052 valid=0.056133 lr=0.000476077 time=9.5s
[Epoch 007] train=0.061553 valid=0.070212 lr=0.000476077 time=9.3s
[Epoch 008] train=0.055504 valid=0.056521 lr=0.000476077 time=9.4s
[Epoch 009] train=0.051960 valid=0.075002 lr=0.000238039 time=9.1s
[Epoch 010] train=0.049805 valid=0.052677 lr=0.000238039 time=8.9s
[Epoch 011] train=0.044175 valid=0.055109 lr=0.000238039 time=8.5s
[Epoch 012] train=0.046911 valid=0.054023 lr=0.000238039 time=8.7s
[Epoch 013] train=0.044423 valid=0.051862 lr=0.000238039 time=8.7s
[Epoch 014] train=0.044402 valid=0.053708 lr=0.000238039 time=8.7s
[Epoch 015] train=0.043503 valid=0.052992 lr=0.000238039 time=8.7s
[Epoch 016] train=0.045239 valid=0.054350 lr=0.000119019 time=8.7s
[Epoch 017] train=0.040377 valid=0.057340 lr=0.000119019 time=9.1s
[Epoch 018] train=0.040704 valid=0.050226 lr=0.000119019 time=10.4s
[Epoch 019] train=0.040997 valid=0.054551 lr=0.000119019 time=9.9s
[Epoch 020] train=0.038771 valid=0.049988 lr=0.000119019 time=9.6s
[Epoch 021] train=0.040378 valid=0.051156 lr=0.000119019 time=10.1s
[Epoch 022] train=0.039321 valid=0.053926 lr=0.000119019 time=9.8s
[Epoch 023] train=0.038264 valid=0.050325 lr=5.95096e-05 time=9.4s
[Epoch 024] train=0.037057 valid=0.049135 lr=5.95096e-05 time=9.6s
[Epoch 025] train=0.036113 valid=0.050148 lr=5.95096e-05 time=10.1s
[Epoch 026] train=0.035921 valid=0.052938 lr=5.95096e-05 time=10.1s
[Epoch 027] train=0.035265 valid=0.049831 lr=2.97548e-05 time=10.5s
[Epoch 028] train=0.033841 valid=0.053523 lr=2.97548e-05 time=9.9s
[Epoch 029] train=0.034407 valid=0.053196 lr=2.97548e-05 time=9.1s
[Epoch 030] train=0.033660 valid=0.052730 lr=1.48774e-05 time=9.1s
[Epoch 031] train=0.033536 valid=0.049540 lr=1.48774e-05 time=9.0s
[Epoch 032] train=0.033900 valid=0.051000 lr=1.48774e-05 time=8.7s
Early stopping at epoch 32
[Ablation] Task=state_dept Holdout Model=M1_AggHistFutureSummary Metric=quantile
Training samples: 1218 | Validation samples: 63
[Epoch 001] train=0.088259 valid=0.055467 lr=0.000476077 time=8.8s
[Epoch 002] train=0.048316 valid=0.036733 lr=0.000476077 time=9.0s
[Epoch 003] train=0.038924 valid=0.034880 lr=0.000476077 time=9.1s
[Epoch 004] train=0.035337 valid=0.036584 lr=0.000476077 time=8.9s
[Epoch 005] train=0.034788 valid=0.040927 lr=0.000476077 time=8.9s
[Epoch 006] train=0.033072 valid=0.033276 lr=0.000476077 time=8.9s
[Epoch 007] train=0.031207 valid=0.036230 lr=0.000476077 time=9.0s
[Epoch 008] train=0.030757 valid=0.032642 lr=0.000476077 time=9.0s
[Epoch 009] train=0.030533 valid=0.042535 lr=0.000476077 time=8.9s
[Epoch 010] train=0.031796 valid=0.032113 lr=0.000476077 time=9.0s
[Epoch 011] train=0.031710 valid=0.040460 lr=0.000476077 time=8.9s
[Epoch 012] train=0.029753 valid=0.035618 lr=0.000476077 time=9.8s
[Epoch 013] train=0.029267 valid=0.032456 lr=0.000238039 time=9.1s
[Epoch 014] train=0.028069 valid=0.036023 lr=0.000238039 time=10.3s
[Epoch 015] train=0.028387 valid=0.031688 lr=0.000238039 time=10.6s
[Epoch 016] train=0.027263 valid=0.033142 lr=0.000238039 time=10.3s
[Epoch 017] train=0.027730 valid=0.036162 lr=0.000238039 time=9.7s
[Epoch 018] train=0.027296 valid=0.032418 lr=0.000119019 time=9.5s
[Epoch 019] train=0.026091 valid=0.030918 lr=0.000119019 time=9.5s
[Epoch 020] train=0.025897 valid=0.030908 lr=0.000119019 time=10.2s
[Epoch 021] train=0.025705 valid=0.031212 lr=0.000119019 time=10.3s
[Epoch 022] train=0.025767 valid=0.033290 lr=0.000119019 time=9.8s
[Epoch 023] train=0.025889 valid=0.031138 lr=5.95096e-05 time=10.7s
[Epoch 024] train=0.025088 valid=0.030983 lr=5.95096e-05 time=9.8s
[Epoch 025] train=0.025188 valid=0.030512 lr=5.95096e-05 time=9.8s
[Epoch 026] train=0.024713 valid=0.030542 lr=5.95096e-05 time=10.0s
[Epoch 027] train=0.024949 valid=0.030634 lr=5.95096e-05 time=9.8s
[Epoch 028] train=0.024959 valid=0.030133 lr=5.95096e-05 time=9.7s
[Epoch 029] train=0.024825 valid=0.031954 lr=5.95096e-05 time=9.5s
[Epoch 030] train=0.024729 valid=0.031252 lr=5.95096e-05 time=9.1s
[Epoch 031] train=0.024869 valid=0.030048 lr=5.95096e-05 time=9.0s
[Epoch 032] train=0.024691 valid=0.030077 lr=5.95096e-05 time=9.1s
[Ablation] Task=state_dept Holdout Model=M3_FullSkuTemporalCNN Metric=point
Training samples: 1218 | Validation samples: 63
[Epoch 001] train=0.277723 valid=0.248477 lr=0.000476077 time=17.0s
[Epoch 002] train=0.075179 valid=0.069988 lr=0.000476077 time=17.3s
[Epoch 003] train=0.056734 valid=0.051387 lr=0.000476077 time=17.0s
[Epoch 004] train=0.047313 valid=0.066935 lr=0.000476077 time=18.4s
[Epoch 005] train=0.044535 valid=0.063226 lr=0.000476077 time=18.4s
[Epoch 006] train=0.046258 valid=0.060334 lr=0.000238039 time=17.3s
[Epoch 007] train=0.033019 valid=0.045221 lr=0.000238039 time=16.5s
[Epoch 008] train=0.029642 valid=0.044363 lr=0.000238039 time=16.6s
[Epoch 009] train=0.028042 valid=0.048122 lr=0.000238039 time=16.8s
[Epoch 010] train=0.032690 valid=0.055350 lr=0.000238039 time=16.6s
[Epoch 011] train=0.026692 valid=0.042910 lr=0.000238039 time=16.5s
[Epoch 012] train=0.028173 valid=0.046050 lr=0.000238039 time=16.4s
[Epoch 013] train=0.026663 valid=0.044131 lr=0.000238039 time=16.3s
[Epoch 014] train=0.028156 valid=0.042763 lr=0.000238039 time=16.2s
[Epoch 015] train=0.025950 valid=0.052222 lr=0.000238039 time=16.4s
[Epoch 016] train=0.027353 valid=0.048194 lr=0.000238039 time=16.5s
[Epoch 017] train=0.026807 valid=0.039086 lr=0.000238039 time=16.4s
[Epoch 018] train=0.025037 valid=0.043570 lr=0.000238039 time=16.6s
[Epoch 019] train=0.025882 valid=0.044540 lr=0.000238039 time=16.4s
[Epoch 020] train=0.023876 valid=0.063697 lr=0.000119019 time=16.5s
[Epoch 021] train=0.021542 valid=0.045471 lr=0.000119019 time=16.5s
[Epoch 022] train=0.019346 valid=0.041381 lr=0.000119019 time=16.5s
[Epoch 023] train=0.020900 valid=0.044637 lr=5.95096e-05 time=16.7s
[Epoch 024] train=0.018163 valid=0.041695 lr=5.95096e-05 time=16.4s
[Epoch 025] train=0.017707 valid=0.042464 lr=5.95096e-05 time=16.5s
Early stopping at epoch 25
[Ablation] Task=state_dept Holdout Model=M3_FullSkuTemporalCNN Metric=quantile
Training samples: 1218 | Validation samples: 63
[Epoch 001] train=0.067989 valid=0.064256 lr=0.000476077 time=17.0s
[Epoch 002] train=0.041380 valid=0.036758 lr=0.000476077 time=17.1s
[Epoch 003] train=0.035547 valid=0.033671 lr=0.000476077 time=16.8s
[Epoch 004] train=0.031432 valid=0.058483 lr=0.000476077 time=16.8s
[Epoch 005] train=0.032857 valid=0.032309 lr=0.000476077 time=16.6s
[Epoch 006] train=0.030015 valid=0.034507 lr=0.000476077 time=16.4s
[Epoch 007] train=0.029764 valid=0.031042 lr=0.000476077 time=16.6s
[Epoch 008] train=0.030223 valid=0.031007 lr=0.000476077 time=16.1s
[Epoch 009] train=0.027038 valid=0.031347 lr=0.000476077 time=17.1s
[Epoch 010] train=0.026775 valid=0.042120 lr=0.000476077 time=16.7s
[Epoch 011] train=0.027160 valid=0.032184 lr=0.000238039 time=16.9s
[Epoch 012] train=0.023158 valid=0.036656 lr=0.000238039 time=17.2s
[Epoch 013] train=0.023303 valid=0.028876 lr=0.000238039 time=17.0s
[Epoch 014] train=0.022364 valid=0.031907 lr=0.000238039 time=17.1s
[Epoch 015] train=0.022040 valid=0.033016 lr=0.000238039 time=17.2s
[Epoch 016] train=0.022444 valid=0.029113 lr=0.000119019 time=17.1s
[Epoch 017] train=0.020896 valid=0.028724 lr=0.000119019 time=17.0s
[Epoch 018] train=0.020335 valid=0.028389 lr=0.000119019 time=17.7s
[Epoch 019] train=0.020496 valid=0.029368 lr=0.000119019 time=17.3s
[Epoch 020] train=0.020199 valid=0.028190 lr=0.000119019 time=18.2s
[Epoch 021] train=0.020233 valid=0.030610 lr=0.000119019 time=17.9s
[Epoch 022] train=0.019815 valid=0.026792 lr=0.000119019 time=17.2s
[Epoch 023] train=0.019857 valid=0.027975 lr=0.000119019 time=17.2s
[Epoch 024] train=0.019253 valid=0.028021 lr=0.000119019 time=16.9s
[Epoch 025] train=0.019826 valid=0.028641 lr=5.95096e-05 time=17.3s
[Epoch 026] train=0.018760 valid=0.029191 lr=5.95096e-05 time=17.3s
[Epoch 027] train=0.018592 valid=0.028141 lr=5.95096e-05 time=16.9s
[Epoch 028] train=0.018652 valid=0.029088 lr=2.97548e-05 time=17.0s
[Epoch 029] train=0.018027 valid=0.027812 lr=2.97548e-05 time=17.0s
[Epoch 030] train=0.017960 valid=0.029070 lr=2.97548e-05 time=17.3s
Early stopping at epoch 30

Ablation summary (WSPL):
          task                    model  wspl_mean  wspl_std  n_folds
0   state_dept          AggregateHistGB   0.275935       NaN        1
1   state_dept     BottomUpGlobalHistGB   0.208072       NaN        1
2   state_dept       ChildSummaryHistGB   0.271344       NaN        1
3   state_dept           M0_AggHistOnly   0.203953       NaN        1
4   state_dept  M1_AggHistFutureSummary   0.204902       NaN        1
5   state_dept    M3_FullSkuTemporalCNN   0.172950       NaN        1
6    store_cat          AggregateHistGB   0.254472       NaN        1
7    store_cat     BottomUpGlobalHistGB   0.216885       NaN        1
8    store_cat       ChildSummaryHistGB   0.266020       NaN        1
9    store_cat           M0_AggHistOnly   0.183588       NaN        1
10   store_cat  M1_AggHistFutureSummary   0.192763       NaN        1
11   store_cat    M3_FullSkuTemporalCNN   0.189862       NaN        1
12  store_dept          AggregateHistGB   0.276774       NaN        1
13  store_dept     BottomUpGlobalHistGB   0.240648       NaN        1
14  store_dept       ChildSummaryHistGB   0.284651       NaN        1
15  store_dept           M0_AggHistOnly   0.209394       NaN        1
16  store_dept  M1_AggHistFutureSummary   0.212003       NaN        1
17  store_dept    M3_FullSkuTemporalCNN   0.186897       NaN        1

Table 4 ablation (WSPL):
task                     state_dept  store_cat  store_dept      Mean
model                                                               
M3_FullSkuTemporalCNN      0.172950   0.189862    0.186897  0.183236
M0_AggHistOnly             0.203953   0.183588    0.209394  0.198978
M1_AggHistFutureSummary    0.204902   0.192763    0.212003  0.203223
BottomUpGlobalHistGB       0.208072   0.216885    0.240648  0.221868
AggregateHistGB            0.275935   0.254472    0.276774  0.269060
ChildSummaryHistGB         0.271344   0.266020    0.284651  0.274005

Done. Outputs written to: /root/autodl-tmp/m5/work/100pct/02_ablation

$ /root/miniconda3/bin/python /root/autodl-tmp/m5/scripts/run_m5_full_benchmark.py --data-dir /root/autodl-tmp/m5/data --output-dir /root/autodl-tmp/m5/work/100pct/03_benchmark_baselines --mode holdout --tasks store_dept,store_cat,state_dept --quantiles 0.005,0.025,0.165,0.25,0.5,0.75,0.835,0.975,0.995 --t-hist 56 --horizon 28 --valid-size 4 --test-size 4 --internal-valid-size 3 --gap 0 --min-train-origins 20 --min-final-train-origins 20 --sku-universe-mode history --store-sku-sample-frac 1.0 --store-sku-sample-seed 42 --cache-dir /root/autodl-tmp/m5/cache/100pct
Using cache directory: /root/autodl-tmp/m5/cache/100pct
Building/loading cached experiment artifacts...
[M5-PREP] Loading cached task package for task=store_dept...
[M5-PREP] Loaded cached task package for task=store_dept | stage 00:01 | total 00:01
[M5-PREP] Loading cached samples: task=store_dept split=final_train_samples...
[M5-PREP] Loaded cached samples: task=store_dept split=final_train_samples n=4060 | stage 00:03 | total 00:03
[M5-PREP] Loading cached samples: task=store_dept split=internal_valid_samples...
[M5-PREP] Loaded cached samples: task=store_dept split=internal_valid_samples n=210 | stage 00:00 | total 00:00
[M5-PREP] Loading cached samples: task=store_dept split=test_samples...
[M5-PREP] Loaded cached samples: task=store_dept split=test_samples n=280 | stage 00:00 | total 00:00
[M5-PREP] Loading cached task package for task=store_cat...
[M5-PREP] Loaded cached task package for task=store_cat | stage 00:01 | total 00:01
[M5-PREP] Loading cached samples: task=store_cat split=final_train_samples...
[M5-PREP] Loaded cached samples: task=store_cat split=final_train_samples n=1740 | stage 00:03 | total 00:03
[M5-PREP] Loading cached samples: task=store_cat split=internal_valid_samples...
[M5-PREP] Loaded cached samples: task=store_cat split=internal_valid_samples n=90 | stage 00:00 | total 00:00
[M5-PREP] Loading cached samples: task=store_cat split=test_samples...
[M5-PREP] Loaded cached samples: task=store_cat split=test_samples n=120 | stage 00:00 | total 00:00
[M5-PREP] Loading cached task package for task=state_dept...
[M5-PREP] Loaded cached task package for task=state_dept | stage 00:01 | total 00:01
[M5-PREP] Loading cached samples: task=state_dept split=final_train_samples...
[M5-PREP] Loaded cached samples: task=state_dept split=final_train_samples n=1218 | stage 00:03 | total 00:03
[M5-PREP] Loading cached samples: task=state_dept split=internal_valid_samples...
[M5-PREP] Loaded cached samples: task=state_dept split=internal_valid_samples n=63 | stage 00:00 | total 00:00
[M5-PREP] Loading cached samples: task=state_dept split=test_samples...
[M5-PREP] Loaded cached samples: task=state_dept split=test_samples n=84 | stage 00:00 | total 00:00
Building benchmark suite...

=== Running task: store_dept ===
/root/miniconda3/lib/python3.12/site-packages/sklearn/linear_model/_coordinate_descent.py:716: ConvergenceWarning: Objective did not converge. You might want to increase the number of iterations, check the scale of the features or consider increasing regularisation. Duality gap: 1.851e+07, tolerance: 1.990e+05
  model = cd_fast.enet_coordinate_descent(
/root/miniconda3/lib/python3.12/site-packages/sklearn/linear_model/_coordinate_descent.py:716: ConvergenceWarning: Objective did not converge. You might want to increase the number of iterations, check the scale of the features or consider increasing regularisation. Duality gap: 2.514e+07, tolerance: 2.151e+05
  model = cd_fast.enet_coordinate_descent(
/root/miniconda3/lib/python3.12/site-packages/sklearn/linear_model/_coordinate_descent.py:716: ConvergenceWarning: Objective did not converge. You might want to increase the number of iterations, check the scale of the features or consider increasing regularisation. Duality gap: 2.277e+07, tolerance: 1.358e+05
  model = cd_fast.enet_coordinate_descent(
/root/miniconda3/lib/python3.12/site-packages/sklearn/linear_model/_coordinate_descent.py:716: ConvergenceWarning: Objective did not converge. You might want to increase the number of iterations, check the scale of the features or consider increasing regularisation. Duality gap: 1.649e+07, tolerance: 1.094e+05
  model = cd_fast.enet_coordinate_descent(
/root/miniconda3/lib/python3.12/site-packages/sklearn/linear_model/_coordinate_descent.py:716: ConvergenceWarning: Objective did not converge. You might want to increase the number of iterations, check the scale of the features or consider increasing regularisation. Duality gap: 1.624e+07, tolerance: 1.041e+05
  model = cd_fast.enet_coordinate_descent(
/root/miniconda3/lib/python3.12/site-packages/sklearn/linear_model/_coordinate_descent.py:716: ConvergenceWarning: Objective did not converge. You might want to increase the number of iterations, check the scale of the features or consider increasing regularisation. Duality gap: 1.478e+07, tolerance: 1.078e+05
  model = cd_fast.enet_coordinate_descent(
/root/miniconda3/lib/python3.12/site-packages/sklearn/linear_model/_coordinate_descent.py:716: ConvergenceWarning: Objective did not converge. You might want to increase the number of iterations, check the scale of the features or consider increasing regularisation. Duality gap: 1.825e+07, tolerance: 1.380e+05
  model = cd_fast.enet_coordinate_descent(
/root/miniconda3/lib/python3.12/site-packages/sklearn/linear_model/_coordinate_descent.py:716: ConvergenceWarning: Objective did not converge. You might want to increase the number of iterations, check the scale of the features or consider increasing regularisation. Duality gap: 2.680e+07, tolerance: 2.043e+05
  model = cd_fast.enet_coordinate_descent(
/root/miniconda3/lib/python3.12/site-packages/sklearn/linear_model/_coordinate_descent.py:716: ConvergenceWarning: Objective did not converge. You might want to increase the number of iterations, check the scale of the features or consider increasing regularisation. Duality gap: 3.287e+07, tolerance: 2.175e+05
  model = cd_fast.enet_coordinate_descent(
/root/miniconda3/lib/python3.12/site-packages/sklearn/linear_model/_coordinate_descent.py:716: ConvergenceWarning: Objective did not converge. You might want to increase the number of iterations, check the scale of the features or consider increasing regularisation. Duality gap: 1.867e+07, tolerance: 1.332e+05
  model = cd_fast.enet_coordinate_descent(
/root/miniconda3/lib/python3.12/site-packages/sklearn/linear_model/_coordinate_descent.py:716: ConvergenceWarning: Objective did not converge. You might want to increase the number of iterations, check the scale of the features or consider increasing regularisation. Duality gap: 1.612e+07, tolerance: 1.104e+05
  model = cd_fast.enet_coordinate_descent(
/root/miniconda3/lib/python3.12/site-packages/sklearn/linear_model/_coordinate_descent.py:716: ConvergenceWarning: Objective did not converge. You might want to increase the number of iterations, check the scale of the features or consider increasing regularisation. Duality gap: 1.636e+07, tolerance: 1.040e+05
  model = cd_fast.enet_coordinate_descent(
/root/miniconda3/lib/python3.12/site-packages/sklearn/linear_model/_coordinate_descent.py:716: ConvergenceWarning: Objective did not converge. You might want to increase the number of iterations, check the scale of the features or consider increasing regularisation. Duality gap: 1.597e+07, tolerance: 1.048e+05
  model = cd_fast.enet_coordinate_descent(
/root/miniconda3/lib/python3.12/site-packages/sklearn/linear_model/_coordinate_descent.py:716: ConvergenceWarning: Objective did not converge. You might want to increase the number of iterations, check the scale of the features or consider increasing regularisation. Duality gap: 2.071e+07, tolerance: 1.351e+05
  model = cd_fast.enet_coordinate_descent(
/root/miniconda3/lib/python3.12/site-packages/sklearn/linear_model/_coordinate_descent.py:716: ConvergenceWarning: Objective did not converge. You might want to increase the number of iterations, check the scale of the features or consider increasing regularisation. Duality gap: 3.073e+07, tolerance: 2.061e+05
  model = cd_fast.enet_coordinate_descent(
/root/miniconda3/lib/python3.12/site-packages/sklearn/linear_model/_coordinate_descent.py:716: ConvergenceWarning: Objective did not converge. You might want to increase the number of iterations, check the scale of the features or consider increasing regularisation. Duality gap: 3.309e+07, tolerance: 2.209e+05
  model = cd_fast.enet_coordinate_descent(
/root/miniconda3/lib/python3.12/site-packages/sklearn/linear_model/_coordinate_descent.py:716: ConvergenceWarning: Objective did not converge. You might want to increase the number of iterations, check the scale of the features or consider increasing regularisation. Duality gap: 2.133e+07, tolerance: 1.348e+05
  model = cd_fast.enet_coordinate_descent(
/root/miniconda3/lib/python3.12/site-packages/sklearn/linear_model/_coordinate_descent.py:716: ConvergenceWarning: Objective did not converge. You might want to increase the number of iterations, check the scale of the features or consider increasing regularisation. Duality gap: 2.388e+07, tolerance: 1.193e+05
  model = cd_fast.enet_coordinate_descent(
/root/miniconda3/lib/python3.12/site-packages/sklearn/linear_model/_coordinate_descent.py:716: ConvergenceWarning: Objective did not converge. You might want to increase the number of iterations, check the scale of the features or consider increasing regularisation. Duality gap: 2.646e+07, tolerance: 1.182e+05
  model = cd_fast.enet_coordinate_descent(
/root/miniconda3/lib/python3.12/site-packages/sklearn/linear_model/_coordinate_descent.py:716: ConvergenceWarning: Objective did not converge. You might want to increase the number of iterations, check the scale of the features or consider increasing regularisation. Duality gap: 2.544e+07, tolerance: 1.186e+05
  model = cd_fast.enet_coordinate_descent(
/root/miniconda3/lib/python3.12/site-packages/sklearn/linear_model/_coordinate_descent.py:716: ConvergenceWarning: Objective did not converge. You might want to increase the number of iterations, check the scale of the features or consider increasing regularisation. Duality gap: 2.788e+07, tolerance: 1.449e+05
  model = cd_fast.enet_coordinate_descent(
/root/miniconda3/lib/python3.12/site-packages/sklearn/linear_model/_coordinate_descent.py:716: ConvergenceWarning: Objective did not converge. You might want to increase the number of iterations, check the scale of the features or consider increasing regularisation. Duality gap: 2.870e+07, tolerance: 1.988e+05
  model = cd_fast.enet_coordinate_descent(
/root/miniconda3/lib/python3.12/site-packages/sklearn/linear_model/_coordinate_descent.py:716: ConvergenceWarning: Objective did not converge. You might want to increase the number of iterations, check the scale of the features or consider increasing regularisation. Duality gap: 4.374e+07, tolerance: 2.055e+05
  model = cd_fast.enet_coordinate_descent(
/root/miniconda3/lib/python3.12/site-packages/sklearn/linear_model/_coordinate_descent.py:716: ConvergenceWarning: Objective did not converge. You might want to increase the number of iterations, check the scale of the features or consider increasing regularisation. Duality gap: 3.044e+07, tolerance: 1.456e+05
  model = cd_fast.enet_coordinate_descent(
/root/miniconda3/lib/python3.12/site-packages/sklearn/linear_model/_coordinate_descent.py:716: ConvergenceWarning: Objective did not converge. You might want to increase the number of iterations, check the scale of the features or consider increasing regularisation. Duality gap: 2.756e+07, tolerance: 1.179e+05
  model = cd_fast.enet_coordinate_descent(
/root/miniconda3/lib/python3.12/site-packages/sklearn/linear_model/_coordinate_descent.py:716: ConvergenceWarning: Objective did not converge. You might want to increase the number of iterations, check the scale of the features or consider increasing regularisation. Duality gap: 2.863e+07, tolerance: 1.118e+05
  model = cd_fast.enet_coordinate_descent(
/root/miniconda3/lib/python3.12/site-packages/sklearn/linear_model/_coordinate_descent.py:716: ConvergenceWarning: Objective did not converge. You might want to increase the number of iterations, check the scale of the features or consider increasing regularisation. Duality gap: 2.603e+07, tolerance: 1.095e+05
  model = cd_fast.enet_coordinate_descent(
/root/miniconda3/lib/python3.12/site-packages/sklearn/linear_model/_coordinate_descent.py:716: ConvergenceWarning: Objective did not converge. You might want to increase the number of iterations, check the scale of the features or consider increasing regularisation. Duality gap: 2.544e+07, tolerance: 1.375e+05
  model = cd_fast.enet_coordinate_descent(
/root/miniconda3/lib/python3.12/site-packages/sklearn/linear_model/_coordinate_descent.py:716: ConvergenceWarning: Objective did not converge. You might want to increase the number of iterations, check the scale of the features or consider increasing regularisation. Duality gap: 1.851e+07, tolerance: 1.990e+05
  model = cd_fast.enet_coordinate_descent(
/root/miniconda3/lib/python3.12/site-packages/sklearn/linear_model/_coordinate_descent.py:716: ConvergenceWarning: Objective did not converge. You might want to increase the number of iterations, check the scale of the features or consider increasing regularisation. Duality gap: 2.514e+07, tolerance: 2.151e+05
  model = cd_fast.enet_coordinate_descent(
/root/miniconda3/lib/python3.12/site-packages/sklearn/linear_model/_coordinate_descent.py:716: ConvergenceWarning: Objective did not converge. You might want to increase the number of iterations, check the scale of the features or consider increasing regularisation. Duality gap: 2.277e+07, tolerance: 1.358e+05
  model = cd_fast.enet_coordinate_descent(
/root/miniconda3/lib/python3.12/site-packages/sklearn/linear_model/_coordinate_descent.py:716: ConvergenceWarning: Objective did not converge. You might want to increase the number of iterations, check the scale of the features or consider increasing regularisation. Duality gap: 1.649e+07, tolerance: 1.094e+05
  model = cd_fast.enet_coordinate_descent(
/root/miniconda3/lib/python3.12/site-packages/sklearn/linear_model/_coordinate_descent.py:716: ConvergenceWarning: Objective did not converge. You might want to increase the number of iterations, check the scale of the features or consider increasing regularisation. Duality gap: 1.624e+07, tolerance: 1.041e+05
  model = cd_fast.enet_coordinate_descent(
/root/miniconda3/lib/python3.12/site-packages/sklearn/linear_model/_coordinate_descent.py:716: ConvergenceWarning: Objective did not converge. You might want to increase the number of iterations, check the scale of the features or consider increasing regularisation. Duality gap: 1.478e+07, tolerance: 1.078e+05
  model = cd_fast.enet_coordinate_descent(
/root/miniconda3/lib/python3.12/site-packages/sklearn/linear_model/_coordinate_descent.py:716: ConvergenceWarning: Objective did not converge. You might want to increase the number of iterations, check the scale of the features or consider increasing regularisation. Duality gap: 1.825e+07, tolerance: 1.380e+05
  model = cd_fast.enet_coordinate_descent(
/root/miniconda3/lib/python3.12/site-packages/sklearn/linear_model/_coordinate_descent.py:716: ConvergenceWarning: Objective did not converge. You might want to increase the number of iterations, check the scale of the features or consider increasing regularisation. Duality gap: 2.680e+07, tolerance: 2.043e+05
  model = cd_fast.enet_coordinate_descent(
/root/miniconda3/lib/python3.12/site-packages/sklearn/linear_model/_coordinate_descent.py:716: ConvergenceWarning: Objective did not converge. You might want to increase the number of iterations, check the scale of the features or consider increasing regularisation. Duality gap: 3.287e+07, tolerance: 2.175e+05
  model = cd_fast.enet_coordinate_descent(
/root/miniconda3/lib/python3.12/site-packages/sklearn/linear_model/_coordinate_descent.py:716: ConvergenceWarning: Objective did not converge. You might want to increase the number of iterations, check the scale of the features or consider increasing regularisation. Duality gap: 1.867e+07, tolerance: 1.332e+05
  model = cd_fast.enet_coordinate_descent(
/root/miniconda3/lib/python3.12/site-packages/sklearn/linear_model/_coordinate_descent.py:716: ConvergenceWarning: Objective did not converge. You might want to increase the number of iterations, check the scale of the features or consider increasing regularisation. Duality gap: 1.612e+07, tolerance: 1.104e+05
  model = cd_fast.enet_coordinate_descent(
/root/miniconda3/lib/python3.12/site-packages/sklearn/linear_model/_coordinate_descent.py:716: ConvergenceWarning: Objective did not converge. You might want to increase the number of iterations, check the scale of the features or consider increasing regularisation. Duality gap: 1.636e+07, tolerance: 1.040e+05
  model = cd_fast.enet_coordinate_descent(
/root/miniconda3/lib/python3.12/site-packages/sklearn/linear_model/_coordinate_descent.py:716: ConvergenceWarning: Objective did not converge. You might want to increase the number of iterations, check the scale of the features or consider increasing regularisation. Duality gap: 1.597e+07, tolerance: 1.048e+05
  model = cd_fast.enet_coordinate_descent(
/root/miniconda3/lib/python3.12/site-packages/sklearn/linear_model/_coordinate_descent.py:716: ConvergenceWarning: Objective did not converge. You might want to increase the number of iterations, check the scale of the features or consider increasing regularisation. Duality gap: 2.071e+07, tolerance: 1.351e+05
  model = cd_fast.enet_coordinate_descent(
/root/miniconda3/lib/python3.12/site-packages/sklearn/linear_model/_coordinate_descent.py:716: ConvergenceWarning: Objective did not converge. You might want to increase the number of iterations, check the scale of the features or consider increasing regularisation. Duality gap: 3.073e+07, tolerance: 2.061e+05
  model = cd_fast.enet_coordinate_descent(
/root/miniconda3/lib/python3.12/site-packages/sklearn/linear_model/_coordinate_descent.py:716: ConvergenceWarning: Objective did not converge. You might want to increase the number of iterations, check the scale of the features or consider increasing regularisation. Duality gap: 3.309e+07, tolerance: 2.209e+05
  model = cd_fast.enet_coordinate_descent(
/root/miniconda3/lib/python3.12/site-packages/sklearn/linear_model/_coordinate_descent.py:716: ConvergenceWarning: Objective did not converge. You might want to increase the number of iterations, check the scale of the features or consider increasing regularisation. Duality gap: 2.133e+07, tolerance: 1.348e+05
  model = cd_fast.enet_coordinate_descent(
/root/miniconda3/lib/python3.12/site-packages/sklearn/linear_model/_coordinate_descent.py:716: ConvergenceWarning: Objective did not converge. You might want to increase the number of iterations, check the scale of the features or consider increasing regularisation. Duality gap: 2.388e+07, tolerance: 1.193e+05
  model = cd_fast.enet_coordinate_descent(
/root/miniconda3/lib/python3.12/site-packages/sklearn/linear_model/_coordinate_descent.py:716: ConvergenceWarning: Objective did not converge. You might want to increase the number of iterations, check the scale of the features or consider increasing regularisation. Duality gap: 2.646e+07, tolerance: 1.182e+05
  model = cd_fast.enet_coordinate_descent(
/root/miniconda3/lib/python3.12/site-packages/sklearn/linear_model/_coordinate_descent.py:716: ConvergenceWarning: Objective did not converge. You might want to increase the number of iterations, check the scale of the features or consider increasing regularisation. Duality gap: 2.544e+07, tolerance: 1.186e+05
  model = cd_fast.enet_coordinate_descent(
/root/miniconda3/lib/python3.12/site-packages/sklearn/linear_model/_coordinate_descent.py:716: ConvergenceWarning: Objective did not converge. You might want to increase the number of iterations, check the scale of the features or consider increasing regularisation. Duality gap: 2.788e+07, tolerance: 1.449e+05
  model = cd_fast.enet_coordinate_descent(
/root/miniconda3/lib/python3.12/site-packages/sklearn/linear_model/_coordinate_descent.py:716: ConvergenceWarning: Objective did not converge. You might want to increase the number of iterations, check the scale of the features or consider increasing regularisation. Duality gap: 2.870e+07, tolerance: 1.988e+05
  model = cd_fast.enet_coordinate_descent(
/root/miniconda3/lib/python3.12/site-packages/sklearn/linear_model/_coordinate_descent.py:716: ConvergenceWarning: Objective did not converge. You might want to increase the number of iterations, check the scale of the features or consider increasing regularisation. Duality gap: 4.374e+07, tolerance: 2.055e+05
  model = cd_fast.enet_coordinate_descent(
/root/miniconda3/lib/python3.12/site-packages/sklearn/linear_model/_coordinate_descent.py:716: ConvergenceWarning: Objective did not converge. You might want to increase the number of iterations, check the scale of the features or consider increasing regularisation. Duality gap: 3.044e+07, tolerance: 1.456e+05
  model = cd_fast.enet_coordinate_descent(
/root/miniconda3/lib/python3.12/site-packages/sklearn/linear_model/_coordinate_descent.py:716: ConvergenceWarning: Objective did not converge. You might want to increase the number of iterations, check the scale of the features or consider increasing regularisation. Duality gap: 2.756e+07, tolerance: 1.179e+05
  model = cd_fast.enet_coordinate_descent(
/root/miniconda3/lib/python3.12/site-packages/sklearn/linear_model/_coordinate_descent.py:716: ConvergenceWarning: Objective did not converge. You might want to increase the number of iterations, check the scale of the features or consider increasing regularisation. Duality gap: 2.863e+07, tolerance: 1.118e+05
  model = cd_fast.enet_coordinate_descent(
/root/miniconda3/lib/python3.12/site-packages/sklearn/linear_model/_coordinate_descent.py:716: ConvergenceWarning: Objective did not converge. You might want to increase the number of iterations, check the scale of the features or consider increasing regularisation. Duality gap: 2.603e+07, tolerance: 1.095e+05
  model = cd_fast.enet_coordinate_descent(
/root/miniconda3/lib/python3.12/site-packages/sklearn/linear_model/_coordinate_descent.py:716: ConvergenceWarning: Objective did not converge. You might want to increase the number of iterations, check the scale of the features or consider increasing regularisation. Duality gap: 2.544e+07, tolerance: 1.375e+05
  model = cd_fast.enet_coordinate_descent(
/root/miniconda3/lib/python3.12/site-packages/sklearn/linear_model/_coordinate_descent.py:716: ConvergenceWarning: Objective did not converge. You might want to increase the number of iterations, check the scale of the features or consider increasing regularisation. Duality gap: 1.856e+07, tolerance: 1.990e+05
  model = cd_fast.enet_coordinate_descent(
/root/miniconda3/lib/python3.12/site-packages/sklearn/linear_model/_coordinate_descent.py:716: ConvergenceWarning: Objective did not converge. You might want to increase the number of iterations, check the scale of the features or consider increasing regularisation. Duality gap: 2.440e+07, tolerance: 2.151e+05
  model = cd_fast.enet_coordinate_descent(
/root/miniconda3/lib/python3.12/site-packages/sklearn/linear_model/_coordinate_descent.py:716: ConvergenceWarning: Objective did not converge. You might want to increase the number of iterations, check the scale of the features or consider increasing regularisation. Duality gap: 2.211e+07, tolerance: 1.358e+05
  model = cd_fast.enet_coordinate_descent(
/root/miniconda3/lib/python3.12/site-packages/sklearn/linear_model/_coordinate_descent.py:716: ConvergenceWarning: Objective did not converge. You might want to increase the number of iterations, check the scale of the features or consider increasing regularisation. Duality gap: 1.649e+07, tolerance: 1.094e+05
  model = cd_fast.enet_coordinate_descent(
/root/miniconda3/lib/python3.12/site-packages/sklearn/linear_model/_coordinate_descent.py:716: ConvergenceWarning: Objective did not converge. You might want to increase the number of iterations, check the scale of the features or consider increasing regularisation. Duality gap: 1.601e+07, tolerance: 1.041e+05
  model = cd_fast.enet_coordinate_descent(
/root/miniconda3/lib/python3.12/site-packages/sklearn/linear_model/_coordinate_descent.py:716: ConvergenceWarning: Objective did not converge. You might want to increase the number of iterations, check the scale of the features or consider increasing regularisation. Duality gap: 1.460e+07, tolerance: 1.078e+05
  model = cd_fast.enet_coordinate_descent(
/root/miniconda3/lib/python3.12/site-packages/sklearn/linear_model/_coordinate_descent.py:716: ConvergenceWarning: Objective did not converge. You might want to increase the number of iterations, check the scale of the features or consider increasing regularisation. Duality gap: 1.770e+07, tolerance: 1.380e+05
  model = cd_fast.enet_coordinate_descent(
/root/miniconda3/lib/python3.12/site-packages/sklearn/linear_model/_coordinate_descent.py:716: ConvergenceWarning: Objective did not converge. You might want to increase the number of iterations, check the scale of the features or consider increasing regularisation. Duality gap: 2.643e+07, tolerance: 2.043e+05
  model = cd_fast.enet_coordinate_descent(
/root/miniconda3/lib/python3.12/site-packages/sklearn/linear_model/_coordinate_descent.py:716: ConvergenceWarning: Objective did not converge. You might want to increase the number of iterations, check the scale of the features or consider increasing regularisation. Duality gap: 3.186e+07, tolerance: 2.175e+05
  model = cd_fast.enet_coordinate_descent(
/root/miniconda3/lib/python3.12/site-packages/sklearn/linear_model/_coordinate_descent.py:716: ConvergenceWarning: Objective did not converge. You might want to increase the number of iterations, check the scale of the features or consider increasing regularisation. Duality gap: 1.945e+07, tolerance: 1.332e+05
  model = cd_fast.enet_coordinate_descent(
/root/miniconda3/lib/python3.12/site-packages/sklearn/linear_model/_coordinate_descent.py:716: ConvergenceWarning: Objective did not converge. You might want to increase the number of iterations, check the scale of the features or consider increasing regularisation. Duality gap: 1.633e+07, tolerance: 1.104e+05
  model = cd_fast.enet_coordinate_descent(
/root/miniconda3/lib/python3.12/site-packages/sklearn/linear_model/_coordinate_descent.py:716: ConvergenceWarning: Objective did not converge. You might want to increase the number of iterations, check the scale of the features or consider increasing regularisation. Duality gap: 1.671e+07, tolerance: 1.040e+05
  model = cd_fast.enet_coordinate_descent(
/root/miniconda3/lib/python3.12/site-packages/sklearn/linear_model/_coordinate_descent.py:716: ConvergenceWarning: Objective did not converge. You might want to increase the number of iterations, check the scale of the features or consider increasing regularisation. Duality gap: 1.742e+07, tolerance: 1.048e+05
  model = cd_fast.enet_coordinate_descent(
/root/miniconda3/lib/python3.12/site-packages/sklearn/linear_model/_coordinate_descent.py:716: ConvergenceWarning: Objective did not converge. You might want to increase the number of iterations, check the scale of the features or consider increasing regularisation. Duality gap: 2.062e+07, tolerance: 1.351e+05
  model = cd_fast.enet_coordinate_descent(
/root/miniconda3/lib/python3.12/site-packages/sklearn/linear_model/_coordinate_descent.py:716: ConvergenceWarning: Objective did not converge. You might want to increase the number of iterations, check the scale of the features or consider increasing regularisation. Duality gap: 3.042e+07, tolerance: 2.061e+05
  model = cd_fast.enet_coordinate_descent(
/root/miniconda3/lib/python3.12/site-packages/sklearn/linear_model/_coordinate_descent.py:716: ConvergenceWarning: Objective did not converge. You might want to increase the number of iterations, check the scale of the features or consider increasing regularisation. Duality gap: 3.148e+07, tolerance: 2.209e+05
  model = cd_fast.enet_coordinate_descent(
/root/miniconda3/lib/python3.12/site-packages/sklearn/linear_model/_coordinate_descent.py:716: ConvergenceWarning: Objective did not converge. You might want to increase the number of iterations, check the scale of the features or consider increasing regularisation. Duality gap: 2.098e+07, tolerance: 1.348e+05
  model = cd_fast.enet_coordinate_descent(
/root/miniconda3/lib/python3.12/site-packages/sklearn/linear_model/_coordinate_descent.py:716: ConvergenceWarning: Objective did not converge. You might want to increase the number of iterations, check the scale of the features or consider increasing regularisation. Duality gap: 2.399e+07, tolerance: 1.193e+05
  model = cd_fast.enet_coordinate_descent(
/root/miniconda3/lib/python3.12/site-packages/sklearn/linear_model/_coordinate_descent.py:716: ConvergenceWarning: Objective did not converge. You might want to increase the number of iterations, check the scale of the features or consider increasing regularisation. Duality gap: 2.744e+07, tolerance: 1.182e+05
  model = cd_fast.enet_coordinate_descent(
/root/miniconda3/lib/python3.12/site-packages/sklearn/linear_model/_coordinate_descent.py:716: ConvergenceWarning: Objective did not converge. You might want to increase the number of iterations, check the scale of the features or consider increasing regularisation. Duality gap: 2.485e+07, tolerance: 1.186e+05
  model = cd_fast.enet_coordinate_descent(
/root/miniconda3/lib/python3.12/site-packages/sklearn/linear_model/_coordinate_descent.py:716: ConvergenceWarning: Objective did not converge. You might want to increase the number of iterations, check the scale of the features or consider increasing regularisation. Duality gap: 2.670e+07, tolerance: 1.449e+05
  model = cd_fast.enet_coordinate_descent(
/root/miniconda3/lib/python3.12/site-packages/sklearn/linear_model/_coordinate_descent.py:716: ConvergenceWarning: Objective did not converge. You might want to increase the number of iterations, check the scale of the features or consider increasing regularisation. Duality gap: 2.798e+07, tolerance: 1.988e+05
  model = cd_fast.enet_coordinate_descent(
/root/miniconda3/lib/python3.12/site-packages/sklearn/linear_model/_coordinate_descent.py:716: ConvergenceWarning: Objective did not converge. You might want to increase the number of iterations, check the scale of the features or consider increasing regularisation. Duality gap: 4.112e+07, tolerance: 2.055e+05
  model = cd_fast.enet_coordinate_descent(
/root/miniconda3/lib/python3.12/site-packages/sklearn/linear_model/_coordinate_descent.py:716: ConvergenceWarning: Objective did not converge. You might want to increase the number of iterations, check the scale of the features or consider increasing regularisation. Duality gap: 2.988e+07, tolerance: 1.456e+05
  model = cd_fast.enet_coordinate_descent(
/root/miniconda3/lib/python3.12/site-packages/sklearn/linear_model/_coordinate_descent.py:716: ConvergenceWarning: Objective did not converge. You might want to increase the number of iterations, check the scale of the features or consider increasing regularisation. Duality gap: 2.712e+07, tolerance: 1.179e+05
  model = cd_fast.enet_coordinate_descent(
/root/miniconda3/lib/python3.12/site-packages/sklearn/linear_model/_coordinate_descent.py:716: ConvergenceWarning: Objective did not converge. You might want to increase the number of iterations, check the scale of the features or consider increasing regularisation. Duality gap: 2.812e+07, tolerance: 1.118e+05
  model = cd_fast.enet_coordinate_descent(
/root/miniconda3/lib/python3.12/site-packages/sklearn/linear_model/_coordinate_descent.py:716: ConvergenceWarning: Objective did not converge. You might want to increase the number of iterations, check the scale of the features or consider increasing regularisation. Duality gap: 2.519e+07, tolerance: 1.095e+05
  model = cd_fast.enet_coordinate_descent(
/root/miniconda3/lib/python3.12/site-packages/sklearn/linear_model/_coordinate_descent.py:716: ConvergenceWarning: Objective did not converge. You might want to increase the number of iterations, check the scale of the features or consider increasing regularisation. Duality gap: 2.492e+07, tolerance: 1.375e+05
  model = cd_fast.enet_coordinate_descent(
/root/miniconda3/lib/python3.12/site-packages/sklearn/linear_model/_coordinate_descent.py:716: ConvergenceWarning: Objective did not converge. You might want to increase the number of iterations, check the scale of the features or consider increasing regularisation. Duality gap: 1.856e+07, tolerance: 1.990e+05
  model = cd_fast.enet_coordinate_descent(
/root/miniconda3/lib/python3.12/site-packages/sklearn/linear_model/_coordinate_descent.py:716: ConvergenceWarning: Objective did not converge. You might want to increase the number of iterations, check the scale of the features or consider increasing regularisation. Duality gap: 2.440e+07, tolerance: 2.151e+05
  model = cd_fast.enet_coordinate_descent(
/root/miniconda3/lib/python3.12/site-packages/sklearn/linear_model/_coordinate_descent.py:716: ConvergenceWarning: Objective did not converge. You might want to increase the number of iterations, check the scale of the features or consider increasing regularisation. Duality gap: 2.211e+07, tolerance: 1.358e+05
  model = cd_fast.enet_coordinate_descent(
/root/miniconda3/lib/python3.12/site-packages/sklearn/linear_model/_coordinate_descent.py:716: ConvergenceWarning: Objective did not converge. You might want to increase the number of iterations, check the scale of the features or consider increasing regularisation. Duality gap: 1.649e+07, tolerance: 1.094e+05
  model = cd_fast.enet_coordinate_descent(
/root/miniconda3/lib/python3.12/site-packages/sklearn/linear_model/_coordinate_descent.py:716: ConvergenceWarning: Objective did not converge. You might want to increase the number of iterations, check the scale of the features or consider increasing regularisation. Duality gap: 1.601e+07, tolerance: 1.041e+05
  model = cd_fast.enet_coordinate_descent(
/root/miniconda3/lib/python3.12/site-packages/sklearn/linear_model/_coordinate_descent.py:716: ConvergenceWarning: Objective did not converge. You might want to increase the number of iterations, check the scale of the features or consider increasing regularisation. Duality gap: 1.460e+07, tolerance: 1.078e+05
  model = cd_fast.enet_coordinate_descent(
/root/miniconda3/lib/python3.12/site-packages/sklearn/linear_model/_coordinate_descent.py:716: ConvergenceWarning: Objective did not converge. You might want to increase the number of iterations, check the scale of the features or consider increasing regularisation. Duality gap: 1.770e+07, tolerance: 1.380e+05
  model = cd_fast.enet_coordinate_descent(
/root/miniconda3/lib/python3.12/site-packages/sklearn/linear_model/_coordinate_descent.py:716: ConvergenceWarning: Objective did not converge. You might want to increase the number of iterations, check the scale of the features or consider increasing regularisation. Duality gap: 2.643e+07, tolerance: 2.043e+05
  model = cd_fast.enet_coordinate_descent(
/root/miniconda3/lib/python3.12/site-packages/sklearn/linear_model/_coordinate_descent.py:716: ConvergenceWarning: Objective did not converge. You might want to increase the number of iterations, check the scale of the features or consider increasing regularisation. Duality gap: 3.186e+07, tolerance: 2.175e+05
  model = cd_fast.enet_coordinate_descent(
/root/miniconda3/lib/python3.12/site-packages/sklearn/linear_model/_coordinate_descent.py:716: ConvergenceWarning: Objective did not converge. You might want to increase the number of iterations, check the scale of the features or consider increasing regularisation. Duality gap: 1.945e+07, tolerance: 1.332e+05
  model = cd_fast.enet_coordinate_descent(
/root/miniconda3/lib/python3.12/site-packages/sklearn/linear_model/_coordinate_descent.py:716: ConvergenceWarning: Objective did not converge. You might want to increase the number of iterations, check the scale of the features or consider increasing regularisation. Duality gap: 1.633e+07, tolerance: 1.104e+05
  model = cd_fast.enet_coordinate_descent(
/root/miniconda3/lib/python3.12/site-packages/sklearn/linear_model/_coordinate_descent.py:716: ConvergenceWarning: Objective did not converge. You might want to increase the number of iterations, check the scale of the features or consider increasing regularisation. Duality gap: 1.671e+07, tolerance: 1.040e+05
  model = cd_fast.enet_coordinate_descent(
/root/miniconda3/lib/python3.12/site-packages/sklearn/linear_model/_coordinate_descent.py:716: ConvergenceWarning: Objective did not converge. You might want to increase the number of iterations, check the scale of the features or consider increasing regularisation. Duality gap: 1.742e+07, tolerance: 1.048e+05
  model = cd_fast.enet_coordinate_descent(
/root/miniconda3/lib/python3.12/site-packages/sklearn/linear_model/_coordinate_descent.py:716: ConvergenceWarning: Objective did not converge. You might want to increase the number of iterations, check the scale of the features or consider increasing regularisation. Duality gap: 2.062e+07, tolerance: 1.351e+05
  model = cd_fast.enet_coordinate_descent(
/root/miniconda3/lib/python3.12/site-packages/sklearn/linear_model/_coordinate_descent.py:716: ConvergenceWarning: Objective did not converge. You might want to increase the number of iterations, check the scale of the features or consider increasing regularisation. Duality gap: 3.042e+07, tolerance: 2.061e+05
  model = cd_fast.enet_coordinate_descent(
/root/miniconda3/lib/python3.12/site-packages/sklearn/linear_model/_coordinate_descent.py:716: ConvergenceWarning: Objective did not converge. You might want to increase the number of iterations, check the scale of the features or consider increasing regularisation. Duality gap: 3.148e+07, tolerance: 2.209e+05
  model = cd_fast.enet_coordinate_descent(
/root/miniconda3/lib/python3.12/site-packages/sklearn/linear_model/_coordinate_descent.py:716: ConvergenceWarning: Objective did not converge. You might want to increase the number of iterations, check the scale of the features or consider increasing regularisation. Duality gap: 2.098e+07, tolerance: 1.348e+05
  model = cd_fast.enet_coordinate_descent(
/root/miniconda3/lib/python3.12/site-packages/sklearn/linear_model/_coordinate_descent.py:716: ConvergenceWarning: Objective did not converge. You might want to increase the number of iterations, check the scale of the features or consider increasing regularisation. Duality gap: 2.399e+07, tolerance: 1.193e+05
  model = cd_fast.enet_coordinate_descent(
/root/miniconda3/lib/python3.12/site-packages/sklearn/linear_model/_coordinate_descent.py:716: ConvergenceWarning: Objective did not converge. You might want to increase the number of iterations, check the scale of the features or consider increasing regularisation. Duality gap: 2.744e+07, tolerance: 1.182e+05
  model = cd_fast.enet_coordinate_descent(
/root/miniconda3/lib/python3.12/site-packages/sklearn/linear_model/_coordinate_descent.py:716: ConvergenceWarning: Objective did not converge. You might want to increase the number of iterations, check the scale of the features or consider increasing regularisation. Duality gap: 2.485e+07, tolerance: 1.186e+05
  model = cd_fast.enet_coordinate_descent(
/root/miniconda3/lib/python3.12/site-packages/sklearn/linear_model/_coordinate_descent.py:716: ConvergenceWarning: Objective did not converge. You might want to increase the number of iterations, check the scale of the features or consider increasing regularisation. Duality gap: 2.670e+07, tolerance: 1.449e+05
  model = cd_fast.enet_coordinate_descent(
/root/miniconda3/lib/python3.12/site-packages/sklearn/linear_model/_coordinate_descent.py:716: ConvergenceWarning: Objective did not converge. You might want to increase the number of iterations, check the scale of the features or consider increasing regularisation. Duality gap: 2.798e+07, tolerance: 1.988e+05
  model = cd_fast.enet_coordinate_descent(
/root/miniconda3/lib/python3.12/site-packages/sklearn/linear_model/_coordinate_descent.py:716: ConvergenceWarning: Objective did not converge. You might want to increase the number of iterations, check the scale of the features or consider increasing regularisation. Duality gap: 4.112e+07, tolerance: 2.055e+05
  model = cd_fast.enet_coordinate_descent(
/root/miniconda3/lib/python3.12/site-packages/sklearn/linear_model/_coordinate_descent.py:716: ConvergenceWarning: Objective did not converge. You might want to increase the number of iterations, check the scale of the features or consider increasing regularisation. Duality gap: 2.988e+07, tolerance: 1.456e+05
  model = cd_fast.enet_coordinate_descent(
/root/miniconda3/lib/python3.12/site-packages/sklearn/linear_model/_coordinate_descent.py:716: ConvergenceWarning: Objective did not converge. You might want to increase the number of iterations, check the scale of the features or consider increasing regularisation. Duality gap: 2.712e+07, tolerance: 1.179e+05
  model = cd_fast.enet_coordinate_descent(
/root/miniconda3/lib/python3.12/site-packages/sklearn/linear_model/_coordinate_descent.py:716: ConvergenceWarning: Objective did not converge. You might want to increase the number of iterations, check the scale of the features or consider increasing regularisation. Duality gap: 2.812e+07, tolerance: 1.118e+05
  model = cd_fast.enet_coordinate_descent(
/root/miniconda3/lib/python3.12/site-packages/sklearn/linear_model/_coordinate_descent.py:716: ConvergenceWarning: Objective did not converge. You might want to increase the number of iterations, check the scale of the features or consider increasing regularisation. Duality gap: 2.519e+07, tolerance: 1.095e+05
  model = cd_fast.enet_coordinate_descent(
/root/miniconda3/lib/python3.12/site-packages/sklearn/linear_model/_coordinate_descent.py:716: ConvergenceWarning: Objective did not converge. You might want to increase the number of iterations, check the scale of the features or consider increasing regularisation. Duality gap: 2.492e+07, tolerance: 1.375e+05
  model = cd_fast.enet_coordinate_descent(

=== Running task: store_cat ===
/root/miniconda3/lib/python3.12/site-packages/sklearn/linear_model/_coordinate_descent.py:716: ConvergenceWarning: Objective did not converge. You might want to increase the number of iterations, check the scale of the features or consider increasing regularisation. Duality gap: 2.351e+07, tolerance: 2.412e+05
  model = cd_fast.enet_coordinate_descent(
/root/miniconda3/lib/python3.12/site-packages/sklearn/linear_model/_coordinate_descent.py:716: ConvergenceWarning: Objective did not converge. You might want to increase the number of iterations, check the scale of the features or consider increasing regularisation. Duality gap: 3.178e+07, tolerance: 2.686e+05
  model = cd_fast.enet_coordinate_descent(
/root/miniconda3/lib/python3.12/site-packages/sklearn/linear_model/_coordinate_descent.py:716: ConvergenceWarning: Objective did not converge. You might want to increase the number of iterations, check the scale of the features or consider increasing regularisation. Duality gap: 2.690e+07, tolerance: 1.745e+05
  model = cd_fast.enet_coordinate_descent(
/root/miniconda3/lib/python3.12/site-packages/sklearn/linear_model/_coordinate_descent.py:716: ConvergenceWarning: Objective did not converge. You might want to increase the number of iterations, check the scale of the features or consider increasing regularisation. Duality gap: 2.094e+07, tolerance: 1.435e+05
  model = cd_fast.enet_coordinate_descent(
/root/miniconda3/lib/python3.12/site-packages/sklearn/linear_model/_coordinate_descent.py:716: ConvergenceWarning: Objective did not converge. You might want to increase the number of iterations, check the scale of the features or consider increasing regularisation. Duality gap: 2.167e+07, tolerance: 1.370e+05
  model = cd_fast.enet_coordinate_descent(
/root/miniconda3/lib/python3.12/site-packages/sklearn/linear_model/_coordinate_descent.py:716: ConvergenceWarning: Objective did not converge. You might want to increase the number of iterations, check the scale of the features or consider increasing regularisation. Duality gap: 1.946e+07, tolerance: 1.397e+05
  model = cd_fast.enet_coordinate_descent(
/root/miniconda3/lib/python3.12/site-packages/sklearn/linear_model/_coordinate_descent.py:716: ConvergenceWarning: Objective did not converge. You might want to increase the number of iterations, check the scale of the features or consider increasing regularisation. Duality gap: 2.150e+07, tolerance: 1.707e+05
  model = cd_fast.enet_coordinate_descent(
/root/miniconda3/lib/python3.12/site-packages/sklearn/linear_model/_coordinate_descent.py:716: ConvergenceWarning: Objective did not converge. You might want to increase the number of iterations, check the scale of the features or consider increasing regularisation. Duality gap: 3.265e+07, tolerance: 2.506e+05
  model = cd_fast.enet_coordinate_descent(
/root/miniconda3/lib/python3.12/site-packages/sklearn/linear_model/_coordinate_descent.py:716: ConvergenceWarning: Objective did not converge. You might want to increase the number of iterations, check the scale of the features or consider increasing regularisation. Duality gap: 4.171e+07, tolerance: 2.727e+05
  model = cd_fast.enet_coordinate_descent(
/root/miniconda3/lib/python3.12/site-packages/sklearn/linear_model/_coordinate_descent.py:716: ConvergenceWarning: Objective did not converge. You might want to increase the number of iterations, check the scale of the features or consider increasing regularisation. Duality gap: 2.459e+07, tolerance: 1.728e+05
  model = cd_fast.enet_coordinate_descent(
/root/miniconda3/lib/python3.12/site-packages/sklearn/linear_model/_coordinate_descent.py:716: ConvergenceWarning: Objective did not converge. You might want to increase the number of iterations, check the scale of the features or consider increasing regularisation. Duality gap: 2.014e+07, tolerance: 1.451e+05
  model = cd_fast.enet_coordinate_descent(
/root/miniconda3/lib/python3.12/site-packages/sklearn/linear_model/_coordinate_descent.py:716: ConvergenceWarning: Objective did not converge. You might want to increase the number of iterations, check the scale of the features or consider increasing regularisation. Duality gap: 2.162e+07, tolerance: 1.371e+05
  model = cd_fast.enet_coordinate_descent(
/root/miniconda3/lib/python3.12/site-packages/sklearn/linear_model/_coordinate_descent.py:716: ConvergenceWarning: Objective did not converge. You might want to increase the number of iterations, check the scale of the features or consider increasing regularisation. Duality gap: 2.214e+07, tolerance: 1.373e+05
  model = cd_fast.enet_coordinate_descent(
/root/miniconda3/lib/python3.12/site-packages/sklearn/linear_model/_coordinate_descent.py:716: ConvergenceWarning: Objective did not converge. You might want to increase the number of iterations, check the scale of the features or consider increasing regularisation. Duality gap: 2.541e+07, tolerance: 1.707e+05
  model = cd_fast.enet_coordinate_descent(
/root/miniconda3/lib/python3.12/site-packages/sklearn/linear_model/_coordinate_descent.py:716: ConvergenceWarning: Objective did not converge. You might want to increase the number of iterations, check the scale of the features or consider increasing regularisation. Duality gap: 3.665e+07, tolerance: 2.540e+05
  model = cd_fast.enet_coordinate_descent(
/root/miniconda3/lib/python3.12/site-packages/sklearn/linear_model/_coordinate_descent.py:716: ConvergenceWarning: Objective did not converge. You might want to increase the number of iterations, check the scale of the features or consider increasing regularisation. Duality gap: 3.970e+07, tolerance: 2.770e+05
  model = cd_fast.enet_coordinate_descent(
/root/miniconda3/lib/python3.12/site-packages/sklearn/linear_model/_coordinate_descent.py:716: ConvergenceWarning: Objective did not converge. You might want to increase the number of iterations, check the scale of the features or consider increasing regularisation. Duality gap: 2.478e+07, tolerance: 1.755e+05
  model = cd_fast.enet_coordinate_descent(
/root/miniconda3/lib/python3.12/site-packages/sklearn/linear_model/_coordinate_descent.py:716: ConvergenceWarning: Objective did not converge. You might want to increase the number of iterations, check the scale of the features or consider increasing regularisation. Duality gap: 2.829e+07, tolerance: 1.563e+05
  model = cd_fast.enet_coordinate_descent(
/root/miniconda3/lib/python3.12/site-packages/sklearn/linear_model/_coordinate_descent.py:716: ConvergenceWarning: Objective did not converge. You might want to increase the number of iterations, check the scale of the features or consider increasing regularisation. Duality gap: 3.232e+07, tolerance: 1.547e+05
  model = cd_fast.enet_coordinate_descent(
/root/miniconda3/lib/python3.12/site-packages/sklearn/linear_model/_coordinate_descent.py:716: ConvergenceWarning: Objective did not converge. You might want to increase the number of iterations, check the scale of the features or consider increasing regularisation. Duality gap: 2.737e+07, tolerance: 1.547e+05
  model = cd_fast.enet_coordinate_descent(
/root/miniconda3/lib/python3.12/site-packages/sklearn/linear_model/_coordinate_descent.py:716: ConvergenceWarning: Objective did not converge. You might want to increase the number of iterations, check the scale of the features or consider increasing regularisation. Duality gap: 3.137e+07, tolerance: 1.806e+05
  model = cd_fast.enet_coordinate_descent(
/root/miniconda3/lib/python3.12/site-packages/sklearn/linear_model/_coordinate_descent.py:716: ConvergenceWarning: Objective did not converge. You might want to increase the number of iterations, check the scale of the features or consider increasing regularisation. Duality gap: 3.269e+07, tolerance: 2.435e+05
  model = cd_fast.enet_coordinate_descent(
/root/miniconda3/lib/python3.12/site-packages/sklearn/linear_model/_coordinate_descent.py:716: ConvergenceWarning: Objective did not converge. You might want to increase the number of iterations, check the scale of the features or consider increasing regularisation. Duality gap: 5.111e+07, tolerance: 2.585e+05
  model = cd_fast.enet_coordinate_descent(
/root/miniconda3/lib/python3.12/site-packages/sklearn/linear_model/_coordinate_descent.py:716: ConvergenceWarning: Objective did not converge. You might want to increase the number of iterations, check the scale of the features or consider increasing regularisation. Duality gap: 3.647e+07, tolerance: 1.885e+05
  model = cd_fast.enet_coordinate_descent(
/root/miniconda3/lib/python3.12/site-packages/sklearn/linear_model/_coordinate_descent.py:716: ConvergenceWarning: Objective did not converge. You might want to increase the number of iterations, check the scale of the features or consider increasing regularisation. Duality gap: 3.477e+07, tolerance: 1.562e+05
  model = cd_fast.enet_coordinate_descent(
/root/miniconda3/lib/python3.12/site-packages/sklearn/linear_model/_coordinate_descent.py:716: ConvergenceWarning: Objective did not converge. You might want to increase the number of iterations, check the scale of the features or consider increasing regularisation. Duality gap: 3.447e+07, tolerance: 1.480e+05
  model = cd_fast.enet_coordinate_descent(
/root/miniconda3/lib/python3.12/site-packages/sklearn/linear_model/_coordinate_descent.py:716: ConvergenceWarning: Objective did not converge. You might want to increase the number of iterations, check the scale of the features or consider increasing regularisation. Duality gap: 3.225e+07, tolerance: 1.433e+05
  model = cd_fast.enet_coordinate_descent(
/root/miniconda3/lib/python3.12/site-packages/sklearn/linear_model/_coordinate_descent.py:716: ConvergenceWarning: Objective did not converge. You might want to increase the number of iterations, check the scale of the features or consider increasing regularisation. Duality gap: 2.889e+07, tolerance: 1.704e+05
  model = cd_fast.enet_coordinate_descent(
/root/miniconda3/lib/python3.12/site-packages/sklearn/linear_model/_coordinate_descent.py:716: ConvergenceWarning: Objective did not converge. You might want to increase the number of iterations, check the scale of the features or consider increasing regularisation. Duality gap: 2.351e+07, tolerance: 2.412e+05
  model = cd_fast.enet_coordinate_descent(
/root/miniconda3/lib/python3.12/site-packages/sklearn/linear_model/_coordinate_descent.py:716: ConvergenceWarning: Objective did not converge. You might want to increase the number of iterations, check the scale of the features or consider increasing regularisation. Duality gap: 3.178e+07, tolerance: 2.686e+05
  model = cd_fast.enet_coordinate_descent(
/root/miniconda3/lib/python3.12/site-packages/sklearn/linear_model/_coordinate_descent.py:716: ConvergenceWarning: Objective did not converge. You might want to increase the number of iterations, check the scale of the features or consider increasing regularisation. Duality gap: 2.690e+07, tolerance: 1.745e+05
  model = cd_fast.enet_coordinate_descent(
/root/miniconda3/lib/python3.12/site-packages/sklearn/linear_model/_coordinate_descent.py:716: ConvergenceWarning: Objective did not converge. You might want to increase the number of iterations, check the scale of the features or consider increasing regularisation. Duality gap: 2.094e+07, tolerance: 1.435e+05
  model = cd_fast.enet_coordinate_descent(
/root/miniconda3/lib/python3.12/site-packages/sklearn/linear_model/_coordinate_descent.py:716: ConvergenceWarning: Objective did not converge. You might want to increase the number of iterations, check the scale of the features or consider increasing regularisation. Duality gap: 2.167e+07, tolerance: 1.370e+05
  model = cd_fast.enet_coordinate_descent(
/root/miniconda3/lib/python3.12/site-packages/sklearn/linear_model/_coordinate_descent.py:716: ConvergenceWarning: Objective did not converge. You might want to increase the number of iterations, check the scale of the features or consider increasing regularisation. Duality gap: 1.946e+07, tolerance: 1.397e+05
  model = cd_fast.enet_coordinate_descent(
/root/miniconda3/lib/python3.12/site-packages/sklearn/linear_model/_coordinate_descent.py:716: ConvergenceWarning: Objective did not converge. You might want to increase the number of iterations, check the scale of the features or consider increasing regularisation. Duality gap: 2.150e+07, tolerance: 1.707e+05
  model = cd_fast.enet_coordinate_descent(
/root/miniconda3/lib/python3.12/site-packages/sklearn/linear_model/_coordinate_descent.py:716: ConvergenceWarning: Objective did not converge. You might want to increase the number of iterations, check the scale of the features or consider increasing regularisation. Duality gap: 3.265e+07, tolerance: 2.506e+05
  model = cd_fast.enet_coordinate_descent(
/root/miniconda3/lib/python3.12/site-packages/sklearn/linear_model/_coordinate_descent.py:716: ConvergenceWarning: Objective did not converge. You might want to increase the number of iterations, check the scale of the features or consider increasing regularisation. Duality gap: 4.171e+07, tolerance: 2.727e+05
  model = cd_fast.enet_coordinate_descent(
/root/miniconda3/lib/python3.12/site-packages/sklearn/linear_model/_coordinate_descent.py:716: ConvergenceWarning: Objective did not converge. You might want to increase the number of iterations, check the scale of the features or consider increasing regularisation. Duality gap: 2.459e+07, tolerance: 1.728e+05
  model = cd_fast.enet_coordinate_descent(
/root/miniconda3/lib/python3.12/site-packages/sklearn/linear_model/_coordinate_descent.py:716: ConvergenceWarning: Objective did not converge. You might want to increase the number of iterations, check the scale of the features or consider increasing regularisation. Duality gap: 2.014e+07, tolerance: 1.451e+05
  model = cd_fast.enet_coordinate_descent(
/root/miniconda3/lib/python3.12/site-packages/sklearn/linear_model/_coordinate_descent.py:716: ConvergenceWarning: Objective did not converge. You might want to increase the number of iterations, check the scale of the features or consider increasing regularisation. Duality gap: 2.162e+07, tolerance: 1.371e+05
  model = cd_fast.enet_coordinate_descent(
/root/miniconda3/lib/python3.12/site-packages/sklearn/linear_model/_coordinate_descent.py:716: ConvergenceWarning: Objective did not converge. You might want to increase the number of iterations, check the scale of the features or consider increasing regularisation. Duality gap: 2.214e+07, tolerance: 1.373e+05
  model = cd_fast.enet_coordinate_descent(
/root/miniconda3/lib/python3.12/site-packages/sklearn/linear_model/_coordinate_descent.py:716: ConvergenceWarning: Objective did not converge. You might want to increase the number of iterations, check the scale of the features or consider increasing regularisation. Duality gap: 2.541e+07, tolerance: 1.707e+05
  model = cd_fast.enet_coordinate_descent(
/root/miniconda3/lib/python3.12/site-packages/sklearn/linear_model/_coordinate_descent.py:716: ConvergenceWarning: Objective did not converge. You might want to increase the number of iterations, check the scale of the features or consider increasing regularisation. Duality gap: 3.665e+07, tolerance: 2.540e+05
  model = cd_fast.enet_coordinate_descent(
/root/miniconda3/lib/python3.12/site-packages/sklearn/linear_model/_coordinate_descent.py:716: ConvergenceWarning: Objective did not converge. You might want to increase the number of iterations, check the scale of the features or consider increasing regularisation. Duality gap: 3.970e+07, tolerance: 2.770e+05
  model = cd_fast.enet_coordinate_descent(
/root/miniconda3/lib/python3.12/site-packages/sklearn/linear_model/_coordinate_descent.py:716: ConvergenceWarning: Objective did not converge. You might want to increase the number of iterations, check the scale of the features or consider increasing regularisation. Duality gap: 2.478e+07, tolerance: 1.755e+05
  model = cd_fast.enet_coordinate_descent(
/root/miniconda3/lib/python3.12/site-packages/sklearn/linear_model/_coordinate_descent.py:716: ConvergenceWarning: Objective did not converge. You might want to increase the number of iterations, check the scale of the features or consider increasing regularisation. Duality gap: 2.829e+07, tolerance: 1.563e+05
  model = cd_fast.enet_coordinate_descent(
/root/miniconda3/lib/python3.12/site-packages/sklearn/linear_model/_coordinate_descent.py:716: ConvergenceWarning: Objective did not converge. You might want to increase the number of iterations, check the scale of the features or consider increasing regularisation. Duality gap: 3.232e+07, tolerance: 1.547e+05
  model = cd_fast.enet_coordinate_descent(
/root/miniconda3/lib/python3.12/site-packages/sklearn/linear_model/_coordinate_descent.py:716: ConvergenceWarning: Objective did not converge. You might want to increase the number of iterations, check the scale of the features or consider increasing regularisation. Duality gap: 2.737e+07, tolerance: 1.547e+05
  model = cd_fast.enet_coordinate_descent(
/root/miniconda3/lib/python3.12/site-packages/sklearn/linear_model/_coordinate_descent.py:716: ConvergenceWarning: Objective did not converge. You might want to increase the number of iterations, check the scale of the features or consider increasing regularisation. Duality gap: 3.137e+07, tolerance: 1.806e+05
  model = cd_fast.enet_coordinate_descent(
/root/miniconda3/lib/python3.12/site-packages/sklearn/linear_model/_coordinate_descent.py:716: ConvergenceWarning: Objective did not converge. You might want to increase the number of iterations, check the scale of the features or consider increasing regularisation. Duality gap: 3.269e+07, tolerance: 2.435e+05
  model = cd_fast.enet_coordinate_descent(
/root/miniconda3/lib/python3.12/site-packages/sklearn/linear_model/_coordinate_descent.py:716: ConvergenceWarning: Objective did not converge. You might want to increase the number of iterations, check the scale of the features or consider increasing regularisation. Duality gap: 5.111e+07, tolerance: 2.585e+05
  model = cd_fast.enet_coordinate_descent(
/root/miniconda3/lib/python3.12/site-packages/sklearn/linear_model/_coordinate_descent.py:716: ConvergenceWarning: Objective did not converge. You might want to increase the number of iterations, check the scale of the features or consider increasing regularisation. Duality gap: 3.647e+07, tolerance: 1.885e+05
  model = cd_fast.enet_coordinate_descent(
/root/miniconda3/lib/python3.12/site-packages/sklearn/linear_model/_coordinate_descent.py:716: ConvergenceWarning: Objective did not converge. You might want to increase the number of iterations, check the scale of the features or consider increasing regularisation. Duality gap: 3.477e+07, tolerance: 1.562e+05
  model = cd_fast.enet_coordinate_descent(
/root/miniconda3/lib/python3.12/site-packages/sklearn/linear_model/_coordinate_descent.py:716: ConvergenceWarning: Objective did not converge. You might want to increase the number of iterations, check the scale of the features or consider increasing regularisation. Duality gap: 3.447e+07, tolerance: 1.480e+05
  model = cd_fast.enet_coordinate_descent(
/root/miniconda3/lib/python3.12/site-packages/sklearn/linear_model/_coordinate_descent.py:716: ConvergenceWarning: Objective did not converge. You might want to increase the number of iterations, check the scale of the features or consider increasing regularisation. Duality gap: 3.225e+07, tolerance: 1.433e+05
  model = cd_fast.enet_coordinate_descent(
/root/miniconda3/lib/python3.12/site-packages/sklearn/linear_model/_coordinate_descent.py:716: ConvergenceWarning: Objective did not converge. You might want to increase the number of iterations, check the scale of the features or consider increasing regularisation. Duality gap: 2.889e+07, tolerance: 1.704e+05
  model = cd_fast.enet_coordinate_descent(
/root/miniconda3/lib/python3.12/site-packages/sklearn/linear_model/_coordinate_descent.py:716: ConvergenceWarning: Objective did not converge. You might want to increase the number of iterations, check the scale of the features or consider increasing regularisation. Duality gap: 2.300e+07, tolerance: 2.412e+05
  model = cd_fast.enet_coordinate_descent(
/root/miniconda3/lib/python3.12/site-packages/sklearn/linear_model/_coordinate_descent.py:716: ConvergenceWarning: Objective did not converge. You might want to increase the number of iterations, check the scale of the features or consider increasing regularisation. Duality gap: 3.002e+07, tolerance: 2.686e+05
  model = cd_fast.enet_coordinate_descent(
/root/miniconda3/lib/python3.12/site-packages/sklearn/linear_model/_coordinate_descent.py:716: ConvergenceWarning: Objective did not converge. You might want to increase the number of iterations, check the scale of the features or consider increasing regularisation. Duality gap: 2.588e+07, tolerance: 1.745e+05
  model = cd_fast.enet_coordinate_descent(
/root/miniconda3/lib/python3.12/site-packages/sklearn/linear_model/_coordinate_descent.py:716: ConvergenceWarning: Objective did not converge. You might want to increase the number of iterations, check the scale of the features or consider increasing regularisation. Duality gap: 2.049e+07, tolerance: 1.435e+05
  model = cd_fast.enet_coordinate_descent(
/root/miniconda3/lib/python3.12/site-packages/sklearn/linear_model/_coordinate_descent.py:716: ConvergenceWarning: Objective did not converge. You might want to increase the number of iterations, check the scale of the features or consider increasing regularisation. Duality gap: 2.124e+07, tolerance: 1.370e+05
  model = cd_fast.enet_coordinate_descent(
/root/miniconda3/lib/python3.12/site-packages/sklearn/linear_model/_coordinate_descent.py:716: ConvergenceWarning: Objective did not converge. You might want to increase the number of iterations, check the scale of the features or consider increasing regularisation. Duality gap: 1.903e+07, tolerance: 1.397e+05
  model = cd_fast.enet_coordinate_descent(
/root/miniconda3/lib/python3.12/site-packages/sklearn/linear_model/_coordinate_descent.py:716: ConvergenceWarning: Objective did not converge. You might want to increase the number of iterations, check the scale of the features or consider increasing regularisation. Duality gap: 2.063e+07, tolerance: 1.707e+05
  model = cd_fast.enet_coordinate_descent(
/root/miniconda3/lib/python3.12/site-packages/sklearn/linear_model/_coordinate_descent.py:716: ConvergenceWarning: Objective did not converge. You might want to increase the number of iterations, check the scale of the features or consider increasing regularisation. Duality gap: 3.133e+07, tolerance: 2.506e+05
  model = cd_fast.enet_coordinate_descent(
/root/miniconda3/lib/python3.12/site-packages/sklearn/linear_model/_coordinate_descent.py:716: ConvergenceWarning: Objective did not converge. You might want to increase the number of iterations, check the scale of the features or consider increasing regularisation. Duality gap: 3.911e+07, tolerance: 2.727e+05
  model = cd_fast.enet_coordinate_descent(
/root/miniconda3/lib/python3.12/site-packages/sklearn/linear_model/_coordinate_descent.py:716: ConvergenceWarning: Objective did not converge. You might want to increase the number of iterations, check the scale of the features or consider increasing regularisation. Duality gap: 2.421e+07, tolerance: 1.728e+05
  model = cd_fast.enet_coordinate_descent(
/root/miniconda3/lib/python3.12/site-packages/sklearn/linear_model/_coordinate_descent.py:716: ConvergenceWarning: Objective did not converge. You might want to increase the number of iterations, check the scale of the features or consider increasing regularisation. Duality gap: 1.957e+07, tolerance: 1.451e+05
  model = cd_fast.enet_coordinate_descent(
/root/miniconda3/lib/python3.12/site-packages/sklearn/linear_model/_coordinate_descent.py:716: ConvergenceWarning: Objective did not converge. You might want to increase the number of iterations, check the scale of the features or consider increasing regularisation. Duality gap: 2.117e+07, tolerance: 1.371e+05
  model = cd_fast.enet_coordinate_descent(
/root/miniconda3/lib/python3.12/site-packages/sklearn/linear_model/_coordinate_descent.py:716: ConvergenceWarning: Objective did not converge. You might want to increase the number of iterations, check the scale of the features or consider increasing regularisation. Duality gap: 2.158e+07, tolerance: 1.373e+05
  model = cd_fast.enet_coordinate_descent(
/root/miniconda3/lib/python3.12/site-packages/sklearn/linear_model/_coordinate_descent.py:716: ConvergenceWarning: Objective did not converge. You might want to increase the number of iterations, check the scale of the features or consider increasing regularisation. Duality gap: 2.448e+07, tolerance: 1.707e+05
  model = cd_fast.enet_coordinate_descent(
/root/miniconda3/lib/python3.12/site-packages/sklearn/linear_model/_coordinate_descent.py:716: ConvergenceWarning: Objective did not converge. You might want to increase the number of iterations, check the scale of the features or consider increasing regularisation. Duality gap: 3.476e+07, tolerance: 2.540e+05
  model = cd_fast.enet_coordinate_descent(
/root/miniconda3/lib/python3.12/site-packages/sklearn/linear_model/_coordinate_descent.py:716: ConvergenceWarning: Objective did not converge. You might want to increase the number of iterations, check the scale of the features or consider increasing regularisation. Duality gap: 3.707e+07, tolerance: 2.770e+05
  model = cd_fast.enet_coordinate_descent(
/root/miniconda3/lib/python3.12/site-packages/sklearn/linear_model/_coordinate_descent.py:716: ConvergenceWarning: Objective did not converge. You might want to increase the number of iterations, check the scale of the features or consider increasing regularisation. Duality gap: 2.413e+07, tolerance: 1.755e+05
  model = cd_fast.enet_coordinate_descent(
/root/miniconda3/lib/python3.12/site-packages/sklearn/linear_model/_coordinate_descent.py:716: ConvergenceWarning: Objective did not converge. You might want to increase the number of iterations, check the scale of the features or consider increasing regularisation. Duality gap: 2.777e+07, tolerance: 1.563e+05
  model = cd_fast.enet_coordinate_descent(
/root/miniconda3/lib/python3.12/site-packages/sklearn/linear_model/_coordinate_descent.py:716: ConvergenceWarning: Objective did not converge. You might want to increase the number of iterations, check the scale of the features or consider increasing regularisation. Duality gap: 3.161e+07, tolerance: 1.547e+05
  model = cd_fast.enet_coordinate_descent(
/root/miniconda3/lib/python3.12/site-packages/sklearn/linear_model/_coordinate_descent.py:716: ConvergenceWarning: Objective did not converge. You might want to increase the number of iterations, check the scale of the features or consider increasing regularisation. Duality gap: 2.655e+07, tolerance: 1.547e+05
  model = cd_fast.enet_coordinate_descent(
/root/miniconda3/lib/python3.12/site-packages/sklearn/linear_model/_coordinate_descent.py:716: ConvergenceWarning: Objective did not converge. You might want to increase the number of iterations, check the scale of the features or consider increasing regularisation. Duality gap: 2.951e+07, tolerance: 1.806e+05
  model = cd_fast.enet_coordinate_descent(
/root/miniconda3/lib/python3.12/site-packages/sklearn/linear_model/_coordinate_descent.py:716: ConvergenceWarning: Objective did not converge. You might want to increase the number of iterations, check the scale of the features or consider increasing regularisation. Duality gap: 3.090e+07, tolerance: 2.435e+05
  model = cd_fast.enet_coordinate_descent(
/root/miniconda3/lib/python3.12/site-packages/sklearn/linear_model/_coordinate_descent.py:716: ConvergenceWarning: Objective did not converge. You might want to increase the number of iterations, check the scale of the features or consider increasing regularisation. Duality gap: 4.698e+07, tolerance: 2.585e+05
  model = cd_fast.enet_coordinate_descent(
/root/miniconda3/lib/python3.12/site-packages/sklearn/linear_model/_coordinate_descent.py:716: ConvergenceWarning: Objective did not converge. You might want to increase the number of iterations, check the scale of the features or consider increasing regularisation. Duality gap: 3.583e+07, tolerance: 1.885e+05
  model = cd_fast.enet_coordinate_descent(
/root/miniconda3/lib/python3.12/site-packages/sklearn/linear_model/_coordinate_descent.py:716: ConvergenceWarning: Objective did not converge. You might want to increase the number of iterations, check the scale of the features or consider increasing regularisation. Duality gap: 3.300e+07, tolerance: 1.562e+05
  model = cd_fast.enet_coordinate_descent(
/root/miniconda3/lib/python3.12/site-packages/sklearn/linear_model/_coordinate_descent.py:716: ConvergenceWarning: Objective did not converge. You might want to increase the number of iterations, check the scale of the features or consider increasing regularisation. Duality gap: 3.350e+07, tolerance: 1.480e+05
  model = cd_fast.enet_coordinate_descent(
/root/miniconda3/lib/python3.12/site-packages/sklearn/linear_model/_coordinate_descent.py:716: ConvergenceWarning: Objective did not converge. You might want to increase the number of iterations, check the scale of the features or consider increasing regularisation. Duality gap: 3.010e+07, tolerance: 1.433e+05
  model = cd_fast.enet_coordinate_descent(
/root/miniconda3/lib/python3.12/site-packages/sklearn/linear_model/_coordinate_descent.py:716: ConvergenceWarning: Objective did not converge. You might want to increase the number of iterations, check the scale of the features or consider increasing regularisation. Duality gap: 2.772e+07, tolerance: 1.704e+05
  model = cd_fast.enet_coordinate_descent(
/root/miniconda3/lib/python3.12/site-packages/sklearn/linear_model/_coordinate_descent.py:716: ConvergenceWarning: Objective did not converge. You might want to increase the number of iterations, check the scale of the features or consider increasing regularisation. Duality gap: 2.300e+07, tolerance: 2.412e+05
  model = cd_fast.enet_coordinate_descent(
/root/miniconda3/lib/python3.12/site-packages/sklearn/linear_model/_coordinate_descent.py:716: ConvergenceWarning: Objective did not converge. You might want to increase the number of iterations, check the scale of the features or consider increasing regularisation. Duality gap: 3.002e+07, tolerance: 2.686e+05
  model = cd_fast.enet_coordinate_descent(
/root/miniconda3/lib/python3.12/site-packages/sklearn/linear_model/_coordinate_descent.py:716: ConvergenceWarning: Objective did not converge. You might want to increase the number of iterations, check the scale of the features or consider increasing regularisation. Duality gap: 2.588e+07, tolerance: 1.745e+05
  model = cd_fast.enet_coordinate_descent(
/root/miniconda3/lib/python3.12/site-packages/sklearn/linear_model/_coordinate_descent.py:716: ConvergenceWarning: Objective did not converge. You might want to increase the number of iterations, check the scale of the features or consider increasing regularisation. Duality gap: 2.049e+07, tolerance: 1.435e+05
  model = cd_fast.enet_coordinate_descent(
/root/miniconda3/lib/python3.12/site-packages/sklearn/linear_model/_coordinate_descent.py:716: ConvergenceWarning: Objective did not converge. You might want to increase the number of iterations, check the scale of the features or consider increasing regularisation. Duality gap: 2.124e+07, tolerance: 1.370e+05
  model = cd_fast.enet_coordinate_descent(
/root/miniconda3/lib/python3.12/site-packages/sklearn/linear_model/_coordinate_descent.py:716: ConvergenceWarning: Objective did not converge. You might want to increase the number of iterations, check the scale of the features or consider increasing regularisation. Duality gap: 1.903e+07, tolerance: 1.397e+05
  model = cd_fast.enet_coordinate_descent(
/root/miniconda3/lib/python3.12/site-packages/sklearn/linear_model/_coordinate_descent.py:716: ConvergenceWarning: Objective did not converge. You might want to increase the number of iterations, check the scale of the features or consider increasing regularisation. Duality gap: 2.063e+07, tolerance: 1.707e+05
  model = cd_fast.enet_coordinate_descent(
/root/miniconda3/lib/python3.12/site-packages/sklearn/linear_model/_coordinate_descent.py:716: ConvergenceWarning: Objective did not converge. You might want to increase the number of iterations, check the scale of the features or consider increasing regularisation. Duality gap: 3.133e+07, tolerance: 2.506e+05
  model = cd_fast.enet_coordinate_descent(
/root/miniconda3/lib/python3.12/site-packages/sklearn/linear_model/_coordinate_descent.py:716: ConvergenceWarning: Objective did not converge. You might want to increase the number of iterations, check the scale of the features or consider increasing regularisation. Duality gap: 3.911e+07, tolerance: 2.727e+05
  model = cd_fast.enet_coordinate_descent(
/root/miniconda3/lib/python3.12/site-packages/sklearn/linear_model/_coordinate_descent.py:716: ConvergenceWarning: Objective did not converge. You might want to increase the number of iterations, check the scale of the features or consider increasing regularisation. Duality gap: 2.421e+07, tolerance: 1.728e+05
  model = cd_fast.enet_coordinate_descent(
/root/miniconda3/lib/python3.12/site-packages/sklearn/linear_model/_coordinate_descent.py:716: ConvergenceWarning: Objective did not converge. You might want to increase the number of iterations, check the scale of the features or consider increasing regularisation. Duality gap: 1.957e+07, tolerance: 1.451e+05
  model = cd_fast.enet_coordinate_descent(
/root/miniconda3/lib/python3.12/site-packages/sklearn/linear_model/_coordinate_descent.py:716: ConvergenceWarning: Objective did not converge. You might want to increase the number of iterations, check the scale of the features or consider increasing regularisation. Duality gap: 2.117e+07, tolerance: 1.371e+05
  model = cd_fast.enet_coordinate_descent(
/root/miniconda3/lib/python3.12/site-packages/sklearn/linear_model/_coordinate_descent.py:716: ConvergenceWarning: Objective did not converge. You might want to increase the number of iterations, check the scale of the features or consider increasing regularisation. Duality gap: 2.158e+07, tolerance: 1.373e+05
  model = cd_fast.enet_coordinate_descent(
/root/miniconda3/lib/python3.12/site-packages/sklearn/linear_model/_coordinate_descent.py:716: ConvergenceWarning: Objective did not converge. You might want to increase the number of iterations, check the scale of the features or consider increasing regularisation. Duality gap: 2.448e+07, tolerance: 1.707e+05
  model = cd_fast.enet_coordinate_descent(
/root/miniconda3/lib/python3.12/site-packages/sklearn/linear_model/_coordinate_descent.py:716: ConvergenceWarning: Objective did not converge. You might want to increase the number of iterations, check the scale of the features or consider increasing regularisation. Duality gap: 3.476e+07, tolerance: 2.540e+05
  model = cd_fast.enet_coordinate_descent(
/root/miniconda3/lib/python3.12/site-packages/sklearn/linear_model/_coordinate_descent.py:716: ConvergenceWarning: Objective did not converge. You might want to increase the number of iterations, check the scale of the features or consider increasing regularisation. Duality gap: 3.707e+07, tolerance: 2.770e+05
  model = cd_fast.enet_coordinate_descent(
/root/miniconda3/lib/python3.12/site-packages/sklearn/linear_model/_coordinate_descent.py:716: ConvergenceWarning: Objective did not converge. You might want to increase the number of iterations, check the scale of the features or consider increasing regularisation. Duality gap: 2.413e+07, tolerance: 1.755e+05
  model = cd_fast.enet_coordinate_descent(
/root/miniconda3/lib/python3.12/site-packages/sklearn/linear_model/_coordinate_descent.py:716: ConvergenceWarning: Objective did not converge. You might want to increase the number of iterations, check the scale of the features or consider increasing regularisation. Duality gap: 2.777e+07, tolerance: 1.563e+05
  model = cd_fast.enet_coordinate_descent(
/root/miniconda3/lib/python3.12/site-packages/sklearn/linear_model/_coordinate_descent.py:716: ConvergenceWarning: Objective did not converge. You might want to increase the number of iterations, check the scale of the features or consider increasing regularisation. Duality gap: 3.161e+07, tolerance: 1.547e+05
  model = cd_fast.enet_coordinate_descent(
/root/miniconda3/lib/python3.12/site-packages/sklearn/linear_model/_coordinate_descent.py:716: ConvergenceWarning: Objective did not converge. You might want to increase the number of iterations, check the scale of the features or consider increasing regularisation. Duality gap: 2.655e+07, tolerance: 1.547e+05
  model = cd_fast.enet_coordinate_descent(
/root/miniconda3/lib/python3.12/site-packages/sklearn/linear_model/_coordinate_descent.py:716: ConvergenceWarning: Objective did not converge. You might want to increase the number of iterations, check the scale of the features or consider increasing regularisation. Duality gap: 2.951e+07, tolerance: 1.806e+05
  model = cd_fast.enet_coordinate_descent(
/root/miniconda3/lib/python3.12/site-packages/sklearn/linear_model/_coordinate_descent.py:716: ConvergenceWarning: Objective did not converge. You might want to increase the number of iterations, check the scale of the features or consider increasing regularisation. Duality gap: 3.090e+07, tolerance: 2.435e+05
  model = cd_fast.enet_coordinate_descent(
/root/miniconda3/lib/python3.12/site-packages/sklearn/linear_model/_coordinate_descent.py:716: ConvergenceWarning: Objective did not converge. You might want to increase the number of iterations, check the scale of the features or consider increasing regularisation. Duality gap: 4.698e+07, tolerance: 2.585e+05
  model = cd_fast.enet_coordinate_descent(
/root/miniconda3/lib/python3.12/site-packages/sklearn/linear_model/_coordinate_descent.py:716: ConvergenceWarning: Objective did not converge. You might want to increase the number of iterations, check the scale of the features or consider increasing regularisation. Duality gap: 3.583e+07, tolerance: 1.885e+05
  model = cd_fast.enet_coordinate_descent(
/root/miniconda3/lib/python3.12/site-packages/sklearn/linear_model/_coordinate_descent.py:716: ConvergenceWarning: Objective did not converge. You might want to increase the number of iterations, check the scale of the features or consider increasing regularisation. Duality gap: 3.300e+07, tolerance: 1.562e+05
  model = cd_fast.enet_coordinate_descent(
/root/miniconda3/lib/python3.12/site-packages/sklearn/linear_model/_coordinate_descent.py:716: ConvergenceWarning: Objective did not converge. You might want to increase the number of iterations, check the scale of the features or consider increasing regularisation. Duality gap: 3.350e+07, tolerance: 1.480e+05
  model = cd_fast.enet_coordinate_descent(
/root/miniconda3/lib/python3.12/site-packages/sklearn/linear_model/_coordinate_descent.py:716: ConvergenceWarning: Objective did not converge. You might want to increase the number of iterations, check the scale of the features or consider increasing regularisation. Duality gap: 3.010e+07, tolerance: 1.433e+05
  model = cd_fast.enet_coordinate_descent(
/root/miniconda3/lib/python3.12/site-packages/sklearn/linear_model/_coordinate_descent.py:716: ConvergenceWarning: Objective did not converge. You might want to increase the number of iterations, check the scale of the features or consider increasing regularisation. Duality gap: 2.772e+07, tolerance: 1.704e+05
  model = cd_fast.enet_coordinate_descent(

=== Running task: state_dept ===
/root/miniconda3/lib/python3.12/site-packages/sklearn/linear_model/_coordinate_descent.py:716: ConvergenceWarning: Objective did not converge. You might want to increase the number of iterations, check the scale of the features or consider increasing regularisation. Duality gap: 3.203e+07, tolerance: 5.963e+05
  model = cd_fast.enet_coordinate_descent(
/root/miniconda3/lib/python3.12/site-packages/sklearn/linear_model/_coordinate_descent.py:716: ConvergenceWarning: Objective did not converge. You might want to increase the number of iterations, check the scale of the features or consider increasing regularisation. Duality gap: 4.575e+07, tolerance: 6.412e+05
  model = cd_fast.enet_coordinate_descent(
/root/miniconda3/lib/python3.12/site-packages/sklearn/linear_model/_coordinate_descent.py:716: ConvergenceWarning: Objective did not converge. You might want to increase the number of iterations, check the scale of the features or consider increasing regularisation. Duality gap: 4.695e+07, tolerance: 3.941e+05
  model = cd_fast.enet_coordinate_descent(
/root/miniconda3/lib/python3.12/site-packages/sklearn/linear_model/_coordinate_descent.py:716: ConvergenceWarning: Objective did not converge. You might want to increase the number of iterations, check the scale of the features or consider increasing regularisation. Duality gap: 2.656e+07, tolerance: 3.166e+05
  model = cd_fast.enet_coordinate_descent(
/root/miniconda3/lib/python3.12/site-packages/sklearn/linear_model/_coordinate_descent.py:716: ConvergenceWarning: Objective did not converge. You might want to increase the number of iterations, check the scale of the features or consider increasing regularisation. Duality gap: 2.654e+07, tolerance: 3.019e+05
  model = cd_fast.enet_coordinate_descent(
/root/miniconda3/lib/python3.12/site-packages/sklearn/linear_model/_coordinate_descent.py:716: ConvergenceWarning: Objective did not converge. You might want to increase the number of iterations, check the scale of the features or consider increasing regularisation. Duality gap: 2.594e+07, tolerance: 3.175e+05
  model = cd_fast.enet_coordinate_descent(
/root/miniconda3/lib/python3.12/site-packages/sklearn/linear_model/_coordinate_descent.py:716: ConvergenceWarning: Objective did not converge. You might want to increase the number of iterations, check the scale of the features or consider increasing regularisation. Duality gap: 3.386e+07, tolerance: 4.116e+05
  model = cd_fast.enet_coordinate_descent(
/root/miniconda3/lib/python3.12/site-packages/sklearn/linear_model/_coordinate_descent.py:716: ConvergenceWarning: Objective did not converge. You might want to increase the number of iterations, check the scale of the features or consider increasing regularisation. Duality gap: 5.194e+07, tolerance: 6.120e+05
  model = cd_fast.enet_coordinate_descent(
/root/miniconda3/lib/python3.12/site-packages/sklearn/linear_model/_coordinate_descent.py:716: ConvergenceWarning: Objective did not converge. You might want to increase the number of iterations, check the scale of the features or consider increasing regularisation. Duality gap: 6.125e+07, tolerance: 6.518e+05
  model = cd_fast.enet_coordinate_descent(
/root/miniconda3/lib/python3.12/site-packages/sklearn/linear_model/_coordinate_descent.py:716: ConvergenceWarning: Objective did not converge. You might want to increase the number of iterations, check the scale of the features or consider increasing regularisation. Duality gap: 3.597e+07, tolerance: 3.880e+05
  model = cd_fast.enet_coordinate_descent(
/root/miniconda3/lib/python3.12/site-packages/sklearn/linear_model/_coordinate_descent.py:716: ConvergenceWarning: Objective did not converge. You might want to increase the number of iterations, check the scale of the features or consider increasing regularisation. Duality gap: 2.695e+07, tolerance: 3.200e+05
  model = cd_fast.enet_coordinate_descent(
/root/miniconda3/lib/python3.12/site-packages/sklearn/linear_model/_coordinate_descent.py:716: ConvergenceWarning: Objective did not converge. You might want to increase the number of iterations, check the scale of the features or consider increasing regularisation. Duality gap: 2.821e+07, tolerance: 3.019e+05
  model = cd_fast.enet_coordinate_descent(
/root/miniconda3/lib/python3.12/site-packages/sklearn/linear_model/_coordinate_descent.py:716: ConvergenceWarning: Objective did not converge. You might want to increase the number of iterations, check the scale of the features or consider increasing regularisation. Duality gap: 3.076e+07, tolerance: 3.078e+05
  model = cd_fast.enet_coordinate_descent(
/root/miniconda3/lib/python3.12/site-packages/sklearn/linear_model/_coordinate_descent.py:716: ConvergenceWarning: Objective did not converge. You might want to increase the number of iterations, check the scale of the features or consider increasing regularisation. Duality gap: 4.114e+07, tolerance: 4.043e+05
  model = cd_fast.enet_coordinate_descent(
/root/miniconda3/lib/python3.12/site-packages/sklearn/linear_model/_coordinate_descent.py:716: ConvergenceWarning: Objective did not converge. You might want to increase the number of iterations, check the scale of the features or consider increasing regularisation. Duality gap: 6.029e+07, tolerance: 6.190e+05
  model = cd_fast.enet_coordinate_descent(
/root/miniconda3/lib/python3.12/site-packages/sklearn/linear_model/_coordinate_descent.py:716: ConvergenceWarning: Objective did not converge. You might want to increase the number of iterations, check the scale of the features or consider increasing regularisation. Duality gap: 6.563e+07, tolerance: 6.652e+05
  model = cd_fast.enet_coordinate_descent(
/root/miniconda3/lib/python3.12/site-packages/sklearn/linear_model/_coordinate_descent.py:716: ConvergenceWarning: Objective did not converge. You might want to increase the number of iterations, check the scale of the features or consider increasing regularisation. Duality gap: 4.089e+07, tolerance: 3.898e+05
  model = cd_fast.enet_coordinate_descent(
/root/miniconda3/lib/python3.12/site-packages/sklearn/linear_model/_coordinate_descent.py:716: ConvergenceWarning: Objective did not converge. You might want to increase the number of iterations, check the scale of the features or consider increasing regularisation. Duality gap: 4.602e+07, tolerance: 3.438e+05
  model = cd_fast.enet_coordinate_descent(
/root/miniconda3/lib/python3.12/site-packages/sklearn/linear_model/_coordinate_descent.py:716: ConvergenceWarning: Objective did not converge. You might want to increase the number of iterations, check the scale of the features or consider increasing regularisation. Duality gap: 6.166e+07, tolerance: 3.413e+05
  model = cd_fast.enet_coordinate_descent(
/root/miniconda3/lib/python3.12/site-packages/sklearn/linear_model/_coordinate_descent.py:716: ConvergenceWarning: Objective did not converge. You might want to increase the number of iterations, check the scale of the features or consider increasing regularisation. Duality gap: 5.300e+07, tolerance: 3.451e+05
  model = cd_fast.enet_coordinate_descent(
/root/miniconda3/lib/python3.12/site-packages/sklearn/linear_model/_coordinate_descent.py:716: ConvergenceWarning: Objective did not converge. You might want to increase the number of iterations, check the scale of the features or consider increasing regularisation. Duality gap: 5.881e+07, tolerance: 4.301e+05
  model = cd_fast.enet_coordinate_descent(
/root/miniconda3/lib/python3.12/site-packages/sklearn/linear_model/_coordinate_descent.py:716: ConvergenceWarning: Objective did not converge. You might want to increase the number of iterations, check the scale of the features or consider increasing regularisation. Duality gap: 5.370e+07, tolerance: 5.958e+05
  model = cd_fast.enet_coordinate_descent(
/root/miniconda3/lib/python3.12/site-packages/sklearn/linear_model/_coordinate_descent.py:716: ConvergenceWarning: Objective did not converge. You might want to increase the number of iterations, check the scale of the features or consider increasing regularisation. Duality gap: 9.748e+07, tolerance: 6.158e+05
  model = cd_fast.enet_coordinate_descent(
/root/miniconda3/lib/python3.12/site-packages/sklearn/linear_model/_coordinate_descent.py:716: ConvergenceWarning: Objective did not converge. You might want to increase the number of iterations, check the scale of the features or consider increasing regularisation. Duality gap: 6.310e+07, tolerance: 4.241e+05
  model = cd_fast.enet_coordinate_descent(
/root/miniconda3/lib/python3.12/site-packages/sklearn/linear_model/_coordinate_descent.py:716: ConvergenceWarning: Objective did not converge. You might want to increase the number of iterations, check the scale of the features or consider increasing regularisation. Duality gap: 5.805e+07, tolerance: 3.416e+05
  model = cd_fast.enet_coordinate_descent(
/root/miniconda3/lib/python3.12/site-packages/sklearn/linear_model/_coordinate_descent.py:716: ConvergenceWarning: Objective did not converge. You might want to increase the number of iterations, check the scale of the features or consider increasing regularisation. Duality gap: 6.573e+07, tolerance: 3.272e+05
  model = cd_fast.enet_coordinate_descent(
/root/miniconda3/lib/python3.12/site-packages/sklearn/linear_model/_coordinate_descent.py:716: ConvergenceWarning: Objective did not converge. You might want to increase the number of iterations, check the scale of the features or consider increasing regularisation. Duality gap: 5.792e+07, tolerance: 3.206e+05
  model = cd_fast.enet_coordinate_descent(
/root/miniconda3/lib/python3.12/site-packages/sklearn/linear_model/_coordinate_descent.py:716: ConvergenceWarning: Objective did not converge. You might want to increase the number of iterations, check the scale of the features or consider increasing regularisation. Duality gap: 5.285e+07, tolerance: 4.090e+05
  model = cd_fast.enet_coordinate_descent(
/root/miniconda3/lib/python3.12/site-packages/sklearn/linear_model/_coordinate_descent.py:716: ConvergenceWarning: Objective did not converge. You might want to increase the number of iterations, check the scale of the features or consider increasing regularisation. Duality gap: 3.203e+07, tolerance: 5.963e+05
  model = cd_fast.enet_coordinate_descent(
/root/miniconda3/lib/python3.12/site-packages/sklearn/linear_model/_coordinate_descent.py:716: ConvergenceWarning: Objective did not converge. You might want to increase the number of iterations, check the scale of the features or consider increasing regularisation. Duality gap: 4.575e+07, tolerance: 6.412e+05
  model = cd_fast.enet_coordinate_descent(
/root/miniconda3/lib/python3.12/site-packages/sklearn/linear_model/_coordinate_descent.py:716: ConvergenceWarning: Objective did not converge. You might want to increase the number of iterations, check the scale of the features or consider increasing regularisation. Duality gap: 4.695e+07, tolerance: 3.941e+05
  model = cd_fast.enet_coordinate_descent(
/root/miniconda3/lib/python3.12/site-packages/sklearn/linear_model/_coordinate_descent.py:716: ConvergenceWarning: Objective did not converge. You might want to increase the number of iterations, check the scale of the features or consider increasing regularisation. Duality gap: 2.656e+07, tolerance: 3.166e+05
  model = cd_fast.enet_coordinate_descent(
/root/miniconda3/lib/python3.12/site-packages/sklearn/linear_model/_coordinate_descent.py:716: ConvergenceWarning: Objective did not converge. You might want to increase the number of iterations, check the scale of the features or consider increasing regularisation. Duality gap: 2.654e+07, tolerance: 3.019e+05
  model = cd_fast.enet_coordinate_descent(
/root/miniconda3/lib/python3.12/site-packages/sklearn/linear_model/_coordinate_descent.py:716: ConvergenceWarning: Objective did not converge. You might want to increase the number of iterations, check the scale of the features or consider increasing regularisation. Duality gap: 2.594e+07, tolerance: 3.175e+05
  model = cd_fast.enet_coordinate_descent(
/root/miniconda3/lib/python3.12/site-packages/sklearn/linear_model/_coordinate_descent.py:716: ConvergenceWarning: Objective did not converge. You might want to increase the number of iterations, check the scale of the features or consider increasing regularisation. Duality gap: 3.386e+07, tolerance: 4.116e+05
  model = cd_fast.enet_coordinate_descent(
/root/miniconda3/lib/python3.12/site-packages/sklearn/linear_model/_coordinate_descent.py:716: ConvergenceWarning: Objective did not converge. You might want to increase the number of iterations, check the scale of the features or consider increasing regularisation. Duality gap: 5.194e+07, tolerance: 6.120e+05
  model = cd_fast.enet_coordinate_descent(
/root/miniconda3/lib/python3.12/site-packages/sklearn/linear_model/_coordinate_descent.py:716: ConvergenceWarning: Objective did not converge. You might want to increase the number of iterations, check the scale of the features or consider increasing regularisation. Duality gap: 6.125e+07, tolerance: 6.518e+05
  model = cd_fast.enet_coordinate_descent(
/root/miniconda3/lib/python3.12/site-packages/sklearn/linear_model/_coordinate_descent.py:716: ConvergenceWarning: Objective did not converge. You might want to increase the number of iterations, check the scale of the features or consider increasing regularisation. Duality gap: 3.597e+07, tolerance: 3.880e+05
  model = cd_fast.enet_coordinate_descent(
/root/miniconda3/lib/python3.12/site-packages/sklearn/linear_model/_coordinate_descent.py:716: ConvergenceWarning: Objective did not converge. You might want to increase the number of iterations, check the scale of the features or consider increasing regularisation. Duality gap: 2.695e+07, tolerance: 3.200e+05
  model = cd_fast.enet_coordinate_descent(
/root/miniconda3/lib/python3.12/site-packages/sklearn/linear_model/_coordinate_descent.py:716: ConvergenceWarning: Objective did not converge. You might want to increase the number of iterations, check the scale of the features or consider increasing regularisation. Duality gap: 2.821e+07, tolerance: 3.019e+05
  model = cd_fast.enet_coordinate_descent(
/root/miniconda3/lib/python3.12/site-packages/sklearn/linear_model/_coordinate_descent.py:716: ConvergenceWarning: Objective did not converge. You might want to increase the number of iterations, check the scale of the features or consider increasing regularisation. Duality gap: 3.076e+07, tolerance: 3.078e+05
  model = cd_fast.enet_coordinate_descent(
/root/miniconda3/lib/python3.12/site-packages/sklearn/linear_model/_coordinate_descent.py:716: ConvergenceWarning: Objective did not converge. You might want to increase the number of iterations, check the scale of the features or consider increasing regularisation. Duality gap: 4.114e+07, tolerance: 4.043e+05
  model = cd_fast.enet_coordinate_descent(
/root/miniconda3/lib/python3.12/site-packages/sklearn/linear_model/_coordinate_descent.py:716: ConvergenceWarning: Objective did not converge. You might want to increase the number of iterations, check the scale of the features or consider increasing regularisation. Duality gap: 6.029e+07, tolerance: 6.190e+05
  model = cd_fast.enet_coordinate_descent(
/root/miniconda3/lib/python3.12/site-packages/sklearn/linear_model/_coordinate_descent.py:716: ConvergenceWarning: Objective did not converge. You might want to increase the number of iterations, check the scale of the features or consider increasing regularisation. Duality gap: 6.563e+07, tolerance: 6.652e+05
  model = cd_fast.enet_coordinate_descent(
/root/miniconda3/lib/python3.12/site-packages/sklearn/linear_model/_coordinate_descent.py:716: ConvergenceWarning: Objective did not converge. You might want to increase the number of iterations, check the scale of the features or consider increasing regularisation. Duality gap: 4.089e+07, tolerance: 3.898e+05
  model = cd_fast.enet_coordinate_descent(
/root/miniconda3/lib/python3.12/site-packages/sklearn/linear_model/_coordinate_descent.py:716: ConvergenceWarning: Objective did not converge. You might want to increase the number of iterations, check the scale of the features or consider increasing regularisation. Duality gap: 4.602e+07, tolerance: 3.438e+05
  model = cd_fast.enet_coordinate_descent(
/root/miniconda3/lib/python3.12/site-packages/sklearn/linear_model/_coordinate_descent.py:716: ConvergenceWarning: Objective did not converge. You might want to increase the number of iterations, check the scale of the features or consider increasing regularisation. Duality gap: 6.166e+07, tolerance: 3.413e+05
  model = cd_fast.enet_coordinate_descent(
/root/miniconda3/lib/python3.12/site-packages/sklearn/linear_model/_coordinate_descent.py:716: ConvergenceWarning: Objective did not converge. You might want to increase the number of iterations, check the scale of the features or consider increasing regularisation. Duality gap: 5.300e+07, tolerance: 3.451e+05
  model = cd_fast.enet_coordinate_descent(
/root/miniconda3/lib/python3.12/site-packages/sklearn/linear_model/_coordinate_descent.py:716: ConvergenceWarning: Objective did not converge. You might want to increase the number of iterations, check the scale of the features or consider increasing regularisation. Duality gap: 5.881e+07, tolerance: 4.301e+05
  model = cd_fast.enet_coordinate_descent(
/root/miniconda3/lib/python3.12/site-packages/sklearn/linear_model/_coordinate_descent.py:716: ConvergenceWarning: Objective did not converge. You might want to increase the number of iterations, check the scale of the features or consider increasing regularisation. Duality gap: 5.370e+07, tolerance: 5.958e+05
  model = cd_fast.enet_coordinate_descent(
/root/miniconda3/lib/python3.12/site-packages/sklearn/linear_model/_coordinate_descent.py:716: ConvergenceWarning: Objective did not converge. You might want to increase the number of iterations, check the scale of the features or consider increasing regularisation. Duality gap: 9.748e+07, tolerance: 6.158e+05
  model = cd_fast.enet_coordinate_descent(
/root/miniconda3/lib/python3.12/site-packages/sklearn/linear_model/_coordinate_descent.py:716: ConvergenceWarning: Objective did not converge. You might want to increase the number of iterations, check the scale of the features or consider increasing regularisation. Duality gap: 6.310e+07, tolerance: 4.241e+05
  model = cd_fast.enet_coordinate_descent(
/root/miniconda3/lib/python3.12/site-packages/sklearn/linear_model/_coordinate_descent.py:716: ConvergenceWarning: Objective did not converge. You might want to increase the number of iterations, check the scale of the features or consider increasing regularisation. Duality gap: 5.805e+07, tolerance: 3.416e+05
  model = cd_fast.enet_coordinate_descent(
/root/miniconda3/lib/python3.12/site-packages/sklearn/linear_model/_coordinate_descent.py:716: ConvergenceWarning: Objective did not converge. You might want to increase the number of iterations, check the scale of the features or consider increasing regularisation. Duality gap: 6.573e+07, tolerance: 3.272e+05
  model = cd_fast.enet_coordinate_descent(
/root/miniconda3/lib/python3.12/site-packages/sklearn/linear_model/_coordinate_descent.py:716: ConvergenceWarning: Objective did not converge. You might want to increase the number of iterations, check the scale of the features or consider increasing regularisation. Duality gap: 5.792e+07, tolerance: 3.206e+05
  model = cd_fast.enet_coordinate_descent(
/root/miniconda3/lib/python3.12/site-packages/sklearn/linear_model/_coordinate_descent.py:716: ConvergenceWarning: Objective did not converge. You might want to increase the number of iterations, check the scale of the features or consider increasing regularisation. Duality gap: 5.285e+07, tolerance: 4.090e+05
  model = cd_fast.enet_coordinate_descent(
/root/miniconda3/lib/python3.12/site-packages/sklearn/linear_model/_coordinate_descent.py:716: ConvergenceWarning: Objective did not converge. You might want to increase the number of iterations, check the scale of the features or consider increasing regularisation. Duality gap: 3.112e+07, tolerance: 5.963e+05
  model = cd_fast.enet_coordinate_descent(
/root/miniconda3/lib/python3.12/site-packages/sklearn/linear_model/_coordinate_descent.py:716: ConvergenceWarning: Objective did not converge. You might want to increase the number of iterations, check the scale of the features or consider increasing regularisation. Duality gap: 4.101e+07, tolerance: 6.412e+05
  model = cd_fast.enet_coordinate_descent(
/root/miniconda3/lib/python3.12/site-packages/sklearn/linear_model/_coordinate_descent.py:716: ConvergenceWarning: Objective did not converge. You might want to increase the number of iterations, check the scale of the features or consider increasing regularisation. Duality gap: 4.426e+07, tolerance: 3.941e+05
  model = cd_fast.enet_coordinate_descent(
/root/miniconda3/lib/python3.12/site-packages/sklearn/linear_model/_coordinate_descent.py:716: ConvergenceWarning: Objective did not converge. You might want to increase the number of iterations, check the scale of the features or consider increasing regularisation. Duality gap: 2.570e+07, tolerance: 3.166e+05
  model = cd_fast.enet_coordinate_descent(
/root/miniconda3/lib/python3.12/site-packages/sklearn/linear_model/_coordinate_descent.py:716: ConvergenceWarning: Objective did not converge. You might want to increase the number of iterations, check the scale of the features or consider increasing regularisation. Duality gap: 2.530e+07, tolerance: 3.019e+05
  model = cd_fast.enet_coordinate_descent(
/root/miniconda3/lib/python3.12/site-packages/sklearn/linear_model/_coordinate_descent.py:716: ConvergenceWarning: Objective did not converge. You might want to increase the number of iterations, check the scale of the features or consider increasing regularisation. Duality gap: 2.492e+07, tolerance: 3.175e+05
  model = cd_fast.enet_coordinate_descent(
/root/miniconda3/lib/python3.12/site-packages/sklearn/linear_model/_coordinate_descent.py:716: ConvergenceWarning: Objective did not converge. You might want to increase the number of iterations, check the scale of the features or consider increasing regularisation. Duality gap: 3.228e+07, tolerance: 4.116e+05
  model = cd_fast.enet_coordinate_descent(
/root/miniconda3/lib/python3.12/site-packages/sklearn/linear_model/_coordinate_descent.py:716: ConvergenceWarning: Objective did not converge. You might want to increase the number of iterations, check the scale of the features or consider increasing regularisation. Duality gap: 5.035e+07, tolerance: 6.120e+05
  model = cd_fast.enet_coordinate_descent(
/root/miniconda3/lib/python3.12/site-packages/sklearn/linear_model/_coordinate_descent.py:716: ConvergenceWarning: Objective did not converge. You might want to increase the number of iterations, check the scale of the features or consider increasing regularisation. Duality gap: 5.701e+07, tolerance: 6.518e+05
  model = cd_fast.enet_coordinate_descent(
/root/miniconda3/lib/python3.12/site-packages/sklearn/linear_model/_coordinate_descent.py:716: ConvergenceWarning: Objective did not converge. You might want to increase the number of iterations, check the scale of the features or consider increasing regularisation. Duality gap: 3.394e+07, tolerance: 3.880e+05
  model = cd_fast.enet_coordinate_descent(
/root/miniconda3/lib/python3.12/site-packages/sklearn/linear_model/_coordinate_descent.py:716: ConvergenceWarning: Objective did not converge. You might want to increase the number of iterations, check the scale of the features or consider increasing regularisation. Duality gap: 2.626e+07, tolerance: 3.200e+05
  model = cd_fast.enet_coordinate_descent(
/root/miniconda3/lib/python3.12/site-packages/sklearn/linear_model/_coordinate_descent.py:716: ConvergenceWarning: Objective did not converge. You might want to increase the number of iterations, check the scale of the features or consider increasing regularisation. Duality gap: 2.732e+07, tolerance: 3.019e+05
  model = cd_fast.enet_coordinate_descent(
/root/miniconda3/lib/python3.12/site-packages/sklearn/linear_model/_coordinate_descent.py:716: ConvergenceWarning: Objective did not converge. You might want to increase the number of iterations, check the scale of the features or consider increasing regularisation. Duality gap: 2.983e+07, tolerance: 3.078e+05
  model = cd_fast.enet_coordinate_descent(
/root/miniconda3/lib/python3.12/site-packages/sklearn/linear_model/_coordinate_descent.py:716: ConvergenceWarning: Objective did not converge. You might want to increase the number of iterations, check the scale of the features or consider increasing regularisation. Duality gap: 3.941e+07, tolerance: 4.043e+05
  model = cd_fast.enet_coordinate_descent(
/root/miniconda3/lib/python3.12/site-packages/sklearn/linear_model/_coordinate_descent.py:716: ConvergenceWarning: Objective did not converge. You might want to increase the number of iterations, check the scale of the features or consider increasing regularisation. Duality gap: 5.776e+07, tolerance: 6.190e+05
  model = cd_fast.enet_coordinate_descent(
/root/miniconda3/lib/python3.12/site-packages/sklearn/linear_model/_coordinate_descent.py:716: ConvergenceWarning: Objective did not converge. You might want to increase the number of iterations, check the scale of the features or consider increasing regularisation. Duality gap: 5.964e+07, tolerance: 6.652e+05
  model = cd_fast.enet_coordinate_descent(
/root/miniconda3/lib/python3.12/site-packages/sklearn/linear_model/_coordinate_descent.py:716: ConvergenceWarning: Objective did not converge. You might want to increase the number of iterations, check the scale of the features or consider increasing regularisation. Duality gap: 3.772e+07, tolerance: 3.898e+05
  model = cd_fast.enet_coordinate_descent(
/root/miniconda3/lib/python3.12/site-packages/sklearn/linear_model/_coordinate_descent.py:716: ConvergenceWarning: Objective did not converge. You might want to increase the number of iterations, check the scale of the features or consider increasing regularisation. Duality gap: 4.345e+07, tolerance: 3.438e+05
  model = cd_fast.enet_coordinate_descent(
/root/miniconda3/lib/python3.12/site-packages/sklearn/linear_model/_coordinate_descent.py:716: ConvergenceWarning: Objective did not converge. You might want to increase the number of iterations, check the scale of the features or consider increasing regularisation. Duality gap: 5.904e+07, tolerance: 3.413e+05
  model = cd_fast.enet_coordinate_descent(
/root/miniconda3/lib/python3.12/site-packages/sklearn/linear_model/_coordinate_descent.py:716: ConvergenceWarning: Objective did not converge. You might want to increase the number of iterations, check the scale of the features or consider increasing regularisation. Duality gap: 5.025e+07, tolerance: 3.451e+05
  model = cd_fast.enet_coordinate_descent(
/root/miniconda3/lib/python3.12/site-packages/sklearn/linear_model/_coordinate_descent.py:716: ConvergenceWarning: Objective did not converge. You might want to increase the number of iterations, check the scale of the features or consider increasing regularisation. Duality gap: 5.503e+07, tolerance: 4.301e+05
  model = cd_fast.enet_coordinate_descent(
/root/miniconda3/lib/python3.12/site-packages/sklearn/linear_model/_coordinate_descent.py:716: ConvergenceWarning: Objective did not converge. You might want to increase the number of iterations, check the scale of the features or consider increasing regularisation. Duality gap: 5.123e+07, tolerance: 5.958e+05
  model = cd_fast.enet_coordinate_descent(
/root/miniconda3/lib/python3.12/site-packages/sklearn/linear_model/_coordinate_descent.py:716: ConvergenceWarning: Objective did not converge. You might want to increase the number of iterations, check the scale of the features or consider increasing regularisation. Duality gap: 8.708e+07, tolerance: 6.158e+05
  model = cd_fast.enet_coordinate_descent(
/root/miniconda3/lib/python3.12/site-packages/sklearn/linear_model/_coordinate_descent.py:716: ConvergenceWarning: Objective did not converge. You might want to increase the number of iterations, check the scale of the features or consider increasing regularisation. Duality gap: 5.861e+07, tolerance: 4.241e+05
  model = cd_fast.enet_coordinate_descent(
/root/miniconda3/lib/python3.12/site-packages/sklearn/linear_model/_coordinate_descent.py:716: ConvergenceWarning: Objective did not converge. You might want to increase the number of iterations, check the scale of the features or consider increasing regularisation. Duality gap: 5.495e+07, tolerance: 3.416e+05
  model = cd_fast.enet_coordinate_descent(
/root/miniconda3/lib/python3.12/site-packages/sklearn/linear_model/_coordinate_descent.py:716: ConvergenceWarning: Objective did not converge. You might want to increase the number of iterations, check the scale of the features or consider increasing regularisation. Duality gap: 6.249e+07, tolerance: 3.272e+05
  model = cd_fast.enet_coordinate_descent(
/root/miniconda3/lib/python3.12/site-packages/sklearn/linear_model/_coordinate_descent.py:716: ConvergenceWarning: Objective did not converge. You might want to increase the number of iterations, check the scale of the features or consider increasing regularisation. Duality gap: 5.474e+07, tolerance: 3.206e+05
  model = cd_fast.enet_coordinate_descent(
/root/miniconda3/lib/python3.12/site-packages/sklearn/linear_model/_coordinate_descent.py:716: ConvergenceWarning: Objective did not converge. You might want to increase the number of iterations, check the scale of the features or consider increasing regularisation. Duality gap: 5.062e+07, tolerance: 4.090e+05
  model = cd_fast.enet_coordinate_descent(
/root/miniconda3/lib/python3.12/site-packages/sklearn/linear_model/_coordinate_descent.py:716: ConvergenceWarning: Objective did not converge. You might want to increase the number of iterations, check the scale of the features or consider increasing regularisation. Duality gap: 3.112e+07, tolerance: 5.963e+05
  model = cd_fast.enet_coordinate_descent(
/root/miniconda3/lib/python3.12/site-packages/sklearn/linear_model/_coordinate_descent.py:716: ConvergenceWarning: Objective did not converge. You might want to increase the number of iterations, check the scale of the features or consider increasing regularisation. Duality gap: 4.101e+07, tolerance: 6.412e+05
  model = cd_fast.enet_coordinate_descent(
/root/miniconda3/lib/python3.12/site-packages/sklearn/linear_model/_coordinate_descent.py:716: ConvergenceWarning: Objective did not converge. You might want to increase the number of iterations, check the scale of the features or consider increasing regularisation. Duality gap: 4.426e+07, tolerance: 3.941e+05
  model = cd_fast.enet_coordinate_descent(
/root/miniconda3/lib/python3.12/site-packages/sklearn/linear_model/_coordinate_descent.py:716: ConvergenceWarning: Objective did not converge. You might want to increase the number of iterations, check the scale of the features or consider increasing regularisation. Duality gap: 2.570e+07, tolerance: 3.166e+05
  model = cd_fast.enet_coordinate_descent(
/root/miniconda3/lib/python3.12/site-packages/sklearn/linear_model/_coordinate_descent.py:716: ConvergenceWarning: Objective did not converge. You might want to increase the number of iterations, check the scale of the features or consider increasing regularisation. Duality gap: 2.530e+07, tolerance: 3.019e+05
  model = cd_fast.enet_coordinate_descent(
/root/miniconda3/lib/python3.12/site-packages/sklearn/linear_model/_coordinate_descent.py:716: ConvergenceWarning: Objective did not converge. You might want to increase the number of iterations, check the scale of the features or consider increasing regularisation. Duality gap: 2.492e+07, tolerance: 3.175e+05
  model = cd_fast.enet_coordinate_descent(
/root/miniconda3/lib/python3.12/site-packages/sklearn/linear_model/_coordinate_descent.py:716: ConvergenceWarning: Objective did not converge. You might want to increase the number of iterations, check the scale of the features or consider increasing regularisation. Duality gap: 3.228e+07, tolerance: 4.116e+05
  model = cd_fast.enet_coordinate_descent(
/root/miniconda3/lib/python3.12/site-packages/sklearn/linear_model/_coordinate_descent.py:716: ConvergenceWarning: Objective did not converge. You might want to increase the number of iterations, check the scale of the features or consider increasing regularisation. Duality gap: 5.035e+07, tolerance: 6.120e+05
  model = cd_fast.enet_coordinate_descent(
/root/miniconda3/lib/python3.12/site-packages/sklearn/linear_model/_coordinate_descent.py:716: ConvergenceWarning: Objective did not converge. You might want to increase the number of iterations, check the scale of the features or consider increasing regularisation. Duality gap: 5.701e+07, tolerance: 6.518e+05
  model = cd_fast.enet_coordinate_descent(
/root/miniconda3/lib/python3.12/site-packages/sklearn/linear_model/_coordinate_descent.py:716: ConvergenceWarning: Objective did not converge. You might want to increase the number of iterations, check the scale of the features or consider increasing regularisation. Duality gap: 3.394e+07, tolerance: 3.880e+05
  model = cd_fast.enet_coordinate_descent(
/root/miniconda3/lib/python3.12/site-packages/sklearn/linear_model/_coordinate_descent.py:716: ConvergenceWarning: Objective did not converge. You might want to increase the number of iterations, check the scale of the features or consider increasing regularisation. Duality gap: 2.626e+07, tolerance: 3.200e+05
  model = cd_fast.enet_coordinate_descent(
/root/miniconda3/lib/python3.12/site-packages/sklearn/linear_model/_coordinate_descent.py:716: ConvergenceWarning: Objective did not converge. You might want to increase the number of iterations, check the scale of the features or consider increasing regularisation. Duality gap: 2.732e+07, tolerance: 3.019e+05
  model = cd_fast.enet_coordinate_descent(
/root/miniconda3/lib/python3.12/site-packages/sklearn/linear_model/_coordinate_descent.py:716: ConvergenceWarning: Objective did not converge. You might want to increase the number of iterations, check the scale of the features or consider increasing regularisation. Duality gap: 2.983e+07, tolerance: 3.078e+05
  model = cd_fast.enet_coordinate_descent(
/root/miniconda3/lib/python3.12/site-packages/sklearn/linear_model/_coordinate_descent.py:716: ConvergenceWarning: Objective did not converge. You might want to increase the number of iterations, check the scale of the features or consider increasing regularisation. Duality gap: 3.941e+07, tolerance: 4.043e+05
  model = cd_fast.enet_coordinate_descent(
/root/miniconda3/lib/python3.12/site-packages/sklearn/linear_model/_coordinate_descent.py:716: ConvergenceWarning: Objective did not converge. You might want to increase the number of iterations, check the scale of the features or consider increasing regularisation. Duality gap: 5.776e+07, tolerance: 6.190e+05
  model = cd_fast.enet_coordinate_descent(
/root/miniconda3/lib/python3.12/site-packages/sklearn/linear_model/_coordinate_descent.py:716: ConvergenceWarning: Objective did not converge. You might want to increase the number of iterations, check the scale of the features or consider increasing regularisation. Duality gap: 5.964e+07, tolerance: 6.652e+05
  model = cd_fast.enet_coordinate_descent(
/root/miniconda3/lib/python3.12/site-packages/sklearn/linear_model/_coordinate_descent.py:716: ConvergenceWarning: Objective did not converge. You might want to increase the number of iterations, check the scale of the features or consider increasing regularisation. Duality gap: 3.772e+07, tolerance: 3.898e+05
  model = cd_fast.enet_coordinate_descent(
/root/miniconda3/lib/python3.12/site-packages/sklearn/linear_model/_coordinate_descent.py:716: ConvergenceWarning: Objective did not converge. You might want to increase the number of iterations, check the scale of the features or consider increasing regularisation. Duality gap: 4.345e+07, tolerance: 3.438e+05
  model = cd_fast.enet_coordinate_descent(
/root/miniconda3/lib/python3.12/site-packages/sklearn/linear_model/_coordinate_descent.py:716: ConvergenceWarning: Objective did not converge. You might want to increase the number of iterations, check the scale of the features or consider increasing regularisation. Duality gap: 5.904e+07, tolerance: 3.413e+05
  model = cd_fast.enet_coordinate_descent(
/root/miniconda3/lib/python3.12/site-packages/sklearn/linear_model/_coordinate_descent.py:716: ConvergenceWarning: Objective did not converge. You might want to increase the number of iterations, check the scale of the features or consider increasing regularisation. Duality gap: 5.025e+07, tolerance: 3.451e+05
  model = cd_fast.enet_coordinate_descent(
/root/miniconda3/lib/python3.12/site-packages/sklearn/linear_model/_coordinate_descent.py:716: ConvergenceWarning: Objective did not converge. You might want to increase the number of iterations, check the scale of the features or consider increasing regularisation. Duality gap: 5.503e+07, tolerance: 4.301e+05
  model = cd_fast.enet_coordinate_descent(
/root/miniconda3/lib/python3.12/site-packages/sklearn/linear_model/_coordinate_descent.py:716: ConvergenceWarning: Objective did not converge. You might want to increase the number of iterations, check the scale of the features or consider increasing regularisation. Duality gap: 5.123e+07, tolerance: 5.958e+05
  model = cd_fast.enet_coordinate_descent(
/root/miniconda3/lib/python3.12/site-packages/sklearn/linear_model/_coordinate_descent.py:716: ConvergenceWarning: Objective did not converge. You might want to increase the number of iterations, check the scale of the features or consider increasing regularisation. Duality gap: 8.708e+07, tolerance: 6.158e+05
  model = cd_fast.enet_coordinate_descent(
/root/miniconda3/lib/python3.12/site-packages/sklearn/linear_model/_coordinate_descent.py:716: ConvergenceWarning: Objective did not converge. You might want to increase the number of iterations, check the scale of the features or consider increasing regularisation. Duality gap: 5.861e+07, tolerance: 4.241e+05
  model = cd_fast.enet_coordinate_descent(
/root/miniconda3/lib/python3.12/site-packages/sklearn/linear_model/_coordinate_descent.py:716: ConvergenceWarning: Objective did not converge. You might want to increase the number of iterations, check the scale of the features or consider increasing regularisation. Duality gap: 5.495e+07, tolerance: 3.416e+05
  model = cd_fast.enet_coordinate_descent(
/root/miniconda3/lib/python3.12/site-packages/sklearn/linear_model/_coordinate_descent.py:716: ConvergenceWarning: Objective did not converge. You might want to increase the number of iterations, check the scale of the features or consider increasing regularisation. Duality gap: 6.249e+07, tolerance: 3.272e+05
  model = cd_fast.enet_coordinate_descent(
/root/miniconda3/lib/python3.12/site-packages/sklearn/linear_model/_coordinate_descent.py:716: ConvergenceWarning: Objective did not converge. You might want to increase the number of iterations, check the scale of the features or consider increasing regularisation. Duality gap: 5.474e+07, tolerance: 3.206e+05
  model = cd_fast.enet_coordinate_descent(
/root/miniconda3/lib/python3.12/site-packages/sklearn/linear_model/_coordinate_descent.py:716: ConvergenceWarning: Objective did not converge. You might want to increase the number of iterations, check the scale of the features or consider increasing regularisation. Duality gap: 5.062e+07, tolerance: 4.090e+05
  model = cd_fast.enet_coordinate_descent(

Point summary:
          task                   model  ...  wape_std  n_folds
0   state_dept     AggregateElasticNet  ...       NaN        1
1   state_dept         AggregateHistGB  ...       NaN        1
2   state_dept    BottomUpGlobalHistGB  ...       NaN        1
3   state_dept  ChildSummaryElasticNet  ...       NaN        1
4   state_dept      ChildSummaryHistGB  ...       NaN        1
5   state_dept           SeasonalNaive  ...       NaN        1
6    store_cat     AggregateElasticNet  ...       NaN        1
7    store_cat         AggregateHistGB  ...       NaN        1
8    store_cat    BottomUpGlobalHistGB  ...       NaN        1
9    store_cat  ChildSummaryElasticNet  ...       NaN        1
10   store_cat      ChildSummaryHistGB  ...       NaN        1
11   store_cat           SeasonalNaive  ...       NaN        1
12  store_dept     AggregateElasticNet  ...       NaN        1
13  store_dept         AggregateHistGB  ...       NaN        1
14  store_dept    BottomUpGlobalHistGB  ...       NaN        1
15  store_dept  ChildSummaryElasticNet  ...       NaN        1
16  store_dept      ChildSummaryHistGB  ...       NaN        1
17  store_dept           SeasonalNaive  ...       NaN        1

[18 rows x 7 columns]

Main point table:
task                    state_dept  store_cat  store_dept      Mean
model                                                              
ChildSummaryHistGB        0.738657   0.700705    0.800718  0.746693
BottomUpGlobalHistGB      0.725945   0.733502    0.808052  0.755833
AggregateHistGB           0.765902   0.707700    0.804947  0.759516
SeasonalNaive             0.897343   0.881519    0.962248  0.913703
AggregateElasticNet       0.940297   0.942469    0.948193  0.943653
ChildSummaryElasticNet    1.047984   1.170805    1.008866  1.075885

Quantile summary:
          task                   model  wspl_mean  wspl_std  n_folds
0   state_dept     AggregateElasticNet   0.252612       NaN        1
1   state_dept         AggregateHistGB   0.275935       NaN        1
2   state_dept    BottomUpGlobalHistGB   0.208072       NaN        1
3   state_dept  ChildSummaryElasticNet   0.282939       NaN        1
4   state_dept      ChildSummaryHistGB   0.271344       NaN        1
5   state_dept           SeasonalNaive   0.267704       NaN        1
6    store_cat     AggregateElasticNet   0.253781       NaN        1
7    store_cat         AggregateHistGB   0.254472       NaN        1
8    store_cat    BottomUpGlobalHistGB   0.216885       NaN        1
9    store_cat  ChildSummaryElasticNet   0.325514       NaN        1
10   store_cat      ChildSummaryHistGB   0.266020       NaN        1
11   store_cat           SeasonalNaive   0.266032       NaN        1
12  store_dept     AggregateElasticNet   0.263011       NaN        1
13  store_dept         AggregateHistGB   0.276774       NaN        1
14  store_dept    BottomUpGlobalHistGB   0.240648       NaN        1
15  store_dept  ChildSummaryElasticNet   0.278129       NaN        1
16  store_dept      ChildSummaryHistGB   0.284651       NaN        1
17  store_dept           SeasonalNaive   0.290619       NaN        1

Main quantile table:
task                    state_dept  store_cat  store_dept      Mean
model                                                              
BottomUpGlobalHistGB      0.208072   0.216885    0.240648  0.221868
AggregateElasticNet       0.252612   0.253781    0.263011  0.256468
AggregateHistGB           0.275935   0.254472    0.276774  0.269060
ChildSummaryHistGB        0.271344   0.266020    0.284651  0.274005
SeasonalNaive             0.267704   0.266032    0.290619  0.274785
ChildSummaryElasticNet    0.282939   0.325514    0.278129  0.295527

Done. Outputs written to: /root/autodl-tmp/m5/work/100pct/03_benchmark_baselines

$ /root/miniconda3/bin/python /root/autodl-tmp/m5/scripts/run_m5_proposed_models.py --data-dir /root/autodl-tmp/m5/data --output-dir /root/autodl-tmp/m5/work/100pct/04_benchmark_proposed/M3_FullSkuTemporalCNN --mode holdout --tasks store_dept,store_cat,state_dept --quantiles 0.005,0.025,0.165,0.25,0.5,0.75,0.835,0.975,0.995 --model-names M3_FullSkuTemporalCNN --recent-window 14 --lag-windows 7,14,28,56 --stat-windows 7,28,56 --params-json /root/autodl-tmp/m5/work/100pct/01_tuning/M3_FullSkuTemporalCNN/best_params.json --t-hist 56 --horizon 28 --valid-size 4 --test-size 4 --internal-valid-size 3 --gap 0 --min-train-origins 20 --min-final-train-origins 20 --sku-universe-mode history --store-sku-sample-frac 1.0 --store-sku-sample-seed 42 --cache-dir /root/autodl-tmp/m5/cache/100pct
Using cache directory: /root/autodl-tmp/m5/cache/100pct
Building/loading cached task artifacts lazily...

=== Proposed models on task: store_dept ===
[M5-PREP] Loading cached task package for task=store_dept...
[M5-PREP] Loaded cached task package for task=store_dept | stage 00:01 | total 00:01
[M5-PREP] Loading cached samples: task=store_dept split=final_train_samples...
[M5-PREP] Loaded cached samples: task=store_dept split=final_train_samples n=4060 | stage 00:03 | total 00:03
[M5-PREP] Loading cached samples: task=store_dept split=internal_valid_samples...
[M5-PREP] Loaded cached samples: task=store_dept split=internal_valid_samples n=210 | stage 00:00 | total 00:00
[M5-PREP] Loading cached samples: task=store_dept split=test_samples...
[M5-PREP] Loaded cached samples: task=store_dept split=test_samples n=280 | stage 00:00 | total 00:00
Task=store_dept Mode=holdout Model=M3_FullSkuTemporalCNN
Training samples: 4060 | Validation samples: 210
[Epoch 001] train=0.111140 valid=0.069022 lr=0.000476077 time=15.2s
[Epoch 002] train=0.064822 valid=0.054614 lr=0.000476077 time=14.6s
[Epoch 003] train=0.053016 valid=0.049698 lr=0.000476077 time=14.7s
[Epoch 004] train=0.054382 valid=0.050702 lr=0.000476077 time=14.8s
[Epoch 005] train=0.050123 valid=0.059518 lr=0.000476077 time=14.7s
[Epoch 006] train=0.044856 valid=0.066900 lr=0.000238039 time=14.6s
[Epoch 007] train=0.038023 valid=0.043362 lr=0.000238039 time=14.6s
[Epoch 008] train=0.036066 valid=0.048872 lr=0.000238039 time=14.5s
[Epoch 009] train=0.033687 valid=0.046675 lr=0.000238039 time=14.7s
[Epoch 010] train=0.033287 valid=0.046287 lr=0.000119019 time=14.9s
[Epoch 011] train=0.029355 valid=0.043157 lr=0.000119019 time=14.8s
[Epoch 012] train=0.028188 valid=0.041817 lr=0.000119019 time=14.7s
[Epoch 013] train=0.029247 valid=0.039208 lr=0.000119019 time=15.3s
[Epoch 014] train=0.027385 valid=0.041719 lr=0.000119019 time=15.2s
[Epoch 015] train=0.027130 valid=0.042467 lr=0.000119019 time=14.9s
[Epoch 016] train=0.026638 valid=0.041343 lr=5.95096e-05 time=14.8s
[Epoch 017] train=0.025063 valid=0.039972 lr=5.95096e-05 time=15.2s
[Epoch 018] train=0.024258 valid=0.040929 lr=5.95096e-05 time=15.2s
[Epoch 019] train=0.024471 valid=0.039258 lr=2.97548e-05 time=14.7s
[Epoch 020] train=0.023165 valid=0.039181 lr=2.97548e-05 time=14.7s
[Epoch 021] train=0.022776 valid=0.039228 lr=2.97548e-05 time=14.5s
[Epoch 022] train=0.022946 valid=0.038205 lr=2.97548e-05 time=14.4s
[Epoch 023] train=0.022920 valid=0.039174 lr=2.97548e-05 time=14.6s
[Epoch 024] train=0.022914 valid=0.039308 lr=2.97548e-05 time=15.4s
[Epoch 025] train=0.022573 valid=0.037625 lr=2.97548e-05 time=15.3s
[Epoch 026] train=0.022293 valid=0.038525 lr=2.97548e-05 time=14.6s
[Epoch 027] train=0.022599 valid=0.038846 lr=2.97548e-05 time=14.6s
[Epoch 028] train=0.022618 valid=0.038290 lr=1.48774e-05 time=14.5s
[Epoch 029] train=0.022100 valid=0.038219 lr=1.48774e-05 time=14.7s
[Epoch 030] train=0.021893 valid=0.038981 lr=1.48774e-05 time=14.9s
[Epoch 031] train=0.021527 valid=0.037562 lr=1.48774e-05 time=15.3s
[Epoch 032] train=0.021659 valid=0.037614 lr=1.48774e-05 time=15.2s
Training samples: 4060 | Validation samples: 210
[Epoch 001] train=0.043479 valid=0.034658 lr=0.000476077 time=15.8s
[Epoch 002] train=0.033797 valid=0.033552 lr=0.000476077 time=15.5s
[Epoch 003] train=0.031258 valid=0.036382 lr=0.000476077 time=15.6s
[Epoch 004] train=0.029629 valid=0.033222 lr=0.000476077 time=15.6s
[Epoch 005] train=0.028786 valid=0.031031 lr=0.000476077 time=16.8s
[Epoch 006] train=0.028194 valid=0.034306 lr=0.000476077 time=15.8s
[Epoch 007] train=0.027102 valid=0.032055 lr=0.000476077 time=16.4s
[Epoch 008] train=0.026762 valid=0.035136 lr=0.000238039 time=15.7s
[Epoch 009] train=0.024244 valid=0.030098 lr=0.000238039 time=16.2s
[Epoch 010] train=0.023806 valid=0.029055 lr=0.000238039 time=16.5s
[Epoch 011] train=0.023438 valid=0.031761 lr=0.000238039 time=15.8s
[Epoch 012] train=0.023562 valid=0.030559 lr=0.000238039 time=15.8s
[Epoch 013] train=0.023018 valid=0.030745 lr=0.000119019 time=15.8s
[Epoch 014] train=0.022264 valid=0.029289 lr=0.000119019 time=15.6s
[Epoch 015] train=0.021677 valid=0.032469 lr=0.000119019 time=15.8s
[Epoch 016] train=0.021720 valid=0.030670 lr=5.95096e-05 time=15.7s
[Epoch 017] train=0.020957 valid=0.029334 lr=5.95096e-05 time=15.8s
[Epoch 018] train=0.020993 valid=0.028717 lr=5.95096e-05 time=15.6s
[Epoch 019] train=0.020775 valid=0.031214 lr=5.95096e-05 time=15.9s
[Epoch 020] train=0.020649 valid=0.029335 lr=5.95096e-05 time=16.1s
[Epoch 021] train=0.020609 valid=0.029627 lr=2.97548e-05 time=16.1s
[Epoch 022] train=0.020300 valid=0.030324 lr=2.97548e-05 time=16.0s
[Epoch 023] train=0.020244 valid=0.029935 lr=2.97548e-05 time=16.0s
[Epoch 024] train=0.020179 valid=0.030405 lr=1.48774e-05 time=15.8s
[Epoch 025] train=0.020036 valid=0.030647 lr=1.48774e-05 time=16.1s
[Epoch 026] train=0.019909 valid=0.030234 lr=1.48774e-05 time=15.8s
Early stopping at epoch 26

=== Proposed models on task: store_cat ===
[M5-PREP] Loading cached task package for task=store_cat...
[M5-PREP] Loaded cached task package for task=store_cat | stage 00:01 | total 00:01
[M5-PREP] Loading cached samples: task=store_cat split=final_train_samples...
[M5-PREP] Loaded cached samples: task=store_cat split=final_train_samples n=1740 | stage 00:02 | total 00:02
[M5-PREP] Loading cached samples: task=store_cat split=internal_valid_samples...
[M5-PREP] Loaded cached samples: task=store_cat split=internal_valid_samples n=90 | stage 00:00 | total 00:00
[M5-PREP] Loading cached samples: task=store_cat split=test_samples...
[M5-PREP] Loaded cached samples: task=store_cat split=test_samples n=120 | stage 00:00 | total 00:00
Task=store_cat Mode=holdout Model=M3_FullSkuTemporalCNN
Training samples: 1740 | Validation samples: 90
[Epoch 001] train=0.174461 valid=0.091689 lr=0.000476077 time=14.2s
[Epoch 002] train=0.070687 valid=0.096338 lr=0.000476077 time=14.3s
[Epoch 003] train=0.060258 valid=0.057912 lr=0.000476077 time=14.1s
[Epoch 004] train=0.060732 valid=0.063665 lr=0.000476077 time=14.4s
[Epoch 005] train=0.052786 valid=0.070695 lr=0.000476077 time=14.4s
[Epoch 006] train=0.048913 valid=0.084903 lr=0.000238039 time=14.3s
[Epoch 007] train=0.039698 valid=0.064830 lr=0.000238039 time=14.2s
[Epoch 008] train=0.036250 valid=0.060636 lr=0.000238039 time=14.3s
[Epoch 009] train=0.037400 valid=0.058902 lr=0.000119019 time=14.6s
[Epoch 010] train=0.031056 valid=0.056057 lr=0.000119019 time=14.4s
[Epoch 011] train=0.029758 valid=0.059021 lr=0.000119019 time=14.9s
[Epoch 012] train=0.029115 valid=0.058303 lr=0.000119019 time=14.5s
[Epoch 013] train=0.028613 valid=0.064438 lr=5.95096e-05 time=14.6s
[Epoch 014] train=0.027719 valid=0.056006 lr=5.95096e-05 time=14.7s
[Epoch 015] train=0.026668 valid=0.054746 lr=5.95096e-05 time=16.6s
[Epoch 016] train=0.026554 valid=0.056457 lr=5.95096e-05 time=16.4s
[Epoch 017] train=0.026355 valid=0.056774 lr=5.95096e-05 time=15.2s
[Epoch 018] train=0.026349 valid=0.056203 lr=2.97548e-05 time=14.9s
[Epoch 019] train=0.025003 valid=0.054243 lr=2.97548e-05 time=14.8s
[Epoch 020] train=0.024456 valid=0.055084 lr=2.97548e-05 time=14.7s
[Epoch 021] train=0.025009 valid=0.053546 lr=2.97548e-05 time=14.7s
[Epoch 022] train=0.024567 valid=0.055463 lr=2.97548e-05 time=14.9s
[Epoch 023] train=0.024111 valid=0.053926 lr=2.97548e-05 time=14.7s
[Epoch 024] train=0.024254 valid=0.053314 lr=2.97548e-05 time=14.6s
[Epoch 025] train=0.023866 valid=0.055760 lr=2.97548e-05 time=14.7s
[Epoch 026] train=0.023415 valid=0.055100 lr=2.97548e-05 time=14.5s
[Epoch 027] train=0.023493 valid=0.054548 lr=1.48774e-05 time=14.7s
[Epoch 028] train=0.023244 valid=0.052335 lr=1.48774e-05 time=14.8s
[Epoch 029] train=0.022852 valid=0.054536 lr=1.48774e-05 time=14.7s
[Epoch 030] train=0.023623 valid=0.053238 lr=1.48774e-05 time=14.6s
[Epoch 031] train=0.022828 valid=0.056694 lr=7.43871e-06 time=14.5s
[Epoch 032] train=0.022761 valid=0.053002 lr=7.43871e-06 time=14.5s
Training samples: 1740 | Validation samples: 90
[Epoch 001] train=0.061088 valid=0.041509 lr=0.000476077 time=14.9s
[Epoch 002] train=0.040643 valid=0.039131 lr=0.000476077 time=15.4s
[Epoch 003] train=0.037142 valid=0.038512 lr=0.000476077 time=15.4s
[Epoch 004] train=0.036065 valid=0.041800 lr=0.000476077 time=15.3s
[Epoch 005] train=0.034490 valid=0.036270 lr=0.000476077 time=15.3s
[Epoch 006] train=0.033902 valid=0.038256 lr=0.000476077 time=15.2s
[Epoch 007] train=0.034092 valid=0.037805 lr=0.000476077 time=15.3s
[Epoch 008] train=0.031866 valid=0.038931 lr=0.000238039 time=15.4s
[Epoch 009] train=0.029086 valid=0.041101 lr=0.000238039 time=15.4s
[Epoch 010] train=0.028513 valid=0.036038 lr=0.000238039 time=15.2s
[Epoch 011] train=0.028824 valid=0.034659 lr=0.000238039 time=15.1s
[Epoch 012] train=0.027859 valid=0.035240 lr=0.000238039 time=15.0s
[Epoch 013] train=0.027592 valid=0.036812 lr=0.000238039 time=15.0s
[Epoch 014] train=0.027733 valid=0.035628 lr=0.000119019 time=14.8s
[Epoch 015] train=0.025995 valid=0.037465 lr=0.000119019 time=14.9s
[Epoch 016] train=0.025757 valid=0.036210 lr=0.000119019 time=14.9s
[Epoch 017] train=0.025318 valid=0.034652 lr=0.000119019 time=14.6s
[Epoch 018] train=0.025176 valid=0.036009 lr=0.000119019 time=14.5s
[Epoch 019] train=0.024993 valid=0.036135 lr=0.000119019 time=14.5s
[Epoch 020] train=0.025030 valid=0.035195 lr=5.95096e-05 time=14.4s
[Epoch 021] train=0.024110 valid=0.035615 lr=5.95096e-05 time=14.6s
[Epoch 022] train=0.024258 valid=0.034513 lr=5.95096e-05 time=15.0s
[Epoch 023] train=0.023698 valid=0.036561 lr=5.95096e-05 time=15.5s
[Epoch 024] train=0.023577 valid=0.035430 lr=5.95096e-05 time=15.4s
[Epoch 025] train=0.023532 valid=0.035190 lr=2.97548e-05 time=15.4s
[Epoch 026] train=0.023002 valid=0.036219 lr=2.97548e-05 time=15.3s
[Epoch 027] train=0.023068 valid=0.035234 lr=2.97548e-05 time=15.4s
[Epoch 028] train=0.023057 valid=0.034988 lr=1.48774e-05 time=15.6s
[Epoch 029] train=0.022704 valid=0.035045 lr=1.48774e-05 time=15.5s
[Epoch 030] train=0.022777 valid=0.034736 lr=1.48774e-05 time=15.2s
Early stopping at epoch 30

=== Proposed models on task: state_dept ===
[M5-PREP] Loading cached task package for task=state_dept...
[M5-PREP] Loaded cached task package for task=state_dept | stage 00:01 | total 00:01
[M5-PREP] Loading cached samples: task=state_dept split=final_train_samples...
[M5-PREP] Loaded cached samples: task=state_dept split=final_train_samples n=1218 | stage 00:03 | total 00:03
[M5-PREP] Loading cached samples: task=state_dept split=internal_valid_samples...
[M5-PREP] Loaded cached samples: task=state_dept split=internal_valid_samples n=63 | stage 00:00 | total 00:00
[M5-PREP] Loading cached samples: task=state_dept split=test_samples...
[M5-PREP] Loaded cached samples: task=state_dept split=test_samples n=84 | stage 00:00 | total 00:00
Task=state_dept Mode=holdout Model=M3_FullSkuTemporalCNN
Training samples: 1218 | Validation samples: 63
[Epoch 001] train=0.271661 valid=0.071969 lr=0.000476077 time=16.3s
[Epoch 002] train=0.076147 valid=0.059563 lr=0.000476077 time=16.1s
[Epoch 003] train=0.056694 valid=0.073671 lr=0.000476077 time=16.2s
[Epoch 004] train=0.050965 valid=0.064491 lr=0.000476077 time=16.3s
[Epoch 005] train=0.044395 valid=0.063945 lr=0.000238039 time=16.1s
[Epoch 006] train=0.035789 valid=0.041159 lr=0.000238039 time=15.9s
[Epoch 007] train=0.034740 valid=0.049512 lr=0.000238039 time=15.6s
[Epoch 008] train=0.032535 valid=0.043508 lr=0.000238039 time=15.9s
[Epoch 009] train=0.030923 valid=0.056926 lr=0.000119019 time=16.3s
[Epoch 010] train=0.025468 valid=0.049580 lr=0.000119019 time=17.1s
[Epoch 011] train=0.027778 valid=0.039467 lr=0.000119019 time=16.3s
[Epoch 012] train=0.023930 valid=0.043421 lr=0.000119019 time=16.4s
[Epoch 013] train=0.024388 valid=0.038132 lr=0.000119019 time=16.3s
[Epoch 014] train=0.024238 valid=0.037800 lr=0.000119019 time=16.2s
[Epoch 015] train=0.023840 valid=0.040075 lr=0.000119019 time=16.5s
[Epoch 016] train=0.023060 valid=0.038121 lr=0.000119019 time=16.4s
[Epoch 017] train=0.023740 valid=0.037807 lr=5.95096e-05 time=16.4s
[Epoch 018] train=0.020047 valid=0.039813 lr=5.95096e-05 time=16.4s
[Epoch 019] train=0.021609 valid=0.038485 lr=5.95096e-05 time=16.4s
[Epoch 020] train=0.020089 valid=0.036322 lr=5.95096e-05 time=16.2s
[Epoch 021] train=0.020674 valid=0.042656 lr=5.95096e-05 time=16.4s
[Epoch 022] train=0.020345 valid=0.039239 lr=5.95096e-05 time=16.4s
[Epoch 023] train=0.020100 valid=0.043934 lr=2.97548e-05 time=16.4s
[Epoch 024] train=0.019045 valid=0.038606 lr=2.97548e-05 time=16.4s
[Epoch 025] train=0.018758 valid=0.037470 lr=2.97548e-05 time=16.3s
[Epoch 026] train=0.018444 valid=0.036598 lr=1.48774e-05 time=16.2s
[Epoch 027] train=0.018551 valid=0.036765 lr=1.48774e-05 time=16.1s
[Epoch 028] train=0.017855 valid=0.037968 lr=1.48774e-05 time=16.2s
Early stopping at epoch 28
Training samples: 1218 | Validation samples: 63
[Epoch 001] train=0.069463 valid=0.047030 lr=0.000476077 time=16.6s
[Epoch 002] train=0.040990 valid=0.037600 lr=0.000476077 time=17.0s
[Epoch 003] train=0.036010 valid=0.035783 lr=0.000476077 time=16.7s
[Epoch 004] train=0.032767 valid=0.040919 lr=0.000476077 time=16.6s
[Epoch 005] train=0.034321 valid=0.039825 lr=0.000476077 time=17.0s
[Epoch 006] train=0.032021 valid=0.032262 lr=0.000476077 time=17.6s
[Epoch 007] train=0.029222 valid=0.031112 lr=0.000476077 time=16.6s
[Epoch 008] train=0.028666 valid=0.032885 lr=0.000476077 time=16.8s
[Epoch 009] train=0.027784 valid=0.030295 lr=0.000476077 time=16.8s
[Epoch 010] train=0.026815 valid=0.030902 lr=0.000476077 time=16.6s
[Epoch 011] train=0.025986 valid=0.031346 lr=0.000476077 time=16.9s
[Epoch 012] train=0.026315 valid=0.039934 lr=0.000238039 time=16.8s
[Epoch 013] train=0.023769 valid=0.030824 lr=0.000238039 time=16.6s
[Epoch 014] train=0.022593 valid=0.033155 lr=0.000238039 time=16.7s
[Epoch 015] train=0.023005 valid=0.028937 lr=0.000238039 time=16.4s
[Epoch 016] train=0.022585 valid=0.027430 lr=0.000238039 time=16.6s
[Epoch 017] train=0.022171 valid=0.028080 lr=0.000238039 time=16.9s
[Epoch 018] train=0.022304 valid=0.029179 lr=0.000238039 time=16.9s
[Epoch 019] train=0.022191 valid=0.027854 lr=0.000119019 time=16.8s
[Epoch 020] train=0.020440 valid=0.027892 lr=0.000119019 time=16.7s
[Epoch 021] train=0.020420 valid=0.027170 lr=0.000119019 time=16.8s
[Epoch 022] train=0.020256 valid=0.028016 lr=0.000119019 time=16.8s
[Epoch 023] train=0.020157 valid=0.027653 lr=0.000119019 time=16.7s
[Epoch 024] train=0.019507 valid=0.027589 lr=5.95096e-05 time=16.5s
[Epoch 025] train=0.018993 valid=0.028761 lr=5.95096e-05 time=16.6s
[Epoch 026] train=0.019045 valid=0.026755 lr=5.95096e-05 time=16.3s
[Epoch 027] train=0.018888 valid=0.029425 lr=5.95096e-05 time=16.8s
[Epoch 028] train=0.018940 valid=0.027204 lr=5.95096e-05 time=16.8s
[Epoch 029] train=0.018563 valid=0.027916 lr=2.97548e-05 time=16.9s
[Epoch 030] train=0.018198 valid=0.027427 lr=2.97548e-05 time=16.6s
[Epoch 031] train=0.018277 valid=0.027103 lr=2.97548e-05 time=16.6s
[Epoch 032] train=0.018007 valid=0.027422 lr=1.48774e-05 time=16.6s

Proposed-model point summary:
         task                  model  wrmsse_mean  ...  wape_mean  wape_std  n_folds
0  state_dept  M3_FullSkuTemporalCNN     0.644358  ...   0.083003       NaN        1
1   store_cat  M3_FullSkuTemporalCNN     0.694119  ...   0.096664       NaN        1
2  store_dept  M3_FullSkuTemporalCNN     0.742900  ...   0.111947       NaN        1

[3 rows x 7 columns]

Proposed-model main point table:
task                   state_dept  store_cat  store_dept      Mean
model                                                             
M3_FullSkuTemporalCNN    0.644358   0.694119      0.7429  0.693792

Proposed-model quantile summary:
         task                    model  wspl_mean  wspl_std  n_folds
0  state_dept  M3_FullSkuTemporalCNN_Q   0.185846       NaN        1
1   store_cat  M3_FullSkuTemporalCNN_Q   0.185666       NaN        1
2  store_dept  M3_FullSkuTemporalCNN_Q   0.194428       NaN        1

Proposed-model main quantile table:
task                     state_dept  store_cat  store_dept      Mean
model                                                               
M3_FullSkuTemporalCNN_Q    0.185846   0.185666    0.194428  0.188646

Done. Outputs written to: /root/autodl-tmp/m5/work/100pct/04_benchmark_proposed/M3_FullSkuTemporalCNN

$ /root/miniconda3/bin/python /root/autodl-tmp/m5/scripts/run_m5_proposed_models.py --data-dir /root/autodl-tmp/m5/data --output-dir /root/autodl-tmp/m5/work/100pct/04_benchmark_proposed/DeepSets --mode holdout --tasks store_dept,store_cat,state_dept --quantiles 0.005,0.025,0.165,0.25,0.5,0.75,0.835,0.975,0.995 --model-names DeepSets --recent-window 14 --lag-windows 7,14,28,56 --stat-windows 7,28,56 --params-json /root/autodl-tmp/m5/work/100pct/01_tuning/DeepSets/best_params.json --t-hist 56 --horizon 28 --valid-size 4 --test-size 4 --internal-valid-size 3 --gap 0 --min-train-origins 20 --min-final-train-origins 20 --sku-universe-mode history --store-sku-sample-frac 1.0 --store-sku-sample-seed 42 --cache-dir /root/autodl-tmp/m5/cache/100pct
Using cache directory: /root/autodl-tmp/m5/cache/100pct
Building/loading cached task artifacts lazily...

=== Proposed models on task: store_dept ===
[M5-PREP] Loading cached task package for task=store_dept...
[M5-PREP] Loaded cached task package for task=store_dept | stage 00:01 | total 00:01
[M5-PREP] Loading cached samples: task=store_dept split=final_train_samples...
[M5-PREP] Loaded cached samples: task=store_dept split=final_train_samples n=4060 | stage 00:03 | total 00:03
[M5-PREP] Loading cached samples: task=store_dept split=internal_valid_samples...
[M5-PREP] Loaded cached samples: task=store_dept split=internal_valid_samples n=210 | stage 00:00 | total 00:00
[M5-PREP] Loading cached samples: task=store_dept split=test_samples...
[M5-PREP] Loaded cached samples: task=store_dept split=test_samples n=280 | stage 00:00 | total 00:00
Task=store_dept Mode=holdout Model=DeepSets
Training samples: 4060 | Validation samples: 210
[Epoch 001] train=0.092764 valid=0.059195 lr=0.000275342 time=27.0s
[Epoch 002] train=0.048712 valid=0.050397 lr=0.000275342 time=25.3s
[Epoch 003] train=0.045151 valid=0.050393 lr=0.000275342 time=25.6s
[Epoch 004] train=0.043259 valid=0.047965 lr=0.000275342 time=25.1s
[Epoch 005] train=0.037507 valid=0.046961 lr=0.000275342 time=25.4s
[Epoch 006] train=0.039965 valid=0.043327 lr=0.000275342 time=25.2s
[Epoch 007] train=0.034856 valid=0.049853 lr=0.000275342 time=25.4s
[Epoch 008] train=0.032937 valid=0.040754 lr=0.000275342 time=25.5s
[Epoch 009] train=0.032050 valid=0.061806 lr=0.000275342 time=25.4s
[Epoch 010] train=0.031909 valid=0.051277 lr=0.000275342 time=25.4s
[Epoch 011] train=0.030206 valid=0.039997 lr=0.000275342 time=25.2s
[Epoch 012] train=0.028843 valid=0.040101 lr=0.000275342 time=25.3s
[Epoch 013] train=0.027438 valid=0.047731 lr=0.000275342 time=25.7s
[Epoch 014] train=0.026882 valid=0.042613 lr=0.000137671 time=25.0s
[Epoch 015] train=0.024382 valid=0.038754 lr=0.000137671 time=25.0s
[Epoch 016] train=0.022699 valid=0.037591 lr=0.000137671 time=25.1s
[Epoch 017] train=0.021962 valid=0.038422 lr=0.000137671 time=26.3s
[Epoch 018] train=0.021531 valid=0.039431 lr=0.000137671 time=25.4s
[Epoch 019] train=0.021156 valid=0.041423 lr=6.88354e-05 time=25.3s
[Epoch 020] train=0.018859 valid=0.036896 lr=6.88354e-05 time=25.2s
[Epoch 021] train=0.019207 valid=0.037993 lr=6.88354e-05 time=25.5s
[Epoch 022] train=0.018503 valid=0.037146 lr=6.88354e-05 time=25.3s
[Epoch 023] train=0.018084 valid=0.036110 lr=6.88354e-05 time=25.1s
[Epoch 024] train=0.018001 valid=0.036613 lr=6.88354e-05 time=25.9s
[Epoch 025] train=0.017944 valid=0.035097 lr=6.88354e-05 time=25.4s
[Epoch 026] train=0.017227 valid=0.037980 lr=6.88354e-05 time=25.9s
[Epoch 027] train=0.017518 valid=0.035290 lr=6.88354e-05 time=25.2s
[Epoch 028] train=0.017208 valid=0.034825 lr=6.88354e-05 time=26.2s
[Epoch 029] train=0.016670 valid=0.034842 lr=6.88354e-05 time=26.0s
[Epoch 030] train=0.017233 valid=0.037339 lr=6.88354e-05 time=25.8s
[Epoch 031] train=0.016695 valid=0.038073 lr=3.44177e-05 time=25.2s
[Epoch 032] train=0.015687 valid=0.036431 lr=3.44177e-05 time=25.3s
Training samples: 4060 | Validation samples: 210
[Epoch 001] train=0.047345 valid=0.035777 lr=0.000275342 time=25.7s
[Epoch 002] train=0.031587 valid=0.034617 lr=0.000275342 time=25.9s
[Epoch 003] train=0.030066 valid=0.033472 lr=0.000275342 time=25.7s
[Epoch 004] train=0.028181 valid=0.038761 lr=0.000275342 time=25.9s
[Epoch 005] train=0.027800 valid=0.032051 lr=0.000275342 time=25.7s
[Epoch 006] train=0.026509 valid=0.031190 lr=0.000275342 time=25.7s
[Epoch 007] train=0.025718 valid=0.030797 lr=0.000275342 time=26.0s
[Epoch 008] train=0.026004 valid=0.033037 lr=0.000275342 time=25.7s
[Epoch 009] train=0.024975 valid=0.029363 lr=0.000275342 time=25.5s
[Epoch 010] train=0.024337 valid=0.030201 lr=0.000275342 time=25.6s
[Epoch 011] train=0.024221 valid=0.029294 lr=0.000275342 time=25.9s
[Epoch 012] train=0.023503 valid=0.028950 lr=0.000275342 time=26.0s
[Epoch 013] train=0.023351 valid=0.028441 lr=0.000275342 time=25.9s
[Epoch 014] train=0.023332 valid=0.030309 lr=0.000275342 time=25.3s
[Epoch 015] train=0.022778 valid=0.028344 lr=0.000275342 time=25.7s
[Epoch 016] train=0.022477 valid=0.031543 lr=0.000275342 time=26.1s
[Epoch 017] train=0.022338 valid=0.028621 lr=0.000275342 time=26.0s
[Epoch 018] train=0.021950 valid=0.028985 lr=0.000137671 time=26.0s
[Epoch 019] train=0.020791 valid=0.028659 lr=0.000137671 time=25.8s
[Epoch 020] train=0.020706 valid=0.027851 lr=0.000137671 time=26.1s
[Epoch 021] train=0.020540 valid=0.027841 lr=0.000137671 time=25.7s
[Epoch 022] train=0.020079 valid=0.027830 lr=0.000137671 time=25.6s
[Epoch 023] train=0.019971 valid=0.027999 lr=0.000137671 time=25.9s
[Epoch 024] train=0.019850 valid=0.029145 lr=0.000137671 time=25.7s
[Epoch 025] train=0.019867 valid=0.028425 lr=6.88354e-05 time=25.8s
[Epoch 026] train=0.019156 valid=0.027984 lr=6.88354e-05 time=26.2s
[Epoch 027] train=0.019169 valid=0.028813 lr=6.88354e-05 time=25.8s
[Epoch 028] train=0.018945 valid=0.027956 lr=3.44177e-05 time=26.1s
[Epoch 029] train=0.018602 valid=0.027447 lr=3.44177e-05 time=25.6s
[Epoch 030] train=0.018518 valid=0.028179 lr=3.44177e-05 time=25.8s
[Epoch 031] train=0.018397 valid=0.028114 lr=3.44177e-05 time=25.7s
[Epoch 032] train=0.018418 valid=0.027813 lr=1.72089e-05 time=26.0s

=== Proposed models on task: store_cat ===
[M5-PREP] Loading cached task package for task=store_cat...
[M5-PREP] Loaded cached task package for task=store_cat | stage 00:01 | total 00:01
[M5-PREP] Loading cached samples: task=store_cat split=final_train_samples...
[M5-PREP] Loaded cached samples: task=store_cat split=final_train_samples n=1740 | stage 00:02 | total 00:02
[M5-PREP] Loading cached samples: task=store_cat split=internal_valid_samples...
[M5-PREP] Loaded cached samples: task=store_cat split=internal_valid_samples n=90 | stage 00:00 | total 00:00
[M5-PREP] Loading cached samples: task=store_cat split=test_samples...
[M5-PREP] Loaded cached samples: task=store_cat split=test_samples n=120 | stage 00:00 | total 00:00
Task=store_cat Mode=holdout Model=DeepSets
Training samples: 1740 | Validation samples: 90
[Epoch 001] train=0.137115 valid=0.082866 lr=0.000275342 time=20.7s
[Epoch 002] train=0.070094 valid=0.079445 lr=0.000275342 time=21.0s
[Epoch 003] train=0.054325 valid=0.060522 lr=0.000275342 time=20.7s
[Epoch 004] train=0.051399 valid=0.095761 lr=0.000275342 time=20.6s
[Epoch 005] train=0.046198 valid=0.054697 lr=0.000275342 time=20.5s
[Epoch 006] train=0.042550 valid=0.076539 lr=0.000275342 time=20.6s
[Epoch 007] train=0.046104 valid=0.087855 lr=0.000275342 time=21.0s
[Epoch 008] train=0.037120 valid=0.060030 lr=0.000137671 time=20.6s
[Epoch 009] train=0.033074 valid=0.047543 lr=0.000137671 time=20.5s
[Epoch 010] train=0.032656 valid=0.055055 lr=0.000137671 time=20.8s
[Epoch 011] train=0.030320 valid=0.047142 lr=0.000137671 time=20.9s
[Epoch 012] train=0.030662 valid=0.051963 lr=0.000137671 time=21.5s
[Epoch 013] train=0.030027 valid=0.052210 lr=0.000137671 time=20.9s
[Epoch 014] train=0.028086 valid=0.044915 lr=0.000137671 time=21.0s
[Epoch 015] train=0.028625 valid=0.045814 lr=0.000137671 time=20.5s
[Epoch 016] train=0.027998 valid=0.044639 lr=0.000137671 time=20.6s
[Epoch 017] train=0.026050 valid=0.043076 lr=0.000137671 time=20.5s
[Epoch 018] train=0.026414 valid=0.047112 lr=0.000137671 time=20.2s
[Epoch 019] train=0.026341 valid=0.046507 lr=0.000137671 time=20.0s
[Epoch 020] train=0.024370 valid=0.045631 lr=6.88354e-05 time=20.0s
[Epoch 021] train=0.023301 valid=0.048659 lr=6.88354e-05 time=20.6s
[Epoch 022] train=0.022292 valid=0.045088 lr=6.88354e-05 time=20.7s
[Epoch 023] train=0.021690 valid=0.043306 lr=3.44177e-05 time=20.6s
[Epoch 024] train=0.020830 valid=0.042580 lr=3.44177e-05 time=20.7s
[Epoch 025] train=0.020508 valid=0.049066 lr=3.44177e-05 time=20.7s
[Epoch 026] train=0.020360 valid=0.043794 lr=3.44177e-05 time=20.8s
[Epoch 027] train=0.020262 valid=0.045543 lr=1.72089e-05 time=20.8s
[Epoch 028] train=0.019555 valid=0.043808 lr=1.72089e-05 time=20.9s
[Epoch 029] train=0.019587 valid=0.042612 lr=1.72089e-05 time=20.6s
[Epoch 030] train=0.019683 valid=0.042161 lr=1.72089e-05 time=20.6s
[Epoch 031] train=0.020091 valid=0.044540 lr=1.72089e-05 time=20.9s
[Epoch 032] train=0.019456 valid=0.042230 lr=1.72089e-05 time=20.9s
Training samples: 1740 | Validation samples: 90
[Epoch 001] train=0.074461 valid=0.047890 lr=0.000275342 time=20.8s
[Epoch 002] train=0.040016 valid=0.039216 lr=0.000275342 time=20.9s
[Epoch 003] train=0.036207 valid=0.046531 lr=0.000275342 time=21.6s
[Epoch 004] train=0.033613 valid=0.038902 lr=0.000275342 time=21.1s
[Epoch 005] train=0.034109 valid=0.036689 lr=0.000275342 time=21.1s
[Epoch 006] train=0.031307 valid=0.036518 lr=0.000275342 time=20.8s
[Epoch 007] train=0.030070 valid=0.033368 lr=0.000275342 time=20.9s
[Epoch 008] train=0.029770 valid=0.032977 lr=0.000275342 time=21.1s
[Epoch 009] train=0.029257 valid=0.033610 lr=0.000275342 time=20.9s
[Epoch 010] train=0.028359 valid=0.036897 lr=0.000275342 time=21.1s
[Epoch 011] train=0.028418 valid=0.036196 lr=0.000137671 time=22.1s
[Epoch 012] train=0.026449 valid=0.032295 lr=0.000137671 time=21.1s
[Epoch 013] train=0.026136 valid=0.032861 lr=0.000137671 time=21.8s
[Epoch 014] train=0.026027 valid=0.034920 lr=0.000137671 time=22.0s
[Epoch 015] train=0.025559 valid=0.034671 lr=6.88354e-05 time=23.1s
[Epoch 016] train=0.024782 valid=0.034306 lr=6.88354e-05 time=22.3s
[Epoch 017] train=0.024759 valid=0.032465 lr=6.88354e-05 time=21.3s
[Epoch 018] train=0.024250 valid=0.032727 lr=3.44177e-05 time=21.2s
[Epoch 019] train=0.023927 valid=0.031573 lr=3.44177e-05 time=20.9s
[Epoch 020] train=0.023849 valid=0.031992 lr=3.44177e-05 time=21.0s
[Epoch 021] train=0.023695 valid=0.032324 lr=3.44177e-05 time=20.8s
[Epoch 022] train=0.023716 valid=0.033596 lr=1.72089e-05 time=21.2s
[Epoch 023] train=0.023294 valid=0.031812 lr=1.72089e-05 time=21.2s
[Epoch 024] train=0.023221 valid=0.032090 lr=1.72089e-05 time=21.1s
[Epoch 025] train=0.023340 valid=0.032227 lr=8.60443e-06 time=21.1s
[Epoch 026] train=0.023193 valid=0.031756 lr=8.60443e-06 time=20.9s
[Epoch 027] train=0.023175 valid=0.031932 lr=8.60443e-06 time=21.1s
Early stopping at epoch 27

=== Proposed models on task: state_dept ===
[M5-PREP] Loading cached task package for task=state_dept...
[M5-PREP] Loaded cached task package for task=state_dept | stage 00:01 | total 00:01
[M5-PREP] Loading cached samples: task=state_dept split=final_train_samples...
[M5-PREP] Loaded cached samples: task=state_dept split=final_train_samples n=1218 | stage 00:03 | total 00:03
[M5-PREP] Loading cached samples: task=state_dept split=internal_valid_samples...
[M5-PREP] Loaded cached samples: task=state_dept split=internal_valid_samples n=63 | stage 00:00 | total 00:00
[M5-PREP] Loading cached samples: task=state_dept split=test_samples...
[M5-PREP] Loaded cached samples: task=state_dept split=test_samples n=84 | stage 00:00 | total 00:00
Task=state_dept Mode=holdout Model=DeepSets
Training samples: 1218 | Validation samples: 63
[Epoch 001] train=0.351401 valid=0.213055 lr=0.000275342 time=29.3s
[Epoch 002] train=0.081737 valid=0.180973 lr=0.000275342 time=28.8s
[Epoch 003] train=0.066823 valid=0.069148 lr=0.000275342 time=28.8s
[Epoch 004] train=0.058248 valid=0.130813 lr=0.000275342 time=28.7s
[Epoch 005] train=0.047719 valid=0.054378 lr=0.000275342 time=29.0s
[Epoch 006] train=0.040864 valid=0.047428 lr=0.000275342 time=29.3s
[Epoch 007] train=0.049352 valid=0.115177 lr=0.000275342 time=28.9s
[Epoch 008] train=0.041358 valid=0.051349 lr=0.000275342 time=29.5s
[Epoch 009] train=0.033867 valid=0.051546 lr=0.000137671 time=28.4s
[Epoch 010] train=0.027809 valid=0.036930 lr=0.000137671 time=29.2s
[Epoch 011] train=0.027573 valid=0.043426 lr=0.000137671 time=29.2s
[Epoch 012] train=0.025359 valid=0.037180 lr=0.000137671 time=29.0s
[Epoch 013] train=0.024021 valid=0.038934 lr=6.88354e-05 time=28.3s
[Epoch 014] train=0.023099 valid=0.037539 lr=6.88354e-05 time=28.9s
[Epoch 015] train=0.021779 valid=0.034655 lr=6.88354e-05 time=28.6s
[Epoch 016] train=0.021111 valid=0.038554 lr=6.88354e-05 time=29.1s
[Epoch 017] train=0.021938 valid=0.037332 lr=6.88354e-05 time=29.0s
[Epoch 018] train=0.020157 valid=0.036028 lr=3.44177e-05 time=29.6s
[Epoch 019] train=0.020270 valid=0.037736 lr=3.44177e-05 time=28.8s
[Epoch 020] train=0.019969 valid=0.034460 lr=3.44177e-05 time=29.3s
[Epoch 021] train=0.018803 valid=0.034447 lr=3.44177e-05 time=29.3s
[Epoch 022] train=0.018700 valid=0.034660 lr=3.44177e-05 time=29.1s
[Epoch 023] train=0.018650 valid=0.033784 lr=3.44177e-05 time=28.7s
[Epoch 024] train=0.018887 valid=0.033720 lr=3.44177e-05 time=28.8s
[Epoch 025] train=0.018639 valid=0.034037 lr=3.44177e-05 time=29.3s
[Epoch 026] train=0.019017 valid=0.035242 lr=3.44177e-05 time=29.1s
[Epoch 027] train=0.018105 valid=0.033775 lr=1.72089e-05 time=28.5s
[Epoch 028] train=0.017812 valid=0.035621 lr=1.72089e-05 time=28.7s
[Epoch 029] train=0.017543 valid=0.034512 lr=1.72089e-05 time=28.7s
[Epoch 030] train=0.017822 valid=0.034962 lr=8.60443e-06 time=28.7s
[Epoch 031] train=0.017660 valid=0.033580 lr=8.60443e-06 time=28.7s
[Epoch 032] train=0.017099 valid=0.034023 lr=8.60443e-06 time=29.2s
Training samples: 1218 | Validation samples: 63
[Epoch 001] train=0.077909 valid=0.064210 lr=0.000275342 time=28.4s
[Epoch 002] train=0.042590 valid=0.039776 lr=0.000275342 time=28.6s
[Epoch 003] train=0.036583 valid=0.036985 lr=0.000275342 time=28.5s
[Epoch 004] train=0.032178 valid=0.032967 lr=0.000275342 time=28.8s
[Epoch 005] train=0.031092 valid=0.039522 lr=0.000275342 time=28.6s
[Epoch 006] train=0.029818 valid=0.035358 lr=0.000275342 time=28.0s
[Epoch 007] train=0.028174 valid=0.032631 lr=0.000275342 time=28.2s
[Epoch 008] train=0.028803 valid=0.030589 lr=0.000275342 time=28.5s
[Epoch 009] train=0.026345 valid=0.031791 lr=0.000275342 time=28.7s
[Epoch 010] train=0.026941 valid=0.029797 lr=0.000275342 time=28.6s
[Epoch 011] train=0.024516 valid=0.030339 lr=0.000275342 time=28.6s
[Epoch 012] train=0.025971 valid=0.027885 lr=0.000275342 time=29.3s
[Epoch 013] train=0.025297 valid=0.033591 lr=0.000275342 time=29.6s
[Epoch 014] train=0.023957 valid=0.031723 lr=0.000275342 time=29.8s
[Epoch 015] train=0.023106 valid=0.029695 lr=0.000137671 time=29.3s
[Epoch 016] train=0.022061 valid=0.027465 lr=0.000137671 time=28.9s
[Epoch 017] train=0.022180 valid=0.026890 lr=0.000137671 time=28.6s
[Epoch 018] train=0.021842 valid=0.027866 lr=0.000137671 time=28.9s
[Epoch 019] train=0.021207 valid=0.027401 lr=0.000137671 time=28.9s
[Epoch 020] train=0.020973 valid=0.029705 lr=6.88354e-05 time=28.5s
[Epoch 021] train=0.020389 valid=0.026811 lr=6.88354e-05 time=29.1s
[Epoch 022] train=0.020196 valid=0.026966 lr=6.88354e-05 time=28.7s
[Epoch 023] train=0.019819 valid=0.027133 lr=6.88354e-05 time=28.7s
[Epoch 024] train=0.019735 valid=0.027815 lr=3.44177e-05 time=28.9s
[Epoch 025] train=0.019526 valid=0.027164 lr=3.44177e-05 time=28.8s
[Epoch 026] train=0.019462 valid=0.027125 lr=3.44177e-05 time=29.1s
[Epoch 027] train=0.019281 valid=0.027032 lr=1.72089e-05 time=28.9s
[Epoch 028] train=0.019156 valid=0.027019 lr=1.72089e-05 time=29.2s
[Epoch 029] train=0.018983 valid=0.027473 lr=1.72089e-05 time=29.1s
Early stopping at epoch 29

Proposed-model point summary:
         task     model  wrmsse_mean  wrmsse_std  wape_mean  wape_std  n_folds
0  state_dept  DeepSets     0.705730         NaN   0.092691       NaN        1
1   store_cat  DeepSets     0.697405         NaN   0.096858       NaN        1
2  store_dept  DeepSets     0.772984         NaN   0.114751       NaN        1

Proposed-model main point table:
task      state_dept  store_cat  store_dept      Mean
model                                                
DeepSets     0.70573   0.697405    0.772984  0.725373

Proposed-model quantile summary:
         task       model  wspl_mean  wspl_std  n_folds
0  state_dept  DeepSets_Q   0.176129       NaN        1
1   store_cat  DeepSets_Q   0.186855       NaN        1
2  store_dept  DeepSets_Q   0.202199       NaN        1

Proposed-model main quantile table:
task        state_dept  store_cat  store_dept      Mean
model                                                  
DeepSets_Q    0.176129   0.186855    0.202199  0.188394

Done. Outputs written to: /root/autodl-tmp/m5/work/100pct/04_benchmark_proposed/DeepSets

$ /root/miniconda3/bin/python /root/autodl-tmp/m5/scripts/run_m5_proposed_models.py --data-dir /root/autodl-tmp/m5/data --output-dir /root/autodl-tmp/m5/work/100pct/04_benchmark_proposed/SetTransformer --mode holdout --tasks store_dept,store_cat,state_dept --quantiles 0.005,0.025,0.165,0.25,0.5,0.75,0.835,0.975,0.995 --model-names SetTransformer --recent-window 14 --lag-windows 7,14,28,56 --stat-windows 7,28,56 --params-json /root/autodl-tmp/m5/work/100pct/01_tuning/SetTransformer/best_params.json --t-hist 56 --horizon 28 --valid-size 4 --test-size 4 --internal-valid-size 3 --gap 0 --min-train-origins 20 --min-final-train-origins 20 --sku-universe-mode history --store-sku-sample-frac 1.0 --store-sku-sample-seed 42 --cache-dir /root/autodl-tmp/m5/cache/100pct
Using cache directory: /root/autodl-tmp/m5/cache/100pct
Building/loading cached task artifacts lazily...

=== Proposed models on task: store_dept ===
[M5-PREP] Loading cached task package for task=store_dept...
[M5-PREP] Loaded cached task package for task=store_dept | stage 00:01 | total 00:01
[M5-PREP] Loading cached samples: task=store_dept split=final_train_samples...
[M5-PREP] Loaded cached samples: task=store_dept split=final_train_samples n=4060 | stage 00:03 | total 00:03
[M5-PREP] Loading cached samples: task=store_dept split=internal_valid_samples...
[M5-PREP] Loaded cached samples: task=store_dept split=internal_valid_samples n=210 | stage 00:00 | total 00:00
[M5-PREP] Loading cached samples: task=store_dept split=test_samples...
[M5-PREP] Loaded cached samples: task=store_dept split=test_samples n=280 | stage 00:00 | total 00:00
Task=store_dept Mode=holdout Model=SetTransformer
Training samples: 4060 | Validation samples: 210
[Epoch 001] train=0.103572 valid=0.059236 lr=0.000171045 time=39.0s
[Epoch 002] train=0.054861 valid=0.057356 lr=0.000171045 time=38.3s
[Epoch 003] train=0.055724 valid=0.053409 lr=0.000171045 time=38.5s
[Epoch 004] train=0.048361 valid=0.048741 lr=0.000171045 time=38.4s
[Epoch 005] train=0.045697 valid=0.049312 lr=0.000171045 time=38.9s
[Epoch 006] train=0.040583 valid=0.050737 lr=0.000171045 time=38.2s
[Epoch 007] train=0.041705 valid=0.046722 lr=0.000171045 time=38.7s
[Epoch 008] train=0.038709 valid=0.055775 lr=0.000171045 time=38.3s
[Epoch 009] train=0.036439 valid=0.050587 lr=0.000171045 time=38.1s
[Epoch 010] train=0.035024 valid=0.044647 lr=0.000171045 time=38.3s
[Epoch 011] train=0.034607 valid=0.043581 lr=0.000171045 time=38.5s
[Epoch 012] train=0.031467 valid=0.043304 lr=0.000171045 time=38.7s
[Epoch 013] train=0.031990 valid=0.054383 lr=0.000171045 time=39.0s
[Epoch 014] train=0.030946 valid=0.066963 lr=0.000171045 time=39.0s
[Epoch 015] train=0.031219 valid=0.043039 lr=0.000171045 time=38.6s
[Epoch 016] train=0.030000 valid=0.040355 lr=0.000171045 time=38.6s
[Epoch 017] train=0.030062 valid=0.043049 lr=0.000171045 time=38.7s
[Epoch 018] train=0.029525 valid=0.044048 lr=0.000171045 time=38.3s
[Epoch 019] train=0.028116 valid=0.040713 lr=8.55226e-05 time=38.9s
[Epoch 020] train=0.023890 valid=0.040551 lr=8.55226e-05 time=38.5s
[Epoch 021] train=0.022923 valid=0.040584 lr=8.55226e-05 time=38.3s
[Epoch 022] train=0.021900 valid=0.045359 lr=4.27613e-05 time=38.5s
[Epoch 023] train=0.020248 valid=0.040333 lr=4.27613e-05 time=38.4s
[Epoch 024] train=0.019772 valid=0.041226 lr=4.27613e-05 time=38.2s
[Epoch 025] train=0.019149 valid=0.040203 lr=4.27613e-05 time=38.3s
[Epoch 026] train=0.019002 valid=0.045218 lr=4.27613e-05 time=38.7s
[Epoch 027] train=0.018594 valid=0.041216 lr=4.27613e-05 time=38.6s
[Epoch 028] train=0.019692 valid=0.041255 lr=2.13806e-05 time=38.5s
[Epoch 029] train=0.017650 valid=0.041638 lr=2.13806e-05 time=38.5s
[Epoch 030] train=0.017228 valid=0.041626 lr=2.13806e-05 time=38.5s
[Epoch 031] train=0.017169 valid=0.042281 lr=1.06903e-05 time=38.4s
[Epoch 032] train=0.016679 valid=0.041965 lr=1.06903e-05 time=38.7s
Training samples: 4060 | Validation samples: 210
[Epoch 001] train=0.044653 valid=0.038184 lr=0.000171045 time=39.8s
[Epoch 002] train=0.032746 valid=0.035897 lr=0.000171045 time=40.5s
[Epoch 003] train=0.030754 valid=0.035887 lr=0.000171045 time=40.0s
[Epoch 004] train=0.029080 valid=0.035245 lr=0.000171045 time=40.2s
[Epoch 005] train=0.028318 valid=0.030914 lr=0.000171045 time=40.8s
[Epoch 006] train=0.027056 valid=0.031411 lr=0.000171045 time=40.1s
[Epoch 007] train=0.026827 valid=0.032243 lr=0.000171045 time=40.5s
[Epoch 008] train=0.026345 valid=0.029694 lr=0.000171045 time=40.2s
[Epoch 009] train=0.025830 valid=0.029194 lr=0.000171045 time=40.3s
[Epoch 010] train=0.024855 valid=0.031479 lr=0.000171045 time=40.7s
[Epoch 011] train=0.024564 valid=0.028651 lr=0.000171045 time=40.3s
[Epoch 012] train=0.024360 valid=0.031269 lr=0.000171045 time=40.4s
[Epoch 013] train=0.024014 valid=0.030491 lr=0.000171045 time=40.6s
[Epoch 014] train=0.023644 valid=0.028771 lr=8.55226e-05 time=40.2s
[Epoch 015] train=0.022072 valid=0.029153 lr=8.55226e-05 time=40.9s
[Epoch 016] train=0.021686 valid=0.028756 lr=8.55226e-05 time=40.9s
[Epoch 017] train=0.021429 valid=0.029107 lr=4.27613e-05 time=40.5s
[Epoch 018] train=0.020590 valid=0.028238 lr=4.27613e-05 time=40.8s
[Epoch 019] train=0.020273 valid=0.028124 lr=4.27613e-05 time=40.3s
[Epoch 020] train=0.020119 valid=0.028389 lr=4.27613e-05 time=40.8s
[Epoch 021] train=0.020058 valid=0.028259 lr=4.27613e-05 time=40.3s
[Epoch 022] train=0.019903 valid=0.028785 lr=2.13806e-05 time=40.2s
[Epoch 023] train=0.019546 valid=0.028802 lr=2.13806e-05 time=40.5s
[Epoch 024] train=0.019463 valid=0.028542 lr=2.13806e-05 time=42.3s
[Epoch 025] train=0.019377 valid=0.029202 lr=1.06903e-05 time=40.4s
[Epoch 026] train=0.019089 valid=0.028479 lr=1.06903e-05 time=41.0s
[Epoch 027] train=0.019075 valid=0.028899 lr=1.06903e-05 time=40.1s
Early stopping at epoch 27

=== Proposed models on task: store_cat ===
[M5-PREP] Loading cached task package for task=store_cat...
[M5-PREP] Loaded cached task package for task=store_cat | stage 00:01 | total 00:01
[M5-PREP] Loading cached samples: task=store_cat split=final_train_samples...
[M5-PREP] Loaded cached samples: task=store_cat split=final_train_samples n=1740 | stage 00:02 | total 00:02
[M5-PREP] Loading cached samples: task=store_cat split=internal_valid_samples...
[M5-PREP] Loaded cached samples: task=store_cat split=internal_valid_samples n=90 | stage 00:00 | total 00:00
[M5-PREP] Loading cached samples: task=store_cat split=test_samples...
[M5-PREP] Loaded cached samples: task=store_cat split=test_samples n=120 | stage 00:00 | total 00:00
Task=store_cat Mode=holdout Model=SetTransformer
Training samples: 1740 | Validation samples: 90
[Epoch 001] train=0.182867 valid=0.114377 lr=0.000171045 time=38.4s
[Epoch 002] train=0.075374 valid=0.080863 lr=0.000171045 time=38.4s
[Epoch 003] train=0.066330 valid=0.064442 lr=0.000171045 time=38.3s
[Epoch 004] train=0.056999 valid=0.101805 lr=0.000171045 time=38.1s
[Epoch 005] train=0.051377 valid=0.071432 lr=0.000171045 time=38.4s
[Epoch 006] train=0.049528 valid=0.064113 lr=0.000171045 time=38.5s
[Epoch 007] train=0.045607 valid=0.072106 lr=0.000171045 time=38.2s
[Epoch 008] train=0.044465 valid=0.059277 lr=0.000171045 time=38.3s
[Epoch 009] train=0.041195 valid=0.146967 lr=0.000171045 time=38.1s
[Epoch 010] train=0.042712 valid=0.057474 lr=0.000171045 time=38.3s
[Epoch 011] train=0.041545 valid=0.060050 lr=0.000171045 time=38.2s
[Epoch 012] train=0.038639 valid=0.050778 lr=0.000171045 time=38.2s
[Epoch 013] train=0.039588 valid=0.057203 lr=0.000171045 time=38.2s
[Epoch 014] train=0.035199 valid=0.055961 lr=0.000171045 time=38.5s
[Epoch 015] train=0.034566 valid=0.068536 lr=8.55226e-05 time=38.4s
[Epoch 016] train=0.029589 valid=0.050889 lr=8.55226e-05 time=38.2s
[Epoch 017] train=0.027648 valid=0.047834 lr=8.55226e-05 time=38.5s
[Epoch 018] train=0.027169 valid=0.045524 lr=8.55226e-05 time=38.2s
[Epoch 019] train=0.025063 valid=0.045935 lr=8.55226e-05 time=38.1s
[Epoch 020] train=0.025283 valid=0.047410 lr=8.55226e-05 time=38.0s
[Epoch 021] train=0.025871 valid=0.052025 lr=4.27613e-05 time=38.2s
[Epoch 022] train=0.023699 valid=0.050295 lr=4.27613e-05 time=38.8s
[Epoch 023] train=0.022937 valid=0.051888 lr=4.27613e-05 time=37.8s
[Epoch 024] train=0.022615 valid=0.047428 lr=2.13806e-05 time=38.3s
[Epoch 025] train=0.021153 valid=0.046226 lr=2.13806e-05 time=38.7s
[Epoch 026] train=0.021136 valid=0.048121 lr=2.13806e-05 time=38.0s
Early stopping at epoch 26
Training samples: 1740 | Validation samples: 90
[Epoch 001] train=0.072177 valid=0.051394 lr=0.000171045 time=38.8s
[Epoch 002] train=0.044893 valid=0.042476 lr=0.000171045 time=39.3s
[Epoch 003] train=0.040148 valid=0.041735 lr=0.000171045 time=38.9s
[Epoch 004] train=0.036716 valid=0.039397 lr=0.000171045 time=39.3s
[Epoch 005] train=0.035235 valid=0.037717 lr=0.000171045 time=39.4s
[Epoch 006] train=0.033633 valid=0.036997 lr=0.000171045 time=39.3s
[Epoch 007] train=0.033053 valid=0.036150 lr=0.000171045 time=39.0s
[Epoch 008] train=0.032132 valid=0.036386 lr=0.000171045 time=39.0s
[Epoch 009] train=0.032046 valid=0.037616 lr=0.000171045 time=39.1s
[Epoch 010] train=0.031074 valid=0.034177 lr=0.000171045 time=39.4s
[Epoch 011] train=0.031044 valid=0.036468 lr=0.000171045 time=39.1s
[Epoch 012] train=0.030072 valid=0.036261 lr=0.000171045 time=39.4s
[Epoch 013] train=0.029614 valid=0.036077 lr=8.55226e-05 time=38.9s
[Epoch 014] train=0.027396 valid=0.033349 lr=8.55226e-05 time=39.4s
[Epoch 015] train=0.027200 valid=0.033406 lr=8.55226e-05 time=39.5s
[Epoch 016] train=0.027036 valid=0.033223 lr=8.55226e-05 time=39.2s
[Epoch 017] train=0.026927 valid=0.034006 lr=8.55226e-05 time=39.1s
[Epoch 018] train=0.026431 valid=0.033444 lr=8.55226e-05 time=39.4s
[Epoch 019] train=0.025962 valid=0.034196 lr=4.27613e-05 time=39.3s
[Epoch 020] train=0.025322 valid=0.032745 lr=4.27613e-05 time=39.9s
[Epoch 021] train=0.025222 valid=0.033786 lr=4.27613e-05 time=39.0s
[Epoch 022] train=0.024722 valid=0.033418 lr=4.27613e-05 time=39.2s
[Epoch 023] train=0.024677 valid=0.034553 lr=2.13806e-05 time=39.3s
[Epoch 024] train=0.024195 valid=0.032417 lr=2.13806e-05 time=39.1s
[Epoch 025] train=0.023964 valid=0.032276 lr=2.13806e-05 time=39.6s
[Epoch 026] train=0.023877 valid=0.032400 lr=2.13806e-05 time=39.1s
[Epoch 027] train=0.023805 valid=0.032213 lr=2.13806e-05 time=39.7s
[Epoch 028] train=0.023773 valid=0.032161 lr=2.13806e-05 time=38.9s
[Epoch 029] train=0.023637 valid=0.032806 lr=2.13806e-05 time=39.3s
[Epoch 030] train=0.023570 valid=0.032585 lr=2.13806e-05 time=39.4s
[Epoch 031] train=0.023560 valid=0.031887 lr=2.13806e-05 time=39.0s
[Epoch 032] train=0.023441 valid=0.032784 lr=2.13806e-05 time=39.3s

=== Proposed models on task: state_dept ===
[M5-PREP] Loading cached task package for task=state_dept...
[M5-PREP] Loaded cached task package for task=state_dept | stage 00:01 | total 00:01
[M5-PREP] Loading cached samples: task=state_dept split=final_train_samples...
[M5-PREP] Loaded cached samples: task=state_dept split=final_train_samples n=1218 | stage 00:02 | total 00:02
[M5-PREP] Loading cached samples: task=state_dept split=internal_valid_samples...
[M5-PREP] Loaded cached samples: task=state_dept split=internal_valid_samples n=63 | stage 00:00 | total 00:00
[M5-PREP] Loading cached samples: task=state_dept split=test_samples...
[M5-PREP] Loaded cached samples: task=state_dept split=test_samples n=84 | stage 00:00 | total 00:00
Task=state_dept Mode=holdout Model=SetTransformer
Training samples: 1218 | Validation samples: 63
[Epoch 001] train=0.282381 valid=0.119070 lr=0.000171045 time=46.6s
[Epoch 002] train=0.108438 valid=0.085924 lr=0.000171045 time=46.4s
[Epoch 003] train=0.074218 valid=0.082204 lr=0.000171045 time=46.2s
[Epoch 004] train=0.069769 valid=0.060145 lr=0.000171045 time=46.8s
[Epoch 005] train=0.061566 valid=0.077243 lr=0.000171045 time=46.9s
[Epoch 006] train=0.050984 valid=0.076798 lr=0.000171045 time=46.7s
[Epoch 007] train=0.052314 valid=0.050297 lr=0.000171045 time=46.7s
[Epoch 008] train=0.045407 valid=0.055202 lr=0.000171045 time=47.1s
[Epoch 009] train=0.038467 valid=0.048252 lr=0.000171045 time=46.8s
[Epoch 010] train=0.040801 valid=0.046570 lr=0.000171045 time=47.3s
[Epoch 011] train=0.039815 valid=0.055084 lr=0.000171045 time=46.3s
[Epoch 012] train=0.034338 valid=0.041858 lr=0.000171045 time=46.9s
[Epoch 013] train=0.037085 valid=0.041354 lr=0.000171045 time=47.1s
[Epoch 014] train=0.035709 valid=0.040930 lr=0.000171045 time=46.8s
[Epoch 015] train=0.034487 valid=0.049560 lr=0.000171045 time=46.8s
[Epoch 016] train=0.032453 valid=0.050400 lr=0.000171045 time=46.5s
[Epoch 017] train=0.029554 valid=0.039701 lr=0.000171045 time=46.8s
[Epoch 018] train=0.033848 valid=0.052243 lr=0.000171045 time=46.5s
[Epoch 019] train=0.027351 valid=0.035621 lr=0.000171045 time=46.9s
[Epoch 020] train=0.029511 valid=0.036269 lr=0.000171045 time=46.8s
[Epoch 021] train=0.026179 valid=0.039733 lr=0.000171045 time=46.3s
[Epoch 022] train=0.030043 valid=0.041813 lr=8.55226e-05 time=47.6s
[Epoch 023] train=0.023331 valid=0.037867 lr=8.55226e-05 time=46.4s
[Epoch 024] train=0.021929 valid=0.037065 lr=8.55226e-05 time=47.3s
[Epoch 025] train=0.021257 valid=0.049352 lr=4.27613e-05 time=46.6s
[Epoch 026] train=0.018897 valid=0.037512 lr=4.27613e-05 time=46.5s
[Epoch 027] train=0.018576 valid=0.040777 lr=4.27613e-05 time=46.7s
Early stopping at epoch 27
Training samples: 1218 | Validation samples: 63
[Epoch 001] train=0.085942 valid=0.055962 lr=0.000171045 time=47.3s
[Epoch 002] train=0.050319 valid=0.040474 lr=0.000171045 time=47.4s
[Epoch 003] train=0.043154 valid=0.042442 lr=0.000171045 time=46.6s
[Epoch 004] train=0.038916 valid=0.038442 lr=0.000171045 time=47.1s
[Epoch 005] train=0.034550 valid=0.036920 lr=0.000171045 time=47.2s
[Epoch 006] train=0.032994 valid=0.047535 lr=0.000171045 time=46.5s
[Epoch 007] train=0.031538 valid=0.037431 lr=0.000171045 time=46.8s
[Epoch 008] train=0.030313 valid=0.034989 lr=0.000171045 time=47.8s
[Epoch 009] train=0.030479 valid=0.030383 lr=0.000171045 time=47.6s
[Epoch 010] train=0.031338 valid=0.032896 lr=0.000171045 time=47.6s
[Epoch 011] train=0.028624 valid=0.030469 lr=0.000171045 time=46.8s
[Epoch 012] train=0.028208 valid=0.035817 lr=8.55226e-05 time=47.1s
[Epoch 013] train=0.025449 valid=0.030680 lr=8.55226e-05 time=46.8s
[Epoch 014] train=0.024868 valid=0.032517 lr=8.55226e-05 time=47.3s
[Epoch 015] train=0.024431 valid=0.030068 lr=8.55226e-05 time=47.4s
[Epoch 016] train=0.024489 valid=0.029778 lr=8.55226e-05 time=47.3s
[Epoch 017] train=0.024203 valid=0.028113 lr=8.55226e-05 time=47.6s
[Epoch 018] train=0.023930 valid=0.028886 lr=8.55226e-05 time=47.4s
[Epoch 019] train=0.023448 valid=0.030285 lr=8.55226e-05 time=47.8s
[Epoch 020] train=0.023122 valid=0.027467 lr=8.55226e-05 time=47.3s
[Epoch 021] train=0.023083 valid=0.032234 lr=8.55226e-05 time=47.3s
[Epoch 022] train=0.022946 valid=0.028538 lr=8.55226e-05 time=47.5s
[Epoch 023] train=0.022538 valid=0.027327 lr=8.55226e-05 time=47.6s
[Epoch 024] train=0.021817 valid=0.028260 lr=8.55226e-05 time=47.2s
[Epoch 025] train=0.022694 valid=0.026651 lr=8.55226e-05 time=47.6s
[Epoch 026] train=0.022012 valid=0.032438 lr=8.55226e-05 time=47.5s
[Epoch 027] train=0.021624 valid=0.031706 lr=8.55226e-05 time=47.5s
[Epoch 028] train=0.021755 valid=0.027654 lr=4.27613e-05 time=47.4s
[Epoch 029] train=0.020565 valid=0.026337 lr=4.27613e-05 time=47.1s
[Epoch 030] train=0.020211 valid=0.025555 lr=4.27613e-05 time=47.0s
[Epoch 031] train=0.020190 valid=0.025805 lr=4.27613e-05 time=46.8s
[Epoch 032] train=0.020139 valid=0.026292 lr=4.27613e-05 time=47.6s

Proposed-model point summary:
         task           model  wrmsse_mean  ...  wape_mean  wape_std  n_folds
0  state_dept  SetTransformer     0.635777  ...   0.083921       NaN        1
1   store_cat  SetTransformer     0.674093  ...   0.093867       NaN        1
2  store_dept  SetTransformer     0.759375  ...   0.115305       NaN        1

[3 rows x 7 columns]

Proposed-model main point table:
task            state_dept  store_cat  store_dept      Mean
model                                                      
SetTransformer    0.635777   0.674093    0.759375  0.689748

Proposed-model quantile summary:
         task             model  wspl_mean  wspl_std  n_folds
0  state_dept  SetTransformer_Q   0.168573       NaN        1
1   store_cat  SetTransformer_Q   0.190661       NaN        1
2  store_dept  SetTransformer_Q   0.194889       NaN        1

Proposed-model main quantile table:
task              state_dept  store_cat  store_dept      Mean
model                                                        
SetTransformer_Q    0.168573   0.190661    0.194889  0.184708

Done. Outputs written to: /root/autodl-tmp/m5/work/100pct/04_benchmark_proposed/SetTransformer

$ /root/miniconda3/bin/python /root/autodl-tmp/m5/scripts/run_m5_stat_tests.py --benchmark-rows /root/autodl-tmp/m5/work/100pct/03_benchmark_baselines/all_holdout_rows.csv --proposed-rows /root/autodl-tmp/m5/work/100pct/04_benchmark_proposed/proposed_all_holdout_rows.csv --ablation-rows /root/autodl-tmp/m5/work/100pct/02_ablation/all_ablation_rows_holdout.csv --benchmark-series-rows /root/autodl-tmp/m5/work/100pct/03_benchmark_baselines/all_holdout_series_rows.csv --proposed-series-rows /root/autodl-tmp/m5/work/100pct/04_benchmark_proposed/proposed_all_holdout_series_rows.csv --ablation-series-rows /root/autodl-tmp/m5/work/100pct/02_ablation/all_ablation_series_rows_holdout.csv --ablation-models M0_AggHistOnly,M1_AggHistFutureSummary --metric wspl --analysis-level series --series-block-cols task,agg_id --output-dir /root/autodl-tmp/m5/work/100pct/05_stat_tests
Done. Statistical test outputs written to:
/root/autodl-tmp/m5/work/100pct/05_stat_tests

$ /root/miniconda3/bin/python /root/autodl-tmp/m5/scripts/make_m5_paper_tables.py --benchmark-rows /root/autodl-tmp/m5/work/100pct/03_benchmark_baselines/all_holdout_rows.csv --proposed-rows /root/autodl-tmp/m5/work/100pct/04_benchmark_proposed/proposed_all_holdout_rows.csv --ablation-rows /root/autodl-tmp/m5/work/100pct/02_ablation/all_ablation_rows_holdout.csv --output-dir /root/autodl-tmp/m5/work/100pct/06_paper_tables
Done. Wrote merged CSVs and LaTeX tables to:
/root/autodl-tmp/m5/work/100pct/06_paper_tables

Workflow paths:
  proposed models:    M3_FullSkuTemporalCNN, DeepSets, SetTransformer
  ablation params:    /root/autodl-tmp/m5/work/100pct/01_tuning/M3_FullSkuTemporalCNN/best_params.json
  tuned params all:   /root/autodl-tmp/m5/work/100pct/01_tuning/best_params_all_models.json
  benchmark rows:     /root/autodl-tmp/m5/work/100pct/03_benchmark_baselines/all_holdout_rows.csv
  benchmark series:   /root/autodl-tmp/m5/work/100pct/03_benchmark_baselines/all_holdout_series_rows.csv
  proposed rows:      /root/autodl-tmp/m5/work/100pct/04_benchmark_proposed/proposed_all_holdout_rows.csv
  proposed series:    /root/autodl-tmp/m5/work/100pct/04_benchmark_proposed/proposed_all_holdout_series_rows.csv
  ablation rows:      /root/autodl-tmp/m5/work/100pct/02_ablation/all_ablation_rows_holdout.csv
  ablation series:    /root/autodl-tmp/m5/work/100pct/02_ablation/all_ablation_series_rows_holdout.csv
  statistical tests:  /root/autodl-tmp/m5/work/100pct/05_stat_tests
  final tables dir:   /root/autodl-tmp/m5/work/100pct/06_paper_tables
=== Phase 4: Consistency ===
Consistency check passed.
Mode: holdout
Metric: wspl
Complete task×agg_id blocks for series-level stats: 121
Models in aligned matrix: 11
Bottom-up benchmark present: BottomUpGlobalHistGB
Removed bottom-up naive absent: BottomUpSeasonalNaive
Ablation models included: M0_AggHistOnly, M1_AggHistFutureSummary
=== ALL DONE ===
