task,fold,model,base_model,agg_id,origin_time,row_id,revenue_28,weight,metric,metric_value
store_dept,1,DeepSets,DeepSets,CA_1__FOODS_1,1400,0,2534.880126953125,0.00802800778369643,rmsse,1.7263453235620818
store_dept,1,DeepSets,DeepSets,CA_1__FOODS_2,1400,1,3790.949951171875,0.01200600193753233,rmsse,1.3024857155787557
store_dept,1,DeepSets,DeepSets,CA_1__FOODS_3,1400,2,20035.8984375,0.06345402565561853,rmsse,0.8523826399222452
store_dept,1,DeepSets,DeepSets,CA_1__HOBBIES_1,1400,3,4374.78955078125,0.013855031720146955,rmsse,0.8784251025758493
store_dept,1,DeepSets,DeepSets,CA_1__HOBBIES_2,1400,4,108.97000885009766,0.00034510984165928173,rmsse,1.8028227938548345
store_dept,1,DeepSets,DeepSets,CA_1__HOUSEHOLD_1,1400,5,7329.38037109375,0.02321227029364002,rmsse,1.0354519124116803
store_dept,1,DeepSets,DeepSets,CA_1__HOUSEHOLD_2,1400,6,1822.10009765625,0.005770621502422193,rmsse,1.0501857324233852
store_dept,1,DeepSets,DeepSets,CA_2__FOODS_1,1400,7,5192.7197265625,0.016445430275042205,rmsse,1.791794034319602
store_dept,1,DeepSets,DeepSets,CA_2__FOODS_2,1400,8,1038.47998046875,0.003288883477277823,rmsse,0.8000762347866284
store_dept,1,DeepSets,DeepSets,CA_2__FOODS_3,1400,9,6921.8095703125,0.021921486746801406,rmsse,0.8386882207074828
store_dept,1,DeepSets,DeepSets,CA_2__HOBBIES_1,1400,10,3034.0205078125,0.009608793723074448,rmsse,0.5156660353339216
store_dept,1,DeepSets,DeepSets,CA_2__HOBBIES_2,1400,11,203.6199951171875,0.0006448679321502443,rmsse,1.7692653421856603
store_dept,1,DeepSets,DeepSets,CA_2__HOUSEHOLD_1,1400,12,5629.84033203125,0.01782979854784697,rmsse,0.844877269101612
store_dept,1,DeepSets,DeepSets,CA_2__HOUSEHOLD_2,1400,13,3840.219970703125,0.012162040913929681,rmsse,0.9475929093265361
store_dept,1,DeepSets,DeepSets,CA_3__FOODS_1,1400,14,2600.739990234375,0.008236587072883795,rmsse,1.291118396055156
store_dept,1,DeepSets,DeepSets,CA_3__FOODS_2,1400,15,6161.9501953125,0.019514999389804777,rmsse,1.2555967650945816
store_dept,1,DeepSets,DeepSets,CA_3__FOODS_3,1400,16,21207.578125,0.06716475483418333,rmsse,1.1349364391482426
store_dept,1,DeepSets,DeepSets,CA_3__HOBBIES_1,1400,17,3180.329833984375,0.010072157807571416,rmsse,0.5902127119734821
store_dept,1,DeepSets,DeepSets,CA_3__HOBBIES_2,1400,18,159.17001342773438,0.0005040940962619912,rmsse,1.215751639941343
store_dept,1,DeepSets,DeepSets,CA_3__HOUSEHOLD_1,1400,19,15256.3203125,0.048317021746717426,rmsse,1.0636738024627408
store_dept,1,DeepSets,DeepSets,CA_3__HOUSEHOLD_2,1400,20,3660.459716796875,0.011592737181491168,rmsse,0.824195010969241
store_dept,1,DeepSets,DeepSets,CA_4__FOODS_1,1400,21,800.9999389648438,0.0025367802115673944,rmsse,1.173010268924288
store_dept,1,DeepSets,DeepSets,CA_4__FOODS_2,1400,22,2468.130126953125,0.0078166094166242,rmsse,0.844830314953394
store_dept,1,DeepSets,DeepSets,CA_4__FOODS_3,1400,23,14084.80078125,0.04460679978567662,rmsse,1.319900374463805
store_dept,1,DeepSets,DeepSets,CA_4__HOBBIES_1,1400,24,4406.7998046875,0.013956408729964913,rmsse,0.8544392844060232
store_dept,1,DeepSets,DeepSets,CA_4__HOBBIES_2,1400,25,147.14999389648438,0.0004660264932495184,rmsse,2.120276885146489
store_dept,1,DeepSets,DeepSets,CA_4__HOUSEHOLD_1,1400,26,3093.73046875,0.009797896168619528,rmsse,0.8927474825638743
store_dept,1,DeepSets,DeepSets,CA_4__HOUSEHOLD_2,1400,27,1551.5699462890625,0.004913847985675728,rmsse,0.9702635399187214
store_dept,1,DeepSets,DeepSets,TX_1__FOODS_1,1400,28,1099.670166015625,0.003482673818932596,rmsse,1.1535026867428593
store_dept,1,DeepSets,DeepSets,TX_1__FOODS_2,1400,29,5270.68017578125,0.016692332322398928,rmsse,1.0036118262763074
store_dept,1,DeepSets,DeepSets,TX_1__FOODS_3,1400,30,12843.529296875,0.04067567222177853,rmsse,1.32045441610763
store_dept,1,DeepSets,DeepSets,TX_1__HOBBIES_1,1400,31,1789.60986328125,0.005667724386427151,rmsse,0.8052751801481216
store_dept,1,DeepSets,DeepSets,TX_1__HOBBIES_2,1400,32,134.47000122070312,0.00042586874424355603,rmsse,2.0115167618422927
store_dept,1,DeepSets,DeepSets,TX_1__HOUSEHOLD_1,1400,33,8660.240234375,0.02742712575281046,rmsse,0.7710669036426729
store_dept,1,DeepSets,DeepSets,TX_1__HOUSEHOLD_2,1400,34,2288.57958984375,0.007247969860791038,rmsse,0.8498116021026993
store_dept,1,DeepSets,DeepSets,TX_2__FOODS_1,1400,35,291.9399719238281,0.0009245787767462147,rmsse,1.185044345316061
store_dept,1,DeepSets,DeepSets,TX_2__FOODS_2,1400,36,5107.86962890625,0.01617670859578452,rmsse,0.8253870421745901
store_dept,1,DeepSets,DeepSets,TX_2__FOODS_3,1400,37,8904.830078125,0.028201745881217977,rmsse,0.9477695047498826
store_dept,1,DeepSets,DeepSets,TX_2__HOBBIES_1,1400,38,4373.8798828125,0.013852150786466481,rmsse,0.7235042658984657
store_dept,1,DeepSets,DeepSets,TX_2__HOBBIES_2,1400,39,197.4000244140625,0.0006251691808412146,rmsse,1.900358366422913
store_dept,1,DeepSets,DeepSets,TX_2__HOUSEHOLD_1,1400,40,5818.68994140625,0.018427888421166872,rmsse,0.7184730394709541
store_dept,1,DeepSets,DeepSets,TX_2__HOUSEHOLD_2,1400,41,2689.76953125,0.008518545119204293,rmsse,0.7802965123463922
store_dept,1,DeepSets,DeepSets,TX_3__FOODS_1,1400,42,2627.969970703125,0.008322824876726528,rmsse,0.9481802474967068
store_dept,1,DeepSets,DeepSets,TX_3__FOODS_2,1400,43,4778.7197265625,0.015134285346684108,rmsse,1.384251386975295
store_dept,1,DeepSets,DeepSets,TX_3__FOODS_3,1400,44,10290.4501953125,0.03259002798093137,rmsse,0.946057774078908
store_dept,1,DeepSets,DeepSets,TX_3__HOBBIES_1,1400,45,3314.3798828125,0.010496696555559706,rmsse,0.6716664997101309
store_dept,1,DeepSets,DeepSets,TX_3__HOBBIES_2,1400,46,660.9500122070312,0.0020932397497668413,rmsse,1.6514994936601768
store_dept,1,DeepSets,DeepSets,TX_3__HOUSEHOLD_1,1400,47,6043.7099609375,0.019140530588769383,rmsse,1.0140519754877133
store_dept,1,DeepSets,DeepSets,TX_3__HOUSEHOLD_2,1400,48,1907.5799560546875,0.0060413376444895354,rmsse,0.912650407534172
store_dept,1,DeepSets,DeepSets,WI_1__FOODS_1,1400,49,1315.530029296875,0.004166305618394634,rmsse,1.0437336958713401
store_dept,1,DeepSets,DeepSets,WI_1__FOODS_2,1400,50,5126.64990234375,0.01623618603605205,rmsse,1.1401085777228128
store_dept,1,DeepSets,DeepSets,WI_1__FOODS_3,1400,51,9099.6494140625,0.02881874197846567,rmsse,0.8493465071009451
store_dept,1,DeepSets,DeepSets,WI_1__HOBBIES_1,1400,52,2961.169921875,0.009378074698243847,rmsse,0.864734245336746
store_dept,1,DeepSets,DeepSets,WI_1__HOBBIES_2,1400,53,501.1199951171875,0.0015870554108616797,rmsse,1.9817848412457721
store_dept,1,DeepSets,DeepSets,WI_1__HOUSEHOLD_1,1400,54,6771.36083984375,0.021445013099622625,rmsse,0.8845948918251607
store_dept,1,DeepSets,DeepSets,WI_1__HOUSEHOLD_2,1400,55,1590.169921875,0.005036094754333332,rmsse,0.9204519365667645
store_dept,1,DeepSets,DeepSets,WI_2__FOODS_1,1400,56,5482.02001953125,0.017361649144362227,rmsse,0.9601525202614011
store_dept,1,DeepSets,DeepSets,WI_2__FOODS_2,1400,57,4937.390625,0.015636798737419254,rmsse,1.4925981428992101
store_dept,1,DeepSets,DeepSets,WI_2__FOODS_3,1400,58,11386.9404296875,0.03606263090314143,rmsse,0.7616285612892428
store_dept,1,DeepSets,DeepSets,WI_2__HOBBIES_1,1400,59,2255.1298828125,0.00714203407883672,rmsse,0.3444691173315421
store_dept,1,DeepSets,DeepSets,WI_2__HOBBIES_2,1400,60,364.6100158691406,0.0011547260220661582,rmsse,1.3785666189204058
store_dept,1,DeepSets,DeepSets,WI_2__HOUSEHOLD_1,1400,61,7108.89013671875,0.022513974031434052,rmsse,0.9639475430812627
store_dept,1,DeepSets,DeepSets,WI_2__HOUSEHOLD_2,1400,62,1695.1500244140625,0.005368568495933828,rmsse,1.735591142905043
store_dept,1,DeepSets,DeepSets,WI_3__FOODS_1,1400,63,692.8200073242188,0.0021941725576525846,rmsse,1.0110051500511998
store_dept,1,DeepSets,DeepSets,WI_3__FOODS_2,1400,64,2820.5400390625,0.008932697505912439,rmsse,0.6142404128415253
store_dept,1,DeepSets,DeepSets,WI_3__FOODS_3,1400,65,9481.390625,0.030027722782006692,rmsse,0.744277146415791
store_dept,1,DeepSets,DeepSets,WI_3__HOBBIES_1,1400,66,1108.2099609375,0.003509719492365047,rmsse,0.6184825599654252
store_dept,1,DeepSets,DeepSets,WI_3__HOBBIES_2,1400,67,193.62002563476562,0.0006131978614482801,rmsse,1.8406392956465358
store_dept,1,DeepSets,DeepSets,WI_3__HOUSEHOLD_1,1400,68,5660.31982421875,0.0179263276096841,rmsse,0.8128557638430718
store_dept,1,DeepSets,DeepSets,WI_3__HOUSEHOLD_2,1400,69,1469.56005859375,0.0046541212988957135,rmsse,0.7259923035863215
store_dept,1,DeepSets,DeepSets,CA_1__FOODS_1,1428,70,2881.009765625,0.00971167693421073,rmsse,0.6618864805353473
store_dept,1,DeepSets,DeepSets,CA_1__FOODS_2,1428,71,3028.739990234375,0.010209664907713276,rmsse,0.9928544357951948
store_dept,1,DeepSets,DeepSets,CA_1__FOODS_3,1428,72,17379.240234375,0.05858417022119037,rmsse,0.43001322769249656
store_dept,1,DeepSets,DeepSets,CA_1__HOBBIES_1,1428,73,4555.51025390625,0.015356297775972345,rmsse,0.4638710619666356
store_dept,1,DeepSets,DeepSets,CA_1__HOBBIES_2,1428,74,137.61000061035156,0.00046387342548780114,rmsse,0.8892821634066864
store_dept,1,DeepSets,DeepSets,CA_1__HOUSEHOLD_1,1428,75,7676.58984375,0.025877232839844246,rmsse,0.9546096308659219
store_dept,1,DeepSets,DeepSets,CA_1__HOUSEHOLD_2,1428,76,1916.8399658203125,0.0064615298097026605,rmsse,0.9150259138582602
store_dept,1,DeepSets,DeepSets,CA_2__FOODS_1,1428,77,6096.4599609375,0.020550728529075902,rmsse,0.9546147441695775
store_dept,1,DeepSets,DeepSets,CA_2__FOODS_2,1428,78,1176.2100830078125,0.003964919685183707,rmsse,0.7014709223954382
store_dept,1,DeepSets,DeepSets,CA_2__FOODS_3,1428,79,6246.8994140625,0.021057849117260507,rmsse,0.6707673823018607
store_dept,1,DeepSets,DeepSets,CA_2__HOBBIES_1,1428,80,3396.8203125,0.01145043722939558,rmsse,0.5618305607042934
store_dept,1,DeepSets,DeepSets,CA_2__HOBBIES_2,1428,81,285.5199890136719,0.0009624673698246338,rmsse,1.1555906994583245
store_dept,1,DeepSets,DeepSets,CA_2__HOUSEHOLD_1,1428,82,5252.22998046875,0.017704889918491087,rmsse,0.6725893898564658
store_dept,1,DeepSets,DeepSets,CA_2__HOUSEHOLD_2,1428,83,3639.599853515625,0.012268829619699825,rmsse,0.7571708447183982
store_dept,1,DeepSets,DeepSets,CA_3__FOODS_1,1428,84,4115.68017578125,0.013873662182138452,rmsse,0.8222915505306069
store_dept,1,DeepSets,DeepSets,CA_3__FOODS_2,1428,85,5033.7099609375,0.01696827463218902,rmsse,1.110342284460832
store_dept,1,DeepSets,DeepSets,CA_3__FOODS_3,1428,86,14958.3798828125,0.05042362390241922,rmsse,1.0089426630189595
store_dept,1,DeepSets,DeepSets,CA_3__HOBBIES_1,1428,87,3385.639892578125,0.011412748837094519,rmsse,0.47244815509530785
store_dept,1,DeepSets,DeepSets,CA_3__HOBBIES_2,1428,88,138.29000854492188,0.00046616568338017037,rmsse,1.1758207165632826
store_dept,1,DeepSets,DeepSets,CA_3__HOUSEHOLD_1,1428,89,12973.5986328125,0.043733068904978134,rmsse,1.0036826884882404
store_dept,1,DeepSets,DeepSets,CA_3__HOUSEHOLD_2,1428,90,3606.880126953125,0.012158533772201446,rmsse,0.6018163642457529
store_dept,1,DeepSets,DeepSets,CA_4__FOODS_1,1428,91,1172.2100830078125,0.003951435972563103,rmsse,1.071864216619732
store_dept,1,DeepSets,DeepSets,CA_4__FOODS_2,1428,92,2446.81982421875,0.008248053836040974,rmsse,0.42480686392276956
store_dept,1,DeepSets,DeepSets,CA_4__FOODS_3,1428,93,12146.060546875,0.04094349747163152,rmsse,1.085617365132679
store_dept,1,DeepSets,DeepSets,CA_4__HOBBIES_1,1428,94,4523.10009765625,0.015247045467756373,rmsse,0.6995925852905011
store_dept,1,DeepSets,DeepSets,CA_4__HOBBIES_2,1428,95,192.11001586914062,0.0006475890613798205,rmsse,1.4979757522521986
store_dept,1,DeepSets,DeepSets,CA_4__HOUSEHOLD_1,1428,96,2680.539794921875,0.009035907065705241,rmsse,0.9216173960337423
store_dept,1,DeepSets,DeepSets,CA_4__HOUSEHOLD_2,1428,97,1397.27001953125,0.004710096849186489,rmsse,1.1489499905188467
store_dept,1,DeepSets,DeepSets,TX_1__FOODS_1,1428,98,1474.8299560546875,0.0049715458229250805,rmsse,1.1878566180123873
store_dept,1,DeepSets,DeepSets,TX_1__FOODS_2,1428,99,4453.5302734375,0.015012530588548472,rmsse,1.137640502288251
store_dept,1,DeepSets,DeepSets,TX_1__FOODS_3,1428,100,14679.5400390625,0.049483674822344406,rmsse,0.6731262738678142
store_dept,1,DeepSets,DeepSets,TX_1__HOBBIES_1,1428,101,1853.7698974609375,0.006248925140522736,rmsse,1.128187242901129
store_dept,1,DeepSets,DeepSets,TX_1__HOBBIES_2,1428,102,145.88999938964844,0.0004917847064975501,rmsse,1.1004827710919585
store_dept,1,DeepSets,DeepSets,TX_1__HOUSEHOLD_1,1428,103,7812.1103515625,0.026334062735229785,rmsse,0.9599245458162917
store_dept,1,DeepSets,DeepSets,TX_1__HOUSEHOLD_2,1428,104,2206.56005859375,0.007438155427545645,rmsse,0.836489476112369
store_dept,1,DeepSets,DeepSets,TX_2__FOODS_1,1428,105,483.739990234375,0.0016306527528535974,rmsse,0.7370587523365146
store_dept,1,DeepSets,DeepSets,TX_2__FOODS_2,1428,106,4613.14013671875,0.015550563970523063,rmsse,0.6978586449638303
store_dept,1,DeepSets,DeepSets,TX_2__FOODS_3,1428,107,8164.220703125,0.02752100143303199,rmsse,0.7043331372283871
store_dept,1,DeepSets,DeepSets,TX_2__HOBBIES_1,1428,108,4474.919921875,0.015084633556695225,rmsse,0.7260925010350345
store_dept,1,DeepSets,DeepSets,TX_2__HOBBIES_2,1428,109,192.6400146484375,0.000649375649187148,rmsse,1.2392496093698702
store_dept,1,DeepSets,DeepSets,TX_2__HOUSEHOLD_1,1428,110,5262.77978515625,0.017740452552143526,rmsse,0.7085276280589409
store_dept,1,DeepSets,DeepSets,TX_2__HOUSEHOLD_2,1428,111,2721.85009765625,0.009175161128290362,rmsse,0.8282305434434195
store_dept,1,DeepSets,DeepSets,TX_3__FOODS_1,1428,112,2241.560302734375,0.007556138735956442,rmsse,1.1202588445325354
store_dept,1,DeepSets,DeepSets,TX_3__FOODS_2,1428,113,4897.92041015625,0.016510537812285175,rmsse,1.5075238047138522
store_dept,1,DeepSets,DeepSets,TX_3__FOODS_3,1428,114,10864.189453125,0.03662240211043524,rmsse,0.7009680417928909
store_dept,1,DeepSets,DeepSets,TX_3__HOBBIES_1,1428,115,3003.18017578125,0.010123504609532798,rmsse,0.9360003655891841
store_dept,1,DeepSets,DeepSets,TX_3__HOBBIES_2,1428,116,616.1599731445312,0.0020770310015500774,rmsse,0.8182024564832701
store_dept,1,DeepSets,DeepSets,TX_3__HOUSEHOLD_1,1428,117,5872.830078125,0.019796888260770095,rmsse,0.7672880568453824
store_dept,1,DeepSets,DeepSets,TX_3__HOUSEHOLD_2,1428,118,1696.2901611328125,0.00571807226346848,rmsse,0.9004664676548009
store_dept,1,DeepSets,DeepSets,WI_1__FOODS_1,1428,119,2146.969970703125,0.007237281522507205,rmsse,0.6023903235624669
store_dept,1,DeepSets,DeepSets,WI_1__FOODS_2,1428,120,4014.5703125,0.013532828097240204,rmsse,0.941626677773299
store_dept,1,DeepSets,DeepSets,WI_1__FOODS_3,1428,121,9125.5302734375,0.030761506929414647,rmsse,0.9055610146161218
store_dept,1,DeepSets,DeepSets,WI_1__HOBBIES_1,1428,122,3084.539794921875,0.010397762040386305,rmsse,1.0531419196880436
store_dept,1,DeepSets,DeepSets,WI_1__HOBBIES_2,1428,123,396.3399963378906,0.0013360336526678995,rmsse,1.0379736082251243
store_dept,1,DeepSets,DeepSets,WI_1__HOUSEHOLD_1,1428,124,6081.40966796875,0.02049999507276427,rmsse,0.9529677864482332
store_dept,1,DeepSets,DeepSets,WI_1__HOUSEHOLD_2,1428,125,1323.6800537109375,0.0044620303614661865,rmsse,0.8350378317165544
store_dept,1,DeepSets,DeepSets,WI_2__FOODS_1,1428,126,5421.16015625,0.018274341404286736,rmsse,1.3500414901235966
store_dept,1,DeepSets,DeepSets,WI_2__FOODS_2,1428,127,4649.7607421875,0.015674009400556355,rmsse,1.5654630531846063
store_dept,1,DeepSets,DeepSets,WI_2__FOODS_3,1428,128,9309.48046875,0.03138158982193911,rmsse,0.8425216163451001
store_dept,1,DeepSets,DeepSets,WI_2__HOBBIES_1,1428,129,2121.9599609375,0.007152974576427655,rmsse,0.43897259471526556
store_dept,1,DeepSets,DeepSets,WI_2__HOBBIES_2,1428,130,375.5899963378906,0.0012660868934485131,rmsse,0.9998285906831491
store_dept,1,DeepSets,DeepSets,WI_2__HOUSEHOLD_1,1428,131,6711.8798828125,0.02262526487096526,rmsse,1.0583897800079702
store_dept,1,DeepSets,DeepSets,WI_2__HOUSEHOLD_2,1428,132,1439.0299072265625,0.004850866430374568,rmsse,1.3848021458494681
store_dept,1,DeepSets,DeepSets,WI_3__FOODS_1,1428,133,929.1700439453125,0.003132165462058286,rmsse,0.6479885247656167
store_dept,1,DeepSets,DeepSets,WI_3__FOODS_2,1428,134,2609.89013671875,0.00879775214371652,rmsse,0.47754359652017625
store_dept,1,DeepSets,DeepSets,WI_3__FOODS_3,1428,135,8626.4794921875,0.029079242600048846,rmsse,0.5161442851557304
store_dept,1,DeepSets,DeepSets,WI_3__HOBBIES_1,1428,136,1020.0800170898438,0.0034386164501152214,rmsse,0.6809320418707876
store_dept,1,DeepSets,DeepSets,WI_3__HOBBIES_2,1428,137,304.1199951171875,0.0010251666540849577,rmsse,1.1146870454014732
store_dept,1,DeepSets,DeepSets,WI_3__HOUSEHOLD_1,1428,138,5473.14013671875,0.018449562183953053,rmsse,0.9344875338696655
store_dept,1,DeepSets,DeepSets,WI_3__HOUSEHOLD_2,1428,139,1318.199951171875,0.004443557329524146,rmsse,0.9516636094689445
store_dept,1,DeepSets,DeepSets,CA_1__FOODS_1,1456,140,2639.52001953125,0.008630192736281295,rmsse,0.9719405994999953
store_dept,1,DeepSets,DeepSets,CA_1__FOODS_2,1456,141,2164.300048828125,0.007076410264865808,rmsse,0.641362531852653
store_dept,1,DeepSets,DeepSets,CA_1__FOODS_3,1456,142,16346.23046875,0.053445747110506446,rmsse,0.34374886849200137
store_dept,1,DeepSets,DeepSets,CA_1__HOBBIES_1,1456,143,4766.98974609375,0.015586182327183756,rmsse,0.5761503588181268
store_dept,1,DeepSets,DeepSets,CA_1__HOBBIES_2,1456,144,75.88999938964844,0.0002481304618425463,rmsse,1.3218415848433644
store_dept,1,DeepSets,DeepSets,CA_1__HOUSEHOLD_1,1456,145,7929.32958984375,0.02592579034198899,rmsse,0.8323992549920703
store_dept,1,DeepSets,DeepSets,CA_1__HOUSEHOLD_2,1456,146,2026.1900634765625,0.006624844910722125,rmsse,0.9732453257166684
store_dept,1,DeepSets,DeepSets,CA_2__FOODS_1,1456,147,5523.3701171875,0.01805924876963426,rmsse,0.9218468126994749
store_dept,1,DeepSets,DeepSets,CA_2__FOODS_2,1456,148,1106.5098876953125,0.003617852308279664,rmsse,0.8984074753986077
store_dept,1,DeepSets,DeepSets,CA_2__FOODS_3,1456,149,6962.60986328125,0.022764996902096404,rmsse,0.8430972857766525
store_dept,1,DeepSets,DeepSets,CA_2__HOBBIES_1,1456,150,3265.800048828125,0.0106778822100197,rmsse,0.816120190115559
store_dept,1,DeepSets,DeepSets,CA_2__HOBBIES_2,1456,151,171.41000366210938,0.0005604433221133114,rmsse,0.7864106981180331
store_dept,1,DeepSets,DeepSets,CA_2__HOUSEHOLD_1,1456,152,4655.73974609375,0.015222438565133488,rmsse,0.8337590054619883
store_dept,1,DeepSets,DeepSets,CA_2__HOUSEHOLD_2,1456,153,3590.980224609375,0.011741093540202524,rmsse,0.7890894532462442
store_dept,1,DeepSets,DeepSets,CA_3__FOODS_1,1456,154,3597.400146484375,0.011762084160740783,rmsse,2.845994715695396
store_dept,1,DeepSets,DeepSets,CA_3__FOODS_2,1456,155,5396.5595703125,0.017644628136933457,rmsse,1.0551185831001777
store_dept,1,DeepSets,DeepSets,CA_3__FOODS_3,1456,156,18698.630859375,0.06113717154137798,rmsse,0.5957087677597552
store_dept,1,DeepSets,DeepSets,CA_3__HOBBIES_1,1456,157,3555.1201171875,0.011623845087338169,rmsse,0.5869268980658254
store_dept,1,DeepSets,DeepSets,CA_3__HOBBIES_2,1456,158,144.6400146484375,0.0004729159826627285,rmsse,1.5480379006076732
store_dept,1,DeepSets,DeepSets,CA_3__HOUSEHOLD_1,1456,159,12422.94140625,0.040618134317657734,rmsse,0.5825084542442964
store_dept,1,DeepSets,DeepSets,CA_3__HOUSEHOLD_2,1456,160,3610.610107421875,0.011805275539508813,rmsse,0.6507979687544841
store_dept,1,DeepSets,DeepSets,CA_4__FOODS_1,1456,161,1101.489990234375,0.0036014392171556373,rmsse,0.8737410023537353
store_dept,1,DeepSets,DeepSets,CA_4__FOODS_2,1456,162,2318.380126953125,0.007580191543734902,rmsse,0.7045176738150014
store_dept,1,DeepSets,DeepSets,CA_4__FOODS_3,1456,163,13401.109375,0.04381635900862577,rmsse,0.9909782434881252
store_dept,1,DeepSets,DeepSets,CA_4__HOBBIES_1,1456,164,4166.490234375,0.013622785010312501,rmsse,0.6185201593906391
store_dept,1,DeepSets,DeepSets,CA_4__HOBBIES_2,1456,165,133.1699981689453,0.00043541353821302905,rmsse,1.4829626267737546
store_dept,1,DeepSets,DeepSets,CA_4__HOUSEHOLD_1,1456,166,2557.519775390625,0.00836208417634645,rmsse,0.8579773869229405
store_dept,1,DeepSets,DeepSets,CA_4__HOUSEHOLD_2,1456,167,1269.179931640625,0.004149719398235174,rmsse,0.9431534871203058
store_dept,1,DeepSets,DeepSets,TX_1__FOODS_1,1456,168,1635.070068359375,0.005346036295558005,rmsse,1.232725250085441
store_dept,1,DeepSets,DeepSets,TX_1__FOODS_2,1456,169,4750.099609375,0.015530958220472553,rmsse,0.7440807590682104
store_dept,1,DeepSets,DeepSets,TX_1__FOODS_3,1456,170,12488.5888671875,0.04083277570561687,rmsse,0.7110706392208657
store_dept,1,DeepSets,DeepSets,TX_1__HOBBIES_1,1456,171,3464.31982421875,0.011326963827475521,rmsse,0.9015619597922325
store_dept,1,DeepSets,DeepSets,TX_1__HOBBIES_2,1456,172,71.62999725341797,0.00023420192967738088,rmsse,1.5716598983445027
store_dept,1,DeepSets,DeepSets,TX_1__HOUSEHOLD_1,1456,173,9295.2705078125,0.030391880123924717,rmsse,0.5293489169885307
store_dept,1,DeepSets,DeepSets,TX_1__HOUSEHOLD_2,1456,174,2151.73974609375,0.007035343013008803,rmsse,0.7845831100765408
store_dept,1,DeepSets,DeepSets,TX_2__FOODS_1,1456,175,361.9000244140625,0.0011832707987995952,rmsse,1.088845618763124
store_dept,1,DeepSets,DeepSets,TX_2__FOODS_2,1456,176,5210.27978515625,0.017035566475390534,rmsse,0.5605048977333907
store_dept,1,DeepSets,DeepSets,TX_2__FOODS_3,1456,177,10461.390625,0.034204634446875555,rmsse,0.5211115747529396
store_dept,1,DeepSets,DeepSets,TX_2__HOBBIES_1,1456,178,4692.58984375,0.015342923896849481,rmsse,0.8336445082388935
store_dept,1,DeepSets,DeepSets,TX_2__HOBBIES_2,1456,179,90.73001861572266,0.0002966514903566186,rmsse,2.013198743929749
store_dept,1,DeepSets,DeepSets,TX_2__HOUSEHOLD_1,1456,180,5899.56005859375,0.01928924197891587,rmsse,0.9197669253505858
store_dept,1,DeepSets,DeepSets,TX_2__HOUSEHOLD_2,1456,181,2326.7998046875,0.007607720579729082,rmsse,0.9324825777950844
store_dept,1,DeepSets,DeepSets,TX_3__FOODS_1,1456,182,2204.64013671875,0.007208306492558162,rmsse,1.2413347849274878
store_dept,1,DeepSets,DeepSets,TX_3__FOODS_2,1456,183,5935.8798828125,0.0194079935249683,rmsse,0.825445767425748
store_dept,1,DeepSets,DeepSets,TX_3__FOODS_3,1456,184,10073.9794921875,0.03293795235330814,rmsse,0.7538627832915396
store_dept,1,DeepSets,DeepSets,TX_3__HOBBIES_1,1456,185,3583.849853515625,0.01171778003003214,rmsse,0.5575283844102651
store_dept,1,DeepSets,DeepSets,TX_3__HOBBIES_2,1456,186,434.71002197265625,0.001421330865557651,rmsse,1.4767109319176002
store_dept,1,DeepSets,DeepSets,TX_3__HOUSEHOLD_1,1456,187,6016.52978515625,0.019671686998114387,rmsse,1.4816779983280464
store_dept,1,DeepSets,DeepSets,TX_3__HOUSEHOLD_2,1456,188,1704.47998046875,0.0055729794196410845,rmsse,0.9759232993235575
store_dept,1,DeepSets,DeepSets,WI_1__FOODS_1,1456,189,1631.85986328125,0.005335540187045016,rmsse,0.6973043903367816
store_dept,1,DeepSets,DeepSets,WI_1__FOODS_2,1456,190,3612.3798828125,0.011811062009248767,rmsse,2.3962593461885593
store_dept,1,DeepSets,DeepSets,WI_1__FOODS_3,1456,191,10289.169921875,0.03364154045624517,rmsse,1.056804001851829
store_dept,1,DeepSets,DeepSets,WI_1__HOBBIES_1,1456,192,3086.5498046875,0.010091804383933048,rmsse,0.875447072326246
store_dept,1,DeepSets,DeepSets,WI_1__HOBBIES_2,1456,193,191.8800048828125,0.00062737217832178,rmsse,1.0508329397841811
store_dept,1,DeepSets,DeepSets,WI_1__HOUSEHOLD_1,1456,194,6407.7802734375,0.02095092227462159,rmsse,1.2106091945424275
store_dept,1,DeepSets,DeepSets,WI_1__HOUSEHOLD_2,1456,195,1338.1900634765625,0.00437535539799777,rmsse,0.9067248461750774
store_dept,1,DeepSets,DeepSets,WI_2__FOODS_1,1456,196,5915.73974609375,0.019342143195994952,rmsse,1.2069797987243203
store_dept,1,DeepSets,DeepSets,WI_2__FOODS_2,1456,197,5162.1103515625,0.016878071365357086,rmsse,1.0726487312529054
store_dept,1,DeepSets,DeepSets,WI_2__FOODS_3,1456,198,10900.6796875,0.035640936974707334,rmsse,0.9965883327301381
store_dept,1,DeepSets,DeepSets,WI_2__HOBBIES_1,1456,199,2009.6400146484375,0.006570732757707673,rmsse,0.9081501897670519
store_dept,1,DeepSets,DeepSets,WI_2__HOBBIES_2,1456,200,188.1599884033203,0.0006152091869587286,rmsse,0.9613238135594532
store_dept,1,DeepSets,DeepSets,WI_2__HOUSEHOLD_1,1456,201,5669.19970703125,0.018536054195504043,rmsse,1.951532496587625
store_dept,1,DeepSets,DeepSets,WI_2__HOUSEHOLD_2,1456,202,1216.85009765625,0.0039786214145862515,rmsse,0.7900416812022226
store_dept,1,DeepSets,DeepSets,WI_3__FOODS_1,1456,203,925.02001953125,0.0030244517921448034,rmsse,0.7633141033958886
store_dept,1,DeepSets,DeepSets,WI_3__FOODS_2,1456,204,3442.51025390625,0.011255655106988612,rmsse,0.5942897149405674
store_dept,1,DeepSets,DeepSets,WI_3__FOODS_3,1456,205,8656.91015625,0.028304692745757747,rmsse,0.7076175533168758
store_dept,1,DeepSets,DeepSets,WI_3__HOBBIES_1,1456,206,1414.9700927734375,0.004626395907721592,rmsse,0.7301827212454577
store_dept,1,DeepSets,DeepSets,WI_3__HOBBIES_2,1456,207,203.52000427246094,0.0006654304000588906,rmsse,1.3074420225175405
store_dept,1,DeepSets,DeepSets,WI_3__HOUSEHOLD_1,1456,208,5766.10009765625,0.018852880376448562,rmsse,1.2210264977565513
store_dept,1,DeepSets,DeepSets,WI_3__HOUSEHOLD_2,1456,209,1365.7999267578125,0.004465628796106673,rmsse,0.5992891274107663
store_dept,1,DeepSets,DeepSets,CA_1__FOODS_1,1484,210,2750.699951171875,0.008241475897105607,rmsse,0.7673136188390626
store_dept,1,DeepSets,DeepSets,CA_1__FOODS_2,1484,211,2574.610107421875,0.007713886473049214,rmsse,0.7455668735279436
store_dept,1,DeepSets,DeepSets,CA_1__FOODS_3,1484,212,15957.6005859375,0.04781116913482821,rmsse,0.6157791234610058
store_dept,1,DeepSets,DeepSets,CA_1__HOBBIES_1,1484,213,4508.57958984375,0.013508325400612845,rmsse,0.7402255339061963
store_dept,1,DeepSets,DeepSets,CA_1__HOBBIES_2,1484,214,108.56000518798828,0.00032526072709795196,rmsse,1.1228852259878401
store_dept,1,DeepSets,DeepSets,CA_1__HOUSEHOLD_1,1484,215,7592.0693359375,0.022746885357171353,rmsse,0.9409728771291269
store_dept,1,DeepSets,DeepSets,CA_1__HOUSEHOLD_2,1484,216,2289.559814453125,0.006859836536427081,rmsse,0.7791205844958382
store_dept,1,DeepSets,DeepSets,CA_2__FOODS_1,1484,217,5074.2099609375,0.015203031894519624,rmsse,0.6303670788570358
store_dept,1,DeepSets,DeepSets,CA_2__FOODS_2,1484,218,1083.4000244140625,0.003246015685690545,rmsse,0.786002841673706
store_dept,1,DeepSets,DeepSets,CA_2__FOODS_3,1484,219,5541.22021484375,0.01660225893476071,rmsse,0.4505728406352923
store_dept,1,DeepSets,DeepSets,CA_2__HOBBIES_1,1484,220,3338.400146484375,0.01000230662396433,rmsse,0.9411269442192575
store_dept,1,DeepSets,DeepSets,CA_2__HOBBIES_2,1484,221,104.07000732421875,0.00031180807510784763,rmsse,0.7218347067536179
store_dept,1,DeepSets,DeepSets,CA_2__HOUSEHOLD_1,1484,222,4916.0400390625,0.014729133024443106,rmsse,0.6283221348427407
store_dept,1,DeepSets,DeepSets,CA_2__HOUSEHOLD_2,1484,223,4333.8798828125,0.012984901017624045,rmsse,0.7841876494580132
store_dept,1,DeepSets,DeepSets,CA_3__FOODS_1,1484,224,9336.0205078125,0.027972003255840636,rmsse,1.6022577787296144
store_dept,1,DeepSets,DeepSets,CA_3__FOODS_2,1484,225,5448.72021484375,0.01632511619508913,rmsse,1.120564646228165
store_dept,1,DeepSets,DeepSets,CA_3__FOODS_3,1484,226,20011.78125,0.059958052771172506,rmsse,0.9397389450670725
store_dept,1,DeepSets,DeepSets,CA_3__HOBBIES_1,1484,227,3702.189697265625,0.011092270221449853,rmsse,0.698048712684125
store_dept,1,DeepSets,DeepSets,CA_3__HOBBIES_2,1484,228,152.62001037597656,0.00045727057085733923,rmsse,1.2630868006426015
store_dept,1,DeepSets,DeepSets,CA_3__HOUSEHOLD_1,1484,229,13662.9091796875,0.04093595764262316,rmsse,0.8948808205956004
store_dept,1,DeepSets,DeepSets,CA_3__HOUSEHOLD_2,1484,230,4085.999755859375,0.012242218017689674,rmsse,0.576244451945456
store_dept,1,DeepSets,DeepSets,CA_4__FOODS_1,1484,231,1109.9600830078125,0.003325593279252812,rmsse,0.8578374379513153
store_dept,1,DeepSets,DeepSets,CA_4__FOODS_2,1484,232,2251.1201171875,0.00674466590926663,rmsse,0.6897836520736781
store_dept,1,DeepSets,DeepSets,CA_4__FOODS_3,1484,233,13889.87890625,0.041615990203077664,rmsse,1.0278071203717403
store_dept,1,DeepSets,DeepSets,CA_4__HOBBIES_1,1484,234,4478.490234375,0.013418173547536503,rmsse,0.8460625264187919
store_dept,1,DeepSets,DeepSets,CA_4__HOBBIES_2,1484,235,114.2300033569336,0.00034224882251929656,rmsse,1.5578980831080507
store_dept,1,DeepSets,DeepSets,CA_4__HOUSEHOLD_1,1484,236,2712.33984375,0.008126543732078637,rmsse,0.8965903176052528
store_dept,1,DeepSets,DeepSets,CA_4__HOUSEHOLD_2,1484,237,1369.1099853515625,0.004102042078400602,rmsse,0.8707735033082048
store_dept,1,DeepSets,DeepSets,TX_1__FOODS_1,1484,238,1868.1302490234375,0.005597175516515848,rmsse,0.8273859020732028
store_dept,1,DeepSets,DeepSets,TX_1__FOODS_2,1484,239,4883.66015625,0.01463211843597931,rmsse,1.050225698502346
store_dept,1,DeepSets,DeepSets,TX_1__FOODS_3,1484,240,12800.3701171875,0.03835167181716359,rmsse,0.8181424406530995
store_dept,1,DeepSets,DeepSets,TX_1__HOBBIES_1,1484,241,3802.519775390625,0.01139287295359068,rmsse,0.8862036419214501
store_dept,1,DeepSets,DeepSets,TX_1__HOBBIES_2,1484,242,99.31999969482422,0.0002975763980497792,rmsse,1.1025517778435714
store_dept,1,DeepSets,DeepSets,TX_1__HOUSEHOLD_1,1484,243,10962.83984375,0.032846178041920936,rmsse,0.7679248882523997
store_dept,1,DeepSets,DeepSets,TX_1__HOUSEHOLD_2,1484,244,2500.9599609375,0.007493220490628747,rmsse,0.9004871773192376
store_dept,1,DeepSets,DeepSets,TX_2__FOODS_1,1484,245,587.6199951171875,0.0017605904360279002,rmsse,0.737982246564428
store_dept,1,DeepSets,DeepSets,TX_2__FOODS_2,1484,246,5717.83935546875,0.017131434205152642,rmsse,0.7079586049685722
store_dept,1,DeepSets,DeepSets,TX_2__FOODS_3,1484,247,9579.8203125,0.028702461048299998,rmsse,0.7833581147882238
store_dept,1,DeepSets,DeepSets,TX_2__HOBBIES_1,1484,248,4880.6796875,0.014623188541115736,rmsse,0.556977198033871
store_dept,1,DeepSets,DeepSets,TX_2__HOBBIES_2,1484,249,154.08999633789062,0.0004616748512547839,rmsse,1.2625850616894498
store_dept,1,DeepSets,DeepSets,TX_2__HOUSEHOLD_1,1484,250,7287.9599609375,0.021835731785849046,rmsse,0.7643009332823161
store_dept,1,DeepSets,DeepSets,TX_2__HOUSEHOLD_2,1484,251,3117.18994140625,0.0093395303831139,rmsse,1.0691020687041302
store_dept,1,DeepSets,DeepSets,TX_3__FOODS_1,1484,252,1843.5001220703125,0.005523380263951004,rmsse,0.6278077261202699
store_dept,1,DeepSets,DeepSets,TX_3__FOODS_2,1484,253,5230.93017578125,0.01567258724266791,rmsse,0.8443059856073234
store_dept,1,DeepSets,DeepSets,TX_3__FOODS_3,1484,254,11309.3408203125,0.03388434268995781,rmsse,0.5704384525550441
store_dept,1,DeepSets,DeepSets,TX_3__HOBBIES_1,1484,255,3631.72998046875,0.010881163205778826,rmsse,0.6771706736886562
store_dept,1,DeepSets,DeepSets,TX_3__HOBBIES_2,1484,256,557.4199829101562,0.0016701070401233386,rmsse,1.1829255745458958
store_dept,1,DeepSets,DeepSets,TX_3__HOUSEHOLD_1,1484,257,7958.6201171875,0.023845121981434972,rmsse,1.6144411835732881
store_dept,1,DeepSets,DeepSets,TX_3__HOUSEHOLD_2,1484,258,1714.570068359375,0.005137088065989341,rmsse,0.9596356979971692
store_dept,1,DeepSets,DeepSets,WI_1__FOODS_1,1484,259,2116.869873046875,0.006342433688048123,rmsse,0.391386195960809
store_dept,1,DeepSets,DeepSets,WI_1__FOODS_2,1484,260,5019.87060546875,0.015040223701583436,rmsse,1.5120768439177097
store_dept,1,DeepSets,DeepSets,WI_1__FOODS_3,1484,261,11074.80859375,0.03318165183794907,rmsse,1.1385276132680262
store_dept,1,DeepSets,DeepSets,WI_1__HOBBIES_1,1484,262,3231.119873046875,0.009680880149443405,rmsse,0.8447103935901361
store_dept,1,DeepSets,DeepSets,WI_1__HOBBIES_2,1484,263,225.09002685546875,0.0006744007212483812,rmsse,1.1805507154928847
store_dept,1,DeepSets,DeepSets,WI_1__HOUSEHOLD_1,1484,264,6614.83935546875,0.019818969745535472,rmsse,1.1884353745898728
store_dept,1,DeepSets,DeepSets,WI_1__HOUSEHOLD_2,1484,265,1561.4200439453125,0.004678229500077088,rmsse,0.9581080011934912
store_dept,1,DeepSets,DeepSets,WI_2__FOODS_1,1484,266,6272.16015625,0.018792255668779265,rmsse,1.0730639966299842
store_dept,1,DeepSets,DeepSets,WI_2__FOODS_2,1484,267,5544.1298828125,0.01661097670073254,rmsse,0.9926973583020753
store_dept,1,DeepSets,DeepSets,WI_2__FOODS_3,1484,268,10494.5595703125,0.03144314584824928,rmsse,0.6588583989165471
store_dept,1,DeepSets,DeepSets,WI_2__HOBBIES_1,1484,269,2633.489990234375,0.00789029871125676,rmsse,0.7245214132295021
store_dept,1,DeepSets,DeepSets,WI_2__HOBBIES_2,1484,270,269.3800048828125,0.000807099595307758,rmsse,0.9113936787940808
store_dept,1,DeepSets,DeepSets,WI_2__HOUSEHOLD_1,1484,271,8928.4091796875,0.026750743578027276,rmsse,1.200406597643731
store_dept,1,DeepSets,DeepSets,WI_2__HOUSEHOLD_2,1484,272,1402.010009765625,0.004200615082739795,rmsse,1.0352099950193971
store_dept,1,DeepSets,DeepSets,WI_3__FOODS_1,1484,273,1203.949951171875,0.003607199869137778,rmsse,0.6634967814795497
store_dept,1,DeepSets,DeepSets,WI_3__FOODS_2,1484,274,3890.659912109375,0.01165695294240433,rmsse,0.7290378301015867
store_dept,1,DeepSets,DeepSets,WI_3__FOODS_3,1484,275,10367.890625,0.031063628242463157,rmsse,0.4896935883516461
store_dept,1,DeepSets,DeepSets,WI_3__HOBBIES_1,1484,276,1458.8900146484375,0.0043710354112344516,rmsse,0.6204939123888913
store_dept,1,DeepSets,DeepSets,WI_3__HOBBIES_2,1484,277,191.25999450683594,0.0005730412850507764,rmsse,1.2338303250513158
store_dept,1,DeepSets,DeepSets,WI_3__HOUSEHOLD_1,1484,278,6748.8603515625,0.020220515108032085,rmsse,1.296640864985816
store_dept,1,DeepSets,DeepSets,WI_3__HOUSEHOLD_2,1484,279,1525.97998046875,0.00457204618887677,rmsse,0.8554603524392006
store_dept,1,DeepSets_Q,DeepSets,CA_1__FOODS_1,1400,0,2534.880126953125,0.00802800778369643,mean_spl,0.40231830235511534
store_dept,1,DeepSets_Q,DeepSets,CA_1__FOODS_2,1400,1,3790.949951171875,0.01200600193753233,mean_spl,0.28162860920265104
store_dept,1,DeepSets_Q,DeepSets,CA_1__FOODS_3,1400,2,20035.8984375,0.06345402565561853,mean_spl,0.2497058319023401
store_dept,1,DeepSets_Q,DeepSets,CA_1__HOBBIES_1,1400,3,4374.78955078125,0.013855031720146955,mean_spl,0.2229526509291681
store_dept,1,DeepSets_Q,DeepSets,CA_1__HOBBIES_2,1400,4,108.97000885009766,0.00034510984165928173,mean_spl,0.3694133725917957
store_dept,1,DeepSets_Q,DeepSets,CA_1__HOUSEHOLD_1,1400,5,7329.38037109375,0.02321227029364002,mean_spl,0.2578472327410245
store_dept,1,DeepSets_Q,DeepSets,CA_1__HOUSEHOLD_2,1400,6,1822.10009765625,0.005770621502422193,mean_spl,0.23602731928837084
store_dept,1,DeepSets_Q,DeepSets,CA_2__FOODS_1,1400,7,5192.7197265625,0.016445430275042205,mean_spl,0.5242372739184803
store_dept,1,DeepSets_Q,DeepSets,CA_2__FOODS_2,1400,8,1038.47998046875,0.003288883477277823,mean_spl,0.19216475489000934
store_dept,1,DeepSets_Q,DeepSets,CA_2__FOODS_3,1400,9,6921.8095703125,0.021921486746801406,mean_spl,0.2578749369830172
store_dept,1,DeepSets_Q,DeepSets,CA_2__HOBBIES_1,1400,10,3034.0205078125,0.009608793723074448,mean_spl,0.12996847044913548
store_dept,1,DeepSets_Q,DeepSets,CA_2__HOBBIES_2,1400,11,203.6199951171875,0.0006448679321502443,mean_spl,0.3840174776148454
store_dept,1,DeepSets_Q,DeepSets,CA_2__HOUSEHOLD_1,1400,12,5629.84033203125,0.01782979854784697,mean_spl,0.22913577927262357
store_dept,1,DeepSets_Q,DeepSets,CA_2__HOUSEHOLD_2,1400,13,3840.219970703125,0.012162040913929681,mean_spl,0.23839324665331832
store_dept,1,DeepSets_Q,DeepSets,CA_3__FOODS_1,1400,14,2600.739990234375,0.008236587072883795,mean_spl,0.2941777148071868
store_dept,1,DeepSets_Q,DeepSets,CA_3__FOODS_2,1400,15,6161.9501953125,0.019514999389804777,mean_spl,0.25299011973190577
store_dept,1,DeepSets_Q,DeepSets,CA_3__FOODS_3,1400,16,21207.578125,0.06716475483418333,mean_spl,0.486957223132125
store_dept,1,DeepSets_Q,DeepSets,CA_3__HOBBIES_1,1400,17,3180.329833984375,0.010072157807571416,mean_spl,0.13237317745273833
store_dept,1,DeepSets_Q,DeepSets,CA_3__HOBBIES_2,1400,18,159.17001342773438,0.0005040940962619912,mean_spl,0.28405694560844363
store_dept,1,DeepSets_Q,DeepSets,CA_3__HOUSEHOLD_1,1400,19,15256.3203125,0.048317021746717426,mean_spl,0.2846974558772829
store_dept,1,DeepSets_Q,DeepSets,CA_3__HOUSEHOLD_2,1400,20,3660.459716796875,0.011592737181491168,mean_spl,0.2352488701492462
store_dept,1,DeepSets_Q,DeepSets,CA_4__FOODS_1,1400,21,800.9999389648438,0.0025367802115673944,mean_spl,0.2397358830686125
store_dept,1,DeepSets_Q,DeepSets,CA_4__FOODS_2,1400,22,2468.130126953125,0.0078166094166242,mean_spl,0.18045339722819279
store_dept,1,DeepSets_Q,DeepSets,CA_4__FOODS_3,1400,23,14084.80078125,0.04460679978567662,mean_spl,0.34415438989493924
store_dept,1,DeepSets_Q,DeepSets,CA_4__HOBBIES_1,1400,24,4406.7998046875,0.013956408729964913,mean_spl,0.2075945920607763
store_dept,1,DeepSets_Q,DeepSets,CA_4__HOBBIES_2,1400,25,147.14999389648438,0.0004660264932495184,mean_spl,0.3412420170238806
store_dept,1,DeepSets_Q,DeepSets,CA_4__HOUSEHOLD_1,1400,26,3093.73046875,0.009797896168619528,mean_spl,0.21360446157182345
store_dept,1,DeepSets_Q,DeepSets,CA_4__HOUSEHOLD_2,1400,27,1551.5699462890625,0.004913847985675728,mean_spl,0.2154123235204789
store_dept,1,DeepSets_Q,DeepSets,TX_1__FOODS_1,1400,28,1099.670166015625,0.003482673818932596,mean_spl,0.25499879533237846
store_dept,1,DeepSets_Q,DeepSets,TX_1__FOODS_2,1400,29,5270.68017578125,0.016692332322398928,mean_spl,0.2245447176701426
store_dept,1,DeepSets_Q,DeepSets,TX_1__FOODS_3,1400,30,12843.529296875,0.04067567222177853,mean_spl,0.3575002262091942
store_dept,1,DeepSets_Q,DeepSets,TX_1__HOBBIES_1,1400,31,1789.60986328125,0.005667724386427151,mean_spl,0.21065663047557984
store_dept,1,DeepSets_Q,DeepSets,TX_1__HOBBIES_2,1400,32,134.47000122070312,0.00042586874424355603,mean_spl,0.4489966575888247
store_dept,1,DeepSets_Q,DeepSets,TX_1__HOUSEHOLD_1,1400,33,8660.240234375,0.02742712575281046,mean_spl,0.21483959649485304
store_dept,1,DeepSets_Q,DeepSets,TX_1__HOUSEHOLD_2,1400,34,2288.57958984375,0.007247969860791038,mean_spl,0.22284002772661518
store_dept,1,DeepSets_Q,DeepSets,TX_2__FOODS_1,1400,35,291.9399719238281,0.0009245787767462147,mean_spl,0.2089736351969852
store_dept,1,DeepSets_Q,DeepSets,TX_2__FOODS_2,1400,36,5107.86962890625,0.01617670859578452,mean_spl,0.2161674964918331
store_dept,1,DeepSets_Q,DeepSets,TX_2__FOODS_3,1400,37,8904.830078125,0.028201745881217977,mean_spl,0.26606152834545127
store_dept,1,DeepSets_Q,DeepSets,TX_2__HOBBIES_1,1400,38,4373.8798828125,0.013852150786466481,mean_spl,0.17573810174777305
store_dept,1,DeepSets_Q,DeepSets,TX_2__HOBBIES_2,1400,39,197.4000244140625,0.0006251691808412146,mean_spl,0.4175995974123728
store_dept,1,DeepSets_Q,DeepSets,TX_2__HOUSEHOLD_1,1400,40,5818.68994140625,0.018427888421166872,mean_spl,0.17965252680815486
store_dept,1,DeepSets_Q,DeepSets,TX_2__HOUSEHOLD_2,1400,41,2689.76953125,0.008518545119204293,mean_spl,0.1862174713703444
store_dept,1,DeepSets_Q,DeepSets,TX_3__FOODS_1,1400,42,2627.969970703125,0.008322824876726528,mean_spl,0.20272440216140242
store_dept,1,DeepSets_Q,DeepSets,TX_3__FOODS_2,1400,43,4778.7197265625,0.015134285346684108,mean_spl,0.3159578391404513
store_dept,1,DeepSets_Q,DeepSets,TX_3__FOODS_3,1400,44,10290.4501953125,0.03259002798093137,mean_spl,0.23565344205791006
store_dept,1,DeepSets_Q,DeepSets,TX_3__HOBBIES_1,1400,45,3314.3798828125,0.010496696555559706,mean_spl,0.1876928518461254
store_dept,1,DeepSets_Q,DeepSets,TX_3__HOBBIES_2,1400,46,660.9500122070312,0.0020932397497668413,mean_spl,0.2787448115962558
store_dept,1,DeepSets_Q,DeepSets,TX_3__HOUSEHOLD_1,1400,47,6043.7099609375,0.019140530588769383,mean_spl,0.2885685292171145
store_dept,1,DeepSets_Q,DeepSets,TX_3__HOUSEHOLD_2,1400,48,1907.5799560546875,0.0060413376444895354,mean_spl,0.19921630524028905
store_dept,1,DeepSets_Q,DeepSets,WI_1__FOODS_1,1400,49,1315.530029296875,0.004166305618394634,mean_spl,0.307202028961844
store_dept,1,DeepSets_Q,DeepSets,WI_1__FOODS_2,1400,50,5126.64990234375,0.01623618603605205,mean_spl,0.32956911580212483
store_dept,1,DeepSets_Q,DeepSets,WI_1__FOODS_3,1400,51,9099.6494140625,0.02881874197846567,mean_spl,0.2467182508959781
store_dept,1,DeepSets_Q,DeepSets,WI_1__HOBBIES_1,1400,52,2961.169921875,0.009378074698243847,mean_spl,0.2149472954818168
store_dept,1,DeepSets_Q,DeepSets,WI_1__HOBBIES_2,1400,53,501.1199951171875,0.0015870554108616797,mean_spl,0.3940076068323537
store_dept,1,DeepSets_Q,DeepSets,WI_1__HOUSEHOLD_1,1400,54,6771.36083984375,0.021445013099622625,mean_spl,0.2112812034091892
store_dept,1,DeepSets_Q,DeepSets,WI_1__HOUSEHOLD_2,1400,55,1590.169921875,0.005036094754333332,mean_spl,0.2111644910828306
store_dept,1,DeepSets_Q,DeepSets,WI_2__FOODS_1,1400,56,5482.02001953125,0.017361649144362227,mean_spl,0.26472314888108717
store_dept,1,DeepSets_Q,DeepSets,WI_2__FOODS_2,1400,57,4937.390625,0.015636798737419254,mean_spl,0.35734132440172195
store_dept,1,DeepSets_Q,DeepSets,WI_2__FOODS_3,1400,58,11386.9404296875,0.03606263090314143,mean_spl,0.2378123392342594
store_dept,1,DeepSets_Q,DeepSets,WI_2__HOBBIES_1,1400,59,2255.1298828125,0.00714203407883672,mean_spl,0.09912078726748413
store_dept,1,DeepSets_Q,DeepSets,WI_2__HOBBIES_2,1400,60,364.6100158691406,0.0011547260220661582,mean_spl,0.2548136575645993
store_dept,1,DeepSets_Q,DeepSets,WI_2__HOUSEHOLD_1,1400,61,7108.89013671875,0.022513974031434052,mean_spl,0.24503964457340688
store_dept,1,DeepSets_Q,DeepSets,WI_2__HOUSEHOLD_2,1400,62,1695.1500244140625,0.005368568495933828,mean_spl,0.4087816149518172
store_dept,1,DeepSets_Q,DeepSets,WI_3__FOODS_1,1400,63,692.8200073242188,0.0021941725576525846,mean_spl,0.2320832881115427
store_dept,1,DeepSets_Q,DeepSets,WI_3__FOODS_2,1400,64,2820.5400390625,0.008932697505912439,mean_spl,0.1514808520930235
store_dept,1,DeepSets_Q,DeepSets,WI_3__FOODS_3,1400,65,9481.390625,0.030027722782006692,mean_spl,0.23556418027302817
store_dept,1,DeepSets_Q,DeepSets,WI_3__HOBBIES_1,1400,66,1108.2099609375,0.003509719492365047,mean_spl,0.15451409758348478
store_dept,1,DeepSets_Q,DeepSets,WI_3__HOBBIES_2,1400,67,193.62002563476562,0.0006131978614482801,mean_spl,0.3303069809062715
store_dept,1,DeepSets_Q,DeepSets,WI_3__HOUSEHOLD_1,1400,68,5660.31982421875,0.0179263276096841,mean_spl,0.18929549014859387
store_dept,1,DeepSets_Q,DeepSets,WI_3__HOUSEHOLD_2,1400,69,1469.56005859375,0.0046541212988957135,mean_spl,0.15922219218725472
store_dept,1,DeepSets_Q,DeepSets,CA_1__FOODS_1,1428,70,2881.009765625,0.00971167693421073,mean_spl,0.17433212978348556
store_dept,1,DeepSets_Q,DeepSets,CA_1__FOODS_2,1428,71,3028.739990234375,0.010209664907713276,mean_spl,0.23079915954989763
store_dept,1,DeepSets_Q,DeepSets,CA_1__FOODS_3,1428,72,17379.240234375,0.05858417022119037,mean_spl,0.11223611180881579
store_dept,1,DeepSets_Q,DeepSets,CA_1__HOBBIES_1,1428,73,4555.51025390625,0.015356297775972345,mean_spl,0.11260759950063644
store_dept,1,DeepSets_Q,DeepSets,CA_1__HOBBIES_2,1428,74,137.61000061035156,0.00046387342548780114,mean_spl,0.2190901018472603
store_dept,1,DeepSets_Q,DeepSets,CA_1__HOUSEHOLD_1,1428,75,7676.58984375,0.025877232839844246,mean_spl,0.267062216418372
store_dept,1,DeepSets_Q,DeepSets,CA_1__HOUSEHOLD_2,1428,76,1916.8399658203125,0.0064615298097026605,mean_spl,0.1930164343973162
store_dept,1,DeepSets_Q,DeepSets,CA_2__FOODS_1,1428,77,6096.4599609375,0.020550728529075902,mean_spl,0.22822895545686978
store_dept,1,DeepSets_Q,DeepSets,CA_2__FOODS_2,1428,78,1176.2100830078125,0.003964919685183707,mean_spl,0.14832164527409944
store_dept,1,DeepSets_Q,DeepSets,CA_2__FOODS_3,1428,79,6246.8994140625,0.021057849117260507,mean_spl,0.1737508794248049
store_dept,1,DeepSets_Q,DeepSets,CA_2__HOBBIES_1,1428,80,3396.8203125,0.01145043722939558,mean_spl,0.13756018535377573
store_dept,1,DeepSets_Q,DeepSets,CA_2__HOBBIES_2,1428,81,285.5199890136719,0.0009624673698246338,mean_spl,0.3635307017078092
store_dept,1,DeepSets_Q,DeepSets,CA_2__HOUSEHOLD_1,1428,82,5252.22998046875,0.017704889918491087,mean_spl,0.13246248408505723
store_dept,1,DeepSets_Q,DeepSets,CA_2__HOUSEHOLD_2,1428,83,3639.599853515625,0.012268829619699825,mean_spl,0.15438046646906448
store_dept,1,DeepSets_Q,DeepSets,CA_3__FOODS_1,1428,84,4115.68017578125,0.013873662182138452,mean_spl,0.2172349526094552
store_dept,1,DeepSets_Q,DeepSets,CA_3__FOODS_2,1428,85,5033.7099609375,0.01696827463218902,mean_spl,0.23246834180947712
store_dept,1,DeepSets_Q,DeepSets,CA_3__FOODS_3,1428,86,14958.3798828125,0.05042362390241922,mean_spl,0.3841764497165906
store_dept,1,DeepSets_Q,DeepSets,CA_3__HOBBIES_1,1428,87,3385.639892578125,0.011412748837094519,mean_spl,0.11216409850894744
store_dept,1,DeepSets_Q,DeepSets,CA_3__HOBBIES_2,1428,88,138.29000854492188,0.00046616568338017037,mean_spl,0.2542869749384638
store_dept,1,DeepSets_Q,DeepSets,CA_3__HOUSEHOLD_1,1428,89,12973.5986328125,0.043733068904978134,mean_spl,0.26180354552432433
store_dept,1,DeepSets_Q,DeepSets,CA_3__HOUSEHOLD_2,1428,90,3606.880126953125,0.012158533772201446,mean_spl,0.16464488135358193
store_dept,1,DeepSets_Q,DeepSets,CA_4__FOODS_1,1428,91,1172.2100830078125,0.003951435972563103,mean_spl,0.23238268048572916
store_dept,1,DeepSets_Q,DeepSets,CA_4__FOODS_2,1428,92,2446.81982421875,0.008248053836040974,mean_spl,0.10555410990732401
store_dept,1,DeepSets_Q,DeepSets,CA_4__FOODS_3,1428,93,12146.060546875,0.04094349747163152,mean_spl,0.3299096315370125
store_dept,1,DeepSets_Q,DeepSets,CA_4__HOBBIES_1,1428,94,4523.10009765625,0.015247045467756373,mean_spl,0.16642484715560374
store_dept,1,DeepSets_Q,DeepSets,CA_4__HOBBIES_2,1428,95,192.11001586914062,0.0006475890613798205,mean_spl,0.2611652301399267
store_dept,1,DeepSets_Q,DeepSets,CA_4__HOUSEHOLD_1,1428,96,2680.539794921875,0.009035907065705241,mean_spl,0.22406913717464372
store_dept,1,DeepSets_Q,DeepSets,CA_4__HOUSEHOLD_2,1428,97,1397.27001953125,0.004710096849186489,mean_spl,0.2372577367252729
store_dept,1,DeepSets_Q,DeepSets,TX_1__FOODS_1,1428,98,1474.8299560546875,0.0049715458229250805,mean_spl,0.29047612097755965
store_dept,1,DeepSets_Q,DeepSets,TX_1__FOODS_2,1428,99,4453.5302734375,0.015012530588548472,mean_spl,0.27294352429330426
store_dept,1,DeepSets_Q,DeepSets,TX_1__FOODS_3,1428,100,14679.5400390625,0.049483674822344406,mean_spl,0.17473630196505965
store_dept,1,DeepSets_Q,DeepSets,TX_1__HOBBIES_1,1428,101,1853.7698974609375,0.006248925140522736,mean_spl,0.24652528215941974
store_dept,1,DeepSets_Q,DeepSets,TX_1__HOBBIES_2,1428,102,145.88999938964844,0.0004917847064975501,mean_spl,0.2621047877321542
store_dept,1,DeepSets_Q,DeepSets,TX_1__HOUSEHOLD_1,1428,103,7812.1103515625,0.026334062735229785,mean_spl,0.24910093647990791
store_dept,1,DeepSets_Q,DeepSets,TX_1__HOUSEHOLD_2,1428,104,2206.56005859375,0.007438155427545645,mean_spl,0.18843371564969108
store_dept,1,DeepSets_Q,DeepSets,TX_2__FOODS_1,1428,105,483.739990234375,0.0016306527528535974,mean_spl,0.12559713488159396
store_dept,1,DeepSets_Q,DeepSets,TX_2__FOODS_2,1428,106,4613.14013671875,0.015550563970523063,mean_spl,0.15871052282010284
store_dept,1,DeepSets_Q,DeepSets,TX_2__FOODS_3,1428,107,8164.220703125,0.02752100143303199,mean_spl,0.21984375466286146
store_dept,1,DeepSets_Q,DeepSets,TX_2__HOBBIES_1,1428,108,4474.919921875,0.015084633556695225,mean_spl,0.18161445807782942
store_dept,1,DeepSets_Q,DeepSets,TX_2__HOBBIES_2,1428,109,192.6400146484375,0.000649375649187148,mean_spl,0.27026422976399456
store_dept,1,DeepSets_Q,DeepSets,TX_2__HOUSEHOLD_1,1428,110,5262.77978515625,0.017740452552143526,mean_spl,0.18440713848143414
store_dept,1,DeepSets_Q,DeepSets,TX_2__HOUSEHOLD_2,1428,111,2721.85009765625,0.009175161128290362,mean_spl,0.1827389400562569
store_dept,1,DeepSets_Q,DeepSets,TX_3__FOODS_1,1428,112,2241.560302734375,0.007556138735956442,mean_spl,0.25911956950064013
store_dept,1,DeepSets_Q,DeepSets,TX_3__FOODS_2,1428,113,4897.92041015625,0.016510537812285175,mean_spl,0.348249594933011
store_dept,1,DeepSets_Q,DeepSets,TX_3__FOODS_3,1428,114,10864.189453125,0.03662240211043524,mean_spl,0.14804913588079124
store_dept,1,DeepSets_Q,DeepSets,TX_3__HOBBIES_1,1428,115,3003.18017578125,0.010123504609532798,mean_spl,0.23023540679345228
store_dept,1,DeepSets_Q,DeepSets,TX_3__HOBBIES_2,1428,116,616.1599731445312,0.0020770310015500774,mean_spl,0.22056717781302076
store_dept,1,DeepSets_Q,DeepSets,TX_3__HOUSEHOLD_1,1428,117,5872.830078125,0.019796888260770095,mean_spl,0.21606383191447687
store_dept,1,DeepSets_Q,DeepSets,TX_3__HOUSEHOLD_2,1428,118,1696.2901611328125,0.00571807226346848,mean_spl,0.19586553105857626
store_dept,1,DeepSets_Q,DeepSets,WI_1__FOODS_1,1428,119,2146.969970703125,0.007237281522507205,mean_spl,0.18699891341577665
store_dept,1,DeepSets_Q,DeepSets,WI_1__FOODS_2,1428,120,4014.5703125,0.013532828097240204,mean_spl,0.29323014944392756
store_dept,1,DeepSets_Q,DeepSets,WI_1__FOODS_3,1428,121,9125.5302734375,0.030761506929414647,mean_spl,0.23983255845946294
store_dept,1,DeepSets_Q,DeepSets,WI_1__HOBBIES_1,1428,122,3084.539794921875,0.010397762040386305,mean_spl,0.23627114089118356
store_dept,1,DeepSets_Q,DeepSets,WI_1__HOBBIES_2,1428,123,396.3399963378906,0.0013360336526678995,mean_spl,0.3903907029911715
store_dept,1,DeepSets_Q,DeepSets,WI_1__HOUSEHOLD_1,1428,124,6081.40966796875,0.02049999507276427,mean_spl,0.22993189080798226
store_dept,1,DeepSets_Q,DeepSets,WI_1__HOUSEHOLD_2,1428,125,1323.6800537109375,0.0044620303614661865,mean_spl,0.16475761388243731
store_dept,1,DeepSets_Q,DeepSets,WI_2__FOODS_1,1428,126,5421.16015625,0.018274341404286736,mean_spl,0.33840196002494294
store_dept,1,DeepSets_Q,DeepSets,WI_2__FOODS_2,1428,127,4649.7607421875,0.015674009400556355,mean_spl,0.3672177585007395
store_dept,1,DeepSets_Q,DeepSets,WI_2__FOODS_3,1428,128,9309.48046875,0.03138158982193911,mean_spl,0.217782656461211
store_dept,1,DeepSets_Q,DeepSets,WI_2__HOBBIES_1,1428,129,2121.9599609375,0.007152974576427655,mean_spl,0.12085865207434161
store_dept,1,DeepSets_Q,DeepSets,WI_2__HOBBIES_2,1428,130,375.5899963378906,0.0012660868934485131,mean_spl,0.2233047146646248
store_dept,1,DeepSets_Q,DeepSets,WI_2__HOUSEHOLD_1,1428,131,6711.8798828125,0.02262526487096526,mean_spl,0.3059307028776891
store_dept,1,DeepSets_Q,DeepSets,WI_2__HOUSEHOLD_2,1428,132,1439.0299072265625,0.004850866430374568,mean_spl,0.338097826172569
store_dept,1,DeepSets_Q,DeepSets,WI_3__FOODS_1,1428,133,929.1700439453125,0.003132165462058286,mean_spl,0.18621837314944595
store_dept,1,DeepSets_Q,DeepSets,WI_3__FOODS_2,1428,134,2609.89013671875,0.00879775214371652,mean_spl,0.12087855930987954
store_dept,1,DeepSets_Q,DeepSets,WI_3__FOODS_3,1428,135,8626.4794921875,0.029079242600048846,mean_spl,0.12548480208022908
store_dept,1,DeepSets_Q,DeepSets,WI_3__HOBBIES_1,1428,136,1020.0800170898438,0.0034386164501152214,mean_spl,0.18500649292623775
store_dept,1,DeepSets_Q,DeepSets,WI_3__HOBBIES_2,1428,137,304.1199951171875,0.0010251666540849577,mean_spl,0.22561551706781058
store_dept,1,DeepSets_Q,DeepSets,WI_3__HOUSEHOLD_1,1428,138,5473.14013671875,0.018449562183953053,mean_spl,0.20227792915481357
store_dept,1,DeepSets_Q,DeepSets,WI_3__HOUSEHOLD_2,1428,139,1318.199951171875,0.004443557329524146,mean_spl,0.1896647656706916
store_dept,1,DeepSets_Q,DeepSets,CA_1__FOODS_1,1456,140,2639.52001953125,0.008630192736281295,mean_spl,0.2278077501608403
store_dept,1,DeepSets_Q,DeepSets,CA_1__FOODS_2,1456,141,2164.300048828125,0.007076410264865808,mean_spl,0.16013035171021398
store_dept,1,DeepSets_Q,DeepSets,CA_1__FOODS_3,1456,142,16346.23046875,0.053445747110506446,mean_spl,0.1038687325119092
store_dept,1,DeepSets_Q,DeepSets,CA_1__HOBBIES_1,1456,143,4766.98974609375,0.015586182327183756,mean_spl,0.13944328023939018
store_dept,1,DeepSets_Q,DeepSets,CA_1__HOBBIES_2,1456,144,75.88999938964844,0.0002481304618425463,mean_spl,0.2550443789641116
store_dept,1,DeepSets_Q,DeepSets,CA_1__HOUSEHOLD_1,1456,145,7929.32958984375,0.02592579034198899,mean_spl,0.20217255183390032
store_dept,1,DeepSets_Q,DeepSets,CA_1__HOUSEHOLD_2,1456,146,2026.1900634765625,0.006624844910722125,mean_spl,0.21951629608803705
store_dept,1,DeepSets_Q,DeepSets,CA_2__FOODS_1,1456,147,5523.3701171875,0.01805924876963426,mean_spl,0.19045862778181363
store_dept,1,DeepSets_Q,DeepSets,CA_2__FOODS_2,1456,148,1106.5098876953125,0.003617852308279664,mean_spl,0.1974833615774522
store_dept,1,DeepSets_Q,DeepSets,CA_2__FOODS_3,1456,149,6962.60986328125,0.022764996902096404,mean_spl,0.1928320768764429
store_dept,1,DeepSets_Q,DeepSets,CA_2__HOBBIES_1,1456,150,3265.800048828125,0.0106778822100197,mean_spl,0.21386892149041772
store_dept,1,DeepSets_Q,DeepSets,CA_2__HOBBIES_2,1456,151,171.41000366210938,0.0005604433221133114,mean_spl,0.2013054378585639
store_dept,1,DeepSets_Q,DeepSets,CA_2__HOUSEHOLD_1,1456,152,4655.73974609375,0.015222438565133488,mean_spl,0.1783639816888244
store_dept,1,DeepSets_Q,DeepSets,CA_2__HOUSEHOLD_2,1456,153,3590.980224609375,0.011741093540202524,mean_spl,0.21265656606464708
store_dept,1,DeepSets_Q,DeepSets,CA_3__FOODS_1,1456,154,3597.400146484375,0.011762084160740783,mean_spl,0.7857513671587639
store_dept,1,DeepSets_Q,DeepSets,CA_3__FOODS_2,1456,155,5396.5595703125,0.017644628136933457,mean_spl,0.2922853933112945
store_dept,1,DeepSets_Q,DeepSets,CA_3__FOODS_3,1456,156,18698.630859375,0.06113717154137798,mean_spl,0.17620415921624083
store_dept,1,DeepSets_Q,DeepSets,CA_3__HOBBIES_1,1456,157,3555.1201171875,0.011623845087338169,mean_spl,0.138238074356132
store_dept,1,DeepSets_Q,DeepSets,CA_3__HOBBIES_2,1456,158,144.6400146484375,0.0004729159826627285,mean_spl,0.3493093174883802
store_dept,1,DeepSets_Q,DeepSets,CA_3__HOUSEHOLD_1,1456,159,12422.94140625,0.040618134317657734,mean_spl,0.18275488500975046
store_dept,1,DeepSets_Q,DeepSets,CA_3__HOUSEHOLD_2,1456,160,3610.610107421875,0.011805275539508813,mean_spl,0.17687255623153614
store_dept,1,DeepSets_Q,DeepSets,CA_4__FOODS_1,1456,161,1101.489990234375,0.0036014392171556373,mean_spl,0.2004049310336399
store_dept,1,DeepSets_Q,DeepSets,CA_4__FOODS_2,1456,162,2318.380126953125,0.007580191543734902,mean_spl,0.16614462774304092
store_dept,1,DeepSets_Q,DeepSets,CA_4__FOODS_3,1456,163,13401.109375,0.04381635900862577,mean_spl,0.23172051028278867
store_dept,1,DeepSets_Q,DeepSets,CA_4__HOBBIES_1,1456,164,4166.490234375,0.013622785010312501,mean_spl,0.17361147996606496
store_dept,1,DeepSets_Q,DeepSets,CA_4__HOBBIES_2,1456,165,133.1699981689453,0.00043541353821302905,mean_spl,0.2787204881832437
store_dept,1,DeepSets_Q,DeepSets,CA_4__HOUSEHOLD_1,1456,166,2557.519775390625,0.00836208417634645,mean_spl,0.20242642313375073
store_dept,1,DeepSets_Q,DeepSets,CA_4__HOUSEHOLD_2,1456,167,1269.179931640625,0.004149719398235174,mean_spl,0.17836869868045524
store_dept,1,DeepSets_Q,DeepSets,TX_1__FOODS_1,1456,168,1635.070068359375,0.005346036295558005,mean_spl,0.27929791041409224
store_dept,1,DeepSets_Q,DeepSets,TX_1__FOODS_2,1456,169,4750.099609375,0.015530958220472553,mean_spl,0.20015187681598137
store_dept,1,DeepSets_Q,DeepSets,TX_1__FOODS_3,1456,170,12488.5888671875,0.04083277570561687,mean_spl,0.1826240175016708
store_dept,1,DeepSets_Q,DeepSets,TX_1__HOBBIES_1,1456,171,3464.31982421875,0.011326963827475521,mean_spl,0.24880554715830477
store_dept,1,DeepSets_Q,DeepSets,TX_1__HOBBIES_2,1456,172,71.62999725341797,0.00023420192967738088,mean_spl,0.3343330680880639
store_dept,1,DeepSets_Q,DeepSets,TX_1__HOUSEHOLD_1,1456,173,9295.2705078125,0.030391880123924717,mean_spl,0.15669450624165243
store_dept,1,DeepSets_Q,DeepSets,TX_1__HOUSEHOLD_2,1456,174,2151.73974609375,0.007035343013008803,mean_spl,0.19476048917684105
store_dept,1,DeepSets_Q,DeepSets,TX_2__FOODS_1,1456,175,361.9000244140625,0.0011832707987995952,mean_spl,0.26563084775958923
store_dept,1,DeepSets_Q,DeepSets,TX_2__FOODS_2,1456,176,5210.27978515625,0.017035566475390534,mean_spl,0.15756842524211764
store_dept,1,DeepSets_Q,DeepSets,TX_2__FOODS_3,1456,177,10461.390625,0.034204634446875555,mean_spl,0.13662543220537626
store_dept,1,DeepSets_Q,DeepSets,TX_2__HOBBIES_1,1456,178,4692.58984375,0.015342923896849481,mean_spl,0.20726440789165432
store_dept,1,DeepSets_Q,DeepSets,TX_2__HOBBIES_2,1456,179,90.73001861572266,0.0002966514903566186,mean_spl,0.42808275359324355
store_dept,1,DeepSets_Q,DeepSets,TX_2__HOUSEHOLD_1,1456,180,5899.56005859375,0.01928924197891587,mean_spl,0.2557102577751328
store_dept,1,DeepSets_Q,DeepSets,TX_2__HOUSEHOLD_2,1456,181,2326.7998046875,0.007607720579729082,mean_spl,0.24616110772278413
store_dept,1,DeepSets_Q,DeepSets,TX_3__FOODS_1,1456,182,2204.64013671875,0.007208306492558162,mean_spl,0.24980804995075123
store_dept,1,DeepSets_Q,DeepSets,TX_3__FOODS_2,1456,183,5935.8798828125,0.0194079935249683,mean_spl,0.22941585293593425
store_dept,1,DeepSets_Q,DeepSets,TX_3__FOODS_3,1456,184,10073.9794921875,0.03293795235330814,mean_spl,0.20576810933559742
store_dept,1,DeepSets_Q,DeepSets,TX_3__HOBBIES_1,1456,185,3583.849853515625,0.01171778003003214,mean_spl,0.15716016391299406
store_dept,1,DeepSets_Q,DeepSets,TX_3__HOBBIES_2,1456,186,434.71002197265625,0.001421330865557651,mean_spl,0.25132533750698355
store_dept,1,DeepSets_Q,DeepSets,TX_3__HOUSEHOLD_1,1456,187,6016.52978515625,0.019671686998114387,mean_spl,0.381800500740497
store_dept,1,DeepSets_Q,DeepSets,TX_3__HOUSEHOLD_2,1456,188,1704.47998046875,0.0055729794196410845,mean_spl,0.2091418868660063
store_dept,1,DeepSets_Q,DeepSets,WI_1__FOODS_1,1456,189,1631.85986328125,0.005335540187045016,mean_spl,0.18489394797901154
store_dept,1,DeepSets_Q,DeepSets,WI_1__FOODS_2,1456,190,3612.3798828125,0.011811062009248767,mean_spl,0.717785928182773
store_dept,1,DeepSets_Q,DeepSets,WI_1__FOODS_3,1456,191,10289.169921875,0.03364154045624517,mean_spl,0.2526493925025262
store_dept,1,DeepSets_Q,DeepSets,WI_1__HOBBIES_1,1456,192,3086.5498046875,0.010091804383933048,mean_spl,0.19738993447357692
store_dept,1,DeepSets_Q,DeepSets,WI_1__HOBBIES_2,1456,193,191.8800048828125,0.00062737217832178,mean_spl,0.21075560446751943
store_dept,1,DeepSets_Q,DeepSets,WI_1__HOUSEHOLD_1,1456,194,6407.7802734375,0.02095092227462159,mean_spl,0.28921845275729663
store_dept,1,DeepSets_Q,DeepSets,WI_1__HOUSEHOLD_2,1456,195,1338.1900634765625,0.00437535539799777,mean_spl,0.19713472529601406
store_dept,1,DeepSets_Q,DeepSets,WI_2__FOODS_1,1456,196,5915.73974609375,0.019342143195994952,mean_spl,0.2859629864914342
store_dept,1,DeepSets_Q,DeepSets,WI_2__FOODS_2,1456,197,5162.1103515625,0.016878071365357086,mean_spl,0.2737762525652692
store_dept,1,DeepSets_Q,DeepSets,WI_2__FOODS_3,1456,198,10900.6796875,0.035640936974707334,mean_spl,0.24775391249068468
store_dept,1,DeepSets_Q,DeepSets,WI_2__HOBBIES_1,1456,199,2009.6400146484375,0.006570732757707673,mean_spl,0.30001351513335756
store_dept,1,DeepSets_Q,DeepSets,WI_2__HOBBIES_2,1456,200,188.1599884033203,0.0006152091869587286,mean_spl,0.18940481984575433
store_dept,1,DeepSets_Q,DeepSets,WI_2__HOUSEHOLD_1,1456,201,5669.19970703125,0.018536054195504043,mean_spl,0.7125163744610277
store_dept,1,DeepSets_Q,DeepSets,WI_2__HOUSEHOLD_2,1456,202,1216.85009765625,0.0039786214145862515,mean_spl,0.19825819107119813
store_dept,1,DeepSets_Q,DeepSets,WI_3__FOODS_1,1456,203,925.02001953125,0.0030244517921448034,mean_spl,0.20139485509565713
store_dept,1,DeepSets_Q,DeepSets,WI_3__FOODS_2,1456,204,3442.51025390625,0.011255655106988612,mean_spl,0.1529192849368456
store_dept,1,DeepSets_Q,DeepSets,WI_3__FOODS_3,1456,205,8656.91015625,0.028304692745757747,mean_spl,0.18008104348111026
store_dept,1,DeepSets_Q,DeepSets,WI_3__HOBBIES_1,1456,206,1414.9700927734375,0.004626395907721592,mean_spl,0.19065200890849202
store_dept,1,DeepSets_Q,DeepSets,WI_3__HOBBIES_2,1456,207,203.52000427246094,0.0006654304000588906,mean_spl,0.24189065465015794
store_dept,1,DeepSets_Q,DeepSets,WI_3__HOUSEHOLD_1,1456,208,5766.10009765625,0.018852880376448562,mean_spl,0.32190847631286174
store_dept,1,DeepSets_Q,DeepSets,WI_3__HOUSEHOLD_2,1456,209,1365.7999267578125,0.004465628796106673,mean_spl,0.16441248001000247
store_dept,1,DeepSets_Q,DeepSets,CA_1__FOODS_1,1484,210,2750.699951171875,0.008241475897105607,mean_spl,0.18609665184042173
store_dept,1,DeepSets_Q,DeepSets,CA_1__FOODS_2,1484,211,2574.610107421875,0.007713886473049214,mean_spl,0.17745763743759754
store_dept,1,DeepSets_Q,DeepSets,CA_1__FOODS_3,1484,212,15957.6005859375,0.04781116913482821,mean_spl,0.1412854032196365
store_dept,1,DeepSets_Q,DeepSets,CA_1__HOBBIES_1,1484,213,4508.57958984375,0.013508325400612845,mean_spl,0.19934128419431135
store_dept,1,DeepSets_Q,DeepSets,CA_1__HOBBIES_2,1484,214,108.56000518798828,0.00032526072709795196,mean_spl,0.25248753394754325
store_dept,1,DeepSets_Q,DeepSets,CA_1__HOUSEHOLD_1,1484,215,7592.0693359375,0.022746885357171353,mean_spl,0.22074945399572776
store_dept,1,DeepSets_Q,DeepSets,CA_1__HOUSEHOLD_2,1484,216,2289.559814453125,0.006859836536427081,mean_spl,0.19998515405982623
store_dept,1,DeepSets_Q,DeepSets,CA_2__FOODS_1,1484,217,5074.2099609375,0.015203031894519624,mean_spl,0.15659909432261174
store_dept,1,DeepSets_Q,DeepSets,CA_2__FOODS_2,1484,218,1083.4000244140625,0.003246015685690545,mean_spl,0.13869446875920283
store_dept,1,DeepSets_Q,DeepSets,CA_2__FOODS_3,1484,219,5541.22021484375,0.01660225893476071,mean_spl,0.1339963996423625
store_dept,1,DeepSets_Q,DeepSets,CA_2__HOBBIES_1,1484,220,3338.400146484375,0.01000230662396433,mean_spl,0.2265808297792175
store_dept,1,DeepSets_Q,DeepSets,CA_2__HOBBIES_2,1484,221,104.07000732421875,0.00031180807510784763,mean_spl,0.15134308079602704
store_dept,1,DeepSets_Q,DeepSets,CA_2__HOUSEHOLD_1,1484,222,4916.0400390625,0.014729133024443106,mean_spl,0.14641738065957202
store_dept,1,DeepSets_Q,DeepSets,CA_2__HOUSEHOLD_2,1484,223,4333.8798828125,0.012984901017624045,mean_spl,0.19310999638556628
store_dept,1,DeepSets_Q,DeepSets,CA_3__FOODS_1,1484,224,9336.0205078125,0.027972003255840636,mean_spl,0.32457985798624983
store_dept,1,DeepSets_Q,DeepSets,CA_3__FOODS_2,1484,225,5448.72021484375,0.01632511619508913,mean_spl,0.2785279993607189
store_dept,1,DeepSets_Q,DeepSets,CA_3__FOODS_3,1484,226,20011.78125,0.059958052771172506,mean_spl,0.23560796377993176
store_dept,1,DeepSets_Q,DeepSets,CA_3__HOBBIES_1,1484,227,3702.189697265625,0.011092270221449853,mean_spl,0.14968313840258915
store_dept,1,DeepSets_Q,DeepSets,CA_3__HOBBIES_2,1484,228,152.62001037597656,0.00045727057085733923,mean_spl,0.36139160490406536
store_dept,1,DeepSets_Q,DeepSets,CA_3__HOUSEHOLD_1,1484,229,13662.9091796875,0.04093595764262316,mean_spl,0.22660661922540712
store_dept,1,DeepSets_Q,DeepSets,CA_3__HOUSEHOLD_2,1484,230,4085.999755859375,0.012242218017689674,mean_spl,0.17235692127871094
store_dept,1,DeepSets_Q,DeepSets,CA_4__FOODS_1,1484,231,1109.9600830078125,0.003325593279252812,mean_spl,0.22118839335542984
store_dept,1,DeepSets_Q,DeepSets,CA_4__FOODS_2,1484,232,2251.1201171875,0.00674466590926663,mean_spl,0.16554278947943402
store_dept,1,DeepSets_Q,DeepSets,CA_4__FOODS_3,1484,233,13889.87890625,0.041615990203077664,mean_spl,0.23479356262978468
store_dept,1,DeepSets_Q,DeepSets,CA_4__HOBBIES_1,1484,234,4478.490234375,0.013418173547536503,mean_spl,0.20827032881019247
store_dept,1,DeepSets_Q,DeepSets,CA_4__HOBBIES_2,1484,235,114.2300033569336,0.00034224882251929656,mean_spl,0.302237544355979
store_dept,1,DeepSets_Q,DeepSets,CA_4__HOUSEHOLD_1,1484,236,2712.33984375,0.008126543732078637,mean_spl,0.21541055268554749
store_dept,1,DeepSets_Q,DeepSets,CA_4__HOUSEHOLD_2,1484,237,1369.1099853515625,0.004102042078400602,mean_spl,0.20244198778498823
store_dept,1,DeepSets_Q,DeepSets,TX_1__FOODS_1,1484,238,1868.1302490234375,0.005597175516515848,mean_spl,0.20862911680371182
store_dept,1,DeepSets_Q,DeepSets,TX_1__FOODS_2,1484,239,4883.66015625,0.01463211843597931,mean_spl,0.26127669066758324
store_dept,1,DeepSets_Q,DeepSets,TX_1__FOODS_3,1484,240,12800.3701171875,0.03835167181716359,mean_spl,0.20867254059459542
store_dept,1,DeepSets_Q,DeepSets,TX_1__HOBBIES_1,1484,241,3802.519775390625,0.01139287295359068,mean_spl,0.2263254303937451
store_dept,1,DeepSets_Q,DeepSets,TX_1__HOBBIES_2,1484,242,99.31999969482422,0.0002975763980497792,mean_spl,0.22632924306290267
store_dept,1,DeepSets_Q,DeepSets,TX_1__HOUSEHOLD_1,1484,243,10962.83984375,0.032846178041920936,mean_spl,0.17622377370165326
store_dept,1,DeepSets_Q,DeepSets,TX_1__HOUSEHOLD_2,1484,244,2500.9599609375,0.007493220490628747,mean_spl,0.2048155371451606
store_dept,1,DeepSets_Q,DeepSets,TX_2__FOODS_1,1484,245,587.6199951171875,0.0017605904360279002,mean_spl,0.1596630782060905
store_dept,1,DeepSets_Q,DeepSets,TX_2__FOODS_2,1484,246,5717.83935546875,0.017131434205152642,mean_spl,0.17498077161310027
store_dept,1,DeepSets_Q,DeepSets,TX_2__FOODS_3,1484,247,9579.8203125,0.028702461048299998,mean_spl,0.19119337569759093
store_dept,1,DeepSets_Q,DeepSets,TX_2__HOBBIES_1,1484,248,4880.6796875,0.014623188541115736,mean_spl,0.13490422078665143
store_dept,1,DeepSets_Q,DeepSets,TX_2__HOBBIES_2,1484,249,154.08999633789062,0.0004616748512547839,mean_spl,0.2646773252601341
store_dept,1,DeepSets_Q,DeepSets,TX_2__HOUSEHOLD_1,1484,250,7287.9599609375,0.021835731785849046,mean_spl,0.17026848426457158
store_dept,1,DeepSets_Q,DeepSets,TX_2__HOUSEHOLD_2,1484,251,3117.18994140625,0.0093395303831139,mean_spl,0.29650781314536984
store_dept,1,DeepSets_Q,DeepSets,TX_3__FOODS_1,1484,252,1843.5001220703125,0.005523380263951004,mean_spl,0.15745903719518245
store_dept,1,DeepSets_Q,DeepSets,TX_3__FOODS_2,1484,253,5230.93017578125,0.01567258724266791,mean_spl,0.21365145202885572
store_dept,1,DeepSets_Q,DeepSets,TX_3__FOODS_3,1484,254,11309.3408203125,0.03388434268995781,mean_spl,0.15624705603663402
store_dept,1,DeepSets_Q,DeepSets,TX_3__HOBBIES_1,1484,255,3631.72998046875,0.010881163205778826,mean_spl,0.17726247885010477
store_dept,1,DeepSets_Q,DeepSets,TX_3__HOBBIES_2,1484,256,557.4199829101562,0.0016701070401233386,mean_spl,0.21803572657437711
store_dept,1,DeepSets_Q,DeepSets,TX_3__HOUSEHOLD_1,1484,257,7958.6201171875,0.023845121981434972,mean_spl,0.42765434093880117
store_dept,1,DeepSets_Q,DeepSets,TX_3__HOUSEHOLD_2,1484,258,1714.570068359375,0.005137088065989341,mean_spl,0.22907018673218577
store_dept,1,DeepSets_Q,DeepSets,WI_1__FOODS_1,1484,259,2116.869873046875,0.006342433688048123,mean_spl,0.11946267525985824
store_dept,1,DeepSets_Q,DeepSets,WI_1__FOODS_2,1484,260,5019.87060546875,0.015040223701583436,mean_spl,0.45471397541835085
store_dept,1,DeepSets_Q,DeepSets,WI_1__FOODS_3,1484,261,11074.80859375,0.03318165183794907,mean_spl,0.29114323126164404
store_dept,1,DeepSets_Q,DeepSets,WI_1__HOBBIES_1,1484,262,3231.119873046875,0.009680880149443405,mean_spl,0.17811669286828805
store_dept,1,DeepSets_Q,DeepSets,WI_1__HOBBIES_2,1484,263,225.09002685546875,0.0006744007212483812,mean_spl,0.23397040097794738
store_dept,1,DeepSets_Q,DeepSets,WI_1__HOUSEHOLD_1,1484,264,6614.83935546875,0.019818969745535472,mean_spl,0.3018695608830002
store_dept,1,DeepSets_Q,DeepSets,WI_1__HOUSEHOLD_2,1484,265,1561.4200439453125,0.004678229500077088,mean_spl,0.19189779477834165
store_dept,1,DeepSets_Q,DeepSets,WI_2__FOODS_1,1484,266,6272.16015625,0.018792255668779265,mean_spl,0.2520423327069716
store_dept,1,DeepSets_Q,DeepSets,WI_2__FOODS_2,1484,267,5544.1298828125,0.01661097670073254,mean_spl,0.26467286107392396
store_dept,1,DeepSets_Q,DeepSets,WI_2__FOODS_3,1484,268,10494.5595703125,0.03144314584824928,mean_spl,0.1642020245787853
store_dept,1,DeepSets_Q,DeepSets,WI_2__HOBBIES_1,1484,269,2633.489990234375,0.00789029871125676,mean_spl,0.21195067879120782
store_dept,1,DeepSets_Q,DeepSets,WI_2__HOBBIES_2,1484,270,269.3800048828125,0.000807099595307758,mean_spl,0.19200989642339017
store_dept,1,DeepSets_Q,DeepSets,WI_2__HOUSEHOLD_1,1484,271,8928.4091796875,0.026750743578027276,mean_spl,0.34807589502288805
store_dept,1,DeepSets_Q,DeepSets,WI_2__HOUSEHOLD_2,1484,272,1402.010009765625,0.004200615082739795,mean_spl,0.25523653042887395
store_dept,1,DeepSets_Q,DeepSets,WI_3__FOODS_1,1484,273,1203.949951171875,0.003607199869137778,mean_spl,0.16077596896255758
store_dept,1,DeepSets_Q,DeepSets,WI_3__FOODS_2,1484,274,3890.659912109375,0.01165695294240433,mean_spl,0.17573536039859572
store_dept,1,DeepSets_Q,DeepSets,WI_3__FOODS_3,1484,275,10367.890625,0.031063628242463157,mean_spl,0.12249551332065825
store_dept,1,DeepSets_Q,DeepSets,WI_3__HOBBIES_1,1484,276,1458.8900146484375,0.0043710354112344516,mean_spl,0.15309200164225936
store_dept,1,DeepSets_Q,DeepSets,WI_3__HOBBIES_2,1484,277,191.25999450683594,0.0005730412850507764,mean_spl,0.2678217110282041
store_dept,1,DeepSets_Q,DeepSets,WI_3__HOUSEHOLD_1,1484,278,6748.8603515625,0.020220515108032085,mean_spl,0.30744088962409377
store_dept,1,DeepSets_Q,DeepSets,WI_3__HOUSEHOLD_2,1484,279,1525.97998046875,0.00457204618887677,mean_spl,0.18004756134901684
store_dept,2,DeepSets,DeepSets,CA_1__FOODS_1,1456,0,2639.52001953125,0.008630192736281295,rmsse,0.9357088605741045
store_dept,2,DeepSets,DeepSets,CA_1__FOODS_2,1456,1,2164.300048828125,0.007076410264865808,rmsse,0.5489447790573274
store_dept,2,DeepSets,DeepSets,CA_1__FOODS_3,1456,2,16346.23046875,0.053445747110506446,rmsse,0.4879251238497929
store_dept,2,DeepSets,DeepSets,CA_1__HOBBIES_1,1456,3,4766.98974609375,0.015586182327183756,rmsse,0.62012765553602
store_dept,2,DeepSets,DeepSets,CA_1__HOBBIES_2,1456,4,75.88999938964844,0.0002481304618425463,rmsse,1.1224864740767226
store_dept,2,DeepSets,DeepSets,CA_1__HOUSEHOLD_1,1456,5,7929.32958984375,0.02592579034198899,rmsse,0.8761718513125467
store_dept,2,DeepSets,DeepSets,CA_1__HOUSEHOLD_2,1456,6,2026.1900634765625,0.006624844910722125,rmsse,0.9554468912780221
store_dept,2,DeepSets,DeepSets,CA_2__FOODS_1,1456,7,5523.3701171875,0.01805924876963426,rmsse,0.8154328214684401
store_dept,2,DeepSets,DeepSets,CA_2__FOODS_2,1456,8,1106.5098876953125,0.003617852308279664,rmsse,0.7728235097210263
store_dept,2,DeepSets,DeepSets,CA_2__FOODS_3,1456,9,6962.60986328125,0.022764996902096404,rmsse,0.8843596884709908
store_dept,2,DeepSets,DeepSets,CA_2__HOBBIES_1,1456,10,3265.800048828125,0.0106778822100197,rmsse,0.816858831956081
store_dept,2,DeepSets,DeepSets,CA_2__HOBBIES_2,1456,11,171.41000366210938,0.0005604433221133114,rmsse,0.7829163862213223
store_dept,2,DeepSets,DeepSets,CA_2__HOUSEHOLD_1,1456,12,4655.73974609375,0.015222438565133488,rmsse,0.879936740498128
store_dept,2,DeepSets,DeepSets,CA_2__HOUSEHOLD_2,1456,13,3590.980224609375,0.011741093540202524,rmsse,0.8780733215317388
store_dept,2,DeepSets,DeepSets,CA_3__FOODS_1,1456,14,3597.400146484375,0.011762084160740783,rmsse,2.743254445886504
store_dept,2,DeepSets,DeepSets,CA_3__FOODS_2,1456,15,5396.5595703125,0.017644628136933457,rmsse,1.4112405974045046
store_dept,2,DeepSets,DeepSets,CA_3__FOODS_3,1456,16,18698.630859375,0.06113717154137798,rmsse,0.6925979505166949
store_dept,2,DeepSets,DeepSets,CA_3__HOBBIES_1,1456,17,3555.1201171875,0.011623845087338169,rmsse,0.547452323867397
store_dept,2,DeepSets,DeepSets,CA_3__HOBBIES_2,1456,18,144.6400146484375,0.0004729159826627285,rmsse,1.2133708873222095
store_dept,2,DeepSets,DeepSets,CA_3__HOUSEHOLD_1,1456,19,12422.94140625,0.040618134317657734,rmsse,0.6599791738310976
store_dept,2,DeepSets,DeepSets,CA_3__HOUSEHOLD_2,1456,20,3610.610107421875,0.011805275539508813,rmsse,0.7442095487581284
store_dept,2,DeepSets,DeepSets,CA_4__FOODS_1,1456,21,1101.489990234375,0.0036014392171556373,rmsse,0.7635543060520671
store_dept,2,DeepSets,DeepSets,CA_4__FOODS_2,1456,22,2318.380126953125,0.007580191543734902,rmsse,0.7822644452359645
store_dept,2,DeepSets,DeepSets,CA_4__FOODS_3,1456,23,13401.109375,0.04381635900862577,rmsse,0.9389662737498267
store_dept,2,DeepSets,DeepSets,CA_4__HOBBIES_1,1456,24,4166.490234375,0.013622785010312501,rmsse,0.7093535191996225
store_dept,2,DeepSets,DeepSets,CA_4__HOBBIES_2,1456,25,133.1699981689453,0.00043541353821302905,rmsse,1.214456464731109
store_dept,2,DeepSets,DeepSets,CA_4__HOUSEHOLD_1,1456,26,2557.519775390625,0.00836208417634645,rmsse,0.9134239560773325
store_dept,2,DeepSets,DeepSets,CA_4__HOUSEHOLD_2,1456,27,1269.179931640625,0.004149719398235174,rmsse,0.9579272318904083
store_dept,2,DeepSets,DeepSets,TX_1__FOODS_1,1456,28,1635.070068359375,0.005346036295558005,rmsse,1.1347485577058694
store_dept,2,DeepSets,DeepSets,TX_1__FOODS_2,1456,29,4750.099609375,0.015530958220472553,rmsse,0.7883796769759474
store_dept,2,DeepSets,DeepSets,TX_1__FOODS_3,1456,30,12488.5888671875,0.04083277570561687,rmsse,0.6367620400346895
store_dept,2,DeepSets,DeepSets,TX_1__HOBBIES_1,1456,31,3464.31982421875,0.011326963827475521,rmsse,0.8829941175230539
store_dept,2,DeepSets,DeepSets,TX_1__HOBBIES_2,1456,32,71.62999725341797,0.00023420192967738088,rmsse,1.2593783302216732
store_dept,2,DeepSets,DeepSets,TX_1__HOUSEHOLD_1,1456,33,9295.2705078125,0.030391880123924717,rmsse,0.5629645670163245
store_dept,2,DeepSets,DeepSets,TX_1__HOUSEHOLD_2,1456,34,2151.73974609375,0.007035343013008803,rmsse,0.8244821507293543
store_dept,2,DeepSets,DeepSets,TX_2__FOODS_1,1456,35,361.9000244140625,0.0011832707987995952,rmsse,0.9965514878429472
store_dept,2,DeepSets,DeepSets,TX_2__FOODS_2,1456,36,5210.27978515625,0.017035566475390534,rmsse,0.6054901198947729
store_dept,2,DeepSets,DeepSets,TX_2__FOODS_3,1456,37,10461.390625,0.034204634446875555,rmsse,0.6263080538085624
store_dept,2,DeepSets,DeepSets,TX_2__HOBBIES_1,1456,38,4692.58984375,0.015342923896849481,rmsse,0.7966855610153568
store_dept,2,DeepSets,DeepSets,TX_2__HOBBIES_2,1456,39,90.73001861572266,0.0002966514903566186,rmsse,1.8168906409522934
store_dept,2,DeepSets,DeepSets,TX_2__HOUSEHOLD_1,1456,40,5899.56005859375,0.01928924197891587,rmsse,0.9046217787422888
store_dept,2,DeepSets,DeepSets,TX_2__HOUSEHOLD_2,1456,41,2326.7998046875,0.007607720579729082,rmsse,0.9126037576318667
store_dept,2,DeepSets,DeepSets,TX_3__FOODS_1,1456,42,2204.64013671875,0.007208306492558162,rmsse,1.1762338815292026
store_dept,2,DeepSets,DeepSets,TX_3__FOODS_2,1456,43,5935.8798828125,0.0194079935249683,rmsse,1.1470359201689617
store_dept,2,DeepSets,DeepSets,TX_3__FOODS_3,1456,44,10073.9794921875,0.03293795235330814,rmsse,0.5668290038886953
store_dept,2,DeepSets,DeepSets,TX_3__HOBBIES_1,1456,45,3583.849853515625,0.01171778003003214,rmsse,0.563181277983054
store_dept,2,DeepSets,DeepSets,TX_3__HOBBIES_2,1456,46,434.71002197265625,0.001421330865557651,rmsse,1.1018237841107081
store_dept,2,DeepSets,DeepSets,TX_3__HOUSEHOLD_1,1456,47,6016.52978515625,0.019671686998114387,rmsse,1.3258525855269472
store_dept,2,DeepSets,DeepSets,TX_3__HOUSEHOLD_2,1456,48,1704.47998046875,0.0055729794196410845,rmsse,0.9798349261986862
store_dept,2,DeepSets,DeepSets,WI_1__FOODS_1,1456,49,1631.85986328125,0.005335540187045016,rmsse,0.7161354005523313
store_dept,2,DeepSets,DeepSets,WI_1__FOODS_2,1456,50,3612.3798828125,0.011811062009248767,rmsse,2.046805429075219
store_dept,2,DeepSets,DeepSets,WI_1__FOODS_3,1456,51,10289.169921875,0.03364154045624517,rmsse,1.1232262630069456
store_dept,2,DeepSets,DeepSets,WI_1__HOBBIES_1,1456,52,3086.5498046875,0.010091804383933048,rmsse,0.8661810460365863
store_dept,2,DeepSets,DeepSets,WI_1__HOBBIES_2,1456,53,191.8800048828125,0.00062737217832178,rmsse,0.7595874411039536
store_dept,2,DeepSets,DeepSets,WI_1__HOUSEHOLD_1,1456,54,6407.7802734375,0.02095092227462159,rmsse,1.1420652838874925
store_dept,2,DeepSets,DeepSets,WI_1__HOUSEHOLD_2,1456,55,1338.1900634765625,0.00437535539799777,rmsse,0.8498809709118004
store_dept,2,DeepSets,DeepSets,WI_2__FOODS_1,1456,56,5915.73974609375,0.019342143195994952,rmsse,1.0963292256042156
store_dept,2,DeepSets,DeepSets,WI_2__FOODS_2,1456,57,5162.1103515625,0.016878071365357086,rmsse,0.9967448601578844
store_dept,2,DeepSets,DeepSets,WI_2__FOODS_3,1456,58,10900.6796875,0.035640936974707334,rmsse,0.8830894962054596
store_dept,2,DeepSets,DeepSets,WI_2__HOBBIES_1,1456,59,2009.6400146484375,0.006570732757707673,rmsse,0.8839380141791723
store_dept,2,DeepSets,DeepSets,WI_2__HOBBIES_2,1456,60,188.1599884033203,0.0006152091869587286,rmsse,0.657708529499036
store_dept,2,DeepSets,DeepSets,WI_2__HOUSEHOLD_1,1456,61,5669.19970703125,0.018536054195504043,rmsse,1.934968047511426
store_dept,2,DeepSets,DeepSets,WI_2__HOUSEHOLD_2,1456,62,1216.85009765625,0.0039786214145862515,rmsse,0.8737690720837425
store_dept,2,DeepSets,DeepSets,WI_3__FOODS_1,1456,63,925.02001953125,0.0030244517921448034,rmsse,0.6478416394776195
store_dept,2,DeepSets,DeepSets,WI_3__FOODS_2,1456,64,3442.51025390625,0.011255655106988612,rmsse,0.5672230872114545
store_dept,2,DeepSets,DeepSets,WI_3__FOODS_3,1456,65,8656.91015625,0.028304692745757747,rmsse,0.7026164801554852
store_dept,2,DeepSets,DeepSets,WI_3__HOBBIES_1,1456,66,1414.9700927734375,0.004626395907721592,rmsse,0.7214765217389979
store_dept,2,DeepSets,DeepSets,WI_3__HOBBIES_2,1456,67,203.52000427246094,0.0006654304000588906,rmsse,0.9461697652500262
store_dept,2,DeepSets,DeepSets,WI_3__HOUSEHOLD_1,1456,68,5766.10009765625,0.018852880376448562,rmsse,1.119946447114989
store_dept,2,DeepSets,DeepSets,WI_3__HOUSEHOLD_2,1456,69,1365.7999267578125,0.004465628796106673,rmsse,0.7892065977450214
store_dept,2,DeepSets,DeepSets,CA_1__FOODS_1,1484,70,2750.699951171875,0.008241475897105607,rmsse,0.7721848159750447
store_dept,2,DeepSets,DeepSets,CA_1__FOODS_2,1484,71,2574.610107421875,0.007713886473049214,rmsse,0.7583354761615385
store_dept,2,DeepSets,DeepSets,CA_1__FOODS_3,1484,72,15957.6005859375,0.04781116913482821,rmsse,0.47435895332892375
store_dept,2,DeepSets,DeepSets,CA_1__HOBBIES_1,1484,73,4508.57958984375,0.013508325400612845,rmsse,0.6775656868531027
store_dept,2,DeepSets,DeepSets,CA_1__HOBBIES_2,1484,74,108.56000518798828,0.00032526072709795196,rmsse,0.9767887269234051
store_dept,2,DeepSets,DeepSets,CA_1__HOUSEHOLD_1,1484,75,7592.0693359375,0.022746885357171353,rmsse,0.971410256787174
store_dept,2,DeepSets,DeepSets,CA_1__HOUSEHOLD_2,1484,76,2289.559814453125,0.006859836536427081,rmsse,0.873951402876653
store_dept,2,DeepSets,DeepSets,CA_2__FOODS_1,1484,77,5074.2099609375,0.015203031894519624,rmsse,0.6889056403245436
store_dept,2,DeepSets,DeepSets,CA_2__FOODS_2,1484,78,1083.4000244140625,0.003246015685690545,rmsse,0.6553586944039281
store_dept,2,DeepSets,DeepSets,CA_2__FOODS_3,1484,79,5541.22021484375,0.01660225893476071,rmsse,0.5001487474098305
store_dept,2,DeepSets,DeepSets,CA_2__HOBBIES_1,1484,80,3338.400146484375,0.01000230662396433,rmsse,0.9623786542070935
store_dept,2,DeepSets,DeepSets,CA_2__HOBBIES_2,1484,81,104.07000732421875,0.00031180807510784763,rmsse,0.5342027492505194
store_dept,2,DeepSets,DeepSets,CA_2__HOUSEHOLD_1,1484,82,4916.0400390625,0.014729133024443106,rmsse,0.6656572630991578
store_dept,2,DeepSets,DeepSets,CA_2__HOUSEHOLD_2,1484,83,4333.8798828125,0.012984901017624045,rmsse,0.8626601348671049
store_dept,2,DeepSets,DeepSets,CA_3__FOODS_1,1484,84,9336.0205078125,0.027972003255840636,rmsse,1.3612709888817045
store_dept,2,DeepSets,DeepSets,CA_3__FOODS_2,1484,85,5448.72021484375,0.01632511619508913,rmsse,1.1287842754848834
store_dept,2,DeepSets,DeepSets,CA_3__FOODS_3,1484,86,20011.78125,0.059958052771172506,rmsse,0.8477154909985888
store_dept,2,DeepSets,DeepSets,CA_3__HOBBIES_1,1484,87,3702.189697265625,0.011092270221449853,rmsse,0.5795570155207753
store_dept,2,DeepSets,DeepSets,CA_3__HOBBIES_2,1484,88,152.62001037597656,0.00045727057085733923,rmsse,1.3515368192381312
store_dept,2,DeepSets,DeepSets,CA_3__HOUSEHOLD_1,1484,89,13662.9091796875,0.04093595764262316,rmsse,0.9446454695700055
store_dept,2,DeepSets,DeepSets,CA_3__HOUSEHOLD_2,1484,90,4085.999755859375,0.012242218017689674,rmsse,0.7329390311299262
store_dept,2,DeepSets,DeepSets,CA_4__FOODS_1,1484,91,1109.9600830078125,0.003325593279252812,rmsse,0.7899197053846646
store_dept,2,DeepSets,DeepSets,CA_4__FOODS_2,1484,92,2251.1201171875,0.00674466590926663,rmsse,0.7025395899501066
store_dept,2,DeepSets,DeepSets,CA_4__FOODS_3,1484,93,13889.87890625,0.041615990203077664,rmsse,1.228304550849549
store_dept,2,DeepSets,DeepSets,CA_4__HOBBIES_1,1484,94,4478.490234375,0.013418173547536503,rmsse,0.8237192759174758
store_dept,2,DeepSets,DeepSets,CA_4__HOBBIES_2,1484,95,114.2300033569336,0.00034224882251929656,rmsse,1.0722813907679234
store_dept,2,DeepSets,DeepSets,CA_4__HOUSEHOLD_1,1484,96,2712.33984375,0.008126543732078637,rmsse,0.9309825560603898
store_dept,2,DeepSets,DeepSets,CA_4__HOUSEHOLD_2,1484,97,1369.1099853515625,0.004102042078400602,rmsse,0.9372449208144777
store_dept,2,DeepSets,DeepSets,TX_1__FOODS_1,1484,98,1868.1302490234375,0.005597175516515848,rmsse,0.9800314562658052
store_dept,2,DeepSets,DeepSets,TX_1__FOODS_2,1484,99,4883.66015625,0.01463211843597931,rmsse,1.2484973162052928
store_dept,2,DeepSets,DeepSets,TX_1__FOODS_3,1484,100,12800.3701171875,0.03835167181716359,rmsse,0.7032368962232192
store_dept,2,DeepSets,DeepSets,TX_1__HOBBIES_1,1484,101,3802.519775390625,0.01139287295359068,rmsse,0.8267679029853731
store_dept,2,DeepSets,DeepSets,TX_1__HOBBIES_2,1484,102,99.31999969482422,0.0002975763980497792,rmsse,0.8399548662572744
store_dept,2,DeepSets,DeepSets,TX_1__HOUSEHOLD_1,1484,103,10962.83984375,0.032846178041920936,rmsse,0.7699415811397053
store_dept,2,DeepSets,DeepSets,TX_1__HOUSEHOLD_2,1484,104,2500.9599609375,0.007493220490628747,rmsse,0.9383056804625756
store_dept,2,DeepSets,DeepSets,TX_2__FOODS_1,1484,105,587.6199951171875,0.0017605904360279002,rmsse,0.627087100585417
store_dept,2,DeepSets,DeepSets,TX_2__FOODS_2,1484,106,5717.83935546875,0.017131434205152642,rmsse,0.7599794191838819
store_dept,2,DeepSets,DeepSets,TX_2__FOODS_3,1484,107,9579.8203125,0.028702461048299998,rmsse,1.02862721493407
store_dept,2,DeepSets,DeepSets,TX_2__HOBBIES_1,1484,108,4880.6796875,0.014623188541115736,rmsse,0.6372484846886863
store_dept,2,DeepSets,DeepSets,TX_2__HOBBIES_2,1484,109,154.08999633789062,0.0004616748512547839,rmsse,0.8830620691156529
store_dept,2,DeepSets,DeepSets,TX_2__HOUSEHOLD_1,1484,110,7287.9599609375,0.021835731785849046,rmsse,0.7947140472555176
store_dept,2,DeepSets,DeepSets,TX_2__HOUSEHOLD_2,1484,111,3117.18994140625,0.0093395303831139,rmsse,1.059299050182175
store_dept,2,DeepSets,DeepSets,TX_3__FOODS_1,1484,112,1843.5001220703125,0.005523380263951004,rmsse,0.8370920263434226
store_dept,2,DeepSets,DeepSets,TX_3__FOODS_2,1484,113,5230.93017578125,0.01567258724266791,rmsse,0.8822224157332298
store_dept,2,DeepSets,DeepSets,TX_3__FOODS_3,1484,114,11309.3408203125,0.03388434268995781,rmsse,0.8758191224474434
store_dept,2,DeepSets,DeepSets,TX_3__HOBBIES_1,1484,115,3631.72998046875,0.010881163205778826,rmsse,0.6916903376466312
store_dept,2,DeepSets,DeepSets,TX_3__HOBBIES_2,1484,116,557.4199829101562,0.0016701070401233386,rmsse,0.8858692410678358
store_dept,2,DeepSets,DeepSets,TX_3__HOUSEHOLD_1,1484,117,7958.6201171875,0.023845121981434972,rmsse,1.3691353044591792
store_dept,2,DeepSets,DeepSets,TX_3__HOUSEHOLD_2,1484,118,1714.570068359375,0.005137088065989341,rmsse,0.840435158722023
store_dept,2,DeepSets,DeepSets,WI_1__FOODS_1,1484,119,2116.869873046875,0.006342433688048123,rmsse,0.4086167498661585
store_dept,2,DeepSets,DeepSets,WI_1__FOODS_2,1484,120,5019.87060546875,0.015040223701583436,rmsse,1.5610665158060828
store_dept,2,DeepSets,DeepSets,WI_1__FOODS_3,1484,121,11074.80859375,0.03318165183794907,rmsse,1.2864518846183632
store_dept,2,DeepSets,DeepSets,WI_1__HOBBIES_1,1484,122,3231.119873046875,0.009680880149443405,rmsse,0.7587517583094675
store_dept,2,DeepSets,DeepSets,WI_1__HOBBIES_2,1484,123,225.09002685546875,0.0006744007212483812,rmsse,0.8731982127571553
store_dept,2,DeepSets,DeepSets,WI_1__HOUSEHOLD_1,1484,124,6614.83935546875,0.019818969745535472,rmsse,1.2029506362507234
store_dept,2,DeepSets,DeepSets,WI_1__HOUSEHOLD_2,1484,125,1561.4200439453125,0.004678229500077088,rmsse,0.8913061293444011
store_dept,2,DeepSets,DeepSets,WI_2__FOODS_1,1484,126,6272.16015625,0.018792255668779265,rmsse,0.9463635422356774
store_dept,2,DeepSets,DeepSets,WI_2__FOODS_2,1484,127,5544.1298828125,0.01661097670073254,rmsse,0.9760450861268815
store_dept,2,DeepSets,DeepSets,WI_2__FOODS_3,1484,128,10494.5595703125,0.03144314584824928,rmsse,0.5857267075591257
store_dept,2,DeepSets,DeepSets,WI_2__HOBBIES_1,1484,129,2633.489990234375,0.00789029871125676,rmsse,0.7007127860739104
store_dept,2,DeepSets,DeepSets,WI_2__HOBBIES_2,1484,130,269.3800048828125,0.000807099595307758,rmsse,0.6975031616234266
store_dept,2,DeepSets,DeepSets,WI_2__HOUSEHOLD_1,1484,131,8928.4091796875,0.026750743578027276,rmsse,1.1215485758949382
store_dept,2,DeepSets,DeepSets,WI_2__HOUSEHOLD_2,1484,132,1402.010009765625,0.004200615082739795,rmsse,0.9718054517255239
store_dept,2,DeepSets,DeepSets,WI_3__FOODS_1,1484,133,1203.949951171875,0.003607199869137778,rmsse,0.6343327129138503
store_dept,2,DeepSets,DeepSets,WI_3__FOODS_2,1484,134,3890.659912109375,0.01165695294240433,rmsse,0.699660533101628
store_dept,2,DeepSets,DeepSets,WI_3__FOODS_3,1484,135,10367.890625,0.031063628242463157,rmsse,0.6412100378714609
store_dept,2,DeepSets,DeepSets,WI_3__HOBBIES_1,1484,136,1458.8900146484375,0.0043710354112344516,rmsse,0.6375770258560705
store_dept,2,DeepSets,DeepSets,WI_3__HOBBIES_2,1484,137,191.25999450683594,0.0005730412850507764,rmsse,0.9751105638892197
store_dept,2,DeepSets,DeepSets,WI_3__HOUSEHOLD_1,1484,138,6748.8603515625,0.020220515108032085,rmsse,1.0868536734198817
store_dept,2,DeepSets,DeepSets,WI_3__HOUSEHOLD_2,1484,139,1525.97998046875,0.00457204618887677,rmsse,0.7592827998157182
store_dept,2,DeepSets,DeepSets,CA_1__FOODS_1,1512,140,2431.419921875,0.007148120104854332,rmsse,1.2249450937510964
store_dept,2,DeepSets,DeepSets,CA_1__FOODS_2,1512,141,2621.93994140625,0.0077082290229956146,rmsse,1.2480887796055173
store_dept,2,DeepSets,DeepSets,CA_1__FOODS_3,1512,142,18871.072265625,0.055478977468462115,rmsse,0.5025847254445654
store_dept,2,DeepSets,DeepSets,CA_1__HOBBIES_1,1512,143,4564.3701171875,0.01341877045060324,rmsse,0.5026477819601912
store_dept,2,DeepSets,DeepSets,CA_1__HOBBIES_2,1512,144,90.30001068115234,0.0002654725808616164,rmsse,1.2708544304247409
store_dept,2,DeepSets,DeepSets,CA_1__HOUSEHOLD_1,1512,145,7306.630859375,0.02148073003546469,rmsse,0.7243585208847944
store_dept,2,DeepSets,DeepSets,CA_1__HOUSEHOLD_2,1512,146,2643.429931640625,0.007771407345203734,rmsse,1.0091366304371168
store_dept,2,DeepSets,DeepSets,CA_2__FOODS_1,1512,147,4699.81005859375,0.01381694970358054,rmsse,0.8984540893104386
store_dept,2,DeepSets,DeepSets,CA_2__FOODS_2,1512,148,1027.280029296875,0.003020095773941697,rmsse,0.5342375223926931
store_dept,2,DeepSets,DeepSets,CA_2__FOODS_3,1512,149,6845.2802734375,0.020124407596441872,rmsse,0.6090452601822435
store_dept,2,DeepSets,DeepSets,CA_2__HOBBIES_1,1512,150,3244.170166015625,0.009537520762510679,rmsse,0.6130088109260043
store_dept,2,DeepSets,DeepSets,CA_2__HOBBIES_2,1512,151,144.20999145507812,0.0004239622822724863,rmsse,0.808348643514051
store_dept,2,DeepSets,DeepSets,CA_2__HOUSEHOLD_1,1512,152,5380.1201171875,0.015816990076540277,rmsse,0.6004392660191925
store_dept,2,DeepSets,DeepSets,CA_2__HOUSEHOLD_2,1512,153,4386.919921875,0.012897085447814644,rmsse,0.8226865626662628
store_dept,2,DeepSets,DeepSets,CA_3__FOODS_1,1512,154,2320.27001953125,0.006821351024594735,rmsse,0.8840824732851944
store_dept,2,DeepSets,DeepSets,CA_3__FOODS_2,1512,155,5174.8603515625,0.015213547847503058,rmsse,0.7842488603028527
store_dept,2,DeepSets,DeepSets,CA_3__FOODS_3,1512,156,22155.1796875,0.06513390958348034,rmsse,0.33197475451218045
store_dept,2,DeepSets,DeepSets,CA_3__HOBBIES_1,1512,157,4142.2197265625,0.012177692483218795,rmsse,0.6050472974903108
store_dept,2,DeepSets,DeepSets,CA_3__HOBBIES_2,1512,158,76.13999938964844,0.00022384362961089656,rmsse,1.30119581440816
store_dept,2,DeepSets,DeepSets,CA_3__HOUSEHOLD_1,1512,159,13194.5908203125,0.038790716103563716,rmsse,0.9778260678532024
store_dept,2,DeepSets,DeepSets,CA_3__HOUSEHOLD_2,1512,160,4916.529296875,0.014454081582911485,rmsse,0.674031511989437
store_dept,2,DeepSets,DeepSets,CA_4__FOODS_1,1512,161,1238.8798828125,0.00364217719784188,rmsse,1.0354967457596318
store_dept,2,DeepSets,DeepSets,CA_4__FOODS_2,1512,162,2217.989990234375,0.006520658442797394,rmsse,0.6499045446752896
store_dept,2,DeepSets,DeepSets,CA_4__FOODS_3,1512,163,11426.0908203125,0.03359151118971799,rmsse,0.7492255854324201
store_dept,2,DeepSets,DeepSets,CA_4__HOBBIES_1,1512,164,4551.10009765625,0.013379757981983674,rmsse,0.724664857769898
store_dept,2,DeepSets,DeepSets,CA_4__HOBBIES_2,1512,165,124.04000091552734,0.00036466462101975564,rmsse,1.2206796265150641
store_dept,2,DeepSets,DeepSets,CA_4__HOUSEHOLD_1,1512,166,3265.36962890625,0.009599844964733935,rmsse,0.765203539376067
store_dept,2,DeepSets,DeepSets,CA_4__HOUSEHOLD_2,1512,167,1480.22998046875,0.004351721225939997,rmsse,0.9938482164456067
store_dept,2,DeepSets,DeepSets,TX_1__FOODS_1,1512,168,1268.02001953125,0.0037278461500716005,rmsse,1.5005382429679357
store_dept,2,DeepSets,DeepSets,TX_1__FOODS_2,1512,169,5505.7197265625,0.01618623978320672,rmsse,0.9965370232141638
store_dept,2,DeepSets,DeepSets,TX_1__FOODS_3,1512,170,16192.6884765625,0.04760480944060887,rmsse,0.8361565112136652
store_dept,2,DeepSets,DeepSets,TX_1__HOBBIES_1,1512,171,5653.91015625,0.01662190413730124,rmsse,0.7053815953538941
store_dept,2,DeepSets,DeepSets,TX_1__HOBBIES_2,1512,172,68.8800048828125,0.00020250000557106937,rmsse,1.7507830777986777
store_dept,2,DeepSets,DeepSets,TX_1__HOUSEHOLD_1,1512,173,11548.44140625,0.03395120910751169,rmsse,0.7950470769990583
store_dept,2,DeepSets,DeepSets,TX_1__HOUSEHOLD_2,1512,174,2382.650146484375,0.007004742069311166,rmsse,0.9247889962312522
store_dept,2,DeepSets,DeepSets,TX_2__FOODS_1,1512,175,485.44000244140625,0.0014271428024148372,rmsse,0.6817789363402502
store_dept,2,DeepSets,DeepSets,TX_2__FOODS_2,1512,176,5321.009765625,0.01564321182926694,rmsse,0.9921482619530164
store_dept,2,DeepSets,DeepSets,TX_2__FOODS_3,1512,177,9231.0390625,0.02713828874959108,rmsse,1.105873013795294
store_dept,2,DeepSets,DeepSets,TX_2__HOBBIES_1,1512,178,5222.9306640625,0.015354869535351574,rmsse,0.8911786545473198
store_dept,2,DeepSets,DeepSets,TX_2__HOBBIES_2,1512,179,204.54998779296875,0.0006013555564943658,rmsse,1.395208630951552
store_dept,2,DeepSets,DeepSets,TX_2__HOUSEHOLD_1,1512,180,7526.150390625,0.022126094483053103,rmsse,0.9622449725892102
store_dept,2,DeepSets,DeepSets,TX_2__HOUSEHOLD_2,1512,181,4138.4697265625,0.012166667875683075,rmsse,1.2560361947807512
store_dept,2,DeepSets,DeepSets,TX_3__FOODS_1,1512,182,1403.3800048828125,0.00412579034061609,rmsse,0.6446999041471903
store_dept,2,DeepSets,DeepSets,TX_3__FOODS_2,1512,183,5224.59033203125,0.015359748785483594,rmsse,1.382456099563503
store_dept,2,DeepSets,DeepSets,TX_3__FOODS_3,1512,184,11294.46875,0.03320455607818884,rmsse,0.6619203381550979
store_dept,2,DeepSets,DeepSets,TX_3__HOBBIES_1,1512,185,3567.440185546875,0.010487900787416462,rmsse,0.6439413663658498
store_dept,2,DeepSets,DeepSets,TX_3__HOBBIES_2,1512,186,447.95001220703125,0.0013169261547209775,rmsse,0.8598529762979628
store_dept,2,DeepSets,DeepSets,TX_3__HOUSEHOLD_1,1512,187,9794.0595703125,0.028793510118443024,rmsse,1.0154351122445435
store_dept,2,DeepSets,DeepSets,TX_3__HOUSEHOLD_2,1512,188,2193.980224609375,0.006450072244653326,rmsse,0.7034366495488821
store_dept,2,DeepSets,DeepSets,WI_1__FOODS_1,1512,189,1883.349853515625,0.0055368514633243205,rmsse,0.896910317510177
store_dept,2,DeepSets,DeepSets,WI_1__FOODS_2,1512,190,5033.3701171875,0.014797581366404002,rmsse,1.9541248125090946
store_dept,2,DeepSets,DeepSets,WI_1__FOODS_3,1512,191,10133.109375,0.029790281060240977,rmsse,0.9434357942533053
store_dept,2,DeepSets,DeepSets,WI_1__HOBBIES_1,1512,192,3049.619873046875,0.008965563262260043,rmsse,0.9994327878326138
store_dept,2,DeepSets,DeepSets,WI_1__HOBBIES_2,1512,193,204.40000915527344,0.0006009146349958771,rmsse,1.1585490949457737
store_dept,2,DeepSets,DeepSets,WI_1__HOUSEHOLD_1,1512,194,6276.3203125,0.01845172485700861,rmsse,0.9128411315820155
store_dept,2,DeepSets,DeepSets,WI_1__HOUSEHOLD_2,1512,195,1683.4400634765625,0.004949137602596607,rmsse,0.9494270800598583
store_dept,2,DeepSets,DeepSets,WI_2__FOODS_1,1512,196,6609.10009765625,0.01943006259758701,rmsse,1.406729190634273
store_dept,2,DeepSets,DeepSets,WI_2__FOODS_2,1512,197,5467.28955078125,0.01607325908840218,rmsse,1.213956690798475
store_dept,2,DeepSets,DeepSets,WI_2__FOODS_3,1512,198,10650.400390625,0.031311062507979597,rmsse,0.6347978243689101
store_dept,2,DeepSets,DeepSets,WI_2__HOBBIES_1,1512,199,2706.2099609375,0.007955974060958153,rmsse,0.7130625920295541
store_dept,2,DeepSets,DeepSets,WI_2__HOBBIES_2,1512,200,218.62998962402344,0.0006427492883049263,rmsse,0.7134569091306414
store_dept,2,DeepSets,DeepSets,WI_2__HOUSEHOLD_1,1512,201,8858.0,0.02604159294704293,rmsse,1.0399378084459732
store_dept,2,DeepSets,DeepSets,WI_2__HOUSEHOLD_2,1512,202,1471.659912109375,0.004326526121882289,rmsse,0.9447812301985232
store_dept,2,DeepSets,DeepSets,WI_3__FOODS_1,1512,203,1030.72998046875,0.0030302382693249827,rmsse,1.0510809404354808
store_dept,2,DeepSets,DeepSets,WI_3__FOODS_2,1512,204,3741.080078125,0.010998383898941387,rmsse,0.596959832609282
store_dept,2,DeepSets,DeepSets,WI_3__FOODS_3,1512,205,10853.30078125,0.03190756842144226,rmsse,0.5079531891262571
store_dept,2,DeepSets,DeepSets,WI_3__HOBBIES_1,1512,206,2237.97998046875,0.006579426921991225,rmsse,0.8179477915951003
store_dept,2,DeepSets,DeepSets,WI_3__HOBBIES_2,1512,207,245.16000366210938,0.0007207447530214728,rmsse,0.7957526022564334
store_dept,2,DeepSets,DeepSets,WI_3__HOUSEHOLD_1,1512,208,6746.60009765625,0.01983429820723009,rmsse,0.8836869373159292
store_dept,2,DeepSets,DeepSets,WI_3__HOUSEHOLD_2,1512,209,1832.199951171875,0.00538647610363625,rmsse,0.8180984680991186
store_dept,2,DeepSets,DeepSets,CA_1__FOODS_1,1540,210,2955.330078125,0.008582903136706432,rmsse,0.9779062351578747
store_dept,2,DeepSets,DeepSets,CA_1__FOODS_2,1540,211,3517.600341796875,0.010215854814580557,rmsse,1.0465523233541871
store_dept,2,DeepSets,DeepSets,CA_1__FOODS_3,1540,212,21056.587890625,0.06115278140756496,rmsse,0.3563772200003682
store_dept,2,DeepSets,DeepSets,CA_1__HOBBIES_1,1540,213,4874.73974609375,0.014157274467263723,rmsse,0.517661094502248
store_dept,2,DeepSets,DeepSets,CA_1__HOBBIES_2,1540,214,125.1100082397461,0.00036334590511647954,rmsse,0.8729057559767871
store_dept,2,DeepSets,DeepSets,CA_1__HOUSEHOLD_1,1540,215,6975.35009765625,0.020257890878565717,rmsse,0.8782300491457471
store_dept,2,DeepSets,DeepSets,CA_1__HOUSEHOLD_2,1540,216,2614.880126953125,0.007594164526615704,rmsse,1.0068927170156599
store_dept,2,DeepSets,DeepSets,CA_2__FOODS_1,1540,217,5393.009765625,0.015662440136987442,rmsse,0.683933106420063
store_dept,2,DeepSets,DeepSets,CA_2__FOODS_2,1540,218,1259.52001953125,0.0036579123281003855,rmsse,0.6737094097877716
store_dept,2,DeepSets,DeepSets,CA_2__FOODS_3,1540,219,7009.5595703125,0.02035724241710949,rmsse,0.3407566176329678
store_dept,2,DeepSets,DeepSets,CA_2__HOBBIES_1,1540,220,2778.530029296875,0.008069438429366698,rmsse,0.5050846545605282
store_dept,2,DeepSets,DeepSets,CA_2__HOBBIES_2,1540,221,155.0599822998047,0.00045032695951952706,rmsse,0.8913395418776301
store_dept,2,DeepSets,DeepSets,CA_2__HOUSEHOLD_1,1540,222,6076.7802734375,0.017648254202133985,rmsse,0.7250998586738895
store_dept,2,DeepSets,DeepSets,CA_2__HOUSEHOLD_2,1540,223,4480.8798828125,0.013013422184569084,rmsse,0.7601798657874654
store_dept,2,DeepSets,DeepSets,CA_3__FOODS_1,1540,224,2491.01025390625,0.007234420236193846,rmsse,0.5763347682807137
store_dept,2,DeepSets,DeepSets,CA_3__FOODS_2,1540,225,4921.53955078125,0.014293190990911205,rmsse,0.9018684677563878
store_dept,2,DeepSets,DeepSets,CA_3__FOODS_3,1540,226,24835.359375,0.07212713241701833,rmsse,1.0154434153034326
store_dept,2,DeepSets,DeepSets,CA_3__HOBBIES_1,1540,227,4056.8798828125,0.011782036574920914,rmsse,0.5295407597226214
store_dept,2,DeepSets,DeepSets,CA_3__HOBBIES_2,1540,228,134.97000122070312,0.0003919814085787023,rmsse,1.8788079011322383
store_dept,2,DeepSets,DeepSets,CA_3__HOUSEHOLD_1,1540,229,15385.681640625,0.04468327114833414,rmsse,0.7379164255709134
store_dept,2,DeepSets,DeepSets,CA_3__HOUSEHOLD_2,1540,230,5413.6904296875,0.015722501156149073,rmsse,0.7704464666791858
store_dept,2,DeepSets,DeepSets,CA_4__FOODS_1,1540,231,1353.5799560546875,0.003931082262721567,rmsse,0.794782670401922
store_dept,2,DeepSets,DeepSets,CA_4__FOODS_2,1540,232,2528.89013671875,0.007344431421548732,rmsse,0.584441083614481
store_dept,2,DeepSets,DeepSets,CA_4__FOODS_3,1540,233,11945.9501953125,0.034693564066230094,rmsse,0.955611702700753
store_dept,2,DeepSets,DeepSets,CA_4__HOBBIES_1,1540,234,4647.10986328125,0.013496189179477846,rmsse,0.63539980127339
store_dept,2,DeepSets,DeepSets,CA_4__HOBBIES_2,1540,235,116.89000701904297,0.00033947328432764885,rmsse,0.8004493438277047
store_dept,2,DeepSets,DeepSets,CA_4__HOUSEHOLD_1,1540,236,3779.939697265625,0.010977743746581961,rmsse,0.8755534823814554
store_dept,2,DeepSets,DeepSets,CA_4__HOUSEHOLD_2,1540,237,1473.3299560546875,0.00427886157110687,rmsse,0.9351049954182722
store_dept,2,DeepSets,DeepSets,TX_1__FOODS_1,1540,238,1236.2998046875,0.0035904759167524314,rmsse,0.5828358990375379
store_dept,2,DeepSets,DeepSets,TX_1__FOODS_2,1540,239,5329.8701171875,0.015479069253770033,rmsse,0.8871474932202816
store_dept,2,DeepSets,DeepSets,TX_1__FOODS_3,1540,240,16183.740234375,0.04700100196908839,rmsse,0.7898229787522141
store_dept,2,DeepSets,DeepSets,TX_1__HOBBIES_1,1540,241,5004.689453125,0.014534675880509659,rmsse,0.9980794793240001
store_dept,2,DeepSets,DeepSets,TX_1__HOBBIES_2,1540,242,73.19000244140625,0.00021255923532184455,rmsse,1.1140496813383902
store_dept,2,DeepSets,DeepSets,TX_1__HOUSEHOLD_1,1540,243,11729.8310546875,0.03406590840647737,rmsse,0.7934220920748876
store_dept,2,DeepSets,DeepSets,TX_1__HOUSEHOLD_2,1540,244,2226.139892578125,0.006465180728265157,rmsse,0.841460885744625
store_dept,2,DeepSets,DeepSets,TX_2__FOODS_1,1540,245,457.01995849609375,0.0013272825476747495,rmsse,0.9433823093317082
store_dept,2,DeepSets,DeepSets,TX_2__FOODS_2,1540,246,4984.46044921875,0.014475926577897223,rmsse,0.5654631367300054
store_dept,2,DeepSets,DeepSets,TX_2__FOODS_3,1540,247,9516.7490234375,0.027638650467203336,rmsse,0.8711857610774865
store_dept,2,DeepSets,DeepSets,TX_2__HOBBIES_1,1540,248,4722.599609375,0.013715427356401992,rmsse,0.6503362694839996
store_dept,2,DeepSets,DeepSets,TX_2__HOBBIES_2,1540,249,163.66000366210938,0.0004753032391143592,rmsse,1.348399297303521
store_dept,2,DeepSets,DeepSets,TX_2__HOUSEHOLD_1,1540,250,7416.32958984375,0.021538588522031863,rmsse,0.7706858792485245
store_dept,2,DeepSets,DeepSets,TX_2__HOUSEHOLD_2,1540,251,3775.52978515625,0.010964936429810033,rmsse,1.153681628893383
store_dept,2,DeepSets,DeepSets,TX_3__FOODS_1,1540,252,1376.4801025390625,0.003997589127909526,rmsse,0.6047123145351359
store_dept,2,DeepSets,DeepSets,TX_3__FOODS_2,1540,253,5018.5009765625,0.014574787463547997,rmsse,0.9640328802640218
store_dept,2,DeepSets,DeepSets,TX_3__FOODS_3,1540,254,12092.458984375,0.03511905655334929,rmsse,0.7234262641504292
store_dept,2,DeepSets,DeepSets,TX_3__HOBBIES_1,1540,255,3384.919921875,0.0098305228339818,rmsse,0.7235341485819408
store_dept,2,DeepSets,DeepSets,TX_3__HOBBIES_2,1540,256,369.1400451660156,0.0010720607065148756,rmsse,1.1424018380714118
store_dept,2,DeepSets,DeepSets,TX_3__HOUSEHOLD_1,1540,257,9262.8212890625,0.026901190660599705,rmsse,0.9019200951288383
store_dept,2,DeepSets,DeepSets,TX_3__HOUSEHOLD_2,1540,258,2186.66015625,0.006350523230182239,rmsse,0.8381372592264629
store_dept,2,DeepSets,DeepSets,WI_1__FOODS_1,1540,259,2056.659912109375,0.005972975046489987,rmsse,0.7774429962580167
store_dept,2,DeepSets,DeepSets,WI_1__FOODS_2,1540,260,4058.89013671875,0.01178787477711878,rmsse,1.7424049914668565
store_dept,2,DeepSets,DeepSets,WI_1__FOODS_3,1540,261,9428.4599609375,0.027382240370382987,rmsse,0.6791025023754969
store_dept,2,DeepSets,DeepSets,WI_1__HOBBIES_1,1540,262,2738.250244140625,0.007952457420401779,rmsse,0.8314579374260722
store_dept,2,DeepSets,DeepSets,WI_1__HOBBIES_2,1540,263,220.0700225830078,0.0006391298559520369,rmsse,1.0497276312212882
store_dept,2,DeepSets,DeepSets,WI_1__HOUSEHOLD_1,1540,264,6021.64990234375,0.01748814395303161,rmsse,0.5657821665590368
store_dept,2,DeepSets,DeepSets,WI_1__HOUSEHOLD_2,1540,265,1844.7900390625,0.005357660157839264,rmsse,1.1086303324418478
store_dept,2,DeepSets,DeepSets,WI_2__FOODS_1,1540,266,6950.09033203125,0.020184531180703194,rmsse,1.2957523400300264
store_dept,2,DeepSets,DeepSets,WI_2__FOODS_2,1540,267,4602.49951171875,0.013366631290432071,rmsse,1.1084577492165293
store_dept,2,DeepSets,DeepSets,WI_2__FOODS_3,1540,268,10485.240234375,0.0304513536280976,rmsse,0.7006407394233597
store_dept,2,DeepSets,DeepSets,WI_2__HOBBIES_1,1540,269,2450.219970703125,0.007115956633010352,rmsse,0.4899753644128866
store_dept,2,DeepSets,DeepSets,WI_2__HOBBIES_2,1540,270,249.33001708984375,0.0007241070639098253,rmsse,0.7622986589422635
store_dept,2,DeepSets,DeepSets,WI_2__HOUSEHOLD_1,1540,271,9029.1494140625,0.026222558150565494,rmsse,1.0640481025693127
store_dept,2,DeepSets,DeepSets,WI_2__HOUSEHOLD_2,1540,272,1384.0601806640625,0.0040196032767848425,rmsse,0.8149648913925778
store_dept,2,DeepSets,DeepSets,WI_3__FOODS_1,1540,273,1293.599853515625,0.0037568873685427393,rmsse,0.6945549117383184
store_dept,2,DeepSets,DeepSets,WI_3__FOODS_2,1540,274,3498.02978515625,0.010159017781986053,rmsse,0.6718468405152064
store_dept,2,DeepSets,DeepSets,WI_3__FOODS_3,1540,275,9646.2392578125,0.028014717474748957,rmsse,0.5167661937869357
store_dept,2,DeepSets,DeepSets,WI_3__HOBBIES_1,1540,276,1727.9500732421875,0.005018332203728612,rmsse,0.8217642652484487
store_dept,2,DeepSets,DeepSets,WI_3__HOBBIES_2,1540,277,208.18002319335938,0.0006045987848502949,rmsse,1.0241380223172942
store_dept,2,DeepSets,DeepSets,WI_3__HOUSEHOLD_1,1540,278,5833.43994140625,0.01694154244951538,rmsse,0.8197314206373576
store_dept,2,DeepSets,DeepSets,WI_3__HOUSEHOLD_2,1540,279,1731.9100341796875,0.005029832767203155,rmsse,0.845894842593399
store_dept,2,DeepSets_Q,DeepSets,CA_1__FOODS_1,1456,0,2639.52001953125,0.008630192736281295,mean_spl,0.24359144654611503
store_dept,2,DeepSets_Q,DeepSets,CA_1__FOODS_2,1456,1,2164.300048828125,0.007076410264865808,mean_spl,0.1458139182619257
store_dept,2,DeepSets_Q,DeepSets,CA_1__FOODS_3,1456,2,16346.23046875,0.053445747110506446,mean_spl,0.11637975791035918
store_dept,2,DeepSets_Q,DeepSets,CA_1__HOBBIES_1,1456,3,4766.98974609375,0.015586182327183756,mean_spl,0.14219239439939366
store_dept,2,DeepSets_Q,DeepSets,CA_1__HOBBIES_2,1456,4,75.88999938964844,0.0002481304618425463,mean_spl,0.3064010638928146
store_dept,2,DeepSets_Q,DeepSets,CA_1__HOUSEHOLD_1,1456,5,7929.32958984375,0.02592579034198899,mean_spl,0.19179615851023063
store_dept,2,DeepSets_Q,DeepSets,CA_1__HOUSEHOLD_2,1456,6,2026.1900634765625,0.006624844910722125,mean_spl,0.1908198161412921
store_dept,2,DeepSets_Q,DeepSets,CA_2__FOODS_1,1456,7,5523.3701171875,0.01805924876963426,mean_spl,0.20595775637203337
store_dept,2,DeepSets_Q,DeepSets,CA_2__FOODS_2,1456,8,1106.5098876953125,0.003617852308279664,mean_spl,0.16554974755322613
store_dept,2,DeepSets_Q,DeepSets,CA_2__FOODS_3,1456,9,6962.60986328125,0.022764996902096404,mean_spl,0.20140709414694372
store_dept,2,DeepSets_Q,DeepSets,CA_2__HOBBIES_1,1456,10,3265.800048828125,0.0106778822100197,mean_spl,0.21945011515876112
store_dept,2,DeepSets_Q,DeepSets,CA_2__HOBBIES_2,1456,11,171.41000366210938,0.0005604433221133114,mean_spl,0.19718932974314096
store_dept,2,DeepSets_Q,DeepSets,CA_2__HOUSEHOLD_1,1456,12,4655.73974609375,0.015222438565133488,mean_spl,0.1767025288616105
store_dept,2,DeepSets_Q,DeepSets,CA_2__HOUSEHOLD_2,1456,13,3590.980224609375,0.011741093540202524,mean_spl,0.19399843551255455
store_dept,2,DeepSets_Q,DeepSets,CA_3__FOODS_1,1456,14,3597.400146484375,0.011762084160740783,mean_spl,0.7519965217912727
store_dept,2,DeepSets_Q,DeepSets,CA_3__FOODS_2,1456,15,5396.5595703125,0.017644628136933457,mean_spl,0.3029819640530282
store_dept,2,DeepSets_Q,DeepSets,CA_3__FOODS_3,1456,16,18698.630859375,0.06113717154137798,mean_spl,0.17593569398839826
store_dept,2,DeepSets_Q,DeepSets,CA_3__HOBBIES_1,1456,17,3555.1201171875,0.011623845087338169,mean_spl,0.138787991024725
store_dept,2,DeepSets_Q,DeepSets,CA_3__HOBBIES_2,1456,18,144.6400146484375,0.0004729159826627285,mean_spl,0.34225444120681414
store_dept,2,DeepSets_Q,DeepSets,CA_3__HOUSEHOLD_1,1456,19,12422.94140625,0.040618134317657734,mean_spl,0.15528404988750696
store_dept,2,DeepSets_Q,DeepSets,CA_3__HOUSEHOLD_2,1456,20,3610.610107421875,0.011805275539508813,mean_spl,0.17893397852879656
store_dept,2,DeepSets_Q,DeepSets,CA_4__FOODS_1,1456,21,1101.489990234375,0.0036014392171556373,mean_spl,0.21273536018216443
store_dept,2,DeepSets_Q,DeepSets,CA_4__FOODS_2,1456,22,2318.380126953125,0.007580191543734902,mean_spl,0.17021188969472528
store_dept,2,DeepSets_Q,DeepSets,CA_4__FOODS_3,1456,23,13401.109375,0.04381635900862577,mean_spl,0.22482729994162756
store_dept,2,DeepSets_Q,DeepSets,CA_4__HOBBIES_1,1456,24,4166.490234375,0.013622785010312501,mean_spl,0.1618619773879469
store_dept,2,DeepSets_Q,DeepSets,CA_4__HOBBIES_2,1456,25,133.1699981689453,0.00043541353821302905,mean_spl,0.3378890772640768
store_dept,2,DeepSets_Q,DeepSets,CA_4__HOUSEHOLD_1,1456,26,2557.519775390625,0.00836208417634645,mean_spl,0.2176344061404352
store_dept,2,DeepSets_Q,DeepSets,CA_4__HOUSEHOLD_2,1456,27,1269.179931640625,0.004149719398235174,mean_spl,0.20179711216792864
store_dept,2,DeepSets_Q,DeepSets,TX_1__FOODS_1,1456,28,1635.070068359375,0.005346036295558005,mean_spl,0.26636763293837473
store_dept,2,DeepSets_Q,DeepSets,TX_1__FOODS_2,1456,29,4750.099609375,0.015530958220472553,mean_spl,0.20555494965468388
store_dept,2,DeepSets_Q,DeepSets,TX_1__FOODS_3,1456,30,12488.5888671875,0.04083277570561687,mean_spl,0.1910372066052734
store_dept,2,DeepSets_Q,DeepSets,TX_1__HOBBIES_1,1456,31,3464.31982421875,0.011326963827475521,mean_spl,0.23640006233980915
store_dept,2,DeepSets_Q,DeepSets,TX_1__HOBBIES_2,1456,32,71.62999725341797,0.00023420192967738088,mean_spl,0.4042262553042623
store_dept,2,DeepSets_Q,DeepSets,TX_1__HOUSEHOLD_1,1456,33,9295.2705078125,0.030391880123924717,mean_spl,0.14581455814108896
store_dept,2,DeepSets_Q,DeepSets,TX_1__HOUSEHOLD_2,1456,34,2151.73974609375,0.007035343013008803,mean_spl,0.21813451597340364
store_dept,2,DeepSets_Q,DeepSets,TX_2__FOODS_1,1456,35,361.9000244140625,0.0011832707987995952,mean_spl,0.2345741699182298
store_dept,2,DeepSets_Q,DeepSets,TX_2__FOODS_2,1456,36,5210.27978515625,0.017035566475390534,mean_spl,0.15771867303711365
store_dept,2,DeepSets_Q,DeepSets,TX_2__FOODS_3,1456,37,10461.390625,0.034204634446875555,mean_spl,0.14056346158429145
store_dept,2,DeepSets_Q,DeepSets,TX_2__HOBBIES_1,1456,38,4692.58984375,0.015342923896849481,mean_spl,0.2175251470881982
store_dept,2,DeepSets_Q,DeepSets,TX_2__HOBBIES_2,1456,39,90.73001861572266,0.0002966514903566186,mean_spl,0.44731133707060344
store_dept,2,DeepSets_Q,DeepSets,TX_2__HOUSEHOLD_1,1456,40,5899.56005859375,0.01928924197891587,mean_spl,0.23576272866910614
store_dept,2,DeepSets_Q,DeepSets,TX_2__HOUSEHOLD_2,1456,41,2326.7998046875,0.007607720579729082,mean_spl,0.24859487765189556
store_dept,2,DeepSets_Q,DeepSets,TX_3__FOODS_1,1456,42,2204.64013671875,0.007208306492558162,mean_spl,0.25336318865284746
store_dept,2,DeepSets_Q,DeepSets,TX_3__FOODS_2,1456,43,5935.8798828125,0.0194079935249683,mean_spl,0.2332861271963987
store_dept,2,DeepSets_Q,DeepSets,TX_3__FOODS_3,1456,44,10073.9794921875,0.03293795235330814,mean_spl,0.1891818960409529
store_dept,2,DeepSets_Q,DeepSets,TX_3__HOBBIES_1,1456,45,3583.849853515625,0.01171778003003214,mean_spl,0.15376421788666625
store_dept,2,DeepSets_Q,DeepSets,TX_3__HOBBIES_2,1456,46,434.71002197265625,0.001421330865557651,mean_spl,0.3312924687758402
store_dept,2,DeepSets_Q,DeepSets,TX_3__HOUSEHOLD_1,1456,47,6016.52978515625,0.019671686998114387,mean_spl,0.3929836270459293
store_dept,2,DeepSets_Q,DeepSets,TX_3__HOUSEHOLD_2,1456,48,1704.47998046875,0.0055729794196410845,mean_spl,0.2310452642535966
store_dept,2,DeepSets_Q,DeepSets,WI_1__FOODS_1,1456,49,1631.85986328125,0.005335540187045016,mean_spl,0.18272087681438254
store_dept,2,DeepSets_Q,DeepSets,WI_1__FOODS_2,1456,50,3612.3798828125,0.011811062009248767,mean_spl,0.6768056139433847
store_dept,2,DeepSets_Q,DeepSets,WI_1__FOODS_3,1456,51,10289.169921875,0.03364154045624517,mean_spl,0.2673896448512532
store_dept,2,DeepSets_Q,DeepSets,WI_1__HOBBIES_1,1456,52,3086.5498046875,0.010091804383933048,mean_spl,0.20723869593072297
store_dept,2,DeepSets_Q,DeepSets,WI_1__HOBBIES_2,1456,53,191.8800048828125,0.00062737217832178,mean_spl,0.2667519586302387
store_dept,2,DeepSets_Q,DeepSets,WI_1__HOUSEHOLD_1,1456,54,6407.7802734375,0.02095092227462159,mean_spl,0.27264069803502783
store_dept,2,DeepSets_Q,DeepSets,WI_1__HOUSEHOLD_2,1456,55,1338.1900634765625,0.00437535539799777,mean_spl,0.18595537289884642
store_dept,2,DeepSets_Q,DeepSets,WI_2__FOODS_1,1456,56,5915.73974609375,0.019342143195994952,mean_spl,0.29962511046261386
store_dept,2,DeepSets_Q,DeepSets,WI_2__FOODS_2,1456,57,5162.1103515625,0.016878071365357086,mean_spl,0.28386090261919605
store_dept,2,DeepSets_Q,DeepSets,WI_2__FOODS_3,1456,58,10900.6796875,0.035640936974707334,mean_spl,0.2627372887020945
store_dept,2,DeepSets_Q,DeepSets,WI_2__HOBBIES_1,1456,59,2009.6400146484375,0.006570732757707673,mean_spl,0.28480683247855443
store_dept,2,DeepSets_Q,DeepSets,WI_2__HOBBIES_2,1456,60,188.1599884033203,0.0006152091869587286,mean_spl,0.22039375469261865
store_dept,2,DeepSets_Q,DeepSets,WI_2__HOUSEHOLD_1,1456,61,5669.19970703125,0.018536054195504043,mean_spl,0.6716085022203495
store_dept,2,DeepSets_Q,DeepSets,WI_2__HOUSEHOLD_2,1456,62,1216.85009765625,0.0039786214145862515,mean_spl,0.21806159552794963
store_dept,2,DeepSets_Q,DeepSets,WI_3__FOODS_1,1456,63,925.02001953125,0.0030244517921448034,mean_spl,0.1942146992710804
store_dept,2,DeepSets_Q,DeepSets,WI_3__FOODS_2,1456,64,3442.51025390625,0.011255655106988612,mean_spl,0.15266119017276478
store_dept,2,DeepSets_Q,DeepSets,WI_3__FOODS_3,1456,65,8656.91015625,0.028304692745757747,mean_spl,0.1714037710649459
store_dept,2,DeepSets_Q,DeepSets,WI_3__HOBBIES_1,1456,66,1414.9700927734375,0.004626395907721592,mean_spl,0.20030421355799954
store_dept,2,DeepSets_Q,DeepSets,WI_3__HOBBIES_2,1456,67,203.52000427246094,0.0006654304000588906,mean_spl,0.2644477095747865
store_dept,2,DeepSets_Q,DeepSets,WI_3__HOUSEHOLD_1,1456,68,5766.10009765625,0.018852880376448562,mean_spl,0.2965333295549743
store_dept,2,DeepSets_Q,DeepSets,WI_3__HOUSEHOLD_2,1456,69,1365.7999267578125,0.004465628796106673,mean_spl,0.17876035827944772
store_dept,2,DeepSets_Q,DeepSets,CA_1__FOODS_1,1484,70,2750.699951171875,0.008241475897105607,mean_spl,0.20196257472154094
store_dept,2,DeepSets_Q,DeepSets,CA_1__FOODS_2,1484,71,2574.610107421875,0.007713886473049214,mean_spl,0.18289968734569784
store_dept,2,DeepSets_Q,DeepSets,CA_1__FOODS_3,1484,72,15957.6005859375,0.04781116913482821,mean_spl,0.13568473742517947
store_dept,2,DeepSets_Q,DeepSets,CA_1__HOBBIES_1,1484,73,4508.57958984375,0.013508325400612845,mean_spl,0.18730342654055765
store_dept,2,DeepSets_Q,DeepSets,CA_1__HOBBIES_2,1484,74,108.56000518798828,0.00032526072709795196,mean_spl,0.30770767765127105
store_dept,2,DeepSets_Q,DeepSets,CA_1__HOUSEHOLD_1,1484,75,7592.0693359375,0.022746885357171353,mean_spl,0.20957505791467354
store_dept,2,DeepSets_Q,DeepSets,CA_1__HOUSEHOLD_2,1484,76,2289.559814453125,0.006859836536427081,mean_spl,0.21096345823318277
store_dept,2,DeepSets_Q,DeepSets,CA_2__FOODS_1,1484,77,5074.2099609375,0.015203031894519624,mean_spl,0.17496796165500372
store_dept,2,DeepSets_Q,DeepSets,CA_2__FOODS_2,1484,78,1083.4000244140625,0.003246015685690545,mean_spl,0.1323106299306647
store_dept,2,DeepSets_Q,DeepSets,CA_2__FOODS_3,1484,79,5541.22021484375,0.01660225893476071,mean_spl,0.11558180764825027
store_dept,2,DeepSets_Q,DeepSets,CA_2__HOBBIES_1,1484,80,3338.400146484375,0.01000230662396433,mean_spl,0.2342252670392675
store_dept,2,DeepSets_Q,DeepSets,CA_2__HOBBIES_2,1484,81,104.07000732421875,0.00031180807510784763,mean_spl,0.15373151778726654
store_dept,2,DeepSets_Q,DeepSets,CA_2__HOUSEHOLD_1,1484,82,4916.0400390625,0.014729133024443106,mean_spl,0.1379301210470605
store_dept,2,DeepSets_Q,DeepSets,CA_2__HOUSEHOLD_2,1484,83,4333.8798828125,0.012984901017624045,mean_spl,0.19221695163916727
store_dept,2,DeepSets_Q,DeepSets,CA_3__FOODS_1,1484,84,9336.0205078125,0.027972003255840636,mean_spl,0.4169069608277447
store_dept,2,DeepSets_Q,DeepSets,CA_3__FOODS_2,1484,85,5448.72021484375,0.01632511619508913,mean_spl,0.2683453366629557
store_dept,2,DeepSets_Q,DeepSets,CA_3__FOODS_3,1484,86,20011.78125,0.059958052771172506,mean_spl,0.23294193906220986
store_dept,2,DeepSets_Q,DeepSets,CA_3__HOBBIES_1,1484,87,3702.189697265625,0.011092270221449853,mean_spl,0.1470970677643565
store_dept,2,DeepSets_Q,DeepSets,CA_3__HOBBIES_2,1484,88,152.62001037597656,0.00045727057085733923,mean_spl,0.3583486916609888
store_dept,2,DeepSets_Q,DeepSets,CA_3__HOUSEHOLD_1,1484,89,13662.9091796875,0.04093595764262316,mean_spl,0.22152210132518013
store_dept,2,DeepSets_Q,DeepSets,CA_3__HOUSEHOLD_2,1484,90,4085.999755859375,0.012242218017689674,mean_spl,0.1900448435427485
store_dept,2,DeepSets_Q,DeepSets,CA_4__FOODS_1,1484,91,1109.9600830078125,0.003325593279252812,mean_spl,0.21922791679315587
store_dept,2,DeepSets_Q,DeepSets,CA_4__FOODS_2,1484,92,2251.1201171875,0.00674466590926663,mean_spl,0.1703521239867396
store_dept,2,DeepSets_Q,DeepSets,CA_4__FOODS_3,1484,93,13889.87890625,0.041615990203077664,mean_spl,0.28863926355846325
store_dept,2,DeepSets_Q,DeepSets,CA_4__HOBBIES_1,1484,94,4478.490234375,0.013418173547536503,mean_spl,0.21106440644085256
store_dept,2,DeepSets_Q,DeepSets,CA_4__HOBBIES_2,1484,95,114.2300033569336,0.00034224882251929656,mean_spl,0.3434965531440792
store_dept,2,DeepSets_Q,DeepSets,CA_4__HOUSEHOLD_1,1484,96,2712.33984375,0.008126543732078637,mean_spl,0.21008312523154163
store_dept,2,DeepSets_Q,DeepSets,CA_4__HOUSEHOLD_2,1484,97,1369.1099853515625,0.004102042078400602,mean_spl,0.2415091168235943
store_dept,2,DeepSets_Q,DeepSets,TX_1__FOODS_1,1484,98,1868.1302490234375,0.005597175516515848,mean_spl,0.2337510729172195
store_dept,2,DeepSets_Q,DeepSets,TX_1__FOODS_2,1484,99,4883.66015625,0.01463211843597931,mean_spl,0.2807160457064557
store_dept,2,DeepSets_Q,DeepSets,TX_1__FOODS_3,1484,100,12800.3701171875,0.03835167181716359,mean_spl,0.20803712673393993
store_dept,2,DeepSets_Q,DeepSets,TX_1__HOBBIES_1,1484,101,3802.519775390625,0.01139287295359068,mean_spl,0.21358243584787895
store_dept,2,DeepSets_Q,DeepSets,TX_1__HOBBIES_2,1484,102,99.31999969482422,0.0002975763980497792,mean_spl,0.32418263745906123
store_dept,2,DeepSets_Q,DeepSets,TX_1__HOUSEHOLD_1,1484,103,10962.83984375,0.032846178041920936,mean_spl,0.17518326480558205
store_dept,2,DeepSets_Q,DeepSets,TX_1__HOUSEHOLD_2,1484,104,2500.9599609375,0.007493220490628747,mean_spl,0.24228286498865406
store_dept,2,DeepSets_Q,DeepSets,TX_2__FOODS_1,1484,105,587.6199951171875,0.0017605904360279002,mean_spl,0.16941487614830497
store_dept,2,DeepSets_Q,DeepSets,TX_2__FOODS_2,1484,106,5717.83935546875,0.017131434205152642,mean_spl,0.17061785875037372
store_dept,2,DeepSets_Q,DeepSets,TX_2__FOODS_3,1484,107,9579.8203125,0.028702461048299998,mean_spl,0.20183128435983788
store_dept,2,DeepSets_Q,DeepSets,TX_2__HOBBIES_1,1484,108,4880.6796875,0.014623188541115736,mean_spl,0.13392955663771297
store_dept,2,DeepSets_Q,DeepSets,TX_2__HOBBIES_2,1484,109,154.08999633789062,0.0004616748512547839,mean_spl,0.317016512762247
store_dept,2,DeepSets_Q,DeepSets,TX_2__HOUSEHOLD_1,1484,110,7287.9599609375,0.021835731785849046,mean_spl,0.15882571417543245
store_dept,2,DeepSets_Q,DeepSets,TX_2__HOUSEHOLD_2,1484,111,3117.18994140625,0.0093395303831139,mean_spl,0.26042277513972717
store_dept,2,DeepSets_Q,DeepSets,TX_3__FOODS_1,1484,112,1843.5001220703125,0.005523380263951004,mean_spl,0.19190180666241835
store_dept,2,DeepSets_Q,DeepSets,TX_3__FOODS_2,1484,113,5230.93017578125,0.01567258724266791,mean_spl,0.2130429982096704
store_dept,2,DeepSets_Q,DeepSets,TX_3__FOODS_3,1484,114,11309.3408203125,0.03388434268995781,mean_spl,0.1591796853051693
store_dept,2,DeepSets_Q,DeepSets,TX_3__HOBBIES_1,1484,115,3631.72998046875,0.010881163205778826,mean_spl,0.19131570438037615
store_dept,2,DeepSets_Q,DeepSets,TX_3__HOBBIES_2,1484,116,557.4199829101562,0.0016701070401233386,mean_spl,0.24083402730617184
store_dept,2,DeepSets_Q,DeepSets,TX_3__HOUSEHOLD_1,1484,117,7958.6201171875,0.023845121981434972,mean_spl,0.38460170937123983
store_dept,2,DeepSets_Q,DeepSets,TX_3__HOUSEHOLD_2,1484,118,1714.570068359375,0.005137088065989341,mean_spl,0.2435171460577895
store_dept,2,DeepSets_Q,DeepSets,WI_1__FOODS_1,1484,119,2116.869873046875,0.006342433688048123,mean_spl,0.11754111588875177
store_dept,2,DeepSets_Q,DeepSets,WI_1__FOODS_2,1484,120,5019.87060546875,0.015040223701583436,mean_spl,0.402020761132206
store_dept,2,DeepSets_Q,DeepSets,WI_1__FOODS_3,1484,121,11074.80859375,0.03318165183794907,mean_spl,0.3102483853109083
store_dept,2,DeepSets_Q,DeepSets,WI_1__HOBBIES_1,1484,122,3231.119873046875,0.009680880149443405,mean_spl,0.1803838908875687
store_dept,2,DeepSets_Q,DeepSets,WI_1__HOBBIES_2,1484,123,225.09002685546875,0.0006744007212483812,mean_spl,0.2642240073328211
store_dept,2,DeepSets_Q,DeepSets,WI_1__HOUSEHOLD_1,1484,124,6614.83935546875,0.019818969745535472,mean_spl,0.2607222737666816
store_dept,2,DeepSets_Q,DeepSets,WI_1__HOUSEHOLD_2,1484,125,1561.4200439453125,0.004678229500077088,mean_spl,0.20928285457471738
store_dept,2,DeepSets_Q,DeepSets,WI_2__FOODS_1,1484,126,6272.16015625,0.018792255668779265,mean_spl,0.28410288048127197
store_dept,2,DeepSets_Q,DeepSets,WI_2__FOODS_2,1484,127,5544.1298828125,0.01661097670073254,mean_spl,0.24961995012733137
store_dept,2,DeepSets_Q,DeepSets,WI_2__FOODS_3,1484,128,10494.5595703125,0.03144314584824928,mean_spl,0.15665868251005566
store_dept,2,DeepSets_Q,DeepSets,WI_2__HOBBIES_1,1484,129,2633.489990234375,0.00789029871125676,mean_spl,0.21128083931091068
store_dept,2,DeepSets_Q,DeepSets,WI_2__HOBBIES_2,1484,130,269.3800048828125,0.000807099595307758,mean_spl,0.22794421874603632
store_dept,2,DeepSets_Q,DeepSets,WI_2__HOUSEHOLD_1,1484,131,8928.4091796875,0.026750743578027276,mean_spl,0.340078554575125
store_dept,2,DeepSets_Q,DeepSets,WI_2__HOUSEHOLD_2,1484,132,1402.010009765625,0.004200615082739795,mean_spl,0.23534629969875853
store_dept,2,DeepSets_Q,DeepSets,WI_3__FOODS_1,1484,133,1203.949951171875,0.003607199869137778,mean_spl,0.1727311835361687
store_dept,2,DeepSets_Q,DeepSets,WI_3__FOODS_2,1484,134,3890.659912109375,0.01165695294240433,mean_spl,0.18961429617229517
store_dept,2,DeepSets_Q,DeepSets,WI_3__FOODS_3,1484,135,10367.890625,0.031063628242463157,mean_spl,0.13141728833038716
store_dept,2,DeepSets_Q,DeepSets,WI_3__HOBBIES_1,1484,136,1458.8900146484375,0.0043710354112344516,mean_spl,0.1580812593284851
store_dept,2,DeepSets_Q,DeepSets,WI_3__HOBBIES_2,1484,137,191.25999450683594,0.0005730412850507764,mean_spl,0.3133543038890209
store_dept,2,DeepSets_Q,DeepSets,WI_3__HOUSEHOLD_1,1484,138,6748.8603515625,0.020220515108032085,mean_spl,0.28811587133466016
store_dept,2,DeepSets_Q,DeepSets,WI_3__HOUSEHOLD_2,1484,139,1525.97998046875,0.00457204618887677,mean_spl,0.1911808857349551
store_dept,2,DeepSets_Q,DeepSets,CA_1__FOODS_1,1512,140,2431.419921875,0.007148120104854332,mean_spl,0.28988417752352447
store_dept,2,DeepSets_Q,DeepSets,CA_1__FOODS_2,1512,141,2621.93994140625,0.0077082290229956146,mean_spl,0.3106013177779825
store_dept,2,DeepSets_Q,DeepSets,CA_1__FOODS_3,1512,142,18871.072265625,0.055478977468462115,mean_spl,0.14979175770775383
store_dept,2,DeepSets_Q,DeepSets,CA_1__HOBBIES_1,1512,143,4564.3701171875,0.01341877045060324,mean_spl,0.12862868722064555
store_dept,2,DeepSets_Q,DeepSets,CA_1__HOBBIES_2,1512,144,90.30001068115234,0.0002654725808616164,mean_spl,0.4097911001813579
store_dept,2,DeepSets_Q,DeepSets,CA_1__HOUSEHOLD_1,1512,145,7306.630859375,0.02148073003546469,mean_spl,0.17476791049615537
store_dept,2,DeepSets_Q,DeepSets,CA_1__HOUSEHOLD_2,1512,146,2643.429931640625,0.007771407345203734,mean_spl,0.23334467426720773
store_dept,2,DeepSets_Q,DeepSets,CA_2__FOODS_1,1512,147,4699.81005859375,0.01381694970358054,mean_spl,0.22799683568456036
store_dept,2,DeepSets_Q,DeepSets,CA_2__FOODS_2,1512,148,1027.280029296875,0.003020095773941697,mean_spl,0.13923330009047982
store_dept,2,DeepSets_Q,DeepSets,CA_2__FOODS_3,1512,149,6845.2802734375,0.020124407596441872,mean_spl,0.16967436246127243
store_dept,2,DeepSets_Q,DeepSets,CA_2__HOBBIES_1,1512,150,3244.170166015625,0.009537520762510679,mean_spl,0.16292019089389723
store_dept,2,DeepSets_Q,DeepSets,CA_2__HOBBIES_2,1512,151,144.20999145507812,0.0004239622822724863,mean_spl,0.2162448400141627
store_dept,2,DeepSets_Q,DeepSets,CA_2__HOUSEHOLD_1,1512,152,5380.1201171875,0.015816990076540277,mean_spl,0.14400800495785956
store_dept,2,DeepSets_Q,DeepSets,CA_2__HOUSEHOLD_2,1512,153,4386.919921875,0.012897085447814644,mean_spl,0.18608579764523722
store_dept,2,DeepSets_Q,DeepSets,CA_3__FOODS_1,1512,154,2320.27001953125,0.006821351024594735,mean_spl,0.21580747386122806
store_dept,2,DeepSets_Q,DeepSets,CA_3__FOODS_2,1512,155,5174.8603515625,0.015213547847503058,mean_spl,0.18458265882161326
store_dept,2,DeepSets_Q,DeepSets,CA_3__FOODS_3,1512,156,22155.1796875,0.06513390958348034,mean_spl,0.13151151317209134
store_dept,2,DeepSets_Q,DeepSets,CA_3__HOBBIES_1,1512,157,4142.2197265625,0.012177692483218795,mean_spl,0.14671514221280915
store_dept,2,DeepSets_Q,DeepSets,CA_3__HOBBIES_2,1512,158,76.13999938964844,0.00022384362961089656,mean_spl,0.3723040256682242
store_dept,2,DeepSets_Q,DeepSets,CA_3__HOUSEHOLD_1,1512,159,13194.5908203125,0.038790716103563716,mean_spl,0.2467821800189355
store_dept,2,DeepSets_Q,DeepSets,CA_3__HOUSEHOLD_2,1512,160,4916.529296875,0.014454081582911485,mean_spl,0.18841887852512892
store_dept,2,DeepSets_Q,DeepSets,CA_4__FOODS_1,1512,161,1238.8798828125,0.00364217719784188,mean_spl,0.2652748647130892
store_dept,2,DeepSets_Q,DeepSets,CA_4__FOODS_2,1512,162,2217.989990234375,0.006520658442797394,mean_spl,0.1620218511050121
store_dept,2,DeepSets_Q,DeepSets,CA_4__FOODS_3,1512,163,11426.0908203125,0.03359151118971799,mean_spl,0.21908449756236878
store_dept,2,DeepSets_Q,DeepSets,CA_4__HOBBIES_1,1512,164,4551.10009765625,0.013379757981983674,mean_spl,0.17511213426177627
store_dept,2,DeepSets_Q,DeepSets,CA_4__HOBBIES_2,1512,165,124.04000091552734,0.00036466462101975564,mean_spl,0.36051263349587703
store_dept,2,DeepSets_Q,DeepSets,CA_4__HOUSEHOLD_1,1512,166,3265.36962890625,0.009599844964733935,mean_spl,0.20339196887241137
store_dept,2,DeepSets_Q,DeepSets,CA_4__HOUSEHOLD_2,1512,167,1480.22998046875,0.004351721225939997,mean_spl,0.22566317206243255
store_dept,2,DeepSets_Q,DeepSets,TX_1__FOODS_1,1512,168,1268.02001953125,0.0037278461500716005,mean_spl,0.3220812673781064
store_dept,2,DeepSets_Q,DeepSets,TX_1__FOODS_2,1512,169,5505.7197265625,0.01618623978320672,mean_spl,0.21619412562526819
store_dept,2,DeepSets_Q,DeepSets,TX_1__FOODS_3,1512,170,16192.6884765625,0.04760480944060887,mean_spl,0.1809782931255464
store_dept,2,DeepSets_Q,DeepSets,TX_1__HOBBIES_1,1512,171,5653.91015625,0.01662190413730124,mean_spl,0.17460564607562004
store_dept,2,DeepSets_Q,DeepSets,TX_1__HOBBIES_2,1512,172,68.8800048828125,0.00020250000557106937,mean_spl,0.5001811479202627
store_dept,2,DeepSets_Q,DeepSets,TX_1__HOUSEHOLD_1,1512,173,11548.44140625,0.03395120910751169,mean_spl,0.19952856035316768
store_dept,2,DeepSets_Q,DeepSets,TX_1__HOUSEHOLD_2,1512,174,2382.650146484375,0.007004742069311166,mean_spl,0.2106907274487541
store_dept,2,DeepSets_Q,DeepSets,TX_2__FOODS_1,1512,175,485.44000244140625,0.0014271428024148372,mean_spl,0.18984041713320352
store_dept,2,DeepSets_Q,DeepSets,TX_2__FOODS_2,1512,176,5321.009765625,0.01564321182926694,mean_spl,0.2299737999408588
store_dept,2,DeepSets_Q,DeepSets,TX_2__FOODS_3,1512,177,9231.0390625,0.02713828874959108,mean_spl,0.2563897428149932
store_dept,2,DeepSets_Q,DeepSets,TX_2__HOBBIES_1,1512,178,5222.9306640625,0.015354869535351574,mean_spl,0.22196478928556418
store_dept,2,DeepSets_Q,DeepSets,TX_2__HOBBIES_2,1512,179,204.54998779296875,0.0006013555564943658,mean_spl,0.3907071321593237
store_dept,2,DeepSets_Q,DeepSets,TX_2__HOUSEHOLD_1,1512,180,7526.150390625,0.022126094483053103,mean_spl,0.23132876417988493
store_dept,2,DeepSets_Q,DeepSets,TX_2__HOUSEHOLD_2,1512,181,4138.4697265625,0.012166667875683075,mean_spl,0.29371847700777093
store_dept,2,DeepSets_Q,DeepSets,TX_3__FOODS_1,1512,182,1403.3800048828125,0.00412579034061609,mean_spl,0.1723638509257941
store_dept,2,DeepSets_Q,DeepSets,TX_3__FOODS_2,1512,183,5224.59033203125,0.015359748785483594,mean_spl,0.30451551487828543
store_dept,2,DeepSets_Q,DeepSets,TX_3__FOODS_3,1512,184,11294.46875,0.03320455607818884,mean_spl,0.1593020184397097
store_dept,2,DeepSets_Q,DeepSets,TX_3__HOBBIES_1,1512,185,3567.440185546875,0.010487900787416462,mean_spl,0.17169032361172498
store_dept,2,DeepSets_Q,DeepSets,TX_3__HOBBIES_2,1512,186,447.95001220703125,0.0013169261547209775,mean_spl,0.2064305862699685
store_dept,2,DeepSets_Q,DeepSets,TX_3__HOUSEHOLD_1,1512,187,9794.0595703125,0.028793510118443024,mean_spl,0.2671779571699498
store_dept,2,DeepSets_Q,DeepSets,TX_3__HOUSEHOLD_2,1512,188,2193.980224609375,0.006450072244653326,mean_spl,0.19936219786000364
store_dept,2,DeepSets_Q,DeepSets,WI_1__FOODS_1,1512,189,1883.349853515625,0.0055368514633243205,mean_spl,0.23276347560655442
store_dept,2,DeepSets_Q,DeepSets,WI_1__FOODS_2,1512,190,5033.3701171875,0.014797581366404002,mean_spl,0.502963439991677
store_dept,2,DeepSets_Q,DeepSets,WI_1__FOODS_3,1512,191,10133.109375,0.029790281060240977,mean_spl,0.2214491890014385
store_dept,2,DeepSets_Q,DeepSets,WI_1__HOBBIES_1,1512,192,3049.619873046875,0.008965563262260043,mean_spl,0.2284745681133146
store_dept,2,DeepSets_Q,DeepSets,WI_1__HOBBIES_2,1512,193,204.40000915527344,0.0006009146349958771,mean_spl,0.36536031078996006
store_dept,2,DeepSets_Q,DeepSets,WI_1__HOUSEHOLD_1,1512,194,6276.3203125,0.01845172485700861,mean_spl,0.23132172995947642
store_dept,2,DeepSets_Q,DeepSets,WI_1__HOUSEHOLD_2,1512,195,1683.4400634765625,0.004949137602596607,mean_spl,0.21996181234919046
store_dept,2,DeepSets_Q,DeepSets,WI_2__FOODS_1,1512,196,6609.10009765625,0.01943006259758701,mean_spl,0.38436054136005454
store_dept,2,DeepSets_Q,DeepSets,WI_2__FOODS_2,1512,197,5467.28955078125,0.01607325908840218,mean_spl,0.3103434285122042
store_dept,2,DeepSets_Q,DeepSets,WI_2__FOODS_3,1512,198,10650.400390625,0.031311062507979597,mean_spl,0.16615554859531834
store_dept,2,DeepSets_Q,DeepSets,WI_2__HOBBIES_1,1512,199,2706.2099609375,0.007955974060958153,mean_spl,0.19337843707379937
store_dept,2,DeepSets_Q,DeepSets,WI_2__HOBBIES_2,1512,200,218.62998962402344,0.0006427492883049263,mean_spl,0.2116717524936798
store_dept,2,DeepSets_Q,DeepSets,WI_2__HOUSEHOLD_1,1512,201,8858.0,0.02604159294704293,mean_spl,0.2631394524984965
store_dept,2,DeepSets_Q,DeepSets,WI_2__HOUSEHOLD_2,1512,202,1471.659912109375,0.004326526121882289,mean_spl,0.2489313964222689
store_dept,2,DeepSets_Q,DeepSets,WI_3__FOODS_1,1512,203,1030.72998046875,0.0030302382693249827,mean_spl,0.2723262245366509
store_dept,2,DeepSets_Q,DeepSets,WI_3__FOODS_2,1512,204,3741.080078125,0.010998383898941387,mean_spl,0.15427119541615678
store_dept,2,DeepSets_Q,DeepSets,WI_3__FOODS_3,1512,205,10853.30078125,0.03190756842144226,mean_spl,0.13128620633455942
store_dept,2,DeepSets_Q,DeepSets,WI_3__HOBBIES_1,1512,206,2237.97998046875,0.006579426921991225,mean_spl,0.2163975833079643
store_dept,2,DeepSets_Q,DeepSets,WI_3__HOBBIES_2,1512,207,245.16000366210938,0.0007207447530214728,mean_spl,0.26350550183476085
store_dept,2,DeepSets_Q,DeepSets,WI_3__HOUSEHOLD_1,1512,208,6746.60009765625,0.01983429820723009,mean_spl,0.19961904540554948
store_dept,2,DeepSets_Q,DeepSets,WI_3__HOUSEHOLD_2,1512,209,1832.199951171875,0.00538647610363625,mean_spl,0.21463832466946042
store_dept,2,DeepSets_Q,DeepSets,CA_1__FOODS_1,1540,210,2955.330078125,0.008582903136706432,mean_spl,0.24071358668876833
store_dept,2,DeepSets_Q,DeepSets,CA_1__FOODS_2,1540,211,3517.600341796875,0.010215854814580557,mean_spl,0.25316829003418023
store_dept,2,DeepSets_Q,DeepSets,CA_1__FOODS_3,1540,212,21056.587890625,0.06115278140756496,mean_spl,0.13046277211680715
store_dept,2,DeepSets_Q,DeepSets,CA_1__HOBBIES_1,1540,213,4874.73974609375,0.014157274467263723,mean_spl,0.11607104009085692
store_dept,2,DeepSets_Q,DeepSets,CA_1__HOBBIES_2,1540,214,125.1100082397461,0.00036334590511647954,mean_spl,0.3367382818678598
store_dept,2,DeepSets_Q,DeepSets,CA_1__HOUSEHOLD_1,1540,215,6975.35009765625,0.020257890878565717,mean_spl,0.21392645324236767
store_dept,2,DeepSets_Q,DeepSets,CA_1__HOUSEHOLD_2,1540,216,2614.880126953125,0.007594164526615704,mean_spl,0.2527848643927432
store_dept,2,DeepSets_Q,DeepSets,CA_2__FOODS_1,1540,217,5393.009765625,0.015662440136987442,mean_spl,0.16778031354818357
store_dept,2,DeepSets_Q,DeepSets,CA_2__FOODS_2,1540,218,1259.52001953125,0.0036579123281003855,mean_spl,0.1907600086988976
store_dept,2,DeepSets_Q,DeepSets,CA_2__FOODS_3,1540,219,7009.5595703125,0.02035724241710949,mean_spl,0.10277428862165376
store_dept,2,DeepSets_Q,DeepSets,CA_2__HOBBIES_1,1540,220,2778.530029296875,0.008069438429366698,mean_spl,0.12366057544804208
store_dept,2,DeepSets_Q,DeepSets,CA_2__HOBBIES_2,1540,221,155.0599822998047,0.00045032695951952706,mean_spl,0.22914619373106193
store_dept,2,DeepSets_Q,DeepSets,CA_2__HOUSEHOLD_1,1540,222,6076.7802734375,0.017648254202133985,mean_spl,0.176811384446261
store_dept,2,DeepSets_Q,DeepSets,CA_2__HOUSEHOLD_2,1540,223,4480.8798828125,0.013013422184569084,mean_spl,0.18503986261007827
store_dept,2,DeepSets_Q,DeepSets,CA_3__FOODS_1,1540,224,2491.01025390625,0.007234420236193846,mean_spl,0.16264787515797657
store_dept,2,DeepSets_Q,DeepSets,CA_3__FOODS_2,1540,225,4921.53955078125,0.014293190990911205,mean_spl,0.22111324663472243
store_dept,2,DeepSets_Q,DeepSets,CA_3__FOODS_3,1540,226,24835.359375,0.07212713241701833,mean_spl,0.3050652790037481
store_dept,2,DeepSets_Q,DeepSets,CA_3__HOBBIES_1,1540,227,4056.8798828125,0.011782036574920914,mean_spl,0.13273575931539516
store_dept,2,DeepSets_Q,DeepSets,CA_3__HOBBIES_2,1540,228,134.97000122070312,0.0003919814085787023,mean_spl,0.38046319450106414
store_dept,2,DeepSets_Q,DeepSets,CA_3__HOUSEHOLD_1,1540,229,15385.681640625,0.04468327114833414,mean_spl,0.1868374331953426
store_dept,2,DeepSets_Q,DeepSets,CA_3__HOUSEHOLD_2,1540,230,5413.6904296875,0.015722501156149073,mean_spl,0.19208034303385352
store_dept,2,DeepSets_Q,DeepSets,CA_4__FOODS_1,1540,231,1353.5799560546875,0.003931082262721567,mean_spl,0.22727851057304604
store_dept,2,DeepSets_Q,DeepSets,CA_4__FOODS_2,1540,232,2528.89013671875,0.007344431421548732,mean_spl,0.17363421321528472
store_dept,2,DeepSets_Q,DeepSets,CA_4__FOODS_3,1540,233,11945.9501953125,0.034693564066230094,mean_spl,0.21505053989488765
store_dept,2,DeepSets_Q,DeepSets,CA_4__HOBBIES_1,1540,234,4647.10986328125,0.013496189179477846,mean_spl,0.16197128977374045
store_dept,2,DeepSets_Q,DeepSets,CA_4__HOBBIES_2,1540,235,116.89000701904297,0.00033947328432764885,mean_spl,0.29984660687423464
store_dept,2,DeepSets_Q,DeepSets,CA_4__HOUSEHOLD_1,1540,236,3779.939697265625,0.010977743746581961,mean_spl,0.22218867926732436
store_dept,2,DeepSets_Q,DeepSets,CA_4__HOUSEHOLD_2,1540,237,1473.3299560546875,0.00427886157110687,mean_spl,0.2330569255282895
store_dept,2,DeepSets_Q,DeepSets,TX_1__FOODS_1,1540,238,1236.2998046875,0.0035904759167524314,mean_spl,0.14935805424703386
store_dept,2,DeepSets_Q,DeepSets,TX_1__FOODS_2,1540,239,5329.8701171875,0.015479069253770033,mean_spl,0.21016398505306608
store_dept,2,DeepSets_Q,DeepSets,TX_1__FOODS_3,1540,240,16183.740234375,0.04700100196908839,mean_spl,0.18163181865999006
store_dept,2,DeepSets_Q,DeepSets,TX_1__HOBBIES_1,1540,241,5004.689453125,0.014534675880509659,mean_spl,0.2589322993122136
store_dept,2,DeepSets_Q,DeepSets,TX_1__HOBBIES_2,1540,242,73.19000244140625,0.00021255923532184455,mean_spl,0.38883865503680815
store_dept,2,DeepSets_Q,DeepSets,TX_1__HOUSEHOLD_1,1540,243,11729.8310546875,0.03406590840647737,mean_spl,0.1788268016934488
store_dept,2,DeepSets_Q,DeepSets,TX_1__HOUSEHOLD_2,1540,244,2226.139892578125,0.006465180728265157,mean_spl,0.22449187795520067
store_dept,2,DeepSets_Q,DeepSets,TX_2__FOODS_1,1540,245,457.01995849609375,0.0013272825476747495,mean_spl,0.2375566801574861
store_dept,2,DeepSets_Q,DeepSets,TX_2__FOODS_2,1540,246,4984.46044921875,0.014475926577897223,mean_spl,0.1412560258071286
store_dept,2,DeepSets_Q,DeepSets,TX_2__FOODS_3,1540,247,9516.7490234375,0.027638650467203336,mean_spl,0.19764756465047092
store_dept,2,DeepSets_Q,DeepSets,TX_2__HOBBIES_1,1540,248,4722.599609375,0.013715427356401992,mean_spl,0.15202034846742868
store_dept,2,DeepSets_Q,DeepSets,TX_2__HOBBIES_2,1540,249,163.66000366210938,0.0004753032391143592,mean_spl,0.36885343942646476
store_dept,2,DeepSets_Q,DeepSets,TX_2__HOUSEHOLD_1,1540,250,7416.32958984375,0.021538588522031863,mean_spl,0.19029866714172092
store_dept,2,DeepSets_Q,DeepSets,TX_2__HOUSEHOLD_2,1540,251,3775.52978515625,0.010964936429810033,mean_spl,0.2517955179005823
store_dept,2,DeepSets_Q,DeepSets,TX_3__FOODS_1,1540,252,1376.4801025390625,0.003997589127909526,mean_spl,0.15652542380213327
store_dept,2,DeepSets_Q,DeepSets,TX_3__FOODS_2,1540,253,5018.5009765625,0.014574787463547997,mean_spl,0.22648216122893958
store_dept,2,DeepSets_Q,DeepSets,TX_3__FOODS_3,1540,254,12092.458984375,0.03511905655334929,mean_spl,0.18227290597317317
store_dept,2,DeepSets_Q,DeepSets,TX_3__HOBBIES_1,1540,255,3384.919921875,0.0098305228339818,mean_spl,0.22100469618732446
store_dept,2,DeepSets_Q,DeepSets,TX_3__HOBBIES_2,1540,256,369.1400451660156,0.0010720607065148756,mean_spl,0.29465769751554877
store_dept,2,DeepSets_Q,DeepSets,TX_3__HOUSEHOLD_1,1540,257,9262.8212890625,0.026901190660599705,mean_spl,0.24057182744842415
store_dept,2,DeepSets_Q,DeepSets,TX_3__HOUSEHOLD_2,1540,258,2186.66015625,0.006350523230182239,mean_spl,0.2304481382335772
store_dept,2,DeepSets_Q,DeepSets,WI_1__FOODS_1,1540,259,2056.659912109375,0.005972975046489987,mean_spl,0.1979763298239866
store_dept,2,DeepSets_Q,DeepSets,WI_1__FOODS_2,1540,260,4058.89013671875,0.01178787477711878,mean_spl,0.393557109367464
store_dept,2,DeepSets_Q,DeepSets,WI_1__FOODS_3,1540,261,9428.4599609375,0.027382240370382987,mean_spl,0.19058079359033397
store_dept,2,DeepSets_Q,DeepSets,WI_1__HOBBIES_1,1540,262,2738.250244140625,0.007952457420401779,mean_spl,0.19597497739388184
store_dept,2,DeepSets_Q,DeepSets,WI_1__HOBBIES_2,1540,263,220.0700225830078,0.0006391298559520369,mean_spl,0.2898791356576984
store_dept,2,DeepSets_Q,DeepSets,WI_1__HOUSEHOLD_1,1540,264,6021.64990234375,0.01748814395303161,mean_spl,0.16637780004632827
store_dept,2,DeepSets_Q,DeepSets,WI_1__HOUSEHOLD_2,1540,265,1844.7900390625,0.005357660157839264,mean_spl,0.2423851057148823
store_dept,2,DeepSets_Q,DeepSets,WI_2__FOODS_1,1540,266,6950.09033203125,0.020184531180703194,mean_spl,0.36398698490137904
store_dept,2,DeepSets_Q,DeepSets,WI_2__FOODS_2,1540,267,4602.49951171875,0.013366631290432071,mean_spl,0.26722455931021716
store_dept,2,DeepSets_Q,DeepSets,WI_2__FOODS_3,1540,268,10485.240234375,0.0304513536280976,mean_spl,0.17492638369330948
store_dept,2,DeepSets_Q,DeepSets,WI_2__HOBBIES_1,1540,269,2450.219970703125,0.007115956633010352,mean_spl,0.15484299881171038
store_dept,2,DeepSets_Q,DeepSets,WI_2__HOBBIES_2,1540,270,249.33001708984375,0.0007241070639098253,mean_spl,0.24338228326316275
store_dept,2,DeepSets_Q,DeepSets,WI_2__HOUSEHOLD_1,1540,271,9029.1494140625,0.026222558150565494,mean_spl,0.27008053571228674
store_dept,2,DeepSets_Q,DeepSets,WI_2__HOUSEHOLD_2,1540,272,1384.0601806640625,0.0040196032767848425,mean_spl,0.2395093336055896
store_dept,2,DeepSets_Q,DeepSets,WI_3__FOODS_1,1540,273,1293.599853515625,0.0037568873685427393,mean_spl,0.18721786399792303
store_dept,2,DeepSets_Q,DeepSets,WI_3__FOODS_2,1540,274,3498.02978515625,0.010159017781986053,mean_spl,0.15642379611142257
store_dept,2,DeepSets_Q,DeepSets,WI_3__FOODS_3,1540,275,9646.2392578125,0.028014717474748957,mean_spl,0.11882976188287114
store_dept,2,DeepSets_Q,DeepSets,WI_3__HOBBIES_1,1540,276,1727.9500732421875,0.005018332203728612,mean_spl,0.2168651644870988
store_dept,2,DeepSets_Q,DeepSets,WI_3__HOBBIES_2,1540,277,208.18002319335938,0.0006045987848502949,mean_spl,0.29155690158436537
store_dept,2,DeepSets_Q,DeepSets,WI_3__HOUSEHOLD_1,1540,278,5833.43994140625,0.01694154244951538,mean_spl,0.19556414316999532
store_dept,2,DeepSets_Q,DeepSets,WI_3__HOUSEHOLD_2,1540,279,1731.9100341796875,0.005029832767203155,mean_spl,0.22304003224219843
store_dept,3,DeepSets,DeepSets,CA_1__FOODS_1,1512,0,2431.419921875,0.007148120104854332,rmsse,1.174758818726753
store_dept,3,DeepSets,DeepSets,CA_1__FOODS_2,1512,1,2621.93994140625,0.0077082290229956146,rmsse,1.2629924961319878
store_dept,3,DeepSets,DeepSets,CA_1__FOODS_3,1512,2,18871.072265625,0.055478977468462115,rmsse,0.4482686177089895
store_dept,3,DeepSets,DeepSets,CA_1__HOBBIES_1,1512,3,4564.3701171875,0.01341877045060324,rmsse,0.5004821122605784
store_dept,3,DeepSets,DeepSets,CA_1__HOBBIES_2,1512,4,90.30001068115234,0.0002654725808616164,rmsse,2.6636190632866845
store_dept,3,DeepSets,DeepSets,CA_1__HOUSEHOLD_1,1512,5,7306.630859375,0.02148073003546469,rmsse,0.8309931894217001
store_dept,3,DeepSets,DeepSets,CA_1__HOUSEHOLD_2,1512,6,2643.429931640625,0.007771407345203734,rmsse,1.0928528804334938
store_dept,3,DeepSets,DeepSets,CA_2__FOODS_1,1512,7,4699.81005859375,0.01381694970358054,rmsse,0.8094872602948247
store_dept,3,DeepSets,DeepSets,CA_2__FOODS_2,1512,8,1027.280029296875,0.003020095773941697,rmsse,0.706149447192165
store_dept,3,DeepSets,DeepSets,CA_2__FOODS_3,1512,9,6845.2802734375,0.020124407596441872,rmsse,0.7370428903244901
store_dept,3,DeepSets,DeepSets,CA_2__HOBBIES_1,1512,10,3244.170166015625,0.009537520762510679,rmsse,0.5805366437453887
store_dept,3,DeepSets,DeepSets,CA_2__HOBBIES_2,1512,11,144.20999145507812,0.0004239622822724863,rmsse,1.6957222207692577
store_dept,3,DeepSets,DeepSets,CA_2__HOUSEHOLD_1,1512,12,5380.1201171875,0.015816990076540277,rmsse,0.5310110567086268
store_dept,3,DeepSets,DeepSets,CA_2__HOUSEHOLD_2,1512,13,4386.919921875,0.012897085447814644,rmsse,0.6712488110317159
store_dept,3,DeepSets,DeepSets,CA_3__FOODS_1,1512,14,2320.27001953125,0.006821351024594735,rmsse,0.8838339669271273
store_dept,3,DeepSets,DeepSets,CA_3__FOODS_2,1512,15,5174.8603515625,0.015213547847503058,rmsse,0.8170831384185043
store_dept,3,DeepSets,DeepSets,CA_3__FOODS_3,1512,16,22155.1796875,0.06513390958348034,rmsse,0.3290664124086094
store_dept,3,DeepSets,DeepSets,CA_3__HOBBIES_1,1512,17,4142.2197265625,0.012177692483218795,rmsse,0.6115686596297873
store_dept,3,DeepSets,DeepSets,CA_3__HOBBIES_2,1512,18,76.13999938964844,0.00022384362961089656,rmsse,2.060086768010485
store_dept,3,DeepSets,DeepSets,CA_3__HOUSEHOLD_1,1512,19,13194.5908203125,0.038790716103563716,rmsse,0.9852660855919027
store_dept,3,DeepSets,DeepSets,CA_3__HOUSEHOLD_2,1512,20,4916.529296875,0.014454081582911485,rmsse,0.7391518667112618
store_dept,3,DeepSets,DeepSets,CA_4__FOODS_1,1512,21,1238.8798828125,0.00364217719784188,rmsse,1.1556719461515406
store_dept,3,DeepSets,DeepSets,CA_4__FOODS_2,1512,22,2217.989990234375,0.006520658442797394,rmsse,0.7685844304178765
store_dept,3,DeepSets,DeepSets,CA_4__FOODS_3,1512,23,11426.0908203125,0.03359151118971799,rmsse,0.8179262791613675
store_dept,3,DeepSets,DeepSets,CA_4__HOBBIES_1,1512,24,4551.10009765625,0.013379757981983674,rmsse,0.7593518452749812
store_dept,3,DeepSets,DeepSets,CA_4__HOBBIES_2,1512,25,124.04000091552734,0.00036466462101975564,rmsse,3.1130145439163117
store_dept,3,DeepSets,DeepSets,CA_4__HOUSEHOLD_1,1512,26,3265.36962890625,0.009599844964733935,rmsse,0.9957658665042198
store_dept,3,DeepSets,DeepSets,CA_4__HOUSEHOLD_2,1512,27,1480.22998046875,0.004351721225939997,rmsse,1.5573862170799022
store_dept,3,DeepSets,DeepSets,TX_1__FOODS_1,1512,28,1268.02001953125,0.0037278461500716005,rmsse,1.4629686205812296
store_dept,3,DeepSets,DeepSets,TX_1__FOODS_2,1512,29,5505.7197265625,0.01618623978320672,rmsse,1.2044098357396165
store_dept,3,DeepSets,DeepSets,TX_1__FOODS_3,1512,30,16192.6884765625,0.04760480944060887,rmsse,0.7983378102131529
store_dept,3,DeepSets,DeepSets,TX_1__HOBBIES_1,1512,31,5653.91015625,0.01662190413730124,rmsse,0.7028317030930287
store_dept,3,DeepSets,DeepSets,TX_1__HOBBIES_2,1512,32,68.8800048828125,0.00020250000557106937,rmsse,2.7768900789910114
store_dept,3,DeepSets,DeepSets,TX_1__HOUSEHOLD_1,1512,33,11548.44140625,0.03395120910751169,rmsse,0.7130103073942988
store_dept,3,DeepSets,DeepSets,TX_1__HOUSEHOLD_2,1512,34,2382.650146484375,0.007004742069311166,rmsse,1.0842403686022204
store_dept,3,DeepSets,DeepSets,TX_2__FOODS_1,1512,35,485.44000244140625,0.0014271428024148372,rmsse,1.0743342876330537
store_dept,3,DeepSets,DeepSets,TX_2__FOODS_2,1512,36,5321.009765625,0.01564321182926694,rmsse,0.9997067779027147
store_dept,3,DeepSets,DeepSets,TX_2__FOODS_3,1512,37,9231.0390625,0.02713828874959108,rmsse,1.1097941505194013
store_dept,3,DeepSets,DeepSets,TX_2__HOBBIES_1,1512,38,5222.9306640625,0.015354869535351574,rmsse,0.928364364659065
store_dept,3,DeepSets,DeepSets,TX_2__HOBBIES_2,1512,39,204.54998779296875,0.0006013555564943658,rmsse,2.6941010708762505
store_dept,3,DeepSets,DeepSets,TX_2__HOUSEHOLD_1,1512,40,7526.150390625,0.022126094483053103,rmsse,0.9383090568495694
store_dept,3,DeepSets,DeepSets,TX_2__HOUSEHOLD_2,1512,41,4138.4697265625,0.012166667875683075,rmsse,1.2353873928763848
store_dept,3,DeepSets,DeepSets,TX_3__FOODS_1,1512,42,1403.3800048828125,0.00412579034061609,rmsse,0.6710031491848628
store_dept,3,DeepSets,DeepSets,TX_3__FOODS_2,1512,43,5224.59033203125,0.015359748785483594,rmsse,1.320379722820532
store_dept,3,DeepSets,DeepSets,TX_3__FOODS_3,1512,44,11294.46875,0.03320455607818884,rmsse,0.6746384366874987
store_dept,3,DeepSets,DeepSets,TX_3__HOBBIES_1,1512,45,3567.440185546875,0.010487900787416462,rmsse,0.6912607746484108
store_dept,3,DeepSets,DeepSets,TX_3__HOBBIES_2,1512,46,447.95001220703125,0.0013169261547209775,rmsse,1.6344342805219907
store_dept,3,DeepSets,DeepSets,TX_3__HOUSEHOLD_1,1512,47,9794.0595703125,0.028793510118443024,rmsse,0.955169130972283
store_dept,3,DeepSets,DeepSets,TX_3__HOUSEHOLD_2,1512,48,2193.980224609375,0.006450072244653326,rmsse,1.1206214432297623
store_dept,3,DeepSets,DeepSets,WI_1__FOODS_1,1512,49,1883.349853515625,0.0055368514633243205,rmsse,0.8900264887280451
store_dept,3,DeepSets,DeepSets,WI_1__FOODS_2,1512,50,5033.3701171875,0.014797581366404002,rmsse,2.023230733206649
store_dept,3,DeepSets,DeepSets,WI_1__FOODS_3,1512,51,10133.109375,0.029790281060240977,rmsse,1.0277529966452237
store_dept,3,DeepSets,DeepSets,WI_1__HOBBIES_1,1512,52,3049.619873046875,0.008965563262260043,rmsse,1.006559799637399
store_dept,3,DeepSets,DeepSets,WI_1__HOBBIES_2,1512,53,204.40000915527344,0.0006009146349958771,rmsse,2.4162622743225888
store_dept,3,DeepSets,DeepSets,WI_1__HOUSEHOLD_1,1512,54,6276.3203125,0.01845172485700861,rmsse,1.0027625449167628
store_dept,3,DeepSets,DeepSets,WI_1__HOUSEHOLD_2,1512,55,1683.4400634765625,0.004949137602596607,rmsse,1.5202086949934912
store_dept,3,DeepSets,DeepSets,WI_2__FOODS_1,1512,56,6609.10009765625,0.01943006259758701,rmsse,1.387179573734965
store_dept,3,DeepSets,DeepSets,WI_2__FOODS_2,1512,57,5467.28955078125,0.01607325908840218,rmsse,1.325387115727994
store_dept,3,DeepSets,DeepSets,WI_2__FOODS_3,1512,58,10650.400390625,0.031311062507979597,rmsse,0.6317257248875084
store_dept,3,DeepSets,DeepSets,WI_2__HOBBIES_1,1512,59,2706.2099609375,0.007955974060958153,rmsse,0.6606535084227463
store_dept,3,DeepSets,DeepSets,WI_2__HOBBIES_2,1512,60,218.62998962402344,0.0006427492883049263,rmsse,1.7569683417203215
store_dept,3,DeepSets,DeepSets,WI_2__HOUSEHOLD_1,1512,61,8858.0,0.02604159294704293,rmsse,0.9826199571967662
store_dept,3,DeepSets,DeepSets,WI_2__HOUSEHOLD_2,1512,62,1471.659912109375,0.004326526121882289,rmsse,1.26984981100024
store_dept,3,DeepSets,DeepSets,WI_3__FOODS_1,1512,63,1030.72998046875,0.0030302382693249827,rmsse,1.2155634033366145
store_dept,3,DeepSets,DeepSets,WI_3__FOODS_2,1512,64,3741.080078125,0.010998383898941387,rmsse,0.6307790263012527
store_dept,3,DeepSets,DeepSets,WI_3__FOODS_3,1512,65,10853.30078125,0.03190756842144226,rmsse,0.5323629753309354
store_dept,3,DeepSets,DeepSets,WI_3__HOBBIES_1,1512,66,2237.97998046875,0.006579426921991225,rmsse,0.8168168737255338
store_dept,3,DeepSets,DeepSets,WI_3__HOBBIES_2,1512,67,245.16000366210938,0.0007207447530214728,rmsse,1.993701892771187
store_dept,3,DeepSets,DeepSets,WI_3__HOUSEHOLD_1,1512,68,6746.60009765625,0.01983429820723009,rmsse,1.000341975315876
store_dept,3,DeepSets,DeepSets,WI_3__HOUSEHOLD_2,1512,69,1832.199951171875,0.00538647610363625,rmsse,1.2620906711210498
store_dept,3,DeepSets,DeepSets,CA_1__FOODS_1,1540,70,2955.330078125,0.008582903136706432,rmsse,0.8995964310255888
store_dept,3,DeepSets,DeepSets,CA_1__FOODS_2,1540,71,3517.600341796875,0.010215854814580557,rmsse,0.953129918566499
store_dept,3,DeepSets,DeepSets,CA_1__FOODS_3,1540,72,21056.587890625,0.06115278140756496,rmsse,0.4154111788208077
store_dept,3,DeepSets,DeepSets,CA_1__HOBBIES_1,1540,73,4874.73974609375,0.014157274467263723,rmsse,0.5270081682573049
store_dept,3,DeepSets,DeepSets,CA_1__HOBBIES_2,1540,74,125.1100082397461,0.00036334590511647954,rmsse,2.485420037774028
store_dept,3,DeepSets,DeepSets,CA_1__HOUSEHOLD_1,1540,75,6975.35009765625,0.020257890878565717,rmsse,0.9388565507238611
store_dept,3,DeepSets,DeepSets,CA_1__HOUSEHOLD_2,1540,76,2614.880126953125,0.007594164526615704,rmsse,1.3606839071457901
store_dept,3,DeepSets,DeepSets,CA_2__FOODS_1,1540,77,5393.009765625,0.015662440136987442,rmsse,0.7156123086397295
store_dept,3,DeepSets,DeepSets,CA_2__FOODS_2,1540,78,1259.52001953125,0.0036579123281003855,rmsse,1.0865226905327283
store_dept,3,DeepSets,DeepSets,CA_2__FOODS_3,1540,79,7009.5595703125,0.02035724241710949,rmsse,0.3833436499178257
store_dept,3,DeepSets,DeepSets,CA_2__HOBBIES_1,1540,80,2778.530029296875,0.008069438429366698,rmsse,0.43452766077867955
store_dept,3,DeepSets,DeepSets,CA_2__HOBBIES_2,1540,81,155.0599822998047,0.00045032695951952706,rmsse,1.4849845886309936
store_dept,3,DeepSets,DeepSets,CA_2__HOUSEHOLD_1,1540,82,6076.7802734375,0.017648254202133985,rmsse,0.7640171612155108
store_dept,3,DeepSets,DeepSets,CA_2__HOUSEHOLD_2,1540,83,4480.8798828125,0.013013422184569084,rmsse,0.834134511170828
store_dept,3,DeepSets,DeepSets,CA_3__FOODS_1,1540,84,2491.01025390625,0.007234420236193846,rmsse,0.6322243021295083
store_dept,3,DeepSets,DeepSets,CA_3__FOODS_2,1540,85,4921.53955078125,0.014293190990911205,rmsse,1.018081621746962
store_dept,3,DeepSets,DeepSets,CA_3__FOODS_3,1540,86,24835.359375,0.07212713241701833,rmsse,1.002250112884947
store_dept,3,DeepSets,DeepSets,CA_3__HOBBIES_1,1540,87,4056.8798828125,0.011782036574920914,rmsse,0.5041864581817265
store_dept,3,DeepSets,DeepSets,CA_3__HOBBIES_2,1540,88,134.97000122070312,0.0003919814085787023,rmsse,2.361975053058706
store_dept,3,DeepSets,DeepSets,CA_3__HOUSEHOLD_1,1540,89,15385.681640625,0.04468327114833414,rmsse,0.7553237313783867
store_dept,3,DeepSets,DeepSets,CA_3__HOUSEHOLD_2,1540,90,5413.6904296875,0.015722501156149073,rmsse,0.890830334606164
store_dept,3,DeepSets,DeepSets,CA_4__FOODS_1,1540,91,1353.5799560546875,0.003931082262721567,rmsse,0.8571083818168017
store_dept,3,DeepSets,DeepSets,CA_4__FOODS_2,1540,92,2528.89013671875,0.007344431421548732,rmsse,0.72154662333664
store_dept,3,DeepSets,DeepSets,CA_4__FOODS_3,1540,93,11945.9501953125,0.034693564066230094,rmsse,1.0598861085088007
store_dept,3,DeepSets,DeepSets,CA_4__HOBBIES_1,1540,94,4647.10986328125,0.013496189179477846,rmsse,0.6515693063003323
store_dept,3,DeepSets,DeepSets,CA_4__HOBBIES_2,1540,95,116.89000701904297,0.00033947328432764885,rmsse,2.6378584938290186
store_dept,3,DeepSets,DeepSets,CA_4__HOUSEHOLD_1,1540,96,3779.939697265625,0.010977743746581961,rmsse,0.9230378137535574
store_dept,3,DeepSets,DeepSets,CA_4__HOUSEHOLD_2,1540,97,1473.3299560546875,0.00427886157110687,rmsse,1.5065008867467637
store_dept,3,DeepSets,DeepSets,TX_1__FOODS_1,1540,98,1236.2998046875,0.0035904759167524314,rmsse,0.5440359798442542
store_dept,3,DeepSets,DeepSets,TX_1__FOODS_2,1540,99,5329.8701171875,0.015479069253770033,rmsse,0.8994905619786829
store_dept,3,DeepSets,DeepSets,TX_1__FOODS_3,1540,100,16183.740234375,0.04700100196908839,rmsse,0.7808899328645195
store_dept,3,DeepSets,DeepSets,TX_1__HOBBIES_1,1540,101,5004.689453125,0.014534675880509659,rmsse,1.10267180757332
store_dept,3,DeepSets,DeepSets,TX_1__HOBBIES_2,1540,102,73.19000244140625,0.00021255923532184455,rmsse,2.006922718992178
store_dept,3,DeepSets,DeepSets,TX_1__HOUSEHOLD_1,1540,103,11729.8310546875,0.03406590840647737,rmsse,0.9156324458394353
store_dept,3,DeepSets,DeepSets,TX_1__HOUSEHOLD_2,1540,104,2226.139892578125,0.006465180728265157,rmsse,1.284010555792397
store_dept,3,DeepSets,DeepSets,TX_2__FOODS_1,1540,105,457.01995849609375,0.0013272825476747495,rmsse,1.3568393056098604
store_dept,3,DeepSets,DeepSets,TX_2__FOODS_2,1540,106,4984.46044921875,0.014475926577897223,rmsse,0.5673702525603658
store_dept,3,DeepSets,DeepSets,TX_2__FOODS_3,1540,107,9516.7490234375,0.027638650467203336,rmsse,0.9232215539496111
store_dept,3,DeepSets,DeepSets,TX_2__HOBBIES_1,1540,108,4722.599609375,0.013715427356401992,rmsse,0.683817027018979
store_dept,3,DeepSets,DeepSets,TX_2__HOBBIES_2,1540,109,163.66000366210938,0.0004753032391143592,rmsse,2.8743071925374326
store_dept,3,DeepSets,DeepSets,TX_2__HOUSEHOLD_1,1540,110,7416.32958984375,0.021538588522031863,rmsse,0.8840664122778836
store_dept,3,DeepSets,DeepSets,TX_2__HOUSEHOLD_2,1540,111,3775.52978515625,0.010964936429810033,rmsse,0.9675822646057175
store_dept,3,DeepSets,DeepSets,TX_3__FOODS_1,1540,112,1376.4801025390625,0.003997589127909526,rmsse,0.6929429002637552
store_dept,3,DeepSets,DeepSets,TX_3__FOODS_2,1540,113,5018.5009765625,0.014574787463547997,rmsse,1.0944676709612853
store_dept,3,DeepSets,DeepSets,TX_3__FOODS_3,1540,114,12092.458984375,0.03511905655334929,rmsse,0.6152654914337018
store_dept,3,DeepSets,DeepSets,TX_3__HOBBIES_1,1540,115,3384.919921875,0.0098305228339818,rmsse,0.9959305791043601
store_dept,3,DeepSets,DeepSets,TX_3__HOBBIES_2,1540,116,369.1400451660156,0.0010720607065148756,rmsse,2.2247106168474025
store_dept,3,DeepSets,DeepSets,TX_3__HOUSEHOLD_1,1540,117,9262.8212890625,0.026901190660599705,rmsse,0.9086009215818761
store_dept,3,DeepSets,DeepSets,TX_3__HOUSEHOLD_2,1540,118,2186.66015625,0.006350523230182239,rmsse,1.0811239084837292
store_dept,3,DeepSets,DeepSets,WI_1__FOODS_1,1540,119,2056.659912109375,0.005972975046489987,rmsse,0.7924063990181847
store_dept,3,DeepSets,DeepSets,WI_1__FOODS_2,1540,120,4058.89013671875,0.01178787477711878,rmsse,1.6684132813706696
store_dept,3,DeepSets,DeepSets,WI_1__FOODS_3,1540,121,9428.4599609375,0.027382240370382987,rmsse,0.7097938571095135
store_dept,3,DeepSets,DeepSets,WI_1__HOBBIES_1,1540,122,2738.250244140625,0.007952457420401779,rmsse,0.8600076798540955
store_dept,3,DeepSets,DeepSets,WI_1__HOBBIES_2,1540,123,220.0700225830078,0.0006391298559520369,rmsse,2.1477636846655437
store_dept,3,DeepSets,DeepSets,WI_1__HOUSEHOLD_1,1540,124,6021.64990234375,0.01748814395303161,rmsse,0.6426696580735822
store_dept,3,DeepSets,DeepSets,WI_1__HOUSEHOLD_2,1540,125,1844.7900390625,0.005357660157839264,rmsse,0.9973804331411226
store_dept,3,DeepSets,DeepSets,WI_2__FOODS_1,1540,126,6950.09033203125,0.020184531180703194,rmsse,1.2540539807913933
store_dept,3,DeepSets,DeepSets,WI_2__FOODS_2,1540,127,4602.49951171875,0.013366631290432071,rmsse,1.0848112257359004
store_dept,3,DeepSets,DeepSets,WI_2__FOODS_3,1540,128,10485.240234375,0.0304513536280976,rmsse,0.7128557680950923
store_dept,3,DeepSets,DeepSets,WI_2__HOBBIES_1,1540,129,2450.219970703125,0.007115956633010352,rmsse,0.5517817607585019
store_dept,3,DeepSets,DeepSets,WI_2__HOBBIES_2,1540,130,249.33001708984375,0.0007241070639098253,rmsse,1.8001358427507255
store_dept,3,DeepSets,DeepSets,WI_2__HOUSEHOLD_1,1540,131,9029.1494140625,0.026222558150565494,rmsse,1.0991105200318951
store_dept,3,DeepSets,DeepSets,WI_2__HOUSEHOLD_2,1540,132,1384.0601806640625,0.0040196032767848425,rmsse,1.3056870098274498
store_dept,3,DeepSets,DeepSets,WI_3__FOODS_1,1540,133,1293.599853515625,0.0037568873685427393,rmsse,0.6571339144697974
store_dept,3,DeepSets,DeepSets,WI_3__FOODS_2,1540,134,3498.02978515625,0.010159017781986053,rmsse,0.775134148890763
store_dept,3,DeepSets,DeepSets,WI_3__FOODS_3,1540,135,9646.2392578125,0.028014717474748957,rmsse,0.5187929107885538
store_dept,3,DeepSets,DeepSets,WI_3__HOBBIES_1,1540,136,1727.9500732421875,0.005018332203728612,rmsse,0.8498324187180264
store_dept,3,DeepSets,DeepSets,WI_3__HOBBIES_2,1540,137,208.18002319335938,0.0006045987848502949,rmsse,2.182113373788285
store_dept,3,DeepSets,DeepSets,WI_3__HOUSEHOLD_1,1540,138,5833.43994140625,0.01694154244951538,rmsse,0.957576328687417
store_dept,3,DeepSets,DeepSets,WI_3__HOUSEHOLD_2,1540,139,1731.9100341796875,0.005029832767203155,rmsse,1.553419748296483
store_dept,3,DeepSets,DeepSets,CA_1__FOODS_1,1568,140,2837.219970703125,0.008150946766972816,rmsse,0.9586714686893926
store_dept,3,DeepSets,DeepSets,CA_1__FOODS_2,1568,141,4269.56982421875,0.012265892921392366,rmsse,0.9150699773417732
store_dept,3,DeepSets,DeepSets,CA_1__FOODS_3,1568,142,21792.16796875,0.06260593217458271,rmsse,0.807491147970043
store_dept,3,DeepSets,DeepSets,CA_1__HOBBIES_1,1568,143,4352.5498046875,0.012504283109854773,rmsse,0.6645594766376599
store_dept,3,DeepSets,DeepSets,CA_1__HOBBIES_2,1568,144,121.67000579833984,0.0003495413646597767,rmsse,2.05653273880536
store_dept,3,DeepSets,DeepSets,CA_1__HOUSEHOLD_1,1568,145,7329.5,0.02105665579173327,rmsse,0.80492620733924
store_dept,3,DeepSets,DeepSets,CA_1__HOUSEHOLD_2,1568,146,2742.610107421875,0.007879145508276285,rmsse,0.656834244912614
store_dept,3,DeepSets,DeepSets,CA_2__FOODS_1,1568,147,5199.13037109375,0.01493639383866124,rmsse,0.7869973999516637
store_dept,3,DeepSets,DeepSets,CA_2__FOODS_2,1568,148,1568.16015625,0.004505110667367067,rmsse,1.6378434420705472
store_dept,3,DeepSets,DeepSets,CA_2__FOODS_3,1568,149,7694.18017578125,0.022104332295655033,rmsse,0.6192585407214213
store_dept,3,DeepSets,DeepSets,CA_2__HOBBIES_1,1568,150,2803.27001953125,0.00805341317860085,rmsse,0.7964605431511191
store_dept,3,DeepSets,DeepSets,CA_2__HOBBIES_2,1568,151,153.10000610351562,0.00043983547721317844,rmsse,1.1950466367813666
store_dept,3,DeepSets,DeepSets,CA_2__HOUSEHOLD_1,1568,152,5917.11962890625,0.016999079242020248,rmsse,0.7000439828537497
store_dept,3,DeepSets,DeepSets,CA_2__HOUSEHOLD_2,1568,153,4762.96044921875,0.013683337025559518,rmsse,0.8833760919618686
store_dept,3,DeepSets,DeepSets,CA_3__FOODS_1,1568,154,2314.420166015625,0.00664901409280813,rmsse,0.47149043652819156
store_dept,3,DeepSets,DeepSets,CA_3__FOODS_2,1568,155,4588.62060546875,0.013182482386003162,rmsse,0.8308484691216786
store_dept,3,DeepSets,DeepSets,CA_3__FOODS_3,1568,156,28474.12890625,0.08180229638424842,rmsse,1.2687831164254861
store_dept,3,DeepSets,DeepSets,CA_3__HOBBIES_1,1568,157,4085.669921875,0.011737573534833158,rmsse,0.6159403694801604
store_dept,3,DeepSets,DeepSets,CA_3__HOBBIES_2,1568,158,113.18000030517578,0.0003251507345568392,rmsse,1.6489436998110807
store_dept,3,DeepSets,DeepSets,CA_3__HOUSEHOLD_1,1568,159,14030.548828125,0.040307856912877374,rmsse,0.8496632769138679
store_dept,3,DeepSets,DeepSets,CA_3__HOUSEHOLD_2,1568,160,5070.36962890625,0.014566481753562625,rmsse,0.6484281104777186
store_dept,3,DeepSets,DeepSets,CA_4__FOODS_1,1568,161,1442.0902099609375,0.0041429288726073845,rmsse,0.7282439667250835
store_dept,3,DeepSets,DeepSets,CA_4__FOODS_2,1568,162,2751.650146484375,0.0079051163099521,rmsse,0.6217944227889599
store_dept,3,DeepSets,DeepSets,CA_4__FOODS_3,1568,163,10152.0009765625,0.029165316892123143,rmsse,1.311024288619765
store_dept,3,DeepSets,DeepSets,CA_4__HOBBIES_1,1568,164,4711.01025390625,0.013534091186005848,rmsse,0.7270242849748059
store_dept,3,DeepSets,DeepSets,CA_4__HOBBIES_2,1568,165,75.75000762939453,0.00021761946065534208,rmsse,3.239378344662343
store_dept,3,DeepSets,DeepSets,CA_4__HOUSEHOLD_1,1568,166,3842.72998046875,0.011039640152712242,rmsse,1.0356155638803028
store_dept,3,DeepSets,DeepSets,CA_4__HOUSEHOLD_2,1568,167,1414.659912109375,0.004064125360754588,rmsse,1.3750624163658587
store_dept,3,DeepSets,DeepSets,TX_1__FOODS_1,1568,168,1102.2198486328125,0.003166527588440887,rmsse,0.7317987649952876
store_dept,3,DeepSets,DeepSets,TX_1__FOODS_2,1568,169,5333.4599609375,0.01532230446503201,rmsse,0.8631230410216711
store_dept,3,DeepSets,DeepSets,TX_1__FOODS_3,1568,170,14950.1689453125,0.04294980032876804,rmsse,1.1929467243520662
store_dept,3,DeepSets,DeepSets,TX_1__HOBBIES_1,1568,171,4493.25,0.012908495618555907,rmsse,0.794098725135993
store_dept,3,DeepSets,DeepSets,TX_1__HOBBIES_2,1568,172,130.3699951171875,0.0003745352497104256,rmsse,1.6867097389495882
store_dept,3,DeepSets,DeepSets,TX_1__HOUSEHOLD_1,1568,173,11238.4697265625,0.032286593718267455,rmsse,0.6014442202122529
store_dept,3,DeepSets,DeepSets,TX_1__HOUSEHOLD_2,1568,174,2269.530029296875,0.006520050840563015,rmsse,1.492778102960391
store_dept,3,DeepSets,DeepSets,TX_2__FOODS_1,1568,175,521.7400512695312,0.001498888146850916,rmsse,1.270080033153077
store_dept,3,DeepSets,DeepSets,TX_2__FOODS_2,1568,176,5048.3994140625,0.014503364316952315,rmsse,0.5406667934586523
store_dept,3,DeepSets,DeepSets,TX_2__FOODS_3,1568,177,8043.50048828125,0.02310788200318941,rmsse,0.8648856109945486
store_dept,3,DeepSets,DeepSets,TX_2__HOBBIES_1,1568,178,4562.39990234375,0.013107153875146986,rmsse,0.6970902838848397
store_dept,3,DeepSets,DeepSets,TX_2__HOBBIES_2,1568,179,224.66000366210938,0.0006454176092888428,rmsse,1.6476075010432807
store_dept,3,DeepSets,DeepSets,TX_2__HOUSEHOLD_1,1568,180,6827.1103515625,0.019613358718197787,rmsse,0.6640954175652654
store_dept,3,DeepSets,DeepSets,TX_2__HOUSEHOLD_2,1568,181,3311.769775390625,0.009514263759037614,rmsse,0.6740995984116895
store_dept,3,DeepSets,DeepSets,TX_3__FOODS_1,1568,182,1414.6300048828125,0.004064039441363713,rmsse,0.69167625737607
store_dept,3,DeepSets,DeepSets,TX_3__FOODS_2,1568,183,5332.1796875,0.015318626413719814,rmsse,0.8977121967560734
store_dept,3,DeepSets,DeepSets,TX_3__FOODS_3,1568,184,13022.630859375,0.03741224578875271,rmsse,0.8791984284941401
store_dept,3,DeepSets,DeepSets,TX_3__HOBBIES_1,1568,185,3454.7998046875,0.009925169563633538,rmsse,0.5787477302866613
store_dept,3,DeepSets,DeepSets,TX_3__HOBBIES_2,1568,186,422.6600036621094,0.0012142446570769848,rmsse,1.4314309137769563
store_dept,3,DeepSets,DeepSets,TX_3__HOUSEHOLD_1,1568,187,9825.9091796875,0.028228499548060837,rmsse,1.067274931683165
store_dept,3,DeepSets,DeepSets,TX_3__HOUSEHOLD_2,1568,188,2257.619873046875,0.006485834582894414,rmsse,0.6893634333341341
store_dept,3,DeepSets,DeepSets,WI_1__FOODS_1,1568,189,2354.2099609375,0.006763324757340987,rmsse,0.6521376728820499
store_dept,3,DeepSets,DeepSets,WI_1__FOODS_2,1568,190,3581.640380859375,0.010289565273146643,rmsse,0.8032956220266978
store_dept,3,DeepSets,DeepSets,WI_1__FOODS_3,1568,191,10736.1904296875,0.030843613669749723,rmsse,0.756283181501319
store_dept,3,DeepSets,DeepSets,WI_1__HOBBIES_1,1568,192,2960.969970703125,0.008506463671840405,rmsse,0.555104652638341
store_dept,3,DeepSets,DeepSets,WI_1__HOBBIES_2,1568,193,208.1600341796875,0.0005980154429793454,rmsse,1.651165391229906
store_dept,3,DeepSets,DeepSets,WI_1__HOUSEHOLD_1,1568,194,6289.2998046875,0.018068302225024896,rmsse,0.832065951596928
store_dept,3,DeepSets,DeepSets,WI_1__HOUSEHOLD_2,1568,195,1580.8099365234375,0.004541451764175693,rmsse,1.0182772743832074
store_dept,3,DeepSets,DeepSets,WI_2__FOODS_1,1568,196,8214.708984375,0.02359974070717555,rmsse,1.164216391514188
store_dept,3,DeepSets,DeepSets,WI_2__FOODS_2,1568,197,4867.7900390625,0.01398449816753761,rmsse,1.2766167607556405
store_dept,3,DeepSets,DeepSets,WI_2__FOODS_3,1568,198,10954.3994140625,0.031470498378754166,rmsse,0.7795183278017911
store_dept,3,DeepSets,DeepSets,WI_2__HOBBIES_1,1568,199,2757.90966796875,0.00792309906311636,rmsse,0.5582794088161227
store_dept,3,DeepSets,DeepSets,WI_2__HOBBIES_2,1568,200,190.60000610351562,0.0005475678726275993,rmsse,1.7720656565221113
store_dept,3,DeepSets,DeepSets,WI_2__HOUSEHOLD_1,1568,201,9457.330078125,0.027169621961100218,rmsse,0.9535649616760069
store_dept,3,DeepSets,DeepSets,WI_2__HOUSEHOLD_2,1568,202,1478.739990234375,0.0042482187024812405,rmsse,0.9151742372153573
store_dept,3,DeepSets,DeepSets,WI_3__FOODS_1,1568,203,1020.7599487304688,0.0029325043845289285,rmsse,1.038514149273162
store_dept,3,DeepSets,DeepSets,WI_3__FOODS_2,1568,204,3461.969970703125,0.009945768474577068,rmsse,1.0961435454579367
store_dept,3,DeepSets,DeepSets,WI_3__FOODS_3,1568,205,9956.12890625,0.028602603096668545,rmsse,0.7603511367783974
store_dept,3,DeepSets,DeepSets,WI_3__HOBBIES_1,1568,206,1991.85009765625,0.005722314195385491,rmsse,0.7703525062794393
store_dept,3,DeepSets,DeepSets,WI_3__HOBBIES_2,1568,207,203.35000610351562,0.0005841968870685024,rmsse,2.372018667016707
store_dept,3,DeepSets,DeepSets,WI_3__HOUSEHOLD_1,1568,208,5617.72998046875,0.016138973535661495,rmsse,0.7600282275647107
store_dept,3,DeepSets,DeepSets,WI_3__HOUSEHOLD_2,1568,209,1802.6500244140625,0.005178768139306431,rmsse,1.5229904701672634
store_dept,3,DeepSets,DeepSets,CA_1__FOODS_1,1596,210,3136.22021484375,0.009336339312125621,rmsse,1.0923422157479818
store_dept,3,DeepSets,DeepSets,CA_1__FOODS_2,1596,211,3441.340087890625,0.010244662857824162,rmsse,0.8754092368118931
store_dept,3,DeepSets,DeepSets,CA_1__FOODS_3,1596,212,18587.439453125,0.05533369144698647,rmsse,0.672220476986511
store_dept,3,DeepSets,DeepSets,CA_1__HOBBIES_1,1596,213,4931.830078125,0.014681762084559498,rmsse,0.654943015311628
store_dept,3,DeepSets,DeepSets,CA_1__HOBBIES_2,1596,214,131.77999877929688,0.00039230114560571846,rmsse,2.418286125102774
store_dept,3,DeepSets,DeepSets,CA_1__HOUSEHOLD_1,1596,215,8246.109375,0.0245481725949961,rmsse,0.6119156111115559
store_dept,3,DeepSets,DeepSets,CA_1__HOUSEHOLD_2,1596,216,2291.7197265625,0.006822312053921007,rmsse,1.1660527786866066
store_dept,3,DeepSets,DeepSets,CA_2__FOODS_1,1596,217,5399.7099609375,0.016074612408838368,rmsse,1.1427816713474817
store_dept,3,DeepSets,DeepSets,CA_2__FOODS_2,1596,218,2168.260009765625,0.006454779888309994,rmsse,1.5084735622844085
store_dept,3,DeepSets,DeepSets,CA_2__FOODS_3,1596,219,8459.2197265625,0.025182589318572066,rmsse,0.9342034503488793
store_dept,3,DeepSets,DeepSets,CA_2__HOBBIES_1,1596,220,2974.22998046875,0.008854104108673523,rmsse,1.1001058984668801
store_dept,3,DeepSets,DeepSets,CA_2__HOBBIES_2,1596,221,125.13001251220703,0.00037250453568761694,rmsse,1.4877532896753334
store_dept,3,DeepSets,DeepSets,CA_2__HOUSEHOLD_1,1596,222,6441.75048828125,0.019176704504993123,rmsse,0.7188803835292942
store_dept,3,DeepSets,DeepSets,CA_2__HOUSEHOLD_2,1596,223,4136.85009765625,0.01231515440539401,rmsse,0.8989592841640264
store_dept,3,DeepSets,DeepSets,CA_3__FOODS_1,1596,224,2159.099853515625,0.006427510653038405,rmsse,0.6719229935424103
store_dept,3,DeepSets,DeepSets,CA_3__FOODS_2,1596,225,4249.56005859375,0.012650685193120074,rmsse,0.865314399554672
store_dept,3,DeepSets,DeepSets,CA_3__FOODS_3,1596,226,18931.880859375,0.056359072836557014,rmsse,1.449753534757866
store_dept,3,DeepSets,DeepSets,CA_3__HOBBIES_1,1596,227,4516.4599609375,0.01344523018038226,rmsse,0.6112308236789639
store_dept,3,DeepSets,DeepSets,CA_3__HOBBIES_2,1596,228,119.77000427246094,0.00035654811291946896,rmsse,0.9363891385628503
store_dept,3,DeepSets,DeepSets,CA_3__HOUSEHOLD_1,1596,229,14708.8203125,0.043787275099056576,rmsse,0.7649769339784548
store_dept,3,DeepSets,DeepSets,CA_3__HOUSEHOLD_2,1596,230,5424.12939453125,0.016147307596747082,rmsse,1.0129824114928745
store_dept,3,DeepSets,DeepSets,CA_4__FOODS_1,1596,231,1581.9901123046875,0.004709489597381521,rmsse,0.8177770973138462
store_dept,3,DeepSets,DeepSets,CA_4__FOODS_2,1596,232,2814.64990234375,0.00837904379569587,rmsse,0.7581609683844752
store_dept,3,DeepSets,DeepSets,CA_4__FOODS_3,1596,233,7998.12060546875,0.02380992491488043,rmsse,0.7755353997387633
store_dept,3,DeepSets,DeepSets,CA_4__HOBBIES_1,1596,234,4659.6298828125,0.013871438443306206,rmsse,0.8260274020212511
store_dept,3,DeepSets,DeepSets,CA_4__HOBBIES_2,1596,235,156.27999877929688,0.00046523617486943165,rmsse,2.7204977517211297
store_dept,3,DeepSets,DeepSets,CA_4__HOUSEHOLD_1,1596,236,4494.2705078125,0.013379173510463173,rmsse,0.9751132572869915
store_dept,3,DeepSets,DeepSets,CA_4__HOUSEHOLD_2,1596,237,1507.8199462890625,0.004488689465591967,rmsse,1.7470156273415476
store_dept,3,DeepSets,DeepSets,TX_1__FOODS_1,1596,238,1072.1400146484375,0.0031916964629870063,rmsse,1.1714523429373633
store_dept,3,DeepSets,DeepSets,TX_1__FOODS_2,1596,239,5790.51025390625,0.017238001421244226,rmsse,1.4300760148563185
store_dept,3,DeepSets,DeepSets,TX_1__FOODS_3,1596,240,13279.458984375,0.03953215222986405,rmsse,1.1466264587896347
store_dept,3,DeepSets,DeepSets,TX_1__HOBBIES_1,1596,241,6180.31005859375,0.018398412040096162,rmsse,0.7217388991478246
store_dept,3,DeepSets,DeepSets,TX_1__HOBBIES_2,1596,242,99.11000061035156,0.0002950445222384743,rmsse,2.206814380246506
store_dept,3,DeepSets,DeepSets,TX_1__HOUSEHOLD_1,1596,243,12103.279296875,0.03603073590630498,rmsse,0.6516879126266873
store_dept,3,DeepSets,DeepSets,TX_1__HOUSEHOLD_2,1596,244,2553.06982421875,0.007600335605783574,rmsse,1.120122386668336
store_dept,3,DeepSets,DeepSets,TX_2__FOODS_1,1596,245,530.0400390625,0.001577897377957678,rmsse,1.0945034726000935
store_dept,3,DeepSets,DeepSets,TX_2__FOODS_2,1596,246,4898.78955078125,0.014583402418081745,rmsse,0.6176070708596568
store_dept,3,DeepSets,DeepSets,TX_2__FOODS_3,1596,247,7166.9794921875,0.021335667714086834,rmsse,1.1143912516549077
store_dept,3,DeepSets,DeepSets,TX_2__HOBBIES_1,1596,248,5325.52978515625,0.015853782478577435,rmsse,1.1702691861213832
store_dept,3,DeepSets,DeepSets,TX_2__HOBBIES_2,1596,249,162.80999755859375,0.00048467558923922876,rmsse,2.4728887242339384
store_dept,3,DeepSets,DeepSets,TX_2__HOUSEHOLD_1,1596,250,7103.10009765625,0.02114550259125071,rmsse,0.7206499149376436
store_dept,3,DeepSets,DeepSets,TX_2__HOUSEHOLD_2,1596,251,3017.570068359375,0.008983124948616162,rmsse,0.5754475746250562
store_dept,3,DeepSets,DeepSets,TX_3__FOODS_1,1596,252,1433.739990234375,0.004268157883440815,rmsse,0.6511123534660661
store_dept,3,DeepSets,DeepSets,TX_3__FOODS_2,1596,253,6442.3994140625,0.019178636318088856,rmsse,1.5069063095506903
store_dept,3,DeepSets,DeepSets,TX_3__FOODS_3,1596,254,12349.759765625,0.036764493465538235,rmsse,0.9422151905642346
store_dept,3,DeepSets,DeepSets,TX_3__HOBBIES_1,1596,255,3376.33984375,0.010051161032985591,rmsse,0.5077515161508095
store_dept,3,DeepSets,DeepSets,TX_3__HOBBIES_2,1596,256,316.1399841308594,0.0009411297548577161,rmsse,1.6151019240725224
store_dept,3,DeepSets,DeepSets,TX_3__HOUSEHOLD_1,1596,257,9699.25,0.02887408500351306,rmsse,1.1519319164660582
store_dept,3,DeepSets,DeepSets,TX_3__HOUSEHOLD_2,1596,258,2113.800048828125,0.006292655853833372,rmsse,0.6951677507754623
store_dept,3,DeepSets,DeepSets,WI_1__FOODS_1,1596,259,2152.320068359375,0.006407327639619108,rmsse,0.5717816847588294
store_dept,3,DeepSets,DeepSets,WI_1__FOODS_2,1596,260,3865.420166015625,0.011507123792852923,rmsse,1.3305160742388915
store_dept,3,DeepSets,DeepSets,WI_1__FOODS_3,1596,261,10525.599609375,0.03133407818481198,rmsse,0.7956204659347548
store_dept,3,DeepSets,DeepSets,WI_1__HOBBIES_1,1596,262,2951.43994140625,0.008786259530471702,rmsse,0.6800511299102161
store_dept,3,DeepSets,DeepSets,WI_1__HOBBIES_2,1596,263,191.63999938964844,0.0005705007740237544,rmsse,1.7249624612774663
store_dept,3,DeepSets,DeepSets,WI_1__HOUSEHOLD_1,1596,264,6530.3095703125,0.01944033957599381,rmsse,0.8827967563901754
store_dept,3,DeepSets,DeepSets,WI_1__HOUSEHOLD_2,1596,265,1616.8099365234375,0.004813146123844863,rmsse,0.9743830213204443
store_dept,3,DeepSets,DeepSets,WI_2__FOODS_1,1596,266,7289.6904296875,0.02170097080868031,rmsse,1.1509438234003169
store_dept,3,DeepSets,DeepSets,WI_2__FOODS_2,1596,267,3814.929931640625,0.011356817396049969,rmsse,1.0750627210952222
store_dept,3,DeepSets,DeepSets,WI_2__FOODS_3,1596,268,10025.19921875,0.029844416260983088,rmsse,1.0708340593095835
store_dept,3,DeepSets,DeepSets,WI_2__HOBBIES_1,1596,269,3179.23046875,0.009464378256096726,rmsse,0.6875404555078585
store_dept,3,DeepSets,DeepSets,WI_2__HOBBIES_2,1596,270,207.030029296875,0.0006163159691932641,rmsse,1.8220465040369365
store_dept,3,DeepSets,DeepSets,WI_2__HOUSEHOLD_1,1596,271,9884.69921875,0.02942615619520547,rmsse,1.3325404054827386
store_dept,3,DeepSets,DeepSets,WI_2__HOUSEHOLD_2,1596,272,1132.659912109375,0.0033718605647155937,rmsse,1.6006438587052851
store_dept,3,DeepSets,DeepSets,WI_3__FOODS_1,1596,273,1295.150146484375,0.0038555842381526647,rmsse,0.6701080972950065
store_dept,3,DeepSets,DeepSets,WI_3__FOODS_2,1596,274,3036.2099609375,0.009038614789867509,rmsse,0.7207410682999493
store_dept,3,DeepSets,DeepSets,WI_3__FOODS_3,1596,275,9266.05078125,0.027584476934266165,rmsse,0.515811335669446
store_dept,3,DeepSets,DeepSets,WI_3__HOBBIES_1,1596,276,2096.369873046875,0.006240767266866959,rmsse,0.888831370964575
store_dept,3,DeepSets,DeepSets,WI_3__HOBBIES_2,1596,277,209.1300048828125,0.0006225674704509554,rmsse,2.171823520557716
store_dept,3,DeepSets,DeepSets,WI_3__HOUSEHOLD_1,1596,278,6023.72998046875,0.01793228254702835,rmsse,0.9600166829326041
store_dept,3,DeepSets,DeepSets,WI_3__HOUSEHOLD_2,1596,279,1813.590087890625,0.005398948821742158,rmsse,1.3958903686531108
store_dept,3,DeepSets_Q,DeepSets,CA_1__FOODS_1,1512,0,2431.419921875,0.007148120104854332,mean_spl,0.2817968685435172
store_dept,3,DeepSets_Q,DeepSets,CA_1__FOODS_2,1512,1,2621.93994140625,0.0077082290229956146,mean_spl,0.32859053559249496
store_dept,3,DeepSets_Q,DeepSets,CA_1__FOODS_3,1512,2,18871.072265625,0.055478977468462115,mean_spl,0.14271328212505488
store_dept,3,DeepSets_Q,DeepSets,CA_1__HOBBIES_1,1512,3,4564.3701171875,0.01341877045060324,mean_spl,0.1335355153622095
store_dept,3,DeepSets_Q,DeepSets,CA_1__HOBBIES_2,1512,4,90.30001068115234,0.0002654725808616164,mean_spl,0.27788414476612205
store_dept,3,DeepSets_Q,DeepSets,CA_1__HOUSEHOLD_1,1512,5,7306.630859375,0.02148073003546469,mean_spl,0.16070096488449412
store_dept,3,DeepSets_Q,DeepSets,CA_1__HOUSEHOLD_2,1512,6,2643.429931640625,0.007771407345203734,mean_spl,0.220317271486648
store_dept,3,DeepSets_Q,DeepSets,CA_2__FOODS_1,1512,7,4699.81005859375,0.01381694970358054,mean_spl,0.24333366058659
store_dept,3,DeepSets_Q,DeepSets,CA_2__FOODS_2,1512,8,1027.280029296875,0.003020095773941697,mean_spl,0.13524909074091543
store_dept,3,DeepSets_Q,DeepSets,CA_2__FOODS_3,1512,9,6845.2802734375,0.020124407596441872,mean_spl,0.14752446732007557
store_dept,3,DeepSets_Q,DeepSets,CA_2__HOBBIES_1,1512,10,3244.170166015625,0.009537520762510679,mean_spl,0.15593507381669808
store_dept,3,DeepSets_Q,DeepSets,CA_2__HOBBIES_2,1512,11,144.20999145507812,0.0004239622822724863,mean_spl,0.18442230317551367
store_dept,3,DeepSets_Q,DeepSets,CA_2__HOUSEHOLD_1,1512,12,5380.1201171875,0.015816990076540277,mean_spl,0.14882634921818486
store_dept,3,DeepSets_Q,DeepSets,CA_2__HOUSEHOLD_2,1512,13,4386.919921875,0.012897085447814644,mean_spl,0.17076675817607617
store_dept,3,DeepSets_Q,DeepSets,CA_3__FOODS_1,1512,14,2320.27001953125,0.006821351024594735,mean_spl,0.21577332430684232
store_dept,3,DeepSets_Q,DeepSets,CA_3__FOODS_2,1512,15,5174.8603515625,0.015213547847503058,mean_spl,0.18674543449149528
store_dept,3,DeepSets_Q,DeepSets,CA_3__FOODS_3,1512,16,22155.1796875,0.06513390958348034,mean_spl,0.11016094067205945
store_dept,3,DeepSets_Q,DeepSets,CA_3__HOBBIES_1,1512,17,4142.2197265625,0.012177692483218795,mean_spl,0.15414050258496848
store_dept,3,DeepSets_Q,DeepSets,CA_3__HOBBIES_2,1512,18,76.13999938964844,0.00022384362961089656,mean_spl,0.3295701470771124
store_dept,3,DeepSets_Q,DeepSets,CA_3__HOUSEHOLD_1,1512,19,13194.5908203125,0.038790716103563716,mean_spl,0.30488767418240287
store_dept,3,DeepSets_Q,DeepSets,CA_3__HOUSEHOLD_2,1512,20,4916.529296875,0.014454081582911485,mean_spl,0.1978180561695665
store_dept,3,DeepSets_Q,DeepSets,CA_4__FOODS_1,1512,21,1238.8798828125,0.00364217719784188,mean_spl,0.2648408592162381
store_dept,3,DeepSets_Q,DeepSets,CA_4__FOODS_2,1512,22,2217.989990234375,0.006520658442797394,mean_spl,0.1730995852331871
store_dept,3,DeepSets_Q,DeepSets,CA_4__FOODS_3,1512,23,11426.0908203125,0.03359151118971799,mean_spl,0.21943779087526386
store_dept,3,DeepSets_Q,DeepSets,CA_4__HOBBIES_1,1512,24,4551.10009765625,0.013379757981983674,mean_spl,0.17327204937897028
store_dept,3,DeepSets_Q,DeepSets,CA_4__HOBBIES_2,1512,25,124.04000091552734,0.00036466462101975564,mean_spl,0.3031342583376889
store_dept,3,DeepSets_Q,DeepSets,CA_4__HOUSEHOLD_1,1512,26,3265.36962890625,0.009599844964733935,mean_spl,0.20033729556923557
store_dept,3,DeepSets_Q,DeepSets,CA_4__HOUSEHOLD_2,1512,27,1480.22998046875,0.004351721225939997,mean_spl,0.20591889653314285
store_dept,3,DeepSets_Q,DeepSets,TX_1__FOODS_1,1512,28,1268.02001953125,0.0037278461500716005,mean_spl,0.3194841613734185
store_dept,3,DeepSets_Q,DeepSets,TX_1__FOODS_2,1512,29,5505.7197265625,0.01618623978320672,mean_spl,0.1965168866470056
store_dept,3,DeepSets_Q,DeepSets,TX_1__FOODS_3,1512,30,16192.6884765625,0.04760480944060887,mean_spl,0.19308771198873195
store_dept,3,DeepSets_Q,DeepSets,TX_1__HOBBIES_1,1512,31,5653.91015625,0.01662190413730124,mean_spl,0.1568646845608787
store_dept,3,DeepSets_Q,DeepSets,TX_1__HOBBIES_2,1512,32,68.8800048828125,0.00020250000557106937,mean_spl,0.4671104203365014
store_dept,3,DeepSets_Q,DeepSets,TX_1__HOUSEHOLD_1,1512,33,11548.44140625,0.03395120910751169,mean_spl,0.21810108222799002
store_dept,3,DeepSets_Q,DeepSets,TX_1__HOUSEHOLD_2,1512,34,2382.650146484375,0.007004742069311166,mean_spl,0.19573736034213335
store_dept,3,DeepSets_Q,DeepSets,TX_2__FOODS_1,1512,35,485.44000244140625,0.0014271428024148372,mean_spl,0.18471811810669533
store_dept,3,DeepSets_Q,DeepSets,TX_2__FOODS_2,1512,36,5321.009765625,0.01564321182926694,mean_spl,0.2052398542078302
store_dept,3,DeepSets_Q,DeepSets,TX_2__FOODS_3,1512,37,9231.0390625,0.02713828874959108,mean_spl,0.24400567961044814
store_dept,3,DeepSets_Q,DeepSets,TX_2__HOBBIES_1,1512,38,5222.9306640625,0.015354869535351574,mean_spl,0.22010323465885087
store_dept,3,DeepSets_Q,DeepSets,TX_2__HOBBIES_2,1512,39,204.54998779296875,0.0006013555564943658,mean_spl,0.31986319044807954
store_dept,3,DeepSets_Q,DeepSets,TX_2__HOUSEHOLD_1,1512,40,7526.150390625,0.022126094483053103,mean_spl,0.2284639287396291
store_dept,3,DeepSets_Q,DeepSets,TX_2__HOUSEHOLD_2,1512,41,4138.4697265625,0.012166667875683075,mean_spl,0.26934406725905935
store_dept,3,DeepSets_Q,DeepSets,TX_3__FOODS_1,1512,42,1403.3800048828125,0.00412579034061609,mean_spl,0.1667672878525178
store_dept,3,DeepSets_Q,DeepSets,TX_3__FOODS_2,1512,43,5224.59033203125,0.015359748785483594,mean_spl,0.2906404535243372
store_dept,3,DeepSets_Q,DeepSets,TX_3__FOODS_3,1512,44,11294.46875,0.03320455607818884,mean_spl,0.16667538450459796
store_dept,3,DeepSets_Q,DeepSets,TX_3__HOBBIES_1,1512,45,3567.440185546875,0.010487900787416462,mean_spl,0.16703863268008282
store_dept,3,DeepSets_Q,DeepSets,TX_3__HOBBIES_2,1512,46,447.95001220703125,0.0013169261547209775,mean_spl,0.23838750625117613
store_dept,3,DeepSets_Q,DeepSets,TX_3__HOUSEHOLD_1,1512,47,9794.0595703125,0.028793510118443024,mean_spl,0.28642802310211324
store_dept,3,DeepSets_Q,DeepSets,TX_3__HOUSEHOLD_2,1512,48,2193.980224609375,0.006450072244653326,mean_spl,0.18427905818955248
store_dept,3,DeepSets_Q,DeepSets,WI_1__FOODS_1,1512,49,1883.349853515625,0.0055368514633243205,mean_spl,0.2505880820706693
store_dept,3,DeepSets_Q,DeepSets,WI_1__FOODS_2,1512,50,5033.3701171875,0.014797581366404002,mean_spl,0.5206465613319116
store_dept,3,DeepSets_Q,DeepSets,WI_1__FOODS_3,1512,51,10133.109375,0.029790281060240977,mean_spl,0.18872515533216408
store_dept,3,DeepSets_Q,DeepSets,WI_1__HOBBIES_1,1512,52,3049.619873046875,0.008965563262260043,mean_spl,0.23581234188903505
store_dept,3,DeepSets_Q,DeepSets,WI_1__HOBBIES_2,1512,53,204.40000915527344,0.0006009146349958771,mean_spl,0.2663826258341409
store_dept,3,DeepSets_Q,DeepSets,WI_1__HOUSEHOLD_1,1512,54,6276.3203125,0.01845172485700861,mean_spl,0.20481561926472913
store_dept,3,DeepSets_Q,DeepSets,WI_1__HOUSEHOLD_2,1512,55,1683.4400634765625,0.004949137602596607,mean_spl,0.21857285777264424
store_dept,3,DeepSets_Q,DeepSets,WI_2__FOODS_1,1512,56,6609.10009765625,0.01943006259758701,mean_spl,0.3839743209026667
store_dept,3,DeepSets_Q,DeepSets,WI_2__FOODS_2,1512,57,5467.28955078125,0.01607325908840218,mean_spl,0.2866936814845168
store_dept,3,DeepSets_Q,DeepSets,WI_2__FOODS_3,1512,58,10650.400390625,0.031311062507979597,mean_spl,0.1647422795543973
store_dept,3,DeepSets_Q,DeepSets,WI_2__HOBBIES_1,1512,59,2706.2099609375,0.007955974060958153,mean_spl,0.17791659528864534
store_dept,3,DeepSets_Q,DeepSets,WI_2__HOBBIES_2,1512,60,218.62998962402344,0.0006427492883049263,mean_spl,0.19372436033662385
store_dept,3,DeepSets_Q,DeepSets,WI_2__HOUSEHOLD_1,1512,61,8858.0,0.02604159294704293,mean_spl,0.25786720890993986
store_dept,3,DeepSets_Q,DeepSets,WI_2__HOUSEHOLD_2,1512,62,1471.659912109375,0.004326526121882289,mean_spl,0.23846247868549492
store_dept,3,DeepSets_Q,DeepSets,WI_3__FOODS_1,1512,63,1030.72998046875,0.0030302382693249827,mean_spl,0.2810726343575075
store_dept,3,DeepSets_Q,DeepSets,WI_3__FOODS_2,1512,64,3741.080078125,0.010998383898941387,mean_spl,0.15032396934715103
store_dept,3,DeepSets_Q,DeepSets,WI_3__FOODS_3,1512,65,10853.30078125,0.03190756842144226,mean_spl,0.10316923011905647
store_dept,3,DeepSets_Q,DeepSets,WI_3__HOBBIES_1,1512,66,2237.97998046875,0.006579426921991225,mean_spl,0.2214946487016906
store_dept,3,DeepSets_Q,DeepSets,WI_3__HOBBIES_2,1512,67,245.16000366210938,0.0007207447530214728,mean_spl,0.2468633596981128
store_dept,3,DeepSets_Q,DeepSets,WI_3__HOUSEHOLD_1,1512,68,6746.60009765625,0.01983429820723009,mean_spl,0.17071672691217082
store_dept,3,DeepSets_Q,DeepSets,WI_3__HOUSEHOLD_2,1512,69,1832.199951171875,0.00538647610363625,mean_spl,0.18066256658176583
store_dept,3,DeepSets_Q,DeepSets,CA_1__FOODS_1,1540,70,2955.330078125,0.008582903136706432,mean_spl,0.26676131662591707
store_dept,3,DeepSets_Q,DeepSets,CA_1__FOODS_2,1540,71,3517.600341796875,0.010215854814580557,mean_spl,0.30765385424104147
store_dept,3,DeepSets_Q,DeepSets,CA_1__FOODS_3,1540,72,21056.587890625,0.06115278140756496,mean_spl,0.11214887488240818
store_dept,3,DeepSets_Q,DeepSets,CA_1__HOBBIES_1,1540,73,4874.73974609375,0.014157274467263723,mean_spl,0.11777393654124833
store_dept,3,DeepSets_Q,DeepSets,CA_1__HOBBIES_2,1540,74,125.1100082397461,0.00036334590511647954,mean_spl,0.2267471053089636
store_dept,3,DeepSets_Q,DeepSets,CA_1__HOUSEHOLD_1,1540,75,6975.35009765625,0.020257890878565717,mean_spl,0.22748214060529964
store_dept,3,DeepSets_Q,DeepSets,CA_1__HOUSEHOLD_2,1540,76,2614.880126953125,0.007594164526615704,mean_spl,0.24029481782087425
store_dept,3,DeepSets_Q,DeepSets,CA_2__FOODS_1,1540,77,5393.009765625,0.015662440136987442,mean_spl,0.17862197259991194
store_dept,3,DeepSets_Q,DeepSets,CA_2__FOODS_2,1540,78,1259.52001953125,0.0036579123281003855,mean_spl,0.1924520913489639
store_dept,3,DeepSets_Q,DeepSets,CA_2__FOODS_3,1540,79,7009.5595703125,0.02035724241710949,mean_spl,0.118465233844182
store_dept,3,DeepSets_Q,DeepSets,CA_2__HOBBIES_1,1540,80,2778.530029296875,0.008069438429366698,mean_spl,0.11743707705582332
store_dept,3,DeepSets_Q,DeepSets,CA_2__HOBBIES_2,1540,81,155.0599822998047,0.00045032695951952706,mean_spl,0.22398546099130806
store_dept,3,DeepSets_Q,DeepSets,CA_2__HOUSEHOLD_1,1540,82,6076.7802734375,0.017648254202133985,mean_spl,0.18255746417159505
store_dept,3,DeepSets_Q,DeepSets,CA_2__HOUSEHOLD_2,1540,83,4480.8798828125,0.013013422184569084,mean_spl,0.18128065597476647
store_dept,3,DeepSets_Q,DeepSets,CA_3__FOODS_1,1540,84,2491.01025390625,0.007234420236193846,mean_spl,0.16354305924778026
store_dept,3,DeepSets_Q,DeepSets,CA_3__FOODS_2,1540,85,4921.53955078125,0.014293190990911205,mean_spl,0.18092839006952824
store_dept,3,DeepSets_Q,DeepSets,CA_3__FOODS_3,1540,86,24835.359375,0.07212713241701833,mean_spl,0.29021819257894405
store_dept,3,DeepSets_Q,DeepSets,CA_3__HOBBIES_1,1540,87,4056.8798828125,0.011782036574920914,mean_spl,0.13901368045259754
store_dept,3,DeepSets_Q,DeepSets,CA_3__HOBBIES_2,1540,88,134.97000122070312,0.0003919814085787023,mean_spl,0.47637483244021034
store_dept,3,DeepSets_Q,DeepSets,CA_3__HOUSEHOLD_1,1540,89,15385.681640625,0.04468327114833414,mean_spl,0.19843471290575498
store_dept,3,DeepSets_Q,DeepSets,CA_3__HOUSEHOLD_2,1540,90,5413.6904296875,0.015722501156149073,mean_spl,0.16136242365394166
store_dept,3,DeepSets_Q,DeepSets,CA_4__FOODS_1,1540,91,1353.5799560546875,0.003931082262721567,mean_spl,0.21188546782143863
store_dept,3,DeepSets_Q,DeepSets,CA_4__FOODS_2,1540,92,2528.89013671875,0.007344431421548732,mean_spl,0.16530199015722766
store_dept,3,DeepSets_Q,DeepSets,CA_4__FOODS_3,1540,93,11945.9501953125,0.034693564066230094,mean_spl,0.18853815244091948
store_dept,3,DeepSets_Q,DeepSets,CA_4__HOBBIES_1,1540,94,4647.10986328125,0.013496189179477846,mean_spl,0.15581507302041586
store_dept,3,DeepSets_Q,DeepSets,CA_4__HOBBIES_2,1540,95,116.89000701904297,0.00033947328432764885,mean_spl,0.2865999525471856
store_dept,3,DeepSets_Q,DeepSets,CA_4__HOUSEHOLD_1,1540,96,3779.939697265625,0.010977743746581961,mean_spl,0.19362999347696577
store_dept,3,DeepSets_Q,DeepSets,CA_4__HOUSEHOLD_2,1540,97,1473.3299560546875,0.00427886157110687,mean_spl,0.21946244621251718
store_dept,3,DeepSets_Q,DeepSets,TX_1__FOODS_1,1540,98,1236.2998046875,0.0035904759167524314,mean_spl,0.14338785778859975
store_dept,3,DeepSets_Q,DeepSets,TX_1__FOODS_2,1540,99,5329.8701171875,0.015479069253770033,mean_spl,0.22168053889731662
store_dept,3,DeepSets_Q,DeepSets,TX_1__FOODS_3,1540,100,16183.740234375,0.04700100196908839,mean_spl,0.1717480087307355
store_dept,3,DeepSets_Q,DeepSets,TX_1__HOBBIES_1,1540,101,5004.689453125,0.014534675880509659,mean_spl,0.27750678917277527
store_dept,3,DeepSets_Q,DeepSets,TX_1__HOBBIES_2,1540,102,73.19000244140625,0.00021255923532184455,mean_spl,0.4430924218590018
store_dept,3,DeepSets_Q,DeepSets,TX_1__HOUSEHOLD_1,1540,103,11729.8310546875,0.03406590840647737,mean_spl,0.1590607695052696
store_dept,3,DeepSets_Q,DeepSets,TX_1__HOUSEHOLD_2,1540,104,2226.139892578125,0.006465180728265157,mean_spl,0.1940352473820814
store_dept,3,DeepSets_Q,DeepSets,TX_2__FOODS_1,1540,105,457.01995849609375,0.0013272825476747495,mean_spl,0.232873568990701
store_dept,3,DeepSets_Q,DeepSets,TX_2__FOODS_2,1540,106,4984.46044921875,0.014475926577897223,mean_spl,0.13050505558204314
store_dept,3,DeepSets_Q,DeepSets,TX_2__FOODS_3,1540,107,9516.7490234375,0.027638650467203336,mean_spl,0.16617575856042152
store_dept,3,DeepSets_Q,DeepSets,TX_2__HOBBIES_1,1540,108,4722.599609375,0.013715427356401992,mean_spl,0.1442090476442938
store_dept,3,DeepSets_Q,DeepSets,TX_2__HOBBIES_2,1540,109,163.66000366210938,0.0004753032391143592,mean_spl,0.37539965995260294
store_dept,3,DeepSets_Q,DeepSets,TX_2__HOUSEHOLD_1,1540,110,7416.32958984375,0.021538588522031863,mean_spl,0.1563377988121428
store_dept,3,DeepSets_Q,DeepSets,TX_2__HOUSEHOLD_2,1540,111,3775.52978515625,0.010964936429810033,mean_spl,0.2184551191845456
store_dept,3,DeepSets_Q,DeepSets,TX_3__FOODS_1,1540,112,1376.4801025390625,0.003997589127909526,mean_spl,0.15043653665240198
store_dept,3,DeepSets_Q,DeepSets,TX_3__FOODS_2,1540,113,5018.5009765625,0.014574787463547997,mean_spl,0.22001916456281426
store_dept,3,DeepSets_Q,DeepSets,TX_3__FOODS_3,1540,114,12092.458984375,0.03511905655334929,mean_spl,0.2279078623322713
store_dept,3,DeepSets_Q,DeepSets,TX_3__HOBBIES_1,1540,115,3384.919921875,0.0098305228339818,mean_spl,0.2269740710769572
store_dept,3,DeepSets_Q,DeepSets,TX_3__HOBBIES_2,1540,116,369.1400451660156,0.0010720607065148756,mean_spl,0.26042063032688534
store_dept,3,DeepSets_Q,DeepSets,TX_3__HOUSEHOLD_1,1540,117,9262.8212890625,0.026901190660599705,mean_spl,0.2314240741646804
store_dept,3,DeepSets_Q,DeepSets,TX_3__HOUSEHOLD_2,1540,118,2186.66015625,0.006350523230182239,mean_spl,0.1972999032428179
store_dept,3,DeepSets_Q,DeepSets,WI_1__FOODS_1,1540,119,2056.659912109375,0.005972975046489987,mean_spl,0.2225320108030637
store_dept,3,DeepSets_Q,DeepSets,WI_1__FOODS_2,1540,120,4058.89013671875,0.01178787477711878,mean_spl,0.3135586801503913
store_dept,3,DeepSets_Q,DeepSets,WI_1__FOODS_3,1540,121,9428.4599609375,0.027382240370382987,mean_spl,0.20152520482550318
store_dept,3,DeepSets_Q,DeepSets,WI_1__HOBBIES_1,1540,122,2738.250244140625,0.007952457420401779,mean_spl,0.20924992619714022
store_dept,3,DeepSets_Q,DeepSets,WI_1__HOBBIES_2,1540,123,220.0700225830078,0.0006391298559520369,mean_spl,0.25003739781242024
store_dept,3,DeepSets_Q,DeepSets,WI_1__HOUSEHOLD_1,1540,124,6021.64990234375,0.01748814395303161,mean_spl,0.1725396778116777
store_dept,3,DeepSets_Q,DeepSets,WI_1__HOUSEHOLD_2,1540,125,1844.7900390625,0.005357660157839264,mean_spl,0.23376624835763962
store_dept,3,DeepSets_Q,DeepSets,WI_2__FOODS_1,1540,126,6950.09033203125,0.020184531180703194,mean_spl,0.3914783152769995
store_dept,3,DeepSets_Q,DeepSets,WI_2__FOODS_2,1540,127,4602.49951171875,0.013366631290432071,mean_spl,0.3064785068446099
store_dept,3,DeepSets_Q,DeepSets,WI_2__FOODS_3,1540,128,10485.240234375,0.0304513536280976,mean_spl,0.18255528975583218
store_dept,3,DeepSets_Q,DeepSets,WI_2__HOBBIES_1,1540,129,2450.219970703125,0.007115956633010352,mean_spl,0.1635634391223918
store_dept,3,DeepSets_Q,DeepSets,WI_2__HOBBIES_2,1540,130,249.33001708984375,0.0007241070639098253,mean_spl,0.2667439171509845
store_dept,3,DeepSets_Q,DeepSets,WI_2__HOUSEHOLD_1,1540,131,9029.1494140625,0.026222558150565494,mean_spl,0.2553620017038909
store_dept,3,DeepSets_Q,DeepSets,WI_2__HOUSEHOLD_2,1540,132,1384.0601806640625,0.0040196032767848425,mean_spl,0.19909200883161712
store_dept,3,DeepSets_Q,DeepSets,WI_3__FOODS_1,1540,133,1293.599853515625,0.0037568873685427393,mean_spl,0.16700400054199555
store_dept,3,DeepSets_Q,DeepSets,WI_3__FOODS_2,1540,134,3498.02978515625,0.010159017781986053,mean_spl,0.120980832264616
store_dept,3,DeepSets_Q,DeepSets,WI_3__FOODS_3,1540,135,9646.2392578125,0.028014717474748957,mean_spl,0.09392005277396318
store_dept,3,DeepSets_Q,DeepSets,WI_3__HOBBIES_1,1540,136,1727.9500732421875,0.005018332203728612,mean_spl,0.2107649990951997
store_dept,3,DeepSets_Q,DeepSets,WI_3__HOBBIES_2,1540,137,208.18002319335938,0.0006045987848502949,mean_spl,0.2637982412618542
store_dept,3,DeepSets_Q,DeepSets,WI_3__HOUSEHOLD_1,1540,138,5833.43994140625,0.01694154244951538,mean_spl,0.17453053359470233
store_dept,3,DeepSets_Q,DeepSets,WI_3__HOUSEHOLD_2,1540,139,1731.9100341796875,0.005029832767203155,mean_spl,0.20880485978627572
store_dept,3,DeepSets_Q,DeepSets,CA_1__FOODS_1,1568,140,2837.219970703125,0.008150946766972816,mean_spl,0.2602034414374422
store_dept,3,DeepSets_Q,DeepSets,CA_1__FOODS_2,1568,141,4269.56982421875,0.012265892921392366,mean_spl,0.1999597167247947
store_dept,3,DeepSets_Q,DeepSets,CA_1__FOODS_3,1568,142,21792.16796875,0.06260593217458271,mean_spl,0.18838719511985652
store_dept,3,DeepSets_Q,DeepSets,CA_1__HOBBIES_1,1568,143,4352.5498046875,0.012504283109854773,mean_spl,0.1774509232632017
store_dept,3,DeepSets_Q,DeepSets,CA_1__HOBBIES_2,1568,144,121.67000579833984,0.0003495413646597767,mean_spl,0.2458577621831925
store_dept,3,DeepSets_Q,DeepSets,CA_1__HOUSEHOLD_1,1568,145,7329.5,0.02105665579173327,mean_spl,0.2570652465400454
store_dept,3,DeepSets_Q,DeepSets,CA_1__HOUSEHOLD_2,1568,146,2742.610107421875,0.007879145508276285,mean_spl,0.22666838406231543
store_dept,3,DeepSets_Q,DeepSets,CA_2__FOODS_1,1568,147,5199.13037109375,0.01493639383866124,mean_spl,0.2039510864712461
store_dept,3,DeepSets_Q,DeepSets,CA_2__FOODS_2,1568,148,1568.16015625,0.004505110667367067,mean_spl,0.3990166719908306
store_dept,3,DeepSets_Q,DeepSets,CA_2__FOODS_3,1568,149,7694.18017578125,0.022104332295655033,mean_spl,0.20490429254729958
store_dept,3,DeepSets_Q,DeepSets,CA_2__HOBBIES_1,1568,150,2803.27001953125,0.00805341317860085,mean_spl,0.1860097292363153
store_dept,3,DeepSets_Q,DeepSets,CA_2__HOBBIES_2,1568,151,153.10000610351562,0.00043983547721317844,mean_spl,0.1398945088373333
store_dept,3,DeepSets_Q,DeepSets,CA_2__HOUSEHOLD_1,1568,152,5917.11962890625,0.016999079242020248,mean_spl,0.1959945581816211
store_dept,3,DeepSets_Q,DeepSets,CA_2__HOUSEHOLD_2,1568,153,4762.96044921875,0.013683337025559518,mean_spl,0.22481846377910056
store_dept,3,DeepSets_Q,DeepSets,CA_3__FOODS_1,1568,154,2314.420166015625,0.00664901409280813,mean_spl,0.13453415502123325
store_dept,3,DeepSets_Q,DeepSets,CA_3__FOODS_2,1568,155,4588.62060546875,0.013182482386003162,mean_spl,0.1603447335552572
store_dept,3,DeepSets_Q,DeepSets,CA_3__FOODS_3,1568,156,28474.12890625,0.08180229638424842,mean_spl,0.4258453453307787
store_dept,3,DeepSets_Q,DeepSets,CA_3__HOBBIES_1,1568,157,4085.669921875,0.011737573534833158,mean_spl,0.16329270493527792
store_dept,3,DeepSets_Q,DeepSets,CA_3__HOBBIES_2,1568,158,113.18000030517578,0.0003251507345568392,mean_spl,0.3070372434107262
store_dept,3,DeepSets_Q,DeepSets,CA_3__HOUSEHOLD_1,1568,159,14030.548828125,0.040307856912877374,mean_spl,0.25399234580007063
store_dept,3,DeepSets_Q,DeepSets,CA_3__HOUSEHOLD_2,1568,160,5070.36962890625,0.014566481753562625,mean_spl,0.19037295525913714
store_dept,3,DeepSets_Q,DeepSets,CA_4__FOODS_1,1568,161,1442.0902099609375,0.0041429288726073845,mean_spl,0.20242414126550437
store_dept,3,DeepSets_Q,DeepSets,CA_4__FOODS_2,1568,162,2751.650146484375,0.0079051163099521,mean_spl,0.15302678446603724
store_dept,3,DeepSets_Q,DeepSets,CA_4__FOODS_3,1568,163,10152.0009765625,0.029165316892123143,mean_spl,0.30163585503215384
store_dept,3,DeepSets_Q,DeepSets,CA_4__HOBBIES_1,1568,164,4711.01025390625,0.013534091186005848,mean_spl,0.15901676805810086
store_dept,3,DeepSets_Q,DeepSets,CA_4__HOBBIES_2,1568,165,75.75000762939453,0.00021761946065534208,mean_spl,0.2874072090801529
store_dept,3,DeepSets_Q,DeepSets,CA_4__HOUSEHOLD_1,1568,166,3842.72998046875,0.011039640152712242,mean_spl,0.2329664391934746
store_dept,3,DeepSets_Q,DeepSets,CA_4__HOUSEHOLD_2,1568,167,1414.659912109375,0.004064125360754588,mean_spl,0.1915510686707524
store_dept,3,DeepSets_Q,DeepSets,TX_1__FOODS_1,1568,168,1102.2198486328125,0.003166527588440887,mean_spl,0.1793009482516506
store_dept,3,DeepSets_Q,DeepSets,TX_1__FOODS_2,1568,169,5333.4599609375,0.01532230446503201,mean_spl,0.23387903548900063
store_dept,3,DeepSets_Q,DeepSets,TX_1__FOODS_3,1568,170,14950.1689453125,0.04294980032876804,mean_spl,0.31393864279602374
store_dept,3,DeepSets_Q,DeepSets,TX_1__HOBBIES_1,1568,171,4493.25,0.012908495618555907,mean_spl,0.20262403049156286
store_dept,3,DeepSets_Q,DeepSets,TX_1__HOBBIES_2,1568,172,130.3699951171875,0.0003745352497104256,mean_spl,0.31984764470497057
store_dept,3,DeepSets_Q,DeepSets,TX_1__HOUSEHOLD_1,1568,173,11238.4697265625,0.032286593718267455,mean_spl,0.1599772122421983
store_dept,3,DeepSets_Q,DeepSets,TX_1__HOUSEHOLD_2,1568,174,2269.530029296875,0.006520050840563015,mean_spl,0.21086845393902143
store_dept,3,DeepSets_Q,DeepSets,TX_2__FOODS_1,1568,175,521.7400512695312,0.001498888146850916,mean_spl,0.15650493417796132
store_dept,3,DeepSets_Q,DeepSets,TX_2__FOODS_2,1568,176,5048.3994140625,0.014503364316952315,mean_spl,0.13166325518227415
store_dept,3,DeepSets_Q,DeepSets,TX_2__FOODS_3,1568,177,8043.50048828125,0.02310788200318941,mean_spl,0.13701479697894034
store_dept,3,DeepSets_Q,DeepSets,TX_2__HOBBIES_1,1568,178,4562.39990234375,0.013107153875146986,mean_spl,0.1974047541437816
store_dept,3,DeepSets_Q,DeepSets,TX_2__HOBBIES_2,1568,179,224.66000366210938,0.0006454176092888428,mean_spl,0.3765064050779625
store_dept,3,DeepSets_Q,DeepSets,TX_2__HOUSEHOLD_1,1568,180,6827.1103515625,0.019613358718197787,mean_spl,0.13511605413349786
store_dept,3,DeepSets_Q,DeepSets,TX_2__HOUSEHOLD_2,1568,181,3311.769775390625,0.009514263759037614,mean_spl,0.16438796890537885
store_dept,3,DeepSets_Q,DeepSets,TX_3__FOODS_1,1568,182,1414.6300048828125,0.004064039441363713,mean_spl,0.16514450918501838
store_dept,3,DeepSets_Q,DeepSets,TX_3__FOODS_2,1568,183,5332.1796875,0.015318626413719814,mean_spl,0.3081175073976636
store_dept,3,DeepSets_Q,DeepSets,TX_3__FOODS_3,1568,184,13022.630859375,0.03741224578875271,mean_spl,0.2090382584236926
store_dept,3,DeepSets_Q,DeepSets,TX_3__HOBBIES_1,1568,185,3454.7998046875,0.009925169563633538,mean_spl,0.1612726149554543
store_dept,3,DeepSets_Q,DeepSets,TX_3__HOBBIES_2,1568,186,422.6600036621094,0.0012142446570769848,mean_spl,0.26951804183799566
store_dept,3,DeepSets_Q,DeepSets,TX_3__HOUSEHOLD_1,1568,187,9825.9091796875,0.028228499548060837,mean_spl,0.23432675862200472
store_dept,3,DeepSets_Q,DeepSets,TX_3__HOUSEHOLD_2,1568,188,2257.619873046875,0.006485834582894414,mean_spl,0.16075062555118624
store_dept,3,DeepSets_Q,DeepSets,WI_1__FOODS_1,1568,189,2354.2099609375,0.006763324757340987,mean_spl,0.16126248786573444
store_dept,3,DeepSets_Q,DeepSets,WI_1__FOODS_2,1568,190,3581.640380859375,0.010289565273146643,mean_spl,0.2464063283201591
store_dept,3,DeepSets_Q,DeepSets,WI_1__FOODS_3,1568,191,10736.1904296875,0.030843613669749723,mean_spl,0.18989428321304477
store_dept,3,DeepSets_Q,DeepSets,WI_1__HOBBIES_1,1568,192,2960.969970703125,0.008506463671840405,mean_spl,0.1347215524439855
store_dept,3,DeepSets_Q,DeepSets,WI_1__HOBBIES_2,1568,193,208.1600341796875,0.0005980154429793454,mean_spl,0.2963855939317972
store_dept,3,DeepSets_Q,DeepSets,WI_1__HOUSEHOLD_1,1568,194,6289.2998046875,0.018068302225024896,mean_spl,0.17156291211984598
store_dept,3,DeepSets_Q,DeepSets,WI_1__HOUSEHOLD_2,1568,195,1580.8099365234375,0.004541451764175693,mean_spl,0.23277682440469608
store_dept,3,DeepSets_Q,DeepSets,WI_2__FOODS_1,1568,196,8214.708984375,0.02359974070717555,mean_spl,0.3077986269804562
store_dept,3,DeepSets_Q,DeepSets,WI_2__FOODS_2,1568,197,4867.7900390625,0.01398449816753761,mean_spl,0.23595817584427511
store_dept,3,DeepSets_Q,DeepSets,WI_2__FOODS_3,1568,198,10954.3994140625,0.031470498378754166,mean_spl,0.1887329644465131
store_dept,3,DeepSets_Q,DeepSets,WI_2__HOBBIES_1,1568,199,2757.90966796875,0.00792309906311636,mean_spl,0.1817971722703007
store_dept,3,DeepSets_Q,DeepSets,WI_2__HOBBIES_2,1568,200,190.60000610351562,0.0005475678726275993,mean_spl,0.1666975984249619
store_dept,3,DeepSets_Q,DeepSets,WI_2__HOUSEHOLD_1,1568,201,9457.330078125,0.027169621961100218,mean_spl,0.29155220816547667
store_dept,3,DeepSets_Q,DeepSets,WI_2__HOUSEHOLD_2,1568,202,1478.739990234375,0.0042482187024812405,mean_spl,0.20945185813227538
store_dept,3,DeepSets_Q,DeepSets,WI_3__FOODS_1,1568,203,1020.7599487304688,0.0029325043845289285,mean_spl,0.2268489036989879
store_dept,3,DeepSets_Q,DeepSets,WI_3__FOODS_2,1568,204,3461.969970703125,0.009945768474577068,mean_spl,0.1775970379263222
store_dept,3,DeepSets_Q,DeepSets,WI_3__FOODS_3,1568,205,9956.12890625,0.028602603096668545,mean_spl,0.1319737979157647
store_dept,3,DeepSets_Q,DeepSets,WI_3__HOBBIES_1,1568,206,1991.85009765625,0.005722314195385491,mean_spl,0.20719125313427886
store_dept,3,DeepSets_Q,DeepSets,WI_3__HOBBIES_2,1568,207,203.35000610351562,0.0005841968870685024,mean_spl,0.2415897667579984
store_dept,3,DeepSets_Q,DeepSets,WI_3__HOUSEHOLD_1,1568,208,5617.72998046875,0.016138973535661495,mean_spl,0.19349377133446125
store_dept,3,DeepSets_Q,DeepSets,WI_3__HOUSEHOLD_2,1568,209,1802.6500244140625,0.005178768139306431,mean_spl,0.21856877750637685
store_dept,3,DeepSets_Q,DeepSets,CA_1__FOODS_1,1596,210,3136.22021484375,0.009336339312125621,mean_spl,0.2073214416373057
store_dept,3,DeepSets_Q,DeepSets,CA_1__FOODS_2,1596,211,3441.340087890625,0.010244662857824162,mean_spl,0.20350887437780574
store_dept,3,DeepSets_Q,DeepSets,CA_1__FOODS_3,1596,212,18587.439453125,0.05533369144698647,mean_spl,0.1272188675743344
store_dept,3,DeepSets_Q,DeepSets,CA_1__HOBBIES_1,1596,213,4931.830078125,0.014681762084559498,mean_spl,0.1707602850709448
store_dept,3,DeepSets_Q,DeepSets,CA_1__HOBBIES_2,1596,214,131.77999877929688,0.00039230114560571846,mean_spl,0.36808241161727717
store_dept,3,DeepSets_Q,DeepSets,CA_1__HOUSEHOLD_1,1596,215,8246.109375,0.0245481725949961,mean_spl,0.17667012257810508
store_dept,3,DeepSets_Q,DeepSets,CA_1__HOUSEHOLD_2,1596,216,2291.7197265625,0.006822312053921007,mean_spl,0.16120143758647743
store_dept,3,DeepSets_Q,DeepSets,CA_2__FOODS_1,1596,217,5399.7099609375,0.016074612408838368,mean_spl,0.4041332566729602
store_dept,3,DeepSets_Q,DeepSets,CA_2__FOODS_2,1596,218,2168.260009765625,0.006454779888309994,mean_spl,0.4492411199940292
store_dept,3,DeepSets_Q,DeepSets,CA_2__FOODS_3,1596,219,8459.2197265625,0.025182589318572066,mean_spl,0.1858440071800681
store_dept,3,DeepSets_Q,DeepSets,CA_2__HOBBIES_1,1596,220,2974.22998046875,0.008854104108673523,mean_spl,0.27806094678629667
store_dept,3,DeepSets_Q,DeepSets,CA_2__HOBBIES_2,1596,221,125.13001251220703,0.00037250453568761694,mean_spl,0.18807351482816836
store_dept,3,DeepSets_Q,DeepSets,CA_2__HOUSEHOLD_1,1596,222,6441.75048828125,0.019176704504993123,mean_spl,0.19668577539335658
store_dept,3,DeepSets_Q,DeepSets,CA_2__HOUSEHOLD_2,1596,223,4136.85009765625,0.01231515440539401,mean_spl,0.19857732594191946
store_dept,3,DeepSets_Q,DeepSets,CA_3__FOODS_1,1596,224,2159.099853515625,0.006427510653038405,mean_spl,0.15576247514279745
store_dept,3,DeepSets_Q,DeepSets,CA_3__FOODS_2,1596,225,4249.56005859375,0.012650685193120074,mean_spl,0.18487708072700992
store_dept,3,DeepSets_Q,DeepSets,CA_3__FOODS_3,1596,226,18931.880859375,0.056359072836557014,mean_spl,0.5019944080659664
store_dept,3,DeepSets_Q,DeepSets,CA_3__HOBBIES_1,1596,227,4516.4599609375,0.01344523018038226,mean_spl,0.14706751499176002
store_dept,3,DeepSets_Q,DeepSets,CA_3__HOBBIES_2,1596,228,119.77000427246094,0.00035654811291946896,mean_spl,0.5196655434338457
store_dept,3,DeepSets_Q,DeepSets,CA_3__HOUSEHOLD_1,1596,229,14708.8203125,0.043787275099056576,mean_spl,0.19804205600309296
store_dept,3,DeepSets_Q,DeepSets,CA_3__HOUSEHOLD_2,1596,230,5424.12939453125,0.016147307596747082,mean_spl,0.27446522507732657
store_dept,3,DeepSets_Q,DeepSets,CA_4__FOODS_1,1596,231,1581.9901123046875,0.004709489597381521,mean_spl,0.21832913383677766
store_dept,3,DeepSets_Q,DeepSets,CA_4__FOODS_2,1596,232,2814.64990234375,0.00837904379569587,mean_spl,0.18192511610896156
store_dept,3,DeepSets_Q,DeepSets,CA_4__FOODS_3,1596,233,7998.12060546875,0.02380992491488043,mean_spl,0.24689594309860372
store_dept,3,DeepSets_Q,DeepSets,CA_4__HOBBIES_1,1596,234,4659.6298828125,0.013871438443306206,mean_spl,0.18372015482281523
store_dept,3,DeepSets_Q,DeepSets,CA_4__HOBBIES_2,1596,235,156.27999877929688,0.00046523617486943165,mean_spl,0.28910695205035947
store_dept,3,DeepSets_Q,DeepSets,CA_4__HOUSEHOLD_1,1596,236,4494.2705078125,0.013379173510463173,mean_spl,0.20317226276379688
store_dept,3,DeepSets_Q,DeepSets,CA_4__HOUSEHOLD_2,1596,237,1507.8199462890625,0.004488689465591967,mean_spl,0.2308216246721097
store_dept,3,DeepSets_Q,DeepSets,TX_1__FOODS_1,1596,238,1072.1400146484375,0.0031916964629870063,mean_spl,0.2990847151588176
store_dept,3,DeepSets_Q,DeepSets,TX_1__FOODS_2,1596,239,5790.51025390625,0.017238001421244226,mean_spl,0.23466684406165386
store_dept,3,DeepSets_Q,DeepSets,TX_1__FOODS_3,1596,240,13279.458984375,0.03953215222986405,mean_spl,0.2390949142295038
store_dept,3,DeepSets_Q,DeepSets,TX_1__HOBBIES_1,1596,241,6180.31005859375,0.018398412040096162,mean_spl,0.15330011687235834
store_dept,3,DeepSets_Q,DeepSets,TX_1__HOBBIES_2,1596,242,99.11000061035156,0.0002950445222384743,mean_spl,0.3153002691483049
store_dept,3,DeepSets_Q,DeepSets,TX_1__HOUSEHOLD_1,1596,243,12103.279296875,0.03603073590630498,mean_spl,0.16546234589160494
store_dept,3,DeepSets_Q,DeepSets,TX_1__HOUSEHOLD_2,1596,244,2553.06982421875,0.007600335605783574,mean_spl,0.23246380633490457
store_dept,3,DeepSets_Q,DeepSets,TX_2__FOODS_1,1596,245,530.0400390625,0.001577897377957678,mean_spl,0.21059591208140455
store_dept,3,DeepSets_Q,DeepSets,TX_2__FOODS_2,1596,246,4898.78955078125,0.014583402418081745,mean_spl,0.13523585418609566
store_dept,3,DeepSets_Q,DeepSets,TX_2__FOODS_3,1596,247,7166.9794921875,0.021335667714086834,mean_spl,0.24563630542235768
store_dept,3,DeepSets_Q,DeepSets,TX_2__HOBBIES_1,1596,248,5325.52978515625,0.015853782478577435,mean_spl,0.27127007384298907
store_dept,3,DeepSets_Q,DeepSets,TX_2__HOBBIES_2,1596,249,162.80999755859375,0.00048467558923922876,mean_spl,0.37241083468685665
store_dept,3,DeepSets_Q,DeepSets,TX_2__HOUSEHOLD_1,1596,250,7103.10009765625,0.02114550259125071,mean_spl,0.16296620281555693
store_dept,3,DeepSets_Q,DeepSets,TX_2__HOUSEHOLD_2,1596,251,3017.570068359375,0.008983124948616162,mean_spl,0.18196111780522797
store_dept,3,DeepSets_Q,DeepSets,TX_3__FOODS_1,1596,252,1433.739990234375,0.004268157883440815,mean_spl,0.13343816766000863
store_dept,3,DeepSets_Q,DeepSets,TX_3__FOODS_2,1596,253,6442.3994140625,0.019178636318088856,mean_spl,0.29735322946464393
store_dept,3,DeepSets_Q,DeepSets,TX_3__FOODS_3,1596,254,12349.759765625,0.036764493465538235,mean_spl,0.21141040677030107
store_dept,3,DeepSets_Q,DeepSets,TX_3__HOBBIES_1,1596,255,3376.33984375,0.010051161032985591,mean_spl,0.16215324407254914
store_dept,3,DeepSets_Q,DeepSets,TX_3__HOBBIES_2,1596,256,316.1399841308594,0.0009411297548577161,mean_spl,0.18906009572907434
store_dept,3,DeepSets_Q,DeepSets,TX_3__HOUSEHOLD_1,1596,257,9699.25,0.02887408500351306,mean_spl,0.3729846701506194
store_dept,3,DeepSets_Q,DeepSets,TX_3__HOUSEHOLD_2,1596,258,2113.800048828125,0.006292655853833372,mean_spl,0.21978780514934146
store_dept,3,DeepSets_Q,DeepSets,WI_1__FOODS_1,1596,259,2152.320068359375,0.006407327639619108,mean_spl,0.18630425706138576
store_dept,3,DeepSets_Q,DeepSets,WI_1__FOODS_2,1596,260,3865.420166015625,0.011507123792852923,mean_spl,0.259218856746973
store_dept,3,DeepSets_Q,DeepSets,WI_1__FOODS_3,1596,261,10525.599609375,0.03133407818481198,mean_spl,0.1729710630012344
store_dept,3,DeepSets_Q,DeepSets,WI_1__HOBBIES_1,1596,262,2951.43994140625,0.008786259530471702,mean_spl,0.16314239228223915
store_dept,3,DeepSets_Q,DeepSets,WI_1__HOBBIES_2,1596,263,191.63999938964844,0.0005705007740237544,mean_spl,0.22909030627499216
store_dept,3,DeepSets_Q,DeepSets,WI_1__HOUSEHOLD_1,1596,264,6530.3095703125,0.01944033957599381,mean_spl,0.19013507614423042
store_dept,3,DeepSets_Q,DeepSets,WI_1__HOUSEHOLD_2,1596,265,1616.8099365234375,0.004813146123844863,mean_spl,0.15874173777898049
store_dept,3,DeepSets_Q,DeepSets,WI_2__FOODS_1,1596,266,7289.6904296875,0.02170097080868031,mean_spl,0.3516634196367809
store_dept,3,DeepSets_Q,DeepSets,WI_2__FOODS_2,1596,267,3814.929931640625,0.011356817396049969,mean_spl,0.2251800631847393
store_dept,3,DeepSets_Q,DeepSets,WI_2__FOODS_3,1596,268,10025.19921875,0.029844416260983088,mean_spl,0.27159019242655996
store_dept,3,DeepSets_Q,DeepSets,WI_2__HOBBIES_1,1596,269,3179.23046875,0.009464378256096726,mean_spl,0.17323827416293322
store_dept,3,DeepSets_Q,DeepSets,WI_2__HOBBIES_2,1596,270,207.030029296875,0.0006163159691932641,mean_spl,0.17605972451452756
store_dept,3,DeepSets_Q,DeepSets,WI_2__HOUSEHOLD_1,1596,271,9884.69921875,0.02942615619520547,mean_spl,0.2980147473672424
store_dept,3,DeepSets_Q,DeepSets,WI_2__HOUSEHOLD_2,1596,272,1132.659912109375,0.0033718605647155937,mean_spl,0.19218662465408687
store_dept,3,DeepSets_Q,DeepSets,WI_3__FOODS_1,1596,273,1295.150146484375,0.0038555842381526647,mean_spl,0.18229360246900717
store_dept,3,DeepSets_Q,DeepSets,WI_3__FOODS_2,1596,274,3036.2099609375,0.009038614789867509,mean_spl,0.1390405125685034
store_dept,3,DeepSets_Q,DeepSets,WI_3__FOODS_3,1596,275,9266.05078125,0.027584476934266165,mean_spl,0.11832441772829817
store_dept,3,DeepSets_Q,DeepSets,WI_3__HOBBIES_1,1596,276,2096.369873046875,0.006240767266866959,mean_spl,0.231277195962574
store_dept,3,DeepSets_Q,DeepSets,WI_3__HOBBIES_2,1596,277,209.1300048828125,0.0006225674704509554,mean_spl,0.2715175488123417
store_dept,3,DeepSets_Q,DeepSets,WI_3__HOUSEHOLD_1,1596,278,6023.72998046875,0.01793228254702835,mean_spl,0.16726020167022024
store_dept,3,DeepSets_Q,DeepSets,WI_3__HOUSEHOLD_2,1596,279,1813.590087890625,0.005398948821742158,mean_spl,0.17079313092919254
store_dept,4,DeepSets,DeepSets,CA_1__FOODS_1,1568,0,2837.219970703125,0.008150946766972816,rmsse,0.9665901375510164
store_dept,4,DeepSets,DeepSets,CA_1__FOODS_2,1568,1,4269.56982421875,0.012265892921392366,rmsse,0.9010050830097209
store_dept,4,DeepSets,DeepSets,CA_1__FOODS_3,1568,2,21792.16796875,0.06260593217458271,rmsse,0.7457328026496519
store_dept,4,DeepSets,DeepSets,CA_1__HOBBIES_1,1568,3,4352.5498046875,0.012504283109854773,rmsse,0.6266525759895364
store_dept,4,DeepSets,DeepSets,CA_1__HOBBIES_2,1568,4,121.67000579833984,0.0003495413646597767,rmsse,0.8913043382100955
store_dept,4,DeepSets,DeepSets,CA_1__HOUSEHOLD_1,1568,5,7329.5,0.02105665579173327,rmsse,0.7372266025299905
store_dept,4,DeepSets,DeepSets,CA_1__HOUSEHOLD_2,1568,6,2742.610107421875,0.007879145508276285,rmsse,1.317184800958896
store_dept,4,DeepSets,DeepSets,CA_2__FOODS_1,1568,7,5199.13037109375,0.01493639383866124,rmsse,0.8103300818514493
store_dept,4,DeepSets,DeepSets,CA_2__FOODS_2,1568,8,1568.16015625,0.004505110667367067,rmsse,1.4194040168493967
store_dept,4,DeepSets,DeepSets,CA_2__FOODS_3,1568,9,7694.18017578125,0.022104332295655033,rmsse,0.6321069821651533
store_dept,4,DeepSets,DeepSets,CA_2__HOBBIES_1,1568,10,2803.27001953125,0.00805341317860085,rmsse,0.7033305060600266
store_dept,4,DeepSets,DeepSets,CA_2__HOBBIES_2,1568,11,153.10000610351562,0.00043983547721317844,rmsse,0.43294545293912917
store_dept,4,DeepSets,DeepSets,CA_2__HOUSEHOLD_1,1568,12,5917.11962890625,0.016999079242020248,rmsse,0.7258517470523054
store_dept,4,DeepSets,DeepSets,CA_2__HOUSEHOLD_2,1568,13,4762.96044921875,0.013683337025559518,rmsse,1.0412412613884565
store_dept,4,DeepSets,DeepSets,CA_3__FOODS_1,1568,14,2314.420166015625,0.00664901409280813,rmsse,0.5096075657105923
store_dept,4,DeepSets,DeepSets,CA_3__FOODS_2,1568,15,4588.62060546875,0.013182482386003162,rmsse,0.8567807170599063
store_dept,4,DeepSets,DeepSets,CA_3__FOODS_3,1568,16,28474.12890625,0.08180229638424842,rmsse,1.2977814905115173
store_dept,4,DeepSets,DeepSets,CA_3__HOBBIES_1,1568,17,4085.669921875,0.011737573534833158,rmsse,0.6287980647725107
store_dept,4,DeepSets,DeepSets,CA_3__HOBBIES_2,1568,18,113.18000030517578,0.0003251507345568392,rmsse,1.109869861821038
store_dept,4,DeepSets,DeepSets,CA_3__HOUSEHOLD_1,1568,19,14030.548828125,0.040307856912877374,rmsse,0.8097690500832234
store_dept,4,DeepSets,DeepSets,CA_3__HOUSEHOLD_2,1568,20,5070.36962890625,0.014566481753562625,rmsse,0.6302961961446867
store_dept,4,DeepSets,DeepSets,CA_4__FOODS_1,1568,21,1442.0902099609375,0.0041429288726073845,rmsse,0.8090829169371843
store_dept,4,DeepSets,DeepSets,CA_4__FOODS_2,1568,22,2751.650146484375,0.0079051163099521,rmsse,0.5844492435745829
store_dept,4,DeepSets,DeepSets,CA_4__FOODS_3,1568,23,10152.0009765625,0.029165316892123143,rmsse,1.3058744161763465
store_dept,4,DeepSets,DeepSets,CA_4__HOBBIES_1,1568,24,4711.01025390625,0.013534091186005848,rmsse,0.7052752018200049
store_dept,4,DeepSets,DeepSets,CA_4__HOBBIES_2,1568,25,75.75000762939453,0.00021761946065534208,rmsse,1.2548067512987144
store_dept,4,DeepSets,DeepSets,CA_4__HOUSEHOLD_1,1568,26,3842.72998046875,0.011039640152712242,rmsse,0.8991624192532209
store_dept,4,DeepSets,DeepSets,CA_4__HOUSEHOLD_2,1568,27,1414.659912109375,0.004064125360754588,rmsse,0.9358112552181249
store_dept,4,DeepSets,DeepSets,TX_1__FOODS_1,1568,28,1102.2198486328125,0.003166527588440887,rmsse,0.7050136273342751
store_dept,4,DeepSets,DeepSets,TX_1__FOODS_2,1568,29,5333.4599609375,0.01532230446503201,rmsse,0.8313021167371185
store_dept,4,DeepSets,DeepSets,TX_1__FOODS_3,1568,30,14950.1689453125,0.04294980032876804,rmsse,1.1700822129963724
store_dept,4,DeepSets,DeepSets,TX_1__HOBBIES_1,1568,31,4493.25,0.012908495618555907,rmsse,0.8018585972032368
store_dept,4,DeepSets,DeepSets,TX_1__HOBBIES_2,1568,32,130.3699951171875,0.0003745352497104256,rmsse,0.7413909482248167
store_dept,4,DeepSets,DeepSets,TX_1__HOUSEHOLD_1,1568,33,11238.4697265625,0.032286593718267455,rmsse,0.5993602972959562
store_dept,4,DeepSets,DeepSets,TX_1__HOUSEHOLD_2,1568,34,2269.530029296875,0.006520050840563015,rmsse,0.9287728367616642
store_dept,4,DeepSets,DeepSets,TX_2__FOODS_1,1568,35,521.7400512695312,0.001498888146850916,rmsse,0.728969399213987
store_dept,4,DeepSets,DeepSets,TX_2__FOODS_2,1568,36,5048.3994140625,0.014503364316952315,rmsse,0.6328137003272875
store_dept,4,DeepSets,DeepSets,TX_2__FOODS_3,1568,37,8043.50048828125,0.02310788200318941,rmsse,0.8024308355216238
store_dept,4,DeepSets,DeepSets,TX_2__HOBBIES_1,1568,38,4562.39990234375,0.013107153875146986,rmsse,0.6813528144011831
store_dept,4,DeepSets,DeepSets,TX_2__HOBBIES_2,1568,39,224.66000366210938,0.0006454176092888428,rmsse,0.880803181724306
store_dept,4,DeepSets,DeepSets,TX_2__HOUSEHOLD_1,1568,40,6827.1103515625,0.019613358718197787,rmsse,0.6422552342161524
store_dept,4,DeepSets,DeepSets,TX_2__HOUSEHOLD_2,1568,41,3311.769775390625,0.009514263759037614,rmsse,0.912163195127792
store_dept,4,DeepSets,DeepSets,TX_3__FOODS_1,1568,42,1414.6300048828125,0.004064039441363713,rmsse,0.6789284772017845
store_dept,4,DeepSets,DeepSets,TX_3__FOODS_2,1568,43,5332.1796875,0.015318626413719814,rmsse,0.9424567514309978
store_dept,4,DeepSets,DeepSets,TX_3__FOODS_3,1568,44,13022.630859375,0.03741224578875271,rmsse,0.8701753818635379
store_dept,4,DeepSets,DeepSets,TX_3__HOBBIES_1,1568,45,3454.7998046875,0.009925169563633538,rmsse,0.6438615279832145
store_dept,4,DeepSets,DeepSets,TX_3__HOBBIES_2,1568,46,422.6600036621094,0.0012142446570769848,rmsse,0.7516622064861836
store_dept,4,DeepSets,DeepSets,TX_3__HOUSEHOLD_1,1568,47,9825.9091796875,0.028228499548060837,rmsse,1.073344987690308
store_dept,4,DeepSets,DeepSets,TX_3__HOUSEHOLD_2,1568,48,2257.619873046875,0.006485834582894414,rmsse,0.8328770390420063
store_dept,4,DeepSets,DeepSets,WI_1__FOODS_1,1568,49,2354.2099609375,0.006763324757340987,rmsse,0.7019490823958158
store_dept,4,DeepSets,DeepSets,WI_1__FOODS_2,1568,50,3581.640380859375,0.010289565273146643,rmsse,0.74334916018568
store_dept,4,DeepSets,DeepSets,WI_1__FOODS_3,1568,51,10736.1904296875,0.030843613669749723,rmsse,0.7501390749215654
store_dept,4,DeepSets,DeepSets,WI_1__HOBBIES_1,1568,52,2960.969970703125,0.008506463671840405,rmsse,0.5314532779306768
store_dept,4,DeepSets,DeepSets,WI_1__HOBBIES_2,1568,53,208.1600341796875,0.0005980154429793454,rmsse,0.7990487821121142
store_dept,4,DeepSets,DeepSets,WI_1__HOUSEHOLD_1,1568,54,6289.2998046875,0.018068302225024896,rmsse,0.7547110572557892
store_dept,4,DeepSets,DeepSets,WI_1__HOUSEHOLD_2,1568,55,1580.8099365234375,0.004541451764175693,rmsse,1.1470521566091438
store_dept,4,DeepSets,DeepSets,WI_2__FOODS_1,1568,56,8214.708984375,0.02359974070717555,rmsse,1.1465626190553877
store_dept,4,DeepSets,DeepSets,WI_2__FOODS_2,1568,57,4867.7900390625,0.01398449816753761,rmsse,1.3673275927782031
store_dept,4,DeepSets,DeepSets,WI_2__FOODS_3,1568,58,10954.3994140625,0.031470498378754166,rmsse,0.766817624784508
store_dept,4,DeepSets,DeepSets,WI_2__HOBBIES_1,1568,59,2757.90966796875,0.00792309906311636,rmsse,0.4948636705591847
store_dept,4,DeepSets,DeepSets,WI_2__HOBBIES_2,1568,60,190.60000610351562,0.0005475678726275993,rmsse,0.5405151016137573
store_dept,4,DeepSets,DeepSets,WI_2__HOUSEHOLD_1,1568,61,9457.330078125,0.027169621961100218,rmsse,0.99790938539433
store_dept,4,DeepSets,DeepSets,WI_2__HOUSEHOLD_2,1568,62,1478.739990234375,0.0042482187024812405,rmsse,1.0273757008975357
store_dept,4,DeepSets,DeepSets,WI_3__FOODS_1,1568,63,1020.7599487304688,0.0029325043845289285,rmsse,0.9471182129566887
store_dept,4,DeepSets,DeepSets,WI_3__FOODS_2,1568,64,3461.969970703125,0.009945768474577068,rmsse,1.017341460445322
store_dept,4,DeepSets,DeepSets,WI_3__FOODS_3,1568,65,9956.12890625,0.028602603096668545,rmsse,0.7393042458484069
store_dept,4,DeepSets,DeepSets,WI_3__HOBBIES_1,1568,66,1991.85009765625,0.005722314195385491,rmsse,0.7707580891150171
store_dept,4,DeepSets,DeepSets,WI_3__HOBBIES_2,1568,67,203.35000610351562,0.0005841968870685024,rmsse,1.0207474487331798
store_dept,4,DeepSets,DeepSets,WI_3__HOUSEHOLD_1,1568,68,5617.72998046875,0.016138973535661495,rmsse,0.7164595134015201
store_dept,4,DeepSets,DeepSets,WI_3__HOUSEHOLD_2,1568,69,1802.6500244140625,0.005178768139306431,rmsse,0.8500463518811435
store_dept,4,DeepSets,DeepSets,CA_1__FOODS_1,1596,70,3136.22021484375,0.009336339312125621,rmsse,0.9570941339056531
store_dept,4,DeepSets,DeepSets,CA_1__FOODS_2,1596,71,3441.340087890625,0.010244662857824162,rmsse,0.8449143211038743
store_dept,4,DeepSets,DeepSets,CA_1__FOODS_3,1596,72,18587.439453125,0.05533369144698647,rmsse,0.5611918973077693
store_dept,4,DeepSets,DeepSets,CA_1__HOBBIES_1,1596,73,4931.830078125,0.014681762084559498,rmsse,0.6862739838140309
store_dept,4,DeepSets,DeepSets,CA_1__HOBBIES_2,1596,74,131.77999877929688,0.00039230114560571846,rmsse,1.4563318795034235
store_dept,4,DeepSets,DeepSets,CA_1__HOUSEHOLD_1,1596,75,8246.109375,0.0245481725949961,rmsse,0.5738124919722802
store_dept,4,DeepSets,DeepSets,CA_1__HOUSEHOLD_2,1596,76,2291.7197265625,0.006822312053921007,rmsse,0.6784245838706345
store_dept,4,DeepSets,DeepSets,CA_2__FOODS_1,1596,77,5399.7099609375,0.016074612408838368,rmsse,1.1780277176375376
store_dept,4,DeepSets,DeepSets,CA_2__FOODS_2,1596,78,2168.260009765625,0.006454779888309994,rmsse,1.3705467981822097
store_dept,4,DeepSets,DeepSets,CA_2__FOODS_3,1596,79,8459.2197265625,0.025182589318572066,rmsse,0.8768115413560033
store_dept,4,DeepSets,DeepSets,CA_2__HOBBIES_1,1596,80,2974.22998046875,0.008854104108673523,rmsse,1.0746213641219915
store_dept,4,DeepSets,DeepSets,CA_2__HOBBIES_2,1596,81,125.13001251220703,0.00037250453568761694,rmsse,0.6500961945683132
store_dept,4,DeepSets,DeepSets,CA_2__HOUSEHOLD_1,1596,82,6441.75048828125,0.019176704504993123,rmsse,0.6930193562272873
store_dept,4,DeepSets,DeepSets,CA_2__HOUSEHOLD_2,1596,83,4136.85009765625,0.01231515440539401,rmsse,0.8470466699348477
store_dept,4,DeepSets,DeepSets,CA_3__FOODS_1,1596,84,2159.099853515625,0.006427510653038405,rmsse,0.6181750225184477
store_dept,4,DeepSets,DeepSets,CA_3__FOODS_2,1596,85,4249.56005859375,0.012650685193120074,rmsse,0.7644386747053695
store_dept,4,DeepSets,DeepSets,CA_3__FOODS_3,1596,86,18931.880859375,0.056359072836557014,rmsse,1.4912479836979002
store_dept,4,DeepSets,DeepSets,CA_3__HOBBIES_1,1596,87,4516.4599609375,0.01344523018038226,rmsse,0.6302197828929993
store_dept,4,DeepSets,DeepSets,CA_3__HOBBIES_2,1596,88,119.77000427246094,0.00035654811291946896,rmsse,1.3520952211814117
store_dept,4,DeepSets,DeepSets,CA_3__HOUSEHOLD_1,1596,89,14708.8203125,0.043787275099056576,rmsse,0.7860239910908905
store_dept,4,DeepSets,DeepSets,CA_3__HOUSEHOLD_2,1596,90,5424.12939453125,0.016147307596747082,rmsse,0.8854051249459831
store_dept,4,DeepSets,DeepSets,CA_4__FOODS_1,1596,91,1581.9901123046875,0.004709489597381521,rmsse,0.8595522753765223
store_dept,4,DeepSets,DeepSets,CA_4__FOODS_2,1596,92,2814.64990234375,0.00837904379569587,rmsse,0.6828583868236217
store_dept,4,DeepSets,DeepSets,CA_4__FOODS_3,1596,93,7998.12060546875,0.02380992491488043,rmsse,0.761645283717223
store_dept,4,DeepSets,DeepSets,CA_4__HOBBIES_1,1596,94,4659.6298828125,0.013871438443306206,rmsse,0.7690917699903013
store_dept,4,DeepSets,DeepSets,CA_4__HOBBIES_2,1596,95,156.27999877929688,0.00046523617486943165,rmsse,0.8462062591940482
store_dept,4,DeepSets,DeepSets,CA_4__HOUSEHOLD_1,1596,96,4494.2705078125,0.013379173510463173,rmsse,0.9288155267431419
store_dept,4,DeepSets,DeepSets,CA_4__HOUSEHOLD_2,1596,97,1507.8199462890625,0.004488689465591967,rmsse,0.9804646767453262
store_dept,4,DeepSets,DeepSets,TX_1__FOODS_1,1596,98,1072.1400146484375,0.0031916964629870063,rmsse,1.085961157456218
store_dept,4,DeepSets,DeepSets,TX_1__FOODS_2,1596,99,5790.51025390625,0.017238001421244226,rmsse,1.3954244862265055
store_dept,4,DeepSets,DeepSets,TX_1__FOODS_3,1596,100,13279.458984375,0.03953215222986405,rmsse,1.1585336943919495
store_dept,4,DeepSets,DeepSets,TX_1__HOBBIES_1,1596,101,6180.31005859375,0.018398412040096162,rmsse,0.7041534140255931
store_dept,4,DeepSets,DeepSets,TX_1__HOBBIES_2,1596,102,99.11000061035156,0.0002950445222384743,rmsse,0.8111760543949689
store_dept,4,DeepSets,DeepSets,TX_1__HOUSEHOLD_1,1596,103,12103.279296875,0.03603073590630498,rmsse,0.6921901802161168
store_dept,4,DeepSets,DeepSets,TX_1__HOUSEHOLD_2,1596,104,2553.06982421875,0.007600335605783574,rmsse,0.9974111555996468
store_dept,4,DeepSets,DeepSets,TX_2__FOODS_1,1596,105,530.0400390625,0.001577897377957678,rmsse,0.8354054516970595
store_dept,4,DeepSets,DeepSets,TX_2__FOODS_2,1596,106,4898.78955078125,0.014583402418081745,rmsse,0.5979690259567741
store_dept,4,DeepSets,DeepSets,TX_2__FOODS_3,1596,107,7166.9794921875,0.021335667714086834,rmsse,1.1664642058668158
store_dept,4,DeepSets,DeepSets,TX_2__HOBBIES_1,1596,108,5325.52978515625,0.015853782478577435,rmsse,1.0949450392777564
store_dept,4,DeepSets,DeepSets,TX_2__HOBBIES_2,1596,109,162.80999755859375,0.00048467558923922876,rmsse,1.26390874378104
store_dept,4,DeepSets,DeepSets,TX_2__HOUSEHOLD_1,1596,110,7103.10009765625,0.02114550259125071,rmsse,0.7529689078192929
store_dept,4,DeepSets,DeepSets,TX_2__HOUSEHOLD_2,1596,111,3017.570068359375,0.008983124948616162,rmsse,0.9761309266215193
store_dept,4,DeepSets,DeepSets,TX_3__FOODS_1,1596,112,1433.739990234375,0.004268157883440815,rmsse,0.5525199436206039
store_dept,4,DeepSets,DeepSets,TX_3__FOODS_2,1596,113,6442.3994140625,0.019178636318088856,rmsse,1.5587195426794431
store_dept,4,DeepSets,DeepSets,TX_3__FOODS_3,1596,114,12349.759765625,0.036764493465538235,rmsse,0.9879744256082583
store_dept,4,DeepSets,DeepSets,TX_3__HOBBIES_1,1596,115,3376.33984375,0.010051161032985591,rmsse,0.7182405829763254
store_dept,4,DeepSets,DeepSets,TX_3__HOBBIES_2,1596,116,316.1399841308594,0.0009411297548577161,rmsse,0.7798447287895014
store_dept,4,DeepSets,DeepSets,TX_3__HOUSEHOLD_1,1596,117,9699.25,0.02887408500351306,rmsse,1.121064246085514
store_dept,4,DeepSets,DeepSets,TX_3__HOUSEHOLD_2,1596,118,2113.800048828125,0.006292655853833372,rmsse,1.1590084113577674
store_dept,4,DeepSets,DeepSets,WI_1__FOODS_1,1596,119,2152.320068359375,0.006407327639619108,rmsse,0.5611018341652305
store_dept,4,DeepSets,DeepSets,WI_1__FOODS_2,1596,120,3865.420166015625,0.011507123792852923,rmsse,1.1597363410865262
store_dept,4,DeepSets,DeepSets,WI_1__FOODS_3,1596,121,10525.599609375,0.03133407818481198,rmsse,0.785926279368993
store_dept,4,DeepSets,DeepSets,WI_1__HOBBIES_1,1596,122,2951.43994140625,0.008786259530471702,rmsse,0.6572339533793214
store_dept,4,DeepSets,DeepSets,WI_1__HOBBIES_2,1596,123,191.63999938964844,0.0005705007740237544,rmsse,0.7200832312779726
store_dept,4,DeepSets,DeepSets,WI_1__HOUSEHOLD_1,1596,124,6530.3095703125,0.01944033957599381,rmsse,0.8049083592679265
store_dept,4,DeepSets,DeepSets,WI_1__HOUSEHOLD_2,1596,125,1616.8099365234375,0.004813146123844863,rmsse,0.6994749635491675
store_dept,4,DeepSets,DeepSets,WI_2__FOODS_1,1596,126,7289.6904296875,0.02170097080868031,rmsse,1.2191230130728323
store_dept,4,DeepSets,DeepSets,WI_2__FOODS_2,1596,127,3814.929931640625,0.011356817396049969,rmsse,1.1388144837298328
store_dept,4,DeepSets,DeepSets,WI_2__FOODS_3,1596,128,10025.19921875,0.029844416260983088,rmsse,1.0215831272956912
store_dept,4,DeepSets,DeepSets,WI_2__HOBBIES_1,1596,129,3179.23046875,0.009464378256096726,rmsse,0.6728021186706946
store_dept,4,DeepSets,DeepSets,WI_2__HOBBIES_2,1596,130,207.030029296875,0.0006163159691932641,rmsse,0.5902103646165208
store_dept,4,DeepSets,DeepSets,WI_2__HOUSEHOLD_1,1596,131,9884.69921875,0.02942615619520547,rmsse,1.4010666994481675
store_dept,4,DeepSets,DeepSets,WI_2__HOUSEHOLD_2,1596,132,1132.659912109375,0.0033718605647155937,rmsse,0.7323398864588984
store_dept,4,DeepSets,DeepSets,WI_3__FOODS_1,1596,133,1295.150146484375,0.0038555842381526647,rmsse,0.6972046180089919
store_dept,4,DeepSets,DeepSets,WI_3__FOODS_2,1596,134,3036.2099609375,0.009038614789867509,rmsse,0.6667708542670948
store_dept,4,DeepSets,DeepSets,WI_3__FOODS_3,1596,135,9266.05078125,0.027584476934266165,rmsse,0.5070237881304107
store_dept,4,DeepSets,DeepSets,WI_3__HOBBIES_1,1596,136,2096.369873046875,0.006240767266866959,rmsse,0.8790840815144536
store_dept,4,DeepSets,DeepSets,WI_3__HOBBIES_2,1596,137,209.1300048828125,0.0006225674704509554,rmsse,0.9674451968489141
store_dept,4,DeepSets,DeepSets,WI_3__HOUSEHOLD_1,1596,138,6023.72998046875,0.01793228254702835,rmsse,0.8967517265789009
store_dept,4,DeepSets,DeepSets,WI_3__HOUSEHOLD_2,1596,139,1813.590087890625,0.005398948821742158,rmsse,0.6595228679626733
store_dept,4,DeepSets,DeepSets,CA_1__FOODS_1,1624,140,2858.880126953125,0.008347017516791502,rmsse,1.1630793769833525
store_dept,4,DeepSets,DeepSets,CA_1__FOODS_2,1624,141,3166.259765625,0.00924446795695165,rmsse,1.002756611909337
store_dept,4,DeepSets,DeepSets,CA_1__FOODS_3,1624,142,16864.1796875,0.049238022234917564,rmsse,0.4608698428675859
store_dept,4,DeepSets,DeepSets,CA_1__HOBBIES_1,1624,143,4974.34033203125,0.014523486135180681,rmsse,0.628448833957835
store_dept,4,DeepSets,DeepSets,CA_1__HOBBIES_2,1624,144,143.87001037597656,0.00042005451205437736,rmsse,0.8810903317882067
store_dept,4,DeepSets,DeepSets,CA_1__HOUSEHOLD_1,1624,145,8321.009765625,0.024294692742185,rmsse,0.7223250735275099
store_dept,4,DeepSets,DeepSets,CA_1__HOUSEHOLD_2,1624,146,2499.0400390625,0.007296399308441527,rmsse,0.7393725007067186
store_dept,4,DeepSets,DeepSets,CA_2__FOODS_1,1624,147,6466.2802734375,0.01887947458936991,rmsse,0.799510987799474
store_dept,4,DeepSets,DeepSets,CA_2__FOODS_2,1624,148,3255.18994140625,0.009504115686850893,rmsse,1.1265424459481894
store_dept,4,DeepSets,DeepSets,CA_2__FOODS_3,1624,149,8264.2802734375,0.02412906073105468,rmsse,1.4136658351323783
store_dept,4,DeepSets,DeepSets,CA_2__HOBBIES_1,1624,150,3487.1298828125,0.01018130628869151,rmsse,0.8564462110672757
store_dept,4,DeepSets,DeepSets,CA_2__HOBBIES_2,1624,151,173.8599853515625,0.0005076156672386427,rmsse,0.4943847185072078
store_dept,4,DeepSets,DeepSets,CA_2__HOUSEHOLD_1,1624,152,7005.9794921875,0.02045522405512525,rmsse,0.6550420758439429
store_dept,4,DeepSets,DeepSets,CA_2__HOUSEHOLD_2,1624,153,4335.580078125,0.012658510063564834,rmsse,0.6542573510403337
store_dept,4,DeepSets,DeepSets,CA_3__FOODS_1,1624,154,2044.969970703125,0.005970659632015925,rmsse,0.42800778961428754
store_dept,4,DeepSets,DeepSets,CA_3__FOODS_2,1624,155,4304.5595703125,0.012567940081406588,rmsse,0.8434690650234442
store_dept,4,DeepSets,DeepSets,CA_3__FOODS_3,1624,156,25704.58984375,0.07504919834340437,rmsse,0.5972200603221648
store_dept,4,DeepSets,DeepSets,CA_3__HOBBIES_1,1624,157,4099.60986328125,0.011969552349608144,rmsse,0.4808972407841898
store_dept,4,DeepSets,DeepSets,CA_3__HOBBIES_2,1624,158,39.31000518798828,0.00011477266877887635,rmsse,0.8629725040187032
store_dept,4,DeepSets,DeepSets,CA_3__HOUSEHOLD_1,1624,159,14115.701171875,0.04121334218689569,rmsse,0.8287022202558862
store_dept,4,DeepSets,DeepSets,CA_3__HOUSEHOLD_2,1624,160,5836.0,0.01703925735421152,rmsse,0.8087831178793192
store_dept,4,DeepSets,DeepSets,CA_4__FOODS_1,1624,161,1358.300048828125,0.003965802621011052,rmsse,0.8854945484338556
store_dept,4,DeepSets,DeepSets,CA_4__FOODS_2,1624,162,2854.009765625,0.008332797616161288,rmsse,0.6900281491167374
store_dept,4,DeepSets,DeepSets,CA_4__FOODS_3,1624,163,9434.630859375,0.027546110907278345,rmsse,0.8740181419336414
store_dept,4,DeepSets,DeepSets,CA_4__HOBBIES_1,1624,164,4891.9697265625,0.014282990257009973,rmsse,0.9469837781070912
store_dept,4,DeepSets,DeepSets,CA_4__HOBBIES_2,1624,165,99.04000854492188,0.00028916521486638654,rmsse,0.8379852027607019
store_dept,4,DeepSets,DeepSets,CA_4__HOUSEHOLD_1,1624,166,3833.729736328125,0.011193267238483276,rmsse,0.9383739017200423
store_dept,4,DeepSets,DeepSets,CA_4__HOUSEHOLD_2,1624,167,1612.3299560546875,0.004707488872707398,rmsse,1.0979309121816567
store_dept,4,DeepSets,DeepSets,TX_1__FOODS_1,1624,168,1513.239990234375,0.004418177798541474,rmsse,1.0057854590695459
store_dept,4,DeepSets,DeepSets,TX_1__FOODS_2,1624,169,5011.76025390625,0.014632740363933699,rmsse,0.854903052007276
store_dept,4,DeepSets,DeepSets,TX_1__FOODS_3,1624,170,12905.9208984375,0.03768116990774046,rmsse,0.4951022878767978
store_dept,4,DeepSets,DeepSets,TX_1__HOBBIES_1,1624,171,5998.2001953125,0.01751283015593069,rmsse,0.6573550088910473
store_dept,4,DeepSets,DeepSets,TX_1__HOBBIES_2,1624,172,80.80000305175781,0.00023591022039410171,rmsse,0.7680000780197705
store_dept,4,DeepSets,DeepSets,TX_1__HOUSEHOLD_1,1624,173,12742.5908203125,0.03720429820882762,rmsse,0.5671768632675083
store_dept,4,DeepSets,DeepSets,TX_1__HOUSEHOLD_2,1624,174,2314.31005859375,0.006757046724780543,rmsse,0.7389750550727767
store_dept,4,DeepSets,DeepSets,TX_2__FOODS_1,1624,175,541.9400634765625,0.001582292017158135,rmsse,0.7988848494293381
store_dept,4,DeepSets,DeepSets,TX_2__FOODS_2,1624,176,4587.2802734375,0.01339339430003416,rmsse,0.6428325874201196
store_dept,4,DeepSets,DeepSets,TX_2__FOODS_3,1624,177,7761.94921875,0.022662414377759135,rmsse,0.5531504687502701
store_dept,4,DeepSets,DeepSets,TX_2__HOBBIES_1,1624,178,4952.37939453125,0.014459367206838965,rmsse,0.6978174119629741
store_dept,4,DeepSets,DeepSets,TX_2__HOBBIES_2,1624,179,237.43002319335938,0.0006932198884181049,rmsse,0.6876616354779905
store_dept,4,DeepSets,DeepSets,TX_2__HOUSEHOLD_1,1624,180,6273.56005859375,0.018316793071535505,rmsse,0.503010087178862
store_dept,4,DeepSets,DeepSets,TX_2__HOUSEHOLD_2,1624,181,2541.360107421875,0.007419960400974634,rmsse,0.777516538165267
store_dept,4,DeepSets,DeepSets,TX_3__FOODS_1,1624,182,1223.9598388671875,0.003573572084591719,rmsse,0.5730282696970449
store_dept,4,DeepSets,DeepSets,TX_3__FOODS_2,1624,183,6091.509765625,0.01778526432011259,rmsse,1.273252617247267
store_dept,4,DeepSets,DeepSets,TX_3__FOODS_3,1624,184,12171.9892578125,0.03553832376226273,rmsse,0.5638123654675177
store_dept,4,DeepSets,DeepSets,TX_3__HOBBIES_1,1624,185,2727.900146484375,0.007964597778022373,rmsse,0.7798571350470158
store_dept,4,DeepSets,DeepSets,TX_3__HOBBIES_2,1624,186,316.3800354003906,0.000923728725997568,rmsse,0.4122842625069157
store_dept,4,DeepSets,DeepSets,TX_3__HOUSEHOLD_1,1624,187,10132.8505859375,0.029584689661679587,rmsse,0.8494560350983882
store_dept,4,DeepSets,DeepSets,TX_3__HOUSEHOLD_2,1624,188,1742.340087890625,0.00508707696301026,rmsse,0.7224817563265233
store_dept,4,DeepSets,DeepSets,WI_1__FOODS_1,1624,189,2585.879638671875,0.007549943223157227,rmsse,0.5352916965661931
store_dept,4,DeepSets,DeepSets,WI_1__FOODS_2,1624,190,3695.4501953125,0.010789535112680075,rmsse,0.9675584779600248
store_dept,4,DeepSets,DeepSets,WI_1__FOODS_3,1624,191,10767.6591796875,0.03143812814687002,rmsse,1.1078987824273623
store_dept,4,DeepSets,DeepSets,WI_1__HOBBIES_1,1624,192,3117.719970703125,0.009102747247973842,rmsse,0.6997838062024636
store_dept,4,DeepSets,DeepSets,WI_1__HOBBIES_2,1624,193,212.5600128173828,0.0006206073957522078,rmsse,0.7623236474191972
store_dept,4,DeepSets,DeepSets,WI_1__HOUSEHOLD_1,1624,194,6327.2294921875,0.018473490688235072,rmsse,0.7320174264279353
store_dept,4,DeepSets,DeepSets,WI_1__HOUSEHOLD_2,1624,195,1615.60986328125,0.004717065154978017,rmsse,0.67016729578073
store_dept,4,DeepSets,DeepSets,WI_2__FOODS_1,1624,196,9135.740234375,0.0266734456776457,rmsse,1.1841463165883686
store_dept,4,DeepSets,DeepSets,WI_2__FOODS_2,1624,197,3920.800048828125,0.011447484761204166,rmsse,1.0846363976984403
store_dept,4,DeepSets,DeepSets,WI_2__FOODS_3,1624,198,9528.0,0.027818718997760002,rmsse,0.6553452383656128
store_dept,4,DeepSets,DeepSets,WI_2__HOBBIES_1,1624,199,2732.3798828125,0.007977677178326337,rmsse,0.47744244237846406
store_dept,4,DeepSets,DeepSets,WI_2__HOBBIES_2,1624,200,228.1800079345703,0.0006662127961417359,rmsse,0.665725251151448
store_dept,4,DeepSets,DeepSets,WI_2__HOUSEHOLD_1,1624,201,9458.01953125,0.027614398364312502,rmsse,1.5627495240153066
store_dept,4,DeepSets,DeepSets,WI_2__HOUSEHOLD_2,1624,202,1385.5101318359375,0.00404524737889309,rmsse,1.0226610368023235
store_dept,4,DeepSets,DeepSets,WI_3__FOODS_1,1624,203,1268.830078125,0.0037045788622234723,rmsse,1.088540884605675
store_dept,4,DeepSets,DeepSets,WI_3__FOODS_2,1624,204,3024.18994140625,0.008829669413920315,rmsse,0.855870689329632
store_dept,4,DeepSets,DeepSets,WI_3__FOODS_3,1624,205,10186.060546875,0.029740045764870403,rmsse,0.7813966374609893
store_dept,4,DeepSets,DeepSets,WI_3__HOBBIES_1,1624,206,2255.8798828125,0.006586449260354817,rmsse,0.7391819650074147
store_dept,4,DeepSets,DeepSets,WI_3__HOBBIES_2,1624,207,190.6699981689453,0.0005566955395009764,rmsse,0.8853670814002449
store_dept,4,DeepSets,DeepSets,WI_3__HOUSEHOLD_1,1624,208,5221.47021484375,0.015245026517832895,rmsse,0.6966833667500993
store_dept,4,DeepSets,DeepSets,WI_3__HOUSEHOLD_2,1624,209,1731.0699462890625,0.005054171746566218,rmsse,0.9451180527224429
store_dept,4,DeepSets,DeepSets,CA_1__FOODS_1,1652,210,2912.0703125,0.008132549264758957,rmsse,1.0193738344194405
store_dept,4,DeepSets,DeepSets,CA_1__FOODS_2,1652,211,2796.10986328125,0.007808706099988167,rmsse,0.6422501120453505
store_dept,4,DeepSets,DeepSets,CA_1__FOODS_3,1652,212,16442.25,0.045918330877693384,rmsse,0.5692969930551953
store_dept,4,DeepSets,DeepSets,CA_1__HOBBIES_1,1652,213,6472.3095703125,0.01807524228086003,rmsse,0.5576347946368027
store_dept,4,DeepSets,DeepSets,CA_1__HOBBIES_2,1652,214,103.760009765625,0.0002897709535064037,rmsse,1.310648666275429
store_dept,4,DeepSets,DeepSets,CA_1__HOUSEHOLD_1,1652,215,9321.0205078125,0.026030847590536574,rmsse,0.8821533333705798
store_dept,4,DeepSets,DeepSets,CA_1__HOUSEHOLD_2,1652,216,2393.030029296875,0.006683023593821417,rmsse,0.8520981793430806
store_dept,4,DeepSets,DeepSets,CA_2__FOODS_1,1652,217,7144.73974609375,0.019953140458035843,rmsse,0.9877788483441942
store_dept,4,DeepSets,DeepSets,CA_2__FOODS_2,1652,218,4126.7900390625,0.01152490142629148,rmsse,1.068125819055045
store_dept,4,DeepSets,DeepSets,CA_2__FOODS_3,1652,219,10970.9111328125,0.03063850308967777,rmsse,1.0006893515197088
store_dept,4,DeepSets,DeepSets,CA_2__HOBBIES_1,1652,220,3719.56005859375,0.010387628791069373,rmsse,0.7409122290695112
store_dept,4,DeepSets,DeepSets,CA_2__HOBBIES_2,1652,221,125.85999298095703,0.00035148965634044924,rmsse,1.2113827614195263
store_dept,4,DeepSets,DeepSets,CA_2__HOUSEHOLD_1,1652,222,7390.810546875,0.020640343270887637,rmsse,0.8414293428606938
store_dept,4,DeepSets,DeepSets,CA_2__HOUSEHOLD_2,1652,223,4772.2802734375,0.013327564331937063,rmsse,0.7024695702110425
store_dept,4,DeepSets,DeepSets,CA_3__FOODS_1,1652,224,1999.469970703125,0.0055839269987232884,rmsse,0.48330110056920506
store_dept,4,DeepSets,DeepSets,CA_3__FOODS_2,1652,225,4837.259765625,0.01350903279413233,rmsse,0.9086951026111948
store_dept,4,DeepSets,DeepSets,CA_3__FOODS_3,1652,226,24029.509765625,0.06710729859032269,rmsse,0.5438269869941147
store_dept,4,DeepSets,DeepSets,CA_3__HOBBIES_1,1652,227,4375.419921875,0.012219250996761853,rmsse,0.5315230132839138
store_dept,4,DeepSets,DeepSets,CA_3__HOBBIES_2,1652,228,116.95000457763672,0.0003266066995906083,rmsse,1.0910600188339177
store_dept,4,DeepSets,DeepSets,CA_3__HOUSEHOLD_1,1652,229,17274.9296875,0.048243758444222254,rmsse,1.1123222041788112
store_dept,4,DeepSets,DeepSets,CA_3__HOUSEHOLD_2,1652,230,5732.62060546875,0.016009510240885344,rmsse,1.0901702419802244
store_dept,4,DeepSets,DeepSets,CA_4__FOODS_1,1652,231,1234.8699951171875,0.0034486258892016987,rmsse,0.9103871722505007
store_dept,4,DeepSets,DeepSets,CA_4__FOODS_2,1652,232,3245.919921875,0.009064892272964644,rmsse,0.7540464715599443
store_dept,4,DeepSets,DeepSets,CA_4__FOODS_3,1652,233,10574.0810546875,0.029530274299240655,rmsse,0.7260968110963303
store_dept,4,DeepSets,DeepSets,CA_4__HOBBIES_1,1652,234,4814.67041015625,0.013445947419641132,rmsse,0.7473378242055485
store_dept,4,DeepSets,DeepSets,CA_4__HOBBIES_2,1652,235,99.33000183105469,0.0002773992543697036,rmsse,0.8215693418298445
store_dept,4,DeepSets,DeepSets,CA_4__HOUSEHOLD_1,1652,236,4143.0,0.011570171042666525,rmsse,0.9563509141215804
store_dept,4,DeepSets,DeepSets,CA_4__HOUSEHOLD_2,1652,237,1649.139892578125,0.00460555892599894,rmsse,1.261426731291205
store_dept,4,DeepSets,DeepSets,TX_1__FOODS_1,1652,238,1119.7099609375,0.003127018046397376,rmsse,0.9492722668779978
store_dept,4,DeepSets,DeepSets,TX_1__FOODS_2,1652,239,5013.2099609375,0.014000409539185722,rmsse,0.7332413054661929
store_dept,4,DeepSets,DeepSets,TX_1__FOODS_3,1652,240,11401.0302734375,0.03183969836502317,rmsse,1.1547620269257073
store_dept,4,DeepSets,DeepSets,TX_1__HOBBIES_1,1652,241,4637.939453125,0.012952390238519792,rmsse,1.1229034749940054
store_dept,4,DeepSets,DeepSets,TX_1__HOBBIES_2,1652,242,106.32999420166016,0.0002969481583101492,rmsse,1.018296001490083
store_dept,4,DeepSets,DeepSets,TX_1__HOUSEHOLD_1,1652,243,12742.048828125,0.035584765719385666,rmsse,1.0310157554232242
store_dept,4,DeepSets,DeepSets,TX_1__HOUSEHOLD_2,1652,244,2441.05029296875,0.006817129957373804,rmsse,1.0668303238219685
store_dept,4,DeepSets,DeepSets,TX_2__FOODS_1,1652,245,599.0999755859375,0.0016731086626084087,rmsse,0.5579128452711111
store_dept,4,DeepSets,DeepSets,TX_2__FOODS_2,1652,246,4469.77001953125,0.01248274285478143,rmsse,0.4547469615736278
store_dept,4,DeepSets,DeepSets,TX_2__FOODS_3,1652,247,10780.2197265625,0.03010595851167171,rmsse,0.746014300763319
store_dept,4,DeepSets,DeepSets,TX_2__HOBBIES_1,1652,248,5179.759765625,0.014465533779436043,rmsse,0.8093138610019264
store_dept,4,DeepSets,DeepSets,TX_2__HOBBIES_2,1652,249,186.760009765625,0.0005215653528646758,rmsse,0.9673554533313169
store_dept,4,DeepSets,DeepSets,TX_2__HOUSEHOLD_1,1652,250,7181.52978515625,0.02005588413281728,rmsse,0.7060074581190943
store_dept,4,DeepSets,DeepSets,TX_2__HOUSEHOLD_2,1652,251,3241.17041015625,0.009051628294457503,rmsse,0.8429102214001973
store_dept,4,DeepSets,DeepSets,TX_3__FOODS_1,1652,252,1270.159912109375,0.003547180167666848,rmsse,0.6218453022541602
store_dept,4,DeepSets,DeepSets,TX_3__FOODS_2,1652,253,6379.099609375,0.01781493448676707,rmsse,1.2478213928673612
store_dept,4,DeepSets,DeepSets,TX_3__FOODS_3,1652,254,13397.4208984375,0.037415025663894985,rmsse,1.09843910308207
store_dept,4,DeepSets,DeepSets,TX_3__HOBBIES_1,1652,255,3831.489990234375,0.010700215914862761,rmsse,0.995994337799152
store_dept,4,DeepSets,DeepSets,TX_3__HOBBIES_2,1652,256,179.2400360107422,0.0005005642950369285,rmsse,0.6503156590277783
store_dept,4,DeepSets,DeepSets,TX_3__HOUSEHOLD_1,1652,257,9337.3095703125,0.02607633811413051,rmsse,1.1161650484388947
store_dept,4,DeepSets,DeepSets,TX_3__HOUSEHOLD_2,1652,258,2009.77001953125,0.005612691982235049,rmsse,0.9949974409859697
store_dept,4,DeepSets,DeepSets,WI_1__FOODS_1,1652,259,2607.9599609375,0.0072832591891076,rmsse,0.627740793390938
store_dept,4,DeepSets,DeepSets,WI_1__FOODS_2,1652,260,3778.159912109375,0.010551280813336084,rmsse,0.8652843132333377
store_dept,4,DeepSets,DeepSets,WI_1__FOODS_3,1652,261,9821.6796875,0.027429040287390422,rmsse,0.7070903850475098
store_dept,4,DeepSets,DeepSets,WI_1__HOBBIES_1,1652,262,3198.909912109375,0.00893360724913995,rmsse,0.7003020853365962
store_dept,4,DeepSets,DeepSets,WI_1__HOBBIES_2,1652,263,247.41000366210938,0.000690942809567308,rmsse,0.7853299857473075
store_dept,4,DeepSets,DeepSets,WI_1__HOUSEHOLD_1,1652,264,6200.14990234375,0.017315180994518307,rmsse,0.7322445171264677
store_dept,4,DeepSets,DeepSets,WI_1__HOUSEHOLD_2,1652,265,1591.97998046875,0.004445928233290937,rmsse,0.850195089489594
store_dept,4,DeepSets,DeepSets,WI_2__FOODS_1,1652,266,10432.2509765625,0.02913418492851871,rmsse,1.0871014594242698
store_dept,4,DeepSets,DeepSets,WI_2__FOODS_2,1652,267,4274.830078125,0.011938333377321206,rmsse,0.9480700555318549
store_dept,4,DeepSets,DeepSets,WI_2__FOODS_3,1652,268,9833.7197265625,0.02746266454790539,rmsse,0.6047650931514751
store_dept,4,DeepSets,DeepSets,WI_2__HOBBIES_1,1652,269,2805.360107421875,0.007834539290162788,rmsse,0.6785844696340532
store_dept,4,DeepSets,DeepSets,WI_2__HOBBIES_2,1652,270,180.48001098632812,0.0005040271776234975,rmsse,0.6318541838454955
store_dept,4,DeepSets,DeepSets,WI_2__HOUSEHOLD_1,1652,271,11269.71875,0.03147298419991455,rmsse,1.3533264325262635
store_dept,4,DeepSets,DeepSets,WI_2__HOUSEHOLD_2,1652,272,1156.52001953125,0.0032298176297959435,rmsse,0.8451279092161031
store_dept,4,DeepSets,DeepSets,WI_3__FOODS_1,1652,273,1283.8699951171875,0.003585468365931281,rmsse,0.9419878186994772
store_dept,4,DeepSets,DeepSets,WI_3__FOODS_2,1652,274,3003.880126953125,0.00838894686471506,rmsse,0.7278536311488746
store_dept,4,DeepSets,DeepSets,WI_3__FOODS_3,1652,275,8792.7099609375,0.024555432820807285,rmsse,0.5042375222982576
store_dept,4,DeepSets,DeepSets,WI_3__HOBBIES_1,1652,276,2022.27001953125,0.005647600777319126,rmsse,1.187974024612946
store_dept,4,DeepSets,DeepSets,WI_3__HOBBIES_2,1652,277,175.20001220703125,0.0004892817059890454,rmsse,0.7903987454184547
store_dept,4,DeepSets,DeepSets,WI_3__HOUSEHOLD_1,1652,278,5442.150390625,0.015198313024244677,rmsse,0.7738991930881579
store_dept,4,DeepSets,DeepSets,WI_3__HOUSEHOLD_2,1652,279,1633.949951171875,0.004563137921847746,rmsse,0.9307573830318457
store_dept,4,DeepSets_Q,DeepSets,CA_1__FOODS_1,1568,0,2837.219970703125,0.008150946766972816,mean_spl,0.2505510211567652
store_dept,4,DeepSets_Q,DeepSets,CA_1__FOODS_2,1568,1,4269.56982421875,0.012265892921392366,mean_spl,0.19932846918348301
store_dept,4,DeepSets_Q,DeepSets,CA_1__FOODS_3,1568,2,21792.16796875,0.06260593217458271,mean_spl,0.1678258971354905
store_dept,4,DeepSets_Q,DeepSets,CA_1__HOBBIES_1,1568,3,4352.5498046875,0.012504283109854773,mean_spl,0.15872879395657635
store_dept,4,DeepSets_Q,DeepSets,CA_1__HOBBIES_2,1568,4,121.67000579833984,0.0003495413646597767,mean_spl,0.331023931460305
store_dept,4,DeepSets_Q,DeepSets,CA_1__HOUSEHOLD_1,1568,5,7329.5,0.02105665579173327,mean_spl,0.24516607939807475
store_dept,4,DeepSets_Q,DeepSets,CA_1__HOUSEHOLD_2,1568,6,2742.610107421875,0.007879145508276285,mean_spl,0.23708308881789156
store_dept,4,DeepSets_Q,DeepSets,CA_2__FOODS_1,1568,7,5199.13037109375,0.01493639383866124,mean_spl,0.1938948425169113
store_dept,4,DeepSets_Q,DeepSets,CA_2__FOODS_2,1568,8,1568.16015625,0.004505110667367067,mean_spl,0.37677708206537486
store_dept,4,DeepSets_Q,DeepSets,CA_2__FOODS_3,1568,9,7694.18017578125,0.022104332295655033,mean_spl,0.23421955731455624
store_dept,4,DeepSets_Q,DeepSets,CA_2__HOBBIES_1,1568,10,2803.27001953125,0.00805341317860085,mean_spl,0.18767654221891933
store_dept,4,DeepSets_Q,DeepSets,CA_2__HOBBIES_2,1568,11,153.10000610351562,0.00043983547721317844,mean_spl,0.1698110450516615
store_dept,4,DeepSets_Q,DeepSets,CA_2__HOUSEHOLD_1,1568,12,5917.11962890625,0.016999079242020248,mean_spl,0.18588102511591134
store_dept,4,DeepSets_Q,DeepSets,CA_2__HOUSEHOLD_2,1568,13,4762.96044921875,0.013683337025559518,mean_spl,0.2108498290296865
store_dept,4,DeepSets_Q,DeepSets,CA_3__FOODS_1,1568,14,2314.420166015625,0.00664901409280813,mean_spl,0.14480450146133986
store_dept,4,DeepSets_Q,DeepSets,CA_3__FOODS_2,1568,15,4588.62060546875,0.013182482386003162,mean_spl,0.18100245945825255
store_dept,4,DeepSets_Q,DeepSets,CA_3__FOODS_3,1568,16,28474.12890625,0.08180229638424842,mean_spl,0.4105723064826941
store_dept,4,DeepSets_Q,DeepSets,CA_3__HOBBIES_1,1568,17,4085.669921875,0.011737573534833158,mean_spl,0.14754845287268503
store_dept,4,DeepSets_Q,DeepSets,CA_3__HOBBIES_2,1568,18,113.18000030517578,0.0003251507345568392,mean_spl,0.35959366458766007
store_dept,4,DeepSets_Q,DeepSets,CA_3__HOUSEHOLD_1,1568,19,14030.548828125,0.040307856912877374,mean_spl,0.22423539833025752
store_dept,4,DeepSets_Q,DeepSets,CA_3__HOUSEHOLD_2,1568,20,5070.36962890625,0.014566481753562625,mean_spl,0.18936062772879836
store_dept,4,DeepSets_Q,DeepSets,CA_4__FOODS_1,1568,21,1442.0902099609375,0.0041429288726073845,mean_spl,0.20767778810766646
store_dept,4,DeepSets_Q,DeepSets,CA_4__FOODS_2,1568,22,2751.650146484375,0.0079051163099521,mean_spl,0.15708756754734488
store_dept,4,DeepSets_Q,DeepSets,CA_4__FOODS_3,1568,23,10152.0009765625,0.029165316892123143,mean_spl,0.25010703462071554
store_dept,4,DeepSets_Q,DeepSets,CA_4__HOBBIES_1,1568,24,4711.01025390625,0.013534091186005848,mean_spl,0.16162037159317885
store_dept,4,DeepSets_Q,DeepSets,CA_4__HOBBIES_2,1568,25,75.75000762939453,0.00021761946065534208,mean_spl,0.4610173434387019
store_dept,4,DeepSets_Q,DeepSets,CA_4__HOUSEHOLD_1,1568,26,3842.72998046875,0.011039640152712242,mean_spl,0.23843066868176555
store_dept,4,DeepSets_Q,DeepSets,CA_4__HOUSEHOLD_2,1568,27,1414.659912109375,0.004064125360754588,mean_spl,0.20237298389583325
store_dept,4,DeepSets_Q,DeepSets,TX_1__FOODS_1,1568,28,1102.2198486328125,0.003166527588440887,mean_spl,0.17737303787336445
store_dept,4,DeepSets_Q,DeepSets,TX_1__FOODS_2,1568,29,5333.4599609375,0.01532230446503201,mean_spl,0.20848102723761466
store_dept,4,DeepSets_Q,DeepSets,TX_1__FOODS_3,1568,30,14950.1689453125,0.04294980032876804,mean_spl,0.26424254686179616
store_dept,4,DeepSets_Q,DeepSets,TX_1__HOBBIES_1,1568,31,4493.25,0.012908495618555907,mean_spl,0.19884748389733628
store_dept,4,DeepSets_Q,DeepSets,TX_1__HOBBIES_2,1568,32,130.3699951171875,0.0003745352497104256,mean_spl,0.2864139669184529
store_dept,4,DeepSets_Q,DeepSets,TX_1__HOUSEHOLD_1,1568,33,11238.4697265625,0.032286593718267455,mean_spl,0.17270311863817442
store_dept,4,DeepSets_Q,DeepSets,TX_1__HOUSEHOLD_2,1568,34,2269.530029296875,0.006520050840563015,mean_spl,0.2238005271993376
store_dept,4,DeepSets_Q,DeepSets,TX_2__FOODS_1,1568,35,521.7400512695312,0.001498888146850916,mean_spl,0.24541049409765087
store_dept,4,DeepSets_Q,DeepSets,TX_2__FOODS_2,1568,36,5048.3994140625,0.014503364316952315,mean_spl,0.14352199985674444
store_dept,4,DeepSets_Q,DeepSets,TX_2__FOODS_3,1568,37,8043.50048828125,0.02310788200318941,mean_spl,0.12932333196853524
store_dept,4,DeepSets_Q,DeepSets,TX_2__HOBBIES_1,1568,38,4562.39990234375,0.013107153875146986,mean_spl,0.17384933017882023
store_dept,4,DeepSets_Q,DeepSets,TX_2__HOBBIES_2,1568,39,224.66000366210938,0.0006454176092888428,mean_spl,0.30925546078799365
store_dept,4,DeepSets_Q,DeepSets,TX_2__HOUSEHOLD_1,1568,40,6827.1103515625,0.019613358718197787,mean_spl,0.1347260474358834
store_dept,4,DeepSets_Q,DeepSets,TX_2__HOUSEHOLD_2,1568,41,3311.769775390625,0.009514263759037614,mean_spl,0.17625597220032693
store_dept,4,DeepSets_Q,DeepSets,TX_3__FOODS_1,1568,42,1414.6300048828125,0.004064039441363713,mean_spl,0.16690075328988394
store_dept,4,DeepSets_Q,DeepSets,TX_3__FOODS_2,1568,43,5332.1796875,0.015318626413719814,mean_spl,0.2605098231500444
store_dept,4,DeepSets_Q,DeepSets,TX_3__FOODS_3,1568,44,13022.630859375,0.03741224578875271,mean_spl,0.20502730546290138
store_dept,4,DeepSets_Q,DeepSets,TX_3__HOBBIES_1,1568,45,3454.7998046875,0.009925169563633538,mean_spl,0.15797382177188918
store_dept,4,DeepSets_Q,DeepSets,TX_3__HOBBIES_2,1568,46,422.6600036621094,0.0012142446570769848,mean_spl,0.2445068857239179
store_dept,4,DeepSets_Q,DeepSets,TX_3__HOUSEHOLD_1,1568,47,9825.9091796875,0.028228499548060837,mean_spl,0.2593250307148234
store_dept,4,DeepSets_Q,DeepSets,TX_3__HOUSEHOLD_2,1568,48,2257.619873046875,0.006485834582894414,mean_spl,0.15864924518882803
store_dept,4,DeepSets_Q,DeepSets,WI_1__FOODS_1,1568,49,2354.2099609375,0.006763324757340987,mean_spl,0.17765669224308878
store_dept,4,DeepSets_Q,DeepSets,WI_1__FOODS_2,1568,50,3581.640380859375,0.010289565273146643,mean_spl,0.2202848755888769
store_dept,4,DeepSets_Q,DeepSets,WI_1__FOODS_3,1568,51,10736.1904296875,0.030843613669749723,mean_spl,0.20556946072513985
store_dept,4,DeepSets_Q,DeepSets,WI_1__HOBBIES_1,1568,52,2960.969970703125,0.008506463671840405,mean_spl,0.1332822260555156
store_dept,4,DeepSets_Q,DeepSets,WI_1__HOBBIES_2,1568,53,208.1600341796875,0.0005980154429793454,mean_spl,0.26014436737822677
store_dept,4,DeepSets_Q,DeepSets,WI_1__HOUSEHOLD_1,1568,54,6289.2998046875,0.018068302225024896,mean_spl,0.1709479158806653
store_dept,4,DeepSets_Q,DeepSets,WI_1__HOUSEHOLD_2,1568,55,1580.8099365234375,0.004541451764175693,mean_spl,0.2288313226073394
store_dept,4,DeepSets_Q,DeepSets,WI_2__FOODS_1,1568,56,8214.708984375,0.02359974070717555,mean_spl,0.30030619375941314
store_dept,4,DeepSets_Q,DeepSets,WI_2__FOODS_2,1568,57,4867.7900390625,0.01398449816753761,mean_spl,0.2985374304923263
store_dept,4,DeepSets_Q,DeepSets,WI_2__FOODS_3,1568,58,10954.3994140625,0.031470498378754166,mean_spl,0.19025712659508726
store_dept,4,DeepSets_Q,DeepSets,WI_2__HOBBIES_1,1568,59,2757.90966796875,0.00792309906311636,mean_spl,0.16664267972076016
store_dept,4,DeepSets_Q,DeepSets,WI_2__HOBBIES_2,1568,60,190.60000610351562,0.0005475678726275993,mean_spl,0.2037215780097885
store_dept,4,DeepSets_Q,DeepSets,WI_2__HOUSEHOLD_1,1568,61,9457.330078125,0.027169621961100218,mean_spl,0.2753847349187828
store_dept,4,DeepSets_Q,DeepSets,WI_2__HOUSEHOLD_2,1568,62,1478.739990234375,0.0042482187024812405,mean_spl,0.1821577869500876
store_dept,4,DeepSets_Q,DeepSets,WI_3__FOODS_1,1568,63,1020.7599487304688,0.0029325043845289285,mean_spl,0.24891956798761983
store_dept,4,DeepSets_Q,DeepSets,WI_3__FOODS_2,1568,64,3461.969970703125,0.009945768474577068,mean_spl,0.18427333922712852
store_dept,4,DeepSets_Q,DeepSets,WI_3__FOODS_3,1568,65,9956.12890625,0.028602603096668545,mean_spl,0.13080383356095798
store_dept,4,DeepSets_Q,DeepSets,WI_3__HOBBIES_1,1568,66,1991.85009765625,0.005722314195385491,mean_spl,0.21211443511446748
store_dept,4,DeepSets_Q,DeepSets,WI_3__HOBBIES_2,1568,67,203.35000610351562,0.0005841968870685024,mean_spl,0.4128634490330582
store_dept,4,DeepSets_Q,DeepSets,WI_3__HOUSEHOLD_1,1568,68,5617.72998046875,0.016138973535661495,mean_spl,0.19546536433727002
store_dept,4,DeepSets_Q,DeepSets,WI_3__HOUSEHOLD_2,1568,69,1802.6500244140625,0.005178768139306431,mean_spl,0.2337584670957654
store_dept,4,DeepSets_Q,DeepSets,CA_1__FOODS_1,1596,70,3136.22021484375,0.009336339312125621,mean_spl,0.24267838284630214
store_dept,4,DeepSets_Q,DeepSets,CA_1__FOODS_2,1596,71,3441.340087890625,0.010244662857824162,mean_spl,0.20173442026170255
store_dept,4,DeepSets_Q,DeepSets,CA_1__FOODS_3,1596,72,18587.439453125,0.05533369144698647,mean_spl,0.14572967599283718
store_dept,4,DeepSets_Q,DeepSets,CA_1__HOBBIES_1,1596,73,4931.830078125,0.014681762084559498,mean_spl,0.16491635268399052
store_dept,4,DeepSets_Q,DeepSets,CA_1__HOBBIES_2,1596,74,131.77999877929688,0.00039230114560571846,mean_spl,0.3941339455680557
store_dept,4,DeepSets_Q,DeepSets,CA_1__HOUSEHOLD_1,1596,75,8246.109375,0.0245481725949961,mean_spl,0.1719871293783961
store_dept,4,DeepSets_Q,DeepSets,CA_1__HOUSEHOLD_2,1596,76,2291.7197265625,0.006822312053921007,mean_spl,0.20735458526008524
store_dept,4,DeepSets_Q,DeepSets,CA_2__FOODS_1,1596,77,5399.7099609375,0.016074612408838368,mean_spl,0.322989220261082
store_dept,4,DeepSets_Q,DeepSets,CA_2__FOODS_2,1596,78,2168.260009765625,0.006454779888309994,mean_spl,0.3839471152979597
store_dept,4,DeepSets_Q,DeepSets,CA_2__FOODS_3,1596,79,8459.2197265625,0.025182589318572066,mean_spl,0.18578297784154463
store_dept,4,DeepSets_Q,DeepSets,CA_2__HOBBIES_1,1596,80,2974.22998046875,0.008854104108673523,mean_spl,0.2600069087664466
store_dept,4,DeepSets_Q,DeepSets,CA_2__HOBBIES_2,1596,81,125.13001251220703,0.00037250453568761694,mean_spl,0.2398588800013555
store_dept,4,DeepSets_Q,DeepSets,CA_2__HOUSEHOLD_1,1596,82,6441.75048828125,0.019176704504993123,mean_spl,0.18116230865735983
store_dept,4,DeepSets_Q,DeepSets,CA_2__HOUSEHOLD_2,1596,83,4136.85009765625,0.01231515440539401,mean_spl,0.21561770972792105
store_dept,4,DeepSets_Q,DeepSets,CA_3__FOODS_1,1596,84,2159.099853515625,0.006427510653038405,mean_spl,0.16137704368724387
store_dept,4,DeepSets_Q,DeepSets,CA_3__FOODS_2,1596,85,4249.56005859375,0.012650685193120074,mean_spl,0.19997995795790158
store_dept,4,DeepSets_Q,DeepSets,CA_3__FOODS_3,1596,86,18931.880859375,0.056359072836557014,mean_spl,0.5004835956727629
store_dept,4,DeepSets_Q,DeepSets,CA_3__HOBBIES_1,1596,87,4516.4599609375,0.01344523018038226,mean_spl,0.14855675818814143
store_dept,4,DeepSets_Q,DeepSets,CA_3__HOBBIES_2,1596,88,119.77000427246094,0.00035654811291946896,mean_spl,0.3082888600124647
store_dept,4,DeepSets_Q,DeepSets,CA_3__HOUSEHOLD_1,1596,89,14708.8203125,0.043787275099056576,mean_spl,0.19048388119916632
store_dept,4,DeepSets_Q,DeepSets,CA_3__HOUSEHOLD_2,1596,90,5424.12939453125,0.016147307596747082,mean_spl,0.2772057894529998
store_dept,4,DeepSets_Q,DeepSets,CA_4__FOODS_1,1596,91,1581.9901123046875,0.004709489597381521,mean_spl,0.2259635773178616
store_dept,4,DeepSets_Q,DeepSets,CA_4__FOODS_2,1596,92,2814.64990234375,0.00837904379569587,mean_spl,0.18208999367038858
store_dept,4,DeepSets_Q,DeepSets,CA_4__FOODS_3,1596,93,7998.12060546875,0.02380992491488043,mean_spl,0.2669737272682064
store_dept,4,DeepSets_Q,DeepSets,CA_4__HOBBIES_1,1596,94,4659.6298828125,0.013871438443306206,mean_spl,0.19211698466863983
store_dept,4,DeepSets_Q,DeepSets,CA_4__HOBBIES_2,1596,95,156.27999877929688,0.00046523617486943165,mean_spl,0.38573213811549373
store_dept,4,DeepSets_Q,DeepSets,CA_4__HOUSEHOLD_1,1596,96,4494.2705078125,0.013379173510463173,mean_spl,0.24200119124984174
store_dept,4,DeepSets_Q,DeepSets,CA_4__HOUSEHOLD_2,1596,97,1507.8199462890625,0.004488689465591967,mean_spl,0.2580696909990172
store_dept,4,DeepSets_Q,DeepSets,TX_1__FOODS_1,1596,98,1072.1400146484375,0.0031916964629870063,mean_spl,0.3103004770553084
store_dept,4,DeepSets_Q,DeepSets,TX_1__FOODS_2,1596,99,5790.51025390625,0.017238001421244226,mean_spl,0.27996554206875707
store_dept,4,DeepSets_Q,DeepSets,TX_1__FOODS_3,1596,100,13279.458984375,0.03953215222986405,mean_spl,0.24412677749154085
store_dept,4,DeepSets_Q,DeepSets,TX_1__HOBBIES_1,1596,101,6180.31005859375,0.018398412040096162,mean_spl,0.17090368329302155
store_dept,4,DeepSets_Q,DeepSets,TX_1__HOBBIES_2,1596,102,99.11000061035156,0.0002950445222384743,mean_spl,0.36411959917460257
store_dept,4,DeepSets_Q,DeepSets,TX_1__HOUSEHOLD_1,1596,103,12103.279296875,0.03603073590630498,mean_spl,0.17725847330454939
store_dept,4,DeepSets_Q,DeepSets,TX_1__HOUSEHOLD_2,1596,104,2553.06982421875,0.007600335605783574,mean_spl,0.22298404165955846
store_dept,4,DeepSets_Q,DeepSets,TX_2__FOODS_1,1596,105,530.0400390625,0.001577897377957678,mean_spl,0.2286365462092773
store_dept,4,DeepSets_Q,DeepSets,TX_2__FOODS_2,1596,106,4898.78955078125,0.014583402418081745,mean_spl,0.14579432449160545
store_dept,4,DeepSets_Q,DeepSets,TX_2__FOODS_3,1596,107,7166.9794921875,0.021335667714086834,mean_spl,0.2599869651128112
store_dept,4,DeepSets_Q,DeepSets,TX_2__HOBBIES_1,1596,108,5325.52978515625,0.015853782478577435,mean_spl,0.28753021613163554
store_dept,4,DeepSets_Q,DeepSets,TX_2__HOBBIES_2,1596,109,162.80999755859375,0.00048467558923922876,mean_spl,0.46260029319259055
store_dept,4,DeepSets_Q,DeepSets,TX_2__HOUSEHOLD_1,1596,110,7103.10009765625,0.02114550259125071,mean_spl,0.16825902553602473
store_dept,4,DeepSets_Q,DeepSets,TX_2__HOUSEHOLD_2,1596,111,3017.570068359375,0.008983124948616162,mean_spl,0.19910240189503092
store_dept,4,DeepSets_Q,DeepSets,TX_3__FOODS_1,1596,112,1433.739990234375,0.004268157883440815,mean_spl,0.15301677077513465
store_dept,4,DeepSets_Q,DeepSets,TX_3__FOODS_2,1596,113,6442.3994140625,0.019178636318088856,mean_spl,0.3273312000122257
store_dept,4,DeepSets_Q,DeepSets,TX_3__FOODS_3,1596,114,12349.759765625,0.036764493465538235,mean_spl,0.21710184512472816
store_dept,4,DeepSets_Q,DeepSets,TX_3__HOBBIES_1,1596,115,3376.33984375,0.010051161032985591,mean_spl,0.17036918299904447
store_dept,4,DeepSets_Q,DeepSets,TX_3__HOBBIES_2,1596,116,316.1399841308594,0.0009411297548577161,mean_spl,0.26639294231089644
store_dept,4,DeepSets_Q,DeepSets,TX_3__HOUSEHOLD_1,1596,117,9699.25,0.02887408500351306,mean_spl,0.3309395305579794
store_dept,4,DeepSets_Q,DeepSets,TX_3__HOUSEHOLD_2,1596,118,2113.800048828125,0.006292655853833372,mean_spl,0.21246436089731044
store_dept,4,DeepSets_Q,DeepSets,WI_1__FOODS_1,1596,119,2152.320068359375,0.006407327639619108,mean_spl,0.17066584708873303
store_dept,4,DeepSets_Q,DeepSets,WI_1__FOODS_2,1596,120,3865.420166015625,0.011507123792852923,mean_spl,0.25438062882125967
store_dept,4,DeepSets_Q,DeepSets,WI_1__FOODS_3,1596,121,10525.599609375,0.03133407818481198,mean_spl,0.18067560612633288
store_dept,4,DeepSets_Q,DeepSets,WI_1__HOBBIES_1,1596,122,2951.43994140625,0.008786259530471702,mean_spl,0.17807599005439434
store_dept,4,DeepSets_Q,DeepSets,WI_1__HOBBIES_2,1596,123,191.63999938964844,0.0005705007740237544,mean_spl,0.30941673428859306
store_dept,4,DeepSets_Q,DeepSets,WI_1__HOUSEHOLD_1,1596,124,6530.3095703125,0.01944033957599381,mean_spl,0.1901890040587736
store_dept,4,DeepSets_Q,DeepSets,WI_1__HOUSEHOLD_2,1596,125,1616.8099365234375,0.004813146123844863,mean_spl,0.1754530408483877
store_dept,4,DeepSets_Q,DeepSets,WI_2__FOODS_1,1596,126,7289.6904296875,0.02170097080868031,mean_spl,0.30877388486141494
store_dept,4,DeepSets_Q,DeepSets,WI_2__FOODS_2,1596,127,3814.929931640625,0.011356817396049969,mean_spl,0.2410299214783113
store_dept,4,DeepSets_Q,DeepSets,WI_2__FOODS_3,1596,128,10025.19921875,0.029844416260983088,mean_spl,0.22332082327653036
store_dept,4,DeepSets_Q,DeepSets,WI_2__HOBBIES_1,1596,129,3179.23046875,0.009464378256096726,mean_spl,0.19634763406447223
store_dept,4,DeepSets_Q,DeepSets,WI_2__HOBBIES_2,1596,130,207.030029296875,0.0006163159691932641,mean_spl,0.224854480744955
store_dept,4,DeepSets_Q,DeepSets,WI_2__HOUSEHOLD_1,1596,131,9884.69921875,0.02942615619520547,mean_spl,0.34336278116932034
store_dept,4,DeepSets_Q,DeepSets,WI_2__HOUSEHOLD_2,1596,132,1132.659912109375,0.0033718605647155937,mean_spl,0.21596259764478623
store_dept,4,DeepSets_Q,DeepSets,WI_3__FOODS_1,1596,133,1295.150146484375,0.0038555842381526647,mean_spl,0.19670187819538162
store_dept,4,DeepSets_Q,DeepSets,WI_3__FOODS_2,1596,134,3036.2099609375,0.009038614789867509,mean_spl,0.1529286536650807
store_dept,4,DeepSets_Q,DeepSets,WI_3__FOODS_3,1596,135,9266.05078125,0.027584476934266165,mean_spl,0.13467177422280616
store_dept,4,DeepSets_Q,DeepSets,WI_3__HOBBIES_1,1596,136,2096.369873046875,0.006240767266866959,mean_spl,0.24974272363076533
store_dept,4,DeepSets_Q,DeepSets,WI_3__HOBBIES_2,1596,137,209.1300048828125,0.0006225674704509554,mean_spl,0.3513786819300334
store_dept,4,DeepSets_Q,DeepSets,WI_3__HOUSEHOLD_1,1596,138,6023.72998046875,0.01793228254702835,mean_spl,0.16461804389669293
store_dept,4,DeepSets_Q,DeepSets,WI_3__HOUSEHOLD_2,1596,139,1813.590087890625,0.005398948821742158,mean_spl,0.20791196365993492
store_dept,4,DeepSets_Q,DeepSets,CA_1__FOODS_1,1624,140,2858.880126953125,0.008347017516791502,mean_spl,0.28516439418933587
store_dept,4,DeepSets_Q,DeepSets,CA_1__FOODS_2,1624,141,3166.259765625,0.00924446795695165,mean_spl,0.2181261969455072
store_dept,4,DeepSets_Q,DeepSets,CA_1__FOODS_3,1624,142,16864.1796875,0.049238022234917564,mean_spl,0.14757633057074457
store_dept,4,DeepSets_Q,DeepSets,CA_1__HOBBIES_1,1624,143,4974.34033203125,0.014523486135180681,mean_spl,0.14725914554514696
store_dept,4,DeepSets_Q,DeepSets,CA_1__HOBBIES_2,1624,144,143.87001037597656,0.00042005451205437736,mean_spl,0.4233885521613907
store_dept,4,DeepSets_Q,DeepSets,CA_1__HOUSEHOLD_1,1624,145,8321.009765625,0.024294692742185,mean_spl,0.21969076685117833
store_dept,4,DeepSets_Q,DeepSets,CA_1__HOUSEHOLD_2,1624,146,2499.0400390625,0.007296399308441527,mean_spl,0.18394841689884497
store_dept,4,DeepSets_Q,DeepSets,CA_2__FOODS_1,1624,147,6466.2802734375,0.01887947458936991,mean_spl,0.1984364487363764
store_dept,4,DeepSets_Q,DeepSets,CA_2__FOODS_2,1624,148,3255.18994140625,0.009504115686850893,mean_spl,0.324609753425378
store_dept,4,DeepSets_Q,DeepSets,CA_2__FOODS_3,1624,149,8264.2802734375,0.02412906073105468,mean_spl,0.5749080403497541
store_dept,4,DeepSets_Q,DeepSets,CA_2__HOBBIES_1,1624,150,3487.1298828125,0.01018130628869151,mean_spl,0.2350791104869971
store_dept,4,DeepSets_Q,DeepSets,CA_2__HOBBIES_2,1624,151,173.8599853515625,0.0005076156672386427,mean_spl,0.1843392144975335
store_dept,4,DeepSets_Q,DeepSets,CA_2__HOUSEHOLD_1,1624,152,7005.9794921875,0.02045522405512525,mean_spl,0.2044547226292874
store_dept,4,DeepSets_Q,DeepSets,CA_2__HOUSEHOLD_2,1624,153,4335.580078125,0.012658510063564834,mean_spl,0.17721182731502044
store_dept,4,DeepSets_Q,DeepSets,CA_3__FOODS_1,1624,154,2044.969970703125,0.005970659632015925,mean_spl,0.14024893250456896
store_dept,4,DeepSets_Q,DeepSets,CA_3__FOODS_2,1624,155,4304.5595703125,0.012567940081406588,mean_spl,0.2110594186205105
store_dept,4,DeepSets_Q,DeepSets,CA_3__FOODS_3,1624,156,25704.58984375,0.07504919834340437,mean_spl,0.19661789509347685
store_dept,4,DeepSets_Q,DeepSets,CA_3__HOBBIES_1,1624,157,4099.60986328125,0.011969552349608144,mean_spl,0.12128621738259304
store_dept,4,DeepSets_Q,DeepSets,CA_3__HOBBIES_2,1624,158,39.31000518798828,0.00011477266877887635,mean_spl,0.3186925621151635
store_dept,4,DeepSets_Q,DeepSets,CA_3__HOUSEHOLD_1,1624,159,14115.701171875,0.04121334218689569,mean_spl,0.21584017072727496
store_dept,4,DeepSets_Q,DeepSets,CA_3__HOUSEHOLD_2,1624,160,5836.0,0.01703925735421152,mean_spl,0.22602005208854356
store_dept,4,DeepSets_Q,DeepSets,CA_4__FOODS_1,1624,161,1358.300048828125,0.003965802621011052,mean_spl,0.22279028582773
store_dept,4,DeepSets_Q,DeepSets,CA_4__FOODS_2,1624,162,2854.009765625,0.008332797616161288,mean_spl,0.1742132662118684
store_dept,4,DeepSets_Q,DeepSets,CA_4__FOODS_3,1624,163,9434.630859375,0.027546110907278345,mean_spl,0.252806087894488
store_dept,4,DeepSets_Q,DeepSets,CA_4__HOBBIES_1,1624,164,4891.9697265625,0.014282990257009973,mean_spl,0.226646163832067
store_dept,4,DeepSets_Q,DeepSets,CA_4__HOBBIES_2,1624,165,99.04000854492188,0.00028916521486638654,mean_spl,0.39361781702759313
store_dept,4,DeepSets_Q,DeepSets,CA_4__HOUSEHOLD_1,1624,166,3833.729736328125,0.011193267238483276,mean_spl,0.24253907643002684
store_dept,4,DeepSets_Q,DeepSets,CA_4__HOUSEHOLD_2,1624,167,1612.3299560546875,0.004707488872707398,mean_spl,0.2561641876997525
store_dept,4,DeepSets_Q,DeepSets,TX_1__FOODS_1,1624,168,1513.239990234375,0.004418177798541474,mean_spl,0.239407916047105
store_dept,4,DeepSets_Q,DeepSets,TX_1__FOODS_2,1624,169,5011.76025390625,0.014632740363933699,mean_spl,0.17965625433727764
store_dept,4,DeepSets_Q,DeepSets,TX_1__FOODS_3,1624,170,12905.9208984375,0.03768116990774046,mean_spl,0.17888745790867966
store_dept,4,DeepSets_Q,DeepSets,TX_1__HOBBIES_1,1624,171,5998.2001953125,0.01751283015593069,mean_spl,0.18405023753205543
store_dept,4,DeepSets_Q,DeepSets,TX_1__HOBBIES_2,1624,172,80.80000305175781,0.00023591022039410171,mean_spl,0.41387339547943935
store_dept,4,DeepSets_Q,DeepSets,TX_1__HOUSEHOLD_1,1624,173,12742.5908203125,0.03720429820882762,mean_spl,0.18190938956640265
store_dept,4,DeepSets_Q,DeepSets,TX_1__HOUSEHOLD_2,1624,174,2314.31005859375,0.006757046724780543,mean_spl,0.194199281861141
store_dept,4,DeepSets_Q,DeepSets,TX_2__FOODS_1,1624,175,541.9400634765625,0.001582292017158135,mean_spl,0.21131956160779597
store_dept,4,DeepSets_Q,DeepSets,TX_2__FOODS_2,1624,176,4587.2802734375,0.01339339430003416,mean_spl,0.13924127778722617
store_dept,4,DeepSets_Q,DeepSets,TX_2__FOODS_3,1624,177,7761.94921875,0.022662414377759135,mean_spl,0.22171641666699282
store_dept,4,DeepSets_Q,DeepSets,TX_2__HOBBIES_1,1624,178,4952.37939453125,0.014459367206838965,mean_spl,0.16945275971436
store_dept,4,DeepSets_Q,DeepSets,TX_2__HOBBIES_2,1624,179,237.43002319335938,0.0006932198884181049,mean_spl,0.3571423368304842
store_dept,4,DeepSets_Q,DeepSets,TX_2__HOUSEHOLD_1,1624,180,6273.56005859375,0.018316793071535505,mean_spl,0.16738462540283303
store_dept,4,DeepSets_Q,DeepSets,TX_2__HOUSEHOLD_2,1624,181,2541.360107421875,0.007419960400974634,mean_spl,0.22351648946069855
store_dept,4,DeepSets_Q,DeepSets,TX_3__FOODS_1,1624,182,1223.9598388671875,0.003573572084591719,mean_spl,0.13187534013476437
store_dept,4,DeepSets_Q,DeepSets,TX_3__FOODS_2,1624,183,6091.509765625,0.01778526432011259,mean_spl,0.2767583997289827
store_dept,4,DeepSets_Q,DeepSets,TX_3__FOODS_3,1624,184,12171.9892578125,0.03553832376226273,mean_spl,0.180445236001041
store_dept,4,DeepSets_Q,DeepSets,TX_3__HOBBIES_1,1624,185,2727.900146484375,0.007964597778022373,mean_spl,0.2544228465399623
store_dept,4,DeepSets_Q,DeepSets,TX_3__HOBBIES_2,1624,186,316.3800354003906,0.000923728725997568,mean_spl,0.17814461306726648
store_dept,4,DeepSets_Q,DeepSets,TX_3__HOUSEHOLD_1,1624,187,10132.8505859375,0.029584689661679587,mean_spl,0.23680656805756023
store_dept,4,DeepSets_Q,DeepSets,TX_3__HOUSEHOLD_2,1624,188,1742.340087890625,0.00508707696301026,mean_spl,0.1809060261070443
store_dept,4,DeepSets_Q,DeepSets,WI_1__FOODS_1,1624,189,2585.879638671875,0.007549943223157227,mean_spl,0.17623351567809942
store_dept,4,DeepSets_Q,DeepSets,WI_1__FOODS_2,1624,190,3695.4501953125,0.010789535112680075,mean_spl,0.24362177853844502
store_dept,4,DeepSets_Q,DeepSets,WI_1__FOODS_3,1624,191,10767.6591796875,0.03143812814687002,mean_spl,0.21746813594027317
store_dept,4,DeepSets_Q,DeepSets,WI_1__HOBBIES_1,1624,192,3117.719970703125,0.009102747247973842,mean_spl,0.1804383848035675
store_dept,4,DeepSets_Q,DeepSets,WI_1__HOBBIES_2,1624,193,212.5600128173828,0.0006206073957522078,mean_spl,0.3348558743837056
store_dept,4,DeepSets_Q,DeepSets,WI_1__HOUSEHOLD_1,1624,194,6327.2294921875,0.018473490688235072,mean_spl,0.2164497143576532
store_dept,4,DeepSets_Q,DeepSets,WI_1__HOUSEHOLD_2,1624,195,1615.60986328125,0.004717065154978017,mean_spl,0.19809850734843026
store_dept,4,DeepSets_Q,DeepSets,WI_2__FOODS_1,1624,196,9135.740234375,0.0266734456776457,mean_spl,0.3241022873306324
store_dept,4,DeepSets_Q,DeepSets,WI_2__FOODS_2,1624,197,3920.800048828125,0.011447484761204166,mean_spl,0.23754681341389228
store_dept,4,DeepSets_Q,DeepSets,WI_2__FOODS_3,1624,198,9528.0,0.027818718997760002,mean_spl,0.14914258344445902
store_dept,4,DeepSets_Q,DeepSets,WI_2__HOBBIES_1,1624,199,2732.3798828125,0.007977677178326337,mean_spl,0.13547771876857648
store_dept,4,DeepSets_Q,DeepSets,WI_2__HOBBIES_2,1624,200,228.1800079345703,0.0006662127961417359,mean_spl,0.2049852255485364
store_dept,4,DeepSets_Q,DeepSets,WI_2__HOUSEHOLD_1,1624,201,9458.01953125,0.027614398364312502,mean_spl,0.5008955687227039
store_dept,4,DeepSets_Q,DeepSets,WI_2__HOUSEHOLD_2,1624,202,1385.5101318359375,0.00404524737889309,mean_spl,0.21866895974119271
store_dept,4,DeepSets_Q,DeepSets,WI_3__FOODS_1,1624,203,1268.830078125,0.0037045788622234723,mean_spl,0.2699641627199379
store_dept,4,DeepSets_Q,DeepSets,WI_3__FOODS_2,1624,204,3024.18994140625,0.008829669413920315,mean_spl,0.20131477733176484
store_dept,4,DeepSets_Q,DeepSets,WI_3__FOODS_3,1624,205,10186.060546875,0.029740045764870403,mean_spl,0.1455436696788537
store_dept,4,DeepSets_Q,DeepSets,WI_3__HOBBIES_1,1624,206,2255.8798828125,0.006586449260354817,mean_spl,0.18541443618867548
store_dept,4,DeepSets_Q,DeepSets,WI_3__HOBBIES_2,1624,207,190.6699981689453,0.0005566955395009764,mean_spl,0.33594379192172946
store_dept,4,DeepSets_Q,DeepSets,WI_3__HOUSEHOLD_1,1624,208,5221.47021484375,0.015245026517832895,mean_spl,0.1782791904244435
store_dept,4,DeepSets_Q,DeepSets,WI_3__HOUSEHOLD_2,1624,209,1731.0699462890625,0.005054171746566218,mean_spl,0.21158197396034034
store_dept,4,DeepSets_Q,DeepSets,CA_1__FOODS_1,1652,210,2912.0703125,0.008132549264758957,mean_spl,0.2343721724156782
store_dept,4,DeepSets_Q,DeepSets,CA_1__FOODS_2,1652,211,2796.10986328125,0.007808706099988167,mean_spl,0.15212489545528898
store_dept,4,DeepSets_Q,DeepSets,CA_1__FOODS_3,1652,212,16442.25,0.045918330877693384,mean_spl,0.14787812374667847
store_dept,4,DeepSets_Q,DeepSets,CA_1__HOBBIES_1,1652,213,6472.3095703125,0.01807524228086003,mean_spl,0.13261733633831863
store_dept,4,DeepSets_Q,DeepSets,CA_1__HOBBIES_2,1652,214,103.760009765625,0.0002897709535064037,mean_spl,0.4590945562194102
store_dept,4,DeepSets_Q,DeepSets,CA_1__HOUSEHOLD_1,1652,215,9321.0205078125,0.026030847590536574,mean_spl,0.20701224898046058
store_dept,4,DeepSets_Q,DeepSets,CA_1__HOUSEHOLD_2,1652,216,2393.030029296875,0.006683023593821417,mean_spl,0.23806055212278196
store_dept,4,DeepSets_Q,DeepSets,CA_2__FOODS_1,1652,217,7144.73974609375,0.019953140458035843,mean_spl,0.24527377394964583
store_dept,4,DeepSets_Q,DeepSets,CA_2__FOODS_2,1652,218,4126.7900390625,0.01152490142629148,mean_spl,0.26664823769958096
store_dept,4,DeepSets_Q,DeepSets,CA_2__FOODS_3,1652,219,10970.9111328125,0.03063850308967777,mean_spl,0.2408969333621542
store_dept,4,DeepSets_Q,DeepSets,CA_2__HOBBIES_1,1652,220,3719.56005859375,0.010387628791069373,mean_spl,0.19824886783650045
store_dept,4,DeepSets_Q,DeepSets,CA_2__HOBBIES_2,1652,221,125.85999298095703,0.00035148965634044924,mean_spl,0.3478695552291576
store_dept,4,DeepSets_Q,DeepSets,CA_2__HOUSEHOLD_1,1652,222,7390.810546875,0.020640343270887637,mean_spl,0.22378468830552828
store_dept,4,DeepSets_Q,DeepSets,CA_2__HOUSEHOLD_2,1652,223,4772.2802734375,0.013327564331937063,mean_spl,0.1579520474896815
store_dept,4,DeepSets_Q,DeepSets,CA_3__FOODS_1,1652,224,1999.469970703125,0.0055839269987232884,mean_spl,0.13488973211867433
store_dept,4,DeepSets_Q,DeepSets,CA_3__FOODS_2,1652,225,4837.259765625,0.01350903279413233,mean_spl,0.1764865245416096
store_dept,4,DeepSets_Q,DeepSets,CA_3__FOODS_3,1652,226,24029.509765625,0.06710729859032269,mean_spl,0.17481889267424522
store_dept,4,DeepSets_Q,DeepSets,CA_3__HOBBIES_1,1652,227,4375.419921875,0.012219250996761853,mean_spl,0.11954314761687157
store_dept,4,DeepSets_Q,DeepSets,CA_3__HOBBIES_2,1652,228,116.95000457763672,0.0003266066995906083,mean_spl,0.27586339930967796
store_dept,4,DeepSets_Q,DeepSets,CA_3__HOUSEHOLD_1,1652,229,17274.9296875,0.048243758444222254,mean_spl,0.26826673172916743
store_dept,4,DeepSets_Q,DeepSets,CA_3__HOUSEHOLD_2,1652,230,5732.62060546875,0.016009510240885344,mean_spl,0.2591929658749004
store_dept,4,DeepSets_Q,DeepSets,CA_4__FOODS_1,1652,231,1234.8699951171875,0.0034486258892016987,mean_spl,0.22815637824955465
store_dept,4,DeepSets_Q,DeepSets,CA_4__FOODS_2,1652,232,3245.919921875,0.009064892272964644,mean_spl,0.1753933896919657
store_dept,4,DeepSets_Q,DeepSets,CA_4__FOODS_3,1652,233,10574.0810546875,0.029530274299240655,mean_spl,0.2379226169256203
store_dept,4,DeepSets_Q,DeepSets,CA_4__HOBBIES_1,1652,234,4814.67041015625,0.013445947419641132,mean_spl,0.17357705614809518
store_dept,4,DeepSets_Q,DeepSets,CA_4__HOBBIES_2,1652,235,99.33000183105469,0.0002773992543697036,mean_spl,0.42420487178885585
store_dept,4,DeepSets_Q,DeepSets,CA_4__HOUSEHOLD_1,1652,236,4143.0,0.011570171042666525,mean_spl,0.2448652372216148
store_dept,4,DeepSets_Q,DeepSets,CA_4__HOUSEHOLD_2,1652,237,1649.139892578125,0.00460555892599894,mean_spl,0.24030332040207916
store_dept,4,DeepSets_Q,DeepSets,TX_1__FOODS_1,1652,238,1119.7099609375,0.003127018046397376,mean_spl,0.2414887279398945
store_dept,4,DeepSets_Q,DeepSets,TX_1__FOODS_2,1652,239,5013.2099609375,0.014000409539185722,mean_spl,0.17718090493756977
store_dept,4,DeepSets_Q,DeepSets,TX_1__FOODS_3,1652,240,11401.0302734375,0.03183969836502317,mean_spl,0.2229709940871498
store_dept,4,DeepSets_Q,DeepSets,TX_1__HOBBIES_1,1652,241,4637.939453125,0.012952390238519792,mean_spl,0.2738747131662884
store_dept,4,DeepSets_Q,DeepSets,TX_1__HOBBIES_2,1652,242,106.32999420166016,0.0002969481583101492,mean_spl,0.4670732131621321
store_dept,4,DeepSets_Q,DeepSets,TX_1__HOUSEHOLD_1,1652,243,12742.048828125,0.035584765719385666,mean_spl,0.1752541379168561
store_dept,4,DeepSets_Q,DeepSets,TX_1__HOUSEHOLD_2,1652,244,2441.05029296875,0.006817129957373804,mean_spl,0.23277982533742061
store_dept,4,DeepSets_Q,DeepSets,TX_2__FOODS_1,1652,245,599.0999755859375,0.0016731086626084087,mean_spl,0.15628926195510895
store_dept,4,DeepSets_Q,DeepSets,TX_2__FOODS_2,1652,246,4469.77001953125,0.01248274285478143,mean_spl,0.11171102577265352
store_dept,4,DeepSets_Q,DeepSets,TX_2__FOODS_3,1652,247,10780.2197265625,0.03010595851167171,mean_spl,0.15551518211521922
store_dept,4,DeepSets_Q,DeepSets,TX_2__HOBBIES_1,1652,248,5179.759765625,0.014465533779436043,mean_spl,0.19628176138230513
store_dept,4,DeepSets_Q,DeepSets,TX_2__HOBBIES_2,1652,249,186.760009765625,0.0005215653528646758,mean_spl,0.424018328506738
store_dept,4,DeepSets_Q,DeepSets,TX_2__HOUSEHOLD_1,1652,250,7181.52978515625,0.02005588413281728,mean_spl,0.20001585977900077
store_dept,4,DeepSets_Q,DeepSets,TX_2__HOUSEHOLD_2,1652,251,3241.17041015625,0.009051628294457503,mean_spl,0.2003851783368664
store_dept,4,DeepSets_Q,DeepSets,TX_3__FOODS_1,1652,252,1270.159912109375,0.003547180167666848,mean_spl,0.18857205935683655
store_dept,4,DeepSets_Q,DeepSets,TX_3__FOODS_2,1652,253,6379.099609375,0.01781493448676707,mean_spl,0.2472711955604325
store_dept,4,DeepSets_Q,DeepSets,TX_3__FOODS_3,1652,254,13397.4208984375,0.037415025663894985,mean_spl,0.24505128610290428
store_dept,4,DeepSets_Q,DeepSets,TX_3__HOBBIES_1,1652,255,3831.489990234375,0.010700215914862761,mean_spl,0.2839570466577654
store_dept,4,DeepSets_Q,DeepSets,TX_3__HOBBIES_2,1652,256,179.2400360107422,0.0005005642950369285,mean_spl,0.2675458319905941
store_dept,4,DeepSets_Q,DeepSets,TX_3__HOUSEHOLD_1,1652,257,9337.3095703125,0.02607633811413051,mean_spl,0.28143940649909666
store_dept,4,DeepSets_Q,DeepSets,TX_3__HOUSEHOLD_2,1652,258,2009.77001953125,0.005612691982235049,mean_spl,0.16329249311530136
store_dept,4,DeepSets_Q,DeepSets,WI_1__FOODS_1,1652,259,2607.9599609375,0.0072832591891076,mean_spl,0.18400134804014803
store_dept,4,DeepSets_Q,DeepSets,WI_1__FOODS_2,1652,260,3778.159912109375,0.010551280813336084,mean_spl,0.23278084577136016
store_dept,4,DeepSets_Q,DeepSets,WI_1__FOODS_3,1652,261,9821.6796875,0.027429040287390422,mean_spl,0.1655098397041299
store_dept,4,DeepSets_Q,DeepSets,WI_1__HOBBIES_1,1652,262,3198.909912109375,0.00893360724913995,mean_spl,0.1602109875101097
store_dept,4,DeepSets_Q,DeepSets,WI_1__HOBBIES_2,1652,263,247.41000366210938,0.000690942809567308,mean_spl,0.32690695362970273
store_dept,4,DeepSets_Q,DeepSets,WI_1__HOUSEHOLD_1,1652,264,6200.14990234375,0.017315180994518307,mean_spl,0.19442077738625294
store_dept,4,DeepSets_Q,DeepSets,WI_1__HOUSEHOLD_2,1652,265,1591.97998046875,0.004445928233290937,mean_spl,0.19686280098068418
store_dept,4,DeepSets_Q,DeepSets,WI_2__FOODS_1,1652,266,10432.2509765625,0.02913418492851871,mean_spl,0.3029601973856833
store_dept,4,DeepSets_Q,DeepSets,WI_2__FOODS_2,1652,267,4274.830078125,0.011938333377321206,mean_spl,0.24350163297859234
store_dept,4,DeepSets_Q,DeepSets,WI_2__FOODS_3,1652,268,9833.7197265625,0.02746266454790539,mean_spl,0.16232424518424673
store_dept,4,DeepSets_Q,DeepSets,WI_2__HOBBIES_1,1652,269,2805.360107421875,0.007834539290162788,mean_spl,0.19461700514272948
store_dept,4,DeepSets_Q,DeepSets,WI_2__HOBBIES_2,1652,270,180.48001098632812,0.0005040271776234975,mean_spl,0.2673857963048564
store_dept,4,DeepSets_Q,DeepSets,WI_2__HOUSEHOLD_1,1652,271,11269.71875,0.03147298419991455,mean_spl,0.34832018088198996
store_dept,4,DeepSets_Q,DeepSets,WI_2__HOUSEHOLD_2,1652,272,1156.52001953125,0.0032298176297959435,mean_spl,0.2463543069979473
store_dept,4,DeepSets_Q,DeepSets,WI_3__FOODS_1,1652,273,1283.8699951171875,0.003585468365931281,mean_spl,0.23643475193048438
store_dept,4,DeepSets_Q,DeepSets,WI_3__FOODS_2,1652,274,3003.880126953125,0.00838894686471506,mean_spl,0.14591366634984196
store_dept,4,DeepSets_Q,DeepSets,WI_3__FOODS_3,1652,275,8792.7099609375,0.024555432820807285,mean_spl,0.13179661702287934
store_dept,4,DeepSets_Q,DeepSets,WI_3__HOBBIES_1,1652,276,2022.27001953125,0.005647600777319126,mean_spl,0.3000676660170873
store_dept,4,DeepSets_Q,DeepSets,WI_3__HOBBIES_2,1652,277,175.20001220703125,0.0004892817059890454,mean_spl,0.2929983343432347
store_dept,4,DeepSets_Q,DeepSets,WI_3__HOUSEHOLD_1,1652,278,5442.150390625,0.015198313024244677,mean_spl,0.15565530373292125
store_dept,4,DeepSets_Q,DeepSets,WI_3__HOUSEHOLD_2,1652,279,1633.949951171875,0.004563137921847746,mean_spl,0.207514254539284
store_dept,5,DeepSets,DeepSets,CA_1__FOODS_1,1624,0,2858.880126953125,0.008347017516791502,rmsse,1.2596323786055674
store_dept,5,DeepSets,DeepSets,CA_1__FOODS_2,1624,1,3166.259765625,0.00924446795695165,rmsse,1.079274021930645
store_dept,5,DeepSets,DeepSets,CA_1__FOODS_3,1624,2,16864.1796875,0.049238022234917564,rmsse,0.4708491016209147
store_dept,5,DeepSets,DeepSets,CA_1__HOBBIES_1,1624,3,4974.34033203125,0.014523486135180681,rmsse,0.5889887802205076
store_dept,5,DeepSets,DeepSets,CA_1__HOBBIES_2,1624,4,143.87001037597656,0.00042005451205437736,rmsse,1.693330744471845
store_dept,5,DeepSets,DeepSets,CA_1__HOUSEHOLD_1,1624,5,8321.009765625,0.024294692742185,rmsse,0.7326854646700289
store_dept,5,DeepSets,DeepSets,CA_1__HOUSEHOLD_2,1624,6,2499.0400390625,0.007296399308441527,rmsse,0.9313111745667978
store_dept,5,DeepSets,DeepSets,CA_2__FOODS_1,1624,7,6466.2802734375,0.01887947458936991,rmsse,0.7514247712135704
store_dept,5,DeepSets,DeepSets,CA_2__FOODS_2,1624,8,3255.18994140625,0.009504115686850893,rmsse,1.0506515489425032
store_dept,5,DeepSets,DeepSets,CA_2__FOODS_3,1624,9,8264.2802734375,0.02412906073105468,rmsse,1.6198827076018414
store_dept,5,DeepSets,DeepSets,CA_2__HOBBIES_1,1624,10,3487.1298828125,0.01018130628869151,rmsse,0.8608944345965565
store_dept,5,DeepSets,DeepSets,CA_2__HOBBIES_2,1624,11,173.8599853515625,0.0005076156672386427,rmsse,0.9549003852208091
store_dept,5,DeepSets,DeepSets,CA_2__HOUSEHOLD_1,1624,12,7005.9794921875,0.02045522405512525,rmsse,0.7391201677786208
store_dept,5,DeepSets,DeepSets,CA_2__HOUSEHOLD_2,1624,13,4335.580078125,0.012658510063564834,rmsse,0.7265307526382617
store_dept,5,DeepSets,DeepSets,CA_3__FOODS_1,1624,14,2044.969970703125,0.005970659632015925,rmsse,0.5278310676480414
store_dept,5,DeepSets,DeepSets,CA_3__FOODS_2,1624,15,4304.5595703125,0.012567940081406588,rmsse,0.9078241720140245
store_dept,5,DeepSets,DeepSets,CA_3__FOODS_3,1624,16,25704.58984375,0.07504919834340437,rmsse,0.6670512208666838
store_dept,5,DeepSets,DeepSets,CA_3__HOBBIES_1,1624,17,4099.60986328125,0.011969552349608144,rmsse,0.4914379335877863
store_dept,5,DeepSets,DeepSets,CA_3__HOBBIES_2,1624,18,39.31000518798828,0.00011477266877887635,rmsse,1.7126546598554386
store_dept,5,DeepSets,DeepSets,CA_3__HOUSEHOLD_1,1624,19,14115.701171875,0.04121334218689569,rmsse,0.8780070743124851
store_dept,5,DeepSets,DeepSets,CA_3__HOUSEHOLD_2,1624,20,5836.0,0.01703925735421152,rmsse,0.7927588343340244
store_dept,5,DeepSets,DeepSets,CA_4__FOODS_1,1624,21,1358.300048828125,0.003965802621011052,rmsse,1.0209943614296946
store_dept,5,DeepSets,DeepSets,CA_4__FOODS_2,1624,22,2854.009765625,0.008332797616161288,rmsse,0.7253746352437768
store_dept,5,DeepSets,DeepSets,CA_4__FOODS_3,1624,23,9434.630859375,0.027546110907278345,rmsse,0.9224461039812607
store_dept,5,DeepSets,DeepSets,CA_4__HOBBIES_1,1624,24,4891.9697265625,0.014282990257009973,rmsse,0.9694646798742745
store_dept,5,DeepSets,DeepSets,CA_4__HOBBIES_2,1624,25,99.04000854492188,0.00028916521486638654,rmsse,1.916792368820403
store_dept,5,DeepSets,DeepSets,CA_4__HOUSEHOLD_1,1624,26,3833.729736328125,0.011193267238483276,rmsse,1.0184204782350919
store_dept,5,DeepSets,DeepSets,CA_4__HOUSEHOLD_2,1624,27,1612.3299560546875,0.004707488872707398,rmsse,1.405905967425923
store_dept,5,DeepSets,DeepSets,TX_1__FOODS_1,1624,28,1513.239990234375,0.004418177798541474,rmsse,1.1551529806432785
store_dept,5,DeepSets,DeepSets,TX_1__FOODS_2,1624,29,5011.76025390625,0.014632740363933699,rmsse,0.7636743861263141
store_dept,5,DeepSets,DeepSets,TX_1__FOODS_3,1624,30,12905.9208984375,0.03768116990774046,rmsse,0.5492360058456919
store_dept,5,DeepSets,DeepSets,TX_1__HOBBIES_1,1624,31,5998.2001953125,0.01751283015593069,rmsse,0.714457444262978
store_dept,5,DeepSets,DeepSets,TX_1__HOBBIES_2,1624,32,80.80000305175781,0.00023591022039410171,rmsse,1.2623449741708408
store_dept,5,DeepSets,DeepSets,TX_1__HOUSEHOLD_1,1624,33,12742.5908203125,0.03720429820882762,rmsse,0.5752321100307901
store_dept,5,DeepSets,DeepSets,TX_1__HOUSEHOLD_2,1624,34,2314.31005859375,0.006757046724780543,rmsse,0.8322460538525791
store_dept,5,DeepSets,DeepSets,TX_2__FOODS_1,1624,35,541.9400634765625,0.001582292017158135,rmsse,0.6669229073729169
store_dept,5,DeepSets,DeepSets,TX_2__FOODS_2,1624,36,4587.2802734375,0.01339339430003416,rmsse,0.6293214281778483
store_dept,5,DeepSets,DeepSets,TX_2__FOODS_3,1624,37,7761.94921875,0.022662414377759135,rmsse,0.6865569424453953
store_dept,5,DeepSets,DeepSets,TX_2__HOBBIES_1,1624,38,4952.37939453125,0.014459367206838965,rmsse,0.6383315690535123
store_dept,5,DeepSets,DeepSets,TX_2__HOBBIES_2,1624,39,237.43002319335938,0.0006932198884181049,rmsse,1.419827048526446
store_dept,5,DeepSets,DeepSets,TX_2__HOUSEHOLD_1,1624,40,6273.56005859375,0.018316793071535505,rmsse,0.598898648027964
store_dept,5,DeepSets,DeepSets,TX_2__HOUSEHOLD_2,1624,41,2541.360107421875,0.007419960400974634,rmsse,0.8151340317326996
store_dept,5,DeepSets,DeepSets,TX_3__FOODS_1,1624,42,1223.9598388671875,0.003573572084591719,rmsse,0.7755241526157998
store_dept,5,DeepSets,DeepSets,TX_3__FOODS_2,1624,43,6091.509765625,0.01778526432011259,rmsse,1.2570430980228262
store_dept,5,DeepSets,DeepSets,TX_3__FOODS_3,1624,44,12171.9892578125,0.03553832376226273,rmsse,0.5538148617785695
store_dept,5,DeepSets,DeepSets,TX_3__HOBBIES_1,1624,45,2727.900146484375,0.007964597778022373,rmsse,0.6754568012968545
store_dept,5,DeepSets,DeepSets,TX_3__HOBBIES_2,1624,46,316.3800354003906,0.000923728725997568,rmsse,1.0681899298587267
store_dept,5,DeepSets,DeepSets,TX_3__HOUSEHOLD_1,1624,47,10132.8505859375,0.029584689661679587,rmsse,0.8944128058752959
store_dept,5,DeepSets,DeepSets,TX_3__HOUSEHOLD_2,1624,48,1742.340087890625,0.00508707696301026,rmsse,0.8414177755172393
store_dept,5,DeepSets,DeepSets,WI_1__FOODS_1,1624,49,2585.879638671875,0.007549943223157227,rmsse,0.5335514176538462
store_dept,5,DeepSets,DeepSets,WI_1__FOODS_2,1624,50,3695.4501953125,0.010789535112680075,rmsse,0.9000816528586069
store_dept,5,DeepSets,DeepSets,WI_1__FOODS_3,1624,51,10767.6591796875,0.03143812814687002,rmsse,0.9155016179567264
store_dept,5,DeepSets,DeepSets,WI_1__HOBBIES_1,1624,52,3117.719970703125,0.009102747247973842,rmsse,0.715577841927089
store_dept,5,DeepSets,DeepSets,WI_1__HOBBIES_2,1624,53,212.5600128173828,0.0006206073957522078,rmsse,1.0501204036147813
store_dept,5,DeepSets,DeepSets,WI_1__HOUSEHOLD_1,1624,54,6327.2294921875,0.018473490688235072,rmsse,0.7661586622652433
store_dept,5,DeepSets,DeepSets,WI_1__HOUSEHOLD_2,1624,55,1615.60986328125,0.004717065154978017,rmsse,1.0048594111846236
store_dept,5,DeepSets,DeepSets,WI_2__FOODS_1,1624,56,9135.740234375,0.0266734456776457,rmsse,1.242798983631111
store_dept,5,DeepSets,DeepSets,WI_2__FOODS_2,1624,57,3920.800048828125,0.011447484761204166,rmsse,1.0382988407447462
store_dept,5,DeepSets,DeepSets,WI_2__FOODS_3,1624,58,9528.0,0.027818718997760002,rmsse,0.6332696831777387
store_dept,5,DeepSets,DeepSets,WI_2__HOBBIES_1,1624,59,2732.3798828125,0.007977677178326337,rmsse,0.4903855958767485
store_dept,5,DeepSets,DeepSets,WI_2__HOBBIES_2,1624,60,228.1800079345703,0.0006662127961417359,rmsse,1.5412027761768339
store_dept,5,DeepSets,DeepSets,WI_2__HOUSEHOLD_1,1624,61,9458.01953125,0.027614398364312502,rmsse,1.7296308200965562
store_dept,5,DeepSets,DeepSets,WI_2__HOUSEHOLD_2,1624,62,1385.5101318359375,0.00404524737889309,rmsse,1.3784554410770604
store_dept,5,DeepSets,DeepSets,WI_3__FOODS_1,1624,63,1268.830078125,0.0037045788622234723,rmsse,1.244827566292372
store_dept,5,DeepSets,DeepSets,WI_3__FOODS_2,1624,64,3024.18994140625,0.008829669413920315,rmsse,0.8219646179406639
store_dept,5,DeepSets,DeepSets,WI_3__FOODS_3,1624,65,10186.060546875,0.029740045764870403,rmsse,0.621173173582676
store_dept,5,DeepSets,DeepSets,WI_3__HOBBIES_1,1624,66,2255.8798828125,0.006586449260354817,rmsse,0.7725273875035098
store_dept,5,DeepSets,DeepSets,WI_3__HOBBIES_2,1624,67,190.6699981689453,0.0005566955395009764,rmsse,1.1760342141251687
store_dept,5,DeepSets,DeepSets,WI_3__HOUSEHOLD_1,1624,68,5221.47021484375,0.015245026517832895,rmsse,0.7650201473165513
store_dept,5,DeepSets,DeepSets,WI_3__HOUSEHOLD_2,1624,69,1731.0699462890625,0.005054171746566218,rmsse,1.104135251727198
store_dept,5,DeepSets,DeepSets,CA_1__FOODS_1,1652,70,2912.0703125,0.008132549264758957,rmsse,0.9911183037571661
store_dept,5,DeepSets,DeepSets,CA_1__FOODS_2,1652,71,2796.10986328125,0.007808706099988167,rmsse,0.6855771693117247
store_dept,5,DeepSets,DeepSets,CA_1__FOODS_3,1652,72,16442.25,0.045918330877693384,rmsse,0.5223451788657878
store_dept,5,DeepSets,DeepSets,CA_1__HOBBIES_1,1652,73,6472.3095703125,0.01807524228086003,rmsse,0.5703666547764684
store_dept,5,DeepSets,DeepSets,CA_1__HOBBIES_2,1652,74,103.760009765625,0.0002897709535064037,rmsse,1.4176845805941456
store_dept,5,DeepSets,DeepSets,CA_1__HOUSEHOLD_1,1652,75,9321.0205078125,0.026030847590536574,rmsse,0.8470098043961644
store_dept,5,DeepSets,DeepSets,CA_1__HOUSEHOLD_2,1652,76,2393.030029296875,0.006683023593821417,rmsse,0.9285358575313836
store_dept,5,DeepSets,DeepSets,CA_2__FOODS_1,1652,77,7144.73974609375,0.019953140458035843,rmsse,1.0461620461534906
store_dept,5,DeepSets,DeepSets,CA_2__FOODS_2,1652,78,4126.7900390625,0.01152490142629148,rmsse,0.9998684796932309
store_dept,5,DeepSets,DeepSets,CA_2__FOODS_3,1652,79,10970.9111328125,0.03063850308967777,rmsse,0.9435294366751659
store_dept,5,DeepSets,DeepSets,CA_2__HOBBIES_1,1652,80,3719.56005859375,0.010387628791069373,rmsse,0.7639419356653558
store_dept,5,DeepSets,DeepSets,CA_2__HOBBIES_2,1652,81,125.85999298095703,0.00035148965634044924,rmsse,1.189980432226817
store_dept,5,DeepSets,DeepSets,CA_2__HOUSEHOLD_1,1652,82,7390.810546875,0.020640343270887637,rmsse,0.8860167039555898
store_dept,5,DeepSets,DeepSets,CA_2__HOUSEHOLD_2,1652,83,4772.2802734375,0.013327564331937063,rmsse,0.6006827696675358
store_dept,5,DeepSets,DeepSets,CA_3__FOODS_1,1652,84,1999.469970703125,0.0055839269987232884,rmsse,0.4453432210072618
store_dept,5,DeepSets,DeepSets,CA_3__FOODS_2,1652,85,4837.259765625,0.01350903279413233,rmsse,0.8974611811693649
store_dept,5,DeepSets,DeepSets,CA_3__FOODS_3,1652,86,24029.509765625,0.06710729859032269,rmsse,0.507856847540461
store_dept,5,DeepSets,DeepSets,CA_3__HOBBIES_1,1652,87,4375.419921875,0.012219250996761853,rmsse,0.5426886209738664
store_dept,5,DeepSets,DeepSets,CA_3__HOBBIES_2,1652,88,116.95000457763672,0.0003266066995906083,rmsse,1.5191417326728418
store_dept,5,DeepSets,DeepSets,CA_3__HOUSEHOLD_1,1652,89,17274.9296875,0.048243758444222254,rmsse,1.118257218935416
store_dept,5,DeepSets,DeepSets,CA_3__HOUSEHOLD_2,1652,90,5732.62060546875,0.016009510240885344,rmsse,0.9894141682349771
store_dept,5,DeepSets,DeepSets,CA_4__FOODS_1,1652,91,1234.8699951171875,0.0034486258892016987,rmsse,0.9727893864515911
store_dept,5,DeepSets,DeepSets,CA_4__FOODS_2,1652,92,3245.919921875,0.009064892272964644,rmsse,0.7246241719324041
store_dept,5,DeepSets,DeepSets,CA_4__FOODS_3,1652,93,10574.0810546875,0.029530274299240655,rmsse,0.8683777836853702
store_dept,5,DeepSets,DeepSets,CA_4__HOBBIES_1,1652,94,4814.67041015625,0.013445947419641132,rmsse,0.7402430506845102
store_dept,5,DeepSets,DeepSets,CA_4__HOBBIES_2,1652,95,99.33000183105469,0.0002773992543697036,rmsse,1.64533350144844
store_dept,5,DeepSets,DeepSets,CA_4__HOUSEHOLD_1,1652,96,4143.0,0.011570171042666525,rmsse,0.9663758960931695
store_dept,5,DeepSets,DeepSets,CA_4__HOUSEHOLD_2,1652,97,1649.139892578125,0.00460555892599894,rmsse,1.6016547546334037
store_dept,5,DeepSets,DeepSets,TX_1__FOODS_1,1652,98,1119.7099609375,0.003127018046397376,rmsse,1.175948685201847
store_dept,5,DeepSets,DeepSets,TX_1__FOODS_2,1652,99,5013.2099609375,0.014000409539185722,rmsse,0.7074880067872414
store_dept,5,DeepSets,DeepSets,TX_1__FOODS_3,1652,100,11401.0302734375,0.03183969836502317,rmsse,1.0579327303907122
store_dept,5,DeepSets,DeepSets,TX_1__HOBBIES_1,1652,101,4637.939453125,0.012952390238519792,rmsse,1.1351568978651245
store_dept,5,DeepSets,DeepSets,TX_1__HOBBIES_2,1652,102,106.32999420166016,0.0002969481583101492,rmsse,1.2528886469266987
store_dept,5,DeepSets,DeepSets,TX_1__HOUSEHOLD_1,1652,103,12742.048828125,0.035584765719385666,rmsse,0.923862759160042
store_dept,5,DeepSets,DeepSets,TX_1__HOUSEHOLD_2,1652,104,2441.05029296875,0.006817129957373804,rmsse,1.1500969314737717
store_dept,5,DeepSets,DeepSets,TX_2__FOODS_1,1652,105,599.0999755859375,0.0016731086626084087,rmsse,0.9180123848406211
store_dept,5,DeepSets,DeepSets,TX_2__FOODS_2,1652,106,4469.77001953125,0.01248274285478143,rmsse,0.4492387988744862
store_dept,5,DeepSets,DeepSets,TX_2__FOODS_3,1652,107,10780.2197265625,0.03010595851167171,rmsse,0.6161758767464933
store_dept,5,DeepSets,DeepSets,TX_2__HOBBIES_1,1652,108,5179.759765625,0.014465533779436043,rmsse,0.7657575871608359
store_dept,5,DeepSets,DeepSets,TX_2__HOBBIES_2,1652,109,186.760009765625,0.0005215653528646758,rmsse,1.4233303739075243
store_dept,5,DeepSets,DeepSets,TX_2__HOUSEHOLD_1,1652,110,7181.52978515625,0.02005588413281728,rmsse,0.721583702173698
store_dept,5,DeepSets,DeepSets,TX_2__HOUSEHOLD_2,1652,111,3241.17041015625,0.009051628294457503,rmsse,0.8938257609415872
store_dept,5,DeepSets,DeepSets,TX_3__FOODS_1,1652,112,1270.159912109375,0.003547180167666848,rmsse,0.6994769676569438
store_dept,5,DeepSets,DeepSets,TX_3__FOODS_2,1652,113,6379.099609375,0.01781493448676707,rmsse,1.2018095500978592
store_dept,5,DeepSets,DeepSets,TX_3__FOODS_3,1652,114,13397.4208984375,0.037415025663894985,rmsse,1.0084467877105678
store_dept,5,DeepSets,DeepSets,TX_3__HOBBIES_1,1652,115,3831.489990234375,0.010700215914862761,rmsse,0.8985434314175728
store_dept,5,DeepSets,DeepSets,TX_3__HOBBIES_2,1652,116,179.2400360107422,0.0005005642950369285,rmsse,0.8754148899699149
store_dept,5,DeepSets,DeepSets,TX_3__HOUSEHOLD_1,1652,117,9337.3095703125,0.02607633811413051,rmsse,1.1246380737054944
store_dept,5,DeepSets,DeepSets,TX_3__HOUSEHOLD_2,1652,118,2009.77001953125,0.005612691982235049,rmsse,1.1864793090079837
store_dept,5,DeepSets,DeepSets,WI_1__FOODS_1,1652,119,2607.9599609375,0.0072832591891076,rmsse,0.5508564120382262
store_dept,5,DeepSets,DeepSets,WI_1__FOODS_2,1652,120,3778.159912109375,0.010551280813336084,rmsse,0.7763429302850516
store_dept,5,DeepSets,DeepSets,WI_1__FOODS_3,1652,121,9821.6796875,0.027429040287390422,rmsse,0.5997219964477342
store_dept,5,DeepSets,DeepSets,WI_1__HOBBIES_1,1652,122,3198.909912109375,0.00893360724913995,rmsse,0.6970114026969015
store_dept,5,DeepSets,DeepSets,WI_1__HOBBIES_2,1652,123,247.41000366210938,0.000690942809567308,rmsse,1.210665087539245
store_dept,5,DeepSets,DeepSets,WI_1__HOUSEHOLD_1,1652,124,6200.14990234375,0.017315180994518307,rmsse,0.7448389486109376
store_dept,5,DeepSets,DeepSets,WI_1__HOUSEHOLD_2,1652,125,1591.97998046875,0.004445928233290937,rmsse,1.2053093793554046
store_dept,5,DeepSets,DeepSets,WI_2__FOODS_1,1652,126,10432.2509765625,0.02913418492851871,rmsse,1.2690677686675258
store_dept,5,DeepSets,DeepSets,WI_2__FOODS_2,1652,127,4274.830078125,0.011938333377321206,rmsse,0.9680019852432622
store_dept,5,DeepSets,DeepSets,WI_2__FOODS_3,1652,128,9833.7197265625,0.02746266454790539,rmsse,0.6081974224141204
store_dept,5,DeepSets,DeepSets,WI_2__HOBBIES_1,1652,129,2805.360107421875,0.007834539290162788,rmsse,0.6934615998008948
store_dept,5,DeepSets,DeepSets,WI_2__HOBBIES_2,1652,130,180.48001098632812,0.0005040271776234975,rmsse,1.1591295025365
store_dept,5,DeepSets,DeepSets,WI_2__HOUSEHOLD_1,1652,131,11269.71875,0.03147298419991455,rmsse,1.4073198782649234
store_dept,5,DeepSets,DeepSets,WI_2__HOUSEHOLD_2,1652,132,1156.52001953125,0.0032298176297959435,rmsse,1.1088238676425304
store_dept,5,DeepSets,DeepSets,WI_3__FOODS_1,1652,133,1283.8699951171875,0.003585468365931281,rmsse,1.258688200970707
store_dept,5,DeepSets,DeepSets,WI_3__FOODS_2,1652,134,3003.880126953125,0.00838894686471506,rmsse,0.6928509115017792
store_dept,5,DeepSets,DeepSets,WI_3__FOODS_3,1652,135,8792.7099609375,0.024555432820807285,rmsse,0.4578474241356758
store_dept,5,DeepSets,DeepSets,WI_3__HOBBIES_1,1652,136,2022.27001953125,0.005647600777319126,rmsse,1.177421652034636
store_dept,5,DeepSets,DeepSets,WI_3__HOBBIES_2,1652,137,175.20001220703125,0.0004892817059890454,rmsse,1.358662741290432
store_dept,5,DeepSets,DeepSets,WI_3__HOUSEHOLD_1,1652,138,5442.150390625,0.015198313024244677,rmsse,0.6755813889908523
store_dept,5,DeepSets,DeepSets,WI_3__HOUSEHOLD_2,1652,139,1633.949951171875,0.004563137921847746,rmsse,1.119139006604588
store_dept,5,DeepSets,DeepSets,CA_1__FOODS_1,1680,140,2677.030029296875,0.007543685055638456,rmsse,0.8913837549343584
store_dept,5,DeepSets,DeepSets,CA_1__FOODS_2,1680,141,2762.050048828125,0.007783265577242256,rmsse,0.907968760702515
store_dept,5,DeepSets,DeepSets,CA_1__FOODS_3,1680,142,16095.470703125,0.04535592073224578,rmsse,0.518895652864872
store_dept,5,DeepSets,DeepSets,CA_1__HOBBIES_1,1680,143,6485.3603515625,0.01827529591715563,rmsse,0.6048605330721608
store_dept,5,DeepSets,DeepSets,CA_1__HOBBIES_2,1680,144,127.75000762939453,0.000359990666098236,rmsse,1.3543639749850218
store_dept,5,DeepSets,DeepSets,CA_1__HOUSEHOLD_1,1680,145,8938.0400390625,0.02518677726117379,rmsse,0.7499092853601135
store_dept,5,DeepSets,DeepSets,CA_1__HOUSEHOLD_2,1680,146,2698.840087890625,0.0076051442889215,rmsse,0.8952560879874039
store_dept,5,DeepSets,DeepSets,CA_2__FOODS_1,1680,147,7650.9306640625,0.021559792262537122,rmsse,0.7301538246382142
store_dept,5,DeepSets,DeepSets,CA_2__FOODS_2,1680,148,4356.88037109375,0.012277386874609319,rmsse,0.9703010544294957
store_dept,5,DeepSets,DeepSets,CA_2__FOODS_3,1680,149,10269.6201171875,0.028939077618587335,rmsse,0.9974514161477928
store_dept,5,DeepSets,DeepSets,CA_2__HOBBIES_1,1680,150,3557.010009765625,0.01002340764196547,rmsse,0.7616355969104679
store_dept,5,DeepSets,DeepSets,CA_2__HOBBIES_2,1680,151,220.0800018310547,0.0006201701896089184,rmsse,1.0528066740479067
store_dept,5,DeepSets,DeepSets,CA_2__HOUSEHOLD_1,1680,152,7564.439453125,0.02131606602553086,rmsse,0.8703519934561099
store_dept,5,DeepSets,DeepSets,CA_2__HOUSEHOLD_2,1680,153,4621.71044921875,0.01302365967721955,rmsse,0.6653864195743098
store_dept,5,DeepSets,DeepSets,CA_3__FOODS_1,1680,154,2286.559814453125,0.006443367056903718,rmsse,0.6579567692204199
store_dept,5,DeepSets,DeepSets,CA_3__FOODS_2,1680,155,4804.63037109375,0.013539115337382399,rmsse,0.8730583538713913
store_dept,5,DeepSets,DeepSets,CA_3__FOODS_3,1680,156,22991.513671875,0.06478849179685335,rmsse,0.4729602605751558
store_dept,5,DeepSets,DeepSets,CA_3__HOBBIES_1,1680,157,4002.510009765625,0.011278795760704514,rmsse,0.9410116508654084
store_dept,5,DeepSets,DeepSets,CA_3__HOBBIES_2,1680,158,97.20001220703125,0.0002739028966689048,rmsse,1.5119928189487928
store_dept,5,DeepSets,DeepSets,CA_3__HOUSEHOLD_1,1680,159,18491.53125,0.052107853262719966,rmsse,1.047290883680017
store_dept,5,DeepSets,DeepSets,CA_3__HOUSEHOLD_2,1680,160,4898.33984375,0.013803182135555142,rmsse,0.7418761483955512
store_dept,5,DeepSets,DeepSets,CA_4__FOODS_1,1680,161,1364.1500244140625,0.003844080208365861,rmsse,0.8947210120799758
store_dept,5,DeepSets,DeepSets,CA_4__FOODS_2,1680,162,3486.6298828125,0.009825081322835732,rmsse,0.8564605396569088
store_dept,5,DeepSets,DeepSets,CA_4__FOODS_3,1680,163,12055.4404296875,0.0339713954693513,rmsse,0.8139932533187112
store_dept,5,DeepSets,DeepSets,CA_4__HOBBIES_1,1680,164,4832.689453125,0.013618183885541221,rmsse,0.682328916297571
store_dept,5,DeepSets,DeepSets,CA_4__HOBBIES_2,1680,165,109.08999633789062,0.0003074080477572923,rmsse,1.7683932190230642
store_dept,5,DeepSets,DeepSets,CA_4__HOUSEHOLD_1,1680,166,3967.669677734375,0.01118061812010978,rmsse,0.9066941380705076
store_dept,5,DeepSets,DeepSets,CA_4__HOUSEHOLD_2,1680,167,1538.719970703125,0.004336006216132869,rmsse,1.4929418902809979
store_dept,5,DeepSets,DeepSets,TX_1__FOODS_1,1680,168,826.570068359375,0.0023292171562821077,rmsse,0.8130552823011259
store_dept,5,DeepSets,DeepSets,TX_1__FOODS_2,1680,169,5038.81982421875,0.014199044982695797,rmsse,0.7072849096245699
store_dept,5,DeepSets,DeepSets,TX_1__FOODS_3,1680,170,9620.6689453125,0.027110378200374867,rmsse,0.6043545200997202
store_dept,5,DeepSets,DeepSets,TX_1__HOBBIES_1,1680,171,5783.56982421875,0.016297698857961573,rmsse,0.5660973628404514
store_dept,5,DeepSets,DeepSets,TX_1__HOBBIES_2,1680,172,97.6500015258789,0.000275170935376965,rmsse,1.2702173065284057
store_dept,5,DeepSets,DeepSets,TX_1__HOUSEHOLD_1,1680,173,11477.259765625,0.03234212243646979,rmsse,0.539784817126289
store_dept,5,DeepSets,DeepSets,TX_1__HOUSEHOLD_2,1680,174,2117.0498046875,0.005965699599514033,rmsse,0.9345780424483149
store_dept,5,DeepSets,DeepSets,TX_2__FOODS_1,1680,175,484.1099853515625,0.0013641883810848131,rmsse,0.7029894451756723
store_dept,5,DeepSets,DeepSets,TX_2__FOODS_2,1680,176,4542.3798828125,0.012800111640139314,rmsse,0.5563405800185622
store_dept,5,DeepSets,DeepSets,TX_2__FOODS_3,1680,177,10389.5703125,0.029277088954245564,rmsse,0.6387021872457226
store_dept,5,DeepSets,DeepSets,TX_2__HOBBIES_1,1680,178,4721.259765625,0.013304182750272299,rmsse,0.909626400311822
store_dept,5,DeepSets,DeepSets,TX_2__HOBBIES_2,1680,179,194.41000366210938,0.0005478339141670621,rmsse,1.7098330151151386
store_dept,5,DeepSets,DeepSets,TX_2__HOUSEHOLD_1,1680,180,7819.6796875,0.022035315313204358,rmsse,0.6211114562436003
store_dept,5,DeepSets,DeepSets,TX_2__HOUSEHOLD_2,1680,181,3046.819580078125,0.008585726376591609,rmsse,1.1645804434598042
store_dept,5,DeepSets,DeepSets,TX_3__FOODS_1,1680,182,1190.3101806640625,0.0033542115789445327,rmsse,1.2797505837663425
store_dept,5,DeepSets,DeepSets,TX_3__FOODS_2,1680,183,6715.240234375,0.01892308149206009,rmsse,1.1579721183568379
store_dept,5,DeepSets,DeepSets,TX_3__FOODS_3,1680,184,11706.75,0.032988810009087106,rmsse,0.5248830754221002
store_dept,5,DeepSets,DeepSets,TX_3__HOBBIES_1,1680,185,3899.72998046875,0.010989168762673206,rmsse,0.8825697245842492
store_dept,5,DeepSets,DeepSets,TX_3__HOBBIES_2,1680,186,224.08999633789062,0.0006314700761635551,rmsse,0.952801878468852
store_dept,5,DeepSets,DeepSets,TX_3__HOUSEHOLD_1,1680,187,8750.3798828125,0.02465796394912674,rmsse,1.1873555844580652
store_dept,5,DeepSets,DeepSets,TX_3__HOUSEHOLD_2,1680,188,1798.669921875,0.005068527159270841,rmsse,0.9351658942213604
store_dept,5,DeepSets,DeepSets,WI_1__FOODS_1,1680,189,2904.14990234375,0.00818369311434231,rmsse,0.5786866944088616
store_dept,5,DeepSets,DeepSets,WI_1__FOODS_2,1680,190,3773.469970703125,0.010633376807271094,rmsse,1.0441735316412581
store_dept,5,DeepSets,DeepSets,WI_1__FOODS_3,1680,191,9307.9296875,0.02622910065038367,rmsse,0.6198832439677543
store_dept,5,DeepSets,DeepSets,WI_1__HOBBIES_1,1680,192,3249.199951171875,0.00915602023368946,rmsse,0.431687595187803
store_dept,5,DeepSets,DeepSets,WI_1__HOBBIES_2,1680,193,267.3900451660156,0.0007534866122794891,rmsse,1.2261944153515951
store_dept,5,DeepSets,DeepSets,WI_1__HOUSEHOLD_1,1680,194,5686.15966796875,0.01602320378994639,rmsse,0.8734592498534212
store_dept,5,DeepSets,DeepSets,WI_1__HOUSEHOLD_2,1680,195,1533.320068359375,0.004320789665639727,rmsse,1.4005718695902452
store_dept,5,DeepSets,DeepSets,WI_2__FOODS_1,1680,196,10997.01953125,0.030988838745392735,rmsse,1.0880030714722226
store_dept,5,DeepSets,DeepSets,WI_2__FOODS_2,1680,197,4939.349609375,0.013918744812362995,rmsse,0.9525522090031754
store_dept,5,DeepSets,DeepSets,WI_2__FOODS_3,1680,198,10317.259765625,0.029073322845589226,rmsse,0.8801855347792188
store_dept,5,DeepSets,DeepSets,WI_2__HOBBIES_1,1680,199,3044.68994140625,0.008579725202437,rmsse,0.4646635007167977
store_dept,5,DeepSets,DeepSets,WI_2__HOBBIES_2,1680,200,322.7400207519531,0.0009094590067196285,rmsse,1.3515229541845677
store_dept,5,DeepSets,DeepSets,WI_2__HOUSEHOLD_1,1680,201,10840.791015625,0.030548597617841976,rmsse,1.407895149507258
store_dept,5,DeepSets,DeepSets,WI_2__HOUSEHOLD_2,1680,202,1518.010009765625,0.004277646981788341,rmsse,1.106682611456582
store_dept,5,DeepSets,DeepSets,WI_3__FOODS_1,1680,203,1171.7099609375,0.0033017974490889496,rmsse,0.7889091580414427
store_dept,5,DeepSets,DeepSets,WI_3__FOODS_2,1680,204,3072.830078125,0.00865902215708663,rmsse,0.644371074165398
store_dept,5,DeepSets,DeepSets,WI_3__FOODS_3,1680,205,9088.4794921875,0.025610705211886978,rmsse,0.5068354294713502
store_dept,5,DeepSets,DeepSets,WI_3__HOBBIES_1,1680,206,2430.940185546875,0.006850220934457541,rmsse,1.0550592869051731
store_dept,5,DeepSets,DeepSets,WI_3__HOBBIES_2,1680,207,140.00001525878906,0.0003945103384493124,rmsse,1.4411511396859586
store_dept,5,DeepSets,DeepSets,WI_3__HOUSEHOLD_1,1680,208,5430.0498046875,0.015301503948296194,rmsse,0.7982012390894357
store_dept,5,DeepSets,DeepSets,WI_3__HOUSEHOLD_2,1680,209,1437.9700927734375,0.004052100043927844,rmsse,1.2249852802227776
store_dept,5,DeepSets,DeepSets,CA_1__FOODS_1,1708,210,2354.2900390625,0.00672629301433993,rmsse,0.647554386125531
store_dept,5,DeepSets,DeepSets,CA_1__FOODS_2,1708,211,3504.670166015625,0.01001297124148035,rmsse,0.9706322813918683
store_dept,5,DeepSets,DeepSets,CA_1__FOODS_3,1708,212,15070.7109375,0.04305757405336902,rmsse,1.1076625233992738
store_dept,5,DeepSets,DeepSets,CA_1__HOBBIES_1,1708,213,6784.52099609375,0.01938362539215437,rmsse,0.637874944800507
store_dept,5,DeepSets,DeepSets,CA_1__HOBBIES_2,1708,214,111.55001068115234,0.00031870247299392357,rmsse,1.396118851204607
store_dept,5,DeepSets,DeepSets,CA_1__HOUSEHOLD_1,1708,215,9023.8798828125,0.025781555887725096,rmsse,0.7627393968700631
store_dept,5,DeepSets,DeepSets,CA_1__HOUSEHOLD_2,1708,216,2391.800048828125,0.006833460488384384,rmsse,0.9849540396516147
store_dept,5,DeepSets,DeepSets,CA_2__FOODS_1,1708,217,7293.529296875,0.020837880781668452,rmsse,0.9618930057675764
store_dept,5,DeepSets,DeepSets,CA_2__FOODS_2,1708,218,4431.35009765625,0.012660529803638403,rmsse,1.5008487963155044
store_dept,5,DeepSets,DeepSets,CA_2__FOODS_3,1708,219,10807.83984375,0.030878394944944373,rmsse,0.7088423804465389
store_dept,5,DeepSets,DeepSets,CA_2__HOBBIES_1,1708,220,3684.760009765625,0.01052749453209902,rmsse,1.2995045224450201
store_dept,5,DeepSets,DeepSets,CA_2__HOBBIES_2,1708,221,208.17999267578125,0.0005947778766536555,rmsse,1.812561205624048
store_dept,5,DeepSets,DeepSets,CA_2__HOUSEHOLD_1,1708,222,7297.67041015625,0.020849712094239588,rmsse,0.8499451513096378
store_dept,5,DeepSets,DeepSets,CA_2__HOUSEHOLD_2,1708,223,4297.31982421875,0.012277600395207604,rmsse,0.6100108207202255
store_dept,5,DeepSets,DeepSets,CA_3__FOODS_1,1708,224,2037.020263671875,0.005819841626251419,rmsse,0.7414197751973889
store_dept,5,DeepSets,DeepSets,CA_3__FOODS_2,1708,225,5473.76025390625,0.01563873386334442,rmsse,0.9823803914199253
store_dept,5,DeepSets,DeepSets,CA_3__FOODS_3,1708,226,23709.330078125,0.06773842586645636,rmsse,0.37584359258112754
store_dept,5,DeepSets,DeepSets,CA_3__HOBBIES_1,1708,227,4353.6396484375,0.012438508199227486,rmsse,0.5705437573002663
store_dept,5,DeepSets,DeepSets,CA_3__HOBBIES_2,1708,228,117.08000946044922,0.00033450188238755323,rmsse,1.6988718592704404
store_dept,5,DeepSets,DeepSets,CA_3__HOUSEHOLD_1,1708,229,17030.759765625,0.04865750546438254,rmsse,0.7607298573178973
store_dept,5,DeepSets,DeepSets,CA_3__HOUSEHOLD_2,1708,230,4214.96044921875,0.012042296639282739,rmsse,0.5576082368882779
store_dept,5,DeepSets,DeepSets,CA_4__FOODS_1,1708,231,1043.760009765625,0.0029820606407227473,rmsse,1.2204210795130688
store_dept,5,DeepSets,DeepSets,CA_4__FOODS_2,1708,232,3713.85986328125,0.010610633881190608,rmsse,0.7453498742674246
store_dept,5,DeepSets,DeepSets,CA_4__FOODS_3,1708,233,10821.44140625,0.030917255108012593,rmsse,0.7704314409530283
store_dept,5,DeepSets,DeepSets,CA_4__HOBBIES_1,1708,234,4728.69970703125,0.013510068546601531,rmsse,0.8108625639183465
store_dept,5,DeepSets,DeepSets,CA_4__HOBBIES_2,1708,235,95.7300033569336,0.0002735041316739762,rmsse,1.4560466911499368
store_dept,5,DeepSets,DeepSets,CA_4__HOUSEHOLD_1,1708,236,4069.969970703125,0.011628053522842505,rmsse,0.9933733093819074
store_dept,5,DeepSets,DeepSets,CA_4__HOUSEHOLD_2,1708,237,1437.900146484375,0.004108133471298034,rmsse,1.5956125018631022
store_dept,5,DeepSets,DeepSets,TX_1__FOODS_1,1708,238,1073.0400390625,0.0030657147586315436,rmsse,0.7290221872528407
store_dept,5,DeepSets,DeepSets,TX_1__FOODS_2,1708,239,5225.14013671875,0.01492841706731848,rmsse,0.8174147581327437
store_dept,5,DeepSets,DeepSets,TX_1__FOODS_3,1708,240,11660.0908203125,0.0333133072518407,rmsse,0.7287251680698867
store_dept,5,DeepSets,DeepSets,TX_1__HOBBIES_1,1708,241,4595.099609375,0.013128368166159787,rmsse,1.0493950135148116
store_dept,5,DeepSets,DeepSets,TX_1__HOBBIES_2,1708,242,96.20000457763672,0.0002748469424046394,rmsse,1.2371107869990132
store_dept,5,DeepSets,DeepSets,TX_1__HOUSEHOLD_1,1708,243,11967.7998046875,0.034192443109237185,rmsse,0.5575952916366644
store_dept,5,DeepSets,DeepSets,TX_1__HOUSEHOLD_2,1708,244,2081.780029296875,0.00594772191876067,rmsse,1.2392010355236638
store_dept,5,DeepSets,DeepSets,TX_2__FOODS_1,1708,245,478.6199951171875,0.0013674348853644728,rmsse,0.899320738169336
store_dept,5,DeepSets,DeepSets,TX_2__FOODS_2,1708,246,4991.48974609375,0.014260869329281684,rmsse,0.5846451078795644
store_dept,5,DeepSets,DeepSets,TX_2__FOODS_3,1708,247,9153.9296875,0.02615311295090417,rmsse,0.4904092303421915
store_dept,5,DeepSets,DeepSets,TX_2__HOBBIES_1,1708,248,4488.7998046875,0.012824665724306041,rmsse,0.6963040211746893
store_dept,5,DeepSets,DeepSets,TX_2__HOBBIES_2,1708,249,106.89000701904297,0.00030538867156794185,rmsse,1.8961494000490158
store_dept,5,DeepSets,DeepSets,TX_2__HOUSEHOLD_1,1708,250,7779.02978515625,0.022224973488429934,rmsse,0.6594087538682137
store_dept,5,DeepSets,DeepSets,TX_2__HOUSEHOLD_2,1708,251,2405.5,0.0068726017514977745,rmsse,0.8961920816690219
store_dept,5,DeepSets,DeepSets,TX_3__FOODS_1,1708,252,2326.159912109375,0.006645924209614134,rmsse,1.1637407595399454
store_dept,5,DeepSets,DeepSets,TX_3__FOODS_2,1708,253,6259.36083984375,0.017883223558996773,rmsse,1.2730492167402716
store_dept,5,DeepSets,DeepSets,TX_3__FOODS_3,1708,254,10799.1806640625,0.03085365535089455,rmsse,0.5932197020646343
store_dept,5,DeepSets,DeepSets,TX_3__HOBBIES_1,1708,255,3801.2099609375,0.010860196314840927,rmsse,0.8577128341735003
store_dept,5,DeepSets,DeepSets,TX_3__HOBBIES_2,1708,256,248.95001220703125,0.0007112593181997237,rmsse,1.1354441091674392
store_dept,5,DeepSets,DeepSets,TX_3__HOUSEHOLD_1,1708,257,7539.970703125,0.02154197292061475,rmsse,0.8602424315461499
store_dept,5,DeepSets,DeepSets,TX_3__HOUSEHOLD_2,1708,258,1770.510009765625,0.0050584120532777286,rmsse,0.8735108991982428
store_dept,5,DeepSets,DeepSets,WI_1__FOODS_1,1708,259,2926.960205078125,0.008362432688415801,rmsse,0.7611648938431309
store_dept,5,DeepSets,DeepSets,WI_1__FOODS_2,1708,260,4155.56982421875,0.011872615444771183,rmsse,1.505447130068461
store_dept,5,DeepSets,DeepSets,WI_1__FOODS_3,1708,261,9793.0693359375,0.02797915837485064,rmsse,0.6342926590689392
store_dept,5,DeepSets,DeepSets,WI_1__HOBBIES_1,1708,262,3119.93017578125,0.008913754974277687,rmsse,0.7969461639154607
store_dept,5,DeepSets,DeepSets,WI_1__HOBBIES_2,1708,263,163.74000549316406,0.0004678112028861254,rmsse,1.1526021832388165
store_dept,5,DeepSets,DeepSets,WI_1__HOUSEHOLD_1,1708,264,5966.89013671875,0.017047624030184193,rmsse,0.8319906841419019
store_dept,5,DeepSets,DeepSets,WI_1__HOUSEHOLD_2,1708,265,1234.610107421875,0.003527326371517121,rmsse,1.0603368256096188
store_dept,5,DeepSets,DeepSets,WI_2__FOODS_1,1708,266,10760.2900390625,0.030742543408474328,rmsse,0.9234134859778803
store_dept,5,DeepSets,DeepSets,WI_2__FOODS_2,1708,267,5265.87060546875,0.015044785510831502,rmsse,1.4599837112793572
store_dept,5,DeepSets,DeepSets,WI_2__FOODS_3,1708,268,10658.37890625,0.03045137956317634,rmsse,0.664491444454888
store_dept,5,DeepSets,DeepSets,WI_2__HOBBIES_1,1708,269,3197.070068359375,0.00913414647743411,rmsse,0.5888227273310411
store_dept,5,DeepSets,DeepSets,WI_2__HOBBIES_2,1708,270,263.59002685546875,0.0007530863771541218,rmsse,1.3455115020564814
store_dept,5,DeepSets,DeepSets,WI_2__HOUSEHOLD_1,1708,271,9898.310546875,0.0282798363755236,rmsse,1.3960576754468197
store_dept,5,DeepSets,DeepSets,WI_2__HOUSEHOLD_2,1708,272,1296.1199951171875,0.003703062377299385,rmsse,1.096543113492292
store_dept,5,DeepSets,DeepSets,WI_3__FOODS_1,1708,273,1197.5599365234375,0.003421472673986506,rmsse,1.0240033025896063
store_dept,5,DeepSets,DeepSets,WI_3__FOODS_2,1708,274,2744.72998046875,0.007841794251156926,rmsse,0.7985235448638167
store_dept,5,DeepSets,DeepSets,WI_3__FOODS_3,1708,275,9562.7109375,0.027321015979268105,rmsse,0.5587451057182079
store_dept,5,DeepSets,DeepSets,WI_3__HOBBIES_1,1708,276,2060.580078125,0.0058871528804919126,rmsse,0.7688106877395837
store_dept,5,DeepSets,DeepSets,WI_3__HOBBIES_2,1708,277,177.99000549316406,0.0005085239756813211,rmsse,1.3898427947194207
store_dept,5,DeepSets,DeepSets,WI_3__HOUSEHOLD_1,1708,278,5443.83056640625,0.015553223648115035,rmsse,0.7157350577490724
store_dept,5,DeepSets,DeepSets,WI_3__HOUSEHOLD_2,1708,279,1166.4700927734375,0.0033326478497877773,rmsse,0.977942376647937
store_dept,5,DeepSets_Q,DeepSets,CA_1__FOODS_1,1624,0,2858.880126953125,0.008347017516791502,mean_spl,0.26230533301017567
store_dept,5,DeepSets_Q,DeepSets,CA_1__FOODS_2,1624,1,3166.259765625,0.00924446795695165,mean_spl,0.2079760167170318
store_dept,5,DeepSets_Q,DeepSets,CA_1__FOODS_3,1624,2,16864.1796875,0.049238022234917564,mean_spl,0.13087873157479574
store_dept,5,DeepSets_Q,DeepSets,CA_1__HOBBIES_1,1624,3,4974.34033203125,0.014523486135180681,mean_spl,0.14872573005917544
store_dept,5,DeepSets_Q,DeepSets,CA_1__HOBBIES_2,1624,4,143.87001037597656,0.00042005451205437736,mean_spl,0.2626898063328503
store_dept,5,DeepSets_Q,DeepSets,CA_1__HOUSEHOLD_1,1624,5,8321.009765625,0.024294692742185,mean_spl,0.19207302341968321
store_dept,5,DeepSets_Q,DeepSets,CA_1__HOUSEHOLD_2,1624,6,2499.0400390625,0.007296399308441527,mean_spl,0.1677712388146343
store_dept,5,DeepSets_Q,DeepSets,CA_2__FOODS_1,1624,7,6466.2802734375,0.01887947458936991,mean_spl,0.22686070718127077
store_dept,5,DeepSets_Q,DeepSets,CA_2__FOODS_2,1624,8,3255.18994140625,0.009504115686850893,mean_spl,0.30186110629084445
store_dept,5,DeepSets_Q,DeepSets,CA_2__FOODS_3,1624,9,8264.2802734375,0.02412906073105468,mean_spl,0.3490038401394699
store_dept,5,DeepSets_Q,DeepSets,CA_2__HOBBIES_1,1624,10,3487.1298828125,0.01018130628869151,mean_spl,0.2524810279781014
store_dept,5,DeepSets_Q,DeepSets,CA_2__HOBBIES_2,1624,11,173.8599853515625,0.0005076156672386427,mean_spl,0.14080799901383906
store_dept,5,DeepSets_Q,DeepSets,CA_2__HOUSEHOLD_1,1624,12,7005.9794921875,0.02045522405512525,mean_spl,0.1625987504312347
store_dept,5,DeepSets_Q,DeepSets,CA_2__HOUSEHOLD_2,1624,13,4335.580078125,0.012658510063564834,mean_spl,0.19351420923152104
store_dept,5,DeepSets_Q,DeepSets,CA_3__FOODS_1,1624,14,2044.969970703125,0.005970659632015925,mean_spl,0.11837272864900693
store_dept,5,DeepSets_Q,DeepSets,CA_3__FOODS_2,1624,15,4304.5595703125,0.012567940081406588,mean_spl,0.21490788745089684
store_dept,5,DeepSets_Q,DeepSets,CA_3__FOODS_3,1624,16,25704.58984375,0.07504919834340437,mean_spl,0.18613249550860422
store_dept,5,DeepSets_Q,DeepSets,CA_3__HOBBIES_1,1624,17,4099.60986328125,0.011969552349608144,mean_spl,0.11827019819896319
store_dept,5,DeepSets_Q,DeepSets,CA_3__HOBBIES_2,1624,18,39.31000518798828,0.00011477266877887635,mean_spl,0.2813881507022827
store_dept,5,DeepSets_Q,DeepSets,CA_3__HOUSEHOLD_1,1624,19,14115.701171875,0.04121334218689569,mean_spl,0.23109783841369025
store_dept,5,DeepSets_Q,DeepSets,CA_3__HOUSEHOLD_2,1624,20,5836.0,0.01703925735421152,mean_spl,0.23862363968517222
store_dept,5,DeepSets_Q,DeepSets,CA_4__FOODS_1,1624,21,1358.300048828125,0.003965802621011052,mean_spl,0.20327771923070886
store_dept,5,DeepSets_Q,DeepSets,CA_4__FOODS_2,1624,22,2854.009765625,0.008332797616161288,mean_spl,0.1713680875598201
store_dept,5,DeepSets_Q,DeepSets,CA_4__FOODS_3,1624,23,9434.630859375,0.027546110907278345,mean_spl,0.23375618315807417
store_dept,5,DeepSets_Q,DeepSets,CA_4__HOBBIES_1,1624,24,4891.9697265625,0.014282990257009973,mean_spl,0.2405463090963106
store_dept,5,DeepSets_Q,DeepSets,CA_4__HOBBIES_2,1624,25,99.04000854492188,0.00028916521486638654,mean_spl,0.29909679158829006
store_dept,5,DeepSets_Q,DeepSets,CA_4__HOUSEHOLD_1,1624,26,3833.729736328125,0.011193267238483276,mean_spl,0.24606320922197153
store_dept,5,DeepSets_Q,DeepSets,CA_4__HOUSEHOLD_2,1624,27,1612.3299560546875,0.004707488872707398,mean_spl,0.23394958800537674
store_dept,5,DeepSets_Q,DeepSets,TX_1__FOODS_1,1624,28,1513.239990234375,0.004418177798541474,mean_spl,0.24353625752538008
store_dept,5,DeepSets_Q,DeepSets,TX_1__FOODS_2,1624,29,5011.76025390625,0.014632740363933699,mean_spl,0.18131831782946045
store_dept,5,DeepSets_Q,DeepSets,TX_1__FOODS_3,1624,30,12905.9208984375,0.03768116990774046,mean_spl,0.1491774560184963
store_dept,5,DeepSets_Q,DeepSets,TX_1__HOBBIES_1,1624,31,5998.2001953125,0.01751283015593069,mean_spl,0.1674803511321692
store_dept,5,DeepSets_Q,DeepSets,TX_1__HOBBIES_2,1624,32,80.80000305175781,0.00023591022039410171,mean_spl,0.24512136738729876
store_dept,5,DeepSets_Q,DeepSets,TX_1__HOUSEHOLD_1,1624,33,12742.5908203125,0.03720429820882762,mean_spl,0.1546668212767417
store_dept,5,DeepSets_Q,DeepSets,TX_1__HOUSEHOLD_2,1624,34,2314.31005859375,0.006757046724780543,mean_spl,0.18781240082642536
store_dept,5,DeepSets_Q,DeepSets,TX_2__FOODS_1,1624,35,541.9400634765625,0.001582292017158135,mean_spl,0.1824799126250024
store_dept,5,DeepSets_Q,DeepSets,TX_2__FOODS_2,1624,36,4587.2802734375,0.01339339430003416,mean_spl,0.13418656705800933
store_dept,5,DeepSets_Q,DeepSets,TX_2__FOODS_3,1624,37,7761.94921875,0.022662414377759135,mean_spl,0.1330575266371104
store_dept,5,DeepSets_Q,DeepSets,TX_2__HOBBIES_1,1624,38,4952.37939453125,0.014459367206838965,mean_spl,0.16767367633959948
store_dept,5,DeepSets_Q,DeepSets,TX_2__HOBBIES_2,1624,39,237.43002319335938,0.0006932198884181049,mean_spl,0.2733337432669055
store_dept,5,DeepSets_Q,DeepSets,TX_2__HOUSEHOLD_1,1624,40,6273.56005859375,0.018316793071535505,mean_spl,0.13871769998071246
store_dept,5,DeepSets_Q,DeepSets,TX_2__HOUSEHOLD_2,1624,41,2541.360107421875,0.007419960400974634,mean_spl,0.21784133595077185
store_dept,5,DeepSets_Q,DeepSets,TX_3__FOODS_1,1624,42,1223.9598388671875,0.003573572084591719,mean_spl,0.14605472272841863
store_dept,5,DeepSets_Q,DeepSets,TX_3__FOODS_2,1624,43,6091.509765625,0.01778526432011259,mean_spl,0.2670473309977539
store_dept,5,DeepSets_Q,DeepSets,TX_3__FOODS_3,1624,44,12171.9892578125,0.03553832376226273,mean_spl,0.16107171767227663
store_dept,5,DeepSets_Q,DeepSets,TX_3__HOBBIES_1,1624,45,2727.900146484375,0.007964597778022373,mean_spl,0.24982242173479985
store_dept,5,DeepSets_Q,DeepSets,TX_3__HOBBIES_2,1624,46,316.3800354003906,0.000923728725997568,mean_spl,0.16856501402672697
store_dept,5,DeepSets_Q,DeepSets,TX_3__HOUSEHOLD_1,1624,47,10132.8505859375,0.029584689661679587,mean_spl,0.20948012188450552
store_dept,5,DeepSets_Q,DeepSets,TX_3__HOUSEHOLD_2,1624,48,1742.340087890625,0.00508707696301026,mean_spl,0.17754908173533324
store_dept,5,DeepSets_Q,DeepSets,WI_1__FOODS_1,1624,49,2585.879638671875,0.007549943223157227,mean_spl,0.18640722858546718
store_dept,5,DeepSets_Q,DeepSets,WI_1__FOODS_2,1624,50,3695.4501953125,0.010789535112680075,mean_spl,0.23915708582066003
store_dept,5,DeepSets_Q,DeepSets,WI_1__FOODS_3,1624,51,10767.6591796875,0.03143812814687002,mean_spl,0.2909223293969545
store_dept,5,DeepSets_Q,DeepSets,WI_1__HOBBIES_1,1624,52,3117.719970703125,0.009102747247973842,mean_spl,0.16564403302746272
store_dept,5,DeepSets_Q,DeepSets,WI_1__HOBBIES_2,1624,53,212.5600128173828,0.0006206073957522078,mean_spl,0.1892384692435484
store_dept,5,DeepSets_Q,DeepSets,WI_1__HOUSEHOLD_1,1624,54,6327.2294921875,0.018473490688235072,mean_spl,0.18531142145774904
store_dept,5,DeepSets_Q,DeepSets,WI_1__HOUSEHOLD_2,1624,55,1615.60986328125,0.004717065154978017,mean_spl,0.18572906691883373
store_dept,5,DeepSets_Q,DeepSets,WI_2__FOODS_1,1624,56,9135.740234375,0.0266734456776457,mean_spl,0.3081845532081574
store_dept,5,DeepSets_Q,DeepSets,WI_2__FOODS_2,1624,57,3920.800048828125,0.011447484761204166,mean_spl,0.21850655232056787
store_dept,5,DeepSets_Q,DeepSets,WI_2__FOODS_3,1624,58,9528.0,0.027818718997760002,mean_spl,0.18427885173690078
store_dept,5,DeepSets_Q,DeepSets,WI_2__HOBBIES_1,1624,59,2732.3798828125,0.007977677178326337,mean_spl,0.13609804502784703
store_dept,5,DeepSets_Q,DeepSets,WI_2__HOBBIES_2,1624,60,228.1800079345703,0.0006662127961417359,mean_spl,0.18457793737942255
store_dept,5,DeepSets_Q,DeepSets,WI_2__HOUSEHOLD_1,1624,61,9458.01953125,0.027614398364312502,mean_spl,0.4406891029380328
store_dept,5,DeepSets_Q,DeepSets,WI_2__HOUSEHOLD_2,1624,62,1385.5101318359375,0.00404524737889309,mean_spl,0.1820710066301895
store_dept,5,DeepSets_Q,DeepSets,WI_3__FOODS_1,1624,63,1268.830078125,0.0037045788622234723,mean_spl,0.25516068507787604
store_dept,5,DeepSets_Q,DeepSets,WI_3__FOODS_2,1624,64,3024.18994140625,0.008829669413920315,mean_spl,0.19986408458104493
store_dept,5,DeepSets_Q,DeepSets,WI_3__FOODS_3,1624,65,10186.060546875,0.029740045764870403,mean_spl,0.19858173317516958
store_dept,5,DeepSets_Q,DeepSets,WI_3__HOBBIES_1,1624,66,2255.8798828125,0.006586449260354817,mean_spl,0.16980510683537045
store_dept,5,DeepSets_Q,DeepSets,WI_3__HOBBIES_2,1624,67,190.6699981689453,0.0005566955395009764,mean_spl,0.24244642077275147
store_dept,5,DeepSets_Q,DeepSets,WI_3__HOUSEHOLD_1,1624,68,5221.47021484375,0.015245026517832895,mean_spl,0.1693643051319559
store_dept,5,DeepSets_Q,DeepSets,WI_3__HOUSEHOLD_2,1624,69,1731.0699462890625,0.005054171746566218,mean_spl,0.18401124315909104
store_dept,5,DeepSets_Q,DeepSets,CA_1__FOODS_1,1652,70,2912.0703125,0.008132549264758957,mean_spl,0.22784825533444863
store_dept,5,DeepSets_Q,DeepSets,CA_1__FOODS_2,1652,71,2796.10986328125,0.007808706099988167,mean_spl,0.15739608610847453
store_dept,5,DeepSets_Q,DeepSets,CA_1__FOODS_3,1652,72,16442.25,0.045918330877693384,mean_spl,0.1513201274250304
store_dept,5,DeepSets_Q,DeepSets,CA_1__HOBBIES_1,1652,73,6472.3095703125,0.01807524228086003,mean_spl,0.14195806183453846
store_dept,5,DeepSets_Q,DeepSets,CA_1__HOBBIES_2,1652,74,103.760009765625,0.0002897709535064037,mean_spl,0.29357642739235773
store_dept,5,DeepSets_Q,DeepSets,CA_1__HOUSEHOLD_1,1652,75,9321.0205078125,0.026030847590536574,mean_spl,0.20824383296986076
store_dept,5,DeepSets_Q,DeepSets,CA_1__HOUSEHOLD_2,1652,76,2393.030029296875,0.006683023593821417,mean_spl,0.2072070995763818
store_dept,5,DeepSets_Q,DeepSets,CA_2__FOODS_1,1652,77,7144.73974609375,0.019953140458035843,mean_spl,0.2711249361685041
store_dept,5,DeepSets_Q,DeepSets,CA_2__FOODS_2,1652,78,4126.7900390625,0.01152490142629148,mean_spl,0.26470030572512626
store_dept,5,DeepSets_Q,DeepSets,CA_2__FOODS_3,1652,79,10970.9111328125,0.03063850308967777,mean_spl,0.2584270251897587
store_dept,5,DeepSets_Q,DeepSets,CA_2__HOBBIES_1,1652,80,3719.56005859375,0.010387628791069373,mean_spl,0.20137380179369369
store_dept,5,DeepSets_Q,DeepSets,CA_2__HOBBIES_2,1652,81,125.85999298095703,0.00035148965634044924,mean_spl,0.2707488040225132
store_dept,5,DeepSets_Q,DeepSets,CA_2__HOUSEHOLD_1,1652,82,7390.810546875,0.020640343270887637,mean_spl,0.18870917804617757
store_dept,5,DeepSets_Q,DeepSets,CA_2__HOUSEHOLD_2,1652,83,4772.2802734375,0.013327564331937063,mean_spl,0.15212163324926622
store_dept,5,DeepSets_Q,DeepSets,CA_3__FOODS_1,1652,84,1999.469970703125,0.0055839269987232884,mean_spl,0.13066965832671806
store_dept,5,DeepSets_Q,DeepSets,CA_3__FOODS_2,1652,85,4837.259765625,0.01350903279413233,mean_spl,0.19602410650510407
store_dept,5,DeepSets_Q,DeepSets,CA_3__FOODS_3,1652,86,24029.509765625,0.06710729859032269,mean_spl,0.14576379308129453
store_dept,5,DeepSets_Q,DeepSets,CA_3__HOBBIES_1,1652,87,4375.419921875,0.012219250996761853,mean_spl,0.11880618228608651
store_dept,5,DeepSets_Q,DeepSets,CA_3__HOBBIES_2,1652,88,116.95000457763672,0.0003266066995906083,mean_spl,0.2788307741693227
store_dept,5,DeepSets_Q,DeepSets,CA_3__HOUSEHOLD_1,1652,89,17274.9296875,0.048243758444222254,mean_spl,0.2682869833849486
store_dept,5,DeepSets_Q,DeepSets,CA_3__HOUSEHOLD_2,1652,90,5732.62060546875,0.016009510240885344,mean_spl,0.27972513846300023
store_dept,5,DeepSets_Q,DeepSets,CA_4__FOODS_1,1652,91,1234.8699951171875,0.0034486258892016987,mean_spl,0.2199999733877381
store_dept,5,DeepSets_Q,DeepSets,CA_4__FOODS_2,1652,92,3245.919921875,0.009064892272964644,mean_spl,0.1493171577830486
store_dept,5,DeepSets_Q,DeepSets,CA_4__FOODS_3,1652,93,10574.0810546875,0.029530274299240655,mean_spl,0.19660837053250096
store_dept,5,DeepSets_Q,DeepSets,CA_4__HOBBIES_1,1652,94,4814.67041015625,0.013445947419641132,mean_spl,0.17037233212363037
store_dept,5,DeepSets_Q,DeepSets,CA_4__HOBBIES_2,1652,95,99.33000183105469,0.0002773992543697036,mean_spl,0.29470382153825725
store_dept,5,DeepSets_Q,DeepSets,CA_4__HOUSEHOLD_1,1652,96,4143.0,0.011570171042666525,mean_spl,0.23015236586588797
store_dept,5,DeepSets_Q,DeepSets,CA_4__HOUSEHOLD_2,1652,97,1649.139892578125,0.00460555892599894,mean_spl,0.23034205134186025
store_dept,5,DeepSets_Q,DeepSets,TX_1__FOODS_1,1652,98,1119.7099609375,0.003127018046397376,mean_spl,0.24017427787249812
store_dept,5,DeepSets_Q,DeepSets,TX_1__FOODS_2,1652,99,5013.2099609375,0.014000409539185722,mean_spl,0.17821898853671878
store_dept,5,DeepSets_Q,DeepSets,TX_1__FOODS_3,1652,100,11401.0302734375,0.03183969836502317,mean_spl,0.2945112382508809
store_dept,5,DeepSets_Q,DeepSets,TX_1__HOBBIES_1,1652,101,4637.939453125,0.012952390238519792,mean_spl,0.26688326196794093
store_dept,5,DeepSets_Q,DeepSets,TX_1__HOBBIES_2,1652,102,106.32999420166016,0.0002969481583101492,mean_spl,0.2913769138255285
store_dept,5,DeepSets_Q,DeepSets,TX_1__HOUSEHOLD_1,1652,103,12742.048828125,0.035584765719385666,mean_spl,0.25137298909659195
store_dept,5,DeepSets_Q,DeepSets,TX_1__HOUSEHOLD_2,1652,104,2441.05029296875,0.006817129957373804,mean_spl,0.23271132826831098
store_dept,5,DeepSets_Q,DeepSets,TX_2__FOODS_1,1652,105,599.0999755859375,0.0016731086626084087,mean_spl,0.1654479085851343
store_dept,5,DeepSets_Q,DeepSets,TX_2__FOODS_2,1652,106,4469.77001953125,0.01248274285478143,mean_spl,0.10527771989863811
store_dept,5,DeepSets_Q,DeepSets,TX_2__FOODS_3,1652,107,10780.2197265625,0.03010595851167171,mean_spl,0.18909014053794626
store_dept,5,DeepSets_Q,DeepSets,TX_2__HOBBIES_1,1652,108,5179.759765625,0.014465533779436043,mean_spl,0.20128467714517362
store_dept,5,DeepSets_Q,DeepSets,TX_2__HOBBIES_2,1652,109,186.760009765625,0.0005215653528646758,mean_spl,0.2722245902022557
store_dept,5,DeepSets_Q,DeepSets,TX_2__HOUSEHOLD_1,1652,110,7181.52978515625,0.02005588413281728,mean_spl,0.1839300349614055
store_dept,5,DeepSets_Q,DeepSets,TX_2__HOUSEHOLD_2,1652,111,3241.17041015625,0.009051628294457503,mean_spl,0.1891860191581768
store_dept,5,DeepSets_Q,DeepSets,TX_3__FOODS_1,1652,112,1270.159912109375,0.003547180167666848,mean_spl,0.15798582615618673
store_dept,5,DeepSets_Q,DeepSets,TX_3__FOODS_2,1652,113,6379.099609375,0.01781493448676707,mean_spl,0.24686712653859053
store_dept,5,DeepSets_Q,DeepSets,TX_3__FOODS_3,1652,114,13397.4208984375,0.037415025663894985,mean_spl,0.21726934327112402
store_dept,5,DeepSets_Q,DeepSets,TX_3__HOBBIES_1,1652,115,3831.489990234375,0.010700215914862761,mean_spl,0.2834452472848858
store_dept,5,DeepSets_Q,DeepSets,TX_3__HOBBIES_2,1652,116,179.2400360107422,0.0005005642950369285,mean_spl,0.18000480747909545
store_dept,5,DeepSets_Q,DeepSets,TX_3__HOUSEHOLD_1,1652,117,9337.3095703125,0.02607633811413051,mean_spl,0.25264936456188414
store_dept,5,DeepSets_Q,DeepSets,TX_3__HOUSEHOLD_2,1652,118,2009.77001953125,0.005612691982235049,mean_spl,0.17018283419667657
store_dept,5,DeepSets_Q,DeepSets,WI_1__FOODS_1,1652,119,2607.9599609375,0.0072832591891076,mean_spl,0.20411265191137853
store_dept,5,DeepSets_Q,DeepSets,WI_1__FOODS_2,1652,120,3778.159912109375,0.010551280813336084,mean_spl,0.32807017775738756
store_dept,5,DeepSets_Q,DeepSets,WI_1__FOODS_3,1652,121,9821.6796875,0.027429040287390422,mean_spl,0.18096522477567206
store_dept,5,DeepSets_Q,DeepSets,WI_1__HOBBIES_1,1652,122,3198.909912109375,0.00893360724913995,mean_spl,0.16256778093593968
store_dept,5,DeepSets_Q,DeepSets,WI_1__HOBBIES_2,1652,123,247.41000366210938,0.000690942809567308,mean_spl,0.23311266398209585
store_dept,5,DeepSets_Q,DeepSets,WI_1__HOUSEHOLD_1,1652,124,6200.14990234375,0.017315180994518307,mean_spl,0.20890402667406646
store_dept,5,DeepSets_Q,DeepSets,WI_1__HOUSEHOLD_2,1652,125,1591.97998046875,0.004445928233290937,mean_spl,0.17948620582368516
store_dept,5,DeepSets_Q,DeepSets,WI_2__FOODS_1,1652,126,10432.2509765625,0.02913418492851871,mean_spl,0.28108844105460906
store_dept,5,DeepSets_Q,DeepSets,WI_2__FOODS_2,1652,127,4274.830078125,0.011938333377321206,mean_spl,0.19567157967353122
store_dept,5,DeepSets_Q,DeepSets,WI_2__FOODS_3,1652,128,9833.7197265625,0.02746266454790539,mean_spl,0.14281759680052672
store_dept,5,DeepSets_Q,DeepSets,WI_2__HOBBIES_1,1652,129,2805.360107421875,0.007834539290162788,mean_spl,0.18005894057461402
store_dept,5,DeepSets_Q,DeepSets,WI_2__HOBBIES_2,1652,130,180.48001098632812,0.0005040271776234975,mean_spl,0.1756078542207716
store_dept,5,DeepSets_Q,DeepSets,WI_2__HOUSEHOLD_1,1652,131,11269.71875,0.03147298419991455,mean_spl,0.33029010547613014
store_dept,5,DeepSets_Q,DeepSets,WI_2__HOUSEHOLD_2,1652,132,1156.52001953125,0.0032298176297959435,mean_spl,0.23119690714928154
store_dept,5,DeepSets_Q,DeepSets,WI_3__FOODS_1,1652,133,1283.8699951171875,0.003585468365931281,mean_spl,0.23469977576654794
store_dept,5,DeepSets_Q,DeepSets,WI_3__FOODS_2,1652,134,3003.880126953125,0.00838894686471506,mean_spl,0.15189948824157481
store_dept,5,DeepSets_Q,DeepSets,WI_3__FOODS_3,1652,135,8792.7099609375,0.024555432820807285,mean_spl,0.12844880814675746
store_dept,5,DeepSets_Q,DeepSets,WI_3__HOBBIES_1,1652,136,2022.27001953125,0.005647600777319126,mean_spl,0.29997782445192633
store_dept,5,DeepSets_Q,DeepSets,WI_3__HOBBIES_2,1652,137,175.20001220703125,0.0004892817059890454,mean_spl,0.24788222505981614
store_dept,5,DeepSets_Q,DeepSets,WI_3__HOUSEHOLD_1,1652,138,5442.150390625,0.015198313024244677,mean_spl,0.19246066851473811
store_dept,5,DeepSets_Q,DeepSets,WI_3__HOUSEHOLD_2,1652,139,1633.949951171875,0.004563137921847746,mean_spl,0.17395879664364777
store_dept,5,DeepSets_Q,DeepSets,CA_1__FOODS_1,1680,140,2677.030029296875,0.007543685055638456,mean_spl,0.2059057725805135
store_dept,5,DeepSets_Q,DeepSets,CA_1__FOODS_2,1680,141,2762.050048828125,0.007783265577242256,mean_spl,0.263748590664276
store_dept,5,DeepSets_Q,DeepSets,CA_1__FOODS_3,1680,142,16095.470703125,0.04535592073224578,mean_spl,0.14371684030962362
store_dept,5,DeepSets_Q,DeepSets,CA_1__HOBBIES_1,1680,143,6485.3603515625,0.01827529591715563,mean_spl,0.1468004690825221
store_dept,5,DeepSets_Q,DeepSets,CA_1__HOBBIES_2,1680,144,127.75000762939453,0.000359990666098236,mean_spl,0.2549254976930722
store_dept,5,DeepSets_Q,DeepSets,CA_1__HOUSEHOLD_1,1680,145,8938.0400390625,0.02518677726117379,mean_spl,0.19344627675345688
store_dept,5,DeepSets_Q,DeepSets,CA_1__HOUSEHOLD_2,1680,146,2698.840087890625,0.0076051442889215,mean_spl,0.18160416420096076
store_dept,5,DeepSets_Q,DeepSets,CA_2__FOODS_1,1680,147,7650.9306640625,0.021559792262537122,mean_spl,0.24076449061318414
store_dept,5,DeepSets_Q,DeepSets,CA_2__FOODS_2,1680,148,4356.88037109375,0.012277386874609319,mean_spl,0.259032293007216
store_dept,5,DeepSets_Q,DeepSets,CA_2__FOODS_3,1680,149,10269.6201171875,0.028939077618587335,mean_spl,0.2441198104272746
store_dept,5,DeepSets_Q,DeepSets,CA_2__HOBBIES_1,1680,150,3557.010009765625,0.01002340764196547,mean_spl,0.2117863353819663
store_dept,5,DeepSets_Q,DeepSets,CA_2__HOBBIES_2,1680,151,220.0800018310547,0.0006201701896089184,mean_spl,0.20494434389761895
store_dept,5,DeepSets_Q,DeepSets,CA_2__HOUSEHOLD_1,1680,152,7564.439453125,0.02131606602553086,mean_spl,0.22957380401604505
store_dept,5,DeepSets_Q,DeepSets,CA_2__HOUSEHOLD_2,1680,153,4621.71044921875,0.01302365967721955,mean_spl,0.1630646868641579
store_dept,5,DeepSets_Q,DeepSets,CA_3__FOODS_1,1680,154,2286.559814453125,0.006443367056903718,mean_spl,0.15903677675581
store_dept,5,DeepSets_Q,DeepSets,CA_3__FOODS_2,1680,155,4804.63037109375,0.013539115337382399,mean_spl,0.22219669949649223
store_dept,5,DeepSets_Q,DeepSets,CA_3__FOODS_3,1680,156,22991.513671875,0.06478849179685335,mean_spl,0.14398648904938205
store_dept,5,DeepSets_Q,DeepSets,CA_3__HOBBIES_1,1680,157,4002.510009765625,0.011278795760704514,mean_spl,0.20959757035193807
store_dept,5,DeepSets_Q,DeepSets,CA_3__HOBBIES_2,1680,158,97.20001220703125,0.0002739028966689048,mean_spl,0.23693720285460929
store_dept,5,DeepSets_Q,DeepSets,CA_3__HOUSEHOLD_1,1680,159,18491.53125,0.052107853262719966,mean_spl,0.24501497348893034
store_dept,5,DeepSets_Q,DeepSets,CA_3__HOUSEHOLD_2,1680,160,4898.33984375,0.013803182135555142,mean_spl,0.19517442908546978
store_dept,5,DeepSets_Q,DeepSets,CA_4__FOODS_1,1680,161,1364.1500244140625,0.003844080208365861,mean_spl,0.1843482672305028
store_dept,5,DeepSets_Q,DeepSets,CA_4__FOODS_2,1680,162,3486.6298828125,0.009825081322835732,mean_spl,0.23755973420202858
store_dept,5,DeepSets_Q,DeepSets,CA_4__FOODS_3,1680,163,12055.4404296875,0.0339713954693513,mean_spl,0.22680487109267716
store_dept,5,DeepSets_Q,DeepSets,CA_4__HOBBIES_1,1680,164,4832.689453125,0.013618183885541221,mean_spl,0.16931162470785818
store_dept,5,DeepSets_Q,DeepSets,CA_4__HOBBIES_2,1680,165,109.08999633789062,0.0003074080477572923,mean_spl,0.30749674490887485
store_dept,5,DeepSets_Q,DeepSets,CA_4__HOUSEHOLD_1,1680,166,3967.669677734375,0.01118061812010978,mean_spl,0.23398591720597198
store_dept,5,DeepSets_Q,DeepSets,CA_4__HOUSEHOLD_2,1680,167,1538.719970703125,0.004336006216132869,mean_spl,0.1864695811738074
store_dept,5,DeepSets_Q,DeepSets,TX_1__FOODS_1,1680,168,826.570068359375,0.0023292171562821077,mean_spl,0.1902911516880872
store_dept,5,DeepSets_Q,DeepSets,TX_1__FOODS_2,1680,169,5038.81982421875,0.014199044982695797,mean_spl,0.1921475445600554
store_dept,5,DeepSets_Q,DeepSets,TX_1__FOODS_3,1680,170,9620.6689453125,0.027110378200374867,mean_spl,0.16226845371691667
store_dept,5,DeepSets_Q,DeepSets,TX_1__HOBBIES_1,1680,171,5783.56982421875,0.016297698857961573,mean_spl,0.1571885668907723
store_dept,5,DeepSets_Q,DeepSets,TX_1__HOBBIES_2,1680,172,97.6500015258789,0.000275170935376965,mean_spl,0.36082489638301785
store_dept,5,DeepSets_Q,DeepSets,TX_1__HOUSEHOLD_1,1680,173,11477.259765625,0.03234212243646979,mean_spl,0.1418357257669869
store_dept,5,DeepSets_Q,DeepSets,TX_1__HOUSEHOLD_2,1680,174,2117.0498046875,0.005965699599514033,mean_spl,0.1816416297327181
store_dept,5,DeepSets_Q,DeepSets,TX_2__FOODS_1,1680,175,484.1099853515625,0.0013641883810848131,mean_spl,0.14685101506791043
store_dept,5,DeepSets_Q,DeepSets,TX_2__FOODS_2,1680,176,4542.3798828125,0.012800111640139314,mean_spl,0.16494196687953333
store_dept,5,DeepSets_Q,DeepSets,TX_2__FOODS_3,1680,177,10389.5703125,0.029277088954245564,mean_spl,0.17889744577399935
store_dept,5,DeepSets_Q,DeepSets,TX_2__HOBBIES_1,1680,178,4721.259765625,0.013304182750272299,mean_spl,0.21381716633512846
store_dept,5,DeepSets_Q,DeepSets,TX_2__HOBBIES_2,1680,179,194.41000366210938,0.0005478339141670621,mean_spl,0.290667934337211
store_dept,5,DeepSets_Q,DeepSets,TX_2__HOUSEHOLD_1,1680,180,7819.6796875,0.022035315313204358,mean_spl,0.15412856177193188
store_dept,5,DeepSets_Q,DeepSets,TX_2__HOUSEHOLD_2,1680,181,3046.819580078125,0.008585726376591609,mean_spl,0.1876864611591986
store_dept,5,DeepSets_Q,DeepSets,TX_3__FOODS_1,1680,182,1190.3101806640625,0.0033542115789445327,mean_spl,0.37715674425441464
store_dept,5,DeepSets_Q,DeepSets,TX_3__FOODS_2,1680,183,6715.240234375,0.01892308149206009,mean_spl,0.24225998366550597
store_dept,5,DeepSets_Q,DeepSets,TX_3__FOODS_3,1680,184,11706.75,0.032988810009087106,mean_spl,0.14560526825245584
store_dept,5,DeepSets_Q,DeepSets,TX_3__HOBBIES_1,1680,185,3899.72998046875,0.010989168762673206,mean_spl,0.2260161112542663
store_dept,5,DeepSets_Q,DeepSets,TX_3__HOBBIES_2,1680,186,224.08999633789062,0.0006314700761635551,mean_spl,0.21692295882426127
store_dept,5,DeepSets_Q,DeepSets,TX_3__HOUSEHOLD_1,1680,187,8750.3798828125,0.02465796394912674,mean_spl,0.26978686608399294
store_dept,5,DeepSets_Q,DeepSets,TX_3__HOUSEHOLD_2,1680,188,1798.669921875,0.005068527159270841,mean_spl,0.16512029517827267
store_dept,5,DeepSets_Q,DeepSets,WI_1__FOODS_1,1680,189,2904.14990234375,0.00818369311434231,mean_spl,0.19240788031226552
store_dept,5,DeepSets_Q,DeepSets,WI_1__FOODS_2,1680,190,3773.469970703125,0.010633376807271094,mean_spl,0.2953553341433268
store_dept,5,DeepSets_Q,DeepSets,WI_1__FOODS_3,1680,191,9307.9296875,0.02622910065038367,mean_spl,0.17497424624394806
store_dept,5,DeepSets_Q,DeepSets,WI_1__HOBBIES_1,1680,192,3249.199951171875,0.00915602023368946,mean_spl,0.11831621605964122
store_dept,5,DeepSets_Q,DeepSets,WI_1__HOBBIES_2,1680,193,267.3900451660156,0.0007534866122794891,mean_spl,0.2093887920860963
store_dept,5,DeepSets_Q,DeepSets,WI_1__HOUSEHOLD_1,1680,194,5686.15966796875,0.01602320378994639,mean_spl,0.2136285412166343
store_dept,5,DeepSets_Q,DeepSets,WI_1__HOUSEHOLD_2,1680,195,1533.320068359375,0.004320789665639727,mean_spl,0.17739459369890095
store_dept,5,DeepSets_Q,DeepSets,WI_2__FOODS_1,1680,196,10997.01953125,0.030988838745392735,mean_spl,0.2596213888536369
store_dept,5,DeepSets_Q,DeepSets,WI_2__FOODS_2,1680,197,4939.349609375,0.013918744812362995,mean_spl,0.23287192353014996
store_dept,5,DeepSets_Q,DeepSets,WI_2__FOODS_3,1680,198,10317.259765625,0.029073322845589226,mean_spl,0.2140973257660546
store_dept,5,DeepSets_Q,DeepSets,WI_2__HOBBIES_1,1680,199,3044.68994140625,0.008579725202437,mean_spl,0.1542389133392918
store_dept,5,DeepSets_Q,DeepSets,WI_2__HOBBIES_2,1680,200,322.7400207519531,0.0009094590067196285,mean_spl,0.19535728502652486
store_dept,5,DeepSets_Q,DeepSets,WI_2__HOUSEHOLD_1,1680,201,10840.791015625,0.030548597617841976,mean_spl,0.3186706934948868
store_dept,5,DeepSets_Q,DeepSets,WI_2__HOUSEHOLD_2,1680,202,1518.010009765625,0.004277646981788341,mean_spl,0.17582071138865576
store_dept,5,DeepSets_Q,DeepSets,WI_3__FOODS_1,1680,203,1171.7099609375,0.0033017974490889496,mean_spl,0.18067190838316416
store_dept,5,DeepSets_Q,DeepSets,WI_3__FOODS_2,1680,204,3072.830078125,0.00865902215708663,mean_spl,0.14797030393076196
store_dept,5,DeepSets_Q,DeepSets,WI_3__FOODS_3,1680,205,9088.4794921875,0.025610705211886978,mean_spl,0.12956731037083943
store_dept,5,DeepSets_Q,DeepSets,WI_3__HOBBIES_1,1680,206,2430.940185546875,0.006850220934457541,mean_spl,0.2342780696556166
store_dept,5,DeepSets_Q,DeepSets,WI_3__HOBBIES_2,1680,207,140.00001525878906,0.0003945103384493124,mean_spl,0.25904496774162905
store_dept,5,DeepSets_Q,DeepSets,WI_3__HOUSEHOLD_1,1680,208,5430.0498046875,0.015301503948296194,mean_spl,0.17794971483137878
store_dept,5,DeepSets_Q,DeepSets,WI_3__HOUSEHOLD_2,1680,209,1437.9700927734375,0.004052100043927844,mean_spl,0.161249846798951
store_dept,5,DeepSets_Q,DeepSets,CA_1__FOODS_1,1708,210,2354.2900390625,0.00672629301433993,mean_spl,0.1626788814823605
store_dept,5,DeepSets_Q,DeepSets,CA_1__FOODS_2,1708,211,3504.670166015625,0.01001297124148035,mean_spl,0.20284205531939442
store_dept,5,DeepSets_Q,DeepSets,CA_1__FOODS_3,1708,212,15070.7109375,0.04305757405336902,mean_spl,0.25954725986867966
store_dept,5,DeepSets_Q,DeepSets,CA_1__HOBBIES_1,1708,213,6784.52099609375,0.01938362539215437,mean_spl,0.14967390210040443
store_dept,5,DeepSets_Q,DeepSets,CA_1__HOBBIES_2,1708,214,111.55001068115234,0.00031870247299392357,mean_spl,0.37358408488031214
store_dept,5,DeepSets_Q,DeepSets,CA_1__HOUSEHOLD_1,1708,215,9023.8798828125,0.025781555887725096,mean_spl,0.19232088450740253
store_dept,5,DeepSets_Q,DeepSets,CA_1__HOUSEHOLD_2,1708,216,2391.800048828125,0.006833460488384384,mean_spl,0.1987374485452812
store_dept,5,DeepSets_Q,DeepSets,CA_2__FOODS_1,1708,217,7293.529296875,0.020837880781668452,mean_spl,0.23145666108743582
store_dept,5,DeepSets_Q,DeepSets,CA_2__FOODS_2,1708,218,4431.35009765625,0.012660529803638403,mean_spl,0.3049094435445892
store_dept,5,DeepSets_Q,DeepSets,CA_2__FOODS_3,1708,219,10807.83984375,0.030878394944944373,mean_spl,0.17321640962367532
store_dept,5,DeepSets_Q,DeepSets,CA_2__HOBBIES_1,1708,220,3684.760009765625,0.01052749453209902,mean_spl,0.32119914486522394
store_dept,5,DeepSets_Q,DeepSets,CA_2__HOBBIES_2,1708,221,208.17999267578125,0.0005947778766536555,mean_spl,0.6277168190092878
store_dept,5,DeepSets_Q,DeepSets,CA_2__HOUSEHOLD_1,1708,222,7297.67041015625,0.020849712094239588,mean_spl,0.20114094847787473
store_dept,5,DeepSets_Q,DeepSets,CA_2__HOUSEHOLD_2,1708,223,4297.31982421875,0.012277600395207604,mean_spl,0.15568813683498747
store_dept,5,DeepSets_Q,DeepSets,CA_3__FOODS_1,1708,224,2037.020263671875,0.005819841626251419,mean_spl,0.20756344653458997
store_dept,5,DeepSets_Q,DeepSets,CA_3__FOODS_2,1708,225,5473.76025390625,0.01563873386334442,mean_spl,0.26637892842161925
store_dept,5,DeepSets_Q,DeepSets,CA_3__FOODS_3,1708,226,23709.330078125,0.06773842586645636,mean_spl,0.13287894992643526
store_dept,5,DeepSets_Q,DeepSets,CA_3__HOBBIES_1,1708,227,4353.6396484375,0.012438508199227486,mean_spl,0.1626436043259491
store_dept,5,DeepSets_Q,DeepSets,CA_3__HOBBIES_2,1708,228,117.08000946044922,0.00033450188238755323,mean_spl,0.29565320002211526
store_dept,5,DeepSets_Q,DeepSets,CA_3__HOUSEHOLD_1,1708,229,17030.759765625,0.04865750546438254,mean_spl,0.18819008317503727
store_dept,5,DeepSets_Q,DeepSets,CA_3__HOUSEHOLD_2,1708,230,4214.96044921875,0.012042296639282739,mean_spl,0.16755496336636538
store_dept,5,DeepSets_Q,DeepSets,CA_4__FOODS_1,1708,231,1043.760009765625,0.0029820606407227473,mean_spl,0.25551072682278614
store_dept,5,DeepSets_Q,DeepSets,CA_4__FOODS_2,1708,232,3713.85986328125,0.010610633881190608,mean_spl,0.16687947712477
store_dept,5,DeepSets_Q,DeepSets,CA_4__FOODS_3,1708,233,10821.44140625,0.030917255108012593,mean_spl,0.2048222586320706
store_dept,5,DeepSets_Q,DeepSets,CA_4__HOBBIES_1,1708,234,4728.69970703125,0.013510068546601531,mean_spl,0.22079132300340448
store_dept,5,DeepSets_Q,DeepSets,CA_4__HOBBIES_2,1708,235,95.7300033569336,0.0002735041316739762,mean_spl,0.35975473741022257
store_dept,5,DeepSets_Q,DeepSets,CA_4__HOUSEHOLD_1,1708,236,4069.969970703125,0.011628053522842505,mean_spl,0.26324707603169073
store_dept,5,DeepSets_Q,DeepSets,CA_4__HOUSEHOLD_2,1708,237,1437.900146484375,0.004108133471298034,mean_spl,0.1951261462776479
store_dept,5,DeepSets_Q,DeepSets,TX_1__FOODS_1,1708,238,1073.0400390625,0.0030657147586315436,mean_spl,0.19852298386266193
store_dept,5,DeepSets_Q,DeepSets,TX_1__FOODS_2,1708,239,5225.14013671875,0.01492841706731848,mean_spl,0.16925026813825184
store_dept,5,DeepSets_Q,DeepSets,TX_1__FOODS_3,1708,240,11660.0908203125,0.0333133072518407,mean_spl,0.20301745444348088
store_dept,5,DeepSets_Q,DeepSets,TX_1__HOBBIES_1,1708,241,4595.099609375,0.013128368166159787,mean_spl,0.22371363831724844
store_dept,5,DeepSets_Q,DeepSets,TX_1__HOBBIES_2,1708,242,96.20000457763672,0.0002748469424046394,mean_spl,0.3335035034093974
store_dept,5,DeepSets_Q,DeepSets,TX_1__HOUSEHOLD_1,1708,243,11967.7998046875,0.034192443109237185,mean_spl,0.16980934907374987
store_dept,5,DeepSets_Q,DeepSets,TX_1__HOUSEHOLD_2,1708,244,2081.780029296875,0.00594772191876067,mean_spl,0.2105499427401716
store_dept,5,DeepSets_Q,DeepSets,TX_2__FOODS_1,1708,245,478.6199951171875,0.0013674348853644728,mean_spl,0.17865537471707388
store_dept,5,DeepSets_Q,DeepSets,TX_2__FOODS_2,1708,246,4991.48974609375,0.014260869329281684,mean_spl,0.14991003790367624
store_dept,5,DeepSets_Q,DeepSets,TX_2__FOODS_3,1708,247,9153.9296875,0.02615311295090417,mean_spl,0.14650260471737978
store_dept,5,DeepSets_Q,DeepSets,TX_2__HOBBIES_1,1708,248,4488.7998046875,0.012824665724306041,mean_spl,0.17652232240194762
store_dept,5,DeepSets_Q,DeepSets,TX_2__HOBBIES_2,1708,249,106.89000701904297,0.00030538867156794185,mean_spl,0.4645930449631861
store_dept,5,DeepSets_Q,DeepSets,TX_2__HOUSEHOLD_1,1708,250,7779.02978515625,0.022224973488429934,mean_spl,0.17073535332648823
store_dept,5,DeepSets_Q,DeepSets,TX_2__HOUSEHOLD_2,1708,251,2405.5,0.0068726017514977745,mean_spl,0.1850091352969988
store_dept,5,DeepSets_Q,DeepSets,TX_3__FOODS_1,1708,252,2326.159912109375,0.006645924209614134,mean_spl,0.2455694613439651
store_dept,5,DeepSets_Q,DeepSets,TX_3__FOODS_2,1708,253,6259.36083984375,0.017883223558996773,mean_spl,0.2733438656956922
store_dept,5,DeepSets_Q,DeepSets,TX_3__FOODS_3,1708,254,10799.1806640625,0.03085365535089455,mean_spl,0.18041809230029512
store_dept,5,DeepSets_Q,DeepSets,TX_3__HOBBIES_1,1708,255,3801.2099609375,0.010860196314840927,mean_spl,0.20422214830756516
store_dept,5,DeepSets_Q,DeepSets,TX_3__HOBBIES_2,1708,256,248.95001220703125,0.0007112593181997237,mean_spl,0.2429875317964751
store_dept,5,DeepSets_Q,DeepSets,TX_3__HOUSEHOLD_1,1708,257,7539.970703125,0.02154197292061475,mean_spl,0.2246853211703534
store_dept,5,DeepSets_Q,DeepSets,TX_3__HOUSEHOLD_2,1708,258,1770.510009765625,0.0050584120532777286,mean_spl,0.19057235450639384
store_dept,5,DeepSets_Q,DeepSets,WI_1__FOODS_1,1708,259,2926.960205078125,0.008362432688415801,mean_spl,0.19004857794468338
store_dept,5,DeepSets_Q,DeepSets,WI_1__FOODS_2,1708,260,4155.56982421875,0.011872615444771183,mean_spl,0.46443729614303336
store_dept,5,DeepSets_Q,DeepSets,WI_1__FOODS_3,1708,261,9793.0693359375,0.02797915837485064,mean_spl,0.2027332669768868
store_dept,5,DeepSets_Q,DeepSets,WI_1__HOBBIES_1,1708,262,3119.93017578125,0.008913754974277687,mean_spl,0.19053803642762573
store_dept,5,DeepSets_Q,DeepSets,WI_1__HOBBIES_2,1708,263,163.74000549316406,0.0004678112028861254,mean_spl,0.2166266411564528
store_dept,5,DeepSets_Q,DeepSets,WI_1__HOUSEHOLD_1,1708,264,5966.89013671875,0.017047624030184193,mean_spl,0.1959329968084199
store_dept,5,DeepSets_Q,DeepSets,WI_1__HOUSEHOLD_2,1708,265,1234.610107421875,0.003527326371517121,mean_spl,0.16997818054868621
store_dept,5,DeepSets_Q,DeepSets,WI_2__FOODS_1,1708,266,10760.2900390625,0.030742543408474328,mean_spl,0.2919616738478481
store_dept,5,DeepSets_Q,DeepSets,WI_2__FOODS_2,1708,267,5265.87060546875,0.015044785510831502,mean_spl,0.30721581537859577
store_dept,5,DeepSets_Q,DeepSets,WI_2__FOODS_3,1708,268,10658.37890625,0.03045137956317634,mean_spl,0.20024000043431336
store_dept,5,DeepSets_Q,DeepSets,WI_2__HOBBIES_1,1708,269,3197.070068359375,0.00913414647743411,mean_spl,0.13518763998223357
store_dept,5,DeepSets_Q,DeepSets,WI_2__HOBBIES_2,1708,270,263.59002685546875,0.0007530863771541218,mean_spl,0.3113580751379683
store_dept,5,DeepSets_Q,DeepSets,WI_2__HOUSEHOLD_1,1708,271,9898.310546875,0.0282798363755236,mean_spl,0.36341231843385097
store_dept,5,DeepSets_Q,DeepSets,WI_2__HOUSEHOLD_2,1708,272,1296.1199951171875,0.003703062377299385,mean_spl,0.1943765803305828
store_dept,5,DeepSets_Q,DeepSets,WI_3__FOODS_1,1708,273,1197.5599365234375,0.003421472673986506,mean_spl,0.21398301438192682
store_dept,5,DeepSets_Q,DeepSets,WI_3__FOODS_2,1708,274,2744.72998046875,0.007841794251156926,mean_spl,0.18699656443749765
store_dept,5,DeepSets_Q,DeepSets,WI_3__FOODS_3,1708,275,9562.7109375,0.027321015979268105,mean_spl,0.15043389935997756
store_dept,5,DeepSets_Q,DeepSets,WI_3__HOBBIES_1,1708,276,2060.580078125,0.0058871528804919126,mean_spl,0.20994663844164105
store_dept,5,DeepSets_Q,DeepSets,WI_3__HOBBIES_2,1708,277,177.99000549316406,0.0005085239756813211,mean_spl,0.24414317945024372
store_dept,5,DeepSets_Q,DeepSets,WI_3__HOUSEHOLD_1,1708,278,5443.83056640625,0.015553223648115035,mean_spl,0.18863548822362217
store_dept,5,DeepSets_Q,DeepSets,WI_3__HOUSEHOLD_2,1708,279,1166.4700927734375,0.0033326478497877773,mean_spl,0.23374235420600156
