task,fold,model,base_model,agg_id,origin_time,row_id,revenue_28,weight,metric,metric_value
store_cat,1,M3_FullSkuTemporalCNN,M3_FullSkuTemporalCNN,CA_1__FOODS,1400,0,226958.65625,0.0758507651990865,rmsse,1.0391790380677286
store_cat,1,M3_FullSkuTemporalCNN,M3_FullSkuTemporalCNN,CA_1__HOBBIES,1400,1,50996.61328125,0.01704333381179291,rmsse,0.9431523119388564
store_cat,1,M3_FullSkuTemporalCNN,M3_FullSkuTemporalCNN,CA_1__HOUSEHOLD,1400,2,99464.2734375,0.03324147831530681,rmsse,1.0121622442867901
store_cat,1,M3_FullSkuTemporalCNN,M3_FullSkuTemporalCNN,CA_2__FOODS,1400,3,108666.09375,0.036316774598162835,rmsse,0.9059520254951776
store_cat,1,M3_FullSkuTemporalCNN,M3_FullSkuTemporalCNN,CA_2__HOBBIES,1400,4,31205.01953125,0.010428880081535783,rmsse,0.7205839797390479
store_cat,1,M3_FullSkuTemporalCNN,M3_FullSkuTemporalCNN,CA_2__HOUSEHOLD,1400,5,87583.4453125,0.02927084366593958,rmsse,0.765989269290173
store_cat,1,M3_FullSkuTemporalCNN,M3_FullSkuTemporalCNN,CA_3__FOODS,1400,6,295087.1875,0.0986196752401741,rmsse,1.155241299722784
store_cat,1,M3_FullSkuTemporalCNN,M3_FullSkuTemporalCNN,CA_3__HOBBIES,1400,7,57647.32421875,0.01926603605220287,rmsse,1.1839313236211733
store_cat,1,M3_FullSkuTemporalCNN,M3_FullSkuTemporalCNN,CA_3__HOUSEHOLD,1400,8,173274.515625,0.057909245749058404,rmsse,1.2303640849963466
store_cat,1,M3_FullSkuTemporalCNN,M3_FullSkuTemporalCNN,CA_4__FOODS,1400,9,121674.46875,0.04066424128680854,rmsse,1.3661049343761258
store_cat,1,M3_FullSkuTemporalCNN,M3_FullSkuTemporalCNN,CA_4__HOBBIES,1400,10,32223.5078125,0.010769264170671467,rmsse,0.9454537939948945
store_cat,1,M3_FullSkuTemporalCNN,M3_FullSkuTemporalCNN,CA_4__HOUSEHOLD,1400,11,51777.10546875,0.017304178366620435,rmsse,2.200696625249194
store_cat,1,M3_FullSkuTemporalCNN,M3_FullSkuTemporalCNN,TX_1__FOODS,1400,12,142172.421875,0.04751476399978066,rmsse,0.8938796051488401
store_cat,1,M3_FullSkuTemporalCNN,M3_FullSkuTemporalCNN,TX_1__HOBBIES,1400,13,25999.3828125,0.008689129172759201,rmsse,1.0566257491977329
store_cat,1,M3_FullSkuTemporalCNN,M3_FullSkuTemporalCNN,TX_1__HOUSEHOLD,1400,14,81256.328125,0.027156288142454594,rmsse,1.0703226530293546
store_cat,1,M3_FullSkuTemporalCNN,M3_FullSkuTemporalCNN,TX_2__FOODS,1400,15,171553.265625,0.057333995032667506,rmsse,0.8251642871076759
store_cat,1,M3_FullSkuTemporalCNN,M3_FullSkuTemporalCNN,TX_2__HOBBIES,1400,16,37066.83984375,0.01238793096555631,rmsse,0.7847961279011825
store_cat,1,M3_FullSkuTemporalCNN,M3_FullSkuTemporalCNN,TX_2__HOUSEHOLD,1400,17,82002.390625,0.02740562611636738,rmsse,0.8466169423844068
store_cat,1,M3_FullSkuTemporalCNN,M3_FullSkuTemporalCNN,TX_3__FOODS,1400,18,157470.1875,0.05262735696126869,rmsse,1.0196513189134737
store_cat,1,M3_FullSkuTemporalCNN,M3_FullSkuTemporalCNN,TX_3__HOBBIES,1400,19,39784.18359375,0.013296081402080826,rmsse,1.145475387344534
store_cat,1,M3_FullSkuTemporalCNN,M3_FullSkuTemporalCNN,TX_3__HOUSEHOLD,1400,20,87090.3359375,0.02910604394409335,rmsse,1.164367846228001
store_cat,1,M3_FullSkuTemporalCNN,M3_FullSkuTemporalCNN,WI_1__FOODS,1400,21,165848.921875,0.055427573636166454,rmsse,1.1933746648390324
store_cat,1,M3_FullSkuTemporalCNN,M3_FullSkuTemporalCNN,WI_1__HOBBIES,1400,22,40985.328125,0.013697510161465327,rmsse,0.75008053488328
store_cat,1,M3_FullSkuTemporalCNN,M3_FullSkuTemporalCNN,WI_1__HOUSEHOLD,1400,23,68940.171875,0.02304016456598708,rmsse,0.9520764229355086
store_cat,1,M3_FullSkuTemporalCNN,M3_FullSkuTemporalCNN,WI_2__FOODS,1400,24,219953.3125,0.07350954282537438,rmsse,1.0320320597297237
store_cat,1,M3_FullSkuTemporalCNN,M3_FullSkuTemporalCNN,WI_2__HOBBIES,1400,25,25208.861328125,0.008424932774671118,rmsse,1.0051245946124694
store_cat,1,M3_FullSkuTemporalCNN,M3_FullSkuTemporalCNN,WI_2__HOUSEHOLD,1400,26,79361.3984375,0.02652299276976338,rmsse,1.2635603620632396
store_cat,1,M3_FullSkuTemporalCNN,M3_FullSkuTemporalCNN,WI_3__FOODS,1400,27,147652.625,0.04934627643180615,rmsse,0.7124862668487113
store_cat,1,M3_FullSkuTemporalCNN,M3_FullSkuTemporalCNN,WI_3__HOBBIES,1400,28,21936.94140625,0.007331440092589935,rmsse,0.7817614298715241
store_cat,1,M3_FullSkuTemporalCNN,M3_FullSkuTemporalCNN,WI_3__HOUSEHOLD,1400,29,61332.48046875,0.02049763446778741,rmsse,0.8804019785918473
store_cat,1,M3_FullSkuTemporalCNN,M3_FullSkuTemporalCNN,CA_1__FOODS,1428,30,213076.046875,0.07429568976178588,rmsse,0.2776299320234258
store_cat,1,M3_FullSkuTemporalCNN,M3_FullSkuTemporalCNN,CA_1__HOBBIES,1428,31,52497.34375,0.018304856044452224,rmsse,0.5358396566563238
store_cat,1,M3_FullSkuTemporalCNN,M3_FullSkuTemporalCNN,CA_1__HOUSEHOLD,1428,32,95256.125,0.033214054863058604,rmsse,0.5094989006006934
store_cat,1,M3_FullSkuTemporalCNN,M3_FullSkuTemporalCNN,CA_2__FOODS,1428,33,110173.421875,0.038415441302143576,rmsse,0.4803935844908981
store_cat,1,M3_FullSkuTemporalCNN,M3_FullSkuTemporalCNN,CA_2__HOBBIES,1428,34,32410.05078125,0.011300787269721006,rmsse,0.6530907453450812
store_cat,1,M3_FullSkuTemporalCNN,M3_FullSkuTemporalCNN,CA_2__HOUSEHOLD,1428,35,85537.21875,0.02982525140925001,rmsse,0.39814566776021404
store_cat,1,M3_FullSkuTemporalCNN,M3_FullSkuTemporalCNN,CA_3__FOODS,1428,36,264437.8125,0.0922045906469763,rmsse,0.564340097967849
store_cat,1,M3_FullSkuTemporalCNN,M3_FullSkuTemporalCNN,CA_3__HOBBIES,1428,37,54865.0390625,0.019130427754495874,rmsse,0.8601338280378903
store_cat,1,M3_FullSkuTemporalCNN,M3_FullSkuTemporalCNN,CA_3__HOUSEHOLD,1428,38,152489.84375,0.05317039756101494,rmsse,0.8786133920320034
store_cat,1,M3_FullSkuTemporalCNN,M3_FullSkuTemporalCNN,CA_4__FOODS,1428,39,111408.5390625,0.038846103897624246,rmsse,0.5395461088281989
store_cat,1,M3_FullSkuTemporalCNN,M3_FullSkuTemporalCNN,CA_4__HOBBIES,1428,40,33008.76171875,0.011509546737159329,rmsse,0.6463743533022537
store_cat,1,M3_FullSkuTemporalCNN,M3_FullSkuTemporalCNN,CA_4__HOUSEHOLD,1428,41,49583.05078125,0.017288695807500653,rmsse,1.2906031122980108
store_cat,1,M3_FullSkuTemporalCNN,M3_FullSkuTemporalCNN,TX_1__FOODS,1428,42,143683.8125,0.05009989679202703,rmsse,0.3593505775666944
store_cat,1,M3_FullSkuTemporalCNN,M3_FullSkuTemporalCNN,TX_1__HOBBIES,1428,43,24862.4609375,0.00866908182133985,rmsse,0.8049216664029387
store_cat,1,M3_FullSkuTemporalCNN,M3_FullSkuTemporalCNN,TX_1__HOUSEHOLD,1428,44,78584.8359375,0.027401083680787818,rmsse,0.5875991481906159
store_cat,1,M3_FullSkuTemporalCNN,M3_FullSkuTemporalCNN,TX_2__FOODS,1428,45,169112.625,0.05896645496324626,rmsse,0.38224931329076445
store_cat,1,M3_FullSkuTemporalCNN,M3_FullSkuTemporalCNN,TX_2__HOBBIES,1428,46,37968.1328125,0.013238788017907201,rmsse,0.7523330704474284
store_cat,1,M3_FullSkuTemporalCNN,M3_FullSkuTemporalCNN,TX_2__HOUSEHOLD,1428,47,76284.0390625,0.02659883822271356,rmsse,0.5963147528118191
store_cat,1,M3_FullSkuTemporalCNN,M3_FullSkuTemporalCNN,TX_3__FOODS,1428,48,156201.359375,0.05446453464242413,rmsse,0.5647372958129104
store_cat,1,M3_FullSkuTemporalCNN,M3_FullSkuTemporalCNN,TX_3__HOBBIES,1428,49,37867.00390625,0.013203526232479454,rmsse,0.813981528993056
store_cat,1,M3_FullSkuTemporalCNN,M3_FullSkuTemporalCNN,TX_3__HOUSEHOLD,1428,50,82279.71875,0.028689421207082816,rmsse,0.9161290713214673
store_cat,1,M3_FullSkuTemporalCNN,M3_FullSkuTemporalCNN,WI_1__FOODS,1428,51,171078.21875,0.05965182127067253,rmsse,0.8404056897263626
store_cat,1,M3_FullSkuTemporalCNN,M3_FullSkuTemporalCNN,WI_1__HOBBIES,1428,52,44008.82421875,0.015345065758871302,rmsse,0.8873556060783402
store_cat,1,M3_FullSkuTemporalCNN,M3_FullSkuTemporalCNN,WI_1__HOUSEHOLD,1428,53,65090.1015625,0.02269571856233845,rmsse,1.0170122391367156
store_cat,1,M3_FullSkuTemporalCNN,M3_FullSkuTemporalCNN,WI_2__FOODS,1428,54,209153.8125,0.07292807893658147,rmsse,0.9417978825619363
store_cat,1,M3_FullSkuTemporalCNN,M3_FullSkuTemporalCNN,WI_2__HOBBIES,1428,55,24120.48046875,0.008410366909344633,rmsse,1.1538320647923699
store_cat,1,M3_FullSkuTemporalCNN,M3_FullSkuTemporalCNN,WI_2__HOUSEHOLD,1428,56,73348.140625,0.025575144557077958,rmsse,1.3498183639122647
store_cat,1,M3_FullSkuTemporalCNN,M3_FullSkuTemporalCNN,WI_3__FOODS,1428,57,139767.203125,0.048734247300632964,rmsse,0.5078764081807959
store_cat,1,M3_FullSkuTemporalCNN,M3_FullSkuTemporalCNN,WI_3__HOBBIES,1428,58,22137.26171875,0.007718855089312624,rmsse,0.8483695570476502
store_cat,1,M3_FullSkuTemporalCNN,M3_FullSkuTemporalCNN,WI_3__HOUSEHOLD,1428,59,57654.9921875,0.0201032329799773,rmsse,0.9470444449682073
store_cat,1,M3_FullSkuTemporalCNN,M3_FullSkuTemporalCNN,CA_1__FOODS,1456,60,216654.625,0.07397924456338241,rmsse,0.49206799115886607
store_cat,1,M3_FullSkuTemporalCNN,M3_FullSkuTemporalCNN,CA_1__HOBBIES,1456,61,54163.19921875,0.018494655082203344,rmsse,0.5146476566479125
store_cat,1,M3_FullSkuTemporalCNN,M3_FullSkuTemporalCNN,CA_1__HOUSEHOLD,1456,62,94011.015625,0.03210115600612653,rmsse,0.8121987720750953
store_cat,1,M3_FullSkuTemporalCNN,M3_FullSkuTemporalCNN,CA_2__FOODS,1456,63,106220.4296875,0.03627020261154881,rmsse,0.8852363891794978
store_cat,1,M3_FullSkuTemporalCNN,M3_FullSkuTemporalCNN,CA_2__HOBBIES,1456,64,31810.216796875,0.010861968942644223,rmsse,0.7253626216202669
store_cat,1,M3_FullSkuTemporalCNN,M3_FullSkuTemporalCNN,CA_2__HOUSEHOLD,1456,65,86838.34375,0.029651963671490145,rmsse,0.4843820265252167
store_cat,1,M3_FullSkuTemporalCNN,M3_FullSkuTemporalCNN,CA_3__FOODS,1456,66,276034.6875,0.09425525836127126,rmsse,0.6588020257764322
store_cat,1,M3_FullSkuTemporalCNN,M3_FullSkuTemporalCNN,CA_3__HOBBIES,1456,67,57284.25,0.019560374214858966,rmsse,0.7827294046534706
store_cat,1,M3_FullSkuTemporalCNN,M3_FullSkuTemporalCNN,CA_3__HOUSEHOLD,1456,68,155978.5625,0.05326069647408786,rmsse,1.009615385238501
store_cat,1,M3_FullSkuTemporalCNN,M3_FullSkuTemporalCNN,CA_4__FOODS,1456,69,114921.703125,0.03924135374965941,rmsse,0.6110849279972927
store_cat,1,M3_FullSkuTemporalCNN,M3_FullSkuTemporalCNN,CA_4__HOBBIES,1456,70,33806.859375,0.011543745801055494,rmsse,0.6862759738058695
store_cat,1,M3_FullSkuTemporalCNN,M3_FullSkuTemporalCNN,CA_4__HOUSEHOLD,1456,71,51044.75,0.017429824283357508,rmsse,1.136406805908579
store_cat,1,M3_FullSkuTemporalCNN,M3_FullSkuTemporalCNN,TX_1__FOODS,1456,72,140683.25,0.04803793391311849,rmsse,0.4594242832166098
store_cat,1,M3_FullSkuTemporalCNN,M3_FullSkuTemporalCNN,TX_1__HOBBIES,1456,73,27783.09765625,0.009486862217873518,rmsse,0.881403820833331
store_cat,1,M3_FullSkuTemporalCNN,M3_FullSkuTemporalCNN,TX_1__HOUSEHOLD,1456,74,80417.0078125,0.027459323741721976,rmsse,0.6219253430094502
store_cat,1,M3_FullSkuTemporalCNN,M3_FullSkuTemporalCNN,TX_2__FOODS,1456,75,169176.453125,0.05776726991219309,rmsse,0.5148671486217207
store_cat,1,M3_FullSkuTemporalCNN,M3_FullSkuTemporalCNN,TX_2__HOBBIES,1456,76,42864.6796875,0.014636644021481715,rmsse,0.7923911027458277
store_cat,1,M3_FullSkuTemporalCNN,M3_FullSkuTemporalCNN,TX_2__HOUSEHOLD,1456,77,79355.1796875,0.027096750163873577,rmsse,0.7134118546812723
store_cat,1,M3_FullSkuTemporalCNN,M3_FullSkuTemporalCNN,TX_3__FOODS,1456,78,156799.8125,0.053541121849718216,rmsse,0.5847345789401285
store_cat,1,M3_FullSkuTemporalCNN,M3_FullSkuTemporalCNN,TX_3__HOBBIES,1456,79,49402.20703125,0.016868958859916763,rmsse,0.8952797042306766
store_cat,1,M3_FullSkuTemporalCNN,M3_FullSkuTemporalCNN,TX_3__HOUSEHOLD,1456,80,78533.859375,0.02681630077922134,rmsse,0.8665148890193511
store_cat,1,M3_FullSkuTemporalCNN,M3_FullSkuTemporalCNN,WI_1__FOODS,1456,81,171450.15625,0.05854365232059495,rmsse,1.0430499187799955
store_cat,1,M3_FullSkuTemporalCNN,M3_FullSkuTemporalCNN,WI_1__HOBBIES,1456,82,39346.1328125,0.01343519521893088,rmsse,0.910487282872887
store_cat,1,M3_FullSkuTemporalCNN,M3_FullSkuTemporalCNN,WI_1__HOUSEHOLD,1456,83,69904.34375,0.023869652181780117,rmsse,1.1339202193349138
store_cat,1,M3_FullSkuTemporalCNN,M3_FullSkuTemporalCNN,WI_2__FOODS,1456,84,213990.953125,0.07306970278426171,rmsse,0.5820245432227669
store_cat,1,M3_FullSkuTemporalCNN,M3_FullSkuTemporalCNN,WI_2__HOBBIES,1456,85,22872.908203125,0.007810220851896331,rmsse,0.8688437415189068
store_cat,1,M3_FullSkuTemporalCNN,M3_FullSkuTemporalCNN,WI_2__HOUSEHOLD,1456,86,73007.3671875,0.02492921566799104,rmsse,1.7377791850358797
store_cat,1,M3_FullSkuTemporalCNN,M3_FullSkuTemporalCNN,WI_3__FOODS,1456,87,151780.5625,0.05182724049004377,rmsse,0.7319471445974519
store_cat,1,M3_FullSkuTemporalCNN,M3_FullSkuTemporalCNN,WI_3__HOBBIES,1456,88,21418.96875,0.007313756295078839,rmsse,0.912804207512887
store_cat,1,M3_FullSkuTemporalCNN,M3_FullSkuTemporalCNN,WI_3__HOUSEHOLD,1456,89,61031.02734375,0.020839754968617726,rmsse,1.0203489070725327
store_cat,1,M3_FullSkuTemporalCNN,M3_FullSkuTemporalCNN,CA_1__FOODS,1484,90,213601.578125,0.06820771906795026,rmsse,0.40172421412888076
store_cat,1,M3_FullSkuTemporalCNN,M3_FullSkuTemporalCNN,CA_1__HOBBIES,1484,91,57432.234375,0.018339385607920238,rmsse,0.6653324234559617
store_cat,1,M3_FullSkuTemporalCNN,M3_FullSkuTemporalCNN,CA_1__HOUSEHOLD,1484,92,97660.3515625,0.031185115212744904,rmsse,0.6175441456694271
store_cat,1,M3_FullSkuTemporalCNN,M3_FullSkuTemporalCNN,CA_2__FOODS,1484,93,97109.96875,0.03100936577969128,rmsse,0.5000572584402793
store_cat,1,M3_FullSkuTemporalCNN,M3_FullSkuTemporalCNN,CA_2__HOBBIES,1484,94,32127.169921875,0.010258917559107109,rmsse,0.628120751663805
store_cat,1,M3_FullSkuTemporalCNN,M3_FullSkuTemporalCNN,CA_2__HOUSEHOLD,1484,95,85772.1484375,0.027388948414303897,rmsse,0.49442194539224665
store_cat,1,M3_FullSkuTemporalCNN,M3_FullSkuTemporalCNN,CA_3__FOODS,1484,96,297412.46875,0.09497039438507442,rmsse,0.48698388753797095
store_cat,1,M3_FullSkuTemporalCNN,M3_FullSkuTemporalCNN,CA_3__HOBBIES,1484,97,61886.78125,0.019761821174605104,rmsse,0.7707940142369041
store_cat,1,M3_FullSkuTemporalCNN,M3_FullSkuTemporalCNN,CA_3__HOUSEHOLD,1484,98,172245.359375,0.05500176162618477,rmsse,0.7541411213034299
store_cat,1,M3_FullSkuTemporalCNN,M3_FullSkuTemporalCNN,CA_4__FOODS,1484,99,119859.8125,0.03827389521323178,rmsse,0.5305992666817955
store_cat,1,M3_FullSkuTemporalCNN,M3_FullSkuTemporalCNN,CA_4__HOBBIES,1484,100,36330.05078125,0.011600990588008404,rmsse,0.8514965822346028
store_cat,1,M3_FullSkuTemporalCNN,M3_FullSkuTemporalCNN,CA_4__HOUSEHOLD,1484,101,51402.9609375,0.016414104940901036,rmsse,0.805275703521692
store_cat,1,M3_FullSkuTemporalCNN,M3_FullSkuTemporalCNN,TX_1__FOODS,1484,102,144507.609375,0.0461444831538793,rmsse,0.4024586074304633
store_cat,1,M3_FullSkuTemporalCNN,M3_FullSkuTemporalCNN,TX_1__HOBBIES,1484,103,31937.12890625,0.010198233249941787,rmsse,0.6854160834862503
store_cat,1,M3_FullSkuTemporalCNN,M3_FullSkuTemporalCNN,TX_1__HOUSEHOLD,1484,104,89760.1953125,0.02866242018950133,rmsse,0.787946560468698
store_cat,1,M3_FullSkuTemporalCNN,M3_FullSkuTemporalCNN,TX_2__FOODS,1484,105,179773.953125,0.0574058085062889,rmsse,0.4165066269256868
store_cat,1,M3_FullSkuTemporalCNN,M3_FullSkuTemporalCNN,TX_2__HOBBIES,1484,106,49847.03125,0.015917262099447972,rmsse,0.7147541989008908
store_cat,1,M3_FullSkuTemporalCNN,M3_FullSkuTemporalCNN,TX_2__HOUSEHOLD,1484,107,93967.359375,0.030005860940111543,rmsse,0.5628407148496156
store_cat,1,M3_FullSkuTemporalCNN,M3_FullSkuTemporalCNN,TX_3__FOODS,1484,108,166358.546875,0.053121971894618626,rmsse,0.5147528391447822
store_cat,1,M3_FullSkuTemporalCNN,M3_FullSkuTemporalCNN,TX_3__HOBBIES,1484,109,58939.0,0.018820529274335952,rmsse,0.9556163964176143
store_cat,1,M3_FullSkuTemporalCNN,M3_FullSkuTemporalCNN,TX_3__HOUSEHOLD,1484,110,94858.9296875,0.030290559105444093,rmsse,1.0783849428987204
store_cat,1,M3_FullSkuTemporalCNN,M3_FullSkuTemporalCNN,WI_1__FOODS,1484,111,182376.296875,0.05823679455506408,rmsse,1.1477393443950654
store_cat,1,M3_FullSkuTemporalCNN,M3_FullSkuTemporalCNN,WI_1__HOBBIES,1484,112,42152.4609375,0.013460215223528077,rmsse,0.7439993924897886
store_cat,1,M3_FullSkuTemporalCNN,M3_FullSkuTemporalCNN,WI_1__HOUSEHOLD,1484,113,74201.4921875,0.023694181372508085,rmsse,1.0063288428964812
store_cat,1,M3_FullSkuTemporalCNN,M3_FullSkuTemporalCNN,WI_2__FOODS,1484,114,220910.796875,0.07054171464739512,rmsse,0.7331278809145401
store_cat,1,M3_FullSkuTemporalCNN,M3_FullSkuTemporalCNN,WI_2__HOBBIES,1484,115,28042.1796875,0.00895448962019686,rmsse,0.9424235907507436
store_cat,1,M3_FullSkuTemporalCNN,M3_FullSkuTemporalCNN,WI_2__HOUSEHOLD,1484,116,95896.65625,0.030621928201429557,rmsse,1.1544103167572939
store_cat,1,M3_FullSkuTemporalCNN,M3_FullSkuTemporalCNN,WI_3__FOODS,1484,117,160906.484375,0.05138100747569806,rmsse,0.3673415647197972
store_cat,1,M3_FullSkuTemporalCNN,M3_FullSkuTemporalCNN,WI_3__HOBBIES,1484,118,24415.33984375,0.007796359257404398,rmsse,0.7676763372158278
store_cat,1,M3_FullSkuTemporalCNN,M3_FullSkuTemporalCNN,WI_3__HOUSEHOLD,1484,119,69941.15625,0.02233376166348309,rmsse,0.8230331058980308
store_cat,1,M3_FullSkuTemporalCNN_Q,M3_FullSkuTemporalCNN,CA_1__FOODS,1400,0,226958.65625,0.0758507651990865,mean_spl,0.2356845216089732
store_cat,1,M3_FullSkuTemporalCNN_Q,M3_FullSkuTemporalCNN,CA_1__HOBBIES,1400,1,50996.61328125,0.01704333381179291,mean_spl,0.2501916227882929
store_cat,1,M3_FullSkuTemporalCNN_Q,M3_FullSkuTemporalCNN,CA_1__HOUSEHOLD,1400,2,99464.2734375,0.03324147831530681,mean_spl,0.23376915290225886
store_cat,1,M3_FullSkuTemporalCNN_Q,M3_FullSkuTemporalCNN,CA_2__FOODS,1400,3,108666.09375,0.036316774598162835,mean_spl,0.21636043637803393
store_cat,1,M3_FullSkuTemporalCNN_Q,M3_FullSkuTemporalCNN,CA_2__HOBBIES,1400,4,31205.01953125,0.010428880081535783,mean_spl,0.17515900673303145
store_cat,1,M3_FullSkuTemporalCNN_Q,M3_FullSkuTemporalCNN,CA_2__HOUSEHOLD,1400,5,87583.4453125,0.02927084366593958,mean_spl,0.2094292292135983
store_cat,1,M3_FullSkuTemporalCNN_Q,M3_FullSkuTemporalCNN,CA_3__FOODS,1400,6,295087.1875,0.0986196752401741,mean_spl,0.30967038041110323
store_cat,1,M3_FullSkuTemporalCNN_Q,M3_FullSkuTemporalCNN,CA_3__HOBBIES,1400,7,57647.32421875,0.01926603605220287,mean_spl,0.2825525626334881
store_cat,1,M3_FullSkuTemporalCNN_Q,M3_FullSkuTemporalCNN,CA_3__HOUSEHOLD,1400,8,173274.515625,0.057909245749058404,mean_spl,0.2717546756649182
store_cat,1,M3_FullSkuTemporalCNN_Q,M3_FullSkuTemporalCNN,CA_4__FOODS,1400,9,121674.46875,0.04066424128680854,mean_spl,0.3372017667103464
store_cat,1,M3_FullSkuTemporalCNN_Q,M3_FullSkuTemporalCNN,CA_4__HOBBIES,1400,10,32223.5078125,0.010769264170671467,mean_spl,0.21313026441949132
store_cat,1,M3_FullSkuTemporalCNN_Q,M3_FullSkuTemporalCNN,CA_4__HOUSEHOLD,1400,11,51777.10546875,0.017304178366620435,mean_spl,0.38750367662552815
store_cat,1,M3_FullSkuTemporalCNN_Q,M3_FullSkuTemporalCNN,TX_1__FOODS,1400,12,142172.421875,0.04751476399978066,mean_spl,0.17492283651434384
store_cat,1,M3_FullSkuTemporalCNN_Q,M3_FullSkuTemporalCNN,TX_1__HOBBIES,1400,13,25999.3828125,0.008689129172759201,mean_spl,0.2240135994655382
store_cat,1,M3_FullSkuTemporalCNN_Q,M3_FullSkuTemporalCNN,TX_1__HOUSEHOLD,1400,14,81256.328125,0.027156288142454594,mean_spl,0.22843013774069704
store_cat,1,M3_FullSkuTemporalCNN_Q,M3_FullSkuTemporalCNN,TX_2__FOODS,1400,15,171553.265625,0.057333995032667506,mean_spl,0.1777152384970277
store_cat,1,M3_FullSkuTemporalCNN_Q,M3_FullSkuTemporalCNN,TX_2__HOBBIES,1400,16,37066.83984375,0.01238793096555631,mean_spl,0.1708945024774839
store_cat,1,M3_FullSkuTemporalCNN_Q,M3_FullSkuTemporalCNN,TX_2__HOUSEHOLD,1400,17,82002.390625,0.02740562611636738,mean_spl,0.15931429237340702
store_cat,1,M3_FullSkuTemporalCNN_Q,M3_FullSkuTemporalCNN,TX_3__FOODS,1400,18,157470.1875,0.05262735696126869,mean_spl,0.21566517499961313
store_cat,1,M3_FullSkuTemporalCNN_Q,M3_FullSkuTemporalCNN,TX_3__HOBBIES,1400,19,39784.18359375,0.013296081402080826,mean_spl,0.25059895010860456
store_cat,1,M3_FullSkuTemporalCNN_Q,M3_FullSkuTemporalCNN,TX_3__HOUSEHOLD,1400,20,87090.3359375,0.02910604394409335,mean_spl,0.27345383667762513
store_cat,1,M3_FullSkuTemporalCNN_Q,M3_FullSkuTemporalCNN,WI_1__FOODS,1400,21,165848.921875,0.055427573636166454,mean_spl,0.33342033374903157
store_cat,1,M3_FullSkuTemporalCNN_Q,M3_FullSkuTemporalCNN,WI_1__HOBBIES,1400,22,40985.328125,0.013697510161465327,mean_spl,0.20966848709547037
store_cat,1,M3_FullSkuTemporalCNN_Q,M3_FullSkuTemporalCNN,WI_1__HOUSEHOLD,1400,23,68940.171875,0.02304016456598708,mean_spl,0.17445831360915415
store_cat,1,M3_FullSkuTemporalCNN_Q,M3_FullSkuTemporalCNN,WI_2__FOODS,1400,24,219953.3125,0.07350954282537438,mean_spl,0.23417677277195514
store_cat,1,M3_FullSkuTemporalCNN_Q,M3_FullSkuTemporalCNN,WI_2__HOBBIES,1400,25,25208.861328125,0.008424932774671118,mean_spl,0.21905338776905506
store_cat,1,M3_FullSkuTemporalCNN_Q,M3_FullSkuTemporalCNN,WI_2__HOUSEHOLD,1400,26,79361.3984375,0.02652299276976338,mean_spl,0.3470045354602091
store_cat,1,M3_FullSkuTemporalCNN_Q,M3_FullSkuTemporalCNN,WI_3__FOODS,1400,27,147652.625,0.04934627643180615,mean_spl,0.1641590299595991
store_cat,1,M3_FullSkuTemporalCNN_Q,M3_FullSkuTemporalCNN,WI_3__HOBBIES,1400,28,21936.94140625,0.007331440092589935,mean_spl,0.15768777560573144
store_cat,1,M3_FullSkuTemporalCNN_Q,M3_FullSkuTemporalCNN,WI_3__HOUSEHOLD,1400,29,61332.48046875,0.02049763446778741,mean_spl,0.17476830738902363
store_cat,1,M3_FullSkuTemporalCNN_Q,M3_FullSkuTemporalCNN,CA_1__FOODS,1428,30,213076.046875,0.07429568976178588,mean_spl,0.06968133789023771
store_cat,1,M3_FullSkuTemporalCNN_Q,M3_FullSkuTemporalCNN,CA_1__HOBBIES,1428,31,52497.34375,0.018304856044452224,mean_spl,0.12935023874568582
store_cat,1,M3_FullSkuTemporalCNN_Q,M3_FullSkuTemporalCNN,CA_1__HOUSEHOLD,1428,32,95256.125,0.033214054863058604,mean_spl,0.11381720582383699
store_cat,1,M3_FullSkuTemporalCNN_Q,M3_FullSkuTemporalCNN,CA_2__FOODS,1428,33,110173.421875,0.038415441302143576,mean_spl,0.15233709527154518
store_cat,1,M3_FullSkuTemporalCNN_Q,M3_FullSkuTemporalCNN,CA_2__HOBBIES,1428,34,32410.05078125,0.011300787269721006,mean_spl,0.1589503620943152
store_cat,1,M3_FullSkuTemporalCNN_Q,M3_FullSkuTemporalCNN,CA_2__HOUSEHOLD,1428,35,85537.21875,0.02982525140925001,mean_spl,0.10316211009991283
store_cat,1,M3_FullSkuTemporalCNN_Q,M3_FullSkuTemporalCNN,CA_3__FOODS,1428,36,264437.8125,0.0922045906469763,mean_spl,0.11986098140991092
store_cat,1,M3_FullSkuTemporalCNN_Q,M3_FullSkuTemporalCNN,CA_3__HOBBIES,1428,37,54865.0390625,0.019130427754495874,mean_spl,0.2019865928435928
store_cat,1,M3_FullSkuTemporalCNN_Q,M3_FullSkuTemporalCNN,CA_3__HOUSEHOLD,1428,38,152489.84375,0.05317039756101494,mean_spl,0.26081293409306283
store_cat,1,M3_FullSkuTemporalCNN_Q,M3_FullSkuTemporalCNN,CA_4__FOODS,1428,39,111408.5390625,0.038846103897624246,mean_spl,0.1738283173906966
store_cat,1,M3_FullSkuTemporalCNN_Q,M3_FullSkuTemporalCNN,CA_4__HOBBIES,1428,40,33008.76171875,0.011509546737159329,mean_spl,0.1714793362471413
store_cat,1,M3_FullSkuTemporalCNN_Q,M3_FullSkuTemporalCNN,CA_4__HOUSEHOLD,1428,41,49583.05078125,0.017288695807500653,mean_spl,0.2878331714853339
store_cat,1,M3_FullSkuTemporalCNN_Q,M3_FullSkuTemporalCNN,TX_1__FOODS,1428,42,143683.8125,0.05009989679202703,mean_spl,0.09475401406921385
store_cat,1,M3_FullSkuTemporalCNN_Q,M3_FullSkuTemporalCNN,TX_1__HOBBIES,1428,43,24862.4609375,0.00866908182133985,mean_spl,0.18157210806890853
store_cat,1,M3_FullSkuTemporalCNN_Q,M3_FullSkuTemporalCNN,TX_1__HOUSEHOLD,1428,44,78584.8359375,0.027401083680787818,mean_spl,0.15177265180543148
store_cat,1,M3_FullSkuTemporalCNN_Q,M3_FullSkuTemporalCNN,TX_2__FOODS,1428,45,169112.625,0.05896645496324626,mean_spl,0.09452021789623563
store_cat,1,M3_FullSkuTemporalCNN_Q,M3_FullSkuTemporalCNN,TX_2__HOBBIES,1428,46,37968.1328125,0.013238788017907201,mean_spl,0.18621798155336877
store_cat,1,M3_FullSkuTemporalCNN_Q,M3_FullSkuTemporalCNN,TX_2__HOUSEHOLD,1428,47,76284.0390625,0.02659883822271356,mean_spl,0.13524788438885818
store_cat,1,M3_FullSkuTemporalCNN_Q,M3_FullSkuTemporalCNN,TX_3__FOODS,1428,48,156201.359375,0.05446453464242413,mean_spl,0.14371509019163697
store_cat,1,M3_FullSkuTemporalCNN_Q,M3_FullSkuTemporalCNN,TX_3__HOBBIES,1428,49,37867.00390625,0.013203526232479454,mean_spl,0.19661183015809042
store_cat,1,M3_FullSkuTemporalCNN_Q,M3_FullSkuTemporalCNN,TX_3__HOUSEHOLD,1428,50,82279.71875,0.028689421207082816,mean_spl,0.20782852138071406
store_cat,1,M3_FullSkuTemporalCNN_Q,M3_FullSkuTemporalCNN,WI_1__FOODS,1428,51,171078.21875,0.05965182127067253,mean_spl,0.2679729526885219
store_cat,1,M3_FullSkuTemporalCNN_Q,M3_FullSkuTemporalCNN,WI_1__HOBBIES,1428,52,44008.82421875,0.015345065758871302,mean_spl,0.20278905662956676
store_cat,1,M3_FullSkuTemporalCNN_Q,M3_FullSkuTemporalCNN,WI_1__HOUSEHOLD,1428,53,65090.1015625,0.02269571856233845,mean_spl,0.2498869831515878
store_cat,1,M3_FullSkuTemporalCNN_Q,M3_FullSkuTemporalCNN,WI_2__FOODS,1428,54,209153.8125,0.07292807893658147,mean_spl,0.2767970992684074
store_cat,1,M3_FullSkuTemporalCNN_Q,M3_FullSkuTemporalCNN,WI_2__HOBBIES,1428,55,24120.48046875,0.008410366909344633,mean_spl,0.32163576208473654
store_cat,1,M3_FullSkuTemporalCNN_Q,M3_FullSkuTemporalCNN,WI_2__HOUSEHOLD,1428,56,73348.140625,0.025575144557077958,mean_spl,0.3432971358953589
store_cat,1,M3_FullSkuTemporalCNN_Q,M3_FullSkuTemporalCNN,WI_3__FOODS,1428,57,139767.203125,0.048734247300632964,mean_spl,0.12368258214727972
store_cat,1,M3_FullSkuTemporalCNN_Q,M3_FullSkuTemporalCNN,WI_3__HOBBIES,1428,58,22137.26171875,0.007718855089312624,mean_spl,0.1985273066500205
store_cat,1,M3_FullSkuTemporalCNN_Q,M3_FullSkuTemporalCNN,WI_3__HOUSEHOLD,1428,59,57654.9921875,0.0201032329799773,mean_spl,0.19932103973319415
store_cat,1,M3_FullSkuTemporalCNN_Q,M3_FullSkuTemporalCNN,CA_1__FOODS,1456,60,216654.625,0.07397924456338241,mean_spl,0.116461984343787
store_cat,1,M3_FullSkuTemporalCNN_Q,M3_FullSkuTemporalCNN,CA_1__HOBBIES,1456,61,54163.19921875,0.018494655082203344,mean_spl,0.12951913542430935
store_cat,1,M3_FullSkuTemporalCNN_Q,M3_FullSkuTemporalCNN,CA_1__HOUSEHOLD,1456,62,94011.015625,0.03210115600612653,mean_spl,0.191987250654042
store_cat,1,M3_FullSkuTemporalCNN_Q,M3_FullSkuTemporalCNN,CA_2__FOODS,1456,63,106220.4296875,0.03627020261154881,mean_spl,0.27801834026184286
store_cat,1,M3_FullSkuTemporalCNN_Q,M3_FullSkuTemporalCNN,CA_2__HOBBIES,1456,64,31810.216796875,0.010861968942644223,mean_spl,0.16958474109709287
store_cat,1,M3_FullSkuTemporalCNN_Q,M3_FullSkuTemporalCNN,CA_2__HOUSEHOLD,1456,65,86838.34375,0.029651963671490145,mean_spl,0.12994179571239634
store_cat,1,M3_FullSkuTemporalCNN_Q,M3_FullSkuTemporalCNN,CA_3__FOODS,1456,66,276034.6875,0.09425525836127126,mean_spl,0.18005012599321513
store_cat,1,M3_FullSkuTemporalCNN_Q,M3_FullSkuTemporalCNN,CA_3__HOBBIES,1456,67,57284.25,0.019560374214858966,mean_spl,0.22757487083314995
store_cat,1,M3_FullSkuTemporalCNN_Q,M3_FullSkuTemporalCNN,CA_3__HOUSEHOLD,1456,68,155978.5625,0.05326069647408786,mean_spl,0.2529895354661103
store_cat,1,M3_FullSkuTemporalCNN_Q,M3_FullSkuTemporalCNN,CA_4__FOODS,1456,69,114921.703125,0.03924135374965941,mean_spl,0.17621509936592017
store_cat,1,M3_FullSkuTemporalCNN_Q,M3_FullSkuTemporalCNN,CA_4__HOBBIES,1456,70,33806.859375,0.011543745801055494,mean_spl,0.1735868588205044
store_cat,1,M3_FullSkuTemporalCNN_Q,M3_FullSkuTemporalCNN,CA_4__HOUSEHOLD,1456,71,51044.75,0.017429824283357508,mean_spl,0.29712455174693053
store_cat,1,M3_FullSkuTemporalCNN_Q,M3_FullSkuTemporalCNN,TX_1__FOODS,1456,72,140683.25,0.04803793391311849,mean_spl,0.11926094423829008
store_cat,1,M3_FullSkuTemporalCNN_Q,M3_FullSkuTemporalCNN,TX_1__HOBBIES,1456,73,27783.09765625,0.009486862217873518,mean_spl,0.21976792774317366
store_cat,1,M3_FullSkuTemporalCNN_Q,M3_FullSkuTemporalCNN,TX_1__HOUSEHOLD,1456,74,80417.0078125,0.027459323741721976,mean_spl,0.16275111661441086
store_cat,1,M3_FullSkuTemporalCNN_Q,M3_FullSkuTemporalCNN,TX_2__FOODS,1456,75,169176.453125,0.05776726991219309,mean_spl,0.13493167912782877
store_cat,1,M3_FullSkuTemporalCNN_Q,M3_FullSkuTemporalCNN,TX_2__HOBBIES,1456,76,42864.6796875,0.014636644021481715,mean_spl,0.18990710212046766
store_cat,1,M3_FullSkuTemporalCNN_Q,M3_FullSkuTemporalCNN,TX_2__HOUSEHOLD,1456,77,79355.1796875,0.027096750163873577,mean_spl,0.21950918203413733
store_cat,1,M3_FullSkuTemporalCNN_Q,M3_FullSkuTemporalCNN,TX_3__FOODS,1456,78,156799.8125,0.053541121849718216,mean_spl,0.1660324423582304
store_cat,1,M3_FullSkuTemporalCNN_Q,M3_FullSkuTemporalCNN,TX_3__HOBBIES,1456,79,49402.20703125,0.016868958859916763,mean_spl,0.21898926288769271
store_cat,1,M3_FullSkuTemporalCNN_Q,M3_FullSkuTemporalCNN,TX_3__HOUSEHOLD,1456,80,78533.859375,0.02681630077922134,mean_spl,0.23918471012789866
store_cat,1,M3_FullSkuTemporalCNN_Q,M3_FullSkuTemporalCNN,WI_1__FOODS,1456,81,171450.15625,0.05854365232059495,mean_spl,0.2980527272215773
store_cat,1,M3_FullSkuTemporalCNN_Q,M3_FullSkuTemporalCNN,WI_1__HOBBIES,1456,82,39346.1328125,0.01343519521893088,mean_spl,0.21938850432599089
store_cat,1,M3_FullSkuTemporalCNN_Q,M3_FullSkuTemporalCNN,WI_1__HOUSEHOLD,1456,83,69904.34375,0.023869652181780117,mean_spl,0.2704118329033922
store_cat,1,M3_FullSkuTemporalCNN_Q,M3_FullSkuTemporalCNN,WI_2__FOODS,1456,84,213990.953125,0.07306970278426171,mean_spl,0.1902802927298845
store_cat,1,M3_FullSkuTemporalCNN_Q,M3_FullSkuTemporalCNN,WI_2__HOBBIES,1456,85,22872.908203125,0.007810220851896331,mean_spl,0.22162318418423296
store_cat,1,M3_FullSkuTemporalCNN_Q,M3_FullSkuTemporalCNN,WI_2__HOUSEHOLD,1456,86,73007.3671875,0.02492921566799104,mean_spl,0.6356135012301153
store_cat,1,M3_FullSkuTemporalCNN_Q,M3_FullSkuTemporalCNN,WI_3__FOODS,1456,87,151780.5625,0.05182724049004377,mean_spl,0.1747412793646926
store_cat,1,M3_FullSkuTemporalCNN_Q,M3_FullSkuTemporalCNN,WI_3__HOBBIES,1456,88,21418.96875,0.007313756295078839,mean_spl,0.19740512166221205
store_cat,1,M3_FullSkuTemporalCNN_Q,M3_FullSkuTemporalCNN,WI_3__HOUSEHOLD,1456,89,61031.02734375,0.020839754968617726,mean_spl,0.28692794909467956
store_cat,1,M3_FullSkuTemporalCNN_Q,M3_FullSkuTemporalCNN,CA_1__FOODS,1484,90,213601.578125,0.06820771906795026,mean_spl,0.10986707979404839
store_cat,1,M3_FullSkuTemporalCNN_Q,M3_FullSkuTemporalCNN,CA_1__HOBBIES,1484,91,57432.234375,0.018339385607920238,mean_spl,0.17227712548402843
store_cat,1,M3_FullSkuTemporalCNN_Q,M3_FullSkuTemporalCNN,CA_1__HOUSEHOLD,1484,92,97660.3515625,0.031185115212744904,mean_spl,0.15235138729540468
store_cat,1,M3_FullSkuTemporalCNN_Q,M3_FullSkuTemporalCNN,CA_2__FOODS,1484,93,97109.96875,0.03100936577969128,mean_spl,0.12921109455073332
store_cat,1,M3_FullSkuTemporalCNN_Q,M3_FullSkuTemporalCNN,CA_2__HOBBIES,1484,94,32127.169921875,0.010258917559107109,mean_spl,0.15811554767793085
store_cat,1,M3_FullSkuTemporalCNN_Q,M3_FullSkuTemporalCNN,CA_2__HOUSEHOLD,1484,95,85772.1484375,0.027388948414303897,mean_spl,0.14777850598370026
store_cat,1,M3_FullSkuTemporalCNN_Q,M3_FullSkuTemporalCNN,CA_3__FOODS,1484,96,297412.46875,0.09497039438507442,mean_spl,0.1434261317752713
store_cat,1,M3_FullSkuTemporalCNN_Q,M3_FullSkuTemporalCNN,CA_3__HOBBIES,1484,97,61886.78125,0.019761821174605104,mean_spl,0.21075066812242765
store_cat,1,M3_FullSkuTemporalCNN_Q,M3_FullSkuTemporalCNN,CA_3__HOUSEHOLD,1484,98,172245.359375,0.05500176162618477,mean_spl,0.2378060459930557
store_cat,1,M3_FullSkuTemporalCNN_Q,M3_FullSkuTemporalCNN,CA_4__FOODS,1484,99,119859.8125,0.03827389521323178,mean_spl,0.12735976846230576
store_cat,1,M3_FullSkuTemporalCNN_Q,M3_FullSkuTemporalCNN,CA_4__HOBBIES,1484,100,36330.05078125,0.011600990588008404,mean_spl,0.20211758516538186
store_cat,1,M3_FullSkuTemporalCNN_Q,M3_FullSkuTemporalCNN,CA_4__HOUSEHOLD,1484,101,51402.9609375,0.016414104940901036,mean_spl,0.18989562965871098
store_cat,1,M3_FullSkuTemporalCNN_Q,M3_FullSkuTemporalCNN,TX_1__FOODS,1484,102,144507.609375,0.0461444831538793,mean_spl,0.09242264325941485
store_cat,1,M3_FullSkuTemporalCNN_Q,M3_FullSkuTemporalCNN,TX_1__HOBBIES,1484,103,31937.12890625,0.010198233249941787,mean_spl,0.1727061825099322
store_cat,1,M3_FullSkuTemporalCNN_Q,M3_FullSkuTemporalCNN,TX_1__HOUSEHOLD,1484,104,89760.1953125,0.02866242018950133,mean_spl,0.19296244339668828
store_cat,1,M3_FullSkuTemporalCNN_Q,M3_FullSkuTemporalCNN,TX_2__FOODS,1484,105,179773.953125,0.0574058085062889,mean_spl,0.09868131994500118
store_cat,1,M3_FullSkuTemporalCNN_Q,M3_FullSkuTemporalCNN,TX_2__HOBBIES,1484,106,49847.03125,0.015917262099447972,mean_spl,0.1585520390963443
store_cat,1,M3_FullSkuTemporalCNN_Q,M3_FullSkuTemporalCNN,TX_2__HOUSEHOLD,1484,107,93967.359375,0.030005860940111543,mean_spl,0.1490401542139631
store_cat,1,M3_FullSkuTemporalCNN_Q,M3_FullSkuTemporalCNN,TX_3__FOODS,1484,108,166358.546875,0.053121971894618626,mean_spl,0.13277246736883339
store_cat,1,M3_FullSkuTemporalCNN_Q,M3_FullSkuTemporalCNN,TX_3__HOBBIES,1484,109,58939.0,0.018820529274335952,mean_spl,0.2267516253292462
store_cat,1,M3_FullSkuTemporalCNN_Q,M3_FullSkuTemporalCNN,TX_3__HOUSEHOLD,1484,110,94858.9296875,0.030290559105444093,mean_spl,0.30370154407624955
store_cat,1,M3_FullSkuTemporalCNN_Q,M3_FullSkuTemporalCNN,WI_1__FOODS,1484,111,182376.296875,0.05823679455506408,mean_spl,0.31645331247344316
store_cat,1,M3_FullSkuTemporalCNN_Q,M3_FullSkuTemporalCNN,WI_1__HOBBIES,1484,112,42152.4609375,0.013460215223528077,mean_spl,0.14916730762742375
store_cat,1,M3_FullSkuTemporalCNN_Q,M3_FullSkuTemporalCNN,WI_1__HOUSEHOLD,1484,113,74201.4921875,0.023694181372508085,mean_spl,0.24879907119362654
store_cat,1,M3_FullSkuTemporalCNN_Q,M3_FullSkuTemporalCNN,WI_2__FOODS,1484,114,220910.796875,0.07054171464739512,mean_spl,0.16644790860948297
store_cat,1,M3_FullSkuTemporalCNN_Q,M3_FullSkuTemporalCNN,WI_2__HOBBIES,1484,115,28042.1796875,0.00895448962019686,mean_spl,0.18489800411363322
store_cat,1,M3_FullSkuTemporalCNN_Q,M3_FullSkuTemporalCNN,WI_2__HOUSEHOLD,1484,116,95896.65625,0.030621928201429557,mean_spl,0.2916223535231124
store_cat,1,M3_FullSkuTemporalCNN_Q,M3_FullSkuTemporalCNN,WI_3__FOODS,1484,117,160906.484375,0.05138100747569806,mean_spl,0.08727077985717012
store_cat,1,M3_FullSkuTemporalCNN_Q,M3_FullSkuTemporalCNN,WI_3__HOBBIES,1484,118,24415.33984375,0.007796359257404398,mean_spl,0.15736482683998487
store_cat,1,M3_FullSkuTemporalCNN_Q,M3_FullSkuTemporalCNN,WI_3__HOUSEHOLD,1484,119,69941.15625,0.02233376166348309,mean_spl,0.2112923559603706
store_cat,2,M3_FullSkuTemporalCNN,M3_FullSkuTemporalCNN,CA_1__FOODS,1456,0,216654.625,0.07397924456338241,rmsse,0.4394249458583798
store_cat,2,M3_FullSkuTemporalCNN,M3_FullSkuTemporalCNN,CA_1__HOBBIES,1456,1,54163.19921875,0.018494655082203344,rmsse,0.49401321015778155
store_cat,2,M3_FullSkuTemporalCNN,M3_FullSkuTemporalCNN,CA_1__HOUSEHOLD,1456,2,94011.015625,0.03210115600612653,rmsse,0.8285485871232793
store_cat,2,M3_FullSkuTemporalCNN,M3_FullSkuTemporalCNN,CA_2__FOODS,1456,3,106220.4296875,0.03627020261154881,rmsse,0.7214590135744479
store_cat,2,M3_FullSkuTemporalCNN,M3_FullSkuTemporalCNN,CA_2__HOBBIES,1456,4,31810.216796875,0.010861968942644223,rmsse,0.6219440206337329
store_cat,2,M3_FullSkuTemporalCNN,M3_FullSkuTemporalCNN,CA_2__HOUSEHOLD,1456,5,86838.34375,0.029651963671490145,rmsse,0.5192215497984505
store_cat,2,M3_FullSkuTemporalCNN,M3_FullSkuTemporalCNN,CA_3__FOODS,1456,6,276034.6875,0.09425525836127126,rmsse,0.617833093313262
store_cat,2,M3_FullSkuTemporalCNN,M3_FullSkuTemporalCNN,CA_3__HOBBIES,1456,7,57284.25,0.019560374214858966,rmsse,0.7513609332798613
store_cat,2,M3_FullSkuTemporalCNN,M3_FullSkuTemporalCNN,CA_3__HOUSEHOLD,1456,8,155978.5625,0.05326069647408786,rmsse,1.0097406797728083
store_cat,2,M3_FullSkuTemporalCNN,M3_FullSkuTemporalCNN,CA_4__FOODS,1456,9,114921.703125,0.03924135374965941,rmsse,0.7191621777459112
store_cat,2,M3_FullSkuTemporalCNN,M3_FullSkuTemporalCNN,CA_4__HOBBIES,1456,10,33806.859375,0.011543745801055494,rmsse,0.8516031439126721
store_cat,2,M3_FullSkuTemporalCNN,M3_FullSkuTemporalCNN,CA_4__HOUSEHOLD,1456,11,51044.75,0.017429824283357508,rmsse,0.9779636148922306
store_cat,2,M3_FullSkuTemporalCNN,M3_FullSkuTemporalCNN,TX_1__FOODS,1456,12,140683.25,0.04803793391311849,rmsse,0.42981483717853686
store_cat,2,M3_FullSkuTemporalCNN,M3_FullSkuTemporalCNN,TX_1__HOBBIES,1456,13,27783.09765625,0.009486862217873518,rmsse,0.8301405945548644
store_cat,2,M3_FullSkuTemporalCNN,M3_FullSkuTemporalCNN,TX_1__HOUSEHOLD,1456,14,80417.0078125,0.027459323741721976,rmsse,0.7931154473866117
store_cat,2,M3_FullSkuTemporalCNN,M3_FullSkuTemporalCNN,TX_2__FOODS,1456,15,169176.453125,0.05776726991219309,rmsse,0.45989987606537686
store_cat,2,M3_FullSkuTemporalCNN,M3_FullSkuTemporalCNN,TX_2__HOBBIES,1456,16,42864.6796875,0.014636644021481715,rmsse,0.8393545825105424
store_cat,2,M3_FullSkuTemporalCNN,M3_FullSkuTemporalCNN,TX_2__HOUSEHOLD,1456,17,79355.1796875,0.027096750163873577,rmsse,0.9413702472292413
store_cat,2,M3_FullSkuTemporalCNN,M3_FullSkuTemporalCNN,TX_3__FOODS,1456,18,156799.8125,0.053541121849718216,rmsse,0.6083849548048602
store_cat,2,M3_FullSkuTemporalCNN,M3_FullSkuTemporalCNN,TX_3__HOBBIES,1456,19,49402.20703125,0.016868958859916763,rmsse,1.0513260279149281
store_cat,2,M3_FullSkuTemporalCNN,M3_FullSkuTemporalCNN,TX_3__HOUSEHOLD,1456,20,78533.859375,0.02681630077922134,rmsse,1.1417491090095666
store_cat,2,M3_FullSkuTemporalCNN,M3_FullSkuTemporalCNN,WI_1__FOODS,1456,21,171450.15625,0.05854365232059495,rmsse,1.1058327998009396
store_cat,2,M3_FullSkuTemporalCNN,M3_FullSkuTemporalCNN,WI_1__HOBBIES,1456,22,39346.1328125,0.01343519521893088,rmsse,0.9339286887518617
store_cat,2,M3_FullSkuTemporalCNN,M3_FullSkuTemporalCNN,WI_1__HOUSEHOLD,1456,23,69904.34375,0.023869652181780117,rmsse,1.1192737262824373
store_cat,2,M3_FullSkuTemporalCNN,M3_FullSkuTemporalCNN,WI_2__FOODS,1456,24,213990.953125,0.07306970278426171,rmsse,0.7133512529321856
store_cat,2,M3_FullSkuTemporalCNN,M3_FullSkuTemporalCNN,WI_2__HOBBIES,1456,25,22872.908203125,0.007810220851896331,rmsse,1.0581135035579907
store_cat,2,M3_FullSkuTemporalCNN,M3_FullSkuTemporalCNN,WI_2__HOUSEHOLD,1456,26,73007.3671875,0.02492921566799104,rmsse,2.062512396740475
store_cat,2,M3_FullSkuTemporalCNN,M3_FullSkuTemporalCNN,WI_3__FOODS,1456,27,151780.5625,0.05182724049004377,rmsse,0.6452338283300623
store_cat,2,M3_FullSkuTemporalCNN,M3_FullSkuTemporalCNN,WI_3__HOBBIES,1456,28,21418.96875,0.007313756295078839,rmsse,0.8954015213691202
store_cat,2,M3_FullSkuTemporalCNN,M3_FullSkuTemporalCNN,WI_3__HOUSEHOLD,1456,29,61031.02734375,0.020839754968617726,rmsse,1.2249366904860934
store_cat,2,M3_FullSkuTemporalCNN,M3_FullSkuTemporalCNN,CA_1__FOODS,1484,30,213601.578125,0.06820771906795026,rmsse,0.41946482413355846
store_cat,2,M3_FullSkuTemporalCNN,M3_FullSkuTemporalCNN,CA_1__HOBBIES,1484,31,57432.234375,0.018339385607920238,rmsse,0.6320937487546416
store_cat,2,M3_FullSkuTemporalCNN,M3_FullSkuTemporalCNN,CA_1__HOUSEHOLD,1484,32,97660.3515625,0.031185115212744904,rmsse,0.7328712840768056
store_cat,2,M3_FullSkuTemporalCNN,M3_FullSkuTemporalCNN,CA_2__FOODS,1484,33,97109.96875,0.03100936577969128,rmsse,0.4235437481060924
store_cat,2,M3_FullSkuTemporalCNN,M3_FullSkuTemporalCNN,CA_2__HOBBIES,1484,34,32127.169921875,0.010258917559107109,rmsse,0.5576998427533572
store_cat,2,M3_FullSkuTemporalCNN,M3_FullSkuTemporalCNN,CA_2__HOUSEHOLD,1484,35,85772.1484375,0.027388948414303897,rmsse,0.6489793555005743
store_cat,2,M3_FullSkuTemporalCNN,M3_FullSkuTemporalCNN,CA_3__FOODS,1484,36,297412.46875,0.09497039438507442,rmsse,0.5217039801687037
store_cat,2,M3_FullSkuTemporalCNN,M3_FullSkuTemporalCNN,CA_3__HOBBIES,1484,37,61886.78125,0.019761821174605104,rmsse,0.7945674404481029
store_cat,2,M3_FullSkuTemporalCNN,M3_FullSkuTemporalCNN,CA_3__HOUSEHOLD,1484,38,172245.359375,0.05500176162618477,rmsse,0.8666950640983438
store_cat,2,M3_FullSkuTemporalCNN,M3_FullSkuTemporalCNN,CA_4__FOODS,1484,39,119859.8125,0.03827389521323178,rmsse,0.4662337662416689
store_cat,2,M3_FullSkuTemporalCNN,M3_FullSkuTemporalCNN,CA_4__HOBBIES,1484,40,36330.05078125,0.011600990588008404,rmsse,0.759110083699242
store_cat,2,M3_FullSkuTemporalCNN,M3_FullSkuTemporalCNN,CA_4__HOUSEHOLD,1484,41,51402.9609375,0.016414104940901036,rmsse,0.6916501559490443
store_cat,2,M3_FullSkuTemporalCNN,M3_FullSkuTemporalCNN,TX_1__FOODS,1484,42,144507.609375,0.0461444831538793,rmsse,0.35808712828675826
store_cat,2,M3_FullSkuTemporalCNN,M3_FullSkuTemporalCNN,TX_1__HOBBIES,1484,43,31937.12890625,0.010198233249941787,rmsse,0.6451941153623356
store_cat,2,M3_FullSkuTemporalCNN,M3_FullSkuTemporalCNN,TX_1__HOUSEHOLD,1484,44,89760.1953125,0.02866242018950133,rmsse,0.7808928478631735
store_cat,2,M3_FullSkuTemporalCNN,M3_FullSkuTemporalCNN,TX_2__FOODS,1484,45,179773.953125,0.0574058085062889,rmsse,0.38520155741197276
store_cat,2,M3_FullSkuTemporalCNN,M3_FullSkuTemporalCNN,TX_2__HOBBIES,1484,46,49847.03125,0.015917262099447972,rmsse,0.5926748244972998
store_cat,2,M3_FullSkuTemporalCNN,M3_FullSkuTemporalCNN,TX_2__HOUSEHOLD,1484,47,93967.359375,0.030005860940111543,rmsse,0.6391745075661103
store_cat,2,M3_FullSkuTemporalCNN,M3_FullSkuTemporalCNN,TX_3__FOODS,1484,48,166358.546875,0.053121971894618626,rmsse,0.5088025608749991
store_cat,2,M3_FullSkuTemporalCNN,M3_FullSkuTemporalCNN,TX_3__HOBBIES,1484,49,58939.0,0.018820529274335952,rmsse,0.8273783037053045
store_cat,2,M3_FullSkuTemporalCNN,M3_FullSkuTemporalCNN,TX_3__HOUSEHOLD,1484,50,94858.9296875,0.030290559105444093,rmsse,1.2445795331792935
store_cat,2,M3_FullSkuTemporalCNN,M3_FullSkuTemporalCNN,WI_1__FOODS,1484,51,182376.296875,0.05823679455506408,rmsse,1.0015520497569006
store_cat,2,M3_FullSkuTemporalCNN,M3_FullSkuTemporalCNN,WI_1__HOBBIES,1484,52,42152.4609375,0.013460215223528077,rmsse,0.6972177463506433
store_cat,2,M3_FullSkuTemporalCNN,M3_FullSkuTemporalCNN,WI_1__HOUSEHOLD,1484,53,74201.4921875,0.023694181372508085,rmsse,0.9890598455475665
store_cat,2,M3_FullSkuTemporalCNN,M3_FullSkuTemporalCNN,WI_2__FOODS,1484,54,220910.796875,0.07054171464739512,rmsse,0.7196152103440328
store_cat,2,M3_FullSkuTemporalCNN,M3_FullSkuTemporalCNN,WI_2__HOBBIES,1484,55,28042.1796875,0.00895448962019686,rmsse,0.5538924899175149
store_cat,2,M3_FullSkuTemporalCNN,M3_FullSkuTemporalCNN,WI_2__HOUSEHOLD,1484,56,95896.65625,0.030621928201429557,rmsse,1.0736861888204154
store_cat,2,M3_FullSkuTemporalCNN,M3_FullSkuTemporalCNN,WI_3__FOODS,1484,57,160906.484375,0.05138100747569806,rmsse,0.32003664940735055
store_cat,2,M3_FullSkuTemporalCNN,M3_FullSkuTemporalCNN,WI_3__HOBBIES,1484,58,24415.33984375,0.007796359257404398,rmsse,0.5536267759417115
store_cat,2,M3_FullSkuTemporalCNN,M3_FullSkuTemporalCNN,WI_3__HOUSEHOLD,1484,59,69941.15625,0.02233376166348309,rmsse,0.8572626094730429
store_cat,2,M3_FullSkuTemporalCNN,M3_FullSkuTemporalCNN,CA_1__FOODS,1512,60,207180.25,0.06491036969535333,rmsse,0.6798610761500313
store_cat,2,M3_FullSkuTemporalCNN,M3_FullSkuTemporalCNN,CA_1__HOBBIES,1512,61,62380.88671875,0.019544171893015955,rmsse,0.6113163213645537
store_cat,2,M3_FullSkuTemporalCNN,M3_FullSkuTemporalCNN,CA_1__HOUSEHOLD,1512,62,105939.7890625,0.03319134364156151,rmsse,0.6705546842181359
store_cat,2,M3_FullSkuTemporalCNN,M3_FullSkuTemporalCNN,CA_2__FOODS,1512,63,91005.09375,0.028512246121301568,rmsse,0.3949988533765156
store_cat,2,M3_FullSkuTemporalCNN,M3_FullSkuTemporalCNN,CA_2__HOBBIES,1512,64,33450.58203125,0.010480196090955487,rmsse,0.47953802194478756
store_cat,2,M3_FullSkuTemporalCNN,M3_FullSkuTemporalCNN,CA_2__HOUSEHOLD,1512,65,94968.328125,0.02975394270420743,rmsse,0.5078668711882947
store_cat,2,M3_FullSkuTemporalCNN,M3_FullSkuTemporalCNN,CA_3__FOODS,1512,66,287165.4375,0.08997003677644409,rmsse,0.5634912430568124
store_cat,2,M3_FullSkuTemporalCNN,M3_FullSkuTemporalCNN,CA_3__HOBBIES,1512,67,66716.6796875,0.020902592517202268,rmsse,0.8467105917177968
store_cat,2,M3_FullSkuTemporalCNN,M3_FullSkuTemporalCNN,CA_3__HOUSEHOLD,1512,68,182819.796875,0.05727814597571753,rmsse,0.8899634386137636
store_cat,2,M3_FullSkuTemporalCNN,M3_FullSkuTemporalCNN,CA_4__FOODS,1512,69,116552.8984375,0.03651647165520408,rmsse,0.5692120367219385
store_cat,2,M3_FullSkuTemporalCNN,M3_FullSkuTemporalCNN,CA_4__HOBBIES,1512,70,36935.671875,0.011572088151995735,rmsse,0.6866763550519109
store_cat,2,M3_FullSkuTemporalCNN,M3_FullSkuTemporalCNN,CA_4__HOUSEHOLD,1512,71,55035.6171875,0.017242870679288043,rmsse,0.6586859911591434
store_cat,2,M3_FullSkuTemporalCNN,M3_FullSkuTemporalCNN,TX_1__FOODS,1512,72,146396.890625,0.045866709267504774,rmsse,0.4936328231139514
store_cat,2,M3_FullSkuTemporalCNN,M3_FullSkuTemporalCNN,TX_1__HOBBIES,1512,73,37219.30859375,0.011660952627606897,rmsse,0.8298962409654405
store_cat,2,M3_FullSkuTemporalCNN,M3_FullSkuTemporalCNN,TX_1__HOUSEHOLD,1512,74,98011.2890625,0.030707314077307153,rmsse,0.6340320745407283
store_cat,2,M3_FullSkuTemporalCNN,M3_FullSkuTemporalCNN,TX_2__FOODS,1512,75,176122.65625,0.05517990604275809,rmsse,1.0313840005139852
store_cat,2,M3_FullSkuTemporalCNN,M3_FullSkuTemporalCNN,TX_2__HOBBIES,1512,76,57129.640625,0.017898936281481592,rmsse,1.0025804880119547
store_cat,2,M3_FullSkuTemporalCNN,M3_FullSkuTemporalCNN,TX_2__HOUSEHOLD,1512,77,104925.140625,0.03287345038103626,rmsse,1.2086508103079356
store_cat,2,M3_FullSkuTemporalCNN,M3_FullSkuTemporalCNN,TX_3__FOODS,1512,78,171175.0625,0.05362980587918111,rmsse,0.5746813617371933
store_cat,2,M3_FullSkuTemporalCNN,M3_FullSkuTemporalCNN,TX_3__HOBBIES,1512,79,67877.1015625,0.021266157156731493,rmsse,0.8599553791229148
store_cat,2,M3_FullSkuTemporalCNN,M3_FullSkuTemporalCNN,TX_3__HOUSEHOLD,1512,80,106698.2734375,0.03342897971541217,rmsse,1.0001106260136676
store_cat,2,M3_FullSkuTemporalCNN,M3_FullSkuTemporalCNN,WI_1__FOODS,1512,81,173160.421875,0.054251826612380274,rmsse,0.8111251237589812
store_cat,2,M3_FullSkuTemporalCNN,M3_FullSkuTemporalCNN,WI_1__HOBBIES,1512,82,42989.3984375,0.013468743982879497,rmsse,0.9439348310434021
store_cat,2,M3_FullSkuTemporalCNN,M3_FullSkuTemporalCNN,WI_1__HOUSEHOLD,1512,83,80510.828125,0.025224352311925487,rmsse,0.747340982921765
store_cat,2,M3_FullSkuTemporalCNN,M3_FullSkuTemporalCNN,WI_2__FOODS,1512,84,209484.875,0.06563241757761601,rmsse,0.5775476225457827
store_cat,2,M3_FullSkuTemporalCNN,M3_FullSkuTemporalCNN,WI_2__HOBBIES,1512,85,27927.87890625,0.008749911946779423,rmsse,0.7982612618450377
store_cat,2,M3_FullSkuTemporalCNN,M3_FullSkuTemporalCNN,WI_2__HOUSEHOLD,1512,86,94749.9140625,0.029685512737820482,rmsse,0.8849736861958618
store_cat,2,M3_FullSkuTemporalCNN,M3_FullSkuTemporalCNN,WI_3__FOODS,1512,87,154383.0625,0.04836880765215719,rmsse,0.5609179553488968
store_cat,2,M3_FullSkuTemporalCNN,M3_FullSkuTemporalCNN,WI_3__HOBBIES,1512,88,26006.021484375,0.00814778661989298,rmsse,0.5785628440464986
store_cat,2,M3_FullSkuTemporalCNN,M3_FullSkuTemporalCNN,WI_3__HOUSEHOLD,1512,89,76870.9140625,0.02408395322728209,rmsse,0.5435584517055672
store_cat,2,M3_FullSkuTemporalCNN,M3_FullSkuTemporalCNN,CA_1__FOODS,1540,90,220169.40625,0.06885783512657154,rmsse,0.48992256719901717
store_cat,2,M3_FullSkuTemporalCNN,M3_FullSkuTemporalCNN,CA_1__HOBBIES,1540,91,61755.76953125,0.019314075778852052,rmsse,0.40408677743555915
store_cat,2,M3_FullSkuTemporalCNN,M3_FullSkuTemporalCNN,CA_1__HOUSEHOLD,1540,92,109044.2734375,0.034103523871660345,rmsse,0.6749718731259017
store_cat,2,M3_FullSkuTemporalCNN,M3_FullSkuTemporalCNN,CA_2__FOODS,1540,93,95685.3828125,0.029925539728460827,rmsse,0.38048877516322116
store_cat,2,M3_FullSkuTemporalCNN,M3_FullSkuTemporalCNN,CA_2__HOBBIES,1540,94,34752.09765625,0.010868695389946238,rmsse,0.46355719303664794
store_cat,2,M3_FullSkuTemporalCNN,M3_FullSkuTemporalCNN,CA_2__HOUSEHOLD,1540,95,99130.90625,0.03100312488811156,rmsse,0.4333782922109293
store_cat,2,M3_FullSkuTemporalCNN,M3_FullSkuTemporalCNN,CA_3__FOODS,1540,96,290055.46875,0.09071465461495254,rmsse,0.38487508629585127
store_cat,2,M3_FullSkuTemporalCNN,M3_FullSkuTemporalCNN,CA_3__HOBBIES,1540,97,67942.453125,0.02124895695119342,rmsse,0.7585959716390935
store_cat,2,M3_FullSkuTemporalCNN,M3_FullSkuTemporalCNN,CA_3__HOUSEHOLD,1540,98,194752.859375,0.06090882702406398,rmsse,0.5730574078022178
store_cat,2,M3_FullSkuTemporalCNN,M3_FullSkuTemporalCNN,CA_4__FOODS,1540,99,120052.3671875,0.03754629785831791,rmsse,0.5554410041996262
store_cat,2,M3_FullSkuTemporalCNN,M3_FullSkuTemporalCNN,CA_4__HOBBIES,1540,100,37685.67578125,0.011786169994173486,rmsse,0.902481762283106
store_cat,2,M3_FullSkuTemporalCNN,M3_FullSkuTemporalCNN,CA_4__HOUSEHOLD,1540,101,57081.52734375,0.017852209648718267,rmsse,0.6893082260048126
store_cat,2,M3_FullSkuTemporalCNN,M3_FullSkuTemporalCNN,TX_1__FOODS,1540,102,147996.359375,0.046285762798511335,rmsse,0.3018170547363801
store_cat,2,M3_FullSkuTemporalCNN,M3_FullSkuTemporalCNN,TX_1__HOBBIES,1540,103,35824.16015625,0.011203982222607078,rmsse,0.5421831045316481
store_cat,2,M3_FullSkuTemporalCNN,M3_FullSkuTemporalCNN,TX_1__HOUSEHOLD,1540,104,96537.8984375,0.030192163422228798,rmsse,0.41824449854609774
store_cat,2,M3_FullSkuTemporalCNN,M3_FullSkuTemporalCNN,TX_2__FOODS,1540,105,179433.03125,0.05611756098412723,rmsse,0.3153468979877177
store_cat,2,M3_FullSkuTemporalCNN,M3_FullSkuTemporalCNN,TX_2__HOBBIES,1540,106,54520.3046875,0.017051188969277244,rmsse,0.5333605532430733
store_cat,2,M3_FullSkuTemporalCNN,M3_FullSkuTemporalCNN,TX_2__HOUSEHOLD,1540,107,103090.46875,0.032241475422103406,rmsse,0.40139061863898323
store_cat,2,M3_FullSkuTemporalCNN,M3_FullSkuTemporalCNN,TX_3__FOODS,1540,108,173693.546875,0.05432254106952325,rmsse,0.6631453685728074
store_cat,2,M3_FullSkuTemporalCNN,M3_FullSkuTemporalCNN,TX_3__HOBBIES,1540,109,69905.3671875,0.02186285701653573,rmsse,0.7085537126561335
store_cat,2,M3_FullSkuTemporalCNN,M3_FullSkuTemporalCNN,TX_3__HOUSEHOLD,1540,110,104416.875,0.032656308093131484,rmsse,0.7794471875435521
store_cat,2,M3_FullSkuTemporalCNN,M3_FullSkuTemporalCNN,WI_1__FOODS,1540,111,162298.171875,0.05075864512993716,rmsse,0.6648467268367795
store_cat,2,M3_FullSkuTemporalCNN,M3_FullSkuTemporalCNN,WI_1__HOBBIES,1540,112,41865.28125,0.013093338820048013,rmsse,0.6510196076444872
store_cat,2,M3_FullSkuTemporalCNN,M3_FullSkuTemporalCNN,WI_1__HOUSEHOLD,1540,113,77330.671875,0.024185116110770965,rmsse,0.6313356706372484
store_cat,2,M3_FullSkuTemporalCNN,M3_FullSkuTemporalCNN,WI_2__FOODS,1540,114,202491.703125,0.06332914525121458,rmsse,0.5314621899474872
store_cat,2,M3_FullSkuTemporalCNN,M3_FullSkuTemporalCNN,WI_2__HOBBIES,1540,115,26394.369140625,0.008254821364650992,rmsse,0.5715234988028265
store_cat,2,M3_FullSkuTemporalCNN,M3_FullSkuTemporalCNN,WI_2__HOUSEHOLD,1540,116,86329.9609375,0.026999637769690065,rmsse,0.7906007471662719
store_cat,2,M3_FullSkuTemporalCNN,M3_FullSkuTemporalCNN,WI_3__FOODS,1540,117,150028.796875,0.04692140627261487,rmsse,0.3678566844160891
store_cat,2,M3_FullSkuTemporalCNN,M3_FullSkuTemporalCNN,WI_3__HOBBIES,1540,118,24321.859375,0.007606645316169617,rmsse,0.5539047974499615
store_cat,2,M3_FullSkuTemporalCNN,M3_FullSkuTemporalCNN,WI_3__HOUSEHOLD,1540,119,72861.84375,0.022787493091836034,rmsse,0.5006170509813593
store_cat,2,M3_FullSkuTemporalCNN_Q,M3_FullSkuTemporalCNN,CA_1__FOODS,1456,0,216654.625,0.07397924456338241,mean_spl,0.10339179691191175
store_cat,2,M3_FullSkuTemporalCNN_Q,M3_FullSkuTemporalCNN,CA_1__HOBBIES,1456,1,54163.19921875,0.018494655082203344,mean_spl,0.12660261278818732
store_cat,2,M3_FullSkuTemporalCNN_Q,M3_FullSkuTemporalCNN,CA_1__HOUSEHOLD,1456,2,94011.015625,0.03210115600612653,mean_spl,0.19608382515921174
store_cat,2,M3_FullSkuTemporalCNN_Q,M3_FullSkuTemporalCNN,CA_2__FOODS,1456,3,106220.4296875,0.03627020261154881,mean_spl,0.20077319811569277
store_cat,2,M3_FullSkuTemporalCNN_Q,M3_FullSkuTemporalCNN,CA_2__HOBBIES,1456,4,31810.216796875,0.010861968942644223,mean_spl,0.1595827526975718
store_cat,2,M3_FullSkuTemporalCNN_Q,M3_FullSkuTemporalCNN,CA_2__HOUSEHOLD,1456,5,86838.34375,0.029651963671490145,mean_spl,0.14089123661011393
store_cat,2,M3_FullSkuTemporalCNN_Q,M3_FullSkuTemporalCNN,CA_3__FOODS,1456,6,276034.6875,0.09425525836127126,mean_spl,0.15832010724534562
store_cat,2,M3_FullSkuTemporalCNN_Q,M3_FullSkuTemporalCNN,CA_3__HOBBIES,1456,7,57284.25,0.019560374214858966,mean_spl,0.20351113032857715
store_cat,2,M3_FullSkuTemporalCNN_Q,M3_FullSkuTemporalCNN,CA_3__HOUSEHOLD,1456,8,155978.5625,0.05326069647408786,mean_spl,0.26568326589493463
store_cat,2,M3_FullSkuTemporalCNN_Q,M3_FullSkuTemporalCNN,CA_4__FOODS,1456,9,114921.703125,0.03924135374965941,mean_spl,0.15419490484800769
store_cat,2,M3_FullSkuTemporalCNN_Q,M3_FullSkuTemporalCNN,CA_4__HOBBIES,1456,10,33806.859375,0.011543745801055494,mean_spl,0.17631309243044843
store_cat,2,M3_FullSkuTemporalCNN_Q,M3_FullSkuTemporalCNN,CA_4__HOUSEHOLD,1456,11,51044.75,0.017429824283357508,mean_spl,0.29510520962386694
store_cat,2,M3_FullSkuTemporalCNN_Q,M3_FullSkuTemporalCNN,TX_1__FOODS,1456,12,140683.25,0.04803793391311849,mean_spl,0.1129724652957388
store_cat,2,M3_FullSkuTemporalCNN_Q,M3_FullSkuTemporalCNN,TX_1__HOBBIES,1456,13,27783.09765625,0.009486862217873518,mean_spl,0.1848153460501345
store_cat,2,M3_FullSkuTemporalCNN_Q,M3_FullSkuTemporalCNN,TX_1__HOUSEHOLD,1456,14,80417.0078125,0.027459323741721976,mean_spl,0.1765144753050556
store_cat,2,M3_FullSkuTemporalCNN_Q,M3_FullSkuTemporalCNN,TX_2__FOODS,1456,15,169176.453125,0.05776726991219309,mean_spl,0.11812453663480259
store_cat,2,M3_FullSkuTemporalCNN_Q,M3_FullSkuTemporalCNN,TX_2__HOBBIES,1456,16,42864.6796875,0.014636644021481715,mean_spl,0.17427946238706776
store_cat,2,M3_FullSkuTemporalCNN_Q,M3_FullSkuTemporalCNN,TX_2__HOUSEHOLD,1456,17,79355.1796875,0.027096750163873577,mean_spl,0.18780362889642305
store_cat,2,M3_FullSkuTemporalCNN_Q,M3_FullSkuTemporalCNN,TX_3__FOODS,1456,18,156799.8125,0.053541121849718216,mean_spl,0.15183975808915084
store_cat,2,M3_FullSkuTemporalCNN_Q,M3_FullSkuTemporalCNN,TX_3__HOBBIES,1456,19,49402.20703125,0.016868958859916763,mean_spl,0.20103566051480615
store_cat,2,M3_FullSkuTemporalCNN_Q,M3_FullSkuTemporalCNN,TX_3__HOUSEHOLD,1456,20,78533.859375,0.02681630077922134,mean_spl,0.24634335834040438
store_cat,2,M3_FullSkuTemporalCNN_Q,M3_FullSkuTemporalCNN,WI_1__FOODS,1456,21,171450.15625,0.05854365232059495,mean_spl,0.2861210049436725
store_cat,2,M3_FullSkuTemporalCNN_Q,M3_FullSkuTemporalCNN,WI_1__HOBBIES,1456,22,39346.1328125,0.01343519521893088,mean_spl,0.21184081225078252
store_cat,2,M3_FullSkuTemporalCNN_Q,M3_FullSkuTemporalCNN,WI_1__HOUSEHOLD,1456,23,69904.34375,0.023869652181780117,mean_spl,0.277443542813782
store_cat,2,M3_FullSkuTemporalCNN_Q,M3_FullSkuTemporalCNN,WI_2__FOODS,1456,24,213990.953125,0.07306970278426171,mean_spl,0.19073539712224347
store_cat,2,M3_FullSkuTemporalCNN_Q,M3_FullSkuTemporalCNN,WI_2__HOBBIES,1456,25,22872.908203125,0.007810220851896331,mean_spl,0.23223197095605005
store_cat,2,M3_FullSkuTemporalCNN_Q,M3_FullSkuTemporalCNN,WI_2__HOUSEHOLD,1456,26,73007.3671875,0.02492921566799104,mean_spl,0.671686761204283
store_cat,2,M3_FullSkuTemporalCNN_Q,M3_FullSkuTemporalCNN,WI_3__FOODS,1456,27,151780.5625,0.05182724049004377,mean_spl,0.17653553557429016
store_cat,2,M3_FullSkuTemporalCNN_Q,M3_FullSkuTemporalCNN,WI_3__HOBBIES,1456,28,21418.96875,0.007313756295078839,mean_spl,0.208451374786014
store_cat,2,M3_FullSkuTemporalCNN_Q,M3_FullSkuTemporalCNN,WI_3__HOUSEHOLD,1456,29,61031.02734375,0.020839754968617726,mean_spl,0.28692244931579886
store_cat,2,M3_FullSkuTemporalCNN_Q,M3_FullSkuTemporalCNN,CA_1__FOODS,1484,30,213601.578125,0.06820771906795026,mean_spl,0.11256670906141691
store_cat,2,M3_FullSkuTemporalCNN_Q,M3_FullSkuTemporalCNN,CA_1__HOBBIES,1484,31,57432.234375,0.018339385607920238,mean_spl,0.17591666640051323
store_cat,2,M3_FullSkuTemporalCNN_Q,M3_FullSkuTemporalCNN,CA_1__HOUSEHOLD,1484,32,97660.3515625,0.031185115212744904,mean_spl,0.16113521535808764
store_cat,2,M3_FullSkuTemporalCNN_Q,M3_FullSkuTemporalCNN,CA_2__FOODS,1484,33,97109.96875,0.03100936577969128,mean_spl,0.10952760027049671
store_cat,2,M3_FullSkuTemporalCNN_Q,M3_FullSkuTemporalCNN,CA_2__HOBBIES,1484,34,32127.169921875,0.010258917559107109,mean_spl,0.14106627212807105
store_cat,2,M3_FullSkuTemporalCNN_Q,M3_FullSkuTemporalCNN,CA_2__HOUSEHOLD,1484,35,85772.1484375,0.027388948414303897,mean_spl,0.16107638765883353
store_cat,2,M3_FullSkuTemporalCNN_Q,M3_FullSkuTemporalCNN,CA_3__FOODS,1484,36,297412.46875,0.09497039438507442,mean_spl,0.13321325326361558
store_cat,2,M3_FullSkuTemporalCNN_Q,M3_FullSkuTemporalCNN,CA_3__HOBBIES,1484,37,61886.78125,0.019761821174605104,mean_spl,0.21209662355813846
store_cat,2,M3_FullSkuTemporalCNN_Q,M3_FullSkuTemporalCNN,CA_3__HOUSEHOLD,1484,38,172245.359375,0.05500176162618477,mean_spl,0.1948212783589512
store_cat,2,M3_FullSkuTemporalCNN_Q,M3_FullSkuTemporalCNN,CA_4__FOODS,1484,39,119859.8125,0.03827389521323178,mean_spl,0.13097383013573016
store_cat,2,M3_FullSkuTemporalCNN_Q,M3_FullSkuTemporalCNN,CA_4__HOBBIES,1484,40,36330.05078125,0.011600990588008404,mean_spl,0.1868314401647158
store_cat,2,M3_FullSkuTemporalCNN_Q,M3_FullSkuTemporalCNN,CA_4__HOUSEHOLD,1484,41,51402.9609375,0.016414104940901036,mean_spl,0.21032633082042035
store_cat,2,M3_FullSkuTemporalCNN_Q,M3_FullSkuTemporalCNN,TX_1__FOODS,1484,42,144507.609375,0.0461444831538793,mean_spl,0.09490287616212124
store_cat,2,M3_FullSkuTemporalCNN_Q,M3_FullSkuTemporalCNN,TX_1__HOBBIES,1484,43,31937.12890625,0.010198233249941787,mean_spl,0.17771348062643458
store_cat,2,M3_FullSkuTemporalCNN_Q,M3_FullSkuTemporalCNN,TX_1__HOUSEHOLD,1484,44,89760.1953125,0.02866242018950133,mean_spl,0.17139448106992522
store_cat,2,M3_FullSkuTemporalCNN_Q,M3_FullSkuTemporalCNN,TX_2__FOODS,1484,45,179773.953125,0.0574058085062889,mean_spl,0.10963419904363837
store_cat,2,M3_FullSkuTemporalCNN_Q,M3_FullSkuTemporalCNN,TX_2__HOBBIES,1484,46,49847.03125,0.015917262099447972,mean_spl,0.16182238751423034
store_cat,2,M3_FullSkuTemporalCNN_Q,M3_FullSkuTemporalCNN,TX_2__HOUSEHOLD,1484,47,93967.359375,0.030005860940111543,mean_spl,0.1515877511079317
store_cat,2,M3_FullSkuTemporalCNN_Q,M3_FullSkuTemporalCNN,TX_3__FOODS,1484,48,166358.546875,0.053121971894618626,mean_spl,0.12613399148226326
store_cat,2,M3_FullSkuTemporalCNN_Q,M3_FullSkuTemporalCNN,TX_3__HOBBIES,1484,49,58939.0,0.018820529274335952,mean_spl,0.22358945464154292
store_cat,2,M3_FullSkuTemporalCNN_Q,M3_FullSkuTemporalCNN,TX_3__HOUSEHOLD,1484,50,94858.9296875,0.030290559105444093,mean_spl,0.30720364884614043
store_cat,2,M3_FullSkuTemporalCNN_Q,M3_FullSkuTemporalCNN,WI_1__FOODS,1484,51,182376.296875,0.05823679455506408,mean_spl,0.3251188371576107
store_cat,2,M3_FullSkuTemporalCNN_Q,M3_FullSkuTemporalCNN,WI_1__HOBBIES,1484,52,42152.4609375,0.013460215223528077,mean_spl,0.1792191732617664
store_cat,2,M3_FullSkuTemporalCNN_Q,M3_FullSkuTemporalCNN,WI_1__HOUSEHOLD,1484,53,74201.4921875,0.023694181372508085,mean_spl,0.24600554768196467
store_cat,2,M3_FullSkuTemporalCNN_Q,M3_FullSkuTemporalCNN,WI_2__FOODS,1484,54,220910.796875,0.07054171464739512,mean_spl,0.17248686679653777
store_cat,2,M3_FullSkuTemporalCNN_Q,M3_FullSkuTemporalCNN,WI_2__HOBBIES,1484,55,28042.1796875,0.00895448962019686,mean_spl,0.2004341736956158
store_cat,2,M3_FullSkuTemporalCNN_Q,M3_FullSkuTemporalCNN,WI_2__HOUSEHOLD,1484,56,95896.65625,0.030621928201429557,mean_spl,0.288936698677079
store_cat,2,M3_FullSkuTemporalCNN_Q,M3_FullSkuTemporalCNN,WI_3__FOODS,1484,57,160906.484375,0.05138100747569806,mean_spl,0.07820930145467458
store_cat,2,M3_FullSkuTemporalCNN_Q,M3_FullSkuTemporalCNN,WI_3__HOBBIES,1484,58,24415.33984375,0.007796359257404398,mean_spl,0.1674163152034667
store_cat,2,M3_FullSkuTemporalCNN_Q,M3_FullSkuTemporalCNN,WI_3__HOUSEHOLD,1484,59,69941.15625,0.02233376166348309,mean_spl,0.19760804280721445
store_cat,2,M3_FullSkuTemporalCNN_Q,M3_FullSkuTemporalCNN,CA_1__FOODS,1512,60,207180.25,0.06491036969535333,mean_spl,0.16972988303782877
store_cat,2,M3_FullSkuTemporalCNN_Q,M3_FullSkuTemporalCNN,CA_1__HOBBIES,1512,61,62380.88671875,0.019544171893015955,mean_spl,0.145491676849519
store_cat,2,M3_FullSkuTemporalCNN_Q,M3_FullSkuTemporalCNN,CA_1__HOUSEHOLD,1512,62,105939.7890625,0.03319134364156151,mean_spl,0.1564825667325619
store_cat,2,M3_FullSkuTemporalCNN_Q,M3_FullSkuTemporalCNN,CA_2__FOODS,1512,63,91005.09375,0.028512246121301568,mean_spl,0.10235800076167681
store_cat,2,M3_FullSkuTemporalCNN_Q,M3_FullSkuTemporalCNN,CA_2__HOBBIES,1512,64,33450.58203125,0.010480196090955487,mean_spl,0.1259648170167759
store_cat,2,M3_FullSkuTemporalCNN_Q,M3_FullSkuTemporalCNN,CA_2__HOUSEHOLD,1512,65,94968.328125,0.02975394270420743,mean_spl,0.135318982006986
store_cat,2,M3_FullSkuTemporalCNN_Q,M3_FullSkuTemporalCNN,CA_3__FOODS,1512,66,287165.4375,0.08997003677644409,mean_spl,0.13097480595088212
store_cat,2,M3_FullSkuTemporalCNN_Q,M3_FullSkuTemporalCNN,CA_3__HOBBIES,1512,67,66716.6796875,0.020902592517202268,mean_spl,0.226431865546885
store_cat,2,M3_FullSkuTemporalCNN_Q,M3_FullSkuTemporalCNN,CA_3__HOUSEHOLD,1512,68,182819.796875,0.05727814597571753,mean_spl,0.1871948873351509
store_cat,2,M3_FullSkuTemporalCNN_Q,M3_FullSkuTemporalCNN,CA_4__FOODS,1512,69,116552.8984375,0.03651647165520408,mean_spl,0.15390335226588245
store_cat,2,M3_FullSkuTemporalCNN_Q,M3_FullSkuTemporalCNN,CA_4__HOBBIES,1512,70,36935.671875,0.011572088151995735,mean_spl,0.17330219209596479
store_cat,2,M3_FullSkuTemporalCNN_Q,M3_FullSkuTemporalCNN,CA_4__HOUSEHOLD,1512,71,55035.6171875,0.017242870679288043,mean_spl,0.20275020247496572
store_cat,2,M3_FullSkuTemporalCNN_Q,M3_FullSkuTemporalCNN,TX_1__FOODS,1512,72,146396.890625,0.045866709267504774,mean_spl,0.11218708856157214
store_cat,2,M3_FullSkuTemporalCNN_Q,M3_FullSkuTemporalCNN,TX_1__HOBBIES,1512,73,37219.30859375,0.011660952627606897,mean_spl,0.20347757877252762
store_cat,2,M3_FullSkuTemporalCNN_Q,M3_FullSkuTemporalCNN,TX_1__HOUSEHOLD,1512,74,98011.2890625,0.030707314077307153,mean_spl,0.13197588876433938
store_cat,2,M3_FullSkuTemporalCNN_Q,M3_FullSkuTemporalCNN,TX_2__FOODS,1512,75,176122.65625,0.05517990604275809,mean_spl,0.2373381561104977
store_cat,2,M3_FullSkuTemporalCNN_Q,M3_FullSkuTemporalCNN,TX_2__HOBBIES,1512,76,57129.640625,0.017898936281481592,mean_spl,0.24199088093155152
store_cat,2,M3_FullSkuTemporalCNN_Q,M3_FullSkuTemporalCNN,TX_2__HOUSEHOLD,1512,77,104925.140625,0.03287345038103626,mean_spl,0.2829906086286346
store_cat,2,M3_FullSkuTemporalCNN_Q,M3_FullSkuTemporalCNN,TX_3__FOODS,1512,78,171175.0625,0.05362980587918111,mean_spl,0.13931090407409383
store_cat,2,M3_FullSkuTemporalCNN_Q,M3_FullSkuTemporalCNN,TX_3__HOBBIES,1512,79,67877.1015625,0.021266157156731493,mean_spl,0.22403144730944527
store_cat,2,M3_FullSkuTemporalCNN_Q,M3_FullSkuTemporalCNN,TX_3__HOUSEHOLD,1512,80,106698.2734375,0.03342897971541217,mean_spl,0.20597258278306824
store_cat,2,M3_FullSkuTemporalCNN_Q,M3_FullSkuTemporalCNN,WI_1__FOODS,1512,81,173160.421875,0.054251826612380274,mean_spl,0.25225049663679966
store_cat,2,M3_FullSkuTemporalCNN_Q,M3_FullSkuTemporalCNN,WI_1__HOBBIES,1512,82,42989.3984375,0.013468743982879497,mean_spl,0.21752326253007276
store_cat,2,M3_FullSkuTemporalCNN_Q,M3_FullSkuTemporalCNN,WI_1__HOUSEHOLD,1512,83,80510.828125,0.025224352311925487,mean_spl,0.1665999096987845
store_cat,2,M3_FullSkuTemporalCNN_Q,M3_FullSkuTemporalCNN,WI_2__FOODS,1512,84,209484.875,0.06563241757761601,mean_spl,0.13417011621150135
store_cat,2,M3_FullSkuTemporalCNN_Q,M3_FullSkuTemporalCNN,WI_2__HOBBIES,1512,85,27927.87890625,0.008749911946779423,mean_spl,0.22813163069206052
store_cat,2,M3_FullSkuTemporalCNN_Q,M3_FullSkuTemporalCNN,WI_2__HOUSEHOLD,1512,86,94749.9140625,0.029685512737820482,mean_spl,0.2265234501307316
store_cat,2,M3_FullSkuTemporalCNN_Q,M3_FullSkuTemporalCNN,WI_3__FOODS,1512,87,154383.0625,0.04836880765215719,mean_spl,0.12045218147835625
store_cat,2,M3_FullSkuTemporalCNN_Q,M3_FullSkuTemporalCNN,WI_3__HOBBIES,1512,88,26006.021484375,0.00814778661989298,mean_spl,0.16348588709866313
store_cat,2,M3_FullSkuTemporalCNN_Q,M3_FullSkuTemporalCNN,WI_3__HOUSEHOLD,1512,89,76870.9140625,0.02408395322728209,mean_spl,0.14982562558479634
store_cat,2,M3_FullSkuTemporalCNN_Q,M3_FullSkuTemporalCNN,CA_1__FOODS,1540,90,220169.40625,0.06885783512657154,mean_spl,0.10339957741528737
store_cat,2,M3_FullSkuTemporalCNN_Q,M3_FullSkuTemporalCNN,CA_1__HOBBIES,1540,91,61755.76953125,0.019314075778852052,mean_spl,0.1290388768904985
store_cat,2,M3_FullSkuTemporalCNN_Q,M3_FullSkuTemporalCNN,CA_1__HOUSEHOLD,1540,92,109044.2734375,0.034103523871660345,mean_spl,0.16218682341833984
store_cat,2,M3_FullSkuTemporalCNN_Q,M3_FullSkuTemporalCNN,CA_2__FOODS,1540,93,95685.3828125,0.029925539728460827,mean_spl,0.09777531945509935
store_cat,2,M3_FullSkuTemporalCNN_Q,M3_FullSkuTemporalCNN,CA_2__HOBBIES,1540,94,34752.09765625,0.010868695389946238,mean_spl,0.1258751304933895
store_cat,2,M3_FullSkuTemporalCNN_Q,M3_FullSkuTemporalCNN,CA_2__HOUSEHOLD,1540,95,99130.90625,0.03100312488811156,mean_spl,0.10709840712655506
store_cat,2,M3_FullSkuTemporalCNN_Q,M3_FullSkuTemporalCNN,CA_3__FOODS,1540,96,290055.46875,0.09071465461495254,mean_spl,0.12090007490365516
store_cat,2,M3_FullSkuTemporalCNN_Q,M3_FullSkuTemporalCNN,CA_3__HOBBIES,1540,97,67942.453125,0.02124895695119342,mean_spl,0.21449838947193142
store_cat,2,M3_FullSkuTemporalCNN_Q,M3_FullSkuTemporalCNN,CA_3__HOUSEHOLD,1540,98,194752.859375,0.06090882702406398,mean_spl,0.1706545955706079
store_cat,2,M3_FullSkuTemporalCNN_Q,M3_FullSkuTemporalCNN,CA_4__FOODS,1540,99,120052.3671875,0.03754629785831791,mean_spl,0.14196903476716013
store_cat,2,M3_FullSkuTemporalCNN_Q,M3_FullSkuTemporalCNN,CA_4__HOBBIES,1540,100,37685.67578125,0.011786169994173486,mean_spl,0.21599695819452777
store_cat,2,M3_FullSkuTemporalCNN_Q,M3_FullSkuTemporalCNN,CA_4__HOUSEHOLD,1540,101,57081.52734375,0.017852209648718267,mean_spl,0.21573444576955034
store_cat,2,M3_FullSkuTemporalCNN_Q,M3_FullSkuTemporalCNN,TX_1__FOODS,1540,102,147996.359375,0.046285762798511335,mean_spl,0.08633653767602173
store_cat,2,M3_FullSkuTemporalCNN_Q,M3_FullSkuTemporalCNN,TX_1__HOBBIES,1540,103,35824.16015625,0.011203982222607078,mean_spl,0.15588799157658748
store_cat,2,M3_FullSkuTemporalCNN_Q,M3_FullSkuTemporalCNN,TX_1__HOUSEHOLD,1540,104,96537.8984375,0.030192163422228798,mean_spl,0.10964389202124002
store_cat,2,M3_FullSkuTemporalCNN_Q,M3_FullSkuTemporalCNN,TX_2__FOODS,1540,105,179433.03125,0.05611756098412723,mean_spl,0.08440447016348764
store_cat,2,M3_FullSkuTemporalCNN_Q,M3_FullSkuTemporalCNN,TX_2__HOBBIES,1540,106,54520.3046875,0.017051188969277244,mean_spl,0.14557913257289412
store_cat,2,M3_FullSkuTemporalCNN_Q,M3_FullSkuTemporalCNN,TX_2__HOUSEHOLD,1540,107,103090.46875,0.032241475422103406,mean_spl,0.11919520942784019
store_cat,2,M3_FullSkuTemporalCNN_Q,M3_FullSkuTemporalCNN,TX_3__FOODS,1540,108,173693.546875,0.05432254106952325,mean_spl,0.16137706508135252
store_cat,2,M3_FullSkuTemporalCNN_Q,M3_FullSkuTemporalCNN,TX_3__HOBBIES,1540,109,69905.3671875,0.02186285701653573,mean_spl,0.17681166591594885
store_cat,2,M3_FullSkuTemporalCNN_Q,M3_FullSkuTemporalCNN,TX_3__HOUSEHOLD,1540,110,104416.875,0.032656308093131484,mean_spl,0.17068813989424889
store_cat,2,M3_FullSkuTemporalCNN_Q,M3_FullSkuTemporalCNN,WI_1__FOODS,1540,111,162298.171875,0.05075864512993716,mean_spl,0.1683824844737722
store_cat,2,M3_FullSkuTemporalCNN_Q,M3_FullSkuTemporalCNN,WI_1__HOBBIES,1540,112,41865.28125,0.013093338820048013,mean_spl,0.162924172913036
store_cat,2,M3_FullSkuTemporalCNN_Q,M3_FullSkuTemporalCNN,WI_1__HOUSEHOLD,1540,113,77330.671875,0.024185116110770965,mean_spl,0.15685801333939106
store_cat,2,M3_FullSkuTemporalCNN_Q,M3_FullSkuTemporalCNN,WI_2__FOODS,1540,114,202491.703125,0.06332914525121458,mean_spl,0.12713272052728963
store_cat,2,M3_FullSkuTemporalCNN_Q,M3_FullSkuTemporalCNN,WI_2__HOBBIES,1540,115,26394.369140625,0.008254821364650992,mean_spl,0.18211811831178595
store_cat,2,M3_FullSkuTemporalCNN_Q,M3_FullSkuTemporalCNN,WI_2__HOUSEHOLD,1540,116,86329.9609375,0.026999637769690065,mean_spl,0.19737813052061293
store_cat,2,M3_FullSkuTemporalCNN_Q,M3_FullSkuTemporalCNN,WI_3__FOODS,1540,117,150028.796875,0.04692140627261487,mean_spl,0.09077629327997677
store_cat,2,M3_FullSkuTemporalCNN_Q,M3_FullSkuTemporalCNN,WI_3__HOBBIES,1540,118,24321.859375,0.007606645316169617,mean_spl,0.16856876282659616
store_cat,2,M3_FullSkuTemporalCNN_Q,M3_FullSkuTemporalCNN,WI_3__HOUSEHOLD,1540,119,72861.84375,0.022787493091836034,mean_spl,0.13030032243707879
store_cat,3,M3_FullSkuTemporalCNN,M3_FullSkuTemporalCNN,CA_1__FOODS,1512,0,207180.25,0.06491036969535333,rmsse,0.7397951825812433
store_cat,3,M3_FullSkuTemporalCNN,M3_FullSkuTemporalCNN,CA_1__HOBBIES,1512,1,62380.88671875,0.019544171893015955,rmsse,0.6282251858929679
store_cat,3,M3_FullSkuTemporalCNN,M3_FullSkuTemporalCNN,CA_1__HOUSEHOLD,1512,2,105939.7890625,0.03319134364156151,rmsse,0.6978892203643384
store_cat,3,M3_FullSkuTemporalCNN,M3_FullSkuTemporalCNN,CA_2__FOODS,1512,3,91005.09375,0.028512246121301568,rmsse,0.3646060239424564
store_cat,3,M3_FullSkuTemporalCNN,M3_FullSkuTemporalCNN,CA_2__HOBBIES,1512,4,33450.58203125,0.010480196090955487,rmsse,0.5430473081795917
store_cat,3,M3_FullSkuTemporalCNN,M3_FullSkuTemporalCNN,CA_2__HOUSEHOLD,1512,5,94968.328125,0.02975394270420743,rmsse,0.459658171649533
store_cat,3,M3_FullSkuTemporalCNN,M3_FullSkuTemporalCNN,CA_3__FOODS,1512,6,287165.4375,0.08997003677644409,rmsse,0.46275440347647273
store_cat,3,M3_FullSkuTemporalCNN,M3_FullSkuTemporalCNN,CA_3__HOBBIES,1512,7,66716.6796875,0.020902592517202268,rmsse,0.8975249906670985
store_cat,3,M3_FullSkuTemporalCNN,M3_FullSkuTemporalCNN,CA_3__HOUSEHOLD,1512,8,182819.796875,0.05727814597571753,rmsse,0.9399307883463065
store_cat,3,M3_FullSkuTemporalCNN,M3_FullSkuTemporalCNN,CA_4__FOODS,1512,9,116552.8984375,0.03651647165520408,rmsse,0.5802054080779078
store_cat,3,M3_FullSkuTemporalCNN,M3_FullSkuTemporalCNN,CA_4__HOBBIES,1512,10,36935.671875,0.011572088151995735,rmsse,0.7060701839018656
store_cat,3,M3_FullSkuTemporalCNN,M3_FullSkuTemporalCNN,CA_4__HOUSEHOLD,1512,11,55035.6171875,0.017242870679288043,rmsse,0.5060104049290076
store_cat,3,M3_FullSkuTemporalCNN,M3_FullSkuTemporalCNN,TX_1__FOODS,1512,12,146396.890625,0.045866709267504774,rmsse,0.4395613982030623
store_cat,3,M3_FullSkuTemporalCNN,M3_FullSkuTemporalCNN,TX_1__HOBBIES,1512,13,37219.30859375,0.011660952627606897,rmsse,0.8403177138589213
store_cat,3,M3_FullSkuTemporalCNN,M3_FullSkuTemporalCNN,TX_1__HOUSEHOLD,1512,14,98011.2890625,0.030707314077307153,rmsse,0.5896392417677929
store_cat,3,M3_FullSkuTemporalCNN,M3_FullSkuTemporalCNN,TX_2__FOODS,1512,15,176122.65625,0.05517990604275809,rmsse,1.0391569059409953
store_cat,3,M3_FullSkuTemporalCNN,M3_FullSkuTemporalCNN,TX_2__HOBBIES,1512,16,57129.640625,0.017898936281481592,rmsse,1.0667608434699072
store_cat,3,M3_FullSkuTemporalCNN,M3_FullSkuTemporalCNN,TX_2__HOUSEHOLD,1512,17,104925.140625,0.03287345038103626,rmsse,1.1885675450547228
store_cat,3,M3_FullSkuTemporalCNN,M3_FullSkuTemporalCNN,TX_3__FOODS,1512,18,171175.0625,0.05362980587918111,rmsse,0.5653377925969633
store_cat,3,M3_FullSkuTemporalCNN,M3_FullSkuTemporalCNN,TX_3__HOBBIES,1512,19,67877.1015625,0.021266157156731493,rmsse,0.9469458314264273
store_cat,3,M3_FullSkuTemporalCNN,M3_FullSkuTemporalCNN,TX_3__HOUSEHOLD,1512,20,106698.2734375,0.03342897971541217,rmsse,0.9764262803278833
store_cat,3,M3_FullSkuTemporalCNN,M3_FullSkuTemporalCNN,WI_1__FOODS,1512,21,173160.421875,0.054251826612380274,rmsse,0.8315307466507218
store_cat,3,M3_FullSkuTemporalCNN,M3_FullSkuTemporalCNN,WI_1__HOBBIES,1512,22,42989.3984375,0.013468743982879497,rmsse,0.854963080824572
store_cat,3,M3_FullSkuTemporalCNN,M3_FullSkuTemporalCNN,WI_1__HOUSEHOLD,1512,23,80510.828125,0.025224352311925487,rmsse,0.6255544020174328
store_cat,3,M3_FullSkuTemporalCNN,M3_FullSkuTemporalCNN,WI_2__FOODS,1512,24,209484.875,0.06563241757761601,rmsse,0.47643385768813806
store_cat,3,M3_FullSkuTemporalCNN,M3_FullSkuTemporalCNN,WI_2__HOBBIES,1512,25,27927.87890625,0.008749911946779423,rmsse,1.0722592354044502
store_cat,3,M3_FullSkuTemporalCNN,M3_FullSkuTemporalCNN,WI_2__HOUSEHOLD,1512,26,94749.9140625,0.029685512737820482,rmsse,0.8385347443042975
store_cat,3,M3_FullSkuTemporalCNN,M3_FullSkuTemporalCNN,WI_3__FOODS,1512,27,154383.0625,0.04836880765215719,rmsse,0.55930927314779
store_cat,3,M3_FullSkuTemporalCNN,M3_FullSkuTemporalCNN,WI_3__HOBBIES,1512,28,26006.021484375,0.00814778661989298,rmsse,0.730169105764637
store_cat,3,M3_FullSkuTemporalCNN,M3_FullSkuTemporalCNN,WI_3__HOUSEHOLD,1512,29,76870.9140625,0.02408395322728209,rmsse,0.5644912981632928
store_cat,3,M3_FullSkuTemporalCNN,M3_FullSkuTemporalCNN,CA_1__FOODS,1540,30,220169.40625,0.06885783512657154,rmsse,0.495990432134625
store_cat,3,M3_FullSkuTemporalCNN,M3_FullSkuTemporalCNN,CA_1__HOBBIES,1540,31,61755.76953125,0.019314075778852052,rmsse,0.40941613368327406
store_cat,3,M3_FullSkuTemporalCNN,M3_FullSkuTemporalCNN,CA_1__HOUSEHOLD,1540,32,109044.2734375,0.034103523871660345,rmsse,0.6746254639600394
store_cat,3,M3_FullSkuTemporalCNN,M3_FullSkuTemporalCNN,CA_2__FOODS,1540,33,95685.3828125,0.029925539728460827,rmsse,0.37713200766770577
store_cat,3,M3_FullSkuTemporalCNN,M3_FullSkuTemporalCNN,CA_2__HOBBIES,1540,34,34752.09765625,0.010868695389946238,rmsse,0.4910552809348537
store_cat,3,M3_FullSkuTemporalCNN,M3_FullSkuTemporalCNN,CA_2__HOUSEHOLD,1540,35,99130.90625,0.03100312488811156,rmsse,0.3895336171432659
store_cat,3,M3_FullSkuTemporalCNN,M3_FullSkuTemporalCNN,CA_3__FOODS,1540,36,290055.46875,0.09071465461495254,rmsse,0.43353421697169164
store_cat,3,M3_FullSkuTemporalCNN,M3_FullSkuTemporalCNN,CA_3__HOBBIES,1540,37,67942.453125,0.02124895695119342,rmsse,0.7892083475413642
store_cat,3,M3_FullSkuTemporalCNN,M3_FullSkuTemporalCNN,CA_3__HOUSEHOLD,1540,38,194752.859375,0.06090882702406398,rmsse,0.6081959201251914
store_cat,3,M3_FullSkuTemporalCNN,M3_FullSkuTemporalCNN,CA_4__FOODS,1540,39,120052.3671875,0.03754629785831791,rmsse,0.5122177756170351
store_cat,3,M3_FullSkuTemporalCNN,M3_FullSkuTemporalCNN,CA_4__HOBBIES,1540,40,37685.67578125,0.011786169994173486,rmsse,0.8561175245276913
store_cat,3,M3_FullSkuTemporalCNN,M3_FullSkuTemporalCNN,CA_4__HOUSEHOLD,1540,41,57081.52734375,0.017852209648718267,rmsse,0.6397943605887185
store_cat,3,M3_FullSkuTemporalCNN,M3_FullSkuTemporalCNN,TX_1__FOODS,1540,42,147996.359375,0.046285762798511335,rmsse,0.3576390224837527
store_cat,3,M3_FullSkuTemporalCNN,M3_FullSkuTemporalCNN,TX_1__HOBBIES,1540,43,35824.16015625,0.011203982222607078,rmsse,0.5634208232711843
store_cat,3,M3_FullSkuTemporalCNN,M3_FullSkuTemporalCNN,TX_1__HOUSEHOLD,1540,44,96537.8984375,0.030192163422228798,rmsse,0.4010875922017453
store_cat,3,M3_FullSkuTemporalCNN,M3_FullSkuTemporalCNN,TX_2__FOODS,1540,45,179433.03125,0.05611756098412723,rmsse,0.40209467137739663
store_cat,3,M3_FullSkuTemporalCNN,M3_FullSkuTemporalCNN,TX_2__HOBBIES,1540,46,54520.3046875,0.017051188969277244,rmsse,0.535047828466254
store_cat,3,M3_FullSkuTemporalCNN,M3_FullSkuTemporalCNN,TX_2__HOUSEHOLD,1540,47,103090.46875,0.032241475422103406,rmsse,0.39094840433711076
store_cat,3,M3_FullSkuTemporalCNN,M3_FullSkuTemporalCNN,TX_3__FOODS,1540,48,173693.546875,0.05432254106952325,rmsse,0.7037129214656261
store_cat,3,M3_FullSkuTemporalCNN,M3_FullSkuTemporalCNN,TX_3__HOBBIES,1540,49,69905.3671875,0.02186285701653573,rmsse,0.6961589675040204
store_cat,3,M3_FullSkuTemporalCNN,M3_FullSkuTemporalCNN,TX_3__HOUSEHOLD,1540,50,104416.875,0.032656308093131484,rmsse,0.6635234566406807
store_cat,3,M3_FullSkuTemporalCNN,M3_FullSkuTemporalCNN,WI_1__FOODS,1540,51,162298.171875,0.05075864512993716,rmsse,0.6488421379651361
store_cat,3,M3_FullSkuTemporalCNN,M3_FullSkuTemporalCNN,WI_1__HOBBIES,1540,52,41865.28125,0.013093338820048013,rmsse,0.5822362551649098
store_cat,3,M3_FullSkuTemporalCNN,M3_FullSkuTemporalCNN,WI_1__HOUSEHOLD,1540,53,77330.671875,0.024185116110770965,rmsse,0.6413171572283719
store_cat,3,M3_FullSkuTemporalCNN,M3_FullSkuTemporalCNN,WI_2__FOODS,1540,54,202491.703125,0.06332914525121458,rmsse,0.5374443264874729
store_cat,3,M3_FullSkuTemporalCNN,M3_FullSkuTemporalCNN,WI_2__HOBBIES,1540,55,26394.369140625,0.008254821364650992,rmsse,0.7580840376577059
store_cat,3,M3_FullSkuTemporalCNN,M3_FullSkuTemporalCNN,WI_2__HOUSEHOLD,1540,56,86329.9609375,0.026999637769690065,rmsse,0.7641114945234946
store_cat,3,M3_FullSkuTemporalCNN,M3_FullSkuTemporalCNN,WI_3__FOODS,1540,57,150028.796875,0.04692140627261487,rmsse,0.3395741592588758
store_cat,3,M3_FullSkuTemporalCNN,M3_FullSkuTemporalCNN,WI_3__HOBBIES,1540,58,24321.859375,0.007606645316169617,rmsse,0.5886778212438363
store_cat,3,M3_FullSkuTemporalCNN,M3_FullSkuTemporalCNN,WI_3__HOUSEHOLD,1540,59,72861.84375,0.022787493091836034,rmsse,0.4937266068416335
store_cat,3,M3_FullSkuTemporalCNN,M3_FullSkuTemporalCNN,CA_1__FOODS,1568,60,227606.21875,0.07077608229256054,rmsse,0.4624317209701711
store_cat,3,M3_FullSkuTemporalCNN,M3_FullSkuTemporalCNN,CA_1__HOBBIES,1568,61,61449.91015625,0.019108370245657893,rmsse,0.5362557798709241
store_cat,3,M3_FullSkuTemporalCNN,M3_FullSkuTemporalCNN,CA_1__HOUSEHOLD,1568,62,110681.0859375,0.03441722150459681,rmsse,0.5659622969128467
store_cat,3,M3_FullSkuTemporalCNN,M3_FullSkuTemporalCNN,CA_2__FOODS,1568,63,94507.7265625,0.029387978365465067,rmsse,1.4160082023889098
store_cat,3,M3_FullSkuTemporalCNN,M3_FullSkuTemporalCNN,CA_2__HOBBIES,1568,64,32681.55078125,0.010162605135507732,rmsse,0.5674031945218949
store_cat,3,M3_FullSkuTemporalCNN,M3_FullSkuTemporalCNN,CA_2__HOUSEHOLD,1568,65,97190.0234375,0.03022206130661088,rmsse,0.5052337343476003
store_cat,3,M3_FullSkuTemporalCNN,M3_FullSkuTemporalCNN,CA_3__FOODS,1568,66,286386.625,0.08905434767910389,rmsse,0.7076537548305756
store_cat,3,M3_FullSkuTemporalCNN,M3_FullSkuTemporalCNN,CA_3__HOBBIES,1568,67,66306.0390625,0.020618424676418178,rmsse,0.7899052482647394
store_cat,3,M3_FullSkuTemporalCNN,M3_FullSkuTemporalCNN,CA_3__HOUSEHOLD,1568,68,190131.015625,0.059122850342783584,rmsse,0.8158642134378248
store_cat,3,M3_FullSkuTemporalCNN,M3_FullSkuTemporalCNN,CA_4__FOODS,1568,69,122596.9609375,0.038122563802445886,rmsse,0.643472378048014
store_cat,3,M3_FullSkuTemporalCNN,M3_FullSkuTemporalCNN,CA_4__HOBBIES,1568,70,38498.52734375,0.011971443286514517,rmsse,0.9751856159154069
store_cat,3,M3_FullSkuTemporalCNN,M3_FullSkuTemporalCNN,CA_4__HOUSEHOLD,1568,71,57504.91796875,0.017881641497913568,rmsse,1.0265989289570723
store_cat,3,M3_FullSkuTemporalCNN,M3_FullSkuTemporalCNN,TX_1__FOODS,1568,72,143759.71875,0.04470330266231075,rmsse,0.5454547361680208
store_cat,3,M3_FullSkuTemporalCNN,M3_FullSkuTemporalCNN,TX_1__HOBBIES,1568,73,36857.09765625,0.011461026816885643,rmsse,0.9497513380840655
store_cat,3,M3_FullSkuTemporalCNN,M3_FullSkuTemporalCNN,TX_1__HOUSEHOLD,1568,74,94760.015625,0.029466429787166445,rmsse,0.7811462679813707
store_cat,3,M3_FullSkuTemporalCNN,M3_FullSkuTemporalCNN,TX_2__FOODS,1568,75,175913.21875,0.05470170593306429,rmsse,0.3545435933328487
store_cat,3,M3_FullSkuTemporalCNN,M3_FullSkuTemporalCNN,TX_2__HOBBIES,1568,76,55974.640625,0.01740578879139919,rmsse,0.6470909513753174
store_cat,3,M3_FullSkuTemporalCNN,M3_FullSkuTemporalCNN,TX_2__HOUSEHOLD,1568,77,102344.765625,0.031824972067411146,rmsse,0.3682839611304997
store_cat,3,M3_FullSkuTemporalCNN,M3_FullSkuTemporalCNN,TX_3__FOODS,1568,78,185515.796875,0.05768770896640953,rmsse,0.5217953073421002
store_cat,3,M3_FullSkuTemporalCNN,M3_FullSkuTemporalCNN,TX_3__HOBBIES,1568,79,71178.390625,0.02213352367959858,rmsse,0.9266418165058968
store_cat,3,M3_FullSkuTemporalCNN,M3_FullSkuTemporalCNN,TX_3__HOUSEHOLD,1568,80,104345.796875,0.03244720968990574,rmsse,0.6414261207866172
store_cat,3,M3_FullSkuTemporalCNN,M3_FullSkuTemporalCNN,WI_1__FOODS,1568,81,171597.125,0.05335958001001147,rmsse,0.7288978914471828
store_cat,3,M3_FullSkuTemporalCNN,M3_FullSkuTemporalCNN,WI_1__HOBBIES,1568,82,42377.875,0.013177759311041865,rmsse,0.4120861759509686
store_cat,3,M3_FullSkuTemporalCNN,M3_FullSkuTemporalCNN,WI_1__HOUSEHOLD,1568,83,74826.484375,0.02326792934249735,rmsse,0.5274212112275092
store_cat,3,M3_FullSkuTemporalCNN,M3_FullSkuTemporalCNN,WI_2__FOODS,1568,84,210272.09375,0.06538588924683765,rmsse,0.5649383242054231
store_cat,3,M3_FullSkuTemporalCNN,M3_FullSkuTemporalCNN,WI_2__HOBBIES,1568,85,24916.8984375,0.007748120697110228,rmsse,0.7236441598364134
store_cat,3,M3_FullSkuTemporalCNN,M3_FullSkuTemporalCNN,WI_2__HOUSEHOLD,1568,86,85993.5546875,0.02674042447793314,rmsse,0.9205909340083773
store_cat,3,M3_FullSkuTemporalCNN,M3_FullSkuTemporalCNN,WI_3__FOODS,1568,87,152977.359375,0.04756960611834604,rmsse,0.3423814153057165
store_cat,3,M3_FullSkuTemporalCNN,M3_FullSkuTemporalCNN,WI_3__HOBBIES,1568,88,25281.419921875,0.007861471741370881,rmsse,0.80783837529556
store_cat,3,M3_FullSkuTemporalCNN,M3_FullSkuTemporalCNN,WI_3__HOUSEHOLD,1568,89,71430.6328125,0.022211960525121525,rmsse,0.5768221951819731
store_cat,3,M3_FullSkuTemporalCNN,M3_FullSkuTemporalCNN,CA_1__FOODS,1596,90,218156.640625,0.06756247139642138,rmsse,0.5073923749127822
store_cat,3,M3_FullSkuTemporalCNN,M3_FullSkuTemporalCNN,CA_1__HOBBIES,1596,91,62647.34375,0.019401698513715152,rmsse,0.6710553252117775
store_cat,3,M3_FullSkuTemporalCNN,M3_FullSkuTemporalCNN,CA_1__HOUSEHOLD,1596,92,111508.96875,0.03453400038629386,rmsse,0.6618381631830023
store_cat,3,M3_FullSkuTemporalCNN,M3_FullSkuTemporalCNN,CA_2__FOODS,1596,93,124184.8984375,0.03845969861157458,rmsse,1.3353915029541494
store_cat,3,M3_FullSkuTemporalCNN,M3_FullSkuTemporalCNN,CA_2__HOBBIES,1596,94,35712.88671875,0.01106017621332348,rmsse,0.6299675065235396
store_cat,3,M3_FullSkuTemporalCNN,M3_FullSkuTemporalCNN,CA_2__HOUSEHOLD,1596,95,107060.6328125,0.03315636380059106,rmsse,0.5783030240393967
store_cat,3,M3_FullSkuTemporalCNN,M3_FullSkuTemporalCNN,CA_3__FOODS,1596,96,285717.21875,0.08848578417763645,rmsse,0.7738615199951718
store_cat,3,M3_FullSkuTemporalCNN,M3_FullSkuTemporalCNN,CA_3__HOBBIES,1596,97,68288.1953125,0.021148653688909533,rmsse,0.9377241602283048
store_cat,3,M3_FullSkuTemporalCNN,M3_FullSkuTemporalCNN,CA_3__HOUSEHOLD,1596,98,198473.0625,0.06146652501477757,rmsse,0.7828184119884773
store_cat,3,M3_FullSkuTemporalCNN,M3_FullSkuTemporalCNN,CA_4__FOODS,1596,99,116616.671875,0.036115841054978406,rmsse,0.6309945533219851
store_cat,3,M3_FullSkuTemporalCNN,M3_FullSkuTemporalCNN,CA_4__HOBBIES,1596,100,39243.08203125,0.012153467341850466,rmsse,0.9156720487935475
store_cat,3,M3_FullSkuTemporalCNN,M3_FullSkuTemporalCNN,CA_4__HOUSEHOLD,1596,101,58249.5703125,0.018039720985881025,rmsse,0.9194877662011922
store_cat,3,M3_FullSkuTemporalCNN,M3_FullSkuTemporalCNN,TX_1__FOODS,1596,102,144254.125,0.04467507918258353,rmsse,0.9133324477628793
store_cat,3,M3_FullSkuTemporalCNN,M3_FullSkuTemporalCNN,TX_1__HOBBIES,1596,103,38381.20703125,0.011886547183619364,rmsse,0.9363130207603246
store_cat,3,M3_FullSkuTemporalCNN,M3_FullSkuTemporalCNN,TX_1__HOUSEHOLD,1596,104,100307.125,0.031064822249986294,rmsse,0.8105212129116872
store_cat,3,M3_FullSkuTemporalCNN,M3_FullSkuTemporalCNN,TX_2__FOODS,1596,105,172290.359375,0.05335781869304533,rmsse,1.0053472195238278
store_cat,3,M3_FullSkuTemporalCNN,M3_FullSkuTemporalCNN,TX_2__HOBBIES,1596,106,56974.41796875,0.017644810047099287,rmsse,0.9887362394840584
store_cat,3,M3_FullSkuTemporalCNN,M3_FullSkuTemporalCNN,TX_2__HOUSEHOLD,1596,107,102815.34375,0.03184161023621193,rmsse,0.6745684928357863
store_cat,3,M3_FullSkuTemporalCNN,M3_FullSkuTemporalCNN,TX_3__FOODS,1596,108,173334.609375,0.05368121985357653,rmsse,1.292992268256402
store_cat,3,M3_FullSkuTemporalCNN,M3_FullSkuTemporalCNN,TX_3__HOBBIES,1596,109,69821.453125,0.02162349913392369,rmsse,1.2972669291446628
store_cat,3,M3_FullSkuTemporalCNN,M3_FullSkuTemporalCNN,TX_3__HOUSEHOLD,1596,110,105690.0703125,0.03273190461641051,rmsse,0.9380694427208378
store_cat,3,M3_FullSkuTemporalCNN,M3_FullSkuTemporalCNN,WI_1__FOODS,1596,111,172074.03125,0.05329082250757199,rmsse,0.5501918986946829
store_cat,3,M3_FullSkuTemporalCNN,M3_FullSkuTemporalCNN,WI_1__HOBBIES,1596,112,42553.390625,0.013178660198862826,rmsse,0.6436639203123896
store_cat,3,M3_FullSkuTemporalCNN,M3_FullSkuTemporalCNN,WI_1__HOUSEHOLD,1596,113,77409.6953125,0.023973555470844267,rmsse,0.6002331320503731
store_cat,3,M3_FullSkuTemporalCNN,M3_FullSkuTemporalCNN,WI_2__FOODS,1596,114,192405.90625,0.05958754452890338,rmsse,0.6523788606400918
store_cat,3,M3_FullSkuTemporalCNN,M3_FullSkuTemporalCNN,WI_2__HOBBIES,1596,115,27172.5703125,0.008415265284824653,rmsse,0.9694077191295669
store_cat,3,M3_FullSkuTemporalCNN,M3_FullSkuTemporalCNN,WI_2__HOUSEHOLD,1596,116,88800.015625,0.027501104245452462,rmsse,1.1491446335826445
store_cat,3,M3_FullSkuTemporalCNN,M3_FullSkuTemporalCNN,WI_3__FOODS,1596,117,138527.015625,0.04290141021599113,rmsse,0.5253999179130211
store_cat,3,M3_FullSkuTemporalCNN,M3_FullSkuTemporalCNN,WI_3__HOBBIES,1596,118,25475.140625,0.007889576291903788,rmsse,0.9599402794852601
store_cat,3,M3_FullSkuTemporalCNN,M3_FullSkuTemporalCNN,WI_3__HOUSEHOLD,1596,119,74816.171875,0.023170348873236064,rmsse,0.514373343640245
store_cat,3,M3_FullSkuTemporalCNN_Q,M3_FullSkuTemporalCNN,CA_1__FOODS,1512,0,207180.25,0.06491036969535333,mean_spl,0.17289570733397847
store_cat,3,M3_FullSkuTemporalCNN_Q,M3_FullSkuTemporalCNN,CA_1__HOBBIES,1512,1,62380.88671875,0.019544171893015955,mean_spl,0.15115452880028066
store_cat,3,M3_FullSkuTemporalCNN_Q,M3_FullSkuTemporalCNN,CA_1__HOUSEHOLD,1512,2,105939.7890625,0.03319134364156151,mean_spl,0.13999151675272586
store_cat,3,M3_FullSkuTemporalCNN_Q,M3_FullSkuTemporalCNN,CA_2__FOODS,1512,3,91005.09375,0.028512246121301568,mean_spl,0.10515172446787632
store_cat,3,M3_FullSkuTemporalCNN_Q,M3_FullSkuTemporalCNN,CA_2__HOBBIES,1512,4,33450.58203125,0.010480196090955487,mean_spl,0.14190379929016037
store_cat,3,M3_FullSkuTemporalCNN_Q,M3_FullSkuTemporalCNN,CA_2__HOUSEHOLD,1512,5,94968.328125,0.02975394270420743,mean_spl,0.13606746302531275
store_cat,3,M3_FullSkuTemporalCNN_Q,M3_FullSkuTemporalCNN,CA_3__FOODS,1512,6,287165.4375,0.08997003677644409,mean_spl,0.1133080947464575
store_cat,3,M3_FullSkuTemporalCNN_Q,M3_FullSkuTemporalCNN,CA_3__HOBBIES,1512,7,66716.6796875,0.020902592517202268,mean_spl,0.21590482355474472
store_cat,3,M3_FullSkuTemporalCNN_Q,M3_FullSkuTemporalCNN,CA_3__HOUSEHOLD,1512,8,182819.796875,0.05727814597571753,mean_spl,0.27359820959173903
store_cat,3,M3_FullSkuTemporalCNN_Q,M3_FullSkuTemporalCNN,CA_4__FOODS,1512,9,116552.8984375,0.03651647165520408,mean_spl,0.15626342183983657
store_cat,3,M3_FullSkuTemporalCNN_Q,M3_FullSkuTemporalCNN,CA_4__HOBBIES,1512,10,36935.671875,0.011572088151995735,mean_spl,0.1862185025878606
store_cat,3,M3_FullSkuTemporalCNN_Q,M3_FullSkuTemporalCNN,CA_4__HOUSEHOLD,1512,11,55035.6171875,0.017242870679288043,mean_spl,0.1583678000066455
store_cat,3,M3_FullSkuTemporalCNN_Q,M3_FullSkuTemporalCNN,TX_1__FOODS,1512,12,146396.890625,0.045866709267504774,mean_spl,0.11350905781002228
store_cat,3,M3_FullSkuTemporalCNN_Q,M3_FullSkuTemporalCNN,TX_1__HOBBIES,1512,13,37219.30859375,0.011660952627606897,mean_spl,0.2374088634052729
store_cat,3,M3_FullSkuTemporalCNN_Q,M3_FullSkuTemporalCNN,TX_1__HOUSEHOLD,1512,14,98011.2890625,0.030707314077307153,mean_spl,0.15360133007818896
store_cat,3,M3_FullSkuTemporalCNN_Q,M3_FullSkuTemporalCNN,TX_2__FOODS,1512,15,176122.65625,0.05517990604275809,mean_spl,0.2559750490860922
store_cat,3,M3_FullSkuTemporalCNN_Q,M3_FullSkuTemporalCNN,TX_2__HOBBIES,1512,16,57129.640625,0.017898936281481592,mean_spl,0.25733002010221895
store_cat,3,M3_FullSkuTemporalCNN_Q,M3_FullSkuTemporalCNN,TX_2__HOUSEHOLD,1512,17,104925.140625,0.03287345038103626,mean_spl,0.29108878010783007
store_cat,3,M3_FullSkuTemporalCNN_Q,M3_FullSkuTemporalCNN,TX_3__FOODS,1512,18,171175.0625,0.05362980587918111,mean_spl,0.15953731664784365
store_cat,3,M3_FullSkuTemporalCNN_Q,M3_FullSkuTemporalCNN,TX_3__HOBBIES,1512,19,67877.1015625,0.021266157156731493,mean_spl,0.21655733284084103
store_cat,3,M3_FullSkuTemporalCNN_Q,M3_FullSkuTemporalCNN,TX_3__HOUSEHOLD,1512,20,106698.2734375,0.03342897971541217,mean_spl,0.24686165645720054
store_cat,3,M3_FullSkuTemporalCNN_Q,M3_FullSkuTemporalCNN,WI_1__FOODS,1512,21,173160.421875,0.054251826612380274,mean_spl,0.24036907475093214
store_cat,3,M3_FullSkuTemporalCNN_Q,M3_FullSkuTemporalCNN,WI_1__HOBBIES,1512,22,42989.3984375,0.013468743982879497,mean_spl,0.22741361719759398
store_cat,3,M3_FullSkuTemporalCNN_Q,M3_FullSkuTemporalCNN,WI_1__HOUSEHOLD,1512,23,80510.828125,0.025224352311925487,mean_spl,0.163384491533682
store_cat,3,M3_FullSkuTemporalCNN_Q,M3_FullSkuTemporalCNN,WI_2__FOODS,1512,24,209484.875,0.06563241757761601,mean_spl,0.1343308549237083
store_cat,3,M3_FullSkuTemporalCNN_Q,M3_FullSkuTemporalCNN,WI_2__HOBBIES,1512,25,27927.87890625,0.008749911946779423,mean_spl,0.3086442268928518
store_cat,3,M3_FullSkuTemporalCNN_Q,M3_FullSkuTemporalCNN,WI_2__HOUSEHOLD,1512,26,94749.9140625,0.029685512737820482,mean_spl,0.21976121539578392
store_cat,3,M3_FullSkuTemporalCNN_Q,M3_FullSkuTemporalCNN,WI_3__FOODS,1512,27,154383.0625,0.04836880765215719,mean_spl,0.1271068954075029
store_cat,3,M3_FullSkuTemporalCNN_Q,M3_FullSkuTemporalCNN,WI_3__HOBBIES,1512,28,26006.021484375,0.00814778661989298,mean_spl,0.19688475262281982
store_cat,3,M3_FullSkuTemporalCNN_Q,M3_FullSkuTemporalCNN,WI_3__HOUSEHOLD,1512,29,76870.9140625,0.02408395322728209,mean_spl,0.14170809305085552
store_cat,3,M3_FullSkuTemporalCNN_Q,M3_FullSkuTemporalCNN,CA_1__FOODS,1540,30,220169.40625,0.06885783512657154,mean_spl,0.14055146486331216
store_cat,3,M3_FullSkuTemporalCNN_Q,M3_FullSkuTemporalCNN,CA_1__HOBBIES,1540,31,61755.76953125,0.019314075778852052,mean_spl,0.11384118879762492
store_cat,3,M3_FullSkuTemporalCNN_Q,M3_FullSkuTemporalCNN,CA_1__HOUSEHOLD,1540,32,109044.2734375,0.034103523871660345,mean_spl,0.15850388318411948
store_cat,3,M3_FullSkuTemporalCNN_Q,M3_FullSkuTemporalCNN,CA_2__FOODS,1540,33,95685.3828125,0.029925539728460827,mean_spl,0.10414180910166039
store_cat,3,M3_FullSkuTemporalCNN_Q,M3_FullSkuTemporalCNN,CA_2__HOBBIES,1540,34,34752.09765625,0.010868695389946238,mean_spl,0.14048755806040675
store_cat,3,M3_FullSkuTemporalCNN_Q,M3_FullSkuTemporalCNN,CA_2__HOUSEHOLD,1540,35,99130.90625,0.03100312488811156,mean_spl,0.11417448019326759
store_cat,3,M3_FullSkuTemporalCNN_Q,M3_FullSkuTemporalCNN,CA_3__FOODS,1540,36,290055.46875,0.09071465461495254,mean_spl,0.12498967234863757
store_cat,3,M3_FullSkuTemporalCNN_Q,M3_FullSkuTemporalCNN,CA_3__HOBBIES,1540,37,67942.453125,0.02124895695119342,mean_spl,0.1854423122437737
store_cat,3,M3_FullSkuTemporalCNN_Q,M3_FullSkuTemporalCNN,CA_3__HOUSEHOLD,1540,38,194752.859375,0.06090882702406398,mean_spl,0.16054099012920928
store_cat,3,M3_FullSkuTemporalCNN_Q,M3_FullSkuTemporalCNN,CA_4__FOODS,1540,39,120052.3671875,0.03754629785831791,mean_spl,0.1574360792474908
store_cat,3,M3_FullSkuTemporalCNN_Q,M3_FullSkuTemporalCNN,CA_4__HOBBIES,1540,40,37685.67578125,0.011786169994173486,mean_spl,0.20562519239213375
store_cat,3,M3_FullSkuTemporalCNN_Q,M3_FullSkuTemporalCNN,CA_4__HOUSEHOLD,1540,41,57081.52734375,0.017852209648718267,mean_spl,0.17457921283350727
store_cat,3,M3_FullSkuTemporalCNN_Q,M3_FullSkuTemporalCNN,TX_1__FOODS,1540,42,147996.359375,0.046285762798511335,mean_spl,0.08765869736939187
store_cat,3,M3_FullSkuTemporalCNN_Q,M3_FullSkuTemporalCNN,TX_1__HOBBIES,1540,43,35824.16015625,0.011203982222607078,mean_spl,0.1689165538396739
store_cat,3,M3_FullSkuTemporalCNN_Q,M3_FullSkuTemporalCNN,TX_1__HOUSEHOLD,1540,44,96537.8984375,0.030192163422228798,mean_spl,0.10728176416426254
store_cat,3,M3_FullSkuTemporalCNN_Q,M3_FullSkuTemporalCNN,TX_2__FOODS,1540,45,179433.03125,0.05611756098412723,mean_spl,0.09756125892578535
store_cat,3,M3_FullSkuTemporalCNN_Q,M3_FullSkuTemporalCNN,TX_2__HOBBIES,1540,46,54520.3046875,0.017051188969277244,mean_spl,0.1364393231999819
store_cat,3,M3_FullSkuTemporalCNN_Q,M3_FullSkuTemporalCNN,TX_2__HOUSEHOLD,1540,47,103090.46875,0.032241475422103406,mean_spl,0.10894852901629816
store_cat,3,M3_FullSkuTemporalCNN_Q,M3_FullSkuTemporalCNN,TX_3__FOODS,1540,48,173693.546875,0.05432254106952325,mean_spl,0.20578708480245425
store_cat,3,M3_FullSkuTemporalCNN_Q,M3_FullSkuTemporalCNN,TX_3__HOBBIES,1540,49,69905.3671875,0.02186285701653573,mean_spl,0.17617701231844743
store_cat,3,M3_FullSkuTemporalCNN_Q,M3_FullSkuTemporalCNN,TX_3__HOUSEHOLD,1540,50,104416.875,0.032656308093131484,mean_spl,0.17917495981123313
store_cat,3,M3_FullSkuTemporalCNN_Q,M3_FullSkuTemporalCNN,WI_1__FOODS,1540,51,162298.171875,0.05075864512993716,mean_spl,0.1908540782138272
store_cat,3,M3_FullSkuTemporalCNN_Q,M3_FullSkuTemporalCNN,WI_1__HOBBIES,1540,52,41865.28125,0.013093338820048013,mean_spl,0.15860287229137215
store_cat,3,M3_FullSkuTemporalCNN_Q,M3_FullSkuTemporalCNN,WI_1__HOUSEHOLD,1540,53,77330.671875,0.024185116110770965,mean_spl,0.15643838412679234
store_cat,3,M3_FullSkuTemporalCNN_Q,M3_FullSkuTemporalCNN,WI_2__FOODS,1540,54,202491.703125,0.06332914525121458,mean_spl,0.13844446007450248
store_cat,3,M3_FullSkuTemporalCNN_Q,M3_FullSkuTemporalCNN,WI_2__HOBBIES,1540,55,26394.369140625,0.008254821364650992,mean_spl,0.22713002819641023
store_cat,3,M3_FullSkuTemporalCNN_Q,M3_FullSkuTemporalCNN,WI_2__HOUSEHOLD,1540,56,86329.9609375,0.026999637769690065,mean_spl,0.19635010637607742
store_cat,3,M3_FullSkuTemporalCNN_Q,M3_FullSkuTemporalCNN,WI_3__FOODS,1540,57,150028.796875,0.04692140627261487,mean_spl,0.09612597693213096
store_cat,3,M3_FullSkuTemporalCNN_Q,M3_FullSkuTemporalCNN,WI_3__HOBBIES,1540,58,24321.859375,0.007606645316169617,mean_spl,0.16854391210101624
store_cat,3,M3_FullSkuTemporalCNN_Q,M3_FullSkuTemporalCNN,WI_3__HOUSEHOLD,1540,59,72861.84375,0.022787493091836034,mean_spl,0.13311110027866782
store_cat,3,M3_FullSkuTemporalCNN_Q,M3_FullSkuTemporalCNN,CA_1__FOODS,1568,60,227606.21875,0.07077608229256054,mean_spl,0.11083653006876579
store_cat,3,M3_FullSkuTemporalCNN_Q,M3_FullSkuTemporalCNN,CA_1__HOBBIES,1568,61,61449.91015625,0.019108370245657893,mean_spl,0.14135118596108512
store_cat,3,M3_FullSkuTemporalCNN_Q,M3_FullSkuTemporalCNN,CA_1__HOUSEHOLD,1568,62,110681.0859375,0.03441722150459681,mean_spl,0.15675755026533617
store_cat,3,M3_FullSkuTemporalCNN_Q,M3_FullSkuTemporalCNN,CA_2__FOODS,1568,63,94507.7265625,0.029387978365465067,mean_spl,0.476216765134215
store_cat,3,M3_FullSkuTemporalCNN_Q,M3_FullSkuTemporalCNN,CA_2__HOBBIES,1568,64,32681.55078125,0.010162605135507732,mean_spl,0.1425601168774488
store_cat,3,M3_FullSkuTemporalCNN_Q,M3_FullSkuTemporalCNN,CA_2__HOUSEHOLD,1568,65,97190.0234375,0.03022206130661088,mean_spl,0.160337244396215
store_cat,3,M3_FullSkuTemporalCNN_Q,M3_FullSkuTemporalCNN,CA_3__FOODS,1568,66,286386.625,0.08905434767910389,mean_spl,0.16858393406476083
store_cat,3,M3_FullSkuTemporalCNN_Q,M3_FullSkuTemporalCNN,CA_3__HOBBIES,1568,67,66306.0390625,0.020618424676418178,mean_spl,0.20659596221905932
store_cat,3,M3_FullSkuTemporalCNN_Q,M3_FullSkuTemporalCNN,CA_3__HOUSEHOLD,1568,68,190131.015625,0.059122850342783584,mean_spl,0.2641350477837784
store_cat,3,M3_FullSkuTemporalCNN_Q,M3_FullSkuTemporalCNN,CA_4__FOODS,1568,69,122596.9609375,0.038122563802445886,mean_spl,0.15995597892560676
store_cat,3,M3_FullSkuTemporalCNN_Q,M3_FullSkuTemporalCNN,CA_4__HOBBIES,1568,70,38498.52734375,0.011971443286514517,mean_spl,0.23346087577826916
store_cat,3,M3_FullSkuTemporalCNN_Q,M3_FullSkuTemporalCNN,CA_4__HOUSEHOLD,1568,71,57504.91796875,0.017881641497913568,mean_spl,0.23991028421307023
store_cat,3,M3_FullSkuTemporalCNN_Q,M3_FullSkuTemporalCNN,TX_1__FOODS,1568,72,143759.71875,0.04470330266231075,mean_spl,0.12137898003369434
store_cat,3,M3_FullSkuTemporalCNN_Q,M3_FullSkuTemporalCNN,TX_1__HOBBIES,1568,73,36857.09765625,0.011461026816885643,mean_spl,0.24919050740345375
store_cat,3,M3_FullSkuTemporalCNN_Q,M3_FullSkuTemporalCNN,TX_1__HOUSEHOLD,1568,74,94760.015625,0.029466429787166445,mean_spl,0.1860794327567701
store_cat,3,M3_FullSkuTemporalCNN_Q,M3_FullSkuTemporalCNN,TX_2__FOODS,1568,75,175913.21875,0.05470170593306429,mean_spl,0.08463699307640242
store_cat,3,M3_FullSkuTemporalCNN_Q,M3_FullSkuTemporalCNN,TX_2__HOBBIES,1568,76,55974.640625,0.01740578879139919,mean_spl,0.15669980010883083
store_cat,3,M3_FullSkuTemporalCNN_Q,M3_FullSkuTemporalCNN,TX_2__HOUSEHOLD,1568,77,102344.765625,0.031824972067411146,mean_spl,0.1014129397961807
store_cat,3,M3_FullSkuTemporalCNN_Q,M3_FullSkuTemporalCNN,TX_3__FOODS,1568,78,185515.796875,0.05768770896640953,mean_spl,0.12175350889873801
store_cat,3,M3_FullSkuTemporalCNN_Q,M3_FullSkuTemporalCNN,TX_3__HOBBIES,1568,79,71178.390625,0.02213352367959858,mean_spl,0.22789092443420056
store_cat,3,M3_FullSkuTemporalCNN_Q,M3_FullSkuTemporalCNN,TX_3__HOUSEHOLD,1568,80,104345.796875,0.03244720968990574,mean_spl,0.18355386678744043
store_cat,3,M3_FullSkuTemporalCNN_Q,M3_FullSkuTemporalCNN,WI_1__FOODS,1568,81,171597.125,0.05335958001001147,mean_spl,0.20194439572567696
store_cat,3,M3_FullSkuTemporalCNN_Q,M3_FullSkuTemporalCNN,WI_1__HOBBIES,1568,82,42377.875,0.013177759311041865,mean_spl,0.11800388120802932
store_cat,3,M3_FullSkuTemporalCNN_Q,M3_FullSkuTemporalCNN,WI_1__HOUSEHOLD,1568,83,74826.484375,0.02326792934249735,mean_spl,0.13508010249159225
store_cat,3,M3_FullSkuTemporalCNN_Q,M3_FullSkuTemporalCNN,WI_2__FOODS,1568,84,210272.09375,0.06538588924683765,mean_spl,0.17923481597347998
store_cat,3,M3_FullSkuTemporalCNN_Q,M3_FullSkuTemporalCNN,WI_2__HOBBIES,1568,85,24916.8984375,0.007748120697110228,mean_spl,0.2008967781975001
store_cat,3,M3_FullSkuTemporalCNN_Q,M3_FullSkuTemporalCNN,WI_2__HOUSEHOLD,1568,86,85993.5546875,0.02674042447793314,mean_spl,0.25031819448952297
store_cat,3,M3_FullSkuTemporalCNN_Q,M3_FullSkuTemporalCNN,WI_3__FOODS,1568,87,152977.359375,0.04756960611834604,mean_spl,0.10120189235696557
store_cat,3,M3_FullSkuTemporalCNN_Q,M3_FullSkuTemporalCNN,WI_3__HOBBIES,1568,88,25281.419921875,0.007861471741370881,mean_spl,0.22381947254838963
store_cat,3,M3_FullSkuTemporalCNN_Q,M3_FullSkuTemporalCNN,WI_3__HOUSEHOLD,1568,89,71430.6328125,0.022211960525121525,mean_spl,0.15065979825017736
store_cat,3,M3_FullSkuTemporalCNN_Q,M3_FullSkuTemporalCNN,CA_1__FOODS,1596,90,218156.640625,0.06756247139642138,mean_spl,0.11963149734452501
store_cat,3,M3_FullSkuTemporalCNN_Q,M3_FullSkuTemporalCNN,CA_1__HOBBIES,1596,91,62647.34375,0.019401698513715152,mean_spl,0.16783558592675848
store_cat,3,M3_FullSkuTemporalCNN_Q,M3_FullSkuTemporalCNN,CA_1__HOUSEHOLD,1596,92,111508.96875,0.03453400038629386,mean_spl,0.1731864773618332
store_cat,3,M3_FullSkuTemporalCNN_Q,M3_FullSkuTemporalCNN,CA_2__FOODS,1596,93,124184.8984375,0.03845969861157458,mean_spl,0.35794109668248747
store_cat,3,M3_FullSkuTemporalCNN_Q,M3_FullSkuTemporalCNN,CA_2__HOBBIES,1596,94,35712.88671875,0.01106017621332348,mean_spl,0.1418548810530088
store_cat,3,M3_FullSkuTemporalCNN_Q,M3_FullSkuTemporalCNN,CA_2__HOUSEHOLD,1596,95,107060.6328125,0.03315636380059106,mean_spl,0.15805885999882907
store_cat,3,M3_FullSkuTemporalCNN_Q,M3_FullSkuTemporalCNN,CA_3__FOODS,1596,96,285717.21875,0.08848578417763645,mean_spl,0.17992077837792841
store_cat,3,M3_FullSkuTemporalCNN_Q,M3_FullSkuTemporalCNN,CA_3__HOBBIES,1596,97,68288.1953125,0.021148653688909533,mean_spl,0.23190512346114586
store_cat,3,M3_FullSkuTemporalCNN_Q,M3_FullSkuTemporalCNN,CA_3__HOUSEHOLD,1596,98,198473.0625,0.06146652501477757,mean_spl,0.1902223450563608
store_cat,3,M3_FullSkuTemporalCNN_Q,M3_FullSkuTemporalCNN,CA_4__FOODS,1596,99,116616.671875,0.036115841054978406,mean_spl,0.14732997525029237
store_cat,3,M3_FullSkuTemporalCNN_Q,M3_FullSkuTemporalCNN,CA_4__HOBBIES,1596,100,39243.08203125,0.012153467341850466,mean_spl,0.22622848654394115
store_cat,3,M3_FullSkuTemporalCNN_Q,M3_FullSkuTemporalCNN,CA_4__HOUSEHOLD,1596,101,58249.5703125,0.018039720985881025,mean_spl,0.26019323606356926
store_cat,3,M3_FullSkuTemporalCNN_Q,M3_FullSkuTemporalCNN,TX_1__FOODS,1596,102,144254.125,0.04467507918258353,mean_spl,0.18644609150144092
store_cat,3,M3_FullSkuTemporalCNN_Q,M3_FullSkuTemporalCNN,TX_1__HOBBIES,1596,103,38381.20703125,0.011886547183619364,mean_spl,0.2602212285566122
store_cat,3,M3_FullSkuTemporalCNN_Q,M3_FullSkuTemporalCNN,TX_1__HOUSEHOLD,1596,104,100307.125,0.031064822249986294,mean_spl,0.18723828949775462
store_cat,3,M3_FullSkuTemporalCNN_Q,M3_FullSkuTemporalCNN,TX_2__FOODS,1596,105,172290.359375,0.05335781869304533,mean_spl,0.2172927006086255
store_cat,3,M3_FullSkuTemporalCNN_Q,M3_FullSkuTemporalCNN,TX_2__HOBBIES,1596,106,56974.41796875,0.017644810047099287,mean_spl,0.24307095920714067
store_cat,3,M3_FullSkuTemporalCNN_Q,M3_FullSkuTemporalCNN,TX_2__HOUSEHOLD,1596,107,102815.34375,0.03184161023621193,mean_spl,0.18174714898086908
store_cat,3,M3_FullSkuTemporalCNN_Q,M3_FullSkuTemporalCNN,TX_3__FOODS,1596,108,173334.609375,0.05368121985357653,mean_spl,0.2575366351823012
store_cat,3,M3_FullSkuTemporalCNN_Q,M3_FullSkuTemporalCNN,TX_3__HOBBIES,1596,109,69821.453125,0.02162349913392369,mean_spl,0.3248765749122134
store_cat,3,M3_FullSkuTemporalCNN_Q,M3_FullSkuTemporalCNN,TX_3__HOUSEHOLD,1596,110,105690.0703125,0.03273190461641051,mean_spl,0.22195821975631208
store_cat,3,M3_FullSkuTemporalCNN_Q,M3_FullSkuTemporalCNN,WI_1__FOODS,1596,111,172074.03125,0.05329082250757199,mean_spl,0.1548903931822313
store_cat,3,M3_FullSkuTemporalCNN_Q,M3_FullSkuTemporalCNN,WI_1__HOBBIES,1596,112,42553.390625,0.013178660198862826,mean_spl,0.16538504415214075
store_cat,3,M3_FullSkuTemporalCNN_Q,M3_FullSkuTemporalCNN,WI_1__HOUSEHOLD,1596,113,77409.6953125,0.023973555470844267,mean_spl,0.14904698382155152
store_cat,3,M3_FullSkuTemporalCNN_Q,M3_FullSkuTemporalCNN,WI_2__FOODS,1596,114,192405.90625,0.05958754452890338,mean_spl,0.20813827024684373
store_cat,3,M3_FullSkuTemporalCNN_Q,M3_FullSkuTemporalCNN,WI_2__HOBBIES,1596,115,27172.5703125,0.008415265284824653,mean_spl,0.26540157617700866
store_cat,3,M3_FullSkuTemporalCNN_Q,M3_FullSkuTemporalCNN,WI_2__HOUSEHOLD,1596,116,88800.015625,0.027501104245452462,mean_spl,0.3383886049011402
store_cat,3,M3_FullSkuTemporalCNN_Q,M3_FullSkuTemporalCNN,WI_3__FOODS,1596,117,138527.015625,0.04290141021599113,mean_spl,0.12564968995988565
store_cat,3,M3_FullSkuTemporalCNN_Q,M3_FullSkuTemporalCNN,WI_3__HOBBIES,1596,118,25475.140625,0.007889576291903788,mean_spl,0.27719566794693923
store_cat,3,M3_FullSkuTemporalCNN_Q,M3_FullSkuTemporalCNN,WI_3__HOUSEHOLD,1596,119,74816.171875,0.023170348873236064,mean_spl,0.14514466291165626
store_cat,4,M3_FullSkuTemporalCNN,M3_FullSkuTemporalCNN,CA_1__FOODS,1568,0,227606.21875,0.07077608229256054,rmsse,0.3967247015698301
store_cat,4,M3_FullSkuTemporalCNN,M3_FullSkuTemporalCNN,CA_1__HOBBIES,1568,1,61449.91015625,0.019108370245657893,rmsse,0.5086873175174164
store_cat,4,M3_FullSkuTemporalCNN,M3_FullSkuTemporalCNN,CA_1__HOUSEHOLD,1568,2,110681.0859375,0.03441722150459681,rmsse,0.6592137104104007
store_cat,4,M3_FullSkuTemporalCNN,M3_FullSkuTemporalCNN,CA_2__FOODS,1568,3,94507.7265625,0.029387978365465067,rmsse,1.4558085552352542
store_cat,4,M3_FullSkuTemporalCNN,M3_FullSkuTemporalCNN,CA_2__HOBBIES,1568,4,32681.55078125,0.010162605135507732,rmsse,0.5048518019819879
store_cat,4,M3_FullSkuTemporalCNN,M3_FullSkuTemporalCNN,CA_2__HOUSEHOLD,1568,5,97190.0234375,0.03022206130661088,rmsse,0.5938102528800442
store_cat,4,M3_FullSkuTemporalCNN,M3_FullSkuTemporalCNN,CA_3__FOODS,1568,6,286386.625,0.08905434767910389,rmsse,0.6802387211448808
store_cat,4,M3_FullSkuTemporalCNN,M3_FullSkuTemporalCNN,CA_3__HOBBIES,1568,7,66306.0390625,0.020618424676418178,rmsse,0.7449491992562496
store_cat,4,M3_FullSkuTemporalCNN,M3_FullSkuTemporalCNN,CA_3__HOUSEHOLD,1568,8,190131.015625,0.059122850342783584,rmsse,0.8008556087337965
store_cat,4,M3_FullSkuTemporalCNN,M3_FullSkuTemporalCNN,CA_4__FOODS,1568,9,122596.9609375,0.038122563802445886,rmsse,0.5796676171183767
store_cat,4,M3_FullSkuTemporalCNN,M3_FullSkuTemporalCNN,CA_4__HOBBIES,1568,10,38498.52734375,0.011971443286514517,rmsse,0.9748585863980693
store_cat,4,M3_FullSkuTemporalCNN,M3_FullSkuTemporalCNN,CA_4__HOUSEHOLD,1568,11,57504.91796875,0.017881641497913568,rmsse,0.9081444672340994
store_cat,4,M3_FullSkuTemporalCNN,M3_FullSkuTemporalCNN,TX_1__FOODS,1568,12,143759.71875,0.04470330266231075,rmsse,0.5348925164534116
store_cat,4,M3_FullSkuTemporalCNN,M3_FullSkuTemporalCNN,TX_1__HOBBIES,1568,13,36857.09765625,0.011461026816885643,rmsse,0.8884591889943563
store_cat,4,M3_FullSkuTemporalCNN,M3_FullSkuTemporalCNN,TX_1__HOUSEHOLD,1568,14,94760.015625,0.029466429787166445,rmsse,0.7970598756031383
store_cat,4,M3_FullSkuTemporalCNN,M3_FullSkuTemporalCNN,TX_2__FOODS,1568,15,175913.21875,0.05470170593306429,rmsse,0.32346886687809717
store_cat,4,M3_FullSkuTemporalCNN,M3_FullSkuTemporalCNN,TX_2__HOBBIES,1568,16,55974.640625,0.01740578879139919,rmsse,0.5787393759983773
store_cat,4,M3_FullSkuTemporalCNN,M3_FullSkuTemporalCNN,TX_2__HOUSEHOLD,1568,17,102344.765625,0.031824972067411146,rmsse,0.39906788516982367
store_cat,4,M3_FullSkuTemporalCNN,M3_FullSkuTemporalCNN,TX_3__FOODS,1568,18,185515.796875,0.05768770896640953,rmsse,0.5626682202084102
store_cat,4,M3_FullSkuTemporalCNN,M3_FullSkuTemporalCNN,TX_3__HOBBIES,1568,19,71178.390625,0.02213352367959858,rmsse,0.8464864958660078
store_cat,4,M3_FullSkuTemporalCNN,M3_FullSkuTemporalCNN,TX_3__HOUSEHOLD,1568,20,104345.796875,0.03244720968990574,rmsse,0.6693474567589457
store_cat,4,M3_FullSkuTemporalCNN,M3_FullSkuTemporalCNN,WI_1__FOODS,1568,21,171597.125,0.05335958001001147,rmsse,0.7330567193231606
store_cat,4,M3_FullSkuTemporalCNN,M3_FullSkuTemporalCNN,WI_1__HOBBIES,1568,22,42377.875,0.013177759311041865,rmsse,0.41734943336625363
store_cat,4,M3_FullSkuTemporalCNN,M3_FullSkuTemporalCNN,WI_1__HOUSEHOLD,1568,23,74826.484375,0.02326792934249735,rmsse,0.5669469414816067
store_cat,4,M3_FullSkuTemporalCNN,M3_FullSkuTemporalCNN,WI_2__FOODS,1568,24,210272.09375,0.06538588924683765,rmsse,0.6225330563468446
store_cat,4,M3_FullSkuTemporalCNN,M3_FullSkuTemporalCNN,WI_2__HOBBIES,1568,25,24916.8984375,0.007748120697110228,rmsse,0.6412071368334572
store_cat,4,M3_FullSkuTemporalCNN,M3_FullSkuTemporalCNN,WI_2__HOUSEHOLD,1568,26,85993.5546875,0.02674042447793314,rmsse,0.9863859269603458
store_cat,4,M3_FullSkuTemporalCNN,M3_FullSkuTemporalCNN,WI_3__FOODS,1568,27,152977.359375,0.04756960611834604,rmsse,0.40372580423306137
store_cat,4,M3_FullSkuTemporalCNN,M3_FullSkuTemporalCNN,WI_3__HOBBIES,1568,28,25281.419921875,0.007861471741370881,rmsse,0.6608037000412219
store_cat,4,M3_FullSkuTemporalCNN,M3_FullSkuTemporalCNN,WI_3__HOUSEHOLD,1568,29,71430.6328125,0.022211960525121525,rmsse,0.6589095432519111
store_cat,4,M3_FullSkuTemporalCNN,M3_FullSkuTemporalCNN,CA_1__FOODS,1596,30,218156.640625,0.06756247139642138,rmsse,0.48708222139611107
store_cat,4,M3_FullSkuTemporalCNN,M3_FullSkuTemporalCNN,CA_1__HOBBIES,1596,31,62647.34375,0.019401698513715152,rmsse,0.6890777665116806
store_cat,4,M3_FullSkuTemporalCNN,M3_FullSkuTemporalCNN,CA_1__HOUSEHOLD,1596,32,111508.96875,0.03453400038629386,rmsse,0.7587534643849944
store_cat,4,M3_FullSkuTemporalCNN,M3_FullSkuTemporalCNN,CA_2__FOODS,1596,33,124184.8984375,0.03845969861157458,rmsse,1.4167317576567586
store_cat,4,M3_FullSkuTemporalCNN,M3_FullSkuTemporalCNN,CA_2__HOBBIES,1596,34,35712.88671875,0.01106017621332348,rmsse,0.6118611702067086
store_cat,4,M3_FullSkuTemporalCNN,M3_FullSkuTemporalCNN,CA_2__HOUSEHOLD,1596,35,107060.6328125,0.03315636380059106,rmsse,0.6063360115649947
store_cat,4,M3_FullSkuTemporalCNN,M3_FullSkuTemporalCNN,CA_3__FOODS,1596,36,285717.21875,0.08848578417763645,rmsse,0.7330598805333657
store_cat,4,M3_FullSkuTemporalCNN,M3_FullSkuTemporalCNN,CA_3__HOBBIES,1596,37,68288.1953125,0.021148653688909533,rmsse,0.9716632841931521
store_cat,4,M3_FullSkuTemporalCNN,M3_FullSkuTemporalCNN,CA_3__HOUSEHOLD,1596,38,198473.0625,0.06146652501477757,rmsse,0.6835519515429639
store_cat,4,M3_FullSkuTemporalCNN,M3_FullSkuTemporalCNN,CA_4__FOODS,1596,39,116616.671875,0.036115841054978406,rmsse,0.6779694246431646
store_cat,4,M3_FullSkuTemporalCNN,M3_FullSkuTemporalCNN,CA_4__HOBBIES,1596,40,39243.08203125,0.012153467341850466,rmsse,0.9304079450867357
store_cat,4,M3_FullSkuTemporalCNN,M3_FullSkuTemporalCNN,CA_4__HOUSEHOLD,1596,41,58249.5703125,0.018039720985881025,rmsse,1.0933964291138178
store_cat,4,M3_FullSkuTemporalCNN,M3_FullSkuTemporalCNN,TX_1__FOODS,1596,42,144254.125,0.04467507918258353,rmsse,0.9129187126342408
store_cat,4,M3_FullSkuTemporalCNN,M3_FullSkuTemporalCNN,TX_1__HOBBIES,1596,43,38381.20703125,0.011886547183619364,rmsse,0.8622103830833091
store_cat,4,M3_FullSkuTemporalCNN,M3_FullSkuTemporalCNN,TX_1__HOUSEHOLD,1596,44,100307.125,0.031064822249986294,rmsse,0.7119451932470872
store_cat,4,M3_FullSkuTemporalCNN,M3_FullSkuTemporalCNN,TX_2__FOODS,1596,45,172290.359375,0.05335781869304533,rmsse,0.9937684895964062
store_cat,4,M3_FullSkuTemporalCNN,M3_FullSkuTemporalCNN,TX_2__HOBBIES,1596,46,56974.41796875,0.017644810047099287,rmsse,0.9472424205989652
store_cat,4,M3_FullSkuTemporalCNN,M3_FullSkuTemporalCNN,TX_2__HOUSEHOLD,1596,47,102815.34375,0.03184161023621193,rmsse,0.6495460846531539
store_cat,4,M3_FullSkuTemporalCNN,M3_FullSkuTemporalCNN,TX_3__FOODS,1596,48,173334.609375,0.05368121985357653,rmsse,1.2855067298563074
store_cat,4,M3_FullSkuTemporalCNN,M3_FullSkuTemporalCNN,TX_3__HOBBIES,1596,49,69821.453125,0.02162349913392369,rmsse,1.2186223129261544
store_cat,4,M3_FullSkuTemporalCNN,M3_FullSkuTemporalCNN,TX_3__HOUSEHOLD,1596,50,105690.0703125,0.03273190461641051,rmsse,0.8087567995657259
store_cat,4,M3_FullSkuTemporalCNN,M3_FullSkuTemporalCNN,WI_1__FOODS,1596,51,172074.03125,0.05329082250757199,rmsse,0.5701656217407155
store_cat,4,M3_FullSkuTemporalCNN,M3_FullSkuTemporalCNN,WI_1__HOBBIES,1596,52,42553.390625,0.013178660198862826,rmsse,0.6340214856425569
store_cat,4,M3_FullSkuTemporalCNN,M3_FullSkuTemporalCNN,WI_1__HOUSEHOLD,1596,53,77409.6953125,0.023973555470844267,rmsse,0.6646236998482655
store_cat,4,M3_FullSkuTemporalCNN,M3_FullSkuTemporalCNN,WI_2__FOODS,1596,54,192405.90625,0.05958754452890338,rmsse,0.7463657342090926
store_cat,4,M3_FullSkuTemporalCNN,M3_FullSkuTemporalCNN,WI_2__HOBBIES,1596,55,27172.5703125,0.008415265284824653,rmsse,0.8792604175510802
store_cat,4,M3_FullSkuTemporalCNN,M3_FullSkuTemporalCNN,WI_2__HOUSEHOLD,1596,56,88800.015625,0.027501104245452462,rmsse,1.1831293744792222
store_cat,4,M3_FullSkuTemporalCNN,M3_FullSkuTemporalCNN,WI_3__FOODS,1596,57,138527.015625,0.04290141021599113,rmsse,0.5205770597602069
store_cat,4,M3_FullSkuTemporalCNN,M3_FullSkuTemporalCNN,WI_3__HOBBIES,1596,58,25475.140625,0.007889576291903788,rmsse,0.9351499899595771
store_cat,4,M3_FullSkuTemporalCNN,M3_FullSkuTemporalCNN,WI_3__HOUSEHOLD,1596,59,74816.171875,0.023170348873236064,rmsse,0.6530530360195248
store_cat,4,M3_FullSkuTemporalCNN,M3_FullSkuTemporalCNN,CA_1__FOODS,1624,60,220013.046875,0.06784256696116275,rmsse,0.3002854065704054
store_cat,4,M3_FullSkuTemporalCNN,M3_FullSkuTemporalCNN,CA_1__HOBBIES,1624,61,62929.06640625,0.019404619235581292,rmsse,0.6149919472260857
store_cat,4,M3_FullSkuTemporalCNN,M3_FullSkuTemporalCNN,CA_1__HOUSEHOLD,1624,62,115288.7890625,0.03555010715472609,rmsse,0.7677740251601598
store_cat,4,M3_FullSkuTemporalCNN,M3_FullSkuTemporalCNN,CA_2__FOODS,1624,63,159095.96875,0.04905835843137624,rmsse,1.0087704194673934
store_cat,4,M3_FullSkuTemporalCNN,M3_FullSkuTemporalCNN,CA_2__HOBBIES,1624,64,40058.953125,0.012352459312655899,rmsse,0.4633670020165437
store_cat,4,M3_FullSkuTemporalCNN,M3_FullSkuTemporalCNN,CA_2__HOUSEHOLD,1624,65,114994.9296875,0.03545949355426571,rmsse,0.6966461967739652
store_cat,4,M3_FullSkuTemporalCNN,M3_FullSkuTemporalCNN,CA_3__FOODS,1624,66,289613.4375,0.08930433583608938,rmsse,0.4540078334873642
store_cat,4,M3_FullSkuTemporalCNN,M3_FullSkuTemporalCNN,CA_3__HOBBIES,1624,67,66763.3359375,0.020586943152802278,rmsse,0.7894205907395339
store_cat,4,M3_FullSkuTemporalCNN,M3_FullSkuTemporalCNN,CA_3__HOUSEHOLD,1624,68,197297.125,0.06083795304040375,rmsse,0.8454275480700806
store_cat,4,M3_FullSkuTemporalCNN,M3_FullSkuTemporalCNN,CA_4__FOODS,1624,69,115117.984375,0.03549743833070138,rmsse,0.551769180304504
store_cat,4,M3_FullSkuTemporalCNN,M3_FullSkuTemporalCNN,CA_4__HOBBIES,1624,70,38451.5390625,0.011856801906341136,rmsse,1.0611054049510016
store_cat,4,M3_FullSkuTemporalCNN,M3_FullSkuTemporalCNN,CA_4__HOUSEHOLD,1624,71,58972.1171875,0.01818446617580622,rmsse,0.9167238236369344
store_cat,4,M3_FullSkuTemporalCNN,M3_FullSkuTemporalCNN,TX_1__FOODS,1624,72,142577.84375,0.043964878670505324,rmsse,0.4486963232261636
store_cat,4,M3_FullSkuTemporalCNN,M3_FullSkuTemporalCNN,TX_1__HOBBIES,1624,73,35482.73828125,0.010941351351671362,rmsse,0.6000041821096552
store_cat,4,M3_FullSkuTemporalCNN,M3_FullSkuTemporalCNN,TX_1__HOUSEHOLD,1624,74,96711.265625,0.029821597433676558,rmsse,0.5478123486605966
store_cat,4,M3_FullSkuTemporalCNN,M3_FullSkuTemporalCNN,TX_2__FOODS,1624,75,170484.6875,0.052570149779085265,rmsse,0.46631345168867816
store_cat,4,M3_FullSkuTemporalCNN,M3_FullSkuTemporalCNN,TX_2__HOBBIES,1624,76,53368.81640625,0.0164566490583447,rmsse,0.5523107299778296
store_cat,4,M3_FullSkuTemporalCNN,M3_FullSkuTemporalCNN,TX_2__HOUSEHOLD,1624,77,100137.1875,0.03087800448548404,rmsse,0.5283666775183207
store_cat,4,M3_FullSkuTemporalCNN,M3_FullSkuTemporalCNN,TX_3__FOODS,1624,78,168899.796875,0.05208143763278345,rmsse,0.5641426925204547
store_cat,4,M3_FullSkuTemporalCNN,M3_FullSkuTemporalCNN,TX_3__HOBBIES,1624,79,61914.1875,0.01909167420285396,rmsse,0.5817276070097261
store_cat,4,M3_FullSkuTemporalCNN,M3_FullSkuTemporalCNN,TX_3__HOUSEHOLD,1624,80,101344.3671875,0.031250246813594264,rmsse,0.7004346041066092
store_cat,4,M3_FullSkuTemporalCNN,M3_FullSkuTemporalCNN,WI_1__FOODS,1624,81,164837.171875,0.05082869870427261,rmsse,0.4941904946020048
store_cat,4,M3_FullSkuTemporalCNN,M3_FullSkuTemporalCNN,WI_1__HOBBIES,1624,82,42539.6328125,0.013117394302643252,rmsse,0.5260414654959755
store_cat,4,M3_FullSkuTemporalCNN,M3_FullSkuTemporalCNN,WI_1__HOUSEHOLD,1624,83,77645.03125,0.02394239026548502,rmsse,0.4697526173002055
store_cat,4,M3_FullSkuTemporalCNN,M3_FullSkuTemporalCNN,WI_2__FOODS,1624,84,189465.140625,0.05842290569686326,rmsse,0.5407790791527952
store_cat,4,M3_FullSkuTemporalCNN,M3_FullSkuTemporalCNN,WI_2__HOBBIES,1624,85,27261.52734375,0.008406283266158821,rmsse,0.6306219447635534
store_cat,4,M3_FullSkuTemporalCNN,M3_FullSkuTemporalCNN,WI_2__HOUSEHOLD,1624,86,87001.796875,0.026827614607724242,rmsse,1.1734519267617058
store_cat,4,M3_FullSkuTemporalCNN,M3_FullSkuTemporalCNN,WI_3__FOODS,1624,87,145719.78125,0.04493371714740094,rmsse,0.32753732933356405
store_cat,4,M3_FullSkuTemporalCNN,M3_FullSkuTemporalCNN,WI_3__HOBBIES,1624,88,25590.76953125,0.007891093370012273,rmsse,0.6579291222151379
store_cat,4,M3_FullSkuTemporalCNN,M3_FullSkuTemporalCNN,WI_3__HOUSEHOLD,1624,89,73416.1015625,0.022638370119528538,rmsse,0.578576242143314
store_cat,4,M3_FullSkuTemporalCNN,M3_FullSkuTemporalCNN,CA_1__FOODS,1652,90,216018.53125,0.06442420129688553,rmsse,0.3881006913634513
store_cat,4,M3_FullSkuTemporalCNN,M3_FullSkuTemporalCNN,CA_1__HOBBIES,1652,91,65447.4609375,0.019518697647878544,rmsse,0.6854145327801663
store_cat,4,M3_FullSkuTemporalCNN,M3_FullSkuTemporalCNN,CA_1__HOUSEHOLD,1652,92,119797.71875,0.035727825307384026,rmsse,0.6308421575603208
store_cat,4,M3_FullSkuTemporalCNN,M3_FullSkuTemporalCNN,CA_2__FOODS,1652,93,174231.328125,0.05196181128719119,rmsse,1.1093698102275797
store_cat,4,M3_FullSkuTemporalCNN,M3_FullSkuTemporalCNN,CA_2__HOBBIES,1652,94,41661.87109375,0.012425011660885674,rmsse,0.692170517986824
store_cat,4,M3_FullSkuTemporalCNN,M3_FullSkuTemporalCNN,CA_2__HOUSEHOLD,1652,95,125333.90625,0.0373789079985469,rmsse,0.6507145511616163
store_cat,4,M3_FullSkuTemporalCNN,M3_FullSkuTemporalCNN,CA_3__FOODS,1652,96,290598.75,0.08666660336171188,rmsse,0.46674210114325604
store_cat,4,M3_FullSkuTemporalCNN,M3_FullSkuTemporalCNN,CA_3__HOBBIES,1652,97,67250.15625,0.020056323771977337,rmsse,0.7718528988717126
store_cat,4,M3_FullSkuTemporalCNN,M3_FullSkuTemporalCNN,CA_3__HOUSEHOLD,1652,98,209033.9375,0.062341153740163614,rmsse,1.0516313164272129
store_cat,4,M3_FullSkuTemporalCNN,M3_FullSkuTemporalCNN,CA_4__FOODS,1652,99,117701.203125,0.0351025717985045,rmsse,0.6443346691092935
store_cat,4,M3_FullSkuTemporalCNN,M3_FullSkuTemporalCNN,CA_4__HOBBIES,1652,100,38269.8515625,0.011413394056508423,rmsse,0.7853715364103615
store_cat,4,M3_FullSkuTemporalCNN,M3_FullSkuTemporalCNN,CA_4__HOUSEHOLD,1652,101,59733.83984375,0.01781469811900534,rmsse,0.8666597585396113
store_cat,4,M3_FullSkuTemporalCNN,M3_FullSkuTemporalCNN,TX_1__FOODS,1652,102,151482.15625,0.04517722100351641,rmsse,0.7184075687089162
store_cat,4,M3_FullSkuTemporalCNN,M3_FullSkuTemporalCNN,TX_1__HOBBIES,1652,103,34373.328125,0.010251315929030495,rmsse,0.8116822800894256
store_cat,4,M3_FullSkuTemporalCNN,M3_FullSkuTemporalCNN,TX_1__HOUSEHOLD,1652,104,99281.828125,0.029609276774710924,rmsse,0.51885732312554
store_cat,4,M3_FullSkuTemporalCNN,M3_FullSkuTemporalCNN,TX_2__FOODS,1652,105,180129.203125,0.053720761706977774,rmsse,0.40757967341770573
store_cat,4,M3_FullSkuTemporalCNN,M3_FullSkuTemporalCNN,TX_2__HOBBIES,1652,106,53874.60546875,0.016067271670744867,rmsse,0.5704903095676254
store_cat,4,M3_FullSkuTemporalCNN,M3_FullSkuTemporalCNN,TX_2__HOUSEHOLD,1652,107,108551.953125,0.03237394884053533,rmsse,0.507547650946419
store_cat,4,M3_FullSkuTemporalCNN,M3_FullSkuTemporalCNN,TX_3__FOODS,1652,108,179456.3125,0.05352008243735707,rmsse,0.5198165045198545
store_cat,4,M3_FullSkuTemporalCNN,M3_FullSkuTemporalCNN,TX_3__HOBBIES,1652,109,59746.28125,0.017818408576881467,rmsse,0.7734678624669927
store_cat,4,M3_FullSkuTemporalCNN,M3_FullSkuTemporalCNN,TX_3__HOUSEHOLD,1652,110,104524.96875,0.03117296274692021,rmsse,0.8256352028398514
store_cat,4,M3_FullSkuTemporalCNN,M3_FullSkuTemporalCNN,WI_1__FOODS,1652,111,168893.375,0.05036984894651428,rmsse,0.6858154071177963
store_cat,4,M3_FullSkuTemporalCNN,M3_FullSkuTemporalCNN,WI_1__HOBBIES,1652,112,42655.81640625,0.012721440548352225,rmsse,0.5079166087904998
store_cat,4,M3_FullSkuTemporalCNN,M3_FullSkuTemporalCNN,WI_1__HOUSEHOLD,1652,113,79013.1484375,0.023564455098285444,rmsse,0.48195534035292026
store_cat,4,M3_FullSkuTemporalCNN,M3_FullSkuTemporalCNN,WI_2__FOODS,1652,114,197144.109375,0.05879519554816072,rmsse,0.6104980886579352
store_cat,4,M3_FullSkuTemporalCNN,M3_FullSkuTemporalCNN,WI_2__HOBBIES,1652,115,26210.8203125,0.007816973637390177,rmsse,0.8217048292540132
store_cat,4,M3_FullSkuTemporalCNN,M3_FullSkuTemporalCNN,WI_2__HOUSEHOLD,1652,116,94435.328125,0.02816388276254626,rmsse,1.2243616954801553
store_cat,4,M3_FullSkuTemporalCNN,M3_FullSkuTemporalCNN,WI_3__FOODS,1652,117,149557.390625,0.04460318928801133,rmsse,0.3224573683522922
store_cat,4,M3_FullSkuTemporalCNN,M3_FullSkuTemporalCNN,WI_3__HOBBIES,1652,118,23851.12890625,0.007113232003396538,rmsse,0.7176441411688637
store_cat,4,M3_FullSkuTemporalCNN,M3_FullSkuTemporalCNN,WI_3__HOUSEHOLD,1652,119,74804.640625,0.02230933243402552,rmsse,0.7359128960908874
store_cat,4,M3_FullSkuTemporalCNN_Q,M3_FullSkuTemporalCNN,CA_1__FOODS,1568,0,227606.21875,0.07077608229256054,mean_spl,0.10460781804135724
store_cat,4,M3_FullSkuTemporalCNN_Q,M3_FullSkuTemporalCNN,CA_1__HOBBIES,1568,1,61449.91015625,0.019108370245657893,mean_spl,0.1335907602495283
store_cat,4,M3_FullSkuTemporalCNN_Q,M3_FullSkuTemporalCNN,CA_1__HOUSEHOLD,1568,2,110681.0859375,0.03441722150459681,mean_spl,0.12458640384778875
store_cat,4,M3_FullSkuTemporalCNN_Q,M3_FullSkuTemporalCNN,CA_2__FOODS,1568,3,94507.7265625,0.029387978365465067,mean_spl,0.3943744494545978
store_cat,4,M3_FullSkuTemporalCNN_Q,M3_FullSkuTemporalCNN,CA_2__HOBBIES,1568,4,32681.55078125,0.010162605135507732,mean_spl,0.13970300822488058
store_cat,4,M3_FullSkuTemporalCNN_Q,M3_FullSkuTemporalCNN,CA_2__HOUSEHOLD,1568,5,97190.0234375,0.03022206130661088,mean_spl,0.11209538827745205
store_cat,4,M3_FullSkuTemporalCNN_Q,M3_FullSkuTemporalCNN,CA_3__FOODS,1568,6,286386.625,0.08905434767910389,mean_spl,0.160713167887731
store_cat,4,M3_FullSkuTemporalCNN_Q,M3_FullSkuTemporalCNN,CA_3__HOBBIES,1568,7,66306.0390625,0.020618424676418178,mean_spl,0.18917934813398615
store_cat,4,M3_FullSkuTemporalCNN_Q,M3_FullSkuTemporalCNN,CA_3__HOUSEHOLD,1568,8,190131.015625,0.059122850342783584,mean_spl,0.17133850460495592
store_cat,4,M3_FullSkuTemporalCNN_Q,M3_FullSkuTemporalCNN,CA_4__FOODS,1568,9,122596.9609375,0.038122563802445886,mean_spl,0.19470807038549742
store_cat,4,M3_FullSkuTemporalCNN_Q,M3_FullSkuTemporalCNN,CA_4__HOBBIES,1568,10,38498.52734375,0.011971443286514517,mean_spl,0.2454887929009249
store_cat,4,M3_FullSkuTemporalCNN_Q,M3_FullSkuTemporalCNN,CA_4__HOUSEHOLD,1568,11,57504.91796875,0.017881641497913568,mean_spl,0.289042155479177
store_cat,4,M3_FullSkuTemporalCNN_Q,M3_FullSkuTemporalCNN,TX_1__FOODS,1568,12,143759.71875,0.04470330266231075,mean_spl,0.1301142631065783
store_cat,4,M3_FullSkuTemporalCNN_Q,M3_FullSkuTemporalCNN,TX_1__HOBBIES,1568,13,36857.09765625,0.011461026816885643,mean_spl,0.2186256949986407
store_cat,4,M3_FullSkuTemporalCNN_Q,M3_FullSkuTemporalCNN,TX_1__HOUSEHOLD,1568,14,94760.015625,0.029466429787166445,mean_spl,0.18947633153875643
store_cat,4,M3_FullSkuTemporalCNN_Q,M3_FullSkuTemporalCNN,TX_2__FOODS,1568,15,175913.21875,0.05470170593306429,mean_spl,0.08106148228423551
store_cat,4,M3_FullSkuTemporalCNN_Q,M3_FullSkuTemporalCNN,TX_2__HOBBIES,1568,16,55974.640625,0.01740578879139919,mean_spl,0.1557839400617625
store_cat,4,M3_FullSkuTemporalCNN_Q,M3_FullSkuTemporalCNN,TX_2__HOUSEHOLD,1568,17,102344.765625,0.031824972067411146,mean_spl,0.10080923915848355
store_cat,4,M3_FullSkuTemporalCNN_Q,M3_FullSkuTemporalCNN,TX_3__FOODS,1568,18,185515.796875,0.05768770896640953,mean_spl,0.14180759209880295
store_cat,4,M3_FullSkuTemporalCNN_Q,M3_FullSkuTemporalCNN,TX_3__HOBBIES,1568,19,71178.390625,0.02213352367959858,mean_spl,0.21504204586280895
store_cat,4,M3_FullSkuTemporalCNN_Q,M3_FullSkuTemporalCNN,TX_3__HOUSEHOLD,1568,20,104345.796875,0.03244720968990574,mean_spl,0.16203104894773665
store_cat,4,M3_FullSkuTemporalCNN_Q,M3_FullSkuTemporalCNN,WI_1__FOODS,1568,21,171597.125,0.05335958001001147,mean_spl,0.1631406294049003
store_cat,4,M3_FullSkuTemporalCNN_Q,M3_FullSkuTemporalCNN,WI_1__HOBBIES,1568,22,42377.875,0.013177759311041865,mean_spl,0.10985223939073786
store_cat,4,M3_FullSkuTemporalCNN_Q,M3_FullSkuTemporalCNN,WI_1__HOUSEHOLD,1568,23,74826.484375,0.02326792934249735,mean_spl,0.13120322635441545
store_cat,4,M3_FullSkuTemporalCNN_Q,M3_FullSkuTemporalCNN,WI_2__FOODS,1568,24,210272.09375,0.06538588924683765,mean_spl,0.15751345333822125
store_cat,4,M3_FullSkuTemporalCNN_Q,M3_FullSkuTemporalCNN,WI_2__HOBBIES,1568,25,24916.8984375,0.007748120697110228,mean_spl,0.17273700785850188
store_cat,4,M3_FullSkuTemporalCNN_Q,M3_FullSkuTemporalCNN,WI_2__HOUSEHOLD,1568,26,85993.5546875,0.02674042447793314,mean_spl,0.26190563631869934
store_cat,4,M3_FullSkuTemporalCNN_Q,M3_FullSkuTemporalCNN,WI_3__FOODS,1568,27,152977.359375,0.04756960611834604,mean_spl,0.11212335340891068
store_cat,4,M3_FullSkuTemporalCNN_Q,M3_FullSkuTemporalCNN,WI_3__HOBBIES,1568,28,25281.419921875,0.007861471741370881,mean_spl,0.1862488798980939
store_cat,4,M3_FullSkuTemporalCNN_Q,M3_FullSkuTemporalCNN,WI_3__HOUSEHOLD,1568,29,71430.6328125,0.022211960525121525,mean_spl,0.13236964105961557
store_cat,4,M3_FullSkuTemporalCNN_Q,M3_FullSkuTemporalCNN,CA_1__FOODS,1596,30,218156.640625,0.06756247139642138,mean_spl,0.12366628639760736
store_cat,4,M3_FullSkuTemporalCNN_Q,M3_FullSkuTemporalCNN,CA_1__HOBBIES,1596,31,62647.34375,0.019401698513715152,mean_spl,0.16536591267892142
store_cat,4,M3_FullSkuTemporalCNN_Q,M3_FullSkuTemporalCNN,CA_1__HOUSEHOLD,1596,32,111508.96875,0.03453400038629386,mean_spl,0.17164963171290462
store_cat,4,M3_FullSkuTemporalCNN_Q,M3_FullSkuTemporalCNN,CA_2__FOODS,1596,33,124184.8984375,0.03845969861157458,mean_spl,0.35692472679976067
store_cat,4,M3_FullSkuTemporalCNN_Q,M3_FullSkuTemporalCNN,CA_2__HOBBIES,1596,34,35712.88671875,0.01106017621332348,mean_spl,0.15370003067348592
store_cat,4,M3_FullSkuTemporalCNN_Q,M3_FullSkuTemporalCNN,CA_2__HOUSEHOLD,1596,35,107060.6328125,0.03315636380059106,mean_spl,0.1214955910529272
store_cat,4,M3_FullSkuTemporalCNN_Q,M3_FullSkuTemporalCNN,CA_3__FOODS,1596,36,285717.21875,0.08848578417763645,mean_spl,0.18629559994075823
store_cat,4,M3_FullSkuTemporalCNN_Q,M3_FullSkuTemporalCNN,CA_3__HOBBIES,1596,37,68288.1953125,0.021148653688909533,mean_spl,0.2424280395938784
store_cat,4,M3_FullSkuTemporalCNN_Q,M3_FullSkuTemporalCNN,CA_3__HOUSEHOLD,1596,38,198473.0625,0.06146652501477757,mean_spl,0.1733186453254002
store_cat,4,M3_FullSkuTemporalCNN_Q,M3_FullSkuTemporalCNN,CA_4__FOODS,1596,39,116616.671875,0.036115841054978406,mean_spl,0.1591482885907464
store_cat,4,M3_FullSkuTemporalCNN_Q,M3_FullSkuTemporalCNN,CA_4__HOBBIES,1596,40,39243.08203125,0.012153467341850466,mean_spl,0.21583003246966298
store_cat,4,M3_FullSkuTemporalCNN_Q,M3_FullSkuTemporalCNN,CA_4__HOUSEHOLD,1596,41,58249.5703125,0.018039720985881025,mean_spl,0.26661270979619656
store_cat,4,M3_FullSkuTemporalCNN_Q,M3_FullSkuTemporalCNN,TX_1__FOODS,1596,42,144254.125,0.04467507918258353,mean_spl,0.20183845817933507
store_cat,4,M3_FullSkuTemporalCNN_Q,M3_FullSkuTemporalCNN,TX_1__HOBBIES,1596,43,38381.20703125,0.011886547183619364,mean_spl,0.2342876114941469
store_cat,4,M3_FullSkuTemporalCNN_Q,M3_FullSkuTemporalCNN,TX_1__HOUSEHOLD,1596,44,100307.125,0.031064822249986294,mean_spl,0.16255585857641344
store_cat,4,M3_FullSkuTemporalCNN_Q,M3_FullSkuTemporalCNN,TX_2__FOODS,1596,45,172290.359375,0.05335781869304533,mean_spl,0.2149194209491997
store_cat,4,M3_FullSkuTemporalCNN_Q,M3_FullSkuTemporalCNN,TX_2__HOBBIES,1596,46,56974.41796875,0.017644810047099287,mean_spl,0.2352199980557311
store_cat,4,M3_FullSkuTemporalCNN_Q,M3_FullSkuTemporalCNN,TX_2__HOUSEHOLD,1596,47,102815.34375,0.03184161023621193,mean_spl,0.19401482353890015
store_cat,4,M3_FullSkuTemporalCNN_Q,M3_FullSkuTemporalCNN,TX_3__FOODS,1596,48,173334.609375,0.05368121985357653,mean_spl,0.2497890730131785
store_cat,4,M3_FullSkuTemporalCNN_Q,M3_FullSkuTemporalCNN,TX_3__HOBBIES,1596,49,69821.453125,0.02162349913392369,mean_spl,0.30690355955360904
store_cat,4,M3_FullSkuTemporalCNN_Q,M3_FullSkuTemporalCNN,TX_3__HOUSEHOLD,1596,50,105690.0703125,0.03273190461641051,mean_spl,0.2392664405775433
store_cat,4,M3_FullSkuTemporalCNN_Q,M3_FullSkuTemporalCNN,WI_1__FOODS,1596,51,172074.03125,0.05329082250757199,mean_spl,0.16698629023283285
store_cat,4,M3_FullSkuTemporalCNN_Q,M3_FullSkuTemporalCNN,WI_1__HOBBIES,1596,52,42553.390625,0.013178660198862826,mean_spl,0.16084241855499015
store_cat,4,M3_FullSkuTemporalCNN_Q,M3_FullSkuTemporalCNN,WI_1__HOUSEHOLD,1596,53,77409.6953125,0.023973555470844267,mean_spl,0.19037752891741716
store_cat,4,M3_FullSkuTemporalCNN_Q,M3_FullSkuTemporalCNN,WI_2__FOODS,1596,54,192405.90625,0.05958754452890338,mean_spl,0.19174333936062482
store_cat,4,M3_FullSkuTemporalCNN_Q,M3_FullSkuTemporalCNN,WI_2__HOBBIES,1596,55,27172.5703125,0.008415265284824653,mean_spl,0.23174048990694704
store_cat,4,M3_FullSkuTemporalCNN_Q,M3_FullSkuTemporalCNN,WI_2__HOUSEHOLD,1596,56,88800.015625,0.027501104245452462,mean_spl,0.34127995809336986
store_cat,4,M3_FullSkuTemporalCNN_Q,M3_FullSkuTemporalCNN,WI_3__FOODS,1596,57,138527.015625,0.04290141021599113,mean_spl,0.10817180640149908
store_cat,4,M3_FullSkuTemporalCNN_Q,M3_FullSkuTemporalCNN,WI_3__HOBBIES,1596,58,25475.140625,0.007889576291903788,mean_spl,0.23655523124905276
store_cat,4,M3_FullSkuTemporalCNN_Q,M3_FullSkuTemporalCNN,WI_3__HOUSEHOLD,1596,59,74816.171875,0.023170348873236064,mean_spl,0.17189146604009176
store_cat,4,M3_FullSkuTemporalCNN_Q,M3_FullSkuTemporalCNN,CA_1__FOODS,1624,60,220013.046875,0.06784256696116275,mean_spl,0.07949211943385819
store_cat,4,M3_FullSkuTemporalCNN_Q,M3_FullSkuTemporalCNN,CA_1__HOBBIES,1624,61,62929.06640625,0.019404619235581292,mean_spl,0.15694602837408647
store_cat,4,M3_FullSkuTemporalCNN_Q,M3_FullSkuTemporalCNN,CA_1__HOUSEHOLD,1624,62,115288.7890625,0.03555010715472609,mean_spl,0.17240340079657332
store_cat,4,M3_FullSkuTemporalCNN_Q,M3_FullSkuTemporalCNN,CA_2__FOODS,1624,63,159095.96875,0.04905835843137624,mean_spl,0.27105402417829866
store_cat,4,M3_FullSkuTemporalCNN_Q,M3_FullSkuTemporalCNN,CA_2__HOBBIES,1624,64,40058.953125,0.012352459312655899,mean_spl,0.12116753335174302
store_cat,4,M3_FullSkuTemporalCNN_Q,M3_FullSkuTemporalCNN,CA_2__HOUSEHOLD,1624,65,114994.9296875,0.03545949355426571,mean_spl,0.1582417386246824
store_cat,4,M3_FullSkuTemporalCNN_Q,M3_FullSkuTemporalCNN,CA_3__FOODS,1624,66,289613.4375,0.08930433583608938,mean_spl,0.11813109802661922
store_cat,4,M3_FullSkuTemporalCNN_Q,M3_FullSkuTemporalCNN,CA_3__HOBBIES,1624,67,66763.3359375,0.020586943152802278,mean_spl,0.1886598730632548
store_cat,4,M3_FullSkuTemporalCNN_Q,M3_FullSkuTemporalCNN,CA_3__HOUSEHOLD,1624,68,197297.125,0.06083795304040375,mean_spl,0.19112730411565526
store_cat,4,M3_FullSkuTemporalCNN_Q,M3_FullSkuTemporalCNN,CA_4__FOODS,1624,69,115117.984375,0.03549743833070138,mean_spl,0.13138443569118155
store_cat,4,M3_FullSkuTemporalCNN_Q,M3_FullSkuTemporalCNN,CA_4__HOBBIES,1624,70,38451.5390625,0.011856801906341136,mean_spl,0.24739232807924003
store_cat,4,M3_FullSkuTemporalCNN_Q,M3_FullSkuTemporalCNN,CA_4__HOUSEHOLD,1624,71,58972.1171875,0.01818446617580622,mean_spl,0.2211538859978358
store_cat,4,M3_FullSkuTemporalCNN_Q,M3_FullSkuTemporalCNN,TX_1__FOODS,1624,72,142577.84375,0.043964878670505324,mean_spl,0.11497765220131277
store_cat,4,M3_FullSkuTemporalCNN_Q,M3_FullSkuTemporalCNN,TX_1__HOBBIES,1624,73,35482.73828125,0.010941351351671362,mean_spl,0.16921537330181835
store_cat,4,M3_FullSkuTemporalCNN_Q,M3_FullSkuTemporalCNN,TX_1__HOUSEHOLD,1624,74,96711.265625,0.029821597433676558,mean_spl,0.12999368796158534
store_cat,4,M3_FullSkuTemporalCNN_Q,M3_FullSkuTemporalCNN,TX_2__FOODS,1624,75,170484.6875,0.052570149779085265,mean_spl,0.11180559722681765
store_cat,4,M3_FullSkuTemporalCNN_Q,M3_FullSkuTemporalCNN,TX_2__HOBBIES,1624,76,53368.81640625,0.0164566490583447,mean_spl,0.1523424364739858
store_cat,4,M3_FullSkuTemporalCNN_Q,M3_FullSkuTemporalCNN,TX_2__HOUSEHOLD,1624,77,100137.1875,0.03087800448548404,mean_spl,0.12122558324204324
store_cat,4,M3_FullSkuTemporalCNN_Q,M3_FullSkuTemporalCNN,TX_3__FOODS,1624,78,168899.796875,0.05208143763278345,mean_spl,0.12685133896721487
store_cat,4,M3_FullSkuTemporalCNN_Q,M3_FullSkuTemporalCNN,TX_3__HOBBIES,1624,79,61914.1875,0.01909167420285396,mean_spl,0.18362547585859987
store_cat,4,M3_FullSkuTemporalCNN_Q,M3_FullSkuTemporalCNN,TX_3__HOUSEHOLD,1624,80,101344.3671875,0.031250246813594264,mean_spl,0.19221692747949065
store_cat,4,M3_FullSkuTemporalCNN_Q,M3_FullSkuTemporalCNN,WI_1__FOODS,1624,81,164837.171875,0.05082869870427261,mean_spl,0.15051797659531882
store_cat,4,M3_FullSkuTemporalCNN_Q,M3_FullSkuTemporalCNN,WI_1__HOBBIES,1624,82,42539.6328125,0.013117394302643252,mean_spl,0.12750153121470875
store_cat,4,M3_FullSkuTemporalCNN_Q,M3_FullSkuTemporalCNN,WI_1__HOUSEHOLD,1624,83,77645.03125,0.02394239026548502,mean_spl,0.11196256506054479
store_cat,4,M3_FullSkuTemporalCNN_Q,M3_FullSkuTemporalCNN,WI_2__FOODS,1624,84,189465.140625,0.05842290569686326,mean_spl,0.1205399520587265
store_cat,4,M3_FullSkuTemporalCNN_Q,M3_FullSkuTemporalCNN,WI_2__HOBBIES,1624,85,27261.52734375,0.008406283266158821,mean_spl,0.1827873474047902
store_cat,4,M3_FullSkuTemporalCNN_Q,M3_FullSkuTemporalCNN,WI_2__HOUSEHOLD,1624,86,87001.796875,0.026827614607724242,mean_spl,0.317396372016842
store_cat,4,M3_FullSkuTemporalCNN_Q,M3_FullSkuTemporalCNN,WI_3__FOODS,1624,87,145719.78125,0.04493371714740094,mean_spl,0.07377458919376782
store_cat,4,M3_FullSkuTemporalCNN_Q,M3_FullSkuTemporalCNN,WI_3__HOBBIES,1624,88,25590.76953125,0.007891093370012273,mean_spl,0.18017268838866882
store_cat,4,M3_FullSkuTemporalCNN_Q,M3_FullSkuTemporalCNN,WI_3__HOUSEHOLD,1624,89,73416.1015625,0.022638370119528538,mean_spl,0.121529218490266
store_cat,4,M3_FullSkuTemporalCNN_Q,M3_FullSkuTemporalCNN,CA_1__FOODS,1652,90,216018.53125,0.06442420129688553,mean_spl,0.09540729788523311
store_cat,4,M3_FullSkuTemporalCNN_Q,M3_FullSkuTemporalCNN,CA_1__HOBBIES,1652,91,65447.4609375,0.019518697647878544,mean_spl,0.1676377144662786
store_cat,4,M3_FullSkuTemporalCNN_Q,M3_FullSkuTemporalCNN,CA_1__HOUSEHOLD,1652,92,119797.71875,0.035727825307384026,mean_spl,0.15223453594893124
store_cat,4,M3_FullSkuTemporalCNN_Q,M3_FullSkuTemporalCNN,CA_2__FOODS,1652,93,174231.328125,0.05196181128719119,mean_spl,0.2027821061336056
store_cat,4,M3_FullSkuTemporalCNN_Q,M3_FullSkuTemporalCNN,CA_2__HOBBIES,1652,94,41661.87109375,0.012425011660885674,mean_spl,0.1600426510189512
store_cat,4,M3_FullSkuTemporalCNN_Q,M3_FullSkuTemporalCNN,CA_2__HOUSEHOLD,1652,95,125333.90625,0.0373789079985469,mean_spl,0.13814527644086952
store_cat,4,M3_FullSkuTemporalCNN_Q,M3_FullSkuTemporalCNN,CA_3__FOODS,1652,96,290598.75,0.08666660336171188,mean_spl,0.11307627165074718
store_cat,4,M3_FullSkuTemporalCNN_Q,M3_FullSkuTemporalCNN,CA_3__HOBBIES,1652,97,67250.15625,0.020056323771977337,mean_spl,0.17947485194630974
store_cat,4,M3_FullSkuTemporalCNN_Q,M3_FullSkuTemporalCNN,CA_3__HOUSEHOLD,1652,98,209033.9375,0.062341153740163614,mean_spl,0.20996830204295783
store_cat,4,M3_FullSkuTemporalCNN_Q,M3_FullSkuTemporalCNN,CA_4__FOODS,1652,99,117701.203125,0.0351025717985045,mean_spl,0.1312466030024553
store_cat,4,M3_FullSkuTemporalCNN_Q,M3_FullSkuTemporalCNN,CA_4__HOBBIES,1652,100,38269.8515625,0.011413394056508423,mean_spl,0.18592737893458378
store_cat,4,M3_FullSkuTemporalCNN_Q,M3_FullSkuTemporalCNN,CA_4__HOUSEHOLD,1652,101,59733.83984375,0.01781469811900534,mean_spl,0.25552416977757647
store_cat,4,M3_FullSkuTemporalCNN_Q,M3_FullSkuTemporalCNN,TX_1__FOODS,1652,102,151482.15625,0.04517722100351641,mean_spl,0.24546672082024898
store_cat,4,M3_FullSkuTemporalCNN_Q,M3_FullSkuTemporalCNN,TX_1__HOBBIES,1652,103,34373.328125,0.010251315929030495,mean_spl,0.22200961012016762
store_cat,4,M3_FullSkuTemporalCNN_Q,M3_FullSkuTemporalCNN,TX_1__HOUSEHOLD,1652,104,99281.828125,0.029609276774710924,mean_spl,0.1581383313931305
store_cat,4,M3_FullSkuTemporalCNN_Q,M3_FullSkuTemporalCNN,TX_2__FOODS,1652,105,180129.203125,0.053720761706977774,mean_spl,0.11592354818216795
store_cat,4,M3_FullSkuTemporalCNN_Q,M3_FullSkuTemporalCNN,TX_2__HOBBIES,1652,106,53874.60546875,0.016067271670744867,mean_spl,0.14944741363572236
store_cat,4,M3_FullSkuTemporalCNN_Q,M3_FullSkuTemporalCNN,TX_2__HOUSEHOLD,1652,107,108551.953125,0.03237394884053533,mean_spl,0.12650735899376486
store_cat,4,M3_FullSkuTemporalCNN_Q,M3_FullSkuTemporalCNN,TX_3__FOODS,1652,108,179456.3125,0.05352008243735707,mean_spl,0.1407084548902704
store_cat,4,M3_FullSkuTemporalCNN_Q,M3_FullSkuTemporalCNN,TX_3__HOBBIES,1652,109,59746.28125,0.017818408576881467,mean_spl,0.2177984273047936
store_cat,4,M3_FullSkuTemporalCNN_Q,M3_FullSkuTemporalCNN,TX_3__HOUSEHOLD,1652,110,104524.96875,0.03117296274692021,mean_spl,0.19117882247385978
store_cat,4,M3_FullSkuTemporalCNN_Q,M3_FullSkuTemporalCNN,WI_1__FOODS,1652,111,168893.375,0.05036984894651428,mean_spl,0.25657783362288494
store_cat,4,M3_FullSkuTemporalCNN_Q,M3_FullSkuTemporalCNN,WI_1__HOBBIES,1652,112,42655.81640625,0.012721440548352225,mean_spl,0.12542037058752323
store_cat,4,M3_FullSkuTemporalCNN_Q,M3_FullSkuTemporalCNN,WI_1__HOUSEHOLD,1652,113,79013.1484375,0.023564455098285444,mean_spl,0.15246741694812452
store_cat,4,M3_FullSkuTemporalCNN_Q,M3_FullSkuTemporalCNN,WI_2__FOODS,1652,114,197144.109375,0.05879519554816072,mean_spl,0.1347731214927544
store_cat,4,M3_FullSkuTemporalCNN_Q,M3_FullSkuTemporalCNN,WI_2__HOBBIES,1652,115,26210.8203125,0.007816973637390177,mean_spl,0.22605472238568394
store_cat,4,M3_FullSkuTemporalCNN_Q,M3_FullSkuTemporalCNN,WI_2__HOUSEHOLD,1652,116,94435.328125,0.02816388276254626,mean_spl,0.3513905455241784
store_cat,4,M3_FullSkuTemporalCNN_Q,M3_FullSkuTemporalCNN,WI_3__FOODS,1652,117,149557.390625,0.04460318928801133,mean_spl,0.08921297747821809
store_cat,4,M3_FullSkuTemporalCNN_Q,M3_FullSkuTemporalCNN,WI_3__HOBBIES,1652,118,23851.12890625,0.007113232003396538,mean_spl,0.19176321706688954
store_cat,4,M3_FullSkuTemporalCNN_Q,M3_FullSkuTemporalCNN,WI_3__HOUSEHOLD,1652,119,74804.640625,0.02230933243402552,mean_spl,0.2644291035797566
store_cat,5,M3_FullSkuTemporalCNN,M3_FullSkuTemporalCNN,CA_1__FOODS,1624,0,220013.046875,0.06784256696116275,rmsse,0.2715776035388208
store_cat,5,M3_FullSkuTemporalCNN,M3_FullSkuTemporalCNN,CA_1__HOBBIES,1624,1,62929.06640625,0.019404619235581292,rmsse,0.577540537574983
store_cat,5,M3_FullSkuTemporalCNN,M3_FullSkuTemporalCNN,CA_1__HOUSEHOLD,1624,2,115288.7890625,0.03555010715472609,rmsse,0.6748369817321446
store_cat,5,M3_FullSkuTemporalCNN,M3_FullSkuTemporalCNN,CA_2__FOODS,1624,3,159095.96875,0.04905835843137624,rmsse,1.0712230864666237
store_cat,5,M3_FullSkuTemporalCNN,M3_FullSkuTemporalCNN,CA_2__HOBBIES,1624,4,40058.953125,0.012352459312655899,rmsse,0.5478392169025617
store_cat,5,M3_FullSkuTemporalCNN,M3_FullSkuTemporalCNN,CA_2__HOUSEHOLD,1624,5,114994.9296875,0.03545949355426571,rmsse,0.6043574204961855
store_cat,5,M3_FullSkuTemporalCNN,M3_FullSkuTemporalCNN,CA_3__FOODS,1624,6,289613.4375,0.08930433583608938,rmsse,0.3843422224516624
store_cat,5,M3_FullSkuTemporalCNN,M3_FullSkuTemporalCNN,CA_3__HOBBIES,1624,7,66763.3359375,0.020586943152802278,rmsse,0.7151358369444697
store_cat,5,M3_FullSkuTemporalCNN,M3_FullSkuTemporalCNN,CA_3__HOUSEHOLD,1624,8,197297.125,0.06083795304040375,rmsse,0.9030894386088419
store_cat,5,M3_FullSkuTemporalCNN,M3_FullSkuTemporalCNN,CA_4__FOODS,1624,9,115117.984375,0.03549743833070138,rmsse,0.5634859560527745
store_cat,5,M3_FullSkuTemporalCNN,M3_FullSkuTemporalCNN,CA_4__HOBBIES,1624,10,38451.5390625,0.011856801906341136,rmsse,0.9785340881059292
store_cat,5,M3_FullSkuTemporalCNN,M3_FullSkuTemporalCNN,CA_4__HOUSEHOLD,1624,11,58972.1171875,0.01818446617580622,rmsse,0.9809208269835927
store_cat,5,M3_FullSkuTemporalCNN,M3_FullSkuTemporalCNN,TX_1__FOODS,1624,12,142577.84375,0.043964878670505324,rmsse,0.5396585403868818
store_cat,5,M3_FullSkuTemporalCNN,M3_FullSkuTemporalCNN,TX_1__HOBBIES,1624,13,35482.73828125,0.010941351351671362,rmsse,0.5999095056994475
store_cat,5,M3_FullSkuTemporalCNN,M3_FullSkuTemporalCNN,TX_1__HOUSEHOLD,1624,14,96711.265625,0.029821597433676558,rmsse,0.4898451484194968
store_cat,5,M3_FullSkuTemporalCNN,M3_FullSkuTemporalCNN,TX_2__FOODS,1624,15,170484.6875,0.052570149779085265,rmsse,0.4212624144919468
store_cat,5,M3_FullSkuTemporalCNN,M3_FullSkuTemporalCNN,TX_2__HOBBIES,1624,16,53368.81640625,0.0164566490583447,rmsse,0.5022113639335145
store_cat,5,M3_FullSkuTemporalCNN,M3_FullSkuTemporalCNN,TX_2__HOUSEHOLD,1624,17,100137.1875,0.03087800448548404,rmsse,0.4325313313401469
store_cat,5,M3_FullSkuTemporalCNN,M3_FullSkuTemporalCNN,TX_3__FOODS,1624,18,168899.796875,0.05208143763278345,rmsse,0.5240340872854828
store_cat,5,M3_FullSkuTemporalCNN,M3_FullSkuTemporalCNN,TX_3__HOBBIES,1624,19,61914.1875,0.01909167420285396,rmsse,0.5329738500876827
store_cat,5,M3_FullSkuTemporalCNN,M3_FullSkuTemporalCNN,TX_3__HOUSEHOLD,1624,20,101344.3671875,0.031250246813594264,rmsse,0.6659335678121401
store_cat,5,M3_FullSkuTemporalCNN,M3_FullSkuTemporalCNN,WI_1__FOODS,1624,21,164837.171875,0.05082869870427261,rmsse,0.5799442175701442
store_cat,5,M3_FullSkuTemporalCNN,M3_FullSkuTemporalCNN,WI_1__HOBBIES,1624,22,42539.6328125,0.013117394302643252,rmsse,0.5432466062824225
store_cat,5,M3_FullSkuTemporalCNN,M3_FullSkuTemporalCNN,WI_1__HOUSEHOLD,1624,23,77645.03125,0.02394239026548502,rmsse,0.501317438496804
store_cat,5,M3_FullSkuTemporalCNN,M3_FullSkuTemporalCNN,WI_2__FOODS,1624,24,189465.140625,0.05842290569686326,rmsse,0.5615807651707606
store_cat,5,M3_FullSkuTemporalCNN,M3_FullSkuTemporalCNN,WI_2__HOBBIES,1624,25,27261.52734375,0.008406283266158821,rmsse,0.6419474270162798
store_cat,5,M3_FullSkuTemporalCNN,M3_FullSkuTemporalCNN,WI_2__HOUSEHOLD,1624,26,87001.796875,0.026827614607724242,rmsse,1.105959484071289
store_cat,5,M3_FullSkuTemporalCNN,M3_FullSkuTemporalCNN,WI_3__FOODS,1624,27,145719.78125,0.04493371714740094,rmsse,0.3672884895198169
store_cat,5,M3_FullSkuTemporalCNN,M3_FullSkuTemporalCNN,WI_3__HOBBIES,1624,28,25590.76953125,0.007891093370012273,rmsse,0.5977524848351297
store_cat,5,M3_FullSkuTemporalCNN,M3_FullSkuTemporalCNN,WI_3__HOUSEHOLD,1624,29,73416.1015625,0.022638370119528538,rmsse,0.6134164300955702
store_cat,5,M3_FullSkuTemporalCNN,M3_FullSkuTemporalCNN,CA_1__FOODS,1652,30,216018.53125,0.06442420129688553,rmsse,0.4017158128715212
store_cat,5,M3_FullSkuTemporalCNN,M3_FullSkuTemporalCNN,CA_1__HOBBIES,1652,31,65447.4609375,0.019518697647878544,rmsse,0.6075127975404068
store_cat,5,M3_FullSkuTemporalCNN,M3_FullSkuTemporalCNN,CA_1__HOUSEHOLD,1652,32,119797.71875,0.035727825307384026,rmsse,0.6319260521096708
store_cat,5,M3_FullSkuTemporalCNN,M3_FullSkuTemporalCNN,CA_2__FOODS,1652,33,174231.328125,0.05196181128719119,rmsse,1.1163871139943913
store_cat,5,M3_FullSkuTemporalCNN,M3_FullSkuTemporalCNN,CA_2__HOBBIES,1652,34,41661.87109375,0.012425011660885674,rmsse,0.6810241278558854
store_cat,5,M3_FullSkuTemporalCNN,M3_FullSkuTemporalCNN,CA_2__HOUSEHOLD,1652,35,125333.90625,0.0373789079985469,rmsse,0.647709868158446
store_cat,5,M3_FullSkuTemporalCNN,M3_FullSkuTemporalCNN,CA_3__FOODS,1652,36,290598.75,0.08666660336171188,rmsse,0.46275792576909286
store_cat,5,M3_FullSkuTemporalCNN,M3_FullSkuTemporalCNN,CA_3__HOBBIES,1652,37,67250.15625,0.020056323771977337,rmsse,0.7301153716166967
store_cat,5,M3_FullSkuTemporalCNN,M3_FullSkuTemporalCNN,CA_3__HOUSEHOLD,1652,38,209033.9375,0.062341153740163614,rmsse,1.0504391414877392
store_cat,5,M3_FullSkuTemporalCNN,M3_FullSkuTemporalCNN,CA_4__FOODS,1652,39,117701.203125,0.0351025717985045,rmsse,0.5590520217430519
store_cat,5,M3_FullSkuTemporalCNN,M3_FullSkuTemporalCNN,CA_4__HOBBIES,1652,40,38269.8515625,0.011413394056508423,rmsse,0.743459885422403
store_cat,5,M3_FullSkuTemporalCNN,M3_FullSkuTemporalCNN,CA_4__HOUSEHOLD,1652,41,59733.83984375,0.01781469811900534,rmsse,0.8846553807009859
store_cat,5,M3_FullSkuTemporalCNN,M3_FullSkuTemporalCNN,TX_1__FOODS,1652,42,151482.15625,0.04517722100351641,rmsse,0.6671563444121846
store_cat,5,M3_FullSkuTemporalCNN,M3_FullSkuTemporalCNN,TX_1__HOBBIES,1652,43,34373.328125,0.010251315929030495,rmsse,0.7338919650602296
store_cat,5,M3_FullSkuTemporalCNN,M3_FullSkuTemporalCNN,TX_1__HOUSEHOLD,1652,44,99281.828125,0.029609276774710924,rmsse,0.5728909963664812
store_cat,5,M3_FullSkuTemporalCNN,M3_FullSkuTemporalCNN,TX_2__FOODS,1652,45,180129.203125,0.053720761706977774,rmsse,0.42268317619503226
store_cat,5,M3_FullSkuTemporalCNN,M3_FullSkuTemporalCNN,TX_2__HOBBIES,1652,46,53874.60546875,0.016067271670744867,rmsse,0.5034413760312709
store_cat,5,M3_FullSkuTemporalCNN,M3_FullSkuTemporalCNN,TX_2__HOUSEHOLD,1652,47,108551.953125,0.03237394884053533,rmsse,0.4303895655749163
store_cat,5,M3_FullSkuTemporalCNN,M3_FullSkuTemporalCNN,TX_3__FOODS,1652,48,179456.3125,0.05352008243735707,rmsse,0.49655576778989907
store_cat,5,M3_FullSkuTemporalCNN,M3_FullSkuTemporalCNN,TX_3__HOBBIES,1652,49,59746.28125,0.017818408576881467,rmsse,0.6879132045410532
store_cat,5,M3_FullSkuTemporalCNN,M3_FullSkuTemporalCNN,TX_3__HOUSEHOLD,1652,50,104524.96875,0.03117296274692021,rmsse,0.7423224401776489
store_cat,5,M3_FullSkuTemporalCNN,M3_FullSkuTemporalCNN,WI_1__FOODS,1652,51,168893.375,0.05036984894651428,rmsse,0.7017484712709127
store_cat,5,M3_FullSkuTemporalCNN,M3_FullSkuTemporalCNN,WI_1__HOBBIES,1652,52,42655.81640625,0.012721440548352225,rmsse,0.4748019671243408
store_cat,5,M3_FullSkuTemporalCNN,M3_FullSkuTemporalCNN,WI_1__HOUSEHOLD,1652,53,79013.1484375,0.023564455098285444,rmsse,0.5436712367220041
store_cat,5,M3_FullSkuTemporalCNN,M3_FullSkuTemporalCNN,WI_2__FOODS,1652,54,197144.109375,0.05879519554816072,rmsse,0.5632043928325877
store_cat,5,M3_FullSkuTemporalCNN,M3_FullSkuTemporalCNN,WI_2__HOBBIES,1652,55,26210.8203125,0.007816973637390177,rmsse,0.5658148219326176
store_cat,5,M3_FullSkuTemporalCNN,M3_FullSkuTemporalCNN,WI_2__HOUSEHOLD,1652,56,94435.328125,0.02816388276254626,rmsse,1.2315956421323309
store_cat,5,M3_FullSkuTemporalCNN,M3_FullSkuTemporalCNN,WI_3__FOODS,1652,57,149557.390625,0.04460318928801133,rmsse,0.32837502565273774
store_cat,5,M3_FullSkuTemporalCNN,M3_FullSkuTemporalCNN,WI_3__HOBBIES,1652,58,23851.12890625,0.007113232003396538,rmsse,0.7278711637121105
store_cat,5,M3_FullSkuTemporalCNN,M3_FullSkuTemporalCNN,WI_3__HOUSEHOLD,1652,59,74804.640625,0.02230933243402552,rmsse,0.8489281603491767
store_cat,5,M3_FullSkuTemporalCNN,M3_FullSkuTemporalCNN,CA_1__FOODS,1680,60,212665.09375,0.06378615589312105,rmsse,0.495062295778071
store_cat,5,M3_FullSkuTemporalCNN,M3_FullSkuTemporalCNN,CA_1__HOBBIES,1680,61,65255.8203125,0.01957264285355537,rmsse,0.5841150087544555
store_cat,5,M3_FullSkuTemporalCNN,M3_FullSkuTemporalCNN,CA_1__HOUSEHOLD,1680,62,120678.7734375,0.03619604383465028,rmsse,0.5939849145036447
store_cat,5,M3_FullSkuTemporalCNN,M3_FullSkuTemporalCNN,CA_2__FOODS,1680,63,185085.140625,0.05551390416372213,rmsse,1.0421061105208431
store_cat,5,M3_FullSkuTemporalCNN,M3_FullSkuTemporalCNN,CA_2__HOBBIES,1680,64,42349.64453125,0.01270223044344142,rmsse,0.5695865400017597
store_cat,5,M3_FullSkuTemporalCNN,M3_FullSkuTemporalCNN,CA_2__HOUSEHOLD,1680,65,131134.6875,0.0393321605928604,rmsse,0.549023957752784
store_cat,5,M3_FullSkuTemporalCNN,M3_FullSkuTemporalCNN,CA_3__FOODS,1680,66,290308.75,0.08707437058949458,rmsse,0.6504700662389251
store_cat,5,M3_FullSkuTemporalCNN,M3_FullSkuTemporalCNN,CA_3__HOBBIES,1680,67,68627.6328125,0.020583974586351195,rmsse,0.7304853843617992
store_cat,5,M3_FullSkuTemporalCNN,M3_FullSkuTemporalCNN,CA_3__HOUSEHOLD,1680,68,216725.078125,0.06500389591665223,rmsse,0.667679402151848
store_cat,5,M3_FullSkuTemporalCNN,M3_FullSkuTemporalCNN,CA_4__FOODS,1680,69,120590.8203125,0.036169663427581066,rmsse,0.8337009588599343
store_cat,5,M3_FullSkuTemporalCNN,M3_FullSkuTemporalCNN,CA_4__HOBBIES,1680,70,38188.359375,0.011454106555257288,rmsse,0.9027832038475735
store_cat,5,M3_FullSkuTemporalCNN,M3_FullSkuTemporalCNN,CA_4__HOUSEHOLD,1680,71,60378.7109375,0.018109816710270857,rmsse,1.0325433660780061
store_cat,5,M3_FullSkuTemporalCNN,M3_FullSkuTemporalCNN,TX_1__FOODS,1680,72,133530.5,0.04005075369585142,rmsse,0.4262442785466478
store_cat,5,M3_FullSkuTemporalCNN,M3_FullSkuTemporalCNN,TX_1__HOBBIES,1680,73,34635.26171875,0.010388400674669888,rmsse,0.5671061441589005
store_cat,5,M3_FullSkuTemporalCNN,M3_FullSkuTemporalCNN,TX_1__HOUSEHOLD,1680,74,98933.9296875,0.02967395801016805,rmsse,0.49876556583564363
store_cat,5,M3_FullSkuTemporalCNN,M3_FullSkuTemporalCNN,TX_2__FOODS,1680,75,167087.09375,0.05011562180578134,rmsse,0.5077658429990297
store_cat,5,M3_FullSkuTemporalCNN,M3_FullSkuTemporalCNN,TX_2__HOBBIES,1680,76,52974.6171875,0.015889054149490787,rmsse,0.5785579796506781
store_cat,5,M3_FullSkuTemporalCNN,M3_FullSkuTemporalCNN,TX_2__HOUSEHOLD,1680,77,107912.78125,0.032367048895031794,rmsse,0.46129510265413975
store_cat,5,M3_FullSkuTemporalCNN,M3_FullSkuTemporalCNN,TX_3__FOODS,1680,78,166985.515625,0.05008515475544256,rmsse,0.49222493310699705
store_cat,5,M3_FullSkuTemporalCNN,M3_FullSkuTemporalCNN,TX_3__HOBBIES,1680,79,58107.6953125,0.017428654822639902,rmsse,0.6317273324380507
store_cat,5,M3_FullSkuTemporalCNN,M3_FullSkuTemporalCNN,TX_3__HOUSEHOLD,1680,80,107518.1171875,0.03224867449248113,rmsse,0.8522149527832881
store_cat,5,M3_FullSkuTemporalCNN,M3_FullSkuTemporalCNN,WI_1__FOODS,1680,81,161832.640625,0.04853961626460706,rmsse,0.5531792494159222
store_cat,5,M3_FullSkuTemporalCNN,M3_FullSkuTemporalCNN,WI_1__HOBBIES,1680,82,40999.46875,0.012297262607172198,rmsse,0.544946822479247
store_cat,5,M3_FullSkuTemporalCNN,M3_FullSkuTemporalCNN,WI_1__HOUSEHOLD,1680,83,79151.3125,0.023740416771006367,rmsse,0.768512291881039
store_cat,5,M3_FullSkuTemporalCNN,M3_FullSkuTemporalCNN,WI_2__FOODS,1680,84,203877.3125,0.06115037408764012,rmsse,0.6771304582088861
store_cat,5,M3_FullSkuTemporalCNN,M3_FullSkuTemporalCNN,WI_2__HOBBIES,1680,85,27185.30078125,0.00815388084173639,rmsse,0.691088835596211
store_cat,5,M3_FullSkuTemporalCNN,M3_FullSkuTemporalCNN,WI_2__HOUSEHOLD,1680,86,100197.1875,0.030052855921153164,rmsse,1.3463711195715804
store_cat,5,M3_FullSkuTemporalCNN,M3_FullSkuTemporalCNN,WI_3__FOODS,1680,87,143496.546875,0.04303994110031657,rmsse,0.5262227868433696
store_cat,5,M3_FullSkuTemporalCNN,M3_FullSkuTemporalCNN,WI_3__HOBBIES,1680,88,26074.580078125,0.007820734472137367,rmsse,0.603763602796927
store_cat,5,M3_FullSkuTemporalCNN,M3_FullSkuTemporalCNN,WI_3__HOUSEHOLD,1680,89,71543.765625,0.021458631065716046,rmsse,0.49106936873018997
store_cat,5,M3_FullSkuTemporalCNN,M3_FullSkuTemporalCNN,CA_1__FOODS,1708,90,217884.71875,0.06483619848731188,rmsse,0.457434999840298
store_cat,5,M3_FullSkuTemporalCNN,M3_FullSkuTemporalCNN,CA_1__HOBBIES,1708,91,64507.21875,0.01919548494604763,rmsse,0.4549334715683433
store_cat,5,M3_FullSkuTemporalCNN,M3_FullSkuTemporalCNN,CA_1__HOUSEHOLD,1708,92,115771.9140625,0.034450377440305296,rmsse,0.47096986508479183
store_cat,5,M3_FullSkuTemporalCNN,M3_FullSkuTemporalCNN,CA_2__FOODS,1708,93,193884.84375,0.0576945289471176,rmsse,0.8893640082920639
store_cat,5,M3_FullSkuTemporalCNN,M3_FullSkuTemporalCNN,CA_2__HOBBIES,1708,94,42587.80859375,0.012672901647096451,rmsse,0.8621395930999441
store_cat,5,M3_FullSkuTemporalCNN,M3_FullSkuTemporalCNN,CA_2__HOUSEHOLD,1708,95,128741.3828125,0.038309716704546325,rmsse,0.6171811337888606
store_cat,5,M3_FullSkuTemporalCNN,M3_FullSkuTemporalCNN,CA_3__FOODS,1708,96,291962.8125,0.08687969936929697,rmsse,0.47494516643589524
store_cat,5,M3_FullSkuTemporalCNN,M3_FullSkuTemporalCNN,CA_3__HOBBIES,1708,97,65857.7265625,0.019597357060311797,rmsse,0.7743841143271313
store_cat,5,M3_FullSkuTemporalCNN,M3_FullSkuTemporalCNN,CA_3__HOUSEHOLD,1708,98,199975.203125,0.05950684397114477,rmsse,0.5417459761122331
store_cat,5,M3_FullSkuTemporalCNN,M3_FullSkuTemporalCNN,CA_4__FOODS,1708,99,125175.40625,0.037248585086258605,rmsse,0.6333101512828964
store_cat,5,M3_FullSkuTemporalCNN,M3_FullSkuTemporalCNN,CA_4__HOBBIES,1708,100,37398.48828125,0.011128709820676824,rmsse,0.9394276077547523
store_cat,5,M3_FullSkuTemporalCNN,M3_FullSkuTemporalCNN,CA_4__HOUSEHOLD,1708,101,58208.20703125,0.017321081011646984,rmsse,0.8226896185255625
store_cat,5,M3_FullSkuTemporalCNN,M3_FullSkuTemporalCNN,TX_1__FOODS,1708,102,139721.296875,0.041577021964015685,rmsse,0.4544578294251027
store_cat,5,M3_FullSkuTemporalCNN,M3_FullSkuTemporalCNN,TX_1__HOBBIES,1708,103,32822.0,0.009766879104506042,rmsse,0.6391536555283465
store_cat,5,M3_FullSkuTemporalCNN,M3_FullSkuTemporalCNN,TX_1__HOUSEHOLD,1708,104,95720.7265625,0.02848372323841989,rmsse,0.4765585965689659
store_cat,5,M3_FullSkuTemporalCNN,M3_FullSkuTemporalCNN,TX_2__FOODS,1708,105,177167.65625,0.05271997683938926,rmsse,0.4639226214258133
store_cat,5,M3_FullSkuTemporalCNN,M3_FullSkuTemporalCNN,TX_2__HOBBIES,1708,106,51182.921875,0.015230559081363192,rmsse,0.7805047067957507
store_cat,5,M3_FullSkuTemporalCNN,M3_FullSkuTemporalCNN,TX_2__HOUSEHOLD,1708,107,103920.984375,0.030923883090972104,rmsse,0.5185527274575404
store_cat,5,M3_FullSkuTemporalCNN,M3_FullSkuTemporalCNN,TX_3__FOODS,1708,108,174264.703125,0.051856141844022645,rmsse,0.7813399333707598
store_cat,5,M3_FullSkuTemporalCNN,M3_FullSkuTemporalCNN,TX_3__HOBBIES,1708,109,58956.5390625,0.017543763007846123,rmsse,0.874512875239207
store_cat,5,M3_FullSkuTemporalCNN,M3_FullSkuTemporalCNN,TX_3__HOUSEHOLD,1708,110,102524.9296875,0.030508457542373864,rmsse,1.0144009356229375
store_cat,5,M3_FullSkuTemporalCNN,M3_FullSkuTemporalCNN,WI_1__FOODS,1708,111,166160.796875,0.04944465343326154,rmsse,0.8326600491608629
store_cat,5,M3_FullSkuTemporalCNN,M3_FullSkuTemporalCNN,WI_1__HOBBIES,1708,112,41281.1328125,0.012284072679201298,rmsse,0.6039553302127728
store_cat,5,M3_FullSkuTemporalCNN,M3_FullSkuTemporalCNN,WI_1__HOUSEHOLD,1708,113,75338.0390625,0.022418424212235426,rmsse,0.5421243383034292
store_cat,5,M3_FullSkuTemporalCNN,M3_FullSkuTemporalCNN,WI_2__FOODS,1708,114,219979.84375,0.06545964716758208,rmsse,0.7270503736068362
store_cat,5,M3_FullSkuTemporalCNN,M3_FullSkuTemporalCNN,WI_2__HOBBIES,1708,115,27206.900390625,0.008095987658386832,rmsse,0.9308694703128726
store_cat,5,M3_FullSkuTemporalCNN,M3_FullSkuTemporalCNN,WI_2__HOUSEHOLD,1708,116,99922.2578125,0.02973397757309036,rmsse,1.2246167664254268
store_cat,5,M3_FullSkuTemporalCNN,M3_FullSkuTemporalCNN,WI_3__FOODS,1708,117,155858.3125,0.0463789316805747,rmsse,0.6674683815362912
store_cat,5,M3_FullSkuTemporalCNN,M3_FullSkuTemporalCNN,WI_3__HOBBIES,1708,118,26131.451171875,0.007775965036286816,rmsse,0.7140295907480178
store_cat,5,M3_FullSkuTemporalCNN,M3_FullSkuTemporalCNN,WI_3__HOUSEHOLD,1708,119,70425.015625,0.020956450354710988,rmsse,0.5505554589993091
store_cat,5,M3_FullSkuTemporalCNN_Q,M3_FullSkuTemporalCNN,CA_1__FOODS,1624,0,220013.046875,0.06784256696116275,mean_spl,0.07704228948103493
store_cat,5,M3_FullSkuTemporalCNN_Q,M3_FullSkuTemporalCNN,CA_1__HOBBIES,1624,1,62929.06640625,0.019404619235581292,mean_spl,0.14994769625397913
store_cat,5,M3_FullSkuTemporalCNN_Q,M3_FullSkuTemporalCNN,CA_1__HOUSEHOLD,1624,2,115288.7890625,0.03555010715472609,mean_spl,0.1778120819186444
store_cat,5,M3_FullSkuTemporalCNN_Q,M3_FullSkuTemporalCNN,CA_2__FOODS,1624,3,159095.96875,0.04905835843137624,mean_spl,0.27154388559353154
store_cat,5,M3_FullSkuTemporalCNN_Q,M3_FullSkuTemporalCNN,CA_2__HOBBIES,1624,4,40058.953125,0.012352459312655899,mean_spl,0.12733757585629815
store_cat,5,M3_FullSkuTemporalCNN_Q,M3_FullSkuTemporalCNN,CA_2__HOUSEHOLD,1624,5,114994.9296875,0.03545949355426571,mean_spl,0.20867998247952613
store_cat,5,M3_FullSkuTemporalCNN_Q,M3_FullSkuTemporalCNN,CA_3__FOODS,1624,6,289613.4375,0.08930433583608938,mean_spl,0.11743630081595052
store_cat,5,M3_FullSkuTemporalCNN_Q,M3_FullSkuTemporalCNN,CA_3__HOBBIES,1624,7,66763.3359375,0.020586943152802278,mean_spl,0.17701565552314646
store_cat,5,M3_FullSkuTemporalCNN_Q,M3_FullSkuTemporalCNN,CA_3__HOUSEHOLD,1624,8,197297.125,0.06083795304040375,mean_spl,0.24349951376309326
store_cat,5,M3_FullSkuTemporalCNN_Q,M3_FullSkuTemporalCNN,CA_4__FOODS,1624,9,115117.984375,0.03549743833070138,mean_spl,0.1595058503841901
store_cat,5,M3_FullSkuTemporalCNN_Q,M3_FullSkuTemporalCNN,CA_4__HOBBIES,1624,10,38451.5390625,0.011856801906341136,mean_spl,0.2338699711708077
store_cat,5,M3_FullSkuTemporalCNN_Q,M3_FullSkuTemporalCNN,CA_4__HOUSEHOLD,1624,11,58972.1171875,0.01818446617580622,mean_spl,0.2346749282836877
store_cat,5,M3_FullSkuTemporalCNN_Q,M3_FullSkuTemporalCNN,TX_1__FOODS,1624,12,142577.84375,0.043964878670505324,mean_spl,0.11076570704809138
store_cat,5,M3_FullSkuTemporalCNN_Q,M3_FullSkuTemporalCNN,TX_1__HOBBIES,1624,13,35482.73828125,0.010941351351671362,mean_spl,0.1523360606996548
store_cat,5,M3_FullSkuTemporalCNN_Q,M3_FullSkuTemporalCNN,TX_1__HOUSEHOLD,1624,14,96711.265625,0.029821597433676558,mean_spl,0.15761565571504083
store_cat,5,M3_FullSkuTemporalCNN_Q,M3_FullSkuTemporalCNN,TX_2__FOODS,1624,15,170484.6875,0.052570149779085265,mean_spl,0.11697209719076596
store_cat,5,M3_FullSkuTemporalCNN_Q,M3_FullSkuTemporalCNN,TX_2__HOBBIES,1624,16,53368.81640625,0.0164566490583447,mean_spl,0.1283805044164622
store_cat,5,M3_FullSkuTemporalCNN_Q,M3_FullSkuTemporalCNN,TX_2__HOUSEHOLD,1624,17,100137.1875,0.03087800448548404,mean_spl,0.17004373004628398
store_cat,5,M3_FullSkuTemporalCNN_Q,M3_FullSkuTemporalCNN,TX_3__FOODS,1624,18,168899.796875,0.05208143763278345,mean_spl,0.13370893772024747
store_cat,5,M3_FullSkuTemporalCNN_Q,M3_FullSkuTemporalCNN,TX_3__HOBBIES,1624,19,61914.1875,0.01909167420285396,mean_spl,0.1614225838432946
store_cat,5,M3_FullSkuTemporalCNN_Q,M3_FullSkuTemporalCNN,TX_3__HOUSEHOLD,1624,20,101344.3671875,0.031250246813594264,mean_spl,0.19724216234574998
store_cat,5,M3_FullSkuTemporalCNN_Q,M3_FullSkuTemporalCNN,WI_1__FOODS,1624,21,164837.171875,0.05082869870427261,mean_spl,0.16472841090361565
store_cat,5,M3_FullSkuTemporalCNN_Q,M3_FullSkuTemporalCNN,WI_1__HOBBIES,1624,22,42539.6328125,0.013117394302643252,mean_spl,0.13673745646159297
store_cat,5,M3_FullSkuTemporalCNN_Q,M3_FullSkuTemporalCNN,WI_1__HOUSEHOLD,1624,23,77645.03125,0.02394239026548502,mean_spl,0.15941639129270213
store_cat,5,M3_FullSkuTemporalCNN_Q,M3_FullSkuTemporalCNN,WI_2__FOODS,1624,24,189465.140625,0.05842290569686326,mean_spl,0.1491869365100903
store_cat,5,M3_FullSkuTemporalCNN_Q,M3_FullSkuTemporalCNN,WI_2__HOBBIES,1624,25,27261.52734375,0.008406283266158821,mean_spl,0.15611618369928842
store_cat,5,M3_FullSkuTemporalCNN_Q,M3_FullSkuTemporalCNN,WI_2__HOUSEHOLD,1624,26,87001.796875,0.026827614607724242,mean_spl,0.3674483459633155
store_cat,5,M3_FullSkuTemporalCNN_Q,M3_FullSkuTemporalCNN,WI_3__FOODS,1624,27,145719.78125,0.04493371714740094,mean_spl,0.0862682325242276
store_cat,5,M3_FullSkuTemporalCNN_Q,M3_FullSkuTemporalCNN,WI_3__HOBBIES,1624,28,25590.76953125,0.007891093370012273,mean_spl,0.16457714126726028
store_cat,5,M3_FullSkuTemporalCNN_Q,M3_FullSkuTemporalCNN,WI_3__HOUSEHOLD,1624,29,73416.1015625,0.022638370119528538,mean_spl,0.18336443195720975
store_cat,5,M3_FullSkuTemporalCNN_Q,M3_FullSkuTemporalCNN,CA_1__FOODS,1652,30,216018.53125,0.06442420129688553,mean_spl,0.10761657818774326
store_cat,5,M3_FullSkuTemporalCNN_Q,M3_FullSkuTemporalCNN,CA_1__HOBBIES,1652,31,65447.4609375,0.019518697647878544,mean_spl,0.15907090623732636
store_cat,5,M3_FullSkuTemporalCNN_Q,M3_FullSkuTemporalCNN,CA_1__HOUSEHOLD,1652,32,119797.71875,0.035727825307384026,mean_spl,0.18048297616469486
store_cat,5,M3_FullSkuTemporalCNN_Q,M3_FullSkuTemporalCNN,CA_2__FOODS,1652,33,174231.328125,0.05196181128719119,mean_spl,0.30809131969094844
store_cat,5,M3_FullSkuTemporalCNN_Q,M3_FullSkuTemporalCNN,CA_2__HOBBIES,1652,34,41661.87109375,0.012425011660885674,mean_spl,0.1681211337840124
store_cat,5,M3_FullSkuTemporalCNN_Q,M3_FullSkuTemporalCNN,CA_2__HOUSEHOLD,1652,35,125333.90625,0.0373789079985469,mean_spl,0.18276855061608055
store_cat,5,M3_FullSkuTemporalCNN_Q,M3_FullSkuTemporalCNN,CA_3__FOODS,1652,36,290598.75,0.08666660336171188,mean_spl,0.13449118548431988
store_cat,5,M3_FullSkuTemporalCNN_Q,M3_FullSkuTemporalCNN,CA_3__HOBBIES,1652,37,67250.15625,0.020056323771977337,mean_spl,0.168066487840024
store_cat,5,M3_FullSkuTemporalCNN_Q,M3_FullSkuTemporalCNN,CA_3__HOUSEHOLD,1652,38,209033.9375,0.062341153740163614,mean_spl,0.31197597858427845
store_cat,5,M3_FullSkuTemporalCNN_Q,M3_FullSkuTemporalCNN,CA_4__FOODS,1652,39,117701.203125,0.0351025717985045,mean_spl,0.17005677102893443
store_cat,5,M3_FullSkuTemporalCNN_Q,M3_FullSkuTemporalCNN,CA_4__HOBBIES,1652,40,38269.8515625,0.011413394056508423,mean_spl,0.17592501938976218
store_cat,5,M3_FullSkuTemporalCNN_Q,M3_FullSkuTemporalCNN,CA_4__HOUSEHOLD,1652,41,59733.83984375,0.01781469811900534,mean_spl,0.19661523163566752
store_cat,5,M3_FullSkuTemporalCNN_Q,M3_FullSkuTemporalCNN,TX_1__FOODS,1652,42,151482.15625,0.04517722100351641,mean_spl,0.23183674669120016
store_cat,5,M3_FullSkuTemporalCNN_Q,M3_FullSkuTemporalCNN,TX_1__HOBBIES,1652,43,34373.328125,0.010251315929030495,mean_spl,0.193518663997844
store_cat,5,M3_FullSkuTemporalCNN_Q,M3_FullSkuTemporalCNN,TX_1__HOUSEHOLD,1652,44,99281.828125,0.029609276774710924,mean_spl,0.13489432163488396
store_cat,5,M3_FullSkuTemporalCNN_Q,M3_FullSkuTemporalCNN,TX_2__FOODS,1652,45,180129.203125,0.053720761706977774,mean_spl,0.11424237207138205
store_cat,5,M3_FullSkuTemporalCNN_Q,M3_FullSkuTemporalCNN,TX_2__HOBBIES,1652,46,53874.60546875,0.016067271670744867,mean_spl,0.13433185349010116
store_cat,5,M3_FullSkuTemporalCNN_Q,M3_FullSkuTemporalCNN,TX_2__HOUSEHOLD,1652,47,108551.953125,0.03237394884053533,mean_spl,0.12359892159401403
store_cat,5,M3_FullSkuTemporalCNN_Q,M3_FullSkuTemporalCNN,TX_3__FOODS,1652,48,179456.3125,0.05352008243735707,mean_spl,0.1385581290584264
store_cat,5,M3_FullSkuTemporalCNN_Q,M3_FullSkuTemporalCNN,TX_3__HOBBIES,1652,49,59746.28125,0.017818408576881467,mean_spl,0.1903009286959827
store_cat,5,M3_FullSkuTemporalCNN_Q,M3_FullSkuTemporalCNN,TX_3__HOUSEHOLD,1652,50,104524.96875,0.03117296274692021,mean_spl,0.2027666484321798
store_cat,5,M3_FullSkuTemporalCNN_Q,M3_FullSkuTemporalCNN,WI_1__FOODS,1652,51,168893.375,0.05036984894651428,mean_spl,0.21829515537956867
store_cat,5,M3_FullSkuTemporalCNN_Q,M3_FullSkuTemporalCNN,WI_1__HOBBIES,1652,52,42655.81640625,0.012721440548352225,mean_spl,0.134947020446989
store_cat,5,M3_FullSkuTemporalCNN_Q,M3_FullSkuTemporalCNN,WI_1__HOUSEHOLD,1652,53,79013.1484375,0.023564455098285444,mean_spl,0.1347512115008013
store_cat,5,M3_FullSkuTemporalCNN_Q,M3_FullSkuTemporalCNN,WI_2__FOODS,1652,54,197144.109375,0.05879519554816072,mean_spl,0.15030844116621048
store_cat,5,M3_FullSkuTemporalCNN_Q,M3_FullSkuTemporalCNN,WI_2__HOBBIES,1652,55,26210.8203125,0.007816973637390177,mean_spl,0.1789526899733676
store_cat,5,M3_FullSkuTemporalCNN_Q,M3_FullSkuTemporalCNN,WI_2__HOUSEHOLD,1652,56,94435.328125,0.02816388276254626,mean_spl,0.4103243193381395
store_cat,5,M3_FullSkuTemporalCNN_Q,M3_FullSkuTemporalCNN,WI_3__FOODS,1652,57,149557.390625,0.04460318928801133,mean_spl,0.09278007411894912
store_cat,5,M3_FullSkuTemporalCNN_Q,M3_FullSkuTemporalCNN,WI_3__HOBBIES,1652,58,23851.12890625,0.007113232003396538,mean_spl,0.1768831527567328
store_cat,5,M3_FullSkuTemporalCNN_Q,M3_FullSkuTemporalCNN,WI_3__HOUSEHOLD,1652,59,74804.640625,0.02230933243402552,mean_spl,0.15833641084579353
store_cat,5,M3_FullSkuTemporalCNN_Q,M3_FullSkuTemporalCNN,CA_1__FOODS,1680,60,212665.09375,0.06378615589312105,mean_spl,0.13142407751424798
store_cat,5,M3_FullSkuTemporalCNN_Q,M3_FullSkuTemporalCNN,CA_1__HOBBIES,1680,61,65255.8203125,0.01957264285355537,mean_spl,0.15867261041956524
store_cat,5,M3_FullSkuTemporalCNN_Q,M3_FullSkuTemporalCNN,CA_1__HOUSEHOLD,1680,62,120678.7734375,0.03619604383465028,mean_spl,0.1446800449689117
store_cat,5,M3_FullSkuTemporalCNN_Q,M3_FullSkuTemporalCNN,CA_2__FOODS,1680,63,185085.140625,0.05551390416372213,mean_spl,0.283396341216083
store_cat,5,M3_FullSkuTemporalCNN_Q,M3_FullSkuTemporalCNN,CA_2__HOBBIES,1680,64,42349.64453125,0.01270223044344142,mean_spl,0.15418087597446453
store_cat,5,M3_FullSkuTemporalCNN_Q,M3_FullSkuTemporalCNN,CA_2__HOUSEHOLD,1680,65,131134.6875,0.0393321605928604,mean_spl,0.19876598257955438
store_cat,5,M3_FullSkuTemporalCNN_Q,M3_FullSkuTemporalCNN,CA_3__FOODS,1680,66,290308.75,0.08707437058949458,mean_spl,0.1931426488758242
store_cat,5,M3_FullSkuTemporalCNN_Q,M3_FullSkuTemporalCNN,CA_3__HOBBIES,1680,67,68627.6328125,0.020583974586351195,mean_spl,0.18624957669400544
store_cat,5,M3_FullSkuTemporalCNN_Q,M3_FullSkuTemporalCNN,CA_3__HOUSEHOLD,1680,68,216725.078125,0.06500389591665223,mean_spl,0.17239910987164825
store_cat,5,M3_FullSkuTemporalCNN_Q,M3_FullSkuTemporalCNN,CA_4__FOODS,1680,69,120590.8203125,0.036169663427581066,mean_spl,0.25979918774656696
store_cat,5,M3_FullSkuTemporalCNN_Q,M3_FullSkuTemporalCNN,CA_4__HOBBIES,1680,70,38188.359375,0.011454106555257288,mean_spl,0.21457648223350612
store_cat,5,M3_FullSkuTemporalCNN_Q,M3_FullSkuTemporalCNN,CA_4__HOUSEHOLD,1680,71,60378.7109375,0.018109816710270857,mean_spl,0.2142957530511067
store_cat,5,M3_FullSkuTemporalCNN_Q,M3_FullSkuTemporalCNN,TX_1__FOODS,1680,72,133530.5,0.04005075369585142,mean_spl,0.09252632814620144
store_cat,5,M3_FullSkuTemporalCNN_Q,M3_FullSkuTemporalCNN,TX_1__HOBBIES,1680,73,34635.26171875,0.010388400674669888,mean_spl,0.17307882424019655
store_cat,5,M3_FullSkuTemporalCNN_Q,M3_FullSkuTemporalCNN,TX_1__HOUSEHOLD,1680,74,98933.9296875,0.02967395801016805,mean_spl,0.1221549480967768
store_cat,5,M3_FullSkuTemporalCNN_Q,M3_FullSkuTemporalCNN,TX_2__FOODS,1680,75,167087.09375,0.05011562180578134,mean_spl,0.12459842923618182
store_cat,5,M3_FullSkuTemporalCNN_Q,M3_FullSkuTemporalCNN,TX_2__HOBBIES,1680,76,52974.6171875,0.015889054149490787,mean_spl,0.15481429059424207
store_cat,5,M3_FullSkuTemporalCNN_Q,M3_FullSkuTemporalCNN,TX_2__HOUSEHOLD,1680,77,107912.78125,0.032367048895031794,mean_spl,0.1586773845286056
store_cat,5,M3_FullSkuTemporalCNN_Q,M3_FullSkuTemporalCNN,TX_3__FOODS,1680,78,166985.515625,0.05008515475544256,mean_spl,0.11713465959279515
store_cat,5,M3_FullSkuTemporalCNN_Q,M3_FullSkuTemporalCNN,TX_3__HOBBIES,1680,79,58107.6953125,0.017428654822639902,mean_spl,0.16822950207799364
store_cat,5,M3_FullSkuTemporalCNN_Q,M3_FullSkuTemporalCNN,TX_3__HOUSEHOLD,1680,80,107518.1171875,0.03224867449248113,mean_spl,0.21297675759675797
store_cat,5,M3_FullSkuTemporalCNN_Q,M3_FullSkuTemporalCNN,WI_1__FOODS,1680,81,161832.640625,0.04853961626460706,mean_spl,0.18001598629065305
store_cat,5,M3_FullSkuTemporalCNN_Q,M3_FullSkuTemporalCNN,WI_1__HOBBIES,1680,82,40999.46875,0.012297262607172198,mean_spl,0.1576759922089654
store_cat,5,M3_FullSkuTemporalCNN_Q,M3_FullSkuTemporalCNN,WI_1__HOUSEHOLD,1680,83,79151.3125,0.023740416771006367,mean_spl,0.1867969431109204
store_cat,5,M3_FullSkuTemporalCNN_Q,M3_FullSkuTemporalCNN,WI_2__FOODS,1680,84,203877.3125,0.06115037408764012,mean_spl,0.18964231663288078
store_cat,5,M3_FullSkuTemporalCNN_Q,M3_FullSkuTemporalCNN,WI_2__HOBBIES,1680,85,27185.30078125,0.00815388084173639,mean_spl,0.19817644804883652
store_cat,5,M3_FullSkuTemporalCNN_Q,M3_FullSkuTemporalCNN,WI_2__HOUSEHOLD,1680,86,100197.1875,0.030052855921153164,mean_spl,0.6706912982690533
store_cat,5,M3_FullSkuTemporalCNN_Q,M3_FullSkuTemporalCNN,WI_3__FOODS,1680,87,143496.546875,0.04303994110031657,mean_spl,0.11143060741122827
store_cat,5,M3_FullSkuTemporalCNN_Q,M3_FullSkuTemporalCNN,WI_3__HOBBIES,1680,88,26074.580078125,0.007820734472137367,mean_spl,0.17399918220619676
store_cat,5,M3_FullSkuTemporalCNN_Q,M3_FullSkuTemporalCNN,WI_3__HOUSEHOLD,1680,89,71543.765625,0.021458631065716046,mean_spl,0.13550314998274818
store_cat,5,M3_FullSkuTemporalCNN_Q,M3_FullSkuTemporalCNN,CA_1__FOODS,1708,90,217884.71875,0.06483619848731188,mean_spl,0.12411266365205458
store_cat,5,M3_FullSkuTemporalCNN_Q,M3_FullSkuTemporalCNN,CA_1__HOBBIES,1708,91,64507.21875,0.01919548494604763,mean_spl,0.12119317979107794
store_cat,5,M3_FullSkuTemporalCNN_Q,M3_FullSkuTemporalCNN,CA_1__HOUSEHOLD,1708,92,115771.9140625,0.034450377440305296,mean_spl,0.13019094432835548
store_cat,5,M3_FullSkuTemporalCNN_Q,M3_FullSkuTemporalCNN,CA_2__FOODS,1708,93,193884.84375,0.0576945289471176,mean_spl,0.21486159120948162
store_cat,5,M3_FullSkuTemporalCNN_Q,M3_FullSkuTemporalCNN,CA_2__HOBBIES,1708,94,42587.80859375,0.012672901647096451,mean_spl,0.21862353853058034
store_cat,5,M3_FullSkuTemporalCNN_Q,M3_FullSkuTemporalCNN,CA_2__HOUSEHOLD,1708,95,128741.3828125,0.038309716704546325,mean_spl,0.14206451723069602
store_cat,5,M3_FullSkuTemporalCNN_Q,M3_FullSkuTemporalCNN,CA_3__FOODS,1708,96,291962.8125,0.08687969936929697,mean_spl,0.1386883792910985
store_cat,5,M3_FullSkuTemporalCNN_Q,M3_FullSkuTemporalCNN,CA_3__HOBBIES,1708,97,65857.7265625,0.019597357060311797,mean_spl,0.1785420834801119
store_cat,5,M3_FullSkuTemporalCNN_Q,M3_FullSkuTemporalCNN,CA_3__HOUSEHOLD,1708,98,199975.203125,0.05950684397114477,mean_spl,0.1534769143378068
store_cat,5,M3_FullSkuTemporalCNN_Q,M3_FullSkuTemporalCNN,CA_4__FOODS,1708,99,125175.40625,0.037248585086258605,mean_spl,0.15198315584709177
store_cat,5,M3_FullSkuTemporalCNN_Q,M3_FullSkuTemporalCNN,CA_4__HOBBIES,1708,100,37398.48828125,0.011128709820676824,mean_spl,0.21639867648652666
store_cat,5,M3_FullSkuTemporalCNN_Q,M3_FullSkuTemporalCNN,CA_4__HOUSEHOLD,1708,101,58208.20703125,0.017321081011646984,mean_spl,0.22058273385703286
store_cat,5,M3_FullSkuTemporalCNN_Q,M3_FullSkuTemporalCNN,TX_1__FOODS,1708,102,139721.296875,0.041577021964015685,mean_spl,0.0828318374009925
store_cat,5,M3_FullSkuTemporalCNN_Q,M3_FullSkuTemporalCNN,TX_1__HOBBIES,1708,103,32822.0,0.009766879104506042,mean_spl,0.177345466577779
store_cat,5,M3_FullSkuTemporalCNN_Q,M3_FullSkuTemporalCNN,TX_1__HOUSEHOLD,1708,104,95720.7265625,0.02848372323841989,mean_spl,0.12286785083892017
store_cat,5,M3_FullSkuTemporalCNN_Q,M3_FullSkuTemporalCNN,TX_2__FOODS,1708,105,177167.65625,0.05271997683938926,mean_spl,0.11424118257349754
store_cat,5,M3_FullSkuTemporalCNN_Q,M3_FullSkuTemporalCNN,TX_2__HOBBIES,1708,106,51182.921875,0.015230559081363192,mean_spl,0.1829487907616686
store_cat,5,M3_FullSkuTemporalCNN_Q,M3_FullSkuTemporalCNN,TX_2__HOUSEHOLD,1708,107,103920.984375,0.030923883090972104,mean_spl,0.14384596621638818
store_cat,5,M3_FullSkuTemporalCNN_Q,M3_FullSkuTemporalCNN,TX_3__FOODS,1708,108,174264.703125,0.051856141844022645,mean_spl,0.19034132525174977
store_cat,5,M3_FullSkuTemporalCNN_Q,M3_FullSkuTemporalCNN,TX_3__HOBBIES,1708,109,58956.5390625,0.017543763007846123,mean_spl,0.19785978667759355
store_cat,5,M3_FullSkuTemporalCNN_Q,M3_FullSkuTemporalCNN,TX_3__HOUSEHOLD,1708,110,102524.9296875,0.030508457542373864,mean_spl,0.24288147995488904
store_cat,5,M3_FullSkuTemporalCNN_Q,M3_FullSkuTemporalCNN,WI_1__FOODS,1708,111,166160.796875,0.04944465343326154,mean_spl,0.2089792451476241
store_cat,5,M3_FullSkuTemporalCNN_Q,M3_FullSkuTemporalCNN,WI_1__HOBBIES,1708,112,41281.1328125,0.012284072679201298,mean_spl,0.15107664977502988
store_cat,5,M3_FullSkuTemporalCNN_Q,M3_FullSkuTemporalCNN,WI_1__HOUSEHOLD,1708,113,75338.0390625,0.022418424212235426,mean_spl,0.1396698158095427
store_cat,5,M3_FullSkuTemporalCNN_Q,M3_FullSkuTemporalCNN,WI_2__FOODS,1708,114,219979.84375,0.06545964716758208,mean_spl,0.19743556250164163
store_cat,5,M3_FullSkuTemporalCNN_Q,M3_FullSkuTemporalCNN,WI_2__HOBBIES,1708,115,27206.900390625,0.008095987658386832,mean_spl,0.207525152337206
store_cat,5,M3_FullSkuTemporalCNN_Q,M3_FullSkuTemporalCNN,WI_2__HOUSEHOLD,1708,116,99922.2578125,0.02973397757309036,mean_spl,0.5429319571722655
store_cat,5,M3_FullSkuTemporalCNN_Q,M3_FullSkuTemporalCNN,WI_3__FOODS,1708,117,155858.3125,0.0463789316805747,mean_spl,0.12770006812025259
store_cat,5,M3_FullSkuTemporalCNN_Q,M3_FullSkuTemporalCNN,WI_3__HOBBIES,1708,118,26131.451171875,0.007775965036286816,mean_spl,0.16534779425710688
store_cat,5,M3_FullSkuTemporalCNN_Q,M3_FullSkuTemporalCNN,WI_3__HOUSEHOLD,1708,119,70425.015625,0.020956450354710988,mean_spl,0.1435736026803249
