task,fold,model,base_model,agg_id,origin_time,row_id,revenue_28,weight,metric,metric_value
store_cat,1,AggregateHistGB,AggregateHistGB,CA_1__FOODS,1400,0,226958.65625,0.0758507651990865,rmsse,0.9912820646562621
store_cat,1,AggregateHistGB,AggregateHistGB,CA_1__HOBBIES,1400,1,50996.61328125,0.01704333381179291,rmsse,0.9467170395090085
store_cat,1,AggregateHistGB,AggregateHistGB,CA_1__HOUSEHOLD,1400,2,99464.2734375,0.03324147831530681,rmsse,0.9908589762131161
store_cat,1,AggregateHistGB,AggregateHistGB,CA_2__FOODS,1400,3,108666.09375,0.036316774598162835,rmsse,0.9086242026829887
store_cat,1,AggregateHistGB,AggregateHistGB,CA_2__HOBBIES,1400,4,31205.01953125,0.010428880081535783,rmsse,0.6923985099590371
store_cat,1,AggregateHistGB,AggregateHistGB,CA_2__HOUSEHOLD,1400,5,87583.4453125,0.02927084366593958,rmsse,0.6802961532246271
store_cat,1,AggregateHistGB,AggregateHistGB,CA_3__FOODS,1400,6,295087.1875,0.0986196752401741,rmsse,1.251647981022931
store_cat,1,AggregateHistGB,AggregateHistGB,CA_3__HOBBIES,1400,7,57647.32421875,0.01926603605220287,rmsse,1.0774157490817962
store_cat,1,AggregateHistGB,AggregateHistGB,CA_3__HOUSEHOLD,1400,8,173274.515625,0.057909245749058404,rmsse,1.5127744374435594
store_cat,1,AggregateHistGB,AggregateHistGB,CA_4__FOODS,1400,9,121674.46875,0.04066424128680854,rmsse,1.4709087299081611
store_cat,1,AggregateHistGB,AggregateHistGB,CA_4__HOBBIES,1400,10,32223.5078125,0.010769264170671467,rmsse,0.8730141371569075
store_cat,1,AggregateHistGB,AggregateHistGB,CA_4__HOUSEHOLD,1400,11,51777.10546875,0.017304178366620435,rmsse,1.5286981393500378
store_cat,1,AggregateHistGB,AggregateHistGB,TX_1__FOODS,1400,12,142172.421875,0.04751476399978066,rmsse,0.9738349734128635
store_cat,1,AggregateHistGB,AggregateHistGB,TX_1__HOBBIES,1400,13,25999.3828125,0.008689129172759201,rmsse,0.9298073815810121
store_cat,1,AggregateHistGB,AggregateHistGB,TX_1__HOUSEHOLD,1400,14,81256.328125,0.027156288142454594,rmsse,1.0360187296939363
store_cat,1,AggregateHistGB,AggregateHistGB,TX_2__FOODS,1400,15,171553.265625,0.057333995032667506,rmsse,0.8703207679397655
store_cat,1,AggregateHistGB,AggregateHistGB,TX_2__HOBBIES,1400,16,37066.83984375,0.01238793096555631,rmsse,0.7358871418791646
store_cat,1,AggregateHistGB,AggregateHistGB,TX_2__HOUSEHOLD,1400,17,82002.390625,0.02740562611636738,rmsse,0.8548200264443151
store_cat,1,AggregateHistGB,AggregateHistGB,TX_3__FOODS,1400,18,157470.1875,0.05262735696126869,rmsse,1.120568344379169
store_cat,1,AggregateHistGB,AggregateHistGB,TX_3__HOBBIES,1400,19,39784.18359375,0.013296081402080826,rmsse,1.0607065454661702
store_cat,1,AggregateHistGB,AggregateHistGB,TX_3__HOUSEHOLD,1400,20,87090.3359375,0.02910604394409335,rmsse,1.2335004528946576
store_cat,1,AggregateHistGB,AggregateHistGB,WI_1__FOODS,1400,21,165848.921875,0.055427573636166454,rmsse,1.207381776853162
store_cat,1,AggregateHistGB,AggregateHistGB,WI_1__HOBBIES,1400,22,40985.328125,0.013697510161465327,rmsse,0.8163505623525477
store_cat,1,AggregateHistGB,AggregateHistGB,WI_1__HOUSEHOLD,1400,23,68940.171875,0.02304016456598708,rmsse,0.8130287952930496
store_cat,1,AggregateHistGB,AggregateHistGB,WI_2__FOODS,1400,24,219953.3125,0.07350954282537438,rmsse,1.1677137189151825
store_cat,1,AggregateHistGB,AggregateHistGB,WI_2__HOBBIES,1400,25,25208.861328125,0.008424932774671118,rmsse,0.9506465730914405
store_cat,1,AggregateHistGB,AggregateHistGB,WI_2__HOUSEHOLD,1400,26,79361.3984375,0.02652299276976338,rmsse,1.375689805629066
store_cat,1,AggregateHistGB,AggregateHistGB,WI_3__FOODS,1400,27,147652.625,0.04934627643180615,rmsse,0.7965329928247591
store_cat,1,AggregateHistGB,AggregateHistGB,WI_3__HOBBIES,1400,28,21936.94140625,0.007331440092589935,rmsse,0.733421625828943
store_cat,1,AggregateHistGB,AggregateHistGB,WI_3__HOUSEHOLD,1400,29,61332.48046875,0.02049763446778741,rmsse,0.7651958574893675
store_cat,1,AggregateHistGB,AggregateHistGB,CA_1__FOODS,1428,30,213076.046875,0.07429568976178588,rmsse,0.6713512712454622
store_cat,1,AggregateHistGB,AggregateHistGB,CA_1__HOBBIES,1428,31,52497.34375,0.018304856044452224,rmsse,0.8174176479640972
store_cat,1,AggregateHistGB,AggregateHistGB,CA_1__HOUSEHOLD,1428,32,95256.125,0.033214054863058604,rmsse,0.9325345457094879
store_cat,1,AggregateHistGB,AggregateHistGB,CA_2__FOODS,1428,33,110173.421875,0.038415441302143576,rmsse,0.568198733195804
store_cat,1,AggregateHistGB,AggregateHistGB,CA_2__HOBBIES,1428,34,32410.05078125,0.011300787269721006,rmsse,0.6901326981618144
store_cat,1,AggregateHistGB,AggregateHistGB,CA_2__HOUSEHOLD,1428,35,85537.21875,0.02982525140925001,rmsse,0.5261048923816632
store_cat,1,AggregateHistGB,AggregateHistGB,CA_3__FOODS,1428,36,264437.8125,0.0922045906469763,rmsse,0.6472227904368113
store_cat,1,AggregateHistGB,AggregateHistGB,CA_3__HOBBIES,1428,37,54865.0390625,0.019130427754495874,rmsse,1.2011112880675419
store_cat,1,AggregateHistGB,AggregateHistGB,CA_3__HOUSEHOLD,1428,38,152489.84375,0.05317039756101494,rmsse,1.111285738775275
store_cat,1,AggregateHistGB,AggregateHistGB,CA_4__FOODS,1428,39,111408.5390625,0.038846103897624246,rmsse,1.14920067812988
store_cat,1,AggregateHistGB,AggregateHistGB,CA_4__HOBBIES,1428,40,33008.76171875,0.011509546737159329,rmsse,1.1067652985957197
store_cat,1,AggregateHistGB,AggregateHistGB,CA_4__HOUSEHOLD,1428,41,49583.05078125,0.017288695807500653,rmsse,1.0512342731341107
store_cat,1,AggregateHistGB,AggregateHistGB,TX_1__FOODS,1428,42,143683.8125,0.05009989679202703,rmsse,0.534976626785912
store_cat,1,AggregateHistGB,AggregateHistGB,TX_1__HOBBIES,1428,43,24862.4609375,0.00866908182133985,rmsse,0.8871931721009616
store_cat,1,AggregateHistGB,AggregateHistGB,TX_1__HOUSEHOLD,1428,44,78584.8359375,0.027401083680787818,rmsse,1.2394386056677855
store_cat,1,AggregateHistGB,AggregateHistGB,TX_2__FOODS,1428,45,169112.625,0.05896645496324626,rmsse,0.5956047042795111
store_cat,1,AggregateHistGB,AggregateHistGB,TX_2__HOBBIES,1428,46,37968.1328125,0.013238788017907201,rmsse,0.7876249321943584
store_cat,1,AggregateHistGB,AggregateHistGB,TX_2__HOUSEHOLD,1428,47,76284.0390625,0.02659883822271356,rmsse,0.8673755709694729
store_cat,1,AggregateHistGB,AggregateHistGB,TX_3__FOODS,1428,48,156201.359375,0.05446453464242413,rmsse,0.6958272244937885
store_cat,1,AggregateHistGB,AggregateHistGB,TX_3__HOBBIES,1428,49,37867.00390625,0.013203526232479454,rmsse,1.0356501922328611
store_cat,1,AggregateHistGB,AggregateHistGB,TX_3__HOUSEHOLD,1428,50,82279.71875,0.028689421207082816,rmsse,1.1298102954668539
store_cat,1,AggregateHistGB,AggregateHistGB,WI_1__FOODS,1428,51,171078.21875,0.05965182127067253,rmsse,1.0939631614158571
store_cat,1,AggregateHistGB,AggregateHistGB,WI_1__HOBBIES,1428,52,44008.82421875,0.015345065758871302,rmsse,0.9668442073711385
store_cat,1,AggregateHistGB,AggregateHistGB,WI_1__HOUSEHOLD,1428,53,65090.1015625,0.02269571856233845,rmsse,1.217866069023727
store_cat,1,AggregateHistGB,AggregateHistGB,WI_2__FOODS,1428,54,209153.8125,0.07292807893658147,rmsse,1.077179128805788
store_cat,1,AggregateHistGB,AggregateHistGB,WI_2__HOBBIES,1428,55,24120.48046875,0.008410366909344633,rmsse,1.1464396045297023
store_cat,1,AggregateHistGB,AggregateHistGB,WI_2__HOUSEHOLD,1428,56,73348.140625,0.025575144557077958,rmsse,1.4179657226940057
store_cat,1,AggregateHistGB,AggregateHistGB,WI_3__FOODS,1428,57,139767.203125,0.048734247300632964,rmsse,0.7446985610606138
store_cat,1,AggregateHistGB,AggregateHistGB,WI_3__HOBBIES,1428,58,22137.26171875,0.007718855089312624,rmsse,1.0102027825087636
store_cat,1,AggregateHistGB,AggregateHistGB,WI_3__HOUSEHOLD,1428,59,57654.9921875,0.0201032329799773,rmsse,1.0134578855464846
store_cat,1,AggregateHistGB,AggregateHistGB,CA_1__FOODS,1456,60,216654.625,0.07397924456338241,rmsse,0.3977602547855886
store_cat,1,AggregateHistGB,AggregateHistGB,CA_1__HOBBIES,1456,61,54163.19921875,0.018494655082203344,rmsse,0.5821570890556605
store_cat,1,AggregateHistGB,AggregateHistGB,CA_1__HOUSEHOLD,1456,62,94011.015625,0.03210115600612653,rmsse,0.6800996506915915
store_cat,1,AggregateHistGB,AggregateHistGB,CA_2__FOODS,1456,63,106220.4296875,0.03627020261154881,rmsse,0.9595598440652284
store_cat,1,AggregateHistGB,AggregateHistGB,CA_2__HOBBIES,1456,64,31810.216796875,0.010861968942644223,rmsse,0.6025635827524942
store_cat,1,AggregateHistGB,AggregateHistGB,CA_2__HOUSEHOLD,1456,65,86838.34375,0.029651963671490145,rmsse,0.5565062896890823
store_cat,1,AggregateHistGB,AggregateHistGB,CA_3__FOODS,1456,66,276034.6875,0.09425525836127126,rmsse,0.6124633868669321
store_cat,1,AggregateHistGB,AggregateHistGB,CA_3__HOBBIES,1456,67,57284.25,0.019560374214858966,rmsse,1.1350967946348431
store_cat,1,AggregateHistGB,AggregateHistGB,CA_3__HOUSEHOLD,1456,68,155978.5625,0.05326069647408786,rmsse,0.8555996498328954
store_cat,1,AggregateHistGB,AggregateHistGB,CA_4__FOODS,1456,69,114921.703125,0.03924135374965941,rmsse,0.6645737680102939
store_cat,1,AggregateHistGB,AggregateHistGB,CA_4__HOBBIES,1456,70,33806.859375,0.011543745801055494,rmsse,0.8768663027721125
store_cat,1,AggregateHistGB,AggregateHistGB,CA_4__HOUSEHOLD,1456,71,51044.75,0.017429824283357508,rmsse,0.7423542809701125
store_cat,1,AggregateHistGB,AggregateHistGB,TX_1__FOODS,1456,72,140683.25,0.04803793391311849,rmsse,0.42212247281243204
store_cat,1,AggregateHistGB,AggregateHistGB,TX_1__HOBBIES,1456,73,27783.09765625,0.009486862217873518,rmsse,0.9138638697070495
store_cat,1,AggregateHistGB,AggregateHistGB,TX_1__HOUSEHOLD,1456,74,80417.0078125,0.027459323741721976,rmsse,0.6673175399940076
store_cat,1,AggregateHistGB,AggregateHistGB,TX_2__FOODS,1456,75,169176.453125,0.05776726991219309,rmsse,0.5265287621788151
store_cat,1,AggregateHistGB,AggregateHistGB,TX_2__HOBBIES,1456,76,42864.6796875,0.014636644021481715,rmsse,0.8722876868921599
store_cat,1,AggregateHistGB,AggregateHistGB,TX_2__HOUSEHOLD,1456,77,79355.1796875,0.027096750163873577,rmsse,0.7766782839773299
store_cat,1,AggregateHistGB,AggregateHistGB,TX_3__FOODS,1456,78,156799.8125,0.053541121849718216,rmsse,0.7234423423461707
store_cat,1,AggregateHistGB,AggregateHistGB,TX_3__HOBBIES,1456,79,49402.20703125,0.016868958859916763,rmsse,1.0614271654156466
store_cat,1,AggregateHistGB,AggregateHistGB,TX_3__HOUSEHOLD,1456,80,78533.859375,0.02681630077922134,rmsse,0.9430423886265628
store_cat,1,AggregateHistGB,AggregateHistGB,WI_1__FOODS,1456,81,171450.15625,0.05854365232059495,rmsse,1.2248696754848274
store_cat,1,AggregateHistGB,AggregateHistGB,WI_1__HOBBIES,1456,82,39346.1328125,0.01343519521893088,rmsse,0.8434735565439341
store_cat,1,AggregateHistGB,AggregateHistGB,WI_1__HOUSEHOLD,1456,83,69904.34375,0.023869652181780117,rmsse,1.0606515131295622
store_cat,1,AggregateHistGB,AggregateHistGB,WI_2__FOODS,1456,84,213990.953125,0.07306970278426171,rmsse,0.6481207509548064
store_cat,1,AggregateHistGB,AggregateHistGB,WI_2__HOBBIES,1456,85,22872.908203125,0.007810220851896331,rmsse,1.020984017964096
store_cat,1,AggregateHistGB,AggregateHistGB,WI_2__HOUSEHOLD,1456,86,73007.3671875,0.02492921566799104,rmsse,1.7833249477317297
store_cat,1,AggregateHistGB,AggregateHistGB,WI_3__FOODS,1456,87,151780.5625,0.05182724049004377,rmsse,0.6890595077363229
store_cat,1,AggregateHistGB,AggregateHistGB,WI_3__HOBBIES,1456,88,21418.96875,0.007313756295078839,rmsse,0.9804193115273737
store_cat,1,AggregateHistGB,AggregateHistGB,WI_3__HOUSEHOLD,1456,89,61031.02734375,0.020839754968617726,rmsse,1.0353029281012496
store_cat,1,AggregateHistGB,AggregateHistGB,CA_1__FOODS,1484,90,213601.578125,0.06820771906795026,rmsse,0.5228319276531511
store_cat,1,AggregateHistGB,AggregateHistGB,CA_1__HOBBIES,1484,91,57432.234375,0.018339385607920238,rmsse,0.7408039356435847
store_cat,1,AggregateHistGB,AggregateHistGB,CA_1__HOUSEHOLD,1484,92,97660.3515625,0.031185115212744904,rmsse,0.5485719055370326
store_cat,1,AggregateHistGB,AggregateHistGB,CA_2__FOODS,1484,93,97109.96875,0.03100936577969128,rmsse,0.5337614430319377
store_cat,1,AggregateHistGB,AggregateHistGB,CA_2__HOBBIES,1484,94,32127.169921875,0.010258917559107109,rmsse,0.5420991173311401
store_cat,1,AggregateHistGB,AggregateHistGB,CA_2__HOUSEHOLD,1484,95,85772.1484375,0.027388948414303897,rmsse,0.43306170186334103
store_cat,1,AggregateHistGB,AggregateHistGB,CA_3__FOODS,1484,96,297412.46875,0.09497039438507442,rmsse,0.546535872279795
store_cat,1,AggregateHistGB,AggregateHistGB,CA_3__HOBBIES,1484,97,61886.78125,0.019761821174605104,rmsse,0.8545962250181229
store_cat,1,AggregateHistGB,AggregateHistGB,CA_3__HOUSEHOLD,1484,98,172245.359375,0.05500176162618477,rmsse,0.8231306400761615
store_cat,1,AggregateHistGB,AggregateHistGB,CA_4__FOODS,1484,99,119859.8125,0.03827389521323178,rmsse,0.5783654376873327
store_cat,1,AggregateHistGB,AggregateHistGB,CA_4__HOBBIES,1484,100,36330.05078125,0.011600990588008404,rmsse,0.7019187885441911
store_cat,1,AggregateHistGB,AggregateHistGB,CA_4__HOUSEHOLD,1484,101,51402.9609375,0.016414104940901036,rmsse,0.8183336254138807
store_cat,1,AggregateHistGB,AggregateHistGB,TX_1__FOODS,1484,102,144507.609375,0.0461444831538793,rmsse,0.4883573291696702
store_cat,1,AggregateHistGB,AggregateHistGB,TX_1__HOBBIES,1484,103,31937.12890625,0.010198233249941787,rmsse,0.6568538951315993
store_cat,1,AggregateHistGB,AggregateHistGB,TX_1__HOUSEHOLD,1484,104,89760.1953125,0.02866242018950133,rmsse,0.6802462797880644
store_cat,1,AggregateHistGB,AggregateHistGB,TX_2__FOODS,1484,105,179773.953125,0.0574058085062889,rmsse,0.501722468986498
store_cat,1,AggregateHistGB,AggregateHistGB,TX_2__HOBBIES,1484,106,49847.03125,0.015917262099447972,rmsse,0.793502937947829
store_cat,1,AggregateHistGB,AggregateHistGB,TX_2__HOUSEHOLD,1484,107,93967.359375,0.030005860940111543,rmsse,0.6442088629724427
store_cat,1,AggregateHistGB,AggregateHistGB,TX_3__FOODS,1484,108,166358.546875,0.053121971894618626,rmsse,0.5758292596845959
store_cat,1,AggregateHistGB,AggregateHistGB,TX_3__HOBBIES,1484,109,58939.0,0.018820529274335952,rmsse,0.8229923998402179
store_cat,1,AggregateHistGB,AggregateHistGB,TX_3__HOUSEHOLD,1484,110,94858.9296875,0.030290559105444093,rmsse,1.1939975105389036
store_cat,1,AggregateHistGB,AggregateHistGB,WI_1__FOODS,1484,111,182376.296875,0.05823679455506408,rmsse,1.1333496076409586
store_cat,1,AggregateHistGB,AggregateHistGB,WI_1__HOBBIES,1484,112,42152.4609375,0.013460215223528077,rmsse,0.6468067123801526
store_cat,1,AggregateHistGB,AggregateHistGB,WI_1__HOUSEHOLD,1484,113,74201.4921875,0.023694181372508085,rmsse,0.9144685600263587
store_cat,1,AggregateHistGB,AggregateHistGB,WI_2__FOODS,1484,114,220910.796875,0.07054171464739512,rmsse,0.6464092193048695
store_cat,1,AggregateHistGB,AggregateHistGB,WI_2__HOBBIES,1484,115,28042.1796875,0.00895448962019686,rmsse,0.6908024950794284
store_cat,1,AggregateHistGB,AggregateHistGB,WI_2__HOUSEHOLD,1484,116,95896.65625,0.030621928201429557,rmsse,1.2458320494859993
store_cat,1,AggregateHistGB,AggregateHistGB,WI_3__FOODS,1484,117,160906.484375,0.05138100747569806,rmsse,0.4649919244004963
store_cat,1,AggregateHistGB,AggregateHistGB,WI_3__HOBBIES,1484,118,24415.33984375,0.007796359257404398,rmsse,0.6059886216807807
store_cat,1,AggregateHistGB,AggregateHistGB,WI_3__HOUSEHOLD,1484,119,69941.15625,0.02233376166348309,rmsse,0.7549002398585013
store_cat,1,AggregateHistGB,AggregateHistGB,CA_1__FOODS,1400,0,226958.65625,0.0758507651990865,mean_spl,0.396221697728077
store_cat,1,AggregateHistGB,AggregateHistGB,CA_1__HOBBIES,1400,1,50996.61328125,0.01704333381179291,mean_spl,0.25291434721528966
store_cat,1,AggregateHistGB,AggregateHistGB,CA_1__HOUSEHOLD,1400,2,99464.2734375,0.03324147831530681,mean_spl,0.2792172922631064
store_cat,1,AggregateHistGB,AggregateHistGB,CA_2__FOODS,1400,3,108666.09375,0.036316774598162835,mean_spl,0.29059367177519396
store_cat,1,AggregateHistGB,AggregateHistGB,CA_2__HOBBIES,1400,4,31205.01953125,0.010428880081535783,mean_spl,0.16744990144581998
store_cat,1,AggregateHistGB,AggregateHistGB,CA_2__HOUSEHOLD,1400,5,87583.4453125,0.02927084366593958,mean_spl,0.2167267891843639
store_cat,1,AggregateHistGB,AggregateHistGB,CA_3__FOODS,1400,6,295087.1875,0.0986196752401741,mean_spl,0.4632068732795478
store_cat,1,AggregateHistGB,AggregateHistGB,CA_3__HOBBIES,1400,7,57647.32421875,0.01926603605220287,mean_spl,0.29752565523434993
store_cat,1,AggregateHistGB,AggregateHistGB,CA_3__HOUSEHOLD,1400,8,173274.515625,0.057909245749058404,mean_spl,0.5305451648098075
store_cat,1,AggregateHistGB,AggregateHistGB,CA_4__FOODS,1400,9,121674.46875,0.04066424128680854,mean_spl,0.46633302204713434
store_cat,1,AggregateHistGB,AggregateHistGB,CA_4__HOBBIES,1400,10,32223.5078125,0.010769264170671467,mean_spl,0.2100604271671759
store_cat,1,AggregateHistGB,AggregateHistGB,CA_4__HOUSEHOLD,1400,11,51777.10546875,0.017304178366620435,mean_spl,0.3576705985943886
store_cat,1,AggregateHistGB,AggregateHistGB,TX_1__FOODS,1400,12,142172.421875,0.04751476399978066,mean_spl,0.28143833347642677
store_cat,1,AggregateHistGB,AggregateHistGB,TX_1__HOBBIES,1400,13,25999.3828125,0.008689129172759201,mean_spl,0.2215296540171634
store_cat,1,AggregateHistGB,AggregateHistGB,TX_1__HOUSEHOLD,1400,14,81256.328125,0.027156288142454594,mean_spl,0.2938441089414085
store_cat,1,AggregateHistGB,AggregateHistGB,TX_2__FOODS,1400,15,171553.265625,0.057333995032667506,mean_spl,0.27561905530776515
store_cat,1,AggregateHistGB,AggregateHistGB,TX_2__HOBBIES,1400,16,37066.83984375,0.01238793096555631,mean_spl,0.17427633878319645
store_cat,1,AggregateHistGB,AggregateHistGB,TX_2__HOUSEHOLD,1400,17,82002.390625,0.02740562611636738,mean_spl,0.23340174532651461
store_cat,1,AggregateHistGB,AggregateHistGB,TX_3__FOODS,1400,18,157470.1875,0.05262735696126869,mean_spl,0.3624319427601096
store_cat,1,AggregateHistGB,AggregateHistGB,TX_3__HOBBIES,1400,19,39784.18359375,0.013296081402080826,mean_spl,0.24964084458274124
store_cat,1,AggregateHistGB,AggregateHistGB,TX_3__HOUSEHOLD,1400,20,87090.3359375,0.02910604394409335,mean_spl,0.35402463531136785
store_cat,1,AggregateHistGB,AggregateHistGB,WI_1__FOODS,1400,21,165848.921875,0.055427573636166454,mean_spl,0.4309646312285968
store_cat,1,AggregateHistGB,AggregateHistGB,WI_1__HOBBIES,1400,22,40985.328125,0.013697510161465327,mean_spl,0.2073686435958693
store_cat,1,AggregateHistGB,AggregateHistGB,WI_1__HOUSEHOLD,1400,23,68940.171875,0.02304016456598708,mean_spl,0.19652780370773537
store_cat,1,AggregateHistGB,AggregateHistGB,WI_2__FOODS,1400,24,219953.3125,0.07350954282537438,mean_spl,0.46210283518825485
store_cat,1,AggregateHistGB,AggregateHistGB,WI_2__HOBBIES,1400,25,25208.861328125,0.008424932774671118,mean_spl,0.23300309263264152
store_cat,1,AggregateHistGB,AggregateHistGB,WI_2__HOUSEHOLD,1400,26,79361.3984375,0.02652299276976338,mean_spl,0.4240771401965368
store_cat,1,AggregateHistGB,AggregateHistGB,WI_3__FOODS,1400,27,147652.625,0.04934627643180615,mean_spl,0.2785834481326646
store_cat,1,AggregateHistGB,AggregateHistGB,WI_3__HOBBIES,1400,28,21936.94140625,0.007331440092589935,mean_spl,0.17309691090461837
store_cat,1,AggregateHistGB,AggregateHistGB,WI_3__HOUSEHOLD,1400,29,61332.48046875,0.02049763446778741,mean_spl,0.19272855168072733
store_cat,1,AggregateHistGB,AggregateHistGB,CA_1__FOODS,1428,30,213076.046875,0.07429568976178588,mean_spl,0.2834755362632235
store_cat,1,AggregateHistGB,AggregateHistGB,CA_1__HOBBIES,1428,31,52497.34375,0.018304856044452224,mean_spl,0.21608144757498843
store_cat,1,AggregateHistGB,AggregateHistGB,CA_1__HOUSEHOLD,1428,32,95256.125,0.033214054863058604,mean_spl,0.2512043203520167
store_cat,1,AggregateHistGB,AggregateHistGB,CA_2__FOODS,1428,33,110173.421875,0.038415441302143576,mean_spl,0.22243374483098557
store_cat,1,AggregateHistGB,AggregateHistGB,CA_2__HOBBIES,1428,34,32410.05078125,0.011300787269721006,mean_spl,0.1554555354231494
store_cat,1,AggregateHistGB,AggregateHistGB,CA_2__HOUSEHOLD,1428,35,85537.21875,0.02982525140925001,mean_spl,0.1185816629994769
store_cat,1,AggregateHistGB,AggregateHistGB,CA_3__FOODS,1428,36,264437.8125,0.0922045906469763,mean_spl,0.26016096786034437
store_cat,1,AggregateHistGB,AggregateHistGB,CA_3__HOBBIES,1428,37,54865.0390625,0.019130427754495874,mean_spl,0.32311185674447507
store_cat,1,AggregateHistGB,AggregateHistGB,CA_3__HOUSEHOLD,1428,38,152489.84375,0.05317039756101494,mean_spl,0.3994388935421569
store_cat,1,AggregateHistGB,AggregateHistGB,CA_4__FOODS,1428,39,111408.5390625,0.038846103897624246,mean_spl,0.39435029677118055
store_cat,1,AggregateHistGB,AggregateHistGB,CA_4__HOBBIES,1428,40,33008.76171875,0.011509546737159329,mean_spl,0.2531655971577645
store_cat,1,AggregateHistGB,AggregateHistGB,CA_4__HOUSEHOLD,1428,41,49583.05078125,0.017288695807500653,mean_spl,0.254103932887902
store_cat,1,AggregateHistGB,AggregateHistGB,TX_1__FOODS,1428,42,143683.8125,0.05009989679202703,mean_spl,0.1924213262672798
store_cat,1,AggregateHistGB,AggregateHistGB,TX_1__HOBBIES,1428,43,24862.4609375,0.00866908182133985,mean_spl,0.19551325953045862
store_cat,1,AggregateHistGB,AggregateHistGB,TX_1__HOUSEHOLD,1428,44,78584.8359375,0.027401083680787818,mean_spl,0.3422861102669223
store_cat,1,AggregateHistGB,AggregateHistGB,TX_2__FOODS,1428,45,169112.625,0.05896645496324626,mean_spl,0.24369488797312736
store_cat,1,AggregateHistGB,AggregateHistGB,TX_2__HOBBIES,1428,46,37968.1328125,0.013238788017907201,mean_spl,0.19398420182544704
store_cat,1,AggregateHistGB,AggregateHistGB,TX_2__HOUSEHOLD,1428,47,76284.0390625,0.02659883822271356,mean_spl,0.2616596703244738
store_cat,1,AggregateHistGB,AggregateHistGB,TX_3__FOODS,1428,48,156201.359375,0.05446453464242413,mean_spl,0.2762471019151052
store_cat,1,AggregateHistGB,AggregateHistGB,TX_3__HOBBIES,1428,49,37867.00390625,0.013203526232479454,mean_spl,0.2428039755596013
store_cat,1,AggregateHistGB,AggregateHistGB,TX_3__HOUSEHOLD,1428,50,82279.71875,0.028689421207082816,mean_spl,0.3216598105594082
store_cat,1,AggregateHistGB,AggregateHistGB,WI_1__FOODS,1428,51,171078.21875,0.05965182127067253,mean_spl,0.48645547143945717
store_cat,1,AggregateHistGB,AggregateHistGB,WI_1__HOBBIES,1428,52,44008.82421875,0.015345065758871302,mean_spl,0.2703753358471355
store_cat,1,AggregateHistGB,AggregateHistGB,WI_1__HOUSEHOLD,1428,53,65090.1015625,0.02269571856233845,mean_spl,0.36308792399958645
store_cat,1,AggregateHistGB,AggregateHistGB,WI_2__FOODS,1428,54,209153.8125,0.07292807893658147,mean_spl,0.5239201090598213
store_cat,1,AggregateHistGB,AggregateHistGB,WI_2__HOBBIES,1428,55,24120.48046875,0.008410366909344633,mean_spl,0.27580512019980014
store_cat,1,AggregateHistGB,AggregateHistGB,WI_2__HOUSEHOLD,1428,56,73348.140625,0.025575144557077958,mean_spl,0.4517242287144263
store_cat,1,AggregateHistGB,AggregateHistGB,WI_3__FOODS,1428,57,139767.203125,0.048734247300632964,mean_spl,0.32927986034427686
store_cat,1,AggregateHistGB,AggregateHistGB,WI_3__HOBBIES,1428,58,22137.26171875,0.007718855089312624,mean_spl,0.2269764467729546
store_cat,1,AggregateHistGB,AggregateHistGB,WI_3__HOUSEHOLD,1428,59,57654.9921875,0.0201032329799773,mean_spl,0.3055184852540293
store_cat,1,AggregateHistGB,AggregateHistGB,CA_1__FOODS,1456,60,216654.625,0.07397924456338241,mean_spl,0.14899413614849571
store_cat,1,AggregateHistGB,AggregateHistGB,CA_1__HOBBIES,1456,61,54163.19921875,0.018494655082203344,mean_spl,0.14692461948271673
store_cat,1,AggregateHistGB,AggregateHistGB,CA_1__HOUSEHOLD,1456,62,94011.015625,0.03210115600612653,mean_spl,0.20147151706995342
store_cat,1,AggregateHistGB,AggregateHistGB,CA_2__FOODS,1456,63,106220.4296875,0.03627020261154881,mean_spl,0.42457589018214503
store_cat,1,AggregateHistGB,AggregateHistGB,CA_2__HOBBIES,1456,64,31810.216796875,0.010861968942644223,mean_spl,0.1451734029287857
store_cat,1,AggregateHistGB,AggregateHistGB,CA_2__HOUSEHOLD,1456,65,86838.34375,0.029651963671490145,mean_spl,0.17426510791489638
store_cat,1,AggregateHistGB,AggregateHistGB,CA_3__FOODS,1456,66,276034.6875,0.09425525836127126,mean_spl,0.2558449733250108
store_cat,1,AggregateHistGB,AggregateHistGB,CA_3__HOBBIES,1456,67,57284.25,0.019560374214858966,mean_spl,0.3167556584504949
store_cat,1,AggregateHistGB,AggregateHistGB,CA_3__HOUSEHOLD,1456,68,155978.5625,0.05326069647408786,mean_spl,0.278217932676619
store_cat,1,AggregateHistGB,AggregateHistGB,CA_4__FOODS,1456,69,114921.703125,0.03924135374965941,mean_spl,0.21513599796529753
store_cat,1,AggregateHistGB,AggregateHistGB,CA_4__HOBBIES,1456,70,33806.859375,0.011543745801055494,mean_spl,0.2188575709740764
store_cat,1,AggregateHistGB,AggregateHistGB,CA_4__HOUSEHOLD,1456,71,51044.75,0.017429824283357508,mean_spl,0.19197407244931228
store_cat,1,AggregateHistGB,AggregateHistGB,TX_1__FOODS,1456,72,140683.25,0.04803793391311849,mean_spl,0.14125838125060525
store_cat,1,AggregateHistGB,AggregateHistGB,TX_1__HOBBIES,1456,73,27783.09765625,0.009486862217873518,mean_spl,0.22434944239420077
store_cat,1,AggregateHistGB,AggregateHistGB,TX_1__HOUSEHOLD,1456,74,80417.0078125,0.027459323741721976,mean_spl,0.18549094253514525
store_cat,1,AggregateHistGB,AggregateHistGB,TX_2__FOODS,1456,75,169176.453125,0.05776726991219309,mean_spl,0.20460382740820812
store_cat,1,AggregateHistGB,AggregateHistGB,TX_2__HOBBIES,1456,76,42864.6796875,0.014636644021481715,mean_spl,0.21617731764320958
store_cat,1,AggregateHistGB,AggregateHistGB,TX_2__HOUSEHOLD,1456,77,79355.1796875,0.027096750163873577,mean_spl,0.25077256608962195
store_cat,1,AggregateHistGB,AggregateHistGB,TX_3__FOODS,1456,78,156799.8125,0.053541121849718216,mean_spl,0.2684908275900527
store_cat,1,AggregateHistGB,AggregateHistGB,TX_3__HOBBIES,1456,79,49402.20703125,0.016868958859916763,mean_spl,0.26092889594678037
store_cat,1,AggregateHistGB,AggregateHistGB,TX_3__HOUSEHOLD,1456,80,78533.859375,0.02681630077922134,mean_spl,0.28430373007326576
store_cat,1,AggregateHistGB,AggregateHistGB,WI_1__FOODS,1456,81,171450.15625,0.05854365232059495,mean_spl,0.48865253025496475
store_cat,1,AggregateHistGB,AggregateHistGB,WI_1__HOBBIES,1456,82,39346.1328125,0.01343519521893088,mean_spl,0.20907433910286374
store_cat,1,AggregateHistGB,AggregateHistGB,WI_1__HOUSEHOLD,1456,83,69904.34375,0.023869652181780117,mean_spl,0.2868292911977545
store_cat,1,AggregateHistGB,AggregateHistGB,WI_2__FOODS,1456,84,213990.953125,0.07306970278426171,mean_spl,0.26198175050228834
store_cat,1,AggregateHistGB,AggregateHistGB,WI_2__HOBBIES,1456,85,22872.908203125,0.007810220851896331,mean_spl,0.26181037685913094
store_cat,1,AggregateHistGB,AggregateHistGB,WI_2__HOUSEHOLD,1456,86,73007.3671875,0.02492921566799104,mean_spl,0.6991023695614488
store_cat,1,AggregateHistGB,AggregateHistGB,WI_3__FOODS,1456,87,151780.5625,0.05182724049004377,mean_spl,0.2873759993391001
store_cat,1,AggregateHistGB,AggregateHistGB,WI_3__HOBBIES,1456,88,21418.96875,0.007313756295078839,mean_spl,0.2474190149403071
store_cat,1,AggregateHistGB,AggregateHistGB,WI_3__HOUSEHOLD,1456,89,61031.02734375,0.020839754968617726,mean_spl,0.30775942368474707
store_cat,1,AggregateHistGB,AggregateHistGB,CA_1__FOODS,1484,90,213601.578125,0.06820771906795026,mean_spl,0.22129300357094517
store_cat,1,AggregateHistGB,AggregateHistGB,CA_1__HOBBIES,1484,91,57432.234375,0.018339385607920238,mean_spl,0.20447252517243802
store_cat,1,AggregateHistGB,AggregateHistGB,CA_1__HOUSEHOLD,1484,92,97660.3515625,0.031185115212744904,mean_spl,0.1438887021447155
store_cat,1,AggregateHistGB,AggregateHistGB,CA_2__FOODS,1484,93,97109.96875,0.03100936577969128,mean_spl,0.20022474508106358
store_cat,1,AggregateHistGB,AggregateHistGB,CA_2__HOBBIES,1484,94,32127.169921875,0.010258917559107109,mean_spl,0.1334982010939219
store_cat,1,AggregateHistGB,AggregateHistGB,CA_2__HOUSEHOLD,1484,95,85772.1484375,0.027388948414303897,mean_spl,0.12980104950384708
store_cat,1,AggregateHistGB,AggregateHistGB,CA_3__FOODS,1484,96,297412.46875,0.09497039438507442,mean_spl,0.23067000569658994
store_cat,1,AggregateHistGB,AggregateHistGB,CA_3__HOBBIES,1484,97,61886.78125,0.019761821174605104,mean_spl,0.22407691125290918
store_cat,1,AggregateHistGB,AggregateHistGB,CA_3__HOUSEHOLD,1484,98,172245.359375,0.05500176162618477,mean_spl,0.2955410182856769
store_cat,1,AggregateHistGB,AggregateHistGB,CA_4__FOODS,1484,99,119859.8125,0.03827389521323178,mean_spl,0.18113299242028225
store_cat,1,AggregateHistGB,AggregateHistGB,CA_4__HOBBIES,1484,100,36330.05078125,0.011600990588008404,mean_spl,0.1680548285445076
store_cat,1,AggregateHistGB,AggregateHistGB,CA_4__HOUSEHOLD,1484,101,51402.9609375,0.016414104940901036,mean_spl,0.20389014172077344
store_cat,1,AggregateHistGB,AggregateHistGB,TX_1__FOODS,1484,102,144507.609375,0.0461444831538793,mean_spl,0.16895873092656025
store_cat,1,AggregateHistGB,AggregateHistGB,TX_1__HOBBIES,1484,103,31937.12890625,0.010198233249941787,mean_spl,0.16607951773423435
store_cat,1,AggregateHistGB,AggregateHistGB,TX_1__HOUSEHOLD,1484,104,89760.1953125,0.02866242018950133,mean_spl,0.1949734158535027
store_cat,1,AggregateHistGB,AggregateHistGB,TX_2__FOODS,1484,105,179773.953125,0.0574058085062889,mean_spl,0.20736460640700471
store_cat,1,AggregateHistGB,AggregateHistGB,TX_2__HOBBIES,1484,106,49847.03125,0.015917262099447972,mean_spl,0.19794358099659062
store_cat,1,AggregateHistGB,AggregateHistGB,TX_2__HOUSEHOLD,1484,107,93967.359375,0.030005860940111543,mean_spl,0.1975751224060656
store_cat,1,AggregateHistGB,AggregateHistGB,TX_3__FOODS,1484,108,166358.546875,0.053121971894618626,mean_spl,0.21008590472427235
store_cat,1,AggregateHistGB,AggregateHistGB,TX_3__HOBBIES,1484,109,58939.0,0.018820529274335952,mean_spl,0.2012824903302377
store_cat,1,AggregateHistGB,AggregateHistGB,TX_3__HOUSEHOLD,1484,110,94858.9296875,0.030290559105444093,mean_spl,0.40246674929285453
store_cat,1,AggregateHistGB,AggregateHistGB,WI_1__FOODS,1484,111,182376.296875,0.05823679455506408,mean_spl,0.5904608686142037
store_cat,1,AggregateHistGB,AggregateHistGB,WI_1__HOBBIES,1484,112,42152.4609375,0.013460215223528077,mean_spl,0.16057075445053476
store_cat,1,AggregateHistGB,AggregateHistGB,WI_1__HOUSEHOLD,1484,113,74201.4921875,0.023694181372508085,mean_spl,0.2809175675582258
store_cat,1,AggregateHistGB,AggregateHistGB,WI_2__FOODS,1484,114,220910.796875,0.07054171464739512,mean_spl,0.2840706635907236
store_cat,1,AggregateHistGB,AggregateHistGB,WI_2__HOBBIES,1484,115,28042.1796875,0.00895448962019686,mean_spl,0.1732213027111664
store_cat,1,AggregateHistGB,AggregateHistGB,WI_2__HOUSEHOLD,1484,116,95896.65625,0.030621928201429557,mean_spl,0.4815704551720207
store_cat,1,AggregateHistGB,AggregateHistGB,WI_3__FOODS,1484,117,160906.484375,0.05138100747569806,mean_spl,0.1821120545712301
store_cat,1,AggregateHistGB,AggregateHistGB,WI_3__HOBBIES,1484,118,24415.33984375,0.007796359257404398,mean_spl,0.1500101333509419
store_cat,1,AggregateHistGB,AggregateHistGB,WI_3__HOUSEHOLD,1484,119,69941.15625,0.02233376166348309,mean_spl,0.21479364181309896
store_cat,1,ChildSummaryHistGB,ChildSummaryHistGB,CA_1__FOODS,1400,0,226958.65625,0.0758507651990865,rmsse,1.0228498070881864
store_cat,1,ChildSummaryHistGB,ChildSummaryHistGB,CA_1__HOBBIES,1400,1,50996.61328125,0.01704333381179291,rmsse,1.0215572952129632
store_cat,1,ChildSummaryHistGB,ChildSummaryHistGB,CA_1__HOUSEHOLD,1400,2,99464.2734375,0.03324147831530681,rmsse,0.9564322113064042
store_cat,1,ChildSummaryHistGB,ChildSummaryHistGB,CA_2__FOODS,1400,3,108666.09375,0.036316774598162835,rmsse,0.9392526110567381
store_cat,1,ChildSummaryHistGB,ChildSummaryHistGB,CA_2__HOBBIES,1400,4,31205.01953125,0.010428880081535783,rmsse,0.7459091011914106
store_cat,1,ChildSummaryHistGB,ChildSummaryHistGB,CA_2__HOUSEHOLD,1400,5,87583.4453125,0.02927084366593958,rmsse,0.6331518338077541
store_cat,1,ChildSummaryHistGB,ChildSummaryHistGB,CA_3__FOODS,1400,6,295087.1875,0.0986196752401741,rmsse,1.2920881324936246
store_cat,1,ChildSummaryHistGB,ChildSummaryHistGB,CA_3__HOBBIES,1400,7,57647.32421875,0.01926603605220287,rmsse,1.1474962216624527
store_cat,1,ChildSummaryHistGB,ChildSummaryHistGB,CA_3__HOUSEHOLD,1400,8,173274.515625,0.057909245749058404,rmsse,1.434492937049544
store_cat,1,ChildSummaryHistGB,ChildSummaryHistGB,CA_4__FOODS,1400,9,121674.46875,0.04066424128680854,rmsse,1.5452804301095628
store_cat,1,ChildSummaryHistGB,ChildSummaryHistGB,CA_4__HOBBIES,1400,10,32223.5078125,0.010769264170671467,rmsse,0.948314237760007
store_cat,1,ChildSummaryHistGB,ChildSummaryHistGB,CA_4__HOUSEHOLD,1400,11,51777.10546875,0.017304178366620435,rmsse,1.6479337732297514
store_cat,1,ChildSummaryHistGB,ChildSummaryHistGB,TX_1__FOODS,1400,12,142172.421875,0.04751476399978066,rmsse,1.011183452010168
store_cat,1,ChildSummaryHistGB,ChildSummaryHistGB,TX_1__HOBBIES,1400,13,25999.3828125,0.008689129172759201,rmsse,0.80904158046049
store_cat,1,ChildSummaryHistGB,ChildSummaryHistGB,TX_1__HOUSEHOLD,1400,14,81256.328125,0.027156288142454594,rmsse,1.0253417877408086
store_cat,1,ChildSummaryHistGB,ChildSummaryHistGB,TX_2__FOODS,1400,15,171553.265625,0.057333995032667506,rmsse,0.9002249832583198
store_cat,1,ChildSummaryHistGB,ChildSummaryHistGB,TX_2__HOBBIES,1400,16,37066.83984375,0.01238793096555631,rmsse,0.7928166029355308
store_cat,1,ChildSummaryHistGB,ChildSummaryHistGB,TX_2__HOUSEHOLD,1400,17,82002.390625,0.02740562611636738,rmsse,0.8347781677702116
store_cat,1,ChildSummaryHistGB,ChildSummaryHistGB,TX_3__FOODS,1400,18,157470.1875,0.05262735696126869,rmsse,1.1196732407106547
store_cat,1,ChildSummaryHistGB,ChildSummaryHistGB,TX_3__HOBBIES,1400,19,39784.18359375,0.013296081402080826,rmsse,1.0252706347235316
store_cat,1,ChildSummaryHistGB,ChildSummaryHistGB,TX_3__HOUSEHOLD,1400,20,87090.3359375,0.02910604394409335,rmsse,1.1577601556680763
store_cat,1,ChildSummaryHistGB,ChildSummaryHistGB,WI_1__FOODS,1400,21,165848.921875,0.055427573636166454,rmsse,1.2158269833127338
store_cat,1,ChildSummaryHistGB,ChildSummaryHistGB,WI_1__HOBBIES,1400,22,40985.328125,0.013697510161465327,rmsse,0.8117431824670871
store_cat,1,ChildSummaryHistGB,ChildSummaryHistGB,WI_1__HOUSEHOLD,1400,23,68940.171875,0.02304016456598708,rmsse,0.8631588313859695
store_cat,1,ChildSummaryHistGB,ChildSummaryHistGB,WI_2__FOODS,1400,24,219953.3125,0.07350954282537438,rmsse,1.209464423318905
store_cat,1,ChildSummaryHistGB,ChildSummaryHistGB,WI_2__HOBBIES,1400,25,25208.861328125,0.008424932774671118,rmsse,0.9401461963011805
store_cat,1,ChildSummaryHistGB,ChildSummaryHistGB,WI_2__HOUSEHOLD,1400,26,79361.3984375,0.02652299276976338,rmsse,1.345451406035152
store_cat,1,ChildSummaryHistGB,ChildSummaryHistGB,WI_3__FOODS,1400,27,147652.625,0.04934627643180615,rmsse,0.7724002481769207
store_cat,1,ChildSummaryHistGB,ChildSummaryHistGB,WI_3__HOBBIES,1400,28,21936.94140625,0.007331440092589935,rmsse,0.7320192207373905
store_cat,1,ChildSummaryHistGB,ChildSummaryHistGB,WI_3__HOUSEHOLD,1400,29,61332.48046875,0.02049763446778741,rmsse,0.7829043105412682
store_cat,1,ChildSummaryHistGB,ChildSummaryHistGB,CA_1__FOODS,1428,30,213076.046875,0.07429568976178588,rmsse,0.6485437692837848
store_cat,1,ChildSummaryHistGB,ChildSummaryHistGB,CA_1__HOBBIES,1428,31,52497.34375,0.018304856044452224,rmsse,0.7156885284355421
store_cat,1,ChildSummaryHistGB,ChildSummaryHistGB,CA_1__HOUSEHOLD,1428,32,95256.125,0.033214054863058604,rmsse,0.8194220957190712
store_cat,1,ChildSummaryHistGB,ChildSummaryHistGB,CA_2__FOODS,1428,33,110173.421875,0.038415441302143576,rmsse,0.5750959767884842
store_cat,1,ChildSummaryHistGB,ChildSummaryHistGB,CA_2__HOBBIES,1428,34,32410.05078125,0.011300787269721006,rmsse,0.6343366616718861
store_cat,1,ChildSummaryHistGB,ChildSummaryHistGB,CA_2__HOUSEHOLD,1428,35,85537.21875,0.02982525140925001,rmsse,0.3973949756959411
store_cat,1,ChildSummaryHistGB,ChildSummaryHistGB,CA_3__FOODS,1428,36,264437.8125,0.0922045906469763,rmsse,0.650010822705473
store_cat,1,ChildSummaryHistGB,ChildSummaryHistGB,CA_3__HOBBIES,1428,37,54865.0390625,0.019130427754495874,rmsse,1.0728196583131362
store_cat,1,ChildSummaryHistGB,ChildSummaryHistGB,CA_3__HOUSEHOLD,1428,38,152489.84375,0.05317039756101494,rmsse,1.012846555020898
store_cat,1,ChildSummaryHistGB,ChildSummaryHistGB,CA_4__FOODS,1428,39,111408.5390625,0.038846103897624246,rmsse,1.0265539841695015
store_cat,1,ChildSummaryHistGB,ChildSummaryHistGB,CA_4__HOBBIES,1428,40,33008.76171875,0.011509546737159329,rmsse,0.9160033706899308
store_cat,1,ChildSummaryHistGB,ChildSummaryHistGB,CA_4__HOUSEHOLD,1428,41,49583.05078125,0.017288695807500653,rmsse,0.9593495103077241
store_cat,1,ChildSummaryHistGB,ChildSummaryHistGB,TX_1__FOODS,1428,42,143683.8125,0.05009989679202703,rmsse,0.5167434705508368
store_cat,1,ChildSummaryHistGB,ChildSummaryHistGB,TX_1__HOBBIES,1428,43,24862.4609375,0.00866908182133985,rmsse,0.6463507015816878
store_cat,1,ChildSummaryHistGB,ChildSummaryHistGB,TX_1__HOUSEHOLD,1428,44,78584.8359375,0.027401083680787818,rmsse,1.032232437627707
store_cat,1,ChildSummaryHistGB,ChildSummaryHistGB,TX_2__FOODS,1428,45,169112.625,0.05896645496324626,rmsse,0.5494805985206463
store_cat,1,ChildSummaryHistGB,ChildSummaryHistGB,TX_2__HOBBIES,1428,46,37968.1328125,0.013238788017907201,rmsse,0.6520890979465777
store_cat,1,ChildSummaryHistGB,ChildSummaryHistGB,TX_2__HOUSEHOLD,1428,47,76284.0390625,0.02659883822271356,rmsse,0.7939074391858288
store_cat,1,ChildSummaryHistGB,ChildSummaryHistGB,TX_3__FOODS,1428,48,156201.359375,0.05446453464242413,rmsse,0.712367674467073
store_cat,1,ChildSummaryHistGB,ChildSummaryHistGB,TX_3__HOBBIES,1428,49,37867.00390625,0.013203526232479454,rmsse,0.8678619640858654
store_cat,1,ChildSummaryHistGB,ChildSummaryHistGB,TX_3__HOUSEHOLD,1428,50,82279.71875,0.028689421207082816,rmsse,1.0597465676112703
store_cat,1,ChildSummaryHistGB,ChildSummaryHistGB,WI_1__FOODS,1428,51,171078.21875,0.05965182127067253,rmsse,1.0199213029429666
store_cat,1,ChildSummaryHistGB,ChildSummaryHistGB,WI_1__HOBBIES,1428,52,44008.82421875,0.015345065758871302,rmsse,0.872204798879749
store_cat,1,ChildSummaryHistGB,ChildSummaryHistGB,WI_1__HOUSEHOLD,1428,53,65090.1015625,0.02269571856233845,rmsse,1.0070666296458874
store_cat,1,ChildSummaryHistGB,ChildSummaryHistGB,WI_2__FOODS,1428,54,209153.8125,0.07292807893658147,rmsse,1.0454982311195897
store_cat,1,ChildSummaryHistGB,ChildSummaryHistGB,WI_2__HOBBIES,1428,55,24120.48046875,0.008410366909344633,rmsse,0.89309937457211
store_cat,1,ChildSummaryHistGB,ChildSummaryHistGB,WI_2__HOUSEHOLD,1428,56,73348.140625,0.025575144557077958,rmsse,1.2772549704776677
store_cat,1,ChildSummaryHistGB,ChildSummaryHistGB,WI_3__FOODS,1428,57,139767.203125,0.048734247300632964,rmsse,0.7498539177870893
store_cat,1,ChildSummaryHistGB,ChildSummaryHistGB,WI_3__HOBBIES,1428,58,22137.26171875,0.007718855089312624,rmsse,0.8180017679304571
store_cat,1,ChildSummaryHistGB,ChildSummaryHistGB,WI_3__HOUSEHOLD,1428,59,57654.9921875,0.0201032329799773,rmsse,0.9165290006297431
store_cat,1,ChildSummaryHistGB,ChildSummaryHistGB,CA_1__FOODS,1456,60,216654.625,0.07397924456338241,rmsse,0.3743014461802778
store_cat,1,ChildSummaryHistGB,ChildSummaryHistGB,CA_1__HOBBIES,1456,61,54163.19921875,0.018494655082203344,rmsse,0.5660583463473805
store_cat,1,ChildSummaryHistGB,ChildSummaryHistGB,CA_1__HOUSEHOLD,1456,62,94011.015625,0.03210115600612653,rmsse,0.6552718561526731
store_cat,1,ChildSummaryHistGB,ChildSummaryHistGB,CA_2__FOODS,1456,63,106220.4296875,0.03627020261154881,rmsse,0.9183821436239337
store_cat,1,ChildSummaryHistGB,ChildSummaryHistGB,CA_2__HOBBIES,1456,64,31810.216796875,0.010861968942644223,rmsse,0.625030681694136
store_cat,1,ChildSummaryHistGB,ChildSummaryHistGB,CA_2__HOUSEHOLD,1456,65,86838.34375,0.029651963671490145,rmsse,0.5316647992532597
store_cat,1,ChildSummaryHistGB,ChildSummaryHistGB,CA_3__FOODS,1456,66,276034.6875,0.09425525836127126,rmsse,0.5862018949758133
store_cat,1,ChildSummaryHistGB,ChildSummaryHistGB,CA_3__HOBBIES,1456,67,57284.25,0.019560374214858966,rmsse,0.9268518753154926
store_cat,1,ChildSummaryHistGB,ChildSummaryHistGB,CA_3__HOUSEHOLD,1456,68,155978.5625,0.05326069647408786,rmsse,0.8105334069578418
store_cat,1,ChildSummaryHistGB,ChildSummaryHistGB,CA_4__FOODS,1456,69,114921.703125,0.03924135374965941,rmsse,0.6528662247070419
store_cat,1,ChildSummaryHistGB,ChildSummaryHistGB,CA_4__HOBBIES,1456,70,33806.859375,0.011543745801055494,rmsse,0.8944468889129644
store_cat,1,ChildSummaryHistGB,ChildSummaryHistGB,CA_4__HOUSEHOLD,1456,71,51044.75,0.017429824283357508,rmsse,1.0199390742008192
store_cat,1,ChildSummaryHistGB,ChildSummaryHistGB,TX_1__FOODS,1456,72,140683.25,0.04803793391311849,rmsse,0.44053219597383764
store_cat,1,ChildSummaryHistGB,ChildSummaryHistGB,TX_1__HOBBIES,1456,73,27783.09765625,0.009486862217873518,rmsse,0.8499808340867111
store_cat,1,ChildSummaryHistGB,ChildSummaryHistGB,TX_1__HOUSEHOLD,1456,74,80417.0078125,0.027459323741721976,rmsse,0.6699309382862746
store_cat,1,ChildSummaryHistGB,ChildSummaryHistGB,TX_2__FOODS,1456,75,169176.453125,0.05776726991219309,rmsse,0.47763848346443033
store_cat,1,ChildSummaryHistGB,ChildSummaryHistGB,TX_2__HOBBIES,1456,76,42864.6796875,0.014636644021481715,rmsse,0.8949820700065749
store_cat,1,ChildSummaryHistGB,ChildSummaryHistGB,TX_2__HOUSEHOLD,1456,77,79355.1796875,0.027096750163873577,rmsse,0.6827430695801424
store_cat,1,ChildSummaryHistGB,ChildSummaryHistGB,TX_3__FOODS,1456,78,156799.8125,0.053541121849718216,rmsse,0.7276652366729677
store_cat,1,ChildSummaryHistGB,ChildSummaryHistGB,TX_3__HOBBIES,1456,79,49402.20703125,0.016868958859916763,rmsse,1.0181513847498358
store_cat,1,ChildSummaryHistGB,ChildSummaryHistGB,TX_3__HOUSEHOLD,1456,80,78533.859375,0.02681630077922134,rmsse,0.9856897678517484
store_cat,1,ChildSummaryHistGB,ChildSummaryHistGB,WI_1__FOODS,1456,81,171450.15625,0.05854365232059495,rmsse,1.1109449586904174
store_cat,1,ChildSummaryHistGB,ChildSummaryHistGB,WI_1__HOBBIES,1456,82,39346.1328125,0.01343519521893088,rmsse,0.8692993709791917
store_cat,1,ChildSummaryHistGB,ChildSummaryHistGB,WI_1__HOUSEHOLD,1456,83,69904.34375,0.023869652181780117,rmsse,1.1493091344984445
store_cat,1,ChildSummaryHistGB,ChildSummaryHistGB,WI_2__FOODS,1456,84,213990.953125,0.07306970278426171,rmsse,0.6526615104435353
store_cat,1,ChildSummaryHistGB,ChildSummaryHistGB,WI_2__HOBBIES,1456,85,22872.908203125,0.007810220851896331,rmsse,1.1254248510757436
store_cat,1,ChildSummaryHistGB,ChildSummaryHistGB,WI_2__HOUSEHOLD,1456,86,73007.3671875,0.02492921566799104,rmsse,1.7237416235916057
store_cat,1,ChildSummaryHistGB,ChildSummaryHistGB,WI_3__FOODS,1456,87,151780.5625,0.05182724049004377,rmsse,0.6618124975729631
store_cat,1,ChildSummaryHistGB,ChildSummaryHistGB,WI_3__HOBBIES,1456,88,21418.96875,0.007313756295078839,rmsse,0.8727786145186973
store_cat,1,ChildSummaryHistGB,ChildSummaryHistGB,WI_3__HOUSEHOLD,1456,89,61031.02734375,0.020839754968617726,rmsse,1.0335308872154325
store_cat,1,ChildSummaryHistGB,ChildSummaryHistGB,CA_1__FOODS,1484,90,213601.578125,0.06820771906795026,rmsse,0.5325591098301539
store_cat,1,ChildSummaryHistGB,ChildSummaryHistGB,CA_1__HOBBIES,1484,91,57432.234375,0.018339385607920238,rmsse,0.7397392856241222
store_cat,1,ChildSummaryHistGB,ChildSummaryHistGB,CA_1__HOUSEHOLD,1484,92,97660.3515625,0.031185115212744904,rmsse,0.534251646481779
store_cat,1,ChildSummaryHistGB,ChildSummaryHistGB,CA_2__FOODS,1484,93,97109.96875,0.03100936577969128,rmsse,0.6380199355460217
store_cat,1,ChildSummaryHistGB,ChildSummaryHistGB,CA_2__HOBBIES,1484,94,32127.169921875,0.010258917559107109,rmsse,0.5453971288572363
store_cat,1,ChildSummaryHistGB,ChildSummaryHistGB,CA_2__HOUSEHOLD,1484,95,85772.1484375,0.027388948414303897,rmsse,0.36593949583679025
store_cat,1,ChildSummaryHistGB,ChildSummaryHistGB,CA_3__FOODS,1484,96,297412.46875,0.09497039438507442,rmsse,0.5357338135609391
store_cat,1,ChildSummaryHistGB,ChildSummaryHistGB,CA_3__HOBBIES,1484,97,61886.78125,0.019761821174605104,rmsse,0.8022794485419686
store_cat,1,ChildSummaryHistGB,ChildSummaryHistGB,CA_3__HOUSEHOLD,1484,98,172245.359375,0.05500176162618477,rmsse,0.7964874772107017
store_cat,1,ChildSummaryHistGB,ChildSummaryHistGB,CA_4__FOODS,1484,99,119859.8125,0.03827389521323178,rmsse,0.5868686245771776
store_cat,1,ChildSummaryHistGB,ChildSummaryHistGB,CA_4__HOBBIES,1484,100,36330.05078125,0.011600990588008404,rmsse,0.8541307783972121
store_cat,1,ChildSummaryHistGB,ChildSummaryHistGB,CA_4__HOUSEHOLD,1484,101,51402.9609375,0.016414104940901036,rmsse,0.7202718725263585
store_cat,1,ChildSummaryHistGB,ChildSummaryHistGB,TX_1__FOODS,1484,102,144507.609375,0.0461444831538793,rmsse,0.5045639805578357
store_cat,1,ChildSummaryHistGB,ChildSummaryHistGB,TX_1__HOBBIES,1484,103,31937.12890625,0.010198233249941787,rmsse,0.7166184238133342
store_cat,1,ChildSummaryHistGB,ChildSummaryHistGB,TX_1__HOUSEHOLD,1484,104,89760.1953125,0.02866242018950133,rmsse,0.7023508292500157
store_cat,1,ChildSummaryHistGB,ChildSummaryHistGB,TX_2__FOODS,1484,105,179773.953125,0.0574058085062889,rmsse,0.5655141785202389
store_cat,1,ChildSummaryHistGB,ChildSummaryHistGB,TX_2__HOBBIES,1484,106,49847.03125,0.015917262099447972,rmsse,0.8018161891944996
store_cat,1,ChildSummaryHistGB,ChildSummaryHistGB,TX_2__HOUSEHOLD,1484,107,93967.359375,0.030005860940111543,rmsse,0.5816287151472083
store_cat,1,ChildSummaryHistGB,ChildSummaryHistGB,TX_3__FOODS,1484,108,166358.546875,0.053121971894618626,rmsse,0.5972965683213991
store_cat,1,ChildSummaryHistGB,ChildSummaryHistGB,TX_3__HOBBIES,1484,109,58939.0,0.018820529274335952,rmsse,0.7409659592643869
store_cat,1,ChildSummaryHistGB,ChildSummaryHistGB,TX_3__HOUSEHOLD,1484,110,94858.9296875,0.030290559105444093,rmsse,1.3154062725135482
store_cat,1,ChildSummaryHistGB,ChildSummaryHistGB,WI_1__FOODS,1484,111,182376.296875,0.05823679455506408,rmsse,1.1496945227184696
store_cat,1,ChildSummaryHistGB,ChildSummaryHistGB,WI_1__HOBBIES,1484,112,42152.4609375,0.013460215223528077,rmsse,0.625670454789383
store_cat,1,ChildSummaryHistGB,ChildSummaryHistGB,WI_1__HOUSEHOLD,1484,113,74201.4921875,0.023694181372508085,rmsse,0.8766521074099838
store_cat,1,ChildSummaryHistGB,ChildSummaryHistGB,WI_2__FOODS,1484,114,220910.796875,0.07054171464739512,rmsse,0.7056105849641437
store_cat,1,ChildSummaryHistGB,ChildSummaryHistGB,WI_2__HOBBIES,1484,115,28042.1796875,0.00895448962019686,rmsse,0.6520989256390235
store_cat,1,ChildSummaryHistGB,ChildSummaryHistGB,WI_2__HOUSEHOLD,1484,116,95896.65625,0.030621928201429557,rmsse,1.158367124462138
store_cat,1,ChildSummaryHistGB,ChildSummaryHistGB,WI_3__FOODS,1484,117,160906.484375,0.05138100747569806,rmsse,0.4812204711874398
store_cat,1,ChildSummaryHistGB,ChildSummaryHistGB,WI_3__HOBBIES,1484,118,24415.33984375,0.007796359257404398,rmsse,0.5447928569024536
store_cat,1,ChildSummaryHistGB,ChildSummaryHistGB,WI_3__HOUSEHOLD,1484,119,69941.15625,0.02233376166348309,rmsse,0.8152003374599514
store_cat,1,ChildSummaryHistGB,ChildSummaryHistGB,CA_1__FOODS,1400,0,226958.65625,0.0758507651990865,mean_spl,0.4398700492686293
store_cat,1,ChildSummaryHistGB,ChildSummaryHistGB,CA_1__HOBBIES,1400,1,50996.61328125,0.01704333381179291,mean_spl,0.2787320326185115
store_cat,1,ChildSummaryHistGB,ChildSummaryHistGB,CA_1__HOUSEHOLD,1400,2,99464.2734375,0.03324147831530681,mean_spl,0.28773770962501194
store_cat,1,ChildSummaryHistGB,ChildSummaryHistGB,CA_2__FOODS,1400,3,108666.09375,0.036316774598162835,mean_spl,0.3363104274937318
store_cat,1,ChildSummaryHistGB,ChildSummaryHistGB,CA_2__HOBBIES,1400,4,31205.01953125,0.010428880081535783,mean_spl,0.19523524102160086
store_cat,1,ChildSummaryHistGB,ChildSummaryHistGB,CA_2__HOUSEHOLD,1400,5,87583.4453125,0.02927084366593958,mean_spl,0.20269811275112815
store_cat,1,ChildSummaryHistGB,ChildSummaryHistGB,CA_3__FOODS,1400,6,295087.1875,0.0986196752401741,mean_spl,0.48727951316540596
store_cat,1,ChildSummaryHistGB,ChildSummaryHistGB,CA_3__HOBBIES,1400,7,57647.32421875,0.01926603605220287,mean_spl,0.342599298518708
store_cat,1,ChildSummaryHistGB,ChildSummaryHistGB,CA_3__HOUSEHOLD,1400,8,173274.515625,0.057909245749058404,mean_spl,0.512395957232761
store_cat,1,ChildSummaryHistGB,ChildSummaryHistGB,CA_4__FOODS,1400,9,121674.46875,0.04066424128680854,mean_spl,0.532958563709172
store_cat,1,ChildSummaryHistGB,ChildSummaryHistGB,CA_4__HOBBIES,1400,10,32223.5078125,0.010769264170671467,mean_spl,0.23570749868944063
store_cat,1,ChildSummaryHistGB,ChildSummaryHistGB,CA_4__HOUSEHOLD,1400,11,51777.10546875,0.017304178366620435,mean_spl,0.39854878696826185
store_cat,1,ChildSummaryHistGB,ChildSummaryHistGB,TX_1__FOODS,1400,12,142172.421875,0.04751476399978066,mean_spl,0.31577011677246064
store_cat,1,ChildSummaryHistGB,ChildSummaryHistGB,TX_1__HOBBIES,1400,13,25999.3828125,0.008689129172759201,mean_spl,0.1981633047891987
store_cat,1,ChildSummaryHistGB,ChildSummaryHistGB,TX_1__HOUSEHOLD,1400,14,81256.328125,0.027156288142454594,mean_spl,0.30884999408564345
store_cat,1,ChildSummaryHistGB,ChildSummaryHistGB,TX_2__FOODS,1400,15,171553.265625,0.057333995032667506,mean_spl,0.3143343931435253
store_cat,1,ChildSummaryHistGB,ChildSummaryHistGB,TX_2__HOBBIES,1400,16,37066.83984375,0.01238793096555631,mean_spl,0.19156975876109666
store_cat,1,ChildSummaryHistGB,ChildSummaryHistGB,TX_2__HOUSEHOLD,1400,17,82002.390625,0.02740562611636738,mean_spl,0.23522615252190202
store_cat,1,ChildSummaryHistGB,ChildSummaryHistGB,TX_3__FOODS,1400,18,157470.1875,0.05262735696126869,mean_spl,0.3742273444150909
store_cat,1,ChildSummaryHistGB,ChildSummaryHistGB,TX_3__HOBBIES,1400,19,39784.18359375,0.013296081402080826,mean_spl,0.2518826755062634
store_cat,1,ChildSummaryHistGB,ChildSummaryHistGB,TX_3__HOUSEHOLD,1400,20,87090.3359375,0.02910604394409335,mean_spl,0.3384381978412484
store_cat,1,ChildSummaryHistGB,ChildSummaryHistGB,WI_1__FOODS,1400,21,165848.921875,0.055427573636166454,mean_spl,0.440870083002102
store_cat,1,ChildSummaryHistGB,ChildSummaryHistGB,WI_1__HOBBIES,1400,22,40985.328125,0.013697510161465327,mean_spl,0.22775461145450093
store_cat,1,ChildSummaryHistGB,ChildSummaryHistGB,WI_1__HOUSEHOLD,1400,23,68940.171875,0.02304016456598708,mean_spl,0.2196515067691474
store_cat,1,ChildSummaryHistGB,ChildSummaryHistGB,WI_2__FOODS,1400,24,219953.3125,0.07350954282537438,mean_spl,0.5100778113848758
store_cat,1,ChildSummaryHistGB,ChildSummaryHistGB,WI_2__HOBBIES,1400,25,25208.861328125,0.008424932774671118,mean_spl,0.2294315351383223
store_cat,1,ChildSummaryHistGB,ChildSummaryHistGB,WI_2__HOUSEHOLD,1400,26,79361.3984375,0.02652299276976338,mean_spl,0.4361810508964576
store_cat,1,ChildSummaryHistGB,ChildSummaryHistGB,WI_3__FOODS,1400,27,147652.625,0.04934627643180615,mean_spl,0.2884102035224221
store_cat,1,ChildSummaryHistGB,ChildSummaryHistGB,WI_3__HOBBIES,1400,28,21936.94140625,0.007331440092589935,mean_spl,0.17697709662968392
store_cat,1,ChildSummaryHistGB,ChildSummaryHistGB,WI_3__HOUSEHOLD,1400,29,61332.48046875,0.02049763446778741,mean_spl,0.2133823308303115
store_cat,1,ChildSummaryHistGB,ChildSummaryHistGB,CA_1__FOODS,1428,30,213076.046875,0.07429568976178588,mean_spl,0.29344198624191686
store_cat,1,ChildSummaryHistGB,ChildSummaryHistGB,CA_1__HOBBIES,1428,31,52497.34375,0.018304856044452224,mean_spl,0.20475866894235553
store_cat,1,ChildSummaryHistGB,ChildSummaryHistGB,CA_1__HOUSEHOLD,1428,32,95256.125,0.033214054863058604,mean_spl,0.2484708186665605
store_cat,1,ChildSummaryHistGB,ChildSummaryHistGB,CA_2__FOODS,1428,33,110173.421875,0.038415441302143576,mean_spl,0.2437264464334669
store_cat,1,ChildSummaryHistGB,ChildSummaryHistGB,CA_2__HOBBIES,1428,34,32410.05078125,0.011300787269721006,mean_spl,0.1580378722331712
store_cat,1,ChildSummaryHistGB,ChildSummaryHistGB,CA_2__HOUSEHOLD,1428,35,85537.21875,0.02982525140925001,mean_spl,0.10138596258334995
store_cat,1,ChildSummaryHistGB,ChildSummaryHistGB,CA_3__FOODS,1428,36,264437.8125,0.0922045906469763,mean_spl,0.2862559511320465
store_cat,1,ChildSummaryHistGB,ChildSummaryHistGB,CA_3__HOBBIES,1428,37,54865.0390625,0.019130427754495874,mean_spl,0.32346740997173035
store_cat,1,ChildSummaryHistGB,ChildSummaryHistGB,CA_3__HOUSEHOLD,1428,38,152489.84375,0.05317039756101494,mean_spl,0.39755128729518563
store_cat,1,ChildSummaryHistGB,ChildSummaryHistGB,CA_4__FOODS,1428,39,111408.5390625,0.038846103897624246,mean_spl,0.3562149509205076
store_cat,1,ChildSummaryHistGB,ChildSummaryHistGB,CA_4__HOBBIES,1428,40,33008.76171875,0.011509546737159329,mean_spl,0.21701024046990824
store_cat,1,ChildSummaryHistGB,ChildSummaryHistGB,CA_4__HOUSEHOLD,1428,41,49583.05078125,0.017288695807500653,mean_spl,0.239399571294033
store_cat,1,ChildSummaryHistGB,ChildSummaryHistGB,TX_1__FOODS,1428,42,143683.8125,0.05009989679202703,mean_spl,0.20233889604649521
store_cat,1,ChildSummaryHistGB,ChildSummaryHistGB,TX_1__HOBBIES,1428,43,24862.4609375,0.00866908182133985,mean_spl,0.1543664566312226
store_cat,1,ChildSummaryHistGB,ChildSummaryHistGB,TX_1__HOUSEHOLD,1428,44,78584.8359375,0.027401083680787818,mean_spl,0.32490695280944704
store_cat,1,ChildSummaryHistGB,ChildSummaryHistGB,TX_2__FOODS,1428,45,169112.625,0.05896645496324626,mean_spl,0.23575210379942194
store_cat,1,ChildSummaryHistGB,ChildSummaryHistGB,TX_2__HOBBIES,1428,46,37968.1328125,0.013238788017907201,mean_spl,0.16676739803871446
store_cat,1,ChildSummaryHistGB,ChildSummaryHistGB,TX_2__HOUSEHOLD,1428,47,76284.0390625,0.02659883822271356,mean_spl,0.25691796397121053
store_cat,1,ChildSummaryHistGB,ChildSummaryHistGB,TX_3__FOODS,1428,48,156201.359375,0.05446453464242413,mean_spl,0.301180285045396
store_cat,1,ChildSummaryHistGB,ChildSummaryHistGB,TX_3__HOBBIES,1428,49,37867.00390625,0.013203526232479454,mean_spl,0.2229909465460256
store_cat,1,ChildSummaryHistGB,ChildSummaryHistGB,TX_3__HOUSEHOLD,1428,50,82279.71875,0.028689421207082816,mean_spl,0.3416310697797909
store_cat,1,ChildSummaryHistGB,ChildSummaryHistGB,WI_1__FOODS,1428,51,171078.21875,0.05965182127067253,mean_spl,0.44702136120301744
store_cat,1,ChildSummaryHistGB,ChildSummaryHistGB,WI_1__HOBBIES,1428,52,44008.82421875,0.015345065758871302,mean_spl,0.2659901997400176
store_cat,1,ChildSummaryHistGB,ChildSummaryHistGB,WI_1__HOUSEHOLD,1428,53,65090.1015625,0.02269571856233845,mean_spl,0.315538491176089
store_cat,1,ChildSummaryHistGB,ChildSummaryHistGB,WI_2__FOODS,1428,54,209153.8125,0.07292807893658147,mean_spl,0.510304924820165
store_cat,1,ChildSummaryHistGB,ChildSummaryHistGB,WI_2__HOBBIES,1428,55,24120.48046875,0.008410366909344633,mean_spl,0.22931715810707004
store_cat,1,ChildSummaryHistGB,ChildSummaryHistGB,WI_2__HOUSEHOLD,1428,56,73348.140625,0.025575144557077958,mean_spl,0.3981042631686107
store_cat,1,ChildSummaryHistGB,ChildSummaryHistGB,WI_3__FOODS,1428,57,139767.203125,0.048734247300632964,mean_spl,0.34318584729863294
store_cat,1,ChildSummaryHistGB,ChildSummaryHistGB,WI_3__HOBBIES,1428,58,22137.26171875,0.007718855089312624,mean_spl,0.20002391164588318
store_cat,1,ChildSummaryHistGB,ChildSummaryHistGB,WI_3__HOUSEHOLD,1428,59,57654.9921875,0.0201032329799773,mean_spl,0.2809559998387715
store_cat,1,ChildSummaryHistGB,ChildSummaryHistGB,CA_1__FOODS,1456,60,216654.625,0.07397924456338241,mean_spl,0.1462748794254196
store_cat,1,ChildSummaryHistGB,ChildSummaryHistGB,CA_1__HOBBIES,1456,61,54163.19921875,0.018494655082203344,mean_spl,0.14828976987850673
store_cat,1,ChildSummaryHistGB,ChildSummaryHistGB,CA_1__HOUSEHOLD,1456,62,94011.015625,0.03210115600612653,mean_spl,0.20206790178967296
store_cat,1,ChildSummaryHistGB,ChildSummaryHistGB,CA_2__FOODS,1456,63,106220.4296875,0.03627020261154881,mean_spl,0.4247187746200256
store_cat,1,ChildSummaryHistGB,ChildSummaryHistGB,CA_2__HOBBIES,1456,64,31810.216796875,0.010861968942644223,mean_spl,0.15730028521461603
store_cat,1,ChildSummaryHistGB,ChildSummaryHistGB,CA_2__HOUSEHOLD,1456,65,86838.34375,0.029651963671490145,mean_spl,0.18594811543879528
store_cat,1,ChildSummaryHistGB,ChildSummaryHistGB,CA_3__FOODS,1456,66,276034.6875,0.09425525836127126,mean_spl,0.2512112255262658
store_cat,1,ChildSummaryHistGB,ChildSummaryHistGB,CA_3__HOBBIES,1456,67,57284.25,0.019560374214858966,mean_spl,0.27935228689003944
store_cat,1,ChildSummaryHistGB,ChildSummaryHistGB,CA_3__HOUSEHOLD,1456,68,155978.5625,0.05326069647408786,mean_spl,0.2826453142445031
store_cat,1,ChildSummaryHistGB,ChildSummaryHistGB,CA_4__FOODS,1456,69,114921.703125,0.03924135374965941,mean_spl,0.22705851384985465
store_cat,1,ChildSummaryHistGB,ChildSummaryHistGB,CA_4__HOBBIES,1456,70,33806.859375,0.011543745801055494,mean_spl,0.23154981955934606
store_cat,1,ChildSummaryHistGB,ChildSummaryHistGB,CA_4__HOUSEHOLD,1456,71,51044.75,0.017429824283357508,mean_spl,0.2683315579632923
store_cat,1,ChildSummaryHistGB,ChildSummaryHistGB,TX_1__FOODS,1456,72,140683.25,0.04803793391311849,mean_spl,0.17261438867810386
store_cat,1,ChildSummaryHistGB,ChildSummaryHistGB,TX_1__HOBBIES,1456,73,27783.09765625,0.009486862217873518,mean_spl,0.20797781100239343
store_cat,1,ChildSummaryHistGB,ChildSummaryHistGB,TX_1__HOUSEHOLD,1456,74,80417.0078125,0.027459323741721976,mean_spl,0.19929473625554206
store_cat,1,ChildSummaryHistGB,ChildSummaryHistGB,TX_2__FOODS,1456,75,169176.453125,0.05776726991219309,mean_spl,0.19023173490483888
store_cat,1,ChildSummaryHistGB,ChildSummaryHistGB,TX_2__HOBBIES,1456,76,42864.6796875,0.014636644021481715,mean_spl,0.23386537770341453
store_cat,1,ChildSummaryHistGB,ChildSummaryHistGB,TX_2__HOUSEHOLD,1456,77,79355.1796875,0.027096750163873577,mean_spl,0.22899256158255016
store_cat,1,ChildSummaryHistGB,ChildSummaryHistGB,TX_3__FOODS,1456,78,156799.8125,0.053541121849718216,mean_spl,0.28186533303189304
store_cat,1,ChildSummaryHistGB,ChildSummaryHistGB,TX_3__HOBBIES,1456,79,49402.20703125,0.016868958859916763,mean_spl,0.2521410120490554
store_cat,1,ChildSummaryHistGB,ChildSummaryHistGB,TX_3__HOUSEHOLD,1456,80,78533.859375,0.02681630077922134,mean_spl,0.34048708856951104
store_cat,1,ChildSummaryHistGB,ChildSummaryHistGB,WI_1__FOODS,1456,81,171450.15625,0.05854365232059495,mean_spl,0.4399691862019385
store_cat,1,ChildSummaryHistGB,ChildSummaryHistGB,WI_1__HOBBIES,1456,82,39346.1328125,0.01343519521893088,mean_spl,0.23154286730858786
store_cat,1,ChildSummaryHistGB,ChildSummaryHistGB,WI_1__HOUSEHOLD,1456,83,69904.34375,0.023869652181780117,mean_spl,0.3368397804342081
store_cat,1,ChildSummaryHistGB,ChildSummaryHistGB,WI_2__FOODS,1456,84,213990.953125,0.07306970278426171,mean_spl,0.28098946086641646
store_cat,1,ChildSummaryHistGB,ChildSummaryHistGB,WI_2__HOBBIES,1456,85,22872.908203125,0.007810220851896331,mean_spl,0.2960643691590498
store_cat,1,ChildSummaryHistGB,ChildSummaryHistGB,WI_2__HOUSEHOLD,1456,86,73007.3671875,0.02492921566799104,mean_spl,0.6809682929279582
store_cat,1,ChildSummaryHistGB,ChildSummaryHistGB,WI_3__FOODS,1456,87,151780.5625,0.05182724049004377,mean_spl,0.285091063677362
store_cat,1,ChildSummaryHistGB,ChildSummaryHistGB,WI_3__HOBBIES,1456,88,21418.96875,0.007313756295078839,mean_spl,0.22182971983919117
store_cat,1,ChildSummaryHistGB,ChildSummaryHistGB,WI_3__HOUSEHOLD,1456,89,61031.02734375,0.020839754968617726,mean_spl,0.3310410099466945
store_cat,1,ChildSummaryHistGB,ChildSummaryHistGB,CA_1__FOODS,1484,90,213601.578125,0.06820771906795026,mean_spl,0.25606330727033594
store_cat,1,ChildSummaryHistGB,ChildSummaryHistGB,CA_1__HOBBIES,1484,91,57432.234375,0.018339385607920238,mean_spl,0.21984627264312495
store_cat,1,ChildSummaryHistGB,ChildSummaryHistGB,CA_1__HOUSEHOLD,1484,92,97660.3515625,0.031185115212744904,mean_spl,0.14664252396695704
store_cat,1,ChildSummaryHistGB,ChildSummaryHistGB,CA_2__FOODS,1484,93,97109.96875,0.03100936577969128,mean_spl,0.2719267382271167
store_cat,1,ChildSummaryHistGB,ChildSummaryHistGB,CA_2__HOBBIES,1484,94,32127.169921875,0.010258917559107109,mean_spl,0.1353678361682657
store_cat,1,ChildSummaryHistGB,ChildSummaryHistGB,CA_2__HOUSEHOLD,1484,95,85772.1484375,0.027388948414303897,mean_spl,0.1083261906861591
store_cat,1,ChildSummaryHistGB,ChildSummaryHistGB,CA_3__FOODS,1484,96,297412.46875,0.09497039438507442,mean_spl,0.24542671391583903
store_cat,1,ChildSummaryHistGB,ChildSummaryHistGB,CA_3__HOBBIES,1484,97,61886.78125,0.019761821174605104,mean_spl,0.22357491893859066
store_cat,1,ChildSummaryHistGB,ChildSummaryHistGB,CA_3__HOUSEHOLD,1484,98,172245.359375,0.05500176162618477,mean_spl,0.3086931602690461
store_cat,1,ChildSummaryHistGB,ChildSummaryHistGB,CA_4__FOODS,1484,99,119859.8125,0.03827389521323178,mean_spl,0.20205813726926128
store_cat,1,ChildSummaryHistGB,ChildSummaryHistGB,CA_4__HOBBIES,1484,100,36330.05078125,0.011600990588008404,mean_spl,0.21319105731777915
store_cat,1,ChildSummaryHistGB,ChildSummaryHistGB,CA_4__HOUSEHOLD,1484,101,51402.9609375,0.016414104940901036,mean_spl,0.17530771659246908
store_cat,1,ChildSummaryHistGB,ChildSummaryHistGB,TX_1__FOODS,1484,102,144507.609375,0.0461444831538793,mean_spl,0.19470614516049484
store_cat,1,ChildSummaryHistGB,ChildSummaryHistGB,TX_1__HOBBIES,1484,103,31937.12890625,0.010198233249941787,mean_spl,0.1755938339748161
store_cat,1,ChildSummaryHistGB,ChildSummaryHistGB,TX_1__HOUSEHOLD,1484,104,89760.1953125,0.02866242018950133,mean_spl,0.22206473909672328
store_cat,1,ChildSummaryHistGB,ChildSummaryHistGB,TX_2__FOODS,1484,105,179773.953125,0.0574058085062889,mean_spl,0.25135695745712755
store_cat,1,ChildSummaryHistGB,ChildSummaryHistGB,TX_2__HOBBIES,1484,106,49847.03125,0.015917262099447972,mean_spl,0.202002643369538
store_cat,1,ChildSummaryHistGB,ChildSummaryHistGB,TX_2__HOUSEHOLD,1484,107,93967.359375,0.030005860940111543,mean_spl,0.18764249259007862
store_cat,1,ChildSummaryHistGB,ChildSummaryHistGB,TX_3__FOODS,1484,108,166358.546875,0.053121971894618626,mean_spl,0.2297186086466304
store_cat,1,ChildSummaryHistGB,ChildSummaryHistGB,TX_3__HOBBIES,1484,109,58939.0,0.018820529274335952,mean_spl,0.18544903411046923
store_cat,1,ChildSummaryHistGB,ChildSummaryHistGB,TX_3__HOUSEHOLD,1484,110,94858.9296875,0.030290559105444093,mean_spl,0.4983020191703931
store_cat,1,ChildSummaryHistGB,ChildSummaryHistGB,WI_1__FOODS,1484,111,182376.296875,0.05823679455506408,mean_spl,0.6387186498545283
store_cat,1,ChildSummaryHistGB,ChildSummaryHistGB,WI_1__HOBBIES,1484,112,42152.4609375,0.013460215223528077,mean_spl,0.16442342482108094
store_cat,1,ChildSummaryHistGB,ChildSummaryHistGB,WI_1__HOUSEHOLD,1484,113,74201.4921875,0.023694181372508085,mean_spl,0.28642446511682873
store_cat,1,ChildSummaryHistGB,ChildSummaryHistGB,WI_2__FOODS,1484,114,220910.796875,0.07054171464739512,mean_spl,0.3148793843444707
store_cat,1,ChildSummaryHistGB,ChildSummaryHistGB,WI_2__HOBBIES,1484,115,28042.1796875,0.00895448962019686,mean_spl,0.16323601568215151
store_cat,1,ChildSummaryHistGB,ChildSummaryHistGB,WI_2__HOUSEHOLD,1484,116,95896.65625,0.030621928201429557,mean_spl,0.4838995704745084
store_cat,1,ChildSummaryHistGB,ChildSummaryHistGB,WI_3__FOODS,1484,117,160906.484375,0.05138100747569806,mean_spl,0.19854825228366924
store_cat,1,ChildSummaryHistGB,ChildSummaryHistGB,WI_3__HOBBIES,1484,118,24415.33984375,0.007796359257404398,mean_spl,0.13599427513097515
store_cat,1,ChildSummaryHistGB,ChildSummaryHistGB,WI_3__HOUSEHOLD,1484,119,69941.15625,0.02233376166348309,mean_spl,0.25098252871512094
store_cat,1,BottomUpGlobalHistGB,BottomUpGlobalHistGB,CA_1__FOODS,1400,0,226958.65625,0.0758507651990865,rmsse,0.9638212653733996
store_cat,1,BottomUpGlobalHistGB,BottomUpGlobalHistGB,CA_1__HOBBIES,1400,1,50996.61328125,0.01704333381179291,rmsse,0.8842588180265846
store_cat,1,BottomUpGlobalHistGB,BottomUpGlobalHistGB,CA_1__HOUSEHOLD,1400,2,99464.2734375,0.03324147831530681,rmsse,0.9356857329840758
store_cat,1,BottomUpGlobalHistGB,BottomUpGlobalHistGB,CA_2__FOODS,1400,3,108666.09375,0.036316774598162835,rmsse,0.797361975209703
store_cat,1,BottomUpGlobalHistGB,BottomUpGlobalHistGB,CA_2__HOBBIES,1400,4,31205.01953125,0.010428880081535783,rmsse,0.6637767455133885
store_cat,1,BottomUpGlobalHistGB,BottomUpGlobalHistGB,CA_2__HOUSEHOLD,1400,5,87583.4453125,0.02927084366593958,rmsse,0.7596278296173735
store_cat,1,BottomUpGlobalHistGB,BottomUpGlobalHistGB,CA_3__FOODS,1400,6,295087.1875,0.0986196752401741,rmsse,1.139360315921406
store_cat,1,BottomUpGlobalHistGB,BottomUpGlobalHistGB,CA_3__HOBBIES,1400,7,57647.32421875,0.01926603605220287,rmsse,1.0868659773590439
store_cat,1,BottomUpGlobalHistGB,BottomUpGlobalHistGB,CA_3__HOUSEHOLD,1400,8,173274.515625,0.057909245749058404,rmsse,1.2600935351934661
store_cat,1,BottomUpGlobalHistGB,BottomUpGlobalHistGB,CA_4__FOODS,1400,9,121674.46875,0.04066424128680854,rmsse,1.5004992848216383
store_cat,1,BottomUpGlobalHistGB,BottomUpGlobalHistGB,CA_4__HOBBIES,1400,10,32223.5078125,0.010769264170671467,rmsse,0.9354773951119109
store_cat,1,BottomUpGlobalHistGB,BottomUpGlobalHistGB,CA_4__HOUSEHOLD,1400,11,51777.10546875,0.017304178366620435,rmsse,1.7747408594993979
store_cat,1,BottomUpGlobalHistGB,BottomUpGlobalHistGB,TX_1__FOODS,1400,12,142172.421875,0.04751476399978066,rmsse,0.8326544434208775
store_cat,1,BottomUpGlobalHistGB,BottomUpGlobalHistGB,TX_1__HOBBIES,1400,13,25999.3828125,0.008689129172759201,rmsse,1.1077364547365474
store_cat,1,BottomUpGlobalHistGB,BottomUpGlobalHistGB,TX_1__HOUSEHOLD,1400,14,81256.328125,0.027156288142454594,rmsse,0.9332527284493556
store_cat,1,BottomUpGlobalHistGB,BottomUpGlobalHistGB,TX_2__FOODS,1400,15,171553.265625,0.057333995032667506,rmsse,0.8148257875760508
store_cat,1,BottomUpGlobalHistGB,BottomUpGlobalHistGB,TX_2__HOBBIES,1400,16,37066.83984375,0.01238793096555631,rmsse,0.7670240209902961
store_cat,1,BottomUpGlobalHistGB,BottomUpGlobalHistGB,TX_2__HOUSEHOLD,1400,17,82002.390625,0.02740562611636738,rmsse,0.7637704586971188
store_cat,1,BottomUpGlobalHistGB,BottomUpGlobalHistGB,TX_3__FOODS,1400,18,157470.1875,0.05262735696126869,rmsse,1.0376180407563846
store_cat,1,BottomUpGlobalHistGB,BottomUpGlobalHistGB,TX_3__HOBBIES,1400,19,39784.18359375,0.013296081402080826,rmsse,1.0945824350901392
store_cat,1,BottomUpGlobalHistGB,BottomUpGlobalHistGB,TX_3__HOUSEHOLD,1400,20,87090.3359375,0.02910604394409335,rmsse,1.0781149713989113
store_cat,1,BottomUpGlobalHistGB,BottomUpGlobalHistGB,WI_1__FOODS,1400,21,165848.921875,0.055427573636166454,rmsse,1.0276528091362922
store_cat,1,BottomUpGlobalHistGB,BottomUpGlobalHistGB,WI_1__HOBBIES,1400,22,40985.328125,0.013697510161465327,rmsse,0.810559014254378
store_cat,1,BottomUpGlobalHistGB,BottomUpGlobalHistGB,WI_1__HOUSEHOLD,1400,23,68940.171875,0.02304016456598708,rmsse,0.9022965217975022
store_cat,1,BottomUpGlobalHistGB,BottomUpGlobalHistGB,WI_2__FOODS,1400,24,219953.3125,0.07350954282537438,rmsse,1.2749382787917465
store_cat,1,BottomUpGlobalHistGB,BottomUpGlobalHistGB,WI_2__HOBBIES,1400,25,25208.861328125,0.008424932774671118,rmsse,1.048195152472286
store_cat,1,BottomUpGlobalHistGB,BottomUpGlobalHistGB,WI_2__HOUSEHOLD,1400,26,79361.3984375,0.02652299276976338,rmsse,1.325069972889778
store_cat,1,BottomUpGlobalHistGB,BottomUpGlobalHistGB,WI_3__FOODS,1400,27,147652.625,0.04934627643180615,rmsse,0.6913662151387592
store_cat,1,BottomUpGlobalHistGB,BottomUpGlobalHistGB,WI_3__HOBBIES,1400,28,21936.94140625,0.007331440092589935,rmsse,0.7376634403277629
store_cat,1,BottomUpGlobalHistGB,BottomUpGlobalHistGB,WI_3__HOUSEHOLD,1400,29,61332.48046875,0.02049763446778741,rmsse,0.8576989465461629
store_cat,1,BottomUpGlobalHistGB,BottomUpGlobalHistGB,CA_1__FOODS,1428,30,213076.046875,0.07429568976178588,rmsse,0.7327207319270369
store_cat,1,BottomUpGlobalHistGB,BottomUpGlobalHistGB,CA_1__HOBBIES,1428,31,52497.34375,0.018304856044452224,rmsse,0.7125068656409843
store_cat,1,BottomUpGlobalHistGB,BottomUpGlobalHistGB,CA_1__HOUSEHOLD,1428,32,95256.125,0.033214054863058604,rmsse,0.8179190055295396
store_cat,1,BottomUpGlobalHistGB,BottomUpGlobalHistGB,CA_2__FOODS,1428,33,110173.421875,0.038415441302143576,rmsse,0.7578971514734694
store_cat,1,BottomUpGlobalHistGB,BottomUpGlobalHistGB,CA_2__HOBBIES,1428,34,32410.05078125,0.011300787269721006,rmsse,0.7548311313509134
store_cat,1,BottomUpGlobalHistGB,BottomUpGlobalHistGB,CA_2__HOUSEHOLD,1428,35,85537.21875,0.02982525140925001,rmsse,0.6208722876144428
store_cat,1,BottomUpGlobalHistGB,BottomUpGlobalHistGB,CA_3__FOODS,1428,36,264437.8125,0.0922045906469763,rmsse,1.0328045256386151
store_cat,1,BottomUpGlobalHistGB,BottomUpGlobalHistGB,CA_3__HOBBIES,1428,37,54865.0390625,0.019130427754495874,rmsse,1.1030804731781532
store_cat,1,BottomUpGlobalHistGB,BottomUpGlobalHistGB,CA_3__HOUSEHOLD,1428,38,152489.84375,0.05317039756101494,rmsse,1.3496522167264962
store_cat,1,BottomUpGlobalHistGB,BottomUpGlobalHistGB,CA_4__FOODS,1428,39,111408.5390625,0.038846103897624246,rmsse,1.033280623859935
store_cat,1,BottomUpGlobalHistGB,BottomUpGlobalHistGB,CA_4__HOBBIES,1428,40,33008.76171875,0.011509546737159329,rmsse,0.9937160202228832
store_cat,1,BottomUpGlobalHistGB,BottomUpGlobalHistGB,CA_4__HOUSEHOLD,1428,41,49583.05078125,0.017288695807500653,rmsse,1.3494292732261108
store_cat,1,BottomUpGlobalHistGB,BottomUpGlobalHistGB,TX_1__FOODS,1428,42,143683.8125,0.05009989679202703,rmsse,0.7251534183119795
store_cat,1,BottomUpGlobalHistGB,BottomUpGlobalHistGB,TX_1__HOBBIES,1428,43,24862.4609375,0.00866908182133985,rmsse,0.9173094467641814
store_cat,1,BottomUpGlobalHistGB,BottomUpGlobalHistGB,TX_1__HOUSEHOLD,1428,44,78584.8359375,0.027401083680787818,rmsse,0.9282881127504472
store_cat,1,BottomUpGlobalHistGB,BottomUpGlobalHistGB,TX_2__FOODS,1428,45,169112.625,0.05896645496324626,rmsse,0.6934582612459643
store_cat,1,BottomUpGlobalHistGB,BottomUpGlobalHistGB,TX_2__HOBBIES,1428,46,37968.1328125,0.013238788017907201,rmsse,0.8811871412649357
store_cat,1,BottomUpGlobalHistGB,BottomUpGlobalHistGB,TX_2__HOUSEHOLD,1428,47,76284.0390625,0.02659883822271356,rmsse,0.6778336637835166
store_cat,1,BottomUpGlobalHistGB,BottomUpGlobalHistGB,TX_3__FOODS,1428,48,156201.359375,0.05446453464242413,rmsse,0.8984637924188585
store_cat,1,BottomUpGlobalHistGB,BottomUpGlobalHistGB,TX_3__HOBBIES,1428,49,37867.00390625,0.013203526232479454,rmsse,1.0838201562305172
store_cat,1,BottomUpGlobalHistGB,BottomUpGlobalHistGB,TX_3__HOUSEHOLD,1428,50,82279.71875,0.028689421207082816,rmsse,1.1062631853193903
store_cat,1,BottomUpGlobalHistGB,BottomUpGlobalHistGB,WI_1__FOODS,1428,51,171078.21875,0.05965182127067253,rmsse,1.0666088205744606
store_cat,1,BottomUpGlobalHistGB,BottomUpGlobalHistGB,WI_1__HOBBIES,1428,52,44008.82421875,0.015345065758871302,rmsse,0.9870733697795954
store_cat,1,BottomUpGlobalHistGB,BottomUpGlobalHistGB,WI_1__HOUSEHOLD,1428,53,65090.1015625,0.02269571856233845,rmsse,1.089549864082213
store_cat,1,BottomUpGlobalHistGB,BottomUpGlobalHistGB,WI_2__FOODS,1428,54,209153.8125,0.07292807893658147,rmsse,1.5107982095995145
store_cat,1,BottomUpGlobalHistGB,BottomUpGlobalHistGB,WI_2__HOBBIES,1428,55,24120.48046875,0.008410366909344633,rmsse,1.2349327139304438
store_cat,1,BottomUpGlobalHistGB,BottomUpGlobalHistGB,WI_2__HOUSEHOLD,1428,56,73348.140625,0.025575144557077958,rmsse,1.3079538637143804
store_cat,1,BottomUpGlobalHistGB,BottomUpGlobalHistGB,WI_3__FOODS,1428,57,139767.203125,0.048734247300632964,rmsse,0.7781914273884956
store_cat,1,BottomUpGlobalHistGB,BottomUpGlobalHistGB,WI_3__HOBBIES,1428,58,22137.26171875,0.007718855089312624,rmsse,0.9632809959796101
store_cat,1,BottomUpGlobalHistGB,BottomUpGlobalHistGB,WI_3__HOUSEHOLD,1428,59,57654.9921875,0.0201032329799773,rmsse,0.9393438712119293
store_cat,1,BottomUpGlobalHistGB,BottomUpGlobalHistGB,CA_1__FOODS,1456,60,216654.625,0.07397924456338241,rmsse,0.4282164625012976
store_cat,1,BottomUpGlobalHistGB,BottomUpGlobalHistGB,CA_1__HOBBIES,1456,61,54163.19921875,0.018494655082203344,rmsse,0.4120493863559202
store_cat,1,BottomUpGlobalHistGB,BottomUpGlobalHistGB,CA_1__HOUSEHOLD,1456,62,94011.015625,0.03210115600612653,rmsse,0.7188309833262635
store_cat,1,BottomUpGlobalHistGB,BottomUpGlobalHistGB,CA_2__FOODS,1456,63,106220.4296875,0.03627020261154881,rmsse,0.7702392717745798
store_cat,1,BottomUpGlobalHistGB,BottomUpGlobalHistGB,CA_2__HOBBIES,1456,64,31810.216796875,0.010861968942644223,rmsse,0.6366321652495288
store_cat,1,BottomUpGlobalHistGB,BottomUpGlobalHistGB,CA_2__HOUSEHOLD,1456,65,86838.34375,0.029651963671490145,rmsse,0.5199739939166352
store_cat,1,BottomUpGlobalHistGB,BottomUpGlobalHistGB,CA_3__FOODS,1456,66,276034.6875,0.09425525836127126,rmsse,0.7482263813478237
store_cat,1,BottomUpGlobalHistGB,BottomUpGlobalHistGB,CA_3__HOBBIES,1456,67,57284.25,0.019560374214858966,rmsse,0.7554581622055814
store_cat,1,BottomUpGlobalHistGB,BottomUpGlobalHistGB,CA_3__HOUSEHOLD,1456,68,155978.5625,0.05326069647408786,rmsse,0.9779185957153238
store_cat,1,BottomUpGlobalHistGB,BottomUpGlobalHistGB,CA_4__FOODS,1456,69,114921.703125,0.03924135374965941,rmsse,0.75366992813227
store_cat,1,BottomUpGlobalHistGB,BottomUpGlobalHistGB,CA_4__HOBBIES,1456,70,33806.859375,0.011543745801055494,rmsse,0.723215856904741
store_cat,1,BottomUpGlobalHistGB,BottomUpGlobalHistGB,CA_4__HOUSEHOLD,1456,71,51044.75,0.017429824283357508,rmsse,1.1486400612097085
store_cat,1,BottomUpGlobalHistGB,BottomUpGlobalHistGB,TX_1__FOODS,1456,72,140683.25,0.04803793391311849,rmsse,0.4536280110816609
store_cat,1,BottomUpGlobalHistGB,BottomUpGlobalHistGB,TX_1__HOBBIES,1456,73,27783.09765625,0.009486862217873518,rmsse,0.7407072962040412
store_cat,1,BottomUpGlobalHistGB,BottomUpGlobalHistGB,TX_1__HOUSEHOLD,1456,74,80417.0078125,0.027459323741721976,rmsse,0.6622540639983857
store_cat,1,BottomUpGlobalHistGB,BottomUpGlobalHistGB,TX_2__FOODS,1456,75,169176.453125,0.05776726991219309,rmsse,0.45333366066718567
store_cat,1,BottomUpGlobalHistGB,BottomUpGlobalHistGB,TX_2__HOBBIES,1456,76,42864.6796875,0.014636644021481715,rmsse,0.6354461090860343
store_cat,1,BottomUpGlobalHistGB,BottomUpGlobalHistGB,TX_2__HOUSEHOLD,1456,77,79355.1796875,0.027096750163873577,rmsse,0.8410633314912156
store_cat,1,BottomUpGlobalHistGB,BottomUpGlobalHistGB,TX_3__FOODS,1456,78,156799.8125,0.053541121849718216,rmsse,0.6359336063662824
store_cat,1,BottomUpGlobalHistGB,BottomUpGlobalHistGB,TX_3__HOBBIES,1456,79,49402.20703125,0.016868958859916763,rmsse,0.7906590957907276
store_cat,1,BottomUpGlobalHistGB,BottomUpGlobalHistGB,TX_3__HOUSEHOLD,1456,80,78533.859375,0.02681630077922134,rmsse,1.0500121941416436
store_cat,1,BottomUpGlobalHistGB,BottomUpGlobalHistGB,WI_1__FOODS,1456,81,171450.15625,0.05854365232059495,rmsse,1.2031546029371718
store_cat,1,BottomUpGlobalHistGB,BottomUpGlobalHistGB,WI_1__HOBBIES,1456,82,39346.1328125,0.01343519521893088,rmsse,0.9312630751709821
store_cat,1,BottomUpGlobalHistGB,BottomUpGlobalHistGB,WI_1__HOUSEHOLD,1456,83,69904.34375,0.023869652181780117,rmsse,1.2211852584042733
store_cat,1,BottomUpGlobalHistGB,BottomUpGlobalHistGB,WI_2__FOODS,1456,84,213990.953125,0.07306970278426171,rmsse,1.0186129293444446
store_cat,1,BottomUpGlobalHistGB,BottomUpGlobalHistGB,WI_2__HOBBIES,1456,85,22872.908203125,0.007810220851896331,rmsse,0.9831646839524256
store_cat,1,BottomUpGlobalHistGB,BottomUpGlobalHistGB,WI_2__HOUSEHOLD,1456,86,73007.3671875,0.02492921566799104,rmsse,1.97597028579079
store_cat,1,BottomUpGlobalHistGB,BottomUpGlobalHistGB,WI_3__FOODS,1456,87,151780.5625,0.05182724049004377,rmsse,0.7556768395968555
store_cat,1,BottomUpGlobalHistGB,BottomUpGlobalHistGB,WI_3__HOBBIES,1456,88,21418.96875,0.007313756295078839,rmsse,0.8485057412054028
store_cat,1,BottomUpGlobalHistGB,BottomUpGlobalHistGB,WI_3__HOUSEHOLD,1456,89,61031.02734375,0.020839754968617726,rmsse,1.1746038678222461
store_cat,1,BottomUpGlobalHistGB,BottomUpGlobalHistGB,CA_1__FOODS,1484,90,213601.578125,0.06820771906795026,rmsse,0.4053907264463601
store_cat,1,BottomUpGlobalHistGB,BottomUpGlobalHistGB,CA_1__HOBBIES,1484,91,57432.234375,0.018339385607920238,rmsse,0.6778944855042376
store_cat,1,BottomUpGlobalHistGB,BottomUpGlobalHistGB,CA_1__HOUSEHOLD,1484,92,97660.3515625,0.031185115212744904,rmsse,0.6221143272223102
store_cat,1,BottomUpGlobalHistGB,BottomUpGlobalHistGB,CA_2__FOODS,1484,93,97109.96875,0.03100936577969128,rmsse,0.5037303623677759
store_cat,1,BottomUpGlobalHistGB,BottomUpGlobalHistGB,CA_2__HOBBIES,1484,94,32127.169921875,0.010258917559107109,rmsse,0.5892907062359103
store_cat,1,BottomUpGlobalHistGB,BottomUpGlobalHistGB,CA_2__HOUSEHOLD,1484,95,85772.1484375,0.027388948414303897,rmsse,0.6022286841011305
store_cat,1,BottomUpGlobalHistGB,BottomUpGlobalHistGB,CA_3__FOODS,1484,96,297412.46875,0.09497039438507442,rmsse,0.6480095604421423
store_cat,1,BottomUpGlobalHistGB,BottomUpGlobalHistGB,CA_3__HOBBIES,1484,97,61886.78125,0.019761821174605104,rmsse,0.8230037375613252
store_cat,1,BottomUpGlobalHistGB,BottomUpGlobalHistGB,CA_3__HOUSEHOLD,1484,98,172245.359375,0.05500176162618477,rmsse,0.86625019076579
store_cat,1,BottomUpGlobalHistGB,BottomUpGlobalHistGB,CA_4__FOODS,1484,99,119859.8125,0.03827389521323178,rmsse,0.7396509641109645
store_cat,1,BottomUpGlobalHistGB,BottomUpGlobalHistGB,CA_4__HOBBIES,1484,100,36330.05078125,0.011600990588008404,rmsse,0.8731153555995398
store_cat,1,BottomUpGlobalHistGB,BottomUpGlobalHistGB,CA_4__HOUSEHOLD,1484,101,51402.9609375,0.016414104940901036,rmsse,0.7531879022205303
store_cat,1,BottomUpGlobalHistGB,BottomUpGlobalHistGB,TX_1__FOODS,1484,102,144507.609375,0.0461444831538793,rmsse,0.46529686324636316
store_cat,1,BottomUpGlobalHistGB,BottomUpGlobalHistGB,TX_1__HOBBIES,1484,103,31937.12890625,0.010198233249941787,rmsse,0.822893659764253
store_cat,1,BottomUpGlobalHistGB,BottomUpGlobalHistGB,TX_1__HOUSEHOLD,1484,104,89760.1953125,0.02866242018950133,rmsse,0.6941914988577044
store_cat,1,BottomUpGlobalHistGB,BottomUpGlobalHistGB,TX_2__FOODS,1484,105,179773.953125,0.0574058085062889,rmsse,0.550556074700987
store_cat,1,BottomUpGlobalHistGB,BottomUpGlobalHistGB,TX_2__HOBBIES,1484,106,49847.03125,0.015917262099447972,rmsse,0.6404190310167283
store_cat,1,BottomUpGlobalHistGB,BottomUpGlobalHistGB,TX_2__HOUSEHOLD,1484,107,93967.359375,0.030005860940111543,rmsse,0.5661967624308705
store_cat,1,BottomUpGlobalHistGB,BottomUpGlobalHistGB,TX_3__FOODS,1484,108,166358.546875,0.053121971894618626,rmsse,0.6245318819272953
store_cat,1,BottomUpGlobalHistGB,BottomUpGlobalHistGB,TX_3__HOBBIES,1484,109,58939.0,0.018820529274335952,rmsse,0.9390881222719064
store_cat,1,BottomUpGlobalHistGB,BottomUpGlobalHistGB,TX_3__HOUSEHOLD,1484,110,94858.9296875,0.030290559105444093,rmsse,1.0751894953916326
store_cat,1,BottomUpGlobalHistGB,BottomUpGlobalHistGB,WI_1__FOODS,1484,111,182376.296875,0.05823679455506408,rmsse,0.7771092539169235
store_cat,1,BottomUpGlobalHistGB,BottomUpGlobalHistGB,WI_1__HOBBIES,1484,112,42152.4609375,0.013460215223528077,rmsse,0.6880722932693203
store_cat,1,BottomUpGlobalHistGB,BottomUpGlobalHistGB,WI_1__HOUSEHOLD,1484,113,74201.4921875,0.023694181372508085,rmsse,0.9902987687361302
store_cat,1,BottomUpGlobalHistGB,BottomUpGlobalHistGB,WI_2__FOODS,1484,114,220910.796875,0.07054171464739512,rmsse,0.7988087049784792
store_cat,1,BottomUpGlobalHistGB,BottomUpGlobalHistGB,WI_2__HOBBIES,1484,115,28042.1796875,0.00895448962019686,rmsse,0.8724685597560794
store_cat,1,BottomUpGlobalHistGB,BottomUpGlobalHistGB,WI_2__HOUSEHOLD,1484,116,95896.65625,0.030621928201429557,rmsse,1.036565727509781
store_cat,1,BottomUpGlobalHistGB,BottomUpGlobalHistGB,WI_3__FOODS,1484,117,160906.484375,0.05138100747569806,rmsse,0.45278304600266683
store_cat,1,BottomUpGlobalHistGB,BottomUpGlobalHistGB,WI_3__HOBBIES,1484,118,24415.33984375,0.007796359257404398,rmsse,0.672328346981639
store_cat,1,BottomUpGlobalHistGB,BottomUpGlobalHistGB,WI_3__HOUSEHOLD,1484,119,69941.15625,0.02233376166348309,rmsse,0.806808852287002
store_cat,1,BottomUpGlobalHistGB,BottomUpGlobalHistGB,CA_1__FOODS,1400,0,226958.65625,0.0758507651990865,mean_spl,0.2911082790640258
store_cat,1,BottomUpGlobalHistGB,BottomUpGlobalHistGB,CA_1__HOBBIES,1400,1,50996.61328125,0.01704333381179291,mean_spl,0.23522670843368212
store_cat,1,BottomUpGlobalHistGB,BottomUpGlobalHistGB,CA_1__HOUSEHOLD,1400,2,99464.2734375,0.03324147831530681,mean_spl,0.2220562836139306
store_cat,1,BottomUpGlobalHistGB,BottomUpGlobalHistGB,CA_2__FOODS,1400,3,108666.09375,0.036316774598162835,mean_spl,0.21187460840685451
store_cat,1,BottomUpGlobalHistGB,BottomUpGlobalHistGB,CA_2__HOBBIES,1400,4,31205.01953125,0.010428880081535783,mean_spl,0.19250636314298503
store_cat,1,BottomUpGlobalHistGB,BottomUpGlobalHistGB,CA_2__HOUSEHOLD,1400,5,87583.4453125,0.02927084366593958,mean_spl,0.21379682147244825
store_cat,1,BottomUpGlobalHistGB,BottomUpGlobalHistGB,CA_3__FOODS,1400,6,295087.1875,0.0986196752401741,mean_spl,0.33472798714196467
store_cat,1,BottomUpGlobalHistGB,BottomUpGlobalHistGB,CA_3__HOBBIES,1400,7,57647.32421875,0.01926603605220287,mean_spl,0.26988307732309075
store_cat,1,BottomUpGlobalHistGB,BottomUpGlobalHistGB,CA_3__HOUSEHOLD,1400,8,173274.515625,0.057909245749058404,mean_spl,0.3524253052038992
store_cat,1,BottomUpGlobalHistGB,BottomUpGlobalHistGB,CA_4__FOODS,1400,9,121674.46875,0.04066424128680854,mean_spl,0.4236533926757765
store_cat,1,BottomUpGlobalHistGB,BottomUpGlobalHistGB,CA_4__HOBBIES,1400,10,32223.5078125,0.010769264170671467,mean_spl,0.26056586969351936
store_cat,1,BottomUpGlobalHistGB,BottomUpGlobalHistGB,CA_4__HOUSEHOLD,1400,11,51777.10546875,0.017304178366620435,mean_spl,0.4385562672011669
store_cat,1,BottomUpGlobalHistGB,BottomUpGlobalHistGB,TX_1__FOODS,1400,12,142172.421875,0.04751476399978066,mean_spl,0.2061111053352978
store_cat,1,BottomUpGlobalHistGB,BottomUpGlobalHistGB,TX_1__HOBBIES,1400,13,25999.3828125,0.008689129172759201,mean_spl,0.28930393262352905
store_cat,1,BottomUpGlobalHistGB,BottomUpGlobalHistGB,TX_1__HOUSEHOLD,1400,14,81256.328125,0.027156288142454594,mean_spl,0.23199320658667968
store_cat,1,BottomUpGlobalHistGB,BottomUpGlobalHistGB,TX_2__FOODS,1400,15,171553.265625,0.057333995032667506,mean_spl,0.2161445881637696
store_cat,1,BottomUpGlobalHistGB,BottomUpGlobalHistGB,TX_2__HOBBIES,1400,16,37066.83984375,0.01238793096555631,mean_spl,0.2179064634212845
store_cat,1,BottomUpGlobalHistGB,BottomUpGlobalHistGB,TX_2__HOUSEHOLD,1400,17,82002.390625,0.02740562611636738,mean_spl,0.18073056530570966
store_cat,1,BottomUpGlobalHistGB,BottomUpGlobalHistGB,TX_3__FOODS,1400,18,157470.1875,0.05262735696126869,mean_spl,0.26933123852453966
store_cat,1,BottomUpGlobalHistGB,BottomUpGlobalHistGB,TX_3__HOBBIES,1400,19,39784.18359375,0.013296081402080826,mean_spl,0.28957615538729414
store_cat,1,BottomUpGlobalHistGB,BottomUpGlobalHistGB,TX_3__HOUSEHOLD,1400,20,87090.3359375,0.02910604394409335,mean_spl,0.2525426066516889
store_cat,1,BottomUpGlobalHistGB,BottomUpGlobalHistGB,WI_1__FOODS,1400,21,165848.921875,0.055427573636166454,mean_spl,0.2824579232908129
store_cat,1,BottomUpGlobalHistGB,BottomUpGlobalHistGB,WI_1__HOBBIES,1400,22,40985.328125,0.013697510161465327,mean_spl,0.21518292018150598
store_cat,1,BottomUpGlobalHistGB,BottomUpGlobalHistGB,WI_1__HOUSEHOLD,1400,23,68940.171875,0.02304016456598708,mean_spl,0.21999760241738975
store_cat,1,BottomUpGlobalHistGB,BottomUpGlobalHistGB,WI_2__FOODS,1400,24,219953.3125,0.07350954282537438,mean_spl,0.48076264566488064
store_cat,1,BottomUpGlobalHistGB,BottomUpGlobalHistGB,WI_2__HOBBIES,1400,25,25208.861328125,0.008424932774671118,mean_spl,0.30206876840777036
store_cat,1,BottomUpGlobalHistGB,BottomUpGlobalHistGB,WI_2__HOUSEHOLD,1400,26,79361.3984375,0.02652299276976338,mean_spl,0.35210838244690645
store_cat,1,BottomUpGlobalHistGB,BottomUpGlobalHistGB,WI_3__FOODS,1400,27,147652.625,0.04934627643180615,mean_spl,0.18216816011980622
store_cat,1,BottomUpGlobalHistGB,BottomUpGlobalHistGB,WI_3__HOBBIES,1400,28,21936.94140625,0.007331440092589935,mean_spl,0.2336083993877351
store_cat,1,BottomUpGlobalHistGB,BottomUpGlobalHistGB,WI_3__HOUSEHOLD,1400,29,61332.48046875,0.02049763446778741,mean_spl,0.20448416791510993
store_cat,1,BottomUpGlobalHistGB,BottomUpGlobalHistGB,CA_1__FOODS,1428,30,213076.046875,0.07429568976178588,mean_spl,0.20334866040048483
store_cat,1,BottomUpGlobalHistGB,BottomUpGlobalHistGB,CA_1__HOBBIES,1428,31,52497.34375,0.018304856044452224,mean_spl,0.1905293648550197
store_cat,1,BottomUpGlobalHistGB,BottomUpGlobalHistGB,CA_1__HOUSEHOLD,1428,32,95256.125,0.033214054863058604,mean_spl,0.19969345714931291
store_cat,1,BottomUpGlobalHistGB,BottomUpGlobalHistGB,CA_2__FOODS,1428,33,110173.421875,0.038415441302143576,mean_spl,0.20021358290190916
store_cat,1,BottomUpGlobalHistGB,BottomUpGlobalHistGB,CA_2__HOBBIES,1428,34,32410.05078125,0.011300787269721006,mean_spl,0.19223996259784318
store_cat,1,BottomUpGlobalHistGB,BottomUpGlobalHistGB,CA_2__HOUSEHOLD,1428,35,85537.21875,0.02982525140925001,mean_spl,0.15302059906359367
store_cat,1,BottomUpGlobalHistGB,BottomUpGlobalHistGB,CA_3__FOODS,1428,36,264437.8125,0.0922045906469763,mean_spl,0.3134050034265818
store_cat,1,BottomUpGlobalHistGB,BottomUpGlobalHistGB,CA_3__HOBBIES,1428,37,54865.0390625,0.019130427754495874,mean_spl,0.2753527366313157
store_cat,1,BottomUpGlobalHistGB,BottomUpGlobalHistGB,CA_3__HOUSEHOLD,1428,38,152489.84375,0.05317039756101494,mean_spl,0.3682151625024635
store_cat,1,BottomUpGlobalHistGB,BottomUpGlobalHistGB,CA_4__FOODS,1428,39,111408.5390625,0.038846103897624246,mean_spl,0.260106622674798
store_cat,1,BottomUpGlobalHistGB,BottomUpGlobalHistGB,CA_4__HOBBIES,1428,40,33008.76171875,0.011509546737159329,mean_spl,0.27362786032242914
store_cat,1,BottomUpGlobalHistGB,BottomUpGlobalHistGB,CA_4__HOUSEHOLD,1428,41,49583.05078125,0.017288695807500653,mean_spl,0.3600537811580923
store_cat,1,BottomUpGlobalHistGB,BottomUpGlobalHistGB,TX_1__FOODS,1428,42,143683.8125,0.05009989679202703,mean_spl,0.18563855390735076
store_cat,1,BottomUpGlobalHistGB,BottomUpGlobalHistGB,TX_1__HOBBIES,1428,43,24862.4609375,0.00866908182133985,mean_spl,0.2597532150092101
store_cat,1,BottomUpGlobalHistGB,BottomUpGlobalHistGB,TX_1__HOUSEHOLD,1428,44,78584.8359375,0.027401083680787818,mean_spl,0.22752510224219133
store_cat,1,BottomUpGlobalHistGB,BottomUpGlobalHistGB,TX_2__FOODS,1428,45,169112.625,0.05896645496324626,mean_spl,0.1853306085616765
store_cat,1,BottomUpGlobalHistGB,BottomUpGlobalHistGB,TX_2__HOBBIES,1428,46,37968.1328125,0.013238788017907201,mean_spl,0.22893486497783494
store_cat,1,BottomUpGlobalHistGB,BottomUpGlobalHistGB,TX_2__HOUSEHOLD,1428,47,76284.0390625,0.02659883822271356,mean_spl,0.1808204363533444
store_cat,1,BottomUpGlobalHistGB,BottomUpGlobalHistGB,TX_3__FOODS,1428,48,156201.359375,0.05446453464242413,mean_spl,0.2458581104328491
store_cat,1,BottomUpGlobalHistGB,BottomUpGlobalHistGB,TX_3__HOBBIES,1428,49,37867.00390625,0.013203526232479454,mean_spl,0.29009622643161503
store_cat,1,BottomUpGlobalHistGB,BottomUpGlobalHistGB,TX_3__HOUSEHOLD,1428,50,82279.71875,0.028689421207082816,mean_spl,0.28167911897538156
store_cat,1,BottomUpGlobalHistGB,BottomUpGlobalHistGB,WI_1__FOODS,1428,51,171078.21875,0.05965182127067253,mean_spl,0.3384109696808385
store_cat,1,BottomUpGlobalHistGB,BottomUpGlobalHistGB,WI_1__HOBBIES,1428,52,44008.82421875,0.015345065758871302,mean_spl,0.2402351933103165
store_cat,1,BottomUpGlobalHistGB,BottomUpGlobalHistGB,WI_1__HOUSEHOLD,1428,53,65090.1015625,0.02269571856233845,mean_spl,0.27693717433246084
store_cat,1,BottomUpGlobalHistGB,BottomUpGlobalHistGB,WI_2__FOODS,1428,54,209153.8125,0.07292807893658147,mean_spl,0.629879984627753
store_cat,1,BottomUpGlobalHistGB,BottomUpGlobalHistGB,WI_2__HOBBIES,1428,55,24120.48046875,0.008410366909344633,mean_spl,0.31707320743505973
store_cat,1,BottomUpGlobalHistGB,BottomUpGlobalHistGB,WI_2__HOUSEHOLD,1428,56,73348.140625,0.025575144557077958,mean_spl,0.345458658207085
store_cat,1,BottomUpGlobalHistGB,BottomUpGlobalHistGB,WI_3__FOODS,1428,57,139767.203125,0.048734247300632964,mean_spl,0.25051998687484167
store_cat,1,BottomUpGlobalHistGB,BottomUpGlobalHistGB,WI_3__HOBBIES,1428,58,22137.26171875,0.007718855089312624,mean_spl,0.25348205970530824
store_cat,1,BottomUpGlobalHistGB,BottomUpGlobalHistGB,WI_3__HOUSEHOLD,1428,59,57654.9921875,0.0201032329799773,mean_spl,0.23750830242946852
store_cat,1,BottomUpGlobalHistGB,BottomUpGlobalHistGB,CA_1__FOODS,1456,60,216654.625,0.07397924456338241,mean_spl,0.11532012680978908
store_cat,1,BottomUpGlobalHistGB,BottomUpGlobalHistGB,CA_1__HOBBIES,1456,61,54163.19921875,0.018494655082203344,mean_spl,0.14053856636948772
store_cat,1,BottomUpGlobalHistGB,BottomUpGlobalHistGB,CA_1__HOUSEHOLD,1456,62,94011.015625,0.03210115600612653,mean_spl,0.18370033750052414
store_cat,1,BottomUpGlobalHistGB,BottomUpGlobalHistGB,CA_2__FOODS,1456,63,106220.4296875,0.03627020261154881,mean_spl,0.2319713942672463
store_cat,1,BottomUpGlobalHistGB,BottomUpGlobalHistGB,CA_2__HOBBIES,1456,64,31810.216796875,0.010861968942644223,mean_spl,0.17855695846022365
store_cat,1,BottomUpGlobalHistGB,BottomUpGlobalHistGB,CA_2__HOUSEHOLD,1456,65,86838.34375,0.029651963671490145,mean_spl,0.13974354249435952
store_cat,1,BottomUpGlobalHistGB,BottomUpGlobalHistGB,CA_3__FOODS,1456,66,276034.6875,0.09425525836127126,mean_spl,0.24277971632242945
store_cat,1,BottomUpGlobalHistGB,BottomUpGlobalHistGB,CA_3__HOBBIES,1456,67,57284.25,0.019560374214858966,mean_spl,0.20666688165263947
store_cat,1,BottomUpGlobalHistGB,BottomUpGlobalHistGB,CA_3__HOUSEHOLD,1456,68,155978.5625,0.05326069647408786,mean_spl,0.27124851195339916
store_cat,1,BottomUpGlobalHistGB,BottomUpGlobalHistGB,CA_4__FOODS,1456,69,114921.703125,0.03924135374965941,mean_spl,0.20703991467901822
store_cat,1,BottomUpGlobalHistGB,BottomUpGlobalHistGB,CA_4__HOBBIES,1456,70,33806.859375,0.011543745801055494,mean_spl,0.24491156963089158
store_cat,1,BottomUpGlobalHistGB,BottomUpGlobalHistGB,CA_4__HOUSEHOLD,1456,71,51044.75,0.017429824283357508,mean_spl,0.3083235388137789
store_cat,1,BottomUpGlobalHistGB,BottomUpGlobalHistGB,TX_1__FOODS,1456,72,140683.25,0.04803793391311849,mean_spl,0.12398073240691179
store_cat,1,BottomUpGlobalHistGB,BottomUpGlobalHistGB,TX_1__HOBBIES,1456,73,27783.09765625,0.009486862217873518,mean_spl,0.2521103051911808
store_cat,1,BottomUpGlobalHistGB,BottomUpGlobalHistGB,TX_1__HOUSEHOLD,1456,74,80417.0078125,0.027459323741721976,mean_spl,0.1906966200429162
store_cat,1,BottomUpGlobalHistGB,BottomUpGlobalHistGB,TX_2__FOODS,1456,75,169176.453125,0.05776726991219309,mean_spl,0.12090092110805983
store_cat,1,BottomUpGlobalHistGB,BottomUpGlobalHistGB,TX_2__HOBBIES,1456,76,42864.6796875,0.014636644021481715,mean_spl,0.22192611315544153
store_cat,1,BottomUpGlobalHistGB,BottomUpGlobalHistGB,TX_2__HOUSEHOLD,1456,77,79355.1796875,0.027096750163873577,mean_spl,0.2380176422959014
store_cat,1,BottomUpGlobalHistGB,BottomUpGlobalHistGB,TX_3__FOODS,1456,78,156799.8125,0.053541121849718216,mean_spl,0.1738101961032231
store_cat,1,BottomUpGlobalHistGB,BottomUpGlobalHistGB,TX_3__HOBBIES,1456,79,49402.20703125,0.016868958859916763,mean_spl,0.28424824365030166
store_cat,1,BottomUpGlobalHistGB,BottomUpGlobalHistGB,TX_3__HOUSEHOLD,1456,80,78533.859375,0.02681630077922134,mean_spl,0.30243266044902883
store_cat,1,BottomUpGlobalHistGB,BottomUpGlobalHistGB,WI_1__FOODS,1456,81,171450.15625,0.05854365232059495,mean_spl,0.35128749247185703
store_cat,1,BottomUpGlobalHistGB,BottomUpGlobalHistGB,WI_1__HOBBIES,1456,82,39346.1328125,0.01343519521893088,mean_spl,0.22152383476675383
store_cat,1,BottomUpGlobalHistGB,BottomUpGlobalHistGB,WI_1__HOUSEHOLD,1456,83,69904.34375,0.023869652181780117,mean_spl,0.27359062824260866
store_cat,1,BottomUpGlobalHistGB,BottomUpGlobalHistGB,WI_2__FOODS,1456,84,213990.953125,0.07306970278426171,mean_spl,0.3453085775340041
store_cat,1,BottomUpGlobalHistGB,BottomUpGlobalHistGB,WI_2__HOBBIES,1456,85,22872.908203125,0.007810220851896331,mean_spl,0.31386441627816813
store_cat,1,BottomUpGlobalHistGB,BottomUpGlobalHistGB,WI_2__HOUSEHOLD,1456,86,73007.3671875,0.02492921566799104,mean_spl,0.5938441441351142
store_cat,1,BottomUpGlobalHistGB,BottomUpGlobalHistGB,WI_3__FOODS,1456,87,151780.5625,0.05182724049004377,mean_spl,0.23547568198161414
store_cat,1,BottomUpGlobalHistGB,BottomUpGlobalHistGB,WI_3__HOBBIES,1456,88,21418.96875,0.007313756295078839,mean_spl,0.2532854934431784
store_cat,1,BottomUpGlobalHistGB,BottomUpGlobalHistGB,WI_3__HOUSEHOLD,1456,89,61031.02734375,0.020839754968617726,mean_spl,0.2845635717383318
store_cat,1,BottomUpGlobalHistGB,BottomUpGlobalHistGB,CA_1__FOODS,1484,90,213601.578125,0.06820771906795026,mean_spl,0.1158162738708405
store_cat,1,BottomUpGlobalHistGB,BottomUpGlobalHistGB,CA_1__HOBBIES,1484,91,57432.234375,0.018339385607920238,mean_spl,0.18726669041138874
store_cat,1,BottomUpGlobalHistGB,BottomUpGlobalHistGB,CA_1__HOUSEHOLD,1484,92,97660.3515625,0.031185115212744904,mean_spl,0.15389364252077797
store_cat,1,BottomUpGlobalHistGB,BottomUpGlobalHistGB,CA_2__FOODS,1484,93,97109.96875,0.03100936577969128,mean_spl,0.14063445686821896
store_cat,1,BottomUpGlobalHistGB,BottomUpGlobalHistGB,CA_2__HOBBIES,1484,94,32127.169921875,0.010258917559107109,mean_spl,0.1698872243324077
store_cat,1,BottomUpGlobalHistGB,BottomUpGlobalHistGB,CA_2__HOUSEHOLD,1484,95,85772.1484375,0.027388948414303897,mean_spl,0.1537861434179274
store_cat,1,BottomUpGlobalHistGB,BottomUpGlobalHistGB,CA_3__FOODS,1484,96,297412.46875,0.09497039438507442,mean_spl,0.18159797022236676
store_cat,1,BottomUpGlobalHistGB,BottomUpGlobalHistGB,CA_3__HOBBIES,1484,97,61886.78125,0.019761821174605104,mean_spl,0.22912413818414457
store_cat,1,BottomUpGlobalHistGB,BottomUpGlobalHistGB,CA_3__HOUSEHOLD,1484,98,172245.359375,0.05500176162618477,mean_spl,0.24544457773815406
store_cat,1,BottomUpGlobalHistGB,BottomUpGlobalHistGB,CA_4__FOODS,1484,99,119859.8125,0.03827389521323178,mean_spl,0.18326721187817524
store_cat,1,BottomUpGlobalHistGB,BottomUpGlobalHistGB,CA_4__HOBBIES,1484,100,36330.05078125,0.011600990588008404,mean_spl,0.2455702661750872
store_cat,1,BottomUpGlobalHistGB,BottomUpGlobalHistGB,CA_4__HOUSEHOLD,1484,101,51402.9609375,0.016414104940901036,mean_spl,0.26885070226314195
store_cat,1,BottomUpGlobalHistGB,BottomUpGlobalHistGB,TX_1__FOODS,1484,102,144507.609375,0.0461444831538793,mean_spl,0.11218728123900533
store_cat,1,BottomUpGlobalHistGB,BottomUpGlobalHistGB,TX_1__HOBBIES,1484,103,31937.12890625,0.010198233249941787,mean_spl,0.25053288187587053
store_cat,1,BottomUpGlobalHistGB,BottomUpGlobalHistGB,TX_1__HOUSEHOLD,1484,104,89760.1953125,0.02866242018950133,mean_spl,0.18896599524467958
store_cat,1,BottomUpGlobalHistGB,BottomUpGlobalHistGB,TX_2__FOODS,1484,105,179773.953125,0.0574058085062889,mean_spl,0.15470015451833807
store_cat,1,BottomUpGlobalHistGB,BottomUpGlobalHistGB,TX_2__HOBBIES,1484,106,49847.03125,0.015917262099447972,mean_spl,0.19472365121171528
store_cat,1,BottomUpGlobalHistGB,BottomUpGlobalHistGB,TX_2__HOUSEHOLD,1484,107,93967.359375,0.030005860940111543,mean_spl,0.15411490318403134
store_cat,1,BottomUpGlobalHistGB,BottomUpGlobalHistGB,TX_3__FOODS,1484,108,166358.546875,0.053121971894618626,mean_spl,0.16939984274366715
store_cat,1,BottomUpGlobalHistGB,BottomUpGlobalHistGB,TX_3__HOBBIES,1484,109,58939.0,0.018820529274335952,mean_spl,0.25437653812345257
store_cat,1,BottomUpGlobalHistGB,BottomUpGlobalHistGB,TX_3__HOUSEHOLD,1484,110,94858.9296875,0.030290559105444093,mean_spl,0.2961066983993523
store_cat,1,BottomUpGlobalHistGB,BottomUpGlobalHistGB,WI_1__FOODS,1484,111,182376.296875,0.05823679455506408,mean_spl,0.2754099220924181
store_cat,1,BottomUpGlobalHistGB,BottomUpGlobalHistGB,WI_1__HOBBIES,1484,112,42152.4609375,0.013460215223528077,mean_spl,0.17321365447521586
store_cat,1,BottomUpGlobalHistGB,BottomUpGlobalHistGB,WI_1__HOUSEHOLD,1484,113,74201.4921875,0.023694181372508085,mean_spl,0.24061867811758889
store_cat,1,BottomUpGlobalHistGB,BottomUpGlobalHistGB,WI_2__FOODS,1484,114,220910.796875,0.07054171464739512,mean_spl,0.2818800515352499
store_cat,1,BottomUpGlobalHistGB,BottomUpGlobalHistGB,WI_2__HOBBIES,1484,115,28042.1796875,0.00895448962019686,mean_spl,0.26190272001425435
store_cat,1,BottomUpGlobalHistGB,BottomUpGlobalHistGB,WI_2__HOUSEHOLD,1484,116,95896.65625,0.030621928201429557,mean_spl,0.28160639393699577
store_cat,1,BottomUpGlobalHistGB,BottomUpGlobalHistGB,WI_3__FOODS,1484,117,160906.484375,0.05138100747569806,mean_spl,0.1308010437658625
store_cat,1,BottomUpGlobalHistGB,BottomUpGlobalHistGB,WI_3__HOBBIES,1484,118,24415.33984375,0.007796359257404398,mean_spl,0.21427614324040492
store_cat,1,BottomUpGlobalHistGB,BottomUpGlobalHistGB,WI_3__HOUSEHOLD,1484,119,69941.15625,0.02233376166348309,mean_spl,0.20666766033053377
store_cat,2,AggregateHistGB,AggregateHistGB,CA_1__FOODS,1456,0,216654.625,0.07397924456338241,rmsse,0.4310222951412427
store_cat,2,AggregateHistGB,AggregateHistGB,CA_1__HOBBIES,1456,1,54163.19921875,0.018494655082203344,rmsse,0.5710225089246144
store_cat,2,AggregateHistGB,AggregateHistGB,CA_1__HOUSEHOLD,1456,2,94011.015625,0.03210115600612653,rmsse,0.7212762170395476
store_cat,2,AggregateHistGB,AggregateHistGB,CA_2__FOODS,1456,3,106220.4296875,0.03627020261154881,rmsse,0.9119849010110517
store_cat,2,AggregateHistGB,AggregateHistGB,CA_2__HOBBIES,1456,4,31810.216796875,0.010861968942644223,rmsse,0.6170564197473957
store_cat,2,AggregateHistGB,AggregateHistGB,CA_2__HOUSEHOLD,1456,5,86838.34375,0.029651963671490145,rmsse,0.5856256853515244
store_cat,2,AggregateHistGB,AggregateHistGB,CA_3__FOODS,1456,6,276034.6875,0.09425525836127126,rmsse,0.5431374764583854
store_cat,2,AggregateHistGB,AggregateHistGB,CA_3__HOBBIES,1456,7,57284.25,0.019560374214858966,rmsse,1.2846347100764834
store_cat,2,AggregateHistGB,AggregateHistGB,CA_3__HOUSEHOLD,1456,8,155978.5625,0.05326069647408786,rmsse,0.8618980492139351
store_cat,2,AggregateHistGB,AggregateHistGB,CA_4__FOODS,1456,9,114921.703125,0.03924135374965941,rmsse,0.6774059524878726
store_cat,2,AggregateHistGB,AggregateHistGB,CA_4__HOBBIES,1456,10,33806.859375,0.011543745801055494,rmsse,0.8173074881058252
store_cat,2,AggregateHistGB,AggregateHistGB,CA_4__HOUSEHOLD,1456,11,51044.75,0.017429824283357508,rmsse,0.7415210623920367
store_cat,2,AggregateHistGB,AggregateHistGB,TX_1__FOODS,1456,12,140683.25,0.04803793391311849,rmsse,0.43766612320991277
store_cat,2,AggregateHistGB,AggregateHistGB,TX_1__HOBBIES,1456,13,27783.09765625,0.009486862217873518,rmsse,0.9448654478126317
store_cat,2,AggregateHistGB,AggregateHistGB,TX_1__HOUSEHOLD,1456,14,80417.0078125,0.027459323741721976,rmsse,0.6864478713713781
store_cat,2,AggregateHistGB,AggregateHistGB,TX_2__FOODS,1456,15,169176.453125,0.05776726991219309,rmsse,0.5059878596247969
store_cat,2,AggregateHistGB,AggregateHistGB,TX_2__HOBBIES,1456,16,42864.6796875,0.014636644021481715,rmsse,0.8987972491003217
store_cat,2,AggregateHistGB,AggregateHistGB,TX_2__HOUSEHOLD,1456,17,79355.1796875,0.027096750163873577,rmsse,0.7171854067311119
store_cat,2,AggregateHistGB,AggregateHistGB,TX_3__FOODS,1456,18,156799.8125,0.053541121849718216,rmsse,0.7042492310964887
store_cat,2,AggregateHistGB,AggregateHistGB,TX_3__HOBBIES,1456,19,49402.20703125,0.016868958859916763,rmsse,1.0564375649583417
store_cat,2,AggregateHistGB,AggregateHistGB,TX_3__HOUSEHOLD,1456,20,78533.859375,0.02681630077922134,rmsse,0.9550775416224372
store_cat,2,AggregateHistGB,AggregateHistGB,WI_1__FOODS,1456,21,171450.15625,0.05854365232059495,rmsse,1.3093119430620035
store_cat,2,AggregateHistGB,AggregateHistGB,WI_1__HOBBIES,1456,22,39346.1328125,0.01343519521893088,rmsse,0.7863370496457337
store_cat,2,AggregateHistGB,AggregateHistGB,WI_1__HOUSEHOLD,1456,23,69904.34375,0.023869652181780117,rmsse,1.0903552811874282
store_cat,2,AggregateHistGB,AggregateHistGB,WI_2__FOODS,1456,24,213990.953125,0.07306970278426171,rmsse,0.6063898596109925
store_cat,2,AggregateHistGB,AggregateHistGB,WI_2__HOBBIES,1456,25,22872.908203125,0.007810220851896331,rmsse,1.0399780623416806
store_cat,2,AggregateHistGB,AggregateHistGB,WI_2__HOUSEHOLD,1456,26,73007.3671875,0.02492921566799104,rmsse,1.7207849721781878
store_cat,2,AggregateHistGB,AggregateHistGB,WI_3__FOODS,1456,27,151780.5625,0.05182724049004377,rmsse,0.6845607182181584
store_cat,2,AggregateHistGB,AggregateHistGB,WI_3__HOBBIES,1456,28,21418.96875,0.007313756295078839,rmsse,0.967913067474565
store_cat,2,AggregateHistGB,AggregateHistGB,WI_3__HOUSEHOLD,1456,29,61031.02734375,0.020839754968617726,rmsse,1.0065880341313327
store_cat,2,AggregateHistGB,AggregateHistGB,CA_1__FOODS,1484,30,213601.578125,0.06820771906795026,rmsse,0.5087827494501864
store_cat,2,AggregateHistGB,AggregateHistGB,CA_1__HOBBIES,1484,31,57432.234375,0.018339385607920238,rmsse,0.7477609799807654
store_cat,2,AggregateHistGB,AggregateHistGB,CA_1__HOUSEHOLD,1484,32,97660.3515625,0.031185115212744904,rmsse,0.5291142544750296
store_cat,2,AggregateHistGB,AggregateHistGB,CA_2__FOODS,1484,33,97109.96875,0.03100936577969128,rmsse,0.574019636429926
store_cat,2,AggregateHistGB,AggregateHistGB,CA_2__HOBBIES,1484,34,32127.169921875,0.010258917559107109,rmsse,0.5619219605363712
store_cat,2,AggregateHistGB,AggregateHistGB,CA_2__HOUSEHOLD,1484,35,85772.1484375,0.027388948414303897,rmsse,0.40480836443208906
store_cat,2,AggregateHistGB,AggregateHistGB,CA_3__FOODS,1484,36,297412.46875,0.09497039438507442,rmsse,0.5208567158446002
store_cat,2,AggregateHistGB,AggregateHistGB,CA_3__HOBBIES,1484,37,61886.78125,0.019761821174605104,rmsse,0.7913223265802138
store_cat,2,AggregateHistGB,AggregateHistGB,CA_3__HOUSEHOLD,1484,38,172245.359375,0.05500176162618477,rmsse,0.7595412536127198
store_cat,2,AggregateHistGB,AggregateHistGB,CA_4__FOODS,1484,39,119859.8125,0.03827389521323178,rmsse,0.5325804032055744
store_cat,2,AggregateHistGB,AggregateHistGB,CA_4__HOBBIES,1484,40,36330.05078125,0.011600990588008404,rmsse,0.7745311011296355
store_cat,2,AggregateHistGB,AggregateHistGB,CA_4__HOUSEHOLD,1484,41,51402.9609375,0.016414104940901036,rmsse,0.7156649236267344
store_cat,2,AggregateHistGB,AggregateHistGB,TX_1__FOODS,1484,42,144507.609375,0.0461444831538793,rmsse,0.5385205165680013
store_cat,2,AggregateHistGB,AggregateHistGB,TX_1__HOBBIES,1484,43,31937.12890625,0.010198233249941787,rmsse,0.6997512544670835
store_cat,2,AggregateHistGB,AggregateHistGB,TX_1__HOUSEHOLD,1484,44,89760.1953125,0.02866242018950133,rmsse,0.6814996915577101
store_cat,2,AggregateHistGB,AggregateHistGB,TX_2__FOODS,1484,45,179773.953125,0.0574058085062889,rmsse,0.5004320296387881
store_cat,2,AggregateHistGB,AggregateHistGB,TX_2__HOBBIES,1484,46,49847.03125,0.015917262099447972,rmsse,0.7420157707743129
store_cat,2,AggregateHistGB,AggregateHistGB,TX_2__HOUSEHOLD,1484,47,93967.359375,0.030005860940111543,rmsse,0.6976227282851798
store_cat,2,AggregateHistGB,AggregateHistGB,TX_3__FOODS,1484,48,166358.546875,0.053121971894618626,rmsse,0.5941975920729471
store_cat,2,AggregateHistGB,AggregateHistGB,TX_3__HOBBIES,1484,49,58939.0,0.018820529274335952,rmsse,0.8205677503529555
store_cat,2,AggregateHistGB,AggregateHistGB,TX_3__HOUSEHOLD,1484,50,94858.9296875,0.030290559105444093,rmsse,1.1464123283888497
store_cat,2,AggregateHistGB,AggregateHistGB,WI_1__FOODS,1484,51,182376.296875,0.05823679455506408,rmsse,1.192334074327173
store_cat,2,AggregateHistGB,AggregateHistGB,WI_1__HOBBIES,1484,52,42152.4609375,0.013460215223528077,rmsse,0.6270839320129911
store_cat,2,AggregateHistGB,AggregateHistGB,WI_1__HOUSEHOLD,1484,53,74201.4921875,0.023694181372508085,rmsse,0.8675118154168727
store_cat,2,AggregateHistGB,AggregateHistGB,WI_2__FOODS,1484,54,220910.796875,0.07054171464739512,rmsse,0.5714900300233865
store_cat,2,AggregateHistGB,AggregateHistGB,WI_2__HOBBIES,1484,55,28042.1796875,0.00895448962019686,rmsse,0.6147158725092291
store_cat,2,AggregateHistGB,AggregateHistGB,WI_2__HOUSEHOLD,1484,56,95896.65625,0.030621928201429557,rmsse,1.2216844391729353
store_cat,2,AggregateHistGB,AggregateHistGB,WI_3__FOODS,1484,57,160906.484375,0.05138100747569806,rmsse,0.46010925228894695
store_cat,2,AggregateHistGB,AggregateHistGB,WI_3__HOBBIES,1484,58,24415.33984375,0.007796359257404398,rmsse,0.59519838499198
store_cat,2,AggregateHistGB,AggregateHistGB,WI_3__HOUSEHOLD,1484,59,69941.15625,0.02233376166348309,rmsse,0.6708916926012423
store_cat,2,AggregateHistGB,AggregateHistGB,CA_1__FOODS,1512,60,207180.25,0.06491036969535333,rmsse,0.6860158875460446
store_cat,2,AggregateHistGB,AggregateHistGB,CA_1__HOBBIES,1512,61,62380.88671875,0.019544171893015955,rmsse,0.6798177355044601
store_cat,2,AggregateHistGB,AggregateHistGB,CA_1__HOUSEHOLD,1512,62,105939.7890625,0.03319134364156151,rmsse,0.6515915657577814
store_cat,2,AggregateHistGB,AggregateHistGB,CA_2__FOODS,1512,63,91005.09375,0.028512246121301568,rmsse,0.5157018932010359
store_cat,2,AggregateHistGB,AggregateHistGB,CA_2__HOBBIES,1512,64,33450.58203125,0.010480196090955487,rmsse,0.49593932256031503
store_cat,2,AggregateHistGB,AggregateHistGB,CA_2__HOUSEHOLD,1512,65,94968.328125,0.02975394270420743,rmsse,0.3222406506834073
store_cat,2,AggregateHistGB,AggregateHistGB,CA_3__FOODS,1512,66,287165.4375,0.08997003677644409,rmsse,0.6648438016478754
store_cat,2,AggregateHistGB,AggregateHistGB,CA_3__HOBBIES,1512,67,66716.6796875,0.020902592517202268,rmsse,0.995697913998901
store_cat,2,AggregateHistGB,AggregateHistGB,CA_3__HOUSEHOLD,1512,68,182819.796875,0.05727814597571753,rmsse,0.7605014957046701
store_cat,2,AggregateHistGB,AggregateHistGB,CA_4__FOODS,1512,69,116552.8984375,0.03651647165520408,rmsse,0.5999085316680846
store_cat,2,AggregateHistGB,AggregateHistGB,CA_4__HOBBIES,1512,70,36935.671875,0.011572088151995735,rmsse,0.7230317318335329
store_cat,2,AggregateHistGB,AggregateHistGB,CA_4__HOUSEHOLD,1512,71,55035.6171875,0.017242870679288043,rmsse,0.7233815568128726
store_cat,2,AggregateHistGB,AggregateHistGB,TX_1__FOODS,1512,72,146396.890625,0.045866709267504774,rmsse,0.4925284865994167
store_cat,2,AggregateHistGB,AggregateHistGB,TX_1__HOBBIES,1512,73,37219.30859375,0.011660952627606897,rmsse,0.8255647207868498
store_cat,2,AggregateHistGB,AggregateHistGB,TX_1__HOUSEHOLD,1512,74,98011.2890625,0.030707314077307153,rmsse,0.6486593384300274
store_cat,2,AggregateHistGB,AggregateHistGB,TX_2__FOODS,1512,75,176122.65625,0.05517990604275809,rmsse,1.1127201166636747
store_cat,2,AggregateHistGB,AggregateHistGB,TX_2__HOBBIES,1512,76,57129.640625,0.017898936281481592,rmsse,1.0709766413559325
store_cat,2,AggregateHistGB,AggregateHistGB,TX_2__HOUSEHOLD,1512,77,104925.140625,0.03287345038103626,rmsse,1.304643807300549
store_cat,2,AggregateHistGB,AggregateHistGB,TX_3__FOODS,1512,78,171175.0625,0.05362980587918111,rmsse,0.6886750437418212
store_cat,2,AggregateHistGB,AggregateHistGB,TX_3__HOBBIES,1512,79,67877.1015625,0.021266157156731493,rmsse,0.9095754573021239
store_cat,2,AggregateHistGB,AggregateHistGB,TX_3__HOUSEHOLD,1512,80,106698.2734375,0.03342897971541217,rmsse,0.8028066750647407
store_cat,2,AggregateHistGB,AggregateHistGB,WI_1__FOODS,1512,81,173160.421875,0.054251826612380274,rmsse,0.8113259221293952
store_cat,2,AggregateHistGB,AggregateHistGB,WI_1__HOBBIES,1512,82,42989.3984375,0.013468743982879497,rmsse,0.8580577226497147
store_cat,2,AggregateHistGB,AggregateHistGB,WI_1__HOUSEHOLD,1512,83,80510.828125,0.025224352311925487,rmsse,0.8305806660119708
store_cat,2,AggregateHistGB,AggregateHistGB,WI_2__FOODS,1512,84,209484.875,0.06563241757761601,rmsse,0.6496898664380762
store_cat,2,AggregateHistGB,AggregateHistGB,WI_2__HOBBIES,1512,85,27927.87890625,0.008749911946779423,rmsse,0.7880511709351388
store_cat,2,AggregateHistGB,AggregateHistGB,WI_2__HOUSEHOLD,1512,86,94749.9140625,0.029685512737820482,rmsse,1.0133781808542506
store_cat,2,AggregateHistGB,AggregateHistGB,WI_3__FOODS,1512,87,154383.0625,0.04836880765215719,rmsse,0.5659622013622032
store_cat,2,AggregateHistGB,AggregateHistGB,WI_3__HOBBIES,1512,88,26006.021484375,0.00814778661989298,rmsse,0.5498760804899625
store_cat,2,AggregateHistGB,AggregateHistGB,WI_3__HOUSEHOLD,1512,89,76870.9140625,0.02408395322728209,rmsse,0.7557105756561814
store_cat,2,AggregateHistGB,AggregateHistGB,CA_1__FOODS,1540,90,220169.40625,0.06885783512657154,rmsse,0.49793912119796463
store_cat,2,AggregateHistGB,AggregateHistGB,CA_1__HOBBIES,1540,91,61755.76953125,0.019314075778852052,rmsse,0.508924628573356
store_cat,2,AggregateHistGB,AggregateHistGB,CA_1__HOUSEHOLD,1540,92,109044.2734375,0.034103523871660345,rmsse,0.6377430038617603
store_cat,2,AggregateHistGB,AggregateHistGB,CA_2__FOODS,1540,93,95685.3828125,0.029925539728460827,rmsse,0.6274926096611829
store_cat,2,AggregateHistGB,AggregateHistGB,CA_2__HOBBIES,1540,94,34752.09765625,0.010868695389946238,rmsse,0.5542877453969789
store_cat,2,AggregateHistGB,AggregateHistGB,CA_2__HOUSEHOLD,1540,95,99130.90625,0.03100312488811156,rmsse,0.29926482051761233
store_cat,2,AggregateHistGB,AggregateHistGB,CA_3__FOODS,1540,96,290055.46875,0.09071465461495254,rmsse,0.5362257156956308
store_cat,2,AggregateHistGB,AggregateHistGB,CA_3__HOBBIES,1540,97,67942.453125,0.02124895695119342,rmsse,0.7257723863575486
store_cat,2,AggregateHistGB,AggregateHistGB,CA_3__HOUSEHOLD,1540,98,194752.859375,0.06090882702406398,rmsse,0.6924426863317051
store_cat,2,AggregateHistGB,AggregateHistGB,CA_4__FOODS,1540,99,120052.3671875,0.03754629785831791,rmsse,0.5540703561892912
store_cat,2,AggregateHistGB,AggregateHistGB,CA_4__HOBBIES,1540,100,37685.67578125,0.011786169994173486,rmsse,0.9335453856498288
store_cat,2,AggregateHistGB,AggregateHistGB,CA_4__HOUSEHOLD,1540,101,57081.52734375,0.017852209648718267,rmsse,0.5827920183283639
store_cat,2,AggregateHistGB,AggregateHistGB,TX_1__FOODS,1540,102,147996.359375,0.046285762798511335,rmsse,0.39999693792798885
store_cat,2,AggregateHistGB,AggregateHistGB,TX_1__HOBBIES,1540,103,35824.16015625,0.011203982222607078,rmsse,0.5613964944361055
store_cat,2,AggregateHistGB,AggregateHistGB,TX_1__HOUSEHOLD,1540,104,96537.8984375,0.030192163422228798,rmsse,0.5378531620870168
store_cat,2,AggregateHistGB,AggregateHistGB,TX_2__FOODS,1540,105,179433.03125,0.05611756098412723,rmsse,0.4626195685898015
store_cat,2,AggregateHistGB,AggregateHistGB,TX_2__HOBBIES,1540,106,54520.3046875,0.017051188969277244,rmsse,0.6041424007157267
store_cat,2,AggregateHistGB,AggregateHistGB,TX_2__HOUSEHOLD,1540,107,103090.46875,0.032241475422103406,rmsse,0.5508957184297835
store_cat,2,AggregateHistGB,AggregateHistGB,TX_3__FOODS,1540,108,173693.546875,0.05432254106952325,rmsse,0.7519866500317484
store_cat,2,AggregateHistGB,AggregateHistGB,TX_3__HOBBIES,1540,109,69905.3671875,0.02186285701653573,rmsse,0.7391378404066824
store_cat,2,AggregateHistGB,AggregateHistGB,TX_3__HOUSEHOLD,1540,110,104416.875,0.032656308093131484,rmsse,0.7300648693486468
store_cat,2,AggregateHistGB,AggregateHistGB,WI_1__FOODS,1540,111,162298.171875,0.05075864512993716,rmsse,0.6186011091207598
store_cat,2,AggregateHistGB,AggregateHistGB,WI_1__HOBBIES,1540,112,41865.28125,0.013093338820048013,rmsse,0.6147833058357159
store_cat,2,AggregateHistGB,AggregateHistGB,WI_1__HOUSEHOLD,1540,113,77330.671875,0.024185116110770965,rmsse,0.6778409636401189
store_cat,2,AggregateHistGB,AggregateHistGB,WI_2__FOODS,1540,114,202491.703125,0.06332914525121458,rmsse,0.6231993462646837
store_cat,2,AggregateHistGB,AggregateHistGB,WI_2__HOBBIES,1540,115,26394.369140625,0.008254821364650992,rmsse,0.7553870244574878
store_cat,2,AggregateHistGB,AggregateHistGB,WI_2__HOUSEHOLD,1540,116,86329.9609375,0.026999637769690065,rmsse,0.9857921358766262
store_cat,2,AggregateHistGB,AggregateHistGB,WI_3__FOODS,1540,117,150028.796875,0.04692140627261487,rmsse,0.3963365702472501
store_cat,2,AggregateHistGB,AggregateHistGB,WI_3__HOBBIES,1540,118,24321.859375,0.007606645316169617,rmsse,0.43094459161443804
store_cat,2,AggregateHistGB,AggregateHistGB,WI_3__HOUSEHOLD,1540,119,72861.84375,0.022787493091836034,rmsse,0.6219985791972451
store_cat,2,AggregateHistGB,AggregateHistGB,CA_1__FOODS,1456,0,216654.625,0.07397924456338241,mean_spl,0.16409640378563112
store_cat,2,AggregateHistGB,AggregateHistGB,CA_1__HOBBIES,1456,1,54163.19921875,0.018494655082203344,mean_spl,0.1443372178483428
store_cat,2,AggregateHistGB,AggregateHistGB,CA_1__HOUSEHOLD,1456,2,94011.015625,0.03210115600612653,mean_spl,0.21590087358088614
store_cat,2,AggregateHistGB,AggregateHistGB,CA_2__FOODS,1456,3,106220.4296875,0.03627020261154881,mean_spl,0.3939724492768597
store_cat,2,AggregateHistGB,AggregateHistGB,CA_2__HOBBIES,1456,4,31810.216796875,0.010861968942644223,mean_spl,0.15116028749203025
store_cat,2,AggregateHistGB,AggregateHistGB,CA_2__HOUSEHOLD,1456,5,86838.34375,0.029651963671490145,mean_spl,0.18180729511774488
store_cat,2,AggregateHistGB,AggregateHistGB,CA_3__FOODS,1456,6,276034.6875,0.09425525836127126,mean_spl,0.2156159420121811
store_cat,2,AggregateHistGB,AggregateHistGB,CA_3__HOBBIES,1456,7,57284.25,0.019560374214858966,mean_spl,0.36977770252670017
store_cat,2,AggregateHistGB,AggregateHistGB,CA_3__HOUSEHOLD,1456,8,155978.5625,0.05326069647408786,mean_spl,0.2851306581927473
store_cat,2,AggregateHistGB,AggregateHistGB,CA_4__FOODS,1456,9,114921.703125,0.03924135374965941,mean_spl,0.21978280409911355
store_cat,2,AggregateHistGB,AggregateHistGB,CA_4__HOBBIES,1456,10,33806.859375,0.011543745801055494,mean_spl,0.20250602239955107
store_cat,2,AggregateHistGB,AggregateHistGB,CA_4__HOUSEHOLD,1456,11,51044.75,0.017429824283357508,mean_spl,0.18885721940902028
store_cat,2,AggregateHistGB,AggregateHistGB,TX_1__FOODS,1456,12,140683.25,0.04803793391311849,mean_spl,0.1514243739462374
store_cat,2,AggregateHistGB,AggregateHistGB,TX_1__HOBBIES,1456,13,27783.09765625,0.009486862217873518,mean_spl,0.229104591453964
store_cat,2,AggregateHistGB,AggregateHistGB,TX_1__HOUSEHOLD,1456,14,80417.0078125,0.027459323741721976,mean_spl,0.19407404896263858
store_cat,2,AggregateHistGB,AggregateHistGB,TX_2__FOODS,1456,15,169176.453125,0.05776726991219309,mean_spl,0.19769650880187004
store_cat,2,AggregateHistGB,AggregateHistGB,TX_2__HOBBIES,1456,16,42864.6796875,0.014636644021481715,mean_spl,0.22217196874619108
store_cat,2,AggregateHistGB,AggregateHistGB,TX_2__HOUSEHOLD,1456,17,79355.1796875,0.027096750163873577,mean_spl,0.22853804287806126
store_cat,2,AggregateHistGB,AggregateHistGB,TX_3__FOODS,1456,18,156799.8125,0.053541121849718216,mean_spl,0.2640610067340011
store_cat,2,AggregateHistGB,AggregateHistGB,TX_3__HOBBIES,1456,19,49402.20703125,0.016868958859916763,mean_spl,0.25844341132405957
store_cat,2,AggregateHistGB,AggregateHistGB,TX_3__HOUSEHOLD,1456,20,78533.859375,0.02681630077922134,mean_spl,0.291843528170109
store_cat,2,AggregateHistGB,AggregateHistGB,WI_1__FOODS,1456,21,171450.15625,0.05854365232059495,mean_spl,0.5176488925890738
store_cat,2,AggregateHistGB,AggregateHistGB,WI_1__HOBBIES,1456,22,39346.1328125,0.01343519521893088,mean_spl,0.19132063541080313
store_cat,2,AggregateHistGB,AggregateHistGB,WI_1__HOUSEHOLD,1456,23,69904.34375,0.023869652181780117,mean_spl,0.2843348445807632
store_cat,2,AggregateHistGB,AggregateHistGB,WI_2__FOODS,1456,24,213990.953125,0.07306970278426171,mean_spl,0.23212678941473872
store_cat,2,AggregateHistGB,AggregateHistGB,WI_2__HOBBIES,1456,25,22872.908203125,0.007810220851896331,mean_spl,0.2688029314165819
store_cat,2,AggregateHistGB,AggregateHistGB,WI_2__HOUSEHOLD,1456,26,73007.3671875,0.02492921566799104,mean_spl,0.6814844531437819
store_cat,2,AggregateHistGB,AggregateHistGB,WI_3__FOODS,1456,27,151780.5625,0.05182724049004377,mean_spl,0.2874237884319375
store_cat,2,AggregateHistGB,AggregateHistGB,WI_3__HOBBIES,1456,28,21418.96875,0.007313756295078839,mean_spl,0.24045244654745768
store_cat,2,AggregateHistGB,AggregateHistGB,WI_3__HOUSEHOLD,1456,29,61031.02734375,0.020839754968617726,mean_spl,0.296288391268667
store_cat,2,AggregateHistGB,AggregateHistGB,CA_1__FOODS,1484,30,213601.578125,0.06820771906795026,mean_spl,0.2154297278180194
store_cat,2,AggregateHistGB,AggregateHistGB,CA_1__HOBBIES,1484,31,57432.234375,0.018339385607920238,mean_spl,0.20391879509139738
store_cat,2,AggregateHistGB,AggregateHistGB,CA_1__HOUSEHOLD,1484,32,97660.3515625,0.031185115212744904,mean_spl,0.13742860159129056
store_cat,2,AggregateHistGB,AggregateHistGB,CA_2__FOODS,1484,33,97109.96875,0.03100936577969128,mean_spl,0.22983297505609382
store_cat,2,AggregateHistGB,AggregateHistGB,CA_2__HOBBIES,1484,34,32127.169921875,0.010258917559107109,mean_spl,0.1388121158085499
store_cat,2,AggregateHistGB,AggregateHistGB,CA_2__HOUSEHOLD,1484,35,85772.1484375,0.027388948414303897,mean_spl,0.11885742832706248
store_cat,2,AggregateHistGB,AggregateHistGB,CA_3__FOODS,1484,36,297412.46875,0.09497039438507442,mean_spl,0.20904691974582945
store_cat,2,AggregateHistGB,AggregateHistGB,CA_3__HOBBIES,1484,37,61886.78125,0.019761821174605104,mean_spl,0.20680821340760494
store_cat,2,AggregateHistGB,AggregateHistGB,CA_3__HOUSEHOLD,1484,38,172245.359375,0.05500176162618477,mean_spl,0.26880221055202635
store_cat,2,AggregateHistGB,AggregateHistGB,CA_4__FOODS,1484,39,119859.8125,0.03827389521323178,mean_spl,0.16180882060078128
store_cat,2,AggregateHistGB,AggregateHistGB,CA_4__HOBBIES,1484,40,36330.05078125,0.011600990588008404,mean_spl,0.1857456439006876
store_cat,2,AggregateHistGB,AggregateHistGB,CA_4__HOUSEHOLD,1484,41,51402.9609375,0.016414104940901036,mean_spl,0.18426577712977432
store_cat,2,AggregateHistGB,AggregateHistGB,TX_1__FOODS,1484,42,144507.609375,0.0461444831538793,mean_spl,0.2048694704337274
store_cat,2,AggregateHistGB,AggregateHistGB,TX_1__HOBBIES,1484,43,31937.12890625,0.010198233249941787,mean_spl,0.17844418111672883
store_cat,2,AggregateHistGB,AggregateHistGB,TX_1__HOUSEHOLD,1484,44,89760.1953125,0.02866242018950133,mean_spl,0.19879082041238527
store_cat,2,AggregateHistGB,AggregateHistGB,TX_2__FOODS,1484,45,179773.953125,0.0574058085062889,mean_spl,0.1997195289915229
store_cat,2,AggregateHistGB,AggregateHistGB,TX_2__HOBBIES,1484,46,49847.03125,0.015917262099447972,mean_spl,0.18351816114437006
store_cat,2,AggregateHistGB,AggregateHistGB,TX_2__HOUSEHOLD,1484,47,93967.359375,0.030005860940111543,mean_spl,0.21267982842821997
store_cat,2,AggregateHistGB,AggregateHistGB,TX_3__FOODS,1484,48,166358.546875,0.053121971894618626,mean_spl,0.21421823847630603
store_cat,2,AggregateHistGB,AggregateHistGB,TX_3__HOBBIES,1484,49,58939.0,0.018820529274335952,mean_spl,0.20136023025371266
store_cat,2,AggregateHistGB,AggregateHistGB,TX_3__HOUSEHOLD,1484,50,94858.9296875,0.030290559105444093,mean_spl,0.37579187883614046
store_cat,2,AggregateHistGB,AggregateHistGB,WI_1__FOODS,1484,51,182376.296875,0.05823679455506408,mean_spl,0.62769403069041
store_cat,2,AggregateHistGB,AggregateHistGB,WI_1__HOBBIES,1484,52,42152.4609375,0.013460215223528077,mean_spl,0.1561603044175826
store_cat,2,AggregateHistGB,AggregateHistGB,WI_1__HOUSEHOLD,1484,53,74201.4921875,0.023694181372508085,mean_spl,0.26157349445351474
store_cat,2,AggregateHistGB,AggregateHistGB,WI_2__FOODS,1484,54,220910.796875,0.07054171464739512,mean_spl,0.23458767574653555
store_cat,2,AggregateHistGB,AggregateHistGB,WI_2__HOBBIES,1484,55,28042.1796875,0.00895448962019686,mean_spl,0.1614814156594071
store_cat,2,AggregateHistGB,AggregateHistGB,WI_2__HOUSEHOLD,1484,56,95896.65625,0.030621928201429557,mean_spl,0.47506549772586276
store_cat,2,AggregateHistGB,AggregateHistGB,WI_3__FOODS,1484,57,160906.484375,0.05138100747569806,mean_spl,0.17790127508460696
store_cat,2,AggregateHistGB,AggregateHistGB,WI_3__HOBBIES,1484,58,24415.33984375,0.007796359257404398,mean_spl,0.14913581491194813
store_cat,2,AggregateHistGB,AggregateHistGB,WI_3__HOUSEHOLD,1484,59,69941.15625,0.02233376166348309,mean_spl,0.18774916182005738
store_cat,2,AggregateHistGB,AggregateHistGB,CA_1__FOODS,1512,60,207180.25,0.06491036969535333,mean_spl,0.28967662236908126
store_cat,2,AggregateHistGB,AggregateHistGB,CA_1__HOBBIES,1512,61,62380.88671875,0.019544171893015955,mean_spl,0.1771181345232994
store_cat,2,AggregateHistGB,AggregateHistGB,CA_1__HOUSEHOLD,1512,62,105939.7890625,0.03319134364156151,mean_spl,0.18958504848522784
store_cat,2,AggregateHistGB,AggregateHistGB,CA_2__FOODS,1512,63,91005.09375,0.028512246121301568,mean_spl,0.1813106634701772
store_cat,2,AggregateHistGB,AggregateHistGB,CA_2__HOBBIES,1512,64,33450.58203125,0.010480196090955487,mean_spl,0.12269535086368728
store_cat,2,AggregateHistGB,AggregateHistGB,CA_2__HOUSEHOLD,1512,65,94968.328125,0.02975394270420743,mean_spl,0.08661430810453012
store_cat,2,AggregateHistGB,AggregateHistGB,CA_3__FOODS,1512,66,287165.4375,0.08997003677644409,mean_spl,0.2976221254480539
store_cat,2,AggregateHistGB,AggregateHistGB,CA_3__HOBBIES,1512,67,66716.6796875,0.020902592517202268,mean_spl,0.2832124076964389
store_cat,2,AggregateHistGB,AggregateHistGB,CA_3__HOUSEHOLD,1512,68,182819.796875,0.05727814597571753,mean_spl,0.26987306071547784
store_cat,2,AggregateHistGB,AggregateHistGB,CA_4__FOODS,1512,69,116552.8984375,0.03651647165520408,mean_spl,0.1874124635464037
store_cat,2,AggregateHistGB,AggregateHistGB,CA_4__HOBBIES,1512,70,36935.671875,0.011572088151995735,mean_spl,0.17546441445808242
store_cat,2,AggregateHistGB,AggregateHistGB,CA_4__HOUSEHOLD,1512,71,55035.6171875,0.017242870679288043,mean_spl,0.18867858813168917
store_cat,2,AggregateHistGB,AggregateHistGB,TX_1__FOODS,1512,72,146396.890625,0.045866709267504774,mean_spl,0.17450000258397605
store_cat,2,AggregateHistGB,AggregateHistGB,TX_1__HOBBIES,1512,73,37219.30859375,0.011660952627606897,mean_spl,0.19827195157506317
store_cat,2,AggregateHistGB,AggregateHistGB,TX_1__HOUSEHOLD,1512,74,98011.2890625,0.030707314077307153,mean_spl,0.1789246667904745
store_cat,2,AggregateHistGB,AggregateHistGB,TX_2__FOODS,1512,75,176122.65625,0.05517990604275809,mean_spl,0.3454650226835857
store_cat,2,AggregateHistGB,AggregateHistGB,TX_2__HOBBIES,1512,76,57129.640625,0.017898936281481592,mean_spl,0.2723687796142029
store_cat,2,AggregateHistGB,AggregateHistGB,TX_2__HOUSEHOLD,1512,77,104925.140625,0.03287345038103626,mean_spl,0.35498505979487194
store_cat,2,AggregateHistGB,AggregateHistGB,TX_3__FOODS,1512,78,171175.0625,0.05362980587918111,mean_spl,0.2653907702823116
store_cat,2,AggregateHistGB,AggregateHistGB,TX_3__HOBBIES,1512,79,67877.1015625,0.021266157156731493,mean_spl,0.22194001442223094
store_cat,2,AggregateHistGB,AggregateHistGB,TX_3__HOUSEHOLD,1512,80,106698.2734375,0.03342897971541217,mean_spl,0.22229739489464354
store_cat,2,AggregateHistGB,AggregateHistGB,WI_1__FOODS,1512,81,173160.421875,0.054251826612380274,mean_spl,0.3686392187909603
store_cat,2,AggregateHistGB,AggregateHistGB,WI_1__HOBBIES,1512,82,42989.3984375,0.013468743982879497,mean_spl,0.20981299125369754
store_cat,2,AggregateHistGB,AggregateHistGB,WI_1__HOUSEHOLD,1512,83,80510.828125,0.025224352311925487,mean_spl,0.21027224489430918
store_cat,2,AggregateHistGB,AggregateHistGB,WI_2__FOODS,1512,84,209484.875,0.06563241757761601,mean_spl,0.2633096554884136
store_cat,2,AggregateHistGB,AggregateHistGB,WI_2__HOBBIES,1512,85,27927.87890625,0.008749911946779423,mean_spl,0.19537451093259695
store_cat,2,AggregateHistGB,AggregateHistGB,WI_2__HOUSEHOLD,1512,86,94749.9140625,0.029685512737820482,mean_spl,0.35047434537877065
store_cat,2,AggregateHistGB,AggregateHistGB,WI_3__FOODS,1512,87,154383.0625,0.04836880765215719,mean_spl,0.2089311790174997
store_cat,2,AggregateHistGB,AggregateHistGB,WI_3__HOBBIES,1512,88,26006.021484375,0.00814778661989298,mean_spl,0.1378611965554182
store_cat,2,AggregateHistGB,AggregateHistGB,WI_3__HOUSEHOLD,1512,89,76870.9140625,0.02408395322728209,mean_spl,0.20729858223912523
store_cat,2,AggregateHistGB,AggregateHistGB,CA_1__FOODS,1540,90,220169.40625,0.06885783512657154,mean_spl,0.20033715231399554
store_cat,2,AggregateHistGB,AggregateHistGB,CA_1__HOBBIES,1540,91,61755.76953125,0.019314075778852052,mean_spl,0.1283530277555841
store_cat,2,AggregateHistGB,AggregateHistGB,CA_1__HOUSEHOLD,1540,92,109044.2734375,0.034103523871660345,mean_spl,0.17949475185421007
store_cat,2,AggregateHistGB,AggregateHistGB,CA_2__FOODS,1540,93,95685.3828125,0.029925539728460827,mean_spl,0.21040133632729036
store_cat,2,AggregateHistGB,AggregateHistGB,CA_2__HOBBIES,1540,94,34752.09765625,0.010868695389946238,mean_spl,0.1375468903286038
store_cat,2,AggregateHistGB,AggregateHistGB,CA_2__HOUSEHOLD,1540,95,99130.90625,0.03100312488811156,mean_spl,0.07906624907673511
store_cat,2,AggregateHistGB,AggregateHistGB,CA_3__FOODS,1540,96,290055.46875,0.09071465461495254,mean_spl,0.2256020910417501
store_cat,2,AggregateHistGB,AggregateHistGB,CA_3__HOBBIES,1540,97,67942.453125,0.02124895695119342,mean_spl,0.1939764750854954
store_cat,2,AggregateHistGB,AggregateHistGB,CA_3__HOUSEHOLD,1540,98,194752.859375,0.06090882702406398,mean_spl,0.2325212553606697
store_cat,2,AggregateHistGB,AggregateHistGB,CA_4__FOODS,1540,99,120052.3671875,0.03754629785831791,mean_spl,0.16773813921929792
store_cat,2,AggregateHistGB,AggregateHistGB,CA_4__HOBBIES,1540,100,37685.67578125,0.011786169994173486,mean_spl,0.22955844181656315
store_cat,2,AggregateHistGB,AggregateHistGB,CA_4__HOUSEHOLD,1540,101,57081.52734375,0.017852209648718267,mean_spl,0.16457035072821904
store_cat,2,AggregateHistGB,AggregateHistGB,TX_1__FOODS,1540,102,147996.359375,0.046285762798511335,mean_spl,0.12093047432479764
store_cat,2,AggregateHistGB,AggregateHistGB,TX_1__HOBBIES,1540,103,35824.16015625,0.011203982222607078,mean_spl,0.147135784663475
store_cat,2,AggregateHistGB,AggregateHistGB,TX_1__HOUSEHOLD,1540,104,96537.8984375,0.030192163422228798,mean_spl,0.14618150719849496
store_cat,2,AggregateHistGB,AggregateHistGB,TX_2__FOODS,1540,105,179433.03125,0.05611756098412723,mean_spl,0.16905918320333505
store_cat,2,AggregateHistGB,AggregateHistGB,TX_2__HOBBIES,1540,106,54520.3046875,0.017051188969277244,mean_spl,0.14584604209129223
store_cat,2,AggregateHistGB,AggregateHistGB,TX_2__HOUSEHOLD,1540,107,103090.46875,0.032241475422103406,mean_spl,0.160398068760271
store_cat,2,AggregateHistGB,AggregateHistGB,TX_3__FOODS,1540,108,173693.546875,0.05432254106952325,mean_spl,0.26574845971113237
store_cat,2,AggregateHistGB,AggregateHistGB,TX_3__HOBBIES,1540,109,69905.3671875,0.02186285701653573,mean_spl,0.18028025795209188
store_cat,2,AggregateHistGB,AggregateHistGB,TX_3__HOUSEHOLD,1540,110,104416.875,0.032656308093131484,mean_spl,0.20376656103649107
store_cat,2,AggregateHistGB,AggregateHistGB,WI_1__FOODS,1540,111,162298.171875,0.05075864512993716,mean_spl,0.25405362942594967
store_cat,2,AggregateHistGB,AggregateHistGB,WI_1__HOBBIES,1540,112,41865.28125,0.013093338820048013,mean_spl,0.16212681315062125
store_cat,2,AggregateHistGB,AggregateHistGB,WI_1__HOUSEHOLD,1540,113,77330.671875,0.024185116110770965,mean_spl,0.19207038572575208
store_cat,2,AggregateHistGB,AggregateHistGB,WI_2__FOODS,1540,114,202491.703125,0.06332914525121458,mean_spl,0.26801498036992616
store_cat,2,AggregateHistGB,AggregateHistGB,WI_2__HOBBIES,1540,115,26394.369140625,0.008254821364650992,mean_spl,0.18806389639971732
store_cat,2,AggregateHistGB,AggregateHistGB,WI_2__HOUSEHOLD,1540,116,86329.9609375,0.026999637769690065,mean_spl,0.31440226579271774
store_cat,2,AggregateHistGB,AggregateHistGB,WI_3__FOODS,1540,117,150028.796875,0.04692140627261487,mean_spl,0.13238800533828746
store_cat,2,AggregateHistGB,AggregateHistGB,WI_3__HOBBIES,1540,118,24321.859375,0.007606645316169617,mean_spl,0.11964252970104432
store_cat,2,AggregateHistGB,AggregateHistGB,WI_3__HOUSEHOLD,1540,119,72861.84375,0.022787493091836034,mean_spl,0.16080837135409443
store_cat,2,ChildSummaryHistGB,ChildSummaryHistGB,CA_1__FOODS,1456,0,216654.625,0.07397924456338241,rmsse,0.4101966024507733
store_cat,2,ChildSummaryHistGB,ChildSummaryHistGB,CA_1__HOBBIES,1456,1,54163.19921875,0.018494655082203344,rmsse,0.5477139257016281
store_cat,2,ChildSummaryHistGB,ChildSummaryHistGB,CA_1__HOUSEHOLD,1456,2,94011.015625,0.03210115600612653,rmsse,0.6845931128011773
store_cat,2,ChildSummaryHistGB,ChildSummaryHistGB,CA_2__FOODS,1456,3,106220.4296875,0.03627020261154881,rmsse,0.9344384553725029
store_cat,2,ChildSummaryHistGB,ChildSummaryHistGB,CA_2__HOBBIES,1456,4,31810.216796875,0.010861968942644223,rmsse,0.6489132657803883
store_cat,2,ChildSummaryHistGB,ChildSummaryHistGB,CA_2__HOUSEHOLD,1456,5,86838.34375,0.029651963671490145,rmsse,0.5512606417354503
store_cat,2,ChildSummaryHistGB,ChildSummaryHistGB,CA_3__FOODS,1456,6,276034.6875,0.09425525836127126,rmsse,0.5837184197869063
store_cat,2,ChildSummaryHistGB,ChildSummaryHistGB,CA_3__HOBBIES,1456,7,57284.25,0.019560374214858966,rmsse,1.0936646038340914
store_cat,2,ChildSummaryHistGB,ChildSummaryHistGB,CA_3__HOUSEHOLD,1456,8,155978.5625,0.05326069647408786,rmsse,0.8500250386737885
store_cat,2,ChildSummaryHistGB,ChildSummaryHistGB,CA_4__FOODS,1456,9,114921.703125,0.03924135374965941,rmsse,0.6916110396942763
store_cat,2,ChildSummaryHistGB,ChildSummaryHistGB,CA_4__HOBBIES,1456,10,33806.859375,0.011543745801055494,rmsse,0.8877590222962614
store_cat,2,ChildSummaryHistGB,ChildSummaryHistGB,CA_4__HOUSEHOLD,1456,11,51044.75,0.017429824283357508,rmsse,1.0220269028127797
store_cat,2,ChildSummaryHistGB,ChildSummaryHistGB,TX_1__FOODS,1456,12,140683.25,0.04803793391311849,rmsse,0.4423842341453206
store_cat,2,ChildSummaryHistGB,ChildSummaryHistGB,TX_1__HOBBIES,1456,13,27783.09765625,0.009486862217873518,rmsse,0.854930111294117
store_cat,2,ChildSummaryHistGB,ChildSummaryHistGB,TX_1__HOUSEHOLD,1456,14,80417.0078125,0.027459323741721976,rmsse,0.7440190437673664
store_cat,2,ChildSummaryHistGB,ChildSummaryHistGB,TX_2__FOODS,1456,15,169176.453125,0.05776726991219309,rmsse,0.47522646559181764
store_cat,2,ChildSummaryHistGB,ChildSummaryHistGB,TX_2__HOBBIES,1456,16,42864.6796875,0.014636644021481715,rmsse,0.8767722613895637
store_cat,2,ChildSummaryHistGB,ChildSummaryHistGB,TX_2__HOUSEHOLD,1456,17,79355.1796875,0.027096750163873577,rmsse,0.6885128693162734
store_cat,2,ChildSummaryHistGB,ChildSummaryHistGB,TX_3__FOODS,1456,18,156799.8125,0.053541121849718216,rmsse,0.7181844255054288
store_cat,2,ChildSummaryHistGB,ChildSummaryHistGB,TX_3__HOBBIES,1456,19,49402.20703125,0.016868958859916763,rmsse,1.0059422157749922
store_cat,2,ChildSummaryHistGB,ChildSummaryHistGB,TX_3__HOUSEHOLD,1456,20,78533.859375,0.02681630077922134,rmsse,0.9940528948540098
store_cat,2,ChildSummaryHistGB,ChildSummaryHistGB,WI_1__FOODS,1456,21,171450.15625,0.05854365232059495,rmsse,1.243093483232373
store_cat,2,ChildSummaryHistGB,ChildSummaryHistGB,WI_1__HOBBIES,1456,22,39346.1328125,0.01343519521893088,rmsse,0.8234180437523653
store_cat,2,ChildSummaryHistGB,ChildSummaryHistGB,WI_1__HOUSEHOLD,1456,23,69904.34375,0.023869652181780117,rmsse,1.1753410536340614
store_cat,2,ChildSummaryHistGB,ChildSummaryHistGB,WI_2__FOODS,1456,24,213990.953125,0.07306970278426171,rmsse,0.6663119103958598
store_cat,2,ChildSummaryHistGB,ChildSummaryHistGB,WI_2__HOBBIES,1456,25,22872.908203125,0.007810220851896331,rmsse,1.0819458274086773
store_cat,2,ChildSummaryHistGB,ChildSummaryHistGB,WI_2__HOUSEHOLD,1456,26,73007.3671875,0.02492921566799104,rmsse,1.6798108291779712
store_cat,2,ChildSummaryHistGB,ChildSummaryHistGB,WI_3__FOODS,1456,27,151780.5625,0.05182724049004377,rmsse,0.6930211407605917
store_cat,2,ChildSummaryHistGB,ChildSummaryHistGB,WI_3__HOBBIES,1456,28,21418.96875,0.007313756295078839,rmsse,0.8870822171220456
store_cat,2,ChildSummaryHistGB,ChildSummaryHistGB,WI_3__HOUSEHOLD,1456,29,61031.02734375,0.020839754968617726,rmsse,1.0201111261962084
store_cat,2,ChildSummaryHistGB,ChildSummaryHistGB,CA_1__FOODS,1484,30,213601.578125,0.06820771906795026,rmsse,0.5356985261759599
store_cat,2,ChildSummaryHistGB,ChildSummaryHistGB,CA_1__HOBBIES,1484,31,57432.234375,0.018339385607920238,rmsse,0.7698284721512935
store_cat,2,ChildSummaryHistGB,ChildSummaryHistGB,CA_1__HOUSEHOLD,1484,32,97660.3515625,0.031185115212744904,rmsse,0.539519578014209
store_cat,2,ChildSummaryHistGB,ChildSummaryHistGB,CA_2__FOODS,1484,33,97109.96875,0.03100936577969128,rmsse,0.6952989521034624
store_cat,2,ChildSummaryHistGB,ChildSummaryHistGB,CA_2__HOBBIES,1484,34,32127.169921875,0.010258917559107109,rmsse,0.5684134805751273
store_cat,2,ChildSummaryHistGB,ChildSummaryHistGB,CA_2__HOUSEHOLD,1484,35,85772.1484375,0.027388948414303897,rmsse,0.39585701187733907
store_cat,2,ChildSummaryHistGB,ChildSummaryHistGB,CA_3__FOODS,1484,36,297412.46875,0.09497039438507442,rmsse,0.4852258858822289
store_cat,2,ChildSummaryHistGB,ChildSummaryHistGB,CA_3__HOBBIES,1484,37,61886.78125,0.019761821174605104,rmsse,0.876661001384786
store_cat,2,ChildSummaryHistGB,ChildSummaryHistGB,CA_3__HOUSEHOLD,1484,38,172245.359375,0.05500176162618477,rmsse,0.8797872572958041
store_cat,2,ChildSummaryHistGB,ChildSummaryHistGB,CA_4__FOODS,1484,39,119859.8125,0.03827389521323178,rmsse,0.5992805199855319
store_cat,2,ChildSummaryHistGB,ChildSummaryHistGB,CA_4__HOBBIES,1484,40,36330.05078125,0.011600990588008404,rmsse,0.8423252985823967
store_cat,2,ChildSummaryHistGB,ChildSummaryHistGB,CA_4__HOUSEHOLD,1484,41,51402.9609375,0.016414104940901036,rmsse,0.7075361320336018
store_cat,2,ChildSummaryHistGB,ChildSummaryHistGB,TX_1__FOODS,1484,42,144507.609375,0.0461444831538793,rmsse,0.5435319180397168
store_cat,2,ChildSummaryHistGB,ChildSummaryHistGB,TX_1__HOBBIES,1484,43,31937.12890625,0.010198233249941787,rmsse,0.7159818337431832
store_cat,2,ChildSummaryHistGB,ChildSummaryHistGB,TX_1__HOUSEHOLD,1484,44,89760.1953125,0.02866242018950133,rmsse,0.7407486965519355
store_cat,2,ChildSummaryHistGB,ChildSummaryHistGB,TX_2__FOODS,1484,45,179773.953125,0.0574058085062889,rmsse,0.526463587205955
store_cat,2,ChildSummaryHistGB,ChildSummaryHistGB,TX_2__HOBBIES,1484,46,49847.03125,0.015917262099447972,rmsse,0.7537071066447
store_cat,2,ChildSummaryHistGB,ChildSummaryHistGB,TX_2__HOUSEHOLD,1484,47,93967.359375,0.030005860940111543,rmsse,0.6276823061043646
store_cat,2,ChildSummaryHistGB,ChildSummaryHistGB,TX_3__FOODS,1484,48,166358.546875,0.053121971894618626,rmsse,0.5890597723588055
store_cat,2,ChildSummaryHistGB,ChildSummaryHistGB,TX_3__HOBBIES,1484,49,58939.0,0.018820529274335952,rmsse,0.7274898618692189
store_cat,2,ChildSummaryHistGB,ChildSummaryHistGB,TX_3__HOUSEHOLD,1484,50,94858.9296875,0.030290559105444093,rmsse,1.163147892099662
store_cat,2,ChildSummaryHistGB,ChildSummaryHistGB,WI_1__FOODS,1484,51,182376.296875,0.05823679455506408,rmsse,1.1442039126480592
store_cat,2,ChildSummaryHistGB,ChildSummaryHistGB,WI_1__HOBBIES,1484,52,42152.4609375,0.013460215223528077,rmsse,0.6324884425681939
store_cat,2,ChildSummaryHistGB,ChildSummaryHistGB,WI_1__HOUSEHOLD,1484,53,74201.4921875,0.023694181372508085,rmsse,0.7930608418406193
store_cat,2,ChildSummaryHistGB,ChildSummaryHistGB,WI_2__FOODS,1484,54,220910.796875,0.07054171464739512,rmsse,0.5981829366649166
store_cat,2,ChildSummaryHistGB,ChildSummaryHistGB,WI_2__HOBBIES,1484,55,28042.1796875,0.00895448962019686,rmsse,0.7072870237544193
store_cat,2,ChildSummaryHistGB,ChildSummaryHistGB,WI_2__HOUSEHOLD,1484,56,95896.65625,0.030621928201429557,rmsse,1.1882087827681957
store_cat,2,ChildSummaryHistGB,ChildSummaryHistGB,WI_3__FOODS,1484,57,160906.484375,0.05138100747569806,rmsse,0.45797281817827357
store_cat,2,ChildSummaryHistGB,ChildSummaryHistGB,WI_3__HOBBIES,1484,58,24415.33984375,0.007796359257404398,rmsse,0.6183077458433506
store_cat,2,ChildSummaryHistGB,ChildSummaryHistGB,WI_3__HOUSEHOLD,1484,59,69941.15625,0.02233376166348309,rmsse,0.7639367895996964
store_cat,2,ChildSummaryHistGB,ChildSummaryHistGB,CA_1__FOODS,1512,60,207180.25,0.06491036969535333,rmsse,0.7021207334134647
store_cat,2,ChildSummaryHistGB,ChildSummaryHistGB,CA_1__HOBBIES,1512,61,62380.88671875,0.019544171893015955,rmsse,0.6674507555366751
store_cat,2,ChildSummaryHistGB,ChildSummaryHistGB,CA_1__HOUSEHOLD,1512,62,105939.7890625,0.03319134364156151,rmsse,0.6707057859118594
store_cat,2,ChildSummaryHistGB,ChildSummaryHistGB,CA_2__FOODS,1512,63,91005.09375,0.028512246121301568,rmsse,0.5586191568334639
store_cat,2,ChildSummaryHistGB,ChildSummaryHistGB,CA_2__HOBBIES,1512,64,33450.58203125,0.010480196090955487,rmsse,0.5365121896175331
store_cat,2,ChildSummaryHistGB,ChildSummaryHistGB,CA_2__HOUSEHOLD,1512,65,94968.328125,0.02975394270420743,rmsse,0.42346609624921744
store_cat,2,ChildSummaryHistGB,ChildSummaryHistGB,CA_3__FOODS,1512,66,287165.4375,0.08997003677644409,rmsse,0.6227229145044645
store_cat,2,ChildSummaryHistGB,ChildSummaryHistGB,CA_3__HOBBIES,1512,67,66716.6796875,0.020902592517202268,rmsse,0.9707361468606543
store_cat,2,ChildSummaryHistGB,ChildSummaryHistGB,CA_3__HOUSEHOLD,1512,68,182819.796875,0.05727814597571753,rmsse,0.7857420737291507
store_cat,2,ChildSummaryHistGB,ChildSummaryHistGB,CA_4__FOODS,1512,69,116552.8984375,0.03651647165520408,rmsse,0.6449927718989342
store_cat,2,ChildSummaryHistGB,ChildSummaryHistGB,CA_4__HOBBIES,1512,70,36935.671875,0.011572088151995735,rmsse,0.734850750766467
store_cat,2,ChildSummaryHistGB,ChildSummaryHistGB,CA_4__HOUSEHOLD,1512,71,55035.6171875,0.017242870679288043,rmsse,0.6503549740831253
store_cat,2,ChildSummaryHistGB,ChildSummaryHistGB,TX_1__FOODS,1512,72,146396.890625,0.045866709267504774,rmsse,0.46687120913729335
store_cat,2,ChildSummaryHistGB,ChildSummaryHistGB,TX_1__HOBBIES,1512,73,37219.30859375,0.011660952627606897,rmsse,0.8089265191963817
store_cat,2,ChildSummaryHistGB,ChildSummaryHistGB,TX_1__HOUSEHOLD,1512,74,98011.2890625,0.030707314077307153,rmsse,0.6020567638064811
store_cat,2,ChildSummaryHistGB,ChildSummaryHistGB,TX_2__FOODS,1512,75,176122.65625,0.05517990604275809,rmsse,1.0869746360091812
store_cat,2,ChildSummaryHistGB,ChildSummaryHistGB,TX_2__HOBBIES,1512,76,57129.640625,0.017898936281481592,rmsse,1.0769303415178104
store_cat,2,ChildSummaryHistGB,ChildSummaryHistGB,TX_2__HOUSEHOLD,1512,77,104925.140625,0.03287345038103626,rmsse,1.2497481363656042
store_cat,2,ChildSummaryHistGB,ChildSummaryHistGB,TX_3__FOODS,1512,78,171175.0625,0.05362980587918111,rmsse,0.6856911734539342
store_cat,2,ChildSummaryHistGB,ChildSummaryHistGB,TX_3__HOBBIES,1512,79,67877.1015625,0.021266157156731493,rmsse,0.9111795319655573
store_cat,2,ChildSummaryHistGB,ChildSummaryHistGB,TX_3__HOUSEHOLD,1512,80,106698.2734375,0.03342897971541217,rmsse,0.764009407489237
store_cat,2,ChildSummaryHistGB,ChildSummaryHistGB,WI_1__FOODS,1512,81,173160.421875,0.054251826612380274,rmsse,0.8915516537498666
store_cat,2,ChildSummaryHistGB,ChildSummaryHistGB,WI_1__HOBBIES,1512,82,42989.3984375,0.013468743982879497,rmsse,0.8486423606878325
store_cat,2,ChildSummaryHistGB,ChildSummaryHistGB,WI_1__HOUSEHOLD,1512,83,80510.828125,0.025224352311925487,rmsse,0.8403272129081478
store_cat,2,ChildSummaryHistGB,ChildSummaryHistGB,WI_2__FOODS,1512,84,209484.875,0.06563241757761601,rmsse,0.7182193946211416
store_cat,2,ChildSummaryHistGB,ChildSummaryHistGB,WI_2__HOBBIES,1512,85,27927.87890625,0.008749911946779423,rmsse,0.7006146661485345
store_cat,2,ChildSummaryHistGB,ChildSummaryHistGB,WI_2__HOUSEHOLD,1512,86,94749.9140625,0.029685512737820482,rmsse,0.8713441974977469
store_cat,2,ChildSummaryHistGB,ChildSummaryHistGB,WI_3__FOODS,1512,87,154383.0625,0.04836880765215719,rmsse,0.6169323600356049
store_cat,2,ChildSummaryHistGB,ChildSummaryHistGB,WI_3__HOBBIES,1512,88,26006.021484375,0.00814778661989298,rmsse,0.5707266494836829
store_cat,2,ChildSummaryHistGB,ChildSummaryHistGB,WI_3__HOUSEHOLD,1512,89,76870.9140625,0.02408395322728209,rmsse,0.8209242326400127
store_cat,2,ChildSummaryHistGB,ChildSummaryHistGB,CA_1__FOODS,1540,90,220169.40625,0.06885783512657154,rmsse,0.4593086634871433
store_cat,2,ChildSummaryHistGB,ChildSummaryHistGB,CA_1__HOBBIES,1540,91,61755.76953125,0.019314075778852052,rmsse,0.5222091892856797
store_cat,2,ChildSummaryHistGB,ChildSummaryHistGB,CA_1__HOUSEHOLD,1540,92,109044.2734375,0.034103523871660345,rmsse,0.6388230913455949
store_cat,2,ChildSummaryHistGB,ChildSummaryHistGB,CA_2__FOODS,1540,93,95685.3828125,0.029925539728460827,rmsse,0.5596743082206381
store_cat,2,ChildSummaryHistGB,ChildSummaryHistGB,CA_2__HOBBIES,1540,94,34752.09765625,0.010868695389946238,rmsse,0.568441459671678
store_cat,2,ChildSummaryHistGB,ChildSummaryHistGB,CA_2__HOUSEHOLD,1540,95,99130.90625,0.03100312488811156,rmsse,0.34050346946520377
store_cat,2,ChildSummaryHistGB,ChildSummaryHistGB,CA_3__FOODS,1540,96,290055.46875,0.09071465461495254,rmsse,0.47980327999605277
store_cat,2,ChildSummaryHistGB,ChildSummaryHistGB,CA_3__HOBBIES,1540,97,67942.453125,0.02124895695119342,rmsse,0.7772567344421896
store_cat,2,ChildSummaryHistGB,ChildSummaryHistGB,CA_3__HOUSEHOLD,1540,98,194752.859375,0.06090882702406398,rmsse,0.7550710261676331
store_cat,2,ChildSummaryHistGB,ChildSummaryHistGB,CA_4__FOODS,1540,99,120052.3671875,0.03754629785831791,rmsse,0.5513384361789702
store_cat,2,ChildSummaryHistGB,ChildSummaryHistGB,CA_4__HOBBIES,1540,100,37685.67578125,0.011786169994173486,rmsse,1.0064162176043783
store_cat,2,ChildSummaryHistGB,ChildSummaryHistGB,CA_4__HOUSEHOLD,1540,101,57081.52734375,0.017852209648718267,rmsse,0.6081579456892421
store_cat,2,ChildSummaryHistGB,ChildSummaryHistGB,TX_1__FOODS,1540,102,147996.359375,0.046285762798511335,rmsse,0.40706426087347547
store_cat,2,ChildSummaryHistGB,ChildSummaryHistGB,TX_1__HOBBIES,1540,103,35824.16015625,0.011203982222607078,rmsse,0.5589908483075626
store_cat,2,ChildSummaryHistGB,ChildSummaryHistGB,TX_1__HOUSEHOLD,1540,104,96537.8984375,0.030192163422228798,rmsse,0.5431480800495957
store_cat,2,ChildSummaryHistGB,ChildSummaryHistGB,TX_2__FOODS,1540,105,179433.03125,0.05611756098412723,rmsse,0.424420434865448
store_cat,2,ChildSummaryHistGB,ChildSummaryHistGB,TX_2__HOBBIES,1540,106,54520.3046875,0.017051188969277244,rmsse,0.6584806034828748
store_cat,2,ChildSummaryHistGB,ChildSummaryHistGB,TX_2__HOUSEHOLD,1540,107,103090.46875,0.032241475422103406,rmsse,0.5693699859600052
store_cat,2,ChildSummaryHistGB,ChildSummaryHistGB,TX_3__FOODS,1540,108,173693.546875,0.05432254106952325,rmsse,0.8081790866934965
store_cat,2,ChildSummaryHistGB,ChildSummaryHistGB,TX_3__HOBBIES,1540,109,69905.3671875,0.02186285701653573,rmsse,0.8789580046161088
store_cat,2,ChildSummaryHistGB,ChildSummaryHistGB,TX_3__HOUSEHOLD,1540,110,104416.875,0.032656308093131484,rmsse,0.7889636775874364
store_cat,2,ChildSummaryHistGB,ChildSummaryHistGB,WI_1__FOODS,1540,111,162298.171875,0.05075864512993716,rmsse,0.6462726547009845
store_cat,2,ChildSummaryHistGB,ChildSummaryHistGB,WI_1__HOBBIES,1540,112,41865.28125,0.013093338820048013,rmsse,0.5487099973999188
store_cat,2,ChildSummaryHistGB,ChildSummaryHistGB,WI_1__HOUSEHOLD,1540,113,77330.671875,0.024185116110770965,rmsse,0.7514769886795309
store_cat,2,ChildSummaryHistGB,ChildSummaryHistGB,WI_2__FOODS,1540,114,202491.703125,0.06332914525121458,rmsse,0.6527746761690956
store_cat,2,ChildSummaryHistGB,ChildSummaryHistGB,WI_2__HOBBIES,1540,115,26394.369140625,0.008254821364650992,rmsse,0.6809081240888749
store_cat,2,ChildSummaryHistGB,ChildSummaryHistGB,WI_2__HOUSEHOLD,1540,116,86329.9609375,0.026999637769690065,rmsse,0.8555434496998746
store_cat,2,ChildSummaryHistGB,ChildSummaryHistGB,WI_3__FOODS,1540,117,150028.796875,0.04692140627261487,rmsse,0.4059268524351472
store_cat,2,ChildSummaryHistGB,ChildSummaryHistGB,WI_3__HOBBIES,1540,118,24321.859375,0.007606645316169617,rmsse,0.4198808176197041
store_cat,2,ChildSummaryHistGB,ChildSummaryHistGB,WI_3__HOUSEHOLD,1540,119,72861.84375,0.022787493091836034,rmsse,0.7057004512156944
store_cat,2,ChildSummaryHistGB,ChildSummaryHistGB,CA_1__FOODS,1456,0,216654.625,0.07397924456338241,mean_spl,0.1546889114798703
store_cat,2,ChildSummaryHistGB,ChildSummaryHistGB,CA_1__HOBBIES,1456,1,54163.19921875,0.018494655082203344,mean_spl,0.1452652895432286
store_cat,2,ChildSummaryHistGB,ChildSummaryHistGB,CA_1__HOUSEHOLD,1456,2,94011.015625,0.03210115600612653,mean_spl,0.21452645467443734
store_cat,2,ChildSummaryHistGB,ChildSummaryHistGB,CA_2__FOODS,1456,3,106220.4296875,0.03627020261154881,mean_spl,0.42750017527716105
store_cat,2,ChildSummaryHistGB,ChildSummaryHistGB,CA_2__HOBBIES,1456,4,31810.216796875,0.010861968942644223,mean_spl,0.1722139736587145
store_cat,2,ChildSummaryHistGB,ChildSummaryHistGB,CA_2__HOUSEHOLD,1456,5,86838.34375,0.029651963671490145,mean_spl,0.19329495282015696
store_cat,2,ChildSummaryHistGB,ChildSummaryHistGB,CA_3__FOODS,1456,6,276034.6875,0.09425525836127126,mean_spl,0.2371650591510093
store_cat,2,ChildSummaryHistGB,ChildSummaryHistGB,CA_3__HOBBIES,1456,7,57284.25,0.019560374214858966,mean_spl,0.3362024309601229
store_cat,2,ChildSummaryHistGB,ChildSummaryHistGB,CA_3__HOUSEHOLD,1456,8,155978.5625,0.05326069647408786,mean_spl,0.30909456614392566
store_cat,2,ChildSummaryHistGB,ChildSummaryHistGB,CA_4__FOODS,1456,9,114921.703125,0.03924135374965941,mean_spl,0.2462960551790536
store_cat,2,ChildSummaryHistGB,ChildSummaryHistGB,CA_4__HOBBIES,1456,10,33806.859375,0.011543745801055494,mean_spl,0.2281050124959365
store_cat,2,ChildSummaryHistGB,ChildSummaryHistGB,CA_4__HOUSEHOLD,1456,11,51044.75,0.017429824283357508,mean_spl,0.26870187118688194
store_cat,2,ChildSummaryHistGB,ChildSummaryHistGB,TX_1__FOODS,1456,12,140683.25,0.04803793391311849,mean_spl,0.17616020118483772
store_cat,2,ChildSummaryHistGB,ChildSummaryHistGB,TX_1__HOBBIES,1456,13,27783.09765625,0.009486862217873518,mean_spl,0.21433732191768862
store_cat,2,ChildSummaryHistGB,ChildSummaryHistGB,TX_1__HOUSEHOLD,1456,14,80417.0078125,0.027459323741721976,mean_spl,0.22645122007091334
store_cat,2,ChildSummaryHistGB,ChildSummaryHistGB,TX_2__FOODS,1456,15,169176.453125,0.05776726991219309,mean_spl,0.1992038432791293
store_cat,2,ChildSummaryHistGB,ChildSummaryHistGB,TX_2__HOBBIES,1456,16,42864.6796875,0.014636644021481715,mean_spl,0.2272879167765317
store_cat,2,ChildSummaryHistGB,ChildSummaryHistGB,TX_2__HOUSEHOLD,1456,17,79355.1796875,0.027096750163873577,mean_spl,0.2329402225650204
store_cat,2,ChildSummaryHistGB,ChildSummaryHistGB,TX_3__FOODS,1456,18,156799.8125,0.053541121849718216,mean_spl,0.30005693064698147
store_cat,2,ChildSummaryHistGB,ChildSummaryHistGB,TX_3__HOBBIES,1456,19,49402.20703125,0.016868958859916763,mean_spl,0.254901859757126
store_cat,2,ChildSummaryHistGB,ChildSummaryHistGB,TX_3__HOUSEHOLD,1456,20,78533.859375,0.02681630077922134,mean_spl,0.3339875015475056
store_cat,2,ChildSummaryHistGB,ChildSummaryHistGB,WI_1__FOODS,1456,21,171450.15625,0.05854365232059495,mean_spl,0.49189453448582365
store_cat,2,ChildSummaryHistGB,ChildSummaryHistGB,WI_1__HOBBIES,1456,22,39346.1328125,0.01343519521893088,mean_spl,0.21257190375622834
store_cat,2,ChildSummaryHistGB,ChildSummaryHistGB,WI_1__HOUSEHOLD,1456,23,69904.34375,0.023869652181780117,mean_spl,0.31963851041371655
store_cat,2,ChildSummaryHistGB,ChildSummaryHistGB,WI_2__FOODS,1456,24,213990.953125,0.07306970278426171,mean_spl,0.2773670573193322
store_cat,2,ChildSummaryHistGB,ChildSummaryHistGB,WI_2__HOBBIES,1456,25,22872.908203125,0.007810220851896331,mean_spl,0.29342138289236613
store_cat,2,ChildSummaryHistGB,ChildSummaryHistGB,WI_2__HOUSEHOLD,1456,26,73007.3671875,0.02492921566799104,mean_spl,0.6748494955521076
store_cat,2,ChildSummaryHistGB,ChildSummaryHistGB,WI_3__FOODS,1456,27,151780.5625,0.05182724049004377,mean_spl,0.3120480902940708
store_cat,2,ChildSummaryHistGB,ChildSummaryHistGB,WI_3__HOBBIES,1456,28,21418.96875,0.007313756295078839,mean_spl,0.22350760269229614
store_cat,2,ChildSummaryHistGB,ChildSummaryHistGB,WI_3__HOUSEHOLD,1456,29,61031.02734375,0.020839754968617726,mean_spl,0.32051518872096335
store_cat,2,ChildSummaryHistGB,ChildSummaryHistGB,CA_1__FOODS,1484,30,213601.578125,0.06820771906795026,mean_spl,0.25044202955569206
store_cat,2,ChildSummaryHistGB,ChildSummaryHistGB,CA_1__HOBBIES,1484,31,57432.234375,0.018339385607920238,mean_spl,0.23437343807350405
store_cat,2,ChildSummaryHistGB,ChildSummaryHistGB,CA_1__HOUSEHOLD,1484,32,97660.3515625,0.031185115212744904,mean_spl,0.1562126753725827
store_cat,2,ChildSummaryHistGB,ChildSummaryHistGB,CA_2__FOODS,1484,33,97109.96875,0.03100936577969128,mean_spl,0.31491859029898367
store_cat,2,ChildSummaryHistGB,ChildSummaryHistGB,CA_2__HOBBIES,1484,34,32127.169921875,0.010258917559107109,mean_spl,0.14215029885276598
store_cat,2,ChildSummaryHistGB,ChildSummaryHistGB,CA_2__HOUSEHOLD,1484,35,85772.1484375,0.027388948414303897,mean_spl,0.11929197051691465
store_cat,2,ChildSummaryHistGB,ChildSummaryHistGB,CA_3__FOODS,1484,36,297412.46875,0.09497039438507442,mean_spl,0.20566722888009528
store_cat,2,ChildSummaryHistGB,ChildSummaryHistGB,CA_3__HOBBIES,1484,37,61886.78125,0.019761821174605104,mean_spl,0.2422833811413889
store_cat,2,ChildSummaryHistGB,ChildSummaryHistGB,CA_3__HOUSEHOLD,1484,38,172245.359375,0.05500176162618477,mean_spl,0.3403932722024853
store_cat,2,ChildSummaryHistGB,ChildSummaryHistGB,CA_4__FOODS,1484,39,119859.8125,0.03827389521323178,mean_spl,0.20354751253446204
store_cat,2,ChildSummaryHistGB,ChildSummaryHistGB,CA_4__HOBBIES,1484,40,36330.05078125,0.011600990588008404,mean_spl,0.2136873294271968
store_cat,2,ChildSummaryHistGB,ChildSummaryHistGB,CA_4__HOUSEHOLD,1484,41,51402.9609375,0.016414104940901036,mean_spl,0.17779435530703527
store_cat,2,ChildSummaryHistGB,ChildSummaryHistGB,TX_1__FOODS,1484,42,144507.609375,0.0461444831538793,mean_spl,0.21325838620974638
store_cat,2,ChildSummaryHistGB,ChildSummaryHistGB,TX_1__HOBBIES,1484,43,31937.12890625,0.010198233249941787,mean_spl,0.17900589069515133
store_cat,2,ChildSummaryHistGB,ChildSummaryHistGB,TX_1__HOUSEHOLD,1484,44,89760.1953125,0.02866242018950133,mean_spl,0.2249621399487933
store_cat,2,ChildSummaryHistGB,ChildSummaryHistGB,TX_2__FOODS,1484,45,179773.953125,0.0574058085062889,mean_spl,0.224562986983751
store_cat,2,ChildSummaryHistGB,ChildSummaryHistGB,TX_2__HOBBIES,1484,46,49847.03125,0.015917262099447972,mean_spl,0.18843667975618886
store_cat,2,ChildSummaryHistGB,ChildSummaryHistGB,TX_2__HOUSEHOLD,1484,47,93967.359375,0.030005860940111543,mean_spl,0.2012157138078377
store_cat,2,ChildSummaryHistGB,ChildSummaryHistGB,TX_3__FOODS,1484,48,166358.546875,0.053121971894618626,mean_spl,0.22390435681873455
store_cat,2,ChildSummaryHistGB,ChildSummaryHistGB,TX_3__HOBBIES,1484,49,58939.0,0.018820529274335952,mean_spl,0.17952180858833144
store_cat,2,ChildSummaryHistGB,ChildSummaryHistGB,TX_3__HOUSEHOLD,1484,50,94858.9296875,0.030290559105444093,mean_spl,0.4165458453313279
store_cat,2,ChildSummaryHistGB,ChildSummaryHistGB,WI_1__FOODS,1484,51,182376.296875,0.05823679455506408,mean_spl,0.6175751753873779
store_cat,2,ChildSummaryHistGB,ChildSummaryHistGB,WI_1__HOBBIES,1484,52,42152.4609375,0.013460215223528077,mean_spl,0.16772425833565802
store_cat,2,ChildSummaryHistGB,ChildSummaryHistGB,WI_1__HOUSEHOLD,1484,53,74201.4921875,0.023694181372508085,mean_spl,0.24298867596070328
store_cat,2,ChildSummaryHistGB,ChildSummaryHistGB,WI_2__FOODS,1484,54,220910.796875,0.07054171464739512,mean_spl,0.24055791268716042
store_cat,2,ChildSummaryHistGB,ChildSummaryHistGB,WI_2__HOBBIES,1484,55,28042.1796875,0.00895448962019686,mean_spl,0.1769354623278513
store_cat,2,ChildSummaryHistGB,ChildSummaryHistGB,WI_2__HOUSEHOLD,1484,56,95896.65625,0.030621928201429557,mean_spl,0.4827292602342283
store_cat,2,ChildSummaryHistGB,ChildSummaryHistGB,WI_3__FOODS,1484,57,160906.484375,0.05138100747569806,mean_spl,0.18168224522939458
store_cat,2,ChildSummaryHistGB,ChildSummaryHistGB,WI_3__HOBBIES,1484,58,24415.33984375,0.007796359257404398,mean_spl,0.15643195687751166
store_cat,2,ChildSummaryHistGB,ChildSummaryHistGB,WI_3__HOUSEHOLD,1484,59,69941.15625,0.02233376166348309,mean_spl,0.22741323515309717
store_cat,2,ChildSummaryHistGB,ChildSummaryHistGB,CA_1__FOODS,1512,60,207180.25,0.06491036969535333,mean_spl,0.300265232005424
store_cat,2,ChildSummaryHistGB,ChildSummaryHistGB,CA_1__HOBBIES,1512,61,62380.88671875,0.019544171893015955,mean_spl,0.1824516745854277
store_cat,2,ChildSummaryHistGB,ChildSummaryHistGB,CA_1__HOUSEHOLD,1512,62,105939.7890625,0.03319134364156151,mean_spl,0.20629772767907573
store_cat,2,ChildSummaryHistGB,ChildSummaryHistGB,CA_2__FOODS,1512,63,91005.09375,0.028512246121301568,mean_spl,0.21865899185403334
store_cat,2,ChildSummaryHistGB,ChildSummaryHistGB,CA_2__HOBBIES,1512,64,33450.58203125,0.010480196090955487,mean_spl,0.13519240893470624
store_cat,2,ChildSummaryHistGB,ChildSummaryHistGB,CA_2__HOUSEHOLD,1512,65,94968.328125,0.02975394270420743,mean_spl,0.13041480269075037
store_cat,2,ChildSummaryHistGB,ChildSummaryHistGB,CA_3__FOODS,1512,66,287165.4375,0.08997003677644409,mean_spl,0.28332257018517776
store_cat,2,ChildSummaryHistGB,ChildSummaryHistGB,CA_3__HOBBIES,1512,67,66716.6796875,0.020902592517202268,mean_spl,0.2923713835227295
store_cat,2,ChildSummaryHistGB,ChildSummaryHistGB,CA_3__HOUSEHOLD,1512,68,182819.796875,0.05727814597571753,mean_spl,0.3146924515744492
store_cat,2,ChildSummaryHistGB,ChildSummaryHistGB,CA_4__FOODS,1512,69,116552.8984375,0.03651647165520408,mean_spl,0.23313595855908278
store_cat,2,ChildSummaryHistGB,ChildSummaryHistGB,CA_4__HOBBIES,1512,70,36935.671875,0.011572088151995735,mean_spl,0.17587894740564158
store_cat,2,ChildSummaryHistGB,ChildSummaryHistGB,CA_4__HOUSEHOLD,1512,71,55035.6171875,0.017242870679288043,mean_spl,0.17103784653585186
store_cat,2,ChildSummaryHistGB,ChildSummaryHistGB,TX_1__FOODS,1512,72,146396.890625,0.045866709267504774,mean_spl,0.17421958639001514
store_cat,2,ChildSummaryHistGB,ChildSummaryHistGB,TX_1__HOBBIES,1512,73,37219.30859375,0.011660952627606897,mean_spl,0.1989939484297082
store_cat,2,ChildSummaryHistGB,ChildSummaryHistGB,TX_1__HOUSEHOLD,1512,74,98011.2890625,0.030707314077307153,mean_spl,0.17703921573755868
store_cat,2,ChildSummaryHistGB,ChildSummaryHistGB,TX_2__FOODS,1512,75,176122.65625,0.05517990604275809,mean_spl,0.33789862465879134
store_cat,2,ChildSummaryHistGB,ChildSummaryHistGB,TX_2__HOBBIES,1512,76,57129.640625,0.017898936281481592,mean_spl,0.2903805767945664
store_cat,2,ChildSummaryHistGB,ChildSummaryHistGB,TX_2__HOUSEHOLD,1512,77,104925.140625,0.03287345038103626,mean_spl,0.3600766246337369
store_cat,2,ChildSummaryHistGB,ChildSummaryHistGB,TX_3__FOODS,1512,78,171175.0625,0.05362980587918111,mean_spl,0.27421108771683445
store_cat,2,ChildSummaryHistGB,ChildSummaryHistGB,TX_3__HOBBIES,1512,79,67877.1015625,0.021266157156731493,mean_spl,0.22622695690774586
store_cat,2,ChildSummaryHistGB,ChildSummaryHistGB,TX_3__HOUSEHOLD,1512,80,106698.2734375,0.03342897971541217,mean_spl,0.22143802168585763
store_cat,2,ChildSummaryHistGB,ChildSummaryHistGB,WI_1__FOODS,1512,81,173160.421875,0.054251826612380274,mean_spl,0.42645358714623294
store_cat,2,ChildSummaryHistGB,ChildSummaryHistGB,WI_1__HOBBIES,1512,82,42989.3984375,0.013468743982879497,mean_spl,0.22555773428091516
store_cat,2,ChildSummaryHistGB,ChildSummaryHistGB,WI_1__HOUSEHOLD,1512,83,80510.828125,0.025224352311925487,mean_spl,0.2286093560492431
store_cat,2,ChildSummaryHistGB,ChildSummaryHistGB,WI_2__FOODS,1512,84,209484.875,0.06563241757761601,mean_spl,0.30048408311479435
store_cat,2,ChildSummaryHistGB,ChildSummaryHistGB,WI_2__HOBBIES,1512,85,27927.87890625,0.008749911946779423,mean_spl,0.16944034433986202
store_cat,2,ChildSummaryHistGB,ChildSummaryHistGB,WI_2__HOUSEHOLD,1512,86,94749.9140625,0.029685512737820482,mean_spl,0.3015559329510873
store_cat,2,ChildSummaryHistGB,ChildSummaryHistGB,WI_3__FOODS,1512,87,154383.0625,0.04836880765215719,mean_spl,0.23273040872870382
store_cat,2,ChildSummaryHistGB,ChildSummaryHistGB,WI_3__HOBBIES,1512,88,26006.021484375,0.00814778661989298,mean_spl,0.13971729447403625
store_cat,2,ChildSummaryHistGB,ChildSummaryHistGB,WI_3__HOUSEHOLD,1512,89,76870.9140625,0.02408395322728209,mean_spl,0.2700426323239003
store_cat,2,ChildSummaryHistGB,ChildSummaryHistGB,CA_1__FOODS,1540,90,220169.40625,0.06885783512657154,mean_spl,0.18817945444242887
store_cat,2,ChildSummaryHistGB,ChildSummaryHistGB,CA_1__HOBBIES,1540,91,61755.76953125,0.019314075778852052,mean_spl,0.13551843941364203
store_cat,2,ChildSummaryHistGB,ChildSummaryHistGB,CA_1__HOUSEHOLD,1540,92,109044.2734375,0.034103523871660345,mean_spl,0.19333098092488532
store_cat,2,ChildSummaryHistGB,ChildSummaryHistGB,CA_2__FOODS,1540,93,95685.3828125,0.029925539728460827,mean_spl,0.21489726866973102
store_cat,2,ChildSummaryHistGB,ChildSummaryHistGB,CA_2__HOBBIES,1540,94,34752.09765625,0.010868695389946238,mean_spl,0.14351569202229297
store_cat,2,ChildSummaryHistGB,ChildSummaryHistGB,CA_2__HOUSEHOLD,1540,95,99130.90625,0.03100312488811156,mean_spl,0.10217706529364498
store_cat,2,ChildSummaryHistGB,ChildSummaryHistGB,CA_3__FOODS,1540,96,290055.46875,0.09071465461495254,mean_spl,0.2018607778355163
store_cat,2,ChildSummaryHistGB,ChildSummaryHistGB,CA_3__HOBBIES,1540,97,67942.453125,0.02124895695119342,mean_spl,0.2227317272410104
store_cat,2,ChildSummaryHistGB,ChildSummaryHistGB,CA_3__HOUSEHOLD,1540,98,194752.859375,0.06090882702406398,mean_spl,0.27455141400983485
store_cat,2,ChildSummaryHistGB,ChildSummaryHistGB,CA_4__FOODS,1540,99,120052.3671875,0.03754629785831791,mean_spl,0.17853477197534595
store_cat,2,ChildSummaryHistGB,ChildSummaryHistGB,CA_4__HOBBIES,1540,100,37685.67578125,0.011786169994173486,mean_spl,0.25849533753580434
store_cat,2,ChildSummaryHistGB,ChildSummaryHistGB,CA_4__HOUSEHOLD,1540,101,57081.52734375,0.017852209648718267,mean_spl,0.16425202218166557
store_cat,2,ChildSummaryHistGB,ChildSummaryHistGB,TX_1__FOODS,1540,102,147996.359375,0.046285762798511335,mean_spl,0.13456321169974783
store_cat,2,ChildSummaryHistGB,ChildSummaryHistGB,TX_1__HOBBIES,1540,103,35824.16015625,0.011203982222607078,mean_spl,0.14067659334012717
store_cat,2,ChildSummaryHistGB,ChildSummaryHistGB,TX_1__HOUSEHOLD,1540,104,96537.8984375,0.030192163422228798,mean_spl,0.1577595738666421
store_cat,2,ChildSummaryHistGB,ChildSummaryHistGB,TX_2__FOODS,1540,105,179433.03125,0.05611756098412723,mean_spl,0.1628068744690667
store_cat,2,ChildSummaryHistGB,ChildSummaryHistGB,TX_2__HOBBIES,1540,106,54520.3046875,0.017051188969277244,mean_spl,0.1622562691016063
store_cat,2,ChildSummaryHistGB,ChildSummaryHistGB,TX_2__HOUSEHOLD,1540,107,103090.46875,0.032241475422103406,mean_spl,0.1750101376958136
store_cat,2,ChildSummaryHistGB,ChildSummaryHistGB,TX_3__FOODS,1540,108,173693.546875,0.05432254106952325,mean_spl,0.31150346559386927
store_cat,2,ChildSummaryHistGB,ChildSummaryHistGB,TX_3__HOBBIES,1540,109,69905.3671875,0.02186285701653573,mean_spl,0.21923138466323033
store_cat,2,ChildSummaryHistGB,ChildSummaryHistGB,TX_3__HOUSEHOLD,1540,110,104416.875,0.032656308093131484,mean_spl,0.2532928292460726
store_cat,2,ChildSummaryHistGB,ChildSummaryHistGB,WI_1__FOODS,1540,111,162298.171875,0.05075864512993716,mean_spl,0.279438710318231
store_cat,2,ChildSummaryHistGB,ChildSummaryHistGB,WI_1__HOBBIES,1540,112,41865.28125,0.013093338820048013,mean_spl,0.14973436149474276
store_cat,2,ChildSummaryHistGB,ChildSummaryHistGB,WI_1__HOUSEHOLD,1540,113,77330.671875,0.024185116110770965,mean_spl,0.24471961578614623
store_cat,2,ChildSummaryHistGB,ChildSummaryHistGB,WI_2__FOODS,1540,114,202491.703125,0.06332914525121458,mean_spl,0.29594660435621145
store_cat,2,ChildSummaryHistGB,ChildSummaryHistGB,WI_2__HOBBIES,1540,115,26394.369140625,0.008254821364650992,mean_spl,0.1707157960792434
store_cat,2,ChildSummaryHistGB,ChildSummaryHistGB,WI_2__HOUSEHOLD,1540,116,86329.9609375,0.026999637769690065,mean_spl,0.29124420849912314
store_cat,2,ChildSummaryHistGB,ChildSummaryHistGB,WI_3__FOODS,1540,117,150028.796875,0.04692140627261487,mean_spl,0.14189002229992279
store_cat,2,ChildSummaryHistGB,ChildSummaryHistGB,WI_3__HOBBIES,1540,118,24321.859375,0.007606645316169617,mean_spl,0.1081755324893435
store_cat,2,ChildSummaryHistGB,ChildSummaryHistGB,WI_3__HOUSEHOLD,1540,119,72861.84375,0.022787493091836034,mean_spl,0.20470002809640087
store_cat,2,BottomUpGlobalHistGB,BottomUpGlobalHistGB,CA_1__FOODS,1456,0,216654.625,0.07397924456338241,rmsse,0.5996873291223448
store_cat,2,BottomUpGlobalHistGB,BottomUpGlobalHistGB,CA_1__HOBBIES,1456,1,54163.19921875,0.018494655082203344,rmsse,0.6155271972050872
store_cat,2,BottomUpGlobalHistGB,BottomUpGlobalHistGB,CA_1__HOUSEHOLD,1456,2,94011.015625,0.03210115600612653,rmsse,0.842873318124106
store_cat,2,BottomUpGlobalHistGB,BottomUpGlobalHistGB,CA_2__FOODS,1456,3,106220.4296875,0.03627020261154881,rmsse,0.7675466862008568
store_cat,2,BottomUpGlobalHistGB,BottomUpGlobalHistGB,CA_2__HOBBIES,1456,4,31810.216796875,0.010861968942644223,rmsse,0.6836896359196803
store_cat,2,BottomUpGlobalHistGB,BottomUpGlobalHistGB,CA_2__HOUSEHOLD,1456,5,86838.34375,0.029651963671490145,rmsse,0.5686517562998785
store_cat,2,BottomUpGlobalHistGB,BottomUpGlobalHistGB,CA_3__FOODS,1456,6,276034.6875,0.09425525836127126,rmsse,0.9706505322155012
store_cat,2,BottomUpGlobalHistGB,BottomUpGlobalHistGB,CA_3__HOBBIES,1456,7,57284.25,0.019560374214858966,rmsse,0.9258728451301079
store_cat,2,BottomUpGlobalHistGB,BottomUpGlobalHistGB,CA_3__HOUSEHOLD,1456,8,155978.5625,0.05326069647408786,rmsse,1.1638689126566268
store_cat,2,BottomUpGlobalHistGB,BottomUpGlobalHistGB,CA_4__FOODS,1456,9,114921.703125,0.03924135374965941,rmsse,0.9900908401945628
store_cat,2,BottomUpGlobalHistGB,BottomUpGlobalHistGB,CA_4__HOBBIES,1456,10,33806.859375,0.011543745801055494,rmsse,0.7739593132767126
store_cat,2,BottomUpGlobalHistGB,BottomUpGlobalHistGB,CA_4__HOUSEHOLD,1456,11,51044.75,0.017429824283357508,rmsse,1.18197076813539
store_cat,2,BottomUpGlobalHistGB,BottomUpGlobalHistGB,TX_1__FOODS,1456,12,140683.25,0.04803793391311849,rmsse,0.6305026010655025
store_cat,2,BottomUpGlobalHistGB,BottomUpGlobalHistGB,TX_1__HOBBIES,1456,13,27783.09765625,0.009486862217873518,rmsse,0.7828714110541888
store_cat,2,BottomUpGlobalHistGB,BottomUpGlobalHistGB,TX_1__HOUSEHOLD,1456,14,80417.0078125,0.027459323741721976,rmsse,0.9621003412898319
store_cat,2,BottomUpGlobalHistGB,BottomUpGlobalHistGB,TX_2__FOODS,1456,15,169176.453125,0.05776726991219309,rmsse,0.6617801642950851
store_cat,2,BottomUpGlobalHistGB,BottomUpGlobalHistGB,TX_2__HOBBIES,1456,16,42864.6796875,0.014636644021481715,rmsse,0.8154294564756478
store_cat,2,BottomUpGlobalHistGB,BottomUpGlobalHistGB,TX_2__HOUSEHOLD,1456,17,79355.1796875,0.027096750163873577,rmsse,0.9658113770153839
store_cat,2,BottomUpGlobalHistGB,BottomUpGlobalHistGB,TX_3__FOODS,1456,18,156799.8125,0.053541121849718216,rmsse,0.8206037676740643
store_cat,2,BottomUpGlobalHistGB,BottomUpGlobalHistGB,TX_3__HOBBIES,1456,19,49402.20703125,0.016868958859916763,rmsse,0.9849875413601703
store_cat,2,BottomUpGlobalHistGB,BottomUpGlobalHistGB,TX_3__HOUSEHOLD,1456,20,78533.859375,0.02681630077922134,rmsse,1.3133992844132976
store_cat,2,BottomUpGlobalHistGB,BottomUpGlobalHistGB,WI_1__FOODS,1456,21,171450.15625,0.05854365232059495,rmsse,1.3429632407595724
store_cat,2,BottomUpGlobalHistGB,BottomUpGlobalHistGB,WI_1__HOBBIES,1456,22,39346.1328125,0.01343519521893088,rmsse,0.9708494216635063
store_cat,2,BottomUpGlobalHistGB,BottomUpGlobalHistGB,WI_1__HOUSEHOLD,1456,23,69904.34375,0.023869652181780117,rmsse,1.2892326004468513
store_cat,2,BottomUpGlobalHistGB,BottomUpGlobalHistGB,WI_2__FOODS,1456,24,213990.953125,0.07306970278426171,rmsse,1.1201232692249963
store_cat,2,BottomUpGlobalHistGB,BottomUpGlobalHistGB,WI_2__HOBBIES,1456,25,22872.908203125,0.007810220851896331,rmsse,1.0317998932075205
store_cat,2,BottomUpGlobalHistGB,BottomUpGlobalHistGB,WI_2__HOUSEHOLD,1456,26,73007.3671875,0.02492921566799104,rmsse,2.0766873394018326
store_cat,2,BottomUpGlobalHistGB,BottomUpGlobalHistGB,WI_3__FOODS,1456,27,151780.5625,0.05182724049004377,rmsse,0.8235940116947673
store_cat,2,BottomUpGlobalHistGB,BottomUpGlobalHistGB,WI_3__HOBBIES,1456,28,21418.96875,0.007313756295078839,rmsse,0.8928292164101684
store_cat,2,BottomUpGlobalHistGB,BottomUpGlobalHistGB,WI_3__HOUSEHOLD,1456,29,61031.02734375,0.020839754968617726,rmsse,1.2489105806976943
store_cat,2,BottomUpGlobalHistGB,BottomUpGlobalHistGB,CA_1__FOODS,1484,30,213601.578125,0.06820771906795026,rmsse,0.5134432097246879
store_cat,2,BottomUpGlobalHistGB,BottomUpGlobalHistGB,CA_1__HOBBIES,1484,31,57432.234375,0.018339385607920238,rmsse,0.7447886244120698
store_cat,2,BottomUpGlobalHistGB,BottomUpGlobalHistGB,CA_1__HOUSEHOLD,1484,32,97660.3515625,0.031185115212744904,rmsse,0.7416896227904656
store_cat,2,BottomUpGlobalHistGB,BottomUpGlobalHistGB,CA_2__FOODS,1484,33,97109.96875,0.03100936577969128,rmsse,0.5564170164912795
store_cat,2,BottomUpGlobalHistGB,BottomUpGlobalHistGB,CA_2__HOBBIES,1484,34,32127.169921875,0.010258917559107109,rmsse,0.5626513372562676
store_cat,2,BottomUpGlobalHistGB,BottomUpGlobalHistGB,CA_2__HOUSEHOLD,1484,35,85772.1484375,0.027388948414303897,rmsse,0.6533293698353447
store_cat,2,BottomUpGlobalHistGB,BottomUpGlobalHistGB,CA_3__FOODS,1484,36,297412.46875,0.09497039438507442,rmsse,0.8357453228872823
store_cat,2,BottomUpGlobalHistGB,BottomUpGlobalHistGB,CA_3__HOBBIES,1484,37,61886.78125,0.019761821174605104,rmsse,0.9288161774454676
store_cat,2,BottomUpGlobalHistGB,BottomUpGlobalHistGB,CA_3__HOUSEHOLD,1484,38,172245.359375,0.05500176162618477,rmsse,1.0203843609508207
store_cat,2,BottomUpGlobalHistGB,BottomUpGlobalHistGB,CA_4__FOODS,1484,39,119859.8125,0.03827389521323178,rmsse,0.9174654362787955
store_cat,2,BottomUpGlobalHistGB,BottomUpGlobalHistGB,CA_4__HOBBIES,1484,40,36330.05078125,0.011600990588008404,rmsse,0.9669897155941107
store_cat,2,BottomUpGlobalHistGB,BottomUpGlobalHistGB,CA_4__HOUSEHOLD,1484,41,51402.9609375,0.016414104940901036,rmsse,0.9383816057818501
store_cat,2,BottomUpGlobalHistGB,BottomUpGlobalHistGB,TX_1__FOODS,1484,42,144507.609375,0.0461444831538793,rmsse,0.6579376847004068
store_cat,2,BottomUpGlobalHistGB,BottomUpGlobalHistGB,TX_1__HOBBIES,1484,43,31937.12890625,0.010198233249941787,rmsse,0.8058090080653457
store_cat,2,BottomUpGlobalHistGB,BottomUpGlobalHistGB,TX_1__HOUSEHOLD,1484,44,89760.1953125,0.02866242018950133,rmsse,0.8831344979027429
store_cat,2,BottomUpGlobalHistGB,BottomUpGlobalHistGB,TX_2__FOODS,1484,45,179773.953125,0.0574058085062889,rmsse,0.6111716024145711
store_cat,2,BottomUpGlobalHistGB,BottomUpGlobalHistGB,TX_2__HOBBIES,1484,46,49847.03125,0.015917262099447972,rmsse,0.7591805954890358
store_cat,2,BottomUpGlobalHistGB,BottomUpGlobalHistGB,TX_2__HOUSEHOLD,1484,47,93967.359375,0.030005860940111543,rmsse,0.7963584104596813
store_cat,2,BottomUpGlobalHistGB,BottomUpGlobalHistGB,TX_3__FOODS,1484,48,166358.546875,0.053121971894618626,rmsse,0.8100059220802109
store_cat,2,BottomUpGlobalHistGB,BottomUpGlobalHistGB,TX_3__HOBBIES,1484,49,58939.0,0.018820529274335952,rmsse,0.9883676004073009
store_cat,2,BottomUpGlobalHistGB,BottomUpGlobalHistGB,TX_3__HOUSEHOLD,1484,50,94858.9296875,0.030290559105444093,rmsse,1.3216644434289322
store_cat,2,BottomUpGlobalHistGB,BottomUpGlobalHistGB,WI_1__FOODS,1484,51,182376.296875,0.05823679455506408,rmsse,0.8623222710396852
store_cat,2,BottomUpGlobalHistGB,BottomUpGlobalHistGB,WI_1__HOBBIES,1484,52,42152.4609375,0.013460215223528077,rmsse,0.7081902024424414
store_cat,2,BottomUpGlobalHistGB,BottomUpGlobalHistGB,WI_1__HOUSEHOLD,1484,53,74201.4921875,0.023694181372508085,rmsse,1.076769748863452
store_cat,2,BottomUpGlobalHistGB,BottomUpGlobalHistGB,WI_2__FOODS,1484,54,220910.796875,0.07054171464739512,rmsse,0.8314612612205091
store_cat,2,BottomUpGlobalHistGB,BottomUpGlobalHistGB,WI_2__HOBBIES,1484,55,28042.1796875,0.00895448962019686,rmsse,0.8930598093915914
store_cat,2,BottomUpGlobalHistGB,BottomUpGlobalHistGB,WI_2__HOUSEHOLD,1484,56,95896.65625,0.030621928201429557,rmsse,1.1185280183882649
store_cat,2,BottomUpGlobalHistGB,BottomUpGlobalHistGB,WI_3__FOODS,1484,57,160906.484375,0.05138100747569806,rmsse,0.47335731827211286
store_cat,2,BottomUpGlobalHistGB,BottomUpGlobalHistGB,WI_3__HOBBIES,1484,58,24415.33984375,0.007796359257404398,rmsse,0.6915035419642842
store_cat,2,BottomUpGlobalHistGB,BottomUpGlobalHistGB,WI_3__HOUSEHOLD,1484,59,69941.15625,0.02233376166348309,rmsse,0.9358198511789345
store_cat,2,BottomUpGlobalHistGB,BottomUpGlobalHistGB,CA_1__FOODS,1512,60,207180.25,0.06491036969535333,rmsse,0.8308462811959936
store_cat,2,BottomUpGlobalHistGB,BottomUpGlobalHistGB,CA_1__HOBBIES,1512,61,62380.88671875,0.019544171893015955,rmsse,0.7847922919650181
store_cat,2,BottomUpGlobalHistGB,BottomUpGlobalHistGB,CA_1__HOUSEHOLD,1512,62,105939.7890625,0.03319134364156151,rmsse,0.7459165868340374
store_cat,2,BottomUpGlobalHistGB,BottomUpGlobalHistGB,CA_2__FOODS,1512,63,91005.09375,0.028512246121301568,rmsse,0.5095798361522327
store_cat,2,BottomUpGlobalHistGB,BottomUpGlobalHistGB,CA_2__HOBBIES,1512,64,33450.58203125,0.010480196090955487,rmsse,0.6161421437924807
store_cat,2,BottomUpGlobalHistGB,BottomUpGlobalHistGB,CA_2__HOUSEHOLD,1512,65,94968.328125,0.02975394270420743,rmsse,0.6583047426676545
store_cat,2,BottomUpGlobalHistGB,BottomUpGlobalHistGB,CA_3__FOODS,1512,66,287165.4375,0.08997003677644409,rmsse,0.785626790572713
store_cat,2,BottomUpGlobalHistGB,BottomUpGlobalHistGB,CA_3__HOBBIES,1512,67,66716.6796875,0.020902592517202268,rmsse,1.0325551790062502
store_cat,2,BottomUpGlobalHistGB,BottomUpGlobalHistGB,CA_3__HOUSEHOLD,1512,68,182819.796875,0.05727814597571753,rmsse,1.02983287555509
store_cat,2,BottomUpGlobalHistGB,BottomUpGlobalHistGB,CA_4__FOODS,1512,69,116552.8984375,0.03651647165520408,rmsse,0.9663762587747522
store_cat,2,BottomUpGlobalHistGB,BottomUpGlobalHistGB,CA_4__HOBBIES,1512,70,36935.671875,0.011572088151995735,rmsse,0.7550617013073483
store_cat,2,BottomUpGlobalHistGB,BottomUpGlobalHistGB,CA_4__HOUSEHOLD,1512,71,55035.6171875,0.017242870679288043,rmsse,0.9552640948118231
store_cat,2,BottomUpGlobalHistGB,BottomUpGlobalHistGB,TX_1__FOODS,1512,72,146396.890625,0.045866709267504774,rmsse,0.6807452117839838
store_cat,2,BottomUpGlobalHistGB,BottomUpGlobalHistGB,TX_1__HOBBIES,1512,73,37219.30859375,0.011660952627606897,rmsse,0.7616085455690043
store_cat,2,BottomUpGlobalHistGB,BottomUpGlobalHistGB,TX_1__HOUSEHOLD,1512,74,98011.2890625,0.030707314077307153,rmsse,0.720712656892182
store_cat,2,BottomUpGlobalHistGB,BottomUpGlobalHistGB,TX_2__FOODS,1512,75,176122.65625,0.05517990604275809,rmsse,1.1117559900917846
store_cat,2,BottomUpGlobalHistGB,BottomUpGlobalHistGB,TX_2__HOBBIES,1512,76,57129.640625,0.017898936281481592,rmsse,0.9962364403768179
store_cat,2,BottomUpGlobalHistGB,BottomUpGlobalHistGB,TX_2__HOUSEHOLD,1512,77,104925.140625,0.03287345038103626,rmsse,1.2269932069091143
store_cat,2,BottomUpGlobalHistGB,BottomUpGlobalHistGB,TX_3__FOODS,1512,78,171175.0625,0.05362980587918111,rmsse,0.8911564225595425
store_cat,2,BottomUpGlobalHistGB,BottomUpGlobalHistGB,TX_3__HOBBIES,1512,79,67877.1015625,0.021266157156731493,rmsse,0.785409516203838
store_cat,2,BottomUpGlobalHistGB,BottomUpGlobalHistGB,TX_3__HOUSEHOLD,1512,80,106698.2734375,0.03342897971541217,rmsse,1.0240291559625776
store_cat,2,BottomUpGlobalHistGB,BottomUpGlobalHistGB,WI_1__FOODS,1512,81,173160.421875,0.054251826612380274,rmsse,0.7964360247369492
store_cat,2,BottomUpGlobalHistGB,BottomUpGlobalHistGB,WI_1__HOBBIES,1512,82,42989.3984375,0.013468743982879497,rmsse,0.9600507175548857
store_cat,2,BottomUpGlobalHistGB,BottomUpGlobalHistGB,WI_1__HOUSEHOLD,1512,83,80510.828125,0.025224352311925487,rmsse,0.9537559315659254
store_cat,2,BottomUpGlobalHistGB,BottomUpGlobalHistGB,WI_2__FOODS,1512,84,209484.875,0.06563241757761601,rmsse,0.943894371760034
store_cat,2,BottomUpGlobalHistGB,BottomUpGlobalHistGB,WI_2__HOBBIES,1512,85,27927.87890625,0.008749911946779423,rmsse,1.1038107766149632
store_cat,2,BottomUpGlobalHistGB,BottomUpGlobalHistGB,WI_2__HOUSEHOLD,1512,86,94749.9140625,0.029685512737820482,rmsse,1.107948865129797
store_cat,2,BottomUpGlobalHistGB,BottomUpGlobalHistGB,WI_3__FOODS,1512,87,154383.0625,0.04836880765215719,rmsse,0.6999743248672123
store_cat,2,BottomUpGlobalHistGB,BottomUpGlobalHistGB,WI_3__HOBBIES,1512,88,26006.021484375,0.00814778661989298,rmsse,0.8465977401806897
store_cat,2,BottomUpGlobalHistGB,BottomUpGlobalHistGB,WI_3__HOUSEHOLD,1512,89,76870.9140625,0.02408395322728209,rmsse,0.9144463741179277
store_cat,2,BottomUpGlobalHistGB,BottomUpGlobalHistGB,CA_1__FOODS,1540,90,220169.40625,0.06885783512657154,rmsse,0.6607366867572817
store_cat,2,BottomUpGlobalHistGB,BottomUpGlobalHistGB,CA_1__HOBBIES,1540,91,61755.76953125,0.019314075778852052,rmsse,0.5402208460864836
store_cat,2,BottomUpGlobalHistGB,BottomUpGlobalHistGB,CA_1__HOUSEHOLD,1540,92,109044.2734375,0.034103523871660345,rmsse,0.7928908986348784
store_cat,2,BottomUpGlobalHistGB,BottomUpGlobalHistGB,CA_2__FOODS,1540,93,95685.3828125,0.029925539728460827,rmsse,0.4574049443763352
store_cat,2,BottomUpGlobalHistGB,BottomUpGlobalHistGB,CA_2__HOBBIES,1540,94,34752.09765625,0.010868695389946238,rmsse,0.5642190835314577
store_cat,2,BottomUpGlobalHistGB,BottomUpGlobalHistGB,CA_2__HOUSEHOLD,1540,95,99130.90625,0.03100312488811156,rmsse,0.45203966564804876
store_cat,2,BottomUpGlobalHistGB,BottomUpGlobalHistGB,CA_3__FOODS,1540,96,290055.46875,0.09071465461495254,rmsse,0.752666269400192
store_cat,2,BottomUpGlobalHistGB,BottomUpGlobalHistGB,CA_3__HOBBIES,1540,97,67942.453125,0.02124895695119342,rmsse,0.8991241998420724
store_cat,2,BottomUpGlobalHistGB,BottomUpGlobalHistGB,CA_3__HOUSEHOLD,1540,98,194752.859375,0.06090882702406398,rmsse,0.9866612662441339
store_cat,2,BottomUpGlobalHistGB,BottomUpGlobalHistGB,CA_4__FOODS,1540,99,120052.3671875,0.03754629785831791,rmsse,0.8998697378117544
store_cat,2,BottomUpGlobalHistGB,BottomUpGlobalHistGB,CA_4__HOBBIES,1540,100,37685.67578125,0.011786169994173486,rmsse,0.9263014117277812
store_cat,2,BottomUpGlobalHistGB,BottomUpGlobalHistGB,CA_4__HOUSEHOLD,1540,101,57081.52734375,0.017852209648718267,rmsse,1.0410431285528388
store_cat,2,BottomUpGlobalHistGB,BottomUpGlobalHistGB,TX_1__FOODS,1540,102,147996.359375,0.046285762798511335,rmsse,0.5143919406490554
store_cat,2,BottomUpGlobalHistGB,BottomUpGlobalHistGB,TX_1__HOBBIES,1540,103,35824.16015625,0.011203982222607078,rmsse,0.702004925366322
store_cat,2,BottomUpGlobalHistGB,BottomUpGlobalHistGB,TX_1__HOUSEHOLD,1540,104,96537.8984375,0.030192163422228798,rmsse,0.7278101964293375
store_cat,2,BottomUpGlobalHistGB,BottomUpGlobalHistGB,TX_2__FOODS,1540,105,179433.03125,0.05611756098412723,rmsse,0.5153568130578533
store_cat,2,BottomUpGlobalHistGB,BottomUpGlobalHistGB,TX_2__HOBBIES,1540,106,54520.3046875,0.017051188969277244,rmsse,0.6891542798199497
store_cat,2,BottomUpGlobalHistGB,BottomUpGlobalHistGB,TX_2__HOUSEHOLD,1540,107,103090.46875,0.032241475422103406,rmsse,0.7217601347751114
store_cat,2,BottomUpGlobalHistGB,BottomUpGlobalHistGB,TX_3__FOODS,1540,108,173693.546875,0.05432254106952325,rmsse,0.9714348453217595
store_cat,2,BottomUpGlobalHistGB,BottomUpGlobalHistGB,TX_3__HOBBIES,1540,109,69905.3671875,0.02186285701653573,rmsse,0.7543603403661903
store_cat,2,BottomUpGlobalHistGB,BottomUpGlobalHistGB,TX_3__HOUSEHOLD,1540,110,104416.875,0.032656308093131484,rmsse,1.065252483224318
store_cat,2,BottomUpGlobalHistGB,BottomUpGlobalHistGB,WI_1__FOODS,1540,111,162298.171875,0.05075864512993716,rmsse,0.8006342141896464
store_cat,2,BottomUpGlobalHistGB,BottomUpGlobalHistGB,WI_1__HOBBIES,1540,112,41865.28125,0.013093338820048013,rmsse,0.747681639252572
store_cat,2,BottomUpGlobalHistGB,BottomUpGlobalHistGB,WI_1__HOUSEHOLD,1540,113,77330.671875,0.024185116110770965,rmsse,0.887642457271473
store_cat,2,BottomUpGlobalHistGB,BottomUpGlobalHistGB,WI_2__FOODS,1540,114,202491.703125,0.06332914525121458,rmsse,1.0070089872145707
store_cat,2,BottomUpGlobalHistGB,BottomUpGlobalHistGB,WI_2__HOBBIES,1540,115,26394.369140625,0.008254821364650992,rmsse,0.8345103944846177
store_cat,2,BottomUpGlobalHistGB,BottomUpGlobalHistGB,WI_2__HOUSEHOLD,1540,116,86329.9609375,0.026999637769690065,rmsse,1.0595525709806675
store_cat,2,BottomUpGlobalHistGB,BottomUpGlobalHistGB,WI_3__FOODS,1540,117,150028.796875,0.04692140627261487,rmsse,0.5810081766947592
store_cat,2,BottomUpGlobalHistGB,BottomUpGlobalHistGB,WI_3__HOBBIES,1540,118,24321.859375,0.007606645316169617,rmsse,0.6540284079197289
store_cat,2,BottomUpGlobalHistGB,BottomUpGlobalHistGB,WI_3__HOUSEHOLD,1540,119,72861.84375,0.022787493091836034,rmsse,0.791547970097453
store_cat,2,BottomUpGlobalHistGB,BottomUpGlobalHistGB,CA_1__FOODS,1456,0,216654.625,0.07397924456338241,mean_spl,0.16284797875786056
store_cat,2,BottomUpGlobalHistGB,BottomUpGlobalHistGB,CA_1__HOBBIES,1456,1,54163.19921875,0.018494655082203344,mean_spl,0.16886969294288198
store_cat,2,BottomUpGlobalHistGB,BottomUpGlobalHistGB,CA_1__HOUSEHOLD,1456,2,94011.015625,0.03210115600612653,mean_spl,0.2109364163677016
store_cat,2,BottomUpGlobalHistGB,BottomUpGlobalHistGB,CA_2__FOODS,1456,3,106220.4296875,0.03627020261154881,mean_spl,0.22682471553261344
store_cat,2,BottomUpGlobalHistGB,BottomUpGlobalHistGB,CA_2__HOBBIES,1456,4,31810.216796875,0.010861968942644223,mean_spl,0.19169632091476943
store_cat,2,BottomUpGlobalHistGB,BottomUpGlobalHistGB,CA_2__HOUSEHOLD,1456,5,86838.34375,0.029651963671490145,mean_spl,0.15466061713220014
store_cat,2,BottomUpGlobalHistGB,BottomUpGlobalHistGB,CA_3__FOODS,1456,6,276034.6875,0.09425525836127126,mean_spl,0.32285663565246225
store_cat,2,BottomUpGlobalHistGB,BottomUpGlobalHistGB,CA_3__HOBBIES,1456,7,57284.25,0.019560374214858966,mean_spl,0.23666933120536282
store_cat,2,BottomUpGlobalHistGB,BottomUpGlobalHistGB,CA_3__HOUSEHOLD,1456,8,155978.5625,0.05326069647408786,mean_spl,0.32622474981556066
store_cat,2,BottomUpGlobalHistGB,BottomUpGlobalHistGB,CA_4__FOODS,1456,9,114921.703125,0.03924135374965941,mean_spl,0.25800215754931877
store_cat,2,BottomUpGlobalHistGB,BottomUpGlobalHistGB,CA_4__HOBBIES,1456,10,33806.859375,0.011543745801055494,mean_spl,0.2566110916726884
store_cat,2,BottomUpGlobalHistGB,BottomUpGlobalHistGB,CA_4__HOUSEHOLD,1456,11,51044.75,0.017429824283357508,mean_spl,0.3252478323119993
store_cat,2,BottomUpGlobalHistGB,BottomUpGlobalHistGB,TX_1__FOODS,1456,12,140683.25,0.04803793391311849,mean_spl,0.16622836692586362
store_cat,2,BottomUpGlobalHistGB,BottomUpGlobalHistGB,TX_1__HOBBIES,1456,13,27783.09765625,0.009486862217873518,mean_spl,0.26290971737879615
store_cat,2,BottomUpGlobalHistGB,BottomUpGlobalHistGB,TX_1__HOUSEHOLD,1456,14,80417.0078125,0.027459323741721976,mean_spl,0.22970408853675883
store_cat,2,BottomUpGlobalHistGB,BottomUpGlobalHistGB,TX_2__FOODS,1456,15,169176.453125,0.05776726991219309,mean_spl,0.17974922969989746
store_cat,2,BottomUpGlobalHistGB,BottomUpGlobalHistGB,TX_2__HOBBIES,1456,16,42864.6796875,0.014636644021481715,mean_spl,0.24839797780949496
store_cat,2,BottomUpGlobalHistGB,BottomUpGlobalHistGB,TX_2__HOUSEHOLD,1456,17,79355.1796875,0.027096750163873577,mean_spl,0.2720431815276412
store_cat,2,BottomUpGlobalHistGB,BottomUpGlobalHistGB,TX_3__FOODS,1456,18,156799.8125,0.053541121849718216,mean_spl,0.22227471441470062
store_cat,2,BottomUpGlobalHistGB,BottomUpGlobalHistGB,TX_3__HOBBIES,1456,19,49402.20703125,0.016868958859916763,mean_spl,0.3175619460751185
store_cat,2,BottomUpGlobalHistGB,BottomUpGlobalHistGB,TX_3__HOUSEHOLD,1456,20,78533.859375,0.02681630077922134,mean_spl,0.3510179426640652
store_cat,2,BottomUpGlobalHistGB,BottomUpGlobalHistGB,WI_1__FOODS,1456,21,171450.15625,0.05854365232059495,mean_spl,0.4263786543513698
store_cat,2,BottomUpGlobalHistGB,BottomUpGlobalHistGB,WI_1__HOBBIES,1456,22,39346.1328125,0.01343519521893088,mean_spl,0.2334779980842145
store_cat,2,BottomUpGlobalHistGB,BottomUpGlobalHistGB,WI_1__HOUSEHOLD,1456,23,69904.34375,0.023869652181780117,mean_spl,0.2972197393631535
store_cat,2,BottomUpGlobalHistGB,BottomUpGlobalHistGB,WI_2__FOODS,1456,24,213990.953125,0.07306970278426171,mean_spl,0.3893116520411926
store_cat,2,BottomUpGlobalHistGB,BottomUpGlobalHistGB,WI_2__HOBBIES,1456,25,22872.908203125,0.007810220851896331,mean_spl,0.32430216841823556
store_cat,2,BottomUpGlobalHistGB,BottomUpGlobalHistGB,WI_2__HOUSEHOLD,1456,26,73007.3671875,0.02492921566799104,mean_spl,0.6323259270367618
store_cat,2,BottomUpGlobalHistGB,BottomUpGlobalHistGB,WI_3__FOODS,1456,27,151780.5625,0.05182724049004377,mean_spl,0.2621273495661594
store_cat,2,BottomUpGlobalHistGB,BottomUpGlobalHistGB,WI_3__HOBBIES,1456,28,21418.96875,0.007313756295078839,mean_spl,0.2658316134625448
store_cat,2,BottomUpGlobalHistGB,BottomUpGlobalHistGB,WI_3__HOUSEHOLD,1456,29,61031.02734375,0.020839754968617726,mean_spl,0.31224743683809913
store_cat,2,BottomUpGlobalHistGB,BottomUpGlobalHistGB,CA_1__FOODS,1484,30,213601.578125,0.06820771906795026,mean_spl,0.13319468971280787
store_cat,2,BottomUpGlobalHistGB,BottomUpGlobalHistGB,CA_1__HOBBIES,1484,31,57432.234375,0.018339385607920238,mean_spl,0.20227934214763507
store_cat,2,BottomUpGlobalHistGB,BottomUpGlobalHistGB,CA_1__HOUSEHOLD,1484,32,97660.3515625,0.031185115212744904,mean_spl,0.17590399367293552
store_cat,2,BottomUpGlobalHistGB,BottomUpGlobalHistGB,CA_2__FOODS,1484,33,97109.96875,0.03100936577969128,mean_spl,0.15139628707454902
store_cat,2,BottomUpGlobalHistGB,BottomUpGlobalHistGB,CA_2__HOBBIES,1484,34,32127.169921875,0.010258917559107109,mean_spl,0.1710278111141984
store_cat,2,BottomUpGlobalHistGB,BottomUpGlobalHistGB,CA_2__HOUSEHOLD,1484,35,85772.1484375,0.027388948414303897,mean_spl,0.17129448027217167
store_cat,2,BottomUpGlobalHistGB,BottomUpGlobalHistGB,CA_3__FOODS,1484,36,297412.46875,0.09497039438507442,mean_spl,0.2245373513446015
store_cat,2,BottomUpGlobalHistGB,BottomUpGlobalHistGB,CA_3__HOBBIES,1484,37,61886.78125,0.019761821174605104,mean_spl,0.24974047359279444
store_cat,2,BottomUpGlobalHistGB,BottomUpGlobalHistGB,CA_3__HOUSEHOLD,1484,38,172245.359375,0.05500176162618477,mean_spl,0.2804371937002108
store_cat,2,BottomUpGlobalHistGB,BottomUpGlobalHistGB,CA_4__FOODS,1484,39,119859.8125,0.03827389521323178,mean_spl,0.21397320064140082
store_cat,2,BottomUpGlobalHistGB,BottomUpGlobalHistGB,CA_4__HOBBIES,1484,40,36330.05078125,0.011600990588008404,mean_spl,0.2651161303537618
store_cat,2,BottomUpGlobalHistGB,BottomUpGlobalHistGB,CA_4__HOUSEHOLD,1484,41,51402.9609375,0.016414104940901036,mean_spl,0.3021480774115977
store_cat,2,BottomUpGlobalHistGB,BottomUpGlobalHistGB,TX_1__FOODS,1484,42,144507.609375,0.0461444831538793,mean_spl,0.14650077702607395
store_cat,2,BottomUpGlobalHistGB,BottomUpGlobalHistGB,TX_1__HOBBIES,1484,43,31937.12890625,0.010198233249941787,mean_spl,0.25435721536934064
store_cat,2,BottomUpGlobalHistGB,BottomUpGlobalHistGB,TX_1__HOUSEHOLD,1484,44,89760.1953125,0.02866242018950133,mean_spl,0.22330383451571942
store_cat,2,BottomUpGlobalHistGB,BottomUpGlobalHistGB,TX_2__FOODS,1484,45,179773.953125,0.0574058085062889,mean_spl,0.1647623270256209
store_cat,2,BottomUpGlobalHistGB,BottomUpGlobalHistGB,TX_2__HOBBIES,1484,46,49847.03125,0.015917262099447972,mean_spl,0.21447688953289676
store_cat,2,BottomUpGlobalHistGB,BottomUpGlobalHistGB,TX_2__HOUSEHOLD,1484,47,93967.359375,0.030005860940111543,mean_spl,0.1936643533902428
store_cat,2,BottomUpGlobalHistGB,BottomUpGlobalHistGB,TX_3__FOODS,1484,48,166358.546875,0.053121971894618626,mean_spl,0.20923703068788116
store_cat,2,BottomUpGlobalHistGB,BottomUpGlobalHistGB,TX_3__HOBBIES,1484,49,58939.0,0.018820529274335952,mean_spl,0.26972989143742443
store_cat,2,BottomUpGlobalHistGB,BottomUpGlobalHistGB,TX_3__HOUSEHOLD,1484,50,94858.9296875,0.030290559105444093,mean_spl,0.3527010444177438
store_cat,2,BottomUpGlobalHistGB,BottomUpGlobalHistGB,WI_1__FOODS,1484,51,182376.296875,0.05823679455506408,mean_spl,0.3026950049388253
store_cat,2,BottomUpGlobalHistGB,BottomUpGlobalHistGB,WI_1__HOBBIES,1484,52,42152.4609375,0.013460215223528077,mean_spl,0.182099678137812
store_cat,2,BottomUpGlobalHistGB,BottomUpGlobalHistGB,WI_1__HOUSEHOLD,1484,53,74201.4921875,0.023694181372508085,mean_spl,0.26727100757225647
store_cat,2,BottomUpGlobalHistGB,BottomUpGlobalHistGB,WI_2__FOODS,1484,54,220910.796875,0.07054171464739512,mean_spl,0.2881033254974612
store_cat,2,BottomUpGlobalHistGB,BottomUpGlobalHistGB,WI_2__HOBBIES,1484,55,28042.1796875,0.00895448962019686,mean_spl,0.2726029318403583
store_cat,2,BottomUpGlobalHistGB,BottomUpGlobalHistGB,WI_2__HOUSEHOLD,1484,56,95896.65625,0.030621928201429557,mean_spl,0.30328594657224517
store_cat,2,BottomUpGlobalHistGB,BottomUpGlobalHistGB,WI_3__FOODS,1484,57,160906.484375,0.05138100747569806,mean_spl,0.1306574521322355
store_cat,2,BottomUpGlobalHistGB,BottomUpGlobalHistGB,WI_3__HOBBIES,1484,58,24415.33984375,0.007796359257404398,mean_spl,0.22326606497591894
store_cat,2,BottomUpGlobalHistGB,BottomUpGlobalHistGB,WI_3__HOUSEHOLD,1484,59,69941.15625,0.02233376166348309,mean_spl,0.23827357192644413
store_cat,2,BottomUpGlobalHistGB,BottomUpGlobalHistGB,CA_1__FOODS,1512,60,207180.25,0.06491036969535333,mean_spl,0.23590128211912756
store_cat,2,BottomUpGlobalHistGB,BottomUpGlobalHistGB,CA_1__HOBBIES,1512,61,62380.88671875,0.019544171893015955,mean_spl,0.19743657729800299
store_cat,2,BottomUpGlobalHistGB,BottomUpGlobalHistGB,CA_1__HOUSEHOLD,1512,62,105939.7890625,0.03319134364156151,mean_spl,0.1837111036379153
store_cat,2,BottomUpGlobalHistGB,BottomUpGlobalHistGB,CA_2__FOODS,1512,63,91005.09375,0.028512246121301568,mean_spl,0.12489409604247419
store_cat,2,BottomUpGlobalHistGB,BottomUpGlobalHistGB,CA_2__HOBBIES,1512,64,33450.58203125,0.010480196090955487,mean_spl,0.18310304494273813
store_cat,2,BottomUpGlobalHistGB,BottomUpGlobalHistGB,CA_2__HOUSEHOLD,1512,65,94968.328125,0.02975394270420743,mean_spl,0.16640433753248926
store_cat,2,BottomUpGlobalHistGB,BottomUpGlobalHistGB,CA_3__FOODS,1512,66,287165.4375,0.08997003677644409,mean_spl,0.1967908775473041
store_cat,2,BottomUpGlobalHistGB,BottomUpGlobalHistGB,CA_3__HOBBIES,1512,67,66716.6796875,0.020902592517202268,mean_spl,0.2632499830279767
store_cat,2,BottomUpGlobalHistGB,BottomUpGlobalHistGB,CA_3__HOUSEHOLD,1512,68,182819.796875,0.05727814597571753,mean_spl,0.2550514713034826
store_cat,2,BottomUpGlobalHistGB,BottomUpGlobalHistGB,CA_4__FOODS,1512,69,116552.8984375,0.03651647165520408,mean_spl,0.22824325592385108
store_cat,2,BottomUpGlobalHistGB,BottomUpGlobalHistGB,CA_4__HOBBIES,1512,70,36935.671875,0.011572088151995735,mean_spl,0.2357594763097327
store_cat,2,BottomUpGlobalHistGB,BottomUpGlobalHistGB,CA_4__HOUSEHOLD,1512,71,55035.6171875,0.017242870679288043,mean_spl,0.301318306778716
store_cat,2,BottomUpGlobalHistGB,BottomUpGlobalHistGB,TX_1__FOODS,1512,72,146396.890625,0.045866709267504774,mean_spl,0.17452030486821254
store_cat,2,BottomUpGlobalHistGB,BottomUpGlobalHistGB,TX_1__HOBBIES,1512,73,37219.30859375,0.011660952627606897,mean_spl,0.2532657388003442
store_cat,2,BottomUpGlobalHistGB,BottomUpGlobalHistGB,TX_1__HOUSEHOLD,1512,74,98011.2890625,0.030707314077307153,mean_spl,0.1717729115098811
store_cat,2,BottomUpGlobalHistGB,BottomUpGlobalHistGB,TX_2__FOODS,1512,75,176122.65625,0.05517990604275809,mean_spl,0.2840336897614507
store_cat,2,BottomUpGlobalHistGB,BottomUpGlobalHistGB,TX_2__HOBBIES,1512,76,57129.640625,0.017898936281481592,mean_spl,0.2571156238371055
store_cat,2,BottomUpGlobalHistGB,BottomUpGlobalHistGB,TX_2__HOUSEHOLD,1512,77,104925.140625,0.03287345038103626,mean_spl,0.27961696748330483
store_cat,2,BottomUpGlobalHistGB,BottomUpGlobalHistGB,TX_3__FOODS,1512,78,171175.0625,0.05362980587918111,mean_spl,0.23469840026185076
store_cat,2,BottomUpGlobalHistGB,BottomUpGlobalHistGB,TX_3__HOBBIES,1512,79,67877.1015625,0.021266157156731493,mean_spl,0.2626477302740346
store_cat,2,BottomUpGlobalHistGB,BottomUpGlobalHistGB,TX_3__HOUSEHOLD,1512,80,106698.2734375,0.03342897971541217,mean_spl,0.24326403138018332
store_cat,2,BottomUpGlobalHistGB,BottomUpGlobalHistGB,WI_1__FOODS,1512,81,173160.421875,0.054251826612380274,mean_spl,0.24933007800129495
store_cat,2,BottomUpGlobalHistGB,BottomUpGlobalHistGB,WI_1__HOBBIES,1512,82,42989.3984375,0.013468743982879497,mean_spl,0.2270492662464889
store_cat,2,BottomUpGlobalHistGB,BottomUpGlobalHistGB,WI_1__HOUSEHOLD,1512,83,80510.828125,0.025224352311925487,mean_spl,0.24863650955861083
store_cat,2,BottomUpGlobalHistGB,BottomUpGlobalHistGB,WI_2__FOODS,1512,84,209484.875,0.06563241757761601,mean_spl,0.30783983798977277
store_cat,2,BottomUpGlobalHistGB,BottomUpGlobalHistGB,WI_2__HOBBIES,1512,85,27927.87890625,0.008749911946779423,mean_spl,0.30114355881935334
store_cat,2,BottomUpGlobalHistGB,BottomUpGlobalHistGB,WI_2__HOUSEHOLD,1512,86,94749.9140625,0.029685512737820482,mean_spl,0.2777460465319997
store_cat,2,BottomUpGlobalHistGB,BottomUpGlobalHistGB,WI_3__FOODS,1512,87,154383.0625,0.04836880765215719,mean_spl,0.2078753159108764
store_cat,2,BottomUpGlobalHistGB,BottomUpGlobalHistGB,WI_3__HOBBIES,1512,88,26006.021484375,0.00814778661989298,mean_spl,0.23533853987157638
store_cat,2,BottomUpGlobalHistGB,BottomUpGlobalHistGB,WI_3__HOUSEHOLD,1512,89,76870.9140625,0.02408395322728209,mean_spl,0.2235128065494745
store_cat,2,BottomUpGlobalHistGB,BottomUpGlobalHistGB,CA_1__FOODS,1540,90,220169.40625,0.06885783512657154,mean_spl,0.17187527110994288
store_cat,2,BottomUpGlobalHistGB,BottomUpGlobalHistGB,CA_1__HOBBIES,1540,91,61755.76953125,0.019314075778852052,mean_spl,0.16649105904678715
store_cat,2,BottomUpGlobalHistGB,BottomUpGlobalHistGB,CA_1__HOUSEHOLD,1540,92,109044.2734375,0.034103523871660345,mean_spl,0.18911783297323553
store_cat,2,BottomUpGlobalHistGB,BottomUpGlobalHistGB,CA_2__FOODS,1540,93,95685.3828125,0.029925539728460827,mean_spl,0.1212996678454416
store_cat,2,BottomUpGlobalHistGB,BottomUpGlobalHistGB,CA_2__HOBBIES,1540,94,34752.09765625,0.010868695389946238,mean_spl,0.17352350028843624
store_cat,2,BottomUpGlobalHistGB,BottomUpGlobalHistGB,CA_2__HOUSEHOLD,1540,95,99130.90625,0.03100312488811156,mean_spl,0.12153653258354596
store_cat,2,BottomUpGlobalHistGB,BottomUpGlobalHistGB,CA_3__FOODS,1540,96,290055.46875,0.09071465461495254,mean_spl,0.21896193880019593
store_cat,2,BottomUpGlobalHistGB,BottomUpGlobalHistGB,CA_3__HOBBIES,1540,97,67942.453125,0.02124895695119342,mean_spl,0.2353069430938156
store_cat,2,BottomUpGlobalHistGB,BottomUpGlobalHistGB,CA_3__HOUSEHOLD,1540,98,194752.859375,0.06090882702406398,mean_spl,0.24617239941521532
store_cat,2,BottomUpGlobalHistGB,BottomUpGlobalHistGB,CA_4__FOODS,1540,99,120052.3671875,0.03754629785831791,mean_spl,0.22070612566045575
store_cat,2,BottomUpGlobalHistGB,BottomUpGlobalHistGB,CA_4__HOBBIES,1540,100,37685.67578125,0.011786169994173486,mean_spl,0.28106581978188333
store_cat,2,BottomUpGlobalHistGB,BottomUpGlobalHistGB,CA_4__HOUSEHOLD,1540,101,57081.52734375,0.017852209648718267,mean_spl,0.3177635287602806
store_cat,2,BottomUpGlobalHistGB,BottomUpGlobalHistGB,TX_1__FOODS,1540,102,147996.359375,0.046285762798511335,mean_spl,0.1145700984283948
store_cat,2,BottomUpGlobalHistGB,BottomUpGlobalHistGB,TX_1__HOBBIES,1540,103,35824.16015625,0.011203982222607078,mean_spl,0.24617723496907576
store_cat,2,BottomUpGlobalHistGB,BottomUpGlobalHistGB,TX_1__HOUSEHOLD,1540,104,96537.8984375,0.030192163422228798,mean_spl,0.17076046068156606
store_cat,2,BottomUpGlobalHistGB,BottomUpGlobalHistGB,TX_2__FOODS,1540,105,179433.03125,0.05611756098412723,mean_spl,0.10848903426491464
store_cat,2,BottomUpGlobalHistGB,BottomUpGlobalHistGB,TX_2__HOBBIES,1540,106,54520.3046875,0.017051188969277244,mean_spl,0.21767692836221889
store_cat,2,BottomUpGlobalHistGB,BottomUpGlobalHistGB,TX_2__HOUSEHOLD,1540,107,103090.46875,0.032241475422103406,mean_spl,0.1785732343078884
store_cat,2,BottomUpGlobalHistGB,BottomUpGlobalHistGB,TX_3__FOODS,1540,108,173693.546875,0.05432254106952325,mean_spl,0.24407206100123402
store_cat,2,BottomUpGlobalHistGB,BottomUpGlobalHistGB,TX_3__HOBBIES,1540,109,69905.3671875,0.02186285701653573,mean_spl,0.25875827010313474
store_cat,2,BottomUpGlobalHistGB,BottomUpGlobalHistGB,TX_3__HOUSEHOLD,1540,110,104416.875,0.032656308093131484,mean_spl,0.24196176562848665
store_cat,2,BottomUpGlobalHistGB,BottomUpGlobalHistGB,WI_1__FOODS,1540,111,162298.171875,0.05075864512993716,mean_spl,0.22847705635298377
store_cat,2,BottomUpGlobalHistGB,BottomUpGlobalHistGB,WI_1__HOBBIES,1540,112,41865.28125,0.013093338820048013,mean_spl,0.18770460139649814
store_cat,2,BottomUpGlobalHistGB,BottomUpGlobalHistGB,WI_1__HOUSEHOLD,1540,113,77330.671875,0.024185116110770965,mean_spl,0.21768099696127238
store_cat,2,BottomUpGlobalHistGB,BottomUpGlobalHistGB,WI_2__FOODS,1540,114,202491.703125,0.06332914525121458,mean_spl,0.3109146410231276
store_cat,2,BottomUpGlobalHistGB,BottomUpGlobalHistGB,WI_2__HOBBIES,1540,115,26394.369140625,0.008254821364650992,mean_spl,0.26803692498763804
store_cat,2,BottomUpGlobalHistGB,BottomUpGlobalHistGB,WI_2__HOUSEHOLD,1540,116,86329.9609375,0.026999637769690065,mean_spl,0.2715044121363609
store_cat,2,BottomUpGlobalHistGB,BottomUpGlobalHistGB,WI_3__FOODS,1540,117,150028.796875,0.04692140627261487,mean_spl,0.16000463335780776
store_cat,2,BottomUpGlobalHistGB,BottomUpGlobalHistGB,WI_3__HOBBIES,1540,118,24321.859375,0.007606645316169617,mean_spl,0.22082699807171996
store_cat,2,BottomUpGlobalHistGB,BottomUpGlobalHistGB,WI_3__HOUSEHOLD,1540,119,72861.84375,0.022787493091836034,mean_spl,0.19304132665784934
store_cat,3,AggregateHistGB,AggregateHistGB,CA_1__FOODS,1512,0,207180.25,0.06491036969535333,rmsse,0.6004124609132276
store_cat,3,AggregateHistGB,AggregateHistGB,CA_1__HOBBIES,1512,1,62380.88671875,0.019544171893015955,rmsse,0.6733889703939946
store_cat,3,AggregateHistGB,AggregateHistGB,CA_1__HOUSEHOLD,1512,2,105939.7890625,0.03319134364156151,rmsse,0.6592052487141972
store_cat,3,AggregateHistGB,AggregateHistGB,CA_2__FOODS,1512,3,91005.09375,0.028512246121301568,rmsse,0.5046151366174114
store_cat,3,AggregateHistGB,AggregateHistGB,CA_2__HOBBIES,1512,4,33450.58203125,0.010480196090955487,rmsse,0.5121726341541705
store_cat,3,AggregateHistGB,AggregateHistGB,CA_2__HOUSEHOLD,1512,5,94968.328125,0.02975394270420743,rmsse,0.3547314662509262
store_cat,3,AggregateHistGB,AggregateHistGB,CA_3__FOODS,1512,6,287165.4375,0.08997003677644409,rmsse,0.6596272093641009
store_cat,3,AggregateHistGB,AggregateHistGB,CA_3__HOBBIES,1512,7,66716.6796875,0.020902592517202268,rmsse,1.023868494815608
store_cat,3,AggregateHistGB,AggregateHistGB,CA_3__HOUSEHOLD,1512,8,182819.796875,0.05727814597571753,rmsse,0.7645463253612855
store_cat,3,AggregateHistGB,AggregateHistGB,CA_4__FOODS,1512,9,116552.8984375,0.03651647165520408,rmsse,0.6759988439638612
store_cat,3,AggregateHistGB,AggregateHistGB,CA_4__HOBBIES,1512,10,36935.671875,0.011572088151995735,rmsse,0.7005132647474688
store_cat,3,AggregateHistGB,AggregateHistGB,CA_4__HOUSEHOLD,1512,11,55035.6171875,0.017242870679288043,rmsse,0.6206801247116092
store_cat,3,AggregateHistGB,AggregateHistGB,TX_1__FOODS,1512,12,146396.890625,0.045866709267504774,rmsse,0.46475246865986836
store_cat,3,AggregateHistGB,AggregateHistGB,TX_1__HOBBIES,1512,13,37219.30859375,0.011660952627606897,rmsse,0.7941921208238749
store_cat,3,AggregateHistGB,AggregateHistGB,TX_1__HOUSEHOLD,1512,14,98011.2890625,0.030707314077307153,rmsse,0.6746671978788217
store_cat,3,AggregateHistGB,AggregateHistGB,TX_2__FOODS,1512,15,176122.65625,0.05517990604275809,rmsse,1.1109452507329711
store_cat,3,AggregateHistGB,AggregateHistGB,TX_2__HOBBIES,1512,16,57129.640625,0.017898936281481592,rmsse,1.0504485657758942
store_cat,3,AggregateHistGB,AggregateHistGB,TX_2__HOUSEHOLD,1512,17,104925.140625,0.03287345038103626,rmsse,1.2937663723590418
store_cat,3,AggregateHistGB,AggregateHistGB,TX_3__FOODS,1512,18,171175.0625,0.05362980587918111,rmsse,0.6487637517605702
store_cat,3,AggregateHistGB,AggregateHistGB,TX_3__HOBBIES,1512,19,67877.1015625,0.021266157156731493,rmsse,0.9210344323347686
store_cat,3,AggregateHistGB,AggregateHistGB,TX_3__HOUSEHOLD,1512,20,106698.2734375,0.03342897971541217,rmsse,0.9449693734785457
store_cat,3,AggregateHistGB,AggregateHistGB,WI_1__FOODS,1512,21,173160.421875,0.054251826612380274,rmsse,0.8063952759712031
store_cat,3,AggregateHistGB,AggregateHistGB,WI_1__HOBBIES,1512,22,42989.3984375,0.013468743982879497,rmsse,0.8157345965423144
store_cat,3,AggregateHistGB,AggregateHistGB,WI_1__HOUSEHOLD,1512,23,80510.828125,0.025224352311925487,rmsse,0.842808326575929
store_cat,3,AggregateHistGB,AggregateHistGB,WI_2__FOODS,1512,24,209484.875,0.06563241757761601,rmsse,0.620168673889213
store_cat,3,AggregateHistGB,AggregateHistGB,WI_2__HOBBIES,1512,25,27927.87890625,0.008749911946779423,rmsse,0.8045914890929022
store_cat,3,AggregateHistGB,AggregateHistGB,WI_2__HOUSEHOLD,1512,26,94749.9140625,0.029685512737820482,rmsse,0.9779602361063057
store_cat,3,AggregateHistGB,AggregateHistGB,WI_3__FOODS,1512,27,154383.0625,0.04836880765215719,rmsse,0.5651065052493485
store_cat,3,AggregateHistGB,AggregateHistGB,WI_3__HOBBIES,1512,28,26006.021484375,0.00814778661989298,rmsse,0.47920678017697393
store_cat,3,AggregateHistGB,AggregateHistGB,WI_3__HOUSEHOLD,1512,29,76870.9140625,0.02408395322728209,rmsse,0.7701468572653152
store_cat,3,AggregateHistGB,AggregateHistGB,CA_1__FOODS,1540,30,220169.40625,0.06885783512657154,rmsse,0.48505246175324396
store_cat,3,AggregateHistGB,AggregateHistGB,CA_1__HOBBIES,1540,31,61755.76953125,0.019314075778852052,rmsse,0.49212240330521967
store_cat,3,AggregateHistGB,AggregateHistGB,CA_1__HOUSEHOLD,1540,32,109044.2734375,0.034103523871660345,rmsse,0.5900121234315797
store_cat,3,AggregateHistGB,AggregateHistGB,CA_2__FOODS,1540,33,95685.3828125,0.029925539728460827,rmsse,0.5202506054292678
store_cat,3,AggregateHistGB,AggregateHistGB,CA_2__HOBBIES,1540,34,34752.09765625,0.010868695389946238,rmsse,0.5384501088691482
store_cat,3,AggregateHistGB,AggregateHistGB,CA_2__HOUSEHOLD,1540,35,99130.90625,0.03100312488811156,rmsse,0.2992201552782005
store_cat,3,AggregateHistGB,AggregateHistGB,CA_3__FOODS,1540,36,290055.46875,0.09071465461495254,rmsse,0.6016197855485464
store_cat,3,AggregateHistGB,AggregateHistGB,CA_3__HOBBIES,1540,37,67942.453125,0.02124895695119342,rmsse,0.7548790029685587
store_cat,3,AggregateHistGB,AggregateHistGB,CA_3__HOUSEHOLD,1540,38,194752.859375,0.06090882702406398,rmsse,0.6884285208257234
store_cat,3,AggregateHistGB,AggregateHistGB,CA_4__FOODS,1540,39,120052.3671875,0.03754629785831791,rmsse,0.5145649058906986
store_cat,3,AggregateHistGB,AggregateHistGB,CA_4__HOBBIES,1540,40,37685.67578125,0.011786169994173486,rmsse,0.9537863072854565
store_cat,3,AggregateHistGB,AggregateHistGB,CA_4__HOUSEHOLD,1540,41,57081.52734375,0.017852209648718267,rmsse,0.59062326064303
store_cat,3,AggregateHistGB,AggregateHistGB,TX_1__FOODS,1540,42,147996.359375,0.046285762798511335,rmsse,0.393604467202338
store_cat,3,AggregateHistGB,AggregateHistGB,TX_1__HOBBIES,1540,43,35824.16015625,0.011203982222607078,rmsse,0.5323667507077541
store_cat,3,AggregateHistGB,AggregateHistGB,TX_1__HOUSEHOLD,1540,44,96537.8984375,0.030192163422228798,rmsse,0.5208223276739486
store_cat,3,AggregateHistGB,AggregateHistGB,TX_2__FOODS,1540,45,179433.03125,0.05611756098412723,rmsse,0.4143172245657024
store_cat,3,AggregateHistGB,AggregateHistGB,TX_2__HOBBIES,1540,46,54520.3046875,0.017051188969277244,rmsse,0.6031776452802086
store_cat,3,AggregateHistGB,AggregateHistGB,TX_2__HOUSEHOLD,1540,47,103090.46875,0.032241475422103406,rmsse,0.5057776537759906
store_cat,3,AggregateHistGB,AggregateHistGB,TX_3__FOODS,1540,48,173693.546875,0.05432254106952325,rmsse,0.6818069809274058
store_cat,3,AggregateHistGB,AggregateHistGB,TX_3__HOBBIES,1540,49,69905.3671875,0.02186285701653573,rmsse,0.7695966814240104
store_cat,3,AggregateHistGB,AggregateHistGB,TX_3__HOUSEHOLD,1540,50,104416.875,0.032656308093131484,rmsse,0.7301870208838092
store_cat,3,AggregateHistGB,AggregateHistGB,WI_1__FOODS,1540,51,162298.171875,0.05075864512993716,rmsse,0.6146791415202454
store_cat,3,AggregateHistGB,AggregateHistGB,WI_1__HOBBIES,1540,52,41865.28125,0.013093338820048013,rmsse,0.5414770988147816
store_cat,3,AggregateHistGB,AggregateHistGB,WI_1__HOUSEHOLD,1540,53,77330.671875,0.024185116110770965,rmsse,0.7226115503775955
store_cat,3,AggregateHistGB,AggregateHistGB,WI_2__FOODS,1540,54,202491.703125,0.06332914525121458,rmsse,0.5904248280018164
store_cat,3,AggregateHistGB,AggregateHistGB,WI_2__HOBBIES,1540,55,26394.369140625,0.008254821364650992,rmsse,0.6981444031684418
store_cat,3,AggregateHistGB,AggregateHistGB,WI_2__HOUSEHOLD,1540,56,86329.9609375,0.026999637769690065,rmsse,0.9604221415337295
store_cat,3,AggregateHistGB,AggregateHistGB,WI_3__FOODS,1540,57,150028.796875,0.04692140627261487,rmsse,0.3664291433958415
store_cat,3,AggregateHistGB,AggregateHistGB,WI_3__HOBBIES,1540,58,24321.859375,0.007606645316169617,rmsse,0.46850258992694555
store_cat,3,AggregateHistGB,AggregateHistGB,WI_3__HOUSEHOLD,1540,59,72861.84375,0.022787493091836034,rmsse,0.6543145652264841
store_cat,3,AggregateHistGB,AggregateHistGB,CA_1__FOODS,1568,60,227606.21875,0.07077608229256054,rmsse,0.439893789128693
store_cat,3,AggregateHistGB,AggregateHistGB,CA_1__HOBBIES,1568,61,61449.91015625,0.019108370245657893,rmsse,0.5663466494707218
store_cat,3,AggregateHistGB,AggregateHistGB,CA_1__HOUSEHOLD,1568,62,110681.0859375,0.03441722150459681,rmsse,0.5111459665714583
store_cat,3,AggregateHistGB,AggregateHistGB,CA_2__FOODS,1568,63,94507.7265625,0.029387978365465067,rmsse,1.3523734164191101
store_cat,3,AggregateHistGB,AggregateHistGB,CA_2__HOBBIES,1568,64,32681.55078125,0.010162605135507732,rmsse,0.5983526741631416
store_cat,3,AggregateHistGB,AggregateHistGB,CA_2__HOUSEHOLD,1568,65,97190.0234375,0.03022206130661088,rmsse,0.4927149688548285
store_cat,3,AggregateHistGB,AggregateHistGB,CA_3__FOODS,1568,66,286386.625,0.08905434767910389,rmsse,0.8383100261306284
store_cat,3,AggregateHistGB,AggregateHistGB,CA_3__HOBBIES,1568,67,66306.0390625,0.020618424676418178,rmsse,0.7128185076270155
store_cat,3,AggregateHistGB,AggregateHistGB,CA_3__HOUSEHOLD,1568,68,190131.015625,0.059122850342783584,rmsse,0.6543301725375162
store_cat,3,AggregateHistGB,AggregateHistGB,CA_4__FOODS,1568,69,122596.9609375,0.038122563802445886,rmsse,0.648013941428014
store_cat,3,AggregateHistGB,AggregateHistGB,CA_4__HOBBIES,1568,70,38498.52734375,0.011971443286514517,rmsse,0.9861257518180485
store_cat,3,AggregateHistGB,AggregateHistGB,CA_4__HOUSEHOLD,1568,71,57504.91796875,0.017881641497913568,rmsse,0.8395718236150095
store_cat,3,AggregateHistGB,AggregateHistGB,TX_1__FOODS,1568,72,143759.71875,0.04470330266231075,rmsse,0.480756542492352
store_cat,3,AggregateHistGB,AggregateHistGB,TX_1__HOBBIES,1568,73,36857.09765625,0.011461026816885643,rmsse,0.7729987442763988
store_cat,3,AggregateHistGB,AggregateHistGB,TX_1__HOUSEHOLD,1568,74,94760.015625,0.029466429787166445,rmsse,0.643453927331975
store_cat,3,AggregateHistGB,AggregateHistGB,TX_2__FOODS,1568,75,175913.21875,0.05470170593306429,rmsse,0.39979049326461696
store_cat,3,AggregateHistGB,AggregateHistGB,TX_2__HOBBIES,1568,76,55974.640625,0.01740578879139919,rmsse,0.6428546897689803
store_cat,3,AggregateHistGB,AggregateHistGB,TX_2__HOUSEHOLD,1568,77,102344.765625,0.031824972067411146,rmsse,0.3998270340855449
store_cat,3,AggregateHistGB,AggregateHistGB,TX_3__FOODS,1568,78,185515.796875,0.05768770896640953,rmsse,0.6427832178937835
store_cat,3,AggregateHistGB,AggregateHistGB,TX_3__HOBBIES,1568,79,71178.390625,0.02213352367959858,rmsse,0.729204238706833
store_cat,3,AggregateHistGB,AggregateHistGB,TX_3__HOUSEHOLD,1568,80,104345.796875,0.03244720968990574,rmsse,0.7767603711725162
store_cat,3,AggregateHistGB,AggregateHistGB,WI_1__FOODS,1568,81,171597.125,0.05335958001001147,rmsse,0.5616423418599688
store_cat,3,AggregateHistGB,AggregateHistGB,WI_1__HOBBIES,1568,82,42377.875,0.013177759311041865,rmsse,0.41964335149320303
store_cat,3,AggregateHistGB,AggregateHistGB,WI_1__HOUSEHOLD,1568,83,74826.484375,0.02326792934249735,rmsse,0.6022608963909506
store_cat,3,AggregateHistGB,AggregateHistGB,WI_2__FOODS,1568,84,210272.09375,0.06538588924683765,rmsse,1.0281633932771628
store_cat,3,AggregateHistGB,AggregateHistGB,WI_2__HOBBIES,1568,85,24916.8984375,0.007748120697110228,rmsse,0.7543980510328422
store_cat,3,AggregateHistGB,AggregateHistGB,WI_2__HOUSEHOLD,1568,86,85993.5546875,0.02674042447793314,rmsse,1.0388582826880624
store_cat,3,AggregateHistGB,AggregateHistGB,WI_3__FOODS,1568,87,152977.359375,0.04756960611834604,rmsse,0.5681720835171079
store_cat,3,AggregateHistGB,AggregateHistGB,WI_3__HOBBIES,1568,88,25281.419921875,0.007861471741370881,rmsse,0.6527933881107275
store_cat,3,AggregateHistGB,AggregateHistGB,WI_3__HOUSEHOLD,1568,89,71430.6328125,0.022211960525121525,rmsse,0.5835663048053109
store_cat,3,AggregateHistGB,AggregateHistGB,CA_1__FOODS,1596,90,218156.640625,0.06756247139642138,rmsse,0.5641877668297685
store_cat,3,AggregateHistGB,AggregateHistGB,CA_1__HOBBIES,1596,91,62647.34375,0.019401698513715152,rmsse,0.7542909099814514
store_cat,3,AggregateHistGB,AggregateHistGB,CA_1__HOUSEHOLD,1596,92,111508.96875,0.03453400038629386,rmsse,0.8511541506045395
store_cat,3,AggregateHistGB,AggregateHistGB,CA_2__FOODS,1596,93,124184.8984375,0.03845969861157458,rmsse,1.322073297562121
store_cat,3,AggregateHistGB,AggregateHistGB,CA_2__HOBBIES,1596,94,35712.88671875,0.01106017621332348,rmsse,0.8065679112186317
store_cat,3,AggregateHistGB,AggregateHistGB,CA_2__HOUSEHOLD,1596,95,107060.6328125,0.03315636380059106,rmsse,0.5642552004071633
store_cat,3,AggregateHistGB,AggregateHistGB,CA_3__FOODS,1596,96,285717.21875,0.08848578417763645,rmsse,0.9194138171658078
store_cat,3,AggregateHistGB,AggregateHistGB,CA_3__HOBBIES,1596,97,68288.1953125,0.021148653688909533,rmsse,1.2826204527523672
store_cat,3,AggregateHistGB,AggregateHistGB,CA_3__HOUSEHOLD,1596,98,198473.0625,0.06146652501477757,rmsse,0.8798918129104404
store_cat,3,AggregateHistGB,AggregateHistGB,CA_4__FOODS,1596,99,116616.671875,0.036115841054978406,rmsse,0.7003645948538285
store_cat,3,AggregateHistGB,AggregateHistGB,CA_4__HOBBIES,1596,100,39243.08203125,0.012153467341850466,rmsse,1.0302290531808451
store_cat,3,AggregateHistGB,AggregateHistGB,CA_4__HOUSEHOLD,1596,101,58249.5703125,0.018039720985881025,rmsse,1.0402523447369132
store_cat,3,AggregateHistGB,AggregateHistGB,TX_1__FOODS,1596,102,144254.125,0.04467507918258353,rmsse,1.0512139126230686
store_cat,3,AggregateHistGB,AggregateHistGB,TX_1__HOBBIES,1596,103,38381.20703125,0.011886547183619364,rmsse,0.7577279894856563
store_cat,3,AggregateHistGB,AggregateHistGB,TX_1__HOUSEHOLD,1596,104,100307.125,0.031064822249986294,rmsse,0.9309020112767556
store_cat,3,AggregateHistGB,AggregateHistGB,TX_2__FOODS,1596,105,172290.359375,0.05335781869304533,rmsse,0.9965656290357285
store_cat,3,AggregateHistGB,AggregateHistGB,TX_2__HOBBIES,1596,106,56974.41796875,0.017644810047099287,rmsse,0.9433220266779904
store_cat,3,AggregateHistGB,AggregateHistGB,TX_2__HOUSEHOLD,1596,107,102815.34375,0.03184161023621193,rmsse,0.775316155594608
store_cat,3,AggregateHistGB,AggregateHistGB,TX_3__FOODS,1596,108,173334.609375,0.05368121985357653,rmsse,1.4592543581127564
store_cat,3,AggregateHistGB,AggregateHistGB,TX_3__HOBBIES,1596,109,69821.453125,0.02162349913392369,rmsse,1.0907441658374228
store_cat,3,AggregateHistGB,AggregateHistGB,TX_3__HOUSEHOLD,1596,110,105690.0703125,0.03273190461641051,rmsse,1.002791918648159
store_cat,3,AggregateHistGB,AggregateHistGB,WI_1__FOODS,1596,111,172074.03125,0.05329082250757199,rmsse,0.567339418214315
store_cat,3,AggregateHistGB,AggregateHistGB,WI_1__HOBBIES,1596,112,42553.390625,0.013178660198862826,rmsse,0.671289475050388
store_cat,3,AggregateHistGB,AggregateHistGB,WI_1__HOUSEHOLD,1596,113,77409.6953125,0.023973555470844267,rmsse,0.9047813360275474
store_cat,3,AggregateHistGB,AggregateHistGB,WI_2__FOODS,1596,114,192405.90625,0.05958754452890338,rmsse,0.8401855305697901
store_cat,3,AggregateHistGB,AggregateHistGB,WI_2__HOBBIES,1596,115,27172.5703125,0.008415265284824653,rmsse,0.838995488915972
store_cat,3,AggregateHistGB,AggregateHistGB,WI_2__HOUSEHOLD,1596,116,88800.015625,0.027501104245452462,rmsse,1.4543459866079262
store_cat,3,AggregateHistGB,AggregateHistGB,WI_3__FOODS,1596,117,138527.015625,0.04290141021599113,rmsse,0.7007727516841444
store_cat,3,AggregateHistGB,AggregateHistGB,WI_3__HOBBIES,1596,118,25475.140625,0.007889576291903788,rmsse,0.8702059915640256
store_cat,3,AggregateHistGB,AggregateHistGB,WI_3__HOUSEHOLD,1596,119,74816.171875,0.023170348873236064,rmsse,0.8677061153310075
store_cat,3,AggregateHistGB,AggregateHistGB,CA_1__FOODS,1512,0,207180.25,0.06491036969535333,mean_spl,0.23919839109146399
store_cat,3,AggregateHistGB,AggregateHistGB,CA_1__HOBBIES,1512,1,62380.88671875,0.019544171893015955,mean_spl,0.175769888566994
store_cat,3,AggregateHistGB,AggregateHistGB,CA_1__HOUSEHOLD,1512,2,105939.7890625,0.03319134364156151,mean_spl,0.18988465077612168
store_cat,3,AggregateHistGB,AggregateHistGB,CA_2__FOODS,1512,3,91005.09375,0.028512246121301568,mean_spl,0.17668886886342405
store_cat,3,AggregateHistGB,AggregateHistGB,CA_2__HOBBIES,1512,4,33450.58203125,0.010480196090955487,mean_spl,0.12613294159400995
store_cat,3,AggregateHistGB,AggregateHistGB,CA_2__HOUSEHOLD,1512,5,94968.328125,0.02975394270420743,mean_spl,0.09897223538877119
store_cat,3,AggregateHistGB,AggregateHistGB,CA_3__FOODS,1512,6,287165.4375,0.08997003677644409,mean_spl,0.29397484131017415
store_cat,3,AggregateHistGB,AggregateHistGB,CA_3__HOBBIES,1512,7,66716.6796875,0.020902592517202268,mean_spl,0.28354018949207227
store_cat,3,AggregateHistGB,AggregateHistGB,CA_3__HOUSEHOLD,1512,8,182819.796875,0.05727814597571753,mean_spl,0.28217331394134304
store_cat,3,AggregateHistGB,AggregateHistGB,CA_4__FOODS,1512,9,116552.8984375,0.03651647165520408,mean_spl,0.21558858392636107
store_cat,3,AggregateHistGB,AggregateHistGB,CA_4__HOBBIES,1512,10,36935.671875,0.011572088151995735,mean_spl,0.16853860514457253
store_cat,3,AggregateHistGB,AggregateHistGB,CA_4__HOUSEHOLD,1512,11,55035.6171875,0.017242870679288043,mean_spl,0.1679501417975051
store_cat,3,AggregateHistGB,AggregateHistGB,TX_1__FOODS,1512,12,146396.890625,0.045866709267504774,mean_spl,0.16541977469350586
store_cat,3,AggregateHistGB,AggregateHistGB,TX_1__HOBBIES,1512,13,37219.30859375,0.011660952627606897,mean_spl,0.1923297094591189
store_cat,3,AggregateHistGB,AggregateHistGB,TX_1__HOUSEHOLD,1512,14,98011.2890625,0.030707314077307153,mean_spl,0.191583244594365
store_cat,3,AggregateHistGB,AggregateHistGB,TX_2__FOODS,1512,15,176122.65625,0.05517990604275809,mean_spl,0.3503068492070679
store_cat,3,AggregateHistGB,AggregateHistGB,TX_2__HOBBIES,1512,16,57129.640625,0.017898936281481592,mean_spl,0.2625110328119451
store_cat,3,AggregateHistGB,AggregateHistGB,TX_2__HOUSEHOLD,1512,17,104925.140625,0.03287345038103626,mean_spl,0.36937207287593643
store_cat,3,AggregateHistGB,AggregateHistGB,TX_3__FOODS,1512,18,171175.0625,0.05362980587918111,mean_spl,0.2345932386820465
store_cat,3,AggregateHistGB,AggregateHistGB,TX_3__HOBBIES,1512,19,67877.1015625,0.021266157156731493,mean_spl,0.22556691629411033
store_cat,3,AggregateHistGB,AggregateHistGB,TX_3__HOUSEHOLD,1512,20,106698.2734375,0.03342897971541217,mean_spl,0.2869664522949608
store_cat,3,AggregateHistGB,AggregateHistGB,WI_1__FOODS,1512,21,173160.421875,0.054251826612380274,mean_spl,0.35431382788651095
store_cat,3,AggregateHistGB,AggregateHistGB,WI_1__HOBBIES,1512,22,42989.3984375,0.013468743982879497,mean_spl,0.2012888296390346
store_cat,3,AggregateHistGB,AggregateHistGB,WI_1__HOUSEHOLD,1512,23,80510.828125,0.025224352311925487,mean_spl,0.22423536480240008
store_cat,3,AggregateHistGB,AggregateHistGB,WI_2__FOODS,1512,24,209484.875,0.06563241757761601,mean_spl,0.2570342573417157
store_cat,3,AggregateHistGB,AggregateHistGB,WI_2__HOBBIES,1512,25,27927.87890625,0.008749911946779423,mean_spl,0.19824461554511189
store_cat,3,AggregateHistGB,AggregateHistGB,WI_2__HOUSEHOLD,1512,26,94749.9140625,0.029685512737820482,mean_spl,0.3279785923099579
store_cat,3,AggregateHistGB,AggregateHistGB,WI_3__FOODS,1512,27,154383.0625,0.04836880765215719,mean_spl,0.20355867742719197
store_cat,3,AggregateHistGB,AggregateHistGB,WI_3__HOBBIES,1512,28,26006.021484375,0.00814778661989298,mean_spl,0.12547905945171658
store_cat,3,AggregateHistGB,AggregateHistGB,WI_3__HOUSEHOLD,1512,29,76870.9140625,0.02408395322728209,mean_spl,0.2141995157282452
store_cat,3,AggregateHistGB,AggregateHistGB,CA_1__FOODS,1540,30,220169.40625,0.06885783512657154,mean_spl,0.18826743167375995
store_cat,3,AggregateHistGB,AggregateHistGB,CA_1__HOBBIES,1540,31,61755.76953125,0.019314075778852052,mean_spl,0.122656179022311
store_cat,3,AggregateHistGB,AggregateHistGB,CA_1__HOUSEHOLD,1540,32,109044.2734375,0.034103523871660345,mean_spl,0.16042772006130784
store_cat,3,AggregateHistGB,AggregateHistGB,CA_2__FOODS,1540,33,95685.3828125,0.029925539728460827,mean_spl,0.18135599571699282
store_cat,3,AggregateHistGB,AggregateHistGB,CA_2__HOBBIES,1540,34,34752.09765625,0.010868695389946238,mean_spl,0.13391902856411184
store_cat,3,AggregateHistGB,AggregateHistGB,CA_2__HOUSEHOLD,1540,35,99130.90625,0.03100312488811156,mean_spl,0.08065168075779049
store_cat,3,AggregateHistGB,AggregateHistGB,CA_3__FOODS,1540,36,290055.46875,0.09071465461495254,mean_spl,0.25280867751690544
store_cat,3,AggregateHistGB,AggregateHistGB,CA_3__HOBBIES,1540,37,67942.453125,0.02124895695119342,mean_spl,0.19909950191714385
store_cat,3,AggregateHistGB,AggregateHistGB,CA_3__HOUSEHOLD,1540,38,194752.859375,0.06090882702406398,mean_spl,0.2407007956608386
store_cat,3,AggregateHistGB,AggregateHistGB,CA_4__FOODS,1540,39,120052.3671875,0.03754629785831791,mean_spl,0.1552673860247663
store_cat,3,AggregateHistGB,AggregateHistGB,CA_4__HOBBIES,1540,40,37685.67578125,0.011786169994173486,mean_spl,0.2335670032228091
store_cat,3,AggregateHistGB,AggregateHistGB,CA_4__HOUSEHOLD,1540,41,57081.52734375,0.017852209648718267,mean_spl,0.16402542911325235
store_cat,3,AggregateHistGB,AggregateHistGB,TX_1__FOODS,1540,42,147996.359375,0.046285762798511335,mean_spl,0.11871913906549628
store_cat,3,AggregateHistGB,AggregateHistGB,TX_1__HOBBIES,1540,43,35824.16015625,0.011203982222607078,mean_spl,0.1414307843200229
store_cat,3,AggregateHistGB,AggregateHistGB,TX_1__HOUSEHOLD,1540,44,96537.8984375,0.030192163422228798,mean_spl,0.13816480723626567
store_cat,3,AggregateHistGB,AggregateHistGB,TX_2__FOODS,1540,45,179433.03125,0.05611756098412723,mean_spl,0.15547654579690226
store_cat,3,AggregateHistGB,AggregateHistGB,TX_2__HOBBIES,1540,46,54520.3046875,0.017051188969277244,mean_spl,0.14848684930680525
store_cat,3,AggregateHistGB,AggregateHistGB,TX_2__HOUSEHOLD,1540,47,103090.46875,0.032241475422103406,mean_spl,0.14228500137548475
store_cat,3,AggregateHistGB,AggregateHistGB,TX_3__FOODS,1540,48,173693.546875,0.05432254106952325,mean_spl,0.2469345052666801
store_cat,3,AggregateHistGB,AggregateHistGB,TX_3__HOBBIES,1540,49,69905.3671875,0.02186285701653573,mean_spl,0.18843382957072258
store_cat,3,AggregateHistGB,AggregateHistGB,TX_3__HOUSEHOLD,1540,50,104416.875,0.032656308093131484,mean_spl,0.21086589477117668
store_cat,3,AggregateHistGB,AggregateHistGB,WI_1__FOODS,1540,51,162298.171875,0.05075864512993716,mean_spl,0.2503525975235941
store_cat,3,AggregateHistGB,AggregateHistGB,WI_1__HOBBIES,1540,52,41865.28125,0.013093338820048013,mean_spl,0.1415086620308954
store_cat,3,AggregateHistGB,AggregateHistGB,WI_1__HOUSEHOLD,1540,53,77330.671875,0.024185116110770965,mean_spl,0.21252039866793113
store_cat,3,AggregateHistGB,AggregateHistGB,WI_2__FOODS,1540,54,202491.703125,0.06332914525121458,mean_spl,0.24141948236764588
store_cat,3,AggregateHistGB,AggregateHistGB,WI_2__HOBBIES,1540,55,26394.369140625,0.008254821364650992,mean_spl,0.1766878794000839
store_cat,3,AggregateHistGB,AggregateHistGB,WI_2__HOUSEHOLD,1540,56,86329.9609375,0.026999637769690065,mean_spl,0.3078719812962538
store_cat,3,AggregateHistGB,AggregateHistGB,WI_3__FOODS,1540,57,150028.796875,0.04692140627261487,mean_spl,0.114057996859476
store_cat,3,AggregateHistGB,AggregateHistGB,WI_3__HOBBIES,1540,58,24321.859375,0.007606645316169617,mean_spl,0.1265765192739414
store_cat,3,AggregateHistGB,AggregateHistGB,WI_3__HOUSEHOLD,1540,59,72861.84375,0.022787493091836034,mean_spl,0.17349931330380525
store_cat,3,AggregateHistGB,AggregateHistGB,CA_1__FOODS,1568,60,227606.21875,0.07077608229256054,mean_spl,0.17197678278199438
store_cat,3,AggregateHistGB,AggregateHistGB,CA_1__HOBBIES,1568,61,61449.91015625,0.019108370245657893,mean_spl,0.14267795239838835
store_cat,3,AggregateHistGB,AggregateHistGB,CA_1__HOUSEHOLD,1568,62,110681.0859375,0.03441722150459681,mean_spl,0.1376558056531672
store_cat,3,AggregateHistGB,AggregateHistGB,CA_2__FOODS,1568,63,94507.7265625,0.029387978365465067,mean_spl,0.5570537783236343
store_cat,3,AggregateHistGB,AggregateHistGB,CA_2__HOBBIES,1568,64,32681.55078125,0.010162605135507732,mean_spl,0.14763650092451286
store_cat,3,AggregateHistGB,AggregateHistGB,CA_2__HOUSEHOLD,1568,65,97190.0234375,0.03022206130661088,mean_spl,0.1484232127468873
store_cat,3,AggregateHistGB,AggregateHistGB,CA_3__FOODS,1568,66,286386.625,0.08905434767910389,mean_spl,0.3785080511390387
store_cat,3,AggregateHistGB,AggregateHistGB,CA_3__HOBBIES,1568,67,66306.0390625,0.020618424676418178,mean_spl,0.18135417521502686
store_cat,3,AggregateHistGB,AggregateHistGB,CA_3__HOUSEHOLD,1568,68,190131.015625,0.059122850342783584,mean_spl,0.21617693534600183
store_cat,3,AggregateHistGB,AggregateHistGB,CA_4__FOODS,1568,69,122596.9609375,0.038122563802445886,mean_spl,0.21176163683597884
store_cat,3,AggregateHistGB,AggregateHistGB,CA_4__HOBBIES,1568,70,38498.52734375,0.011971443286514517,mean_spl,0.251156473075948
store_cat,3,AggregateHistGB,AggregateHistGB,CA_4__HOUSEHOLD,1568,71,57504.91796875,0.017881641497913568,mean_spl,0.20322517388913455
store_cat,3,AggregateHistGB,AggregateHistGB,TX_1__FOODS,1568,72,143759.71875,0.04470330266231075,mean_spl,0.1614117096018405
store_cat,3,AggregateHistGB,AggregateHistGB,TX_1__HOBBIES,1568,73,36857.09765625,0.011461026816885643,mean_spl,0.19269342301362646
store_cat,3,AggregateHistGB,AggregateHistGB,TX_1__HOUSEHOLD,1568,74,94760.015625,0.029466429787166445,mean_spl,0.18138406036776622
store_cat,3,AggregateHistGB,AggregateHistGB,TX_2__FOODS,1568,75,175913.21875,0.05470170593306429,mean_spl,0.13576119280224894
store_cat,3,AggregateHistGB,AggregateHistGB,TX_2__HOBBIES,1568,76,55974.640625,0.01740578879139919,mean_spl,0.15374561879156934
store_cat,3,AggregateHistGB,AggregateHistGB,TX_2__HOUSEHOLD,1568,77,102344.765625,0.031824972067411146,mean_spl,0.10710691015027195
store_cat,3,AggregateHistGB,AggregateHistGB,TX_3__FOODS,1568,78,185515.796875,0.05768770896640953,mean_spl,0.2272202535081387
store_cat,3,AggregateHistGB,AggregateHistGB,TX_3__HOBBIES,1568,79,71178.390625,0.02213352367959858,mean_spl,0.1739472814341229
store_cat,3,AggregateHistGB,AggregateHistGB,TX_3__HOUSEHOLD,1568,80,104345.796875,0.03244720968990574,mean_spl,0.22000729050316215
store_cat,3,AggregateHistGB,AggregateHistGB,WI_1__FOODS,1568,81,171597.125,0.05335958001001147,mean_spl,0.21987663257882023
store_cat,3,AggregateHistGB,AggregateHistGB,WI_1__HOBBIES,1568,82,42377.875,0.013177759311041865,mean_spl,0.10402581471152303
store_cat,3,AggregateHistGB,AggregateHistGB,WI_1__HOUSEHOLD,1568,83,74826.484375,0.02326792934249735,mean_spl,0.1546793592473976
store_cat,3,AggregateHistGB,AggregateHistGB,WI_2__FOODS,1568,84,210272.09375,0.06538588924683765,mean_spl,0.4885085326761813
store_cat,3,AggregateHistGB,AggregateHistGB,WI_2__HOBBIES,1568,85,24916.8984375,0.007748120697110228,mean_spl,0.18822413185460526
store_cat,3,AggregateHistGB,AggregateHistGB,WI_2__HOUSEHOLD,1568,86,85993.5546875,0.02674042447793314,mean_spl,0.3221655991659625
store_cat,3,AggregateHistGB,AggregateHistGB,WI_3__FOODS,1568,87,152977.359375,0.04756960611834604,mean_spl,0.2358736311210916
store_cat,3,AggregateHistGB,AggregateHistGB,WI_3__HOBBIES,1568,88,25281.419921875,0.007861471741370881,mean_spl,0.16023737076126407
store_cat,3,AggregateHistGB,AggregateHistGB,WI_3__HOUSEHOLD,1568,89,71430.6328125,0.022211960525121525,mean_spl,0.14555358606533841
store_cat,3,AggregateHistGB,AggregateHistGB,CA_1__FOODS,1596,90,218156.640625,0.06756247139642138,mean_spl,0.19795729517635355
store_cat,3,AggregateHistGB,AggregateHistGB,CA_1__HOBBIES,1596,91,62647.34375,0.019401698513715152,mean_spl,0.1892158686158078
store_cat,3,AggregateHistGB,AggregateHistGB,CA_1__HOUSEHOLD,1596,92,111508.96875,0.03453400038629386,mean_spl,0.24297398610159807
store_cat,3,AggregateHistGB,AggregateHistGB,CA_2__FOODS,1596,93,124184.8984375,0.03845969861157458,mean_spl,0.606688270743112
store_cat,3,AggregateHistGB,AggregateHistGB,CA_2__HOBBIES,1596,94,35712.88671875,0.01106017621332348,mean_spl,0.1946867712672176
store_cat,3,AggregateHistGB,AggregateHistGB,CA_2__HOUSEHOLD,1596,95,107060.6328125,0.03315636380059106,mean_spl,0.1600447128122313
store_cat,3,AggregateHistGB,AggregateHistGB,CA_3__FOODS,1596,96,285717.21875,0.08848578417763645,mean_spl,0.40291862165587095
store_cat,3,AggregateHistGB,AggregateHistGB,CA_3__HOBBIES,1596,97,68288.1953125,0.021148653688909533,mean_spl,0.39775454518846587
store_cat,3,AggregateHistGB,AggregateHistGB,CA_3__HOUSEHOLD,1596,98,198473.0625,0.06146652501477757,mean_spl,0.3059632660539122
store_cat,3,AggregateHistGB,AggregateHistGB,CA_4__FOODS,1596,99,116616.671875,0.036115841054978406,mean_spl,0.20724209905976004
store_cat,3,AggregateHistGB,AggregateHistGB,CA_4__HOBBIES,1596,100,39243.08203125,0.012153467341850466,mean_spl,0.2459270613964067
store_cat,3,AggregateHistGB,AggregateHistGB,CA_4__HOUSEHOLD,1596,101,58249.5703125,0.018039720985881025,mean_spl,0.2676730009271089
store_cat,3,AggregateHistGB,AggregateHistGB,TX_1__FOODS,1596,102,144254.125,0.04467507918258353,mean_spl,0.3256114673511128
store_cat,3,AggregateHistGB,AggregateHistGB,TX_1__HOBBIES,1596,103,38381.20703125,0.011886547183619364,mean_spl,0.1869041678692408
store_cat,3,AggregateHistGB,AggregateHistGB,TX_1__HOUSEHOLD,1596,104,100307.125,0.031064822249986294,mean_spl,0.2753783092171902
store_cat,3,AggregateHistGB,AggregateHistGB,TX_2__FOODS,1596,105,172290.359375,0.05335781869304533,mean_spl,0.2850761913516771
store_cat,3,AggregateHistGB,AggregateHistGB,TX_2__HOBBIES,1596,106,56974.41796875,0.017644810047099287,mean_spl,0.2526135077276731
store_cat,3,AggregateHistGB,AggregateHistGB,TX_2__HOUSEHOLD,1596,107,102815.34375,0.03184161023621193,mean_spl,0.25214868184959227
store_cat,3,AggregateHistGB,AggregateHistGB,TX_3__FOODS,1596,108,173334.609375,0.05368121985357653,mean_spl,0.4048599601151508
store_cat,3,AggregateHistGB,AggregateHistGB,TX_3__HOBBIES,1596,109,69821.453125,0.02162349913392369,mean_spl,0.2738841526436441
store_cat,3,AggregateHistGB,AggregateHistGB,TX_3__HOUSEHOLD,1596,110,105690.0703125,0.03273190461641051,mean_spl,0.3129466497437807
store_cat,3,AggregateHistGB,AggregateHistGB,WI_1__FOODS,1596,111,172074.03125,0.05329082250757199,mean_spl,0.20902380867877404
store_cat,3,AggregateHistGB,AggregateHistGB,WI_1__HOBBIES,1596,112,42553.390625,0.013178660198862826,mean_spl,0.17048953046762094
store_cat,3,AggregateHistGB,AggregateHistGB,WI_1__HOUSEHOLD,1596,113,77409.6953125,0.023973555470844267,mean_spl,0.26718614926878287
store_cat,3,AggregateHistGB,AggregateHistGB,WI_2__FOODS,1596,114,192405.90625,0.05958754452890338,mean_spl,0.40684875466257897
store_cat,3,AggregateHistGB,AggregateHistGB,WI_2__HOBBIES,1596,115,27172.5703125,0.008415265284824653,mean_spl,0.21178487397333143
store_cat,3,AggregateHistGB,AggregateHistGB,WI_2__HOUSEHOLD,1596,116,88800.015625,0.027501104245452462,mean_spl,0.4948499811707965
store_cat,3,AggregateHistGB,AggregateHistGB,WI_3__FOODS,1596,117,138527.015625,0.04290141021599113,mean_spl,0.2560654796170961
store_cat,3,AggregateHistGB,AggregateHistGB,WI_3__HOBBIES,1596,118,25475.140625,0.007889576291903788,mean_spl,0.20006406576367758
store_cat,3,AggregateHistGB,AggregateHistGB,WI_3__HOUSEHOLD,1596,119,74816.171875,0.023170348873236064,mean_spl,0.23983248544964964
store_cat,3,ChildSummaryHistGB,ChildSummaryHistGB,CA_1__FOODS,1512,0,207180.25,0.06491036969535333,rmsse,0.628275171589967
store_cat,3,ChildSummaryHistGB,ChildSummaryHistGB,CA_1__HOBBIES,1512,1,62380.88671875,0.019544171893015955,rmsse,0.6486175808760946
store_cat,3,ChildSummaryHistGB,ChildSummaryHistGB,CA_1__HOUSEHOLD,1512,2,105939.7890625,0.03319134364156151,rmsse,0.7024170877095166
store_cat,3,ChildSummaryHistGB,ChildSummaryHistGB,CA_2__FOODS,1512,3,91005.09375,0.028512246121301568,rmsse,0.5750966151527709
store_cat,3,ChildSummaryHistGB,ChildSummaryHistGB,CA_2__HOBBIES,1512,4,33450.58203125,0.010480196090955487,rmsse,0.5233077330174712
store_cat,3,ChildSummaryHistGB,ChildSummaryHistGB,CA_2__HOUSEHOLD,1512,5,94968.328125,0.02975394270420743,rmsse,0.4168992100629755
store_cat,3,ChildSummaryHistGB,ChildSummaryHistGB,CA_3__FOODS,1512,6,287165.4375,0.08997003677644409,rmsse,0.5941931825250831
store_cat,3,ChildSummaryHistGB,ChildSummaryHistGB,CA_3__HOBBIES,1512,7,66716.6796875,0.020902592517202268,rmsse,0.9883722928974549
store_cat,3,ChildSummaryHistGB,ChildSummaryHistGB,CA_3__HOUSEHOLD,1512,8,182819.796875,0.05727814597571753,rmsse,0.6975993597332272
store_cat,3,ChildSummaryHistGB,ChildSummaryHistGB,CA_4__FOODS,1512,9,116552.8984375,0.03651647165520408,rmsse,0.7177520037434606
store_cat,3,ChildSummaryHistGB,ChildSummaryHistGB,CA_4__HOBBIES,1512,10,36935.671875,0.011572088151995735,rmsse,0.6988763032055395
store_cat,3,ChildSummaryHistGB,ChildSummaryHistGB,CA_4__HOUSEHOLD,1512,11,55035.6171875,0.017242870679288043,rmsse,0.5267033938688466
store_cat,3,ChildSummaryHistGB,ChildSummaryHistGB,TX_1__FOODS,1512,12,146396.890625,0.045866709267504774,rmsse,0.43931978525677173
store_cat,3,ChildSummaryHistGB,ChildSummaryHistGB,TX_1__HOBBIES,1512,13,37219.30859375,0.011660952627606897,rmsse,0.7159607798570289
store_cat,3,ChildSummaryHistGB,ChildSummaryHistGB,TX_1__HOUSEHOLD,1512,14,98011.2890625,0.030707314077307153,rmsse,0.6393300582134219
store_cat,3,ChildSummaryHistGB,ChildSummaryHistGB,TX_2__FOODS,1512,15,176122.65625,0.05517990604275809,rmsse,1.0572464271293007
store_cat,3,ChildSummaryHistGB,ChildSummaryHistGB,TX_2__HOBBIES,1512,16,57129.640625,0.017898936281481592,rmsse,1.049787860756849
store_cat,3,ChildSummaryHistGB,ChildSummaryHistGB,TX_2__HOUSEHOLD,1512,17,104925.140625,0.03287345038103626,rmsse,1.2923812971015645
store_cat,3,ChildSummaryHistGB,ChildSummaryHistGB,TX_3__FOODS,1512,18,171175.0625,0.05362980587918111,rmsse,0.566750892494359
store_cat,3,ChildSummaryHistGB,ChildSummaryHistGB,TX_3__HOBBIES,1512,19,67877.1015625,0.021266157156731493,rmsse,0.9224861294153918
store_cat,3,ChildSummaryHistGB,ChildSummaryHistGB,TX_3__HOUSEHOLD,1512,20,106698.2734375,0.03342897971541217,rmsse,0.9687194780155226
store_cat,3,ChildSummaryHistGB,ChildSummaryHistGB,WI_1__FOODS,1512,21,173160.421875,0.054251826612380274,rmsse,0.8447766783001276
store_cat,3,ChildSummaryHistGB,ChildSummaryHistGB,WI_1__HOBBIES,1512,22,42989.3984375,0.013468743982879497,rmsse,0.8204296975859956
store_cat,3,ChildSummaryHistGB,ChildSummaryHistGB,WI_1__HOUSEHOLD,1512,23,80510.828125,0.025224352311925487,rmsse,0.9285151218767299
store_cat,3,ChildSummaryHistGB,ChildSummaryHistGB,WI_2__FOODS,1512,24,209484.875,0.06563241757761601,rmsse,0.6399742617093389
store_cat,3,ChildSummaryHistGB,ChildSummaryHistGB,WI_2__HOBBIES,1512,25,27927.87890625,0.008749911946779423,rmsse,0.7726898942552247
store_cat,3,ChildSummaryHistGB,ChildSummaryHistGB,WI_2__HOUSEHOLD,1512,26,94749.9140625,0.029685512737820482,rmsse,0.89957544738845
store_cat,3,ChildSummaryHistGB,ChildSummaryHistGB,WI_3__FOODS,1512,27,154383.0625,0.04836880765215719,rmsse,0.590076424640033
store_cat,3,ChildSummaryHistGB,ChildSummaryHistGB,WI_3__HOBBIES,1512,28,26006.021484375,0.00814778661989298,rmsse,0.5180651801172289
store_cat,3,ChildSummaryHistGB,ChildSummaryHistGB,WI_3__HOUSEHOLD,1512,29,76870.9140625,0.02408395322728209,rmsse,0.993226169864481
store_cat,3,ChildSummaryHistGB,ChildSummaryHistGB,CA_1__FOODS,1540,30,220169.40625,0.06885783512657154,rmsse,0.4893370560015081
store_cat,3,ChildSummaryHistGB,ChildSummaryHistGB,CA_1__HOBBIES,1540,31,61755.76953125,0.019314075778852052,rmsse,0.5354958199717599
store_cat,3,ChildSummaryHistGB,ChildSummaryHistGB,CA_1__HOUSEHOLD,1540,32,109044.2734375,0.034103523871660345,rmsse,0.5964923480981278
store_cat,3,ChildSummaryHistGB,ChildSummaryHistGB,CA_2__FOODS,1540,33,95685.3828125,0.029925539728460827,rmsse,0.5375272979982225
store_cat,3,ChildSummaryHistGB,ChildSummaryHistGB,CA_2__HOBBIES,1540,34,34752.09765625,0.010868695389946238,rmsse,0.5283165308817812
store_cat,3,ChildSummaryHistGB,ChildSummaryHistGB,CA_2__HOUSEHOLD,1540,35,99130.90625,0.03100312488811156,rmsse,0.4129543829395066
store_cat,3,ChildSummaryHistGB,ChildSummaryHistGB,CA_3__FOODS,1540,36,290055.46875,0.09071465461495254,rmsse,0.473645781829254
store_cat,3,ChildSummaryHistGB,ChildSummaryHistGB,CA_3__HOBBIES,1540,37,67942.453125,0.02124895695119342,rmsse,0.7916052740137646
store_cat,3,ChildSummaryHistGB,ChildSummaryHistGB,CA_3__HOUSEHOLD,1540,38,194752.859375,0.06090882702406398,rmsse,0.7480213356781448
store_cat,3,ChildSummaryHistGB,ChildSummaryHistGB,CA_4__FOODS,1540,39,120052.3671875,0.03754629785831791,rmsse,0.4740785150038952
store_cat,3,ChildSummaryHistGB,ChildSummaryHistGB,CA_4__HOBBIES,1540,40,37685.67578125,0.011786169994173486,rmsse,1.0280334856296123
store_cat,3,ChildSummaryHistGB,ChildSummaryHistGB,CA_4__HOUSEHOLD,1540,41,57081.52734375,0.017852209648718267,rmsse,0.5889900548084173
store_cat,3,ChildSummaryHistGB,ChildSummaryHistGB,TX_1__FOODS,1540,42,147996.359375,0.046285762798511335,rmsse,0.39132171172335245
store_cat,3,ChildSummaryHistGB,ChildSummaryHistGB,TX_1__HOBBIES,1540,43,35824.16015625,0.011203982222607078,rmsse,0.5255299043096825
store_cat,3,ChildSummaryHistGB,ChildSummaryHistGB,TX_1__HOUSEHOLD,1540,44,96537.8984375,0.030192163422228798,rmsse,0.6225183219171265
store_cat,3,ChildSummaryHistGB,ChildSummaryHistGB,TX_2__FOODS,1540,45,179433.03125,0.05611756098412723,rmsse,0.3718023630940054
store_cat,3,ChildSummaryHistGB,ChildSummaryHistGB,TX_2__HOBBIES,1540,46,54520.3046875,0.017051188969277244,rmsse,0.5919512033649978
store_cat,3,ChildSummaryHistGB,ChildSummaryHistGB,TX_2__HOUSEHOLD,1540,47,103090.46875,0.032241475422103406,rmsse,0.5985326560200235
store_cat,3,ChildSummaryHistGB,ChildSummaryHistGB,TX_3__FOODS,1540,48,173693.546875,0.05432254106952325,rmsse,0.7276233007622127
store_cat,3,ChildSummaryHistGB,ChildSummaryHistGB,TX_3__HOBBIES,1540,49,69905.3671875,0.02186285701653573,rmsse,0.8661453574875717
store_cat,3,ChildSummaryHistGB,ChildSummaryHistGB,TX_3__HOUSEHOLD,1540,50,104416.875,0.032656308093131484,rmsse,0.7799252676791135
store_cat,3,ChildSummaryHistGB,ChildSummaryHistGB,WI_1__FOODS,1540,51,162298.171875,0.05075864512993716,rmsse,0.6031271557002903
store_cat,3,ChildSummaryHistGB,ChildSummaryHistGB,WI_1__HOBBIES,1540,52,41865.28125,0.013093338820048013,rmsse,0.513811617769346
store_cat,3,ChildSummaryHistGB,ChildSummaryHistGB,WI_1__HOUSEHOLD,1540,53,77330.671875,0.024185116110770965,rmsse,0.7689431091521443
store_cat,3,ChildSummaryHistGB,ChildSummaryHistGB,WI_2__FOODS,1540,54,202491.703125,0.06332914525121458,rmsse,0.6200464981291326
store_cat,3,ChildSummaryHistGB,ChildSummaryHistGB,WI_2__HOBBIES,1540,55,26394.369140625,0.008254821364650992,rmsse,0.6776079991562949
store_cat,3,ChildSummaryHistGB,ChildSummaryHistGB,WI_2__HOUSEHOLD,1540,56,86329.9609375,0.026999637769690065,rmsse,0.9131110843353235
store_cat,3,ChildSummaryHistGB,ChildSummaryHistGB,WI_3__FOODS,1540,57,150028.796875,0.04692140627261487,rmsse,0.39401819177378583
store_cat,3,ChildSummaryHistGB,ChildSummaryHistGB,WI_3__HOBBIES,1540,58,24321.859375,0.007606645316169617,rmsse,0.5104368778129194
store_cat,3,ChildSummaryHistGB,ChildSummaryHistGB,WI_3__HOUSEHOLD,1540,59,72861.84375,0.022787493091836034,rmsse,0.7707852322603312
store_cat,3,ChildSummaryHistGB,ChildSummaryHistGB,CA_1__FOODS,1568,60,227606.21875,0.07077608229256054,rmsse,0.4550178774307313
store_cat,3,ChildSummaryHistGB,ChildSummaryHistGB,CA_1__HOBBIES,1568,61,61449.91015625,0.019108370245657893,rmsse,0.5398933725362342
store_cat,3,ChildSummaryHistGB,ChildSummaryHistGB,CA_1__HOUSEHOLD,1568,62,110681.0859375,0.03441722150459681,rmsse,0.49520547088805905
store_cat,3,ChildSummaryHistGB,ChildSummaryHistGB,CA_2__FOODS,1568,63,94507.7265625,0.029387978365465067,rmsse,1.2636578455789451
store_cat,3,ChildSummaryHistGB,ChildSummaryHistGB,CA_2__HOBBIES,1568,64,32681.55078125,0.010162605135507732,rmsse,0.6043528503224713
store_cat,3,ChildSummaryHistGB,ChildSummaryHistGB,CA_2__HOUSEHOLD,1568,65,97190.0234375,0.03022206130661088,rmsse,0.47304408390157254
store_cat,3,ChildSummaryHistGB,ChildSummaryHistGB,CA_3__FOODS,1568,66,286386.625,0.08905434767910389,rmsse,0.8461217430248975
store_cat,3,ChildSummaryHistGB,ChildSummaryHistGB,CA_3__HOBBIES,1568,67,66306.0390625,0.020618424676418178,rmsse,0.7403768594944822
store_cat,3,ChildSummaryHistGB,ChildSummaryHistGB,CA_3__HOUSEHOLD,1568,68,190131.015625,0.059122850342783584,rmsse,0.6602140216928675
store_cat,3,ChildSummaryHistGB,ChildSummaryHistGB,CA_4__FOODS,1568,69,122596.9609375,0.038122563802445886,rmsse,0.6323971586805146
store_cat,3,ChildSummaryHistGB,ChildSummaryHistGB,CA_4__HOBBIES,1568,70,38498.52734375,0.011971443286514517,rmsse,1.020774727013963
store_cat,3,ChildSummaryHistGB,ChildSummaryHistGB,CA_4__HOUSEHOLD,1568,71,57504.91796875,0.017881641497913568,rmsse,0.8246206306525394
store_cat,3,ChildSummaryHistGB,ChildSummaryHistGB,TX_1__FOODS,1568,72,143759.71875,0.04470330266231075,rmsse,0.47864873867574764
store_cat,3,ChildSummaryHistGB,ChildSummaryHistGB,TX_1__HOBBIES,1568,73,36857.09765625,0.011461026816885643,rmsse,0.8054660058173606
store_cat,3,ChildSummaryHistGB,ChildSummaryHistGB,TX_1__HOUSEHOLD,1568,74,94760.015625,0.029466429787166445,rmsse,0.6477256420901695
store_cat,3,ChildSummaryHistGB,ChildSummaryHistGB,TX_2__FOODS,1568,75,175913.21875,0.05470170593306429,rmsse,0.36091617971312984
store_cat,3,ChildSummaryHistGB,ChildSummaryHistGB,TX_2__HOBBIES,1568,76,55974.640625,0.01740578879139919,rmsse,0.6916274391562354
store_cat,3,ChildSummaryHistGB,ChildSummaryHistGB,TX_2__HOUSEHOLD,1568,77,102344.765625,0.031824972067411146,rmsse,0.4182994802668852
store_cat,3,ChildSummaryHistGB,ChildSummaryHistGB,TX_3__FOODS,1568,78,185515.796875,0.05768770896640953,rmsse,0.6410846379660289
store_cat,3,ChildSummaryHistGB,ChildSummaryHistGB,TX_3__HOBBIES,1568,79,71178.390625,0.02213352367959858,rmsse,0.6661722116301183
store_cat,3,ChildSummaryHistGB,ChildSummaryHistGB,TX_3__HOUSEHOLD,1568,80,104345.796875,0.03244720968990574,rmsse,0.7377714362746484
store_cat,3,ChildSummaryHistGB,ChildSummaryHistGB,WI_1__FOODS,1568,81,171597.125,0.05335958001001147,rmsse,0.5412599028825666
store_cat,3,ChildSummaryHistGB,ChildSummaryHistGB,WI_1__HOBBIES,1568,82,42377.875,0.013177759311041865,rmsse,0.4421125596892379
store_cat,3,ChildSummaryHistGB,ChildSummaryHistGB,WI_1__HOUSEHOLD,1568,83,74826.484375,0.02326792934249735,rmsse,0.7000745930120656
store_cat,3,ChildSummaryHistGB,ChildSummaryHistGB,WI_2__FOODS,1568,84,210272.09375,0.06538588924683765,rmsse,0.997682350634307
store_cat,3,ChildSummaryHistGB,ChildSummaryHistGB,WI_2__HOBBIES,1568,85,24916.8984375,0.007748120697110228,rmsse,0.7879858452578363
store_cat,3,ChildSummaryHistGB,ChildSummaryHistGB,WI_2__HOUSEHOLD,1568,86,85993.5546875,0.02674042447793314,rmsse,1.0233385797591166
store_cat,3,ChildSummaryHistGB,ChildSummaryHistGB,WI_3__FOODS,1568,87,152977.359375,0.04756960611834604,rmsse,0.5793468705875838
store_cat,3,ChildSummaryHistGB,ChildSummaryHistGB,WI_3__HOBBIES,1568,88,25281.419921875,0.007861471741370881,rmsse,0.6491698562497548
store_cat,3,ChildSummaryHistGB,ChildSummaryHistGB,WI_3__HOUSEHOLD,1568,89,71430.6328125,0.022211960525121525,rmsse,0.5941397306705929
store_cat,3,ChildSummaryHistGB,ChildSummaryHistGB,CA_1__FOODS,1596,90,218156.640625,0.06756247139642138,rmsse,0.5688689364358145
store_cat,3,ChildSummaryHistGB,ChildSummaryHistGB,CA_1__HOBBIES,1596,91,62647.34375,0.019401698513715152,rmsse,0.7800391041390548
store_cat,3,ChildSummaryHistGB,ChildSummaryHistGB,CA_1__HOUSEHOLD,1596,92,111508.96875,0.03453400038629386,rmsse,0.7835092970402129
store_cat,3,ChildSummaryHistGB,ChildSummaryHistGB,CA_2__FOODS,1596,93,124184.8984375,0.03845969861157458,rmsse,1.2974504723342688
store_cat,3,ChildSummaryHistGB,ChildSummaryHistGB,CA_2__HOBBIES,1596,94,35712.88671875,0.01106017621332348,rmsse,0.8078835628605651
store_cat,3,ChildSummaryHistGB,ChildSummaryHistGB,CA_2__HOUSEHOLD,1596,95,107060.6328125,0.03315636380059106,rmsse,0.51640110133311
store_cat,3,ChildSummaryHistGB,ChildSummaryHistGB,CA_3__FOODS,1596,96,285717.21875,0.08848578417763645,rmsse,0.885287534066098
store_cat,3,ChildSummaryHistGB,ChildSummaryHistGB,CA_3__HOBBIES,1596,97,68288.1953125,0.021148653688909533,rmsse,1.1284529019831642
store_cat,3,ChildSummaryHistGB,ChildSummaryHistGB,CA_3__HOUSEHOLD,1596,98,198473.0625,0.06146652501477757,rmsse,0.8277963165452784
store_cat,3,ChildSummaryHistGB,ChildSummaryHistGB,CA_4__FOODS,1596,99,116616.671875,0.036115841054978406,rmsse,0.7105080638900294
store_cat,3,ChildSummaryHistGB,ChildSummaryHistGB,CA_4__HOBBIES,1596,100,39243.08203125,0.012153467341850466,rmsse,1.040029843614649
store_cat,3,ChildSummaryHistGB,ChildSummaryHistGB,CA_4__HOUSEHOLD,1596,101,58249.5703125,0.018039720985881025,rmsse,1.0801528566579914
store_cat,3,ChildSummaryHistGB,ChildSummaryHistGB,TX_1__FOODS,1596,102,144254.125,0.04467507918258353,rmsse,1.1141509278676742
store_cat,3,ChildSummaryHistGB,ChildSummaryHistGB,TX_1__HOBBIES,1596,103,38381.20703125,0.011886547183619364,rmsse,0.7563925851673123
store_cat,3,ChildSummaryHistGB,ChildSummaryHistGB,TX_1__HOUSEHOLD,1596,104,100307.125,0.031064822249986294,rmsse,0.8859194257096619
store_cat,3,ChildSummaryHistGB,ChildSummaryHistGB,TX_2__FOODS,1596,105,172290.359375,0.05335781869304533,rmsse,1.0298385654134694
store_cat,3,ChildSummaryHistGB,ChildSummaryHistGB,TX_2__HOBBIES,1596,106,56974.41796875,0.017644810047099287,rmsse,0.9106045508761896
store_cat,3,ChildSummaryHistGB,ChildSummaryHistGB,TX_2__HOUSEHOLD,1596,107,102815.34375,0.03184161023621193,rmsse,0.8355967045445631
store_cat,3,ChildSummaryHistGB,ChildSummaryHistGB,TX_3__FOODS,1596,108,173334.609375,0.05368121985357653,rmsse,1.4543942087990152
store_cat,3,ChildSummaryHistGB,ChildSummaryHistGB,TX_3__HOBBIES,1596,109,69821.453125,0.02162349913392369,rmsse,1.1473363193852908
store_cat,3,ChildSummaryHistGB,ChildSummaryHistGB,TX_3__HOUSEHOLD,1596,110,105690.0703125,0.03273190461641051,rmsse,0.9898108776882237
store_cat,3,ChildSummaryHistGB,ChildSummaryHistGB,WI_1__FOODS,1596,111,172074.03125,0.05329082250757199,rmsse,0.6148204632816413
store_cat,3,ChildSummaryHistGB,ChildSummaryHistGB,WI_1__HOBBIES,1596,112,42553.390625,0.013178660198862826,rmsse,0.7121571373485092
store_cat,3,ChildSummaryHistGB,ChildSummaryHistGB,WI_1__HOUSEHOLD,1596,113,77409.6953125,0.023973555470844267,rmsse,0.9228879503625429
store_cat,3,ChildSummaryHistGB,ChildSummaryHistGB,WI_2__FOODS,1596,114,192405.90625,0.05958754452890338,rmsse,0.8866836086806729
store_cat,3,ChildSummaryHistGB,ChildSummaryHistGB,WI_2__HOBBIES,1596,115,27172.5703125,0.008415265284824653,rmsse,0.8705015175849972
store_cat,3,ChildSummaryHistGB,ChildSummaryHistGB,WI_2__HOUSEHOLD,1596,116,88800.015625,0.027501104245452462,rmsse,1.4186045284297872
store_cat,3,ChildSummaryHistGB,ChildSummaryHistGB,WI_3__FOODS,1596,117,138527.015625,0.04290141021599113,rmsse,0.7520409043982831
store_cat,3,ChildSummaryHistGB,ChildSummaryHistGB,WI_3__HOBBIES,1596,118,25475.140625,0.007889576291903788,rmsse,0.8953756174401819
store_cat,3,ChildSummaryHistGB,ChildSummaryHistGB,WI_3__HOUSEHOLD,1596,119,74816.171875,0.023170348873236064,rmsse,0.8377551263241821
store_cat,3,ChildSummaryHistGB,ChildSummaryHistGB,CA_1__FOODS,1512,0,207180.25,0.06491036969535333,mean_spl,0.26487340788894165
store_cat,3,ChildSummaryHistGB,ChildSummaryHistGB,CA_1__HOBBIES,1512,1,62380.88671875,0.019544171893015955,mean_spl,0.18117396493199595
store_cat,3,ChildSummaryHistGB,ChildSummaryHistGB,CA_1__HOUSEHOLD,1512,2,105939.7890625,0.03319134364156151,mean_spl,0.21409679878999383
store_cat,3,ChildSummaryHistGB,ChildSummaryHistGB,CA_2__FOODS,1512,3,91005.09375,0.028512246121301568,mean_spl,0.2313546798914882
store_cat,3,ChildSummaryHistGB,ChildSummaryHistGB,CA_2__HOBBIES,1512,4,33450.58203125,0.010480196090955487,mean_spl,0.1298211193478428
store_cat,3,ChildSummaryHistGB,ChildSummaryHistGB,CA_2__HOUSEHOLD,1512,5,94968.328125,0.02975394270420743,mean_spl,0.13308578847096367
store_cat,3,ChildSummaryHistGB,ChildSummaryHistGB,CA_3__FOODS,1512,6,287165.4375,0.08997003677644409,mean_spl,0.2665810542264758
store_cat,3,ChildSummaryHistGB,ChildSummaryHistGB,CA_3__HOBBIES,1512,7,66716.6796875,0.020902592517202268,mean_spl,0.2861341031766884
store_cat,3,ChildSummaryHistGB,ChildSummaryHistGB,CA_3__HOUSEHOLD,1512,8,182819.796875,0.05727814597571753,mean_spl,0.27013848298494325
store_cat,3,ChildSummaryHistGB,ChildSummaryHistGB,CA_4__FOODS,1512,9,116552.8984375,0.03651647165520408,mean_spl,0.2588283049453388
store_cat,3,ChildSummaryHistGB,ChildSummaryHistGB,CA_4__HOBBIES,1512,10,36935.671875,0.011572088151995735,mean_spl,0.16568083659669722
store_cat,3,ChildSummaryHistGB,ChildSummaryHistGB,CA_4__HOUSEHOLD,1512,11,55035.6171875,0.017242870679288043,mean_spl,0.1418323686313733
store_cat,3,ChildSummaryHistGB,ChildSummaryHistGB,TX_1__FOODS,1512,12,146396.890625,0.045866709267504774,mean_spl,0.1630652879154265
store_cat,3,ChildSummaryHistGB,ChildSummaryHistGB,TX_1__HOBBIES,1512,13,37219.30859375,0.011660952627606897,mean_spl,0.1755473305573566
store_cat,3,ChildSummaryHistGB,ChildSummaryHistGB,TX_1__HOUSEHOLD,1512,14,98011.2890625,0.030707314077307153,mean_spl,0.19702263996069067
store_cat,3,ChildSummaryHistGB,ChildSummaryHistGB,TX_2__FOODS,1512,15,176122.65625,0.05517990604275809,mean_spl,0.31758208402025856
store_cat,3,ChildSummaryHistGB,ChildSummaryHistGB,TX_2__HOBBIES,1512,16,57129.640625,0.017898936281481592,mean_spl,0.27474844723765524
store_cat,3,ChildSummaryHistGB,ChildSummaryHistGB,TX_2__HOUSEHOLD,1512,17,104925.140625,0.03287345038103626,mean_spl,0.396399289130237
store_cat,3,ChildSummaryHistGB,ChildSummaryHistGB,TX_3__FOODS,1512,18,171175.0625,0.05362980587918111,mean_spl,0.21539877978213384
store_cat,3,ChildSummaryHistGB,ChildSummaryHistGB,TX_3__HOBBIES,1512,19,67877.1015625,0.021266157156731493,mean_spl,0.23309424939766815
store_cat,3,ChildSummaryHistGB,ChildSummaryHistGB,TX_3__HOUSEHOLD,1512,20,106698.2734375,0.03342897971541217,mean_spl,0.3073373591644225
store_cat,3,ChildSummaryHistGB,ChildSummaryHistGB,WI_1__FOODS,1512,21,173160.421875,0.054251826612380274,mean_spl,0.3937042351326019
store_cat,3,ChildSummaryHistGB,ChildSummaryHistGB,WI_1__HOBBIES,1512,22,42989.3984375,0.013468743982879497,mean_spl,0.21379171722642093
store_cat,3,ChildSummaryHistGB,ChildSummaryHistGB,WI_1__HOUSEHOLD,1512,23,80510.828125,0.025224352311925487,mean_spl,0.2755934309281266
store_cat,3,ChildSummaryHistGB,ChildSummaryHistGB,WI_2__FOODS,1512,24,209484.875,0.06563241757761601,mean_spl,0.27027387921998114
store_cat,3,ChildSummaryHistGB,ChildSummaryHistGB,WI_2__HOBBIES,1512,25,27927.87890625,0.008749911946779423,mean_spl,0.18889007753552217
store_cat,3,ChildSummaryHistGB,ChildSummaryHistGB,WI_2__HOUSEHOLD,1512,26,94749.9140625,0.029685512737820482,mean_spl,0.31721849721963413
store_cat,3,ChildSummaryHistGB,ChildSummaryHistGB,WI_3__FOODS,1512,27,154383.0625,0.04836880765215719,mean_spl,0.21585092636969122
store_cat,3,ChildSummaryHistGB,ChildSummaryHistGB,WI_3__HOBBIES,1512,28,26006.021484375,0.00814778661989298,mean_spl,0.12817685549499339
store_cat,3,ChildSummaryHistGB,ChildSummaryHistGB,WI_3__HOUSEHOLD,1512,29,76870.9140625,0.02408395322728209,mean_spl,0.33477245588247095
store_cat,3,ChildSummaryHistGB,ChildSummaryHistGB,CA_1__FOODS,1540,30,220169.40625,0.06885783512657154,mean_spl,0.19192029240111494
store_cat,3,ChildSummaryHistGB,ChildSummaryHistGB,CA_1__HOBBIES,1540,31,61755.76953125,0.019314075778852052,mean_spl,0.1400506891282419
store_cat,3,ChildSummaryHistGB,ChildSummaryHistGB,CA_1__HOUSEHOLD,1540,32,109044.2734375,0.034103523871660345,mean_spl,0.17637580795053656
store_cat,3,ChildSummaryHistGB,ChildSummaryHistGB,CA_2__FOODS,1540,33,95685.3828125,0.029925539728460827,mean_spl,0.20656093694587793
store_cat,3,ChildSummaryHistGB,ChildSummaryHistGB,CA_2__HOBBIES,1540,34,34752.09765625,0.010868695389946238,mean_spl,0.13301609282407204
store_cat,3,ChildSummaryHistGB,ChildSummaryHistGB,CA_2__HOUSEHOLD,1540,35,99130.90625,0.03100312488811156,mean_spl,0.13267945618917565
store_cat,3,ChildSummaryHistGB,ChildSummaryHistGB,CA_3__FOODS,1540,36,290055.46875,0.09071465461495254,mean_spl,0.20437151972684403
store_cat,3,ChildSummaryHistGB,ChildSummaryHistGB,CA_3__HOBBIES,1540,37,67942.453125,0.02124895695119342,mean_spl,0.22748546664909983
store_cat,3,ChildSummaryHistGB,ChildSummaryHistGB,CA_3__HOUSEHOLD,1540,38,194752.859375,0.06090882702406398,mean_spl,0.28252346437232406
store_cat,3,ChildSummaryHistGB,ChildSummaryHistGB,CA_4__FOODS,1540,39,120052.3671875,0.03754629785831791,mean_spl,0.14791418833802897
store_cat,3,ChildSummaryHistGB,ChildSummaryHistGB,CA_4__HOBBIES,1540,40,37685.67578125,0.011786169994173486,mean_spl,0.26199929321348026
store_cat,3,ChildSummaryHistGB,ChildSummaryHistGB,CA_4__HOUSEHOLD,1540,41,57081.52734375,0.017852209648718267,mean_spl,0.15608168025909122
store_cat,3,ChildSummaryHistGB,ChildSummaryHistGB,TX_1__FOODS,1540,42,147996.359375,0.046285762798511335,mean_spl,0.129266648083427
store_cat,3,ChildSummaryHistGB,ChildSummaryHistGB,TX_1__HOBBIES,1540,43,35824.16015625,0.011203982222607078,mean_spl,0.13506803218807176
store_cat,3,ChildSummaryHistGB,ChildSummaryHistGB,TX_1__HOUSEHOLD,1540,44,96537.8984375,0.030192163422228798,mean_spl,0.18619463992028049
store_cat,3,ChildSummaryHistGB,ChildSummaryHistGB,TX_2__FOODS,1540,45,179433.03125,0.05611756098412723,mean_spl,0.13759348949848615
store_cat,3,ChildSummaryHistGB,ChildSummaryHistGB,TX_2__HOBBIES,1540,46,54520.3046875,0.017051188969277244,mean_spl,0.14120803915475375
store_cat,3,ChildSummaryHistGB,ChildSummaryHistGB,TX_2__HOUSEHOLD,1540,47,103090.46875,0.032241475422103406,mean_spl,0.18228230605195087
store_cat,3,ChildSummaryHistGB,ChildSummaryHistGB,TX_3__FOODS,1540,48,173693.546875,0.05432254106952325,mean_spl,0.2874555772008721
store_cat,3,ChildSummaryHistGB,ChildSummaryHistGB,TX_3__HOBBIES,1540,49,69905.3671875,0.02186285701653573,mean_spl,0.21633919025307635
store_cat,3,ChildSummaryHistGB,ChildSummaryHistGB,TX_3__HOUSEHOLD,1540,50,104416.875,0.032656308093131484,mean_spl,0.24393368024201978
store_cat,3,ChildSummaryHistGB,ChildSummaryHistGB,WI_1__FOODS,1540,51,162298.171875,0.05075864512993716,mean_spl,0.25111993034833097
store_cat,3,ChildSummaryHistGB,ChildSummaryHistGB,WI_1__HOBBIES,1540,52,41865.28125,0.013093338820048013,mean_spl,0.137995585215599
store_cat,3,ChildSummaryHistGB,ChildSummaryHistGB,WI_1__HOUSEHOLD,1540,53,77330.671875,0.024185116110770965,mean_spl,0.2565806665740704
store_cat,3,ChildSummaryHistGB,ChildSummaryHistGB,WI_2__FOODS,1540,54,202491.703125,0.06332914525121458,mean_spl,0.27157529843011946
store_cat,3,ChildSummaryHistGB,ChildSummaryHistGB,WI_2__HOBBIES,1540,55,26394.369140625,0.008254821364650992,mean_spl,0.16469410902023143
store_cat,3,ChildSummaryHistGB,ChildSummaryHistGB,WI_2__HOUSEHOLD,1540,56,86329.9609375,0.026999637769690065,mean_spl,0.32744676147168356
store_cat,3,ChildSummaryHistGB,ChildSummaryHistGB,WI_3__FOODS,1540,57,150028.796875,0.04692140627261487,mean_spl,0.13878761989446808
store_cat,3,ChildSummaryHistGB,ChildSummaryHistGB,WI_3__HOBBIES,1540,58,24321.859375,0.007606645316169617,mean_spl,0.12864438921351806
store_cat,3,ChildSummaryHistGB,ChildSummaryHistGB,WI_3__HOUSEHOLD,1540,59,72861.84375,0.022787493091836034,mean_spl,0.23610871523835714
store_cat,3,ChildSummaryHistGB,ChildSummaryHistGB,CA_1__FOODS,1568,60,227606.21875,0.07077608229256054,mean_spl,0.17455907489190328
store_cat,3,ChildSummaryHistGB,ChildSummaryHistGB,CA_1__HOBBIES,1568,61,61449.91015625,0.019108370245657893,mean_spl,0.13958263538296492
store_cat,3,ChildSummaryHistGB,ChildSummaryHistGB,CA_1__HOUSEHOLD,1568,62,110681.0859375,0.03441722150459681,mean_spl,0.139595852316531
store_cat,3,ChildSummaryHistGB,ChildSummaryHistGB,CA_2__FOODS,1568,63,94507.7265625,0.029387978365465067,mean_spl,0.5080344908835076
store_cat,3,ChildSummaryHistGB,ChildSummaryHistGB,CA_2__HOBBIES,1568,64,32681.55078125,0.010162605135507732,mean_spl,0.15270806502436104
store_cat,3,ChildSummaryHistGB,ChildSummaryHistGB,CA_2__HOUSEHOLD,1568,65,97190.0234375,0.03022206130661088,mean_spl,0.15332529215024124
store_cat,3,ChildSummaryHistGB,ChildSummaryHistGB,CA_3__FOODS,1568,66,286386.625,0.08905434767910389,mean_spl,0.40756322508770115
store_cat,3,ChildSummaryHistGB,ChildSummaryHistGB,CA_3__HOBBIES,1568,67,66306.0390625,0.020618424676418178,mean_spl,0.19661947290250537
store_cat,3,ChildSummaryHistGB,ChildSummaryHistGB,CA_3__HOUSEHOLD,1568,68,190131.015625,0.059122850342783584,mean_spl,0.2238710000582263
store_cat,3,ChildSummaryHistGB,ChildSummaryHistGB,CA_4__FOODS,1568,69,122596.9609375,0.038122563802445886,mean_spl,0.22483944033793776
store_cat,3,ChildSummaryHistGB,ChildSummaryHistGB,CA_4__HOBBIES,1568,70,38498.52734375,0.011971443286514517,mean_spl,0.270134210230437
store_cat,3,ChildSummaryHistGB,ChildSummaryHistGB,CA_4__HOUSEHOLD,1568,71,57504.91796875,0.017881641497913568,mean_spl,0.20030824225199723
store_cat,3,ChildSummaryHistGB,ChildSummaryHistGB,TX_1__FOODS,1568,72,143759.71875,0.04470330266231075,mean_spl,0.16941079614212737
store_cat,3,ChildSummaryHistGB,ChildSummaryHistGB,TX_1__HOBBIES,1568,73,36857.09765625,0.011461026816885643,mean_spl,0.20421511073932716
store_cat,3,ChildSummaryHistGB,ChildSummaryHistGB,TX_1__HOUSEHOLD,1568,74,94760.015625,0.029466429787166445,mean_spl,0.19135131145349815
store_cat,3,ChildSummaryHistGB,ChildSummaryHistGB,TX_2__FOODS,1568,75,175913.21875,0.05470170593306429,mean_spl,0.1227313145562692
store_cat,3,ChildSummaryHistGB,ChildSummaryHistGB,TX_2__HOBBIES,1568,76,55974.640625,0.01740578879139919,mean_spl,0.1705218953535372
store_cat,3,ChildSummaryHistGB,ChildSummaryHistGB,TX_2__HOUSEHOLD,1568,77,102344.765625,0.031824972067411146,mean_spl,0.1184835704313614
store_cat,3,ChildSummaryHistGB,ChildSummaryHistGB,TX_3__FOODS,1568,78,185515.796875,0.05768770896640953,mean_spl,0.24114869448500853
store_cat,3,ChildSummaryHistGB,ChildSummaryHistGB,TX_3__HOBBIES,1568,79,71178.390625,0.02213352367959858,mean_spl,0.16055708663740467
store_cat,3,ChildSummaryHistGB,ChildSummaryHistGB,TX_3__HOUSEHOLD,1568,80,104345.796875,0.03244720968990574,mean_spl,0.22695027625248773
store_cat,3,ChildSummaryHistGB,ChildSummaryHistGB,WI_1__FOODS,1568,81,171597.125,0.05335958001001147,mean_spl,0.22566705943401372
store_cat,3,ChildSummaryHistGB,ChildSummaryHistGB,WI_1__HOBBIES,1568,82,42377.875,0.013177759311041865,mean_spl,0.11186808178575476
store_cat,3,ChildSummaryHistGB,ChildSummaryHistGB,WI_1__HOUSEHOLD,1568,83,74826.484375,0.02326792934249735,mean_spl,0.2098496861818034
store_cat,3,ChildSummaryHistGB,ChildSummaryHistGB,WI_2__FOODS,1568,84,210272.09375,0.06538588924683765,mean_spl,0.5080735475250008
store_cat,3,ChildSummaryHistGB,ChildSummaryHistGB,WI_2__HOBBIES,1568,85,24916.8984375,0.007748120697110228,mean_spl,0.20320010670792107
store_cat,3,ChildSummaryHistGB,ChildSummaryHistGB,WI_2__HOUSEHOLD,1568,86,85993.5546875,0.02674042447793314,mean_spl,0.32818913346329537
store_cat,3,ChildSummaryHistGB,ChildSummaryHistGB,WI_3__FOODS,1568,87,152977.359375,0.04756960611834604,mean_spl,0.26274035930898554
store_cat,3,ChildSummaryHistGB,ChildSummaryHistGB,WI_3__HOBBIES,1568,88,25281.419921875,0.007861471741370881,mean_spl,0.16235115879000983
store_cat,3,ChildSummaryHistGB,ChildSummaryHistGB,WI_3__HOUSEHOLD,1568,89,71430.6328125,0.022211960525121525,mean_spl,0.1591873350333196
store_cat,3,ChildSummaryHistGB,ChildSummaryHistGB,CA_1__FOODS,1596,90,218156.640625,0.06756247139642138,mean_spl,0.20781736855664684
store_cat,3,ChildSummaryHistGB,ChildSummaryHistGB,CA_1__HOBBIES,1596,91,62647.34375,0.019401698513715152,mean_spl,0.20308340899991972
store_cat,3,ChildSummaryHistGB,ChildSummaryHistGB,CA_1__HOUSEHOLD,1596,92,111508.96875,0.03453400038629386,mean_spl,0.24820191073922793
store_cat,3,ChildSummaryHistGB,ChildSummaryHistGB,CA_2__FOODS,1596,93,124184.8984375,0.03845969861157458,mean_spl,0.6111462646927497
store_cat,3,ChildSummaryHistGB,ChildSummaryHistGB,CA_2__HOBBIES,1596,94,35712.88671875,0.01106017621332348,mean_spl,0.2048476929117473
store_cat,3,ChildSummaryHistGB,ChildSummaryHistGB,CA_2__HOUSEHOLD,1596,95,107060.6328125,0.03315636380059106,mean_spl,0.15585456598599928
store_cat,3,ChildSummaryHistGB,ChildSummaryHistGB,CA_3__FOODS,1596,96,285717.21875,0.08848578417763645,mean_spl,0.3927499628367123
store_cat,3,ChildSummaryHistGB,ChildSummaryHistGB,CA_3__HOBBIES,1596,97,68288.1953125,0.021148653688909533,mean_spl,0.36568768544546404
store_cat,3,ChildSummaryHistGB,ChildSummaryHistGB,CA_3__HOUSEHOLD,1596,98,198473.0625,0.06146652501477757,mean_spl,0.2991660387157363
store_cat,3,ChildSummaryHistGB,ChildSummaryHistGB,CA_4__FOODS,1596,99,116616.671875,0.036115841054978406,mean_spl,0.24606012519600323
store_cat,3,ChildSummaryHistGB,ChildSummaryHistGB,CA_4__HOBBIES,1596,100,39243.08203125,0.012153467341850466,mean_spl,0.2584620027351845
store_cat,3,ChildSummaryHistGB,ChildSummaryHistGB,CA_4__HOUSEHOLD,1596,101,58249.5703125,0.018039720985881025,mean_spl,0.28828702341797247
store_cat,3,ChildSummaryHistGB,ChildSummaryHistGB,TX_1__FOODS,1596,102,144254.125,0.04467507918258353,mean_spl,0.3265525903811141
store_cat,3,ChildSummaryHistGB,ChildSummaryHistGB,TX_1__HOBBIES,1596,103,38381.20703125,0.011886547183619364,mean_spl,0.18817928800422107
store_cat,3,ChildSummaryHistGB,ChildSummaryHistGB,TX_1__HOUSEHOLD,1596,104,100307.125,0.031064822249986294,mean_spl,0.2903302063934893
store_cat,3,ChildSummaryHistGB,ChildSummaryHistGB,TX_2__FOODS,1596,105,172290.359375,0.05335781869304533,mean_spl,0.3079536626618727
store_cat,3,ChildSummaryHistGB,ChildSummaryHistGB,TX_2__HOBBIES,1596,106,56974.41796875,0.017644810047099287,mean_spl,0.26253967485844854
store_cat,3,ChildSummaryHistGB,ChildSummaryHistGB,TX_2__HOUSEHOLD,1596,107,102815.34375,0.03184161023621193,mean_spl,0.304239627949203
store_cat,3,ChildSummaryHistGB,ChildSummaryHistGB,TX_3__FOODS,1596,108,173334.609375,0.05368121985357653,mean_spl,0.4196298680650693
store_cat,3,ChildSummaryHistGB,ChildSummaryHistGB,TX_3__HOBBIES,1596,109,69821.453125,0.02162349913392369,mean_spl,0.3167935655702035
store_cat,3,ChildSummaryHistGB,ChildSummaryHistGB,TX_3__HOUSEHOLD,1596,110,105690.0703125,0.03273190461641051,mean_spl,0.35364863375272937
store_cat,3,ChildSummaryHistGB,ChildSummaryHistGB,WI_1__FOODS,1596,111,172074.03125,0.05329082250757199,mean_spl,0.2659443098973238
store_cat,3,ChildSummaryHistGB,ChildSummaryHistGB,WI_1__HOBBIES,1596,112,42553.390625,0.013178660198862826,mean_spl,0.19217269417586666
store_cat,3,ChildSummaryHistGB,ChildSummaryHistGB,WI_1__HOUSEHOLD,1596,113,77409.6953125,0.023973555470844267,mean_spl,0.3096215838745369
store_cat,3,ChildSummaryHistGB,ChildSummaryHistGB,WI_2__FOODS,1596,114,192405.90625,0.05958754452890338,mean_spl,0.45303666332866105
store_cat,3,ChildSummaryHistGB,ChildSummaryHistGB,WI_2__HOBBIES,1596,115,27172.5703125,0.008415265284824653,mean_spl,0.21645174063493094
store_cat,3,ChildSummaryHistGB,ChildSummaryHistGB,WI_2__HOUSEHOLD,1596,116,88800.015625,0.027501104245452462,mean_spl,0.5006204761802692
store_cat,3,ChildSummaryHistGB,ChildSummaryHistGB,WI_3__FOODS,1596,117,138527.015625,0.04290141021599113,mean_spl,0.296879784563844
store_cat,3,ChildSummaryHistGB,ChildSummaryHistGB,WI_3__HOBBIES,1596,118,25475.140625,0.007889576291903788,mean_spl,0.21451883663327817
store_cat,3,ChildSummaryHistGB,ChildSummaryHistGB,WI_3__HOUSEHOLD,1596,119,74816.171875,0.023170348873236064,mean_spl,0.2534774289359472
store_cat,3,BottomUpGlobalHistGB,BottomUpGlobalHistGB,CA_1__FOODS,1512,0,207180.25,0.06491036969535333,rmsse,0.6668588725735316
store_cat,3,BottomUpGlobalHistGB,BottomUpGlobalHistGB,CA_1__HOBBIES,1512,1,62380.88671875,0.019544171893015955,rmsse,0.6599757199744298
store_cat,3,BottomUpGlobalHistGB,BottomUpGlobalHistGB,CA_1__HOUSEHOLD,1512,2,105939.7890625,0.03319134364156151,rmsse,0.5950722838584114
store_cat,3,BottomUpGlobalHistGB,BottomUpGlobalHistGB,CA_2__FOODS,1512,3,91005.09375,0.028512246121301568,rmsse,0.42114055833014
store_cat,3,BottomUpGlobalHistGB,BottomUpGlobalHistGB,CA_2__HOBBIES,1512,4,33450.58203125,0.010480196090955487,rmsse,0.5854624646237863
store_cat,3,BottomUpGlobalHistGB,BottomUpGlobalHistGB,CA_2__HOUSEHOLD,1512,5,94968.328125,0.02975394270420743,rmsse,0.5821415985798697
store_cat,3,BottomUpGlobalHistGB,BottomUpGlobalHistGB,CA_3__FOODS,1512,6,287165.4375,0.08997003677644409,rmsse,0.4739197975679685
store_cat,3,BottomUpGlobalHistGB,BottomUpGlobalHistGB,CA_3__HOBBIES,1512,7,66716.6796875,0.020902592517202268,rmsse,0.8535496345783533
store_cat,3,BottomUpGlobalHistGB,BottomUpGlobalHistGB,CA_3__HOUSEHOLD,1512,8,182819.796875,0.05727814597571753,rmsse,0.6943863181486379
store_cat,3,BottomUpGlobalHistGB,BottomUpGlobalHistGB,CA_4__FOODS,1512,9,116552.8984375,0.03651647165520408,rmsse,0.653445797068995
store_cat,3,BottomUpGlobalHistGB,BottomUpGlobalHistGB,CA_4__HOBBIES,1512,10,36935.671875,0.011572088151995735,rmsse,0.7693460853403946
store_cat,3,BottomUpGlobalHistGB,BottomUpGlobalHistGB,CA_4__HOUSEHOLD,1512,11,55035.6171875,0.017242870679288043,rmsse,0.6908258158891316
store_cat,3,BottomUpGlobalHistGB,BottomUpGlobalHistGB,TX_1__FOODS,1512,12,146396.890625,0.045866709267504774,rmsse,0.5707909225364691
store_cat,3,BottomUpGlobalHistGB,BottomUpGlobalHistGB,TX_1__HOBBIES,1512,13,37219.30859375,0.011660952627606897,rmsse,0.8173488240581277
store_cat,3,BottomUpGlobalHistGB,BottomUpGlobalHistGB,TX_1__HOUSEHOLD,1512,14,98011.2890625,0.030707314077307153,rmsse,0.580336277165322
store_cat,3,BottomUpGlobalHistGB,BottomUpGlobalHistGB,TX_2__FOODS,1512,15,176122.65625,0.05517990604275809,rmsse,1.0187313854579696
store_cat,3,BottomUpGlobalHistGB,BottomUpGlobalHistGB,TX_2__HOBBIES,1512,16,57129.640625,0.017898936281481592,rmsse,1.0313346013852236
store_cat,3,BottomUpGlobalHistGB,BottomUpGlobalHistGB,TX_2__HOUSEHOLD,1512,17,104925.140625,0.03287345038103626,rmsse,1.1845332583911752
store_cat,3,BottomUpGlobalHistGB,BottomUpGlobalHistGB,TX_3__FOODS,1512,18,171175.0625,0.05362980587918111,rmsse,0.6235021612307488
store_cat,3,BottomUpGlobalHistGB,BottomUpGlobalHistGB,TX_3__HOBBIES,1512,19,67877.1015625,0.021266157156731493,rmsse,0.7867295600656641
store_cat,3,BottomUpGlobalHistGB,BottomUpGlobalHistGB,TX_3__HOUSEHOLD,1512,20,106698.2734375,0.03342897971541217,rmsse,0.70659120615615
store_cat,3,BottomUpGlobalHistGB,BottomUpGlobalHistGB,WI_1__FOODS,1512,21,173160.421875,0.054251826612380274,rmsse,0.7032080526462959
store_cat,3,BottomUpGlobalHistGB,BottomUpGlobalHistGB,WI_1__HOBBIES,1512,22,42989.3984375,0.013468743982879497,rmsse,0.9510202411828254
store_cat,3,BottomUpGlobalHistGB,BottomUpGlobalHistGB,WI_1__HOUSEHOLD,1512,23,80510.828125,0.025224352311925487,rmsse,0.8977543934555384
store_cat,3,BottomUpGlobalHistGB,BottomUpGlobalHistGB,WI_2__FOODS,1512,24,209484.875,0.06563241757761601,rmsse,0.7953702527617053
store_cat,3,BottomUpGlobalHistGB,BottomUpGlobalHistGB,WI_2__HOBBIES,1512,25,27927.87890625,0.008749911946779423,rmsse,1.1639229204872439
store_cat,3,BottomUpGlobalHistGB,BottomUpGlobalHistGB,WI_2__HOUSEHOLD,1512,26,94749.9140625,0.029685512737820482,rmsse,0.9931968883133848
store_cat,3,BottomUpGlobalHistGB,BottomUpGlobalHistGB,WI_3__FOODS,1512,27,154383.0625,0.04836880765215719,rmsse,0.6091228479554903
store_cat,3,BottomUpGlobalHistGB,BottomUpGlobalHistGB,WI_3__HOBBIES,1512,28,26006.021484375,0.00814778661989298,rmsse,0.8484797710238428
store_cat,3,BottomUpGlobalHistGB,BottomUpGlobalHistGB,WI_3__HOUSEHOLD,1512,29,76870.9140625,0.02408395322728209,rmsse,0.8674875375160623
store_cat,3,BottomUpGlobalHistGB,BottomUpGlobalHistGB,CA_1__FOODS,1540,30,220169.40625,0.06885783512657154,rmsse,0.46854856392048716
store_cat,3,BottomUpGlobalHistGB,BottomUpGlobalHistGB,CA_1__HOBBIES,1540,31,61755.76953125,0.019314075778852052,rmsse,0.4436893912761748
store_cat,3,BottomUpGlobalHistGB,BottomUpGlobalHistGB,CA_1__HOUSEHOLD,1540,32,109044.2734375,0.034103523871660345,rmsse,0.6664733675737322
store_cat,3,BottomUpGlobalHistGB,BottomUpGlobalHistGB,CA_2__FOODS,1540,33,95685.3828125,0.029925539728460827,rmsse,0.3832314480518064
store_cat,3,BottomUpGlobalHistGB,BottomUpGlobalHistGB,CA_2__HOBBIES,1540,34,34752.09765625,0.010868695389946238,rmsse,0.5689126384764654
store_cat,3,BottomUpGlobalHistGB,BottomUpGlobalHistGB,CA_2__HOUSEHOLD,1540,35,99130.90625,0.03100312488811156,rmsse,0.44590996666392657
store_cat,3,BottomUpGlobalHistGB,BottomUpGlobalHistGB,CA_3__FOODS,1540,36,290055.46875,0.09071465461495254,rmsse,0.5189695037117158
store_cat,3,BottomUpGlobalHistGB,BottomUpGlobalHistGB,CA_3__HOBBIES,1540,37,67942.453125,0.02124895695119342,rmsse,0.7421679207718233
store_cat,3,BottomUpGlobalHistGB,BottomUpGlobalHistGB,CA_3__HOUSEHOLD,1540,38,194752.859375,0.06090882702406398,rmsse,0.6970218185325864
store_cat,3,BottomUpGlobalHistGB,BottomUpGlobalHistGB,CA_4__FOODS,1540,39,120052.3671875,0.03754629785831791,rmsse,0.6360268550437552
store_cat,3,BottomUpGlobalHistGB,BottomUpGlobalHistGB,CA_4__HOBBIES,1540,40,37685.67578125,0.011786169994173486,rmsse,0.8487549911565145
store_cat,3,BottomUpGlobalHistGB,BottomUpGlobalHistGB,CA_4__HOUSEHOLD,1540,41,57081.52734375,0.017852209648718267,rmsse,0.7791894638764596
store_cat,3,BottomUpGlobalHistGB,BottomUpGlobalHistGB,TX_1__FOODS,1540,42,147996.359375,0.046285762798511335,rmsse,0.35837768897651784
store_cat,3,BottomUpGlobalHistGB,BottomUpGlobalHistGB,TX_1__HOBBIES,1540,43,35824.16015625,0.011203982222607078,rmsse,0.6276744633893773
store_cat,3,BottomUpGlobalHistGB,BottomUpGlobalHistGB,TX_1__HOUSEHOLD,1540,44,96537.8984375,0.030192163422228798,rmsse,0.5087546259086037
store_cat,3,BottomUpGlobalHistGB,BottomUpGlobalHistGB,TX_2__FOODS,1540,45,179433.03125,0.05611756098412723,rmsse,0.2569571436876441
store_cat,3,BottomUpGlobalHistGB,BottomUpGlobalHistGB,TX_2__HOBBIES,1540,46,54520.3046875,0.017051188969277244,rmsse,0.5734467725813599
store_cat,3,BottomUpGlobalHistGB,BottomUpGlobalHistGB,TX_2__HOUSEHOLD,1540,47,103090.46875,0.032241475422103406,rmsse,0.5332136198327191
store_cat,3,BottomUpGlobalHistGB,BottomUpGlobalHistGB,TX_3__FOODS,1540,48,173693.546875,0.05432254106952325,rmsse,0.6319658370883642
store_cat,3,BottomUpGlobalHistGB,BottomUpGlobalHistGB,TX_3__HOBBIES,1540,49,69905.3671875,0.02186285701653573,rmsse,0.590579069529831
store_cat,3,BottomUpGlobalHistGB,BottomUpGlobalHistGB,TX_3__HOUSEHOLD,1540,50,104416.875,0.032656308093131484,rmsse,0.7018652340799838
store_cat,3,BottomUpGlobalHistGB,BottomUpGlobalHistGB,WI_1__FOODS,1540,51,162298.171875,0.05075864512993716,rmsse,0.5782970011788199
store_cat,3,BottomUpGlobalHistGB,BottomUpGlobalHistGB,WI_1__HOBBIES,1540,52,41865.28125,0.013093338820048013,rmsse,0.6424786542436064
store_cat,3,BottomUpGlobalHistGB,BottomUpGlobalHistGB,WI_1__HOUSEHOLD,1540,53,77330.671875,0.024185116110770965,rmsse,0.7413797184404544
store_cat,3,BottomUpGlobalHistGB,BottomUpGlobalHistGB,WI_2__FOODS,1540,54,202491.703125,0.06332914525121458,rmsse,0.7989932531808188
store_cat,3,BottomUpGlobalHistGB,BottomUpGlobalHistGB,WI_2__HOBBIES,1540,55,26394.369140625,0.008254821364650992,rmsse,0.8736898664546696
store_cat,3,BottomUpGlobalHistGB,BottomUpGlobalHistGB,WI_2__HOUSEHOLD,1540,56,86329.9609375,0.026999637769690065,rmsse,0.9450410578870075
store_cat,3,BottomUpGlobalHistGB,BottomUpGlobalHistGB,WI_3__FOODS,1540,57,150028.796875,0.04692140627261487,rmsse,0.49805658646184464
store_cat,3,BottomUpGlobalHistGB,BottomUpGlobalHistGB,WI_3__HOBBIES,1540,58,24321.859375,0.007606645316169617,rmsse,0.6553865736134488
store_cat,3,BottomUpGlobalHistGB,BottomUpGlobalHistGB,WI_3__HOUSEHOLD,1540,59,72861.84375,0.022787493091836034,rmsse,0.6825498924516564
store_cat,3,BottomUpGlobalHistGB,BottomUpGlobalHistGB,CA_1__FOODS,1568,60,227606.21875,0.07077608229256054,rmsse,0.36172008129727234
store_cat,3,BottomUpGlobalHistGB,BottomUpGlobalHistGB,CA_1__HOBBIES,1568,61,61449.91015625,0.019108370245657893,rmsse,0.5735383184367855
store_cat,3,BottomUpGlobalHistGB,BottomUpGlobalHistGB,CA_1__HOUSEHOLD,1568,62,110681.0859375,0.03441722150459681,rmsse,0.6411599369625001
store_cat,3,BottomUpGlobalHistGB,BottomUpGlobalHistGB,CA_2__FOODS,1568,63,94507.7265625,0.029387978365465067,rmsse,1.070927352948847
store_cat,3,BottomUpGlobalHistGB,BottomUpGlobalHistGB,CA_2__HOBBIES,1568,64,32681.55078125,0.010162605135507732,rmsse,0.5193117521822936
store_cat,3,BottomUpGlobalHistGB,BottomUpGlobalHistGB,CA_2__HOUSEHOLD,1568,65,97190.0234375,0.03022206130661088,rmsse,0.6417358537233308
store_cat,3,BottomUpGlobalHistGB,BottomUpGlobalHistGB,CA_3__FOODS,1568,66,286386.625,0.08905434767910389,rmsse,0.8865288571450475
store_cat,3,BottomUpGlobalHistGB,BottomUpGlobalHistGB,CA_3__HOBBIES,1568,67,66306.0390625,0.020618424676418178,rmsse,0.7358345333294348
store_cat,3,BottomUpGlobalHistGB,BottomUpGlobalHistGB,CA_3__HOUSEHOLD,1568,68,190131.015625,0.059122850342783584,rmsse,0.8943364519009082
store_cat,3,BottomUpGlobalHistGB,BottomUpGlobalHistGB,CA_4__FOODS,1568,69,122596.9609375,0.038122563802445886,rmsse,0.7784391938120987
store_cat,3,BottomUpGlobalHistGB,BottomUpGlobalHistGB,CA_4__HOBBIES,1568,70,38498.52734375,0.011971443286514517,rmsse,1.009692487345998
store_cat,3,BottomUpGlobalHistGB,BottomUpGlobalHistGB,CA_4__HOUSEHOLD,1568,71,57504.91796875,0.017881641497913568,rmsse,0.9998524115391286
store_cat,3,BottomUpGlobalHistGB,BottomUpGlobalHistGB,TX_1__FOODS,1568,72,143759.71875,0.04470330266231075,rmsse,0.511362811234026
store_cat,3,BottomUpGlobalHistGB,BottomUpGlobalHistGB,TX_1__HOBBIES,1568,73,36857.09765625,0.011461026816885643,rmsse,0.9039615339479992
store_cat,3,BottomUpGlobalHistGB,BottomUpGlobalHistGB,TX_1__HOUSEHOLD,1568,74,94760.015625,0.029466429787166445,rmsse,0.6662023229608942
store_cat,3,BottomUpGlobalHistGB,BottomUpGlobalHistGB,TX_2__FOODS,1568,75,175913.21875,0.05470170593306429,rmsse,0.37233646558107086
store_cat,3,BottomUpGlobalHistGB,BottomUpGlobalHistGB,TX_2__HOBBIES,1568,76,55974.640625,0.01740578879139919,rmsse,0.5758923434447267
store_cat,3,BottomUpGlobalHistGB,BottomUpGlobalHistGB,TX_2__HOUSEHOLD,1568,77,102344.765625,0.031824972067411146,rmsse,0.31577580690095913
store_cat,3,BottomUpGlobalHistGB,BottomUpGlobalHistGB,TX_3__FOODS,1568,78,185515.796875,0.05768770896640953,rmsse,0.677231974510382
store_cat,3,BottomUpGlobalHistGB,BottomUpGlobalHistGB,TX_3__HOBBIES,1568,79,71178.390625,0.02213352367959858,rmsse,0.8068177248162185
store_cat,3,BottomUpGlobalHistGB,BottomUpGlobalHistGB,TX_3__HOUSEHOLD,1568,80,104345.796875,0.03244720968990574,rmsse,0.6422249683939932
store_cat,3,BottomUpGlobalHistGB,BottomUpGlobalHistGB,WI_1__FOODS,1568,81,171597.125,0.05335958001001147,rmsse,0.5348750324714128
store_cat,3,BottomUpGlobalHistGB,BottomUpGlobalHistGB,WI_1__HOBBIES,1568,82,42377.875,0.013177759311041865,rmsse,0.4663260294040407
store_cat,3,BottomUpGlobalHistGB,BottomUpGlobalHistGB,WI_1__HOUSEHOLD,1568,83,74826.484375,0.02326792934249735,rmsse,0.4404960173363181
store_cat,3,BottomUpGlobalHistGB,BottomUpGlobalHistGB,WI_2__FOODS,1568,84,210272.09375,0.06538588924683765,rmsse,1.026220541442211
store_cat,3,BottomUpGlobalHistGB,BottomUpGlobalHistGB,WI_2__HOBBIES,1568,85,24916.8984375,0.007748120697110228,rmsse,0.7787201203920555
store_cat,3,BottomUpGlobalHistGB,BottomUpGlobalHistGB,WI_2__HOUSEHOLD,1568,86,85993.5546875,0.02674042447793314,rmsse,1.0076317309278013
store_cat,3,BottomUpGlobalHistGB,BottomUpGlobalHistGB,WI_3__FOODS,1568,87,152977.359375,0.04756960611834604,rmsse,0.5974255887931776
store_cat,3,BottomUpGlobalHistGB,BottomUpGlobalHistGB,WI_3__HOBBIES,1568,88,25281.419921875,0.007861471741370881,rmsse,0.7398087736330334
store_cat,3,BottomUpGlobalHistGB,BottomUpGlobalHistGB,WI_3__HOUSEHOLD,1568,89,71430.6328125,0.022211960525121525,rmsse,0.6136388597974552
store_cat,3,BottomUpGlobalHistGB,BottomUpGlobalHistGB,CA_1__FOODS,1596,90,218156.640625,0.06756247139642138,rmsse,0.4817966632187106
store_cat,3,BottomUpGlobalHistGB,BottomUpGlobalHistGB,CA_1__HOBBIES,1596,91,62647.34375,0.019401698513715152,rmsse,0.6645098842447988
store_cat,3,BottomUpGlobalHistGB,BottomUpGlobalHistGB,CA_1__HOUSEHOLD,1596,92,111508.96875,0.03453400038629386,rmsse,0.6601968014477819
store_cat,3,BottomUpGlobalHistGB,BottomUpGlobalHistGB,CA_2__FOODS,1596,93,124184.8984375,0.03845969861157458,rmsse,1.310140475669977
store_cat,3,BottomUpGlobalHistGB,BottomUpGlobalHistGB,CA_2__HOBBIES,1596,94,35712.88671875,0.01106017621332348,rmsse,0.6432241400389241
store_cat,3,BottomUpGlobalHistGB,BottomUpGlobalHistGB,CA_2__HOUSEHOLD,1596,95,107060.6328125,0.03315636380059106,rmsse,0.6386919143877172
store_cat,3,BottomUpGlobalHistGB,BottomUpGlobalHistGB,CA_3__FOODS,1596,96,285717.21875,0.08848578417763645,rmsse,0.7842576114319516
store_cat,3,BottomUpGlobalHistGB,BottomUpGlobalHistGB,CA_3__HOBBIES,1596,97,68288.1953125,0.021148653688909533,rmsse,0.9882518002530118
store_cat,3,BottomUpGlobalHistGB,BottomUpGlobalHistGB,CA_3__HOUSEHOLD,1596,98,198473.0625,0.06146652501477757,rmsse,0.6665973122218757
store_cat,3,BottomUpGlobalHistGB,BottomUpGlobalHistGB,CA_4__FOODS,1596,99,116616.671875,0.036115841054978406,rmsse,0.6552379124195158
store_cat,3,BottomUpGlobalHistGB,BottomUpGlobalHistGB,CA_4__HOBBIES,1596,100,39243.08203125,0.012153467341850466,rmsse,0.9725092497871387
store_cat,3,BottomUpGlobalHistGB,BottomUpGlobalHistGB,CA_4__HOUSEHOLD,1596,101,58249.5703125,0.018039720985881025,rmsse,1.1759471047668941
store_cat,3,BottomUpGlobalHistGB,BottomUpGlobalHistGB,TX_1__FOODS,1596,102,144254.125,0.04467507918258353,rmsse,1.0484579494267727
store_cat,3,BottomUpGlobalHistGB,BottomUpGlobalHistGB,TX_1__HOBBIES,1596,103,38381.20703125,0.011886547183619364,rmsse,0.9868252492583894
store_cat,3,BottomUpGlobalHistGB,BottomUpGlobalHistGB,TX_1__HOUSEHOLD,1596,104,100307.125,0.031064822249986294,rmsse,0.6475896492965304
store_cat,3,BottomUpGlobalHistGB,BottomUpGlobalHistGB,TX_2__FOODS,1596,105,172290.359375,0.05335781869304533,rmsse,1.0962868593429664
store_cat,3,BottomUpGlobalHistGB,BottomUpGlobalHistGB,TX_2__HOBBIES,1596,106,56974.41796875,0.017644810047099287,rmsse,0.9315193836832909
store_cat,3,BottomUpGlobalHistGB,BottomUpGlobalHistGB,TX_2__HOUSEHOLD,1596,107,102815.34375,0.03184161023621193,rmsse,0.6448315677496261
store_cat,3,BottomUpGlobalHistGB,BottomUpGlobalHistGB,TX_3__FOODS,1596,108,173334.609375,0.05368121985357653,rmsse,1.4639184023083405
store_cat,3,BottomUpGlobalHistGB,BottomUpGlobalHistGB,TX_3__HOBBIES,1596,109,69821.453125,0.02162349913392369,rmsse,1.2010565760347902
store_cat,3,BottomUpGlobalHistGB,BottomUpGlobalHistGB,TX_3__HOUSEHOLD,1596,110,105690.0703125,0.03273190461641051,rmsse,0.7820591105545789
store_cat,3,BottomUpGlobalHistGB,BottomUpGlobalHistGB,WI_1__FOODS,1596,111,172074.03125,0.05329082250757199,rmsse,0.5988800260560181
store_cat,3,BottomUpGlobalHistGB,BottomUpGlobalHistGB,WI_1__HOBBIES,1596,112,42553.390625,0.013178660198862826,rmsse,0.7177225722400716
store_cat,3,BottomUpGlobalHistGB,BottomUpGlobalHistGB,WI_1__HOUSEHOLD,1596,113,77409.6953125,0.023973555470844267,rmsse,0.7161412372227465
store_cat,3,BottomUpGlobalHistGB,BottomUpGlobalHistGB,WI_2__FOODS,1596,114,192405.90625,0.05958754452890338,rmsse,1.1951731172048283
store_cat,3,BottomUpGlobalHistGB,BottomUpGlobalHistGB,WI_2__HOBBIES,1596,115,27172.5703125,0.008415265284824653,rmsse,1.0723027819715465
store_cat,3,BottomUpGlobalHistGB,BottomUpGlobalHistGB,WI_2__HOUSEHOLD,1596,116,88800.015625,0.027501104245452462,rmsse,1.3047689301235206
store_cat,3,BottomUpGlobalHistGB,BottomUpGlobalHistGB,WI_3__FOODS,1596,117,138527.015625,0.04290141021599113,rmsse,0.7790312184228154
store_cat,3,BottomUpGlobalHistGB,BottomUpGlobalHistGB,WI_3__HOBBIES,1596,118,25475.140625,0.007889576291903788,rmsse,1.0331365164185387
store_cat,3,BottomUpGlobalHistGB,BottomUpGlobalHistGB,WI_3__HOUSEHOLD,1596,119,74816.171875,0.023170348873236064,rmsse,0.749010425492456
store_cat,3,BottomUpGlobalHistGB,BottomUpGlobalHistGB,CA_1__FOODS,1512,0,207180.25,0.06491036969535333,mean_spl,0.185470142597959
store_cat,3,BottomUpGlobalHistGB,BottomUpGlobalHistGB,CA_1__HOBBIES,1512,1,62380.88671875,0.019544171893015955,mean_spl,0.18178044925419387
store_cat,3,BottomUpGlobalHistGB,BottomUpGlobalHistGB,CA_1__HOUSEHOLD,1512,2,105939.7890625,0.03319134364156151,mean_spl,0.15539658392439493
store_cat,3,BottomUpGlobalHistGB,BottomUpGlobalHistGB,CA_2__FOODS,1512,3,91005.09375,0.028512246121301568,mean_spl,0.10538060031518871
store_cat,3,BottomUpGlobalHistGB,BottomUpGlobalHistGB,CA_2__HOBBIES,1512,4,33450.58203125,0.010480196090955487,mean_spl,0.17585679250785421
store_cat,3,BottomUpGlobalHistGB,BottomUpGlobalHistGB,CA_2__HOUSEHOLD,1512,5,94968.328125,0.02975394270420743,mean_spl,0.14953983444931876
store_cat,3,BottomUpGlobalHistGB,BottomUpGlobalHistGB,CA_3__FOODS,1512,6,287165.4375,0.08997003677644409,mean_spl,0.13700197571424028
store_cat,3,BottomUpGlobalHistGB,BottomUpGlobalHistGB,CA_3__HOBBIES,1512,7,66716.6796875,0.020902592517202268,mean_spl,0.22854846219482072
store_cat,3,BottomUpGlobalHistGB,BottomUpGlobalHistGB,CA_3__HOUSEHOLD,1512,8,182819.796875,0.05727814597571753,mean_spl,0.18912492209426335
store_cat,3,BottomUpGlobalHistGB,BottomUpGlobalHistGB,CA_4__FOODS,1512,9,116552.8984375,0.03651647165520408,mean_spl,0.17854507824848184
store_cat,3,BottomUpGlobalHistGB,BottomUpGlobalHistGB,CA_4__HOBBIES,1512,10,36935.671875,0.011572088151995735,mean_spl,0.23177636761311401
store_cat,3,BottomUpGlobalHistGB,BottomUpGlobalHistGB,CA_4__HOUSEHOLD,1512,11,55035.6171875,0.017242870679288043,mean_spl,0.2641001943100328
store_cat,3,BottomUpGlobalHistGB,BottomUpGlobalHistGB,TX_1__FOODS,1512,12,146396.890625,0.045866709267504774,mean_spl,0.1516552957477865
store_cat,3,BottomUpGlobalHistGB,BottomUpGlobalHistGB,TX_1__HOBBIES,1512,13,37219.30859375,0.011660952627606897,mean_spl,0.25372101858291995
store_cat,3,BottomUpGlobalHistGB,BottomUpGlobalHistGB,TX_1__HOUSEHOLD,1512,14,98011.2890625,0.030707314077307153,mean_spl,0.14575475008978203
store_cat,3,BottomUpGlobalHistGB,BottomUpGlobalHistGB,TX_2__FOODS,1512,15,176122.65625,0.05517990604275809,mean_spl,0.24449901693501858
store_cat,3,BottomUpGlobalHistGB,BottomUpGlobalHistGB,TX_2__HOBBIES,1512,16,57129.640625,0.017898936281481592,mean_spl,0.25954237020587373
store_cat,3,BottomUpGlobalHistGB,BottomUpGlobalHistGB,TX_2__HOUSEHOLD,1512,17,104925.140625,0.03287345038103626,mean_spl,0.25817322737361253
store_cat,3,BottomUpGlobalHistGB,BottomUpGlobalHistGB,TX_3__FOODS,1512,18,171175.0625,0.05362980587918111,mean_spl,0.1719231679928568
store_cat,3,BottomUpGlobalHistGB,BottomUpGlobalHistGB,TX_3__HOBBIES,1512,19,67877.1015625,0.021266157156731493,mean_spl,0.259160050216399
store_cat,3,BottomUpGlobalHistGB,BottomUpGlobalHistGB,TX_3__HOUSEHOLD,1512,20,106698.2734375,0.03342897971541217,mean_spl,0.19262524753051097
store_cat,3,BottomUpGlobalHistGB,BottomUpGlobalHistGB,WI_1__FOODS,1512,21,173160.421875,0.054251826612380274,mean_spl,0.22875356767130783
store_cat,3,BottomUpGlobalHistGB,BottomUpGlobalHistGB,WI_1__HOBBIES,1512,22,42989.3984375,0.013468743982879497,mean_spl,0.22220819039203643
store_cat,3,BottomUpGlobalHistGB,BottomUpGlobalHistGB,WI_1__HOUSEHOLD,1512,23,80510.828125,0.025224352311925487,mean_spl,0.23080127770603356
store_cat,3,BottomUpGlobalHistGB,BottomUpGlobalHistGB,WI_2__FOODS,1512,24,209484.875,0.06563241757761601,mean_spl,0.26725468446620104
store_cat,3,BottomUpGlobalHistGB,BottomUpGlobalHistGB,WI_2__HOBBIES,1512,25,27927.87890625,0.008749911946779423,mean_spl,0.30503985262272687
store_cat,3,BottomUpGlobalHistGB,BottomUpGlobalHistGB,WI_2__HOUSEHOLD,1512,26,94749.9140625,0.029685512737820482,mean_spl,0.24792634355636312
store_cat,3,BottomUpGlobalHistGB,BottomUpGlobalHistGB,WI_3__FOODS,1512,27,154383.0625,0.04836880765215719,mean_spl,0.18590995149233286
store_cat,3,BottomUpGlobalHistGB,BottomUpGlobalHistGB,WI_3__HOBBIES,1512,28,26006.021484375,0.00814778661989298,mean_spl,0.23323173821881538
store_cat,3,BottomUpGlobalHistGB,BottomUpGlobalHistGB,WI_3__HOUSEHOLD,1512,29,76870.9140625,0.02408395322728209,mean_spl,0.21244022020086184
store_cat,3,BottomUpGlobalHistGB,BottomUpGlobalHistGB,CA_1__FOODS,1540,30,220169.40625,0.06885783512657154,mean_spl,0.1200563247895314
store_cat,3,BottomUpGlobalHistGB,BottomUpGlobalHistGB,CA_1__HOBBIES,1540,31,61755.76953125,0.019314075778852052,mean_spl,0.14902690944779434
store_cat,3,BottomUpGlobalHistGB,BottomUpGlobalHistGB,CA_1__HOUSEHOLD,1540,32,109044.2734375,0.034103523871660345,mean_spl,0.16212188410506964
store_cat,3,BottomUpGlobalHistGB,BottomUpGlobalHistGB,CA_2__FOODS,1540,33,95685.3828125,0.029925539728460827,mean_spl,0.10179291816861889
store_cat,3,BottomUpGlobalHistGB,BottomUpGlobalHistGB,CA_2__HOBBIES,1540,34,34752.09765625,0.010868695389946238,mean_spl,0.17019166438118558
store_cat,3,BottomUpGlobalHistGB,BottomUpGlobalHistGB,CA_2__HOUSEHOLD,1540,35,99130.90625,0.03100312488811156,mean_spl,0.11831478399532082
store_cat,3,BottomUpGlobalHistGB,BottomUpGlobalHistGB,CA_3__FOODS,1540,36,290055.46875,0.09071465461495254,mean_spl,0.15725199766485312
store_cat,3,BottomUpGlobalHistGB,BottomUpGlobalHistGB,CA_3__HOBBIES,1540,37,67942.453125,0.02124895695119342,mean_spl,0.20648841821732938
store_cat,3,BottomUpGlobalHistGB,BottomUpGlobalHistGB,CA_3__HOUSEHOLD,1540,38,194752.859375,0.06090882702406398,mean_spl,0.19480932825366834
store_cat,3,BottomUpGlobalHistGB,BottomUpGlobalHistGB,CA_4__FOODS,1540,39,120052.3671875,0.03754629785831791,mean_spl,0.17456925661533026
store_cat,3,BottomUpGlobalHistGB,BottomUpGlobalHistGB,CA_4__HOBBIES,1540,40,37685.67578125,0.011786169994173486,mean_spl,0.2649320543185996
store_cat,3,BottomUpGlobalHistGB,BottomUpGlobalHistGB,CA_4__HOUSEHOLD,1540,41,57081.52734375,0.017852209648718267,mean_spl,0.27758944656753715
store_cat,3,BottomUpGlobalHistGB,BottomUpGlobalHistGB,TX_1__FOODS,1540,42,147996.359375,0.046285762798511335,mean_spl,0.0912926967097961
store_cat,3,BottomUpGlobalHistGB,BottomUpGlobalHistGB,TX_1__HOBBIES,1540,43,35824.16015625,0.011203982222607078,mean_spl,0.23307900460506087
store_cat,3,BottomUpGlobalHistGB,BottomUpGlobalHistGB,TX_1__HOUSEHOLD,1540,44,96537.8984375,0.030192163422228798,mean_spl,0.13988231306170368
store_cat,3,BottomUpGlobalHistGB,BottomUpGlobalHistGB,TX_2__FOODS,1540,45,179433.03125,0.05611756098412723,mean_spl,0.0632035136915438
store_cat,3,BottomUpGlobalHistGB,BottomUpGlobalHistGB,TX_2__HOBBIES,1540,46,54520.3046875,0.017051188969277244,mean_spl,0.19887562679029702
store_cat,3,BottomUpGlobalHistGB,BottomUpGlobalHistGB,TX_2__HOUSEHOLD,1540,47,103090.46875,0.032241475422103406,mean_spl,0.1460937111306856
store_cat,3,BottomUpGlobalHistGB,BottomUpGlobalHistGB,TX_3__FOODS,1540,48,173693.546875,0.05432254106952325,mean_spl,0.17516565829398034
store_cat,3,BottomUpGlobalHistGB,BottomUpGlobalHistGB,TX_3__HOBBIES,1540,49,69905.3671875,0.02186285701653573,mean_spl,0.2347640487984776
store_cat,3,BottomUpGlobalHistGB,BottomUpGlobalHistGB,TX_3__HOUSEHOLD,1540,50,104416.875,0.032656308093131484,mean_spl,0.18487401609916543
store_cat,3,BottomUpGlobalHistGB,BottomUpGlobalHistGB,WI_1__FOODS,1540,51,162298.171875,0.05075864512993716,mean_spl,0.1702535178891377
store_cat,3,BottomUpGlobalHistGB,BottomUpGlobalHistGB,WI_1__HOBBIES,1540,52,41865.28125,0.013093338820048013,mean_spl,0.1661827373139412
store_cat,3,BottomUpGlobalHistGB,BottomUpGlobalHistGB,WI_1__HOUSEHOLD,1540,53,77330.671875,0.024185116110770965,mean_spl,0.18755296857552156
store_cat,3,BottomUpGlobalHistGB,BottomUpGlobalHistGB,WI_2__FOODS,1540,54,202491.703125,0.06332914525121458,mean_spl,0.26148373898478094
store_cat,3,BottomUpGlobalHistGB,BottomUpGlobalHistGB,WI_2__HOBBIES,1540,55,26394.369140625,0.008254821364650992,mean_spl,0.2704051967650554
store_cat,3,BottomUpGlobalHistGB,BottomUpGlobalHistGB,WI_2__HOUSEHOLD,1540,56,86329.9609375,0.026999637769690065,mean_spl,0.2428095842389647
store_cat,3,BottomUpGlobalHistGB,BottomUpGlobalHistGB,WI_3__FOODS,1540,57,150028.796875,0.04692140627261487,mean_spl,0.14506205044225984
store_cat,3,BottomUpGlobalHistGB,BottomUpGlobalHistGB,WI_3__HOBBIES,1540,58,24321.859375,0.007606645316169617,mean_spl,0.21647795815566248
store_cat,3,BottomUpGlobalHistGB,BottomUpGlobalHistGB,WI_3__HOUSEHOLD,1540,59,72861.84375,0.022787493091836034,mean_spl,0.16863972541529015
store_cat,3,BottomUpGlobalHistGB,BottomUpGlobalHistGB,CA_1__FOODS,1568,60,227606.21875,0.07077608229256054,mean_spl,0.09537784132369481
store_cat,3,BottomUpGlobalHistGB,BottomUpGlobalHistGB,CA_1__HOBBIES,1568,61,61449.91015625,0.019108370245657893,mean_spl,0.16502260193582266
store_cat,3,BottomUpGlobalHistGB,BottomUpGlobalHistGB,CA_1__HOUSEHOLD,1568,62,110681.0859375,0.03441722150459681,mean_spl,0.16360780632746877
store_cat,3,BottomUpGlobalHistGB,BottomUpGlobalHistGB,CA_2__FOODS,1568,63,94507.7265625,0.029387978365465067,mean_spl,0.30601385843807044
store_cat,3,BottomUpGlobalHistGB,BottomUpGlobalHistGB,CA_2__HOBBIES,1568,64,32681.55078125,0.010162605135507732,mean_spl,0.17081500683875267
store_cat,3,BottomUpGlobalHistGB,BottomUpGlobalHistGB,CA_2__HOUSEHOLD,1568,65,97190.0234375,0.03022206130661088,mean_spl,0.16594974652944694
store_cat,3,BottomUpGlobalHistGB,BottomUpGlobalHistGB,CA_3__FOODS,1568,66,286386.625,0.08905434767910389,mean_spl,0.276560438046465
store_cat,3,BottomUpGlobalHistGB,BottomUpGlobalHistGB,CA_3__HOBBIES,1568,67,66306.0390625,0.020618424676418178,mean_spl,0.2135069405581995
store_cat,3,BottomUpGlobalHistGB,BottomUpGlobalHistGB,CA_3__HOUSEHOLD,1568,68,190131.015625,0.059122850342783584,mean_spl,0.23865294888796149
store_cat,3,BottomUpGlobalHistGB,BottomUpGlobalHistGB,CA_4__FOODS,1568,69,122596.9609375,0.038122563802445886,mean_spl,0.20206519258066138
store_cat,3,BottomUpGlobalHistGB,BottomUpGlobalHistGB,CA_4__HOBBIES,1568,70,38498.52734375,0.011971443286514517,mean_spl,0.28292916896407083
store_cat,3,BottomUpGlobalHistGB,BottomUpGlobalHistGB,CA_4__HOUSEHOLD,1568,71,57504.91796875,0.017881641497913568,mean_spl,0.3003910157445055
store_cat,3,BottomUpGlobalHistGB,BottomUpGlobalHistGB,TX_1__FOODS,1568,72,143759.71875,0.04470330266231075,mean_spl,0.13189134175999462
store_cat,3,BottomUpGlobalHistGB,BottomUpGlobalHistGB,TX_1__HOBBIES,1568,73,36857.09765625,0.011461026816885643,mean_spl,0.26438372770677826
store_cat,3,BottomUpGlobalHistGB,BottomUpGlobalHistGB,TX_1__HOUSEHOLD,1568,74,94760.015625,0.029466429787166445,mean_spl,0.17747755094657994
store_cat,3,BottomUpGlobalHistGB,BottomUpGlobalHistGB,TX_2__FOODS,1568,75,175913.21875,0.05470170593306429,mean_spl,0.09537653151492241
store_cat,3,BottomUpGlobalHistGB,BottomUpGlobalHistGB,TX_2__HOBBIES,1568,76,55974.640625,0.01740578879139919,mean_spl,0.19150043970213998
store_cat,3,BottomUpGlobalHistGB,BottomUpGlobalHistGB,TX_2__HOUSEHOLD,1568,77,102344.765625,0.031824972067411146,mean_spl,0.11066798773617365
store_cat,3,BottomUpGlobalHistGB,BottomUpGlobalHistGB,TX_3__FOODS,1568,78,185515.796875,0.05768770896640953,mean_spl,0.18016427287426862
store_cat,3,BottomUpGlobalHistGB,BottomUpGlobalHistGB,TX_3__HOBBIES,1568,79,71178.390625,0.02213352367959858,mean_spl,0.24235791084788716
store_cat,3,BottomUpGlobalHistGB,BottomUpGlobalHistGB,TX_3__HOUSEHOLD,1568,80,104345.796875,0.03244720968990574,mean_spl,0.195673627194603
store_cat,3,BottomUpGlobalHistGB,BottomUpGlobalHistGB,WI_1__FOODS,1568,81,171597.125,0.05335958001001147,mean_spl,0.1519844520484204
store_cat,3,BottomUpGlobalHistGB,BottomUpGlobalHistGB,WI_1__HOBBIES,1568,82,42377.875,0.013177759311041865,mean_spl,0.14476408311359634
store_cat,3,BottomUpGlobalHistGB,BottomUpGlobalHistGB,WI_1__HOUSEHOLD,1568,83,74826.484375,0.02326792934249735,mean_spl,0.13549363931693598
store_cat,3,BottomUpGlobalHistGB,BottomUpGlobalHistGB,WI_2__FOODS,1568,84,210272.09375,0.06538588924683765,mean_spl,0.3865976672981057
store_cat,3,BottomUpGlobalHistGB,BottomUpGlobalHistGB,WI_2__HOBBIES,1568,85,24916.8984375,0.007748120697110228,mean_spl,0.27169595269434166
store_cat,3,BottomUpGlobalHistGB,BottomUpGlobalHistGB,WI_2__HOUSEHOLD,1568,86,85993.5546875,0.02674042447793314,mean_spl,0.2557546168036733
store_cat,3,BottomUpGlobalHistGB,BottomUpGlobalHistGB,WI_3__FOODS,1568,87,152977.359375,0.04756960611834604,mean_spl,0.17804569400960255
store_cat,3,BottomUpGlobalHistGB,BottomUpGlobalHistGB,WI_3__HOBBIES,1568,88,25281.419921875,0.007861471741370881,mean_spl,0.2243316981187825
store_cat,3,BottomUpGlobalHistGB,BottomUpGlobalHistGB,WI_3__HOUSEHOLD,1568,89,71430.6328125,0.022211960525121525,mean_spl,0.16654744680397293
store_cat,3,BottomUpGlobalHistGB,BottomUpGlobalHistGB,CA_1__FOODS,1596,90,218156.640625,0.06756247139642138,mean_spl,0.11872315316623491
store_cat,3,BottomUpGlobalHistGB,BottomUpGlobalHistGB,CA_1__HOBBIES,1596,91,62647.34375,0.019401698513715152,mean_spl,0.18751735675929126
store_cat,3,BottomUpGlobalHistGB,BottomUpGlobalHistGB,CA_1__HOUSEHOLD,1596,92,111508.96875,0.03453400038629386,mean_spl,0.16816522646471677
store_cat,3,BottomUpGlobalHistGB,BottomUpGlobalHistGB,CA_2__FOODS,1596,93,124184.8984375,0.03845969861157458,mean_spl,0.42959453000671133
store_cat,3,BottomUpGlobalHistGB,BottomUpGlobalHistGB,CA_2__HOBBIES,1596,94,35712.88671875,0.01106017621332348,mean_spl,0.19935205441512638
store_cat,3,BottomUpGlobalHistGB,BottomUpGlobalHistGB,CA_2__HOUSEHOLD,1596,95,107060.6328125,0.03315636380059106,mean_spl,0.16149795984091575
store_cat,3,BottomUpGlobalHistGB,BottomUpGlobalHistGB,CA_3__FOODS,1596,96,285717.21875,0.08848578417763645,mean_spl,0.23570677114378716
store_cat,3,BottomUpGlobalHistGB,BottomUpGlobalHistGB,CA_3__HOBBIES,1596,97,68288.1953125,0.021148653688909533,mean_spl,0.253173362452589
store_cat,3,BottomUpGlobalHistGB,BottomUpGlobalHistGB,CA_3__HOUSEHOLD,1596,98,198473.0625,0.06146652501477757,mean_spl,0.15847653739205192
store_cat,3,BottomUpGlobalHistGB,BottomUpGlobalHistGB,CA_4__FOODS,1596,99,116616.671875,0.036115841054978406,mean_spl,0.16945001749736294
store_cat,3,BottomUpGlobalHistGB,BottomUpGlobalHistGB,CA_4__HOBBIES,1596,100,39243.08203125,0.012153467341850466,mean_spl,0.2641036293718501
store_cat,3,BottomUpGlobalHistGB,BottomUpGlobalHistGB,CA_4__HOUSEHOLD,1596,101,58249.5703125,0.018039720985881025,mean_spl,0.337090263757333
store_cat,3,BottomUpGlobalHistGB,BottomUpGlobalHistGB,TX_1__FOODS,1596,102,144254.125,0.04467507918258353,mean_spl,0.25612183854425413
store_cat,3,BottomUpGlobalHistGB,BottomUpGlobalHistGB,TX_1__HOBBIES,1596,103,38381.20703125,0.011886547183619364,mean_spl,0.2705776525451764
store_cat,3,BottomUpGlobalHistGB,BottomUpGlobalHistGB,TX_1__HOUSEHOLD,1596,104,100307.125,0.031064822249986294,mean_spl,0.17085634033409716
store_cat,3,BottomUpGlobalHistGB,BottomUpGlobalHistGB,TX_2__FOODS,1596,105,172290.359375,0.05335781869304533,mean_spl,0.2775279192353813
store_cat,3,BottomUpGlobalHistGB,BottomUpGlobalHistGB,TX_2__HOBBIES,1596,106,56974.41796875,0.017644810047099287,mean_spl,0.25116436590753827
store_cat,3,BottomUpGlobalHistGB,BottomUpGlobalHistGB,TX_2__HOUSEHOLD,1596,107,102815.34375,0.03184161023621193,mean_spl,0.17077540800389068
store_cat,3,BottomUpGlobalHistGB,BottomUpGlobalHistGB,TX_3__FOODS,1596,108,173334.609375,0.05368121985357653,mean_spl,0.3600468647142415
store_cat,3,BottomUpGlobalHistGB,BottomUpGlobalHistGB,TX_3__HOBBIES,1596,109,69821.453125,0.02162349913392369,mean_spl,0.2954731911827213
store_cat,3,BottomUpGlobalHistGB,BottomUpGlobalHistGB,TX_3__HOUSEHOLD,1596,110,105690.0703125,0.03273190461641051,mean_spl,0.20492767577266455
store_cat,3,BottomUpGlobalHistGB,BottomUpGlobalHistGB,WI_1__FOODS,1596,111,172074.03125,0.05329082250757199,mean_spl,0.15719352798486821
store_cat,3,BottomUpGlobalHistGB,BottomUpGlobalHistGB,WI_1__HOBBIES,1596,112,42553.390625,0.013178660198862826,mean_spl,0.19086926572561894
store_cat,3,BottomUpGlobalHistGB,BottomUpGlobalHistGB,WI_1__HOUSEHOLD,1596,113,77409.6953125,0.023973555470844267,mean_spl,0.17786068864104745
store_cat,3,BottomUpGlobalHistGB,BottomUpGlobalHistGB,WI_2__FOODS,1596,114,192405.90625,0.05958754452890338,mean_spl,0.47768501836622196
store_cat,3,BottomUpGlobalHistGB,BottomUpGlobalHistGB,WI_2__HOBBIES,1596,115,27172.5703125,0.008415265284824653,mean_spl,0.3014801381945442
store_cat,3,BottomUpGlobalHistGB,BottomUpGlobalHistGB,WI_2__HOUSEHOLD,1596,116,88800.015625,0.027501104245452462,mean_spl,0.32702776478926965
store_cat,3,BottomUpGlobalHistGB,BottomUpGlobalHistGB,WI_3__FOODS,1596,117,138527.015625,0.04290141021599113,mean_spl,0.21250539297703358
store_cat,3,BottomUpGlobalHistGB,BottomUpGlobalHistGB,WI_3__HOBBIES,1596,118,25475.140625,0.007889576291903788,mean_spl,0.2659507157523745
store_cat,3,BottomUpGlobalHistGB,BottomUpGlobalHistGB,WI_3__HOUSEHOLD,1596,119,74816.171875,0.023170348873236064,mean_spl,0.18462877187030222
store_cat,4,AggregateHistGB,AggregateHistGB,CA_1__FOODS,1568,0,227606.21875,0.07077608229256054,rmsse,0.44880806587128347
store_cat,4,AggregateHistGB,AggregateHistGB,CA_1__HOBBIES,1568,1,61449.91015625,0.019108370245657893,rmsse,0.5162975134097152
store_cat,4,AggregateHistGB,AggregateHistGB,CA_1__HOUSEHOLD,1568,2,110681.0859375,0.03441722150459681,rmsse,0.5703781362514112
store_cat,4,AggregateHistGB,AggregateHistGB,CA_2__FOODS,1568,3,94507.7265625,0.029387978365465067,rmsse,1.3211015029233864
store_cat,4,AggregateHistGB,AggregateHistGB,CA_2__HOBBIES,1568,4,32681.55078125,0.010162605135507732,rmsse,0.5661626504072718
store_cat,4,AggregateHistGB,AggregateHistGB,CA_2__HOUSEHOLD,1568,5,97190.0234375,0.03022206130661088,rmsse,0.5190771560357313
store_cat,4,AggregateHistGB,AggregateHistGB,CA_3__FOODS,1568,6,286386.625,0.08905434767910389,rmsse,0.8775007190944
store_cat,4,AggregateHistGB,AggregateHistGB,CA_3__HOBBIES,1568,7,66306.0390625,0.020618424676418178,rmsse,0.7676236301957595
store_cat,4,AggregateHistGB,AggregateHistGB,CA_3__HOUSEHOLD,1568,8,190131.015625,0.059122850342783584,rmsse,0.67547020646862
store_cat,4,AggregateHistGB,AggregateHistGB,CA_4__FOODS,1568,9,122596.9609375,0.038122563802445886,rmsse,0.6369995147297202
store_cat,4,AggregateHistGB,AggregateHistGB,CA_4__HOBBIES,1568,10,38498.52734375,0.011971443286514517,rmsse,1.0082557418421196
store_cat,4,AggregateHistGB,AggregateHistGB,CA_4__HOUSEHOLD,1568,11,57504.91796875,0.017881641497913568,rmsse,0.8046468694648437
store_cat,4,AggregateHistGB,AggregateHistGB,TX_1__FOODS,1568,12,143759.71875,0.04470330266231075,rmsse,0.49111415838222783
store_cat,4,AggregateHistGB,AggregateHistGB,TX_1__HOBBIES,1568,13,36857.09765625,0.011461026816885643,rmsse,0.7809351717535883
store_cat,4,AggregateHistGB,AggregateHistGB,TX_1__HOUSEHOLD,1568,14,94760.015625,0.029466429787166445,rmsse,0.6908080291863117
store_cat,4,AggregateHistGB,AggregateHistGB,TX_2__FOODS,1568,15,175913.21875,0.05470170593306429,rmsse,0.4397307186516809
store_cat,4,AggregateHistGB,AggregateHistGB,TX_2__HOBBIES,1568,16,55974.640625,0.01740578879139919,rmsse,0.6022341781651599
store_cat,4,AggregateHistGB,AggregateHistGB,TX_2__HOUSEHOLD,1568,17,102344.765625,0.031824972067411146,rmsse,0.40122535672869836
store_cat,4,AggregateHistGB,AggregateHistGB,TX_3__FOODS,1568,18,185515.796875,0.05768770896640953,rmsse,0.6265061271592317
store_cat,4,AggregateHistGB,AggregateHistGB,TX_3__HOBBIES,1568,19,71178.390625,0.02213352367959858,rmsse,0.7331292986082609
store_cat,4,AggregateHistGB,AggregateHistGB,TX_3__HOUSEHOLD,1568,20,104345.796875,0.03244720968990574,rmsse,0.7113346813414372
store_cat,4,AggregateHistGB,AggregateHistGB,WI_1__FOODS,1568,21,171597.125,0.05335958001001147,rmsse,0.47751364658126055
store_cat,4,AggregateHistGB,AggregateHistGB,WI_1__HOBBIES,1568,22,42377.875,0.013177759311041865,rmsse,0.4410488191437871
store_cat,4,AggregateHistGB,AggregateHistGB,WI_1__HOUSEHOLD,1568,23,74826.484375,0.02326792934249735,rmsse,0.587939749199046
store_cat,4,AggregateHistGB,AggregateHistGB,WI_2__FOODS,1568,24,210272.09375,0.06538588924683765,rmsse,1.0111835331494579
store_cat,4,AggregateHistGB,AggregateHistGB,WI_2__HOBBIES,1568,25,24916.8984375,0.007748120697110228,rmsse,0.7253102443174828
store_cat,4,AggregateHistGB,AggregateHistGB,WI_2__HOUSEHOLD,1568,26,85993.5546875,0.02674042447793314,rmsse,1.0340415789001767
store_cat,4,AggregateHistGB,AggregateHistGB,WI_3__FOODS,1568,27,152977.359375,0.04756960611834604,rmsse,0.5879606552864977
store_cat,4,AggregateHistGB,AggregateHistGB,WI_3__HOBBIES,1568,28,25281.419921875,0.007861471741370881,rmsse,0.614187253703225
store_cat,4,AggregateHistGB,AggregateHistGB,WI_3__HOUSEHOLD,1568,29,71430.6328125,0.022211960525121525,rmsse,0.610483121224878
store_cat,4,AggregateHistGB,AggregateHistGB,CA_1__FOODS,1596,30,218156.640625,0.06756247139642138,rmsse,0.6133814735030334
store_cat,4,AggregateHistGB,AggregateHistGB,CA_1__HOBBIES,1596,31,62647.34375,0.019401698513715152,rmsse,0.7502418609447212
store_cat,4,AggregateHistGB,AggregateHistGB,CA_1__HOUSEHOLD,1596,32,111508.96875,0.03453400038629386,rmsse,0.8052727407545547
store_cat,4,AggregateHistGB,AggregateHistGB,CA_2__FOODS,1596,33,124184.8984375,0.03845969861157458,rmsse,1.2300647845530335
store_cat,4,AggregateHistGB,AggregateHistGB,CA_2__HOBBIES,1596,34,35712.88671875,0.01106017621332348,rmsse,0.7708178903690394
store_cat,4,AggregateHistGB,AggregateHistGB,CA_2__HOUSEHOLD,1596,35,107060.6328125,0.03315636380059106,rmsse,0.5379854277536984
store_cat,4,AggregateHistGB,AggregateHistGB,CA_3__FOODS,1596,36,285717.21875,0.08848578417763645,rmsse,0.8973963813586553
store_cat,4,AggregateHistGB,AggregateHistGB,CA_3__HOBBIES,1596,37,68288.1953125,0.021148653688909533,rmsse,1.2429593466846733
store_cat,4,AggregateHistGB,AggregateHistGB,CA_3__HOUSEHOLD,1596,38,198473.0625,0.06146652501477757,rmsse,0.8691904735829579
store_cat,4,AggregateHistGB,AggregateHistGB,CA_4__FOODS,1596,39,116616.671875,0.036115841054978406,rmsse,0.6231291771678996
store_cat,4,AggregateHistGB,AggregateHistGB,CA_4__HOBBIES,1596,40,39243.08203125,0.012153467341850466,rmsse,1.0554930349603424
store_cat,4,AggregateHistGB,AggregateHistGB,CA_4__HOUSEHOLD,1596,41,58249.5703125,0.018039720985881025,rmsse,1.031748034183967
store_cat,4,AggregateHistGB,AggregateHistGB,TX_1__FOODS,1596,42,144254.125,0.04467507918258353,rmsse,1.0561584591148294
store_cat,4,AggregateHistGB,AggregateHistGB,TX_1__HOBBIES,1596,43,38381.20703125,0.011886547183619364,rmsse,0.7570550770584865
store_cat,4,AggregateHistGB,AggregateHistGB,TX_1__HOUSEHOLD,1596,44,100307.125,0.031064822249986294,rmsse,0.8272621563973273
store_cat,4,AggregateHistGB,AggregateHistGB,TX_2__FOODS,1596,45,172290.359375,0.05335781869304533,rmsse,0.99891144759415
store_cat,4,AggregateHistGB,AggregateHistGB,TX_2__HOBBIES,1596,46,56974.41796875,0.017644810047099287,rmsse,0.9209304222660859
store_cat,4,AggregateHistGB,AggregateHistGB,TX_2__HOUSEHOLD,1596,47,102815.34375,0.03184161023621193,rmsse,0.7156666712711859
store_cat,4,AggregateHistGB,AggregateHistGB,TX_3__FOODS,1596,48,173334.609375,0.05368121985357653,rmsse,1.435162049602847
store_cat,4,AggregateHistGB,AggregateHistGB,TX_3__HOBBIES,1596,49,69821.453125,0.02162349913392369,rmsse,1.0469072653344915
store_cat,4,AggregateHistGB,AggregateHistGB,TX_3__HOUSEHOLD,1596,50,105690.0703125,0.03273190461641051,rmsse,0.9492076437477984
store_cat,4,AggregateHistGB,AggregateHistGB,WI_1__FOODS,1596,51,172074.03125,0.05329082250757199,rmsse,0.6050063240001763
store_cat,4,AggregateHistGB,AggregateHistGB,WI_1__HOBBIES,1596,52,42553.390625,0.013178660198862826,rmsse,0.6886274757721897
store_cat,4,AggregateHistGB,AggregateHistGB,WI_1__HOUSEHOLD,1596,53,77409.6953125,0.023973555470844267,rmsse,0.8823061093166813
store_cat,4,AggregateHistGB,AggregateHistGB,WI_2__FOODS,1596,54,192405.90625,0.05958754452890338,rmsse,0.8737538455108482
store_cat,4,AggregateHistGB,AggregateHistGB,WI_2__HOBBIES,1596,55,27172.5703125,0.008415265284824653,rmsse,0.8295210537830421
store_cat,4,AggregateHistGB,AggregateHistGB,WI_2__HOUSEHOLD,1596,56,88800.015625,0.027501104245452462,rmsse,1.3878291356629529
store_cat,4,AggregateHistGB,AggregateHistGB,WI_3__FOODS,1596,57,138527.015625,0.04290141021599113,rmsse,0.7168294648026562
store_cat,4,AggregateHistGB,AggregateHistGB,WI_3__HOBBIES,1596,58,25475.140625,0.007889576291903788,rmsse,0.8466724650243338
store_cat,4,AggregateHistGB,AggregateHistGB,WI_3__HOUSEHOLD,1596,59,74816.171875,0.023170348873236064,rmsse,0.8323568570079761
store_cat,4,AggregateHistGB,AggregateHistGB,CA_1__FOODS,1624,60,220013.046875,0.06784256696116275,rmsse,0.43960894470320006
store_cat,4,AggregateHistGB,AggregateHistGB,CA_1__HOBBIES,1624,61,62929.06640625,0.019404619235581292,rmsse,0.6608504531665919
store_cat,4,AggregateHistGB,AggregateHistGB,CA_1__HOUSEHOLD,1624,62,115288.7890625,0.03555010715472609,rmsse,0.8935190648861453
store_cat,4,AggregateHistGB,AggregateHistGB,CA_2__FOODS,1624,63,159095.96875,0.04905835843137624,rmsse,0.9174832328682401
store_cat,4,AggregateHistGB,AggregateHistGB,CA_2__HOBBIES,1624,64,40058.953125,0.012352459312655899,rmsse,0.6539260898108098
store_cat,4,AggregateHistGB,AggregateHistGB,CA_2__HOUSEHOLD,1624,65,114994.9296875,0.03545949355426571,rmsse,0.6591366273146785
store_cat,4,AggregateHistGB,AggregateHistGB,CA_3__FOODS,1624,66,289613.4375,0.08930433583608938,rmsse,0.5710574281556866
store_cat,4,AggregateHistGB,AggregateHistGB,CA_3__HOBBIES,1624,67,66763.3359375,0.020586943152802278,rmsse,0.7358931091179586
store_cat,4,AggregateHistGB,AggregateHistGB,CA_3__HOUSEHOLD,1624,68,197297.125,0.06083795304040375,rmsse,0.7758629959349932
store_cat,4,AggregateHistGB,AggregateHistGB,CA_4__FOODS,1624,69,115117.984375,0.03549743833070138,rmsse,0.46155997369890417
store_cat,4,AggregateHistGB,AggregateHistGB,CA_4__HOBBIES,1624,70,38451.5390625,0.011856801906341136,rmsse,1.001984893041524
store_cat,4,AggregateHistGB,AggregateHistGB,CA_4__HOUSEHOLD,1624,71,58972.1171875,0.01818446617580622,rmsse,0.901448049492289
store_cat,4,AggregateHistGB,AggregateHistGB,TX_1__FOODS,1624,72,142577.84375,0.043964878670505324,rmsse,0.7638735689061237
store_cat,4,AggregateHistGB,AggregateHistGB,TX_1__HOBBIES,1624,73,35482.73828125,0.010941351351671362,rmsse,0.7534071624377324
store_cat,4,AggregateHistGB,AggregateHistGB,TX_1__HOUSEHOLD,1624,74,96711.265625,0.029821597433676558,rmsse,0.5424116284707514
store_cat,4,AggregateHistGB,AggregateHistGB,TX_2__FOODS,1624,75,170484.6875,0.052570149779085265,rmsse,0.45615117358619
store_cat,4,AggregateHistGB,AggregateHistGB,TX_2__HOBBIES,1624,76,53368.81640625,0.0164566490583447,rmsse,0.5371469405463757
store_cat,4,AggregateHistGB,AggregateHistGB,TX_2__HOUSEHOLD,1624,77,100137.1875,0.03087800448548404,rmsse,0.550488767923556
store_cat,4,AggregateHistGB,AggregateHistGB,TX_3__FOODS,1624,78,168899.796875,0.05208143763278345,rmsse,0.7238577442338899
store_cat,4,AggregateHistGB,AggregateHistGB,TX_3__HOBBIES,1624,79,61914.1875,0.01909167420285396,rmsse,0.623478469670428
store_cat,4,AggregateHistGB,AggregateHistGB,TX_3__HOUSEHOLD,1624,80,101344.3671875,0.031250246813594264,rmsse,0.6926146147264082
store_cat,4,AggregateHistGB,AggregateHistGB,WI_1__FOODS,1624,81,164837.171875,0.05082869870427261,rmsse,0.5807264814628412
store_cat,4,AggregateHistGB,AggregateHistGB,WI_1__HOBBIES,1624,82,42539.6328125,0.013117394302643252,rmsse,0.5302075956925234
store_cat,4,AggregateHistGB,AggregateHistGB,WI_1__HOUSEHOLD,1624,83,77645.03125,0.02394239026548502,rmsse,0.6403084929681858
store_cat,4,AggregateHistGB,AggregateHistGB,WI_2__FOODS,1624,84,189465.140625,0.05842290569686326,rmsse,0.6120629863095401
store_cat,4,AggregateHistGB,AggregateHistGB,WI_2__HOBBIES,1624,85,27261.52734375,0.008406283266158821,rmsse,0.6854069106031534
store_cat,4,AggregateHistGB,AggregateHistGB,WI_2__HOUSEHOLD,1624,86,87001.796875,0.026827614607724242,rmsse,1.2915619946368824
store_cat,4,AggregateHistGB,AggregateHistGB,WI_3__FOODS,1624,87,145719.78125,0.04493371714740094,rmsse,0.5276136820584844
store_cat,4,AggregateHistGB,AggregateHistGB,WI_3__HOBBIES,1624,88,25590.76953125,0.007891093370012273,rmsse,0.6802190608699429
store_cat,4,AggregateHistGB,AggregateHistGB,WI_3__HOUSEHOLD,1624,89,73416.1015625,0.022638370119528538,rmsse,0.6947144927251812
store_cat,4,AggregateHistGB,AggregateHistGB,CA_1__FOODS,1652,90,216018.53125,0.06442420129688553,rmsse,0.47349231643353573
store_cat,4,AggregateHistGB,AggregateHistGB,CA_1__HOBBIES,1652,91,65447.4609375,0.019518697647878544,rmsse,0.6629819883601449
store_cat,4,AggregateHistGB,AggregateHistGB,CA_1__HOUSEHOLD,1652,92,119797.71875,0.035727825307384026,rmsse,0.9297836275863154
store_cat,4,AggregateHistGB,AggregateHistGB,CA_2__FOODS,1652,93,174231.328125,0.05196181128719119,rmsse,0.9039535015593675
store_cat,4,AggregateHistGB,AggregateHistGB,CA_2__HOBBIES,1652,94,41661.87109375,0.012425011660885674,rmsse,0.6595108318677944
store_cat,4,AggregateHistGB,AggregateHistGB,CA_2__HOUSEHOLD,1652,95,125333.90625,0.0373789079985469,rmsse,0.5124178499405794
store_cat,4,AggregateHistGB,AggregateHistGB,CA_3__FOODS,1652,96,290598.75,0.08666660336171188,rmsse,0.5402785311733613
store_cat,4,AggregateHistGB,AggregateHistGB,CA_3__HOBBIES,1652,97,67250.15625,0.020056323771977337,rmsse,0.7515071263357941
store_cat,4,AggregateHistGB,AggregateHistGB,CA_3__HOUSEHOLD,1652,98,209033.9375,0.062341153740163614,rmsse,0.9312149372563399
store_cat,4,AggregateHistGB,AggregateHistGB,CA_4__FOODS,1652,99,117701.203125,0.0351025717985045,rmsse,0.42481822409208153
store_cat,4,AggregateHistGB,AggregateHistGB,CA_4__HOBBIES,1652,100,38269.8515625,0.011413394056508423,rmsse,0.8792855947752557
store_cat,4,AggregateHistGB,AggregateHistGB,CA_4__HOUSEHOLD,1652,101,59733.83984375,0.01781469811900534,rmsse,0.720170770260289
store_cat,4,AggregateHistGB,AggregateHistGB,TX_1__FOODS,1652,102,151482.15625,0.04517722100351641,rmsse,0.7597816137269221
store_cat,4,AggregateHistGB,AggregateHistGB,TX_1__HOBBIES,1652,103,34373.328125,0.010251315929030495,rmsse,0.7632926730079953
store_cat,4,AggregateHistGB,AggregateHistGB,TX_1__HOUSEHOLD,1652,104,99281.828125,0.029609276774710924,rmsse,0.5172933204877953
store_cat,4,AggregateHistGB,AggregateHistGB,TX_2__FOODS,1652,105,180129.203125,0.053720761706977774,rmsse,0.6001025157152472
store_cat,4,AggregateHistGB,AggregateHistGB,TX_2__HOBBIES,1652,106,53874.60546875,0.016067271670744867,rmsse,0.5346375691848918
store_cat,4,AggregateHistGB,AggregateHistGB,TX_2__HOUSEHOLD,1652,107,108551.953125,0.03237394884053533,rmsse,0.4775293346987656
store_cat,4,AggregateHistGB,AggregateHistGB,TX_3__FOODS,1652,108,179456.3125,0.05352008243735707,rmsse,0.6074955309410893
store_cat,4,AggregateHistGB,AggregateHistGB,TX_3__HOBBIES,1652,109,59746.28125,0.017818408576881467,rmsse,0.6631682117173796
store_cat,4,AggregateHistGB,AggregateHistGB,TX_3__HOUSEHOLD,1652,110,104524.96875,0.03117296274692021,rmsse,0.8069804703619116
store_cat,4,AggregateHistGB,AggregateHistGB,WI_1__FOODS,1652,111,168893.375,0.05036984894651428,rmsse,0.4337496372123935
store_cat,4,AggregateHistGB,AggregateHistGB,WI_1__HOBBIES,1652,112,42655.81640625,0.012721440548352225,rmsse,0.459108040731584
store_cat,4,AggregateHistGB,AggregateHistGB,WI_1__HOUSEHOLD,1652,113,79013.1484375,0.023564455098285444,rmsse,0.46505492770446905
store_cat,4,AggregateHistGB,AggregateHistGB,WI_2__FOODS,1652,114,197144.109375,0.05879519554816072,rmsse,0.6004376004302808
store_cat,4,AggregateHistGB,AggregateHistGB,WI_2__HOBBIES,1652,115,26210.8203125,0.007816973637390177,rmsse,0.6475064346218244
store_cat,4,AggregateHistGB,AggregateHistGB,WI_2__HOUSEHOLD,1652,116,94435.328125,0.02816388276254626,rmsse,1.3485836212196594
store_cat,4,AggregateHistGB,AggregateHistGB,WI_3__FOODS,1652,117,149557.390625,0.04460318928801133,rmsse,0.40330893781342386
store_cat,4,AggregateHistGB,AggregateHistGB,WI_3__HOBBIES,1652,118,23851.12890625,0.007113232003396538,rmsse,0.7204053205529074
store_cat,4,AggregateHistGB,AggregateHistGB,WI_3__HOUSEHOLD,1652,119,74804.640625,0.02230933243402552,rmsse,0.7438174151373353
store_cat,4,AggregateHistGB,AggregateHistGB,CA_1__FOODS,1568,0,227606.21875,0.07077608229256054,mean_spl,0.1722962253864867
store_cat,4,AggregateHistGB,AggregateHistGB,CA_1__HOBBIES,1568,1,61449.91015625,0.019108370245657893,mean_spl,0.12894125728666322
store_cat,4,AggregateHistGB,AggregateHistGB,CA_1__HOUSEHOLD,1568,2,110681.0859375,0.03441722150459681,mean_spl,0.1526215476582311
store_cat,4,AggregateHistGB,AggregateHistGB,CA_2__FOODS,1568,3,94507.7265625,0.029387978365465067,mean_spl,0.5291383402423505
store_cat,4,AggregateHistGB,AggregateHistGB,CA_2__HOBBIES,1568,4,32681.55078125,0.010162605135507732,mean_spl,0.14039438345369457
store_cat,4,AggregateHistGB,AggregateHistGB,CA_2__HOUSEHOLD,1568,5,97190.0234375,0.03022206130661088,mean_spl,0.1573540920667462
store_cat,4,AggregateHistGB,AggregateHistGB,CA_3__FOODS,1568,6,286386.625,0.08905434767910389,mean_spl,0.39754003585317765
store_cat,4,AggregateHistGB,AggregateHistGB,CA_3__HOBBIES,1568,7,66306.0390625,0.020618424676418178,mean_spl,0.19733672564689403
store_cat,4,AggregateHistGB,AggregateHistGB,CA_3__HOUSEHOLD,1568,8,190131.015625,0.059122850342783584,mean_spl,0.22508089705932713
store_cat,4,AggregateHistGB,AggregateHistGB,CA_4__FOODS,1568,9,122596.9609375,0.038122563802445886,mean_spl,0.20869882395695202
store_cat,4,AggregateHistGB,AggregateHistGB,CA_4__HOBBIES,1568,10,38498.52734375,0.011971443286514517,mean_spl,0.2572520719738582
store_cat,4,AggregateHistGB,AggregateHistGB,CA_4__HOUSEHOLD,1568,11,57504.91796875,0.017881641497913568,mean_spl,0.19727851297583188
store_cat,4,AggregateHistGB,AggregateHistGB,TX_1__FOODS,1568,12,143759.71875,0.04470330266231075,mean_spl,0.16242475885742422
store_cat,4,AggregateHistGB,AggregateHistGB,TX_1__HOBBIES,1568,13,36857.09765625,0.011461026816885643,mean_spl,0.19256241115128966
store_cat,4,AggregateHistGB,AggregateHistGB,TX_1__HOUSEHOLD,1568,14,94760.015625,0.029466429787166445,mean_spl,0.1920259479717901
store_cat,4,AggregateHistGB,AggregateHistGB,TX_2__FOODS,1568,15,175913.21875,0.05470170593306429,mean_spl,0.1572995861121979
store_cat,4,AggregateHistGB,AggregateHistGB,TX_2__HOBBIES,1568,16,55974.640625,0.01740578879139919,mean_spl,0.14583879186058135
store_cat,4,AggregateHistGB,AggregateHistGB,TX_2__HOUSEHOLD,1568,17,102344.765625,0.031824972067411146,mean_spl,0.10489584401015364
store_cat,4,AggregateHistGB,AggregateHistGB,TX_3__FOODS,1568,18,185515.796875,0.05768770896640953,mean_spl,0.21830679904320863
store_cat,4,AggregateHistGB,AggregateHistGB,TX_3__HOBBIES,1568,19,71178.390625,0.02213352367959858,mean_spl,0.17591214872194033
store_cat,4,AggregateHistGB,AggregateHistGB,TX_3__HOUSEHOLD,1568,20,104345.796875,0.03244720968990574,mean_spl,0.1979466707769057
store_cat,4,AggregateHistGB,AggregateHistGB,WI_1__FOODS,1568,21,171597.125,0.05335958001001147,mean_spl,0.1807707647399056
store_cat,4,AggregateHistGB,AggregateHistGB,WI_1__HOBBIES,1568,22,42377.875,0.013177759311041865,mean_spl,0.10965650021673767
store_cat,4,AggregateHistGB,AggregateHistGB,WI_1__HOUSEHOLD,1568,23,74826.484375,0.02326792934249735,mean_spl,0.152852580196877
store_cat,4,AggregateHistGB,AggregateHistGB,WI_2__FOODS,1568,24,210272.09375,0.06538588924683765,mean_spl,0.4908469454525302
store_cat,4,AggregateHistGB,AggregateHistGB,WI_2__HOBBIES,1568,25,24916.8984375,0.007748120697110228,mean_spl,0.1856359258153667
store_cat,4,AggregateHistGB,AggregateHistGB,WI_2__HOUSEHOLD,1568,26,85993.5546875,0.02674042447793314,mean_spl,0.3191578562127262
store_cat,4,AggregateHistGB,AggregateHistGB,WI_3__FOODS,1568,27,152977.359375,0.04756960611834604,mean_spl,0.2452434500994789
store_cat,4,AggregateHistGB,AggregateHistGB,WI_3__HOBBIES,1568,28,25281.419921875,0.007861471741370881,mean_spl,0.153321855721425
store_cat,4,AggregateHistGB,AggregateHistGB,WI_3__HOUSEHOLD,1568,29,71430.6328125,0.022211960525121525,mean_spl,0.15608022219476475
store_cat,4,AggregateHistGB,AggregateHistGB,CA_1__FOODS,1596,30,218156.640625,0.06756247139642138,mean_spl,0.22391362177826857
store_cat,4,AggregateHistGB,AggregateHistGB,CA_1__HOBBIES,1596,31,62647.34375,0.019401698513715152,mean_spl,0.18471360922510435
store_cat,4,AggregateHistGB,AggregateHistGB,CA_1__HOUSEHOLD,1596,32,111508.96875,0.03453400038629386,mean_spl,0.22880659375424597
store_cat,4,AggregateHistGB,AggregateHistGB,CA_2__FOODS,1596,33,124184.8984375,0.03845969861157458,mean_spl,0.5593688645143106
store_cat,4,AggregateHistGB,AggregateHistGB,CA_2__HOBBIES,1596,34,35712.88671875,0.01106017621332348,mean_spl,0.18829149769661124
store_cat,4,AggregateHistGB,AggregateHistGB,CA_2__HOUSEHOLD,1596,35,107060.6328125,0.03315636380059106,mean_spl,0.15337517056981087
store_cat,4,AggregateHistGB,AggregateHistGB,CA_3__FOODS,1596,36,285717.21875,0.08848578417763645,mean_spl,0.3669687392380416
store_cat,4,AggregateHistGB,AggregateHistGB,CA_3__HOBBIES,1596,37,68288.1953125,0.021148653688909533,mean_spl,0.3781410106079646
store_cat,4,AggregateHistGB,AggregateHistGB,CA_3__HOUSEHOLD,1596,38,198473.0625,0.06146652501477757,mean_spl,0.29775466576251264
store_cat,4,AggregateHistGB,AggregateHistGB,CA_4__FOODS,1596,39,116616.671875,0.036115841054978406,mean_spl,0.17476936781137561
store_cat,4,AggregateHistGB,AggregateHistGB,CA_4__HOBBIES,1596,40,39243.08203125,0.012153467341850466,mean_spl,0.2464169102682223
store_cat,4,AggregateHistGB,AggregateHistGB,CA_4__HOUSEHOLD,1596,41,58249.5703125,0.018039720985881025,mean_spl,0.2642501795172361
store_cat,4,AggregateHistGB,AggregateHistGB,TX_1__FOODS,1596,42,144254.125,0.04467507918258353,mean_spl,0.32458285386640123
store_cat,4,AggregateHistGB,AggregateHistGB,TX_1__HOBBIES,1596,43,38381.20703125,0.011886547183619364,mean_spl,0.18700695919788213
store_cat,4,AggregateHistGB,AggregateHistGB,TX_1__HOUSEHOLD,1596,44,100307.125,0.031064822249986294,mean_spl,0.22921991245253848
store_cat,4,AggregateHistGB,AggregateHistGB,TX_2__FOODS,1596,45,172290.359375,0.05335781869304533,mean_spl,0.30350920185348473
store_cat,4,AggregateHistGB,AggregateHistGB,TX_2__HOBBIES,1596,46,56974.41796875,0.017644810047099287,mean_spl,0.2408541040626685
store_cat,4,AggregateHistGB,AggregateHistGB,TX_2__HOUSEHOLD,1596,47,102815.34375,0.03184161023621193,mean_spl,0.22096780859630197
store_cat,4,AggregateHistGB,AggregateHistGB,TX_3__FOODS,1596,48,173334.609375,0.05368121985357653,mean_spl,0.3844336939442504
store_cat,4,AggregateHistGB,AggregateHistGB,TX_3__HOBBIES,1596,49,69821.453125,0.02162349913392369,mean_spl,0.2616638354334119
store_cat,4,AggregateHistGB,AggregateHistGB,TX_3__HOUSEHOLD,1596,50,105690.0703125,0.03273190461641051,mean_spl,0.3015157120831437
store_cat,4,AggregateHistGB,AggregateHistGB,WI_1__FOODS,1596,51,172074.03125,0.05329082250757199,mean_spl,0.23418811296435718
store_cat,4,AggregateHistGB,AggregateHistGB,WI_1__HOBBIES,1596,52,42553.390625,0.013178660198862826,mean_spl,0.17537974438844728
store_cat,4,AggregateHistGB,AggregateHistGB,WI_1__HOUSEHOLD,1596,53,77409.6953125,0.023973555470844267,mean_spl,0.25070980070039883
store_cat,4,AggregateHistGB,AggregateHistGB,WI_2__FOODS,1596,54,192405.90625,0.05958754452890338,mean_spl,0.4093893422556385
store_cat,4,AggregateHistGB,AggregateHistGB,WI_2__HOBBIES,1596,55,27172.5703125,0.008415265284824653,mean_spl,0.20809370154954865
store_cat,4,AggregateHistGB,AggregateHistGB,WI_2__HOUSEHOLD,1596,56,88800.015625,0.027501104245452462,mean_spl,0.48665086809976416
store_cat,4,AggregateHistGB,AggregateHistGB,WI_3__FOODS,1596,57,138527.015625,0.04290141021599113,mean_spl,0.26754551164641854
store_cat,4,AggregateHistGB,AggregateHistGB,WI_3__HOBBIES,1596,58,25475.140625,0.007889576291903788,mean_spl,0.1985567332804218
store_cat,4,AggregateHistGB,AggregateHistGB,WI_3__HOUSEHOLD,1596,59,74816.171875,0.023170348873236064,mean_spl,0.23230850364381458
store_cat,4,AggregateHistGB,AggregateHistGB,CA_1__FOODS,1624,60,220013.046875,0.06784256696116275,mean_spl,0.1521086404196283
store_cat,4,AggregateHistGB,AggregateHistGB,CA_1__HOBBIES,1624,61,62929.06640625,0.019404619235581292,mean_spl,0.1666947273239885
store_cat,4,AggregateHistGB,AggregateHistGB,CA_1__HOUSEHOLD,1624,62,115288.7890625,0.03555010715472609,mean_spl,0.2437863573340995
store_cat,4,AggregateHistGB,AggregateHistGB,CA_2__FOODS,1624,63,159095.96875,0.04905835843137624,mean_spl,0.39603655257852366
store_cat,4,AggregateHistGB,AggregateHistGB,CA_2__HOBBIES,1624,64,40058.953125,0.012352459312655899,mean_spl,0.16439560008035065
store_cat,4,AggregateHistGB,AggregateHistGB,CA_2__HOUSEHOLD,1624,65,114994.9296875,0.03545949355426571,mean_spl,0.22240952803788538
store_cat,4,AggregateHistGB,AggregateHistGB,CA_3__FOODS,1624,66,289613.4375,0.08930433583608938,mean_spl,0.2362809911431832
store_cat,4,AggregateHistGB,AggregateHistGB,CA_3__HOBBIES,1624,67,66763.3359375,0.020586943152802278,mean_spl,0.18120215031003745
store_cat,4,AggregateHistGB,AggregateHistGB,CA_3__HOUSEHOLD,1624,68,197297.125,0.06083795304040375,mean_spl,0.2726093343640433
store_cat,4,AggregateHistGB,AggregateHistGB,CA_4__FOODS,1624,69,115117.984375,0.03549743833070138,mean_spl,0.12866906876615686
store_cat,4,AggregateHistGB,AggregateHistGB,CA_4__HOBBIES,1624,70,38451.5390625,0.011856801906341136,mean_spl,0.24991280196059396
store_cat,4,AggregateHistGB,AggregateHistGB,CA_4__HOUSEHOLD,1624,71,58972.1171875,0.01818446617580622,mean_spl,0.23779351096466972
store_cat,4,AggregateHistGB,AggregateHistGB,TX_1__FOODS,1624,72,142577.84375,0.043964878670505324,mean_spl,0.32846724455046905
store_cat,4,AggregateHistGB,AggregateHistGB,TX_1__HOBBIES,1624,73,35482.73828125,0.010941351351671362,mean_spl,0.18817811005050575
store_cat,4,AggregateHistGB,AggregateHistGB,TX_1__HOUSEHOLD,1624,74,96711.265625,0.029821597433676558,mean_spl,0.15095364384726564
store_cat,4,AggregateHistGB,AggregateHistGB,TX_2__FOODS,1624,75,170484.6875,0.052570149779085265,mean_spl,0.18155141485020942
store_cat,4,AggregateHistGB,AggregateHistGB,TX_2__HOBBIES,1624,76,53368.81640625,0.0164566490583447,mean_spl,0.13230261425100745
store_cat,4,AggregateHistGB,AggregateHistGB,TX_2__HOUSEHOLD,1624,77,100137.1875,0.03087800448548404,mean_spl,0.16475662201476043
store_cat,4,AggregateHistGB,AggregateHistGB,TX_3__FOODS,1624,78,168899.796875,0.05208143763278345,mean_spl,0.27923162498387766
store_cat,4,AggregateHistGB,AggregateHistGB,TX_3__HOBBIES,1624,79,61914.1875,0.01909167420285396,mean_spl,0.15703643555289104
store_cat,4,AggregateHistGB,AggregateHistGB,TX_3__HOUSEHOLD,1624,80,101344.3671875,0.031250246813594264,mean_spl,0.18351990739094737
store_cat,4,AggregateHistGB,AggregateHistGB,WI_1__FOODS,1624,81,164837.171875,0.05082869870427261,mean_spl,0.21790280755254698
store_cat,4,AggregateHistGB,AggregateHistGB,WI_1__HOBBIES,1624,82,42539.6328125,0.013117394302643252,mean_spl,0.13219136297688663
store_cat,4,AggregateHistGB,AggregateHistGB,WI_1__HOUSEHOLD,1624,83,77645.03125,0.02394239026548502,mean_spl,0.16896757372780116
store_cat,4,AggregateHistGB,AggregateHistGB,WI_2__FOODS,1624,84,189465.140625,0.05842290569686326,mean_spl,0.2509027759891105
store_cat,4,AggregateHistGB,AggregateHistGB,WI_2__HOBBIES,1624,85,27261.52734375,0.008406283266158821,mean_spl,0.17315019520066616
store_cat,4,AggregateHistGB,AggregateHistGB,WI_2__HOUSEHOLD,1624,86,87001.796875,0.026827614607724242,mean_spl,0.43958904831309376
store_cat,4,AggregateHistGB,AggregateHistGB,WI_3__FOODS,1624,87,145719.78125,0.04493371714740094,mean_spl,0.1972018468785232
store_cat,4,AggregateHistGB,AggregateHistGB,WI_3__HOBBIES,1624,88,25590.76953125,0.007891093370012273,mean_spl,0.16853815402723232
store_cat,4,AggregateHistGB,AggregateHistGB,WI_3__HOUSEHOLD,1624,89,73416.1015625,0.022638370119528538,mean_spl,0.17960856885588605
store_cat,4,AggregateHistGB,AggregateHistGB,CA_1__FOODS,1652,90,216018.53125,0.06442420129688553,mean_spl,0.18348509643156377
store_cat,4,AggregateHistGB,AggregateHistGB,CA_1__HOBBIES,1652,91,65447.4609375,0.019518697647878544,mean_spl,0.1695644889949904
store_cat,4,AggregateHistGB,AggregateHistGB,CA_1__HOUSEHOLD,1652,92,119797.71875,0.035727825307384026,mean_spl,0.2990233536620789
store_cat,4,AggregateHistGB,AggregateHistGB,CA_2__FOODS,1652,93,174231.328125,0.05196181128719119,mean_spl,0.3404728527967515
store_cat,4,AggregateHistGB,AggregateHistGB,CA_2__HOBBIES,1652,94,41661.87109375,0.012425011660885674,mean_spl,0.15912620662536728
store_cat,4,AggregateHistGB,AggregateHistGB,CA_2__HOUSEHOLD,1652,95,125333.90625,0.0373789079985469,mean_spl,0.14880915380790433
store_cat,4,AggregateHistGB,AggregateHistGB,CA_3__FOODS,1652,96,290598.75,0.08666660336171188,mean_spl,0.24454137391699785
store_cat,4,AggregateHistGB,AggregateHistGB,CA_3__HOBBIES,1652,97,67250.15625,0.020056323771977337,mean_spl,0.19021671306114696
store_cat,4,AggregateHistGB,AggregateHistGB,CA_3__HOUSEHOLD,1652,98,209033.9375,0.062341153740163614,mean_spl,0.33673120597412587
store_cat,4,AggregateHistGB,AggregateHistGB,CA_4__FOODS,1652,99,117701.203125,0.0351025717985045,mean_spl,0.11568401385543245
store_cat,4,AggregateHistGB,AggregateHistGB,CA_4__HOBBIES,1652,100,38269.8515625,0.011413394056508423,mean_spl,0.21786696926061697
store_cat,4,AggregateHistGB,AggregateHistGB,CA_4__HOUSEHOLD,1652,101,59733.83984375,0.01781469811900534,mean_spl,0.18526062845161595
store_cat,4,AggregateHistGB,AggregateHistGB,TX_1__FOODS,1652,102,151482.15625,0.04517722100351641,mean_spl,0.3069873950773591
store_cat,4,AggregateHistGB,AggregateHistGB,TX_1__HOBBIES,1652,103,34373.328125,0.010251315929030495,mean_spl,0.19094575774158623
store_cat,4,AggregateHistGB,AggregateHistGB,TX_1__HOUSEHOLD,1652,104,99281.828125,0.029609276774710924,mean_spl,0.1406115937936202
store_cat,4,AggregateHistGB,AggregateHistGB,TX_2__FOODS,1652,105,180129.203125,0.053720761706977774,mean_spl,0.2431896796144284
store_cat,4,AggregateHistGB,AggregateHistGB,TX_2__HOBBIES,1652,106,53874.60546875,0.016067271670744867,mean_spl,0.12900161147515657
store_cat,4,AggregateHistGB,AggregateHistGB,TX_2__HOUSEHOLD,1652,107,108551.953125,0.03237394884053533,mean_spl,0.13293909817402472
store_cat,4,AggregateHistGB,AggregateHistGB,TX_3__FOODS,1652,108,179456.3125,0.05352008243735707,mean_spl,0.2317466724341658
store_cat,4,AggregateHistGB,AggregateHistGB,TX_3__HOBBIES,1652,109,59746.28125,0.017818408576881467,mean_spl,0.1655985594390043
store_cat,4,AggregateHistGB,AggregateHistGB,TX_3__HOUSEHOLD,1652,110,104524.96875,0.03117296274692021,mean_spl,0.22241374728024224
store_cat,4,AggregateHistGB,AggregateHistGB,WI_1__FOODS,1652,111,168893.375,0.05036984894651428,mean_spl,0.15605767165952267
store_cat,4,AggregateHistGB,AggregateHistGB,WI_1__HOBBIES,1652,112,42655.81640625,0.012721440548352225,mean_spl,0.11453602766667324
store_cat,4,AggregateHistGB,AggregateHistGB,WI_1__HOUSEHOLD,1652,113,79013.1484375,0.023564455098285444,mean_spl,0.12226699193981744
store_cat,4,AggregateHistGB,AggregateHistGB,WI_2__FOODS,1652,114,197144.109375,0.05879519554816072,mean_spl,0.22912216209540867
store_cat,4,AggregateHistGB,AggregateHistGB,WI_2__HOBBIES,1652,115,26210.8203125,0.007816973637390177,mean_spl,0.167837938059627
store_cat,4,AggregateHistGB,AggregateHistGB,WI_2__HOUSEHOLD,1652,116,94435.328125,0.02816388276254626,mean_spl,0.4581830964581824
store_cat,4,AggregateHistGB,AggregateHistGB,WI_3__FOODS,1652,117,149557.390625,0.04460318928801133,mean_spl,0.136980724912764
store_cat,4,AggregateHistGB,AggregateHistGB,WI_3__HOBBIES,1652,118,23851.12890625,0.007113232003396538,mean_spl,0.17677177526128685
store_cat,4,AggregateHistGB,AggregateHistGB,WI_3__HOUSEHOLD,1652,119,74804.640625,0.02230933243402552,mean_spl,0.21058243221703843
store_cat,4,ChildSummaryHistGB,ChildSummaryHistGB,CA_1__FOODS,1568,0,227606.21875,0.07077608229256054,rmsse,0.41544532925264444
store_cat,4,ChildSummaryHistGB,ChildSummaryHistGB,CA_1__HOBBIES,1568,1,61449.91015625,0.019108370245657893,rmsse,0.575200641405598
store_cat,4,ChildSummaryHistGB,ChildSummaryHistGB,CA_1__HOUSEHOLD,1568,2,110681.0859375,0.03441722150459681,rmsse,0.5188510910300989
store_cat,4,ChildSummaryHistGB,ChildSummaryHistGB,CA_2__FOODS,1568,3,94507.7265625,0.029387978365465067,rmsse,1.2284124990841727
store_cat,4,ChildSummaryHistGB,ChildSummaryHistGB,CA_2__HOBBIES,1568,4,32681.55078125,0.010162605135507732,rmsse,0.5770074750663631
store_cat,4,ChildSummaryHistGB,ChildSummaryHistGB,CA_2__HOUSEHOLD,1568,5,97190.0234375,0.03022206130661088,rmsse,0.49766067576908257
store_cat,4,ChildSummaryHistGB,ChildSummaryHistGB,CA_3__FOODS,1568,6,286386.625,0.08905434767910389,rmsse,0.8731581726420377
store_cat,4,ChildSummaryHistGB,ChildSummaryHistGB,CA_3__HOBBIES,1568,7,66306.0390625,0.020618424676418178,rmsse,0.7905238474164595
store_cat,4,ChildSummaryHistGB,ChildSummaryHistGB,CA_3__HOUSEHOLD,1568,8,190131.015625,0.059122850342783584,rmsse,0.6308266228498045
store_cat,4,ChildSummaryHistGB,ChildSummaryHistGB,CA_4__FOODS,1568,9,122596.9609375,0.038122563802445886,rmsse,0.5840117912856139
store_cat,4,ChildSummaryHistGB,ChildSummaryHistGB,CA_4__HOBBIES,1568,10,38498.52734375,0.011971443286514517,rmsse,1.0229076113140754
store_cat,4,ChildSummaryHistGB,ChildSummaryHistGB,CA_4__HOUSEHOLD,1568,11,57504.91796875,0.017881641497913568,rmsse,0.8202305081296989
store_cat,4,ChildSummaryHistGB,ChildSummaryHistGB,TX_1__FOODS,1568,12,143759.71875,0.04470330266231075,rmsse,0.4698991766895981
store_cat,4,ChildSummaryHistGB,ChildSummaryHistGB,TX_1__HOBBIES,1568,13,36857.09765625,0.011461026816885643,rmsse,0.8242021484901285
store_cat,4,ChildSummaryHistGB,ChildSummaryHistGB,TX_1__HOUSEHOLD,1568,14,94760.015625,0.029466429787166445,rmsse,0.6627023956186151
store_cat,4,ChildSummaryHistGB,ChildSummaryHistGB,TX_2__FOODS,1568,15,175913.21875,0.05470170593306429,rmsse,0.4020678406155412
store_cat,4,ChildSummaryHistGB,ChildSummaryHistGB,TX_2__HOBBIES,1568,16,55974.640625,0.01740578879139919,rmsse,0.63864296231637
store_cat,4,ChildSummaryHistGB,ChildSummaryHistGB,TX_2__HOUSEHOLD,1568,17,102344.765625,0.031824972067411146,rmsse,0.4230493444215764
store_cat,4,ChildSummaryHistGB,ChildSummaryHistGB,TX_3__FOODS,1568,18,185515.796875,0.05768770896640953,rmsse,0.6120615804607482
store_cat,4,ChildSummaryHistGB,ChildSummaryHistGB,TX_3__HOBBIES,1568,19,71178.390625,0.02213352367959858,rmsse,0.7522768197019543
store_cat,4,ChildSummaryHistGB,ChildSummaryHistGB,TX_3__HOUSEHOLD,1568,20,104345.796875,0.03244720968990574,rmsse,0.7322578758137328
store_cat,4,ChildSummaryHistGB,ChildSummaryHistGB,WI_1__FOODS,1568,21,171597.125,0.05335958001001147,rmsse,0.48474401121990573
store_cat,4,ChildSummaryHistGB,ChildSummaryHistGB,WI_1__HOBBIES,1568,22,42377.875,0.013177759311041865,rmsse,0.41641304343951296
store_cat,4,ChildSummaryHistGB,ChildSummaryHistGB,WI_1__HOUSEHOLD,1568,23,74826.484375,0.02326792934249735,rmsse,0.6724783130796709
store_cat,4,ChildSummaryHistGB,ChildSummaryHistGB,WI_2__FOODS,1568,24,210272.09375,0.06538588924683765,rmsse,0.9801661010247723
store_cat,4,ChildSummaryHistGB,ChildSummaryHistGB,WI_2__HOBBIES,1568,25,24916.8984375,0.007748120697110228,rmsse,0.865374147570169
store_cat,4,ChildSummaryHistGB,ChildSummaryHistGB,WI_2__HOUSEHOLD,1568,26,85993.5546875,0.02674042447793314,rmsse,1.0095577363021249
store_cat,4,ChildSummaryHistGB,ChildSummaryHistGB,WI_3__FOODS,1568,27,152977.359375,0.04756960611834604,rmsse,0.5925345338240199
store_cat,4,ChildSummaryHistGB,ChildSummaryHistGB,WI_3__HOBBIES,1568,28,25281.419921875,0.007861471741370881,rmsse,0.6083143900487069
store_cat,4,ChildSummaryHistGB,ChildSummaryHistGB,WI_3__HOUSEHOLD,1568,29,71430.6328125,0.022211960525121525,rmsse,0.5757998026049591
store_cat,4,ChildSummaryHistGB,ChildSummaryHistGB,CA_1__FOODS,1596,30,218156.640625,0.06756247139642138,rmsse,0.5806646938232753
store_cat,4,ChildSummaryHistGB,ChildSummaryHistGB,CA_1__HOBBIES,1596,31,62647.34375,0.019401698513715152,rmsse,0.8013812772661101
store_cat,4,ChildSummaryHistGB,ChildSummaryHistGB,CA_1__HOUSEHOLD,1596,32,111508.96875,0.03453400038629386,rmsse,0.8092559446675545
store_cat,4,ChildSummaryHistGB,ChildSummaryHistGB,CA_2__FOODS,1596,33,124184.8984375,0.03845969861157458,rmsse,1.2357632366620572
store_cat,4,ChildSummaryHistGB,ChildSummaryHistGB,CA_2__HOBBIES,1596,34,35712.88671875,0.01106017621332348,rmsse,0.8121072567995985
store_cat,4,ChildSummaryHistGB,ChildSummaryHistGB,CA_2__HOUSEHOLD,1596,35,107060.6328125,0.03315636380059106,rmsse,0.509715449916374
store_cat,4,ChildSummaryHistGB,ChildSummaryHistGB,CA_3__FOODS,1596,36,285717.21875,0.08848578417763645,rmsse,0.8897961936090026
store_cat,4,ChildSummaryHistGB,ChildSummaryHistGB,CA_3__HOBBIES,1596,37,68288.1953125,0.021148653688909533,rmsse,1.1615087369768204
store_cat,4,ChildSummaryHistGB,ChildSummaryHistGB,CA_3__HOUSEHOLD,1596,38,198473.0625,0.06146652501477757,rmsse,0.8970654148787244
store_cat,4,ChildSummaryHistGB,ChildSummaryHistGB,CA_4__FOODS,1596,39,116616.671875,0.036115841054978406,rmsse,0.660737117187632
store_cat,4,ChildSummaryHistGB,ChildSummaryHistGB,CA_4__HOBBIES,1596,40,39243.08203125,0.012153467341850466,rmsse,1.0183789561476435
store_cat,4,ChildSummaryHistGB,ChildSummaryHistGB,CA_4__HOUSEHOLD,1596,41,58249.5703125,0.018039720985881025,rmsse,1.1053632472062724
store_cat,4,ChildSummaryHistGB,ChildSummaryHistGB,TX_1__FOODS,1596,42,144254.125,0.04467507918258353,rmsse,1.0867345436500178
store_cat,4,ChildSummaryHistGB,ChildSummaryHistGB,TX_1__HOBBIES,1596,43,38381.20703125,0.011886547183619364,rmsse,0.7655639101913803
store_cat,4,ChildSummaryHistGB,ChildSummaryHistGB,TX_1__HOUSEHOLD,1596,44,100307.125,0.031064822249986294,rmsse,0.7778527508494126
store_cat,4,ChildSummaryHistGB,ChildSummaryHistGB,TX_2__FOODS,1596,45,172290.359375,0.05335781869304533,rmsse,1.0354370807576982
store_cat,4,ChildSummaryHistGB,ChildSummaryHistGB,TX_2__HOBBIES,1596,46,56974.41796875,0.017644810047099287,rmsse,0.9185869129670186
store_cat,4,ChildSummaryHistGB,ChildSummaryHistGB,TX_2__HOUSEHOLD,1596,47,102815.34375,0.03184161023621193,rmsse,0.8368349757180532
store_cat,4,ChildSummaryHistGB,ChildSummaryHistGB,TX_3__FOODS,1596,48,173334.609375,0.05368121985357653,rmsse,1.4561318752075503
store_cat,4,ChildSummaryHistGB,ChildSummaryHistGB,TX_3__HOBBIES,1596,49,69821.453125,0.02162349913392369,rmsse,1.0450741217937856
store_cat,4,ChildSummaryHistGB,ChildSummaryHistGB,TX_3__HOUSEHOLD,1596,50,105690.0703125,0.03273190461641051,rmsse,0.9441893610750727
store_cat,4,ChildSummaryHistGB,ChildSummaryHistGB,WI_1__FOODS,1596,51,172074.03125,0.05329082250757199,rmsse,0.6468722257865983
store_cat,4,ChildSummaryHistGB,ChildSummaryHistGB,WI_1__HOBBIES,1596,52,42553.390625,0.013178660198862826,rmsse,0.7322785633065878
store_cat,4,ChildSummaryHistGB,ChildSummaryHistGB,WI_1__HOUSEHOLD,1596,53,77409.6953125,0.023973555470844267,rmsse,0.970246756956992
store_cat,4,ChildSummaryHistGB,ChildSummaryHistGB,WI_2__FOODS,1596,54,192405.90625,0.05958754452890338,rmsse,0.8959420249322
store_cat,4,ChildSummaryHistGB,ChildSummaryHistGB,WI_2__HOBBIES,1596,55,27172.5703125,0.008415265284824653,rmsse,0.9017900939652713
store_cat,4,ChildSummaryHistGB,ChildSummaryHistGB,WI_2__HOUSEHOLD,1596,56,88800.015625,0.027501104245452462,rmsse,1.3328316928084314
store_cat,4,ChildSummaryHistGB,ChildSummaryHistGB,WI_3__FOODS,1596,57,138527.015625,0.04290141021599113,rmsse,0.7585202553014684
store_cat,4,ChildSummaryHistGB,ChildSummaryHistGB,WI_3__HOBBIES,1596,58,25475.140625,0.007889576291903788,rmsse,0.8638278561665294
store_cat,4,ChildSummaryHistGB,ChildSummaryHistGB,WI_3__HOUSEHOLD,1596,59,74816.171875,0.023170348873236064,rmsse,0.8303990763674859
store_cat,4,ChildSummaryHistGB,ChildSummaryHistGB,CA_1__FOODS,1624,60,220013.046875,0.06784256696116275,rmsse,0.46660108455700333
store_cat,4,ChildSummaryHistGB,ChildSummaryHistGB,CA_1__HOBBIES,1624,61,62929.06640625,0.019404619235581292,rmsse,0.7047970888464403
store_cat,4,ChildSummaryHistGB,ChildSummaryHistGB,CA_1__HOUSEHOLD,1624,62,115288.7890625,0.03555010715472609,rmsse,0.8057339925507018
store_cat,4,ChildSummaryHistGB,ChildSummaryHistGB,CA_2__FOODS,1624,63,159095.96875,0.04905835843137624,rmsse,0.8632405665668816
store_cat,4,ChildSummaryHistGB,ChildSummaryHistGB,CA_2__HOBBIES,1624,64,40058.953125,0.012352459312655899,rmsse,0.6504410974890544
store_cat,4,ChildSummaryHistGB,ChildSummaryHistGB,CA_2__HOUSEHOLD,1624,65,114994.9296875,0.03545949355426571,rmsse,0.5827445784224619
store_cat,4,ChildSummaryHistGB,ChildSummaryHistGB,CA_3__FOODS,1624,66,289613.4375,0.08930433583608938,rmsse,0.5701072814716432
store_cat,4,ChildSummaryHistGB,ChildSummaryHistGB,CA_3__HOBBIES,1624,67,66763.3359375,0.020586943152802278,rmsse,0.7465025988921549
store_cat,4,ChildSummaryHistGB,ChildSummaryHistGB,CA_3__HOUSEHOLD,1624,68,197297.125,0.06083795304040375,rmsse,0.74674763809726
store_cat,4,ChildSummaryHistGB,ChildSummaryHistGB,CA_4__FOODS,1624,69,115117.984375,0.03549743833070138,rmsse,0.4572459328737971
store_cat,4,ChildSummaryHistGB,ChildSummaryHistGB,CA_4__HOBBIES,1624,70,38451.5390625,0.011856801906341136,rmsse,1.0110574487744062
store_cat,4,ChildSummaryHistGB,ChildSummaryHistGB,CA_4__HOUSEHOLD,1624,71,58972.1171875,0.01818446617580622,rmsse,0.8755202591734135
store_cat,4,ChildSummaryHistGB,ChildSummaryHistGB,TX_1__FOODS,1624,72,142577.84375,0.043964878670505324,rmsse,0.7322646399759936
store_cat,4,ChildSummaryHistGB,ChildSummaryHistGB,TX_1__HOBBIES,1624,73,35482.73828125,0.010941351351671362,rmsse,0.6933732507765047
store_cat,4,ChildSummaryHistGB,ChildSummaryHistGB,TX_1__HOUSEHOLD,1624,74,96711.265625,0.029821597433676558,rmsse,0.5015889464971655
store_cat,4,ChildSummaryHistGB,ChildSummaryHistGB,TX_2__FOODS,1624,75,170484.6875,0.052570149779085265,rmsse,0.507388749807203
store_cat,4,ChildSummaryHistGB,ChildSummaryHistGB,TX_2__HOBBIES,1624,76,53368.81640625,0.0164566490583447,rmsse,0.5936960961734327
store_cat,4,ChildSummaryHistGB,ChildSummaryHistGB,TX_2__HOUSEHOLD,1624,77,100137.1875,0.03087800448548404,rmsse,0.5266063655101306
store_cat,4,ChildSummaryHistGB,ChildSummaryHistGB,TX_3__FOODS,1624,78,168899.796875,0.05208143763278345,rmsse,0.6574525299339017
store_cat,4,ChildSummaryHistGB,ChildSummaryHistGB,TX_3__HOBBIES,1624,79,61914.1875,0.01909167420285396,rmsse,0.6998939669825068
store_cat,4,ChildSummaryHistGB,ChildSummaryHistGB,TX_3__HOUSEHOLD,1624,80,101344.3671875,0.031250246813594264,rmsse,0.5835520128010445
store_cat,4,ChildSummaryHistGB,ChildSummaryHistGB,WI_1__FOODS,1624,81,164837.171875,0.05082869870427261,rmsse,0.5724164657992485
store_cat,4,ChildSummaryHistGB,ChildSummaryHistGB,WI_1__HOBBIES,1624,82,42539.6328125,0.013117394302643252,rmsse,0.5414414849732462
store_cat,4,ChildSummaryHistGB,ChildSummaryHistGB,WI_1__HOUSEHOLD,1624,83,77645.03125,0.02394239026548502,rmsse,0.5162731754352085
store_cat,4,ChildSummaryHistGB,ChildSummaryHistGB,WI_2__FOODS,1624,84,189465.140625,0.05842290569686326,rmsse,0.6243764132805245
store_cat,4,ChildSummaryHistGB,ChildSummaryHistGB,WI_2__HOBBIES,1624,85,27261.52734375,0.008406283266158821,rmsse,0.744597154620932
store_cat,4,ChildSummaryHistGB,ChildSummaryHistGB,WI_2__HOUSEHOLD,1624,86,87001.796875,0.026827614607724242,rmsse,1.2591103332499425
store_cat,4,ChildSummaryHistGB,ChildSummaryHistGB,WI_3__FOODS,1624,87,145719.78125,0.04493371714740094,rmsse,0.5401653200028316
store_cat,4,ChildSummaryHistGB,ChildSummaryHistGB,WI_3__HOBBIES,1624,88,25590.76953125,0.007891093370012273,rmsse,0.7320640517304733
store_cat,4,ChildSummaryHistGB,ChildSummaryHistGB,WI_3__HOUSEHOLD,1624,89,73416.1015625,0.022638370119528538,rmsse,0.5445209823130278
store_cat,4,ChildSummaryHistGB,ChildSummaryHistGB,CA_1__FOODS,1652,90,216018.53125,0.06442420129688553,rmsse,0.47292906493832443
store_cat,4,ChildSummaryHistGB,ChildSummaryHistGB,CA_1__HOBBIES,1652,91,65447.4609375,0.019518697647878544,rmsse,0.6387485701006262
store_cat,4,ChildSummaryHistGB,ChildSummaryHistGB,CA_1__HOUSEHOLD,1652,92,119797.71875,0.035727825307384026,rmsse,0.8994139854707526
store_cat,4,ChildSummaryHistGB,ChildSummaryHistGB,CA_2__FOODS,1652,93,174231.328125,0.05196181128719119,rmsse,0.962817587349448
store_cat,4,ChildSummaryHistGB,ChildSummaryHistGB,CA_2__HOBBIES,1652,94,41661.87109375,0.012425011660885674,rmsse,0.6651035763717078
store_cat,4,ChildSummaryHistGB,ChildSummaryHistGB,CA_2__HOUSEHOLD,1652,95,125333.90625,0.0373789079985469,rmsse,0.4750268385571174
store_cat,4,ChildSummaryHistGB,ChildSummaryHistGB,CA_3__FOODS,1652,96,290598.75,0.08666660336171188,rmsse,0.559139227248088
store_cat,4,ChildSummaryHistGB,ChildSummaryHistGB,CA_3__HOBBIES,1652,97,67250.15625,0.020056323771977337,rmsse,0.6311553986148524
store_cat,4,ChildSummaryHistGB,ChildSummaryHistGB,CA_3__HOUSEHOLD,1652,98,209033.9375,0.062341153740163614,rmsse,0.9331671754168945
store_cat,4,ChildSummaryHistGB,ChildSummaryHistGB,CA_4__FOODS,1652,99,117701.203125,0.0351025717985045,rmsse,0.5122944433706033
store_cat,4,ChildSummaryHistGB,ChildSummaryHistGB,CA_4__HOBBIES,1652,100,38269.8515625,0.011413394056508423,rmsse,0.8985873667066113
store_cat,4,ChildSummaryHistGB,ChildSummaryHistGB,CA_4__HOUSEHOLD,1652,101,59733.83984375,0.01781469811900534,rmsse,0.8269713359275219
store_cat,4,ChildSummaryHistGB,ChildSummaryHistGB,TX_1__FOODS,1652,102,151482.15625,0.04517722100351641,rmsse,0.7319247354243218
store_cat,4,ChildSummaryHistGB,ChildSummaryHistGB,TX_1__HOBBIES,1652,103,34373.328125,0.010251315929030495,rmsse,0.7346947454689645
store_cat,4,ChildSummaryHistGB,ChildSummaryHistGB,TX_1__HOUSEHOLD,1652,104,99281.828125,0.029609276774710924,rmsse,0.6348171590507251
store_cat,4,ChildSummaryHistGB,ChildSummaryHistGB,TX_2__FOODS,1652,105,180129.203125,0.053720761706977774,rmsse,0.511581310663475
store_cat,4,ChildSummaryHistGB,ChildSummaryHistGB,TX_2__HOBBIES,1652,106,53874.60546875,0.016067271670744867,rmsse,0.5177238705590116
store_cat,4,ChildSummaryHistGB,ChildSummaryHistGB,TX_2__HOUSEHOLD,1652,107,108551.953125,0.03237394884053533,rmsse,0.5111507816745492
store_cat,4,ChildSummaryHistGB,ChildSummaryHistGB,TX_3__FOODS,1652,108,179456.3125,0.05352008243735707,rmsse,0.5773299750866969
store_cat,4,ChildSummaryHistGB,ChildSummaryHistGB,TX_3__HOBBIES,1652,109,59746.28125,0.017818408576881467,rmsse,0.7428043745915544
store_cat,4,ChildSummaryHistGB,ChildSummaryHistGB,TX_3__HOUSEHOLD,1652,110,104524.96875,0.03117296274692021,rmsse,0.8298783035463649
store_cat,4,ChildSummaryHistGB,ChildSummaryHistGB,WI_1__FOODS,1652,111,168893.375,0.05036984894651428,rmsse,0.48875859880185085
store_cat,4,ChildSummaryHistGB,ChildSummaryHistGB,WI_1__HOBBIES,1652,112,42655.81640625,0.012721440548352225,rmsse,0.457215593475916
store_cat,4,ChildSummaryHistGB,ChildSummaryHistGB,WI_1__HOUSEHOLD,1652,113,79013.1484375,0.023564455098285444,rmsse,0.5598693564269628
store_cat,4,ChildSummaryHistGB,ChildSummaryHistGB,WI_2__FOODS,1652,114,197144.109375,0.05879519554816072,rmsse,0.6326522952452526
store_cat,4,ChildSummaryHistGB,ChildSummaryHistGB,WI_2__HOBBIES,1652,115,26210.8203125,0.007816973637390177,rmsse,0.6523005258354838
store_cat,4,ChildSummaryHistGB,ChildSummaryHistGB,WI_2__HOUSEHOLD,1652,116,94435.328125,0.02816388276254626,rmsse,1.2787390776717158
store_cat,4,ChildSummaryHistGB,ChildSummaryHistGB,WI_3__FOODS,1652,117,149557.390625,0.04460318928801133,rmsse,0.42544533884560504
store_cat,4,ChildSummaryHistGB,ChildSummaryHistGB,WI_3__HOBBIES,1652,118,23851.12890625,0.007113232003396538,rmsse,0.6697403264933354
store_cat,4,ChildSummaryHistGB,ChildSummaryHistGB,WI_3__HOUSEHOLD,1652,119,74804.640625,0.02230933243402552,rmsse,0.8692286942235226
store_cat,4,ChildSummaryHistGB,ChildSummaryHistGB,CA_1__FOODS,1568,0,227606.21875,0.07077608229256054,mean_spl,0.15512303667923452
store_cat,4,ChildSummaryHistGB,ChildSummaryHistGB,CA_1__HOBBIES,1568,1,61449.91015625,0.019108370245657893,mean_spl,0.1477176680487489
store_cat,4,ChildSummaryHistGB,ChildSummaryHistGB,CA_1__HOUSEHOLD,1568,2,110681.0859375,0.03441722150459681,mean_spl,0.14926098389640002
store_cat,4,ChildSummaryHistGB,ChildSummaryHistGB,CA_2__FOODS,1568,3,94507.7265625,0.029387978365465067,mean_spl,0.5059903493974769
store_cat,4,ChildSummaryHistGB,ChildSummaryHistGB,CA_2__HOBBIES,1568,4,32681.55078125,0.010162605135507732,mean_spl,0.14614843863296684
store_cat,4,ChildSummaryHistGB,ChildSummaryHistGB,CA_2__HOUSEHOLD,1568,5,97190.0234375,0.03022206130661088,mean_spl,0.16448944519466419
store_cat,4,ChildSummaryHistGB,ChildSummaryHistGB,CA_3__FOODS,1568,6,286386.625,0.08905434767910389,mean_spl,0.4087754560707194
store_cat,4,ChildSummaryHistGB,ChildSummaryHistGB,CA_3__HOBBIES,1568,7,66306.0390625,0.020618424676418178,mean_spl,0.21709069300912429
store_cat,4,ChildSummaryHistGB,ChildSummaryHistGB,CA_3__HOUSEHOLD,1568,8,190131.015625,0.059122850342783584,mean_spl,0.21141288182364384
store_cat,4,ChildSummaryHistGB,ChildSummaryHistGB,CA_4__FOODS,1568,9,122596.9609375,0.038122563802445886,mean_spl,0.20640121021381852
store_cat,4,ChildSummaryHistGB,ChildSummaryHistGB,CA_4__HOBBIES,1568,10,38498.52734375,0.011971443286514517,mean_spl,0.27308562009243814
store_cat,4,ChildSummaryHistGB,ChildSummaryHistGB,CA_4__HOUSEHOLD,1568,11,57504.91796875,0.017881641497913568,mean_spl,0.19915300078539944
store_cat,4,ChildSummaryHistGB,ChildSummaryHistGB,TX_1__FOODS,1568,12,143759.71875,0.04470330266231075,mean_spl,0.16483235071580868
store_cat,4,ChildSummaryHistGB,ChildSummaryHistGB,TX_1__HOBBIES,1568,13,36857.09765625,0.011461026816885643,mean_spl,0.20607775901979297
store_cat,4,ChildSummaryHistGB,ChildSummaryHistGB,TX_1__HOUSEHOLD,1568,14,94760.015625,0.029466429787166445,mean_spl,0.19199134449839483
store_cat,4,ChildSummaryHistGB,ChildSummaryHistGB,TX_2__FOODS,1568,15,175913.21875,0.05470170593306429,mean_spl,0.14815024173659364
store_cat,4,ChildSummaryHistGB,ChildSummaryHistGB,TX_2__HOBBIES,1568,16,55974.640625,0.01740578879139919,mean_spl,0.15719854808958206
store_cat,4,ChildSummaryHistGB,ChildSummaryHistGB,TX_2__HOUSEHOLD,1568,17,102344.765625,0.031824972067411146,mean_spl,0.12080641688378162
store_cat,4,ChildSummaryHistGB,ChildSummaryHistGB,TX_3__FOODS,1568,18,185515.796875,0.05768770896640953,mean_spl,0.23168967136803678
store_cat,4,ChildSummaryHistGB,ChildSummaryHistGB,TX_3__HOBBIES,1568,19,71178.390625,0.02213352367959858,mean_spl,0.1815099895715925
store_cat,4,ChildSummaryHistGB,ChildSummaryHistGB,TX_3__HOUSEHOLD,1568,20,104345.796875,0.03244720968990574,mean_spl,0.22642156337067781
store_cat,4,ChildSummaryHistGB,ChildSummaryHistGB,WI_1__FOODS,1568,21,171597.125,0.05335958001001147,mean_spl,0.19354705595906718
store_cat,4,ChildSummaryHistGB,ChildSummaryHistGB,WI_1__HOBBIES,1568,22,42377.875,0.013177759311041865,mean_spl,0.1044892431818497
store_cat,4,ChildSummaryHistGB,ChildSummaryHistGB,WI_1__HOUSEHOLD,1568,23,74826.484375,0.02326792934249735,mean_spl,0.19823634195175185
store_cat,4,ChildSummaryHistGB,ChildSummaryHistGB,WI_2__FOODS,1568,24,210272.09375,0.06538588924683765,mean_spl,0.5012005378808242
store_cat,4,ChildSummaryHistGB,ChildSummaryHistGB,WI_2__HOBBIES,1568,25,24916.8984375,0.007748120697110228,mean_spl,0.22102767252293218
store_cat,4,ChildSummaryHistGB,ChildSummaryHistGB,WI_2__HOUSEHOLD,1568,26,85993.5546875,0.02674042447793314,mean_spl,0.3209412689035761
store_cat,4,ChildSummaryHistGB,ChildSummaryHistGB,WI_3__FOODS,1568,27,152977.359375,0.04756960611834604,mean_spl,0.2630646475116324
store_cat,4,ChildSummaryHistGB,ChildSummaryHistGB,WI_3__HOBBIES,1568,28,25281.419921875,0.007861471741370881,mean_spl,0.1534270699974176
store_cat,4,ChildSummaryHistGB,ChildSummaryHistGB,WI_3__HOUSEHOLD,1568,29,71430.6328125,0.022211960525121525,mean_spl,0.1540168303802179
store_cat,4,ChildSummaryHistGB,ChildSummaryHistGB,CA_1__FOODS,1596,30,218156.640625,0.06756247139642138,mean_spl,0.22326841777325063
store_cat,4,ChildSummaryHistGB,ChildSummaryHistGB,CA_1__HOBBIES,1596,31,62647.34375,0.019401698513715152,mean_spl,0.21284815278049607
store_cat,4,ChildSummaryHistGB,ChildSummaryHistGB,CA_1__HOUSEHOLD,1596,32,111508.96875,0.03453400038629386,mean_spl,0.24787533865386024
store_cat,4,ChildSummaryHistGB,ChildSummaryHistGB,CA_2__FOODS,1596,33,124184.8984375,0.03845969861157458,mean_spl,0.5834772986167036
store_cat,4,ChildSummaryHistGB,ChildSummaryHistGB,CA_2__HOBBIES,1596,34,35712.88671875,0.01106017621332348,mean_spl,0.2117222549060485
store_cat,4,ChildSummaryHistGB,ChildSummaryHistGB,CA_2__HOUSEHOLD,1596,35,107060.6328125,0.03315636380059106,mean_spl,0.14802181592621527
store_cat,4,ChildSummaryHistGB,ChildSummaryHistGB,CA_3__FOODS,1596,36,285717.21875,0.08848578417763645,mean_spl,0.3819822043001
store_cat,4,ChildSummaryHistGB,ChildSummaryHistGB,CA_3__HOBBIES,1596,37,68288.1953125,0.021148653688909533,mean_spl,0.3759710273543092
store_cat,4,ChildSummaryHistGB,ChildSummaryHistGB,CA_3__HOUSEHOLD,1596,38,198473.0625,0.06146652501477757,mean_spl,0.3271393435064278
store_cat,4,ChildSummaryHistGB,ChildSummaryHistGB,CA_4__FOODS,1596,39,116616.671875,0.036115841054978406,mean_spl,0.22355067427304723
store_cat,4,ChildSummaryHistGB,ChildSummaryHistGB,CA_4__HOBBIES,1596,40,39243.08203125,0.012153467341850466,mean_spl,0.23535636493717726
store_cat,4,ChildSummaryHistGB,ChildSummaryHistGB,CA_4__HOUSEHOLD,1596,41,58249.5703125,0.018039720985881025,mean_spl,0.2973948849072448
store_cat,4,ChildSummaryHistGB,ChildSummaryHistGB,TX_1__FOODS,1596,42,144254.125,0.04467507918258353,mean_spl,0.34108988441299903
store_cat,4,ChildSummaryHistGB,ChildSummaryHistGB,TX_1__HOBBIES,1596,43,38381.20703125,0.011886547183619364,mean_spl,0.18623312495229047
store_cat,4,ChildSummaryHistGB,ChildSummaryHistGB,TX_1__HOUSEHOLD,1596,44,100307.125,0.031064822249986294,mean_spl,0.23349550575492817
store_cat,4,ChildSummaryHistGB,ChildSummaryHistGB,TX_2__FOODS,1596,45,172290.359375,0.05335781869304533,mean_spl,0.3236970932961477
store_cat,4,ChildSummaryHistGB,ChildSummaryHistGB,TX_2__HOBBIES,1596,46,56974.41796875,0.017644810047099287,mean_spl,0.2552507463543888
store_cat,4,ChildSummaryHistGB,ChildSummaryHistGB,TX_2__HOUSEHOLD,1596,47,102815.34375,0.03184161023621193,mean_spl,0.3000074078009489
store_cat,4,ChildSummaryHistGB,ChildSummaryHistGB,TX_3__FOODS,1596,48,173334.609375,0.05368121985357653,mean_spl,0.4515710461306461
store_cat,4,ChildSummaryHistGB,ChildSummaryHistGB,TX_3__HOBBIES,1596,49,69821.453125,0.02162349913392369,mean_spl,0.2712847262657056
store_cat,4,ChildSummaryHistGB,ChildSummaryHistGB,TX_3__HOUSEHOLD,1596,50,105690.0703125,0.03273190461641051,mean_spl,0.34090695818704325
store_cat,4,ChildSummaryHistGB,ChildSummaryHistGB,WI_1__FOODS,1596,51,172074.03125,0.05329082250757199,mean_spl,0.2840191793538333
store_cat,4,ChildSummaryHistGB,ChildSummaryHistGB,WI_1__HOBBIES,1596,52,42553.390625,0.013178660198862826,mean_spl,0.20102773200069587
store_cat,4,ChildSummaryHistGB,ChildSummaryHistGB,WI_1__HOUSEHOLD,1596,53,77409.6953125,0.023973555470844267,mean_spl,0.3129818689736728
store_cat,4,ChildSummaryHistGB,ChildSummaryHistGB,WI_2__FOODS,1596,54,192405.90625,0.05958754452890338,mean_spl,0.44038933927581375
store_cat,4,ChildSummaryHistGB,ChildSummaryHistGB,WI_2__HOBBIES,1596,55,27172.5703125,0.008415265284824653,mean_spl,0.22220185070508286
store_cat,4,ChildSummaryHistGB,ChildSummaryHistGB,WI_2__HOUSEHOLD,1596,56,88800.015625,0.027501104245452462,mean_spl,0.4855894685415143
store_cat,4,ChildSummaryHistGB,ChildSummaryHistGB,WI_3__FOODS,1596,57,138527.015625,0.04290141021599113,mean_spl,0.29988169850073315
store_cat,4,ChildSummaryHistGB,ChildSummaryHistGB,WI_3__HOBBIES,1596,58,25475.140625,0.007889576291903788,mean_spl,0.20485750468323294
store_cat,4,ChildSummaryHistGB,ChildSummaryHistGB,WI_3__HOUSEHOLD,1596,59,74816.171875,0.023170348873236064,mean_spl,0.2445090280878079
store_cat,4,ChildSummaryHistGB,ChildSummaryHistGB,CA_1__FOODS,1624,60,220013.046875,0.06784256696116275,mean_spl,0.1803551308196486
store_cat,4,ChildSummaryHistGB,ChildSummaryHistGB,CA_1__HOBBIES,1624,61,62929.06640625,0.019404619235581292,mean_spl,0.19474999175652577
store_cat,4,ChildSummaryHistGB,ChildSummaryHistGB,CA_1__HOUSEHOLD,1624,62,115288.7890625,0.03555010715472609,mean_spl,0.2342568317278203
store_cat,4,ChildSummaryHistGB,ChildSummaryHistGB,CA_2__FOODS,1624,63,159095.96875,0.04905835843137624,mean_spl,0.38324126563871247
store_cat,4,ChildSummaryHistGB,ChildSummaryHistGB,CA_2__HOBBIES,1624,64,40058.953125,0.012352459312655899,mean_spl,0.17037141525562513
store_cat,4,ChildSummaryHistGB,ChildSummaryHistGB,CA_2__HOUSEHOLD,1624,65,114994.9296875,0.03545949355426571,mean_spl,0.19940678204290546
store_cat,4,ChildSummaryHistGB,ChildSummaryHistGB,CA_3__FOODS,1624,66,289613.4375,0.08930433583608938,mean_spl,0.23818911287091535
store_cat,4,ChildSummaryHistGB,ChildSummaryHistGB,CA_3__HOBBIES,1624,67,66763.3359375,0.020586943152802278,mean_spl,0.19915752446851687
store_cat,4,ChildSummaryHistGB,ChildSummaryHistGB,CA_3__HOUSEHOLD,1624,68,197297.125,0.06083795304040375,mean_spl,0.2798329909141032
store_cat,4,ChildSummaryHistGB,ChildSummaryHistGB,CA_4__FOODS,1624,69,115117.984375,0.03549743833070138,mean_spl,0.13080972026372503
store_cat,4,ChildSummaryHistGB,ChildSummaryHistGB,CA_4__HOBBIES,1624,70,38451.5390625,0.011856801906341136,mean_spl,0.2669920063407262
store_cat,4,ChildSummaryHistGB,ChildSummaryHistGB,CA_4__HOUSEHOLD,1624,71,58972.1171875,0.01818446617580622,mean_spl,0.23046375392868346
store_cat,4,ChildSummaryHistGB,ChildSummaryHistGB,TX_1__FOODS,1624,72,142577.84375,0.043964878670505324,mean_spl,0.3324106312969584
store_cat,4,ChildSummaryHistGB,ChildSummaryHistGB,TX_1__HOBBIES,1624,73,35482.73828125,0.010941351351671362,mean_spl,0.17208793496676272
store_cat,4,ChildSummaryHistGB,ChildSummaryHistGB,TX_1__HOUSEHOLD,1624,74,96711.265625,0.029821597433676558,mean_spl,0.14613210141370833
store_cat,4,ChildSummaryHistGB,ChildSummaryHistGB,TX_2__FOODS,1624,75,170484.6875,0.052570149779085265,mean_spl,0.23251228120167072
store_cat,4,ChildSummaryHistGB,ChildSummaryHistGB,TX_2__HOBBIES,1624,76,53368.81640625,0.0164566490583447,mean_spl,0.1462062860090737
store_cat,4,ChildSummaryHistGB,ChildSummaryHistGB,TX_2__HOUSEHOLD,1624,77,100137.1875,0.03087800448548404,mean_spl,0.17057222077695014
store_cat,4,ChildSummaryHistGB,ChildSummaryHistGB,TX_3__FOODS,1624,78,168899.796875,0.05208143763278345,mean_spl,0.2515819859117886
store_cat,4,ChildSummaryHistGB,ChildSummaryHistGB,TX_3__HOBBIES,1624,79,61914.1875,0.01909167420285396,mean_spl,0.1713487301858042
store_cat,4,ChildSummaryHistGB,ChildSummaryHistGB,TX_3__HOUSEHOLD,1624,80,101344.3671875,0.031250246813594264,mean_spl,0.16483622482904528
store_cat,4,ChildSummaryHistGB,ChildSummaryHistGB,WI_1__FOODS,1624,81,164837.171875,0.05082869870427261,mean_spl,0.22546588554936287
store_cat,4,ChildSummaryHistGB,ChildSummaryHistGB,WI_1__HOBBIES,1624,82,42539.6328125,0.013117394302643252,mean_spl,0.14024944979529835
store_cat,4,ChildSummaryHistGB,ChildSummaryHistGB,WI_1__HOUSEHOLD,1624,83,77645.03125,0.02394239026548502,mean_spl,0.13914506092077308
store_cat,4,ChildSummaryHistGB,ChildSummaryHistGB,WI_2__FOODS,1624,84,189465.140625,0.05842290569686326,mean_spl,0.2639775803013412
store_cat,4,ChildSummaryHistGB,ChildSummaryHistGB,WI_2__HOBBIES,1624,85,27261.52734375,0.008406283266158821,mean_spl,0.18540705567097832
store_cat,4,ChildSummaryHistGB,ChildSummaryHistGB,WI_2__HOUSEHOLD,1624,86,87001.796875,0.026827614607724242,mean_spl,0.4320642852664232
store_cat,4,ChildSummaryHistGB,ChildSummaryHistGB,WI_3__FOODS,1624,87,145719.78125,0.04493371714740094,mean_spl,0.21183743783191777
store_cat,4,ChildSummaryHistGB,ChildSummaryHistGB,WI_3__HOBBIES,1624,88,25590.76953125,0.007891093370012273,mean_spl,0.18073364027499425
store_cat,4,ChildSummaryHistGB,ChildSummaryHistGB,WI_3__HOUSEHOLD,1624,89,73416.1015625,0.022638370119528538,mean_spl,0.15331461130347912
store_cat,4,ChildSummaryHistGB,ChildSummaryHistGB,CA_1__FOODS,1652,90,216018.53125,0.06442420129688553,mean_spl,0.19396777739455856
store_cat,4,ChildSummaryHistGB,ChildSummaryHistGB,CA_1__HOBBIES,1652,91,65447.4609375,0.019518697647878544,mean_spl,0.17051933854862183
store_cat,4,ChildSummaryHistGB,ChildSummaryHistGB,CA_1__HOUSEHOLD,1652,92,119797.71875,0.035727825307384026,mean_spl,0.31499500831643273
store_cat,4,ChildSummaryHistGB,ChildSummaryHistGB,CA_2__FOODS,1652,93,174231.328125,0.05196181128719119,mean_spl,0.40655264708002326
store_cat,4,ChildSummaryHistGB,ChildSummaryHistGB,CA_2__HOBBIES,1652,94,41661.87109375,0.012425011660885674,mean_spl,0.16628886186153735
store_cat,4,ChildSummaryHistGB,ChildSummaryHistGB,CA_2__HOUSEHOLD,1652,95,125333.90625,0.0373789079985469,mean_spl,0.14620719033926902
store_cat,4,ChildSummaryHistGB,ChildSummaryHistGB,CA_3__FOODS,1652,96,290598.75,0.08666660336171188,mean_spl,0.2736180463713054
store_cat,4,ChildSummaryHistGB,ChildSummaryHistGB,CA_3__HOBBIES,1652,97,67250.15625,0.020056323771977337,mean_spl,0.16330025725223865
store_cat,4,ChildSummaryHistGB,ChildSummaryHistGB,CA_3__HOUSEHOLD,1652,98,209033.9375,0.062341153740163614,mean_spl,0.36730314655787155
store_cat,4,ChildSummaryHistGB,ChildSummaryHistGB,CA_4__FOODS,1652,99,117701.203125,0.0351025717985045,mean_spl,0.15422999509612578
store_cat,4,ChildSummaryHistGB,ChildSummaryHistGB,CA_4__HOBBIES,1652,100,38269.8515625,0.011413394056508423,mean_spl,0.22682661855268116
store_cat,4,ChildSummaryHistGB,ChildSummaryHistGB,CA_4__HOUSEHOLD,1652,101,59733.83984375,0.01781469811900534,mean_spl,0.21006066251305408
store_cat,4,ChildSummaryHistGB,ChildSummaryHistGB,TX_1__FOODS,1652,102,151482.15625,0.04517722100351641,mean_spl,0.3208810722518811
store_cat,4,ChildSummaryHistGB,ChildSummaryHistGB,TX_1__HOBBIES,1652,103,34373.328125,0.010251315929030495,mean_spl,0.1835547592776386
store_cat,4,ChildSummaryHistGB,ChildSummaryHistGB,TX_1__HOUSEHOLD,1652,104,99281.828125,0.029609276774710924,mean_spl,0.19271684501720288
store_cat,4,ChildSummaryHistGB,ChildSummaryHistGB,TX_2__FOODS,1652,105,180129.203125,0.053720761706977774,mean_spl,0.2236310363652854
store_cat,4,ChildSummaryHistGB,ChildSummaryHistGB,TX_2__HOBBIES,1652,106,53874.60546875,0.016067271670744867,mean_spl,0.12241324294951743
store_cat,4,ChildSummaryHistGB,ChildSummaryHistGB,TX_2__HOUSEHOLD,1652,107,108551.953125,0.03237394884053533,mean_spl,0.154137021358252
store_cat,4,ChildSummaryHistGB,ChildSummaryHistGB,TX_3__FOODS,1652,108,179456.3125,0.05352008243735707,mean_spl,0.22593449013018516
store_cat,4,ChildSummaryHistGB,ChildSummaryHistGB,TX_3__HOBBIES,1652,109,59746.28125,0.017818408576881467,mean_spl,0.19056926273926034
store_cat,4,ChildSummaryHistGB,ChildSummaryHistGB,TX_3__HOUSEHOLD,1652,110,104524.96875,0.03117296274692021,mean_spl,0.24720713865241295
store_cat,4,ChildSummaryHistGB,ChildSummaryHistGB,WI_1__FOODS,1652,111,168893.375,0.05036984894651428,mean_spl,0.18739930940556426
store_cat,4,ChildSummaryHistGB,ChildSummaryHistGB,WI_1__HOBBIES,1652,112,42655.81640625,0.012721440548352225,mean_spl,0.11431959258031243
store_cat,4,ChildSummaryHistGB,ChildSummaryHistGB,WI_1__HOUSEHOLD,1652,113,79013.1484375,0.023564455098285444,mean_spl,0.16217683732050617
store_cat,4,ChildSummaryHistGB,ChildSummaryHistGB,WI_2__FOODS,1652,114,197144.109375,0.05879519554816072,mean_spl,0.24381989850122818
store_cat,4,ChildSummaryHistGB,ChildSummaryHistGB,WI_2__HOBBIES,1652,115,26210.8203125,0.007816973637390177,mean_spl,0.1630677681888243
store_cat,4,ChildSummaryHistGB,ChildSummaryHistGB,WI_2__HOUSEHOLD,1652,116,94435.328125,0.02816388276254626,mean_spl,0.4306374208636872
store_cat,4,ChildSummaryHistGB,ChildSummaryHistGB,WI_3__FOODS,1652,117,149557.390625,0.04460318928801133,mean_spl,0.1541864521039836
store_cat,4,ChildSummaryHistGB,ChildSummaryHistGB,WI_3__HOBBIES,1652,118,23851.12890625,0.007113232003396538,mean_spl,0.1612566026958022
store_cat,4,ChildSummaryHistGB,ChildSummaryHistGB,WI_3__HOUSEHOLD,1652,119,74804.640625,0.02230933243402552,mean_spl,0.28388458909400827
store_cat,4,BottomUpGlobalHistGB,BottomUpGlobalHistGB,CA_1__FOODS,1568,0,227606.21875,0.07077608229256054,rmsse,0.33972854713612
store_cat,4,BottomUpGlobalHistGB,BottomUpGlobalHistGB,CA_1__HOBBIES,1568,1,61449.91015625,0.019108370245657893,rmsse,0.5703959723134792
store_cat,4,BottomUpGlobalHistGB,BottomUpGlobalHistGB,CA_1__HOUSEHOLD,1568,2,110681.0859375,0.03441722150459681,rmsse,0.6534764712990438
store_cat,4,BottomUpGlobalHistGB,BottomUpGlobalHistGB,CA_2__FOODS,1568,3,94507.7265625,0.029387978365465067,rmsse,1.0804266817975174
store_cat,4,BottomUpGlobalHistGB,BottomUpGlobalHistGB,CA_2__HOBBIES,1568,4,32681.55078125,0.010162605135507732,rmsse,0.513078724425274
store_cat,4,BottomUpGlobalHistGB,BottomUpGlobalHistGB,CA_2__HOUSEHOLD,1568,5,97190.0234375,0.03022206130661088,rmsse,0.6412575139470472
store_cat,4,BottomUpGlobalHistGB,BottomUpGlobalHistGB,CA_3__FOODS,1568,6,286386.625,0.08905434767910389,rmsse,0.8669191806402125
store_cat,4,BottomUpGlobalHistGB,BottomUpGlobalHistGB,CA_3__HOBBIES,1568,7,66306.0390625,0.020618424676418178,rmsse,0.7156482100126919
store_cat,4,BottomUpGlobalHistGB,BottomUpGlobalHistGB,CA_3__HOUSEHOLD,1568,8,190131.015625,0.059122850342783584,rmsse,0.8972394070870936
store_cat,4,BottomUpGlobalHistGB,BottomUpGlobalHistGB,CA_4__FOODS,1568,9,122596.9609375,0.038122563802445886,rmsse,0.7662632374919541
store_cat,4,BottomUpGlobalHistGB,BottomUpGlobalHistGB,CA_4__HOBBIES,1568,10,38498.52734375,0.011971443286514517,rmsse,1.0248876746085362
store_cat,4,BottomUpGlobalHistGB,BottomUpGlobalHistGB,CA_4__HOUSEHOLD,1568,11,57504.91796875,0.017881641497913568,rmsse,0.9695936743695771
store_cat,4,BottomUpGlobalHistGB,BottomUpGlobalHistGB,TX_1__FOODS,1568,12,143759.71875,0.04470330266231075,rmsse,0.49422462225380026
store_cat,4,BottomUpGlobalHistGB,BottomUpGlobalHistGB,TX_1__HOBBIES,1568,13,36857.09765625,0.011461026816885643,rmsse,0.911208593080695
store_cat,4,BottomUpGlobalHistGB,BottomUpGlobalHistGB,TX_1__HOUSEHOLD,1568,14,94760.015625,0.029466429787166445,rmsse,0.6655175779795355
store_cat,4,BottomUpGlobalHistGB,BottomUpGlobalHistGB,TX_2__FOODS,1568,15,175913.21875,0.05470170593306429,rmsse,0.35709298503829084
store_cat,4,BottomUpGlobalHistGB,BottomUpGlobalHistGB,TX_2__HOBBIES,1568,16,55974.640625,0.01740578879139919,rmsse,0.5654685930130454
store_cat,4,BottomUpGlobalHistGB,BottomUpGlobalHistGB,TX_2__HOUSEHOLD,1568,17,102344.765625,0.031824972067411146,rmsse,0.3141409206443386
store_cat,4,BottomUpGlobalHistGB,BottomUpGlobalHistGB,TX_3__FOODS,1568,18,185515.796875,0.05768770896640953,rmsse,0.6609918402195339
store_cat,4,BottomUpGlobalHistGB,BottomUpGlobalHistGB,TX_3__HOBBIES,1568,19,71178.390625,0.02213352367959858,rmsse,0.8050018975042376
store_cat,4,BottomUpGlobalHistGB,BottomUpGlobalHistGB,TX_3__HOUSEHOLD,1568,20,104345.796875,0.03244720968990574,rmsse,0.6376694967747989
store_cat,4,BottomUpGlobalHistGB,BottomUpGlobalHistGB,WI_1__FOODS,1568,21,171597.125,0.05335958001001147,rmsse,0.5407242564043596
store_cat,4,BottomUpGlobalHistGB,BottomUpGlobalHistGB,WI_1__HOBBIES,1568,22,42377.875,0.013177759311041865,rmsse,0.4543816388012917
store_cat,4,BottomUpGlobalHistGB,BottomUpGlobalHistGB,WI_1__HOUSEHOLD,1568,23,74826.484375,0.02326792934249735,rmsse,0.4405397944660218
store_cat,4,BottomUpGlobalHistGB,BottomUpGlobalHistGB,WI_2__FOODS,1568,24,210272.09375,0.06538588924683765,rmsse,1.0317419611717733
store_cat,4,BottomUpGlobalHistGB,BottomUpGlobalHistGB,WI_2__HOBBIES,1568,25,24916.8984375,0.007748120697110228,rmsse,0.7726397154341349
store_cat,4,BottomUpGlobalHistGB,BottomUpGlobalHistGB,WI_2__HOUSEHOLD,1568,26,85993.5546875,0.02674042447793314,rmsse,1.0191878606575142
store_cat,4,BottomUpGlobalHistGB,BottomUpGlobalHistGB,WI_3__FOODS,1568,27,152977.359375,0.04756960611834604,rmsse,0.5944565133796711
store_cat,4,BottomUpGlobalHistGB,BottomUpGlobalHistGB,WI_3__HOBBIES,1568,28,25281.419921875,0.007861471741370881,rmsse,0.7268791669309391
store_cat,4,BottomUpGlobalHistGB,BottomUpGlobalHistGB,WI_3__HOUSEHOLD,1568,29,71430.6328125,0.022211960525121525,rmsse,0.61774282230713
store_cat,4,BottomUpGlobalHistGB,BottomUpGlobalHistGB,CA_1__FOODS,1596,30,218156.640625,0.06756247139642138,rmsse,0.49868131436835056
store_cat,4,BottomUpGlobalHistGB,BottomUpGlobalHistGB,CA_1__HOBBIES,1596,31,62647.34375,0.019401698513715152,rmsse,0.6763580344556424
store_cat,4,BottomUpGlobalHistGB,BottomUpGlobalHistGB,CA_1__HOUSEHOLD,1596,32,111508.96875,0.03453400038629386,rmsse,0.6578785270780337
store_cat,4,BottomUpGlobalHistGB,BottomUpGlobalHistGB,CA_2__FOODS,1596,33,124184.8984375,0.03845969861157458,rmsse,1.3067665268273254
store_cat,4,BottomUpGlobalHistGB,BottomUpGlobalHistGB,CA_2__HOBBIES,1596,34,35712.88671875,0.01106017621332348,rmsse,0.6546965526355666
store_cat,4,BottomUpGlobalHistGB,BottomUpGlobalHistGB,CA_2__HOUSEHOLD,1596,35,107060.6328125,0.03315636380059106,rmsse,0.6404125549156127
store_cat,4,BottomUpGlobalHistGB,BottomUpGlobalHistGB,CA_3__FOODS,1596,36,285717.21875,0.08848578417763645,rmsse,0.783029006583318
store_cat,4,BottomUpGlobalHistGB,BottomUpGlobalHistGB,CA_3__HOBBIES,1596,37,68288.1953125,0.021148653688909533,rmsse,0.984897408460227
store_cat,4,BottomUpGlobalHistGB,BottomUpGlobalHistGB,CA_3__HOUSEHOLD,1596,38,198473.0625,0.06146652501477757,rmsse,0.6858223630523266
store_cat,4,BottomUpGlobalHistGB,BottomUpGlobalHistGB,CA_4__FOODS,1596,39,116616.671875,0.036115841054978406,rmsse,0.6555952646473986
store_cat,4,BottomUpGlobalHistGB,BottomUpGlobalHistGB,CA_4__HOBBIES,1596,40,39243.08203125,0.012153467341850466,rmsse,0.9494062996464423
store_cat,4,BottomUpGlobalHistGB,BottomUpGlobalHistGB,CA_4__HOUSEHOLD,1596,41,58249.5703125,0.018039720985881025,rmsse,1.1879659912124403
store_cat,4,BottomUpGlobalHistGB,BottomUpGlobalHistGB,TX_1__FOODS,1596,42,144254.125,0.04467507918258353,rmsse,1.0351686451351283
store_cat,4,BottomUpGlobalHistGB,BottomUpGlobalHistGB,TX_1__HOBBIES,1596,43,38381.20703125,0.011886547183619364,rmsse,0.9955316832506201
store_cat,4,BottomUpGlobalHistGB,BottomUpGlobalHistGB,TX_1__HOUSEHOLD,1596,44,100307.125,0.031064822249986294,rmsse,0.6670905016671295
store_cat,4,BottomUpGlobalHistGB,BottomUpGlobalHistGB,TX_2__FOODS,1596,45,172290.359375,0.05335781869304533,rmsse,1.083526603912042
store_cat,4,BottomUpGlobalHistGB,BottomUpGlobalHistGB,TX_2__HOBBIES,1596,46,56974.41796875,0.017644810047099287,rmsse,0.9208458576104382
store_cat,4,BottomUpGlobalHistGB,BottomUpGlobalHistGB,TX_2__HOUSEHOLD,1596,47,102815.34375,0.03184161023621193,rmsse,0.641557846745018
store_cat,4,BottomUpGlobalHistGB,BottomUpGlobalHistGB,TX_3__FOODS,1596,48,173334.609375,0.05368121985357653,rmsse,1.4492155152926474
store_cat,4,BottomUpGlobalHistGB,BottomUpGlobalHistGB,TX_3__HOBBIES,1596,49,69821.453125,0.02162349913392369,rmsse,1.1862926823629063
store_cat,4,BottomUpGlobalHistGB,BottomUpGlobalHistGB,TX_3__HOUSEHOLD,1596,50,105690.0703125,0.03273190461641051,rmsse,0.7827556061424086
store_cat,4,BottomUpGlobalHistGB,BottomUpGlobalHistGB,WI_1__FOODS,1596,51,172074.03125,0.05329082250757199,rmsse,0.6065543457704625
store_cat,4,BottomUpGlobalHistGB,BottomUpGlobalHistGB,WI_1__HOBBIES,1596,52,42553.390625,0.013178660198862826,rmsse,0.711803299033311
store_cat,4,BottomUpGlobalHistGB,BottomUpGlobalHistGB,WI_1__HOUSEHOLD,1596,53,77409.6953125,0.023973555470844267,rmsse,0.714484903149723
store_cat,4,BottomUpGlobalHistGB,BottomUpGlobalHistGB,WI_2__FOODS,1596,54,192405.90625,0.05958754452890338,rmsse,1.1851917974026098
store_cat,4,BottomUpGlobalHistGB,BottomUpGlobalHistGB,WI_2__HOBBIES,1596,55,27172.5703125,0.008415265284824653,rmsse,1.0736410652248267
store_cat,4,BottomUpGlobalHistGB,BottomUpGlobalHistGB,WI_2__HOUSEHOLD,1596,56,88800.015625,0.027501104245452462,rmsse,1.3074109098265223
store_cat,4,BottomUpGlobalHistGB,BottomUpGlobalHistGB,WI_3__FOODS,1596,57,138527.015625,0.04290141021599113,rmsse,0.7894962008997486
store_cat,4,BottomUpGlobalHistGB,BottomUpGlobalHistGB,WI_3__HOBBIES,1596,58,25475.140625,0.007889576291903788,rmsse,1.0413457681942346
store_cat,4,BottomUpGlobalHistGB,BottomUpGlobalHistGB,WI_3__HOUSEHOLD,1596,59,74816.171875,0.023170348873236064,rmsse,0.7623209865214347
store_cat,4,BottomUpGlobalHistGB,BottomUpGlobalHistGB,CA_1__FOODS,1624,60,220013.046875,0.06784256696116275,rmsse,0.36835981813809465
store_cat,4,BottomUpGlobalHistGB,BottomUpGlobalHistGB,CA_1__HOBBIES,1624,61,62929.06640625,0.019404619235581292,rmsse,0.5441243003418527
store_cat,4,BottomUpGlobalHistGB,BottomUpGlobalHistGB,CA_1__HOUSEHOLD,1624,62,115288.7890625,0.03555010715472609,rmsse,0.7527150159953168
store_cat,4,BottomUpGlobalHistGB,BottomUpGlobalHistGB,CA_2__FOODS,1624,63,159095.96875,0.04905835843137624,rmsse,0.9595981888185379
store_cat,4,BottomUpGlobalHistGB,BottomUpGlobalHistGB,CA_2__HOBBIES,1624,64,40058.953125,0.012352459312655899,rmsse,0.495389581364777
store_cat,4,BottomUpGlobalHistGB,BottomUpGlobalHistGB,CA_2__HOUSEHOLD,1624,65,114994.9296875,0.03545949355426571,rmsse,0.7779234398350299
store_cat,4,BottomUpGlobalHistGB,BottomUpGlobalHistGB,CA_3__FOODS,1624,66,289613.4375,0.08930433583608938,rmsse,0.5267479381812431
store_cat,4,BottomUpGlobalHistGB,BottomUpGlobalHistGB,CA_3__HOBBIES,1624,67,66763.3359375,0.020586943152802278,rmsse,0.7413117695197101
store_cat,4,BottomUpGlobalHistGB,BottomUpGlobalHistGB,CA_3__HOUSEHOLD,1624,68,197297.125,0.06083795304040375,rmsse,0.9621718189649084
store_cat,4,BottomUpGlobalHistGB,BottomUpGlobalHistGB,CA_4__FOODS,1624,69,115117.984375,0.03549743833070138,rmsse,0.5150050642831059
store_cat,4,BottomUpGlobalHistGB,BottomUpGlobalHistGB,CA_4__HOBBIES,1624,70,38451.5390625,0.011856801906341136,rmsse,1.1304389764035574
store_cat,4,BottomUpGlobalHistGB,BottomUpGlobalHistGB,CA_4__HOUSEHOLD,1624,71,58972.1171875,0.01818446617580622,rmsse,0.9017270717618286
store_cat,4,BottomUpGlobalHistGB,BottomUpGlobalHistGB,TX_1__FOODS,1624,72,142577.84375,0.043964878670505324,rmsse,0.6061923861479624
store_cat,4,BottomUpGlobalHistGB,BottomUpGlobalHistGB,TX_1__HOBBIES,1624,73,35482.73828125,0.010941351351671362,rmsse,0.7461874176084398
store_cat,4,BottomUpGlobalHistGB,BottomUpGlobalHistGB,TX_1__HOUSEHOLD,1624,74,96711.265625,0.029821597433676558,rmsse,0.514179909257841
store_cat,4,BottomUpGlobalHistGB,BottomUpGlobalHistGB,TX_2__FOODS,1624,75,170484.6875,0.052570149779085265,rmsse,0.491314051202806
store_cat,4,BottomUpGlobalHistGB,BottomUpGlobalHistGB,TX_2__HOBBIES,1624,76,53368.81640625,0.0164566490583447,rmsse,0.5485941748487401
store_cat,4,BottomUpGlobalHistGB,BottomUpGlobalHistGB,TX_2__HOUSEHOLD,1624,77,100137.1875,0.03087800448548404,rmsse,0.4368256599422163
store_cat,4,BottomUpGlobalHistGB,BottomUpGlobalHistGB,TX_3__FOODS,1624,78,168899.796875,0.05208143763278345,rmsse,0.6421364316549074
store_cat,4,BottomUpGlobalHistGB,BottomUpGlobalHistGB,TX_3__HOBBIES,1624,79,61914.1875,0.01909167420285396,rmsse,0.6585856838035238
store_cat,4,BottomUpGlobalHistGB,BottomUpGlobalHistGB,TX_3__HOUSEHOLD,1624,80,101344.3671875,0.031250246813594264,rmsse,0.7052211142909047
store_cat,4,BottomUpGlobalHistGB,BottomUpGlobalHistGB,WI_1__FOODS,1624,81,164837.171875,0.05082869870427261,rmsse,0.4568301384320274
store_cat,4,BottomUpGlobalHistGB,BottomUpGlobalHistGB,WI_1__HOBBIES,1624,82,42539.6328125,0.013117394302643252,rmsse,0.5521502079424312
store_cat,4,BottomUpGlobalHistGB,BottomUpGlobalHistGB,WI_1__HOUSEHOLD,1624,83,77645.03125,0.02394239026548502,rmsse,0.6586706307758944
store_cat,4,BottomUpGlobalHistGB,BottomUpGlobalHistGB,WI_2__FOODS,1624,84,189465.140625,0.05842290569686326,rmsse,0.9301080368863726
store_cat,4,BottomUpGlobalHistGB,BottomUpGlobalHistGB,WI_2__HOBBIES,1624,85,27261.52734375,0.008406283266158821,rmsse,0.7637134619535796
store_cat,4,BottomUpGlobalHistGB,BottomUpGlobalHistGB,WI_2__HOUSEHOLD,1624,86,87001.796875,0.026827614607724242,rmsse,1.2445908333230113
store_cat,4,BottomUpGlobalHistGB,BottomUpGlobalHistGB,WI_3__FOODS,1624,87,145719.78125,0.04493371714740094,rmsse,0.5446503031714688
store_cat,4,BottomUpGlobalHistGB,BottomUpGlobalHistGB,WI_3__HOBBIES,1624,88,25590.76953125,0.007891093370012273,rmsse,0.8672158135244603
store_cat,4,BottomUpGlobalHistGB,BottomUpGlobalHistGB,WI_3__HOUSEHOLD,1624,89,73416.1015625,0.022638370119528538,rmsse,0.6510739820933753
store_cat,4,BottomUpGlobalHistGB,BottomUpGlobalHistGB,CA_1__FOODS,1652,90,216018.53125,0.06442420129688553,rmsse,0.3939352068035726
store_cat,4,BottomUpGlobalHistGB,BottomUpGlobalHistGB,CA_1__HOBBIES,1652,91,65447.4609375,0.019518697647878544,rmsse,0.6465368055566982
store_cat,4,BottomUpGlobalHistGB,BottomUpGlobalHistGB,CA_1__HOUSEHOLD,1652,92,119797.71875,0.035727825307384026,rmsse,0.6247223604327753
store_cat,4,BottomUpGlobalHistGB,BottomUpGlobalHistGB,CA_2__FOODS,1652,93,174231.328125,0.05196181128719119,rmsse,0.945746400459052
store_cat,4,BottomUpGlobalHistGB,BottomUpGlobalHistGB,CA_2__HOBBIES,1652,94,41661.87109375,0.012425011660885674,rmsse,0.6292282344882307
store_cat,4,BottomUpGlobalHistGB,BottomUpGlobalHistGB,CA_2__HOUSEHOLD,1652,95,125333.90625,0.0373789079985469,rmsse,0.7940294484240599
store_cat,4,BottomUpGlobalHistGB,BottomUpGlobalHistGB,CA_3__FOODS,1652,96,290598.75,0.08666660336171188,rmsse,0.5950726213634364
store_cat,4,BottomUpGlobalHistGB,BottomUpGlobalHistGB,CA_3__HOBBIES,1652,97,67250.15625,0.020056323771977337,rmsse,0.7186289559055976
store_cat,4,BottomUpGlobalHistGB,BottomUpGlobalHistGB,CA_3__HOUSEHOLD,1652,98,209033.9375,0.062341153740163614,rmsse,1.0690653989591563
store_cat,4,BottomUpGlobalHistGB,BottomUpGlobalHistGB,CA_4__FOODS,1652,99,117701.203125,0.0351025717985045,rmsse,0.6286236814991747
store_cat,4,BottomUpGlobalHistGB,BottomUpGlobalHistGB,CA_4__HOBBIES,1652,100,38269.8515625,0.011413394056508423,rmsse,0.7615060544012325
store_cat,4,BottomUpGlobalHistGB,BottomUpGlobalHistGB,CA_4__HOUSEHOLD,1652,101,59733.83984375,0.01781469811900534,rmsse,0.8705513252790615
store_cat,4,BottomUpGlobalHistGB,BottomUpGlobalHistGB,TX_1__FOODS,1652,102,151482.15625,0.04517722100351641,rmsse,0.7423383645170027
store_cat,4,BottomUpGlobalHistGB,BottomUpGlobalHistGB,TX_1__HOBBIES,1652,103,34373.328125,0.010251315929030495,rmsse,0.8497337309927263
store_cat,4,BottomUpGlobalHistGB,BottomUpGlobalHistGB,TX_1__HOUSEHOLD,1652,104,99281.828125,0.029609276774710924,rmsse,0.478727166625448
store_cat,4,BottomUpGlobalHistGB,BottomUpGlobalHistGB,TX_2__FOODS,1652,105,180129.203125,0.053720761706977774,rmsse,0.47181150599157556
store_cat,4,BottomUpGlobalHistGB,BottomUpGlobalHistGB,TX_2__HOBBIES,1652,106,53874.60546875,0.016067271670744867,rmsse,0.5398155214276522
store_cat,4,BottomUpGlobalHistGB,BottomUpGlobalHistGB,TX_2__HOUSEHOLD,1652,107,108551.953125,0.03237394884053533,rmsse,0.4127407348459609
store_cat,4,BottomUpGlobalHistGB,BottomUpGlobalHistGB,TX_3__FOODS,1652,108,179456.3125,0.05352008243735707,rmsse,0.6465701007214033
store_cat,4,BottomUpGlobalHistGB,BottomUpGlobalHistGB,TX_3__HOBBIES,1652,109,59746.28125,0.017818408576881467,rmsse,0.6847948417462559
store_cat,4,BottomUpGlobalHistGB,BottomUpGlobalHistGB,TX_3__HOUSEHOLD,1652,110,104524.96875,0.03117296274692021,rmsse,0.8878867976858821
store_cat,4,BottomUpGlobalHistGB,BottomUpGlobalHistGB,WI_1__FOODS,1652,111,168893.375,0.05036984894651428,rmsse,0.4298929960253897
store_cat,4,BottomUpGlobalHistGB,BottomUpGlobalHistGB,WI_1__HOBBIES,1652,112,42655.81640625,0.012721440548352225,rmsse,0.5109071484191947
store_cat,4,BottomUpGlobalHistGB,BottomUpGlobalHistGB,WI_1__HOUSEHOLD,1652,113,79013.1484375,0.023564455098285444,rmsse,0.5504937035868096
store_cat,4,BottomUpGlobalHistGB,BottomUpGlobalHistGB,WI_2__FOODS,1652,114,197144.109375,0.05879519554816072,rmsse,0.9506936933570034
store_cat,4,BottomUpGlobalHistGB,BottomUpGlobalHistGB,WI_2__HOBBIES,1652,115,26210.8203125,0.007816973637390177,rmsse,0.9459329617109284
store_cat,4,BottomUpGlobalHistGB,BottomUpGlobalHistGB,WI_2__HOUSEHOLD,1652,116,94435.328125,0.02816388276254626,rmsse,1.4468476509814852
store_cat,4,BottomUpGlobalHistGB,BottomUpGlobalHistGB,WI_3__FOODS,1652,117,149557.390625,0.04460318928801133,rmsse,0.495258615393604
store_cat,4,BottomUpGlobalHistGB,BottomUpGlobalHistGB,WI_3__HOBBIES,1652,118,23851.12890625,0.007113232003396538,rmsse,0.7188641397136467
store_cat,4,BottomUpGlobalHistGB,BottomUpGlobalHistGB,WI_3__HOUSEHOLD,1652,119,74804.640625,0.02230933243402552,rmsse,0.653408161154793
store_cat,4,BottomUpGlobalHistGB,BottomUpGlobalHistGB,CA_1__FOODS,1568,0,227606.21875,0.07077608229256054,mean_spl,0.08825927641214296
store_cat,4,BottomUpGlobalHistGB,BottomUpGlobalHistGB,CA_1__HOBBIES,1568,1,61449.91015625,0.019108370245657893,mean_spl,0.16305611782583895
store_cat,4,BottomUpGlobalHistGB,BottomUpGlobalHistGB,CA_1__HOUSEHOLD,1568,2,110681.0859375,0.03441722150459681,mean_spl,0.16700167939853985
store_cat,4,BottomUpGlobalHistGB,BottomUpGlobalHistGB,CA_2__FOODS,1568,3,94507.7265625,0.029387978365465067,mean_spl,0.3107539912718379
store_cat,4,BottomUpGlobalHistGB,BottomUpGlobalHistGB,CA_2__HOBBIES,1568,4,32681.55078125,0.010162605135507732,mean_spl,0.17242055718417704
store_cat,4,BottomUpGlobalHistGB,BottomUpGlobalHistGB,CA_2__HOUSEHOLD,1568,5,97190.0234375,0.03022206130661088,mean_spl,0.16513174482658713
store_cat,4,BottomUpGlobalHistGB,BottomUpGlobalHistGB,CA_3__FOODS,1568,6,286386.625,0.08905434767910389,mean_spl,0.26278974943548133
store_cat,4,BottomUpGlobalHistGB,BottomUpGlobalHistGB,CA_3__HOBBIES,1568,7,66306.0390625,0.020618424676418178,mean_spl,0.20916211124031803
store_cat,4,BottomUpGlobalHistGB,BottomUpGlobalHistGB,CA_3__HOUSEHOLD,1568,8,190131.015625,0.059122850342783584,mean_spl,0.2392130797761369
store_cat,4,BottomUpGlobalHistGB,BottomUpGlobalHistGB,CA_4__FOODS,1568,9,122596.9609375,0.038122563802445886,mean_spl,0.19968818114166723
store_cat,4,BottomUpGlobalHistGB,BottomUpGlobalHistGB,CA_4__HOBBIES,1568,10,38498.52734375,0.011971443286514517,mean_spl,0.2877677641078672
store_cat,4,BottomUpGlobalHistGB,BottomUpGlobalHistGB,CA_4__HOUSEHOLD,1568,11,57504.91796875,0.017881641497913568,mean_spl,0.29731075700883697
store_cat,4,BottomUpGlobalHistGB,BottomUpGlobalHistGB,TX_1__FOODS,1568,12,143759.71875,0.04470330266231075,mean_spl,0.1264058147964558
store_cat,4,BottomUpGlobalHistGB,BottomUpGlobalHistGB,TX_1__HOBBIES,1568,13,36857.09765625,0.011461026816885643,mean_spl,0.26545666873727236
store_cat,4,BottomUpGlobalHistGB,BottomUpGlobalHistGB,TX_1__HOUSEHOLD,1568,14,94760.015625,0.029466429787166445,mean_spl,0.178261783952034
store_cat,4,BottomUpGlobalHistGB,BottomUpGlobalHistGB,TX_2__FOODS,1568,15,175913.21875,0.05470170593306429,mean_spl,0.09161338817278689
store_cat,4,BottomUpGlobalHistGB,BottomUpGlobalHistGB,TX_2__HOBBIES,1568,16,55974.640625,0.01740578879139919,mean_spl,0.19070793690529464
store_cat,4,BottomUpGlobalHistGB,BottomUpGlobalHistGB,TX_2__HOUSEHOLD,1568,17,102344.765625,0.031824972067411146,mean_spl,0.1112261098217983
store_cat,4,BottomUpGlobalHistGB,BottomUpGlobalHistGB,TX_3__FOODS,1568,18,185515.796875,0.05768770896640953,mean_spl,0.17782577077282694
store_cat,4,BottomUpGlobalHistGB,BottomUpGlobalHistGB,TX_3__HOBBIES,1568,19,71178.390625,0.02213352367959858,mean_spl,0.24587498497754018
store_cat,4,BottomUpGlobalHistGB,BottomUpGlobalHistGB,TX_3__HOUSEHOLD,1568,20,104345.796875,0.03244720968990574,mean_spl,0.1954360268416656
store_cat,4,BottomUpGlobalHistGB,BottomUpGlobalHistGB,WI_1__FOODS,1568,21,171597.125,0.05335958001001147,mean_spl,0.1550596530654815
store_cat,4,BottomUpGlobalHistGB,BottomUpGlobalHistGB,WI_1__HOBBIES,1568,22,42377.875,0.013177759311041865,mean_spl,0.1457831839813537
store_cat,4,BottomUpGlobalHistGB,BottomUpGlobalHistGB,WI_1__HOUSEHOLD,1568,23,74826.484375,0.02326792934249735,mean_spl,0.13714624949193208
store_cat,4,BottomUpGlobalHistGB,BottomUpGlobalHistGB,WI_2__FOODS,1568,24,210272.09375,0.06538588924683765,mean_spl,0.395261089205678
store_cat,4,BottomUpGlobalHistGB,BottomUpGlobalHistGB,WI_2__HOBBIES,1568,25,24916.8984375,0.007748120697110228,mean_spl,0.27327652615067693
store_cat,4,BottomUpGlobalHistGB,BottomUpGlobalHistGB,WI_2__HOUSEHOLD,1568,26,85993.5546875,0.02674042447793314,mean_spl,0.2580583857299654
store_cat,4,BottomUpGlobalHistGB,BottomUpGlobalHistGB,WI_3__FOODS,1568,27,152977.359375,0.04756960611834604,mean_spl,0.17346955066900213
store_cat,4,BottomUpGlobalHistGB,BottomUpGlobalHistGB,WI_3__HOBBIES,1568,28,25281.419921875,0.007861471741370881,mean_spl,0.2243752384493056
store_cat,4,BottomUpGlobalHistGB,BottomUpGlobalHistGB,WI_3__HOUSEHOLD,1568,29,71430.6328125,0.022211960525121525,mean_spl,0.16857275762479965
store_cat,4,BottomUpGlobalHistGB,BottomUpGlobalHistGB,CA_1__FOODS,1596,30,218156.640625,0.06756247139642138,mean_spl,0.12634551569649266
store_cat,4,BottomUpGlobalHistGB,BottomUpGlobalHistGB,CA_1__HOBBIES,1596,31,62647.34375,0.019401698513715152,mean_spl,0.19108091912457542
store_cat,4,BottomUpGlobalHistGB,BottomUpGlobalHistGB,CA_1__HOUSEHOLD,1596,32,111508.96875,0.03453400038629386,mean_spl,0.16859331513372566
store_cat,4,BottomUpGlobalHistGB,BottomUpGlobalHistGB,CA_2__FOODS,1596,33,124184.8984375,0.03845969861157458,mean_spl,0.4282877742661372
store_cat,4,BottomUpGlobalHistGB,BottomUpGlobalHistGB,CA_2__HOBBIES,1596,34,35712.88671875,0.01106017621332348,mean_spl,0.20225051083058493
store_cat,4,BottomUpGlobalHistGB,BottomUpGlobalHistGB,CA_2__HOUSEHOLD,1596,35,107060.6328125,0.03315636380059106,mean_spl,0.16346826728037211
store_cat,4,BottomUpGlobalHistGB,BottomUpGlobalHistGB,CA_3__FOODS,1596,36,285717.21875,0.08848578417763645,mean_spl,0.24206205196511002
store_cat,4,BottomUpGlobalHistGB,BottomUpGlobalHistGB,CA_3__HOBBIES,1596,37,68288.1953125,0.021148653688909533,mean_spl,0.25074868564855424
store_cat,4,BottomUpGlobalHistGB,BottomUpGlobalHistGB,CA_3__HOUSEHOLD,1596,38,198473.0625,0.06146652501477757,mean_spl,0.16430094618685595
store_cat,4,BottomUpGlobalHistGB,BottomUpGlobalHistGB,CA_4__FOODS,1596,39,116616.671875,0.036115841054978406,mean_spl,0.17007159244041883
store_cat,4,BottomUpGlobalHistGB,BottomUpGlobalHistGB,CA_4__HOBBIES,1596,40,39243.08203125,0.012153467341850466,mean_spl,0.2620787738960935
store_cat,4,BottomUpGlobalHistGB,BottomUpGlobalHistGB,CA_4__HOUSEHOLD,1596,41,58249.5703125,0.018039720985881025,mean_spl,0.3403014158922259
store_cat,4,BottomUpGlobalHistGB,BottomUpGlobalHistGB,TX_1__FOODS,1596,42,144254.125,0.04467507918258353,mean_spl,0.24918652804326197
store_cat,4,BottomUpGlobalHistGB,BottomUpGlobalHistGB,TX_1__HOBBIES,1596,43,38381.20703125,0.011886547183619364,mean_spl,0.2706581264035725
store_cat,4,BottomUpGlobalHistGB,BottomUpGlobalHistGB,TX_1__HOUSEHOLD,1596,44,100307.125,0.031064822249986294,mean_spl,0.17547563370703267
store_cat,4,BottomUpGlobalHistGB,BottomUpGlobalHistGB,TX_2__FOODS,1596,45,172290.359375,0.05335781869304533,mean_spl,0.26684463507704986
store_cat,4,BottomUpGlobalHistGB,BottomUpGlobalHistGB,TX_2__HOBBIES,1596,46,56974.41796875,0.017644810047099287,mean_spl,0.24998261624689702
store_cat,4,BottomUpGlobalHistGB,BottomUpGlobalHistGB,TX_2__HOUSEHOLD,1596,47,102815.34375,0.03184161023621193,mean_spl,0.16993170485076448
store_cat,4,BottomUpGlobalHistGB,BottomUpGlobalHistGB,TX_3__FOODS,1596,48,173334.609375,0.05368121985357653,mean_spl,0.3499426157017105
store_cat,4,BottomUpGlobalHistGB,BottomUpGlobalHistGB,TX_3__HOBBIES,1596,49,69821.453125,0.02162349913392369,mean_spl,0.2926866603345263
store_cat,4,BottomUpGlobalHistGB,BottomUpGlobalHistGB,TX_3__HOUSEHOLD,1596,50,105690.0703125,0.03273190461641051,mean_spl,0.20270458237749434
store_cat,4,BottomUpGlobalHistGB,BottomUpGlobalHistGB,WI_1__FOODS,1596,51,172074.03125,0.05329082250757199,mean_spl,0.16083064511720555
store_cat,4,BottomUpGlobalHistGB,BottomUpGlobalHistGB,WI_1__HOBBIES,1596,52,42553.390625,0.013178660198862826,mean_spl,0.19016477440983467
store_cat,4,BottomUpGlobalHistGB,BottomUpGlobalHistGB,WI_1__HOUSEHOLD,1596,53,77409.6953125,0.023973555470844267,mean_spl,0.1786668856920355
store_cat,4,BottomUpGlobalHistGB,BottomUpGlobalHistGB,WI_2__FOODS,1596,54,192405.90625,0.05958754452890338,mean_spl,0.47145646720358236
store_cat,4,BottomUpGlobalHistGB,BottomUpGlobalHistGB,WI_2__HOBBIES,1596,55,27172.5703125,0.008415265284824653,mean_spl,0.302635141379051
store_cat,4,BottomUpGlobalHistGB,BottomUpGlobalHistGB,WI_2__HOUSEHOLD,1596,56,88800.015625,0.027501104245452462,mean_spl,0.3236970233928621
store_cat,4,BottomUpGlobalHistGB,BottomUpGlobalHistGB,WI_3__FOODS,1596,57,138527.015625,0.04290141021599113,mean_spl,0.2185607142594964
store_cat,4,BottomUpGlobalHistGB,BottomUpGlobalHistGB,WI_3__HOBBIES,1596,58,25475.140625,0.007889576291903788,mean_spl,0.268035519552272
store_cat,4,BottomUpGlobalHistGB,BottomUpGlobalHistGB,WI_3__HOUSEHOLD,1596,59,74816.171875,0.023170348873236064,mean_spl,0.18935983366551462
store_cat,4,BottomUpGlobalHistGB,BottomUpGlobalHistGB,CA_1__FOODS,1624,60,220013.046875,0.06784256696116275,mean_spl,0.09099236405471617
store_cat,4,BottomUpGlobalHistGB,BottomUpGlobalHistGB,CA_1__HOBBIES,1624,61,62929.06640625,0.019404619235581292,mean_spl,0.1642812898155557
store_cat,4,BottomUpGlobalHistGB,BottomUpGlobalHistGB,CA_1__HOUSEHOLD,1624,62,115288.7890625,0.03555010715472609,mean_spl,0.18413511124326895
store_cat,4,BottomUpGlobalHistGB,BottomUpGlobalHistGB,CA_2__FOODS,1624,63,159095.96875,0.04905835843137624,mean_spl,0.2905722715706567
store_cat,4,BottomUpGlobalHistGB,BottomUpGlobalHistGB,CA_2__HOBBIES,1624,64,40058.953125,0.012352459312655899,mean_spl,0.1765485421140497
store_cat,4,BottomUpGlobalHistGB,BottomUpGlobalHistGB,CA_2__HOUSEHOLD,1624,65,114994.9296875,0.03545949355426571,mean_spl,0.20125177590727644
store_cat,4,BottomUpGlobalHistGB,BottomUpGlobalHistGB,CA_3__FOODS,1624,66,289613.4375,0.08930433583608938,mean_spl,0.1645241203474283
store_cat,4,BottomUpGlobalHistGB,BottomUpGlobalHistGB,CA_3__HOBBIES,1624,67,66763.3359375,0.020586943152802278,mean_spl,0.2034604020470384
store_cat,4,BottomUpGlobalHistGB,BottomUpGlobalHistGB,CA_3__HOUSEHOLD,1624,68,197297.125,0.06083795304040375,mean_spl,0.30310716319830716
store_cat,4,BottomUpGlobalHistGB,BottomUpGlobalHistGB,CA_4__FOODS,1624,69,115117.984375,0.03549743833070138,mean_spl,0.14409471673756108
store_cat,4,BottomUpGlobalHistGB,BottomUpGlobalHistGB,CA_4__HOBBIES,1624,70,38451.5390625,0.011856801906341136,mean_spl,0.2909792437452665
store_cat,4,BottomUpGlobalHistGB,BottomUpGlobalHistGB,CA_4__HOUSEHOLD,1624,71,58972.1171875,0.01818446617580622,mean_spl,0.2987105148500324
store_cat,4,BottomUpGlobalHistGB,BottomUpGlobalHistGB,TX_1__FOODS,1624,72,142577.84375,0.043964878670505324,mean_spl,0.17606740833378237
store_cat,4,BottomUpGlobalHistGB,BottomUpGlobalHistGB,TX_1__HOBBIES,1624,73,35482.73828125,0.010941351351671362,mean_spl,0.25004620211643114
store_cat,4,BottomUpGlobalHistGB,BottomUpGlobalHistGB,TX_1__HOUSEHOLD,1624,74,96711.265625,0.029821597433676558,mean_spl,0.1570006993065904
store_cat,4,BottomUpGlobalHistGB,BottomUpGlobalHistGB,TX_2__FOODS,1624,75,170484.6875,0.052570149779085265,mean_spl,0.14970459025622235
store_cat,4,BottomUpGlobalHistGB,BottomUpGlobalHistGB,TX_2__HOBBIES,1624,76,53368.81640625,0.0164566490583447,mean_spl,0.19140795848233638
store_cat,4,BottomUpGlobalHistGB,BottomUpGlobalHistGB,TX_2__HOUSEHOLD,1624,77,100137.1875,0.03087800448548404,mean_spl,0.14073509567279716
store_cat,4,BottomUpGlobalHistGB,BottomUpGlobalHistGB,TX_3__FOODS,1624,78,168899.796875,0.05208143763278345,mean_spl,0.18144802448982522
store_cat,4,BottomUpGlobalHistGB,BottomUpGlobalHistGB,TX_3__HOBBIES,1624,79,61914.1875,0.01909167420285396,mean_spl,0.2311020163434735
store_cat,4,BottomUpGlobalHistGB,BottomUpGlobalHistGB,TX_3__HOUSEHOLD,1624,80,101344.3671875,0.031250246813594264,mean_spl,0.19640778399142475
store_cat,4,BottomUpGlobalHistGB,BottomUpGlobalHistGB,WI_1__FOODS,1624,81,164837.171875,0.05082869870427261,mean_spl,0.12049772729271242
store_cat,4,BottomUpGlobalHistGB,BottomUpGlobalHistGB,WI_1__HOBBIES,1624,82,42539.6328125,0.013117394302643252,mean_spl,0.16301303279238397
store_cat,4,BottomUpGlobalHistGB,BottomUpGlobalHistGB,WI_1__HOUSEHOLD,1624,83,77645.03125,0.02394239026548502,mean_spl,0.18040978170066294
store_cat,4,BottomUpGlobalHistGB,BottomUpGlobalHistGB,WI_2__FOODS,1624,84,189465.140625,0.05842290569686326,mean_spl,0.31182952834062366
store_cat,4,BottomUpGlobalHistGB,BottomUpGlobalHistGB,WI_2__HOBBIES,1624,85,27261.52734375,0.008406283266158821,mean_spl,0.2624418391817162
store_cat,4,BottomUpGlobalHistGB,BottomUpGlobalHistGB,WI_2__HOUSEHOLD,1624,86,87001.796875,0.026827614607724242,mean_spl,0.32025929904178846
store_cat,4,BottomUpGlobalHistGB,BottomUpGlobalHistGB,WI_3__FOODS,1624,87,145719.78125,0.04493371714740094,mean_spl,0.15496246341609932
store_cat,4,BottomUpGlobalHistGB,BottomUpGlobalHistGB,WI_3__HOBBIES,1624,88,25590.76953125,0.007891093370012273,mean_spl,0.23831716139299963
store_cat,4,BottomUpGlobalHistGB,BottomUpGlobalHistGB,WI_3__HOUSEHOLD,1624,89,73416.1015625,0.022638370119528538,mean_spl,0.16920959146453732
store_cat,4,BottomUpGlobalHistGB,BottomUpGlobalHistGB,CA_1__FOODS,1652,90,216018.53125,0.06442420129688553,mean_spl,0.10891194317487309
store_cat,4,BottomUpGlobalHistGB,BottomUpGlobalHistGB,CA_1__HOBBIES,1652,91,65447.4609375,0.019518697647878544,mean_spl,0.1826110451776574
store_cat,4,BottomUpGlobalHistGB,BottomUpGlobalHistGB,CA_1__HOUSEHOLD,1652,92,119797.71875,0.035727825307384026,mean_spl,0.15514911620785687
store_cat,4,BottomUpGlobalHistGB,BottomUpGlobalHistGB,CA_2__FOODS,1652,93,174231.328125,0.05196181128719119,mean_spl,0.25547161445004846
store_cat,4,BottomUpGlobalHistGB,BottomUpGlobalHistGB,CA_2__HOBBIES,1652,94,41661.87109375,0.012425011660885674,mean_spl,0.18049336552784406
store_cat,4,BottomUpGlobalHistGB,BottomUpGlobalHistGB,CA_2__HOUSEHOLD,1652,95,125333.90625,0.0373789079985469,mean_spl,0.19831295725932832
store_cat,4,BottomUpGlobalHistGB,BottomUpGlobalHistGB,CA_3__FOODS,1652,96,290598.75,0.08666660336171188,mean_spl,0.17447753317241063
store_cat,4,BottomUpGlobalHistGB,BottomUpGlobalHistGB,CA_3__HOBBIES,1652,97,67250.15625,0.020056323771977337,mean_spl,0.21678489627805209
store_cat,4,BottomUpGlobalHistGB,BottomUpGlobalHistGB,CA_3__HOUSEHOLD,1652,98,209033.9375,0.062341153740163614,mean_spl,0.31666766072558256
store_cat,4,BottomUpGlobalHistGB,BottomUpGlobalHistGB,CA_4__FOODS,1652,99,117701.203125,0.0351025717985045,mean_spl,0.17908350710056464
store_cat,4,BottomUpGlobalHistGB,BottomUpGlobalHistGB,CA_4__HOBBIES,1652,100,38269.8515625,0.011413394056508423,mean_spl,0.23578925894141667
store_cat,4,BottomUpGlobalHistGB,BottomUpGlobalHistGB,CA_4__HOUSEHOLD,1652,101,59733.83984375,0.01781469811900534,mean_spl,0.28341372857342345
store_cat,4,BottomUpGlobalHistGB,BottomUpGlobalHistGB,TX_1__FOODS,1652,102,151482.15625,0.04517722100351641,mean_spl,0.21778078117773025
store_cat,4,BottomUpGlobalHistGB,BottomUpGlobalHistGB,TX_1__HOBBIES,1652,103,34373.328125,0.010251315929030495,mean_spl,0.2612040186189231
store_cat,4,BottomUpGlobalHistGB,BottomUpGlobalHistGB,TX_1__HOUSEHOLD,1652,104,99281.828125,0.029609276774710924,mean_spl,0.13884298273429102
store_cat,4,BottomUpGlobalHistGB,BottomUpGlobalHistGB,TX_2__FOODS,1652,105,180129.203125,0.053720761706977774,mean_spl,0.1327279197741403
store_cat,4,BottomUpGlobalHistGB,BottomUpGlobalHistGB,TX_2__HOBBIES,1652,106,53874.60546875,0.016067271670744867,mean_spl,0.18682290672279875
store_cat,4,BottomUpGlobalHistGB,BottomUpGlobalHistGB,TX_2__HOUSEHOLD,1652,107,108551.953125,0.03237394884053533,mean_spl,0.12756722454867653
store_cat,4,BottomUpGlobalHistGB,BottomUpGlobalHistGB,TX_3__FOODS,1652,108,179456.3125,0.05352008243735707,mean_spl,0.17542767273865778
store_cat,4,BottomUpGlobalHistGB,BottomUpGlobalHistGB,TX_3__HOBBIES,1652,109,59746.28125,0.017818408576881467,mean_spl,0.2356724539118456
store_cat,4,BottomUpGlobalHistGB,BottomUpGlobalHistGB,TX_3__HOUSEHOLD,1652,110,104524.96875,0.03117296274692021,mean_spl,0.2334214112785092
store_cat,4,BottomUpGlobalHistGB,BottomUpGlobalHistGB,WI_1__FOODS,1652,111,168893.375,0.05036984894651428,mean_spl,0.11793189018350707
store_cat,4,BottomUpGlobalHistGB,BottomUpGlobalHistGB,WI_1__HOBBIES,1652,112,42655.81640625,0.012721440548352225,mean_spl,0.15640463478243521
store_cat,4,BottomUpGlobalHistGB,BottomUpGlobalHistGB,WI_1__HOUSEHOLD,1652,113,79013.1484375,0.023564455098285444,mean_spl,0.1560355176282242
store_cat,4,BottomUpGlobalHistGB,BottomUpGlobalHistGB,WI_2__FOODS,1652,114,197144.109375,0.05879519554816072,mean_spl,0.2910625399461716
store_cat,4,BottomUpGlobalHistGB,BottomUpGlobalHistGB,WI_2__HOBBIES,1652,115,26210.8203125,0.007816973637390177,mean_spl,0.27974464705161095
store_cat,4,BottomUpGlobalHistGB,BottomUpGlobalHistGB,WI_2__HOUSEHOLD,1652,116,94435.328125,0.02816388276254626,mean_spl,0.3799230632066106
store_cat,4,BottomUpGlobalHistGB,BottomUpGlobalHistGB,WI_3__FOODS,1652,117,149557.390625,0.04460318928801133,mean_spl,0.12942063229586123
store_cat,4,BottomUpGlobalHistGB,BottomUpGlobalHistGB,WI_3__HOBBIES,1652,118,23851.12890625,0.007113232003396538,mean_spl,0.2363074447052155
store_cat,4,BottomUpGlobalHistGB,BottomUpGlobalHistGB,WI_3__HOUSEHOLD,1652,119,74804.640625,0.02230933243402552,mean_spl,0.15922787145175069
store_cat,5,AggregateHistGB,AggregateHistGB,CA_1__FOODS,1624,0,220013.046875,0.06784256696116275,rmsse,0.41436634375664283
store_cat,5,AggregateHistGB,AggregateHistGB,CA_1__HOBBIES,1624,1,62929.06640625,0.019404619235581292,rmsse,0.664628204244741
store_cat,5,AggregateHistGB,AggregateHistGB,CA_1__HOUSEHOLD,1624,2,115288.7890625,0.03555010715472609,rmsse,0.9086778991064427
store_cat,5,AggregateHistGB,AggregateHistGB,CA_2__FOODS,1624,3,159095.96875,0.04905835843137624,rmsse,0.9178769708076308
store_cat,5,AggregateHistGB,AggregateHistGB,CA_2__HOBBIES,1624,4,40058.953125,0.012352459312655899,rmsse,0.6578888813330951
store_cat,5,AggregateHistGB,AggregateHistGB,CA_2__HOUSEHOLD,1624,5,114994.9296875,0.03545949355426571,rmsse,0.6310387417447113
store_cat,5,AggregateHistGB,AggregateHistGB,CA_3__FOODS,1624,6,289613.4375,0.08930433583608938,rmsse,0.6219376165191649
store_cat,5,AggregateHistGB,AggregateHistGB,CA_3__HOBBIES,1624,7,66763.3359375,0.020586943152802278,rmsse,0.7177886020148442
store_cat,5,AggregateHistGB,AggregateHistGB,CA_3__HOUSEHOLD,1624,8,197297.125,0.06083795304040375,rmsse,0.7780303895169468
store_cat,5,AggregateHistGB,AggregateHistGB,CA_4__FOODS,1624,9,115117.984375,0.03549743833070138,rmsse,0.45151541819584884
store_cat,5,AggregateHistGB,AggregateHistGB,CA_4__HOBBIES,1624,10,38451.5390625,0.011856801906341136,rmsse,0.9973435604364262
store_cat,5,AggregateHistGB,AggregateHistGB,CA_4__HOUSEHOLD,1624,11,58972.1171875,0.01818446617580622,rmsse,0.8908156625736116
store_cat,5,AggregateHistGB,AggregateHistGB,TX_1__FOODS,1624,12,142577.84375,0.043964878670505324,rmsse,0.7832190058339541
store_cat,5,AggregateHistGB,AggregateHistGB,TX_1__HOBBIES,1624,13,35482.73828125,0.010941351351671362,rmsse,0.7225392403281797
store_cat,5,AggregateHistGB,AggregateHistGB,TX_1__HOUSEHOLD,1624,14,96711.265625,0.029821597433676558,rmsse,0.61222667722908
store_cat,5,AggregateHistGB,AggregateHistGB,TX_2__FOODS,1624,15,170484.6875,0.052570149779085265,rmsse,0.48369470902642053
store_cat,5,AggregateHistGB,AggregateHistGB,TX_2__HOBBIES,1624,16,53368.81640625,0.0164566490583447,rmsse,0.5449122624804683
store_cat,5,AggregateHistGB,AggregateHistGB,TX_2__HOUSEHOLD,1624,17,100137.1875,0.03087800448548404,rmsse,0.5715242122871438
store_cat,5,AggregateHistGB,AggregateHistGB,TX_3__FOODS,1624,18,168899.796875,0.05208143763278345,rmsse,0.7556143930772484
store_cat,5,AggregateHistGB,AggregateHistGB,TX_3__HOBBIES,1624,19,61914.1875,0.01909167420285396,rmsse,0.6110894726256977
store_cat,5,AggregateHistGB,AggregateHistGB,TX_3__HOUSEHOLD,1624,20,101344.3671875,0.031250246813594264,rmsse,0.7470596139084724
store_cat,5,AggregateHistGB,AggregateHistGB,WI_1__FOODS,1624,21,164837.171875,0.05082869870427261,rmsse,0.5315678373007207
store_cat,5,AggregateHistGB,AggregateHistGB,WI_1__HOBBIES,1624,22,42539.6328125,0.013117394302643252,rmsse,0.5212779019830793
store_cat,5,AggregateHistGB,AggregateHistGB,WI_1__HOUSEHOLD,1624,23,77645.03125,0.02394239026548502,rmsse,0.6530285119596444
store_cat,5,AggregateHistGB,AggregateHistGB,WI_2__FOODS,1624,24,189465.140625,0.05842290569686326,rmsse,0.6447290220813625
store_cat,5,AggregateHistGB,AggregateHistGB,WI_2__HOBBIES,1624,25,27261.52734375,0.008406283266158821,rmsse,0.7237041276926665
store_cat,5,AggregateHistGB,AggregateHistGB,WI_2__HOUSEHOLD,1624,26,87001.796875,0.026827614607724242,rmsse,1.3021148282261046
store_cat,5,AggregateHistGB,AggregateHistGB,WI_3__FOODS,1624,27,145719.78125,0.04493371714740094,rmsse,0.5198945709732045
store_cat,5,AggregateHistGB,AggregateHistGB,WI_3__HOBBIES,1624,28,25590.76953125,0.007891093370012273,rmsse,0.699849205555818
store_cat,5,AggregateHistGB,AggregateHistGB,WI_3__HOUSEHOLD,1624,29,73416.1015625,0.022638370119528538,rmsse,0.7254376075704159
store_cat,5,AggregateHistGB,AggregateHistGB,CA_1__FOODS,1652,30,216018.53125,0.06442420129688553,rmsse,0.47212119039863887
store_cat,5,AggregateHistGB,AggregateHistGB,CA_1__HOBBIES,1652,31,65447.4609375,0.019518697647878544,rmsse,0.685122346356216
store_cat,5,AggregateHistGB,AggregateHistGB,CA_1__HOUSEHOLD,1652,32,119797.71875,0.035727825307384026,rmsse,0.8892074237196436
store_cat,5,AggregateHistGB,AggregateHistGB,CA_2__FOODS,1652,33,174231.328125,0.05196181128719119,rmsse,0.9312004629322554
store_cat,5,AggregateHistGB,AggregateHistGB,CA_2__HOBBIES,1652,34,41661.87109375,0.012425011660885674,rmsse,0.6142443271363001
store_cat,5,AggregateHistGB,AggregateHistGB,CA_2__HOUSEHOLD,1652,35,125333.90625,0.0373789079985469,rmsse,0.49887660775436005
store_cat,5,AggregateHistGB,AggregateHistGB,CA_3__FOODS,1652,36,290598.75,0.08666660336171188,rmsse,0.5510665438644092
store_cat,5,AggregateHistGB,AggregateHistGB,CA_3__HOBBIES,1652,37,67250.15625,0.020056323771977337,rmsse,0.6662989256448868
store_cat,5,AggregateHistGB,AggregateHistGB,CA_3__HOUSEHOLD,1652,38,209033.9375,0.062341153740163614,rmsse,0.9374561982124096
store_cat,5,AggregateHistGB,AggregateHistGB,CA_4__FOODS,1652,39,117701.203125,0.0351025717985045,rmsse,0.45987151158746586
store_cat,5,AggregateHistGB,AggregateHistGB,CA_4__HOBBIES,1652,40,38269.8515625,0.011413394056508423,rmsse,0.8456656483815757
store_cat,5,AggregateHistGB,AggregateHistGB,CA_4__HOUSEHOLD,1652,41,59733.83984375,0.01781469811900534,rmsse,0.745577411807521
store_cat,5,AggregateHistGB,AggregateHistGB,TX_1__FOODS,1652,42,151482.15625,0.04517722100351641,rmsse,0.7548771851543806
store_cat,5,AggregateHistGB,AggregateHistGB,TX_1__HOBBIES,1652,43,34373.328125,0.010251315929030495,rmsse,0.7300878533457291
store_cat,5,AggregateHistGB,AggregateHistGB,TX_1__HOUSEHOLD,1652,44,99281.828125,0.029609276774710924,rmsse,0.5846573122431253
store_cat,5,AggregateHistGB,AggregateHistGB,TX_2__FOODS,1652,45,180129.203125,0.053720761706977774,rmsse,0.6167345452445643
store_cat,5,AggregateHistGB,AggregateHistGB,TX_2__HOBBIES,1652,46,53874.60546875,0.016067271670744867,rmsse,0.5329388702417656
store_cat,5,AggregateHistGB,AggregateHistGB,TX_2__HOUSEHOLD,1652,47,108551.953125,0.03237394884053533,rmsse,0.4786514654237175
store_cat,5,AggregateHistGB,AggregateHistGB,TX_3__FOODS,1652,48,179456.3125,0.05352008243735707,rmsse,0.6027098150953974
store_cat,5,AggregateHistGB,AggregateHistGB,TX_3__HOBBIES,1652,49,59746.28125,0.017818408576881467,rmsse,0.6778636544675238
store_cat,5,AggregateHistGB,AggregateHistGB,TX_3__HOUSEHOLD,1652,50,104524.96875,0.03117296274692021,rmsse,0.8184584489921539
store_cat,5,AggregateHistGB,AggregateHistGB,WI_1__FOODS,1652,51,168893.375,0.05036984894651428,rmsse,0.4438206806377649
store_cat,5,AggregateHistGB,AggregateHistGB,WI_1__HOBBIES,1652,52,42655.81640625,0.012721440548352225,rmsse,0.4810951711796177
store_cat,5,AggregateHistGB,AggregateHistGB,WI_1__HOUSEHOLD,1652,53,79013.1484375,0.023564455098285444,rmsse,0.4625271325010255
store_cat,5,AggregateHistGB,AggregateHistGB,WI_2__FOODS,1652,54,197144.109375,0.05879519554816072,rmsse,0.5905146813365021
store_cat,5,AggregateHistGB,AggregateHistGB,WI_2__HOBBIES,1652,55,26210.8203125,0.007816973637390177,rmsse,0.706975412821192
store_cat,5,AggregateHistGB,AggregateHistGB,WI_2__HOUSEHOLD,1652,56,94435.328125,0.02816388276254626,rmsse,1.418592543270428
store_cat,5,AggregateHistGB,AggregateHistGB,WI_3__FOODS,1652,57,149557.390625,0.04460318928801133,rmsse,0.42342810920279816
store_cat,5,AggregateHistGB,AggregateHistGB,WI_3__HOBBIES,1652,58,23851.12890625,0.007113232003396538,rmsse,0.6893376243611046
store_cat,5,AggregateHistGB,AggregateHistGB,WI_3__HOUSEHOLD,1652,59,74804.640625,0.02230933243402552,rmsse,0.7275029906630447
store_cat,5,AggregateHistGB,AggregateHistGB,CA_1__FOODS,1680,60,212665.09375,0.06378615589312105,rmsse,0.5098589094910072
store_cat,5,AggregateHistGB,AggregateHistGB,CA_1__HOBBIES,1680,61,65255.8203125,0.01957264285355537,rmsse,0.6041589291847438
store_cat,5,AggregateHistGB,AggregateHistGB,CA_1__HOUSEHOLD,1680,62,120678.7734375,0.03619604383465028,rmsse,0.7004579787228135
store_cat,5,AggregateHistGB,AggregateHistGB,CA_2__FOODS,1680,63,185085.140625,0.05551390416372213,rmsse,1.0371329645190954
store_cat,5,AggregateHistGB,AggregateHistGB,CA_2__HOBBIES,1680,64,42349.64453125,0.01270223044344142,rmsse,0.6741876253539385
store_cat,5,AggregateHistGB,AggregateHistGB,CA_2__HOUSEHOLD,1680,65,131134.6875,0.0393321605928604,rmsse,0.780937511312191
store_cat,5,AggregateHistGB,AggregateHistGB,CA_3__FOODS,1680,66,290308.75,0.08707437058949458,rmsse,0.6022264635907009
store_cat,5,AggregateHistGB,AggregateHistGB,CA_3__HOBBIES,1680,67,68627.6328125,0.020583974586351195,rmsse,0.8498031552689129
store_cat,5,AggregateHistGB,AggregateHistGB,CA_3__HOUSEHOLD,1680,68,216725.078125,0.06500389591665223,rmsse,0.7709447467939121
store_cat,5,AggregateHistGB,AggregateHistGB,CA_4__FOODS,1680,69,120590.8203125,0.036169663427581066,rmsse,0.917877778464912
store_cat,5,AggregateHistGB,AggregateHistGB,CA_4__HOBBIES,1680,70,38188.359375,0.011454106555257288,rmsse,1.100176502977144
store_cat,5,AggregateHistGB,AggregateHistGB,CA_4__HOUSEHOLD,1680,71,60378.7109375,0.018109816710270857,rmsse,0.8197140017082187
store_cat,5,AggregateHistGB,AggregateHistGB,TX_1__FOODS,1680,72,133530.5,0.04005075369585142,rmsse,0.5177526885502552
store_cat,5,AggregateHistGB,AggregateHistGB,TX_1__HOBBIES,1680,73,34635.26171875,0.010388400674669888,rmsse,0.5661862745594413
store_cat,5,AggregateHistGB,AggregateHistGB,TX_1__HOUSEHOLD,1680,74,98933.9296875,0.02967395801016805,rmsse,0.49718089380837527
store_cat,5,AggregateHistGB,AggregateHistGB,TX_2__FOODS,1680,75,167087.09375,0.05011562180578134,rmsse,0.5581956959278868
store_cat,5,AggregateHistGB,AggregateHistGB,TX_2__HOBBIES,1680,76,52974.6171875,0.015889054149490787,rmsse,0.5922673715471821
store_cat,5,AggregateHistGB,AggregateHistGB,TX_2__HOUSEHOLD,1680,77,107912.78125,0.032367048895031794,rmsse,0.6575947128208797
store_cat,5,AggregateHistGB,AggregateHistGB,TX_3__FOODS,1680,78,166985.515625,0.05008515475544256,rmsse,0.6449585581711484
store_cat,5,AggregateHistGB,AggregateHistGB,TX_3__HOBBIES,1680,79,58107.6953125,0.017428654822639902,rmsse,0.6377594942944996
store_cat,5,AggregateHistGB,AggregateHistGB,TX_3__HOUSEHOLD,1680,80,107518.1171875,0.03224867449248113,rmsse,0.7622517971386283
store_cat,5,AggregateHistGB,AggregateHistGB,WI_1__FOODS,1680,81,161832.640625,0.04853961626460706,rmsse,0.5767554775146772
store_cat,5,AggregateHistGB,AggregateHistGB,WI_1__HOBBIES,1680,82,40999.46875,0.012297262607172198,rmsse,0.6016850504404754
store_cat,5,AggregateHistGB,AggregateHistGB,WI_1__HOUSEHOLD,1680,83,79151.3125,0.023740416771006367,rmsse,0.707646092137152
store_cat,5,AggregateHistGB,AggregateHistGB,WI_2__FOODS,1680,84,203877.3125,0.06115037408764012,rmsse,0.8131580155803756
store_cat,5,AggregateHistGB,AggregateHistGB,WI_2__HOBBIES,1680,85,27185.30078125,0.00815388084173639,rmsse,0.6880502476470693
store_cat,5,AggregateHistGB,AggregateHistGB,WI_2__HOUSEHOLD,1680,86,100197.1875,0.030052855921153164,rmsse,1.362057976675097
store_cat,5,AggregateHistGB,AggregateHistGB,WI_3__FOODS,1680,87,143496.546875,0.04303994110031657,rmsse,0.7562467968526687
store_cat,5,AggregateHistGB,AggregateHistGB,WI_3__HOBBIES,1680,88,26074.580078125,0.007820734472137367,rmsse,0.6892771890558244
store_cat,5,AggregateHistGB,AggregateHistGB,WI_3__HOUSEHOLD,1680,89,71543.765625,0.021458631065716046,rmsse,0.5731935195743023
store_cat,5,AggregateHistGB,AggregateHistGB,CA_1__FOODS,1708,90,217884.71875,0.06483619848731188,rmsse,0.3366309282840598
store_cat,5,AggregateHistGB,AggregateHistGB,CA_1__HOBBIES,1708,91,64507.21875,0.01919548494604763,rmsse,0.5068272898811023
store_cat,5,AggregateHistGB,AggregateHistGB,CA_1__HOUSEHOLD,1708,92,115771.9140625,0.034450377440305296,rmsse,0.7154048649065251
store_cat,5,AggregateHistGB,AggregateHistGB,CA_2__FOODS,1708,93,193884.84375,0.0576945289471176,rmsse,0.7224198244502245
store_cat,5,AggregateHistGB,AggregateHistGB,CA_2__HOBBIES,1708,94,42587.80859375,0.012672901647096451,rmsse,0.8604377291334812
store_cat,5,AggregateHistGB,AggregateHistGB,CA_2__HOUSEHOLD,1708,95,128741.3828125,0.038309716704546325,rmsse,0.7983433571991341
store_cat,5,AggregateHistGB,AggregateHistGB,CA_3__FOODS,1708,96,291962.8125,0.08687969936929697,rmsse,0.5489397329051859
store_cat,5,AggregateHistGB,AggregateHistGB,CA_3__HOBBIES,1708,97,65857.7265625,0.019597357060311797,rmsse,0.7202946758873567
store_cat,5,AggregateHistGB,AggregateHistGB,CA_3__HOUSEHOLD,1708,98,199975.203125,0.05950684397114477,rmsse,0.6271928632199633
store_cat,5,AggregateHistGB,AggregateHistGB,CA_4__FOODS,1708,99,125175.40625,0.037248585086258605,rmsse,0.7020293250579939
store_cat,5,AggregateHistGB,AggregateHistGB,CA_4__HOBBIES,1708,100,37398.48828125,0.011128709820676824,rmsse,0.9084700992268965
store_cat,5,AggregateHistGB,AggregateHistGB,CA_4__HOUSEHOLD,1708,101,58208.20703125,0.017321081011646984,rmsse,0.8236696793886304
store_cat,5,AggregateHistGB,AggregateHistGB,TX_1__FOODS,1708,102,139721.296875,0.041577021964015685,rmsse,0.44582346809280804
store_cat,5,AggregateHistGB,AggregateHistGB,TX_1__HOBBIES,1708,103,32822.0,0.009766879104506042,rmsse,0.6601902015276815
store_cat,5,AggregateHistGB,AggregateHistGB,TX_1__HOUSEHOLD,1708,104,95720.7265625,0.02848372323841989,rmsse,0.44764300989042577
store_cat,5,AggregateHistGB,AggregateHistGB,TX_2__FOODS,1708,105,177167.65625,0.05271997683938926,rmsse,0.382471054447835
store_cat,5,AggregateHistGB,AggregateHistGB,TX_2__HOBBIES,1708,106,51182.921875,0.015230559081363192,rmsse,0.6801480017924046
store_cat,5,AggregateHistGB,AggregateHistGB,TX_2__HOUSEHOLD,1708,107,103920.984375,0.030923883090972104,rmsse,0.5467138037521967
store_cat,5,AggregateHistGB,AggregateHistGB,TX_3__FOODS,1708,108,174264.703125,0.051856141844022645,rmsse,0.7535987748128976
store_cat,5,AggregateHistGB,AggregateHistGB,TX_3__HOBBIES,1708,109,58956.5390625,0.017543763007846123,rmsse,0.9083804506381853
store_cat,5,AggregateHistGB,AggregateHistGB,TX_3__HOUSEHOLD,1708,110,102524.9296875,0.030508457542373864,rmsse,0.9226439823957215
store_cat,5,AggregateHistGB,AggregateHistGB,WI_1__FOODS,1708,111,166160.796875,0.04944465343326154,rmsse,0.5528460575675093
store_cat,5,AggregateHistGB,AggregateHistGB,WI_1__HOBBIES,1708,112,41281.1328125,0.012284072679201298,rmsse,0.5065294806727956
store_cat,5,AggregateHistGB,AggregateHistGB,WI_1__HOUSEHOLD,1708,113,75338.0390625,0.022418424212235426,rmsse,0.5831303466249019
store_cat,5,AggregateHistGB,AggregateHistGB,WI_2__FOODS,1708,114,219979.84375,0.06545964716758208,rmsse,0.702746399658596
store_cat,5,AggregateHistGB,AggregateHistGB,WI_2__HOBBIES,1708,115,27206.900390625,0.008095987658386832,rmsse,0.8941559960579561
store_cat,5,AggregateHistGB,AggregateHistGB,WI_2__HOUSEHOLD,1708,116,99922.2578125,0.02973397757309036,rmsse,1.5560623208238291
store_cat,5,AggregateHistGB,AggregateHistGB,WI_3__FOODS,1708,117,155858.3125,0.0463789316805747,rmsse,0.4830849363848819
store_cat,5,AggregateHistGB,AggregateHistGB,WI_3__HOBBIES,1708,118,26131.451171875,0.007775965036286816,rmsse,0.6857766687384825
store_cat,5,AggregateHistGB,AggregateHistGB,WI_3__HOUSEHOLD,1708,119,70425.015625,0.020956450354710988,rmsse,0.6146802191757662
store_cat,5,AggregateHistGB,AggregateHistGB,CA_1__FOODS,1624,0,220013.046875,0.06784256696116275,mean_spl,0.1315698319408846
store_cat,5,AggregateHistGB,AggregateHistGB,CA_1__HOBBIES,1624,1,62929.06640625,0.019404619235581292,mean_spl,0.16757687826394851
store_cat,5,AggregateHistGB,AggregateHistGB,CA_1__HOUSEHOLD,1624,2,115288.7890625,0.03555010715472609,mean_spl,0.23396824836732832
store_cat,5,AggregateHistGB,AggregateHistGB,CA_2__FOODS,1624,3,159095.96875,0.04905835843137624,mean_spl,0.39547325959304935
store_cat,5,AggregateHistGB,AggregateHistGB,CA_2__HOBBIES,1624,4,40058.953125,0.012352459312655899,mean_spl,0.16305535182772649
store_cat,5,AggregateHistGB,AggregateHistGB,CA_2__HOUSEHOLD,1624,5,114994.9296875,0.03545949355426571,mean_spl,0.20123435940532003
store_cat,5,AggregateHistGB,AggregateHistGB,CA_3__FOODS,1624,6,289613.4375,0.08930433583608938,mean_spl,0.25041621478420284
store_cat,5,AggregateHistGB,AggregateHistGB,CA_3__HOBBIES,1624,7,66763.3359375,0.020586943152802278,mean_spl,0.17768404398650575
store_cat,5,AggregateHistGB,AggregateHistGB,CA_3__HOUSEHOLD,1624,8,197297.125,0.06083795304040375,mean_spl,0.26859923233248245
store_cat,5,AggregateHistGB,AggregateHistGB,CA_4__FOODS,1624,9,115117.984375,0.03549743833070138,mean_spl,0.12676724570676237
store_cat,5,AggregateHistGB,AggregateHistGB,CA_4__HOBBIES,1624,10,38451.5390625,0.011856801906341136,mean_spl,0.24954909999925906
store_cat,5,AggregateHistGB,AggregateHistGB,CA_4__HOUSEHOLD,1624,11,58972.1171875,0.01818446617580622,mean_spl,0.23184206737431115
store_cat,5,AggregateHistGB,AggregateHistGB,TX_1__FOODS,1624,12,142577.84375,0.043964878670505324,mean_spl,0.3425775096514229
store_cat,5,AggregateHistGB,AggregateHistGB,TX_1__HOBBIES,1624,13,35482.73828125,0.010941351351671362,mean_spl,0.17836698931205372
store_cat,5,AggregateHistGB,AggregateHistGB,TX_1__HOUSEHOLD,1624,14,96711.265625,0.029821597433676558,mean_spl,0.1809951787128009
store_cat,5,AggregateHistGB,AggregateHistGB,TX_2__FOODS,1624,15,170484.6875,0.052570149779085265,mean_spl,0.19862264264108992
store_cat,5,AggregateHistGB,AggregateHistGB,TX_2__HOBBIES,1624,16,53368.81640625,0.0164566490583447,mean_spl,0.13469065074414782
store_cat,5,AggregateHistGB,AggregateHistGB,TX_2__HOUSEHOLD,1624,17,100137.1875,0.03087800448548404,mean_spl,0.16906293647363194
store_cat,5,AggregateHistGB,AggregateHistGB,TX_3__FOODS,1624,18,168899.796875,0.05208143763278345,mean_spl,0.297835875172205
store_cat,5,AggregateHistGB,AggregateHistGB,TX_3__HOBBIES,1624,19,61914.1875,0.01909167420285396,mean_spl,0.1564161087234417
store_cat,5,AggregateHistGB,AggregateHistGB,TX_3__HOUSEHOLD,1624,20,101344.3671875,0.031250246813594264,mean_spl,0.2077020139419789
store_cat,5,AggregateHistGB,AggregateHistGB,WI_1__FOODS,1624,21,164837.171875,0.05082869870427261,mean_spl,0.1930444301565088
store_cat,5,AggregateHistGB,AggregateHistGB,WI_1__HOBBIES,1624,22,42539.6328125,0.013117394302643252,mean_spl,0.1302525904148588
store_cat,5,AggregateHistGB,AggregateHistGB,WI_1__HOUSEHOLD,1624,23,77645.03125,0.02394239026548502,mean_spl,0.1731288282528386
store_cat,5,AggregateHistGB,AggregateHistGB,WI_2__FOODS,1624,24,189465.140625,0.05842290569686326,mean_spl,0.2606300844098846
store_cat,5,AggregateHistGB,AggregateHistGB,WI_2__HOBBIES,1624,25,27261.52734375,0.008406283266158821,mean_spl,0.1813858130212103
store_cat,5,AggregateHistGB,AggregateHistGB,WI_2__HOUSEHOLD,1624,26,87001.796875,0.026827614607724242,mean_spl,0.42209911544092793
store_cat,5,AggregateHistGB,AggregateHistGB,WI_3__FOODS,1624,27,145719.78125,0.04493371714740094,mean_spl,0.19590828843297267
store_cat,5,AggregateHistGB,AggregateHistGB,WI_3__HOBBIES,1624,28,25590.76953125,0.007891093370012273,mean_spl,0.17296463710330834
store_cat,5,AggregateHistGB,AggregateHistGB,WI_3__HOUSEHOLD,1624,29,73416.1015625,0.022638370119528538,mean_spl,0.18321467354097487
store_cat,5,AggregateHistGB,AggregateHistGB,CA_1__FOODS,1652,30,216018.53125,0.06442420129688553,mean_spl,0.1849622136727238
store_cat,5,AggregateHistGB,AggregateHistGB,CA_1__HOBBIES,1652,31,65447.4609375,0.019518697647878544,mean_spl,0.17847592163182144
store_cat,5,AggregateHistGB,AggregateHistGB,CA_1__HOUSEHOLD,1652,32,119797.71875,0.035727825307384026,mean_spl,0.27376820810788755
store_cat,5,AggregateHistGB,AggregateHistGB,CA_2__FOODS,1652,33,174231.328125,0.05196181128719119,mean_spl,0.3446469936252131
store_cat,5,AggregateHistGB,AggregateHistGB,CA_2__HOBBIES,1652,34,41661.87109375,0.012425011660885674,mean_spl,0.14815450269029018
store_cat,5,AggregateHistGB,AggregateHistGB,CA_2__HOUSEHOLD,1652,35,125333.90625,0.0373789079985469,mean_spl,0.14179949368937395
store_cat,5,AggregateHistGB,AggregateHistGB,CA_3__FOODS,1652,36,290598.75,0.08666660336171188,mean_spl,0.2393008838772446
store_cat,5,AggregateHistGB,AggregateHistGB,CA_3__HOBBIES,1652,37,67250.15625,0.020056323771977337,mean_spl,0.16625169162611203
store_cat,5,AggregateHistGB,AggregateHistGB,CA_3__HOUSEHOLD,1652,38,209033.9375,0.062341153740163614,mean_spl,0.34720321284104266
store_cat,5,AggregateHistGB,AggregateHistGB,CA_4__FOODS,1652,39,117701.203125,0.0351025717985045,mean_spl,0.12492583247506893
store_cat,5,AggregateHistGB,AggregateHistGB,CA_4__HOBBIES,1652,40,38269.8515625,0.011413394056508423,mean_spl,0.2068196303167552
store_cat,5,AggregateHistGB,AggregateHistGB,CA_4__HOUSEHOLD,1652,41,59733.83984375,0.01781469811900534,mean_spl,0.19203700328943107
store_cat,5,AggregateHistGB,AggregateHistGB,TX_1__FOODS,1652,42,151482.15625,0.04517722100351641,mean_spl,0.3012082924326179
store_cat,5,AggregateHistGB,AggregateHistGB,TX_1__HOBBIES,1652,43,34373.328125,0.010251315929030495,mean_spl,0.18406773432691517
store_cat,5,AggregateHistGB,AggregateHistGB,TX_1__HOUSEHOLD,1652,44,99281.828125,0.029609276774710924,mean_spl,0.1644370238394136
store_cat,5,AggregateHistGB,AggregateHistGB,TX_2__FOODS,1652,45,180129.203125,0.053720761706977774,mean_spl,0.2590570600499062
store_cat,5,AggregateHistGB,AggregateHistGB,TX_2__HOBBIES,1652,46,53874.60546875,0.016067271670744867,mean_spl,0.130805864507351
store_cat,5,AggregateHistGB,AggregateHistGB,TX_2__HOUSEHOLD,1652,47,108551.953125,0.03237394884053533,mean_spl,0.130054954554959
store_cat,5,AggregateHistGB,AggregateHistGB,TX_3__FOODS,1652,48,179456.3125,0.05352008243735707,mean_spl,0.21388749887915126
store_cat,5,AggregateHistGB,AggregateHistGB,TX_3__HOBBIES,1652,49,59746.28125,0.017818408576881467,mean_spl,0.17037525726001082
store_cat,5,AggregateHistGB,AggregateHistGB,TX_3__HOUSEHOLD,1652,50,104524.96875,0.03117296274692021,mean_spl,0.2187972807437145
store_cat,5,AggregateHistGB,AggregateHistGB,WI_1__FOODS,1652,51,168893.375,0.05036984894651428,mean_spl,0.16199757222386088
store_cat,5,AggregateHistGB,AggregateHistGB,WI_1__HOBBIES,1652,52,42655.81640625,0.012721440548352225,mean_spl,0.12232901190404068
store_cat,5,AggregateHistGB,AggregateHistGB,WI_1__HOUSEHOLD,1652,53,79013.1484375,0.023564455098285444,mean_spl,0.12234101004198407
store_cat,5,AggregateHistGB,AggregateHistGB,WI_2__FOODS,1652,54,197144.109375,0.05879519554816072,mean_spl,0.20586959006827926
store_cat,5,AggregateHistGB,AggregateHistGB,WI_2__HOBBIES,1652,55,26210.8203125,0.007816973637390177,mean_spl,0.18028061180705313
store_cat,5,AggregateHistGB,AggregateHistGB,WI_2__HOUSEHOLD,1652,56,94435.328125,0.02816388276254626,mean_spl,0.48442470125377507
store_cat,5,AggregateHistGB,AggregateHistGB,WI_3__FOODS,1652,57,149557.390625,0.04460318928801133,mean_spl,0.14038027566442135
store_cat,5,AggregateHistGB,AggregateHistGB,WI_3__HOBBIES,1652,58,23851.12890625,0.007113232003396538,mean_spl,0.17046213382670192
store_cat,5,AggregateHistGB,AggregateHistGB,WI_3__HOUSEHOLD,1652,59,74804.640625,0.02230933243402552,mean_spl,0.20224135702131937
store_cat,5,AggregateHistGB,AggregateHistGB,CA_1__FOODS,1680,60,212665.09375,0.06378615589312105,mean_spl,0.20495653657695845
store_cat,5,AggregateHistGB,AggregateHistGB,CA_1__HOBBIES,1680,61,65255.8203125,0.01957264285355537,mean_spl,0.14714442319715967
store_cat,5,AggregateHistGB,AggregateHistGB,CA_1__HOUSEHOLD,1680,62,120678.7734375,0.03619604383465028,mean_spl,0.20348577947593974
store_cat,5,AggregateHistGB,AggregateHistGB,CA_2__FOODS,1680,63,185085.140625,0.05551390416372213,mean_spl,0.43290029936986874
store_cat,5,AggregateHistGB,AggregateHistGB,CA_2__HOBBIES,1680,64,42349.64453125,0.01270223044344142,mean_spl,0.15922886987037874
store_cat,5,AggregateHistGB,AggregateHistGB,CA_2__HOUSEHOLD,1680,65,131134.6875,0.0393321605928604,mean_spl,0.3053298327820095
store_cat,5,AggregateHistGB,AggregateHistGB,CA_3__FOODS,1680,66,290308.75,0.08707437058949458,mean_spl,0.2607161596024911
store_cat,5,AggregateHistGB,AggregateHistGB,CA_3__HOBBIES,1680,67,68627.6328125,0.020583974586351195,mean_spl,0.2310727639087563
store_cat,5,AggregateHistGB,AggregateHistGB,CA_3__HOUSEHOLD,1680,68,216725.078125,0.06500389591665223,mean_spl,0.2483688549430284
store_cat,5,AggregateHistGB,AggregateHistGB,CA_4__FOODS,1680,69,120590.8203125,0.036169663427581066,mean_spl,0.31530123625759177
store_cat,5,AggregateHistGB,AggregateHistGB,CA_4__HOBBIES,1680,70,38188.359375,0.011454106555257288,mean_spl,0.27545838152219077
store_cat,5,AggregateHistGB,AggregateHistGB,CA_4__HOUSEHOLD,1680,71,60378.7109375,0.018109816710270857,mean_spl,0.20175426717670353
store_cat,5,AggregateHistGB,AggregateHistGB,TX_1__FOODS,1680,72,133530.5,0.04005075369585142,mean_spl,0.18089626233456635
store_cat,5,AggregateHistGB,AggregateHistGB,TX_1__HOBBIES,1680,73,34635.26171875,0.010388400674669888,mean_spl,0.14876902555667995
store_cat,5,AggregateHistGB,AggregateHistGB,TX_1__HOUSEHOLD,1680,74,98933.9296875,0.02967395801016805,mean_spl,0.13538660417817808
store_cat,5,AggregateHistGB,AggregateHistGB,TX_2__FOODS,1680,75,167087.09375,0.05011562180578134,mean_spl,0.20839620615497784
store_cat,5,AggregateHistGB,AggregateHistGB,TX_2__HOBBIES,1680,76,52974.6171875,0.015889054149490787,mean_spl,0.14994601110533953
store_cat,5,AggregateHistGB,AggregateHistGB,TX_2__HOUSEHOLD,1680,77,107912.78125,0.032367048895031794,mean_spl,0.19285381498888657
store_cat,5,AggregateHistGB,AggregateHistGB,TX_3__FOODS,1680,78,166985.515625,0.05008515475544256,mean_spl,0.22105651469597634
store_cat,5,AggregateHistGB,AggregateHistGB,TX_3__HOBBIES,1680,79,58107.6953125,0.017428654822639902,mean_spl,0.16280727120418925
store_cat,5,AggregateHistGB,AggregateHistGB,TX_3__HOUSEHOLD,1680,80,107518.1171875,0.03224867449248113,mean_spl,0.21295476226894564
store_cat,5,AggregateHistGB,AggregateHistGB,WI_1__FOODS,1680,81,161832.640625,0.04853961626460706,mean_spl,0.23094080727938454
store_cat,5,AggregateHistGB,AggregateHistGB,WI_1__HOBBIES,1680,82,40999.46875,0.012297262607172198,mean_spl,0.1496103125318058
store_cat,5,AggregateHistGB,AggregateHistGB,WI_1__HOUSEHOLD,1680,83,79151.3125,0.023740416771006367,mean_spl,0.19862312825760076
store_cat,5,AggregateHistGB,AggregateHistGB,WI_2__FOODS,1680,84,203877.3125,0.06115037408764012,mean_spl,0.372525483958417
store_cat,5,AggregateHistGB,AggregateHistGB,WI_2__HOBBIES,1680,85,27185.30078125,0.00815388084173639,mean_spl,0.17640475618543652
store_cat,5,AggregateHistGB,AggregateHistGB,WI_2__HOUSEHOLD,1680,86,100197.1875,0.030052855921153164,mean_spl,0.5103656687321344
store_cat,5,AggregateHistGB,AggregateHistGB,WI_3__FOODS,1680,87,143496.546875,0.04303994110031657,mean_spl,0.34599203557535657
store_cat,5,AggregateHistGB,AggregateHistGB,WI_3__HOBBIES,1680,88,26074.580078125,0.007820734472137367,mean_spl,0.17042994723221516
store_cat,5,AggregateHistGB,AggregateHistGB,WI_3__HOUSEHOLD,1680,89,71543.765625,0.021458631065716046,mean_spl,0.14254010972837314
store_cat,5,AggregateHistGB,AggregateHistGB,CA_1__FOODS,1708,90,217884.71875,0.06483619848731188,mean_spl,0.11912184421284483
store_cat,5,AggregateHistGB,AggregateHistGB,CA_1__HOBBIES,1708,91,64507.21875,0.01919548494604763,mean_spl,0.11934219920260107
store_cat,5,AggregateHistGB,AggregateHistGB,CA_1__HOUSEHOLD,1708,92,115771.9140625,0.034450377440305296,mean_spl,0.20464470462623177
store_cat,5,AggregateHistGB,AggregateHistGB,CA_2__FOODS,1708,93,193884.84375,0.0576945289471176,mean_spl,0.29519904964596244
store_cat,5,AggregateHistGB,AggregateHistGB,CA_2__HOBBIES,1708,94,42587.80859375,0.012672901647096451,mean_spl,0.20673408958842454
store_cat,5,AggregateHistGB,AggregateHistGB,CA_2__HOUSEHOLD,1708,95,128741.3828125,0.038309716704546325,mean_spl,0.31229554131495896
store_cat,5,AggregateHistGB,AggregateHistGB,CA_3__FOODS,1708,96,291962.8125,0.08687969936929697,mean_spl,0.2091487975213654
store_cat,5,AggregateHistGB,AggregateHistGB,CA_3__HOBBIES,1708,97,65857.7265625,0.019597357060311797,mean_spl,0.1772060755110647
store_cat,5,AggregateHistGB,AggregateHistGB,CA_3__HOUSEHOLD,1708,98,199975.203125,0.05950684397114477,mean_spl,0.2026891825688028
store_cat,5,AggregateHistGB,AggregateHistGB,CA_4__FOODS,1708,99,125175.40625,0.037248585086258605,mean_spl,0.23522208943840672
store_cat,5,AggregateHistGB,AggregateHistGB,CA_4__HOBBIES,1708,100,37398.48828125,0.011128709820676824,mean_spl,0.21761136755038915
store_cat,5,AggregateHistGB,AggregateHistGB,CA_4__HOUSEHOLD,1708,101,58208.20703125,0.017321081011646984,mean_spl,0.21070730496713985
store_cat,5,AggregateHistGB,AggregateHistGB,TX_1__FOODS,1708,102,139721.296875,0.041577021964015685,mean_spl,0.15599173115472562
store_cat,5,AggregateHistGB,AggregateHistGB,TX_1__HOBBIES,1708,103,32822.0,0.009766879104506042,mean_spl,0.16666727877914708
store_cat,5,AggregateHistGB,AggregateHistGB,TX_1__HOUSEHOLD,1708,104,95720.7265625,0.02848372323841989,mean_spl,0.1191040188274495
store_cat,5,AggregateHistGB,AggregateHistGB,TX_2__FOODS,1708,105,177167.65625,0.05271997683938926,mean_spl,0.1371423857314027
store_cat,5,AggregateHistGB,AggregateHistGB,TX_2__HOBBIES,1708,106,51182.921875,0.015230559081363192,mean_spl,0.17078356499472191
store_cat,5,AggregateHistGB,AggregateHistGB,TX_2__HOUSEHOLD,1708,107,103920.984375,0.030923883090972104,mean_spl,0.15373581446873902
store_cat,5,AggregateHistGB,AggregateHistGB,TX_3__FOODS,1708,108,174264.703125,0.051856141844022645,mean_spl,0.31237084087654454
store_cat,5,AggregateHistGB,AggregateHistGB,TX_3__HOBBIES,1708,109,58956.5390625,0.017543763007846123,mean_spl,0.22358429910824074
store_cat,5,AggregateHistGB,AggregateHistGB,TX_3__HOUSEHOLD,1708,110,102524.9296875,0.030508457542373864,mean_spl,0.2621370019910894
store_cat,5,AggregateHistGB,AggregateHistGB,WI_1__FOODS,1708,111,166160.796875,0.04944465343326154,mean_spl,0.20821857168048938
store_cat,5,AggregateHistGB,AggregateHistGB,WI_1__HOBBIES,1708,112,41281.1328125,0.012284072679201298,mean_spl,0.1238341721683777
store_cat,5,AggregateHistGB,AggregateHistGB,WI_1__HOUSEHOLD,1708,113,75338.0390625,0.022418424212235426,mean_spl,0.15371422745364766
store_cat,5,AggregateHistGB,AggregateHistGB,WI_2__FOODS,1708,114,219979.84375,0.06545964716758208,mean_spl,0.3132464674188985
store_cat,5,AggregateHistGB,AggregateHistGB,WI_2__HOBBIES,1708,115,27206.900390625,0.008095987658386832,mean_spl,0.22480426331514927
store_cat,5,AggregateHistGB,AggregateHistGB,WI_2__HOUSEHOLD,1708,116,99922.2578125,0.02973397757309036,mean_spl,0.7159068545449627
store_cat,5,AggregateHistGB,AggregateHistGB,WI_3__FOODS,1708,117,155858.3125,0.0463789316805747,mean_spl,0.182128349887838
store_cat,5,AggregateHistGB,AggregateHistGB,WI_3__HOBBIES,1708,118,26131.451171875,0.007775965036286816,mean_spl,0.167809646146819
store_cat,5,AggregateHistGB,AggregateHistGB,WI_3__HOUSEHOLD,1708,119,70425.015625,0.020956450354710988,mean_spl,0.16045538089700162
store_cat,5,ChildSummaryHistGB,ChildSummaryHistGB,CA_1__FOODS,1624,0,220013.046875,0.06784256696116275,rmsse,0.4540173919014226
store_cat,5,ChildSummaryHistGB,ChildSummaryHistGB,CA_1__HOBBIES,1624,1,62929.06640625,0.019404619235581292,rmsse,0.6666064591786743
store_cat,5,ChildSummaryHistGB,ChildSummaryHistGB,CA_1__HOUSEHOLD,1624,2,115288.7890625,0.03555010715472609,rmsse,0.7999300251157456
store_cat,5,ChildSummaryHistGB,ChildSummaryHistGB,CA_2__FOODS,1624,3,159095.96875,0.04905835843137624,rmsse,0.9334372379459773
store_cat,5,ChildSummaryHistGB,ChildSummaryHistGB,CA_2__HOBBIES,1624,4,40058.953125,0.012352459312655899,rmsse,0.6097556045965163
store_cat,5,ChildSummaryHistGB,ChildSummaryHistGB,CA_2__HOUSEHOLD,1624,5,114994.9296875,0.03545949355426571,rmsse,0.5589408369249502
store_cat,5,ChildSummaryHistGB,ChildSummaryHistGB,CA_3__FOODS,1624,6,289613.4375,0.08930433583608938,rmsse,0.5730021437881498
store_cat,5,ChildSummaryHistGB,ChildSummaryHistGB,CA_3__HOBBIES,1624,7,66763.3359375,0.020586943152802278,rmsse,0.7338010336729032
store_cat,5,ChildSummaryHistGB,ChildSummaryHistGB,CA_3__HOUSEHOLD,1624,8,197297.125,0.06083795304040375,rmsse,0.7331894502051838
store_cat,5,ChildSummaryHistGB,ChildSummaryHistGB,CA_4__FOODS,1624,9,115117.984375,0.03549743833070138,rmsse,0.412506470120776
store_cat,5,ChildSummaryHistGB,ChildSummaryHistGB,CA_4__HOBBIES,1624,10,38451.5390625,0.011856801906341136,rmsse,0.957381931140659
store_cat,5,ChildSummaryHistGB,ChildSummaryHistGB,CA_4__HOUSEHOLD,1624,11,58972.1171875,0.01818446617580622,rmsse,0.8785901857345556
store_cat,5,ChildSummaryHistGB,ChildSummaryHistGB,TX_1__FOODS,1624,12,142577.84375,0.043964878670505324,rmsse,0.7273062184394963
store_cat,5,ChildSummaryHistGB,ChildSummaryHistGB,TX_1__HOBBIES,1624,13,35482.73828125,0.010941351351671362,rmsse,0.6858150702652569
store_cat,5,ChildSummaryHistGB,ChildSummaryHistGB,TX_1__HOUSEHOLD,1624,14,96711.265625,0.029821597433676558,rmsse,0.6157219299689874
store_cat,5,ChildSummaryHistGB,ChildSummaryHistGB,TX_2__FOODS,1624,15,170484.6875,0.052570149779085265,rmsse,0.5323258070485799
store_cat,5,ChildSummaryHistGB,ChildSummaryHistGB,TX_2__HOBBIES,1624,16,53368.81640625,0.0164566490583447,rmsse,0.5659397100306784
store_cat,5,ChildSummaryHistGB,ChildSummaryHistGB,TX_2__HOUSEHOLD,1624,17,100137.1875,0.03087800448548404,rmsse,0.544733739351885
store_cat,5,ChildSummaryHistGB,ChildSummaryHistGB,TX_3__FOODS,1624,18,168899.796875,0.05208143763278345,rmsse,0.7363238239574676
store_cat,5,ChildSummaryHistGB,ChildSummaryHistGB,TX_3__HOBBIES,1624,19,61914.1875,0.01909167420285396,rmsse,0.6970997819611817
store_cat,5,ChildSummaryHistGB,ChildSummaryHistGB,TX_3__HOUSEHOLD,1624,20,101344.3671875,0.031250246813594264,rmsse,0.6857456684004866
store_cat,5,ChildSummaryHistGB,ChildSummaryHistGB,WI_1__FOODS,1624,21,164837.171875,0.05082869870427261,rmsse,0.5296525820680574
store_cat,5,ChildSummaryHistGB,ChildSummaryHistGB,WI_1__HOBBIES,1624,22,42539.6328125,0.013117394302643252,rmsse,0.5267277709908165
store_cat,5,ChildSummaryHistGB,ChildSummaryHistGB,WI_1__HOUSEHOLD,1624,23,77645.03125,0.02394239026548502,rmsse,0.5921088357793973
store_cat,5,ChildSummaryHistGB,ChildSummaryHistGB,WI_2__FOODS,1624,24,189465.140625,0.05842290569686326,rmsse,0.6566559398251101
store_cat,5,ChildSummaryHistGB,ChildSummaryHistGB,WI_2__HOBBIES,1624,25,27261.52734375,0.008406283266158821,rmsse,0.6907499675953261
store_cat,5,ChildSummaryHistGB,ChildSummaryHistGB,WI_2__HOUSEHOLD,1624,26,87001.796875,0.026827614607724242,rmsse,1.216886564656342
store_cat,5,ChildSummaryHistGB,ChildSummaryHistGB,WI_3__FOODS,1624,27,145719.78125,0.04493371714740094,rmsse,0.5124016286386088
store_cat,5,ChildSummaryHistGB,ChildSummaryHistGB,WI_3__HOBBIES,1624,28,25590.76953125,0.007891093370012273,rmsse,0.6966322968945728
store_cat,5,ChildSummaryHistGB,ChildSummaryHistGB,WI_3__HOUSEHOLD,1624,29,73416.1015625,0.022638370119528538,rmsse,0.6317169179743498
store_cat,5,ChildSummaryHistGB,ChildSummaryHistGB,CA_1__FOODS,1652,30,216018.53125,0.06442420129688553,rmsse,0.4165319027595103
store_cat,5,ChildSummaryHistGB,ChildSummaryHistGB,CA_1__HOBBIES,1652,31,65447.4609375,0.019518697647878544,rmsse,0.6136666191345959
store_cat,5,ChildSummaryHistGB,ChildSummaryHistGB,CA_1__HOUSEHOLD,1652,32,119797.71875,0.035727825307384026,rmsse,0.8364182108987502
store_cat,5,ChildSummaryHistGB,ChildSummaryHistGB,CA_2__FOODS,1652,33,174231.328125,0.05196181128719119,rmsse,1.0144863335315144
store_cat,5,ChildSummaryHistGB,ChildSummaryHistGB,CA_2__HOBBIES,1652,34,41661.87109375,0.012425011660885674,rmsse,0.6167371202844981
store_cat,5,ChildSummaryHistGB,ChildSummaryHistGB,CA_2__HOUSEHOLD,1652,35,125333.90625,0.0373789079985469,rmsse,0.4293529442572651
store_cat,5,ChildSummaryHistGB,ChildSummaryHistGB,CA_3__FOODS,1652,36,290598.75,0.08666660336171188,rmsse,0.5515268089534933
store_cat,5,ChildSummaryHistGB,ChildSummaryHistGB,CA_3__HOBBIES,1652,37,67250.15625,0.020056323771977337,rmsse,0.6001655707265114
store_cat,5,ChildSummaryHistGB,ChildSummaryHistGB,CA_3__HOUSEHOLD,1652,38,209033.9375,0.062341153740163614,rmsse,0.8625577741138285
store_cat,5,ChildSummaryHistGB,ChildSummaryHistGB,CA_4__FOODS,1652,39,117701.203125,0.0351025717985045,rmsse,0.5295474243293649
store_cat,5,ChildSummaryHistGB,ChildSummaryHistGB,CA_4__HOBBIES,1652,40,38269.8515625,0.011413394056508423,rmsse,0.8711234522199937
store_cat,5,ChildSummaryHistGB,ChildSummaryHistGB,CA_4__HOUSEHOLD,1652,41,59733.83984375,0.01781469811900534,rmsse,0.7969863218682509
store_cat,5,ChildSummaryHistGB,ChildSummaryHistGB,TX_1__FOODS,1652,42,151482.15625,0.04517722100351641,rmsse,0.7461119664487911
store_cat,5,ChildSummaryHistGB,ChildSummaryHistGB,TX_1__HOBBIES,1652,43,34373.328125,0.010251315929030495,rmsse,0.6912405963844089
store_cat,5,ChildSummaryHistGB,ChildSummaryHistGB,TX_1__HOUSEHOLD,1652,44,99281.828125,0.029609276774710924,rmsse,0.6296121961237042
store_cat,5,ChildSummaryHistGB,ChildSummaryHistGB,TX_2__FOODS,1652,45,180129.203125,0.053720761706977774,rmsse,0.5320082335258257
store_cat,5,ChildSummaryHistGB,ChildSummaryHistGB,TX_2__HOBBIES,1652,46,53874.60546875,0.016067271670744867,rmsse,0.5125036092804094
store_cat,5,ChildSummaryHistGB,ChildSummaryHistGB,TX_2__HOUSEHOLD,1652,47,108551.953125,0.03237394884053533,rmsse,0.506414378333717
store_cat,5,ChildSummaryHistGB,ChildSummaryHistGB,TX_3__FOODS,1652,48,179456.3125,0.05352008243735707,rmsse,0.48678896327003907
store_cat,5,ChildSummaryHistGB,ChildSummaryHistGB,TX_3__HOBBIES,1652,49,59746.28125,0.017818408576881467,rmsse,0.7246249403748367
store_cat,5,ChildSummaryHistGB,ChildSummaryHistGB,TX_3__HOUSEHOLD,1652,50,104524.96875,0.03117296274692021,rmsse,0.8361164038332518
store_cat,5,ChildSummaryHistGB,ChildSummaryHistGB,WI_1__FOODS,1652,51,168893.375,0.05036984894651428,rmsse,0.40311177210074284
store_cat,5,ChildSummaryHistGB,ChildSummaryHistGB,WI_1__HOBBIES,1652,52,42655.81640625,0.012721440548352225,rmsse,0.45466298576123754
store_cat,5,ChildSummaryHistGB,ChildSummaryHistGB,WI_1__HOUSEHOLD,1652,53,79013.1484375,0.023564455098285444,rmsse,0.5583998245865406
store_cat,5,ChildSummaryHistGB,ChildSummaryHistGB,WI_2__FOODS,1652,54,197144.109375,0.05879519554816072,rmsse,0.5887317138119805
store_cat,5,ChildSummaryHistGB,ChildSummaryHistGB,WI_2__HOBBIES,1652,55,26210.8203125,0.007816973637390177,rmsse,0.6790394424390995
store_cat,5,ChildSummaryHistGB,ChildSummaryHistGB,WI_2__HOUSEHOLD,1652,56,94435.328125,0.02816388276254626,rmsse,1.2320070131717042
store_cat,5,ChildSummaryHistGB,ChildSummaryHistGB,WI_3__FOODS,1652,57,149557.390625,0.04460318928801133,rmsse,0.4347606801807641
store_cat,5,ChildSummaryHistGB,ChildSummaryHistGB,WI_3__HOBBIES,1652,58,23851.12890625,0.007113232003396538,rmsse,0.6712985483933284
store_cat,5,ChildSummaryHistGB,ChildSummaryHistGB,WI_3__HOUSEHOLD,1652,59,74804.640625,0.02230933243402552,rmsse,0.8317188371550812
store_cat,5,ChildSummaryHistGB,ChildSummaryHistGB,CA_1__FOODS,1680,60,212665.09375,0.06378615589312105,rmsse,0.5178365854119925
store_cat,5,ChildSummaryHistGB,ChildSummaryHistGB,CA_1__HOBBIES,1680,61,65255.8203125,0.01957264285355537,rmsse,0.6168392423453586
store_cat,5,ChildSummaryHistGB,ChildSummaryHistGB,CA_1__HOUSEHOLD,1680,62,120678.7734375,0.03619604383465028,rmsse,0.7924569712250721
store_cat,5,ChildSummaryHistGB,ChildSummaryHistGB,CA_2__FOODS,1680,63,185085.140625,0.05551390416372213,rmsse,1.0411897076396948
store_cat,5,ChildSummaryHistGB,ChildSummaryHistGB,CA_2__HOBBIES,1680,64,42349.64453125,0.01270223044344142,rmsse,0.6399079734405697
store_cat,5,ChildSummaryHistGB,ChildSummaryHistGB,CA_2__HOUSEHOLD,1680,65,131134.6875,0.0393321605928604,rmsse,0.8735555470106547
store_cat,5,ChildSummaryHistGB,ChildSummaryHistGB,CA_3__FOODS,1680,66,290308.75,0.08707437058949458,rmsse,0.6163205580247766
store_cat,5,ChildSummaryHistGB,ChildSummaryHistGB,CA_3__HOBBIES,1680,67,68627.6328125,0.020583974586351195,rmsse,0.8595908588169727
store_cat,5,ChildSummaryHistGB,ChildSummaryHistGB,CA_3__HOUSEHOLD,1680,68,216725.078125,0.06500389591665223,rmsse,0.8266267339268027
store_cat,5,ChildSummaryHistGB,ChildSummaryHistGB,CA_4__FOODS,1680,69,120590.8203125,0.036169663427581066,rmsse,0.8331743819518235
store_cat,5,ChildSummaryHistGB,ChildSummaryHistGB,CA_4__HOBBIES,1680,70,38188.359375,0.011454106555257288,rmsse,1.0265575454011537
store_cat,5,ChildSummaryHistGB,ChildSummaryHistGB,CA_4__HOUSEHOLD,1680,71,60378.7109375,0.018109816710270857,rmsse,0.857715223545562
store_cat,5,ChildSummaryHistGB,ChildSummaryHistGB,TX_1__FOODS,1680,72,133530.5,0.04005075369585142,rmsse,0.47113181789590547
store_cat,5,ChildSummaryHistGB,ChildSummaryHistGB,TX_1__HOBBIES,1680,73,34635.26171875,0.010388400674669888,rmsse,0.5515721489072546
store_cat,5,ChildSummaryHistGB,ChildSummaryHistGB,TX_1__HOUSEHOLD,1680,74,98933.9296875,0.02967395801016805,rmsse,0.5480151824660864
store_cat,5,ChildSummaryHistGB,ChildSummaryHistGB,TX_2__FOODS,1680,75,167087.09375,0.05011562180578134,rmsse,0.5455034677201733
store_cat,5,ChildSummaryHistGB,ChildSummaryHistGB,TX_2__HOBBIES,1680,76,52974.6171875,0.015889054149490787,rmsse,0.5693673672888191
store_cat,5,ChildSummaryHistGB,ChildSummaryHistGB,TX_2__HOUSEHOLD,1680,77,107912.78125,0.032367048895031794,rmsse,0.6421328093926097
store_cat,5,ChildSummaryHistGB,ChildSummaryHistGB,TX_3__FOODS,1680,78,166985.515625,0.05008515475544256,rmsse,0.6494948021969981
store_cat,5,ChildSummaryHistGB,ChildSummaryHistGB,TX_3__HOBBIES,1680,79,58107.6953125,0.017428654822639902,rmsse,0.6619632192689159
store_cat,5,ChildSummaryHistGB,ChildSummaryHistGB,TX_3__HOUSEHOLD,1680,80,107518.1171875,0.03224867449248113,rmsse,0.8555670330319085
store_cat,5,ChildSummaryHistGB,ChildSummaryHistGB,WI_1__FOODS,1680,81,161832.640625,0.04853961626460706,rmsse,0.5502122443955976
store_cat,5,ChildSummaryHistGB,ChildSummaryHistGB,WI_1__HOBBIES,1680,82,40999.46875,0.012297262607172198,rmsse,0.6216776621187454
store_cat,5,ChildSummaryHistGB,ChildSummaryHistGB,WI_1__HOUSEHOLD,1680,83,79151.3125,0.023740416771006367,rmsse,0.7855285447063832
store_cat,5,ChildSummaryHistGB,ChildSummaryHistGB,WI_2__FOODS,1680,84,203877.3125,0.06115037408764012,rmsse,0.7741517065453148
store_cat,5,ChildSummaryHistGB,ChildSummaryHistGB,WI_2__HOBBIES,1680,85,27185.30078125,0.00815388084173639,rmsse,0.7076183530211024
store_cat,5,ChildSummaryHistGB,ChildSummaryHistGB,WI_2__HOUSEHOLD,1680,86,100197.1875,0.030052855921153164,rmsse,1.2329453534896864
store_cat,5,ChildSummaryHistGB,ChildSummaryHistGB,WI_3__FOODS,1680,87,143496.546875,0.04303994110031657,rmsse,0.7716998289766482
store_cat,5,ChildSummaryHistGB,ChildSummaryHistGB,WI_3__HOBBIES,1680,88,26074.580078125,0.007820734472137367,rmsse,0.6992971018583614
store_cat,5,ChildSummaryHistGB,ChildSummaryHistGB,WI_3__HOUSEHOLD,1680,89,71543.765625,0.021458631065716046,rmsse,0.6006772967628381
store_cat,5,ChildSummaryHistGB,ChildSummaryHistGB,CA_1__FOODS,1708,90,217884.71875,0.06483619848731188,rmsse,0.38740221746464615
store_cat,5,ChildSummaryHistGB,ChildSummaryHistGB,CA_1__HOBBIES,1708,91,64507.21875,0.01919548494604763,rmsse,0.5236559508318754
store_cat,5,ChildSummaryHistGB,ChildSummaryHistGB,CA_1__HOUSEHOLD,1708,92,115771.9140625,0.034450377440305296,rmsse,0.6413424974663327
store_cat,5,ChildSummaryHistGB,ChildSummaryHistGB,CA_2__FOODS,1708,93,193884.84375,0.0576945289471176,rmsse,0.826293633328367
store_cat,5,ChildSummaryHistGB,ChildSummaryHistGB,CA_2__HOBBIES,1708,94,42587.80859375,0.012672901647096451,rmsse,0.8388678431284335
store_cat,5,ChildSummaryHistGB,ChildSummaryHistGB,CA_2__HOUSEHOLD,1708,95,128741.3828125,0.038309716704546325,rmsse,0.7301218220732362
store_cat,5,ChildSummaryHistGB,ChildSummaryHistGB,CA_3__FOODS,1708,96,291962.8125,0.08687969936929697,rmsse,0.5571908798443055
store_cat,5,ChildSummaryHistGB,ChildSummaryHistGB,CA_3__HOBBIES,1708,97,65857.7265625,0.019597357060311797,rmsse,0.6853887824957596
store_cat,5,ChildSummaryHistGB,ChildSummaryHistGB,CA_3__HOUSEHOLD,1708,98,199975.203125,0.05950684397114477,rmsse,0.6939209224749836
store_cat,5,ChildSummaryHistGB,ChildSummaryHistGB,CA_4__FOODS,1708,99,125175.40625,0.037248585086258605,rmsse,0.5911059594898932
store_cat,5,ChildSummaryHistGB,ChildSummaryHistGB,CA_4__HOBBIES,1708,100,37398.48828125,0.011128709820676824,rmsse,0.918182710218175
store_cat,5,ChildSummaryHistGB,ChildSummaryHistGB,CA_4__HOUSEHOLD,1708,101,58208.20703125,0.017321081011646984,rmsse,0.8781789400844926
store_cat,5,ChildSummaryHistGB,ChildSummaryHistGB,TX_1__FOODS,1708,102,139721.296875,0.041577021964015685,rmsse,0.38826117807842614
store_cat,5,ChildSummaryHistGB,ChildSummaryHistGB,TX_1__HOBBIES,1708,103,32822.0,0.009766879104506042,rmsse,0.6309436244775734
store_cat,5,ChildSummaryHistGB,ChildSummaryHistGB,TX_1__HOUSEHOLD,1708,104,95720.7265625,0.02848372323841989,rmsse,0.4227098965181198
store_cat,5,ChildSummaryHistGB,ChildSummaryHistGB,TX_2__FOODS,1708,105,177167.65625,0.05271997683938926,rmsse,0.34576776923093117
store_cat,5,ChildSummaryHistGB,ChildSummaryHistGB,TX_2__HOBBIES,1708,106,51182.921875,0.015230559081363192,rmsse,0.7489133123485424
store_cat,5,ChildSummaryHistGB,ChildSummaryHistGB,TX_2__HOUSEHOLD,1708,107,103920.984375,0.030923883090972104,rmsse,0.5051462245651083
store_cat,5,ChildSummaryHistGB,ChildSummaryHistGB,TX_3__FOODS,1708,108,174264.703125,0.051856141844022645,rmsse,0.698838351197789
store_cat,5,ChildSummaryHistGB,ChildSummaryHistGB,TX_3__HOBBIES,1708,109,58956.5390625,0.017543763007846123,rmsse,0.9066193425001418
store_cat,5,ChildSummaryHistGB,ChildSummaryHistGB,TX_3__HOUSEHOLD,1708,110,102524.9296875,0.030508457542373864,rmsse,0.9205602062532754
store_cat,5,ChildSummaryHistGB,ChildSummaryHistGB,WI_1__FOODS,1708,111,166160.796875,0.04944465343326154,rmsse,0.5548111736277528
store_cat,5,ChildSummaryHistGB,ChildSummaryHistGB,WI_1__HOBBIES,1708,112,41281.1328125,0.012284072679201298,rmsse,0.5021717188683149
store_cat,5,ChildSummaryHistGB,ChildSummaryHistGB,WI_1__HOUSEHOLD,1708,113,75338.0390625,0.022418424212235426,rmsse,0.5935213591687476
store_cat,5,ChildSummaryHistGB,ChildSummaryHistGB,WI_2__FOODS,1708,114,219979.84375,0.06545964716758208,rmsse,0.6777045117355638
store_cat,5,ChildSummaryHistGB,ChildSummaryHistGB,WI_2__HOBBIES,1708,115,27206.900390625,0.008095987658386832,rmsse,0.8915726257081008
store_cat,5,ChildSummaryHistGB,ChildSummaryHistGB,WI_2__HOUSEHOLD,1708,116,99922.2578125,0.02973397757309036,rmsse,1.437858677249419
store_cat,5,ChildSummaryHistGB,ChildSummaryHistGB,WI_3__FOODS,1708,117,155858.3125,0.0463789316805747,rmsse,0.4466817442069178
store_cat,5,ChildSummaryHistGB,ChildSummaryHistGB,WI_3__HOBBIES,1708,118,26131.451171875,0.007775965036286816,rmsse,0.6992746468675992
store_cat,5,ChildSummaryHistGB,ChildSummaryHistGB,WI_3__HOUSEHOLD,1708,119,70425.015625,0.020956450354710988,rmsse,0.8400727627864143
store_cat,5,ChildSummaryHistGB,ChildSummaryHistGB,CA_1__FOODS,1624,0,220013.046875,0.06784256696116275,mean_spl,0.16674277484366165
store_cat,5,ChildSummaryHistGB,ChildSummaryHistGB,CA_1__HOBBIES,1624,1,62929.06640625,0.019404619235581292,mean_spl,0.1778504480002839
store_cat,5,ChildSummaryHistGB,ChildSummaryHistGB,CA_1__HOUSEHOLD,1624,2,115288.7890625,0.03555010715472609,mean_spl,0.22040475963155248
store_cat,5,ChildSummaryHistGB,ChildSummaryHistGB,CA_2__FOODS,1624,3,159095.96875,0.04905835843137624,mean_spl,0.4075731494657554
store_cat,5,ChildSummaryHistGB,ChildSummaryHistGB,CA_2__HOBBIES,1624,4,40058.953125,0.012352459312655899,mean_spl,0.15252953486964213
store_cat,5,ChildSummaryHistGB,ChildSummaryHistGB,CA_2__HOUSEHOLD,1624,5,114994.9296875,0.03545949355426571,mean_spl,0.18525380521982804
store_cat,5,ChildSummaryHistGB,ChildSummaryHistGB,CA_3__FOODS,1624,6,289613.4375,0.08930433583608938,mean_spl,0.23478235317519308
store_cat,5,ChildSummaryHistGB,ChildSummaryHistGB,CA_3__HOBBIES,1624,7,66763.3359375,0.020586943152802278,mean_spl,0.18868941600001532
store_cat,5,ChildSummaryHistGB,ChildSummaryHistGB,CA_3__HOUSEHOLD,1624,8,197297.125,0.06083795304040375,mean_spl,0.2705871297543758
store_cat,5,ChildSummaryHistGB,ChildSummaryHistGB,CA_4__FOODS,1624,9,115117.984375,0.03549743833070138,mean_spl,0.11622864198667256
store_cat,5,ChildSummaryHistGB,ChildSummaryHistGB,CA_4__HOBBIES,1624,10,38451.5390625,0.011856801906341136,mean_spl,0.24882246435278718
store_cat,5,ChildSummaryHistGB,ChildSummaryHistGB,CA_4__HOUSEHOLD,1624,11,58972.1171875,0.01818446617580622,mean_spl,0.22679356175523782
store_cat,5,ChildSummaryHistGB,ChildSummaryHistGB,TX_1__FOODS,1624,12,142577.84375,0.043964878670505324,mean_spl,0.32938612109764104
store_cat,5,ChildSummaryHistGB,ChildSummaryHistGB,TX_1__HOBBIES,1624,13,35482.73828125,0.010941351351671362,mean_spl,0.1695967578031999
store_cat,5,ChildSummaryHistGB,ChildSummaryHistGB,TX_1__HOUSEHOLD,1624,14,96711.265625,0.029821597433676558,mean_spl,0.1910674281109781
store_cat,5,ChildSummaryHistGB,ChildSummaryHistGB,TX_2__FOODS,1624,15,170484.6875,0.052570149779085265,mean_spl,0.24149896500393636
store_cat,5,ChildSummaryHistGB,ChildSummaryHistGB,TX_2__HOBBIES,1624,16,53368.81640625,0.0164566490583447,mean_spl,0.13758584400365895
store_cat,5,ChildSummaryHistGB,ChildSummaryHistGB,TX_2__HOUSEHOLD,1624,17,100137.1875,0.03087800448548404,mean_spl,0.17240646605370083
store_cat,5,ChildSummaryHistGB,ChildSummaryHistGB,TX_3__FOODS,1624,18,168899.796875,0.05208143763278345,mean_spl,0.29961224011780124
store_cat,5,ChildSummaryHistGB,ChildSummaryHistGB,TX_3__HOBBIES,1624,19,61914.1875,0.01909167420285396,mean_spl,0.16995637877955588
store_cat,5,ChildSummaryHistGB,ChildSummaryHistGB,TX_3__HOUSEHOLD,1624,20,101344.3671875,0.031250246813594264,mean_spl,0.20829934605044642
store_cat,5,ChildSummaryHistGB,ChildSummaryHistGB,WI_1__FOODS,1624,21,164837.171875,0.05082869870427261,mean_spl,0.19466383852259106
store_cat,5,ChildSummaryHistGB,ChildSummaryHistGB,WI_1__HOBBIES,1624,22,42539.6328125,0.013117394302643252,mean_spl,0.13489588111537928
store_cat,5,ChildSummaryHistGB,ChildSummaryHistGB,WI_1__HOUSEHOLD,1624,23,77645.03125,0.02394239026548502,mean_spl,0.16033986457275184
store_cat,5,ChildSummaryHistGB,ChildSummaryHistGB,WI_2__FOODS,1624,24,189465.140625,0.05842290569686326,mean_spl,0.26881856306425383
store_cat,5,ChildSummaryHistGB,ChildSummaryHistGB,WI_2__HOBBIES,1624,25,27261.52734375,0.008406283266158821,mean_spl,0.16974554727685956
store_cat,5,ChildSummaryHistGB,ChildSummaryHistGB,WI_2__HOUSEHOLD,1624,26,87001.796875,0.026827614607724242,mean_spl,0.3824113067541434
store_cat,5,ChildSummaryHistGB,ChildSummaryHistGB,WI_3__FOODS,1624,27,145719.78125,0.04493371714740094,mean_spl,0.19822610198011142
store_cat,5,ChildSummaryHistGB,ChildSummaryHistGB,WI_3__HOBBIES,1624,28,25590.76953125,0.007891093370012273,mean_spl,0.1713492006191782
store_cat,5,ChildSummaryHistGB,ChildSummaryHistGB,WI_3__HOUSEHOLD,1624,29,73416.1015625,0.022638370119528538,mean_spl,0.16691299334041879
store_cat,5,ChildSummaryHistGB,ChildSummaryHistGB,CA_1__FOODS,1652,30,216018.53125,0.06442420129688553,mean_spl,0.16017190719278268
store_cat,5,ChildSummaryHistGB,ChildSummaryHistGB,CA_1__HOBBIES,1652,31,65447.4609375,0.019518697647878544,mean_spl,0.16170877008117474
store_cat,5,ChildSummaryHistGB,ChildSummaryHistGB,CA_1__HOUSEHOLD,1652,32,119797.71875,0.035727825307384026,mean_spl,0.27702270164776244
store_cat,5,ChildSummaryHistGB,ChildSummaryHistGB,CA_2__FOODS,1652,33,174231.328125,0.05196181128719119,mean_spl,0.414250757854638
store_cat,5,ChildSummaryHistGB,ChildSummaryHistGB,CA_2__HOBBIES,1652,34,41661.87109375,0.012425011660885674,mean_spl,0.15119688063845793
store_cat,5,ChildSummaryHistGB,ChildSummaryHistGB,CA_2__HOUSEHOLD,1652,35,125333.90625,0.0373789079985469,mean_spl,0.13086970223210026
store_cat,5,ChildSummaryHistGB,ChildSummaryHistGB,CA_3__FOODS,1652,36,290598.75,0.08666660336171188,mean_spl,0.25903251363447866
store_cat,5,ChildSummaryHistGB,ChildSummaryHistGB,CA_3__HOBBIES,1652,37,67250.15625,0.020056323771977337,mean_spl,0.15157461523262136
store_cat,5,ChildSummaryHistGB,ChildSummaryHistGB,CA_3__HOUSEHOLD,1652,38,209033.9375,0.062341153740163614,mean_spl,0.33340369415973586
store_cat,5,ChildSummaryHistGB,ChildSummaryHistGB,CA_4__FOODS,1652,39,117701.203125,0.0351025717985045,mean_spl,0.1627972272186514
store_cat,5,ChildSummaryHistGB,ChildSummaryHistGB,CA_4__HOBBIES,1652,40,38269.8515625,0.011413394056508423,mean_spl,0.2176057170287968
store_cat,5,ChildSummaryHistGB,ChildSummaryHistGB,CA_4__HOUSEHOLD,1652,41,59733.83984375,0.01781469811900534,mean_spl,0.198808441836496
store_cat,5,ChildSummaryHistGB,ChildSummaryHistGB,TX_1__FOODS,1652,42,151482.15625,0.04517722100351641,mean_spl,0.306350604311832
store_cat,5,ChildSummaryHistGB,ChildSummaryHistGB,TX_1__HOBBIES,1652,43,34373.328125,0.010251315929030495,mean_spl,0.17228000687782494
store_cat,5,ChildSummaryHistGB,ChildSummaryHistGB,TX_1__HOUSEHOLD,1652,44,99281.828125,0.029609276774710924,mean_spl,0.19037478063899635
store_cat,5,ChildSummaryHistGB,ChildSummaryHistGB,TX_2__FOODS,1652,45,180129.203125,0.053720761706977774,mean_spl,0.233909528901614
store_cat,5,ChildSummaryHistGB,ChildSummaryHistGB,TX_2__HOBBIES,1652,46,53874.60546875,0.016067271670744867,mean_spl,0.1233896241955194
store_cat,5,ChildSummaryHistGB,ChildSummaryHistGB,TX_2__HOUSEHOLD,1652,47,108551.953125,0.03237394884053533,mean_spl,0.14395098119348512
store_cat,5,ChildSummaryHistGB,ChildSummaryHistGB,TX_3__FOODS,1652,48,179456.3125,0.05352008243735707,mean_spl,0.17093790196778735
store_cat,5,ChildSummaryHistGB,ChildSummaryHistGB,TX_3__HOBBIES,1652,49,59746.28125,0.017818408576881467,mean_spl,0.1820658112974502
store_cat,5,ChildSummaryHistGB,ChildSummaryHistGB,TX_3__HOUSEHOLD,1652,50,104524.96875,0.03117296274692021,mean_spl,0.24637112724686583
store_cat,5,ChildSummaryHistGB,ChildSummaryHistGB,WI_1__FOODS,1652,51,168893.375,0.05036984894651428,mean_spl,0.15199704978642167
store_cat,5,ChildSummaryHistGB,ChildSummaryHistGB,WI_1__HOBBIES,1652,52,42655.81640625,0.012721440548352225,mean_spl,0.11631685442784906
store_cat,5,ChildSummaryHistGB,ChildSummaryHistGB,WI_1__HOUSEHOLD,1652,53,79013.1484375,0.023564455098285444,mean_spl,0.1577676365100885
store_cat,5,ChildSummaryHistGB,ChildSummaryHistGB,WI_2__FOODS,1652,54,197144.109375,0.05879519554816072,mean_spl,0.22155735558702622
store_cat,5,ChildSummaryHistGB,ChildSummaryHistGB,WI_2__HOBBIES,1652,55,26210.8203125,0.007816973637390177,mean_spl,0.17111402745626741
store_cat,5,ChildSummaryHistGB,ChildSummaryHistGB,WI_2__HOUSEHOLD,1652,56,94435.328125,0.02816388276254626,mean_spl,0.4141346661874532
store_cat,5,ChildSummaryHistGB,ChildSummaryHistGB,WI_3__FOODS,1652,57,149557.390625,0.04460318928801133,mean_spl,0.1560809967142317
store_cat,5,ChildSummaryHistGB,ChildSummaryHistGB,WI_3__HOBBIES,1652,58,23851.12890625,0.007113232003396538,mean_spl,0.16578951348127213
store_cat,5,ChildSummaryHistGB,ChildSummaryHistGB,WI_3__HOUSEHOLD,1652,59,74804.640625,0.02230933243402552,mean_spl,0.2555139957396824
store_cat,5,ChildSummaryHistGB,ChildSummaryHistGB,CA_1__FOODS,1680,60,212665.09375,0.06378615589312105,mean_spl,0.23147445947655138
store_cat,5,ChildSummaryHistGB,ChildSummaryHistGB,CA_1__HOBBIES,1680,61,65255.8203125,0.01957264285355537,mean_spl,0.16008827263752945
store_cat,5,ChildSummaryHistGB,ChildSummaryHistGB,CA_1__HOUSEHOLD,1680,62,120678.7734375,0.03619604383465028,mean_spl,0.2606167585466728
store_cat,5,ChildSummaryHistGB,ChildSummaryHistGB,CA_2__FOODS,1680,63,185085.140625,0.05551390416372213,mean_spl,0.478931390026222
store_cat,5,ChildSummaryHistGB,ChildSummaryHistGB,CA_2__HOBBIES,1680,64,42349.64453125,0.01270223044344142,mean_spl,0.15200854173423206
store_cat,5,ChildSummaryHistGB,ChildSummaryHistGB,CA_2__HOUSEHOLD,1680,65,131134.6875,0.0393321605928604,mean_spl,0.38970664383353976
store_cat,5,ChildSummaryHistGB,ChildSummaryHistGB,CA_3__FOODS,1680,66,290308.75,0.08707437058949458,mean_spl,0.2875038348640013
store_cat,5,ChildSummaryHistGB,ChildSummaryHistGB,CA_3__HOBBIES,1680,67,68627.6328125,0.020583974586351195,mean_spl,0.2529178062821598
store_cat,5,ChildSummaryHistGB,ChildSummaryHistGB,CA_3__HOUSEHOLD,1680,68,216725.078125,0.06500389591665223,mean_spl,0.2918208754034249
store_cat,5,ChildSummaryHistGB,ChildSummaryHistGB,CA_4__FOODS,1680,69,120590.8203125,0.036169663427581066,mean_spl,0.30844498707769313
store_cat,5,ChildSummaryHistGB,ChildSummaryHistGB,CA_4__HOBBIES,1680,70,38188.359375,0.011454106555257288,mean_spl,0.2705758248881267
store_cat,5,ChildSummaryHistGB,ChildSummaryHistGB,CA_4__HOUSEHOLD,1680,71,60378.7109375,0.018109816710270857,mean_spl,0.21903516842270668
store_cat,5,ChildSummaryHistGB,ChildSummaryHistGB,TX_1__FOODS,1680,72,133530.5,0.04005075369585142,mean_spl,0.16652069009786172
store_cat,5,ChildSummaryHistGB,ChildSummaryHistGB,TX_1__HOBBIES,1680,73,34635.26171875,0.010388400674669888,mean_spl,0.1402670703197083
store_cat,5,ChildSummaryHistGB,ChildSummaryHistGB,TX_1__HOUSEHOLD,1680,74,98933.9296875,0.02967395801016805,mean_spl,0.16347315599355633
store_cat,5,ChildSummaryHistGB,ChildSummaryHistGB,TX_2__FOODS,1680,75,167087.09375,0.05011562180578134,mean_spl,0.21451289406926097
store_cat,5,ChildSummaryHistGB,ChildSummaryHistGB,TX_2__HOBBIES,1680,76,52974.6171875,0.015889054149490787,mean_spl,0.1460753141862444
store_cat,5,ChildSummaryHistGB,ChildSummaryHistGB,TX_2__HOUSEHOLD,1680,77,107912.78125,0.032367048895031794,mean_spl,0.1957445425250045
store_cat,5,ChildSummaryHistGB,ChildSummaryHistGB,TX_3__FOODS,1680,78,166985.515625,0.05008515475544256,mean_spl,0.23788927406122543
store_cat,5,ChildSummaryHistGB,ChildSummaryHistGB,TX_3__HOBBIES,1680,79,58107.6953125,0.017428654822639902,mean_spl,0.16453171548065276
store_cat,5,ChildSummaryHistGB,ChildSummaryHistGB,TX_3__HOUSEHOLD,1680,80,107518.1171875,0.03224867449248113,mean_spl,0.26211618939336345
store_cat,5,ChildSummaryHistGB,ChildSummaryHistGB,WI_1__FOODS,1680,81,161832.640625,0.04853961626460706,mean_spl,0.22462825617336213
store_cat,5,ChildSummaryHistGB,ChildSummaryHistGB,WI_1__HOBBIES,1680,82,40999.46875,0.012297262607172198,mean_spl,0.16746636180891172
store_cat,5,ChildSummaryHistGB,ChildSummaryHistGB,WI_1__HOUSEHOLD,1680,83,79151.3125,0.023740416771006367,mean_spl,0.2537751280750456
store_cat,5,ChildSummaryHistGB,ChildSummaryHistGB,WI_2__FOODS,1680,84,203877.3125,0.06115037408764012,mean_spl,0.3572361828604014
store_cat,5,ChildSummaryHistGB,ChildSummaryHistGB,WI_2__HOBBIES,1680,85,27185.30078125,0.00815388084173639,mean_spl,0.17289948255596888
store_cat,5,ChildSummaryHistGB,ChildSummaryHistGB,WI_2__HOUSEHOLD,1680,86,100197.1875,0.030052855921153164,mean_spl,0.4747302570520479
store_cat,5,ChildSummaryHistGB,ChildSummaryHistGB,WI_3__FOODS,1680,87,143496.546875,0.04303994110031657,mean_spl,0.36430610686433984
store_cat,5,ChildSummaryHistGB,ChildSummaryHistGB,WI_3__HOBBIES,1680,88,26074.580078125,0.007820734472137367,mean_spl,0.1754184472885806
store_cat,5,ChildSummaryHistGB,ChildSummaryHistGB,WI_3__HOUSEHOLD,1680,89,71543.765625,0.021458631065716046,mean_spl,0.16673039128675626
store_cat,5,ChildSummaryHistGB,ChildSummaryHistGB,CA_1__FOODS,1708,90,217884.71875,0.06483619848731188,mean_spl,0.15771848710261066
store_cat,5,ChildSummaryHistGB,ChildSummaryHistGB,CA_1__HOBBIES,1708,91,64507.21875,0.01919548494604763,mean_spl,0.12790621263445287
store_cat,5,ChildSummaryHistGB,ChildSummaryHistGB,CA_1__HOUSEHOLD,1708,92,115771.9140625,0.034450377440305296,mean_spl,0.19468031045510492
store_cat,5,ChildSummaryHistGB,ChildSummaryHistGB,CA_2__FOODS,1708,93,193884.84375,0.0576945289471176,mean_spl,0.36696747431566074
store_cat,5,ChildSummaryHistGB,ChildSummaryHistGB,CA_2__HOBBIES,1708,94,42587.80859375,0.012672901647096451,mean_spl,0.20620085702484214
store_cat,5,ChildSummaryHistGB,ChildSummaryHistGB,CA_2__HOUSEHOLD,1708,95,128741.3828125,0.038309716704546325,mean_spl,0.3025277199592645
store_cat,5,ChildSummaryHistGB,ChildSummaryHistGB,CA_3__FOODS,1708,96,291962.8125,0.08687969936929697,mean_spl,0.2212085984878216
store_cat,5,ChildSummaryHistGB,ChildSummaryHistGB,CA_3__HOBBIES,1708,97,65857.7265625,0.019597357060311797,mean_spl,0.1698929878274587
store_cat,5,ChildSummaryHistGB,ChildSummaryHistGB,CA_3__HOUSEHOLD,1708,98,199975.203125,0.05950684397114477,mean_spl,0.23517384989334225
store_cat,5,ChildSummaryHistGB,ChildSummaryHistGB,CA_4__FOODS,1708,99,125175.40625,0.037248585086258605,mean_spl,0.19722133897361566
store_cat,5,ChildSummaryHistGB,ChildSummaryHistGB,CA_4__HOBBIES,1708,100,37398.48828125,0.011128709820676824,mean_spl,0.22555578565513157
store_cat,5,ChildSummaryHistGB,ChildSummaryHistGB,CA_4__HOUSEHOLD,1708,101,58208.20703125,0.017321081011646984,mean_spl,0.23320331784223575
store_cat,5,ChildSummaryHistGB,ChildSummaryHistGB,TX_1__FOODS,1708,102,139721.296875,0.041577021964015685,mean_spl,0.13544973868702104
store_cat,5,ChildSummaryHistGB,ChildSummaryHistGB,TX_1__HOBBIES,1708,103,32822.0,0.009766879104506042,mean_spl,0.15864425125619605
store_cat,5,ChildSummaryHistGB,ChildSummaryHistGB,TX_1__HOUSEHOLD,1708,104,95720.7265625,0.02848372323841989,mean_spl,0.1171882752187053
store_cat,5,ChildSummaryHistGB,ChildSummaryHistGB,TX_2__FOODS,1708,105,177167.65625,0.05271997683938926,mean_spl,0.13104593778188256
store_cat,5,ChildSummaryHistGB,ChildSummaryHistGB,TX_2__HOBBIES,1708,106,51182.921875,0.015230559081363192,mean_spl,0.194278847253169
store_cat,5,ChildSummaryHistGB,ChildSummaryHistGB,TX_2__HOUSEHOLD,1708,107,103920.984375,0.030923883090972104,mean_spl,0.15039932748439502
store_cat,5,ChildSummaryHistGB,ChildSummaryHistGB,TX_3__FOODS,1708,108,174264.703125,0.051856141844022645,mean_spl,0.2950833733188249
store_cat,5,ChildSummaryHistGB,ChildSummaryHistGB,TX_3__HOBBIES,1708,109,58956.5390625,0.017543763007846123,mean_spl,0.22963268596744607
store_cat,5,ChildSummaryHistGB,ChildSummaryHistGB,TX_3__HOUSEHOLD,1708,110,102524.9296875,0.030508457542373864,mean_spl,0.27654844789826394
store_cat,5,ChildSummaryHistGB,ChildSummaryHistGB,WI_1__FOODS,1708,111,166160.796875,0.04944465343326154,mean_spl,0.2456361109758103
store_cat,5,ChildSummaryHistGB,ChildSummaryHistGB,WI_1__HOBBIES,1708,112,41281.1328125,0.012284072679201298,mean_spl,0.12555484042394577
store_cat,5,ChildSummaryHistGB,ChildSummaryHistGB,WI_1__HOUSEHOLD,1708,113,75338.0390625,0.022418424212235426,mean_spl,0.16107904854649274
store_cat,5,ChildSummaryHistGB,ChildSummaryHistGB,WI_2__FOODS,1708,114,219979.84375,0.06545964716758208,mean_spl,0.29630492723855023
store_cat,5,ChildSummaryHistGB,ChildSummaryHistGB,WI_2__HOBBIES,1708,115,27206.900390625,0.008095987658386832,mean_spl,0.22018025811459968
store_cat,5,ChildSummaryHistGB,ChildSummaryHistGB,WI_2__HOUSEHOLD,1708,116,99922.2578125,0.02973397757309036,mean_spl,0.6918687202236073
store_cat,5,ChildSummaryHistGB,ChildSummaryHistGB,WI_3__FOODS,1708,117,155858.3125,0.0463789316805747,mean_spl,0.17613602530868355
store_cat,5,ChildSummaryHistGB,ChildSummaryHistGB,WI_3__HOBBIES,1708,118,26131.451171875,0.007775965036286816,mean_spl,0.16806946505479506
store_cat,5,ChildSummaryHistGB,ChildSummaryHistGB,WI_3__HOUSEHOLD,1708,119,70425.015625,0.020956450354710988,mean_spl,0.2490729686003892
store_cat,5,BottomUpGlobalHistGB,BottomUpGlobalHistGB,CA_1__FOODS,1624,0,220013.046875,0.06784256696116275,rmsse,0.3502379887770042
store_cat,5,BottomUpGlobalHistGB,BottomUpGlobalHistGB,CA_1__HOBBIES,1624,1,62929.06640625,0.019404619235581292,rmsse,0.5444896969056182
store_cat,5,BottomUpGlobalHistGB,BottomUpGlobalHistGB,CA_1__HOUSEHOLD,1624,2,115288.7890625,0.03555010715472609,rmsse,0.7527849867118649
store_cat,5,BottomUpGlobalHistGB,BottomUpGlobalHistGB,CA_2__FOODS,1624,3,159095.96875,0.04905835843137624,rmsse,0.9722479138679208
store_cat,5,BottomUpGlobalHistGB,BottomUpGlobalHistGB,CA_2__HOBBIES,1624,4,40058.953125,0.012352459312655899,rmsse,0.49133813644486257
store_cat,5,BottomUpGlobalHistGB,BottomUpGlobalHistGB,CA_2__HOUSEHOLD,1624,5,114994.9296875,0.03545949355426571,rmsse,0.7827311087700647
store_cat,5,BottomUpGlobalHistGB,BottomUpGlobalHistGB,CA_3__FOODS,1624,6,289613.4375,0.08930433583608938,rmsse,0.5472021726628462
store_cat,5,BottomUpGlobalHistGB,BottomUpGlobalHistGB,CA_3__HOBBIES,1624,7,66763.3359375,0.020586943152802278,rmsse,0.7326142360342922
store_cat,5,BottomUpGlobalHistGB,BottomUpGlobalHistGB,CA_3__HOUSEHOLD,1624,8,197297.125,0.06083795304040375,rmsse,0.9532526829933838
store_cat,5,BottomUpGlobalHistGB,BottomUpGlobalHistGB,CA_4__FOODS,1624,9,115117.984375,0.03549743833070138,rmsse,0.5161783266376536
store_cat,5,BottomUpGlobalHistGB,BottomUpGlobalHistGB,CA_4__HOBBIES,1624,10,38451.5390625,0.011856801906341136,rmsse,1.1420026850256662
store_cat,5,BottomUpGlobalHistGB,BottomUpGlobalHistGB,CA_4__HOUSEHOLD,1624,11,58972.1171875,0.01818446617580622,rmsse,0.8828635351764891
store_cat,5,BottomUpGlobalHistGB,BottomUpGlobalHistGB,TX_1__FOODS,1624,12,142577.84375,0.043964878670505324,rmsse,0.5946979207179114
store_cat,5,BottomUpGlobalHistGB,BottomUpGlobalHistGB,TX_1__HOBBIES,1624,13,35482.73828125,0.010941351351671362,rmsse,0.7613921266541557
store_cat,5,BottomUpGlobalHistGB,BottomUpGlobalHistGB,TX_1__HOUSEHOLD,1624,14,96711.265625,0.029821597433676558,rmsse,0.49923942142515926
store_cat,5,BottomUpGlobalHistGB,BottomUpGlobalHistGB,TX_2__FOODS,1624,15,170484.6875,0.052570149779085265,rmsse,0.4881051800876784
store_cat,5,BottomUpGlobalHistGB,BottomUpGlobalHistGB,TX_2__HOBBIES,1624,16,53368.81640625,0.0164566490583447,rmsse,0.5717044655867712
store_cat,5,BottomUpGlobalHistGB,BottomUpGlobalHistGB,TX_2__HOUSEHOLD,1624,17,100137.1875,0.03087800448548404,rmsse,0.4290718711172298
store_cat,5,BottomUpGlobalHistGB,BottomUpGlobalHistGB,TX_3__FOODS,1624,18,168899.796875,0.05208143763278345,rmsse,0.6385397401538029
store_cat,5,BottomUpGlobalHistGB,BottomUpGlobalHistGB,TX_3__HOBBIES,1624,19,61914.1875,0.01909167420285396,rmsse,0.6627604120596792
store_cat,5,BottomUpGlobalHistGB,BottomUpGlobalHistGB,TX_3__HOUSEHOLD,1624,20,101344.3671875,0.031250246813594264,rmsse,0.7243790063825047
store_cat,5,BottomUpGlobalHistGB,BottomUpGlobalHistGB,WI_1__FOODS,1624,21,164837.171875,0.05082869870427261,rmsse,0.46042260911480165
store_cat,5,BottomUpGlobalHistGB,BottomUpGlobalHistGB,WI_1__HOBBIES,1624,22,42539.6328125,0.013117394302643252,rmsse,0.5727023254389146
store_cat,5,BottomUpGlobalHistGB,BottomUpGlobalHistGB,WI_1__HOUSEHOLD,1624,23,77645.03125,0.02394239026548502,rmsse,0.6532997332168116
store_cat,5,BottomUpGlobalHistGB,BottomUpGlobalHistGB,WI_2__FOODS,1624,24,189465.140625,0.05842290569686326,rmsse,0.9293388496616681
store_cat,5,BottomUpGlobalHistGB,BottomUpGlobalHistGB,WI_2__HOBBIES,1624,25,27261.52734375,0.008406283266158821,rmsse,0.779774477297666
store_cat,5,BottomUpGlobalHistGB,BottomUpGlobalHistGB,WI_2__HOUSEHOLD,1624,26,87001.796875,0.026827614607724242,rmsse,1.2460926980572553
store_cat,5,BottomUpGlobalHistGB,BottomUpGlobalHistGB,WI_3__FOODS,1624,27,145719.78125,0.04493371714740094,rmsse,0.5444673434241138
store_cat,5,BottomUpGlobalHistGB,BottomUpGlobalHistGB,WI_3__HOBBIES,1624,28,25590.76953125,0.007891093370012273,rmsse,0.8947620564950217
store_cat,5,BottomUpGlobalHistGB,BottomUpGlobalHistGB,WI_3__HOUSEHOLD,1624,29,73416.1015625,0.022638370119528538,rmsse,0.6571624985905824
store_cat,5,BottomUpGlobalHistGB,BottomUpGlobalHistGB,CA_1__FOODS,1652,30,216018.53125,0.06442420129688553,rmsse,0.40524270883491575
store_cat,5,BottomUpGlobalHistGB,BottomUpGlobalHistGB,CA_1__HOBBIES,1652,31,65447.4609375,0.019518697647878544,rmsse,0.6415256498640537
store_cat,5,BottomUpGlobalHistGB,BottomUpGlobalHistGB,CA_1__HOUSEHOLD,1652,32,119797.71875,0.035727825307384026,rmsse,0.6372309050413077
store_cat,5,BottomUpGlobalHistGB,BottomUpGlobalHistGB,CA_2__FOODS,1652,33,174231.328125,0.05196181128719119,rmsse,0.9803647459763439
store_cat,5,BottomUpGlobalHistGB,BottomUpGlobalHistGB,CA_2__HOBBIES,1652,34,41661.87109375,0.012425011660885674,rmsse,0.6223980907766322
store_cat,5,BottomUpGlobalHistGB,BottomUpGlobalHistGB,CA_2__HOUSEHOLD,1652,35,125333.90625,0.0373789079985469,rmsse,0.8015170749341767
store_cat,5,BottomUpGlobalHistGB,BottomUpGlobalHistGB,CA_3__FOODS,1652,36,290598.75,0.08666660336171188,rmsse,0.6095433498906306
store_cat,5,BottomUpGlobalHistGB,BottomUpGlobalHistGB,CA_3__HOBBIES,1652,37,67250.15625,0.020056323771977337,rmsse,0.7114198398932867
store_cat,5,BottomUpGlobalHistGB,BottomUpGlobalHistGB,CA_3__HOUSEHOLD,1652,38,209033.9375,0.062341153740163614,rmsse,1.0798091965286538
store_cat,5,BottomUpGlobalHistGB,BottomUpGlobalHistGB,CA_4__FOODS,1652,39,117701.203125,0.0351025717985045,rmsse,0.6140449813017905
store_cat,5,BottomUpGlobalHistGB,BottomUpGlobalHistGB,CA_4__HOBBIES,1652,40,38269.8515625,0.011413394056508423,rmsse,0.7546409540175785
store_cat,5,BottomUpGlobalHistGB,BottomUpGlobalHistGB,CA_4__HOUSEHOLD,1652,41,59733.83984375,0.01781469811900534,rmsse,0.8516728889843616
store_cat,5,BottomUpGlobalHistGB,BottomUpGlobalHistGB,TX_1__FOODS,1652,42,151482.15625,0.04517722100351641,rmsse,0.7460816249653631
store_cat,5,BottomUpGlobalHistGB,BottomUpGlobalHistGB,TX_1__HOBBIES,1652,43,34373.328125,0.010251315929030495,rmsse,0.8519585154364645
store_cat,5,BottomUpGlobalHistGB,BottomUpGlobalHistGB,TX_1__HOUSEHOLD,1652,44,99281.828125,0.029609276774710924,rmsse,0.47218349229260553
store_cat,5,BottomUpGlobalHistGB,BottomUpGlobalHistGB,TX_2__FOODS,1652,45,180129.203125,0.053720761706977774,rmsse,0.47937215696745566
store_cat,5,BottomUpGlobalHistGB,BottomUpGlobalHistGB,TX_2__HOBBIES,1652,46,53874.60546875,0.016067271670744867,rmsse,0.5294098522474374
store_cat,5,BottomUpGlobalHistGB,BottomUpGlobalHistGB,TX_2__HOUSEHOLD,1652,47,108551.953125,0.03237394884053533,rmsse,0.41989505842792835
store_cat,5,BottomUpGlobalHistGB,BottomUpGlobalHistGB,TX_3__FOODS,1652,48,179456.3125,0.05352008243735707,rmsse,0.6296021668879103
store_cat,5,BottomUpGlobalHistGB,BottomUpGlobalHistGB,TX_3__HOBBIES,1652,49,59746.28125,0.017818408576881467,rmsse,0.6803073440463402
store_cat,5,BottomUpGlobalHistGB,BottomUpGlobalHistGB,TX_3__HOUSEHOLD,1652,50,104524.96875,0.03117296274692021,rmsse,0.8621818806917584
store_cat,5,BottomUpGlobalHistGB,BottomUpGlobalHistGB,WI_1__FOODS,1652,51,168893.375,0.05036984894651428,rmsse,0.42876277486059855
store_cat,5,BottomUpGlobalHistGB,BottomUpGlobalHistGB,WI_1__HOBBIES,1652,52,42655.81640625,0.012721440548352225,rmsse,0.5181955052660204
store_cat,5,BottomUpGlobalHistGB,BottomUpGlobalHistGB,WI_1__HOUSEHOLD,1652,53,79013.1484375,0.023564455098285444,rmsse,0.5359494158988863
store_cat,5,BottomUpGlobalHistGB,BottomUpGlobalHistGB,WI_2__FOODS,1652,54,197144.109375,0.05879519554816072,rmsse,0.9474746918856342
store_cat,5,BottomUpGlobalHistGB,BottomUpGlobalHistGB,WI_2__HOBBIES,1652,55,26210.8203125,0.007816973637390177,rmsse,0.9705844502423112
store_cat,5,BottomUpGlobalHistGB,BottomUpGlobalHistGB,WI_2__HOUSEHOLD,1652,56,94435.328125,0.02816388276254626,rmsse,1.4301634222339656
store_cat,5,BottomUpGlobalHistGB,BottomUpGlobalHistGB,WI_3__FOODS,1652,57,149557.390625,0.04460318928801133,rmsse,0.49862395155748335
store_cat,5,BottomUpGlobalHistGB,BottomUpGlobalHistGB,WI_3__HOBBIES,1652,58,23851.12890625,0.007113232003396538,rmsse,0.7322187994616268
store_cat,5,BottomUpGlobalHistGB,BottomUpGlobalHistGB,WI_3__HOUSEHOLD,1652,59,74804.640625,0.02230933243402552,rmsse,0.6611090339658598
store_cat,5,BottomUpGlobalHistGB,BottomUpGlobalHistGB,CA_1__FOODS,1680,60,212665.09375,0.06378615589312105,rmsse,0.5512050589271339
store_cat,5,BottomUpGlobalHistGB,BottomUpGlobalHistGB,CA_1__HOBBIES,1680,61,65255.8203125,0.01957264285355537,rmsse,0.57094940538589
store_cat,5,BottomUpGlobalHistGB,BottomUpGlobalHistGB,CA_1__HOUSEHOLD,1680,62,120678.7734375,0.03619604383465028,rmsse,0.6063584217580442
store_cat,5,BottomUpGlobalHistGB,BottomUpGlobalHistGB,CA_2__FOODS,1680,63,185085.140625,0.05551390416372213,rmsse,1.057298654540215
store_cat,5,BottomUpGlobalHistGB,BottomUpGlobalHistGB,CA_2__HOBBIES,1680,64,42349.64453125,0.01270223044344142,rmsse,0.5468930507325119
store_cat,5,BottomUpGlobalHistGB,BottomUpGlobalHistGB,CA_2__HOUSEHOLD,1680,65,131134.6875,0.0393321605928604,rmsse,0.712883356759565
store_cat,5,BottomUpGlobalHistGB,BottomUpGlobalHistGB,CA_3__FOODS,1680,66,290308.75,0.08707437058949458,rmsse,0.8568001101433822
store_cat,5,BottomUpGlobalHistGB,BottomUpGlobalHistGB,CA_3__HOBBIES,1680,67,68627.6328125,0.020583974586351195,rmsse,0.7591038014008624
store_cat,5,BottomUpGlobalHistGB,BottomUpGlobalHistGB,CA_3__HOUSEHOLD,1680,68,216725.078125,0.06500389591665223,rmsse,0.7671337091940467
store_cat,5,BottomUpGlobalHistGB,BottomUpGlobalHistGB,CA_4__FOODS,1680,69,120590.8203125,0.036169663427581066,rmsse,0.9255446984498998
store_cat,5,BottomUpGlobalHistGB,BottomUpGlobalHistGB,CA_4__HOBBIES,1680,70,38188.359375,0.011454106555257288,rmsse,1.0293682699649866
store_cat,5,BottomUpGlobalHistGB,BottomUpGlobalHistGB,CA_4__HOUSEHOLD,1680,71,60378.7109375,0.018109816710270857,rmsse,1.057316665062763
store_cat,5,BottomUpGlobalHistGB,BottomUpGlobalHistGB,TX_1__FOODS,1680,72,133530.5,0.04005075369585142,rmsse,0.4301292615487226
store_cat,5,BottomUpGlobalHistGB,BottomUpGlobalHistGB,TX_1__HOBBIES,1680,73,34635.26171875,0.010388400674669888,rmsse,0.8648012289600124
store_cat,5,BottomUpGlobalHistGB,BottomUpGlobalHistGB,TX_1__HOUSEHOLD,1680,74,98933.9296875,0.02967395801016805,rmsse,0.4604240722094556
store_cat,5,BottomUpGlobalHistGB,BottomUpGlobalHistGB,TX_2__FOODS,1680,75,167087.09375,0.05011562180578134,rmsse,0.5495328928247423
store_cat,5,BottomUpGlobalHistGB,BottomUpGlobalHistGB,TX_2__HOBBIES,1680,76,52974.6171875,0.015889054149490787,rmsse,0.6140080204346294
store_cat,5,BottomUpGlobalHistGB,BottomUpGlobalHistGB,TX_2__HOUSEHOLD,1680,77,107912.78125,0.032367048895031794,rmsse,0.5733103380437267
store_cat,5,BottomUpGlobalHistGB,BottomUpGlobalHistGB,TX_3__FOODS,1680,78,166985.515625,0.05008515475544256,rmsse,0.5935189450356774
store_cat,5,BottomUpGlobalHistGB,BottomUpGlobalHistGB,TX_3__HOBBIES,1680,79,58107.6953125,0.017428654822639902,rmsse,0.7553557549340378
store_cat,5,BottomUpGlobalHistGB,BottomUpGlobalHistGB,TX_3__HOUSEHOLD,1680,80,107518.1171875,0.03224867449248113,rmsse,0.8408295368501288
store_cat,5,BottomUpGlobalHistGB,BottomUpGlobalHistGB,WI_1__FOODS,1680,81,161832.640625,0.04853961626460706,rmsse,0.42375420189315094
store_cat,5,BottomUpGlobalHistGB,BottomUpGlobalHistGB,WI_1__HOBBIES,1680,82,40999.46875,0.012297262607172198,rmsse,0.6503293620093205
store_cat,5,BottomUpGlobalHistGB,BottomUpGlobalHistGB,WI_1__HOUSEHOLD,1680,83,79151.3125,0.023740416771006367,rmsse,0.8211450466063307
store_cat,5,BottomUpGlobalHistGB,BottomUpGlobalHistGB,WI_2__FOODS,1680,84,203877.3125,0.06115037408764012,rmsse,1.0806093235007885
store_cat,5,BottomUpGlobalHistGB,BottomUpGlobalHistGB,WI_2__HOBBIES,1680,85,27185.30078125,0.00815388084173639,rmsse,1.0415565880635305
store_cat,5,BottomUpGlobalHistGB,BottomUpGlobalHistGB,WI_2__HOUSEHOLD,1680,86,100197.1875,0.030052855921153164,rmsse,1.4487530367483457
store_cat,5,BottomUpGlobalHistGB,BottomUpGlobalHistGB,WI_3__FOODS,1680,87,143496.546875,0.04303994110031657,rmsse,0.6874142657040645
store_cat,5,BottomUpGlobalHistGB,BottomUpGlobalHistGB,WI_3__HOBBIES,1680,88,26074.580078125,0.007820734472137367,rmsse,0.8094147450746882
store_cat,5,BottomUpGlobalHistGB,BottomUpGlobalHistGB,WI_3__HOUSEHOLD,1680,89,71543.765625,0.021458631065716046,rmsse,0.6544321832298757
store_cat,5,BottomUpGlobalHistGB,BottomUpGlobalHistGB,CA_1__FOODS,1708,90,217884.71875,0.06483619848731188,rmsse,0.5640004662744689
store_cat,5,BottomUpGlobalHistGB,BottomUpGlobalHistGB,CA_1__HOBBIES,1708,91,64507.21875,0.01919548494604763,rmsse,0.5010599943785587
store_cat,5,BottomUpGlobalHistGB,BottomUpGlobalHistGB,CA_1__HOUSEHOLD,1708,92,115771.9140625,0.034450377440305296,rmsse,0.5844570205618472
store_cat,5,BottomUpGlobalHistGB,BottomUpGlobalHistGB,CA_2__FOODS,1708,93,193884.84375,0.0576945289471176,rmsse,0.8366171746366683
store_cat,5,BottomUpGlobalHistGB,BottomUpGlobalHistGB,CA_2__HOBBIES,1708,94,42587.80859375,0.012672901647096451,rmsse,0.8578061520707362
store_cat,5,BottomUpGlobalHistGB,BottomUpGlobalHistGB,CA_2__HOUSEHOLD,1708,95,128741.3828125,0.038309716704546325,rmsse,0.7497191216341614
store_cat,5,BottomUpGlobalHistGB,BottomUpGlobalHistGB,CA_3__FOODS,1708,96,291962.8125,0.08687969936929697,rmsse,0.6614608926754506
store_cat,5,BottomUpGlobalHistGB,BottomUpGlobalHistGB,CA_3__HOBBIES,1708,97,65857.7265625,0.019597357060311797,rmsse,0.748081768671764
store_cat,5,BottomUpGlobalHistGB,BottomUpGlobalHistGB,CA_3__HOUSEHOLD,1708,98,199975.203125,0.05950684397114477,rmsse,0.5766392233602246
store_cat,5,BottomUpGlobalHistGB,BottomUpGlobalHistGB,CA_4__FOODS,1708,99,125175.40625,0.037248585086258605,rmsse,0.5653111572208837
store_cat,5,BottomUpGlobalHistGB,BottomUpGlobalHistGB,CA_4__HOBBIES,1708,100,37398.48828125,0.011128709820676824,rmsse,0.9184674690054262
store_cat,5,BottomUpGlobalHistGB,BottomUpGlobalHistGB,CA_4__HOUSEHOLD,1708,101,58208.20703125,0.017321081011646984,rmsse,0.9287252107084337
store_cat,5,BottomUpGlobalHistGB,BottomUpGlobalHistGB,TX_1__FOODS,1708,102,139721.296875,0.041577021964015685,rmsse,0.4020892801538839
store_cat,5,BottomUpGlobalHistGB,BottomUpGlobalHistGB,TX_1__HOBBIES,1708,103,32822.0,0.009766879104506042,rmsse,0.7952631133202436
store_cat,5,BottomUpGlobalHistGB,BottomUpGlobalHistGB,TX_1__HOUSEHOLD,1708,104,95720.7265625,0.02848372323841989,rmsse,0.51971634366548
store_cat,5,BottomUpGlobalHistGB,BottomUpGlobalHistGB,TX_2__FOODS,1708,105,177167.65625,0.05271997683938926,rmsse,0.3048740955939197
store_cat,5,BottomUpGlobalHistGB,BottomUpGlobalHistGB,TX_2__HOBBIES,1708,106,51182.921875,0.015230559081363192,rmsse,0.6565653126600355
store_cat,5,BottomUpGlobalHistGB,BottomUpGlobalHistGB,TX_2__HOUSEHOLD,1708,107,103920.984375,0.030923883090972104,rmsse,0.4563455466558239
store_cat,5,BottomUpGlobalHistGB,BottomUpGlobalHistGB,TX_3__FOODS,1708,108,174264.703125,0.051856141844022645,rmsse,0.7086196016470986
store_cat,5,BottomUpGlobalHistGB,BottomUpGlobalHistGB,TX_3__HOBBIES,1708,109,58956.5390625,0.017543763007846123,rmsse,0.7931910265001678
store_cat,5,BottomUpGlobalHistGB,BottomUpGlobalHistGB,TX_3__HOUSEHOLD,1708,110,102524.9296875,0.030508457542373864,rmsse,0.7366045333501298
store_cat,5,BottomUpGlobalHistGB,BottomUpGlobalHistGB,WI_1__FOODS,1708,111,166160.796875,0.04944465343326154,rmsse,0.5738289329627234
store_cat,5,BottomUpGlobalHistGB,BottomUpGlobalHistGB,WI_1__HOBBIES,1708,112,41281.1328125,0.012284072679201298,rmsse,0.6208969069054622
store_cat,5,BottomUpGlobalHistGB,BottomUpGlobalHistGB,WI_1__HOUSEHOLD,1708,113,75338.0390625,0.022418424212235426,rmsse,0.7411973133700887
store_cat,5,BottomUpGlobalHistGB,BottomUpGlobalHistGB,WI_2__FOODS,1708,114,219979.84375,0.06545964716758208,rmsse,1.0676899709036827
store_cat,5,BottomUpGlobalHistGB,BottomUpGlobalHistGB,WI_2__HOBBIES,1708,115,27206.900390625,0.008095987658386832,rmsse,0.8723528856980818
store_cat,5,BottomUpGlobalHistGB,BottomUpGlobalHistGB,WI_2__HOUSEHOLD,1708,116,99922.2578125,0.02973397757309036,rmsse,1.2244835484306749
store_cat,5,BottomUpGlobalHistGB,BottomUpGlobalHistGB,WI_3__FOODS,1708,117,155858.3125,0.0463789316805747,rmsse,0.7046784265767482
store_cat,5,BottomUpGlobalHistGB,BottomUpGlobalHistGB,WI_3__HOBBIES,1708,118,26131.451171875,0.007775965036286816,rmsse,0.721049683233814
store_cat,5,BottomUpGlobalHistGB,BottomUpGlobalHistGB,WI_3__HOUSEHOLD,1708,119,70425.015625,0.020956450354710988,rmsse,0.7268233781457073
store_cat,5,BottomUpGlobalHistGB,BottomUpGlobalHistGB,CA_1__FOODS,1624,0,220013.046875,0.06784256696116275,mean_spl,0.08470137132264352
store_cat,5,BottomUpGlobalHistGB,BottomUpGlobalHistGB,CA_1__HOBBIES,1624,1,62929.06640625,0.019404619235581292,mean_spl,0.1647540877080069
store_cat,5,BottomUpGlobalHistGB,BottomUpGlobalHistGB,CA_1__HOUSEHOLD,1624,2,115288.7890625,0.03555010715472609,mean_spl,0.18367735040196925
store_cat,5,BottomUpGlobalHistGB,BottomUpGlobalHistGB,CA_2__FOODS,1624,3,159095.96875,0.04905835843137624,mean_spl,0.29168490189114216
store_cat,5,BottomUpGlobalHistGB,BottomUpGlobalHistGB,CA_2__HOBBIES,1624,4,40058.953125,0.012352459312655899,mean_spl,0.17629887316782764
store_cat,5,BottomUpGlobalHistGB,BottomUpGlobalHistGB,CA_2__HOUSEHOLD,1624,5,114994.9296875,0.03545949355426571,mean_spl,0.2015059288923726
store_cat,5,BottomUpGlobalHistGB,BottomUpGlobalHistGB,CA_3__FOODS,1624,6,289613.4375,0.08930433583608938,mean_spl,0.1702009812554377
store_cat,5,BottomUpGlobalHistGB,BottomUpGlobalHistGB,CA_3__HOBBIES,1624,7,66763.3359375,0.020586943152802278,mean_spl,0.20253057356857365
store_cat,5,BottomUpGlobalHistGB,BottomUpGlobalHistGB,CA_3__HOUSEHOLD,1624,8,197297.125,0.06083795304040375,mean_spl,0.2973988496495002
store_cat,5,BottomUpGlobalHistGB,BottomUpGlobalHistGB,CA_4__FOODS,1624,9,115117.984375,0.03549743833070138,mean_spl,0.14461188624786803
store_cat,5,BottomUpGlobalHistGB,BottomUpGlobalHistGB,CA_4__HOBBIES,1624,10,38451.5390625,0.011856801906341136,mean_spl,0.29164971742382445
store_cat,5,BottomUpGlobalHistGB,BottomUpGlobalHistGB,CA_4__HOUSEHOLD,1624,11,58972.1171875,0.01818446617580622,mean_spl,0.2972905940437122
store_cat,5,BottomUpGlobalHistGB,BottomUpGlobalHistGB,TX_1__FOODS,1624,12,142577.84375,0.043964878670505324,mean_spl,0.17208538939364793
store_cat,5,BottomUpGlobalHistGB,BottomUpGlobalHistGB,TX_1__HOBBIES,1624,13,35482.73828125,0.010941351351671362,mean_spl,0.25155831714957794
store_cat,5,BottomUpGlobalHistGB,BottomUpGlobalHistGB,TX_1__HOUSEHOLD,1624,14,96711.265625,0.029821597433676558,mean_spl,0.15484087956831086
store_cat,5,BottomUpGlobalHistGB,BottomUpGlobalHistGB,TX_2__FOODS,1624,15,170484.6875,0.052570149779085265,mean_spl,0.1467589725422673
store_cat,5,BottomUpGlobalHistGB,BottomUpGlobalHistGB,TX_2__HOBBIES,1624,16,53368.81640625,0.0164566490583447,mean_spl,0.19337517642147561
store_cat,5,BottomUpGlobalHistGB,BottomUpGlobalHistGB,TX_2__HOUSEHOLD,1624,17,100137.1875,0.03087800448548404,mean_spl,0.13909646064719988
store_cat,5,BottomUpGlobalHistGB,BottomUpGlobalHistGB,TX_3__FOODS,1624,18,168899.796875,0.05208143763278345,mean_spl,0.17902522774159452
store_cat,5,BottomUpGlobalHistGB,BottomUpGlobalHistGB,TX_3__HOBBIES,1624,19,61914.1875,0.01909167420285396,mean_spl,0.23209857101966413
store_cat,5,BottomUpGlobalHistGB,BottomUpGlobalHistGB,TX_3__HOUSEHOLD,1624,20,101344.3671875,0.031250246813594264,mean_spl,0.19964593674416042
store_cat,5,BottomUpGlobalHistGB,BottomUpGlobalHistGB,WI_1__FOODS,1624,21,164837.171875,0.05082869870427261,mean_spl,0.12342170648427114
store_cat,5,BottomUpGlobalHistGB,BottomUpGlobalHistGB,WI_1__HOBBIES,1624,22,42539.6328125,0.013117394302643252,mean_spl,0.16592728636573117
store_cat,5,BottomUpGlobalHistGB,BottomUpGlobalHistGB,WI_1__HOUSEHOLD,1624,23,77645.03125,0.02394239026548502,mean_spl,0.17947775548512002
store_cat,5,BottomUpGlobalHistGB,BottomUpGlobalHistGB,WI_2__FOODS,1624,24,189465.140625,0.05842290569686326,mean_spl,0.3149927460806487
store_cat,5,BottomUpGlobalHistGB,BottomUpGlobalHistGB,WI_2__HOBBIES,1624,25,27261.52734375,0.008406283266158821,mean_spl,0.2651540852278955
store_cat,5,BottomUpGlobalHistGB,BottomUpGlobalHistGB,WI_2__HOUSEHOLD,1624,26,87001.796875,0.026827614607724242,mean_spl,0.3219597203346256
store_cat,5,BottomUpGlobalHistGB,BottomUpGlobalHistGB,WI_3__FOODS,1624,27,145719.78125,0.04493371714740094,mean_spl,0.1541318556958526
store_cat,5,BottomUpGlobalHistGB,BottomUpGlobalHistGB,WI_3__HOBBIES,1624,28,25590.76953125,0.007891093370012273,mean_spl,0.24170572053594577
store_cat,5,BottomUpGlobalHistGB,BottomUpGlobalHistGB,WI_3__HOUSEHOLD,1624,29,73416.1015625,0.022638370119528538,mean_spl,0.17086927018981
store_cat,5,BottomUpGlobalHistGB,BottomUpGlobalHistGB,CA_1__FOODS,1652,30,216018.53125,0.06442420129688553,mean_spl,0.11129045592968377
store_cat,5,BottomUpGlobalHistGB,BottomUpGlobalHistGB,CA_1__HOBBIES,1652,31,65447.4609375,0.019518697647878544,mean_spl,0.18165603245409268
store_cat,5,BottomUpGlobalHistGB,BottomUpGlobalHistGB,CA_1__HOUSEHOLD,1652,32,119797.71875,0.035727825307384026,mean_spl,0.15620491514756574
store_cat,5,BottomUpGlobalHistGB,BottomUpGlobalHistGB,CA_2__FOODS,1652,33,174231.328125,0.05196181128719119,mean_spl,0.26062270309674546
store_cat,5,BottomUpGlobalHistGB,BottomUpGlobalHistGB,CA_2__HOBBIES,1652,34,41661.87109375,0.012425011660885674,mean_spl,0.18060490484219227
store_cat,5,BottomUpGlobalHistGB,BottomUpGlobalHistGB,CA_2__HOUSEHOLD,1652,35,125333.90625,0.0373789079985469,mean_spl,0.19756548692767104
store_cat,5,BottomUpGlobalHistGB,BottomUpGlobalHistGB,CA_3__FOODS,1652,36,290598.75,0.08666660336171188,mean_spl,0.1770910587779489
store_cat,5,BottomUpGlobalHistGB,BottomUpGlobalHistGB,CA_3__HOBBIES,1652,37,67250.15625,0.020056323771977337,mean_spl,0.2161878554522315
store_cat,5,BottomUpGlobalHistGB,BottomUpGlobalHistGB,CA_3__HOUSEHOLD,1652,38,209033.9375,0.062341153740163614,mean_spl,0.3150562819452916
store_cat,5,BottomUpGlobalHistGB,BottomUpGlobalHistGB,CA_4__FOODS,1652,39,117701.203125,0.0351025717985045,mean_spl,0.17381047895707716
store_cat,5,BottomUpGlobalHistGB,BottomUpGlobalHistGB,CA_4__HOBBIES,1652,40,38269.8515625,0.011413394056508423,mean_spl,0.23577424535327746
store_cat,5,BottomUpGlobalHistGB,BottomUpGlobalHistGB,CA_4__HOUSEHOLD,1652,41,59733.83984375,0.01781469811900534,mean_spl,0.28258195991559115
store_cat,5,BottomUpGlobalHistGB,BottomUpGlobalHistGB,TX_1__FOODS,1652,42,151482.15625,0.04517722100351641,mean_spl,0.2203594469222564
store_cat,5,BottomUpGlobalHistGB,BottomUpGlobalHistGB,TX_1__HOBBIES,1652,43,34373.328125,0.010251315929030495,mean_spl,0.2632859798143322
store_cat,5,BottomUpGlobalHistGB,BottomUpGlobalHistGB,TX_1__HOUSEHOLD,1652,44,99281.828125,0.029609276774710924,mean_spl,0.13835259571607483
store_cat,5,BottomUpGlobalHistGB,BottomUpGlobalHistGB,TX_2__FOODS,1652,45,180129.203125,0.053720761706977774,mean_spl,0.13554483164858594
store_cat,5,BottomUpGlobalHistGB,BottomUpGlobalHistGB,TX_2__HOBBIES,1652,46,53874.60546875,0.016067271670744867,mean_spl,0.18679971210602664
store_cat,5,BottomUpGlobalHistGB,BottomUpGlobalHistGB,TX_2__HOUSEHOLD,1652,47,108551.953125,0.03237394884053533,mean_spl,0.12920317064301545
store_cat,5,BottomUpGlobalHistGB,BottomUpGlobalHistGB,TX_3__FOODS,1652,48,179456.3125,0.05352008243735707,mean_spl,0.16942202628935055
store_cat,5,BottomUpGlobalHistGB,BottomUpGlobalHistGB,TX_3__HOBBIES,1652,49,59746.28125,0.017818408576881467,mean_spl,0.2364061045075166
store_cat,5,BottomUpGlobalHistGB,BottomUpGlobalHistGB,TX_3__HOUSEHOLD,1652,50,104524.96875,0.03117296274692021,mean_spl,0.2305362744236136
store_cat,5,BottomUpGlobalHistGB,BottomUpGlobalHistGB,WI_1__FOODS,1652,51,168893.375,0.05036984894651428,mean_spl,0.1177939888641524
store_cat,5,BottomUpGlobalHistGB,BottomUpGlobalHistGB,WI_1__HOBBIES,1652,52,42655.81640625,0.012721440548352225,mean_spl,0.15728737374559748
store_cat,5,BottomUpGlobalHistGB,BottomUpGlobalHistGB,WI_1__HOUSEHOLD,1652,53,79013.1484375,0.023564455098285444,mean_spl,0.15404424143916062
store_cat,5,BottomUpGlobalHistGB,BottomUpGlobalHistGB,WI_2__FOODS,1652,54,197144.109375,0.05879519554816072,mean_spl,0.29149765591664256
store_cat,5,BottomUpGlobalHistGB,BottomUpGlobalHistGB,WI_2__HOBBIES,1652,55,26210.8203125,0.007816973637390177,mean_spl,0.2823333264616428
store_cat,5,BottomUpGlobalHistGB,BottomUpGlobalHistGB,WI_2__HOUSEHOLD,1652,56,94435.328125,0.02816388276254626,mean_spl,0.37419788701203927
store_cat,5,BottomUpGlobalHistGB,BottomUpGlobalHistGB,WI_3__FOODS,1652,57,149557.390625,0.04460318928801133,mean_spl,0.13155539112708498
store_cat,5,BottomUpGlobalHistGB,BottomUpGlobalHistGB,WI_3__HOBBIES,1652,58,23851.12890625,0.007113232003396538,mean_spl,0.23793527992848215
store_cat,5,BottomUpGlobalHistGB,BottomUpGlobalHistGB,WI_3__HOUSEHOLD,1652,59,74804.640625,0.02230933243402552,mean_spl,0.16118773962488075
store_cat,5,BottomUpGlobalHistGB,BottomUpGlobalHistGB,CA_1__FOODS,1680,60,212665.09375,0.06378615589312105,mean_spl,0.15093571484236262
store_cat,5,BottomUpGlobalHistGB,BottomUpGlobalHistGB,CA_1__HOBBIES,1680,61,65255.8203125,0.01957264285355537,mean_spl,0.16707534014659847
store_cat,5,BottomUpGlobalHistGB,BottomUpGlobalHistGB,CA_1__HOUSEHOLD,1680,62,120678.7734375,0.03619604383465028,mean_spl,0.15506866825066978
store_cat,5,BottomUpGlobalHistGB,BottomUpGlobalHistGB,CA_2__FOODS,1680,63,185085.140625,0.05551390416372213,mean_spl,0.3022649358620803
store_cat,5,BottomUpGlobalHistGB,BottomUpGlobalHistGB,CA_2__HOBBIES,1680,64,42349.64453125,0.01270223044344142,mean_spl,0.182575101043852
store_cat,5,BottomUpGlobalHistGB,BottomUpGlobalHistGB,CA_2__HOUSEHOLD,1680,65,131134.6875,0.0393321605928604,mean_spl,0.19664649035863774
store_cat,5,BottomUpGlobalHistGB,BottomUpGlobalHistGB,CA_3__FOODS,1680,66,290308.75,0.08707437058949458,mean_spl,0.2926628534178698
store_cat,5,BottomUpGlobalHistGB,BottomUpGlobalHistGB,CA_3__HOBBIES,1680,67,68627.6328125,0.020583974586351195,mean_spl,0.20882208675959502
store_cat,5,BottomUpGlobalHistGB,BottomUpGlobalHistGB,CA_3__HOUSEHOLD,1680,68,216725.078125,0.06500389591665223,mean_spl,0.17866257652855397
store_cat,5,BottomUpGlobalHistGB,BottomUpGlobalHistGB,CA_4__FOODS,1680,69,120590.8203125,0.036169663427581066,mean_spl,0.24602448290602963
store_cat,5,BottomUpGlobalHistGB,BottomUpGlobalHistGB,CA_4__HOBBIES,1680,70,38188.359375,0.011454106555257288,mean_spl,0.27772601633358485
store_cat,5,BottomUpGlobalHistGB,BottomUpGlobalHistGB,CA_4__HOUSEHOLD,1680,71,60378.7109375,0.018109816710270857,mean_spl,0.3013056895172428
store_cat,5,BottomUpGlobalHistGB,BottomUpGlobalHistGB,TX_1__FOODS,1680,72,133530.5,0.04005075369585142,mean_spl,0.10949538396392068
store_cat,5,BottomUpGlobalHistGB,BottomUpGlobalHistGB,TX_1__HOBBIES,1680,73,34635.26171875,0.010388400674669888,mean_spl,0.25242280959236185
store_cat,5,BottomUpGlobalHistGB,BottomUpGlobalHistGB,TX_1__HOUSEHOLD,1680,74,98933.9296875,0.02967395801016805,mean_spl,0.1326820904939639
store_cat,5,BottomUpGlobalHistGB,BottomUpGlobalHistGB,TX_2__FOODS,1680,75,167087.09375,0.05011562180578134,mean_spl,0.14693372111535283
store_cat,5,BottomUpGlobalHistGB,BottomUpGlobalHistGB,TX_2__HOBBIES,1680,76,52974.6171875,0.015889054149490787,mean_spl,0.19835658476896087
store_cat,5,BottomUpGlobalHistGB,BottomUpGlobalHistGB,TX_2__HOUSEHOLD,1680,77,107912.78125,0.032367048895031794,mean_spl,0.16306722278040803
store_cat,5,BottomUpGlobalHistGB,BottomUpGlobalHistGB,TX_3__FOODS,1680,78,166985.515625,0.05008515475544256,mean_spl,0.1605706342711475
store_cat,5,BottomUpGlobalHistGB,BottomUpGlobalHistGB,TX_3__HOBBIES,1680,79,58107.6953125,0.017428654822639902,mean_spl,0.2505448716697997
store_cat,5,BottomUpGlobalHistGB,BottomUpGlobalHistGB,TX_3__HOUSEHOLD,1680,80,107518.1171875,0.03224867449248113,mean_spl,0.21086965652013345
store_cat,5,BottomUpGlobalHistGB,BottomUpGlobalHistGB,WI_1__FOODS,1680,81,161832.640625,0.04853961626460706,mean_spl,0.12520749416138086
store_cat,5,BottomUpGlobalHistGB,BottomUpGlobalHistGB,WI_1__HOBBIES,1680,82,40999.46875,0.012297262607172198,mean_spl,0.17808622720552691
store_cat,5,BottomUpGlobalHistGB,BottomUpGlobalHistGB,WI_1__HOUSEHOLD,1680,83,79151.3125,0.023740416771006367,mean_spl,0.20649903168037817
store_cat,5,BottomUpGlobalHistGB,BottomUpGlobalHistGB,WI_2__FOODS,1680,84,203877.3125,0.06115037408764012,mean_spl,0.3673169088563311
store_cat,5,BottomUpGlobalHistGB,BottomUpGlobalHistGB,WI_2__HOBBIES,1680,85,27185.30078125,0.00815388084173639,mean_spl,0.2901640896124575
store_cat,5,BottomUpGlobalHistGB,BottomUpGlobalHistGB,WI_2__HOUSEHOLD,1680,86,100197.1875,0.030052855921153164,mean_spl,0.3899668866873578
store_cat,5,BottomUpGlobalHistGB,BottomUpGlobalHistGB,WI_3__FOODS,1680,87,143496.546875,0.04303994110031657,mean_spl,0.20503707803901475
store_cat,5,BottomUpGlobalHistGB,BottomUpGlobalHistGB,WI_3__HOBBIES,1680,88,26074.580078125,0.007820734472137367,mean_spl,0.23905658023829524
store_cat,5,BottomUpGlobalHistGB,BottomUpGlobalHistGB,WI_3__HOUSEHOLD,1680,89,71543.765625,0.021458631065716046,mean_spl,0.16827510900879464
store_cat,5,BottomUpGlobalHistGB,BottomUpGlobalHistGB,CA_1__FOODS,1708,90,217884.71875,0.06483619848731188,mean_spl,0.1529941535626641
store_cat,5,BottomUpGlobalHistGB,BottomUpGlobalHistGB,CA_1__HOBBIES,1708,91,64507.21875,0.01919548494604763,mean_spl,0.16220140452501208
store_cat,5,BottomUpGlobalHistGB,BottomUpGlobalHistGB,CA_1__HOUSEHOLD,1708,92,115771.9140625,0.034450377440305296,mean_spl,0.14868454034929338
store_cat,5,BottomUpGlobalHistGB,BottomUpGlobalHistGB,CA_2__FOODS,1708,93,193884.84375,0.0576945289471176,mean_spl,0.23981988765705178
store_cat,5,BottomUpGlobalHistGB,BottomUpGlobalHistGB,CA_2__HOBBIES,1708,94,42587.80859375,0.012672901647096451,mean_spl,0.21821473778004036
store_cat,5,BottomUpGlobalHistGB,BottomUpGlobalHistGB,CA_2__HOUSEHOLD,1708,95,128741.3828125,0.038309716704546325,mean_spl,0.20421539751978718
store_cat,5,BottomUpGlobalHistGB,BottomUpGlobalHistGB,CA_3__FOODS,1708,96,291962.8125,0.08687969936929697,mean_spl,0.20532462019659758
store_cat,5,BottomUpGlobalHistGB,BottomUpGlobalHistGB,CA_3__HOBBIES,1708,97,65857.7265625,0.019597357060311797,mean_spl,0.21658948119011448
store_cat,5,BottomUpGlobalHistGB,BottomUpGlobalHistGB,CA_3__HOUSEHOLD,1708,98,199975.203125,0.05950684397114477,mean_spl,0.13990280466912802
store_cat,5,BottomUpGlobalHistGB,BottomUpGlobalHistGB,CA_4__FOODS,1708,99,125175.40625,0.037248585086258605,mean_spl,0.15303714432212298
store_cat,5,BottomUpGlobalHistGB,BottomUpGlobalHistGB,CA_4__HOBBIES,1708,100,37398.48828125,0.011128709820676824,mean_spl,0.2709179682533829
store_cat,5,BottomUpGlobalHistGB,BottomUpGlobalHistGB,CA_4__HOUSEHOLD,1708,101,58208.20703125,0.017321081011646984,mean_spl,0.28348178956800985
store_cat,5,BottomUpGlobalHistGB,BottomUpGlobalHistGB,TX_1__FOODS,1708,102,139721.296875,0.041577021964015685,mean_spl,0.10206439606998216
store_cat,5,BottomUpGlobalHistGB,BottomUpGlobalHistGB,TX_1__HOBBIES,1708,103,32822.0,0.009766879104506042,mean_spl,0.254072263730869
store_cat,5,BottomUpGlobalHistGB,BottomUpGlobalHistGB,TX_1__HOUSEHOLD,1708,104,95720.7265625,0.02848372323841989,mean_spl,0.142705825338943
store_cat,5,BottomUpGlobalHistGB,BottomUpGlobalHistGB,TX_2__FOODS,1708,105,177167.65625,0.05271997683938926,mean_spl,0.08324135605619164
store_cat,5,BottomUpGlobalHistGB,BottomUpGlobalHistGB,TX_2__HOBBIES,1708,106,51182.921875,0.015230559081363192,mean_spl,0.2246076077153162
store_cat,5,BottomUpGlobalHistGB,BottomUpGlobalHistGB,TX_2__HOUSEHOLD,1708,107,103920.984375,0.030923883090972104,mean_spl,0.12949491423188786
store_cat,5,BottomUpGlobalHistGB,BottomUpGlobalHistGB,TX_3__FOODS,1708,108,174264.703125,0.051856141844022645,mean_spl,0.20245946613876534
store_cat,5,BottomUpGlobalHistGB,BottomUpGlobalHistGB,TX_3__HOBBIES,1708,109,58956.5390625,0.017543763007846123,mean_spl,0.28818105033958985
store_cat,5,BottomUpGlobalHistGB,BottomUpGlobalHistGB,TX_3__HOUSEHOLD,1708,110,102524.9296875,0.030508457542373864,mean_spl,0.19006342524323105
store_cat,5,BottomUpGlobalHistGB,BottomUpGlobalHistGB,WI_1__FOODS,1708,111,166160.796875,0.04944465343326154,mean_spl,0.16414577966446517
store_cat,5,BottomUpGlobalHistGB,BottomUpGlobalHistGB,WI_1__HOBBIES,1708,112,41281.1328125,0.012284072679201298,mean_spl,0.1743098824151847
store_cat,5,BottomUpGlobalHistGB,BottomUpGlobalHistGB,WI_1__HOUSEHOLD,1708,113,75338.0390625,0.022418424212235426,mean_spl,0.184169948830175
store_cat,5,BottomUpGlobalHistGB,BottomUpGlobalHistGB,WI_2__FOODS,1708,114,219979.84375,0.06545964716758208,mean_spl,0.36143815540677937
store_cat,5,BottomUpGlobalHistGB,BottomUpGlobalHistGB,WI_2__HOBBIES,1708,115,27206.900390625,0.008095987658386832,mean_spl,0.2936552299733891
store_cat,5,BottomUpGlobalHistGB,BottomUpGlobalHistGB,WI_2__HOUSEHOLD,1708,116,99922.2578125,0.02973397757309036,mean_spl,0.3352912013001596
store_cat,5,BottomUpGlobalHistGB,BottomUpGlobalHistGB,WI_3__FOODS,1708,117,155858.3125,0.0463789316805747,mean_spl,0.2121493148821071
store_cat,5,BottomUpGlobalHistGB,BottomUpGlobalHistGB,WI_3__HOBBIES,1708,118,26131.451171875,0.007775965036286816,mean_spl,0.2342567141028073
store_cat,5,BottomUpGlobalHistGB,BottomUpGlobalHistGB,WI_3__HOUSEHOLD,1708,119,70425.015625,0.020956450354710988,mean_spl,0.18387725751446535
store_cat,1,M0_AggHistOnly,M0_AggHistOnly,CA_1__FOODS,1400,0,226958.65625,0.0758507651990865,rmsse,0.9604704046031203
store_cat,1,M0_AggHistOnly,M0_AggHistOnly,CA_1__HOBBIES,1400,1,50996.61328125,0.01704333381179291,rmsse,1.0100482381126772
store_cat,1,M0_AggHistOnly,M0_AggHistOnly,CA_1__HOUSEHOLD,1400,2,99464.2734375,0.03324147831530681,rmsse,0.9108486446711465
store_cat,1,M0_AggHistOnly,M0_AggHistOnly,CA_2__FOODS,1400,3,108666.09375,0.036316774598162835,rmsse,0.8688956759774987
store_cat,1,M0_AggHistOnly,M0_AggHistOnly,CA_2__HOBBIES,1400,4,31205.01953125,0.010428880081535783,rmsse,0.7353771762246387
store_cat,1,M0_AggHistOnly,M0_AggHistOnly,CA_2__HOUSEHOLD,1400,5,87583.4453125,0.02927084366593958,rmsse,0.5935424899719136
store_cat,1,M0_AggHistOnly,M0_AggHistOnly,CA_3__FOODS,1400,6,295087.1875,0.0986196752401741,rmsse,1.141201502432677
store_cat,1,M0_AggHistOnly,M0_AggHistOnly,CA_3__HOBBIES,1400,7,57647.32421875,0.01926603605220287,rmsse,1.2357005360014275
store_cat,1,M0_AggHistOnly,M0_AggHistOnly,CA_3__HOUSEHOLD,1400,8,173274.515625,0.057909245749058404,rmsse,1.3791141983128357
store_cat,1,M0_AggHistOnly,M0_AggHistOnly,CA_4__FOODS,1400,9,121674.46875,0.04066424128680854,rmsse,1.3987223408838874
store_cat,1,M0_AggHistOnly,M0_AggHistOnly,CA_4__HOBBIES,1400,10,32223.5078125,0.010769264170671467,rmsse,1.0176173486702487
store_cat,1,M0_AggHistOnly,M0_AggHistOnly,CA_4__HOUSEHOLD,1400,11,51777.10546875,0.017304178366620435,rmsse,1.8473833865695461
store_cat,1,M0_AggHistOnly,M0_AggHistOnly,TX_1__FOODS,1400,12,142172.421875,0.04751476399978066,rmsse,0.9172282602310782
store_cat,1,M0_AggHistOnly,M0_AggHistOnly,TX_1__HOBBIES,1400,13,25999.3828125,0.008689129172759201,rmsse,1.1352911302170277
store_cat,1,M0_AggHistOnly,M0_AggHistOnly,TX_1__HOUSEHOLD,1400,14,81256.328125,0.027156288142454594,rmsse,0.9835905566353931
store_cat,1,M0_AggHistOnly,M0_AggHistOnly,TX_2__FOODS,1400,15,171553.265625,0.057333995032667506,rmsse,0.8429909234025823
store_cat,1,M0_AggHistOnly,M0_AggHistOnly,TX_2__HOBBIES,1400,16,37066.83984375,0.01238793096555631,rmsse,0.8252555418831505
store_cat,1,M0_AggHistOnly,M0_AggHistOnly,TX_2__HOUSEHOLD,1400,17,82002.390625,0.02740562611636738,rmsse,0.8055593723086627
store_cat,1,M0_AggHistOnly,M0_AggHistOnly,TX_3__FOODS,1400,18,157470.1875,0.05262735696126869,rmsse,1.091166976904653
store_cat,1,M0_AggHistOnly,M0_AggHistOnly,TX_3__HOBBIES,1400,19,39784.18359375,0.013296081402080826,rmsse,1.205133806812837
store_cat,1,M0_AggHistOnly,M0_AggHistOnly,TX_3__HOUSEHOLD,1400,20,87090.3359375,0.02910604394409335,rmsse,1.175635803011901
store_cat,1,M0_AggHistOnly,M0_AggHistOnly,WI_1__FOODS,1400,21,165848.921875,0.055427573636166454,rmsse,1.1668425482548541
store_cat,1,M0_AggHistOnly,M0_AggHistOnly,WI_1__HOBBIES,1400,22,40985.328125,0.013697510161465327,rmsse,0.8234407109259129
store_cat,1,M0_AggHistOnly,M0_AggHistOnly,WI_1__HOUSEHOLD,1400,23,68940.171875,0.02304016456598708,rmsse,0.9131842969548422
store_cat,1,M0_AggHistOnly,M0_AggHistOnly,WI_2__FOODS,1400,24,219953.3125,0.07350954282537438,rmsse,1.4007782863790184
store_cat,1,M0_AggHistOnly,M0_AggHistOnly,WI_2__HOBBIES,1400,25,25208.861328125,0.008424932774671118,rmsse,1.0965693913494265
store_cat,1,M0_AggHistOnly,M0_AggHistOnly,WI_2__HOUSEHOLD,1400,26,79361.3984375,0.02652299276976338,rmsse,1.350709259027768
store_cat,1,M0_AggHistOnly,M0_AggHistOnly,WI_3__FOODS,1400,27,147652.625,0.04934627643180615,rmsse,0.6925628564187012
store_cat,1,M0_AggHistOnly,M0_AggHistOnly,WI_3__HOBBIES,1400,28,21936.94140625,0.007331440092589935,rmsse,0.8417654489301519
store_cat,1,M0_AggHistOnly,M0_AggHistOnly,WI_3__HOUSEHOLD,1400,29,61332.48046875,0.02049763446778741,rmsse,0.8481633540762616
store_cat,1,M0_AggHistOnly,M0_AggHistOnly,CA_1__FOODS,1428,30,213076.046875,0.07429568976178588,rmsse,0.4533890046433878
store_cat,1,M0_AggHistOnly,M0_AggHistOnly,CA_1__HOBBIES,1428,31,52497.34375,0.018304856044452224,rmsse,0.6402429454230704
store_cat,1,M0_AggHistOnly,M0_AggHistOnly,CA_1__HOUSEHOLD,1428,32,95256.125,0.033214054863058604,rmsse,0.597470887075439
store_cat,1,M0_AggHistOnly,M0_AggHistOnly,CA_2__FOODS,1428,33,110173.421875,0.038415441302143576,rmsse,0.5125264147480993
store_cat,1,M0_AggHistOnly,M0_AggHistOnly,CA_2__HOBBIES,1428,34,32410.05078125,0.011300787269721006,rmsse,0.6643994562191335
store_cat,1,M0_AggHistOnly,M0_AggHistOnly,CA_2__HOUSEHOLD,1428,35,85537.21875,0.02982525140925001,rmsse,0.3281016135600123
store_cat,1,M0_AggHistOnly,M0_AggHistOnly,CA_3__FOODS,1428,36,264437.8125,0.0922045906469763,rmsse,0.7026850140410521
store_cat,1,M0_AggHistOnly,M0_AggHistOnly,CA_3__HOBBIES,1428,37,54865.0390625,0.019130427754495874,rmsse,0.818946406540778
store_cat,1,M0_AggHistOnly,M0_AggHistOnly,CA_3__HOUSEHOLD,1428,38,152489.84375,0.05317039756101494,rmsse,1.2121028182232425
store_cat,1,M0_AggHistOnly,M0_AggHistOnly,CA_4__FOODS,1428,39,111408.5390625,0.038846103897624246,rmsse,0.654792158725863
store_cat,1,M0_AggHistOnly,M0_AggHistOnly,CA_4__HOBBIES,1428,40,33008.76171875,0.011509546737159329,rmsse,0.7256134270156532
store_cat,1,M0_AggHistOnly,M0_AggHistOnly,CA_4__HOUSEHOLD,1428,41,49583.05078125,0.017288695807500653,rmsse,0.8660483089940684
store_cat,1,M0_AggHistOnly,M0_AggHistOnly,TX_1__FOODS,1428,42,143683.8125,0.05009989679202703,rmsse,0.4845692902043024
store_cat,1,M0_AggHistOnly,M0_AggHistOnly,TX_1__HOBBIES,1428,43,24862.4609375,0.00866908182133985,rmsse,0.7394026224594148
store_cat,1,M0_AggHistOnly,M0_AggHistOnly,TX_1__HOUSEHOLD,1428,44,78584.8359375,0.027401083680787818,rmsse,0.7022673201193861
store_cat,1,M0_AggHistOnly,M0_AggHistOnly,TX_2__FOODS,1428,45,169112.625,0.05896645496324626,rmsse,0.477083171298471
store_cat,1,M0_AggHistOnly,M0_AggHistOnly,TX_2__HOBBIES,1428,46,37968.1328125,0.013238788017907201,rmsse,0.6815894003594997
store_cat,1,M0_AggHistOnly,M0_AggHistOnly,TX_2__HOUSEHOLD,1428,47,76284.0390625,0.02659883822271356,rmsse,0.536890051432441
store_cat,1,M0_AggHistOnly,M0_AggHistOnly,TX_3__FOODS,1428,48,156201.359375,0.05446453464242413,rmsse,0.6165877854125744
store_cat,1,M0_AggHistOnly,M0_AggHistOnly,TX_3__HOBBIES,1428,49,37867.00390625,0.013203526232479454,rmsse,0.7460508169272393
store_cat,1,M0_AggHistOnly,M0_AggHistOnly,TX_3__HOUSEHOLD,1428,50,82279.71875,0.028689421207082816,rmsse,0.7028789107413548
store_cat,1,M0_AggHistOnly,M0_AggHistOnly,WI_1__FOODS,1428,51,171078.21875,0.05965182127067253,rmsse,0.9932270486184868
store_cat,1,M0_AggHistOnly,M0_AggHistOnly,WI_1__HOBBIES,1428,52,44008.82421875,0.015345065758871302,rmsse,0.8356671175143314
store_cat,1,M0_AggHistOnly,M0_AggHistOnly,WI_1__HOUSEHOLD,1428,53,65090.1015625,0.02269571856233845,rmsse,0.8990723024464087
store_cat,1,M0_AggHistOnly,M0_AggHistOnly,WI_2__FOODS,1428,54,209153.8125,0.07292807893658147,rmsse,1.2096367872816933
store_cat,1,M0_AggHistOnly,M0_AggHistOnly,WI_2__HOBBIES,1428,55,24120.48046875,0.008410366909344633,rmsse,1.1387210457166896
store_cat,1,M0_AggHistOnly,M0_AggHistOnly,WI_2__HOUSEHOLD,1428,56,73348.140625,0.025575144557077958,rmsse,1.1949481619749758
store_cat,1,M0_AggHistOnly,M0_AggHistOnly,WI_3__FOODS,1428,57,139767.203125,0.048734247300632964,rmsse,0.7706504404908117
store_cat,1,M0_AggHistOnly,M0_AggHistOnly,WI_3__HOBBIES,1428,58,22137.26171875,0.007718855089312624,rmsse,0.7906203948314106
store_cat,1,M0_AggHistOnly,M0_AggHistOnly,WI_3__HOUSEHOLD,1428,59,57654.9921875,0.0201032329799773,rmsse,0.8146633031655649
store_cat,1,M0_AggHistOnly,M0_AggHistOnly,CA_1__FOODS,1456,60,216654.625,0.07397924456338241,rmsse,0.5197720067257808
store_cat,1,M0_AggHistOnly,M0_AggHistOnly,CA_1__HOBBIES,1456,61,54163.19921875,0.018494655082203344,rmsse,0.5217350884866314
store_cat,1,M0_AggHistOnly,M0_AggHistOnly,CA_1__HOUSEHOLD,1456,62,94011.015625,0.03210115600612653,rmsse,0.9359623493540943
store_cat,1,M0_AggHistOnly,M0_AggHistOnly,CA_2__FOODS,1456,63,106220.4296875,0.03627020261154881,rmsse,0.6407580104928754
store_cat,1,M0_AggHistOnly,M0_AggHistOnly,CA_2__HOBBIES,1456,64,31810.216796875,0.010861968942644223,rmsse,0.6491572242221213
store_cat,1,M0_AggHistOnly,M0_AggHistOnly,CA_2__HOUSEHOLD,1456,65,86838.34375,0.029651963671490145,rmsse,0.4126772721187928
store_cat,1,M0_AggHistOnly,M0_AggHistOnly,CA_3__FOODS,1456,66,276034.6875,0.09425525836127126,rmsse,0.8114225834243104
store_cat,1,M0_AggHistOnly,M0_AggHistOnly,CA_3__HOBBIES,1456,67,57284.25,0.019560374214858966,rmsse,0.8632763016437384
store_cat,1,M0_AggHistOnly,M0_AggHistOnly,CA_3__HOUSEHOLD,1456,68,155978.5625,0.05326069647408786,rmsse,1.1857696329642604
store_cat,1,M0_AggHistOnly,M0_AggHistOnly,CA_4__FOODS,1456,69,114921.703125,0.03924135374965941,rmsse,0.78524635691157
store_cat,1,M0_AggHistOnly,M0_AggHistOnly,CA_4__HOBBIES,1456,70,33806.859375,0.011543745801055494,rmsse,0.748589185020692
store_cat,1,M0_AggHistOnly,M0_AggHistOnly,CA_4__HOUSEHOLD,1456,71,51044.75,0.017429824283357508,rmsse,0.7062682282920865
store_cat,1,M0_AggHistOnly,M0_AggHistOnly,TX_1__FOODS,1456,72,140683.25,0.04803793391311849,rmsse,0.5957742091564966
store_cat,1,M0_AggHistOnly,M0_AggHistOnly,TX_1__HOBBIES,1456,73,27783.09765625,0.009486862217873518,rmsse,0.8040701330886368
store_cat,1,M0_AggHistOnly,M0_AggHistOnly,TX_1__HOUSEHOLD,1456,74,80417.0078125,0.027459323741721976,rmsse,0.852040554842806
store_cat,1,M0_AggHistOnly,M0_AggHistOnly,TX_2__FOODS,1456,75,169176.453125,0.05776726991219309,rmsse,0.6520189285457408
store_cat,1,M0_AggHistOnly,M0_AggHistOnly,TX_2__HOBBIES,1456,76,42864.6796875,0.014636644021481715,rmsse,0.8586779161483252
store_cat,1,M0_AggHistOnly,M0_AggHistOnly,TX_2__HOUSEHOLD,1456,77,79355.1796875,0.027096750163873577,rmsse,0.9968995599303636
store_cat,1,M0_AggHistOnly,M0_AggHistOnly,TX_3__FOODS,1456,78,156799.8125,0.053541121849718216,rmsse,0.7196215178069757
store_cat,1,M0_AggHistOnly,M0_AggHistOnly,TX_3__HOBBIES,1456,79,49402.20703125,0.016868958859916763,rmsse,1.040287670181004
store_cat,1,M0_AggHistOnly,M0_AggHistOnly,TX_3__HOUSEHOLD,1456,80,78533.859375,0.02681630077922134,rmsse,1.223846369859755
store_cat,1,M0_AggHistOnly,M0_AggHistOnly,WI_1__FOODS,1456,81,171450.15625,0.05854365232059495,rmsse,1.1848449417744606
store_cat,1,M0_AggHistOnly,M0_AggHistOnly,WI_1__HOBBIES,1456,82,39346.1328125,0.01343519521893088,rmsse,0.9167519939194623
store_cat,1,M0_AggHistOnly,M0_AggHistOnly,WI_1__HOUSEHOLD,1456,83,69904.34375,0.023869652181780117,rmsse,1.057355282529086
store_cat,1,M0_AggHistOnly,M0_AggHistOnly,WI_2__FOODS,1456,84,213990.953125,0.07306970278426171,rmsse,0.8574103562299319
store_cat,1,M0_AggHistOnly,M0_AggHistOnly,WI_2__HOBBIES,1456,85,22872.908203125,0.007810220851896331,rmsse,0.9349003308119402
store_cat,1,M0_AggHistOnly,M0_AggHistOnly,WI_2__HOUSEHOLD,1456,86,73007.3671875,0.02492921566799104,rmsse,2.1514108155373273
store_cat,1,M0_AggHistOnly,M0_AggHistOnly,WI_3__FOODS,1456,87,151780.5625,0.05182724049004377,rmsse,0.6928909391556564
store_cat,1,M0_AggHistOnly,M0_AggHistOnly,WI_3__HOBBIES,1456,88,21418.96875,0.007313756295078839,rmsse,0.8714230761590884
store_cat,1,M0_AggHistOnly,M0_AggHistOnly,WI_3__HOUSEHOLD,1456,89,61031.02734375,0.020839754968617726,rmsse,1.2321662386395575
store_cat,1,M0_AggHistOnly,M0_AggHistOnly,CA_1__FOODS,1484,90,213601.578125,0.06820771906795026,rmsse,0.35003805437096547
store_cat,1,M0_AggHistOnly,M0_AggHistOnly,CA_1__HOBBIES,1484,91,57432.234375,0.018339385607920238,rmsse,0.7110260178497522
store_cat,1,M0_AggHistOnly,M0_AggHistOnly,CA_1__HOUSEHOLD,1484,92,97660.3515625,0.031185115212744904,rmsse,0.9285655102695276
store_cat,1,M0_AggHistOnly,M0_AggHistOnly,CA_2__FOODS,1484,93,97109.96875,0.03100936577969128,rmsse,0.5635287688564585
store_cat,1,M0_AggHistOnly,M0_AggHistOnly,CA_2__HOBBIES,1484,94,32127.169921875,0.010258917559107109,rmsse,0.5776880062526435
store_cat,1,M0_AggHistOnly,M0_AggHistOnly,CA_2__HOUSEHOLD,1484,95,85772.1484375,0.027388948414303897,rmsse,0.6710438101276193
store_cat,1,M0_AggHistOnly,M0_AggHistOnly,CA_3__FOODS,1484,96,297412.46875,0.09497039438507442,rmsse,0.5700641578287575
store_cat,1,M0_AggHistOnly,M0_AggHistOnly,CA_3__HOBBIES,1484,97,61886.78125,0.019761821174605104,rmsse,0.8357282511205462
store_cat,1,M0_AggHistOnly,M0_AggHistOnly,CA_3__HOUSEHOLD,1484,98,172245.359375,0.05500176162618477,rmsse,0.7691604083381438
store_cat,1,M0_AggHistOnly,M0_AggHistOnly,CA_4__FOODS,1484,99,119859.8125,0.03827389521323178,rmsse,0.4387023142526766
store_cat,1,M0_AggHistOnly,M0_AggHistOnly,CA_4__HOBBIES,1484,100,36330.05078125,0.011600990588008404,rmsse,0.7849631176674926
store_cat,1,M0_AggHistOnly,M0_AggHistOnly,CA_4__HOUSEHOLD,1484,101,51402.9609375,0.016414104940901036,rmsse,0.6503746151179568
store_cat,1,M0_AggHistOnly,M0_AggHistOnly,TX_1__FOODS,1484,102,144507.609375,0.0461444831538793,rmsse,0.3826816910555774
store_cat,1,M0_AggHistOnly,M0_AggHistOnly,TX_1__HOBBIES,1484,103,31937.12890625,0.010198233249941787,rmsse,0.6757841068083364
store_cat,1,M0_AggHistOnly,M0_AggHistOnly,TX_1__HOUSEHOLD,1484,104,89760.1953125,0.02866242018950133,rmsse,0.8644273508957401
store_cat,1,M0_AggHistOnly,M0_AggHistOnly,TX_2__FOODS,1484,105,179773.953125,0.0574058085062889,rmsse,0.3942653264716332
store_cat,1,M0_AggHistOnly,M0_AggHistOnly,TX_2__HOBBIES,1484,106,49847.03125,0.015917262099447972,rmsse,0.6230523161571092
store_cat,1,M0_AggHistOnly,M0_AggHistOnly,TX_2__HOUSEHOLD,1484,107,93967.359375,0.030005860940111543,rmsse,0.7254816386470965
store_cat,1,M0_AggHistOnly,M0_AggHistOnly,TX_3__FOODS,1484,108,166358.546875,0.053121971894618626,rmsse,0.4923713590986247
store_cat,1,M0_AggHistOnly,M0_AggHistOnly,TX_3__HOBBIES,1484,109,58939.0,0.018820529274335952,rmsse,0.7932553713959077
store_cat,1,M0_AggHistOnly,M0_AggHistOnly,TX_3__HOUSEHOLD,1484,110,94858.9296875,0.030290559105444093,rmsse,1.2332149409957738
store_cat,1,M0_AggHistOnly,M0_AggHistOnly,WI_1__FOODS,1484,111,182376.296875,0.05823679455506408,rmsse,0.545597829193268
store_cat,1,M0_AggHistOnly,M0_AggHistOnly,WI_1__HOBBIES,1484,112,42152.4609375,0.013460215223528077,rmsse,0.6352935568749836
store_cat,1,M0_AggHistOnly,M0_AggHistOnly,WI_1__HOUSEHOLD,1484,113,74201.4921875,0.023694181372508085,rmsse,0.7756331046609017
store_cat,1,M0_AggHistOnly,M0_AggHistOnly,WI_2__FOODS,1484,114,220910.796875,0.07054171464739512,rmsse,0.8140219754097697
store_cat,1,M0_AggHistOnly,M0_AggHistOnly,WI_2__HOBBIES,1484,115,28042.1796875,0.00895448962019686,rmsse,0.6435548505268914
store_cat,1,M0_AggHistOnly,M0_AggHistOnly,WI_2__HOUSEHOLD,1484,116,95896.65625,0.030621928201429557,rmsse,1.09601732097065
store_cat,1,M0_AggHistOnly,M0_AggHistOnly,WI_3__FOODS,1484,117,160906.484375,0.05138100747569806,rmsse,0.38477501497092825
store_cat,1,M0_AggHistOnly,M0_AggHistOnly,WI_3__HOBBIES,1484,118,24415.33984375,0.007796359257404398,rmsse,0.5745853712654947
store_cat,1,M0_AggHistOnly,M0_AggHistOnly,WI_3__HOUSEHOLD,1484,119,69941.15625,0.02233376166348309,rmsse,0.719658048116182
store_cat,1,M0_AggHistOnly,M0_AggHistOnly,CA_1__FOODS,1400,0,226958.65625,0.0758507651990865,mean_spl,0.23477122220720104
store_cat,1,M0_AggHistOnly,M0_AggHistOnly,CA_1__HOBBIES,1400,1,50996.61328125,0.01704333381179291,mean_spl,0.24240426141512345
store_cat,1,M0_AggHistOnly,M0_AggHistOnly,CA_1__HOUSEHOLD,1400,2,99464.2734375,0.03324147831530681,mean_spl,0.22034807778447693
store_cat,1,M0_AggHistOnly,M0_AggHistOnly,CA_2__FOODS,1400,3,108666.09375,0.036316774598162835,mean_spl,0.20526377556453998
store_cat,1,M0_AggHistOnly,M0_AggHistOnly,CA_2__HOBBIES,1400,4,31205.01953125,0.010428880081535783,mean_spl,0.16135095137816996
store_cat,1,M0_AggHistOnly,M0_AggHistOnly,CA_2__HOUSEHOLD,1400,5,87583.4453125,0.02927084366593958,mean_spl,0.1663154009530174
store_cat,1,M0_AggHistOnly,M0_AggHistOnly,CA_3__FOODS,1400,6,295087.1875,0.0986196752401741,mean_spl,0.26632169015899
store_cat,1,M0_AggHistOnly,M0_AggHistOnly,CA_3__HOBBIES,1400,7,57647.32421875,0.01926603605220287,mean_spl,0.3111163416247046
store_cat,1,M0_AggHistOnly,M0_AggHistOnly,CA_3__HOUSEHOLD,1400,8,173274.515625,0.057909245749058404,mean_spl,0.41098685519021877
store_cat,1,M0_AggHistOnly,M0_AggHistOnly,CA_4__FOODS,1400,9,121674.46875,0.04066424128680854,mean_spl,0.38197951922352336
store_cat,1,M0_AggHistOnly,M0_AggHistOnly,CA_4__HOBBIES,1400,10,32223.5078125,0.010769264170671467,mean_spl,0.22120914654592164
store_cat,1,M0_AggHistOnly,M0_AggHistOnly,CA_4__HOUSEHOLD,1400,11,51777.10546875,0.017304178366620435,mean_spl,0.43302850851059355
store_cat,1,M0_AggHistOnly,M0_AggHistOnly,TX_1__FOODS,1400,12,142172.421875,0.04751476399978066,mean_spl,0.21296375144142
store_cat,1,M0_AggHistOnly,M0_AggHistOnly,TX_1__HOBBIES,1400,13,25999.3828125,0.008689129172759201,mean_spl,0.24358283278804244
store_cat,1,M0_AggHistOnly,M0_AggHistOnly,TX_1__HOUSEHOLD,1400,14,81256.328125,0.027156288142454594,mean_spl,0.24008772982143128
store_cat,1,M0_AggHistOnly,M0_AggHistOnly,TX_2__FOODS,1400,15,171553.265625,0.057333995032667506,mean_spl,0.20161507638722495
store_cat,1,M0_AggHistOnly,M0_AggHistOnly,TX_2__HOBBIES,1400,16,37066.83984375,0.01238793096555631,mean_spl,0.18301344140237202
store_cat,1,M0_AggHistOnly,M0_AggHistOnly,TX_2__HOUSEHOLD,1400,17,82002.390625,0.02740562611636738,mean_spl,0.1884997754756514
store_cat,1,M0_AggHistOnly,M0_AggHistOnly,TX_3__FOODS,1400,18,157470.1875,0.05262735696126869,mean_spl,0.2662651102028002
store_cat,1,M0_AggHistOnly,M0_AggHistOnly,TX_3__HOBBIES,1400,19,39784.18359375,0.013296081402080826,mean_spl,0.2743036683576964
store_cat,1,M0_AggHistOnly,M0_AggHistOnly,TX_3__HOUSEHOLD,1400,20,87090.3359375,0.02910604394409335,mean_spl,0.27243482587189066
store_cat,1,M0_AggHistOnly,M0_AggHistOnly,WI_1__FOODS,1400,21,165848.921875,0.055427573636166454,mean_spl,0.28836012537349975
store_cat,1,M0_AggHistOnly,M0_AggHistOnly,WI_1__HOBBIES,1400,22,40985.328125,0.013697510161465327,mean_spl,0.19760994260314024
store_cat,1,M0_AggHistOnly,M0_AggHistOnly,WI_1__HOUSEHOLD,1400,23,68940.171875,0.02304016456598708,mean_spl,0.21694678743250878
store_cat,1,M0_AggHistOnly,M0_AggHistOnly,WI_2__FOODS,1400,24,219953.3125,0.07350954282537438,mean_spl,0.43307429856750307
store_cat,1,M0_AggHistOnly,M0_AggHistOnly,WI_2__HOBBIES,1400,25,25208.861328125,0.008424932774671118,mean_spl,0.2581646614549051
store_cat,1,M0_AggHistOnly,M0_AggHistOnly,WI_2__HOUSEHOLD,1400,26,79361.3984375,0.02652299276976338,mean_spl,0.36582611770059725
store_cat,1,M0_AggHistOnly,M0_AggHistOnly,WI_3__FOODS,1400,27,147652.625,0.04934627643180615,mean_spl,0.17730234447982132
store_cat,1,M0_AggHistOnly,M0_AggHistOnly,WI_3__HOBBIES,1400,28,21936.94140625,0.007331440092589935,mean_spl,0.17626370500875513
store_cat,1,M0_AggHistOnly,M0_AggHistOnly,WI_3__HOUSEHOLD,1400,29,61332.48046875,0.02049763446778741,mean_spl,0.20306042382494627
store_cat,1,M0_AggHistOnly,M0_AggHistOnly,CA_1__FOODS,1428,30,213076.046875,0.07429568976178588,mean_spl,0.11556928345795368
store_cat,1,M0_AggHistOnly,M0_AggHistOnly,CA_1__HOBBIES,1428,31,52497.34375,0.018304856044452224,mean_spl,0.1490792223756946
store_cat,1,M0_AggHistOnly,M0_AggHistOnly,CA_1__HOUSEHOLD,1428,32,95256.125,0.033214054863058604,mean_spl,0.13571767371222102
store_cat,1,M0_AggHistOnly,M0_AggHistOnly,CA_2__FOODS,1428,33,110173.421875,0.038415441302143576,mean_spl,0.1373707833301523
store_cat,1,M0_AggHistOnly,M0_AggHistOnly,CA_2__HOBBIES,1428,34,32410.05078125,0.011300787269721006,mean_spl,0.16742287297028996
store_cat,1,M0_AggHistOnly,M0_AggHistOnly,CA_2__HOUSEHOLD,1428,35,85537.21875,0.02982525140925001,mean_spl,0.08732887761151387
store_cat,1,M0_AggHistOnly,M0_AggHistOnly,CA_3__FOODS,1428,36,264437.8125,0.0922045906469763,mean_spl,0.15787909336711997
store_cat,1,M0_AggHistOnly,M0_AggHistOnly,CA_3__HOBBIES,1428,37,54865.0390625,0.019130427754495874,mean_spl,0.20298496624191206
store_cat,1,M0_AggHistOnly,M0_AggHistOnly,CA_3__HOUSEHOLD,1428,38,152489.84375,0.05317039756101494,mean_spl,0.26575132827285675
store_cat,1,M0_AggHistOnly,M0_AggHistOnly,CA_4__FOODS,1428,39,111408.5390625,0.038846103897624246,mean_spl,0.1831976409723134
store_cat,1,M0_AggHistOnly,M0_AggHistOnly,CA_4__HOBBIES,1428,40,33008.76171875,0.011509546737159329,mean_spl,0.18257602524578934
store_cat,1,M0_AggHistOnly,M0_AggHistOnly,CA_4__HOUSEHOLD,1428,41,49583.05078125,0.017288695807500653,mean_spl,0.23873906535384196
store_cat,1,M0_AggHistOnly,M0_AggHistOnly,TX_1__FOODS,1428,42,143683.8125,0.05009989679202703,mean_spl,0.15620512801827763
store_cat,1,M0_AggHistOnly,M0_AggHistOnly,TX_1__HOBBIES,1428,43,24862.4609375,0.00866908182133985,mean_spl,0.17016168862542178
store_cat,1,M0_AggHistOnly,M0_AggHistOnly,TX_1__HOUSEHOLD,1428,44,78584.8359375,0.027401083680787818,mean_spl,0.1766081106243314
store_cat,1,M0_AggHistOnly,M0_AggHistOnly,TX_2__FOODS,1428,45,169112.625,0.05896645496324626,mean_spl,0.1450446425973759
store_cat,1,M0_AggHistOnly,M0_AggHistOnly,TX_2__HOBBIES,1428,46,37968.1328125,0.013238788017907201,mean_spl,0.1676635868198165
store_cat,1,M0_AggHistOnly,M0_AggHistOnly,TX_2__HOUSEHOLD,1428,47,76284.0390625,0.02659883822271356,mean_spl,0.1499861672450577
store_cat,1,M0_AggHistOnly,M0_AggHistOnly,TX_3__FOODS,1428,48,156201.359375,0.05446453464242413,mean_spl,0.20562873369774562
store_cat,1,M0_AggHistOnly,M0_AggHistOnly,TX_3__HOBBIES,1428,49,37867.00390625,0.013203526232479454,mean_spl,0.18504013936147165
store_cat,1,M0_AggHistOnly,M0_AggHistOnly,TX_3__HOUSEHOLD,1428,50,82279.71875,0.028689421207082816,mean_spl,0.20883625640731474
store_cat,1,M0_AggHistOnly,M0_AggHistOnly,WI_1__FOODS,1428,51,171078.21875,0.05965182127067253,mean_spl,0.2619494963736972
store_cat,1,M0_AggHistOnly,M0_AggHistOnly,WI_1__HOBBIES,1428,52,44008.82421875,0.015345065758871302,mean_spl,0.20294903954850196
store_cat,1,M0_AggHistOnly,M0_AggHistOnly,WI_1__HOUSEHOLD,1428,53,65090.1015625,0.02269571856233845,mean_spl,0.22002298016577912
store_cat,1,M0_AggHistOnly,M0_AggHistOnly,WI_2__FOODS,1428,54,209153.8125,0.07292807893658147,mean_spl,0.3856212015780886
store_cat,1,M0_AggHistOnly,M0_AggHistOnly,WI_2__HOBBIES,1428,55,24120.48046875,0.008410366909344633,mean_spl,0.33345884491569944
store_cat,1,M0_AggHistOnly,M0_AggHistOnly,WI_2__HOUSEHOLD,1428,56,73348.140625,0.025575144557077958,mean_spl,0.3220413162432531
store_cat,1,M0_AggHistOnly,M0_AggHistOnly,WI_3__FOODS,1428,57,139767.203125,0.048734247300632964,mean_spl,0.23775950392853684
store_cat,1,M0_AggHistOnly,M0_AggHistOnly,WI_3__HOBBIES,1428,58,22137.26171875,0.007718855089312624,mean_spl,0.2075775469697022
store_cat,1,M0_AggHistOnly,M0_AggHistOnly,WI_3__HOUSEHOLD,1428,59,57654.9921875,0.0201032329799773,mean_spl,0.18747984929191402
store_cat,1,M0_AggHistOnly,M0_AggHistOnly,CA_1__FOODS,1456,60,216654.625,0.07397924456338241,mean_spl,0.1322094320602207
store_cat,1,M0_AggHistOnly,M0_AggHistOnly,CA_1__HOBBIES,1456,61,54163.19921875,0.018494655082203344,mean_spl,0.12422850413069561
store_cat,1,M0_AggHistOnly,M0_AggHistOnly,CA_1__HOUSEHOLD,1456,62,94011.015625,0.03210115600612653,mean_spl,0.2213402301852438
store_cat,1,M0_AggHistOnly,M0_AggHistOnly,CA_2__FOODS,1456,63,106220.4296875,0.03627020261154881,mean_spl,0.18468957776558226
store_cat,1,M0_AggHistOnly,M0_AggHistOnly,CA_2__HOBBIES,1456,64,31810.216796875,0.010861968942644223,mean_spl,0.14424335175945174
store_cat,1,M0_AggHistOnly,M0_AggHistOnly,CA_2__HOUSEHOLD,1456,65,86838.34375,0.029651963671490145,mean_spl,0.10091657755689938
store_cat,1,M0_AggHistOnly,M0_AggHistOnly,CA_3__FOODS,1456,66,276034.6875,0.09425525836127126,mean_spl,0.20945405893292482
store_cat,1,M0_AggHistOnly,M0_AggHistOnly,CA_3__HOBBIES,1456,67,57284.25,0.019560374214858966,mean_spl,0.19211001739864642
store_cat,1,M0_AggHistOnly,M0_AggHistOnly,CA_3__HOUSEHOLD,1456,68,155978.5625,0.05326069647408786,mean_spl,0.2835330253794074
store_cat,1,M0_AggHistOnly,M0_AggHistOnly,CA_4__FOODS,1456,69,114921.703125,0.03924135374965941,mean_spl,0.21627112511644586
store_cat,1,M0_AggHistOnly,M0_AggHistOnly,CA_4__HOBBIES,1456,70,33806.859375,0.011543745801055494,mean_spl,0.1862774126329897
store_cat,1,M0_AggHistOnly,M0_AggHistOnly,CA_4__HOUSEHOLD,1456,71,51044.75,0.017429824283357508,mean_spl,0.18080433204248308
store_cat,1,M0_AggHistOnly,M0_AggHistOnly,TX_1__FOODS,1456,72,140683.25,0.04803793391311849,mean_spl,0.15507868178586812
store_cat,1,M0_AggHistOnly,M0_AggHistOnly,TX_1__HOBBIES,1456,73,27783.09765625,0.009486862217873518,mean_spl,0.2083535772664555
store_cat,1,M0_AggHistOnly,M0_AggHistOnly,TX_1__HOUSEHOLD,1456,74,80417.0078125,0.027459323741721976,mean_spl,0.2276286061986522
store_cat,1,M0_AggHistOnly,M0_AggHistOnly,TX_2__FOODS,1456,75,169176.453125,0.05776726991219309,mean_spl,0.18261736999612568
store_cat,1,M0_AggHistOnly,M0_AggHistOnly,TX_2__HOBBIES,1456,76,42864.6796875,0.014636644021481715,mean_spl,0.22527779866585082
store_cat,1,M0_AggHistOnly,M0_AggHistOnly,TX_2__HOUSEHOLD,1456,77,79355.1796875,0.027096750163873577,mean_spl,0.2821075199209224
store_cat,1,M0_AggHistOnly,M0_AggHistOnly,TX_3__FOODS,1456,78,156799.8125,0.053541121849718216,mean_spl,0.22276662323437135
store_cat,1,M0_AggHistOnly,M0_AggHistOnly,TX_3__HOBBIES,1456,79,49402.20703125,0.016868958859916763,mean_spl,0.24661738760789767
store_cat,1,M0_AggHistOnly,M0_AggHistOnly,TX_3__HOUSEHOLD,1456,80,78533.859375,0.02681630077922134,mean_spl,0.3464724188600311
store_cat,1,M0_AggHistOnly,M0_AggHistOnly,WI_1__FOODS,1456,81,171450.15625,0.05854365232059495,mean_spl,0.28670402010323043
store_cat,1,M0_AggHistOnly,M0_AggHistOnly,WI_1__HOBBIES,1456,82,39346.1328125,0.01343519521893088,mean_spl,0.20436490611878266
store_cat,1,M0_AggHistOnly,M0_AggHistOnly,WI_1__HOUSEHOLD,1456,83,69904.34375,0.023869652181780117,mean_spl,0.2557142624959163
store_cat,1,M0_AggHistOnly,M0_AggHistOnly,WI_2__FOODS,1456,84,213990.953125,0.07306970278426171,mean_spl,0.3015606330602271
store_cat,1,M0_AggHistOnly,M0_AggHistOnly,WI_2__HOBBIES,1456,85,22872.908203125,0.007810220851896331,mean_spl,0.2513026136694114
store_cat,1,M0_AggHistOnly,M0_AggHistOnly,WI_2__HOUSEHOLD,1456,86,73007.3671875,0.02492921566799104,mean_spl,0.7903009058760792
store_cat,1,M0_AggHistOnly,M0_AggHistOnly,WI_3__FOODS,1456,87,151780.5625,0.05182724049004377,mean_spl,0.2057204222041002
store_cat,1,M0_AggHistOnly,M0_AggHistOnly,WI_3__HOBBIES,1456,88,21418.96875,0.007313756295078839,mean_spl,0.2291170686007194
store_cat,1,M0_AggHistOnly,M0_AggHistOnly,WI_3__HOUSEHOLD,1456,89,61031.02734375,0.020839754968617726,mean_spl,0.35214660215529175
store_cat,1,M0_AggHistOnly,M0_AggHistOnly,CA_1__FOODS,1484,90,213601.578125,0.06820771906795026,mean_spl,0.09353889931428133
store_cat,1,M0_AggHistOnly,M0_AggHistOnly,CA_1__HOBBIES,1484,91,57432.234375,0.018339385607920238,mean_spl,0.16808010128259843
store_cat,1,M0_AggHistOnly,M0_AggHistOnly,CA_1__HOUSEHOLD,1484,92,97660.3515625,0.031185115212744904,mean_spl,0.18100425200851536
store_cat,1,M0_AggHistOnly,M0_AggHistOnly,CA_2__FOODS,1484,93,97109.96875,0.03100936577969128,mean_spl,0.1295856573253007
store_cat,1,M0_AggHistOnly,M0_AggHistOnly,CA_2__HOBBIES,1484,94,32127.169921875,0.010258917559107109,mean_spl,0.1336034284214304
store_cat,1,M0_AggHistOnly,M0_AggHistOnly,CA_2__HOUSEHOLD,1484,95,85772.1484375,0.027388948414303897,mean_spl,0.14199366520943718
store_cat,1,M0_AggHistOnly,M0_AggHistOnly,CA_3__FOODS,1484,96,297412.46875,0.09497039438507442,mean_spl,0.15375468939668896
store_cat,1,M0_AggHistOnly,M0_AggHistOnly,CA_3__HOBBIES,1484,97,61886.78125,0.019761821174605104,mean_spl,0.21255597052672223
store_cat,1,M0_AggHistOnly,M0_AggHistOnly,CA_3__HOUSEHOLD,1484,98,172245.359375,0.05500176162618477,mean_spl,0.2004505532890812
store_cat,1,M0_AggHistOnly,M0_AggHistOnly,CA_4__FOODS,1484,99,119859.8125,0.03827389521323178,mean_spl,0.13077035164094516
store_cat,1,M0_AggHistOnly,M0_AggHistOnly,CA_4__HOBBIES,1484,100,36330.05078125,0.011600990588008404,mean_spl,0.17781298900994005
store_cat,1,M0_AggHistOnly,M0_AggHistOnly,CA_4__HOUSEHOLD,1484,101,51402.9609375,0.016414104940901036,mean_spl,0.1687915352394536
store_cat,1,M0_AggHistOnly,M0_AggHistOnly,TX_1__FOODS,1484,102,144507.609375,0.0461444831538793,mean_spl,0.09130486111622027
store_cat,1,M0_AggHistOnly,M0_AggHistOnly,TX_1__HOBBIES,1484,103,31937.12890625,0.010198233249941787,mean_spl,0.15863596465082203
store_cat,1,M0_AggHistOnly,M0_AggHistOnly,TX_1__HOUSEHOLD,1484,104,89760.1953125,0.02866242018950133,mean_spl,0.22754141673879336
store_cat,1,M0_AggHistOnly,M0_AggHistOnly,TX_2__FOODS,1484,105,179773.953125,0.0574058085062889,mean_spl,0.10043067096062261
store_cat,1,M0_AggHistOnly,M0_AggHistOnly,TX_2__HOBBIES,1484,106,49847.03125,0.015917262099447972,mean_spl,0.14825034288402283
store_cat,1,M0_AggHistOnly,M0_AggHistOnly,TX_2__HOUSEHOLD,1484,107,93967.359375,0.030005860940111543,mean_spl,0.179853038308671
store_cat,1,M0_AggHistOnly,M0_AggHistOnly,TX_3__FOODS,1484,108,166358.546875,0.053121971894618626,mean_spl,0.14545786801740113
store_cat,1,M0_AggHistOnly,M0_AggHistOnly,TX_3__HOBBIES,1484,109,58939.0,0.018820529274335952,mean_spl,0.19369810152637326
store_cat,1,M0_AggHistOnly,M0_AggHistOnly,TX_3__HOUSEHOLD,1484,110,94858.9296875,0.030290559105444093,mean_spl,0.3882094966234972
store_cat,1,M0_AggHistOnly,M0_AggHistOnly,WI_1__FOODS,1484,111,182376.296875,0.05823679455506408,mean_spl,0.18355259146488212
store_cat,1,M0_AggHistOnly,M0_AggHistOnly,WI_1__HOBBIES,1484,112,42152.4609375,0.013460215223528077,mean_spl,0.15210907735564677
store_cat,1,M0_AggHistOnly,M0_AggHistOnly,WI_1__HOUSEHOLD,1484,113,74201.4921875,0.023694181372508085,mean_spl,0.18032994112414763
store_cat,1,M0_AggHistOnly,M0_AggHistOnly,WI_2__FOODS,1484,114,220910.796875,0.07054171464739512,mean_spl,0.21290423021517071
store_cat,1,M0_AggHistOnly,M0_AggHistOnly,WI_2__HOBBIES,1484,115,28042.1796875,0.00895448962019686,mean_spl,0.15816629576277627
store_cat,1,M0_AggHistOnly,M0_AggHistOnly,WI_2__HOUSEHOLD,1484,116,95896.65625,0.030621928201429557,mean_spl,0.28256120716963096
store_cat,1,M0_AggHistOnly,M0_AggHistOnly,WI_3__FOODS,1484,117,160906.484375,0.05138100747569806,mean_spl,0.11040253310056694
store_cat,1,M0_AggHistOnly,M0_AggHistOnly,WI_3__HOBBIES,1484,118,24415.33984375,0.007796359257404398,mean_spl,0.1458470835496766
store_cat,1,M0_AggHistOnly,M0_AggHistOnly,WI_3__HOUSEHOLD,1484,119,69941.15625,0.02233376166348309,mean_spl,0.18504182972813848
store_cat,1,M1_AggHistFutureSummary,M1_AggHistFutureSummary,CA_1__FOODS,1400,0,226958.65625,0.0758507651990865,rmsse,0.9399272955220525
store_cat,1,M1_AggHistFutureSummary,M1_AggHistFutureSummary,CA_1__HOBBIES,1400,1,50996.61328125,0.01704333381179291,rmsse,0.9887853623320235
store_cat,1,M1_AggHistFutureSummary,M1_AggHistFutureSummary,CA_1__HOUSEHOLD,1400,2,99464.2734375,0.03324147831530681,rmsse,0.9117360432070756
store_cat,1,M1_AggHistFutureSummary,M1_AggHistFutureSummary,CA_2__FOODS,1400,3,108666.09375,0.036316774598162835,rmsse,0.8639724655789525
store_cat,1,M1_AggHistFutureSummary,M1_AggHistFutureSummary,CA_2__HOBBIES,1400,4,31205.01953125,0.010428880081535783,rmsse,0.728019368783381
store_cat,1,M1_AggHistFutureSummary,M1_AggHistFutureSummary,CA_2__HOUSEHOLD,1400,5,87583.4453125,0.02927084366593958,rmsse,0.6187067056116085
store_cat,1,M1_AggHistFutureSummary,M1_AggHistFutureSummary,CA_3__FOODS,1400,6,295087.1875,0.0986196752401741,rmsse,1.121893499950732
store_cat,1,M1_AggHistFutureSummary,M1_AggHistFutureSummary,CA_3__HOBBIES,1400,7,57647.32421875,0.01926603605220287,rmsse,1.1986743000082445
store_cat,1,M1_AggHistFutureSummary,M1_AggHistFutureSummary,CA_3__HOUSEHOLD,1400,8,173274.515625,0.057909245749058404,rmsse,1.2683618319940937
store_cat,1,M1_AggHistFutureSummary,M1_AggHistFutureSummary,CA_4__FOODS,1400,9,121674.46875,0.04066424128680854,rmsse,1.4906562806317756
store_cat,1,M1_AggHistFutureSummary,M1_AggHistFutureSummary,CA_4__HOBBIES,1400,10,32223.5078125,0.010769264170671467,rmsse,1.0319137833824628
store_cat,1,M1_AggHistFutureSummary,M1_AggHistFutureSummary,CA_4__HOUSEHOLD,1400,11,51777.10546875,0.017304178366620435,rmsse,1.8760655697311257
store_cat,1,M1_AggHistFutureSummary,M1_AggHistFutureSummary,TX_1__FOODS,1400,12,142172.421875,0.04751476399978066,rmsse,0.897947701268037
store_cat,1,M1_AggHistFutureSummary,M1_AggHistFutureSummary,TX_1__HOBBIES,1400,13,25999.3828125,0.008689129172759201,rmsse,1.1223100282587977
store_cat,1,M1_AggHistFutureSummary,M1_AggHistFutureSummary,TX_1__HOUSEHOLD,1400,14,81256.328125,0.027156288142454594,rmsse,0.9856647057513025
store_cat,1,M1_AggHistFutureSummary,M1_AggHistFutureSummary,TX_2__FOODS,1400,15,171553.265625,0.057333995032667506,rmsse,0.8284152739307638
store_cat,1,M1_AggHistFutureSummary,M1_AggHistFutureSummary,TX_2__HOBBIES,1400,16,37066.83984375,0.01238793096555631,rmsse,0.820520252301285
store_cat,1,M1_AggHistFutureSummary,M1_AggHistFutureSummary,TX_2__HOUSEHOLD,1400,17,82002.390625,0.02740562611636738,rmsse,0.8073189193032542
store_cat,1,M1_AggHistFutureSummary,M1_AggHistFutureSummary,TX_3__FOODS,1400,18,157470.1875,0.05262735696126869,rmsse,1.0852439237491207
store_cat,1,M1_AggHistFutureSummary,M1_AggHistFutureSummary,TX_3__HOBBIES,1400,19,39784.18359375,0.013296081402080826,rmsse,1.2237144906316282
store_cat,1,M1_AggHistFutureSummary,M1_AggHistFutureSummary,TX_3__HOUSEHOLD,1400,20,87090.3359375,0.02910604394409335,rmsse,1.172181089975981
store_cat,1,M1_AggHistFutureSummary,M1_AggHistFutureSummary,WI_1__FOODS,1400,21,165848.921875,0.055427573636166454,rmsse,1.1975835852318775
store_cat,1,M1_AggHistFutureSummary,M1_AggHistFutureSummary,WI_1__HOBBIES,1400,22,40985.328125,0.013697510161465327,rmsse,0.7923693317450582
store_cat,1,M1_AggHistFutureSummary,M1_AggHistFutureSummary,WI_1__HOUSEHOLD,1400,23,68940.171875,0.02304016456598708,rmsse,0.9142369154187849
store_cat,1,M1_AggHistFutureSummary,M1_AggHistFutureSummary,WI_2__FOODS,1400,24,219953.3125,0.07350954282537438,rmsse,1.3290701992892495
store_cat,1,M1_AggHistFutureSummary,M1_AggHistFutureSummary,WI_2__HOBBIES,1400,25,25208.861328125,0.008424932774671118,rmsse,1.1126298100817722
store_cat,1,M1_AggHistFutureSummary,M1_AggHistFutureSummary,WI_2__HOUSEHOLD,1400,26,79361.3984375,0.02652299276976338,rmsse,1.3597867005869084
store_cat,1,M1_AggHistFutureSummary,M1_AggHistFutureSummary,WI_3__FOODS,1400,27,147652.625,0.04934627643180615,rmsse,0.7236474229581263
store_cat,1,M1_AggHistFutureSummary,M1_AggHistFutureSummary,WI_3__HOBBIES,1400,28,21936.94140625,0.007331440092589935,rmsse,0.8814699361923212
store_cat,1,M1_AggHistFutureSummary,M1_AggHistFutureSummary,WI_3__HOUSEHOLD,1400,29,61332.48046875,0.02049763446778741,rmsse,0.8632456826140519
store_cat,1,M1_AggHistFutureSummary,M1_AggHistFutureSummary,CA_1__FOODS,1428,30,213076.046875,0.07429568976178588,rmsse,0.4165211419378734
store_cat,1,M1_AggHistFutureSummary,M1_AggHistFutureSummary,CA_1__HOBBIES,1428,31,52497.34375,0.018304856044452224,rmsse,0.5775677529126345
store_cat,1,M1_AggHistFutureSummary,M1_AggHistFutureSummary,CA_1__HOUSEHOLD,1428,32,95256.125,0.033214054863058604,rmsse,0.6254244774834461
store_cat,1,M1_AggHistFutureSummary,M1_AggHistFutureSummary,CA_2__FOODS,1428,33,110173.421875,0.038415441302143576,rmsse,0.4330875300456473
store_cat,1,M1_AggHistFutureSummary,M1_AggHistFutureSummary,CA_2__HOBBIES,1428,34,32410.05078125,0.011300787269721006,rmsse,0.6430146584225013
store_cat,1,M1_AggHistFutureSummary,M1_AggHistFutureSummary,CA_2__HOUSEHOLD,1428,35,85537.21875,0.02982525140925001,rmsse,0.3497711327276843
store_cat,1,M1_AggHistFutureSummary,M1_AggHistFutureSummary,CA_3__FOODS,1428,36,264437.8125,0.0922045906469763,rmsse,0.6223452017900445
store_cat,1,M1_AggHistFutureSummary,M1_AggHistFutureSummary,CA_3__HOBBIES,1428,37,54865.0390625,0.019130427754495874,rmsse,0.8225666846930993
store_cat,1,M1_AggHistFutureSummary,M1_AggHistFutureSummary,CA_3__HOUSEHOLD,1428,38,152489.84375,0.05317039756101494,rmsse,1.122385333620743
store_cat,1,M1_AggHistFutureSummary,M1_AggHistFutureSummary,CA_4__FOODS,1428,39,111408.5390625,0.038846103897624246,rmsse,0.7461657217246409
store_cat,1,M1_AggHistFutureSummary,M1_AggHistFutureSummary,CA_4__HOBBIES,1428,40,33008.76171875,0.011509546737159329,rmsse,0.7893449014339159
store_cat,1,M1_AggHistFutureSummary,M1_AggHistFutureSummary,CA_4__HOUSEHOLD,1428,41,49583.05078125,0.017288695807500653,rmsse,0.9930874134868528
store_cat,1,M1_AggHistFutureSummary,M1_AggHistFutureSummary,TX_1__FOODS,1428,42,143683.8125,0.05009989679202703,rmsse,0.5554805809777907
store_cat,1,M1_AggHistFutureSummary,M1_AggHistFutureSummary,TX_1__HOBBIES,1428,43,24862.4609375,0.00866908182133985,rmsse,0.798753534154418
store_cat,1,M1_AggHistFutureSummary,M1_AggHistFutureSummary,TX_1__HOUSEHOLD,1428,44,78584.8359375,0.027401083680787818,rmsse,0.7025999830496124
store_cat,1,M1_AggHistFutureSummary,M1_AggHistFutureSummary,TX_2__FOODS,1428,45,169112.625,0.05896645496324626,rmsse,0.4789269385565071
store_cat,1,M1_AggHistFutureSummary,M1_AggHistFutureSummary,TX_2__HOBBIES,1428,46,37968.1328125,0.013238788017907201,rmsse,0.7616177418283628
store_cat,1,M1_AggHistFutureSummary,M1_AggHistFutureSummary,TX_2__HOUSEHOLD,1428,47,76284.0390625,0.02659883822271356,rmsse,0.543541304442219
store_cat,1,M1_AggHistFutureSummary,M1_AggHistFutureSummary,TX_3__FOODS,1428,48,156201.359375,0.05446453464242413,rmsse,0.6511865981126643
store_cat,1,M1_AggHistFutureSummary,M1_AggHistFutureSummary,TX_3__HOBBIES,1428,49,37867.00390625,0.013203526232479454,rmsse,0.8529567421870071
store_cat,1,M1_AggHistFutureSummary,M1_AggHistFutureSummary,TX_3__HOUSEHOLD,1428,50,82279.71875,0.028689421207082816,rmsse,0.7669296510464046
store_cat,1,M1_AggHistFutureSummary,M1_AggHistFutureSummary,WI_1__FOODS,1428,51,171078.21875,0.05965182127067253,rmsse,0.8943867613016786
store_cat,1,M1_AggHistFutureSummary,M1_AggHistFutureSummary,WI_1__HOBBIES,1428,52,44008.82421875,0.015345065758871302,rmsse,0.7602426464743272
store_cat,1,M1_AggHistFutureSummary,M1_AggHistFutureSummary,WI_1__HOUSEHOLD,1428,53,65090.1015625,0.02269571856233845,rmsse,0.8834922562123875
store_cat,1,M1_AggHistFutureSummary,M1_AggHistFutureSummary,WI_2__FOODS,1428,54,209153.8125,0.07292807893658147,rmsse,1.1930419616823549
store_cat,1,M1_AggHistFutureSummary,M1_AggHistFutureSummary,WI_2__HOBBIES,1428,55,24120.48046875,0.008410366909344633,rmsse,1.2502064565860638
store_cat,1,M1_AggHistFutureSummary,M1_AggHistFutureSummary,WI_2__HOUSEHOLD,1428,56,73348.140625,0.025575144557077958,rmsse,1.1989534244998346
store_cat,1,M1_AggHistFutureSummary,M1_AggHistFutureSummary,WI_3__FOODS,1428,57,139767.203125,0.048734247300632964,rmsse,0.7666508157484107
store_cat,1,M1_AggHistFutureSummary,M1_AggHistFutureSummary,WI_3__HOBBIES,1428,58,22137.26171875,0.007718855089312624,rmsse,0.8671241857445623
store_cat,1,M1_AggHistFutureSummary,M1_AggHistFutureSummary,WI_3__HOUSEHOLD,1428,59,57654.9921875,0.0201032329799773,rmsse,0.7654606927482414
store_cat,1,M1_AggHistFutureSummary,M1_AggHistFutureSummary,CA_1__FOODS,1456,60,216654.625,0.07397924456338241,rmsse,0.5215351293341639
store_cat,1,M1_AggHistFutureSummary,M1_AggHistFutureSummary,CA_1__HOBBIES,1456,61,54163.19921875,0.018494655082203344,rmsse,0.5246410929000662
store_cat,1,M1_AggHistFutureSummary,M1_AggHistFutureSummary,CA_1__HOUSEHOLD,1456,62,94011.015625,0.03210115600612653,rmsse,0.913076412303322
store_cat,1,M1_AggHistFutureSummary,M1_AggHistFutureSummary,CA_2__FOODS,1456,63,106220.4296875,0.03627020261154881,rmsse,0.6739343518334391
store_cat,1,M1_AggHistFutureSummary,M1_AggHistFutureSummary,CA_2__HOBBIES,1456,64,31810.216796875,0.010861968942644223,rmsse,0.6235063019533109
store_cat,1,M1_AggHistFutureSummary,M1_AggHistFutureSummary,CA_2__HOUSEHOLD,1456,65,86838.34375,0.029651963671490145,rmsse,0.4118444954070306
store_cat,1,M1_AggHistFutureSummary,M1_AggHistFutureSummary,CA_3__FOODS,1456,66,276034.6875,0.09425525836127126,rmsse,0.81719709292144
store_cat,1,M1_AggHistFutureSummary,M1_AggHistFutureSummary,CA_3__HOBBIES,1456,67,57284.25,0.019560374214858966,rmsse,0.8115783958067335
store_cat,1,M1_AggHistFutureSummary,M1_AggHistFutureSummary,CA_3__HOUSEHOLD,1456,68,155978.5625,0.05326069647408786,rmsse,1.1570147539025308
store_cat,1,M1_AggHistFutureSummary,M1_AggHistFutureSummary,CA_4__FOODS,1456,69,114921.703125,0.03924135374965941,rmsse,0.6994624372874811
store_cat,1,M1_AggHistFutureSummary,M1_AggHistFutureSummary,CA_4__HOBBIES,1456,70,33806.859375,0.011543745801055494,rmsse,0.7333048784817333
store_cat,1,M1_AggHistFutureSummary,M1_AggHistFutureSummary,CA_4__HOUSEHOLD,1456,71,51044.75,0.017429824283357508,rmsse,0.7484568706818095
store_cat,1,M1_AggHistFutureSummary,M1_AggHistFutureSummary,TX_1__FOODS,1456,72,140683.25,0.04803793391311849,rmsse,0.5678235278688372
store_cat,1,M1_AggHistFutureSummary,M1_AggHistFutureSummary,TX_1__HOBBIES,1456,73,27783.09765625,0.009486862217873518,rmsse,0.777750365323483
store_cat,1,M1_AggHistFutureSummary,M1_AggHistFutureSummary,TX_1__HOUSEHOLD,1456,74,80417.0078125,0.027459323741721976,rmsse,0.8458942539697423
store_cat,1,M1_AggHistFutureSummary,M1_AggHistFutureSummary,TX_2__FOODS,1456,75,169176.453125,0.05776726991219309,rmsse,0.6907929529884324
store_cat,1,M1_AggHistFutureSummary,M1_AggHistFutureSummary,TX_2__HOBBIES,1456,76,42864.6796875,0.014636644021481715,rmsse,0.8344056597677451
store_cat,1,M1_AggHistFutureSummary,M1_AggHistFutureSummary,TX_2__HOUSEHOLD,1456,77,79355.1796875,0.027096750163873577,rmsse,1.0024796819033137
store_cat,1,M1_AggHistFutureSummary,M1_AggHistFutureSummary,TX_3__FOODS,1456,78,156799.8125,0.053541121849718216,rmsse,0.7432743610589662
store_cat,1,M1_AggHistFutureSummary,M1_AggHistFutureSummary,TX_3__HOBBIES,1456,79,49402.20703125,0.016868958859916763,rmsse,1.0143584368976675
store_cat,1,M1_AggHistFutureSummary,M1_AggHistFutureSummary,TX_3__HOUSEHOLD,1456,80,78533.859375,0.02681630077922134,rmsse,1.2041752640692172
store_cat,1,M1_AggHistFutureSummary,M1_AggHistFutureSummary,WI_1__FOODS,1456,81,171450.15625,0.05854365232059495,rmsse,1.1991253867457379
store_cat,1,M1_AggHistFutureSummary,M1_AggHistFutureSummary,WI_1__HOBBIES,1456,82,39346.1328125,0.01343519521893088,rmsse,0.8955744348003702
store_cat,1,M1_AggHistFutureSummary,M1_AggHistFutureSummary,WI_1__HOUSEHOLD,1456,83,69904.34375,0.023869652181780117,rmsse,1.088829431916504
store_cat,1,M1_AggHistFutureSummary,M1_AggHistFutureSummary,WI_2__FOODS,1456,84,213990.953125,0.07306970278426171,rmsse,0.9736413386339585
store_cat,1,M1_AggHistFutureSummary,M1_AggHistFutureSummary,WI_2__HOBBIES,1456,85,22872.908203125,0.007810220851896331,rmsse,0.9434055381946158
store_cat,1,M1_AggHistFutureSummary,M1_AggHistFutureSummary,WI_2__HOUSEHOLD,1456,86,73007.3671875,0.02492921566799104,rmsse,2.186936595258441
store_cat,1,M1_AggHistFutureSummary,M1_AggHistFutureSummary,WI_3__FOODS,1456,87,151780.5625,0.05182724049004377,rmsse,0.7371734247618004
store_cat,1,M1_AggHistFutureSummary,M1_AggHistFutureSummary,WI_3__HOBBIES,1456,88,21418.96875,0.007313756295078839,rmsse,0.8580025524761776
store_cat,1,M1_AggHistFutureSummary,M1_AggHistFutureSummary,WI_3__HOUSEHOLD,1456,89,61031.02734375,0.020839754968617726,rmsse,1.2584022448638148
store_cat,1,M1_AggHistFutureSummary,M1_AggHistFutureSummary,CA_1__FOODS,1484,90,213601.578125,0.06820771906795026,rmsse,0.3658257766267518
store_cat,1,M1_AggHistFutureSummary,M1_AggHistFutureSummary,CA_1__HOBBIES,1484,91,57432.234375,0.018339385607920238,rmsse,0.7053653438827875
store_cat,1,M1_AggHistFutureSummary,M1_AggHistFutureSummary,CA_1__HOUSEHOLD,1484,92,97660.3515625,0.031185115212744904,rmsse,0.8184217760862386
store_cat,1,M1_AggHistFutureSummary,M1_AggHistFutureSummary,CA_2__FOODS,1484,93,97109.96875,0.03100936577969128,rmsse,0.5477901241444804
store_cat,1,M1_AggHistFutureSummary,M1_AggHistFutureSummary,CA_2__HOBBIES,1484,94,32127.169921875,0.010258917559107109,rmsse,0.551375670006063
store_cat,1,M1_AggHistFutureSummary,M1_AggHistFutureSummary,CA_2__HOUSEHOLD,1484,95,85772.1484375,0.027388948414303897,rmsse,0.6098251038829642
store_cat,1,M1_AggHistFutureSummary,M1_AggHistFutureSummary,CA_3__FOODS,1484,96,297412.46875,0.09497039438507442,rmsse,0.5352464125496039
store_cat,1,M1_AggHistFutureSummary,M1_AggHistFutureSummary,CA_3__HOBBIES,1484,97,61886.78125,0.019761821174605104,rmsse,0.8126308799730735
store_cat,1,M1_AggHistFutureSummary,M1_AggHistFutureSummary,CA_3__HOUSEHOLD,1484,98,172245.359375,0.05500176162618477,rmsse,0.7270165559026917
store_cat,1,M1_AggHistFutureSummary,M1_AggHistFutureSummary,CA_4__FOODS,1484,99,119859.8125,0.03827389521323178,rmsse,0.4187671885505201
store_cat,1,M1_AggHistFutureSummary,M1_AggHistFutureSummary,CA_4__HOBBIES,1484,100,36330.05078125,0.011600990588008404,rmsse,0.7741543938053461
store_cat,1,M1_AggHistFutureSummary,M1_AggHistFutureSummary,CA_4__HOUSEHOLD,1484,101,51402.9609375,0.016414104940901036,rmsse,0.5919783238042987
store_cat,1,M1_AggHistFutureSummary,M1_AggHistFutureSummary,TX_1__FOODS,1484,102,144507.609375,0.0461444831538793,rmsse,0.3290715534153417
store_cat,1,M1_AggHistFutureSummary,M1_AggHistFutureSummary,TX_1__HOBBIES,1484,103,31937.12890625,0.010198233249941787,rmsse,0.6662338398507269
store_cat,1,M1_AggHistFutureSummary,M1_AggHistFutureSummary,TX_1__HOUSEHOLD,1484,104,89760.1953125,0.02866242018950133,rmsse,0.8682008151542111
store_cat,1,M1_AggHistFutureSummary,M1_AggHistFutureSummary,TX_2__FOODS,1484,105,179773.953125,0.0574058085062889,rmsse,0.3962792423463037
store_cat,1,M1_AggHistFutureSummary,M1_AggHistFutureSummary,TX_2__HOBBIES,1484,106,49847.03125,0.015917262099447972,rmsse,0.5953340240476361
store_cat,1,M1_AggHistFutureSummary,M1_AggHistFutureSummary,TX_2__HOUSEHOLD,1484,107,93967.359375,0.030005860940111543,rmsse,0.6979294330053346
store_cat,1,M1_AggHistFutureSummary,M1_AggHistFutureSummary,TX_3__FOODS,1484,108,166358.546875,0.053121971894618626,rmsse,0.4777129097726735
store_cat,1,M1_AggHistFutureSummary,M1_AggHistFutureSummary,TX_3__HOBBIES,1484,109,58939.0,0.018820529274335952,rmsse,0.7566474121938964
store_cat,1,M1_AggHistFutureSummary,M1_AggHistFutureSummary,TX_3__HOUSEHOLD,1484,110,94858.9296875,0.030290559105444093,rmsse,1.3620312632103022
store_cat,1,M1_AggHistFutureSummary,M1_AggHistFutureSummary,WI_1__FOODS,1484,111,182376.296875,0.05823679455506408,rmsse,0.6140684725741141
store_cat,1,M1_AggHistFutureSummary,M1_AggHistFutureSummary,WI_1__HOBBIES,1484,112,42152.4609375,0.013460215223528077,rmsse,0.5995472246007862
store_cat,1,M1_AggHistFutureSummary,M1_AggHistFutureSummary,WI_1__HOUSEHOLD,1484,113,74201.4921875,0.023694181372508085,rmsse,0.7255000432368818
store_cat,1,M1_AggHistFutureSummary,M1_AggHistFutureSummary,WI_2__FOODS,1484,114,220910.796875,0.07054171464739512,rmsse,0.7161688770508156
store_cat,1,M1_AggHistFutureSummary,M1_AggHistFutureSummary,WI_2__HOBBIES,1484,115,28042.1796875,0.00895448962019686,rmsse,0.6505967699056295
store_cat,1,M1_AggHistFutureSummary,M1_AggHistFutureSummary,WI_2__HOUSEHOLD,1484,116,95896.65625,0.030621928201429557,rmsse,1.0388518141846137
store_cat,1,M1_AggHistFutureSummary,M1_AggHistFutureSummary,WI_3__FOODS,1484,117,160906.484375,0.05138100747569806,rmsse,0.4053117382188954
store_cat,1,M1_AggHistFutureSummary,M1_AggHistFutureSummary,WI_3__HOBBIES,1484,118,24415.33984375,0.007796359257404398,rmsse,0.5607910874411121
store_cat,1,M1_AggHistFutureSummary,M1_AggHistFutureSummary,WI_3__HOUSEHOLD,1484,119,69941.15625,0.02233376166348309,rmsse,0.7030211986600132
store_cat,1,M1_AggHistFutureSummary,M1_AggHistFutureSummary,CA_1__FOODS,1400,0,226958.65625,0.0758507651990865,mean_spl,0.2327747689817958
store_cat,1,M1_AggHistFutureSummary,M1_AggHistFutureSummary,CA_1__HOBBIES,1400,1,50996.61328125,0.01704333381179291,mean_spl,0.24096177319381132
store_cat,1,M1_AggHistFutureSummary,M1_AggHistFutureSummary,CA_1__HOUSEHOLD,1400,2,99464.2734375,0.03324147831530681,mean_spl,0.2247892265688139
store_cat,1,M1_AggHistFutureSummary,M1_AggHistFutureSummary,CA_2__FOODS,1400,3,108666.09375,0.036316774598162835,mean_spl,0.21174464769029921
store_cat,1,M1_AggHistFutureSummary,M1_AggHistFutureSummary,CA_2__HOBBIES,1400,4,31205.01953125,0.010428880081535783,mean_spl,0.16791321138530965
store_cat,1,M1_AggHistFutureSummary,M1_AggHistFutureSummary,CA_2__HOUSEHOLD,1400,5,87583.4453125,0.02927084366593958,mean_spl,0.17153384634214053
store_cat,1,M1_AggHistFutureSummary,M1_AggHistFutureSummary,CA_3__FOODS,1400,6,295087.1875,0.0986196752401741,mean_spl,0.25661917428205083
store_cat,1,M1_AggHistFutureSummary,M1_AggHistFutureSummary,CA_3__HOBBIES,1400,7,57647.32421875,0.01926603605220287,mean_spl,0.29500443702244006
store_cat,1,M1_AggHistFutureSummary,M1_AggHistFutureSummary,CA_3__HOUSEHOLD,1400,8,173274.515625,0.057909245749058404,mean_spl,0.3083957829442763
store_cat,1,M1_AggHistFutureSummary,M1_AggHistFutureSummary,CA_4__FOODS,1400,9,121674.46875,0.04066424128680854,mean_spl,0.4053572781107743
store_cat,1,M1_AggHistFutureSummary,M1_AggHistFutureSummary,CA_4__HOBBIES,1400,10,32223.5078125,0.010769264170671467,mean_spl,0.23156791447075106
store_cat,1,M1_AggHistFutureSummary,M1_AggHistFutureSummary,CA_4__HOUSEHOLD,1400,11,51777.10546875,0.017304178366620435,mean_spl,0.4837049698015925
store_cat,1,M1_AggHistFutureSummary,M1_AggHistFutureSummary,TX_1__FOODS,1400,12,142172.421875,0.04751476399978066,mean_spl,0.21781769466763606
store_cat,1,M1_AggHistFutureSummary,M1_AggHistFutureSummary,TX_1__HOBBIES,1400,13,25999.3828125,0.008689129172759201,mean_spl,0.2873406653575186
store_cat,1,M1_AggHistFutureSummary,M1_AggHistFutureSummary,TX_1__HOUSEHOLD,1400,14,81256.328125,0.027156288142454594,mean_spl,0.2408767898518337
store_cat,1,M1_AggHistFutureSummary,M1_AggHistFutureSummary,TX_2__FOODS,1400,15,171553.265625,0.057333995032667506,mean_spl,0.20070193689770066
store_cat,1,M1_AggHistFutureSummary,M1_AggHistFutureSummary,TX_2__HOBBIES,1400,16,37066.83984375,0.01238793096555631,mean_spl,0.1948709745198856
store_cat,1,M1_AggHistFutureSummary,M1_AggHistFutureSummary,TX_2__HOUSEHOLD,1400,17,82002.390625,0.02740562611636738,mean_spl,0.19115734366197912
store_cat,1,M1_AggHistFutureSummary,M1_AggHistFutureSummary,TX_3__FOODS,1400,18,157470.1875,0.05262735696126869,mean_spl,0.28431637686374545
store_cat,1,M1_AggHistFutureSummary,M1_AggHistFutureSummary,TX_3__HOBBIES,1400,19,39784.18359375,0.013296081402080826,mean_spl,0.29401320234606715
store_cat,1,M1_AggHistFutureSummary,M1_AggHistFutureSummary,TX_3__HOUSEHOLD,1400,20,87090.3359375,0.02910604394409335,mean_spl,0.262333693968898
store_cat,1,M1_AggHistFutureSummary,M1_AggHistFutureSummary,WI_1__FOODS,1400,21,165848.921875,0.055427573636166454,mean_spl,0.31786054462062663
store_cat,1,M1_AggHistFutureSummary,M1_AggHistFutureSummary,WI_1__HOBBIES,1400,22,40985.328125,0.013697510161465327,mean_spl,0.18606458753337318
store_cat,1,M1_AggHistFutureSummary,M1_AggHistFutureSummary,WI_1__HOUSEHOLD,1400,23,68940.171875,0.02304016456598708,mean_spl,0.2204869131836799
store_cat,1,M1_AggHistFutureSummary,M1_AggHistFutureSummary,WI_2__FOODS,1400,24,219953.3125,0.07350954282537438,mean_spl,0.3744868734741382
store_cat,1,M1_AggHistFutureSummary,M1_AggHistFutureSummary,WI_2__HOBBIES,1400,25,25208.861328125,0.008424932774671118,mean_spl,0.2997808691928563
store_cat,1,M1_AggHistFutureSummary,M1_AggHistFutureSummary,WI_2__HOUSEHOLD,1400,26,79361.3984375,0.02652299276976338,mean_spl,0.3566222118701712
store_cat,1,M1_AggHistFutureSummary,M1_AggHistFutureSummary,WI_3__FOODS,1400,27,147652.625,0.04934627643180615,mean_spl,0.17838415049647716
store_cat,1,M1_AggHistFutureSummary,M1_AggHistFutureSummary,WI_3__HOBBIES,1400,28,21936.94140625,0.007331440092589935,mean_spl,0.21547797639335511
store_cat,1,M1_AggHistFutureSummary,M1_AggHistFutureSummary,WI_3__HOUSEHOLD,1400,29,61332.48046875,0.02049763446778741,mean_spl,0.20438392420859994
store_cat,1,M1_AggHistFutureSummary,M1_AggHistFutureSummary,CA_1__FOODS,1428,30,213076.046875,0.07429568976178588,mean_spl,0.1186960687540996
store_cat,1,M1_AggHistFutureSummary,M1_AggHistFutureSummary,CA_1__HOBBIES,1428,31,52497.34375,0.018304856044452224,mean_spl,0.1540926662677552
store_cat,1,M1_AggHistFutureSummary,M1_AggHistFutureSummary,CA_1__HOUSEHOLD,1428,32,95256.125,0.033214054863058604,mean_spl,0.15111203230696868
store_cat,1,M1_AggHistFutureSummary,M1_AggHistFutureSummary,CA_2__FOODS,1428,33,110173.421875,0.038415441302143576,mean_spl,0.12307204242419971
store_cat,1,M1_AggHistFutureSummary,M1_AggHistFutureSummary,CA_2__HOBBIES,1428,34,32410.05078125,0.011300787269721006,mean_spl,0.16056266676777697
store_cat,1,M1_AggHistFutureSummary,M1_AggHistFutureSummary,CA_2__HOUSEHOLD,1428,35,85537.21875,0.02982525140925001,mean_spl,0.08710476555506041
store_cat,1,M1_AggHistFutureSummary,M1_AggHistFutureSummary,CA_3__FOODS,1428,36,264437.8125,0.0922045906469763,mean_spl,0.16983713128111588
store_cat,1,M1_AggHistFutureSummary,M1_AggHistFutureSummary,CA_3__HOBBIES,1428,37,54865.0390625,0.019130427754495874,mean_spl,0.2027911188012705
store_cat,1,M1_AggHistFutureSummary,M1_AggHistFutureSummary,CA_3__HOUSEHOLD,1428,38,152489.84375,0.05317039756101494,mean_spl,0.25033396606276187
store_cat,1,M1_AggHistFutureSummary,M1_AggHistFutureSummary,CA_4__FOODS,1428,39,111408.5390625,0.038846103897624246,mean_spl,0.17382464884471202
store_cat,1,M1_AggHistFutureSummary,M1_AggHistFutureSummary,CA_4__HOBBIES,1428,40,33008.76171875,0.011509546737159329,mean_spl,0.18970040114323478
store_cat,1,M1_AggHistFutureSummary,M1_AggHistFutureSummary,CA_4__HOUSEHOLD,1428,41,49583.05078125,0.017288695807500653,mean_spl,0.26222783319791093
store_cat,1,M1_AggHistFutureSummary,M1_AggHistFutureSummary,TX_1__FOODS,1428,42,143683.8125,0.05009989679202703,mean_spl,0.1302796708059291
store_cat,1,M1_AggHistFutureSummary,M1_AggHistFutureSummary,TX_1__HOBBIES,1428,43,24862.4609375,0.00866908182133985,mean_spl,0.19774473788993874
store_cat,1,M1_AggHistFutureSummary,M1_AggHistFutureSummary,TX_1__HOUSEHOLD,1428,44,78584.8359375,0.027401083680787818,mean_spl,0.18089975550074866
store_cat,1,M1_AggHistFutureSummary,M1_AggHistFutureSummary,TX_2__FOODS,1428,45,169112.625,0.05896645496324626,mean_spl,0.13006597449400834
store_cat,1,M1_AggHistFutureSummary,M1_AggHistFutureSummary,TX_2__HOBBIES,1428,46,37968.1328125,0.013238788017907201,mean_spl,0.18586064226996
store_cat,1,M1_AggHistFutureSummary,M1_AggHistFutureSummary,TX_2__HOUSEHOLD,1428,47,76284.0390625,0.02659883822271356,mean_spl,0.14781478540290535
store_cat,1,M1_AggHistFutureSummary,M1_AggHistFutureSummary,TX_3__FOODS,1428,48,156201.359375,0.05446453464242413,mean_spl,0.1705339230883691
store_cat,1,M1_AggHistFutureSummary,M1_AggHistFutureSummary,TX_3__HOBBIES,1428,49,37867.00390625,0.013203526232479454,mean_spl,0.20076392649774089
store_cat,1,M1_AggHistFutureSummary,M1_AggHistFutureSummary,TX_3__HOUSEHOLD,1428,50,82279.71875,0.028689421207082816,mean_spl,0.1933279462889178
store_cat,1,M1_AggHistFutureSummary,M1_AggHistFutureSummary,WI_1__FOODS,1428,51,171078.21875,0.05965182127067253,mean_spl,0.25801533785784536
store_cat,1,M1_AggHistFutureSummary,M1_AggHistFutureSummary,WI_1__HOBBIES,1428,52,44008.82421875,0.015345065758871302,mean_spl,0.2282157662268376
store_cat,1,M1_AggHistFutureSummary,M1_AggHistFutureSummary,WI_1__HOUSEHOLD,1428,53,65090.1015625,0.02269571856233845,mean_spl,0.22692737602597068
store_cat,1,M1_AggHistFutureSummary,M1_AggHistFutureSummary,WI_2__FOODS,1428,54,209153.8125,0.07292807893658147,mean_spl,0.36083701298759696
store_cat,1,M1_AggHistFutureSummary,M1_AggHistFutureSummary,WI_2__HOBBIES,1428,55,24120.48046875,0.008410366909344633,mean_spl,0.35345654622718925
store_cat,1,M1_AggHistFutureSummary,M1_AggHistFutureSummary,WI_2__HOUSEHOLD,1428,56,73348.140625,0.025575144557077958,mean_spl,0.31462918775802234
store_cat,1,M1_AggHistFutureSummary,M1_AggHistFutureSummary,WI_3__FOODS,1428,57,139767.203125,0.048734247300632964,mean_spl,0.19894988957198198
store_cat,1,M1_AggHistFutureSummary,M1_AggHistFutureSummary,WI_3__HOBBIES,1428,58,22137.26171875,0.007718855089312624,mean_spl,0.22855893817299344
store_cat,1,M1_AggHistFutureSummary,M1_AggHistFutureSummary,WI_3__HOUSEHOLD,1428,59,57654.9921875,0.0201032329799773,mean_spl,0.1966676141200644
store_cat,1,M1_AggHistFutureSummary,M1_AggHistFutureSummary,CA_1__FOODS,1456,60,216654.625,0.07397924456338241,mean_spl,0.1386359242016153
store_cat,1,M1_AggHistFutureSummary,M1_AggHistFutureSummary,CA_1__HOBBIES,1456,61,54163.19921875,0.018494655082203344,mean_spl,0.1191550852105084
store_cat,1,M1_AggHistFutureSummary,M1_AggHistFutureSummary,CA_1__HOUSEHOLD,1456,62,94011.015625,0.03210115600612653,mean_spl,0.2200000011560603
store_cat,1,M1_AggHistFutureSummary,M1_AggHistFutureSummary,CA_2__FOODS,1456,63,106220.4296875,0.03627020261154881,mean_spl,0.20566009118386594
store_cat,1,M1_AggHistFutureSummary,M1_AggHistFutureSummary,CA_2__HOBBIES,1456,64,31810.216796875,0.010861968942644223,mean_spl,0.14429174439244444
store_cat,1,M1_AggHistFutureSummary,M1_AggHistFutureSummary,CA_2__HOUSEHOLD,1456,65,86838.34375,0.029651963671490145,mean_spl,0.09359969024630992
store_cat,1,M1_AggHistFutureSummary,M1_AggHistFutureSummary,CA_3__FOODS,1456,66,276034.6875,0.09425525836127126,mean_spl,0.2164562229189555
store_cat,1,M1_AggHistFutureSummary,M1_AggHistFutureSummary,CA_3__HOBBIES,1456,67,57284.25,0.019560374214858966,mean_spl,0.20138086366421754
store_cat,1,M1_AggHistFutureSummary,M1_AggHistFutureSummary,CA_3__HOUSEHOLD,1456,68,155978.5625,0.05326069647408786,mean_spl,0.2898189254507731
store_cat,1,M1_AggHistFutureSummary,M1_AggHistFutureSummary,CA_4__FOODS,1456,69,114921.703125,0.03924135374965941,mean_spl,0.1953921185557711
store_cat,1,M1_AggHistFutureSummary,M1_AggHistFutureSummary,CA_4__HOBBIES,1456,70,33806.859375,0.011543745801055494,mean_spl,0.1687725579763196
store_cat,1,M1_AggHistFutureSummary,M1_AggHistFutureSummary,CA_4__HOUSEHOLD,1456,71,51044.75,0.017429824283357508,mean_spl,0.2130387836881914
store_cat,1,M1_AggHistFutureSummary,M1_AggHistFutureSummary,TX_1__FOODS,1456,72,140683.25,0.04803793391311849,mean_spl,0.15335332994450634
store_cat,1,M1_AggHistFutureSummary,M1_AggHistFutureSummary,TX_1__HOBBIES,1456,73,27783.09765625,0.009486862217873518,mean_spl,0.19333981081166518
store_cat,1,M1_AggHistFutureSummary,M1_AggHistFutureSummary,TX_1__HOUSEHOLD,1456,74,80417.0078125,0.027459323741721976,mean_spl,0.22531304785928327
store_cat,1,M1_AggHistFutureSummary,M1_AggHistFutureSummary,TX_2__FOODS,1456,75,169176.453125,0.05776726991219309,mean_spl,0.22189338834633193
store_cat,1,M1_AggHistFutureSummary,M1_AggHistFutureSummary,TX_2__HOBBIES,1456,76,42864.6796875,0.014636644021481715,mean_spl,0.17333158428368747
store_cat,1,M1_AggHistFutureSummary,M1_AggHistFutureSummary,TX_2__HOUSEHOLD,1456,77,79355.1796875,0.027096750163873577,mean_spl,0.2816615572757189
store_cat,1,M1_AggHistFutureSummary,M1_AggHistFutureSummary,TX_3__FOODS,1456,78,156799.8125,0.053541121849718216,mean_spl,0.23249989864457218
store_cat,1,M1_AggHistFutureSummary,M1_AggHistFutureSummary,TX_3__HOBBIES,1456,79,49402.20703125,0.016868958859916763,mean_spl,0.2137419656911627
store_cat,1,M1_AggHistFutureSummary,M1_AggHistFutureSummary,TX_3__HOUSEHOLD,1456,80,78533.859375,0.02681630077922134,mean_spl,0.3491519450861792
store_cat,1,M1_AggHistFutureSummary,M1_AggHistFutureSummary,WI_1__FOODS,1456,81,171450.15625,0.05854365232059495,mean_spl,0.32279316411206815
store_cat,1,M1_AggHistFutureSummary,M1_AggHistFutureSummary,WI_1__HOBBIES,1456,82,39346.1328125,0.01343519521893088,mean_spl,0.2089039709433611
store_cat,1,M1_AggHistFutureSummary,M1_AggHistFutureSummary,WI_1__HOUSEHOLD,1456,83,69904.34375,0.023869652181780117,mean_spl,0.24135016338659543
store_cat,1,M1_AggHistFutureSummary,M1_AggHistFutureSummary,WI_2__FOODS,1456,84,213990.953125,0.07306970278426171,mean_spl,0.285788175294721
store_cat,1,M1_AggHistFutureSummary,M1_AggHistFutureSummary,WI_2__HOBBIES,1456,85,22872.908203125,0.007810220851896331,mean_spl,0.22952205181526678
store_cat,1,M1_AggHistFutureSummary,M1_AggHistFutureSummary,WI_2__HOUSEHOLD,1456,86,73007.3671875,0.02492921566799104,mean_spl,0.7571641400802877
store_cat,1,M1_AggHistFutureSummary,M1_AggHistFutureSummary,WI_3__FOODS,1456,87,151780.5625,0.05182724049004377,mean_spl,0.1981047113206556
store_cat,1,M1_AggHistFutureSummary,M1_AggHistFutureSummary,WI_3__HOBBIES,1456,88,21418.96875,0.007313756295078839,mean_spl,0.2206345807282204
store_cat,1,M1_AggHistFutureSummary,M1_AggHistFutureSummary,WI_3__HOUSEHOLD,1456,89,61031.02734375,0.020839754968617726,mean_spl,0.33616676566514125
store_cat,1,M1_AggHistFutureSummary,M1_AggHistFutureSummary,CA_1__FOODS,1484,90,213601.578125,0.06820771906795026,mean_spl,0.10503787471990465
store_cat,1,M1_AggHistFutureSummary,M1_AggHistFutureSummary,CA_1__HOBBIES,1484,91,57432.234375,0.018339385607920238,mean_spl,0.17348328876369903
store_cat,1,M1_AggHistFutureSummary,M1_AggHistFutureSummary,CA_1__HOUSEHOLD,1484,92,97660.3515625,0.031185115212744904,mean_spl,0.1755982663313735
store_cat,1,M1_AggHistFutureSummary,M1_AggHistFutureSummary,CA_2__FOODS,1484,93,97109.96875,0.03100936577969128,mean_spl,0.17602879966036739
store_cat,1,M1_AggHistFutureSummary,M1_AggHistFutureSummary,CA_2__HOBBIES,1484,94,32127.169921875,0.010258917559107109,mean_spl,0.14212093291632996
store_cat,1,M1_AggHistFutureSummary,M1_AggHistFutureSummary,CA_2__HOUSEHOLD,1484,95,85772.1484375,0.027388948414303897,mean_spl,0.14019414766211513
store_cat,1,M1_AggHistFutureSummary,M1_AggHistFutureSummary,CA_3__FOODS,1484,96,297412.46875,0.09497039438507442,mean_spl,0.1702192761599782
store_cat,1,M1_AggHistFutureSummary,M1_AggHistFutureSummary,CA_3__HOBBIES,1484,97,61886.78125,0.019761821174605104,mean_spl,0.22014473070286214
store_cat,1,M1_AggHistFutureSummary,M1_AggHistFutureSummary,CA_3__HOUSEHOLD,1484,98,172245.359375,0.05500176162618477,mean_spl,0.19943728272315678
store_cat,1,M1_AggHistFutureSummary,M1_AggHistFutureSummary,CA_4__FOODS,1484,99,119859.8125,0.03827389521323178,mean_spl,0.1292668014314204
store_cat,1,M1_AggHistFutureSummary,M1_AggHistFutureSummary,CA_4__HOBBIES,1484,100,36330.05078125,0.011600990588008404,mean_spl,0.19136386029617392
store_cat,1,M1_AggHistFutureSummary,M1_AggHistFutureSummary,CA_4__HOUSEHOLD,1484,101,51402.9609375,0.016414104940901036,mean_spl,0.16129956476279197
store_cat,1,M1_AggHistFutureSummary,M1_AggHistFutureSummary,TX_1__FOODS,1484,102,144507.609375,0.0461444831538793,mean_spl,0.10609733562684492
store_cat,1,M1_AggHistFutureSummary,M1_AggHistFutureSummary,TX_1__HOBBIES,1484,103,31937.12890625,0.010198233249941787,mean_spl,0.16524857477632515
store_cat,1,M1_AggHistFutureSummary,M1_AggHistFutureSummary,TX_1__HOUSEHOLD,1484,104,89760.1953125,0.02866242018950133,mean_spl,0.21435039875374534
store_cat,1,M1_AggHistFutureSummary,M1_AggHistFutureSummary,TX_2__FOODS,1484,105,179773.953125,0.0574058085062889,mean_spl,0.10920244879384801
store_cat,1,M1_AggHistFutureSummary,M1_AggHistFutureSummary,TX_2__HOBBIES,1484,106,49847.03125,0.015917262099447972,mean_spl,0.1445427529900004
store_cat,1,M1_AggHistFutureSummary,M1_AggHistFutureSummary,TX_2__HOUSEHOLD,1484,107,93967.359375,0.030005860940111543,mean_spl,0.17329646840774265
store_cat,1,M1_AggHistFutureSummary,M1_AggHistFutureSummary,TX_3__FOODS,1484,108,166358.546875,0.053121971894618626,mean_spl,0.15644770315894294
store_cat,1,M1_AggHistFutureSummary,M1_AggHistFutureSummary,TX_3__HOBBIES,1484,109,58939.0,0.018820529274335952,mean_spl,0.20373532428213895
store_cat,1,M1_AggHistFutureSummary,M1_AggHistFutureSummary,TX_3__HOUSEHOLD,1484,110,94858.9296875,0.030290559105444093,mean_spl,0.3884337201715006
store_cat,1,M1_AggHistFutureSummary,M1_AggHistFutureSummary,WI_1__FOODS,1484,111,182376.296875,0.05823679455506408,mean_spl,0.1790387132070406
store_cat,1,M1_AggHistFutureSummary,M1_AggHistFutureSummary,WI_1__HOBBIES,1484,112,42152.4609375,0.013460215223528077,mean_spl,0.1561695492592295
store_cat,1,M1_AggHistFutureSummary,M1_AggHistFutureSummary,WI_1__HOUSEHOLD,1484,113,74201.4921875,0.023694181372508085,mean_spl,0.17591479527364018
store_cat,1,M1_AggHistFutureSummary,M1_AggHistFutureSummary,WI_2__FOODS,1484,114,220910.796875,0.07054171464739512,mean_spl,0.19700358298221643
store_cat,1,M1_AggHistFutureSummary,M1_AggHistFutureSummary,WI_2__HOBBIES,1484,115,28042.1796875,0.00895448962019686,mean_spl,0.18163734845766422
store_cat,1,M1_AggHistFutureSummary,M1_AggHistFutureSummary,WI_2__HOUSEHOLD,1484,116,95896.65625,0.030621928201429557,mean_spl,0.2765117628365132
store_cat,1,M1_AggHistFutureSummary,M1_AggHistFutureSummary,WI_3__FOODS,1484,117,160906.484375,0.05138100747569806,mean_spl,0.10430752394763332
store_cat,1,M1_AggHistFutureSummary,M1_AggHistFutureSummary,WI_3__HOBBIES,1484,118,24415.33984375,0.007796359257404398,mean_spl,0.14186113424567431
store_cat,1,M1_AggHistFutureSummary,M1_AggHistFutureSummary,WI_3__HOUSEHOLD,1484,119,69941.15625,0.02233376166348309,mean_spl,0.17705527778508764
store_cat,1,M3_FullSkuTemporalCNN,M3_FullSkuTemporalCNN,CA_1__FOODS,1400,0,226958.65625,0.0758507651990865,rmsse,0.945699360427628
store_cat,1,M3_FullSkuTemporalCNN,M3_FullSkuTemporalCNN,CA_1__HOBBIES,1400,1,50996.61328125,0.01704333381179291,rmsse,0.9516971042947799
store_cat,1,M3_FullSkuTemporalCNN,M3_FullSkuTemporalCNN,CA_1__HOUSEHOLD,1400,2,99464.2734375,0.03324147831530681,rmsse,0.9818218661788208
store_cat,1,M3_FullSkuTemporalCNN,M3_FullSkuTemporalCNN,CA_2__FOODS,1400,3,108666.09375,0.036316774598162835,rmsse,0.8803123991433951
store_cat,1,M3_FullSkuTemporalCNN,M3_FullSkuTemporalCNN,CA_2__HOBBIES,1400,4,31205.01953125,0.010428880081535783,rmsse,0.7160250117121106
store_cat,1,M3_FullSkuTemporalCNN,M3_FullSkuTemporalCNN,CA_2__HOUSEHOLD,1400,5,87583.4453125,0.02927084366593958,rmsse,0.7369556011884472
store_cat,1,M3_FullSkuTemporalCNN,M3_FullSkuTemporalCNN,CA_3__FOODS,1400,6,295087.1875,0.0986196752401741,rmsse,1.1789731090706994
store_cat,1,M3_FullSkuTemporalCNN,M3_FullSkuTemporalCNN,CA_3__HOBBIES,1400,7,57647.32421875,0.01926603605220287,rmsse,1.1506328808407564
store_cat,1,M3_FullSkuTemporalCNN,M3_FullSkuTemporalCNN,CA_3__HOUSEHOLD,1400,8,173274.515625,0.057909245749058404,rmsse,1.1199275381384615
store_cat,1,M3_FullSkuTemporalCNN,M3_FullSkuTemporalCNN,CA_4__FOODS,1400,9,121674.46875,0.04066424128680854,rmsse,1.3280045576427795
store_cat,1,M3_FullSkuTemporalCNN,M3_FullSkuTemporalCNN,CA_4__HOBBIES,1400,10,32223.5078125,0.010769264170671467,rmsse,0.9444529404446913
store_cat,1,M3_FullSkuTemporalCNN,M3_FullSkuTemporalCNN,CA_4__HOUSEHOLD,1400,11,51777.10546875,0.017304178366620435,rmsse,2.0334743038281275
store_cat,1,M3_FullSkuTemporalCNN,M3_FullSkuTemporalCNN,TX_1__FOODS,1400,12,142172.421875,0.04751476399978066,rmsse,0.8215660160513172
store_cat,1,M3_FullSkuTemporalCNN,M3_FullSkuTemporalCNN,TX_1__HOBBIES,1400,13,25999.3828125,0.008689129172759201,rmsse,0.9858351331913459
store_cat,1,M3_FullSkuTemporalCNN,M3_FullSkuTemporalCNN,TX_1__HOUSEHOLD,1400,14,81256.328125,0.027156288142454594,rmsse,1.047373468957067
store_cat,1,M3_FullSkuTemporalCNN,M3_FullSkuTemporalCNN,TX_2__FOODS,1400,15,171553.265625,0.057333995032667506,rmsse,0.7721674137341166
store_cat,1,M3_FullSkuTemporalCNN,M3_FullSkuTemporalCNN,TX_2__HOBBIES,1400,16,37066.83984375,0.01238793096555631,rmsse,0.7783888727033659
store_cat,1,M3_FullSkuTemporalCNN,M3_FullSkuTemporalCNN,TX_2__HOUSEHOLD,1400,17,82002.390625,0.02740562611636738,rmsse,0.793316384916936
store_cat,1,M3_FullSkuTemporalCNN,M3_FullSkuTemporalCNN,TX_3__FOODS,1400,18,157470.1875,0.05262735696126869,rmsse,0.9645855681045149
store_cat,1,M3_FullSkuTemporalCNN,M3_FullSkuTemporalCNN,TX_3__HOBBIES,1400,19,39784.18359375,0.013296081402080826,rmsse,1.126160693856623
store_cat,1,M3_FullSkuTemporalCNN,M3_FullSkuTemporalCNN,TX_3__HOUSEHOLD,1400,20,87090.3359375,0.02910604394409335,rmsse,1.1900501811832076
store_cat,1,M3_FullSkuTemporalCNN,M3_FullSkuTemporalCNN,WI_1__FOODS,1400,21,165848.921875,0.055427573636166454,rmsse,1.133758669067335
store_cat,1,M3_FullSkuTemporalCNN,M3_FullSkuTemporalCNN,WI_1__HOBBIES,1400,22,40985.328125,0.013697510161465327,rmsse,0.8047469859803185
store_cat,1,M3_FullSkuTemporalCNN,M3_FullSkuTemporalCNN,WI_1__HOUSEHOLD,1400,23,68940.171875,0.02304016456598708,rmsse,0.9465857037906207
store_cat,1,M3_FullSkuTemporalCNN,M3_FullSkuTemporalCNN,WI_2__FOODS,1400,24,219953.3125,0.07350954282537438,rmsse,0.9517605185206636
store_cat,1,M3_FullSkuTemporalCNN,M3_FullSkuTemporalCNN,WI_2__HOBBIES,1400,25,25208.861328125,0.008424932774671118,rmsse,0.9308741944917398
store_cat,1,M3_FullSkuTemporalCNN,M3_FullSkuTemporalCNN,WI_2__HOUSEHOLD,1400,26,79361.3984375,0.02652299276976338,rmsse,1.237517235771713
store_cat,1,M3_FullSkuTemporalCNN,M3_FullSkuTemporalCNN,WI_3__FOODS,1400,27,147652.625,0.04934627643180615,rmsse,0.6575611439860085
store_cat,1,M3_FullSkuTemporalCNN,M3_FullSkuTemporalCNN,WI_3__HOBBIES,1400,28,21936.94140625,0.007331440092589935,rmsse,0.7374623806108757
store_cat,1,M3_FullSkuTemporalCNN,M3_FullSkuTemporalCNN,WI_3__HOUSEHOLD,1400,29,61332.48046875,0.02049763446778741,rmsse,0.8281070731807868
store_cat,1,M3_FullSkuTemporalCNN,M3_FullSkuTemporalCNN,CA_1__FOODS,1428,30,213076.046875,0.07429568976178588,rmsse,0.2599676969265116
store_cat,1,M3_FullSkuTemporalCNN,M3_FullSkuTemporalCNN,CA_1__HOBBIES,1428,31,52497.34375,0.018304856044452224,rmsse,0.5493659556026681
store_cat,1,M3_FullSkuTemporalCNN,M3_FullSkuTemporalCNN,CA_1__HOUSEHOLD,1428,32,95256.125,0.033214054863058604,rmsse,0.46706805871405904
store_cat,1,M3_FullSkuTemporalCNN,M3_FullSkuTemporalCNN,CA_2__FOODS,1428,33,110173.421875,0.038415441302143576,rmsse,0.5434293887259962
store_cat,1,M3_FullSkuTemporalCNN,M3_FullSkuTemporalCNN,CA_2__HOBBIES,1428,34,32410.05078125,0.011300787269721006,rmsse,0.6785687305036959
store_cat,1,M3_FullSkuTemporalCNN,M3_FullSkuTemporalCNN,CA_2__HOUSEHOLD,1428,35,85537.21875,0.02982525140925001,rmsse,0.380277041116098
store_cat,1,M3_FullSkuTemporalCNN,M3_FullSkuTemporalCNN,CA_3__FOODS,1428,36,264437.8125,0.0922045906469763,rmsse,0.5426908257664246
store_cat,1,M3_FullSkuTemporalCNN,M3_FullSkuTemporalCNN,CA_3__HOBBIES,1428,37,54865.0390625,0.019130427754495874,rmsse,0.8636511081905642
store_cat,1,M3_FullSkuTemporalCNN,M3_FullSkuTemporalCNN,CA_3__HOUSEHOLD,1428,38,152489.84375,0.05317039756101494,rmsse,0.9841500262471405
store_cat,1,M3_FullSkuTemporalCNN,M3_FullSkuTemporalCNN,CA_4__FOODS,1428,39,111408.5390625,0.038846103897624246,rmsse,0.6513138661512993
store_cat,1,M3_FullSkuTemporalCNN,M3_FullSkuTemporalCNN,CA_4__HOBBIES,1428,40,33008.76171875,0.011509546737159329,rmsse,0.7607802943155315
store_cat,1,M3_FullSkuTemporalCNN,M3_FullSkuTemporalCNN,CA_4__HOUSEHOLD,1428,41,49583.05078125,0.017288695807500653,rmsse,0.9048329829115493
store_cat,1,M3_FullSkuTemporalCNN,M3_FullSkuTemporalCNN,TX_1__FOODS,1428,42,143683.8125,0.05009989679202703,rmsse,0.3795359096039133
store_cat,1,M3_FullSkuTemporalCNN,M3_FullSkuTemporalCNN,TX_1__HOBBIES,1428,43,24862.4609375,0.00866908182133985,rmsse,0.7198265829705192
store_cat,1,M3_FullSkuTemporalCNN,M3_FullSkuTemporalCNN,TX_1__HOUSEHOLD,1428,44,78584.8359375,0.027401083680787818,rmsse,0.5756790289626039
store_cat,1,M3_FullSkuTemporalCNN,M3_FullSkuTemporalCNN,TX_2__FOODS,1428,45,169112.625,0.05896645496324626,rmsse,0.37546396740381616
store_cat,1,M3_FullSkuTemporalCNN,M3_FullSkuTemporalCNN,TX_2__HOBBIES,1428,46,37968.1328125,0.013238788017907201,rmsse,0.7595273497971392
store_cat,1,M3_FullSkuTemporalCNN,M3_FullSkuTemporalCNN,TX_2__HOUSEHOLD,1428,47,76284.0390625,0.02659883822271356,rmsse,0.5467078684639405
store_cat,1,M3_FullSkuTemporalCNN,M3_FullSkuTemporalCNN,TX_3__FOODS,1428,48,156201.359375,0.05446453464242413,rmsse,0.5434375172623811
store_cat,1,M3_FullSkuTemporalCNN,M3_FullSkuTemporalCNN,TX_3__HOBBIES,1428,49,37867.00390625,0.013203526232479454,rmsse,0.8010451283442623
store_cat,1,M3_FullSkuTemporalCNN,M3_FullSkuTemporalCNN,TX_3__HOUSEHOLD,1428,50,82279.71875,0.028689421207082816,rmsse,0.8477567514417378
store_cat,1,M3_FullSkuTemporalCNN,M3_FullSkuTemporalCNN,WI_1__FOODS,1428,51,171078.21875,0.05965182127067253,rmsse,0.9361793721402948
store_cat,1,M3_FullSkuTemporalCNN,M3_FullSkuTemporalCNN,WI_1__HOBBIES,1428,52,44008.82421875,0.015345065758871302,rmsse,0.8789421416135036
store_cat,1,M3_FullSkuTemporalCNN,M3_FullSkuTemporalCNN,WI_1__HOUSEHOLD,1428,53,65090.1015625,0.02269571856233845,rmsse,0.9700469026617118
store_cat,1,M3_FullSkuTemporalCNN,M3_FullSkuTemporalCNN,WI_2__FOODS,1428,54,209153.8125,0.07292807893658147,rmsse,0.880606257866442
store_cat,1,M3_FullSkuTemporalCNN,M3_FullSkuTemporalCNN,WI_2__HOBBIES,1428,55,24120.48046875,0.008410366909344633,rmsse,1.1370048060826192
store_cat,1,M3_FullSkuTemporalCNN,M3_FullSkuTemporalCNN,WI_2__HOUSEHOLD,1428,56,73348.140625,0.025575144557077958,rmsse,1.3169428421685958
store_cat,1,M3_FullSkuTemporalCNN,M3_FullSkuTemporalCNN,WI_3__FOODS,1428,57,139767.203125,0.048734247300632964,rmsse,0.5863401768655149
store_cat,1,M3_FullSkuTemporalCNN,M3_FullSkuTemporalCNN,WI_3__HOBBIES,1428,58,22137.26171875,0.007718855089312624,rmsse,0.8010861544592084
store_cat,1,M3_FullSkuTemporalCNN,M3_FullSkuTemporalCNN,WI_3__HOUSEHOLD,1428,59,57654.9921875,0.0201032329799773,rmsse,0.8867651578956497
store_cat,1,M3_FullSkuTemporalCNN,M3_FullSkuTemporalCNN,CA_1__FOODS,1456,60,216654.625,0.07397924456338241,rmsse,0.5001733221706952
store_cat,1,M3_FullSkuTemporalCNN,M3_FullSkuTemporalCNN,CA_1__HOBBIES,1456,61,54163.19921875,0.018494655082203344,rmsse,0.4508121113096424
store_cat,1,M3_FullSkuTemporalCNN,M3_FullSkuTemporalCNN,CA_1__HOUSEHOLD,1456,62,94011.015625,0.03210115600612653,rmsse,0.7687825704994642
store_cat,1,M3_FullSkuTemporalCNN,M3_FullSkuTemporalCNN,CA_2__FOODS,1456,63,106220.4296875,0.03627020261154881,rmsse,0.8799712076378264
store_cat,1,M3_FullSkuTemporalCNN,M3_FullSkuTemporalCNN,CA_2__HOBBIES,1456,64,31810.216796875,0.010861968942644223,rmsse,0.6343839383304091
store_cat,1,M3_FullSkuTemporalCNN,M3_FullSkuTemporalCNN,CA_2__HOUSEHOLD,1456,65,86838.34375,0.029651963671490145,rmsse,0.49125892033558066
store_cat,1,M3_FullSkuTemporalCNN,M3_FullSkuTemporalCNN,CA_3__FOODS,1456,66,276034.6875,0.09425525836127126,rmsse,0.7925042957764423
store_cat,1,M3_FullSkuTemporalCNN,M3_FullSkuTemporalCNN,CA_3__HOBBIES,1456,67,57284.25,0.019560374214858966,rmsse,0.6968156376943543
store_cat,1,M3_FullSkuTemporalCNN,M3_FullSkuTemporalCNN,CA_3__HOUSEHOLD,1456,68,155978.5625,0.05326069647408786,rmsse,1.0612794589752446
store_cat,1,M3_FullSkuTemporalCNN,M3_FullSkuTemporalCNN,CA_4__FOODS,1456,69,114921.703125,0.03924135374965941,rmsse,0.6786453291953835
store_cat,1,M3_FullSkuTemporalCNN,M3_FullSkuTemporalCNN,CA_4__HOBBIES,1456,70,33806.859375,0.011543745801055494,rmsse,0.6873056971242903
store_cat,1,M3_FullSkuTemporalCNN,M3_FullSkuTemporalCNN,CA_4__HOUSEHOLD,1456,71,51044.75,0.017429824283357508,rmsse,0.8630962850084378
store_cat,1,M3_FullSkuTemporalCNN,M3_FullSkuTemporalCNN,TX_1__FOODS,1456,72,140683.25,0.04803793391311849,rmsse,0.49230367818002135
store_cat,1,M3_FullSkuTemporalCNN,M3_FullSkuTemporalCNN,TX_1__HOBBIES,1456,73,27783.09765625,0.009486862217873518,rmsse,0.8083741859687381
store_cat,1,M3_FullSkuTemporalCNN,M3_FullSkuTemporalCNN,TX_1__HOUSEHOLD,1456,74,80417.0078125,0.027459323741721976,rmsse,0.6892224044809006
store_cat,1,M3_FullSkuTemporalCNN,M3_FullSkuTemporalCNN,TX_2__FOODS,1456,75,169176.453125,0.05776726991219309,rmsse,0.664586248308009
store_cat,1,M3_FullSkuTemporalCNN,M3_FullSkuTemporalCNN,TX_2__HOBBIES,1456,76,42864.6796875,0.014636644021481715,rmsse,0.762030602419698
store_cat,1,M3_FullSkuTemporalCNN,M3_FullSkuTemporalCNN,TX_2__HOUSEHOLD,1456,77,79355.1796875,0.027096750163873577,rmsse,0.7838065837886136
store_cat,1,M3_FullSkuTemporalCNN,M3_FullSkuTemporalCNN,TX_3__FOODS,1456,78,156799.8125,0.053541121849718216,rmsse,0.7454038662815617
store_cat,1,M3_FullSkuTemporalCNN,M3_FullSkuTemporalCNN,TX_3__HOBBIES,1456,79,49402.20703125,0.016868958859916763,rmsse,0.9075830970194726
store_cat,1,M3_FullSkuTemporalCNN,M3_FullSkuTemporalCNN,TX_3__HOUSEHOLD,1456,80,78533.859375,0.02681630077922134,rmsse,0.9862789950931913
store_cat,1,M3_FullSkuTemporalCNN,M3_FullSkuTemporalCNN,WI_1__FOODS,1456,81,171450.15625,0.05854365232059495,rmsse,1.1035339800330988
store_cat,1,M3_FullSkuTemporalCNN,M3_FullSkuTemporalCNN,WI_1__HOBBIES,1456,82,39346.1328125,0.01343519521893088,rmsse,0.846664871327823
store_cat,1,M3_FullSkuTemporalCNN,M3_FullSkuTemporalCNN,WI_1__HOUSEHOLD,1456,83,69904.34375,0.023869652181780117,rmsse,0.9744351360868887
store_cat,1,M3_FullSkuTemporalCNN,M3_FullSkuTemporalCNN,WI_2__FOODS,1456,84,213990.953125,0.07306970278426171,rmsse,0.7248645565091217
store_cat,1,M3_FullSkuTemporalCNN,M3_FullSkuTemporalCNN,WI_2__HOBBIES,1456,85,22872.908203125,0.007810220851896331,rmsse,0.9256378650394983
store_cat,1,M3_FullSkuTemporalCNN,M3_FullSkuTemporalCNN,WI_2__HOUSEHOLD,1456,86,73007.3671875,0.02492921566799104,rmsse,1.8644577633903654
store_cat,1,M3_FullSkuTemporalCNN,M3_FullSkuTemporalCNN,WI_3__FOODS,1456,87,151780.5625,0.05182724049004377,rmsse,0.7024514001906971
store_cat,1,M3_FullSkuTemporalCNN,M3_FullSkuTemporalCNN,WI_3__HOBBIES,1456,88,21418.96875,0.007313756295078839,rmsse,0.8337180487357986
store_cat,1,M3_FullSkuTemporalCNN,M3_FullSkuTemporalCNN,WI_3__HOUSEHOLD,1456,89,61031.02734375,0.020839754968617726,rmsse,1.0549023538929188
store_cat,1,M3_FullSkuTemporalCNN,M3_FullSkuTemporalCNN,CA_1__FOODS,1484,90,213601.578125,0.06820771906795026,rmsse,0.4308968198639562
store_cat,1,M3_FullSkuTemporalCNN,M3_FullSkuTemporalCNN,CA_1__HOBBIES,1484,91,57432.234375,0.018339385607920238,rmsse,0.6559577243758072
store_cat,1,M3_FullSkuTemporalCNN,M3_FullSkuTemporalCNN,CA_1__HOUSEHOLD,1484,92,97660.3515625,0.031185115212744904,rmsse,0.7235564836645209
store_cat,1,M3_FullSkuTemporalCNN,M3_FullSkuTemporalCNN,CA_2__FOODS,1484,93,97109.96875,0.03100936577969128,rmsse,0.4610793161836034
store_cat,1,M3_FullSkuTemporalCNN,M3_FullSkuTemporalCNN,CA_2__HOBBIES,1484,94,32127.169921875,0.010258917559107109,rmsse,0.638419612682878
store_cat,1,M3_FullSkuTemporalCNN,M3_FullSkuTemporalCNN,CA_2__HOUSEHOLD,1484,95,85772.1484375,0.027388948414303897,rmsse,0.5959278690735716
store_cat,1,M3_FullSkuTemporalCNN,M3_FullSkuTemporalCNN,CA_3__FOODS,1484,96,297412.46875,0.09497039438507442,rmsse,0.5992561562054415
store_cat,1,M3_FullSkuTemporalCNN,M3_FullSkuTemporalCNN,CA_3__HOBBIES,1484,97,61886.78125,0.019761821174605104,rmsse,0.8276520152719204
store_cat,1,M3_FullSkuTemporalCNN,M3_FullSkuTemporalCNN,CA_3__HOUSEHOLD,1484,98,172245.359375,0.05500176162618477,rmsse,0.8731503133106858
store_cat,1,M3_FullSkuTemporalCNN,M3_FullSkuTemporalCNN,CA_4__FOODS,1484,99,119859.8125,0.03827389521323178,rmsse,0.44855563404305926
store_cat,1,M3_FullSkuTemporalCNN,M3_FullSkuTemporalCNN,CA_4__HOBBIES,1484,100,36330.05078125,0.011600990588008404,rmsse,0.8154095217665341
store_cat,1,M3_FullSkuTemporalCNN,M3_FullSkuTemporalCNN,CA_4__HOUSEHOLD,1484,101,51402.9609375,0.016414104940901036,rmsse,0.7266159466107037
store_cat,1,M3_FullSkuTemporalCNN,M3_FullSkuTemporalCNN,TX_1__FOODS,1484,102,144507.609375,0.0461444831538793,rmsse,0.3203831988969507
store_cat,1,M3_FullSkuTemporalCNN,M3_FullSkuTemporalCNN,TX_1__HOBBIES,1484,103,31937.12890625,0.010198233249941787,rmsse,0.6655022804675984
store_cat,1,M3_FullSkuTemporalCNN,M3_FullSkuTemporalCNN,TX_1__HOUSEHOLD,1484,104,89760.1953125,0.02866242018950133,rmsse,0.8440821082749265
store_cat,1,M3_FullSkuTemporalCNN,M3_FullSkuTemporalCNN,TX_2__FOODS,1484,105,179773.953125,0.0574058085062889,rmsse,0.40580239866754625
store_cat,1,M3_FullSkuTemporalCNN,M3_FullSkuTemporalCNN,TX_2__HOBBIES,1484,106,49847.03125,0.015917262099447972,rmsse,0.7374547643973852
store_cat,1,M3_FullSkuTemporalCNN,M3_FullSkuTemporalCNN,TX_2__HOUSEHOLD,1484,107,93967.359375,0.030005860940111543,rmsse,0.678619506336979
store_cat,1,M3_FullSkuTemporalCNN,M3_FullSkuTemporalCNN,TX_3__FOODS,1484,108,166358.546875,0.053121971894618626,rmsse,0.5956976857035379
store_cat,1,M3_FullSkuTemporalCNN,M3_FullSkuTemporalCNN,TX_3__HOBBIES,1484,109,58939.0,0.018820529274335952,rmsse,1.067408507934771
store_cat,1,M3_FullSkuTemporalCNN,M3_FullSkuTemporalCNN,TX_3__HOUSEHOLD,1484,110,94858.9296875,0.030290559105444093,rmsse,1.108078097414732
store_cat,1,M3_FullSkuTemporalCNN,M3_FullSkuTemporalCNN,WI_1__FOODS,1484,111,182376.296875,0.05823679455506408,rmsse,1.0921297553849603
store_cat,1,M3_FullSkuTemporalCNN,M3_FullSkuTemporalCNN,WI_1__HOBBIES,1484,112,42152.4609375,0.013460215223528077,rmsse,0.6375252075541356
store_cat,1,M3_FullSkuTemporalCNN,M3_FullSkuTemporalCNN,WI_1__HOUSEHOLD,1484,113,74201.4921875,0.023694181372508085,rmsse,0.942386066256596
store_cat,1,M3_FullSkuTemporalCNN,M3_FullSkuTemporalCNN,WI_2__FOODS,1484,114,220910.796875,0.07054171464739512,rmsse,0.5362036709562482
store_cat,1,M3_FullSkuTemporalCNN,M3_FullSkuTemporalCNN,WI_2__HOBBIES,1484,115,28042.1796875,0.00895448962019686,rmsse,0.7174066568602266
store_cat,1,M3_FullSkuTemporalCNN,M3_FullSkuTemporalCNN,WI_2__HOUSEHOLD,1484,116,95896.65625,0.030621928201429557,rmsse,1.03981644120954
store_cat,1,M3_FullSkuTemporalCNN,M3_FullSkuTemporalCNN,WI_3__FOODS,1484,117,160906.484375,0.05138100747569806,rmsse,0.3209856833980291
store_cat,1,M3_FullSkuTemporalCNN,M3_FullSkuTemporalCNN,WI_3__HOBBIES,1484,118,24415.33984375,0.007796359257404398,rmsse,0.656545775579048
store_cat,1,M3_FullSkuTemporalCNN,M3_FullSkuTemporalCNN,WI_3__HOUSEHOLD,1484,119,69941.15625,0.02233376166348309,rmsse,0.7905154632013455
store_cat,1,M3_FullSkuTemporalCNN,M3_FullSkuTemporalCNN,CA_1__FOODS,1400,0,226958.65625,0.0758507651990865,mean_spl,0.23648657347749935
store_cat,1,M3_FullSkuTemporalCNN,M3_FullSkuTemporalCNN,CA_1__HOBBIES,1400,1,50996.61328125,0.01704333381179291,mean_spl,0.24854812465830278
store_cat,1,M3_FullSkuTemporalCNN,M3_FullSkuTemporalCNN,CA_1__HOUSEHOLD,1400,2,99464.2734375,0.03324147831530681,mean_spl,0.22327580721041007
store_cat,1,M3_FullSkuTemporalCNN,M3_FullSkuTemporalCNN,CA_2__FOODS,1400,3,108666.09375,0.036316774598162835,mean_spl,0.21817167571044147
store_cat,1,M3_FullSkuTemporalCNN,M3_FullSkuTemporalCNN,CA_2__HOBBIES,1400,4,31205.01953125,0.010428880081535783,mean_spl,0.16751907850709574
store_cat,1,M3_FullSkuTemporalCNN,M3_FullSkuTemporalCNN,CA_2__HOUSEHOLD,1400,5,87583.4453125,0.02927084366593958,mean_spl,0.20417920230859965
store_cat,1,M3_FullSkuTemporalCNN,M3_FullSkuTemporalCNN,CA_3__FOODS,1400,6,295087.1875,0.0986196752401741,mean_spl,0.325101543413554
store_cat,1,M3_FullSkuTemporalCNN,M3_FullSkuTemporalCNN,CA_3__HOBBIES,1400,7,57647.32421875,0.01926603605220287,mean_spl,0.28366017825621104
store_cat,1,M3_FullSkuTemporalCNN,M3_FullSkuTemporalCNN,CA_3__HOUSEHOLD,1400,8,173274.515625,0.057909245749058404,mean_spl,0.2561105946246073
store_cat,1,M3_FullSkuTemporalCNN,M3_FullSkuTemporalCNN,CA_4__FOODS,1400,9,121674.46875,0.04066424128680854,mean_spl,0.321899003532738
store_cat,1,M3_FullSkuTemporalCNN,M3_FullSkuTemporalCNN,CA_4__HOBBIES,1400,10,32223.5078125,0.010769264170671467,mean_spl,0.21281500002036538
store_cat,1,M3_FullSkuTemporalCNN,M3_FullSkuTemporalCNN,CA_4__HOUSEHOLD,1400,11,51777.10546875,0.017304178366620435,mean_spl,0.40311811019179283
store_cat,1,M3_FullSkuTemporalCNN,M3_FullSkuTemporalCNN,TX_1__FOODS,1400,12,142172.421875,0.04751476399978066,mean_spl,0.18168195108829635
store_cat,1,M3_FullSkuTemporalCNN,M3_FullSkuTemporalCNN,TX_1__HOBBIES,1400,13,25999.3828125,0.008689129172759201,mean_spl,0.21854310612450092
store_cat,1,M3_FullSkuTemporalCNN,M3_FullSkuTemporalCNN,TX_1__HOUSEHOLD,1400,14,81256.328125,0.027156288142454594,mean_spl,0.24049866911043014
store_cat,1,M3_FullSkuTemporalCNN,M3_FullSkuTemporalCNN,TX_2__FOODS,1400,15,171553.265625,0.057333995032667506,mean_spl,0.18171107848366805
store_cat,1,M3_FullSkuTemporalCNN,M3_FullSkuTemporalCNN,TX_2__HOBBIES,1400,16,37066.83984375,0.01238793096555631,mean_spl,0.17472986056631382
store_cat,1,M3_FullSkuTemporalCNN,M3_FullSkuTemporalCNN,TX_2__HOUSEHOLD,1400,17,82002.390625,0.02740562611636738,mean_spl,0.15621139322777353
store_cat,1,M3_FullSkuTemporalCNN,M3_FullSkuTemporalCNN,TX_3__FOODS,1400,18,157470.1875,0.05262735696126869,mean_spl,0.2197395464910927
store_cat,1,M3_FullSkuTemporalCNN,M3_FullSkuTemporalCNN,TX_3__HOBBIES,1400,19,39784.18359375,0.013296081402080826,mean_spl,0.2581331647585523
store_cat,1,M3_FullSkuTemporalCNN,M3_FullSkuTemporalCNN,TX_3__HOUSEHOLD,1400,20,87090.3359375,0.02910604394409335,mean_spl,0.26921104062304535
store_cat,1,M3_FullSkuTemporalCNN,M3_FullSkuTemporalCNN,WI_1__FOODS,1400,21,165848.921875,0.055427573636166454,mean_spl,0.31513300720999204
store_cat,1,M3_FullSkuTemporalCNN,M3_FullSkuTemporalCNN,WI_1__HOBBIES,1400,22,40985.328125,0.013697510161465327,mean_spl,0.19347713613951348
store_cat,1,M3_FullSkuTemporalCNN,M3_FullSkuTemporalCNN,WI_1__HOUSEHOLD,1400,23,68940.171875,0.02304016456598708,mean_spl,0.1787431998142582
store_cat,1,M3_FullSkuTemporalCNN,M3_FullSkuTemporalCNN,WI_2__FOODS,1400,24,219953.3125,0.07350954282537438,mean_spl,0.25897609911961555
store_cat,1,M3_FullSkuTemporalCNN,M3_FullSkuTemporalCNN,WI_2__HOBBIES,1400,25,25208.861328125,0.008424932774671118,mean_spl,0.21459804658918588
store_cat,1,M3_FullSkuTemporalCNN,M3_FullSkuTemporalCNN,WI_2__HOUSEHOLD,1400,26,79361.3984375,0.02652299276976338,mean_spl,0.30540873288832115
store_cat,1,M3_FullSkuTemporalCNN,M3_FullSkuTemporalCNN,WI_3__FOODS,1400,27,147652.625,0.04934627643180615,mean_spl,0.18342648461649969
store_cat,1,M3_FullSkuTemporalCNN,M3_FullSkuTemporalCNN,WI_3__HOBBIES,1400,28,21936.94140625,0.007331440092589935,mean_spl,0.16679407977802782
store_cat,1,M3_FullSkuTemporalCNN,M3_FullSkuTemporalCNN,WI_3__HOUSEHOLD,1400,29,61332.48046875,0.02049763446778741,mean_spl,0.16166619462560505
store_cat,1,M3_FullSkuTemporalCNN,M3_FullSkuTemporalCNN,CA_1__FOODS,1428,30,213076.046875,0.07429568976178588,mean_spl,0.07430566568135985
store_cat,1,M3_FullSkuTemporalCNN,M3_FullSkuTemporalCNN,CA_1__HOBBIES,1428,31,52497.34375,0.018304856044452224,mean_spl,0.13119747994199407
store_cat,1,M3_FullSkuTemporalCNN,M3_FullSkuTemporalCNN,CA_1__HOUSEHOLD,1428,32,95256.125,0.033214054863058604,mean_spl,0.12776382618314494
store_cat,1,M3_FullSkuTemporalCNN,M3_FullSkuTemporalCNN,CA_2__FOODS,1428,33,110173.421875,0.038415441302143576,mean_spl,0.11963798230162619
store_cat,1,M3_FullSkuTemporalCNN,M3_FullSkuTemporalCNN,CA_2__HOBBIES,1428,34,32410.05078125,0.011300787269721006,mean_spl,0.15786717873205813
store_cat,1,M3_FullSkuTemporalCNN,M3_FullSkuTemporalCNN,CA_2__HOUSEHOLD,1428,35,85537.21875,0.02982525140925001,mean_spl,0.1155489139478725
store_cat,1,M3_FullSkuTemporalCNN,M3_FullSkuTemporalCNN,CA_3__FOODS,1428,36,264437.8125,0.0922045906469763,mean_spl,0.13580739565383015
store_cat,1,M3_FullSkuTemporalCNN,M3_FullSkuTemporalCNN,CA_3__HOBBIES,1428,37,54865.0390625,0.019130427754495874,mean_spl,0.19062978628275234
store_cat,1,M3_FullSkuTemporalCNN,M3_FullSkuTemporalCNN,CA_3__HOUSEHOLD,1428,38,152489.84375,0.05317039756101494,mean_spl,0.2683830516639908
store_cat,1,M3_FullSkuTemporalCNN,M3_FullSkuTemporalCNN,CA_4__FOODS,1428,39,111408.5390625,0.038846103897624246,mean_spl,0.20037388384763088
store_cat,1,M3_FullSkuTemporalCNN,M3_FullSkuTemporalCNN,CA_4__HOBBIES,1428,40,33008.76171875,0.011509546737159329,mean_spl,0.17267138819404884
store_cat,1,M3_FullSkuTemporalCNN,M3_FullSkuTemporalCNN,CA_4__HOUSEHOLD,1428,41,49583.05078125,0.017288695807500653,mean_spl,0.27987685852894295
store_cat,1,M3_FullSkuTemporalCNN,M3_FullSkuTemporalCNN,TX_1__FOODS,1428,42,143683.8125,0.05009989679202703,mean_spl,0.09869471393911676
store_cat,1,M3_FullSkuTemporalCNN,M3_FullSkuTemporalCNN,TX_1__HOBBIES,1428,43,24862.4609375,0.00866908182133985,mean_spl,0.15817020169984836
store_cat,1,M3_FullSkuTemporalCNN,M3_FullSkuTemporalCNN,TX_1__HOUSEHOLD,1428,44,78584.8359375,0.027401083680787818,mean_spl,0.16825857442180892
store_cat,1,M3_FullSkuTemporalCNN,M3_FullSkuTemporalCNN,TX_2__FOODS,1428,45,169112.625,0.05896645496324626,mean_spl,0.09507186075614313
store_cat,1,M3_FullSkuTemporalCNN,M3_FullSkuTemporalCNN,TX_2__HOBBIES,1428,46,37968.1328125,0.013238788017907201,mean_spl,0.18606412773853137
store_cat,1,M3_FullSkuTemporalCNN,M3_FullSkuTemporalCNN,TX_2__HOUSEHOLD,1428,47,76284.0390625,0.02659883822271356,mean_spl,0.13694542266596704
store_cat,1,M3_FullSkuTemporalCNN,M3_FullSkuTemporalCNN,TX_3__FOODS,1428,48,156201.359375,0.05446453464242413,mean_spl,0.14222402413697444
store_cat,1,M3_FullSkuTemporalCNN,M3_FullSkuTemporalCNN,TX_3__HOBBIES,1428,49,37867.00390625,0.013203526232479454,mean_spl,0.19648752122608276
store_cat,1,M3_FullSkuTemporalCNN,M3_FullSkuTemporalCNN,TX_3__HOUSEHOLD,1428,50,82279.71875,0.028689421207082816,mean_spl,0.2046006587340127
store_cat,1,M3_FullSkuTemporalCNN,M3_FullSkuTemporalCNN,WI_1__FOODS,1428,51,171078.21875,0.05965182127067253,mean_spl,0.26263606642861287
store_cat,1,M3_FullSkuTemporalCNN,M3_FullSkuTemporalCNN,WI_1__HOBBIES,1428,52,44008.82421875,0.015345065758871302,mean_spl,0.2279859339957041
store_cat,1,M3_FullSkuTemporalCNN,M3_FullSkuTemporalCNN,WI_1__HOUSEHOLD,1428,53,65090.1015625,0.02269571856233845,mean_spl,0.24778633318901008
store_cat,1,M3_FullSkuTemporalCNN,M3_FullSkuTemporalCNN,WI_2__FOODS,1428,54,209153.8125,0.07292807893658147,mean_spl,0.2885452917223581
store_cat,1,M3_FullSkuTemporalCNN,M3_FullSkuTemporalCNN,WI_2__HOBBIES,1428,55,24120.48046875,0.008410366909344633,mean_spl,0.24369447106222797
store_cat,1,M3_FullSkuTemporalCNN,M3_FullSkuTemporalCNN,WI_2__HOUSEHOLD,1428,56,73348.140625,0.025575144557077958,mean_spl,0.3363685421209853
store_cat,1,M3_FullSkuTemporalCNN,M3_FullSkuTemporalCNN,WI_3__FOODS,1428,57,139767.203125,0.048734247300632964,mean_spl,0.16013914707123975
store_cat,1,M3_FullSkuTemporalCNN,M3_FullSkuTemporalCNN,WI_3__HOBBIES,1428,58,22137.26171875,0.007718855089312624,mean_spl,0.1645292729864575
store_cat,1,M3_FullSkuTemporalCNN,M3_FullSkuTemporalCNN,WI_3__HOUSEHOLD,1428,59,57654.9921875,0.0201032329799773,mean_spl,0.2043135712385852
store_cat,1,M3_FullSkuTemporalCNN,M3_FullSkuTemporalCNN,CA_1__FOODS,1456,60,216654.625,0.07397924456338241,mean_spl,0.1068167648045185
store_cat,1,M3_FullSkuTemporalCNN,M3_FullSkuTemporalCNN,CA_1__HOBBIES,1456,61,54163.19921875,0.018494655082203344,mean_spl,0.12305967404100188
store_cat,1,M3_FullSkuTemporalCNN,M3_FullSkuTemporalCNN,CA_1__HOUSEHOLD,1456,62,94011.015625,0.03210115600612653,mean_spl,0.1838787166348813
store_cat,1,M3_FullSkuTemporalCNN,M3_FullSkuTemporalCNN,CA_2__FOODS,1456,63,106220.4296875,0.03627020261154881,mean_spl,0.17144213797090443
store_cat,1,M3_FullSkuTemporalCNN,M3_FullSkuTemporalCNN,CA_2__HOBBIES,1456,64,31810.216796875,0.010861968942644223,mean_spl,0.14488635220414917
store_cat,1,M3_FullSkuTemporalCNN,M3_FullSkuTemporalCNN,CA_2__HOUSEHOLD,1456,65,86838.34375,0.029651963671490145,mean_spl,0.12029963314107217
store_cat,1,M3_FullSkuTemporalCNN,M3_FullSkuTemporalCNN,CA_3__FOODS,1456,66,276034.6875,0.09425525836127126,mean_spl,0.16455161636251314
store_cat,1,M3_FullSkuTemporalCNN,M3_FullSkuTemporalCNN,CA_3__HOBBIES,1456,67,57284.25,0.019560374214858966,mean_spl,0.20382204951566885
store_cat,1,M3_FullSkuTemporalCNN,M3_FullSkuTemporalCNN,CA_3__HOUSEHOLD,1456,68,155978.5625,0.05326069647408786,mean_spl,0.26254287252169406
store_cat,1,M3_FullSkuTemporalCNN,M3_FullSkuTemporalCNN,CA_4__FOODS,1456,69,114921.703125,0.03924135374965941,mean_spl,0.2158793360796172
store_cat,1,M3_FullSkuTemporalCNN,M3_FullSkuTemporalCNN,CA_4__HOBBIES,1456,70,33806.859375,0.011543745801055494,mean_spl,0.19279946560391548
store_cat,1,M3_FullSkuTemporalCNN,M3_FullSkuTemporalCNN,CA_4__HOUSEHOLD,1456,71,51044.75,0.017429824283357508,mean_spl,0.26444327024799247
store_cat,1,M3_FullSkuTemporalCNN,M3_FullSkuTemporalCNN,TX_1__FOODS,1456,72,140683.25,0.04803793391311849,mean_spl,0.11244026782674083
store_cat,1,M3_FullSkuTemporalCNN,M3_FullSkuTemporalCNN,TX_1__HOBBIES,1456,73,27783.09765625,0.009486862217873518,mean_spl,0.19651371757645117
store_cat,1,M3_FullSkuTemporalCNN,M3_FullSkuTemporalCNN,TX_1__HOUSEHOLD,1456,74,80417.0078125,0.027459323741721976,mean_spl,0.1997343420192459
store_cat,1,M3_FullSkuTemporalCNN,M3_FullSkuTemporalCNN,TX_2__FOODS,1456,75,169176.453125,0.05776726991219309,mean_spl,0.14386269416521222
store_cat,1,M3_FullSkuTemporalCNN,M3_FullSkuTemporalCNN,TX_2__HOBBIES,1456,76,42864.6796875,0.014636644021481715,mean_spl,0.1884340241969384
store_cat,1,M3_FullSkuTemporalCNN,M3_FullSkuTemporalCNN,TX_2__HOUSEHOLD,1456,77,79355.1796875,0.027096750163873577,mean_spl,0.24554439491001784
store_cat,1,M3_FullSkuTemporalCNN,M3_FullSkuTemporalCNN,TX_3__FOODS,1456,78,156799.8125,0.053541121849718216,mean_spl,0.17634860729428548
store_cat,1,M3_FullSkuTemporalCNN,M3_FullSkuTemporalCNN,TX_3__HOBBIES,1456,79,49402.20703125,0.016868958859916763,mean_spl,0.21976931715028133
store_cat,1,M3_FullSkuTemporalCNN,M3_FullSkuTemporalCNN,TX_3__HOUSEHOLD,1456,80,78533.859375,0.02681630077922134,mean_spl,0.2968165912362254
store_cat,1,M3_FullSkuTemporalCNN,M3_FullSkuTemporalCNN,WI_1__FOODS,1456,81,171450.15625,0.05854365232059495,mean_spl,0.30182954682532365
store_cat,1,M3_FullSkuTemporalCNN,M3_FullSkuTemporalCNN,WI_1__HOBBIES,1456,82,39346.1328125,0.01343519521893088,mean_spl,0.21294329731110062
store_cat,1,M3_FullSkuTemporalCNN,M3_FullSkuTemporalCNN,WI_1__HOUSEHOLD,1456,83,69904.34375,0.023869652181780117,mean_spl,0.2534612633173677
store_cat,1,M3_FullSkuTemporalCNN,M3_FullSkuTemporalCNN,WI_2__FOODS,1456,84,213990.953125,0.07306970278426171,mean_spl,0.18123822749176835
store_cat,1,M3_FullSkuTemporalCNN,M3_FullSkuTemporalCNN,WI_2__HOBBIES,1456,85,22872.908203125,0.007810220851896331,mean_spl,0.26052905882065347
store_cat,1,M3_FullSkuTemporalCNN,M3_FullSkuTemporalCNN,WI_2__HOUSEHOLD,1456,86,73007.3671875,0.02492921566799104,mean_spl,0.7360542596466522
store_cat,1,M3_FullSkuTemporalCNN,M3_FullSkuTemporalCNN,WI_3__FOODS,1456,87,151780.5625,0.05182724049004377,mean_spl,0.17597289145224132
store_cat,1,M3_FullSkuTemporalCNN,M3_FullSkuTemporalCNN,WI_3__HOBBIES,1456,88,21418.96875,0.007313756295078839,mean_spl,0.2141651110161822
store_cat,1,M3_FullSkuTemporalCNN,M3_FullSkuTemporalCNN,WI_3__HOUSEHOLD,1456,89,61031.02734375,0.020839754968617726,mean_spl,0.3007506952737131
store_cat,1,M3_FullSkuTemporalCNN,M3_FullSkuTemporalCNN,CA_1__FOODS,1484,90,213601.578125,0.06820771906795026,mean_spl,0.10521151143055509
store_cat,1,M3_FullSkuTemporalCNN,M3_FullSkuTemporalCNN,CA_1__HOBBIES,1484,91,57432.234375,0.018339385607920238,mean_spl,0.16796312561914573
store_cat,1,M3_FullSkuTemporalCNN,M3_FullSkuTemporalCNN,CA_1__HOUSEHOLD,1484,92,97660.3515625,0.031185115212744904,mean_spl,0.15137648162530548
store_cat,1,M3_FullSkuTemporalCNN,M3_FullSkuTemporalCNN,CA_2__FOODS,1484,93,97109.96875,0.03100936577969128,mean_spl,0.10633558808951293
store_cat,1,M3_FullSkuTemporalCNN,M3_FullSkuTemporalCNN,CA_2__HOBBIES,1484,94,32127.169921875,0.010258917559107109,mean_spl,0.13705559468750822
store_cat,1,M3_FullSkuTemporalCNN,M3_FullSkuTemporalCNN,CA_2__HOUSEHOLD,1484,95,85772.1484375,0.027388948414303897,mean_spl,0.18155092279786178
store_cat,1,M3_FullSkuTemporalCNN,M3_FullSkuTemporalCNN,CA_3__FOODS,1484,96,297412.46875,0.09497039438507442,mean_spl,0.14217467250993787
store_cat,1,M3_FullSkuTemporalCNN,M3_FullSkuTemporalCNN,CA_3__HOBBIES,1484,97,61886.78125,0.019761821174605104,mean_spl,0.20339519716698423
store_cat,1,M3_FullSkuTemporalCNN,M3_FullSkuTemporalCNN,CA_3__HOUSEHOLD,1484,98,172245.359375,0.05500176162618477,mean_spl,0.23822417251083022
store_cat,1,M3_FullSkuTemporalCNN,M3_FullSkuTemporalCNN,CA_4__FOODS,1484,99,119859.8125,0.03827389521323178,mean_spl,0.14958422963196258
store_cat,1,M3_FullSkuTemporalCNN,M3_FullSkuTemporalCNN,CA_4__HOBBIES,1484,100,36330.05078125,0.011600990588008404,mean_spl,0.1979700739176605
store_cat,1,M3_FullSkuTemporalCNN,M3_FullSkuTemporalCNN,CA_4__HOUSEHOLD,1484,101,51402.9609375,0.016414104940901036,mean_spl,0.23928386807481297
store_cat,1,M3_FullSkuTemporalCNN,M3_FullSkuTemporalCNN,TX_1__FOODS,1484,102,144507.609375,0.0461444831538793,mean_spl,0.10295445146628472
store_cat,1,M3_FullSkuTemporalCNN,M3_FullSkuTemporalCNN,TX_1__HOBBIES,1484,103,31937.12890625,0.010198233249941787,mean_spl,0.15629086147657065
store_cat,1,M3_FullSkuTemporalCNN,M3_FullSkuTemporalCNN,TX_1__HOUSEHOLD,1484,104,89760.1953125,0.02866242018950133,mean_spl,0.183663970296544
store_cat,1,M3_FullSkuTemporalCNN,M3_FullSkuTemporalCNN,TX_2__FOODS,1484,105,179773.953125,0.0574058085062889,mean_spl,0.09992757302479253
store_cat,1,M3_FullSkuTemporalCNN,M3_FullSkuTemporalCNN,TX_2__HOBBIES,1484,106,49847.03125,0.015917262099447972,mean_spl,0.1580864572129987
store_cat,1,M3_FullSkuTemporalCNN,M3_FullSkuTemporalCNN,TX_2__HOUSEHOLD,1484,107,93967.359375,0.030005860940111543,mean_spl,0.15124411252421055
store_cat,1,M3_FullSkuTemporalCNN,M3_FullSkuTemporalCNN,TX_3__FOODS,1484,108,166358.546875,0.053121971894618626,mean_spl,0.14053099035419295
store_cat,1,M3_FullSkuTemporalCNN,M3_FullSkuTemporalCNN,TX_3__HOBBIES,1484,109,58939.0,0.018820529274335952,mean_spl,0.22568362823760058
store_cat,1,M3_FullSkuTemporalCNN,M3_FullSkuTemporalCNN,TX_3__HOUSEHOLD,1484,110,94858.9296875,0.030290559105444093,mean_spl,0.308510503731072
store_cat,1,M3_FullSkuTemporalCNN,M3_FullSkuTemporalCNN,WI_1__FOODS,1484,111,182376.296875,0.05823679455506408,mean_spl,0.2953560056773309
store_cat,1,M3_FullSkuTemporalCNN,M3_FullSkuTemporalCNN,WI_1__HOBBIES,1484,112,42152.4609375,0.013460215223528077,mean_spl,0.16419802852313914
store_cat,1,M3_FullSkuTemporalCNN,M3_FullSkuTemporalCNN,WI_1__HOUSEHOLD,1484,113,74201.4921875,0.023694181372508085,mean_spl,0.25052109409576845
store_cat,1,M3_FullSkuTemporalCNN,M3_FullSkuTemporalCNN,WI_2__FOODS,1484,114,220910.796875,0.07054171464739512,mean_spl,0.16054561890228508
store_cat,1,M3_FullSkuTemporalCNN,M3_FullSkuTemporalCNN,WI_2__HOBBIES,1484,115,28042.1796875,0.00895448962019686,mean_spl,0.15612515744357375
store_cat,1,M3_FullSkuTemporalCNN,M3_FullSkuTemporalCNN,WI_2__HOUSEHOLD,1484,116,95896.65625,0.030621928201429557,mean_spl,0.2785552832971158
store_cat,1,M3_FullSkuTemporalCNN,M3_FullSkuTemporalCNN,WI_3__FOODS,1484,117,160906.484375,0.05138100747569806,mean_spl,0.08389627317059369
store_cat,1,M3_FullSkuTemporalCNN,M3_FullSkuTemporalCNN,WI_3__HOBBIES,1484,118,24415.33984375,0.007796359257404398,mean_spl,0.1459229267191994
store_cat,1,M3_FullSkuTemporalCNN,M3_FullSkuTemporalCNN,WI_3__HOUSEHOLD,1484,119,69941.15625,0.02233376166348309,mean_spl,0.22236243116085536
store_cat,2,M0_AggHistOnly,M0_AggHistOnly,CA_1__FOODS,1456,0,216654.625,0.07397924456338241,rmsse,0.486972226724503
store_cat,2,M0_AggHistOnly,M0_AggHistOnly,CA_1__HOBBIES,1456,1,54163.19921875,0.018494655082203344,rmsse,0.6086610188250997
store_cat,2,M0_AggHistOnly,M0_AggHistOnly,CA_1__HOUSEHOLD,1456,2,94011.015625,0.03210115600612653,rmsse,0.9057470956447462
store_cat,2,M0_AggHistOnly,M0_AggHistOnly,CA_2__FOODS,1456,3,106220.4296875,0.03627020261154881,rmsse,0.9738314076043769
store_cat,2,M0_AggHistOnly,M0_AggHistOnly,CA_2__HOBBIES,1456,4,31810.216796875,0.010861968942644223,rmsse,0.7521735136511039
store_cat,2,M0_AggHistOnly,M0_AggHistOnly,CA_2__HOUSEHOLD,1456,5,86838.34375,0.029651963671490145,rmsse,0.41181778831943616
store_cat,2,M0_AggHistOnly,M0_AggHistOnly,CA_3__FOODS,1456,6,276034.6875,0.09425525836127126,rmsse,0.7178263919019389
store_cat,2,M0_AggHistOnly,M0_AggHistOnly,CA_3__HOBBIES,1456,7,57284.25,0.019560374214858966,rmsse,0.9654486410920259
store_cat,2,M0_AggHistOnly,M0_AggHistOnly,CA_3__HOUSEHOLD,1456,8,155978.5625,0.05326069647408786,rmsse,0.9354133049456658
store_cat,2,M0_AggHistOnly,M0_AggHistOnly,CA_4__FOODS,1456,9,114921.703125,0.03924135374965941,rmsse,0.8400447005005717
store_cat,2,M0_AggHistOnly,M0_AggHistOnly,CA_4__HOBBIES,1456,10,33806.859375,0.011543745801055494,rmsse,1.1369235726758224
store_cat,2,M0_AggHistOnly,M0_AggHistOnly,CA_4__HOUSEHOLD,1456,11,51044.75,0.017429824283357508,rmsse,0.8198129347272827
store_cat,2,M0_AggHistOnly,M0_AggHistOnly,TX_1__FOODS,1456,12,140683.25,0.04803793391311849,rmsse,0.5700382727111024
store_cat,2,M0_AggHistOnly,M0_AggHistOnly,TX_1__HOBBIES,1456,13,27783.09765625,0.009486862217873518,rmsse,1.1104107135974464
store_cat,2,M0_AggHistOnly,M0_AggHistOnly,TX_1__HOUSEHOLD,1456,14,80417.0078125,0.027459323741721976,rmsse,0.8632727327625824
store_cat,2,M0_AggHistOnly,M0_AggHistOnly,TX_2__FOODS,1456,15,169176.453125,0.05776726991219309,rmsse,0.6082843049992283
store_cat,2,M0_AggHistOnly,M0_AggHistOnly,TX_2__HOBBIES,1456,16,42864.6796875,0.014636644021481715,rmsse,1.220682428258391
store_cat,2,M0_AggHistOnly,M0_AggHistOnly,TX_2__HOUSEHOLD,1456,17,79355.1796875,0.027096750163873577,rmsse,1.0150999567849082
store_cat,2,M0_AggHistOnly,M0_AggHistOnly,TX_3__FOODS,1456,18,156799.8125,0.053541121849718216,rmsse,0.7810052524168593
store_cat,2,M0_AggHistOnly,M0_AggHistOnly,TX_3__HOBBIES,1456,19,49402.20703125,0.016868958859916763,rmsse,1.4408251868261484
store_cat,2,M0_AggHistOnly,M0_AggHistOnly,TX_3__HOUSEHOLD,1456,20,78533.859375,0.02681630077922134,rmsse,1.2467059166992043
store_cat,2,M0_AggHistOnly,M0_AggHistOnly,WI_1__FOODS,1456,21,171450.15625,0.05854365232059495,rmsse,1.1118085063503387
store_cat,2,M0_AggHistOnly,M0_AggHistOnly,WI_1__HOBBIES,1456,22,39346.1328125,0.01343519521893088,rmsse,0.9383055043302929
store_cat,2,M0_AggHistOnly,M0_AggHistOnly,WI_1__HOUSEHOLD,1456,23,69904.34375,0.023869652181780117,rmsse,1.1216084014684589
store_cat,2,M0_AggHistOnly,M0_AggHistOnly,WI_2__FOODS,1456,24,213990.953125,0.07306970278426171,rmsse,0.9785793456844334
store_cat,2,M0_AggHistOnly,M0_AggHistOnly,WI_2__HOBBIES,1456,25,22872.908203125,0.007810220851896331,rmsse,1.4099495571216722
store_cat,2,M0_AggHistOnly,M0_AggHistOnly,WI_2__HOUSEHOLD,1456,26,73007.3671875,0.02492921566799104,rmsse,2.3039896291519244
store_cat,2,M0_AggHistOnly,M0_AggHistOnly,WI_3__FOODS,1456,27,151780.5625,0.05182724049004377,rmsse,0.6929070235759286
store_cat,2,M0_AggHistOnly,M0_AggHistOnly,WI_3__HOBBIES,1456,28,21418.96875,0.007313756295078839,rmsse,1.096523951847427
store_cat,2,M0_AggHistOnly,M0_AggHistOnly,WI_3__HOUSEHOLD,1456,29,61031.02734375,0.020839754968617726,rmsse,1.348816359617521
store_cat,2,M0_AggHistOnly,M0_AggHistOnly,CA_1__FOODS,1484,30,213601.578125,0.06820771906795026,rmsse,0.44939376613406756
store_cat,2,M0_AggHistOnly,M0_AggHistOnly,CA_1__HOBBIES,1484,31,57432.234375,0.018339385607920238,rmsse,0.7178265872323903
store_cat,2,M0_AggHistOnly,M0_AggHistOnly,CA_1__HOUSEHOLD,1484,32,97660.3515625,0.031185115212744904,rmsse,0.8403197704909292
store_cat,2,M0_AggHistOnly,M0_AggHistOnly,CA_2__FOODS,1484,33,97109.96875,0.03100936577969128,rmsse,0.6383715941721348
store_cat,2,M0_AggHistOnly,M0_AggHistOnly,CA_2__HOBBIES,1484,34,32127.169921875,0.010258917559107109,rmsse,0.5850747189953194
store_cat,2,M0_AggHistOnly,M0_AggHistOnly,CA_2__HOUSEHOLD,1484,35,85772.1484375,0.027388948414303897,rmsse,0.5926836767449315
store_cat,2,M0_AggHistOnly,M0_AggHistOnly,CA_3__FOODS,1484,36,297412.46875,0.09497039438507442,rmsse,0.5833926181978893
store_cat,2,M0_AggHistOnly,M0_AggHistOnly,CA_3__HOBBIES,1484,37,61886.78125,0.019761821174605104,rmsse,0.940885982244829
store_cat,2,M0_AggHistOnly,M0_AggHistOnly,CA_3__HOUSEHOLD,1484,38,172245.359375,0.05500176162618477,rmsse,0.8740864272545049
store_cat,2,M0_AggHistOnly,M0_AggHistOnly,CA_4__FOODS,1484,39,119859.8125,0.03827389521323178,rmsse,0.5178052632729917
store_cat,2,M0_AggHistOnly,M0_AggHistOnly,CA_4__HOBBIES,1484,40,36330.05078125,0.011600990588008404,rmsse,0.8310927805964514
store_cat,2,M0_AggHistOnly,M0_AggHistOnly,CA_4__HOUSEHOLD,1484,41,51402.9609375,0.016414104940901036,rmsse,1.0113160780825523
store_cat,2,M0_AggHistOnly,M0_AggHistOnly,TX_1__FOODS,1484,42,144507.609375,0.0461444831538793,rmsse,0.35005482512444847
store_cat,2,M0_AggHistOnly,M0_AggHistOnly,TX_1__HOBBIES,1484,43,31937.12890625,0.010198233249941787,rmsse,0.7749315332929949
store_cat,2,M0_AggHistOnly,M0_AggHistOnly,TX_1__HOUSEHOLD,1484,44,89760.1953125,0.02866242018950133,rmsse,0.864385262709611
store_cat,2,M0_AggHistOnly,M0_AggHistOnly,TX_2__FOODS,1484,45,179773.953125,0.0574058085062889,rmsse,0.39697840428299774
store_cat,2,M0_AggHistOnly,M0_AggHistOnly,TX_2__HOBBIES,1484,46,49847.03125,0.015917262099447972,rmsse,0.604772344276798
store_cat,2,M0_AggHistOnly,M0_AggHistOnly,TX_2__HOUSEHOLD,1484,47,93967.359375,0.030005860940111543,rmsse,0.7393260730517685
store_cat,2,M0_AggHistOnly,M0_AggHistOnly,TX_3__FOODS,1484,48,166358.546875,0.053121971894618626,rmsse,0.4901480539500872
store_cat,2,M0_AggHistOnly,M0_AggHistOnly,TX_3__HOBBIES,1484,49,58939.0,0.018820529274335952,rmsse,0.7156332465687637
store_cat,2,M0_AggHistOnly,M0_AggHistOnly,TX_3__HOUSEHOLD,1484,50,94858.9296875,0.030290559105444093,rmsse,1.2641956417863238
store_cat,2,M0_AggHistOnly,M0_AggHistOnly,WI_1__FOODS,1484,51,182376.296875,0.05823679455506408,rmsse,0.8356295518448912
store_cat,2,M0_AggHistOnly,M0_AggHistOnly,WI_1__HOBBIES,1484,52,42152.4609375,0.013460215223528077,rmsse,0.6160803114702691
store_cat,2,M0_AggHistOnly,M0_AggHistOnly,WI_1__HOUSEHOLD,1484,53,74201.4921875,0.023694181372508085,rmsse,0.7144102745085634
store_cat,2,M0_AggHistOnly,M0_AggHistOnly,WI_2__FOODS,1484,54,220910.796875,0.07054171464739512,rmsse,0.9180625702488271
store_cat,2,M0_AggHistOnly,M0_AggHistOnly,WI_2__HOBBIES,1484,55,28042.1796875,0.00895448962019686,rmsse,0.46545806158005393
store_cat,2,M0_AggHistOnly,M0_AggHistOnly,WI_2__HOUSEHOLD,1484,56,95896.65625,0.030621928201429557,rmsse,1.079230832254928
store_cat,2,M0_AggHistOnly,M0_AggHistOnly,WI_3__FOODS,1484,57,160906.484375,0.05138100747569806,rmsse,0.4888434648869423
store_cat,2,M0_AggHistOnly,M0_AggHistOnly,WI_3__HOBBIES,1484,58,24415.33984375,0.007796359257404398,rmsse,0.556780939903127
store_cat,2,M0_AggHistOnly,M0_AggHistOnly,WI_3__HOUSEHOLD,1484,59,69941.15625,0.02233376166348309,rmsse,0.8237149717289596
store_cat,2,M0_AggHistOnly,M0_AggHistOnly,CA_1__FOODS,1512,60,207180.25,0.06491036969535333,rmsse,0.6784292827162269
store_cat,2,M0_AggHistOnly,M0_AggHistOnly,CA_1__HOBBIES,1512,61,62380.88671875,0.019544171893015955,rmsse,0.7009243005092487
store_cat,2,M0_AggHistOnly,M0_AggHistOnly,CA_1__HOUSEHOLD,1512,62,105939.7890625,0.03319134364156151,rmsse,0.7173682316201871
store_cat,2,M0_AggHistOnly,M0_AggHistOnly,CA_2__FOODS,1512,63,91005.09375,0.028512246121301568,rmsse,0.3580572881958014
store_cat,2,M0_AggHistOnly,M0_AggHistOnly,CA_2__HOBBIES,1512,64,33450.58203125,0.010480196090955487,rmsse,0.5918824705258088
store_cat,2,M0_AggHistOnly,M0_AggHistOnly,CA_2__HOUSEHOLD,1512,65,94968.328125,0.02975394270420743,rmsse,0.38966643390241407
store_cat,2,M0_AggHistOnly,M0_AggHistOnly,CA_3__FOODS,1512,66,287165.4375,0.08997003677644409,rmsse,0.531631010487709
store_cat,2,M0_AggHistOnly,M0_AggHistOnly,CA_3__HOBBIES,1512,67,66716.6796875,0.020902592517202268,rmsse,0.9295230190819033
store_cat,2,M0_AggHistOnly,M0_AggHistOnly,CA_3__HOUSEHOLD,1512,68,182819.796875,0.05727814597571753,rmsse,0.5928188532411809
store_cat,2,M0_AggHistOnly,M0_AggHistOnly,CA_4__FOODS,1512,69,116552.8984375,0.03651647165520408,rmsse,0.6428951517296222
store_cat,2,M0_AggHistOnly,M0_AggHistOnly,CA_4__HOBBIES,1512,70,36935.671875,0.011572088151995735,rmsse,0.8244132898929812
store_cat,2,M0_AggHistOnly,M0_AggHistOnly,CA_4__HOUSEHOLD,1512,71,55035.6171875,0.017242870679288043,rmsse,0.8737174493257366
store_cat,2,M0_AggHistOnly,M0_AggHistOnly,TX_1__FOODS,1512,72,146396.890625,0.045866709267504774,rmsse,0.5440559327451558
store_cat,2,M0_AggHistOnly,M0_AggHistOnly,TX_1__HOBBIES,1512,73,37219.30859375,0.011660952627606897,rmsse,0.9614229661596083
store_cat,2,M0_AggHistOnly,M0_AggHistOnly,TX_1__HOUSEHOLD,1512,74,98011.2890625,0.030707314077307153,rmsse,0.5797337546413723
store_cat,2,M0_AggHistOnly,M0_AggHistOnly,TX_2__FOODS,1512,75,176122.65625,0.05517990604275809,rmsse,1.086617936651754
store_cat,2,M0_AggHistOnly,M0_AggHistOnly,TX_2__HOBBIES,1512,76,57129.640625,0.017898936281481592,rmsse,0.9986503170414615
store_cat,2,M0_AggHistOnly,M0_AggHistOnly,TX_2__HOUSEHOLD,1512,77,104925.140625,0.03287345038103626,rmsse,1.225846180189372
store_cat,2,M0_AggHistOnly,M0_AggHistOnly,TX_3__FOODS,1512,78,171175.0625,0.05362980587918111,rmsse,0.6808223137981739
store_cat,2,M0_AggHistOnly,M0_AggHistOnly,TX_3__HOBBIES,1512,79,67877.1015625,0.021266157156731493,rmsse,0.843283636633338
store_cat,2,M0_AggHistOnly,M0_AggHistOnly,TX_3__HOUSEHOLD,1512,80,106698.2734375,0.03342897971541217,rmsse,0.9648228455536715
store_cat,2,M0_AggHistOnly,M0_AggHistOnly,WI_1__FOODS,1512,81,173160.421875,0.054251826612380274,rmsse,0.7547404754667832
store_cat,2,M0_AggHistOnly,M0_AggHistOnly,WI_1__HOBBIES,1512,82,42989.3984375,0.013468743982879497,rmsse,0.9135918796430569
store_cat,2,M0_AggHistOnly,M0_AggHistOnly,WI_1__HOUSEHOLD,1512,83,80510.828125,0.025224352311925487,rmsse,0.7573919060859488
store_cat,2,M0_AggHistOnly,M0_AggHistOnly,WI_2__FOODS,1512,84,209484.875,0.06563241757761601,rmsse,0.9224221637463212
store_cat,2,M0_AggHistOnly,M0_AggHistOnly,WI_2__HOBBIES,1512,85,27927.87890625,0.008749911946779423,rmsse,0.7985411087394828
store_cat,2,M0_AggHistOnly,M0_AggHistOnly,WI_2__HOUSEHOLD,1512,86,94749.9140625,0.029685512737820482,rmsse,0.992192760232588
store_cat,2,M0_AggHistOnly,M0_AggHistOnly,WI_3__FOODS,1512,87,154383.0625,0.04836880765215719,rmsse,0.6613285573124723
store_cat,2,M0_AggHistOnly,M0_AggHistOnly,WI_3__HOBBIES,1512,88,26006.021484375,0.00814778661989298,rmsse,0.552001382038459
store_cat,2,M0_AggHistOnly,M0_AggHistOnly,WI_3__HOUSEHOLD,1512,89,76870.9140625,0.02408395322728209,rmsse,0.7106348557282619
store_cat,2,M0_AggHistOnly,M0_AggHistOnly,CA_1__FOODS,1540,90,220169.40625,0.06885783512657154,rmsse,0.46564098659924646
store_cat,2,M0_AggHistOnly,M0_AggHistOnly,CA_1__HOBBIES,1540,91,61755.76953125,0.019314075778852052,rmsse,0.52733365259088
store_cat,2,M0_AggHistOnly,M0_AggHistOnly,CA_1__HOUSEHOLD,1540,92,109044.2734375,0.034103523871660345,rmsse,0.7196806647147503
store_cat,2,M0_AggHistOnly,M0_AggHistOnly,CA_2__FOODS,1540,93,95685.3828125,0.029925539728460827,rmsse,0.3982717495326934
store_cat,2,M0_AggHistOnly,M0_AggHistOnly,CA_2__HOBBIES,1540,94,34752.09765625,0.010868695389946238,rmsse,0.4703429008005602
store_cat,2,M0_AggHistOnly,M0_AggHistOnly,CA_2__HOUSEHOLD,1540,95,99130.90625,0.03100312488811156,rmsse,0.2708757236450312
store_cat,2,M0_AggHistOnly,M0_AggHistOnly,CA_3__FOODS,1540,96,290055.46875,0.09071465461495254,rmsse,0.48328869248079764
store_cat,2,M0_AggHistOnly,M0_AggHistOnly,CA_3__HOBBIES,1540,97,67942.453125,0.02124895695119342,rmsse,0.713570650697093
store_cat,2,M0_AggHistOnly,M0_AggHistOnly,CA_3__HOUSEHOLD,1540,98,194752.859375,0.06090882702406398,rmsse,0.9547801123986421
store_cat,2,M0_AggHistOnly,M0_AggHistOnly,CA_4__FOODS,1540,99,120052.3671875,0.03754629785831791,rmsse,0.5038429533459055
store_cat,2,M0_AggHistOnly,M0_AggHistOnly,CA_4__HOBBIES,1540,100,37685.67578125,0.011786169994173486,rmsse,1.0770967835516847
store_cat,2,M0_AggHistOnly,M0_AggHistOnly,CA_4__HOUSEHOLD,1540,101,57081.52734375,0.017852209648718267,rmsse,0.7301255707902192
store_cat,2,M0_AggHistOnly,M0_AggHistOnly,TX_1__FOODS,1540,102,147996.359375,0.046285762798511335,rmsse,0.35120284155839293
store_cat,2,M0_AggHistOnly,M0_AggHistOnly,TX_1__HOBBIES,1540,103,35824.16015625,0.011203982222607078,rmsse,0.6929739539243341
store_cat,2,M0_AggHistOnly,M0_AggHistOnly,TX_1__HOUSEHOLD,1540,104,96537.8984375,0.030192163422228798,rmsse,0.5161551300118689
store_cat,2,M0_AggHistOnly,M0_AggHistOnly,TX_2__FOODS,1540,105,179433.03125,0.05611756098412723,rmsse,0.3947840695604427
store_cat,2,M0_AggHistOnly,M0_AggHistOnly,TX_2__HOBBIES,1540,106,54520.3046875,0.017051188969277244,rmsse,0.6784447159314928
store_cat,2,M0_AggHistOnly,M0_AggHistOnly,TX_2__HOUSEHOLD,1540,107,103090.46875,0.032241475422103406,rmsse,0.5070519849197506
store_cat,2,M0_AggHistOnly,M0_AggHistOnly,TX_3__FOODS,1540,108,173693.546875,0.05432254106952325,rmsse,0.6809387056002583
store_cat,2,M0_AggHistOnly,M0_AggHistOnly,TX_3__HOBBIES,1540,109,69905.3671875,0.02186285701653573,rmsse,0.9102211590700244
store_cat,2,M0_AggHistOnly,M0_AggHistOnly,TX_3__HOUSEHOLD,1540,110,104416.875,0.032656308093131484,rmsse,0.8080443328654038
store_cat,2,M0_AggHistOnly,M0_AggHistOnly,WI_1__FOODS,1540,111,162298.171875,0.05075864512993716,rmsse,0.4799676126826614
store_cat,2,M0_AggHistOnly,M0_AggHistOnly,WI_1__HOBBIES,1540,112,41865.28125,0.013093338820048013,rmsse,0.6667445046784406
store_cat,2,M0_AggHistOnly,M0_AggHistOnly,WI_1__HOUSEHOLD,1540,113,77330.671875,0.024185116110770965,rmsse,0.6038426908717347
store_cat,2,M0_AggHistOnly,M0_AggHistOnly,WI_2__FOODS,1540,114,202491.703125,0.06332914525121458,rmsse,0.9148775930052951
store_cat,2,M0_AggHistOnly,M0_AggHistOnly,WI_2__HOBBIES,1540,115,26394.369140625,0.008254821364650992,rmsse,0.5344030131738059
store_cat,2,M0_AggHistOnly,M0_AggHistOnly,WI_2__HOUSEHOLD,1540,116,86329.9609375,0.026999637769690065,rmsse,0.8834138124063082
store_cat,2,M0_AggHistOnly,M0_AggHistOnly,WI_3__FOODS,1540,117,150028.796875,0.04692140627261487,rmsse,0.5557367271829595
store_cat,2,M0_AggHistOnly,M0_AggHistOnly,WI_3__HOBBIES,1540,118,24321.859375,0.007606645316169617,rmsse,0.5587865103462561
store_cat,2,M0_AggHistOnly,M0_AggHistOnly,WI_3__HOUSEHOLD,1540,119,72861.84375,0.022787493091836034,rmsse,0.6819429169214517
store_cat,2,M0_AggHistOnly,M0_AggHistOnly,CA_1__FOODS,1456,0,216654.625,0.07397924456338241,mean_spl,0.13392576710650572
store_cat,2,M0_AggHistOnly,M0_AggHistOnly,CA_1__HOBBIES,1456,1,54163.19921875,0.018494655082203344,mean_spl,0.1377797243424452
store_cat,2,M0_AggHistOnly,M0_AggHistOnly,CA_1__HOUSEHOLD,1456,2,94011.015625,0.03210115600612653,mean_spl,0.238105130331877
store_cat,2,M0_AggHistOnly,M0_AggHistOnly,CA_2__FOODS,1456,3,106220.4296875,0.03627020261154881,mean_spl,0.22077686458631035
store_cat,2,M0_AggHistOnly,M0_AggHistOnly,CA_2__HOBBIES,1456,4,31810.216796875,0.010861968942644223,mean_spl,0.1444660497158136
store_cat,2,M0_AggHistOnly,M0_AggHistOnly,CA_2__HOUSEHOLD,1456,5,86838.34375,0.029651963671490145,mean_spl,0.10780834576782239
store_cat,2,M0_AggHistOnly,M0_AggHistOnly,CA_3__FOODS,1456,6,276034.6875,0.09425525836127126,mean_spl,0.216448112494641
store_cat,2,M0_AggHistOnly,M0_AggHistOnly,CA_3__HOBBIES,1456,7,57284.25,0.019560374214858966,mean_spl,0.18863048858353842
store_cat,2,M0_AggHistOnly,M0_AggHistOnly,CA_3__HOUSEHOLD,1456,8,155978.5625,0.05326069647408786,mean_spl,0.3058397175278458
store_cat,2,M0_AggHistOnly,M0_AggHistOnly,CA_4__FOODS,1456,9,114921.703125,0.03924135374965941,mean_spl,0.20930781552538166
store_cat,2,M0_AggHistOnly,M0_AggHistOnly,CA_4__HOBBIES,1456,10,33806.859375,0.011543745801055494,mean_spl,0.19729538449119602
store_cat,2,M0_AggHistOnly,M0_AggHistOnly,CA_4__HOUSEHOLD,1456,11,51044.75,0.017429824283357508,mean_spl,0.17986806060018085
store_cat,2,M0_AggHistOnly,M0_AggHistOnly,TX_1__FOODS,1456,12,140683.25,0.04803793391311849,mean_spl,0.14917149527973794
store_cat,2,M0_AggHistOnly,M0_AggHistOnly,TX_1__HOBBIES,1456,13,27783.09765625,0.009486862217873518,mean_spl,0.21085820097784827
store_cat,2,M0_AggHistOnly,M0_AggHistOnly,TX_1__HOUSEHOLD,1456,14,80417.0078125,0.027459323741721976,mean_spl,0.24363067010022366
store_cat,2,M0_AggHistOnly,M0_AggHistOnly,TX_2__FOODS,1456,15,169176.453125,0.05776726991219309,mean_spl,0.16721358382995125
store_cat,2,M0_AggHistOnly,M0_AggHistOnly,TX_2__HOBBIES,1456,16,42864.6796875,0.014636644021481715,mean_spl,0.22888536596587805
store_cat,2,M0_AggHistOnly,M0_AggHistOnly,TX_2__HOUSEHOLD,1456,17,79355.1796875,0.027096750163873577,mean_spl,0.2932560101253564
store_cat,2,M0_AggHistOnly,M0_AggHistOnly,TX_3__FOODS,1456,18,156799.8125,0.053541121849718216,mean_spl,0.21089288173303847
store_cat,2,M0_AggHistOnly,M0_AggHistOnly,TX_3__HOBBIES,1456,19,49402.20703125,0.016868958859916763,mean_spl,0.2461787341056788
store_cat,2,M0_AggHistOnly,M0_AggHistOnly,TX_3__HOUSEHOLD,1456,20,78533.859375,0.02681630077922134,mean_spl,0.37980328710426264
store_cat,2,M0_AggHistOnly,M0_AggHistOnly,WI_1__FOODS,1456,21,171450.15625,0.05854365232059495,mean_spl,0.3257557071841519
store_cat,2,M0_AggHistOnly,M0_AggHistOnly,WI_1__HOBBIES,1456,22,39346.1328125,0.01343519521893088,mean_spl,0.21562942778470937
store_cat,2,M0_AggHistOnly,M0_AggHistOnly,WI_1__HOUSEHOLD,1456,23,69904.34375,0.023869652181780117,mean_spl,0.26170511621678527
store_cat,2,M0_AggHistOnly,M0_AggHistOnly,WI_2__FOODS,1456,24,213990.953125,0.07306970278426171,mean_spl,0.25135175234971086
store_cat,2,M0_AggHistOnly,M0_AggHistOnly,WI_2__HOBBIES,1456,25,22872.908203125,0.007810220851896331,mean_spl,0.24969991678644465
store_cat,2,M0_AggHistOnly,M0_AggHistOnly,WI_2__HOUSEHOLD,1456,26,73007.3671875,0.02492921566799104,mean_spl,0.8107048771835639
store_cat,2,M0_AggHistOnly,M0_AggHistOnly,WI_3__FOODS,1456,27,151780.5625,0.05182724049004377,mean_spl,0.18576880813467705
store_cat,2,M0_AggHistOnly,M0_AggHistOnly,WI_3__HOBBIES,1456,28,21418.96875,0.007313756295078839,mean_spl,0.221366626480609
store_cat,2,M0_AggHistOnly,M0_AggHistOnly,WI_3__HOUSEHOLD,1456,29,61031.02734375,0.020839754968617726,mean_spl,0.3850734456607224
store_cat,2,M0_AggHistOnly,M0_AggHistOnly,CA_1__FOODS,1484,30,213601.578125,0.06820771906795026,mean_spl,0.08973635921049011
store_cat,2,M0_AggHistOnly,M0_AggHistOnly,CA_1__HOBBIES,1484,31,57432.234375,0.018339385607920238,mean_spl,0.172906491269701
store_cat,2,M0_AggHistOnly,M0_AggHistOnly,CA_1__HOUSEHOLD,1484,32,97660.3515625,0.031185115212744904,mean_spl,0.200854290071189
store_cat,2,M0_AggHistOnly,M0_AggHistOnly,CA_2__FOODS,1484,33,97109.96875,0.03100936577969128,mean_spl,0.1273715795121583
store_cat,2,M0_AggHistOnly,M0_AggHistOnly,CA_2__HOBBIES,1484,34,32127.169921875,0.010258917559107109,mean_spl,0.13452962217594686
store_cat,2,M0_AggHistOnly,M0_AggHistOnly,CA_2__HOUSEHOLD,1484,35,85772.1484375,0.027388948414303897,mean_spl,0.17422214435984518
store_cat,2,M0_AggHistOnly,M0_AggHistOnly,CA_3__FOODS,1484,36,297412.46875,0.09497039438507442,mean_spl,0.14075308280440216
store_cat,2,M0_AggHistOnly,M0_AggHistOnly,CA_3__HOBBIES,1484,37,61886.78125,0.019761821174605104,mean_spl,0.19597019745052513
store_cat,2,M0_AggHistOnly,M0_AggHistOnly,CA_3__HOUSEHOLD,1484,38,172245.359375,0.05500176162618477,mean_spl,0.19706085366852674
store_cat,2,M0_AggHistOnly,M0_AggHistOnly,CA_4__FOODS,1484,39,119859.8125,0.03827389521323178,mean_spl,0.1267750661720992
store_cat,2,M0_AggHistOnly,M0_AggHistOnly,CA_4__HOBBIES,1484,40,36330.05078125,0.011600990588008404,mean_spl,0.1852064291969998
store_cat,2,M0_AggHistOnly,M0_AggHistOnly,CA_4__HOUSEHOLD,1484,41,51402.9609375,0.016414104940901036,mean_spl,0.17290720069362783
store_cat,2,M0_AggHistOnly,M0_AggHistOnly,TX_1__FOODS,1484,42,144507.609375,0.0461444831538793,mean_spl,0.09721743191578597
store_cat,2,M0_AggHistOnly,M0_AggHistOnly,TX_1__HOBBIES,1484,43,31937.12890625,0.010198233249941787,mean_spl,0.16021359662747223
store_cat,2,M0_AggHistOnly,M0_AggHistOnly,TX_1__HOUSEHOLD,1484,44,89760.1953125,0.02866242018950133,mean_spl,0.22731646278097856
store_cat,2,M0_AggHistOnly,M0_AggHistOnly,TX_2__FOODS,1484,45,179773.953125,0.0574058085062889,mean_spl,0.09838337779479008
store_cat,2,M0_AggHistOnly,M0_AggHistOnly,TX_2__HOBBIES,1484,46,49847.03125,0.015917262099447972,mean_spl,0.14706909603383045
store_cat,2,M0_AggHistOnly,M0_AggHistOnly,TX_2__HOUSEHOLD,1484,47,93967.359375,0.030005860940111543,mean_spl,0.1886169462188186
store_cat,2,M0_AggHistOnly,M0_AggHistOnly,TX_3__FOODS,1484,48,166358.546875,0.053121971894618626,mean_spl,0.13745897078516686
store_cat,2,M0_AggHistOnly,M0_AggHistOnly,TX_3__HOBBIES,1484,49,58939.0,0.018820529274335952,mean_spl,0.18935782246991076
store_cat,2,M0_AggHistOnly,M0_AggHistOnly,TX_3__HOUSEHOLD,1484,50,94858.9296875,0.030290559105444093,mean_spl,0.4110271459907452
store_cat,2,M0_AggHistOnly,M0_AggHistOnly,WI_1__FOODS,1484,51,182376.296875,0.05823679455506408,mean_spl,0.14954966783285487
store_cat,2,M0_AggHistOnly,M0_AggHistOnly,WI_1__HOBBIES,1484,52,42152.4609375,0.013460215223528077,mean_spl,0.134505002523326
store_cat,2,M0_AggHistOnly,M0_AggHistOnly,WI_1__HOUSEHOLD,1484,53,74201.4921875,0.023694181372508085,mean_spl,0.19854862401289392
store_cat,2,M0_AggHistOnly,M0_AggHistOnly,WI_2__FOODS,1484,54,220910.796875,0.07054171464739512,mean_spl,0.19077861880343683
store_cat,2,M0_AggHistOnly,M0_AggHistOnly,WI_2__HOBBIES,1484,55,28042.1796875,0.00895448962019686,mean_spl,0.16810283158385902
store_cat,2,M0_AggHistOnly,M0_AggHistOnly,WI_2__HOUSEHOLD,1484,56,95896.65625,0.030621928201429557,mean_spl,0.288879642081806
store_cat,2,M0_AggHistOnly,M0_AggHistOnly,WI_3__FOODS,1484,57,160906.484375,0.05138100747569806,mean_spl,0.10460097589956364
store_cat,2,M0_AggHistOnly,M0_AggHistOnly,WI_3__HOBBIES,1484,58,24415.33984375,0.007796359257404398,mean_spl,0.1424522199366575
store_cat,2,M0_AggHistOnly,M0_AggHistOnly,WI_3__HOUSEHOLD,1484,59,69941.15625,0.02233376166348309,mean_spl,0.203655556817205
store_cat,2,M0_AggHistOnly,M0_AggHistOnly,CA_1__FOODS,1512,60,207180.25,0.06491036969535333,mean_spl,0.17957532869282147
store_cat,2,M0_AggHistOnly,M0_AggHistOnly,CA_1__HOBBIES,1512,61,62380.88671875,0.019544171893015955,mean_spl,0.15881056358020934
store_cat,2,M0_AggHistOnly,M0_AggHistOnly,CA_1__HOUSEHOLD,1512,62,105939.7890625,0.03319134364156151,mean_spl,0.1735727216581716
store_cat,2,M0_AggHistOnly,M0_AggHistOnly,CA_2__FOODS,1512,63,91005.09375,0.028512246121301568,mean_spl,0.09771457967326476
store_cat,2,M0_AggHistOnly,M0_AggHistOnly,CA_2__HOBBIES,1512,64,33450.58203125,0.010480196090955487,mean_spl,0.11916283756275191
store_cat,2,M0_AggHistOnly,M0_AggHistOnly,CA_2__HOUSEHOLD,1512,65,94968.328125,0.02975394270420743,mean_spl,0.11032021051259644
store_cat,2,M0_AggHistOnly,M0_AggHistOnly,CA_3__FOODS,1512,66,287165.4375,0.08997003677644409,mean_spl,0.13744413319528248
store_cat,2,M0_AggHistOnly,M0_AggHistOnly,CA_3__HOBBIES,1512,67,66716.6796875,0.020902592517202268,mean_spl,0.23515937511077556
store_cat,2,M0_AggHistOnly,M0_AggHistOnly,CA_3__HOUSEHOLD,1512,68,182819.796875,0.05727814597571753,mean_spl,0.16283424079481443
store_cat,2,M0_AggHistOnly,M0_AggHistOnly,CA_4__FOODS,1512,69,116552.8984375,0.03651647165520408,mean_spl,0.1976913240341271
store_cat,2,M0_AggHistOnly,M0_AggHistOnly,CA_4__HOBBIES,1512,70,36935.671875,0.011572088151995735,mean_spl,0.16500045191911808
store_cat,2,M0_AggHistOnly,M0_AggHistOnly,CA_4__HOUSEHOLD,1512,71,55035.6171875,0.017242870679288043,mean_spl,0.1667899168935778
store_cat,2,M0_AggHistOnly,M0_AggHistOnly,TX_1__FOODS,1512,72,146396.890625,0.045866709267504774,mean_spl,0.1358918455378227
store_cat,2,M0_AggHistOnly,M0_AggHistOnly,TX_1__HOBBIES,1512,73,37219.30859375,0.011660952627606897,mean_spl,0.18935385462315454
store_cat,2,M0_AggHistOnly,M0_AggHistOnly,TX_1__HOUSEHOLD,1512,74,98011.2890625,0.030707314077307153,mean_spl,0.15118033253030072
store_cat,2,M0_AggHistOnly,M0_AggHistOnly,TX_2__FOODS,1512,75,176122.65625,0.05517990604275809,mean_spl,0.2779734157464349
store_cat,2,M0_AggHistOnly,M0_AggHistOnly,TX_2__HOBBIES,1512,76,57129.640625,0.017898936281481592,mean_spl,0.24353414269460189
store_cat,2,M0_AggHistOnly,M0_AggHistOnly,TX_2__HOUSEHOLD,1512,77,104925.140625,0.03287345038103626,mean_spl,0.30954186801263445
store_cat,2,M0_AggHistOnly,M0_AggHistOnly,TX_3__FOODS,1512,78,171175.0625,0.05362980587918111,mean_spl,0.17648138759801796
store_cat,2,M0_AggHistOnly,M0_AggHistOnly,TX_3__HOBBIES,1512,79,67877.1015625,0.021266157156731493,mean_spl,0.19464638685124822
store_cat,2,M0_AggHistOnly,M0_AggHistOnly,TX_3__HOUSEHOLD,1512,80,106698.2734375,0.03342897971541217,mean_spl,0.23146811641725565
store_cat,2,M0_AggHistOnly,M0_AggHistOnly,WI_1__FOODS,1512,81,173160.421875,0.054251826612380274,mean_spl,0.16350828442232604
store_cat,2,M0_AggHistOnly,M0_AggHistOnly,WI_1__HOBBIES,1512,82,42989.3984375,0.013468743982879497,mean_spl,0.18341568191280203
store_cat,2,M0_AggHistOnly,M0_AggHistOnly,WI_1__HOUSEHOLD,1512,83,80510.828125,0.025224352311925487,mean_spl,0.18000887376270752
store_cat,2,M0_AggHistOnly,M0_AggHistOnly,WI_2__FOODS,1512,84,209484.875,0.06563241757761601,mean_spl,0.24137173847327023
store_cat,2,M0_AggHistOnly,M0_AggHistOnly,WI_2__HOBBIES,1512,85,27927.87890625,0.008749911946779423,mean_spl,0.24205349322478428
store_cat,2,M0_AggHistOnly,M0_AggHistOnly,WI_2__HOUSEHOLD,1512,86,94749.9140625,0.029685512737820482,mean_spl,0.2734229023644042
store_cat,2,M0_AggHistOnly,M0_AggHistOnly,WI_3__FOODS,1512,87,154383.0625,0.04836880765215719,mean_spl,0.18501287163258376
store_cat,2,M0_AggHistOnly,M0_AggHistOnly,WI_3__HOBBIES,1512,88,26006.021484375,0.00814778661989298,mean_spl,0.15674604832058833
store_cat,2,M0_AggHistOnly,M0_AggHistOnly,WI_3__HOUSEHOLD,1512,89,76870.9140625,0.02408395322728209,mean_spl,0.16727535473263766
store_cat,2,M0_AggHistOnly,M0_AggHistOnly,CA_1__FOODS,1540,90,220169.40625,0.06885783512657154,mean_spl,0.12112116854536518
store_cat,2,M0_AggHistOnly,M0_AggHistOnly,CA_1__HOBBIES,1540,91,61755.76953125,0.019314075778852052,mean_spl,0.11981929078935918
store_cat,2,M0_AggHistOnly,M0_AggHistOnly,CA_1__HOUSEHOLD,1540,92,109044.2734375,0.034103523871660345,mean_spl,0.17938791000090568
store_cat,2,M0_AggHistOnly,M0_AggHistOnly,CA_2__FOODS,1540,93,95685.3828125,0.029925539728460827,mean_spl,0.09915600344430388
store_cat,2,M0_AggHistOnly,M0_AggHistOnly,CA_2__HOBBIES,1540,94,34752.09765625,0.010868695389946238,mean_spl,0.12161443805793651
store_cat,2,M0_AggHistOnly,M0_AggHistOnly,CA_2__HOUSEHOLD,1540,95,99130.90625,0.03100312488811156,mean_spl,0.08392012313980042
store_cat,2,M0_AggHistOnly,M0_AggHistOnly,CA_3__FOODS,1540,96,290055.46875,0.09071465461495254,mean_spl,0.13060429450101502
store_cat,2,M0_AggHistOnly,M0_AggHistOnly,CA_3__HOBBIES,1540,97,67942.453125,0.02124895695119342,mean_spl,0.16061675405093478
store_cat,2,M0_AggHistOnly,M0_AggHistOnly,CA_3__HOUSEHOLD,1540,98,194752.859375,0.06090882702406398,mean_spl,0.18739721280234217
store_cat,2,M0_AggHistOnly,M0_AggHistOnly,CA_4__FOODS,1540,99,120052.3671875,0.03754629785831791,mean_spl,0.13331980952008665
store_cat,2,M0_AggHistOnly,M0_AggHistOnly,CA_4__HOBBIES,1540,100,37685.67578125,0.011786169994173486,mean_spl,0.2234564729060338
store_cat,2,M0_AggHistOnly,M0_AggHistOnly,CA_4__HOUSEHOLD,1540,101,57081.52734375,0.017852209648718267,mean_spl,0.18238961828243336
store_cat,2,M0_AggHistOnly,M0_AggHistOnly,TX_1__FOODS,1540,102,147996.359375,0.046285762798511335,mean_spl,0.10034520883444709
store_cat,2,M0_AggHistOnly,M0_AggHistOnly,TX_1__HOBBIES,1540,103,35824.16015625,0.011203982222607078,mean_spl,0.13363759210797077
store_cat,2,M0_AggHistOnly,M0_AggHistOnly,TX_1__HOUSEHOLD,1540,104,96537.8984375,0.030192163422228798,mean_spl,0.1384078084728746
store_cat,2,M0_AggHistOnly,M0_AggHistOnly,TX_2__FOODS,1540,105,179433.03125,0.05611756098412723,mean_spl,0.11049526707690609
store_cat,2,M0_AggHistOnly,M0_AggHistOnly,TX_2__HOBBIES,1540,106,54520.3046875,0.017051188969277244,mean_spl,0.13945853887954035
store_cat,2,M0_AggHistOnly,M0_AggHistOnly,TX_2__HOUSEHOLD,1540,107,103090.46875,0.032241475422103406,mean_spl,0.1368030351730549
store_cat,2,M0_AggHistOnly,M0_AggHistOnly,TX_3__FOODS,1540,108,173693.546875,0.05432254106952325,mean_spl,0.16678733150731107
store_cat,2,M0_AggHistOnly,M0_AggHistOnly,TX_3__HOBBIES,1540,109,69905.3671875,0.02186285701653573,mean_spl,0.17638924971472608
store_cat,2,M0_AggHistOnly,M0_AggHistOnly,TX_3__HOUSEHOLD,1540,110,104416.875,0.032656308093131484,mean_spl,0.19380891572651102
store_cat,2,M0_AggHistOnly,M0_AggHistOnly,WI_1__FOODS,1540,111,162298.171875,0.05075864512993716,mean_spl,0.1573442680392791
store_cat,2,M0_AggHistOnly,M0_AggHistOnly,WI_1__HOBBIES,1540,112,41865.28125,0.013093338820048013,mean_spl,0.15623596799608158
store_cat,2,M0_AggHistOnly,M0_AggHistOnly,WI_1__HOUSEHOLD,1540,113,77330.671875,0.024185116110770965,mean_spl,0.14413694936775856
store_cat,2,M0_AggHistOnly,M0_AggHistOnly,WI_2__FOODS,1540,114,202491.703125,0.06332914525121458,mean_spl,0.22864178796776274
store_cat,2,M0_AggHistOnly,M0_AggHistOnly,WI_2__HOBBIES,1540,115,26394.369140625,0.008254821364650992,mean_spl,0.1698764149935607
store_cat,2,M0_AggHistOnly,M0_AggHistOnly,WI_2__HOUSEHOLD,1540,116,86329.9609375,0.026999637769690065,mean_spl,0.24761373853590854
store_cat,2,M0_AggHistOnly,M0_AggHistOnly,WI_3__FOODS,1540,117,150028.796875,0.04692140627261487,mean_spl,0.13164030873093416
store_cat,2,M0_AggHistOnly,M0_AggHistOnly,WI_3__HOBBIES,1540,118,24321.859375,0.007606645316169617,mean_spl,0.13567603246421372
store_cat,2,M0_AggHistOnly,M0_AggHistOnly,WI_3__HOUSEHOLD,1540,119,72861.84375,0.022787493091836034,mean_spl,0.15108687845560428
store_cat,2,M1_AggHistFutureSummary,M1_AggHistFutureSummary,CA_1__FOODS,1456,0,216654.625,0.07397924456338241,rmsse,0.4665765482646539
store_cat,2,M1_AggHistFutureSummary,M1_AggHistFutureSummary,CA_1__HOBBIES,1456,1,54163.19921875,0.018494655082203344,rmsse,0.5021055642329362
store_cat,2,M1_AggHistFutureSummary,M1_AggHistFutureSummary,CA_1__HOUSEHOLD,1456,2,94011.015625,0.03210115600612653,rmsse,0.8524506825393937
store_cat,2,M1_AggHistFutureSummary,M1_AggHistFutureSummary,CA_2__FOODS,1456,3,106220.4296875,0.03627020261154881,rmsse,0.8425785731586642
store_cat,2,M1_AggHistFutureSummary,M1_AggHistFutureSummary,CA_2__HOBBIES,1456,4,31810.216796875,0.010861968942644223,rmsse,0.6483816312249876
store_cat,2,M1_AggHistFutureSummary,M1_AggHistFutureSummary,CA_2__HOUSEHOLD,1456,5,86838.34375,0.029651963671490145,rmsse,0.3977412392619472
store_cat,2,M1_AggHistFutureSummary,M1_AggHistFutureSummary,CA_3__FOODS,1456,6,276034.6875,0.09425525836127126,rmsse,0.7100512055874273
store_cat,2,M1_AggHistFutureSummary,M1_AggHistFutureSummary,CA_3__HOBBIES,1456,7,57284.25,0.019560374214858966,rmsse,0.7825312852831974
store_cat,2,M1_AggHistFutureSummary,M1_AggHistFutureSummary,CA_3__HOUSEHOLD,1456,8,155978.5625,0.05326069647408786,rmsse,0.9588433927717516
store_cat,2,M1_AggHistFutureSummary,M1_AggHistFutureSummary,CA_4__FOODS,1456,9,114921.703125,0.03924135374965941,rmsse,0.7729525158024345
store_cat,2,M1_AggHistFutureSummary,M1_AggHistFutureSummary,CA_4__HOBBIES,1456,10,33806.859375,0.011543745801055494,rmsse,0.7246978776326587
store_cat,2,M1_AggHistFutureSummary,M1_AggHistFutureSummary,CA_4__HOUSEHOLD,1456,11,51044.75,0.017429824283357508,rmsse,0.728199504117435
store_cat,2,M1_AggHistFutureSummary,M1_AggHistFutureSummary,TX_1__FOODS,1456,12,140683.25,0.04803793391311849,rmsse,0.5072174967736482
store_cat,2,M1_AggHistFutureSummary,M1_AggHistFutureSummary,TX_1__HOBBIES,1456,13,27783.09765625,0.009486862217873518,rmsse,0.8347443385234234
store_cat,2,M1_AggHistFutureSummary,M1_AggHistFutureSummary,TX_1__HOUSEHOLD,1456,14,80417.0078125,0.027459323741721976,rmsse,0.8303072041851178
store_cat,2,M1_AggHistFutureSummary,M1_AggHistFutureSummary,TX_2__FOODS,1456,15,169176.453125,0.05776726991219309,rmsse,0.6435639036923874
store_cat,2,M1_AggHistFutureSummary,M1_AggHistFutureSummary,TX_2__HOBBIES,1456,16,42864.6796875,0.014636644021481715,rmsse,0.8145207076796646
store_cat,2,M1_AggHistFutureSummary,M1_AggHistFutureSummary,TX_2__HOUSEHOLD,1456,17,79355.1796875,0.027096750163873577,rmsse,0.954080312494662
store_cat,2,M1_AggHistFutureSummary,M1_AggHistFutureSummary,TX_3__FOODS,1456,18,156799.8125,0.053541121849718216,rmsse,0.6527355075621727
store_cat,2,M1_AggHistFutureSummary,M1_AggHistFutureSummary,TX_3__HOBBIES,1456,19,49402.20703125,0.016868958859916763,rmsse,0.929080639809106
store_cat,2,M1_AggHistFutureSummary,M1_AggHistFutureSummary,TX_3__HOUSEHOLD,1456,20,78533.859375,0.02681630077922134,rmsse,1.1925148094482947
store_cat,2,M1_AggHistFutureSummary,M1_AggHistFutureSummary,WI_1__FOODS,1456,21,171450.15625,0.05854365232059495,rmsse,1.1219498179940919
store_cat,2,M1_AggHistFutureSummary,M1_AggHistFutureSummary,WI_1__HOBBIES,1456,22,39346.1328125,0.01343519521893088,rmsse,0.8581891962245998
store_cat,2,M1_AggHistFutureSummary,M1_AggHistFutureSummary,WI_1__HOUSEHOLD,1456,23,69904.34375,0.023869652181780117,rmsse,1.1145763496467727
store_cat,2,M1_AggHistFutureSummary,M1_AggHistFutureSummary,WI_2__FOODS,1456,24,213990.953125,0.07306970278426171,rmsse,0.9351911267464361
store_cat,2,M1_AggHistFutureSummary,M1_AggHistFutureSummary,WI_2__HOBBIES,1456,25,22872.908203125,0.007810220851896331,rmsse,0.8571471949149102
store_cat,2,M1_AggHistFutureSummary,M1_AggHistFutureSummary,WI_2__HOUSEHOLD,1456,26,73007.3671875,0.02492921566799104,rmsse,2.148542371392425
store_cat,2,M1_AggHistFutureSummary,M1_AggHistFutureSummary,WI_3__FOODS,1456,27,151780.5625,0.05182724049004377,rmsse,0.7391715032579188
store_cat,2,M1_AggHistFutureSummary,M1_AggHistFutureSummary,WI_3__HOBBIES,1456,28,21418.96875,0.007313756295078839,rmsse,0.8471337240723178
store_cat,2,M1_AggHistFutureSummary,M1_AggHistFutureSummary,WI_3__HOUSEHOLD,1456,29,61031.02734375,0.020839754968617726,rmsse,1.2425010271497459
store_cat,2,M1_AggHistFutureSummary,M1_AggHistFutureSummary,CA_1__FOODS,1484,30,213601.578125,0.06820771906795026,rmsse,0.4222934159587711
store_cat,2,M1_AggHistFutureSummary,M1_AggHistFutureSummary,CA_1__HOBBIES,1484,31,57432.234375,0.018339385607920238,rmsse,0.6584854343947542
store_cat,2,M1_AggHistFutureSummary,M1_AggHistFutureSummary,CA_1__HOUSEHOLD,1484,32,97660.3515625,0.031185115212744904,rmsse,0.7669670078287186
store_cat,2,M1_AggHistFutureSummary,M1_AggHistFutureSummary,CA_2__FOODS,1484,33,97109.96875,0.03100936577969128,rmsse,0.4916492225013368
store_cat,2,M1_AggHistFutureSummary,M1_AggHistFutureSummary,CA_2__HOBBIES,1484,34,32127.169921875,0.010258917559107109,rmsse,0.6287979219710182
store_cat,2,M1_AggHistFutureSummary,M1_AggHistFutureSummary,CA_2__HOUSEHOLD,1484,35,85772.1484375,0.027388948414303897,rmsse,0.582168787203829
store_cat,2,M1_AggHistFutureSummary,M1_AggHistFutureSummary,CA_3__FOODS,1484,36,297412.46875,0.09497039438507442,rmsse,0.5674632127927024
store_cat,2,M1_AggHistFutureSummary,M1_AggHistFutureSummary,CA_3__HOBBIES,1484,37,61886.78125,0.019761821174605104,rmsse,0.8033412168503168
store_cat,2,M1_AggHistFutureSummary,M1_AggHistFutureSummary,CA_3__HOUSEHOLD,1484,38,172245.359375,0.05500176162618477,rmsse,0.8109234683069511
store_cat,2,M1_AggHistFutureSummary,M1_AggHistFutureSummary,CA_4__FOODS,1484,39,119859.8125,0.03827389521323178,rmsse,0.43922371103800617
store_cat,2,M1_AggHistFutureSummary,M1_AggHistFutureSummary,CA_4__HOBBIES,1484,40,36330.05078125,0.011600990588008404,rmsse,0.8051627948183964
store_cat,2,M1_AggHistFutureSummary,M1_AggHistFutureSummary,CA_4__HOUSEHOLD,1484,41,51402.9609375,0.016414104940901036,rmsse,0.6626533064907504
store_cat,2,M1_AggHistFutureSummary,M1_AggHistFutureSummary,TX_1__FOODS,1484,42,144507.609375,0.0461444831538793,rmsse,0.375587588215484
store_cat,2,M1_AggHistFutureSummary,M1_AggHistFutureSummary,TX_1__HOBBIES,1484,43,31937.12890625,0.010198233249941787,rmsse,0.6666686774071532
store_cat,2,M1_AggHistFutureSummary,M1_AggHistFutureSummary,TX_1__HOUSEHOLD,1484,44,89760.1953125,0.02866242018950133,rmsse,0.7966395809598474
store_cat,2,M1_AggHistFutureSummary,M1_AggHistFutureSummary,TX_2__FOODS,1484,45,179773.953125,0.0574058085062889,rmsse,0.43856750476185613
store_cat,2,M1_AggHistFutureSummary,M1_AggHistFutureSummary,TX_2__HOBBIES,1484,46,49847.03125,0.015917262099447972,rmsse,0.6423926682837129
store_cat,2,M1_AggHistFutureSummary,M1_AggHistFutureSummary,TX_2__HOUSEHOLD,1484,47,93967.359375,0.030005860940111543,rmsse,0.6608949366991029
store_cat,2,M1_AggHistFutureSummary,M1_AggHistFutureSummary,TX_3__FOODS,1484,48,166358.546875,0.053121971894618626,rmsse,0.4985339951905023
store_cat,2,M1_AggHistFutureSummary,M1_AggHistFutureSummary,TX_3__HOBBIES,1484,49,58939.0,0.018820529274335952,rmsse,0.7854705375323845
store_cat,2,M1_AggHistFutureSummary,M1_AggHistFutureSummary,TX_3__HOUSEHOLD,1484,50,94858.9296875,0.030290559105444093,rmsse,1.2112809488473772
store_cat,2,M1_AggHistFutureSummary,M1_AggHistFutureSummary,WI_1__FOODS,1484,51,182376.296875,0.05823679455506408,rmsse,0.7928584901485685
store_cat,2,M1_AggHistFutureSummary,M1_AggHistFutureSummary,WI_1__HOBBIES,1484,52,42152.4609375,0.013460215223528077,rmsse,0.6230974836600782
store_cat,2,M1_AggHistFutureSummary,M1_AggHistFutureSummary,WI_1__HOUSEHOLD,1484,53,74201.4921875,0.023694181372508085,rmsse,0.663684229126306
store_cat,2,M1_AggHistFutureSummary,M1_AggHistFutureSummary,WI_2__FOODS,1484,54,220910.796875,0.07054171464739512,rmsse,0.8850768989876517
store_cat,2,M1_AggHistFutureSummary,M1_AggHistFutureSummary,WI_2__HOBBIES,1484,55,28042.1796875,0.00895448962019686,rmsse,0.6792887345839553
store_cat,2,M1_AggHistFutureSummary,M1_AggHistFutureSummary,WI_2__HOUSEHOLD,1484,56,95896.65625,0.030621928201429557,rmsse,1.117885048142735
store_cat,2,M1_AggHistFutureSummary,M1_AggHistFutureSummary,WI_3__FOODS,1484,57,160906.484375,0.05138100747569806,rmsse,0.40566871287371603
store_cat,2,M1_AggHistFutureSummary,M1_AggHistFutureSummary,WI_3__HOBBIES,1484,58,24415.33984375,0.007796359257404398,rmsse,0.6250814656258029
store_cat,2,M1_AggHistFutureSummary,M1_AggHistFutureSummary,WI_3__HOUSEHOLD,1484,59,69941.15625,0.02233376166348309,rmsse,0.716736226824921
store_cat,2,M1_AggHistFutureSummary,M1_AggHistFutureSummary,CA_1__FOODS,1512,60,207180.25,0.06491036969535333,rmsse,0.7015586985278024
store_cat,2,M1_AggHistFutureSummary,M1_AggHistFutureSummary,CA_1__HOBBIES,1512,61,62380.88671875,0.019544171893015955,rmsse,0.6106485027710018
store_cat,2,M1_AggHistFutureSummary,M1_AggHistFutureSummary,CA_1__HOUSEHOLD,1512,62,105939.7890625,0.03319134364156151,rmsse,0.6301493420757374
store_cat,2,M1_AggHistFutureSummary,M1_AggHistFutureSummary,CA_2__FOODS,1512,63,91005.09375,0.028512246121301568,rmsse,0.3406259122118487
store_cat,2,M1_AggHistFutureSummary,M1_AggHistFutureSummary,CA_2__HOBBIES,1512,64,33450.58203125,0.010480196090955487,rmsse,0.5363833271517109
store_cat,2,M1_AggHistFutureSummary,M1_AggHistFutureSummary,CA_2__HOUSEHOLD,1512,65,94968.328125,0.02975394270420743,rmsse,0.3555029079896867
store_cat,2,M1_AggHistFutureSummary,M1_AggHistFutureSummary,CA_3__FOODS,1512,66,287165.4375,0.08997003677644409,rmsse,0.525337058026167
store_cat,2,M1_AggHistFutureSummary,M1_AggHistFutureSummary,CA_3__HOBBIES,1512,67,66716.6796875,0.020902592517202268,rmsse,0.9032554155454013
store_cat,2,M1_AggHistFutureSummary,M1_AggHistFutureSummary,CA_3__HOUSEHOLD,1512,68,182819.796875,0.05727814597571753,rmsse,0.5358846162723209
store_cat,2,M1_AggHistFutureSummary,M1_AggHistFutureSummary,CA_4__FOODS,1512,69,116552.8984375,0.03651647165520408,rmsse,0.6351811418172748
store_cat,2,M1_AggHistFutureSummary,M1_AggHistFutureSummary,CA_4__HOBBIES,1512,70,36935.671875,0.011572088151995735,rmsse,0.7035135649292802
store_cat,2,M1_AggHistFutureSummary,M1_AggHistFutureSummary,CA_4__HOUSEHOLD,1512,71,55035.6171875,0.017242870679288043,rmsse,0.5138668445248601
store_cat,2,M1_AggHistFutureSummary,M1_AggHistFutureSummary,TX_1__FOODS,1512,72,146396.890625,0.045866709267504774,rmsse,0.5342716621483533
store_cat,2,M1_AggHistFutureSummary,M1_AggHistFutureSummary,TX_1__HOBBIES,1512,73,37219.30859375,0.011660952627606897,rmsse,0.8893100571505534
store_cat,2,M1_AggHistFutureSummary,M1_AggHistFutureSummary,TX_1__HOUSEHOLD,1512,74,98011.2890625,0.030707314077307153,rmsse,0.5456208830907391
store_cat,2,M1_AggHistFutureSummary,M1_AggHistFutureSummary,TX_2__FOODS,1512,75,176122.65625,0.05517990604275809,rmsse,1.1112839341580454
store_cat,2,M1_AggHistFutureSummary,M1_AggHistFutureSummary,TX_2__HOBBIES,1512,76,57129.640625,0.017898936281481592,rmsse,1.0225368608865717
store_cat,2,M1_AggHistFutureSummary,M1_AggHistFutureSummary,TX_2__HOUSEHOLD,1512,77,104925.140625,0.03287345038103626,rmsse,1.2297200878206003
store_cat,2,M1_AggHistFutureSummary,M1_AggHistFutureSummary,TX_3__FOODS,1512,78,171175.0625,0.05362980587918111,rmsse,0.6661051379008843
store_cat,2,M1_AggHistFutureSummary,M1_AggHistFutureSummary,TX_3__HOBBIES,1512,79,67877.1015625,0.021266157156731493,rmsse,0.8183233810830036
store_cat,2,M1_AggHistFutureSummary,M1_AggHistFutureSummary,TX_3__HOUSEHOLD,1512,80,106698.2734375,0.03342897971541217,rmsse,0.9999768408944039
store_cat,2,M1_AggHistFutureSummary,M1_AggHistFutureSummary,WI_1__FOODS,1512,81,173160.421875,0.054251826612380274,rmsse,0.6969956708440243
store_cat,2,M1_AggHistFutureSummary,M1_AggHistFutureSummary,WI_1__HOBBIES,1512,82,42989.3984375,0.013468743982879497,rmsse,0.8658380678898697
store_cat,2,M1_AggHistFutureSummary,M1_AggHistFutureSummary,WI_1__HOUSEHOLD,1512,83,80510.828125,0.025224352311925487,rmsse,0.796769559690339
store_cat,2,M1_AggHistFutureSummary,M1_AggHistFutureSummary,WI_2__FOODS,1512,84,209484.875,0.06563241757761601,rmsse,0.9614534674083939
store_cat,2,M1_AggHistFutureSummary,M1_AggHistFutureSummary,WI_2__HOBBIES,1512,85,27927.87890625,0.008749911946779423,rmsse,1.0330472568015945
store_cat,2,M1_AggHistFutureSummary,M1_AggHistFutureSummary,WI_2__HOUSEHOLD,1512,86,94749.9140625,0.029685512737820482,rmsse,1.0370961579602664
store_cat,2,M1_AggHistFutureSummary,M1_AggHistFutureSummary,WI_3__FOODS,1512,87,154383.0625,0.04836880765215719,rmsse,0.6723501120317527
store_cat,2,M1_AggHistFutureSummary,M1_AggHistFutureSummary,WI_3__HOBBIES,1512,88,26006.021484375,0.00814778661989298,rmsse,0.7147232011814191
store_cat,2,M1_AggHistFutureSummary,M1_AggHistFutureSummary,WI_3__HOUSEHOLD,1512,89,76870.9140625,0.02408395322728209,rmsse,0.7641091711921135
store_cat,2,M1_AggHistFutureSummary,M1_AggHistFutureSummary,CA_1__FOODS,1540,90,220169.40625,0.06885783512657154,rmsse,0.354791091244842
store_cat,2,M1_AggHistFutureSummary,M1_AggHistFutureSummary,CA_1__HOBBIES,1540,91,61755.76953125,0.019314075778852052,rmsse,0.4571369741527247
store_cat,2,M1_AggHistFutureSummary,M1_AggHistFutureSummary,CA_1__HOUSEHOLD,1540,92,109044.2734375,0.034103523871660345,rmsse,0.6295966731738205
store_cat,2,M1_AggHistFutureSummary,M1_AggHistFutureSummary,CA_2__FOODS,1540,93,95685.3828125,0.029925539728460827,rmsse,0.3709923385416248
store_cat,2,M1_AggHistFutureSummary,M1_AggHistFutureSummary,CA_2__HOBBIES,1540,94,34752.09765625,0.010868695389946238,rmsse,0.504671998746096
store_cat,2,M1_AggHistFutureSummary,M1_AggHistFutureSummary,CA_2__HOUSEHOLD,1540,95,99130.90625,0.03100312488811156,rmsse,0.2876462773724779
store_cat,2,M1_AggHistFutureSummary,M1_AggHistFutureSummary,CA_3__FOODS,1540,96,290055.46875,0.09071465461495254,rmsse,0.4705783398564074
store_cat,2,M1_AggHistFutureSummary,M1_AggHistFutureSummary,CA_3__HOBBIES,1540,97,67942.453125,0.02124895695119342,rmsse,0.6886441588353602
store_cat,2,M1_AggHistFutureSummary,M1_AggHistFutureSummary,CA_3__HOUSEHOLD,1540,98,194752.859375,0.06090882702406398,rmsse,0.8998230158450348
store_cat,2,M1_AggHistFutureSummary,M1_AggHistFutureSummary,CA_4__FOODS,1540,99,120052.3671875,0.03754629785831791,rmsse,0.48319463700496407
store_cat,2,M1_AggHistFutureSummary,M1_AggHistFutureSummary,CA_4__HOBBIES,1540,100,37685.67578125,0.011786169994173486,rmsse,0.9023747190101196
store_cat,2,M1_AggHistFutureSummary,M1_AggHistFutureSummary,CA_4__HOUSEHOLD,1540,101,57081.52734375,0.017852209648718267,rmsse,0.6411684397194048
store_cat,2,M1_AggHistFutureSummary,M1_AggHistFutureSummary,TX_1__FOODS,1540,102,147996.359375,0.046285762798511335,rmsse,0.3710383804579039
store_cat,2,M1_AggHistFutureSummary,M1_AggHistFutureSummary,TX_1__HOBBIES,1540,103,35824.16015625,0.011203982222607078,rmsse,0.5906864185777874
store_cat,2,M1_AggHistFutureSummary,M1_AggHistFutureSummary,TX_1__HOUSEHOLD,1540,104,96537.8984375,0.030192163422228798,rmsse,0.49277403499367334
store_cat,2,M1_AggHistFutureSummary,M1_AggHistFutureSummary,TX_2__FOODS,1540,105,179433.03125,0.05611756098412723,rmsse,0.3824614629939958
store_cat,2,M1_AggHistFutureSummary,M1_AggHistFutureSummary,TX_2__HOBBIES,1540,106,54520.3046875,0.017051188969277244,rmsse,0.5393206292522467
store_cat,2,M1_AggHistFutureSummary,M1_AggHistFutureSummary,TX_2__HOUSEHOLD,1540,107,103090.46875,0.032241475422103406,rmsse,0.5515690192463425
store_cat,2,M1_AggHistFutureSummary,M1_AggHistFutureSummary,TX_3__FOODS,1540,108,173693.546875,0.05432254106952325,rmsse,0.6199989573465746
store_cat,2,M1_AggHistFutureSummary,M1_AggHistFutureSummary,TX_3__HOBBIES,1540,109,69905.3671875,0.02186285701653573,rmsse,0.6978106407266468
store_cat,2,M1_AggHistFutureSummary,M1_AggHistFutureSummary,TX_3__HOUSEHOLD,1540,110,104416.875,0.032656308093131484,rmsse,0.7595644150115761
store_cat,2,M1_AggHistFutureSummary,M1_AggHistFutureSummary,WI_1__FOODS,1540,111,162298.171875,0.05075864512993716,rmsse,0.4699988111795758
store_cat,2,M1_AggHistFutureSummary,M1_AggHistFutureSummary,WI_1__HOBBIES,1540,112,41865.28125,0.013093338820048013,rmsse,0.6333854359186891
store_cat,2,M1_AggHistFutureSummary,M1_AggHistFutureSummary,WI_1__HOUSEHOLD,1540,113,77330.671875,0.024185116110770965,rmsse,0.647322964349057
store_cat,2,M1_AggHistFutureSummary,M1_AggHistFutureSummary,WI_2__FOODS,1540,114,202491.703125,0.06332914525121458,rmsse,0.9030037809920537
store_cat,2,M1_AggHistFutureSummary,M1_AggHistFutureSummary,WI_2__HOBBIES,1540,115,26394.369140625,0.008254821364650992,rmsse,0.8079805032147598
store_cat,2,M1_AggHistFutureSummary,M1_AggHistFutureSummary,WI_2__HOUSEHOLD,1540,116,86329.9609375,0.026999637769690065,rmsse,0.9508346337213148
store_cat,2,M1_AggHistFutureSummary,M1_AggHistFutureSummary,WI_3__FOODS,1540,117,150028.796875,0.04692140627261487,rmsse,0.4998515350161243
store_cat,2,M1_AggHistFutureSummary,M1_AggHistFutureSummary,WI_3__HOBBIES,1540,118,24321.859375,0.007606645316169617,rmsse,0.5683790995506304
store_cat,2,M1_AggHistFutureSummary,M1_AggHistFutureSummary,WI_3__HOUSEHOLD,1540,119,72861.84375,0.022787493091836034,rmsse,0.650197349103714
store_cat,2,M1_AggHistFutureSummary,M1_AggHistFutureSummary,CA_1__FOODS,1456,0,216654.625,0.07397924456338241,mean_spl,0.13468630825164843
store_cat,2,M1_AggHistFutureSummary,M1_AggHistFutureSummary,CA_1__HOBBIES,1456,1,54163.19921875,0.018494655082203344,mean_spl,0.12102393591517918
store_cat,2,M1_AggHistFutureSummary,M1_AggHistFutureSummary,CA_1__HOUSEHOLD,1456,2,94011.015625,0.03210115600612653,mean_spl,0.1902841671021265
store_cat,2,M1_AggHistFutureSummary,M1_AggHistFutureSummary,CA_2__FOODS,1456,3,106220.4296875,0.03627020261154881,mean_spl,0.20932927055263306
store_cat,2,M1_AggHistFutureSummary,M1_AggHistFutureSummary,CA_2__HOBBIES,1456,4,31810.216796875,0.010861968942644223,mean_spl,0.14445635790142194
store_cat,2,M1_AggHistFutureSummary,M1_AggHistFutureSummary,CA_2__HOUSEHOLD,1456,5,86838.34375,0.029651963671490145,mean_spl,0.1040974290549381
store_cat,2,M1_AggHistFutureSummary,M1_AggHistFutureSummary,CA_3__FOODS,1456,6,276034.6875,0.09425525836127126,mean_spl,0.2173830696000623
store_cat,2,M1_AggHistFutureSummary,M1_AggHistFutureSummary,CA_3__HOBBIES,1456,7,57284.25,0.019560374214858966,mean_spl,0.19485112336772026
store_cat,2,M1_AggHistFutureSummary,M1_AggHistFutureSummary,CA_3__HOUSEHOLD,1456,8,155978.5625,0.05326069647408786,mean_spl,0.25217838234068674
store_cat,2,M1_AggHistFutureSummary,M1_AggHistFutureSummary,CA_4__FOODS,1456,9,114921.703125,0.03924135374965941,mean_spl,0.1935552358448613
store_cat,2,M1_AggHistFutureSummary,M1_AggHistFutureSummary,CA_4__HOBBIES,1456,10,33806.859375,0.011543745801055494,mean_spl,0.1877778117006156
store_cat,2,M1_AggHistFutureSummary,M1_AggHistFutureSummary,CA_4__HOUSEHOLD,1456,11,51044.75,0.017429824283357508,mean_spl,0.18107522344574145
store_cat,2,M1_AggHistFutureSummary,M1_AggHistFutureSummary,TX_1__FOODS,1456,12,140683.25,0.04803793391311849,mean_spl,0.14985883878157558
store_cat,2,M1_AggHistFutureSummary,M1_AggHistFutureSummary,TX_1__HOBBIES,1456,13,27783.09765625,0.009486862217873518,mean_spl,0.20177245108468808
store_cat,2,M1_AggHistFutureSummary,M1_AggHistFutureSummary,TX_1__HOUSEHOLD,1456,14,80417.0078125,0.027459323741721976,mean_spl,0.20113809727463475
store_cat,2,M1_AggHistFutureSummary,M1_AggHistFutureSummary,TX_2__FOODS,1456,15,169176.453125,0.05776726991219309,mean_spl,0.157808616484401
store_cat,2,M1_AggHistFutureSummary,M1_AggHistFutureSummary,TX_2__HOBBIES,1456,16,42864.6796875,0.014636644021481715,mean_spl,0.2319078581185544
store_cat,2,M1_AggHistFutureSummary,M1_AggHistFutureSummary,TX_2__HOUSEHOLD,1456,17,79355.1796875,0.027096750163873577,mean_spl,0.2363576828237017
store_cat,2,M1_AggHistFutureSummary,M1_AggHistFutureSummary,TX_3__FOODS,1456,18,156799.8125,0.053541121849718216,mean_spl,0.2039715580193726
store_cat,2,M1_AggHistFutureSummary,M1_AggHistFutureSummary,TX_3__HOBBIES,1456,19,49402.20703125,0.016868958859916763,mean_spl,0.2587247364531154
store_cat,2,M1_AggHistFutureSummary,M1_AggHistFutureSummary,TX_3__HOUSEHOLD,1456,20,78533.859375,0.02681630077922134,mean_spl,0.28913638638751277
store_cat,2,M1_AggHistFutureSummary,M1_AggHistFutureSummary,WI_1__FOODS,1456,21,171450.15625,0.05854365232059495,mean_spl,0.28894406157826197
store_cat,2,M1_AggHistFutureSummary,M1_AggHistFutureSummary,WI_1__HOBBIES,1456,22,39346.1328125,0.01343519521893088,mean_spl,0.21059973645428556
store_cat,2,M1_AggHistFutureSummary,M1_AggHistFutureSummary,WI_1__HOUSEHOLD,1456,23,69904.34375,0.023869652181780117,mean_spl,0.24321032182136992
store_cat,2,M1_AggHistFutureSummary,M1_AggHistFutureSummary,WI_2__FOODS,1456,24,213990.953125,0.07306970278426171,mean_spl,0.24799172680314602
store_cat,2,M1_AggHistFutureSummary,M1_AggHistFutureSummary,WI_2__HOBBIES,1456,25,22872.908203125,0.007810220851896331,mean_spl,0.2645208965106215
store_cat,2,M1_AggHistFutureSummary,M1_AggHistFutureSummary,WI_2__HOUSEHOLD,1456,26,73007.3671875,0.02492921566799104,mean_spl,0.7739138790367586
store_cat,2,M1_AggHistFutureSummary,M1_AggHistFutureSummary,WI_3__FOODS,1456,27,151780.5625,0.05182724049004377,mean_spl,0.1902209186978974
store_cat,2,M1_AggHistFutureSummary,M1_AggHistFutureSummary,WI_3__HOBBIES,1456,28,21418.96875,0.007313756295078839,mean_spl,0.23944949452371228
store_cat,2,M1_AggHistFutureSummary,M1_AggHistFutureSummary,WI_3__HOUSEHOLD,1456,29,61031.02734375,0.020839754968617726,mean_spl,0.35169182559157713
store_cat,2,M1_AggHistFutureSummary,M1_AggHistFutureSummary,CA_1__FOODS,1484,30,213601.578125,0.06820771906795026,mean_spl,0.10762612398749573
store_cat,2,M1_AggHistFutureSummary,M1_AggHistFutureSummary,CA_1__HOBBIES,1484,31,57432.234375,0.018339385607920238,mean_spl,0.19033285239951214
store_cat,2,M1_AggHistFutureSummary,M1_AggHistFutureSummary,CA_1__HOUSEHOLD,1484,32,97660.3515625,0.031185115212744904,mean_spl,0.14903242871472686
store_cat,2,M1_AggHistFutureSummary,M1_AggHistFutureSummary,CA_2__FOODS,1484,33,97109.96875,0.03100936577969128,mean_spl,0.1496972058438817
store_cat,2,M1_AggHistFutureSummary,M1_AggHistFutureSummary,CA_2__HOBBIES,1484,34,32127.169921875,0.010258917559107109,mean_spl,0.12751027831071998
store_cat,2,M1_AggHistFutureSummary,M1_AggHistFutureSummary,CA_2__HOUSEHOLD,1484,35,85772.1484375,0.027388948414303897,mean_spl,0.11163469417964457
store_cat,2,M1_AggHistFutureSummary,M1_AggHistFutureSummary,CA_3__FOODS,1484,36,297412.46875,0.09497039438507442,mean_spl,0.1596479553934989
store_cat,2,M1_AggHistFutureSummary,M1_AggHistFutureSummary,CA_3__HOBBIES,1484,37,61886.78125,0.019761821174605104,mean_spl,0.20445151761140423
store_cat,2,M1_AggHistFutureSummary,M1_AggHistFutureSummary,CA_3__HOUSEHOLD,1484,38,172245.359375,0.05500176162618477,mean_spl,0.21201273791364975
store_cat,2,M1_AggHistFutureSummary,M1_AggHistFutureSummary,CA_4__FOODS,1484,39,119859.8125,0.03827389521323178,mean_spl,0.11724544423540006
store_cat,2,M1_AggHistFutureSummary,M1_AggHistFutureSummary,CA_4__HOBBIES,1484,40,36330.05078125,0.011600990588008404,mean_spl,0.1736617208780224
store_cat,2,M1_AggHistFutureSummary,M1_AggHistFutureSummary,CA_4__HOUSEHOLD,1484,41,51402.9609375,0.016414104940901036,mean_spl,0.16555954897167444
store_cat,2,M1_AggHistFutureSummary,M1_AggHistFutureSummary,TX_1__FOODS,1484,42,144507.609375,0.0461444831538793,mean_spl,0.10622010703386564
store_cat,2,M1_AggHistFutureSummary,M1_AggHistFutureSummary,TX_1__HOBBIES,1484,43,31937.12890625,0.010198233249941787,mean_spl,0.15592809824379325
store_cat,2,M1_AggHistFutureSummary,M1_AggHistFutureSummary,TX_1__HOUSEHOLD,1484,44,89760.1953125,0.02866242018950133,mean_spl,0.1991379867188325
store_cat,2,M1_AggHistFutureSummary,M1_AggHistFutureSummary,TX_2__FOODS,1484,45,179773.953125,0.0574058085062889,mean_spl,0.11533078825504203
store_cat,2,M1_AggHistFutureSummary,M1_AggHistFutureSummary,TX_2__HOBBIES,1484,46,49847.03125,0.015917262099447972,mean_spl,0.13904012220081977
store_cat,2,M1_AggHistFutureSummary,M1_AggHistFutureSummary,TX_2__HOUSEHOLD,1484,47,93967.359375,0.030005860940111543,mean_spl,0.16670547491722576
store_cat,2,M1_AggHistFutureSummary,M1_AggHistFutureSummary,TX_3__FOODS,1484,48,166358.546875,0.053121971894618626,mean_spl,0.1450563362908167
store_cat,2,M1_AggHistFutureSummary,M1_AggHistFutureSummary,TX_3__HOBBIES,1484,49,58939.0,0.018820529274335952,mean_spl,0.17928951777660102
store_cat,2,M1_AggHistFutureSummary,M1_AggHistFutureSummary,TX_3__HOUSEHOLD,1484,50,94858.9296875,0.030290559105444093,mean_spl,0.3491701209957587
store_cat,2,M1_AggHistFutureSummary,M1_AggHistFutureSummary,WI_1__FOODS,1484,51,182376.296875,0.05823679455506408,mean_spl,0.1831545310351755
store_cat,2,M1_AggHistFutureSummary,M1_AggHistFutureSummary,WI_1__HOBBIES,1484,52,42152.4609375,0.013460215223528077,mean_spl,0.1575732684081732
store_cat,2,M1_AggHistFutureSummary,M1_AggHistFutureSummary,WI_1__HOUSEHOLD,1484,53,74201.4921875,0.023694181372508085,mean_spl,0.16411043594392177
store_cat,2,M1_AggHistFutureSummary,M1_AggHistFutureSummary,WI_2__FOODS,1484,54,220910.796875,0.07054171464739512,mean_spl,0.21128623612879707
store_cat,2,M1_AggHistFutureSummary,M1_AggHistFutureSummary,WI_2__HOBBIES,1484,55,28042.1796875,0.00895448962019686,mean_spl,0.15505481690385514
store_cat,2,M1_AggHistFutureSummary,M1_AggHistFutureSummary,WI_2__HOUSEHOLD,1484,56,95896.65625,0.030621928201429557,mean_spl,0.25199509058684416
store_cat,2,M1_AggHistFutureSummary,M1_AggHistFutureSummary,WI_3__FOODS,1484,57,160906.484375,0.05138100747569806,mean_spl,0.10608756568563961
store_cat,2,M1_AggHistFutureSummary,M1_AggHistFutureSummary,WI_3__HOBBIES,1484,58,24415.33984375,0.007796359257404398,mean_spl,0.13360757913543578
store_cat,2,M1_AggHistFutureSummary,M1_AggHistFutureSummary,WI_3__HOUSEHOLD,1484,59,69941.15625,0.02233376166348309,mean_spl,0.15887185041807245
store_cat,2,M1_AggHistFutureSummary,M1_AggHistFutureSummary,CA_1__FOODS,1512,60,207180.25,0.06491036969535333,mean_spl,0.1905582099379412
store_cat,2,M1_AggHistFutureSummary,M1_AggHistFutureSummary,CA_1__HOBBIES,1512,61,62380.88671875,0.019544171893015955,mean_spl,0.1554522703805766
store_cat,2,M1_AggHistFutureSummary,M1_AggHistFutureSummary,CA_1__HOUSEHOLD,1512,62,105939.7890625,0.03319134364156151,mean_spl,0.14853645921519323
store_cat,2,M1_AggHistFutureSummary,M1_AggHistFutureSummary,CA_2__FOODS,1512,63,91005.09375,0.028512246121301568,mean_spl,0.10584168963682948
store_cat,2,M1_AggHistFutureSummary,M1_AggHistFutureSummary,CA_2__HOBBIES,1512,64,33450.58203125,0.010480196090955487,mean_spl,0.12190485438508752
store_cat,2,M1_AggHistFutureSummary,M1_AggHistFutureSummary,CA_2__HOUSEHOLD,1512,65,94968.328125,0.02975394270420743,mean_spl,0.0967914912009995
store_cat,2,M1_AggHistFutureSummary,M1_AggHistFutureSummary,CA_3__FOODS,1512,66,287165.4375,0.08997003677644409,mean_spl,0.1483852323515264
store_cat,2,M1_AggHistFutureSummary,M1_AggHistFutureSummary,CA_3__HOBBIES,1512,67,66716.6796875,0.020902592517202268,mean_spl,0.2221282737209409
store_cat,2,M1_AggHistFutureSummary,M1_AggHistFutureSummary,CA_3__HOUSEHOLD,1512,68,182819.796875,0.05727814597571753,mean_spl,0.15898024720273374
store_cat,2,M1_AggHistFutureSummary,M1_AggHistFutureSummary,CA_4__FOODS,1512,69,116552.8984375,0.03651647165520408,mean_spl,0.16300743742451843
store_cat,2,M1_AggHistFutureSummary,M1_AggHistFutureSummary,CA_4__HOBBIES,1512,70,36935.671875,0.011572088151995735,mean_spl,0.16499486790657666
store_cat,2,M1_AggHistFutureSummary,M1_AggHistFutureSummary,CA_4__HOUSEHOLD,1512,71,55035.6171875,0.017242870679288043,mean_spl,0.17900437210693096
store_cat,2,M1_AggHistFutureSummary,M1_AggHistFutureSummary,TX_1__FOODS,1512,72,146396.890625,0.045866709267504774,mean_spl,0.14107629788715056
store_cat,2,M1_AggHistFutureSummary,M1_AggHistFutureSummary,TX_1__HOBBIES,1512,73,37219.30859375,0.011660952627606897,mean_spl,0.17695282222760347
store_cat,2,M1_AggHistFutureSummary,M1_AggHistFutureSummary,TX_1__HOUSEHOLD,1512,74,98011.2890625,0.030707314077307153,mean_spl,0.14993035228255058
store_cat,2,M1_AggHistFutureSummary,M1_AggHistFutureSummary,TX_2__FOODS,1512,75,176122.65625,0.05517990604275809,mean_spl,0.2715455630524862
store_cat,2,M1_AggHistFutureSummary,M1_AggHistFutureSummary,TX_2__HOBBIES,1512,76,57129.640625,0.017898936281481592,mean_spl,0.2412487835817367
store_cat,2,M1_AggHistFutureSummary,M1_AggHistFutureSummary,TX_2__HOUSEHOLD,1512,77,104925.140625,0.03287345038103626,mean_spl,0.31023193365163776
store_cat,2,M1_AggHistFutureSummary,M1_AggHistFutureSummary,TX_3__FOODS,1512,78,171175.0625,0.05362980587918111,mean_spl,0.19527272925650563
store_cat,2,M1_AggHistFutureSummary,M1_AggHistFutureSummary,TX_3__HOBBIES,1512,79,67877.1015625,0.021266157156731493,mean_spl,0.19904963205715742
store_cat,2,M1_AggHistFutureSummary,M1_AggHistFutureSummary,TX_3__HOUSEHOLD,1512,80,106698.2734375,0.03342897971541217,mean_spl,0.23361347823971057
store_cat,2,M1_AggHistFutureSummary,M1_AggHistFutureSummary,WI_1__FOODS,1512,81,173160.421875,0.054251826612380274,mean_spl,0.1909672520555806
store_cat,2,M1_AggHistFutureSummary,M1_AggHistFutureSummary,WI_1__HOBBIES,1512,82,42989.3984375,0.013468743982879497,mean_spl,0.1923649512952619
store_cat,2,M1_AggHistFutureSummary,M1_AggHistFutureSummary,WI_1__HOUSEHOLD,1512,83,80510.828125,0.025224352311925487,mean_spl,0.17884465456716941
store_cat,2,M1_AggHistFutureSummary,M1_AggHistFutureSummary,WI_2__FOODS,1512,84,209484.875,0.06563241757761601,mean_spl,0.26237523019959524
store_cat,2,M1_AggHistFutureSummary,M1_AggHistFutureSummary,WI_2__HOBBIES,1512,85,27927.87890625,0.008749911946779423,mean_spl,0.22202619839139448
store_cat,2,M1_AggHistFutureSummary,M1_AggHistFutureSummary,WI_2__HOUSEHOLD,1512,86,94749.9140625,0.029685512737820482,mean_spl,0.2727973941096301
store_cat,2,M1_AggHistFutureSummary,M1_AggHistFutureSummary,WI_3__FOODS,1512,87,154383.0625,0.04836880765215719,mean_spl,0.1806942055025456
store_cat,2,M1_AggHistFutureSummary,M1_AggHistFutureSummary,WI_3__HOBBIES,1512,88,26006.021484375,0.00814778661989298,mean_spl,0.14786714807428475
store_cat,2,M1_AggHistFutureSummary,M1_AggHistFutureSummary,WI_3__HOUSEHOLD,1512,89,76870.9140625,0.02408395322728209,mean_spl,0.2194370378216855
store_cat,2,M1_AggHistFutureSummary,M1_AggHistFutureSummary,CA_1__FOODS,1540,90,220169.40625,0.06885783512657154,mean_spl,0.1167878971513387
store_cat,2,M1_AggHistFutureSummary,M1_AggHistFutureSummary,CA_1__HOBBIES,1540,91,61755.76953125,0.019314075778852052,mean_spl,0.12821665843242813
store_cat,2,M1_AggHistFutureSummary,M1_AggHistFutureSummary,CA_1__HOUSEHOLD,1540,92,109044.2734375,0.034103523871660345,mean_spl,0.14619875622874365
store_cat,2,M1_AggHistFutureSummary,M1_AggHistFutureSummary,CA_2__FOODS,1540,93,95685.3828125,0.029925539728460827,mean_spl,0.09983809371025595
store_cat,2,M1_AggHistFutureSummary,M1_AggHistFutureSummary,CA_2__HOBBIES,1540,94,34752.09765625,0.010868695389946238,mean_spl,0.11947149000910394
store_cat,2,M1_AggHistFutureSummary,M1_AggHistFutureSummary,CA_2__HOUSEHOLD,1540,95,99130.90625,0.03100312488811156,mean_spl,0.08006260025771453
store_cat,2,M1_AggHistFutureSummary,M1_AggHistFutureSummary,CA_3__FOODS,1540,96,290055.46875,0.09071465461495254,mean_spl,0.13736248075814064
store_cat,2,M1_AggHistFutureSummary,M1_AggHistFutureSummary,CA_3__HOBBIES,1540,97,67942.453125,0.02124895695119342,mean_spl,0.17294599552404322
store_cat,2,M1_AggHistFutureSummary,M1_AggHistFutureSummary,CA_3__HOUSEHOLD,1540,98,194752.859375,0.06090882702406398,mean_spl,0.19162618319144153
store_cat,2,M1_AggHistFutureSummary,M1_AggHistFutureSummary,CA_4__FOODS,1540,99,120052.3671875,0.03754629785831791,mean_spl,0.14646946217706228
store_cat,2,M1_AggHistFutureSummary,M1_AggHistFutureSummary,CA_4__HOBBIES,1540,100,37685.67578125,0.011786169994173486,mean_spl,0.2360879003445841
store_cat,2,M1_AggHistFutureSummary,M1_AggHistFutureSummary,CA_4__HOUSEHOLD,1540,101,57081.52734375,0.017852209648718267,mean_spl,0.18015062749349015
store_cat,2,M1_AggHistFutureSummary,M1_AggHistFutureSummary,TX_1__FOODS,1540,102,147996.359375,0.046285762798511335,mean_spl,0.09937837691880412
store_cat,2,M1_AggHistFutureSummary,M1_AggHistFutureSummary,TX_1__HOBBIES,1540,103,35824.16015625,0.011203982222607078,mean_spl,0.13521986550543605
store_cat,2,M1_AggHistFutureSummary,M1_AggHistFutureSummary,TX_1__HOUSEHOLD,1540,104,96537.8984375,0.030192163422228798,mean_spl,0.13326541762728208
store_cat,2,M1_AggHistFutureSummary,M1_AggHistFutureSummary,TX_2__FOODS,1540,105,179433.03125,0.05611756098412723,mean_spl,0.1174249336622111
store_cat,2,M1_AggHistFutureSummary,M1_AggHistFutureSummary,TX_2__HOBBIES,1540,106,54520.3046875,0.017051188969277244,mean_spl,0.14224880125281658
store_cat,2,M1_AggHistFutureSummary,M1_AggHistFutureSummary,TX_2__HOUSEHOLD,1540,107,103090.46875,0.032241475422103406,mean_spl,0.12716266486749012
store_cat,2,M1_AggHistFutureSummary,M1_AggHistFutureSummary,TX_3__FOODS,1540,108,173693.546875,0.05432254106952325,mean_spl,0.19040329904974082
store_cat,2,M1_AggHistFutureSummary,M1_AggHistFutureSummary,TX_3__HOBBIES,1540,109,69905.3671875,0.02186285701653573,mean_spl,0.17663588863401924
store_cat,2,M1_AggHistFutureSummary,M1_AggHistFutureSummary,TX_3__HOUSEHOLD,1540,110,104416.875,0.032656308093131484,mean_spl,0.20564278149372195
store_cat,2,M1_AggHistFutureSummary,M1_AggHistFutureSummary,WI_1__FOODS,1540,111,162298.171875,0.05075864512993716,mean_spl,0.15880180820818537
store_cat,2,M1_AggHistFutureSummary,M1_AggHistFutureSummary,WI_1__HOBBIES,1540,112,41865.28125,0.013093338820048013,mean_spl,0.23804733747093496
store_cat,2,M1_AggHistFutureSummary,M1_AggHistFutureSummary,WI_1__HOUSEHOLD,1540,113,77330.671875,0.024185116110770965,mean_spl,0.15922321355878552
store_cat,2,M1_AggHistFutureSummary,M1_AggHistFutureSummary,WI_2__FOODS,1540,114,202491.703125,0.06332914525121458,mean_spl,0.2602681347553552
store_cat,2,M1_AggHistFutureSummary,M1_AggHistFutureSummary,WI_2__HOBBIES,1540,115,26394.369140625,0.008254821364650992,mean_spl,0.16387737682863196
store_cat,2,M1_AggHistFutureSummary,M1_AggHistFutureSummary,WI_2__HOUSEHOLD,1540,116,86329.9609375,0.026999637769690065,mean_spl,0.23497829294037212
store_cat,2,M1_AggHistFutureSummary,M1_AggHistFutureSummary,WI_3__FOODS,1540,117,150028.796875,0.04692140627261487,mean_spl,0.1396073690703553
store_cat,2,M1_AggHistFutureSummary,M1_AggHistFutureSummary,WI_3__HOBBIES,1540,118,24321.859375,0.007606645316169617,mean_spl,0.12638967521966246
store_cat,2,M1_AggHistFutureSummary,M1_AggHistFutureSummary,WI_3__HOUSEHOLD,1540,119,72861.84375,0.022787493091836034,mean_spl,0.1803807301168712
store_cat,2,M3_FullSkuTemporalCNN,M3_FullSkuTemporalCNN,CA_1__FOODS,1456,0,216654.625,0.07397924456338241,rmsse,0.4761595704330539
store_cat,2,M3_FullSkuTemporalCNN,M3_FullSkuTemporalCNN,CA_1__HOBBIES,1456,1,54163.19921875,0.018494655082203344,rmsse,0.504128620570618
store_cat,2,M3_FullSkuTemporalCNN,M3_FullSkuTemporalCNN,CA_1__HOUSEHOLD,1456,2,94011.015625,0.03210115600612653,rmsse,0.8097212944089542
store_cat,2,M3_FullSkuTemporalCNN,M3_FullSkuTemporalCNN,CA_2__FOODS,1456,3,106220.4296875,0.03627020261154881,rmsse,0.9085539198164221
store_cat,2,M3_FullSkuTemporalCNN,M3_FullSkuTemporalCNN,CA_2__HOBBIES,1456,4,31810.216796875,0.010861968942644223,rmsse,0.8000902637754292
store_cat,2,M3_FullSkuTemporalCNN,M3_FullSkuTemporalCNN,CA_2__HOUSEHOLD,1456,5,86838.34375,0.029651963671490145,rmsse,0.7308627591524309
store_cat,2,M3_FullSkuTemporalCNN,M3_FullSkuTemporalCNN,CA_3__FOODS,1456,6,276034.6875,0.09425525836127126,rmsse,0.6831960974401086
store_cat,2,M3_FullSkuTemporalCNN,M3_FullSkuTemporalCNN,CA_3__HOBBIES,1456,7,57284.25,0.019560374214858966,rmsse,0.8841102923092592
store_cat,2,M3_FullSkuTemporalCNN,M3_FullSkuTemporalCNN,CA_3__HOUSEHOLD,1456,8,155978.5625,0.05326069647408786,rmsse,0.9391902925707283
store_cat,2,M3_FullSkuTemporalCNN,M3_FullSkuTemporalCNN,CA_4__FOODS,1456,9,114921.703125,0.03924135374965941,rmsse,0.648716745122653
store_cat,2,M3_FullSkuTemporalCNN,M3_FullSkuTemporalCNN,CA_4__HOBBIES,1456,10,33806.859375,0.011543745801055494,rmsse,0.7642952284465073
store_cat,2,M3_FullSkuTemporalCNN,M3_FullSkuTemporalCNN,CA_4__HOUSEHOLD,1456,11,51044.75,0.017429824283357508,rmsse,1.9273669336551604
store_cat,2,M3_FullSkuTemporalCNN,M3_FullSkuTemporalCNN,TX_1__FOODS,1456,12,140683.25,0.04803793391311849,rmsse,0.46318434546427567
store_cat,2,M3_FullSkuTemporalCNN,M3_FullSkuTemporalCNN,TX_1__HOBBIES,1456,13,27783.09765625,0.009486862217873518,rmsse,0.8439557668592951
store_cat,2,M3_FullSkuTemporalCNN,M3_FullSkuTemporalCNN,TX_1__HOUSEHOLD,1456,14,80417.0078125,0.027459323741721976,rmsse,0.5769167263535624
store_cat,2,M3_FullSkuTemporalCNN,M3_FullSkuTemporalCNN,TX_2__FOODS,1456,15,169176.453125,0.05776726991219309,rmsse,0.5134768557835373
store_cat,2,M3_FullSkuTemporalCNN,M3_FullSkuTemporalCNN,TX_2__HOBBIES,1456,16,42864.6796875,0.014636644021481715,rmsse,0.7291657009065555
store_cat,2,M3_FullSkuTemporalCNN,M3_FullSkuTemporalCNN,TX_2__HOUSEHOLD,1456,17,79355.1796875,0.027096750163873577,rmsse,0.6576948558209362
store_cat,2,M3_FullSkuTemporalCNN,M3_FullSkuTemporalCNN,TX_3__FOODS,1456,18,156799.8125,0.053541121849718216,rmsse,0.5505394505078023
store_cat,2,M3_FullSkuTemporalCNN,M3_FullSkuTemporalCNN,TX_3__HOBBIES,1456,19,49402.20703125,0.016868958859916763,rmsse,0.8538941194149721
store_cat,2,M3_FullSkuTemporalCNN,M3_FullSkuTemporalCNN,TX_3__HOUSEHOLD,1456,20,78533.859375,0.02681630077922134,rmsse,0.690073603774663
store_cat,2,M3_FullSkuTemporalCNN,M3_FullSkuTemporalCNN,WI_1__FOODS,1456,21,171450.15625,0.05854365232059495,rmsse,1.118508323820971
store_cat,2,M3_FullSkuTemporalCNN,M3_FullSkuTemporalCNN,WI_1__HOBBIES,1456,22,39346.1328125,0.01343519521893088,rmsse,0.8402264382120637
store_cat,2,M3_FullSkuTemporalCNN,M3_FullSkuTemporalCNN,WI_1__HOUSEHOLD,1456,23,69904.34375,0.023869652181780117,rmsse,1.2517441078267952
store_cat,2,M3_FullSkuTemporalCNN,M3_FullSkuTemporalCNN,WI_2__FOODS,1456,24,213990.953125,0.07306970278426171,rmsse,0.6314371247508532
store_cat,2,M3_FullSkuTemporalCNN,M3_FullSkuTemporalCNN,WI_2__HOBBIES,1456,25,22872.908203125,0.007810220851896331,rmsse,0.8754091830626888
store_cat,2,M3_FullSkuTemporalCNN,M3_FullSkuTemporalCNN,WI_2__HOUSEHOLD,1456,26,73007.3671875,0.02492921566799104,rmsse,1.7548571919353027
store_cat,2,M3_FullSkuTemporalCNN,M3_FullSkuTemporalCNN,WI_3__FOODS,1456,27,151780.5625,0.05182724049004377,rmsse,0.6641540609052494
store_cat,2,M3_FullSkuTemporalCNN,M3_FullSkuTemporalCNN,WI_3__HOBBIES,1456,28,21418.96875,0.007313756295078839,rmsse,0.8058259663762628
store_cat,2,M3_FullSkuTemporalCNN,M3_FullSkuTemporalCNN,WI_3__HOUSEHOLD,1456,29,61031.02734375,0.020839754968617726,rmsse,0.9704114150685992
store_cat,2,M3_FullSkuTemporalCNN,M3_FullSkuTemporalCNN,CA_1__FOODS,1484,30,213601.578125,0.06820771906795026,rmsse,0.4671864434822795
store_cat,2,M3_FullSkuTemporalCNN,M3_FullSkuTemporalCNN,CA_1__HOBBIES,1484,31,57432.234375,0.018339385607920238,rmsse,0.6622896098010302
store_cat,2,M3_FullSkuTemporalCNN,M3_FullSkuTemporalCNN,CA_1__HOUSEHOLD,1484,32,97660.3515625,0.031185115212744904,rmsse,0.5734393658630123
store_cat,2,M3_FullSkuTemporalCNN,M3_FullSkuTemporalCNN,CA_2__FOODS,1484,33,97109.96875,0.03100936577969128,rmsse,0.5281875032485037
store_cat,2,M3_FullSkuTemporalCNN,M3_FullSkuTemporalCNN,CA_2__HOBBIES,1484,34,32127.169921875,0.010258917559107109,rmsse,0.6663795490090657
store_cat,2,M3_FullSkuTemporalCNN,M3_FullSkuTemporalCNN,CA_2__HOUSEHOLD,1484,35,85772.1484375,0.027388948414303897,rmsse,0.4844483273774903
store_cat,2,M3_FullSkuTemporalCNN,M3_FullSkuTemporalCNN,CA_3__FOODS,1484,36,297412.46875,0.09497039438507442,rmsse,0.4837358248725153
store_cat,2,M3_FullSkuTemporalCNN,M3_FullSkuTemporalCNN,CA_3__HOBBIES,1484,37,61886.78125,0.019761821174605104,rmsse,0.7798261437605176
store_cat,2,M3_FullSkuTemporalCNN,M3_FullSkuTemporalCNN,CA_3__HOUSEHOLD,1484,38,172245.359375,0.05500176162618477,rmsse,0.7298132668510975
store_cat,2,M3_FullSkuTemporalCNN,M3_FullSkuTemporalCNN,CA_4__FOODS,1484,39,119859.8125,0.03827389521323178,rmsse,0.5069095064427852
store_cat,2,M3_FullSkuTemporalCNN,M3_FullSkuTemporalCNN,CA_4__HOBBIES,1484,40,36330.05078125,0.011600990588008404,rmsse,0.8248855973097441
store_cat,2,M3_FullSkuTemporalCNN,M3_FullSkuTemporalCNN,CA_4__HOUSEHOLD,1484,41,51402.9609375,0.016414104940901036,rmsse,1.0363223737346745
store_cat,2,M3_FullSkuTemporalCNN,M3_FullSkuTemporalCNN,TX_1__FOODS,1484,42,144507.609375,0.0461444831538793,rmsse,0.4074329734105812
store_cat,2,M3_FullSkuTemporalCNN,M3_FullSkuTemporalCNN,TX_1__HOBBIES,1484,43,31937.12890625,0.010198233249941787,rmsse,0.7279491540282036
store_cat,2,M3_FullSkuTemporalCNN,M3_FullSkuTemporalCNN,TX_1__HOUSEHOLD,1484,44,89760.1953125,0.02866242018950133,rmsse,0.7647207485282014
store_cat,2,M3_FullSkuTemporalCNN,M3_FullSkuTemporalCNN,TX_2__FOODS,1484,45,179773.953125,0.0574058085062889,rmsse,0.4488407835089829
store_cat,2,M3_FullSkuTemporalCNN,M3_FullSkuTemporalCNN,TX_2__HOBBIES,1484,46,49847.03125,0.015917262099447972,rmsse,0.7368345933727759
store_cat,2,M3_FullSkuTemporalCNN,M3_FullSkuTemporalCNN,TX_2__HOUSEHOLD,1484,47,93967.359375,0.030005860940111543,rmsse,0.5868979943869089
store_cat,2,M3_FullSkuTemporalCNN,M3_FullSkuTemporalCNN,TX_3__FOODS,1484,48,166358.546875,0.053121971894618626,rmsse,0.5476001037210648
store_cat,2,M3_FullSkuTemporalCNN,M3_FullSkuTemporalCNN,TX_3__HOBBIES,1484,49,58939.0,0.018820529274335952,rmsse,1.0367243244777582
store_cat,2,M3_FullSkuTemporalCNN,M3_FullSkuTemporalCNN,TX_3__HOUSEHOLD,1484,50,94858.9296875,0.030290559105444093,rmsse,1.0363388413005403
store_cat,2,M3_FullSkuTemporalCNN,M3_FullSkuTemporalCNN,WI_1__FOODS,1484,51,182376.296875,0.05823679455506408,rmsse,1.1799185867253261
store_cat,2,M3_FullSkuTemporalCNN,M3_FullSkuTemporalCNN,WI_1__HOBBIES,1484,52,42152.4609375,0.013460215223528077,rmsse,0.7814654677156349
store_cat,2,M3_FullSkuTemporalCNN,M3_FullSkuTemporalCNN,WI_1__HOUSEHOLD,1484,53,74201.4921875,0.023694181372508085,rmsse,1.1141599703236114
store_cat,2,M3_FullSkuTemporalCNN,M3_FullSkuTemporalCNN,WI_2__FOODS,1484,54,220910.796875,0.07054171464739512,rmsse,0.7277668452406474
store_cat,2,M3_FullSkuTemporalCNN,M3_FullSkuTemporalCNN,WI_2__HOBBIES,1484,55,28042.1796875,0.00895448962019686,rmsse,0.9009099222719718
store_cat,2,M3_FullSkuTemporalCNN,M3_FullSkuTemporalCNN,WI_2__HOUSEHOLD,1484,56,95896.65625,0.030621928201429557,rmsse,1.1586693829788763
store_cat,2,M3_FullSkuTemporalCNN,M3_FullSkuTemporalCNN,WI_3__FOODS,1484,57,160906.484375,0.05138100747569806,rmsse,0.3370393522939643
store_cat,2,M3_FullSkuTemporalCNN,M3_FullSkuTemporalCNN,WI_3__HOBBIES,1484,58,24415.33984375,0.007796359257404398,rmsse,0.8034675057934995
store_cat,2,M3_FullSkuTemporalCNN,M3_FullSkuTemporalCNN,WI_3__HOUSEHOLD,1484,59,69941.15625,0.02233376166348309,rmsse,0.9225302624972623
store_cat,2,M3_FullSkuTemporalCNN,M3_FullSkuTemporalCNN,CA_1__FOODS,1512,60,207180.25,0.06491036969535333,rmsse,0.5631979675618658
store_cat,2,M3_FullSkuTemporalCNN,M3_FullSkuTemporalCNN,CA_1__HOBBIES,1512,61,62380.88671875,0.019544171893015955,rmsse,0.5802979965767866
store_cat,2,M3_FullSkuTemporalCNN,M3_FullSkuTemporalCNN,CA_1__HOUSEHOLD,1512,62,105939.7890625,0.03319134364156151,rmsse,0.5640966961571523
store_cat,2,M3_FullSkuTemporalCNN,M3_FullSkuTemporalCNN,CA_2__FOODS,1512,63,91005.09375,0.028512246121301568,rmsse,0.3625078815201074
store_cat,2,M3_FullSkuTemporalCNN,M3_FullSkuTemporalCNN,CA_2__HOBBIES,1512,64,33450.58203125,0.010480196090955487,rmsse,0.4707121664126796
store_cat,2,M3_FullSkuTemporalCNN,M3_FullSkuTemporalCNN,CA_2__HOUSEHOLD,1512,65,94968.328125,0.02975394270420743,rmsse,0.3709221698847937
store_cat,2,M3_FullSkuTemporalCNN,M3_FullSkuTemporalCNN,CA_3__FOODS,1512,66,287165.4375,0.08997003677644409,rmsse,0.4955720325384725
store_cat,2,M3_FullSkuTemporalCNN,M3_FullSkuTemporalCNN,CA_3__HOBBIES,1512,67,66716.6796875,0.020902592517202268,rmsse,0.916743643173676
store_cat,2,M3_FullSkuTemporalCNN,M3_FullSkuTemporalCNN,CA_3__HOUSEHOLD,1512,68,182819.796875,0.05727814597571753,rmsse,0.7621800538746348
store_cat,2,M3_FullSkuTemporalCNN,M3_FullSkuTemporalCNN,CA_4__FOODS,1512,69,116552.8984375,0.03651647165520408,rmsse,0.5872223134129696
store_cat,2,M3_FullSkuTemporalCNN,M3_FullSkuTemporalCNN,CA_4__HOBBIES,1512,70,36935.671875,0.011572088151995735,rmsse,0.6561549419114612
store_cat,2,M3_FullSkuTemporalCNN,M3_FullSkuTemporalCNN,CA_4__HOUSEHOLD,1512,71,55035.6171875,0.017242870679288043,rmsse,0.7096407558711575
store_cat,2,M3_FullSkuTemporalCNN,M3_FullSkuTemporalCNN,TX_1__FOODS,1512,72,146396.890625,0.045866709267504774,rmsse,0.4462574884394211
store_cat,2,M3_FullSkuTemporalCNN,M3_FullSkuTemporalCNN,TX_1__HOBBIES,1512,73,37219.30859375,0.011660952627606897,rmsse,0.7893379349514071
store_cat,2,M3_FullSkuTemporalCNN,M3_FullSkuTemporalCNN,TX_1__HOUSEHOLD,1512,74,98011.2890625,0.030707314077307153,rmsse,0.6688280675382346
store_cat,2,M3_FullSkuTemporalCNN,M3_FullSkuTemporalCNN,TX_2__FOODS,1512,75,176122.65625,0.05517990604275809,rmsse,1.0211032398897955
store_cat,2,M3_FullSkuTemporalCNN,M3_FullSkuTemporalCNN,TX_2__HOBBIES,1512,76,57129.640625,0.017898936281481592,rmsse,1.036824779914534
store_cat,2,M3_FullSkuTemporalCNN,M3_FullSkuTemporalCNN,TX_2__HOUSEHOLD,1512,77,104925.140625,0.03287345038103626,rmsse,1.2012246741532366
store_cat,2,M3_FullSkuTemporalCNN,M3_FullSkuTemporalCNN,TX_3__FOODS,1512,78,171175.0625,0.05362980587918111,rmsse,0.5697847686371927
store_cat,2,M3_FullSkuTemporalCNN,M3_FullSkuTemporalCNN,TX_3__HOBBIES,1512,79,67877.1015625,0.021266157156731493,rmsse,0.9113498130685777
store_cat,2,M3_FullSkuTemporalCNN,M3_FullSkuTemporalCNN,TX_3__HOUSEHOLD,1512,80,106698.2734375,0.03342897971541217,rmsse,0.9205330953316775
store_cat,2,M3_FullSkuTemporalCNN,M3_FullSkuTemporalCNN,WI_1__FOODS,1512,81,173160.421875,0.054251826612380274,rmsse,0.8992304223806361
store_cat,2,M3_FullSkuTemporalCNN,M3_FullSkuTemporalCNN,WI_1__HOBBIES,1512,82,42989.3984375,0.013468743982879497,rmsse,0.8471153507846099
store_cat,2,M3_FullSkuTemporalCNN,M3_FullSkuTemporalCNN,WI_1__HOUSEHOLD,1512,83,80510.828125,0.025224352311925487,rmsse,0.5698131630610307
store_cat,2,M3_FullSkuTemporalCNN,M3_FullSkuTemporalCNN,WI_2__FOODS,1512,84,209484.875,0.06563241757761601,rmsse,0.5410162220040005
store_cat,2,M3_FullSkuTemporalCNN,M3_FullSkuTemporalCNN,WI_2__HOBBIES,1512,85,27927.87890625,0.008749911946779423,rmsse,0.8464986476368127
store_cat,2,M3_FullSkuTemporalCNN,M3_FullSkuTemporalCNN,WI_2__HOUSEHOLD,1512,86,94749.9140625,0.029685512737820482,rmsse,0.7457895529572498
store_cat,2,M3_FullSkuTemporalCNN,M3_FullSkuTemporalCNN,WI_3__FOODS,1512,87,154383.0625,0.04836880765215719,rmsse,0.6108569028661485
store_cat,2,M3_FullSkuTemporalCNN,M3_FullSkuTemporalCNN,WI_3__HOBBIES,1512,88,26006.021484375,0.00814778661989298,rmsse,0.6736083819456681
store_cat,2,M3_FullSkuTemporalCNN,M3_FullSkuTemporalCNN,WI_3__HOUSEHOLD,1512,89,76870.9140625,0.02408395322728209,rmsse,0.6248331119059249
store_cat,2,M3_FullSkuTemporalCNN,M3_FullSkuTemporalCNN,CA_1__FOODS,1540,90,220169.40625,0.06885783512657154,rmsse,0.47420674384146144
store_cat,2,M3_FullSkuTemporalCNN,M3_FullSkuTemporalCNN,CA_1__HOBBIES,1540,91,61755.76953125,0.019314075778852052,rmsse,0.43257098517869413
store_cat,2,M3_FullSkuTemporalCNN,M3_FullSkuTemporalCNN,CA_1__HOUSEHOLD,1540,92,109044.2734375,0.034103523871660345,rmsse,0.5848661739856127
store_cat,2,M3_FullSkuTemporalCNN,M3_FullSkuTemporalCNN,CA_2__FOODS,1540,93,95685.3828125,0.029925539728460827,rmsse,0.3609860331832477
store_cat,2,M3_FullSkuTemporalCNN,M3_FullSkuTemporalCNN,CA_2__HOBBIES,1540,94,34752.09765625,0.010868695389946238,rmsse,0.5031924534101232
store_cat,2,M3_FullSkuTemporalCNN,M3_FullSkuTemporalCNN,CA_2__HOUSEHOLD,1540,95,99130.90625,0.03100312488811156,rmsse,0.34398690997844145
store_cat,2,M3_FullSkuTemporalCNN,M3_FullSkuTemporalCNN,CA_3__FOODS,1540,96,290055.46875,0.09071465461495254,rmsse,0.4477848940514946
store_cat,2,M3_FullSkuTemporalCNN,M3_FullSkuTemporalCNN,CA_3__HOBBIES,1540,97,67942.453125,0.02124895695119342,rmsse,0.8701196797429476
store_cat,2,M3_FullSkuTemporalCNN,M3_FullSkuTemporalCNN,CA_3__HOUSEHOLD,1540,98,194752.859375,0.06090882702406398,rmsse,0.6116622819837266
store_cat,2,M3_FullSkuTemporalCNN,M3_FullSkuTemporalCNN,CA_4__FOODS,1540,99,120052.3671875,0.03754629785831791,rmsse,0.4913088446873676
store_cat,2,M3_FullSkuTemporalCNN,M3_FullSkuTemporalCNN,CA_4__HOBBIES,1540,100,37685.67578125,0.011786169994173486,rmsse,0.8840610821209313
store_cat,2,M3_FullSkuTemporalCNN,M3_FullSkuTemporalCNN,CA_4__HOUSEHOLD,1540,101,57081.52734375,0.017852209648718267,rmsse,0.8591223135897744
store_cat,2,M3_FullSkuTemporalCNN,M3_FullSkuTemporalCNN,TX_1__FOODS,1540,102,147996.359375,0.046285762798511335,rmsse,0.2547416012141985
store_cat,2,M3_FullSkuTemporalCNN,M3_FullSkuTemporalCNN,TX_1__HOBBIES,1540,103,35824.16015625,0.011203982222607078,rmsse,0.5522970814503739
store_cat,2,M3_FullSkuTemporalCNN,M3_FullSkuTemporalCNN,TX_1__HOUSEHOLD,1540,104,96537.8984375,0.030192163422228798,rmsse,0.3738310210119661
store_cat,2,M3_FullSkuTemporalCNN,M3_FullSkuTemporalCNN,TX_2__FOODS,1540,105,179433.03125,0.05611756098412723,rmsse,0.3371097269356605
store_cat,2,M3_FullSkuTemporalCNN,M3_FullSkuTemporalCNN,TX_2__HOBBIES,1540,106,54520.3046875,0.017051188969277244,rmsse,0.5270687553551788
store_cat,2,M3_FullSkuTemporalCNN,M3_FullSkuTemporalCNN,TX_2__HOUSEHOLD,1540,107,103090.46875,0.032241475422103406,rmsse,0.44213017691341344
store_cat,2,M3_FullSkuTemporalCNN,M3_FullSkuTemporalCNN,TX_3__FOODS,1540,108,173693.546875,0.05432254106952325,rmsse,0.6760813861820424
store_cat,2,M3_FullSkuTemporalCNN,M3_FullSkuTemporalCNN,TX_3__HOBBIES,1540,109,69905.3671875,0.02186285701653573,rmsse,0.6082631019851023
store_cat,2,M3_FullSkuTemporalCNN,M3_FullSkuTemporalCNN,TX_3__HOUSEHOLD,1540,110,104416.875,0.032656308093131484,rmsse,0.6319351387497556
store_cat,2,M3_FullSkuTemporalCNN,M3_FullSkuTemporalCNN,WI_1__FOODS,1540,111,162298.171875,0.05075864512993716,rmsse,0.630449726685876
store_cat,2,M3_FullSkuTemporalCNN,M3_FullSkuTemporalCNN,WI_1__HOBBIES,1540,112,41865.28125,0.013093338820048013,rmsse,0.7123746930972226
store_cat,2,M3_FullSkuTemporalCNN,M3_FullSkuTemporalCNN,WI_1__HOUSEHOLD,1540,113,77330.671875,0.024185116110770965,rmsse,0.7885488911713815
store_cat,2,M3_FullSkuTemporalCNN,M3_FullSkuTemporalCNN,WI_2__FOODS,1540,114,202491.703125,0.06332914525121458,rmsse,0.5682909356486359
store_cat,2,M3_FullSkuTemporalCNN,M3_FullSkuTemporalCNN,WI_2__HOBBIES,1540,115,26394.369140625,0.008254821364650992,rmsse,0.8006618574984175
store_cat,2,M3_FullSkuTemporalCNN,M3_FullSkuTemporalCNN,WI_2__HOUSEHOLD,1540,116,86329.9609375,0.026999637769690065,rmsse,0.7906025906925955
store_cat,2,M3_FullSkuTemporalCNN,M3_FullSkuTemporalCNN,WI_3__FOODS,1540,117,150028.796875,0.04692140627261487,rmsse,0.34697263825048363
store_cat,2,M3_FullSkuTemporalCNN,M3_FullSkuTemporalCNN,WI_3__HOBBIES,1540,118,24321.859375,0.007606645316169617,rmsse,0.8663385267812131
store_cat,2,M3_FullSkuTemporalCNN,M3_FullSkuTemporalCNN,WI_3__HOUSEHOLD,1540,119,72861.84375,0.022787493091836034,rmsse,0.6002169688755083
store_cat,2,M3_FullSkuTemporalCNN,M3_FullSkuTemporalCNN,CA_1__FOODS,1456,0,216654.625,0.07397924456338241,mean_spl,0.11382215414179596
store_cat,2,M3_FullSkuTemporalCNN,M3_FullSkuTemporalCNN,CA_1__HOBBIES,1456,1,54163.19921875,0.018494655082203344,mean_spl,0.11907175304291052
store_cat,2,M3_FullSkuTemporalCNN,M3_FullSkuTemporalCNN,CA_1__HOUSEHOLD,1456,2,94011.015625,0.03210115600612653,mean_spl,0.20493915243248834
store_cat,2,M3_FullSkuTemporalCNN,M3_FullSkuTemporalCNN,CA_2__FOODS,1456,3,106220.4296875,0.03627020261154881,mean_spl,0.27378651814895505
store_cat,2,M3_FullSkuTemporalCNN,M3_FullSkuTemporalCNN,CA_2__HOBBIES,1456,4,31810.216796875,0.010861968942644223,mean_spl,0.18362431893127318
store_cat,2,M3_FullSkuTemporalCNN,M3_FullSkuTemporalCNN,CA_2__HOUSEHOLD,1456,5,86838.34375,0.029651963671490145,mean_spl,0.14018410479307952
store_cat,2,M3_FullSkuTemporalCNN,M3_FullSkuTemporalCNN,CA_3__FOODS,1456,6,276034.6875,0.09425525836127126,mean_spl,0.15838380487851278
store_cat,2,M3_FullSkuTemporalCNN,M3_FullSkuTemporalCNN,CA_3__HOBBIES,1456,7,57284.25,0.019560374214858966,mean_spl,0.22459776936029907
store_cat,2,M3_FullSkuTemporalCNN,M3_FullSkuTemporalCNN,CA_3__HOUSEHOLD,1456,8,155978.5625,0.05326069647408786,mean_spl,0.29685386911310474
store_cat,2,M3_FullSkuTemporalCNN,M3_FullSkuTemporalCNN,CA_4__FOODS,1456,9,114921.703125,0.03924135374965941,mean_spl,0.14682226267272258
store_cat,2,M3_FullSkuTemporalCNN,M3_FullSkuTemporalCNN,CA_4__HOBBIES,1456,10,33806.859375,0.011543745801055494,mean_spl,0.15807809940023454
store_cat,2,M3_FullSkuTemporalCNN,M3_FullSkuTemporalCNN,CA_4__HOUSEHOLD,1456,11,51044.75,0.017429824283357508,mean_spl,0.24968491874605916
store_cat,2,M3_FullSkuTemporalCNN,M3_FullSkuTemporalCNN,TX_1__FOODS,1456,12,140683.25,0.04803793391311849,mean_spl,0.11321670088973448
store_cat,2,M3_FullSkuTemporalCNN,M3_FullSkuTemporalCNN,TX_1__HOBBIES,1456,13,27783.09765625,0.009486862217873518,mean_spl,0.2030295134111824
store_cat,2,M3_FullSkuTemporalCNN,M3_FullSkuTemporalCNN,TX_1__HOUSEHOLD,1456,14,80417.0078125,0.027459323741721976,mean_spl,0.17057378042701077
store_cat,2,M3_FullSkuTemporalCNN,M3_FullSkuTemporalCNN,TX_2__FOODS,1456,15,169176.453125,0.05776726991219309,mean_spl,0.12571556885715743
store_cat,2,M3_FullSkuTemporalCNN,M3_FullSkuTemporalCNN,TX_2__HOBBIES,1456,16,42864.6796875,0.014636644021481715,mean_spl,0.16861282958557752
store_cat,2,M3_FullSkuTemporalCNN,M3_FullSkuTemporalCNN,TX_2__HOUSEHOLD,1456,17,79355.1796875,0.027096750163873577,mean_spl,0.20511200580655214
store_cat,2,M3_FullSkuTemporalCNN,M3_FullSkuTemporalCNN,TX_3__FOODS,1456,18,156799.8125,0.053541121849718216,mean_spl,0.16278257073246655
store_cat,2,M3_FullSkuTemporalCNN,M3_FullSkuTemporalCNN,TX_3__HOBBIES,1456,19,49402.20703125,0.016868958859916763,mean_spl,0.20267100951595185
store_cat,2,M3_FullSkuTemporalCNN,M3_FullSkuTemporalCNN,TX_3__HOUSEHOLD,1456,20,78533.859375,0.02681630077922134,mean_spl,0.23790801538362738
store_cat,2,M3_FullSkuTemporalCNN,M3_FullSkuTemporalCNN,WI_1__FOODS,1456,21,171450.15625,0.05854365232059495,mean_spl,0.2887389327478519
store_cat,2,M3_FullSkuTemporalCNN,M3_FullSkuTemporalCNN,WI_1__HOBBIES,1456,22,39346.1328125,0.01343519521893088,mean_spl,0.20459040106443752
store_cat,2,M3_FullSkuTemporalCNN,M3_FullSkuTemporalCNN,WI_1__HOUSEHOLD,1456,23,69904.34375,0.023869652181780117,mean_spl,0.2687252909423823
store_cat,2,M3_FullSkuTemporalCNN,M3_FullSkuTemporalCNN,WI_2__FOODS,1456,24,213990.953125,0.07306970278426171,mean_spl,0.1672214816863723
store_cat,2,M3_FullSkuTemporalCNN,M3_FullSkuTemporalCNN,WI_2__HOBBIES,1456,25,22872.908203125,0.007810220851896331,mean_spl,0.21167233114879258
store_cat,2,M3_FullSkuTemporalCNN,M3_FullSkuTemporalCNN,WI_2__HOUSEHOLD,1456,26,73007.3671875,0.02492921566799104,mean_spl,0.6599144341458748
store_cat,2,M3_FullSkuTemporalCNN,M3_FullSkuTemporalCNN,WI_3__FOODS,1456,27,151780.5625,0.05182724049004377,mean_spl,0.15634836462448168
store_cat,2,M3_FullSkuTemporalCNN,M3_FullSkuTemporalCNN,WI_3__HOBBIES,1456,28,21418.96875,0.007313756295078839,mean_spl,0.20669555280149715
store_cat,2,M3_FullSkuTemporalCNN,M3_FullSkuTemporalCNN,WI_3__HOUSEHOLD,1456,29,61031.02734375,0.020839754968617726,mean_spl,0.2840827836041469
store_cat,2,M3_FullSkuTemporalCNN,M3_FullSkuTemporalCNN,CA_1__FOODS,1484,30,213601.578125,0.06820771906795026,mean_spl,0.11400445723058948
store_cat,2,M3_FullSkuTemporalCNN,M3_FullSkuTemporalCNN,CA_1__HOBBIES,1484,31,57432.234375,0.018339385607920238,mean_spl,0.1631120338069555
store_cat,2,M3_FullSkuTemporalCNN,M3_FullSkuTemporalCNN,CA_1__HOUSEHOLD,1484,32,97660.3515625,0.031185115212744904,mean_spl,0.15656530654216888
store_cat,2,M3_FullSkuTemporalCNN,M3_FullSkuTemporalCNN,CA_2__FOODS,1484,33,97109.96875,0.03100936577969128,mean_spl,0.125343786860174
store_cat,2,M3_FullSkuTemporalCNN,M3_FullSkuTemporalCNN,CA_2__HOBBIES,1484,34,32127.169921875,0.010258917559107109,mean_spl,0.17220452341304548
store_cat,2,M3_FullSkuTemporalCNN,M3_FullSkuTemporalCNN,CA_2__HOUSEHOLD,1484,35,85772.1484375,0.027388948414303897,mean_spl,0.15308933983305584
store_cat,2,M3_FullSkuTemporalCNN,M3_FullSkuTemporalCNN,CA_3__FOODS,1484,36,297412.46875,0.09497039438507442,mean_spl,0.13117198076793207
store_cat,2,M3_FullSkuTemporalCNN,M3_FullSkuTemporalCNN,CA_3__HOBBIES,1484,37,61886.78125,0.019761821174605104,mean_spl,0.19271228117257466
store_cat,2,M3_FullSkuTemporalCNN,M3_FullSkuTemporalCNN,CA_3__HOUSEHOLD,1484,38,172245.359375,0.05500176162618477,mean_spl,0.28636164038101153
store_cat,2,M3_FullSkuTemporalCNN,M3_FullSkuTemporalCNN,CA_4__FOODS,1484,39,119859.8125,0.03827389521323178,mean_spl,0.13092560807517734
store_cat,2,M3_FullSkuTemporalCNN,M3_FullSkuTemporalCNN,CA_4__HOBBIES,1484,40,36330.05078125,0.011600990588008404,mean_spl,0.2182544449131005
store_cat,2,M3_FullSkuTemporalCNN,M3_FullSkuTemporalCNN,CA_4__HOUSEHOLD,1484,41,51402.9609375,0.016414104940901036,mean_spl,0.1822824655782489
store_cat,2,M3_FullSkuTemporalCNN,M3_FullSkuTemporalCNN,TX_1__FOODS,1484,42,144507.609375,0.0461444831538793,mean_spl,0.08739286039860789
store_cat,2,M3_FullSkuTemporalCNN,M3_FullSkuTemporalCNN,TX_1__HOBBIES,1484,43,31937.12890625,0.010198233249941787,mean_spl,0.17681772412168945
store_cat,2,M3_FullSkuTemporalCNN,M3_FullSkuTemporalCNN,TX_1__HOUSEHOLD,1484,44,89760.1953125,0.02866242018950133,mean_spl,0.19355929013538786
store_cat,2,M3_FullSkuTemporalCNN,M3_FullSkuTemporalCNN,TX_2__FOODS,1484,45,179773.953125,0.0574058085062889,mean_spl,0.10624481058002738
store_cat,2,M3_FullSkuTemporalCNN,M3_FullSkuTemporalCNN,TX_2__HOBBIES,1484,46,49847.03125,0.015917262099447972,mean_spl,0.15429234540109907
store_cat,2,M3_FullSkuTemporalCNN,M3_FullSkuTemporalCNN,TX_2__HOUSEHOLD,1484,47,93967.359375,0.030005860940111543,mean_spl,0.14573221917734666
store_cat,2,M3_FullSkuTemporalCNN,M3_FullSkuTemporalCNN,TX_3__FOODS,1484,48,166358.546875,0.053121971894618626,mean_spl,0.12510351938590358
store_cat,2,M3_FullSkuTemporalCNN,M3_FullSkuTemporalCNN,TX_3__HOBBIES,1484,49,58939.0,0.018820529274335952,mean_spl,0.23153225860219293
store_cat,2,M3_FullSkuTemporalCNN,M3_FullSkuTemporalCNN,TX_3__HOUSEHOLD,1484,50,94858.9296875,0.030290559105444093,mean_spl,0.29070526630702853
store_cat,2,M3_FullSkuTemporalCNN,M3_FullSkuTemporalCNN,WI_1__FOODS,1484,51,182376.296875,0.05823679455506408,mean_spl,0.3236039800729037
store_cat,2,M3_FullSkuTemporalCNN,M3_FullSkuTemporalCNN,WI_1__HOBBIES,1484,52,42152.4609375,0.013460215223528077,mean_spl,0.15807069686594397
store_cat,2,M3_FullSkuTemporalCNN,M3_FullSkuTemporalCNN,WI_1__HOUSEHOLD,1484,53,74201.4921875,0.023694181372508085,mean_spl,0.2609475190082459
store_cat,2,M3_FullSkuTemporalCNN,M3_FullSkuTemporalCNN,WI_2__FOODS,1484,54,220910.796875,0.07054171464739512,mean_spl,0.17942339169589933
store_cat,2,M3_FullSkuTemporalCNN,M3_FullSkuTemporalCNN,WI_2__HOBBIES,1484,55,28042.1796875,0.00895448962019686,mean_spl,0.23386646457240254
store_cat,2,M3_FullSkuTemporalCNN,M3_FullSkuTemporalCNN,WI_2__HOUSEHOLD,1484,56,95896.65625,0.030621928201429557,mean_spl,0.3508289190963658
store_cat,2,M3_FullSkuTemporalCNN,M3_FullSkuTemporalCNN,WI_3__FOODS,1484,57,160906.484375,0.05138100747569806,mean_spl,0.10154277589023251
store_cat,2,M3_FullSkuTemporalCNN,M3_FullSkuTemporalCNN,WI_3__HOBBIES,1484,58,24415.33984375,0.007796359257404398,mean_spl,0.17772437994729284
store_cat,2,M3_FullSkuTemporalCNN,M3_FullSkuTemporalCNN,WI_3__HOUSEHOLD,1484,59,69941.15625,0.02233376166348309,mean_spl,0.2232761141193581
store_cat,2,M3_FullSkuTemporalCNN,M3_FullSkuTemporalCNN,CA_1__FOODS,1512,60,207180.25,0.06491036969535333,mean_spl,0.1630908727030955
store_cat,2,M3_FullSkuTemporalCNN,M3_FullSkuTemporalCNN,CA_1__HOBBIES,1512,61,62380.88671875,0.019544171893015955,mean_spl,0.15516051948327755
store_cat,2,M3_FullSkuTemporalCNN,M3_FullSkuTemporalCNN,CA_1__HOUSEHOLD,1512,62,105939.7890625,0.03319134364156151,mean_spl,0.13354963378030893
store_cat,2,M3_FullSkuTemporalCNN,M3_FullSkuTemporalCNN,CA_2__FOODS,1512,63,91005.09375,0.028512246121301568,mean_spl,0.09813158894911884
store_cat,2,M3_FullSkuTemporalCNN,M3_FullSkuTemporalCNN,CA_2__HOBBIES,1512,64,33450.58203125,0.010480196090955487,mean_spl,0.12141766714693933
store_cat,2,M3_FullSkuTemporalCNN,M3_FullSkuTemporalCNN,CA_2__HOUSEHOLD,1512,65,94968.328125,0.02975394270420743,mean_spl,0.10260841653601403
store_cat,2,M3_FullSkuTemporalCNN,M3_FullSkuTemporalCNN,CA_3__FOODS,1512,66,287165.4375,0.08997003677644409,mean_spl,0.11607800044826656
store_cat,2,M3_FullSkuTemporalCNN,M3_FullSkuTemporalCNN,CA_3__HOBBIES,1512,67,66716.6796875,0.020902592517202268,mean_spl,0.21478861176009123
store_cat,2,M3_FullSkuTemporalCNN,M3_FullSkuTemporalCNN,CA_3__HOUSEHOLD,1512,68,182819.796875,0.05727814597571753,mean_spl,0.2861629917671494
store_cat,2,M3_FullSkuTemporalCNN,M3_FullSkuTemporalCNN,CA_4__FOODS,1512,69,116552.8984375,0.03651647165520408,mean_spl,0.1548767924865101
store_cat,2,M3_FullSkuTemporalCNN,M3_FullSkuTemporalCNN,CA_4__HOBBIES,1512,70,36935.671875,0.011572088151995735,mean_spl,0.160151914622401
store_cat,2,M3_FullSkuTemporalCNN,M3_FullSkuTemporalCNN,CA_4__HOUSEHOLD,1512,71,55035.6171875,0.017242870679288043,mean_spl,0.14635873806998054
store_cat,2,M3_FullSkuTemporalCNN,M3_FullSkuTemporalCNN,TX_1__FOODS,1512,72,146396.890625,0.045866709267504774,mean_spl,0.11105986282295992
store_cat,2,M3_FullSkuTemporalCNN,M3_FullSkuTemporalCNN,TX_1__HOBBIES,1512,73,37219.30859375,0.011660952627606897,mean_spl,0.20979124098597204
store_cat,2,M3_FullSkuTemporalCNN,M3_FullSkuTemporalCNN,TX_1__HOUSEHOLD,1512,74,98011.2890625,0.030707314077307153,mean_spl,0.1474104417663435
store_cat,2,M3_FullSkuTemporalCNN,M3_FullSkuTemporalCNN,TX_2__FOODS,1512,75,176122.65625,0.05517990604275809,mean_spl,0.24562651635987395
store_cat,2,M3_FullSkuTemporalCNN,M3_FullSkuTemporalCNN,TX_2__HOBBIES,1512,76,57129.640625,0.017898936281481592,mean_spl,0.23941140679961112
store_cat,2,M3_FullSkuTemporalCNN,M3_FullSkuTemporalCNN,TX_2__HOUSEHOLD,1512,77,104925.140625,0.03287345038103626,mean_spl,0.3050969933110362
store_cat,2,M3_FullSkuTemporalCNN,M3_FullSkuTemporalCNN,TX_3__FOODS,1512,78,171175.0625,0.05362980587918111,mean_spl,0.1410571132623408
store_cat,2,M3_FullSkuTemporalCNN,M3_FullSkuTemporalCNN,TX_3__HOBBIES,1512,79,67877.1015625,0.021266157156731493,mean_spl,0.21061187109464538
store_cat,2,M3_FullSkuTemporalCNN,M3_FullSkuTemporalCNN,TX_3__HOUSEHOLD,1512,80,106698.2734375,0.03342897971541217,mean_spl,0.2510781852456281
store_cat,2,M3_FullSkuTemporalCNN,M3_FullSkuTemporalCNN,WI_1__FOODS,1512,81,173160.421875,0.054251826612380274,mean_spl,0.22029219931092525
store_cat,2,M3_FullSkuTemporalCNN,M3_FullSkuTemporalCNN,WI_1__HOBBIES,1512,82,42989.3984375,0.013468743982879497,mean_spl,0.21077156977826825
store_cat,2,M3_FullSkuTemporalCNN,M3_FullSkuTemporalCNN,WI_1__HOUSEHOLD,1512,83,80510.828125,0.025224352311925487,mean_spl,0.1486418584281839
store_cat,2,M3_FullSkuTemporalCNN,M3_FullSkuTemporalCNN,WI_2__FOODS,1512,84,209484.875,0.06563241757761601,mean_spl,0.139401785096497
store_cat,2,M3_FullSkuTemporalCNN,M3_FullSkuTemporalCNN,WI_2__HOBBIES,1512,85,27927.87890625,0.008749911946779423,mean_spl,0.2667692439970103
store_cat,2,M3_FullSkuTemporalCNN,M3_FullSkuTemporalCNN,WI_2__HOUSEHOLD,1512,86,94749.9140625,0.029685512737820482,mean_spl,0.22114986734891715
store_cat,2,M3_FullSkuTemporalCNN,M3_FullSkuTemporalCNN,WI_3__FOODS,1512,87,154383.0625,0.04836880765215719,mean_spl,0.14475004291204555
store_cat,2,M3_FullSkuTemporalCNN,M3_FullSkuTemporalCNN,WI_3__HOBBIES,1512,88,26006.021484375,0.00814778661989298,mean_spl,0.17413970593761874
store_cat,2,M3_FullSkuTemporalCNN,M3_FullSkuTemporalCNN,WI_3__HOUSEHOLD,1512,89,76870.9140625,0.02408395322728209,mean_spl,0.1510713032166563
store_cat,2,M3_FullSkuTemporalCNN,M3_FullSkuTemporalCNN,CA_1__FOODS,1540,90,220169.40625,0.06885783512657154,mean_spl,0.11763004151985486
store_cat,2,M3_FullSkuTemporalCNN,M3_FullSkuTemporalCNN,CA_1__HOBBIES,1540,91,61755.76953125,0.019314075778852052,mean_spl,0.11492803437391393
store_cat,2,M3_FullSkuTemporalCNN,M3_FullSkuTemporalCNN,CA_1__HOUSEHOLD,1540,92,109044.2734375,0.034103523871660345,mean_spl,0.136978414237784
store_cat,2,M3_FullSkuTemporalCNN,M3_FullSkuTemporalCNN,CA_2__FOODS,1540,93,95685.3828125,0.029925539728460827,mean_spl,0.1122826809676038
store_cat,2,M3_FullSkuTemporalCNN,M3_FullSkuTemporalCNN,CA_2__HOBBIES,1540,94,34752.09765625,0.010868695389946238,mean_spl,0.11992785917335641
store_cat,2,M3_FullSkuTemporalCNN,M3_FullSkuTemporalCNN,CA_2__HOUSEHOLD,1540,95,99130.90625,0.03100312488811156,mean_spl,0.09977473060430216
store_cat,2,M3_FullSkuTemporalCNN,M3_FullSkuTemporalCNN,CA_3__FOODS,1540,96,290055.46875,0.09071465461495254,mean_spl,0.1180149311808596
store_cat,2,M3_FullSkuTemporalCNN,M3_FullSkuTemporalCNN,CA_3__HOBBIES,1540,97,67942.453125,0.02124895695119342,mean_spl,0.17470004350388618
store_cat,2,M3_FullSkuTemporalCNN,M3_FullSkuTemporalCNN,CA_3__HOUSEHOLD,1540,98,194752.859375,0.06090882702406398,mean_spl,0.1628855472589561
store_cat,2,M3_FullSkuTemporalCNN,M3_FullSkuTemporalCNN,CA_4__FOODS,1540,99,120052.3671875,0.03754629785831791,mean_spl,0.14474697808938347
store_cat,2,M3_FullSkuTemporalCNN,M3_FullSkuTemporalCNN,CA_4__HOBBIES,1540,100,37685.67578125,0.011786169994173486,mean_spl,0.21286762249749858
store_cat,2,M3_FullSkuTemporalCNN,M3_FullSkuTemporalCNN,CA_4__HOUSEHOLD,1540,101,57081.52734375,0.017852209648718267,mean_spl,0.17291973874699773
store_cat,2,M3_FullSkuTemporalCNN,M3_FullSkuTemporalCNN,TX_1__FOODS,1540,102,147996.359375,0.046285762798511335,mean_spl,0.09094651950124104
store_cat,2,M3_FullSkuTemporalCNN,M3_FullSkuTemporalCNN,TX_1__HOBBIES,1540,103,35824.16015625,0.011203982222607078,mean_spl,0.1360664051512365
store_cat,2,M3_FullSkuTemporalCNN,M3_FullSkuTemporalCNN,TX_1__HOUSEHOLD,1540,104,96537.8984375,0.030192163422228798,mean_spl,0.10481181706839283
store_cat,2,M3_FullSkuTemporalCNN,M3_FullSkuTemporalCNN,TX_2__FOODS,1540,105,179433.03125,0.05611756098412723,mean_spl,0.11169331099629992
store_cat,2,M3_FullSkuTemporalCNN,M3_FullSkuTemporalCNN,TX_2__HOBBIES,1540,106,54520.3046875,0.017051188969277244,mean_spl,0.13592166755501112
store_cat,2,M3_FullSkuTemporalCNN,M3_FullSkuTemporalCNN,TX_2__HOUSEHOLD,1540,107,103090.46875,0.032241475422103406,mean_spl,0.10565356307292698
store_cat,2,M3_FullSkuTemporalCNN,M3_FullSkuTemporalCNN,TX_3__FOODS,1540,108,173693.546875,0.05432254106952325,mean_spl,0.1882385214228992
store_cat,2,M3_FullSkuTemporalCNN,M3_FullSkuTemporalCNN,TX_3__HOBBIES,1540,109,69905.3671875,0.02186285701653573,mean_spl,0.1679084941359844
store_cat,2,M3_FullSkuTemporalCNN,M3_FullSkuTemporalCNN,TX_3__HOUSEHOLD,1540,110,104416.875,0.032656308093131484,mean_spl,0.1546251008555739
store_cat,2,M3_FullSkuTemporalCNN,M3_FullSkuTemporalCNN,WI_1__FOODS,1540,111,162298.171875,0.05075864512993716,mean_spl,0.19538588738437002
store_cat,2,M3_FullSkuTemporalCNN,M3_FullSkuTemporalCNN,WI_1__HOBBIES,1540,112,41865.28125,0.013093338820048013,mean_spl,0.1405259591243124
store_cat,2,M3_FullSkuTemporalCNN,M3_FullSkuTemporalCNN,WI_1__HOUSEHOLD,1540,113,77330.671875,0.024185116110770965,mean_spl,0.1370592875174367
store_cat,2,M3_FullSkuTemporalCNN,M3_FullSkuTemporalCNN,WI_2__FOODS,1540,114,202491.703125,0.06332914525121458,mean_spl,0.13804643098150382
store_cat,2,M3_FullSkuTemporalCNN,M3_FullSkuTemporalCNN,WI_2__HOBBIES,1540,115,26394.369140625,0.008254821364650992,mean_spl,0.19118188859179594
store_cat,2,M3_FullSkuTemporalCNN,M3_FullSkuTemporalCNN,WI_2__HOUSEHOLD,1540,116,86329.9609375,0.026999637769690065,mean_spl,0.19053339356803187
store_cat,2,M3_FullSkuTemporalCNN,M3_FullSkuTemporalCNN,WI_3__FOODS,1540,117,150028.796875,0.04692140627261487,mean_spl,0.09587516309001466
store_cat,2,M3_FullSkuTemporalCNN,M3_FullSkuTemporalCNN,WI_3__HOBBIES,1540,118,24321.859375,0.007606645316169617,mean_spl,0.1529015679763842
store_cat,2,M3_FullSkuTemporalCNN,M3_FullSkuTemporalCNN,WI_3__HOUSEHOLD,1540,119,72861.84375,0.022787493091836034,mean_spl,0.1392225224094235
store_cat,3,M0_AggHistOnly,M0_AggHistOnly,CA_1__FOODS,1512,0,207180.25,0.06491036969535333,rmsse,0.7326953302083458
store_cat,3,M0_AggHistOnly,M0_AggHistOnly,CA_1__HOBBIES,1512,1,62380.88671875,0.019544171893015955,rmsse,0.6201627478544309
store_cat,3,M0_AggHistOnly,M0_AggHistOnly,CA_1__HOUSEHOLD,1512,2,105939.7890625,0.03319134364156151,rmsse,0.6644504784223241
store_cat,3,M0_AggHistOnly,M0_AggHistOnly,CA_2__FOODS,1512,3,91005.09375,0.028512246121301568,rmsse,0.3676228906616517
store_cat,3,M0_AggHistOnly,M0_AggHistOnly,CA_2__HOBBIES,1512,4,33450.58203125,0.010480196090955487,rmsse,0.4867520304888906
store_cat,3,M0_AggHistOnly,M0_AggHistOnly,CA_2__HOUSEHOLD,1512,5,94968.328125,0.02975394270420743,rmsse,0.39141208127581817
store_cat,3,M0_AggHistOnly,M0_AggHistOnly,CA_3__FOODS,1512,6,287165.4375,0.08997003677644409,rmsse,0.5425733673075716
store_cat,3,M0_AggHistOnly,M0_AggHistOnly,CA_3__HOBBIES,1512,7,66716.6796875,0.020902592517202268,rmsse,0.9073859979026614
store_cat,3,M0_AggHistOnly,M0_AggHistOnly,CA_3__HOUSEHOLD,1512,8,182819.796875,0.05727814597571753,rmsse,0.5705304301715987
store_cat,3,M0_AggHistOnly,M0_AggHistOnly,CA_4__FOODS,1512,9,116552.8984375,0.03651647165520408,rmsse,0.6584993536689959
store_cat,3,M0_AggHistOnly,M0_AggHistOnly,CA_4__HOBBIES,1512,10,36935.671875,0.011572088151995735,rmsse,0.6788909020266424
store_cat,3,M0_AggHistOnly,M0_AggHistOnly,CA_4__HOUSEHOLD,1512,11,55035.6171875,0.017242870679288043,rmsse,0.5681628123431112
store_cat,3,M0_AggHistOnly,M0_AggHistOnly,TX_1__FOODS,1512,12,146396.890625,0.045866709267504774,rmsse,0.5271899114039881
store_cat,3,M0_AggHistOnly,M0_AggHistOnly,TX_1__HOBBIES,1512,13,37219.30859375,0.011660952627606897,rmsse,0.7343374608728087
store_cat,3,M0_AggHistOnly,M0_AggHistOnly,TX_1__HOUSEHOLD,1512,14,98011.2890625,0.030707314077307153,rmsse,0.567884232885279
store_cat,3,M0_AggHistOnly,M0_AggHistOnly,TX_2__FOODS,1512,15,176122.65625,0.05517990604275809,rmsse,1.1443018433078824
store_cat,3,M0_AggHistOnly,M0_AggHistOnly,TX_2__HOBBIES,1512,16,57129.640625,0.017898936281481592,rmsse,1.011363338045114
store_cat,3,M0_AggHistOnly,M0_AggHistOnly,TX_2__HOUSEHOLD,1512,17,104925.140625,0.03287345038103626,rmsse,1.236944525508429
store_cat,3,M0_AggHistOnly,M0_AggHistOnly,TX_3__FOODS,1512,18,171175.0625,0.05362980587918111,rmsse,0.7059625868843042
store_cat,3,M0_AggHistOnly,M0_AggHistOnly,TX_3__HOBBIES,1512,19,67877.1015625,0.021266157156731493,rmsse,0.842332271170529
store_cat,3,M0_AggHistOnly,M0_AggHistOnly,TX_3__HOUSEHOLD,1512,20,106698.2734375,0.03342897971541217,rmsse,0.9345106503330761
store_cat,3,M0_AggHistOnly,M0_AggHistOnly,WI_1__FOODS,1512,21,173160.421875,0.054251826612380274,rmsse,0.7019815629793064
store_cat,3,M0_AggHistOnly,M0_AggHistOnly,WI_1__HOBBIES,1512,22,42989.3984375,0.013468743982879497,rmsse,0.7880592578350698
store_cat,3,M0_AggHistOnly,M0_AggHistOnly,WI_1__HOUSEHOLD,1512,23,80510.828125,0.025224352311925487,rmsse,0.7800247995754939
store_cat,3,M0_AggHistOnly,M0_AggHistOnly,WI_2__FOODS,1512,24,209484.875,0.06563241757761601,rmsse,0.9916022552984548
store_cat,3,M0_AggHistOnly,M0_AggHistOnly,WI_2__HOBBIES,1512,25,27927.87890625,0.008749911946779423,rmsse,0.8604478259649754
store_cat,3,M0_AggHistOnly,M0_AggHistOnly,WI_2__HOUSEHOLD,1512,26,94749.9140625,0.029685512737820482,rmsse,0.989754664632143
store_cat,3,M0_AggHistOnly,M0_AggHistOnly,WI_3__FOODS,1512,27,154383.0625,0.04836880765215719,rmsse,0.692210696526711
store_cat,3,M0_AggHistOnly,M0_AggHistOnly,WI_3__HOBBIES,1512,28,26006.021484375,0.00814778661989298,rmsse,0.5783154825864703
store_cat,3,M0_AggHistOnly,M0_AggHistOnly,WI_3__HOUSEHOLD,1512,29,76870.9140625,0.02408395322728209,rmsse,0.7203245189886088
store_cat,3,M0_AggHistOnly,M0_AggHistOnly,CA_1__FOODS,1540,30,220169.40625,0.06885783512657154,rmsse,0.41872756630706004
store_cat,3,M0_AggHistOnly,M0_AggHistOnly,CA_1__HOBBIES,1540,31,61755.76953125,0.019314075778852052,rmsse,0.4615383849615653
store_cat,3,M0_AggHistOnly,M0_AggHistOnly,CA_1__HOUSEHOLD,1540,32,109044.2734375,0.034103523871660345,rmsse,0.7085697296909459
store_cat,3,M0_AggHistOnly,M0_AggHistOnly,CA_2__FOODS,1540,33,95685.3828125,0.029925539728460827,rmsse,0.3647323682885088
store_cat,3,M0_AggHistOnly,M0_AggHistOnly,CA_2__HOBBIES,1540,34,34752.09765625,0.010868695389946238,rmsse,0.4936742174778343
store_cat,3,M0_AggHistOnly,M0_AggHistOnly,CA_2__HOUSEHOLD,1540,35,99130.90625,0.03100312488811156,rmsse,0.3060590669873422
store_cat,3,M0_AggHistOnly,M0_AggHistOnly,CA_3__FOODS,1540,36,290055.46875,0.09071465461495254,rmsse,0.4985400708219165
store_cat,3,M0_AggHistOnly,M0_AggHistOnly,CA_3__HOBBIES,1540,37,67942.453125,0.02124895695119342,rmsse,0.6530919389947477
store_cat,3,M0_AggHistOnly,M0_AggHistOnly,CA_3__HOUSEHOLD,1540,38,194752.859375,0.06090882702406398,rmsse,0.7301914563668859
store_cat,3,M0_AggHistOnly,M0_AggHistOnly,CA_4__FOODS,1540,39,120052.3671875,0.03754629785831791,rmsse,0.5569130019998219
store_cat,3,M0_AggHistOnly,M0_AggHistOnly,CA_4__HOBBIES,1540,40,37685.67578125,0.011786169994173486,rmsse,0.937741699567971
store_cat,3,M0_AggHistOnly,M0_AggHistOnly,CA_4__HOUSEHOLD,1540,41,57081.52734375,0.017852209648718267,rmsse,0.6112541051662789
store_cat,3,M0_AggHistOnly,M0_AggHistOnly,TX_1__FOODS,1540,42,147996.359375,0.046285762798511335,rmsse,0.3875055844721797
store_cat,3,M0_AggHistOnly,M0_AggHistOnly,TX_1__HOBBIES,1540,43,35824.16015625,0.011203982222607078,rmsse,0.46814172340818394
store_cat,3,M0_AggHistOnly,M0_AggHistOnly,TX_1__HOUSEHOLD,1540,44,96537.8984375,0.030192163422228798,rmsse,0.48194112045919835
store_cat,3,M0_AggHistOnly,M0_AggHistOnly,TX_2__FOODS,1540,45,179433.03125,0.05611756098412723,rmsse,0.44080874892370214
store_cat,3,M0_AggHistOnly,M0_AggHistOnly,TX_2__HOBBIES,1540,46,54520.3046875,0.017051188969277244,rmsse,0.5540349863512297
store_cat,3,M0_AggHistOnly,M0_AggHistOnly,TX_2__HOUSEHOLD,1540,47,103090.46875,0.032241475422103406,rmsse,0.4963770203309402
store_cat,3,M0_AggHistOnly,M0_AggHistOnly,TX_3__FOODS,1540,48,173693.546875,0.05432254106952325,rmsse,0.7055465392492207
store_cat,3,M0_AggHistOnly,M0_AggHistOnly,TX_3__HOBBIES,1540,49,69905.3671875,0.02186285701653573,rmsse,0.6929490619978684
store_cat,3,M0_AggHistOnly,M0_AggHistOnly,TX_3__HOUSEHOLD,1540,50,104416.875,0.032656308093131484,rmsse,0.7027836147364276
store_cat,3,M0_AggHistOnly,M0_AggHistOnly,WI_1__FOODS,1540,51,162298.171875,0.05075864512993716,rmsse,0.623899536650526
store_cat,3,M0_AggHistOnly,M0_AggHistOnly,WI_1__HOBBIES,1540,52,41865.28125,0.013093338820048013,rmsse,0.8670293604895868
store_cat,3,M0_AggHistOnly,M0_AggHistOnly,WI_1__HOUSEHOLD,1540,53,77330.671875,0.024185116110770965,rmsse,0.5731584397342505
store_cat,3,M0_AggHistOnly,M0_AggHistOnly,WI_2__FOODS,1540,54,202491.703125,0.06332914525121458,rmsse,0.9416285724764841
store_cat,3,M0_AggHistOnly,M0_AggHistOnly,WI_2__HOBBIES,1540,55,26394.369140625,0.008254821364650992,rmsse,0.6315279224117692
store_cat,3,M0_AggHistOnly,M0_AggHistOnly,WI_2__HOUSEHOLD,1540,56,86329.9609375,0.026999637769690065,rmsse,0.9046316622949013
store_cat,3,M0_AggHistOnly,M0_AggHistOnly,WI_3__FOODS,1540,57,150028.796875,0.04692140627261487,rmsse,0.5717220374519079
store_cat,3,M0_AggHistOnly,M0_AggHistOnly,WI_3__HOBBIES,1540,58,24321.859375,0.007606645316169617,rmsse,0.4468507162168066
store_cat,3,M0_AggHistOnly,M0_AggHistOnly,WI_3__HOUSEHOLD,1540,59,72861.84375,0.022787493091836034,rmsse,0.6366298242904664
store_cat,3,M0_AggHistOnly,M0_AggHistOnly,CA_1__FOODS,1568,60,227606.21875,0.07077608229256054,rmsse,0.39563855275807114
store_cat,3,M0_AggHistOnly,M0_AggHistOnly,CA_1__HOBBIES,1568,61,61449.91015625,0.019108370245657893,rmsse,0.4985830937029653
store_cat,3,M0_AggHistOnly,M0_AggHistOnly,CA_1__HOUSEHOLD,1568,62,110681.0859375,0.03441722150459681,rmsse,0.862078966814654
store_cat,3,M0_AggHistOnly,M0_AggHistOnly,CA_2__FOODS,1568,63,94507.7265625,0.029387978365465067,rmsse,1.5352935568925221
store_cat,3,M0_AggHistOnly,M0_AggHistOnly,CA_2__HOBBIES,1568,64,32681.55078125,0.010162605135507732,rmsse,0.497227927594617
store_cat,3,M0_AggHistOnly,M0_AggHistOnly,CA_2__HOUSEHOLD,1568,65,97190.0234375,0.03022206130661088,rmsse,0.6533797060240687
store_cat,3,M0_AggHistOnly,M0_AggHistOnly,CA_3__FOODS,1568,66,286386.625,0.08905434767910389,rmsse,0.9628238657003313
store_cat,3,M0_AggHistOnly,M0_AggHistOnly,CA_3__HOBBIES,1568,67,66306.0390625,0.020618424676418178,rmsse,0.7266616014922155
store_cat,3,M0_AggHistOnly,M0_AggHistOnly,CA_3__HOUSEHOLD,1568,68,190131.015625,0.059122850342783584,rmsse,0.632153643062905
store_cat,3,M0_AggHistOnly,M0_AggHistOnly,CA_4__FOODS,1568,69,122596.9609375,0.038122563802445886,rmsse,0.5985220880979069
store_cat,3,M0_AggHistOnly,M0_AggHistOnly,CA_4__HOBBIES,1568,70,38498.52734375,0.011971443286514517,rmsse,1.0648725099539302
store_cat,3,M0_AggHistOnly,M0_AggHistOnly,CA_4__HOUSEHOLD,1568,71,57504.91796875,0.017881641497913568,rmsse,0.879743815710283
store_cat,3,M0_AggHistOnly,M0_AggHistOnly,TX_1__FOODS,1568,72,143759.71875,0.04470330266231075,rmsse,0.5589853118980104
store_cat,3,M0_AggHistOnly,M0_AggHistOnly,TX_1__HOBBIES,1568,73,36857.09765625,0.011461026816885643,rmsse,0.8179051943566507
store_cat,3,M0_AggHistOnly,M0_AggHistOnly,TX_1__HOUSEHOLD,1568,74,94760.015625,0.029466429787166445,rmsse,0.7860821012002353
store_cat,3,M0_AggHistOnly,M0_AggHistOnly,TX_2__FOODS,1568,75,175913.21875,0.05470170593306429,rmsse,0.4420380689033415
store_cat,3,M0_AggHistOnly,M0_AggHistOnly,TX_2__HOBBIES,1568,76,55974.640625,0.01740578879139919,rmsse,0.5377539050002774
store_cat,3,M0_AggHistOnly,M0_AggHistOnly,TX_2__HOUSEHOLD,1568,77,102344.765625,0.031824972067411146,rmsse,0.4706152803510999
store_cat,3,M0_AggHistOnly,M0_AggHistOnly,TX_3__FOODS,1568,78,185515.796875,0.05768770896640953,rmsse,0.6167928742672885
store_cat,3,M0_AggHistOnly,M0_AggHistOnly,TX_3__HOBBIES,1568,79,71178.390625,0.02213352367959858,rmsse,0.6944435017271273
store_cat,3,M0_AggHistOnly,M0_AggHistOnly,TX_3__HOUSEHOLD,1568,80,104345.796875,0.03244720968990574,rmsse,0.8039067638589867
store_cat,3,M0_AggHistOnly,M0_AggHistOnly,WI_1__FOODS,1568,81,171597.125,0.05335958001001147,rmsse,0.5644863341504773
store_cat,3,M0_AggHistOnly,M0_AggHistOnly,WI_1__HOBBIES,1568,82,42377.875,0.013177759311041865,rmsse,0.35588668626023845
store_cat,3,M0_AggHistOnly,M0_AggHistOnly,WI_1__HOUSEHOLD,1568,83,74826.484375,0.02326792934249735,rmsse,0.6071781236406277
store_cat,3,M0_AggHistOnly,M0_AggHistOnly,WI_2__FOODS,1568,84,210272.09375,0.06538588924683765,rmsse,1.1677269072813785
store_cat,3,M0_AggHistOnly,M0_AggHistOnly,WI_2__HOBBIES,1568,85,24916.8984375,0.007748120697110228,rmsse,0.661772440892557
store_cat,3,M0_AggHistOnly,M0_AggHistOnly,WI_2__HOUSEHOLD,1568,86,85993.5546875,0.02674042447793314,rmsse,1.1923332560621627
store_cat,3,M0_AggHistOnly,M0_AggHistOnly,WI_3__FOODS,1568,87,152977.359375,0.04756960611834604,rmsse,0.7069784957815417
store_cat,3,M0_AggHistOnly,M0_AggHistOnly,WI_3__HOBBIES,1568,88,25281.419921875,0.007861471741370881,rmsse,0.5909974359966369
store_cat,3,M0_AggHistOnly,M0_AggHistOnly,WI_3__HOUSEHOLD,1568,89,71430.6328125,0.022211960525121525,rmsse,0.7267919562538488
store_cat,3,M0_AggHistOnly,M0_AggHistOnly,CA_1__FOODS,1596,90,218156.640625,0.06756247139642138,rmsse,0.5819859926450408
store_cat,3,M0_AggHistOnly,M0_AggHistOnly,CA_1__HOBBIES,1596,91,62647.34375,0.019401698513715152,rmsse,0.8402265615870992
store_cat,3,M0_AggHistOnly,M0_AggHistOnly,CA_1__HOUSEHOLD,1596,92,111508.96875,0.03453400038629386,rmsse,0.8415274867257448
store_cat,3,M0_AggHistOnly,M0_AggHistOnly,CA_2__FOODS,1596,93,124184.8984375,0.03845969861157458,rmsse,1.1689382097607892
store_cat,3,M0_AggHistOnly,M0_AggHistOnly,CA_2__HOBBIES,1596,94,35712.88671875,0.01106017621332348,rmsse,0.6958860394253508
store_cat,3,M0_AggHistOnly,M0_AggHistOnly,CA_2__HOUSEHOLD,1596,95,107060.6328125,0.03315636380059106,rmsse,0.6038506622591702
store_cat,3,M0_AggHistOnly,M0_AggHistOnly,CA_3__FOODS,1596,96,285717.21875,0.08848578417763645,rmsse,0.7805578204549759
store_cat,3,M0_AggHistOnly,M0_AggHistOnly,CA_3__HOBBIES,1596,97,68288.1953125,0.021148653688909533,rmsse,0.9783769132532
store_cat,3,M0_AggHistOnly,M0_AggHistOnly,CA_3__HOUSEHOLD,1596,98,198473.0625,0.06146652501477757,rmsse,0.9573653383792444
store_cat,3,M0_AggHistOnly,M0_AggHistOnly,CA_4__FOODS,1596,99,116616.671875,0.036115841054978406,rmsse,0.6902062795734015
store_cat,3,M0_AggHistOnly,M0_AggHistOnly,CA_4__HOBBIES,1596,100,39243.08203125,0.012153467341850466,rmsse,0.955798462340858
store_cat,3,M0_AggHistOnly,M0_AggHistOnly,CA_4__HOUSEHOLD,1596,101,58249.5703125,0.018039720985881025,rmsse,1.1506807796614982
store_cat,3,M0_AggHistOnly,M0_AggHistOnly,TX_1__FOODS,1596,102,144254.125,0.04467507918258353,rmsse,1.0311405152699866
store_cat,3,M0_AggHistOnly,M0_AggHistOnly,TX_1__HOBBIES,1596,103,38381.20703125,0.011886547183619364,rmsse,0.7965502831262666
store_cat,3,M0_AggHistOnly,M0_AggHistOnly,TX_1__HOUSEHOLD,1596,104,100307.125,0.031064822249986294,rmsse,0.786727900334923
store_cat,3,M0_AggHistOnly,M0_AggHistOnly,TX_2__FOODS,1596,105,172290.359375,0.05335781869304533,rmsse,1.0806114030552816
store_cat,3,M0_AggHistOnly,M0_AggHistOnly,TX_2__HOBBIES,1596,106,56974.41796875,0.017644810047099287,rmsse,0.8884092461692112
store_cat,3,M0_AggHistOnly,M0_AggHistOnly,TX_2__HOUSEHOLD,1596,107,102815.34375,0.03184161023621193,rmsse,0.6492607166377964
store_cat,3,M0_AggHistOnly,M0_AggHistOnly,TX_3__FOODS,1596,108,173334.609375,0.05368121985357653,rmsse,1.4255543358845753
store_cat,3,M0_AggHistOnly,M0_AggHistOnly,TX_3__HOBBIES,1596,109,69821.453125,0.02162349913392369,rmsse,1.039949732267825
store_cat,3,M0_AggHistOnly,M0_AggHistOnly,TX_3__HOUSEHOLD,1596,110,105690.0703125,0.03273190461641051,rmsse,0.7840192239967116
store_cat,3,M0_AggHistOnly,M0_AggHistOnly,WI_1__FOODS,1596,111,172074.03125,0.05329082250757199,rmsse,0.7101844517720248
store_cat,3,M0_AggHistOnly,M0_AggHistOnly,WI_1__HOBBIES,1596,112,42553.390625,0.013178660198862826,rmsse,0.6919802834953436
store_cat,3,M0_AggHistOnly,M0_AggHistOnly,WI_1__HOUSEHOLD,1596,113,77409.6953125,0.023973555470844267,rmsse,0.798846638875901
store_cat,3,M0_AggHistOnly,M0_AggHistOnly,WI_2__FOODS,1596,114,192405.90625,0.05958754452890338,rmsse,0.873822024022986
store_cat,3,M0_AggHistOnly,M0_AggHistOnly,WI_2__HOBBIES,1596,115,27172.5703125,0.008415265284824653,rmsse,0.8748054346375267
store_cat,3,M0_AggHistOnly,M0_AggHistOnly,WI_2__HOUSEHOLD,1596,116,88800.015625,0.027501104245452462,rmsse,1.3681052119825992
store_cat,3,M0_AggHistOnly,M0_AggHistOnly,WI_3__FOODS,1596,117,138527.015625,0.04290141021599113,rmsse,0.7285790003464157
store_cat,3,M0_AggHistOnly,M0_AggHistOnly,WI_3__HOBBIES,1596,118,25475.140625,0.007889576291903788,rmsse,0.8901854567113447
store_cat,3,M0_AggHistOnly,M0_AggHistOnly,WI_3__HOUSEHOLD,1596,119,74816.171875,0.023170348873236064,rmsse,0.8652766569639507
store_cat,3,M0_AggHistOnly,M0_AggHistOnly,CA_1__FOODS,1512,0,207180.25,0.06491036969535333,mean_spl,0.18971537555924542
store_cat,3,M0_AggHistOnly,M0_AggHistOnly,CA_1__HOBBIES,1512,1,62380.88671875,0.019544171893015955,mean_spl,0.1570357209819574
store_cat,3,M0_AggHistOnly,M0_AggHistOnly,CA_1__HOUSEHOLD,1512,2,105939.7890625,0.03319134364156151,mean_spl,0.15206152266006512
store_cat,3,M0_AggHistOnly,M0_AggHistOnly,CA_2__FOODS,1512,3,91005.09375,0.028512246121301568,mean_spl,0.09377595419688056
store_cat,3,M0_AggHistOnly,M0_AggHistOnly,CA_2__HOBBIES,1512,4,33450.58203125,0.010480196090955487,mean_spl,0.12873945407074874
store_cat,3,M0_AggHistOnly,M0_AggHistOnly,CA_2__HOUSEHOLD,1512,5,94968.328125,0.02975394270420743,mean_spl,0.1083735169545806
store_cat,3,M0_AggHistOnly,M0_AggHistOnly,CA_3__FOODS,1512,6,287165.4375,0.08997003677644409,mean_spl,0.1430058800180491
store_cat,3,M0_AggHistOnly,M0_AggHistOnly,CA_3__HOBBIES,1512,7,66716.6796875,0.020902592517202268,mean_spl,0.22258112515901654
store_cat,3,M0_AggHistOnly,M0_AggHistOnly,CA_3__HOUSEHOLD,1512,8,182819.796875,0.05727814597571753,mean_spl,0.15945034607134748
store_cat,3,M0_AggHistOnly,M0_AggHistOnly,CA_4__FOODS,1512,9,116552.8984375,0.03651647165520408,mean_spl,0.156739643563531
store_cat,3,M0_AggHistOnly,M0_AggHistOnly,CA_4__HOBBIES,1512,10,36935.671875,0.011572088151995735,mean_spl,0.17294209175796663
store_cat,3,M0_AggHistOnly,M0_AggHistOnly,CA_4__HOUSEHOLD,1512,11,55035.6171875,0.017242870679288043,mean_spl,0.19915022126896276
store_cat,3,M0_AggHistOnly,M0_AggHistOnly,TX_1__FOODS,1512,12,146396.890625,0.045866709267504774,mean_spl,0.13102879980259619
store_cat,3,M0_AggHistOnly,M0_AggHistOnly,TX_1__HOBBIES,1512,13,37219.30859375,0.011660952627606897,mean_spl,0.2030184868351176
store_cat,3,M0_AggHistOnly,M0_AggHistOnly,TX_1__HOUSEHOLD,1512,14,98011.2890625,0.030707314077307153,mean_spl,0.18076275833978284
store_cat,3,M0_AggHistOnly,M0_AggHistOnly,TX_2__FOODS,1512,15,176122.65625,0.05517990604275809,mean_spl,0.2816994254558299
store_cat,3,M0_AggHistOnly,M0_AggHistOnly,TX_2__HOBBIES,1512,16,57129.640625,0.017898936281481592,mean_spl,0.24760199264939864
store_cat,3,M0_AggHistOnly,M0_AggHistOnly,TX_2__HOUSEHOLD,1512,17,104925.140625,0.03287345038103626,mean_spl,0.3072999859380329
store_cat,3,M0_AggHistOnly,M0_AggHistOnly,TX_3__FOODS,1512,18,171175.0625,0.05362980587918111,mean_spl,0.17064995077891026
store_cat,3,M0_AggHistOnly,M0_AggHistOnly,TX_3__HOBBIES,1512,19,67877.1015625,0.021266157156731493,mean_spl,0.2065720212618656
store_cat,3,M0_AggHistOnly,M0_AggHistOnly,TX_3__HOUSEHOLD,1512,20,106698.2734375,0.03342897971541217,mean_spl,0.2191669051619516
store_cat,3,M0_AggHistOnly,M0_AggHistOnly,WI_1__FOODS,1512,21,173160.421875,0.054251826612380274,mean_spl,0.18125261208612528
store_cat,3,M0_AggHistOnly,M0_AggHistOnly,WI_1__HOBBIES,1512,22,42989.3984375,0.013468743982879497,mean_spl,0.19427727151708113
store_cat,3,M0_AggHistOnly,M0_AggHistOnly,WI_1__HOUSEHOLD,1512,23,80510.828125,0.025224352311925487,mean_spl,0.20213885780432786
store_cat,3,M0_AggHistOnly,M0_AggHistOnly,WI_2__FOODS,1512,24,209484.875,0.06563241757761601,mean_spl,0.2467462112613202
store_cat,3,M0_AggHistOnly,M0_AggHistOnly,WI_2__HOBBIES,1512,25,27927.87890625,0.008749911946779423,mean_spl,0.19651597556417807
store_cat,3,M0_AggHistOnly,M0_AggHistOnly,WI_2__HOUSEHOLD,1512,26,94749.9140625,0.029685512737820482,mean_spl,0.3358798842680023
store_cat,3,M0_AggHistOnly,M0_AggHistOnly,WI_3__FOODS,1512,27,154383.0625,0.04836880765215719,mean_spl,0.18832394240574488
store_cat,3,M0_AggHistOnly,M0_AggHistOnly,WI_3__HOBBIES,1512,28,26006.021484375,0.00814778661989298,mean_spl,0.14818062866722623
store_cat,3,M0_AggHistOnly,M0_AggHistOnly,WI_3__HOUSEHOLD,1512,29,76870.9140625,0.02408395322728209,mean_spl,0.23244370386958524
store_cat,3,M0_AggHistOnly,M0_AggHistOnly,CA_1__FOODS,1540,30,220169.40625,0.06885783512657154,mean_spl,0.1147619392515859
store_cat,3,M0_AggHistOnly,M0_AggHistOnly,CA_1__HOBBIES,1540,31,61755.76953125,0.019314075778852052,mean_spl,0.12126376937620975
store_cat,3,M0_AggHistOnly,M0_AggHistOnly,CA_1__HOUSEHOLD,1540,32,109044.2734375,0.034103523871660345,mean_spl,0.14337394731471623
store_cat,3,M0_AggHistOnly,M0_AggHistOnly,CA_2__FOODS,1540,33,95685.3828125,0.029925539728460827,mean_spl,0.09821046664369443
store_cat,3,M0_AggHistOnly,M0_AggHistOnly,CA_2__HOBBIES,1540,34,34752.09765625,0.010868695389946238,mean_spl,0.12226376786022304
store_cat,3,M0_AggHistOnly,M0_AggHistOnly,CA_2__HOUSEHOLD,1540,35,99130.90625,0.03100312488811156,mean_spl,0.08606987503694802
store_cat,3,M0_AggHistOnly,M0_AggHistOnly,CA_3__FOODS,1540,36,290055.46875,0.09071465461495254,mean_spl,0.13722866794054045
store_cat,3,M0_AggHistOnly,M0_AggHistOnly,CA_3__HOBBIES,1540,37,67942.453125,0.02124895695119342,mean_spl,0.16175866307660247
store_cat,3,M0_AggHistOnly,M0_AggHistOnly,CA_3__HOUSEHOLD,1540,38,194752.859375,0.06090882702406398,mean_spl,0.21562596757894792
store_cat,3,M0_AggHistOnly,M0_AggHistOnly,CA_4__FOODS,1540,39,120052.3671875,0.03754629785831791,mean_spl,0.1415701552107955
store_cat,3,M0_AggHistOnly,M0_AggHistOnly,CA_4__HOBBIES,1540,40,37685.67578125,0.011786169994173486,mean_spl,0.2366093982042839
store_cat,3,M0_AggHistOnly,M0_AggHistOnly,CA_4__HOUSEHOLD,1540,41,57081.52734375,0.017852209648718267,mean_spl,0.204935614865924
store_cat,3,M0_AggHistOnly,M0_AggHistOnly,TX_1__FOODS,1540,42,147996.359375,0.046285762798511335,mean_spl,0.09809124821449479
store_cat,3,M0_AggHistOnly,M0_AggHistOnly,TX_1__HOBBIES,1540,43,35824.16015625,0.011203982222607078,mean_spl,0.15143840834194772
store_cat,3,M0_AggHistOnly,M0_AggHistOnly,TX_1__HOUSEHOLD,1540,44,96537.8984375,0.030192163422228798,mean_spl,0.14523272242368548
store_cat,3,M0_AggHistOnly,M0_AggHistOnly,TX_2__FOODS,1540,45,179433.03125,0.05611756098412723,mean_spl,0.10714698080715908
store_cat,3,M0_AggHistOnly,M0_AggHistOnly,TX_2__HOBBIES,1540,46,54520.3046875,0.017051188969277244,mean_spl,0.15422150397889733
store_cat,3,M0_AggHistOnly,M0_AggHistOnly,TX_2__HOUSEHOLD,1540,47,103090.46875,0.032241475422103406,mean_spl,0.12786651431632923
store_cat,3,M0_AggHistOnly,M0_AggHistOnly,TX_3__FOODS,1540,48,173693.546875,0.05432254106952325,mean_spl,0.17099690904628667
store_cat,3,M0_AggHistOnly,M0_AggHistOnly,TX_3__HOBBIES,1540,49,69905.3671875,0.02186285701653573,mean_spl,0.19105218748330197
store_cat,3,M0_AggHistOnly,M0_AggHistOnly,TX_3__HOUSEHOLD,1540,50,104416.875,0.032656308093131484,mean_spl,0.17642633797626395
store_cat,3,M0_AggHistOnly,M0_AggHistOnly,WI_1__FOODS,1540,51,162298.171875,0.05075864512993716,mean_spl,0.14728089999026664
store_cat,3,M0_AggHistOnly,M0_AggHistOnly,WI_1__HOBBIES,1540,52,41865.28125,0.013093338820048013,mean_spl,0.12801559827690345
store_cat,3,M0_AggHistOnly,M0_AggHistOnly,WI_1__HOUSEHOLD,1540,53,77330.671875,0.024185116110770965,mean_spl,0.19396339431924275
store_cat,3,M0_AggHistOnly,M0_AggHistOnly,WI_2__FOODS,1540,54,202491.703125,0.06332914525121458,mean_spl,0.2383360075378477
store_cat,3,M0_AggHistOnly,M0_AggHistOnly,WI_2__HOBBIES,1540,55,26394.369140625,0.008254821364650992,mean_spl,0.14784193006190105
store_cat,3,M0_AggHistOnly,M0_AggHistOnly,WI_2__HOUSEHOLD,1540,56,86329.9609375,0.026999637769690065,mean_spl,0.23946863222258186
store_cat,3,M0_AggHistOnly,M0_AggHistOnly,WI_3__FOODS,1540,57,150028.796875,0.04692140627261487,mean_spl,0.13757222411805708
store_cat,3,M0_AggHistOnly,M0_AggHistOnly,WI_3__HOBBIES,1540,58,24321.859375,0.007606645316169617,mean_spl,0.14085184881287802
store_cat,3,M0_AggHistOnly,M0_AggHistOnly,WI_3__HOUSEHOLD,1540,59,72861.84375,0.022787493091836034,mean_spl,0.19326010900330917
store_cat,3,M0_AggHistOnly,M0_AggHistOnly,CA_1__FOODS,1568,60,227606.21875,0.07077608229256054,mean_spl,0.10772872636621858
store_cat,3,M0_AggHistOnly,M0_AggHistOnly,CA_1__HOBBIES,1568,61,61449.91015625,0.019108370245657893,mean_spl,0.14058566356584254
store_cat,3,M0_AggHistOnly,M0_AggHistOnly,CA_1__HOUSEHOLD,1568,62,110681.0859375,0.03441722150459681,mean_spl,0.1581610954278999
store_cat,3,M0_AggHistOnly,M0_AggHistOnly,CA_2__FOODS,1568,63,94507.7265625,0.029387978365465067,mean_spl,0.4555918557399042
store_cat,3,M0_AggHistOnly,M0_AggHistOnly,CA_2__HOBBIES,1568,64,32681.55078125,0.010162605135507732,mean_spl,0.1383184897763021
store_cat,3,M0_AggHistOnly,M0_AggHistOnly,CA_2__HOUSEHOLD,1568,65,97190.0234375,0.03022206130661088,mean_spl,0.12814781716187196
store_cat,3,M0_AggHistOnly,M0_AggHistOnly,CA_3__FOODS,1568,66,286386.625,0.08905434767910389,mean_spl,0.22915664548987616
store_cat,3,M0_AggHistOnly,M0_AggHistOnly,CA_3__HOBBIES,1568,67,66306.0390625,0.020618424676418178,mean_spl,0.18304610686390094
store_cat,3,M0_AggHistOnly,M0_AggHistOnly,CA_3__HOUSEHOLD,1568,68,190131.015625,0.059122850342783584,mean_spl,0.18215784733112508
store_cat,3,M0_AggHistOnly,M0_AggHistOnly,CA_4__FOODS,1568,69,122596.9609375,0.038122563802445886,mean_spl,0.16787854971141236
store_cat,3,M0_AggHistOnly,M0_AggHistOnly,CA_4__HOBBIES,1568,70,38498.52734375,0.011971443286514517,mean_spl,0.22702273426161687
store_cat,3,M0_AggHistOnly,M0_AggHistOnly,CA_4__HOUSEHOLD,1568,71,57504.91796875,0.017881641497913568,mean_spl,0.2350233446224033
store_cat,3,M0_AggHistOnly,M0_AggHistOnly,TX_1__FOODS,1568,72,143759.71875,0.04470330266231075,mean_spl,0.13940571346422698
store_cat,3,M0_AggHistOnly,M0_AggHistOnly,TX_1__HOBBIES,1568,73,36857.09765625,0.011461026816885643,mean_spl,0.19964044386405536
store_cat,3,M0_AggHistOnly,M0_AggHistOnly,TX_1__HOUSEHOLD,1568,74,94760.015625,0.029466429787166445,mean_spl,0.1776699154089781
store_cat,3,M0_AggHistOnly,M0_AggHistOnly,TX_2__FOODS,1568,75,175913.21875,0.05470170593306429,mean_spl,0.10957264875847181
store_cat,3,M0_AggHistOnly,M0_AggHistOnly,TX_2__HOBBIES,1568,76,55974.640625,0.01740578879139919,mean_spl,0.1487311282317056
store_cat,3,M0_AggHistOnly,M0_AggHistOnly,TX_2__HOUSEHOLD,1568,77,102344.765625,0.031824972067411146,mean_spl,0.1128702562436338
store_cat,3,M0_AggHistOnly,M0_AggHistOnly,TX_3__FOODS,1568,78,185515.796875,0.05768770896640953,mean_spl,0.17318248352579393
store_cat,3,M0_AggHistOnly,M0_AggHistOnly,TX_3__HOBBIES,1568,79,71178.390625,0.02213352367959858,mean_spl,0.18682302621975244
store_cat,3,M0_AggHistOnly,M0_AggHistOnly,TX_3__HOUSEHOLD,1568,80,104345.796875,0.03244720968990574,mean_spl,0.19074275506547914
store_cat,3,M0_AggHistOnly,M0_AggHistOnly,WI_1__FOODS,1568,81,171597.125,0.05335958001001147,mean_spl,0.1556207160911692
store_cat,3,M0_AggHistOnly,M0_AggHistOnly,WI_1__HOBBIES,1568,82,42377.875,0.013177759311041865,mean_spl,0.10394331229756468
store_cat,3,M0_AggHistOnly,M0_AggHistOnly,WI_1__HOUSEHOLD,1568,83,74826.484375,0.02326792934249735,mean_spl,0.16269117365645783
store_cat,3,M0_AggHistOnly,M0_AggHistOnly,WI_2__FOODS,1568,84,210272.09375,0.06538588924683765,mean_spl,0.34060714716225826
store_cat,3,M0_AggHistOnly,M0_AggHistOnly,WI_2__HOBBIES,1568,85,24916.8984375,0.007748120697110228,mean_spl,0.19334763430789356
store_cat,3,M0_AggHistOnly,M0_AggHistOnly,WI_2__HOUSEHOLD,1568,86,85993.5546875,0.02674042447793314,mean_spl,0.29380190799243616
store_cat,3,M0_AggHistOnly,M0_AggHistOnly,WI_3__FOODS,1568,87,152977.359375,0.04756960611834604,mean_spl,0.19326586489211406
store_cat,3,M0_AggHistOnly,M0_AggHistOnly,WI_3__HOBBIES,1568,88,25281.419921875,0.007861471741370881,mean_spl,0.1539268325651284
store_cat,3,M0_AggHistOnly,M0_AggHistOnly,WI_3__HOUSEHOLD,1568,89,71430.6328125,0.022211960525121525,mean_spl,0.16301750815675894
store_cat,3,M0_AggHistOnly,M0_AggHistOnly,CA_1__FOODS,1596,90,218156.640625,0.06756247139642138,mean_spl,0.13493954751263923
store_cat,3,M0_AggHistOnly,M0_AggHistOnly,CA_1__HOBBIES,1596,91,62647.34375,0.019401698513715152,mean_spl,0.16853349214855826
store_cat,3,M0_AggHistOnly,M0_AggHistOnly,CA_1__HOUSEHOLD,1596,92,111508.96875,0.03453400038629386,mean_spl,0.1765062106690484
store_cat,3,M0_AggHistOnly,M0_AggHistOnly,CA_2__FOODS,1596,93,124184.8984375,0.03845969861157458,mean_spl,0.281170388365161
store_cat,3,M0_AggHistOnly,M0_AggHistOnly,CA_2__HOBBIES,1596,94,35712.88671875,0.01106017621332348,mean_spl,0.20220494667333944
store_cat,3,M0_AggHistOnly,M0_AggHistOnly,CA_2__HOUSEHOLD,1596,95,107060.6328125,0.03315636380059106,mean_spl,0.13752585423250016
store_cat,3,M0_AggHistOnly,M0_AggHistOnly,CA_3__FOODS,1596,96,285717.21875,0.08848578417763645,mean_spl,0.1833175646618682
store_cat,3,M0_AggHistOnly,M0_AggHistOnly,CA_3__HOBBIES,1596,97,68288.1953125,0.021148653688909533,mean_spl,0.239962943114895
store_cat,3,M0_AggHistOnly,M0_AggHistOnly,CA_3__HOUSEHOLD,1596,98,198473.0625,0.06146652501477757,mean_spl,0.256447671413155
store_cat,3,M0_AggHistOnly,M0_AggHistOnly,CA_4__FOODS,1596,99,116616.671875,0.036115841054978406,mean_spl,0.16853366927518557
store_cat,3,M0_AggHistOnly,M0_AggHistOnly,CA_4__HOBBIES,1596,100,39243.08203125,0.012153467341850466,mean_spl,0.20751762329907103
store_cat,3,M0_AggHistOnly,M0_AggHistOnly,CA_4__HOUSEHOLD,1596,101,58249.5703125,0.018039720985881025,mean_spl,0.3082527729536974
store_cat,3,M0_AggHistOnly,M0_AggHistOnly,TX_1__FOODS,1596,102,144254.125,0.04467507918258353,mean_spl,0.22502616485341717
store_cat,3,M0_AggHistOnly,M0_AggHistOnly,TX_1__HOBBIES,1596,103,38381.20703125,0.011886547183619364,mean_spl,0.16408860162579775
store_cat,3,M0_AggHistOnly,M0_AggHistOnly,TX_1__HOUSEHOLD,1596,104,100307.125,0.031064822249986294,mean_spl,0.2053511483591261
store_cat,3,M0_AggHistOnly,M0_AggHistOnly,TX_2__FOODS,1596,105,172290.359375,0.05335781869304533,mean_spl,0.2420158141513483
store_cat,3,M0_AggHistOnly,M0_AggHistOnly,TX_2__HOBBIES,1596,106,56974.41796875,0.017644810047099287,mean_spl,0.20455804633636396
store_cat,3,M0_AggHistOnly,M0_AggHistOnly,TX_2__HOUSEHOLD,1596,107,102815.34375,0.03184161023621193,mean_spl,0.18323250772296046
store_cat,3,M0_AggHistOnly,M0_AggHistOnly,TX_3__FOODS,1596,108,173334.609375,0.05368121985357653,mean_spl,0.3146219066863025
store_cat,3,M0_AggHistOnly,M0_AggHistOnly,TX_3__HOBBIES,1596,109,69821.453125,0.02162349913392369,mean_spl,0.27288064487317315
store_cat,3,M0_AggHistOnly,M0_AggHistOnly,TX_3__HOUSEHOLD,1596,110,105690.0703125,0.03273190461641051,mean_spl,0.25113929533568125
store_cat,3,M0_AggHistOnly,M0_AggHistOnly,WI_1__FOODS,1596,111,172074.03125,0.05329082250757199,mean_spl,0.1695104877625426
store_cat,3,M0_AggHistOnly,M0_AggHistOnly,WI_1__HOBBIES,1596,112,42553.390625,0.013178660198862826,mean_spl,0.16879747181070248
store_cat,3,M0_AggHistOnly,M0_AggHistOnly,WI_1__HOUSEHOLD,1596,113,77409.6953125,0.023973555470844267,mean_spl,0.22073492678265313
store_cat,3,M0_AggHistOnly,M0_AggHistOnly,WI_2__FOODS,1596,114,192405.90625,0.05958754452890338,mean_spl,0.28521417563494567
store_cat,3,M0_AggHistOnly,M0_AggHistOnly,WI_2__HOBBIES,1596,115,27172.5703125,0.008415265284824653,mean_spl,0.20878777872302867
store_cat,3,M0_AggHistOnly,M0_AggHistOnly,WI_2__HOUSEHOLD,1596,116,88800.015625,0.027501104245452462,mean_spl,0.3437056064991948
store_cat,3,M0_AggHistOnly,M0_AggHistOnly,WI_3__FOODS,1596,117,138527.015625,0.04290141021599113,mean_spl,0.16887756495620437
store_cat,3,M0_AggHistOnly,M0_AggHistOnly,WI_3__HOBBIES,1596,118,25475.140625,0.007889576291903788,mean_spl,0.19140615491105492
store_cat,3,M0_AggHistOnly,M0_AggHistOnly,WI_3__HOUSEHOLD,1596,119,74816.171875,0.023170348873236064,mean_spl,0.22073139762984098
store_cat,3,M1_AggHistFutureSummary,M1_AggHistFutureSummary,CA_1__FOODS,1512,0,207180.25,0.06491036969535333,rmsse,0.7399982736750416
store_cat,3,M1_AggHistFutureSummary,M1_AggHistFutureSummary,CA_1__HOBBIES,1512,1,62380.88671875,0.019544171893015955,rmsse,0.6146142497678078
store_cat,3,M1_AggHistFutureSummary,M1_AggHistFutureSummary,CA_1__HOUSEHOLD,1512,2,105939.7890625,0.03319134364156151,rmsse,0.6383292867352348
store_cat,3,M1_AggHistFutureSummary,M1_AggHistFutureSummary,CA_2__FOODS,1512,3,91005.09375,0.028512246121301568,rmsse,0.37462746113882683
store_cat,3,M1_AggHistFutureSummary,M1_AggHistFutureSummary,CA_2__HOBBIES,1512,4,33450.58203125,0.010480196090955487,rmsse,0.5635248148462682
store_cat,3,M1_AggHistFutureSummary,M1_AggHistFutureSummary,CA_2__HOUSEHOLD,1512,5,94968.328125,0.02975394270420743,rmsse,0.38180135611535804
store_cat,3,M1_AggHistFutureSummary,M1_AggHistFutureSummary,CA_3__FOODS,1512,6,287165.4375,0.08997003677644409,rmsse,0.5487270445143063
store_cat,3,M1_AggHistFutureSummary,M1_AggHistFutureSummary,CA_3__HOBBIES,1512,7,66716.6796875,0.020902592517202268,rmsse,0.9032435416316873
store_cat,3,M1_AggHistFutureSummary,M1_AggHistFutureSummary,CA_3__HOUSEHOLD,1512,8,182819.796875,0.05727814597571753,rmsse,0.5298483806239905
store_cat,3,M1_AggHistFutureSummary,M1_AggHistFutureSummary,CA_4__FOODS,1512,9,116552.8984375,0.03651647165520408,rmsse,0.701063735102615
store_cat,3,M1_AggHistFutureSummary,M1_AggHistFutureSummary,CA_4__HOBBIES,1512,10,36935.671875,0.011572088151995735,rmsse,0.7247053946449015
store_cat,3,M1_AggHistFutureSummary,M1_AggHistFutureSummary,CA_4__HOUSEHOLD,1512,11,55035.6171875,0.017242870679288043,rmsse,0.6430681253893434
store_cat,3,M1_AggHistFutureSummary,M1_AggHistFutureSummary,TX_1__FOODS,1512,12,146396.890625,0.045866709267504774,rmsse,0.5167956035532748
store_cat,3,M1_AggHistFutureSummary,M1_AggHistFutureSummary,TX_1__HOBBIES,1512,13,37219.30859375,0.011660952627606897,rmsse,0.9465530018043703
store_cat,3,M1_AggHistFutureSummary,M1_AggHistFutureSummary,TX_1__HOUSEHOLD,1512,14,98011.2890625,0.030707314077307153,rmsse,0.5690331830587757
store_cat,3,M1_AggHistFutureSummary,M1_AggHistFutureSummary,TX_2__FOODS,1512,15,176122.65625,0.05517990604275809,rmsse,1.1494008299600869
store_cat,3,M1_AggHistFutureSummary,M1_AggHistFutureSummary,TX_2__HOBBIES,1512,16,57129.640625,0.017898936281481592,rmsse,1.053400645341359
store_cat,3,M1_AggHistFutureSummary,M1_AggHistFutureSummary,TX_2__HOUSEHOLD,1512,17,104925.140625,0.03287345038103626,rmsse,1.2046995653669696
store_cat,3,M1_AggHistFutureSummary,M1_AggHistFutureSummary,TX_3__FOODS,1512,18,171175.0625,0.05362980587918111,rmsse,0.7779562213927407
store_cat,3,M1_AggHistFutureSummary,M1_AggHistFutureSummary,TX_3__HOBBIES,1512,19,67877.1015625,0.021266157156731493,rmsse,0.8495168673952538
store_cat,3,M1_AggHistFutureSummary,M1_AggHistFutureSummary,TX_3__HOUSEHOLD,1512,20,106698.2734375,0.03342897971541217,rmsse,0.9748585122290567
store_cat,3,M1_AggHistFutureSummary,M1_AggHistFutureSummary,WI_1__FOODS,1512,21,173160.421875,0.054251826612380274,rmsse,0.6963302107616468
store_cat,3,M1_AggHistFutureSummary,M1_AggHistFutureSummary,WI_1__HOBBIES,1512,22,42989.3984375,0.013468743982879497,rmsse,0.831269963579963
store_cat,3,M1_AggHistFutureSummary,M1_AggHistFutureSummary,WI_1__HOUSEHOLD,1512,23,80510.828125,0.025224352311925487,rmsse,0.8249114174506298
store_cat,3,M1_AggHistFutureSummary,M1_AggHistFutureSummary,WI_2__FOODS,1512,24,209484.875,0.06563241757761601,rmsse,0.9466188981963687
store_cat,3,M1_AggHistFutureSummary,M1_AggHistFutureSummary,WI_2__HOBBIES,1512,25,27927.87890625,0.008749911946779423,rmsse,1.2609688811318585
store_cat,3,M1_AggHistFutureSummary,M1_AggHistFutureSummary,WI_2__HOUSEHOLD,1512,26,94749.9140625,0.029685512737820482,rmsse,0.9629211099317054
store_cat,3,M1_AggHistFutureSummary,M1_AggHistFutureSummary,WI_3__FOODS,1512,27,154383.0625,0.04836880765215719,rmsse,0.7027420197983245
store_cat,3,M1_AggHistFutureSummary,M1_AggHistFutureSummary,WI_3__HOBBIES,1512,28,26006.021484375,0.00814778661989298,rmsse,0.828963143424471
store_cat,3,M1_AggHistFutureSummary,M1_AggHistFutureSummary,WI_3__HOUSEHOLD,1512,29,76870.9140625,0.02408395322728209,rmsse,0.8028612635776794
store_cat,3,M1_AggHistFutureSummary,M1_AggHistFutureSummary,CA_1__FOODS,1540,30,220169.40625,0.06885783512657154,rmsse,0.4337549872935123
store_cat,3,M1_AggHistFutureSummary,M1_AggHistFutureSummary,CA_1__HOBBIES,1540,31,61755.76953125,0.019314075778852052,rmsse,0.45583484645669997
store_cat,3,M1_AggHistFutureSummary,M1_AggHistFutureSummary,CA_1__HOUSEHOLD,1540,32,109044.2734375,0.034103523871660345,rmsse,0.6911713905736578
store_cat,3,M1_AggHistFutureSummary,M1_AggHistFutureSummary,CA_2__FOODS,1540,33,95685.3828125,0.029925539728460827,rmsse,0.34979929800067805
store_cat,3,M1_AggHistFutureSummary,M1_AggHistFutureSummary,CA_2__HOBBIES,1540,34,34752.09765625,0.010868695389946238,rmsse,0.5551605804622026
store_cat,3,M1_AggHistFutureSummary,M1_AggHistFutureSummary,CA_2__HOUSEHOLD,1540,35,99130.90625,0.03100312488811156,rmsse,0.2860695178650558
store_cat,3,M1_AggHistFutureSummary,M1_AggHistFutureSummary,CA_3__FOODS,1540,36,290055.46875,0.09071465461495254,rmsse,0.48940796032124984
store_cat,3,M1_AggHistFutureSummary,M1_AggHistFutureSummary,CA_3__HOBBIES,1540,37,67942.453125,0.02124895695119342,rmsse,0.6650596692447295
store_cat,3,M1_AggHistFutureSummary,M1_AggHistFutureSummary,CA_3__HOUSEHOLD,1540,38,194752.859375,0.06090882702406398,rmsse,0.6913765135861298
store_cat,3,M1_AggHistFutureSummary,M1_AggHistFutureSummary,CA_4__FOODS,1540,39,120052.3671875,0.03754629785831791,rmsse,0.40332642350614867
store_cat,3,M1_AggHistFutureSummary,M1_AggHistFutureSummary,CA_4__HOBBIES,1540,40,37685.67578125,0.011786169994173486,rmsse,0.8788893781606113
store_cat,3,M1_AggHistFutureSummary,M1_AggHistFutureSummary,CA_4__HOUSEHOLD,1540,41,57081.52734375,0.017852209648718267,rmsse,0.6201023889072437
store_cat,3,M1_AggHistFutureSummary,M1_AggHistFutureSummary,TX_1__FOODS,1540,42,147996.359375,0.046285762798511335,rmsse,0.3933305638960165
store_cat,3,M1_AggHistFutureSummary,M1_AggHistFutureSummary,TX_1__HOBBIES,1540,43,35824.16015625,0.011203982222607078,rmsse,0.6468523491370354
store_cat,3,M1_AggHistFutureSummary,M1_AggHistFutureSummary,TX_1__HOUSEHOLD,1540,44,96537.8984375,0.030192163422228798,rmsse,0.4770417716565214
store_cat,3,M1_AggHistFutureSummary,M1_AggHistFutureSummary,TX_2__FOODS,1540,45,179433.03125,0.05611756098412723,rmsse,0.47586594210291855
store_cat,3,M1_AggHistFutureSummary,M1_AggHistFutureSummary,TX_2__HOBBIES,1540,46,54520.3046875,0.017051188969277244,rmsse,0.5461457600959034
store_cat,3,M1_AggHistFutureSummary,M1_AggHistFutureSummary,TX_2__HOUSEHOLD,1540,47,103090.46875,0.032241475422103406,rmsse,0.4918675455084793
store_cat,3,M1_AggHistFutureSummary,M1_AggHistFutureSummary,TX_3__FOODS,1540,48,173693.546875,0.05432254106952325,rmsse,0.7212923534164671
store_cat,3,M1_AggHistFutureSummary,M1_AggHistFutureSummary,TX_3__HOBBIES,1540,49,69905.3671875,0.02186285701653573,rmsse,0.7053281666375345
store_cat,3,M1_AggHistFutureSummary,M1_AggHistFutureSummary,TX_3__HOUSEHOLD,1540,50,104416.875,0.032656308093131484,rmsse,0.6755296826251473
store_cat,3,M1_AggHistFutureSummary,M1_AggHistFutureSummary,WI_1__FOODS,1540,51,162298.171875,0.05075864512993716,rmsse,0.4991088409658493
store_cat,3,M1_AggHistFutureSummary,M1_AggHistFutureSummary,WI_1__HOBBIES,1540,52,41865.28125,0.013093338820048013,rmsse,0.6321789250711108
store_cat,3,M1_AggHistFutureSummary,M1_AggHistFutureSummary,WI_1__HOUSEHOLD,1540,53,77330.671875,0.024185116110770965,rmsse,0.6928174555973797
store_cat,3,M1_AggHistFutureSummary,M1_AggHistFutureSummary,WI_2__FOODS,1540,54,202491.703125,0.06332914525121458,rmsse,0.9269243294019877
store_cat,3,M1_AggHistFutureSummary,M1_AggHistFutureSummary,WI_2__HOBBIES,1540,55,26394.369140625,0.008254821364650992,rmsse,0.915571066540445
store_cat,3,M1_AggHistFutureSummary,M1_AggHistFutureSummary,WI_2__HOUSEHOLD,1540,56,86329.9609375,0.026999637769690065,rmsse,0.9262577711126073
store_cat,3,M1_AggHistFutureSummary,M1_AggHistFutureSummary,WI_3__FOODS,1540,57,150028.796875,0.04692140627261487,rmsse,0.5567247296929146
store_cat,3,M1_AggHistFutureSummary,M1_AggHistFutureSummary,WI_3__HOBBIES,1540,58,24321.859375,0.007606645316169617,rmsse,0.7253356362518579
store_cat,3,M1_AggHistFutureSummary,M1_AggHistFutureSummary,WI_3__HOUSEHOLD,1540,59,72861.84375,0.022787493091836034,rmsse,0.6910605961312577
store_cat,3,M1_AggHistFutureSummary,M1_AggHistFutureSummary,CA_1__FOODS,1568,60,227606.21875,0.07077608229256054,rmsse,0.44803566526655875
store_cat,3,M1_AggHistFutureSummary,M1_AggHistFutureSummary,CA_1__HOBBIES,1568,61,61449.91015625,0.019108370245657893,rmsse,0.5444513982662905
store_cat,3,M1_AggHistFutureSummary,M1_AggHistFutureSummary,CA_1__HOUSEHOLD,1568,62,110681.0859375,0.03441722150459681,rmsse,0.7891751313686364
store_cat,3,M1_AggHistFutureSummary,M1_AggHistFutureSummary,CA_2__FOODS,1568,63,94507.7265625,0.029387978365465067,rmsse,1.4057956087342363
store_cat,3,M1_AggHistFutureSummary,M1_AggHistFutureSummary,CA_2__HOBBIES,1568,64,32681.55078125,0.010162605135507732,rmsse,0.5920056537701074
store_cat,3,M1_AggHistFutureSummary,M1_AggHistFutureSummary,CA_2__HOUSEHOLD,1568,65,97190.0234375,0.03022206130661088,rmsse,0.546479128686927
store_cat,3,M1_AggHistFutureSummary,M1_AggHistFutureSummary,CA_3__FOODS,1568,66,286386.625,0.08905434767910389,rmsse,1.0091363892646792
store_cat,3,M1_AggHistFutureSummary,M1_AggHistFutureSummary,CA_3__HOBBIES,1568,67,66306.0390625,0.020618424676418178,rmsse,0.8145608200562772
store_cat,3,M1_AggHistFutureSummary,M1_AggHistFutureSummary,CA_3__HOUSEHOLD,1568,68,190131.015625,0.059122850342783584,rmsse,0.625479192447144
store_cat,3,M1_AggHistFutureSummary,M1_AggHistFutureSummary,CA_4__FOODS,1568,69,122596.9609375,0.038122563802445886,rmsse,0.5935795393088673
store_cat,3,M1_AggHistFutureSummary,M1_AggHistFutureSummary,CA_4__HOBBIES,1568,70,38498.52734375,0.011971443286514517,rmsse,1.0514702806323881
store_cat,3,M1_AggHistFutureSummary,M1_AggHistFutureSummary,CA_4__HOUSEHOLD,1568,71,57504.91796875,0.017881641497913568,rmsse,0.9688603265478839
store_cat,3,M1_AggHistFutureSummary,M1_AggHistFutureSummary,TX_1__FOODS,1568,72,143759.71875,0.04470330266231075,rmsse,0.6262548970079296
store_cat,3,M1_AggHistFutureSummary,M1_AggHistFutureSummary,TX_1__HOBBIES,1568,73,36857.09765625,0.011461026816885643,rmsse,0.9255787011015878
store_cat,3,M1_AggHistFutureSummary,M1_AggHistFutureSummary,TX_1__HOUSEHOLD,1568,74,94760.015625,0.029466429787166445,rmsse,0.7352147800651994
store_cat,3,M1_AggHistFutureSummary,M1_AggHistFutureSummary,TX_2__FOODS,1568,75,175913.21875,0.05470170593306429,rmsse,0.44677887689492307
store_cat,3,M1_AggHistFutureSummary,M1_AggHistFutureSummary,TX_2__HOBBIES,1568,76,55974.640625,0.01740578879139919,rmsse,0.595039541543253
store_cat,3,M1_AggHistFutureSummary,M1_AggHistFutureSummary,TX_2__HOUSEHOLD,1568,77,102344.765625,0.031824972067411146,rmsse,0.4063436034108079
store_cat,3,M1_AggHistFutureSummary,M1_AggHistFutureSummary,TX_3__FOODS,1568,78,185515.796875,0.05768770896640953,rmsse,0.6669110277165275
store_cat,3,M1_AggHistFutureSummary,M1_AggHistFutureSummary,TX_3__HOBBIES,1568,79,71178.390625,0.02213352367959858,rmsse,0.7751894663694695
store_cat,3,M1_AggHistFutureSummary,M1_AggHistFutureSummary,TX_3__HOUSEHOLD,1568,80,104345.796875,0.03244720968990574,rmsse,0.8488269727894413
store_cat,3,M1_AggHistFutureSummary,M1_AggHistFutureSummary,WI_1__FOODS,1568,81,171597.125,0.05335958001001147,rmsse,0.6256107556965339
store_cat,3,M1_AggHistFutureSummary,M1_AggHistFutureSummary,WI_1__HOBBIES,1568,82,42377.875,0.013177759311041865,rmsse,0.4108710836780205
store_cat,3,M1_AggHistFutureSummary,M1_AggHistFutureSummary,WI_1__HOUSEHOLD,1568,83,74826.484375,0.02326792934249735,rmsse,0.5222103544693717
store_cat,3,M1_AggHistFutureSummary,M1_AggHistFutureSummary,WI_2__FOODS,1568,84,210272.09375,0.06538588924683765,rmsse,1.244906637726035
store_cat,3,M1_AggHistFutureSummary,M1_AggHistFutureSummary,WI_2__HOBBIES,1568,85,24916.8984375,0.007748120697110228,rmsse,0.8195991495456201
store_cat,3,M1_AggHistFutureSummary,M1_AggHistFutureSummary,WI_2__HOUSEHOLD,1568,86,85993.5546875,0.02674042447793314,rmsse,1.1752980081697115
store_cat,3,M1_AggHistFutureSummary,M1_AggHistFutureSummary,WI_3__FOODS,1568,87,152977.359375,0.04756960611834604,rmsse,0.7414688101896227
store_cat,3,M1_AggHistFutureSummary,M1_AggHistFutureSummary,WI_3__HOBBIES,1568,88,25281.419921875,0.007861471741370881,rmsse,0.8403252947818419
store_cat,3,M1_AggHistFutureSummary,M1_AggHistFutureSummary,WI_3__HOUSEHOLD,1568,89,71430.6328125,0.022211960525121525,rmsse,0.604239456833098
store_cat,3,M1_AggHistFutureSummary,M1_AggHistFutureSummary,CA_1__FOODS,1596,90,218156.640625,0.06756247139642138,rmsse,0.5806297406428698
store_cat,3,M1_AggHistFutureSummary,M1_AggHistFutureSummary,CA_1__HOBBIES,1596,91,62647.34375,0.019401698513715152,rmsse,0.7254887556202251
store_cat,3,M1_AggHistFutureSummary,M1_AggHistFutureSummary,CA_1__HOUSEHOLD,1596,92,111508.96875,0.03453400038629386,rmsse,0.829099543894557
store_cat,3,M1_AggHistFutureSummary,M1_AggHistFutureSummary,CA_2__FOODS,1596,93,124184.8984375,0.03845969861157458,rmsse,1.4458456991841135
store_cat,3,M1_AggHistFutureSummary,M1_AggHistFutureSummary,CA_2__HOBBIES,1596,94,35712.88671875,0.01106017621332348,rmsse,0.6070273899804304
store_cat,3,M1_AggHistFutureSummary,M1_AggHistFutureSummary,CA_2__HOUSEHOLD,1596,95,107060.6328125,0.03315636380059106,rmsse,0.5505745347553515
store_cat,3,M1_AggHistFutureSummary,M1_AggHistFutureSummary,CA_3__FOODS,1596,96,285717.21875,0.08848578417763645,rmsse,0.7664796305937553
store_cat,3,M1_AggHistFutureSummary,M1_AggHistFutureSummary,CA_3__HOBBIES,1596,97,68288.1953125,0.021148653688909533,rmsse,1.0854424312651494
store_cat,3,M1_AggHistFutureSummary,M1_AggHistFutureSummary,CA_3__HOUSEHOLD,1596,98,198473.0625,0.06146652501477757,rmsse,0.8958889425483246
store_cat,3,M1_AggHistFutureSummary,M1_AggHistFutureSummary,CA_4__FOODS,1596,99,116616.671875,0.036115841054978406,rmsse,0.6674108243291355
store_cat,3,M1_AggHistFutureSummary,M1_AggHistFutureSummary,CA_4__HOBBIES,1596,100,39243.08203125,0.012153467341850466,rmsse,0.9517027598170843
store_cat,3,M1_AggHistFutureSummary,M1_AggHistFutureSummary,CA_4__HOUSEHOLD,1596,101,58249.5703125,0.018039720985881025,rmsse,1.0451479150456953
store_cat,3,M1_AggHistFutureSummary,M1_AggHistFutureSummary,TX_1__FOODS,1596,102,144254.125,0.04467507918258353,rmsse,1.0058723637727487
store_cat,3,M1_AggHistFutureSummary,M1_AggHistFutureSummary,TX_1__HOBBIES,1596,103,38381.20703125,0.011886547183619364,rmsse,1.1090868190599463
store_cat,3,M1_AggHistFutureSummary,M1_AggHistFutureSummary,TX_1__HOUSEHOLD,1596,104,100307.125,0.031064822249986294,rmsse,0.7210456387496402
store_cat,3,M1_AggHistFutureSummary,M1_AggHistFutureSummary,TX_2__FOODS,1596,105,172290.359375,0.05335781869304533,rmsse,1.063962330553145
store_cat,3,M1_AggHistFutureSummary,M1_AggHistFutureSummary,TX_2__HOBBIES,1596,106,56974.41796875,0.017644810047099287,rmsse,0.9234579287512718
store_cat,3,M1_AggHistFutureSummary,M1_AggHistFutureSummary,TX_2__HOUSEHOLD,1596,107,102815.34375,0.03184161023621193,rmsse,0.6409490711540748
store_cat,3,M1_AggHistFutureSummary,M1_AggHistFutureSummary,TX_3__FOODS,1596,108,173334.609375,0.05368121985357653,rmsse,1.4041829904080352
store_cat,3,M1_AggHistFutureSummary,M1_AggHistFutureSummary,TX_3__HOBBIES,1596,109,69821.453125,0.02162349913392369,rmsse,1.3299885116982215
store_cat,3,M1_AggHistFutureSummary,M1_AggHistFutureSummary,TX_3__HOUSEHOLD,1596,110,105690.0703125,0.03273190461641051,rmsse,0.8529153224093544
store_cat,3,M1_AggHistFutureSummary,M1_AggHistFutureSummary,WI_1__FOODS,1596,111,172074.03125,0.05329082250757199,rmsse,0.6692277275759537
store_cat,3,M1_AggHistFutureSummary,M1_AggHistFutureSummary,WI_1__HOBBIES,1596,112,42553.390625,0.013178660198862826,rmsse,0.7506204917010322
store_cat,3,M1_AggHistFutureSummary,M1_AggHistFutureSummary,WI_1__HOUSEHOLD,1596,113,77409.6953125,0.023973555470844267,rmsse,0.8180169974372735
store_cat,3,M1_AggHistFutureSummary,M1_AggHistFutureSummary,WI_2__FOODS,1596,114,192405.90625,0.05958754452890338,rmsse,0.9201521637226365
store_cat,3,M1_AggHistFutureSummary,M1_AggHistFutureSummary,WI_2__HOBBIES,1596,115,27172.5703125,0.008415265284824653,rmsse,1.1169181679880804
store_cat,3,M1_AggHistFutureSummary,M1_AggHistFutureSummary,WI_2__HOUSEHOLD,1596,116,88800.015625,0.027501104245452462,rmsse,1.3836423447341737
store_cat,3,M1_AggHistFutureSummary,M1_AggHistFutureSummary,WI_3__FOODS,1596,117,138527.015625,0.04290141021599113,rmsse,0.7203087260719567
store_cat,3,M1_AggHistFutureSummary,M1_AggHistFutureSummary,WI_3__HOBBIES,1596,118,25475.140625,0.007889576291903788,rmsse,1.0920006136864058
store_cat,3,M1_AggHistFutureSummary,M1_AggHistFutureSummary,WI_3__HOUSEHOLD,1596,119,74816.171875,0.023170348873236064,rmsse,0.8469907480333085
store_cat,3,M1_AggHistFutureSummary,M1_AggHistFutureSummary,CA_1__FOODS,1512,0,207180.25,0.06491036969535333,mean_spl,0.20768210722647354
store_cat,3,M1_AggHistFutureSummary,M1_AggHistFutureSummary,CA_1__HOBBIES,1512,1,62380.88671875,0.019544171893015955,mean_spl,0.1631880977778269
store_cat,3,M1_AggHistFutureSummary,M1_AggHistFutureSummary,CA_1__HOUSEHOLD,1512,2,105939.7890625,0.03319134364156151,mean_spl,0.1614708875847779
store_cat,3,M1_AggHistFutureSummary,M1_AggHistFutureSummary,CA_2__FOODS,1512,3,91005.09375,0.028512246121301568,mean_spl,0.11291957845079276
store_cat,3,M1_AggHistFutureSummary,M1_AggHistFutureSummary,CA_2__HOBBIES,1512,4,33450.58203125,0.010480196090955487,mean_spl,0.13970064083725028
store_cat,3,M1_AggHistFutureSummary,M1_AggHistFutureSummary,CA_2__HOUSEHOLD,1512,5,94968.328125,0.02975394270420743,mean_spl,0.10729791911883463
store_cat,3,M1_AggHistFutureSummary,M1_AggHistFutureSummary,CA_3__FOODS,1512,6,287165.4375,0.08997003677644409,mean_spl,0.14105574263152348
store_cat,3,M1_AggHistFutureSummary,M1_AggHistFutureSummary,CA_3__HOBBIES,1512,7,66716.6796875,0.020902592517202268,mean_spl,0.22626514571768158
store_cat,3,M1_AggHistFutureSummary,M1_AggHistFutureSummary,CA_3__HOUSEHOLD,1512,8,182819.796875,0.05727814597571753,mean_spl,0.16370051807802008
store_cat,3,M1_AggHistFutureSummary,M1_AggHistFutureSummary,CA_4__FOODS,1512,9,116552.8984375,0.03651647165520408,mean_spl,0.1578603170891629
store_cat,3,M1_AggHistFutureSummary,M1_AggHistFutureSummary,CA_4__HOBBIES,1512,10,36935.671875,0.011572088151995735,mean_spl,0.1778421214226004
store_cat,3,M1_AggHistFutureSummary,M1_AggHistFutureSummary,CA_4__HOUSEHOLD,1512,11,55035.6171875,0.017242870679288043,mean_spl,0.17811014644685474
store_cat,3,M1_AggHistFutureSummary,M1_AggHistFutureSummary,TX_1__FOODS,1512,12,146396.890625,0.045866709267504774,mean_spl,0.13529436987492638
store_cat,3,M1_AggHistFutureSummary,M1_AggHistFutureSummary,TX_1__HOBBIES,1512,13,37219.30859375,0.011660952627606897,mean_spl,0.19877215137492465
store_cat,3,M1_AggHistFutureSummary,M1_AggHistFutureSummary,TX_1__HOUSEHOLD,1512,14,98011.2890625,0.030707314077307153,mean_spl,0.14855153411437652
store_cat,3,M1_AggHistFutureSummary,M1_AggHistFutureSummary,TX_2__FOODS,1512,15,176122.65625,0.05517990604275809,mean_spl,0.27365910837992485
store_cat,3,M1_AggHistFutureSummary,M1_AggHistFutureSummary,TX_2__HOBBIES,1512,16,57129.640625,0.017898936281481592,mean_spl,0.24929196226021302
store_cat,3,M1_AggHistFutureSummary,M1_AggHistFutureSummary,TX_2__HOUSEHOLD,1512,17,104925.140625,0.03287345038103626,mean_spl,0.29551699268378684
store_cat,3,M1_AggHistFutureSummary,M1_AggHistFutureSummary,TX_3__FOODS,1512,18,171175.0625,0.05362980587918111,mean_spl,0.1776805191702068
store_cat,3,M1_AggHistFutureSummary,M1_AggHistFutureSummary,TX_3__HOBBIES,1512,19,67877.1015625,0.021266157156731493,mean_spl,0.2000022933856057
store_cat,3,M1_AggHistFutureSummary,M1_AggHistFutureSummary,TX_3__HOUSEHOLD,1512,20,106698.2734375,0.03342897971541217,mean_spl,0.2195962877332086
store_cat,3,M1_AggHistFutureSummary,M1_AggHistFutureSummary,WI_1__FOODS,1512,21,173160.421875,0.054251826612380274,mean_spl,0.18333988974317394
store_cat,3,M1_AggHistFutureSummary,M1_AggHistFutureSummary,WI_1__HOBBIES,1512,22,42989.3984375,0.013468743982879497,mean_spl,0.189115588237344
store_cat,3,M1_AggHistFutureSummary,M1_AggHistFutureSummary,WI_1__HOUSEHOLD,1512,23,80510.828125,0.025224352311925487,mean_spl,0.18513405151568654
store_cat,3,M1_AggHistFutureSummary,M1_AggHistFutureSummary,WI_2__FOODS,1512,24,209484.875,0.06563241757761601,mean_spl,0.25263872992567626
store_cat,3,M1_AggHistFutureSummary,M1_AggHistFutureSummary,WI_2__HOBBIES,1512,25,27927.87890625,0.008749911946779423,mean_spl,0.23586265126833972
store_cat,3,M1_AggHistFutureSummary,M1_AggHistFutureSummary,WI_2__HOUSEHOLD,1512,26,94749.9140625,0.029685512737820482,mean_spl,0.2516877365582127
store_cat,3,M1_AggHistFutureSummary,M1_AggHistFutureSummary,WI_3__FOODS,1512,27,154383.0625,0.04836880765215719,mean_spl,0.18298617829103742
store_cat,3,M1_AggHistFutureSummary,M1_AggHistFutureSummary,WI_3__HOBBIES,1512,28,26006.021484375,0.00814778661989298,mean_spl,0.1615794038401837
store_cat,3,M1_AggHistFutureSummary,M1_AggHistFutureSummary,WI_3__HOUSEHOLD,1512,29,76870.9140625,0.02408395322728209,mean_spl,0.20448142891259546
store_cat,3,M1_AggHistFutureSummary,M1_AggHistFutureSummary,CA_1__FOODS,1540,30,220169.40625,0.06885783512657154,mean_spl,0.11943106280415877
store_cat,3,M1_AggHistFutureSummary,M1_AggHistFutureSummary,CA_1__HOBBIES,1540,31,61755.76953125,0.019314075778852052,mean_spl,0.11925775638640124
store_cat,3,M1_AggHistFutureSummary,M1_AggHistFutureSummary,CA_1__HOUSEHOLD,1540,32,109044.2734375,0.034103523871660345,mean_spl,0.15884039399182195
store_cat,3,M1_AggHistFutureSummary,M1_AggHistFutureSummary,CA_2__FOODS,1540,33,95685.3828125,0.029925539728460827,mean_spl,0.10026516592843193
store_cat,3,M1_AggHistFutureSummary,M1_AggHistFutureSummary,CA_2__HOBBIES,1540,34,34752.09765625,0.010868695389946238,mean_spl,0.1381713320540642
store_cat,3,M1_AggHistFutureSummary,M1_AggHistFutureSummary,CA_2__HOUSEHOLD,1540,35,99130.90625,0.03100312488811156,mean_spl,0.0868976402545931
store_cat,3,M1_AggHistFutureSummary,M1_AggHistFutureSummary,CA_3__FOODS,1540,36,290055.46875,0.09071465461495254,mean_spl,0.13797909815230117
store_cat,3,M1_AggHistFutureSummary,M1_AggHistFutureSummary,CA_3__HOBBIES,1540,37,67942.453125,0.02124895695119342,mean_spl,0.16726141621479376
store_cat,3,M1_AggHistFutureSummary,M1_AggHistFutureSummary,CA_3__HOUSEHOLD,1540,38,194752.859375,0.06090882702406398,mean_spl,0.19196940326322118
store_cat,3,M1_AggHistFutureSummary,M1_AggHistFutureSummary,CA_4__FOODS,1540,39,120052.3671875,0.03754629785831791,mean_spl,0.14104370238727537
store_cat,3,M1_AggHistFutureSummary,M1_AggHistFutureSummary,CA_4__HOBBIES,1540,40,37685.67578125,0.011786169994173486,mean_spl,0.22394714186025688
store_cat,3,M1_AggHistFutureSummary,M1_AggHistFutureSummary,CA_4__HOUSEHOLD,1540,41,57081.52734375,0.017852209648718267,mean_spl,0.18148251988157002
store_cat,3,M1_AggHistFutureSummary,M1_AggHistFutureSummary,TX_1__FOODS,1540,42,147996.359375,0.046285762798511335,mean_spl,0.10210438506624626
store_cat,3,M1_AggHistFutureSummary,M1_AggHistFutureSummary,TX_1__HOBBIES,1540,43,35824.16015625,0.011203982222607078,mean_spl,0.15728476085062063
store_cat,3,M1_AggHistFutureSummary,M1_AggHistFutureSummary,TX_1__HOUSEHOLD,1540,44,96537.8984375,0.030192163422228798,mean_spl,0.1347705864369935
store_cat,3,M1_AggHistFutureSummary,M1_AggHistFutureSummary,TX_2__FOODS,1540,45,179433.03125,0.05611756098412723,mean_spl,0.10450551702204276
store_cat,3,M1_AggHistFutureSummary,M1_AggHistFutureSummary,TX_2__HOBBIES,1540,46,54520.3046875,0.017051188969277244,mean_spl,0.14512831059519804
store_cat,3,M1_AggHistFutureSummary,M1_AggHistFutureSummary,TX_2__HOUSEHOLD,1540,47,103090.46875,0.032241475422103406,mean_spl,0.12682597823086694
store_cat,3,M1_AggHistFutureSummary,M1_AggHistFutureSummary,TX_3__FOODS,1540,48,173693.546875,0.05432254106952325,mean_spl,0.17941131972518662
store_cat,3,M1_AggHistFutureSummary,M1_AggHistFutureSummary,TX_3__HOBBIES,1540,49,69905.3671875,0.02186285701653573,mean_spl,0.18249696907103743
store_cat,3,M1_AggHistFutureSummary,M1_AggHistFutureSummary,TX_3__HOUSEHOLD,1540,50,104416.875,0.032656308093131484,mean_spl,0.19031723859186797
store_cat,3,M1_AggHistFutureSummary,M1_AggHistFutureSummary,WI_1__FOODS,1540,51,162298.171875,0.05075864512993716,mean_spl,0.15735387587725122
store_cat,3,M1_AggHistFutureSummary,M1_AggHistFutureSummary,WI_1__HOBBIES,1540,52,41865.28125,0.013093338820048013,mean_spl,0.15400265254179069
store_cat,3,M1_AggHistFutureSummary,M1_AggHistFutureSummary,WI_1__HOUSEHOLD,1540,53,77330.671875,0.024185116110770965,mean_spl,0.170438760219302
store_cat,3,M1_AggHistFutureSummary,M1_AggHistFutureSummary,WI_2__FOODS,1540,54,202491.703125,0.06332914525121458,mean_spl,0.2576245355350065
store_cat,3,M1_AggHistFutureSummary,M1_AggHistFutureSummary,WI_2__HOBBIES,1540,55,26394.369140625,0.008254821364650992,mean_spl,0.17858680453781595
store_cat,3,M1_AggHistFutureSummary,M1_AggHistFutureSummary,WI_2__HOUSEHOLD,1540,56,86329.9609375,0.026999637769690065,mean_spl,0.2327074748616692
store_cat,3,M1_AggHistFutureSummary,M1_AggHistFutureSummary,WI_3__FOODS,1540,57,150028.796875,0.04692140627261487,mean_spl,0.14918576350674334
store_cat,3,M1_AggHistFutureSummary,M1_AggHistFutureSummary,WI_3__HOBBIES,1540,58,24321.859375,0.007606645316169617,mean_spl,0.13414767422561685
store_cat,3,M1_AggHistFutureSummary,M1_AggHistFutureSummary,WI_3__HOUSEHOLD,1540,59,72861.84375,0.022787493091836034,mean_spl,0.16120939012121827
store_cat,3,M1_AggHistFutureSummary,M1_AggHistFutureSummary,CA_1__FOODS,1568,60,227606.21875,0.07077608229256054,mean_spl,0.10595876541978165
store_cat,3,M1_AggHistFutureSummary,M1_AggHistFutureSummary,CA_1__HOBBIES,1568,61,61449.91015625,0.019108370245657893,mean_spl,0.13327032623722646
store_cat,3,M1_AggHistFutureSummary,M1_AggHistFutureSummary,CA_1__HOUSEHOLD,1568,62,110681.0859375,0.03441722150459681,mean_spl,0.18190164772245715
store_cat,3,M1_AggHistFutureSummary,M1_AggHistFutureSummary,CA_2__FOODS,1568,63,94507.7265625,0.029387978365465067,mean_spl,0.4432641055310087
store_cat,3,M1_AggHistFutureSummary,M1_AggHistFutureSummary,CA_2__HOBBIES,1568,64,32681.55078125,0.010162605135507732,mean_spl,0.12799355755299804
store_cat,3,M1_AggHistFutureSummary,M1_AggHistFutureSummary,CA_2__HOUSEHOLD,1568,65,97190.0234375,0.03022206130661088,mean_spl,0.14743152476687058
store_cat,3,M1_AggHistFutureSummary,M1_AggHistFutureSummary,CA_3__FOODS,1568,66,286386.625,0.08905434767910389,mean_spl,0.23896098067549257
store_cat,3,M1_AggHistFutureSummary,M1_AggHistFutureSummary,CA_3__HOBBIES,1568,67,66306.0390625,0.020618424676418178,mean_spl,0.19391615777723886
store_cat,3,M1_AggHistFutureSummary,M1_AggHistFutureSummary,CA_3__HOUSEHOLD,1568,68,190131.015625,0.059122850342783584,mean_spl,0.17251562869485015
store_cat,3,M1_AggHistFutureSummary,M1_AggHistFutureSummary,CA_4__FOODS,1568,69,122596.9609375,0.038122563802445886,mean_spl,0.15929109394034568
store_cat,3,M1_AggHistFutureSummary,M1_AggHistFutureSummary,CA_4__HOBBIES,1568,70,38498.52734375,0.011971443286514517,mean_spl,0.2500471238222315
store_cat,3,M1_AggHistFutureSummary,M1_AggHistFutureSummary,CA_4__HOUSEHOLD,1568,71,57504.91796875,0.017881641497913568,mean_spl,0.2418795981926234
store_cat,3,M1_AggHistFutureSummary,M1_AggHistFutureSummary,TX_1__FOODS,1568,72,143759.71875,0.04470330266231075,mean_spl,0.12986532547871601
store_cat,3,M1_AggHistFutureSummary,M1_AggHistFutureSummary,TX_1__HOBBIES,1568,73,36857.09765625,0.011461026816885643,mean_spl,0.20107596797053867
store_cat,3,M1_AggHistFutureSummary,M1_AggHistFutureSummary,TX_1__HOUSEHOLD,1568,74,94760.015625,0.029466429787166445,mean_spl,0.1986841057430449
store_cat,3,M1_AggHistFutureSummary,M1_AggHistFutureSummary,TX_2__FOODS,1568,75,175913.21875,0.05470170593306429,mean_spl,0.11402471132489837
store_cat,3,M1_AggHistFutureSummary,M1_AggHistFutureSummary,TX_2__HOBBIES,1568,76,55974.640625,0.01740578879139919,mean_spl,0.14607123255633503
store_cat,3,M1_AggHistFutureSummary,M1_AggHistFutureSummary,TX_2__HOUSEHOLD,1568,77,102344.765625,0.031824972067411146,mean_spl,0.12051857196424182
store_cat,3,M1_AggHistFutureSummary,M1_AggHistFutureSummary,TX_3__FOODS,1568,78,185515.796875,0.05768770896640953,mean_spl,0.15737257239470578
store_cat,3,M1_AggHistFutureSummary,M1_AggHistFutureSummary,TX_3__HOBBIES,1568,79,71178.390625,0.02213352367959858,mean_spl,0.19603431031061264
store_cat,3,M1_AggHistFutureSummary,M1_AggHistFutureSummary,TX_3__HOUSEHOLD,1568,80,104345.796875,0.03244720968990574,mean_spl,0.2065609620919022
store_cat,3,M1_AggHistFutureSummary,M1_AggHistFutureSummary,WI_1__FOODS,1568,81,171597.125,0.05335958001001147,mean_spl,0.16092024969189822
store_cat,3,M1_AggHistFutureSummary,M1_AggHistFutureSummary,WI_1__HOBBIES,1568,82,42377.875,0.013177759311041865,mean_spl,0.11735229594885148
store_cat,3,M1_AggHistFutureSummary,M1_AggHistFutureSummary,WI_1__HOUSEHOLD,1568,83,74826.484375,0.02326792934249735,mean_spl,0.138711027473223
store_cat,3,M1_AggHistFutureSummary,M1_AggHistFutureSummary,WI_2__FOODS,1568,84,210272.09375,0.06538588924683765,mean_spl,0.3285246466078412
store_cat,3,M1_AggHistFutureSummary,M1_AggHistFutureSummary,WI_2__HOBBIES,1568,85,24916.8984375,0.007748120697110228,mean_spl,0.1840678271471687
store_cat,3,M1_AggHistFutureSummary,M1_AggHistFutureSummary,WI_2__HOUSEHOLD,1568,86,85993.5546875,0.02674042447793314,mean_spl,0.3087184893726062
store_cat,3,M1_AggHistFutureSummary,M1_AggHistFutureSummary,WI_3__FOODS,1568,87,152977.359375,0.04756960611834604,mean_spl,0.18007491174919174
store_cat,3,M1_AggHistFutureSummary,M1_AggHistFutureSummary,WI_3__HOBBIES,1568,88,25281.419921875,0.007861471741370881,mean_spl,0.15939460628372198
store_cat,3,M1_AggHistFutureSummary,M1_AggHistFutureSummary,WI_3__HOUSEHOLD,1568,89,71430.6328125,0.022211960525121525,mean_spl,0.17298936869052176
store_cat,3,M1_AggHistFutureSummary,M1_AggHistFutureSummary,CA_1__FOODS,1596,90,218156.640625,0.06756247139642138,mean_spl,0.14641117469467463
store_cat,3,M1_AggHistFutureSummary,M1_AggHistFutureSummary,CA_1__HOBBIES,1596,91,62647.34375,0.019401698513715152,mean_spl,0.17034118888474034
store_cat,3,M1_AggHistFutureSummary,M1_AggHistFutureSummary,CA_1__HOUSEHOLD,1596,92,111508.96875,0.03453400038629386,mean_spl,0.19193204004286407
store_cat,3,M1_AggHistFutureSummary,M1_AggHistFutureSummary,CA_2__FOODS,1596,93,124184.8984375,0.03845969861157458,mean_spl,0.41503059640476064
store_cat,3,M1_AggHistFutureSummary,M1_AggHistFutureSummary,CA_2__HOBBIES,1596,94,35712.88671875,0.01106017621332348,mean_spl,0.1557792321801952
store_cat,3,M1_AggHistFutureSummary,M1_AggHistFutureSummary,CA_2__HOUSEHOLD,1596,95,107060.6328125,0.03315636380059106,mean_spl,0.14607780865688197
store_cat,3,M1_AggHistFutureSummary,M1_AggHistFutureSummary,CA_3__FOODS,1596,96,285717.21875,0.08848578417763645,mean_spl,0.18393507789359026
store_cat,3,M1_AggHistFutureSummary,M1_AggHistFutureSummary,CA_3__HOBBIES,1596,97,68288.1953125,0.021148653688909533,mean_spl,0.24832750467350465
store_cat,3,M1_AggHistFutureSummary,M1_AggHistFutureSummary,CA_3__HOUSEHOLD,1596,98,198473.0625,0.06146652501477757,mean_spl,0.2103880297792299
store_cat,3,M1_AggHistFutureSummary,M1_AggHistFutureSummary,CA_4__FOODS,1596,99,116616.671875,0.036115841054978406,mean_spl,0.15040463419632033
store_cat,3,M1_AggHistFutureSummary,M1_AggHistFutureSummary,CA_4__HOBBIES,1596,100,39243.08203125,0.012153467341850466,mean_spl,0.2104166185785953
store_cat,3,M1_AggHistFutureSummary,M1_AggHistFutureSummary,CA_4__HOUSEHOLD,1596,101,58249.5703125,0.018039720985881025,mean_spl,0.27928945119821225
store_cat,3,M1_AggHistFutureSummary,M1_AggHistFutureSummary,TX_1__FOODS,1596,102,144254.125,0.04467507918258353,mean_spl,0.22060239516248398
store_cat,3,M1_AggHistFutureSummary,M1_AggHistFutureSummary,TX_1__HOBBIES,1596,103,38381.20703125,0.011886547183619364,mean_spl,0.20252167428449072
store_cat,3,M1_AggHistFutureSummary,M1_AggHistFutureSummary,TX_1__HOUSEHOLD,1596,104,100307.125,0.031064822249986294,mean_spl,0.18959768794629278
store_cat,3,M1_AggHistFutureSummary,M1_AggHistFutureSummary,TX_2__FOODS,1596,105,172290.359375,0.05335781869304533,mean_spl,0.23608087504305283
store_cat,3,M1_AggHistFutureSummary,M1_AggHistFutureSummary,TX_2__HOBBIES,1596,106,56974.41796875,0.017644810047099287,mean_spl,0.2265367944187083
store_cat,3,M1_AggHistFutureSummary,M1_AggHistFutureSummary,TX_2__HOUSEHOLD,1596,107,102815.34375,0.03184161023621193,mean_spl,0.18317736361054165
store_cat,3,M1_AggHistFutureSummary,M1_AggHistFutureSummary,TX_3__FOODS,1596,108,173334.609375,0.05368121985357653,mean_spl,0.30160894200115923
store_cat,3,M1_AggHistFutureSummary,M1_AggHistFutureSummary,TX_3__HOBBIES,1596,109,69821.453125,0.02162349913392369,mean_spl,0.30112313075548297
store_cat,3,M1_AggHistFutureSummary,M1_AggHistFutureSummary,TX_3__HOUSEHOLD,1596,110,105690.0703125,0.03273190461641051,mean_spl,0.23712818481892425
store_cat,3,M1_AggHistFutureSummary,M1_AggHistFutureSummary,WI_1__FOODS,1596,111,172074.03125,0.05329082250757199,mean_spl,0.16827077947806457
store_cat,3,M1_AggHistFutureSummary,M1_AggHistFutureSummary,WI_1__HOBBIES,1596,112,42553.390625,0.013178660198862826,mean_spl,0.16228828871683781
store_cat,3,M1_AggHistFutureSummary,M1_AggHistFutureSummary,WI_1__HOUSEHOLD,1596,113,77409.6953125,0.023973555470844267,mean_spl,0.19625786144106622
store_cat,3,M1_AggHistFutureSummary,M1_AggHistFutureSummary,WI_2__FOODS,1596,114,192405.90625,0.05958754452890338,mean_spl,0.3131320311802678
store_cat,3,M1_AggHistFutureSummary,M1_AggHistFutureSummary,WI_2__HOBBIES,1596,115,27172.5703125,0.008415265284824653,mean_spl,0.20501344121918383
store_cat,3,M1_AggHistFutureSummary,M1_AggHistFutureSummary,WI_2__HOUSEHOLD,1596,116,88800.015625,0.027501104245452462,mean_spl,0.35077310881880636
store_cat,3,M1_AggHistFutureSummary,M1_AggHistFutureSummary,WI_3__FOODS,1596,117,138527.015625,0.04290141021599113,mean_spl,0.18790008506768402
store_cat,3,M1_AggHistFutureSummary,M1_AggHistFutureSummary,WI_3__HOBBIES,1596,118,25475.140625,0.007889576291903788,mean_spl,0.21092090349918136
store_cat,3,M1_AggHistFutureSummary,M1_AggHistFutureSummary,WI_3__HOUSEHOLD,1596,119,74816.171875,0.023170348873236064,mean_spl,0.2057431869667839
store_cat,3,M3_FullSkuTemporalCNN,M3_FullSkuTemporalCNN,CA_1__FOODS,1512,0,207180.25,0.06491036969535333,rmsse,0.6101869762447915
store_cat,3,M3_FullSkuTemporalCNN,M3_FullSkuTemporalCNN,CA_1__HOBBIES,1512,1,62380.88671875,0.019544171893015955,rmsse,0.6212560063702728
store_cat,3,M3_FullSkuTemporalCNN,M3_FullSkuTemporalCNN,CA_1__HOUSEHOLD,1512,2,105939.7890625,0.03319134364156151,rmsse,0.5633628311899761
store_cat,3,M3_FullSkuTemporalCNN,M3_FullSkuTemporalCNN,CA_2__FOODS,1512,3,91005.09375,0.028512246121301568,rmsse,0.39059090434679283
store_cat,3,M3_FullSkuTemporalCNN,M3_FullSkuTemporalCNN,CA_2__HOBBIES,1512,4,33450.58203125,0.010480196090955487,rmsse,0.4868481354619351
store_cat,3,M3_FullSkuTemporalCNN,M3_FullSkuTemporalCNN,CA_2__HOUSEHOLD,1512,5,94968.328125,0.02975394270420743,rmsse,0.45003471912447635
store_cat,3,M3_FullSkuTemporalCNN,M3_FullSkuTemporalCNN,CA_3__FOODS,1512,6,287165.4375,0.08997003677644409,rmsse,0.5555631532211366
store_cat,3,M3_FullSkuTemporalCNN,M3_FullSkuTemporalCNN,CA_3__HOBBIES,1512,7,66716.6796875,0.020902592517202268,rmsse,0.8863325666102126
store_cat,3,M3_FullSkuTemporalCNN,M3_FullSkuTemporalCNN,CA_3__HOUSEHOLD,1512,8,182819.796875,0.05727814597571753,rmsse,0.8256703541790171
store_cat,3,M3_FullSkuTemporalCNN,M3_FullSkuTemporalCNN,CA_4__FOODS,1512,9,116552.8984375,0.03651647165520408,rmsse,0.6444755589922262
store_cat,3,M3_FullSkuTemporalCNN,M3_FullSkuTemporalCNN,CA_4__HOBBIES,1512,10,36935.671875,0.011572088151995735,rmsse,0.6482351464105391
store_cat,3,M3_FullSkuTemporalCNN,M3_FullSkuTemporalCNN,CA_4__HOUSEHOLD,1512,11,55035.6171875,0.017242870679288043,rmsse,0.5017888146768761
store_cat,3,M3_FullSkuTemporalCNN,M3_FullSkuTemporalCNN,TX_1__FOODS,1512,12,146396.890625,0.045866709267504774,rmsse,0.48180024223075185
store_cat,3,M3_FullSkuTemporalCNN,M3_FullSkuTemporalCNN,TX_1__HOBBIES,1512,13,37219.30859375,0.011660952627606897,rmsse,0.75253376370336
store_cat,3,M3_FullSkuTemporalCNN,M3_FullSkuTemporalCNN,TX_1__HOUSEHOLD,1512,14,98011.2890625,0.030707314077307153,rmsse,0.6642457010581353
store_cat,3,M3_FullSkuTemporalCNN,M3_FullSkuTemporalCNN,TX_2__FOODS,1512,15,176122.65625,0.05517990604275809,rmsse,1.0220967835941834
store_cat,3,M3_FullSkuTemporalCNN,M3_FullSkuTemporalCNN,TX_2__HOBBIES,1512,16,57129.640625,0.017898936281481592,rmsse,0.9670212069435118
store_cat,3,M3_FullSkuTemporalCNN,M3_FullSkuTemporalCNN,TX_2__HOUSEHOLD,1512,17,104925.140625,0.03287345038103626,rmsse,1.2402299306480853
store_cat,3,M3_FullSkuTemporalCNN,M3_FullSkuTemporalCNN,TX_3__FOODS,1512,18,171175.0625,0.05362980587918111,rmsse,0.5845161598474129
store_cat,3,M3_FullSkuTemporalCNN,M3_FullSkuTemporalCNN,TX_3__HOBBIES,1512,19,67877.1015625,0.021266157156731493,rmsse,0.8041620913031147
store_cat,3,M3_FullSkuTemporalCNN,M3_FullSkuTemporalCNN,TX_3__HOUSEHOLD,1512,20,106698.2734375,0.03342897971541217,rmsse,0.8175150213968989
store_cat,3,M3_FullSkuTemporalCNN,M3_FullSkuTemporalCNN,WI_1__FOODS,1512,21,173160.421875,0.054251826612380274,rmsse,0.8718034605934467
store_cat,3,M3_FullSkuTemporalCNN,M3_FullSkuTemporalCNN,WI_1__HOBBIES,1512,22,42989.3984375,0.013468743982879497,rmsse,0.9515474043391804
store_cat,3,M3_FullSkuTemporalCNN,M3_FullSkuTemporalCNN,WI_1__HOUSEHOLD,1512,23,80510.828125,0.025224352311925487,rmsse,0.618342653142271
store_cat,3,M3_FullSkuTemporalCNN,M3_FullSkuTemporalCNN,WI_2__FOODS,1512,24,209484.875,0.06563241757761601,rmsse,0.6134618707324001
store_cat,3,M3_FullSkuTemporalCNN,M3_FullSkuTemporalCNN,WI_2__HOBBIES,1512,25,27927.87890625,0.008749911946779423,rmsse,0.8727790614907139
store_cat,3,M3_FullSkuTemporalCNN,M3_FullSkuTemporalCNN,WI_2__HOUSEHOLD,1512,26,94749.9140625,0.029685512737820482,rmsse,0.9046649221741998
store_cat,3,M3_FullSkuTemporalCNN,M3_FullSkuTemporalCNN,WI_3__FOODS,1512,27,154383.0625,0.04836880765215719,rmsse,0.528948823784598
store_cat,3,M3_FullSkuTemporalCNN,M3_FullSkuTemporalCNN,WI_3__HOBBIES,1512,28,26006.021484375,0.00814778661989298,rmsse,0.5565452161457439
store_cat,3,M3_FullSkuTemporalCNN,M3_FullSkuTemporalCNN,WI_3__HOUSEHOLD,1512,29,76870.9140625,0.02408395322728209,rmsse,0.6436502686653552
store_cat,3,M3_FullSkuTemporalCNN,M3_FullSkuTemporalCNN,CA_1__FOODS,1540,30,220169.40625,0.06885783512657154,rmsse,0.3781907061714852
store_cat,3,M3_FullSkuTemporalCNN,M3_FullSkuTemporalCNN,CA_1__HOBBIES,1540,31,61755.76953125,0.019314075778852052,rmsse,0.5259530069735823
store_cat,3,M3_FullSkuTemporalCNN,M3_FullSkuTemporalCNN,CA_1__HOUSEHOLD,1540,32,109044.2734375,0.034103523871660345,rmsse,0.6189323315328519
store_cat,3,M3_FullSkuTemporalCNN,M3_FullSkuTemporalCNN,CA_2__FOODS,1540,33,95685.3828125,0.029925539728460827,rmsse,0.3789296702054041
store_cat,3,M3_FullSkuTemporalCNN,M3_FullSkuTemporalCNN,CA_2__HOBBIES,1540,34,34752.09765625,0.010868695389946238,rmsse,0.44390559770517685
store_cat,3,M3_FullSkuTemporalCNN,M3_FullSkuTemporalCNN,CA_2__HOUSEHOLD,1540,35,99130.90625,0.03100312488811156,rmsse,0.38886763452279544
store_cat,3,M3_FullSkuTemporalCNN,M3_FullSkuTemporalCNN,CA_3__FOODS,1540,36,290055.46875,0.09071465461495254,rmsse,0.42646021520593075
store_cat,3,M3_FullSkuTemporalCNN,M3_FullSkuTemporalCNN,CA_3__HOBBIES,1540,37,67942.453125,0.02124895695119342,rmsse,0.8580328355328226
store_cat,3,M3_FullSkuTemporalCNN,M3_FullSkuTemporalCNN,CA_3__HOUSEHOLD,1540,38,194752.859375,0.06090882702406398,rmsse,0.6235288446495324
store_cat,3,M3_FullSkuTemporalCNN,M3_FullSkuTemporalCNN,CA_4__FOODS,1540,39,120052.3671875,0.03754629785831791,rmsse,0.5668578530104179
store_cat,3,M3_FullSkuTemporalCNN,M3_FullSkuTemporalCNN,CA_4__HOBBIES,1540,40,37685.67578125,0.011786169994173486,rmsse,0.9528163757068783
store_cat,3,M3_FullSkuTemporalCNN,M3_FullSkuTemporalCNN,CA_4__HOUSEHOLD,1540,41,57081.52734375,0.017852209648718267,rmsse,0.7859341579906083
store_cat,3,M3_FullSkuTemporalCNN,M3_FullSkuTemporalCNN,TX_1__FOODS,1540,42,147996.359375,0.046285762798511335,rmsse,0.3205274484147784
store_cat,3,M3_FullSkuTemporalCNN,M3_FullSkuTemporalCNN,TX_1__HOBBIES,1540,43,35824.16015625,0.011203982222607078,rmsse,0.5452969208787464
store_cat,3,M3_FullSkuTemporalCNN,M3_FullSkuTemporalCNN,TX_1__HOUSEHOLD,1540,44,96537.8984375,0.030192163422228798,rmsse,0.40339661851445624
store_cat,3,M3_FullSkuTemporalCNN,M3_FullSkuTemporalCNN,TX_2__FOODS,1540,45,179433.03125,0.05611756098412723,rmsse,0.2810465252833843
store_cat,3,M3_FullSkuTemporalCNN,M3_FullSkuTemporalCNN,TX_2__HOBBIES,1540,46,54520.3046875,0.017051188969277244,rmsse,0.5976499280950123
store_cat,3,M3_FullSkuTemporalCNN,M3_FullSkuTemporalCNN,TX_2__HOUSEHOLD,1540,47,103090.46875,0.032241475422103406,rmsse,0.34550031316988866
store_cat,3,M3_FullSkuTemporalCNN,M3_FullSkuTemporalCNN,TX_3__FOODS,1540,48,173693.546875,0.05432254106952325,rmsse,0.6515072328405098
store_cat,3,M3_FullSkuTemporalCNN,M3_FullSkuTemporalCNN,TX_3__HOBBIES,1540,49,69905.3671875,0.02186285701653573,rmsse,0.7166728696350011
store_cat,3,M3_FullSkuTemporalCNN,M3_FullSkuTemporalCNN,TX_3__HOUSEHOLD,1540,50,104416.875,0.032656308093131484,rmsse,0.7442973487748359
store_cat,3,M3_FullSkuTemporalCNN,M3_FullSkuTemporalCNN,WI_1__FOODS,1540,51,162298.171875,0.05075864512993716,rmsse,0.6421710313667834
store_cat,3,M3_FullSkuTemporalCNN,M3_FullSkuTemporalCNN,WI_1__HOBBIES,1540,52,41865.28125,0.013093338820048013,rmsse,0.5919854324521655
store_cat,3,M3_FullSkuTemporalCNN,M3_FullSkuTemporalCNN,WI_1__HOUSEHOLD,1540,53,77330.671875,0.024185116110770965,rmsse,0.6192676409256966
store_cat,3,M3_FullSkuTemporalCNN,M3_FullSkuTemporalCNN,WI_2__FOODS,1540,54,202491.703125,0.06332914525121458,rmsse,0.5438261460895125
store_cat,3,M3_FullSkuTemporalCNN,M3_FullSkuTemporalCNN,WI_2__HOBBIES,1540,55,26394.369140625,0.008254821364650992,rmsse,0.6325821286818464
store_cat,3,M3_FullSkuTemporalCNN,M3_FullSkuTemporalCNN,WI_2__HOUSEHOLD,1540,56,86329.9609375,0.026999637769690065,rmsse,0.8340199199376299
store_cat,3,M3_FullSkuTemporalCNN,M3_FullSkuTemporalCNN,WI_3__FOODS,1540,57,150028.796875,0.04692140627261487,rmsse,0.32577803370923264
store_cat,3,M3_FullSkuTemporalCNN,M3_FullSkuTemporalCNN,WI_3__HOBBIES,1540,58,24321.859375,0.007606645316169617,rmsse,0.5549081299371929
store_cat,3,M3_FullSkuTemporalCNN,M3_FullSkuTemporalCNN,WI_3__HOUSEHOLD,1540,59,72861.84375,0.022787493091836034,rmsse,0.5153436306646719
store_cat,3,M3_FullSkuTemporalCNN,M3_FullSkuTemporalCNN,CA_1__FOODS,1568,60,227606.21875,0.07077608229256054,rmsse,0.47770383862135685
store_cat,3,M3_FullSkuTemporalCNN,M3_FullSkuTemporalCNN,CA_1__HOBBIES,1568,61,61449.91015625,0.019108370245657893,rmsse,0.5124381146712593
store_cat,3,M3_FullSkuTemporalCNN,M3_FullSkuTemporalCNN,CA_1__HOUSEHOLD,1568,62,110681.0859375,0.03441722150459681,rmsse,0.5397145749287767
store_cat,3,M3_FullSkuTemporalCNN,M3_FullSkuTemporalCNN,CA_2__FOODS,1568,63,94507.7265625,0.029387978365465067,rmsse,1.3783505109541259
store_cat,3,M3_FullSkuTemporalCNN,M3_FullSkuTemporalCNN,CA_2__HOBBIES,1568,64,32681.55078125,0.010162605135507732,rmsse,0.5187225222465036
store_cat,3,M3_FullSkuTemporalCNN,M3_FullSkuTemporalCNN,CA_2__HOUSEHOLD,1568,65,97190.0234375,0.03022206130661088,rmsse,0.5606414261970055
store_cat,3,M3_FullSkuTemporalCNN,M3_FullSkuTemporalCNN,CA_3__FOODS,1568,66,286386.625,0.08905434767910389,rmsse,0.7079483164969549
store_cat,3,M3_FullSkuTemporalCNN,M3_FullSkuTemporalCNN,CA_3__HOBBIES,1568,67,66306.0390625,0.020618424676418178,rmsse,0.8304609921901515
store_cat,3,M3_FullSkuTemporalCNN,M3_FullSkuTemporalCNN,CA_3__HOUSEHOLD,1568,68,190131.015625,0.059122850342783584,rmsse,0.8606452835880498
store_cat,3,M3_FullSkuTemporalCNN,M3_FullSkuTemporalCNN,CA_4__FOODS,1568,69,122596.9609375,0.038122563802445886,rmsse,0.6322244518076978
store_cat,3,M3_FullSkuTemporalCNN,M3_FullSkuTemporalCNN,CA_4__HOBBIES,1568,70,38498.52734375,0.011971443286514517,rmsse,0.9939548317833035
store_cat,3,M3_FullSkuTemporalCNN,M3_FullSkuTemporalCNN,CA_4__HOUSEHOLD,1568,71,57504.91796875,0.017881641497913568,rmsse,1.0401064550171868
store_cat,3,M3_FullSkuTemporalCNN,M3_FullSkuTemporalCNN,TX_1__FOODS,1568,72,143759.71875,0.04470330266231075,rmsse,0.5043122579574013
store_cat,3,M3_FullSkuTemporalCNN,M3_FullSkuTemporalCNN,TX_1__HOBBIES,1568,73,36857.09765625,0.011461026816885643,rmsse,0.8447297044786641
store_cat,3,M3_FullSkuTemporalCNN,M3_FullSkuTemporalCNN,TX_1__HOUSEHOLD,1568,74,94760.015625,0.029466429787166445,rmsse,0.689005562201526
store_cat,3,M3_FullSkuTemporalCNN,M3_FullSkuTemporalCNN,TX_2__FOODS,1568,75,175913.21875,0.05470170593306429,rmsse,0.3146646165107715
store_cat,3,M3_FullSkuTemporalCNN,M3_FullSkuTemporalCNN,TX_2__HOBBIES,1568,76,55974.640625,0.01740578879139919,rmsse,0.523149641732877
store_cat,3,M3_FullSkuTemporalCNN,M3_FullSkuTemporalCNN,TX_2__HOUSEHOLD,1568,77,102344.765625,0.031824972067411146,rmsse,0.30562213524286536
store_cat,3,M3_FullSkuTemporalCNN,M3_FullSkuTemporalCNN,TX_3__FOODS,1568,78,185515.796875,0.05768770896640953,rmsse,0.516660038009344
store_cat,3,M3_FullSkuTemporalCNN,M3_FullSkuTemporalCNN,TX_3__HOBBIES,1568,79,71178.390625,0.02213352367959858,rmsse,0.7590451980136919
store_cat,3,M3_FullSkuTemporalCNN,M3_FullSkuTemporalCNN,TX_3__HOUSEHOLD,1568,80,104345.796875,0.03244720968990574,rmsse,0.5465938073071652
store_cat,3,M3_FullSkuTemporalCNN,M3_FullSkuTemporalCNN,WI_1__FOODS,1568,81,171597.125,0.05335958001001147,rmsse,0.7044138843547846
store_cat,3,M3_FullSkuTemporalCNN,M3_FullSkuTemporalCNN,WI_1__HOBBIES,1568,82,42377.875,0.013177759311041865,rmsse,0.4543965318067004
store_cat,3,M3_FullSkuTemporalCNN,M3_FullSkuTemporalCNN,WI_1__HOUSEHOLD,1568,83,74826.484375,0.02326792934249735,rmsse,0.5558934714382485
store_cat,3,M3_FullSkuTemporalCNN,M3_FullSkuTemporalCNN,WI_2__FOODS,1568,84,210272.09375,0.06538588924683765,rmsse,0.7659192336361301
store_cat,3,M3_FullSkuTemporalCNN,M3_FullSkuTemporalCNN,WI_2__HOBBIES,1568,85,24916.8984375,0.007748120697110228,rmsse,0.6258854965934404
store_cat,3,M3_FullSkuTemporalCNN,M3_FullSkuTemporalCNN,WI_2__HOUSEHOLD,1568,86,85993.5546875,0.02674042447793314,rmsse,0.8974836447878936
store_cat,3,M3_FullSkuTemporalCNN,M3_FullSkuTemporalCNN,WI_3__FOODS,1568,87,152977.359375,0.04756960611834604,rmsse,0.4450759796881993
store_cat,3,M3_FullSkuTemporalCNN,M3_FullSkuTemporalCNN,WI_3__HOBBIES,1568,88,25281.419921875,0.007861471741370881,rmsse,0.586261138782958
store_cat,3,M3_FullSkuTemporalCNN,M3_FullSkuTemporalCNN,WI_3__HOUSEHOLD,1568,89,71430.6328125,0.022211960525121525,rmsse,0.5472031102150864
store_cat,3,M3_FullSkuTemporalCNN,M3_FullSkuTemporalCNN,CA_1__FOODS,1596,90,218156.640625,0.06756247139642138,rmsse,0.4682293270761051
store_cat,3,M3_FullSkuTemporalCNN,M3_FullSkuTemporalCNN,CA_1__HOBBIES,1596,91,62647.34375,0.019401698513715152,rmsse,0.7511339407270771
store_cat,3,M3_FullSkuTemporalCNN,M3_FullSkuTemporalCNN,CA_1__HOUSEHOLD,1596,92,111508.96875,0.03453400038629386,rmsse,0.608437752252572
store_cat,3,M3_FullSkuTemporalCNN,M3_FullSkuTemporalCNN,CA_2__FOODS,1596,93,124184.8984375,0.03845969861157458,rmsse,1.2730738179000385
store_cat,3,M3_FullSkuTemporalCNN,M3_FullSkuTemporalCNN,CA_2__HOBBIES,1596,94,35712.88671875,0.01106017621332348,rmsse,0.7305949796591503
store_cat,3,M3_FullSkuTemporalCNN,M3_FullSkuTemporalCNN,CA_2__HOUSEHOLD,1596,95,107060.6328125,0.03315636380059106,rmsse,0.5450520729122127
store_cat,3,M3_FullSkuTemporalCNN,M3_FullSkuTemporalCNN,CA_3__FOODS,1596,96,285717.21875,0.08848578417763645,rmsse,0.7249432305540348
store_cat,3,M3_FullSkuTemporalCNN,M3_FullSkuTemporalCNN,CA_3__HOBBIES,1596,97,68288.1953125,0.021148653688909533,rmsse,1.0281111780157322
store_cat,3,M3_FullSkuTemporalCNN,M3_FullSkuTemporalCNN,CA_3__HOUSEHOLD,1596,98,198473.0625,0.06146652501477757,rmsse,0.6738832920930568
store_cat,3,M3_FullSkuTemporalCNN,M3_FullSkuTemporalCNN,CA_4__FOODS,1596,99,116616.671875,0.036115841054978406,rmsse,0.7178237938799891
store_cat,3,M3_FullSkuTemporalCNN,M3_FullSkuTemporalCNN,CA_4__HOBBIES,1596,100,39243.08203125,0.012153467341850466,rmsse,0.8936176439575428
store_cat,3,M3_FullSkuTemporalCNN,M3_FullSkuTemporalCNN,CA_4__HOUSEHOLD,1596,101,58249.5703125,0.018039720985881025,rmsse,1.215662435441902
store_cat,3,M3_FullSkuTemporalCNN,M3_FullSkuTemporalCNN,TX_1__FOODS,1596,102,144254.125,0.04467507918258353,rmsse,0.9578633595814794
store_cat,3,M3_FullSkuTemporalCNN,M3_FullSkuTemporalCNN,TX_1__HOBBIES,1596,103,38381.20703125,0.011886547183619364,rmsse,0.7771360195615147
store_cat,3,M3_FullSkuTemporalCNN,M3_FullSkuTemporalCNN,TX_1__HOUSEHOLD,1596,104,100307.125,0.031064822249986294,rmsse,0.621169468988595
store_cat,3,M3_FullSkuTemporalCNN,M3_FullSkuTemporalCNN,TX_2__FOODS,1596,105,172290.359375,0.05335781869304533,rmsse,0.9967691636245971
store_cat,3,M3_FullSkuTemporalCNN,M3_FullSkuTemporalCNN,TX_2__HOBBIES,1596,106,56974.41796875,0.017644810047099287,rmsse,0.8510916801178409
store_cat,3,M3_FullSkuTemporalCNN,M3_FullSkuTemporalCNN,TX_2__HOUSEHOLD,1596,107,102815.34375,0.03184161023621193,rmsse,0.6373260879250829
store_cat,3,M3_FullSkuTemporalCNN,M3_FullSkuTemporalCNN,TX_3__FOODS,1596,108,173334.609375,0.05368121985357653,rmsse,1.2841641542414188
store_cat,3,M3_FullSkuTemporalCNN,M3_FullSkuTemporalCNN,TX_3__HOBBIES,1596,109,69821.453125,0.02162349913392369,rmsse,0.9744950720407983
store_cat,3,M3_FullSkuTemporalCNN,M3_FullSkuTemporalCNN,TX_3__HOUSEHOLD,1596,110,105690.0703125,0.03273190461641051,rmsse,0.9133012006612603
store_cat,3,M3_FullSkuTemporalCNN,M3_FullSkuTemporalCNN,WI_1__FOODS,1596,111,172074.03125,0.05329082250757199,rmsse,0.56083115580007
store_cat,3,M3_FullSkuTemporalCNN,M3_FullSkuTemporalCNN,WI_1__HOBBIES,1596,112,42553.390625,0.013178660198862826,rmsse,0.6202612562140479
store_cat,3,M3_FullSkuTemporalCNN,M3_FullSkuTemporalCNN,WI_1__HOUSEHOLD,1596,113,77409.6953125,0.023973555470844267,rmsse,0.6659466876218724
store_cat,3,M3_FullSkuTemporalCNN,M3_FullSkuTemporalCNN,WI_2__FOODS,1596,114,192405.90625,0.05958754452890338,rmsse,0.8757824590599105
store_cat,3,M3_FullSkuTemporalCNN,M3_FullSkuTemporalCNN,WI_2__HOBBIES,1596,115,27172.5703125,0.008415265284824653,rmsse,0.8644197642349492
store_cat,3,M3_FullSkuTemporalCNN,M3_FullSkuTemporalCNN,WI_2__HOUSEHOLD,1596,116,88800.015625,0.027501104245452462,rmsse,1.2209138510971242
store_cat,3,M3_FullSkuTemporalCNN,M3_FullSkuTemporalCNN,WI_3__FOODS,1596,117,138527.015625,0.04290141021599113,rmsse,0.5771800989388369
store_cat,3,M3_FullSkuTemporalCNN,M3_FullSkuTemporalCNN,WI_3__HOBBIES,1596,118,25475.140625,0.007889576291903788,rmsse,0.8728539055651879
store_cat,3,M3_FullSkuTemporalCNN,M3_FullSkuTemporalCNN,WI_3__HOUSEHOLD,1596,119,74816.171875,0.023170348873236064,rmsse,0.6851313632907298
store_cat,3,M3_FullSkuTemporalCNN,M3_FullSkuTemporalCNN,CA_1__FOODS,1512,0,207180.25,0.06491036969535333,mean_spl,0.14894117418051114
store_cat,3,M3_FullSkuTemporalCNN,M3_FullSkuTemporalCNN,CA_1__HOBBIES,1512,1,62380.88671875,0.019544171893015955,mean_spl,0.15543949829043388
store_cat,3,M3_FullSkuTemporalCNN,M3_FullSkuTemporalCNN,CA_1__HOUSEHOLD,1512,2,105939.7890625,0.03319134364156151,mean_spl,0.12911430464749307
store_cat,3,M3_FullSkuTemporalCNN,M3_FullSkuTemporalCNN,CA_2__FOODS,1512,3,91005.09375,0.028512246121301568,mean_spl,0.10784394352148907
store_cat,3,M3_FullSkuTemporalCNN,M3_FullSkuTemporalCNN,CA_2__HOBBIES,1512,4,33450.58203125,0.010480196090955487,mean_spl,0.11960025977324541
store_cat,3,M3_FullSkuTemporalCNN,M3_FullSkuTemporalCNN,CA_2__HOUSEHOLD,1512,5,94968.328125,0.02975394270420743,mean_spl,0.1096120454234328
store_cat,3,M3_FullSkuTemporalCNN,M3_FullSkuTemporalCNN,CA_3__FOODS,1512,6,287165.4375,0.08997003677644409,mean_spl,0.1448195860113474
store_cat,3,M3_FullSkuTemporalCNN,M3_FullSkuTemporalCNN,CA_3__HOBBIES,1512,7,66716.6796875,0.020902592517202268,mean_spl,0.2371340284873734
store_cat,3,M3_FullSkuTemporalCNN,M3_FullSkuTemporalCNN,CA_3__HOUSEHOLD,1512,8,182819.796875,0.05727814597571753,mean_spl,0.23378311878156877
store_cat,3,M3_FullSkuTemporalCNN,M3_FullSkuTemporalCNN,CA_4__FOODS,1512,9,116552.8984375,0.03651647165520408,mean_spl,0.17114364845721444
store_cat,3,M3_FullSkuTemporalCNN,M3_FullSkuTemporalCNN,CA_4__HOBBIES,1512,10,36935.671875,0.011572088151995735,mean_spl,0.16570658344866454
store_cat,3,M3_FullSkuTemporalCNN,M3_FullSkuTemporalCNN,CA_4__HOUSEHOLD,1512,11,55035.6171875,0.017242870679288043,mean_spl,0.1493708390087318
store_cat,3,M3_FullSkuTemporalCNN,M3_FullSkuTemporalCNN,TX_1__FOODS,1512,12,146396.890625,0.045866709267504774,mean_spl,0.12589008625351986
store_cat,3,M3_FullSkuTemporalCNN,M3_FullSkuTemporalCNN,TX_1__HOBBIES,1512,13,37219.30859375,0.011660952627606897,mean_spl,0.21712919778345316
store_cat,3,M3_FullSkuTemporalCNN,M3_FullSkuTemporalCNN,TX_1__HOUSEHOLD,1512,14,98011.2890625,0.030707314077307153,mean_spl,0.1521791585279282
store_cat,3,M3_FullSkuTemporalCNN,M3_FullSkuTemporalCNN,TX_2__FOODS,1512,15,176122.65625,0.05517990604275809,mean_spl,0.24136565063809734
store_cat,3,M3_FullSkuTemporalCNN,M3_FullSkuTemporalCNN,TX_2__HOBBIES,1512,16,57129.640625,0.017898936281481592,mean_spl,0.24331522056461552
store_cat,3,M3_FullSkuTemporalCNN,M3_FullSkuTemporalCNN,TX_2__HOUSEHOLD,1512,17,104925.140625,0.03287345038103626,mean_spl,0.2951410008289411
store_cat,3,M3_FullSkuTemporalCNN,M3_FullSkuTemporalCNN,TX_3__FOODS,1512,18,171175.0625,0.05362980587918111,mean_spl,0.14055620569037297
store_cat,3,M3_FullSkuTemporalCNN,M3_FullSkuTemporalCNN,TX_3__HOBBIES,1512,19,67877.1015625,0.021266157156731493,mean_spl,0.2152274115344748
store_cat,3,M3_FullSkuTemporalCNN,M3_FullSkuTemporalCNN,TX_3__HOUSEHOLD,1512,20,106698.2734375,0.03342897971541217,mean_spl,0.2679677168663864
store_cat,3,M3_FullSkuTemporalCNN,M3_FullSkuTemporalCNN,WI_1__FOODS,1512,21,173160.421875,0.054251826612380274,mean_spl,0.22496679479834736
store_cat,3,M3_FullSkuTemporalCNN,M3_FullSkuTemporalCNN,WI_1__HOBBIES,1512,22,42989.3984375,0.013468743982879497,mean_spl,0.20825217454139738
store_cat,3,M3_FullSkuTemporalCNN,M3_FullSkuTemporalCNN,WI_1__HOUSEHOLD,1512,23,80510.828125,0.025224352311925487,mean_spl,0.1528978822972017
store_cat,3,M3_FullSkuTemporalCNN,M3_FullSkuTemporalCNN,WI_2__FOODS,1512,24,209484.875,0.06563241757761601,mean_spl,0.12980040385185282
store_cat,3,M3_FullSkuTemporalCNN,M3_FullSkuTemporalCNN,WI_2__HOBBIES,1512,25,27927.87890625,0.008749911946779423,mean_spl,0.23096306588837942
store_cat,3,M3_FullSkuTemporalCNN,M3_FullSkuTemporalCNN,WI_2__HOUSEHOLD,1512,26,94749.9140625,0.029685512737820482,mean_spl,0.2138316150721653
store_cat,3,M3_FullSkuTemporalCNN,M3_FullSkuTemporalCNN,WI_3__FOODS,1512,27,154383.0625,0.04836880765215719,mean_spl,0.11655256751023692
store_cat,3,M3_FullSkuTemporalCNN,M3_FullSkuTemporalCNN,WI_3__HOBBIES,1512,28,26006.021484375,0.00814778661989298,mean_spl,0.15771440884052304
store_cat,3,M3_FullSkuTemporalCNN,M3_FullSkuTemporalCNN,WI_3__HOUSEHOLD,1512,29,76870.9140625,0.02408395322728209,mean_spl,0.1454044876599219
store_cat,3,M3_FullSkuTemporalCNN,M3_FullSkuTemporalCNN,CA_1__FOODS,1540,30,220169.40625,0.06885783512657154,mean_spl,0.1085251315953204
store_cat,3,M3_FullSkuTemporalCNN,M3_FullSkuTemporalCNN,CA_1__HOBBIES,1540,31,61755.76953125,0.019314075778852052,mean_spl,0.12387862963205538
store_cat,3,M3_FullSkuTemporalCNN,M3_FullSkuTemporalCNN,CA_1__HOUSEHOLD,1540,32,109044.2734375,0.034103523871660345,mean_spl,0.14379219441472818
store_cat,3,M3_FullSkuTemporalCNN,M3_FullSkuTemporalCNN,CA_2__FOODS,1540,33,95685.3828125,0.029925539728460827,mean_spl,0.12176768284094133
store_cat,3,M3_FullSkuTemporalCNN,M3_FullSkuTemporalCNN,CA_2__HOBBIES,1540,34,34752.09765625,0.010868695389946238,mean_spl,0.11954679600097846
store_cat,3,M3_FullSkuTemporalCNN,M3_FullSkuTemporalCNN,CA_2__HOUSEHOLD,1540,35,99130.90625,0.03100312488811156,mean_spl,0.09591649787408087
store_cat,3,M3_FullSkuTemporalCNN,M3_FullSkuTemporalCNN,CA_3__FOODS,1540,36,290055.46875,0.09071465461495254,mean_spl,0.11350003211628795
store_cat,3,M3_FullSkuTemporalCNN,M3_FullSkuTemporalCNN,CA_3__HOBBIES,1540,37,67942.453125,0.02124895695119342,mean_spl,0.22950463051200598
store_cat,3,M3_FullSkuTemporalCNN,M3_FullSkuTemporalCNN,CA_3__HOUSEHOLD,1540,38,194752.859375,0.06090882702406398,mean_spl,0.14603476340586474
store_cat,3,M3_FullSkuTemporalCNN,M3_FullSkuTemporalCNN,CA_4__FOODS,1540,39,120052.3671875,0.03754629785831791,mean_spl,0.15333906299784494
store_cat,3,M3_FullSkuTemporalCNN,M3_FullSkuTemporalCNN,CA_4__HOBBIES,1540,40,37685.67578125,0.011786169994173486,mean_spl,0.21078840952864064
store_cat,3,M3_FullSkuTemporalCNN,M3_FullSkuTemporalCNN,CA_4__HOUSEHOLD,1540,41,57081.52734375,0.017852209648718267,mean_spl,0.18556414811988103
store_cat,3,M3_FullSkuTemporalCNN,M3_FullSkuTemporalCNN,TX_1__FOODS,1540,42,147996.359375,0.046285762798511335,mean_spl,0.08910273103208526
store_cat,3,M3_FullSkuTemporalCNN,M3_FullSkuTemporalCNN,TX_1__HOBBIES,1540,43,35824.16015625,0.011203982222607078,mean_spl,0.1448082729461798
store_cat,3,M3_FullSkuTemporalCNN,M3_FullSkuTemporalCNN,TX_1__HOUSEHOLD,1540,44,96537.8984375,0.030192163422228798,mean_spl,0.11164285666077754
store_cat,3,M3_FullSkuTemporalCNN,M3_FullSkuTemporalCNN,TX_2__FOODS,1540,45,179433.03125,0.05611756098412723,mean_spl,0.0911842691232283
store_cat,3,M3_FullSkuTemporalCNN,M3_FullSkuTemporalCNN,TX_2__HOBBIES,1540,46,54520.3046875,0.017051188969277244,mean_spl,0.14190075290266277
store_cat,3,M3_FullSkuTemporalCNN,M3_FullSkuTemporalCNN,TX_2__HOUSEHOLD,1540,47,103090.46875,0.032241475422103406,mean_spl,0.11231248680719183
store_cat,3,M3_FullSkuTemporalCNN,M3_FullSkuTemporalCNN,TX_3__FOODS,1540,48,173693.546875,0.05432254106952325,mean_spl,0.1755112704094005
store_cat,3,M3_FullSkuTemporalCNN,M3_FullSkuTemporalCNN,TX_3__HOBBIES,1540,49,69905.3671875,0.02186285701653573,mean_spl,0.17445833268811461
store_cat,3,M3_FullSkuTemporalCNN,M3_FullSkuTemporalCNN,TX_3__HOUSEHOLD,1540,50,104416.875,0.032656308093131484,mean_spl,0.17082361858673803
store_cat,3,M3_FullSkuTemporalCNN,M3_FullSkuTemporalCNN,WI_1__FOODS,1540,51,162298.171875,0.05075864512993716,mean_spl,0.1805539227703555
store_cat,3,M3_FullSkuTemporalCNN,M3_FullSkuTemporalCNN,WI_1__HOBBIES,1540,52,41865.28125,0.013093338820048013,mean_spl,0.13988293469534419
store_cat,3,M3_FullSkuTemporalCNN,M3_FullSkuTemporalCNN,WI_1__HOUSEHOLD,1540,53,77330.671875,0.024185116110770965,mean_spl,0.14398179761454977
store_cat,3,M3_FullSkuTemporalCNN,M3_FullSkuTemporalCNN,WI_2__FOODS,1540,54,202491.703125,0.06332914525121458,mean_spl,0.13947868990868534
store_cat,3,M3_FullSkuTemporalCNN,M3_FullSkuTemporalCNN,WI_2__HOBBIES,1540,55,26394.369140625,0.008254821364650992,mean_spl,0.16246048593089737
store_cat,3,M3_FullSkuTemporalCNN,M3_FullSkuTemporalCNN,WI_2__HOUSEHOLD,1540,56,86329.9609375,0.026999637769690065,mean_spl,0.21079631592679668
store_cat,3,M3_FullSkuTemporalCNN,M3_FullSkuTemporalCNN,WI_3__FOODS,1540,57,150028.796875,0.04692140627261487,mean_spl,0.09627025361156577
store_cat,3,M3_FullSkuTemporalCNN,M3_FullSkuTemporalCNN,WI_3__HOBBIES,1540,58,24321.859375,0.007606645316169617,mean_spl,0.1396715430164636
store_cat,3,M3_FullSkuTemporalCNN,M3_FullSkuTemporalCNN,WI_3__HOUSEHOLD,1540,59,72861.84375,0.022787493091836034,mean_spl,0.12859096519138602
store_cat,3,M3_FullSkuTemporalCNN,M3_FullSkuTemporalCNN,CA_1__FOODS,1568,60,227606.21875,0.07077608229256054,mean_spl,0.11225244241766918
store_cat,3,M3_FullSkuTemporalCNN,M3_FullSkuTemporalCNN,CA_1__HOBBIES,1568,61,61449.91015625,0.019108370245657893,mean_spl,0.13367791827054548
store_cat,3,M3_FullSkuTemporalCNN,M3_FullSkuTemporalCNN,CA_1__HOUSEHOLD,1568,62,110681.0859375,0.03441722150459681,mean_spl,0.13667509157892738
store_cat,3,M3_FullSkuTemporalCNN,M3_FullSkuTemporalCNN,CA_2__FOODS,1568,63,94507.7265625,0.029387978365465067,mean_spl,0.39375818999787526
store_cat,3,M3_FullSkuTemporalCNN,M3_FullSkuTemporalCNN,CA_2__HOBBIES,1568,64,32681.55078125,0.010162605135507732,mean_spl,0.13014625866831267
store_cat,3,M3_FullSkuTemporalCNN,M3_FullSkuTemporalCNN,CA_2__HOUSEHOLD,1568,65,97190.0234375,0.03022206130661088,mean_spl,0.14836421547562617
store_cat,3,M3_FullSkuTemporalCNN,M3_FullSkuTemporalCNN,CA_3__FOODS,1568,66,286386.625,0.08905434767910389,mean_spl,0.15627363690097043
store_cat,3,M3_FullSkuTemporalCNN,M3_FullSkuTemporalCNN,CA_3__HOBBIES,1568,67,66306.0390625,0.020618424676418178,mean_spl,0.22931914790115704
store_cat,3,M3_FullSkuTemporalCNN,M3_FullSkuTemporalCNN,CA_3__HOUSEHOLD,1568,68,190131.015625,0.059122850342783584,mean_spl,0.2172520095745532
store_cat,3,M3_FullSkuTemporalCNN,M3_FullSkuTemporalCNN,CA_4__FOODS,1568,69,122596.9609375,0.038122563802445886,mean_spl,0.17068288719226224
store_cat,3,M3_FullSkuTemporalCNN,M3_FullSkuTemporalCNN,CA_4__HOBBIES,1568,70,38498.52734375,0.011971443286514517,mean_spl,0.2410089699197984
store_cat,3,M3_FullSkuTemporalCNN,M3_FullSkuTemporalCNN,CA_4__HOUSEHOLD,1568,71,57504.91796875,0.017881641497913568,mean_spl,0.23438783815329062
store_cat,3,M3_FullSkuTemporalCNN,M3_FullSkuTemporalCNN,TX_1__FOODS,1568,72,143759.71875,0.04470330266231075,mean_spl,0.11946718051183922
store_cat,3,M3_FullSkuTemporalCNN,M3_FullSkuTemporalCNN,TX_1__HOBBIES,1568,73,36857.09765625,0.011461026816885643,mean_spl,0.20831305947691398
store_cat,3,M3_FullSkuTemporalCNN,M3_FullSkuTemporalCNN,TX_1__HOUSEHOLD,1568,74,94760.015625,0.029466429787166445,mean_spl,0.18647976198089222
store_cat,3,M3_FullSkuTemporalCNN,M3_FullSkuTemporalCNN,TX_2__FOODS,1568,75,175913.21875,0.05470170593306429,mean_spl,0.08418595476975757
store_cat,3,M3_FullSkuTemporalCNN,M3_FullSkuTemporalCNN,TX_2__HOBBIES,1568,76,55974.640625,0.01740578879139919,mean_spl,0.14548227027917962
store_cat,3,M3_FullSkuTemporalCNN,M3_FullSkuTemporalCNN,TX_2__HOUSEHOLD,1568,77,102344.765625,0.031824972067411146,mean_spl,0.10715215510927677
store_cat,3,M3_FullSkuTemporalCNN,M3_FullSkuTemporalCNN,TX_3__FOODS,1568,78,185515.796875,0.05768770896640953,mean_spl,0.1425856570795304
store_cat,3,M3_FullSkuTemporalCNN,M3_FullSkuTemporalCNN,TX_3__HOBBIES,1568,79,71178.390625,0.02213352367959858,mean_spl,0.20479622516185395
store_cat,3,M3_FullSkuTemporalCNN,M3_FullSkuTemporalCNN,TX_3__HOUSEHOLD,1568,80,104345.796875,0.03244720968990574,mean_spl,0.18511934656052575
store_cat,3,M3_FullSkuTemporalCNN,M3_FullSkuTemporalCNN,WI_1__FOODS,1568,81,171597.125,0.05335958001001147,mean_spl,0.19001579109866382
store_cat,3,M3_FullSkuTemporalCNN,M3_FullSkuTemporalCNN,WI_1__HOBBIES,1568,82,42377.875,0.013177759311041865,mean_spl,0.10387088537319747
store_cat,3,M3_FullSkuTemporalCNN,M3_FullSkuTemporalCNN,WI_1__HOUSEHOLD,1568,83,74826.484375,0.02326792934249735,mean_spl,0.12737774445715902
store_cat,3,M3_FullSkuTemporalCNN,M3_FullSkuTemporalCNN,WI_2__FOODS,1568,84,210272.09375,0.06538588924683765,mean_spl,0.1842994871162385
store_cat,3,M3_FullSkuTemporalCNN,M3_FullSkuTemporalCNN,WI_2__HOBBIES,1568,85,24916.8984375,0.007748120697110228,mean_spl,0.15386026822009394
store_cat,3,M3_FullSkuTemporalCNN,M3_FullSkuTemporalCNN,WI_2__HOUSEHOLD,1568,86,85993.5546875,0.02674042447793314,mean_spl,0.268573751923276
store_cat,3,M3_FullSkuTemporalCNN,M3_FullSkuTemporalCNN,WI_3__FOODS,1568,87,152977.359375,0.04756960611834604,mean_spl,0.1134046356405276
store_cat,3,M3_FullSkuTemporalCNN,M3_FullSkuTemporalCNN,WI_3__HOBBIES,1568,88,25281.419921875,0.007861471741370881,mean_spl,0.16869443352169536
store_cat,3,M3_FullSkuTemporalCNN,M3_FullSkuTemporalCNN,WI_3__HOUSEHOLD,1568,89,71430.6328125,0.022211960525121525,mean_spl,0.14961231709449338
store_cat,3,M3_FullSkuTemporalCNN,M3_FullSkuTemporalCNN,CA_1__FOODS,1596,90,218156.640625,0.06756247139642138,mean_spl,0.11388950175101042
store_cat,3,M3_FullSkuTemporalCNN,M3_FullSkuTemporalCNN,CA_1__HOBBIES,1596,91,62647.34375,0.019401698513715152,mean_spl,0.17414453945861286
store_cat,3,M3_FullSkuTemporalCNN,M3_FullSkuTemporalCNN,CA_1__HOUSEHOLD,1596,92,111508.96875,0.03453400038629386,mean_spl,0.16652073447490406
store_cat,3,M3_FullSkuTemporalCNN,M3_FullSkuTemporalCNN,CA_2__FOODS,1596,93,124184.8984375,0.03845969861157458,mean_spl,0.3386134498199511
store_cat,3,M3_FullSkuTemporalCNN,M3_FullSkuTemporalCNN,CA_2__HOBBIES,1596,94,35712.88671875,0.01106017621332348,mean_spl,0.1658139568840283
store_cat,3,M3_FullSkuTemporalCNN,M3_FullSkuTemporalCNN,CA_2__HOUSEHOLD,1596,95,107060.6328125,0.03315636380059106,mean_spl,0.14854132298177603
store_cat,3,M3_FullSkuTemporalCNN,M3_FullSkuTemporalCNN,CA_3__FOODS,1596,96,285717.21875,0.08848578417763645,mean_spl,0.1712806332665279
store_cat,3,M3_FullSkuTemporalCNN,M3_FullSkuTemporalCNN,CA_3__HOBBIES,1596,97,68288.1953125,0.021148653688909533,mean_spl,0.24640156626700335
store_cat,3,M3_FullSkuTemporalCNN,M3_FullSkuTemporalCNN,CA_3__HOUSEHOLD,1596,98,198473.0625,0.06146652501477757,mean_spl,0.17583139229769534
store_cat,3,M3_FullSkuTemporalCNN,M3_FullSkuTemporalCNN,CA_4__FOODS,1596,99,116616.671875,0.036115841054978406,mean_spl,0.1649663411037462
store_cat,3,M3_FullSkuTemporalCNN,M3_FullSkuTemporalCNN,CA_4__HOBBIES,1596,100,39243.08203125,0.012153467341850466,mean_spl,0.20370997474093022
store_cat,3,M3_FullSkuTemporalCNN,M3_FullSkuTemporalCNN,CA_4__HOUSEHOLD,1596,101,58249.5703125,0.018039720985881025,mean_spl,0.2552086435576837
store_cat,3,M3_FullSkuTemporalCNN,M3_FullSkuTemporalCNN,TX_1__FOODS,1596,102,144254.125,0.04467507918258353,mean_spl,0.19017954675316184
store_cat,3,M3_FullSkuTemporalCNN,M3_FullSkuTemporalCNN,TX_1__HOBBIES,1596,103,38381.20703125,0.011886547183619364,mean_spl,0.20636412418771483
store_cat,3,M3_FullSkuTemporalCNN,M3_FullSkuTemporalCNN,TX_1__HOUSEHOLD,1596,104,100307.125,0.031064822249986294,mean_spl,0.17512370617030537
store_cat,3,M3_FullSkuTemporalCNN,M3_FullSkuTemporalCNN,TX_2__FOODS,1596,105,172290.359375,0.05335781869304533,mean_spl,0.20886140876495896
store_cat,3,M3_FullSkuTemporalCNN,M3_FullSkuTemporalCNN,TX_2__HOBBIES,1596,106,56974.41796875,0.017644810047099287,mean_spl,0.22228476112751705
store_cat,3,M3_FullSkuTemporalCNN,M3_FullSkuTemporalCNN,TX_2__HOUSEHOLD,1596,107,102815.34375,0.03184161023621193,mean_spl,0.18292792021286874
store_cat,3,M3_FullSkuTemporalCNN,M3_FullSkuTemporalCNN,TX_3__FOODS,1596,108,173334.609375,0.05368121985357653,mean_spl,0.2420804688945203
store_cat,3,M3_FullSkuTemporalCNN,M3_FullSkuTemporalCNN,TX_3__HOBBIES,1596,109,69821.453125,0.02162349913392369,mean_spl,0.2891697580244572
store_cat,3,M3_FullSkuTemporalCNN,M3_FullSkuTemporalCNN,TX_3__HOUSEHOLD,1596,110,105690.0703125,0.03273190461641051,mean_spl,0.24431767320686257
store_cat,3,M3_FullSkuTemporalCNN,M3_FullSkuTemporalCNN,WI_1__FOODS,1596,111,172074.03125,0.05329082250757199,mean_spl,0.15131774182357355
store_cat,3,M3_FullSkuTemporalCNN,M3_FullSkuTemporalCNN,WI_1__HOBBIES,1596,112,42553.390625,0.013178660198862826,mean_spl,0.1533810205757636
store_cat,3,M3_FullSkuTemporalCNN,M3_FullSkuTemporalCNN,WI_1__HOUSEHOLD,1596,113,77409.6953125,0.023973555470844267,mean_spl,0.14389061467662217
store_cat,3,M3_FullSkuTemporalCNN,M3_FullSkuTemporalCNN,WI_2__FOODS,1596,114,192405.90625,0.05958754452890338,mean_spl,0.20334252758475085
store_cat,3,M3_FullSkuTemporalCNN,M3_FullSkuTemporalCNN,WI_2__HOBBIES,1596,115,27172.5703125,0.008415265284824653,mean_spl,0.19411897857920216
store_cat,3,M3_FullSkuTemporalCNN,M3_FullSkuTemporalCNN,WI_2__HOUSEHOLD,1596,116,88800.015625,0.027501104245452462,mean_spl,0.3092358814246748
store_cat,3,M3_FullSkuTemporalCNN,M3_FullSkuTemporalCNN,WI_3__FOODS,1596,117,138527.015625,0.04290141021599113,mean_spl,0.09874964999639906
store_cat,3,M3_FullSkuTemporalCNN,M3_FullSkuTemporalCNN,WI_3__HOBBIES,1596,118,25475.140625,0.007889576291903788,mean_spl,0.20448806345119416
store_cat,3,M3_FullSkuTemporalCNN,M3_FullSkuTemporalCNN,WI_3__HOUSEHOLD,1596,119,74816.171875,0.023170348873236064,mean_spl,0.13435969934178948
store_cat,4,M0_AggHistOnly,M0_AggHistOnly,CA_1__FOODS,1568,0,227606.21875,0.07077608229256054,rmsse,0.38912465725739065
store_cat,4,M0_AggHistOnly,M0_AggHistOnly,CA_1__HOBBIES,1568,1,61449.91015625,0.019108370245657893,rmsse,0.5383362130075177
store_cat,4,M0_AggHistOnly,M0_AggHistOnly,CA_1__HOUSEHOLD,1568,2,110681.0859375,0.03441722150459681,rmsse,0.77072497713774
store_cat,4,M0_AggHistOnly,M0_AggHistOnly,CA_2__FOODS,1568,3,94507.7265625,0.029387978365465067,rmsse,1.5125012677204317
store_cat,4,M0_AggHistOnly,M0_AggHistOnly,CA_2__HOBBIES,1568,4,32681.55078125,0.010162605135507732,rmsse,0.5232703188771167
store_cat,4,M0_AggHistOnly,M0_AggHistOnly,CA_2__HOUSEHOLD,1568,5,97190.0234375,0.03022206130661088,rmsse,0.5840809695885643
store_cat,4,M0_AggHistOnly,M0_AggHistOnly,CA_3__FOODS,1568,6,286386.625,0.08905434767910389,rmsse,0.9795829741168409
store_cat,4,M0_AggHistOnly,M0_AggHistOnly,CA_3__HOBBIES,1568,7,66306.0390625,0.020618424676418178,rmsse,0.7200008865060961
store_cat,4,M0_AggHistOnly,M0_AggHistOnly,CA_3__HOUSEHOLD,1568,8,190131.015625,0.059122850342783584,rmsse,0.6381275120980093
store_cat,4,M0_AggHistOnly,M0_AggHistOnly,CA_4__FOODS,1568,9,122596.9609375,0.038122563802445886,rmsse,0.5382672251418283
store_cat,4,M0_AggHistOnly,M0_AggHistOnly,CA_4__HOBBIES,1568,10,38498.52734375,0.011971443286514517,rmsse,0.9527974324050223
store_cat,4,M0_AggHistOnly,M0_AggHistOnly,CA_4__HOUSEHOLD,1568,11,57504.91796875,0.017881641497913568,rmsse,0.9281302972303368
store_cat,4,M0_AggHistOnly,M0_AggHistOnly,TX_1__FOODS,1568,12,143759.71875,0.04470330266231075,rmsse,0.5685197995661149
store_cat,4,M0_AggHistOnly,M0_AggHistOnly,TX_1__HOBBIES,1568,13,36857.09765625,0.011461026816885643,rmsse,0.7772601235126488
store_cat,4,M0_AggHistOnly,M0_AggHistOnly,TX_1__HOUSEHOLD,1568,14,94760.015625,0.029466429787166445,rmsse,0.7573850802362425
store_cat,4,M0_AggHistOnly,M0_AggHistOnly,TX_2__FOODS,1568,15,175913.21875,0.05470170593306429,rmsse,0.4163329771452709
store_cat,4,M0_AggHistOnly,M0_AggHistOnly,TX_2__HOBBIES,1568,16,55974.640625,0.01740578879139919,rmsse,0.5429224373743825
store_cat,4,M0_AggHistOnly,M0_AggHistOnly,TX_2__HOUSEHOLD,1568,17,102344.765625,0.031824972067411146,rmsse,0.36952263842926597
store_cat,4,M0_AggHistOnly,M0_AggHistOnly,TX_3__FOODS,1568,18,185515.796875,0.05768770896640953,rmsse,0.5880568692482935
store_cat,4,M0_AggHistOnly,M0_AggHistOnly,TX_3__HOBBIES,1568,19,71178.390625,0.02213352367959858,rmsse,0.702650795850398
store_cat,4,M0_AggHistOnly,M0_AggHistOnly,TX_3__HOUSEHOLD,1568,20,104345.796875,0.03244720968990574,rmsse,0.7959683982142531
store_cat,4,M0_AggHistOnly,M0_AggHistOnly,WI_1__FOODS,1568,21,171597.125,0.05335958001001147,rmsse,0.5828769981040992
store_cat,4,M0_AggHistOnly,M0_AggHistOnly,WI_1__HOBBIES,1568,22,42377.875,0.013177759311041865,rmsse,0.3799059387176626
store_cat,4,M0_AggHistOnly,M0_AggHistOnly,WI_1__HOUSEHOLD,1568,23,74826.484375,0.02326792934249735,rmsse,0.5827281472108228
store_cat,4,M0_AggHistOnly,M0_AggHistOnly,WI_2__FOODS,1568,24,210272.09375,0.06538588924683765,rmsse,1.1484285358974964
store_cat,4,M0_AggHistOnly,M0_AggHistOnly,WI_2__HOBBIES,1568,25,24916.8984375,0.007748120697110228,rmsse,0.6685905654423446
store_cat,4,M0_AggHistOnly,M0_AggHistOnly,WI_2__HOUSEHOLD,1568,26,85993.5546875,0.02674042447793314,rmsse,1.190694816363741
store_cat,4,M0_AggHistOnly,M0_AggHistOnly,WI_3__FOODS,1568,27,152977.359375,0.04756960611834604,rmsse,0.7257245121454896
store_cat,4,M0_AggHistOnly,M0_AggHistOnly,WI_3__HOBBIES,1568,28,25281.419921875,0.007861471741370881,rmsse,0.6558098269673447
store_cat,4,M0_AggHistOnly,M0_AggHistOnly,WI_3__HOUSEHOLD,1568,29,71430.6328125,0.022211960525121525,rmsse,0.6867192322140415
store_cat,4,M0_AggHistOnly,M0_AggHistOnly,CA_1__FOODS,1596,30,218156.640625,0.06756247139642138,rmsse,0.5969063883962451
store_cat,4,M0_AggHistOnly,M0_AggHistOnly,CA_1__HOBBIES,1596,31,62647.34375,0.019401698513715152,rmsse,0.7436017714712024
store_cat,4,M0_AggHistOnly,M0_AggHistOnly,CA_1__HOUSEHOLD,1596,32,111508.96875,0.03453400038629386,rmsse,0.7980024579683753
store_cat,4,M0_AggHistOnly,M0_AggHistOnly,CA_2__FOODS,1596,33,124184.8984375,0.03845969861157458,rmsse,1.3742198659536742
store_cat,4,M0_AggHistOnly,M0_AggHistOnly,CA_2__HOBBIES,1596,34,35712.88671875,0.01106017621332348,rmsse,0.774812008047193
store_cat,4,M0_AggHistOnly,M0_AggHistOnly,CA_2__HOUSEHOLD,1596,35,107060.6328125,0.03315636380059106,rmsse,0.5930298417399793
store_cat,4,M0_AggHistOnly,M0_AggHistOnly,CA_3__FOODS,1596,36,285717.21875,0.08848578417763645,rmsse,0.6873776443881428
store_cat,4,M0_AggHistOnly,M0_AggHistOnly,CA_3__HOBBIES,1596,37,68288.1953125,0.021148653688909533,rmsse,1.101731599713824
store_cat,4,M0_AggHistOnly,M0_AggHistOnly,CA_3__HOUSEHOLD,1596,38,198473.0625,0.06146652501477757,rmsse,0.9078093983654535
store_cat,4,M0_AggHistOnly,M0_AggHistOnly,CA_4__FOODS,1596,39,116616.671875,0.036115841054978406,rmsse,0.6864387968323898
store_cat,4,M0_AggHistOnly,M0_AggHistOnly,CA_4__HOBBIES,1596,40,39243.08203125,0.012153467341850466,rmsse,0.9121552534926891
store_cat,4,M0_AggHistOnly,M0_AggHistOnly,CA_4__HOUSEHOLD,1596,41,58249.5703125,0.018039720985881025,rmsse,1.020425575567326
store_cat,4,M0_AggHistOnly,M0_AggHistOnly,TX_1__FOODS,1596,42,144254.125,0.04467507918258353,rmsse,1.0220939852323183
store_cat,4,M0_AggHistOnly,M0_AggHistOnly,TX_1__HOBBIES,1596,43,38381.20703125,0.011886547183619364,rmsse,0.809195630603622
store_cat,4,M0_AggHistOnly,M0_AggHistOnly,TX_1__HOUSEHOLD,1596,44,100307.125,0.031064822249986294,rmsse,0.6800534230416815
store_cat,4,M0_AggHistOnly,M0_AggHistOnly,TX_2__FOODS,1596,45,172290.359375,0.05335781869304533,rmsse,1.074158599057801
store_cat,4,M0_AggHistOnly,M0_AggHistOnly,TX_2__HOBBIES,1596,46,56974.41796875,0.017644810047099287,rmsse,0.9043214738389225
store_cat,4,M0_AggHistOnly,M0_AggHistOnly,TX_2__HOUSEHOLD,1596,47,102815.34375,0.03184161023621193,rmsse,0.6396795486751236
store_cat,4,M0_AggHistOnly,M0_AggHistOnly,TX_3__FOODS,1596,48,173334.609375,0.05368121985357653,rmsse,1.4066583302480455
store_cat,4,M0_AggHistOnly,M0_AggHistOnly,TX_3__HOBBIES,1596,49,69821.453125,0.02162349913392369,rmsse,1.1731025492064153
store_cat,4,M0_AggHistOnly,M0_AggHistOnly,TX_3__HOUSEHOLD,1596,50,105690.0703125,0.03273190461641051,rmsse,0.845129316318615
store_cat,4,M0_AggHistOnly,M0_AggHistOnly,WI_1__FOODS,1596,51,172074.03125,0.05329082250757199,rmsse,0.631959303749285
store_cat,4,M0_AggHistOnly,M0_AggHistOnly,WI_1__HOBBIES,1596,52,42553.390625,0.013178660198862826,rmsse,0.7041589127674467
store_cat,4,M0_AggHistOnly,M0_AggHistOnly,WI_1__HOUSEHOLD,1596,53,77409.6953125,0.023973555470844267,rmsse,0.8041523838599356
store_cat,4,M0_AggHistOnly,M0_AggHistOnly,WI_2__FOODS,1596,54,192405.90625,0.05958754452890338,rmsse,1.0592907511973075
store_cat,4,M0_AggHistOnly,M0_AggHistOnly,WI_2__HOBBIES,1596,55,27172.5703125,0.008415265284824653,rmsse,0.8626978724568732
store_cat,4,M0_AggHistOnly,M0_AggHistOnly,WI_2__HOUSEHOLD,1596,56,88800.015625,0.027501104245452462,rmsse,1.3799605914488715
store_cat,4,M0_AggHistOnly,M0_AggHistOnly,WI_3__FOODS,1596,57,138527.015625,0.04290141021599113,rmsse,0.7415422665471106
store_cat,4,M0_AggHistOnly,M0_AggHistOnly,WI_3__HOBBIES,1596,58,25475.140625,0.007889576291903788,rmsse,0.9379029974318273
store_cat,4,M0_AggHistOnly,M0_AggHistOnly,WI_3__HOUSEHOLD,1596,59,74816.171875,0.023170348873236064,rmsse,0.8603657914693785
store_cat,4,M0_AggHistOnly,M0_AggHistOnly,CA_1__FOODS,1624,60,220013.046875,0.06784256696116275,rmsse,0.5362030364287754
store_cat,4,M0_AggHistOnly,M0_AggHistOnly,CA_1__HOBBIES,1624,61,62929.06640625,0.019404619235581292,rmsse,0.5661665301468346
store_cat,4,M0_AggHistOnly,M0_AggHistOnly,CA_1__HOUSEHOLD,1624,62,115288.7890625,0.03555010715472609,rmsse,0.9162608854583592
store_cat,4,M0_AggHistOnly,M0_AggHistOnly,CA_2__FOODS,1624,63,159095.96875,0.04905835843137624,rmsse,1.01393457501992
store_cat,4,M0_AggHistOnly,M0_AggHistOnly,CA_2__HOBBIES,1624,64,40058.953125,0.012352459312655899,rmsse,0.5996672841842949
store_cat,4,M0_AggHistOnly,M0_AggHistOnly,CA_2__HOUSEHOLD,1624,65,114994.9296875,0.03545949355426571,rmsse,0.6929525615261996
store_cat,4,M0_AggHistOnly,M0_AggHistOnly,CA_3__FOODS,1624,66,289613.4375,0.08930433583608938,rmsse,0.5192693795606667
store_cat,4,M0_AggHistOnly,M0_AggHistOnly,CA_3__HOBBIES,1624,67,66763.3359375,0.020586943152802278,rmsse,0.7286309352954196
store_cat,4,M0_AggHistOnly,M0_AggHistOnly,CA_3__HOUSEHOLD,1624,68,197297.125,0.06083795304040375,rmsse,0.7883102943244832
store_cat,4,M0_AggHistOnly,M0_AggHistOnly,CA_4__FOODS,1624,69,115117.984375,0.03549743833070138,rmsse,0.5136928153838519
store_cat,4,M0_AggHistOnly,M0_AggHistOnly,CA_4__HOBBIES,1624,70,38451.5390625,0.011856801906341136,rmsse,0.9549210870788687
store_cat,4,M0_AggHistOnly,M0_AggHistOnly,CA_4__HOUSEHOLD,1624,71,58972.1171875,0.01818446617580622,rmsse,0.7682504368877598
store_cat,4,M0_AggHistOnly,M0_AggHistOnly,TX_1__FOODS,1624,72,142577.84375,0.043964878670505324,rmsse,0.7759283411958199
store_cat,4,M0_AggHistOnly,M0_AggHistOnly,TX_1__HOBBIES,1624,73,35482.73828125,0.010941351351671362,rmsse,0.6510106479329797
store_cat,4,M0_AggHistOnly,M0_AggHistOnly,TX_1__HOUSEHOLD,1624,74,96711.265625,0.029821597433676558,rmsse,0.6740954804652803
store_cat,4,M0_AggHistOnly,M0_AggHistOnly,TX_2__FOODS,1624,75,170484.6875,0.052570149779085265,rmsse,0.6499209450639137
store_cat,4,M0_AggHistOnly,M0_AggHistOnly,TX_2__HOBBIES,1624,76,53368.81640625,0.0164566490583447,rmsse,0.5495869305717107
store_cat,4,M0_AggHistOnly,M0_AggHistOnly,TX_2__HOUSEHOLD,1624,77,100137.1875,0.03087800448548404,rmsse,0.6453252657703166
store_cat,4,M0_AggHistOnly,M0_AggHistOnly,TX_3__FOODS,1624,78,168899.796875,0.05208143763278345,rmsse,0.7754183377783428
store_cat,4,M0_AggHistOnly,M0_AggHistOnly,TX_3__HOBBIES,1624,79,61914.1875,0.01909167420285396,rmsse,0.6584677497062147
store_cat,4,M0_AggHistOnly,M0_AggHistOnly,TX_3__HOUSEHOLD,1624,80,101344.3671875,0.031250246813594264,rmsse,0.7557752990606472
store_cat,4,M0_AggHistOnly,M0_AggHistOnly,WI_1__FOODS,1624,81,164837.171875,0.05082869870427261,rmsse,0.5826011475876923
store_cat,4,M0_AggHistOnly,M0_AggHistOnly,WI_1__HOBBIES,1624,82,42539.6328125,0.013117394302643252,rmsse,0.5484253786986932
store_cat,4,M0_AggHistOnly,M0_AggHistOnly,WI_1__HOUSEHOLD,1624,83,77645.03125,0.02394239026548502,rmsse,0.748358479930283
store_cat,4,M0_AggHistOnly,M0_AggHistOnly,WI_2__FOODS,1624,84,189465.140625,0.05842290569686326,rmsse,0.820486962665379
store_cat,4,M0_AggHistOnly,M0_AggHistOnly,WI_2__HOBBIES,1624,85,27261.52734375,0.008406283266158821,rmsse,0.7352528137358136
store_cat,4,M0_AggHistOnly,M0_AggHistOnly,WI_2__HOUSEHOLD,1624,86,87001.796875,0.026827614607724242,rmsse,1.3276386249768855
store_cat,4,M0_AggHistOnly,M0_AggHistOnly,WI_3__FOODS,1624,87,145719.78125,0.04493371714740094,rmsse,0.49771763815964526
store_cat,4,M0_AggHistOnly,M0_AggHistOnly,WI_3__HOBBIES,1624,88,25590.76953125,0.007891093370012273,rmsse,0.734396648004822
store_cat,4,M0_AggHistOnly,M0_AggHistOnly,WI_3__HOUSEHOLD,1624,89,73416.1015625,0.022638370119528538,rmsse,0.7385845656243408
store_cat,4,M0_AggHistOnly,M0_AggHistOnly,CA_1__FOODS,1652,90,216018.53125,0.06442420129688553,rmsse,0.4752433067574908
store_cat,4,M0_AggHistOnly,M0_AggHistOnly,CA_1__HOBBIES,1652,91,65447.4609375,0.019518697647878544,rmsse,0.7375218907491431
store_cat,4,M0_AggHistOnly,M0_AggHistOnly,CA_1__HOUSEHOLD,1652,92,119797.71875,0.035727825307384026,rmsse,0.853533064028223
store_cat,4,M0_AggHistOnly,M0_AggHistOnly,CA_2__FOODS,1652,93,174231.328125,0.05196181128719119,rmsse,0.9674485625608796
store_cat,4,M0_AggHistOnly,M0_AggHistOnly,CA_2__HOBBIES,1652,94,41661.87109375,0.012425011660885674,rmsse,0.6427265245008937
store_cat,4,M0_AggHistOnly,M0_AggHistOnly,CA_2__HOUSEHOLD,1652,95,125333.90625,0.0373789079985469,rmsse,0.5663956714932422
store_cat,4,M0_AggHistOnly,M0_AggHistOnly,CA_3__FOODS,1652,96,290598.75,0.08666660336171188,rmsse,0.6619165129548266
store_cat,4,M0_AggHistOnly,M0_AggHistOnly,CA_3__HOBBIES,1652,97,67250.15625,0.020056323771977337,rmsse,0.6683207952560944
store_cat,4,M0_AggHistOnly,M0_AggHistOnly,CA_3__HOUSEHOLD,1652,98,209033.9375,0.062341153740163614,rmsse,0.9376757454065762
store_cat,4,M0_AggHistOnly,M0_AggHistOnly,CA_4__FOODS,1652,99,117701.203125,0.0351025717985045,rmsse,0.49020910711449706
store_cat,4,M0_AggHistOnly,M0_AggHistOnly,CA_4__HOBBIES,1652,100,38269.8515625,0.011413394056508423,rmsse,0.8214152654743395
store_cat,4,M0_AggHistOnly,M0_AggHistOnly,CA_4__HOUSEHOLD,1652,101,59733.83984375,0.01781469811900534,rmsse,0.753996137407081
store_cat,4,M0_AggHistOnly,M0_AggHistOnly,TX_1__FOODS,1652,102,151482.15625,0.04517722100351641,rmsse,0.7919554182293026
store_cat,4,M0_AggHistOnly,M0_AggHistOnly,TX_1__HOBBIES,1652,103,34373.328125,0.010251315929030495,rmsse,0.7425275150353731
store_cat,4,M0_AggHistOnly,M0_AggHistOnly,TX_1__HOUSEHOLD,1652,104,99281.828125,0.029609276774710924,rmsse,0.60861345628881
store_cat,4,M0_AggHistOnly,M0_AggHistOnly,TX_2__FOODS,1652,105,180129.203125,0.053720761706977774,rmsse,0.5853127225366251
store_cat,4,M0_AggHistOnly,M0_AggHistOnly,TX_2__HOBBIES,1652,106,53874.60546875,0.016067271670744867,rmsse,0.5742203149575797
store_cat,4,M0_AggHistOnly,M0_AggHistOnly,TX_2__HOUSEHOLD,1652,107,108551.953125,0.03237394884053533,rmsse,0.5107131266655852
store_cat,4,M0_AggHistOnly,M0_AggHistOnly,TX_3__FOODS,1652,108,179456.3125,0.05352008243735707,rmsse,0.6879350807015318
store_cat,4,M0_AggHistOnly,M0_AggHistOnly,TX_3__HOBBIES,1652,109,59746.28125,0.017818408576881467,rmsse,0.7538419546958534
store_cat,4,M0_AggHistOnly,M0_AggHistOnly,TX_3__HOUSEHOLD,1652,110,104524.96875,0.03117296274692021,rmsse,0.7768713662986978
store_cat,4,M0_AggHistOnly,M0_AggHistOnly,WI_1__FOODS,1652,111,168893.375,0.05036984894651428,rmsse,0.36172277743670317
store_cat,4,M0_AggHistOnly,M0_AggHistOnly,WI_1__HOBBIES,1652,112,42655.81640625,0.012721440548352225,rmsse,0.45372234106651943
store_cat,4,M0_AggHistOnly,M0_AggHistOnly,WI_1__HOUSEHOLD,1652,113,79013.1484375,0.023564455098285444,rmsse,0.506615058132173
store_cat,4,M0_AggHistOnly,M0_AggHistOnly,WI_2__FOODS,1652,114,197144.109375,0.05879519554816072,rmsse,0.8900798547470279
store_cat,4,M0_AggHistOnly,M0_AggHistOnly,WI_2__HOBBIES,1652,115,26210.8203125,0.007816973637390177,rmsse,0.7171205198879057
store_cat,4,M0_AggHistOnly,M0_AggHistOnly,WI_2__HOUSEHOLD,1652,116,94435.328125,0.02816388276254626,rmsse,1.3110968474992264
store_cat,4,M0_AggHistOnly,M0_AggHistOnly,WI_3__FOODS,1652,117,149557.390625,0.04460318928801133,rmsse,0.5066833573823158
store_cat,4,M0_AggHistOnly,M0_AggHistOnly,WI_3__HOBBIES,1652,118,23851.12890625,0.007113232003396538,rmsse,0.653473404200048
store_cat,4,M0_AggHistOnly,M0_AggHistOnly,WI_3__HOUSEHOLD,1652,119,74804.640625,0.02230933243402552,rmsse,0.6512008584410327
store_cat,4,M0_AggHistOnly,M0_AggHistOnly,CA_1__FOODS,1568,0,227606.21875,0.07077608229256054,mean_spl,0.107292781606894
store_cat,4,M0_AggHistOnly,M0_AggHistOnly,CA_1__HOBBIES,1568,1,61449.91015625,0.019108370245657893,mean_spl,0.13512923249943934
store_cat,4,M0_AggHistOnly,M0_AggHistOnly,CA_1__HOUSEHOLD,1568,2,110681.0859375,0.03441722150459681,mean_spl,0.1637110580247955
store_cat,4,M0_AggHistOnly,M0_AggHistOnly,CA_2__FOODS,1568,3,94507.7265625,0.029387978365465067,mean_spl,0.43755982029348317
store_cat,4,M0_AggHistOnly,M0_AggHistOnly,CA_2__HOBBIES,1568,4,32681.55078125,0.010162605135507732,mean_spl,0.12886191360524107
store_cat,4,M0_AggHistOnly,M0_AggHistOnly,CA_2__HOUSEHOLD,1568,5,97190.0234375,0.03022206130661088,mean_spl,0.13567667785402546
store_cat,4,M0_AggHistOnly,M0_AggHistOnly,CA_3__FOODS,1568,6,286386.625,0.08905434767910389,mean_spl,0.2451360201618241
store_cat,4,M0_AggHistOnly,M0_AggHistOnly,CA_3__HOBBIES,1568,7,66306.0390625,0.020618424676418178,mean_spl,0.182463863138332
store_cat,4,M0_AggHistOnly,M0_AggHistOnly,CA_3__HOUSEHOLD,1568,8,190131.015625,0.059122850342783584,mean_spl,0.18465083072158864
store_cat,4,M0_AggHistOnly,M0_AggHistOnly,CA_4__FOODS,1568,9,122596.9609375,0.038122563802445886,mean_spl,0.17551954675003498
store_cat,4,M0_AggHistOnly,M0_AggHistOnly,CA_4__HOBBIES,1568,10,38498.52734375,0.011971443286514517,mean_spl,0.24767626832337605
store_cat,4,M0_AggHistOnly,M0_AggHistOnly,CA_4__HOUSEHOLD,1568,11,57504.91796875,0.017881641497913568,mean_spl,0.2353499737193539
store_cat,4,M0_AggHistOnly,M0_AggHistOnly,TX_1__FOODS,1568,12,143759.71875,0.04470330266231075,mean_spl,0.13799301437947467
store_cat,4,M0_AggHistOnly,M0_AggHistOnly,TX_1__HOBBIES,1568,13,36857.09765625,0.011461026816885643,mean_spl,0.22054657612559816
store_cat,4,M0_AggHistOnly,M0_AggHistOnly,TX_1__HOUSEHOLD,1568,14,94760.015625,0.029466429787166445,mean_spl,0.1800680596796763
store_cat,4,M0_AggHistOnly,M0_AggHistOnly,TX_2__FOODS,1568,15,175913.21875,0.05470170593306429,mean_spl,0.11105021226970281
store_cat,4,M0_AggHistOnly,M0_AggHistOnly,TX_2__HOBBIES,1568,16,55974.640625,0.01740578879139919,mean_spl,0.14670880435624994
store_cat,4,M0_AggHistOnly,M0_AggHistOnly,TX_2__HOUSEHOLD,1568,17,102344.765625,0.031824972067411146,mean_spl,0.11534292534683771
store_cat,4,M0_AggHistOnly,M0_AggHistOnly,TX_3__FOODS,1568,18,185515.796875,0.05768770896640953,mean_spl,0.17987838892588143
store_cat,4,M0_AggHistOnly,M0_AggHistOnly,TX_3__HOBBIES,1568,19,71178.390625,0.02213352367959858,mean_spl,0.1843065362304291
store_cat,4,M0_AggHistOnly,M0_AggHistOnly,TX_3__HOUSEHOLD,1568,20,104345.796875,0.03244720968990574,mean_spl,0.20054679286185567
store_cat,4,M0_AggHistOnly,M0_AggHistOnly,WI_1__FOODS,1568,21,171597.125,0.05335958001001147,mean_spl,0.1555959841563979
store_cat,4,M0_AggHistOnly,M0_AggHistOnly,WI_1__HOBBIES,1568,22,42377.875,0.013177759311041865,mean_spl,0.10104493554509401
store_cat,4,M0_AggHistOnly,M0_AggHistOnly,WI_1__HOUSEHOLD,1568,23,74826.484375,0.02326792934249735,mean_spl,0.13923383327485306
store_cat,4,M0_AggHistOnly,M0_AggHistOnly,WI_2__FOODS,1568,24,210272.09375,0.06538588924683765,mean_spl,0.3566866193540238
store_cat,4,M0_AggHistOnly,M0_AggHistOnly,WI_2__HOBBIES,1568,25,24916.8984375,0.007748120697110228,mean_spl,0.17611005724461284
store_cat,4,M0_AggHistOnly,M0_AggHistOnly,WI_2__HOUSEHOLD,1568,26,85993.5546875,0.02674042447793314,mean_spl,0.31208384241922815
store_cat,4,M0_AggHistOnly,M0_AggHistOnly,WI_3__FOODS,1568,27,152977.359375,0.04756960611834604,mean_spl,0.19625132865487294
store_cat,4,M0_AggHistOnly,M0_AggHistOnly,WI_3__HOBBIES,1568,28,25281.419921875,0.007861471741370881,mean_spl,0.17470617698557492
store_cat,4,M0_AggHistOnly,M0_AggHistOnly,WI_3__HOUSEHOLD,1568,29,71430.6328125,0.022211960525121525,mean_spl,0.17152887913092676
store_cat,4,M0_AggHistOnly,M0_AggHistOnly,CA_1__FOODS,1596,30,218156.640625,0.06756247139642138,mean_spl,0.13019485346347887
store_cat,4,M0_AggHistOnly,M0_AggHistOnly,CA_1__HOBBIES,1596,31,62647.34375,0.019401698513715152,mean_spl,0.17078572969484299
store_cat,4,M0_AggHistOnly,M0_AggHistOnly,CA_1__HOUSEHOLD,1596,32,111508.96875,0.03453400038629386,mean_spl,0.19414233675896725
store_cat,4,M0_AggHistOnly,M0_AggHistOnly,CA_2__FOODS,1596,33,124184.8984375,0.03845969861157458,mean_spl,0.3390914440339081
store_cat,4,M0_AggHistOnly,M0_AggHistOnly,CA_2__HOBBIES,1596,34,35712.88671875,0.01106017621332348,mean_spl,0.16065451189251545
store_cat,4,M0_AggHistOnly,M0_AggHistOnly,CA_2__HOUSEHOLD,1596,35,107060.6328125,0.03315636380059106,mean_spl,0.14201173160386868
store_cat,4,M0_AggHistOnly,M0_AggHistOnly,CA_3__FOODS,1596,36,285717.21875,0.08848578417763645,mean_spl,0.17119000422447583
store_cat,4,M0_AggHistOnly,M0_AggHistOnly,CA_3__HOBBIES,1596,37,68288.1953125,0.021148653688909533,mean_spl,0.258149803282007
store_cat,4,M0_AggHistOnly,M0_AggHistOnly,CA_3__HOUSEHOLD,1596,38,198473.0625,0.06146652501477757,mean_spl,0.26573804793000244
store_cat,4,M0_AggHistOnly,M0_AggHistOnly,CA_4__FOODS,1596,39,116616.671875,0.036115841054978406,mean_spl,0.16293782872186913
store_cat,4,M0_AggHistOnly,M0_AggHistOnly,CA_4__HOBBIES,1596,40,39243.08203125,0.012153467341850466,mean_spl,0.2068789725217079
store_cat,4,M0_AggHistOnly,M0_AggHistOnly,CA_4__HOUSEHOLD,1596,41,58249.5703125,0.018039720985881025,mean_spl,0.2868612802313271
store_cat,4,M0_AggHistOnly,M0_AggHistOnly,TX_1__FOODS,1596,42,144254.125,0.04467507918258353,mean_spl,0.2159765635707117
store_cat,4,M0_AggHistOnly,M0_AggHistOnly,TX_1__HOBBIES,1596,43,38381.20703125,0.011886547183619364,mean_spl,0.2165884433558839
store_cat,4,M0_AggHistOnly,M0_AggHistOnly,TX_1__HOUSEHOLD,1596,44,100307.125,0.031064822249986294,mean_spl,0.1931365924225188
store_cat,4,M0_AggHistOnly,M0_AggHistOnly,TX_2__FOODS,1596,45,172290.359375,0.05335781869304533,mean_spl,0.2457130176824841
store_cat,4,M0_AggHistOnly,M0_AggHistOnly,TX_2__HOBBIES,1596,46,56974.41796875,0.017644810047099287,mean_spl,0.21645772091868973
store_cat,4,M0_AggHistOnly,M0_AggHistOnly,TX_2__HOUSEHOLD,1596,47,102815.34375,0.03184161023621193,mean_spl,0.18146590784270397
store_cat,4,M0_AggHistOnly,M0_AggHistOnly,TX_3__FOODS,1596,48,173334.609375,0.05368121985357653,mean_spl,0.3118648667072175
store_cat,4,M0_AggHistOnly,M0_AggHistOnly,TX_3__HOBBIES,1596,49,69821.453125,0.02162349913392369,mean_spl,0.29218955643657735
store_cat,4,M0_AggHistOnly,M0_AggHistOnly,TX_3__HOUSEHOLD,1596,50,105690.0703125,0.03273190461641051,mean_spl,0.2410440910275604
store_cat,4,M0_AggHistOnly,M0_AggHistOnly,WI_1__FOODS,1596,51,172074.03125,0.05329082250757199,mean_spl,0.16770813260763398
store_cat,4,M0_AggHistOnly,M0_AggHistOnly,WI_1__HOBBIES,1596,52,42553.390625,0.013178660198862826,mean_spl,0.15862373396934212
store_cat,4,M0_AggHistOnly,M0_AggHistOnly,WI_1__HOUSEHOLD,1596,53,77409.6953125,0.023973555470844267,mean_spl,0.19892286460203856
store_cat,4,M0_AggHistOnly,M0_AggHistOnly,WI_2__FOODS,1596,54,192405.90625,0.05958754452890338,mean_spl,0.29649207975182074
store_cat,4,M0_AggHistOnly,M0_AggHistOnly,WI_2__HOBBIES,1596,55,27172.5703125,0.008415265284824653,mean_spl,0.21899763331350555
store_cat,4,M0_AggHistOnly,M0_AggHistOnly,WI_2__HOUSEHOLD,1596,56,88800.015625,0.027501104245452462,mean_spl,0.36327856123298974
store_cat,4,M0_AggHistOnly,M0_AggHistOnly,WI_3__FOODS,1596,57,138527.015625,0.04290141021599113,mean_spl,0.17062910501918943
store_cat,4,M0_AggHistOnly,M0_AggHistOnly,WI_3__HOBBIES,1596,58,25475.140625,0.007889576291903788,mean_spl,0.23186397391808264
store_cat,4,M0_AggHistOnly,M0_AggHistOnly,WI_3__HOUSEHOLD,1596,59,74816.171875,0.023170348873236064,mean_spl,0.20689814190676137
store_cat,4,M0_AggHistOnly,M0_AggHistOnly,CA_1__FOODS,1624,60,220013.046875,0.06784256696116275,mean_spl,0.1196124236868375
store_cat,4,M0_AggHistOnly,M0_AggHistOnly,CA_1__HOBBIES,1624,61,62929.06640625,0.019404619235581292,mean_spl,0.16055697613663786
store_cat,4,M0_AggHistOnly,M0_AggHistOnly,CA_1__HOUSEHOLD,1624,62,115288.7890625,0.03555010715472609,mean_spl,0.2129369397307955
store_cat,4,M0_AggHistOnly,M0_AggHistOnly,CA_2__FOODS,1624,63,159095.96875,0.04905835843137624,mean_spl,0.217515917554932
store_cat,4,M0_AggHistOnly,M0_AggHistOnly,CA_2__HOBBIES,1624,64,40058.953125,0.012352459312655899,mean_spl,0.14553390934925814
store_cat,4,M0_AggHistOnly,M0_AggHistOnly,CA_2__HOUSEHOLD,1624,65,114994.9296875,0.03545949355426571,mean_spl,0.1501238720508505
store_cat,4,M0_AggHistOnly,M0_AggHistOnly,CA_3__FOODS,1624,66,289613.4375,0.08930433583608938,mean_spl,0.12559404555457682
store_cat,4,M0_AggHistOnly,M0_AggHistOnly,CA_3__HOBBIES,1624,67,66763.3359375,0.020586943152802278,mean_spl,0.18245508421908735
store_cat,4,M0_AggHistOnly,M0_AggHistOnly,CA_3__HOUSEHOLD,1624,68,197297.125,0.06083795304040375,mean_spl,0.16259018341975034
store_cat,4,M0_AggHistOnly,M0_AggHistOnly,CA_4__FOODS,1624,69,115117.984375,0.03549743833070138,mean_spl,0.1349071804746647
store_cat,4,M0_AggHistOnly,M0_AggHistOnly,CA_4__HOBBIES,1624,70,38451.5390625,0.011856801906341136,mean_spl,0.23400041054421697
store_cat,4,M0_AggHistOnly,M0_AggHistOnly,CA_4__HOUSEHOLD,1624,71,58972.1171875,0.01818446617580622,mean_spl,0.2168779417153185
store_cat,4,M0_AggHistOnly,M0_AggHistOnly,TX_1__FOODS,1624,72,142577.84375,0.043964878670505324,mean_spl,0.17269734521570207
store_cat,4,M0_AggHistOnly,M0_AggHistOnly,TX_1__HOBBIES,1624,73,35482.73828125,0.010941351351671362,mean_spl,0.17474234333385336
store_cat,4,M0_AggHistOnly,M0_AggHistOnly,TX_1__HOUSEHOLD,1624,74,96711.265625,0.029821597433676558,mean_spl,0.186344304038511
store_cat,4,M0_AggHistOnly,M0_AggHistOnly,TX_2__FOODS,1624,75,170484.6875,0.052570149779085265,mean_spl,0.15882514650459773
store_cat,4,M0_AggHistOnly,M0_AggHistOnly,TX_2__HOBBIES,1624,76,53368.81640625,0.0164566490583447,mean_spl,0.12643334140175352
store_cat,4,M0_AggHistOnly,M0_AggHistOnly,TX_2__HOUSEHOLD,1624,77,100137.1875,0.03087800448548404,mean_spl,0.15045065148188003
store_cat,4,M0_AggHistOnly,M0_AggHistOnly,TX_3__FOODS,1624,78,168899.796875,0.05208143763278345,mean_spl,0.1818006802735201
store_cat,4,M0_AggHistOnly,M0_AggHistOnly,TX_3__HOBBIES,1624,79,61914.1875,0.01909167420285396,mean_spl,0.16418102353452257
store_cat,4,M0_AggHistOnly,M0_AggHistOnly,TX_3__HOUSEHOLD,1624,80,101344.3671875,0.031250246813594264,mean_spl,0.19343820112464918
store_cat,4,M0_AggHistOnly,M0_AggHistOnly,WI_1__FOODS,1624,81,164837.171875,0.05082869870427261,mean_spl,0.14338933629939724
store_cat,4,M0_AggHistOnly,M0_AggHistOnly,WI_1__HOBBIES,1624,82,42539.6328125,0.013117394302643252,mean_spl,0.1377622193137514
store_cat,4,M0_AggHistOnly,M0_AggHistOnly,WI_1__HOUSEHOLD,1624,83,77645.03125,0.02394239026548502,mean_spl,0.16273410264606633
store_cat,4,M0_AggHistOnly,M0_AggHistOnly,WI_2__FOODS,1624,84,189465.140625,0.05842290569686326,mean_spl,0.22867651635903602
store_cat,4,M0_AggHistOnly,M0_AggHistOnly,WI_2__HOBBIES,1624,85,27261.52734375,0.008406283266158821,mean_spl,0.19176166888272345
store_cat,4,M0_AggHistOnly,M0_AggHistOnly,WI_2__HOUSEHOLD,1624,86,87001.796875,0.026827614607724242,mean_spl,0.2921701919146449
store_cat,4,M0_AggHistOnly,M0_AggHistOnly,WI_3__FOODS,1624,87,145719.78125,0.04493371714740094,mean_spl,0.12511696331037864
store_cat,4,M0_AggHistOnly,M0_AggHistOnly,WI_3__HOBBIES,1624,88,25590.76953125,0.007891093370012273,mean_spl,0.19287327876917654
store_cat,4,M0_AggHistOnly,M0_AggHistOnly,WI_3__HOUSEHOLD,1624,89,73416.1015625,0.022638370119528538,mean_spl,0.15558598852791514
store_cat,4,M0_AggHistOnly,M0_AggHistOnly,CA_1__FOODS,1652,90,216018.53125,0.06442420129688553,mean_spl,0.12109323528476607
store_cat,4,M0_AggHistOnly,M0_AggHistOnly,CA_1__HOBBIES,1652,91,65447.4609375,0.019518697647878544,mean_spl,0.17199345342351743
store_cat,4,M0_AggHistOnly,M0_AggHistOnly,CA_1__HOUSEHOLD,1652,92,119797.71875,0.035727825307384026,mean_spl,0.1947751476386418
store_cat,4,M0_AggHistOnly,M0_AggHistOnly,CA_2__FOODS,1652,93,174231.328125,0.05196181128719119,mean_spl,0.21657918172724092
store_cat,4,M0_AggHistOnly,M0_AggHistOnly,CA_2__HOBBIES,1652,94,41661.87109375,0.012425011660885674,mean_spl,0.16311001078598122
store_cat,4,M0_AggHistOnly,M0_AggHistOnly,CA_2__HOUSEHOLD,1652,95,125333.90625,0.0373789079985469,mean_spl,0.13350601720715105
store_cat,4,M0_AggHistOnly,M0_AggHistOnly,CA_3__FOODS,1652,96,290598.75,0.08666660336171188,mean_spl,0.14697333837656584
store_cat,4,M0_AggHistOnly,M0_AggHistOnly,CA_3__HOBBIES,1652,97,67250.15625,0.020056323771977337,mean_spl,0.16665352541797834
store_cat,4,M0_AggHistOnly,M0_AggHistOnly,CA_3__HOUSEHOLD,1652,98,209033.9375,0.062341153740163614,mean_spl,0.24737781681733736
store_cat,4,M0_AggHistOnly,M0_AggHistOnly,CA_4__FOODS,1652,99,117701.203125,0.0351025717985045,mean_spl,0.1364197766509529
store_cat,4,M0_AggHistOnly,M0_AggHistOnly,CA_4__HOBBIES,1652,100,38269.8515625,0.011413394056508423,mean_spl,0.19317446259579385
store_cat,4,M0_AggHistOnly,M0_AggHistOnly,CA_4__HOUSEHOLD,1652,101,59733.83984375,0.01781469811900534,mean_spl,0.19723799196434272
store_cat,4,M0_AggHistOnly,M0_AggHistOnly,TX_1__FOODS,1652,102,151482.15625,0.04517722100351641,mean_spl,0.23251289167595043
store_cat,4,M0_AggHistOnly,M0_AggHistOnly,TX_1__HOBBIES,1652,103,34373.328125,0.010251315929030495,mean_spl,0.20378171177983026
store_cat,4,M0_AggHistOnly,M0_AggHistOnly,TX_1__HOUSEHOLD,1652,104,99281.828125,0.029609276774710924,mean_spl,0.15618213247781865
store_cat,4,M0_AggHistOnly,M0_AggHistOnly,TX_2__FOODS,1652,105,180129.203125,0.053720761706977774,mean_spl,0.15571026449166536
store_cat,4,M0_AggHistOnly,M0_AggHistOnly,TX_2__HOBBIES,1652,106,53874.60546875,0.016067271670744867,mean_spl,0.15032465169093598
store_cat,4,M0_AggHistOnly,M0_AggHistOnly,TX_2__HOUSEHOLD,1652,107,108551.953125,0.03237394884053533,mean_spl,0.1311552996141175
store_cat,4,M0_AggHistOnly,M0_AggHistOnly,TX_3__FOODS,1652,108,179456.3125,0.05352008243735707,mean_spl,0.17191787259246705
store_cat,4,M0_AggHistOnly,M0_AggHistOnly,TX_3__HOBBIES,1652,109,59746.28125,0.017818408576881467,mean_spl,0.1734124923105095
store_cat,4,M0_AggHistOnly,M0_AggHistOnly,TX_3__HOUSEHOLD,1652,110,104524.96875,0.03117296274692021,mean_spl,0.18820692431399932
store_cat,4,M0_AggHistOnly,M0_AggHistOnly,WI_1__FOODS,1652,111,168893.375,0.05036984894651428,mean_spl,0.12668480769434354
store_cat,4,M0_AggHistOnly,M0_AggHistOnly,WI_1__HOBBIES,1652,112,42655.81640625,0.012721440548352225,mean_spl,0.11947316890470298
store_cat,4,M0_AggHistOnly,M0_AggHistOnly,WI_1__HOUSEHOLD,1652,113,79013.1484375,0.023564455098285444,mean_spl,0.1442650805949396
store_cat,4,M0_AggHistOnly,M0_AggHistOnly,WI_2__FOODS,1652,114,197144.109375,0.05879519554816072,mean_spl,0.22773562483320056
store_cat,4,M0_AggHistOnly,M0_AggHistOnly,WI_2__HOBBIES,1652,115,26210.8203125,0.007816973637390177,mean_spl,0.22145002633064087
store_cat,4,M0_AggHistOnly,M0_AggHistOnly,WI_2__HOUSEHOLD,1652,116,94435.328125,0.02816388276254626,mean_spl,0.36824429568453776
store_cat,4,M0_AggHistOnly,M0_AggHistOnly,WI_3__FOODS,1652,117,149557.390625,0.04460318928801133,mean_spl,0.11431575455661279
store_cat,4,M0_AggHistOnly,M0_AggHistOnly,WI_3__HOBBIES,1652,118,23851.12890625,0.007113232003396538,mean_spl,0.17741315466654017
store_cat,4,M0_AggHistOnly,M0_AggHistOnly,WI_3__HOUSEHOLD,1652,119,74804.640625,0.02230933243402552,mean_spl,0.18072153272942637
store_cat,4,M1_AggHistFutureSummary,M1_AggHistFutureSummary,CA_1__FOODS,1568,0,227606.21875,0.07077608229256054,rmsse,0.3822802547095218
store_cat,4,M1_AggHistFutureSummary,M1_AggHistFutureSummary,CA_1__HOBBIES,1568,1,61449.91015625,0.019108370245657893,rmsse,0.5695166611715343
store_cat,4,M1_AggHistFutureSummary,M1_AggHistFutureSummary,CA_1__HOUSEHOLD,1568,2,110681.0859375,0.03441722150459681,rmsse,0.7369275996900769
store_cat,4,M1_AggHistFutureSummary,M1_AggHistFutureSummary,CA_2__FOODS,1568,3,94507.7265625,0.029387978365465067,rmsse,1.3887771177781332
store_cat,4,M1_AggHistFutureSummary,M1_AggHistFutureSummary,CA_2__HOBBIES,1568,4,32681.55078125,0.010162605135507732,rmsse,0.5461848342590733
store_cat,4,M1_AggHistFutureSummary,M1_AggHistFutureSummary,CA_2__HOUSEHOLD,1568,5,97190.0234375,0.03022206130661088,rmsse,0.6314689762447362
store_cat,4,M1_AggHistFutureSummary,M1_AggHistFutureSummary,CA_3__FOODS,1568,6,286386.625,0.08905434767910389,rmsse,1.0346370474324522
store_cat,4,M1_AggHistFutureSummary,M1_AggHistFutureSummary,CA_3__HOBBIES,1568,7,66306.0390625,0.020618424676418178,rmsse,0.7320224136629843
store_cat,4,M1_AggHistFutureSummary,M1_AggHistFutureSummary,CA_3__HOUSEHOLD,1568,8,190131.015625,0.059122850342783584,rmsse,0.6615801537577474
store_cat,4,M1_AggHistFutureSummary,M1_AggHistFutureSummary,CA_4__FOODS,1568,9,122596.9609375,0.038122563802445886,rmsse,0.6017427164442712
store_cat,4,M1_AggHistFutureSummary,M1_AggHistFutureSummary,CA_4__HOBBIES,1568,10,38498.52734375,0.011971443286514517,rmsse,0.9876511884244704
store_cat,4,M1_AggHistFutureSummary,M1_AggHistFutureSummary,CA_4__HOUSEHOLD,1568,11,57504.91796875,0.017881641497913568,rmsse,0.9735005429577247
store_cat,4,M1_AggHistFutureSummary,M1_AggHistFutureSummary,TX_1__FOODS,1568,12,143759.71875,0.04470330266231075,rmsse,0.5793295643471972
store_cat,4,M1_AggHistFutureSummary,M1_AggHistFutureSummary,TX_1__HOBBIES,1568,13,36857.09765625,0.011461026816885643,rmsse,0.9663516696508814
store_cat,4,M1_AggHistFutureSummary,M1_AggHistFutureSummary,TX_1__HOUSEHOLD,1568,14,94760.015625,0.029466429787166445,rmsse,0.6907227231017491
store_cat,4,M1_AggHistFutureSummary,M1_AggHistFutureSummary,TX_2__FOODS,1568,15,175913.21875,0.05470170593306429,rmsse,0.4239321686324423
store_cat,4,M1_AggHistFutureSummary,M1_AggHistFutureSummary,TX_2__HOBBIES,1568,16,55974.640625,0.01740578879139919,rmsse,0.5892363967582248
store_cat,4,M1_AggHistFutureSummary,M1_AggHistFutureSummary,TX_2__HOUSEHOLD,1568,17,102344.765625,0.031824972067411146,rmsse,0.38124365427992113
store_cat,4,M1_AggHistFutureSummary,M1_AggHistFutureSummary,TX_3__FOODS,1568,18,185515.796875,0.05768770896640953,rmsse,0.6216308907040383
store_cat,4,M1_AggHistFutureSummary,M1_AggHistFutureSummary,TX_3__HOBBIES,1568,19,71178.390625,0.02213352367959858,rmsse,0.8472225306276965
store_cat,4,M1_AggHistFutureSummary,M1_AggHistFutureSummary,TX_3__HOUSEHOLD,1568,20,104345.796875,0.03244720968990574,rmsse,0.8299922007225798
store_cat,4,M1_AggHistFutureSummary,M1_AggHistFutureSummary,WI_1__FOODS,1568,21,171597.125,0.05335958001001147,rmsse,0.6204477973255103
store_cat,4,M1_AggHistFutureSummary,M1_AggHistFutureSummary,WI_1__HOBBIES,1568,22,42377.875,0.013177759311041865,rmsse,0.4361532990816692
store_cat,4,M1_AggHistFutureSummary,M1_AggHistFutureSummary,WI_1__HOUSEHOLD,1568,23,74826.484375,0.02326792934249735,rmsse,0.5264725603331841
store_cat,4,M1_AggHistFutureSummary,M1_AggHistFutureSummary,WI_2__FOODS,1568,24,210272.09375,0.06538588924683765,rmsse,1.2045021919731227
store_cat,4,M1_AggHistFutureSummary,M1_AggHistFutureSummary,WI_2__HOBBIES,1568,25,24916.8984375,0.007748120697110228,rmsse,0.7981885545108613
store_cat,4,M1_AggHistFutureSummary,M1_AggHistFutureSummary,WI_2__HOUSEHOLD,1568,26,85993.5546875,0.02674042447793314,rmsse,1.1658428895437178
store_cat,4,M1_AggHistFutureSummary,M1_AggHistFutureSummary,WI_3__FOODS,1568,27,152977.359375,0.04756960611834604,rmsse,0.6446964760332817
store_cat,4,M1_AggHistFutureSummary,M1_AggHistFutureSummary,WI_3__HOBBIES,1568,28,25281.419921875,0.007861471741370881,rmsse,0.7969496227204785
store_cat,4,M1_AggHistFutureSummary,M1_AggHistFutureSummary,WI_3__HOUSEHOLD,1568,29,71430.6328125,0.022211960525121525,rmsse,0.6388731430157041
store_cat,4,M1_AggHistFutureSummary,M1_AggHistFutureSummary,CA_1__FOODS,1596,30,218156.640625,0.06756247139642138,rmsse,0.5754542809718277
store_cat,4,M1_AggHistFutureSummary,M1_AggHistFutureSummary,CA_1__HOBBIES,1596,31,62647.34375,0.019401698513715152,rmsse,0.698982903497254
store_cat,4,M1_AggHistFutureSummary,M1_AggHistFutureSummary,CA_1__HOUSEHOLD,1596,32,111508.96875,0.03453400038629386,rmsse,0.8063324930083748
store_cat,4,M1_AggHistFutureSummary,M1_AggHistFutureSummary,CA_2__FOODS,1596,33,124184.8984375,0.03845969861157458,rmsse,1.254933339119405
store_cat,4,M1_AggHistFutureSummary,M1_AggHistFutureSummary,CA_2__HOBBIES,1596,34,35712.88671875,0.01106017621332348,rmsse,0.6192886947868598
store_cat,4,M1_AggHistFutureSummary,M1_AggHistFutureSummary,CA_2__HOUSEHOLD,1596,35,107060.6328125,0.03315636380059106,rmsse,0.5617959855480485
store_cat,4,M1_AggHistFutureSummary,M1_AggHistFutureSummary,CA_3__FOODS,1596,36,285717.21875,0.08848578417763645,rmsse,0.6869202024634831
store_cat,4,M1_AggHistFutureSummary,M1_AggHistFutureSummary,CA_3__HOBBIES,1596,37,68288.1953125,0.021148653688909533,rmsse,1.0697421677139471
store_cat,4,M1_AggHistFutureSummary,M1_AggHistFutureSummary,CA_3__HOUSEHOLD,1596,38,198473.0625,0.06146652501477757,rmsse,0.9922092067948933
store_cat,4,M1_AggHistFutureSummary,M1_AggHistFutureSummary,CA_4__FOODS,1596,39,116616.671875,0.036115841054978406,rmsse,0.6428619934558834
store_cat,4,M1_AggHistFutureSummary,M1_AggHistFutureSummary,CA_4__HOBBIES,1596,40,39243.08203125,0.012153467341850466,rmsse,0.9838691980476781
store_cat,4,M1_AggHistFutureSummary,M1_AggHistFutureSummary,CA_4__HOUSEHOLD,1596,41,58249.5703125,0.018039720985881025,rmsse,1.054091615978126
store_cat,4,M1_AggHistFutureSummary,M1_AggHistFutureSummary,TX_1__FOODS,1596,42,144254.125,0.04467507918258353,rmsse,1.0325818479099906
store_cat,4,M1_AggHistFutureSummary,M1_AggHistFutureSummary,TX_1__HOBBIES,1596,43,38381.20703125,0.011886547183619364,rmsse,1.0357265484699143
store_cat,4,M1_AggHistFutureSummary,M1_AggHistFutureSummary,TX_1__HOUSEHOLD,1596,44,100307.125,0.031064822249986294,rmsse,0.7553396761884668
store_cat,4,M1_AggHistFutureSummary,M1_AggHistFutureSummary,TX_2__FOODS,1596,45,172290.359375,0.05335781869304533,rmsse,1.1114044780315708
store_cat,4,M1_AggHistFutureSummary,M1_AggHistFutureSummary,TX_2__HOBBIES,1596,46,56974.41796875,0.017644810047099287,rmsse,0.9682242783655809
store_cat,4,M1_AggHistFutureSummary,M1_AggHistFutureSummary,TX_2__HOUSEHOLD,1596,47,102815.34375,0.03184161023621193,rmsse,0.682276299296376
store_cat,4,M1_AggHistFutureSummary,M1_AggHistFutureSummary,TX_3__FOODS,1596,48,173334.609375,0.05368121985357653,rmsse,1.4673639308857642
store_cat,4,M1_AggHistFutureSummary,M1_AggHistFutureSummary,TX_3__HOBBIES,1596,49,69821.453125,0.02162349913392369,rmsse,1.3237896410991434
store_cat,4,M1_AggHistFutureSummary,M1_AggHistFutureSummary,TX_3__HOUSEHOLD,1596,50,105690.0703125,0.03273190461641051,rmsse,0.8370175370291927
store_cat,4,M1_AggHistFutureSummary,M1_AggHistFutureSummary,WI_1__FOODS,1596,51,172074.03125,0.05329082250757199,rmsse,0.6775250022445126
store_cat,4,M1_AggHistFutureSummary,M1_AggHistFutureSummary,WI_1__HOBBIES,1596,52,42553.390625,0.013178660198862826,rmsse,0.7218517396501719
store_cat,4,M1_AggHistFutureSummary,M1_AggHistFutureSummary,WI_1__HOUSEHOLD,1596,53,77409.6953125,0.023973555470844267,rmsse,0.8072509781251097
store_cat,4,M1_AggHistFutureSummary,M1_AggHistFutureSummary,WI_2__FOODS,1596,54,192405.90625,0.05958754452890338,rmsse,1.1900702131309473
store_cat,4,M1_AggHistFutureSummary,M1_AggHistFutureSummary,WI_2__HOBBIES,1596,55,27172.5703125,0.008415265284824653,rmsse,1.087332242878316
store_cat,4,M1_AggHistFutureSummary,M1_AggHistFutureSummary,WI_2__HOUSEHOLD,1596,56,88800.015625,0.027501104245452462,rmsse,1.3910210565636494
store_cat,4,M1_AggHistFutureSummary,M1_AggHistFutureSummary,WI_3__FOODS,1596,57,138527.015625,0.04290141021599113,rmsse,0.79054374154719
store_cat,4,M1_AggHistFutureSummary,M1_AggHistFutureSummary,WI_3__HOBBIES,1596,58,25475.140625,0.007889576291903788,rmsse,1.1407044344793733
store_cat,4,M1_AggHistFutureSummary,M1_AggHistFutureSummary,WI_3__HOUSEHOLD,1596,59,74816.171875,0.023170348873236064,rmsse,0.8487916339845659
store_cat,4,M1_AggHistFutureSummary,M1_AggHistFutureSummary,CA_1__FOODS,1624,60,220013.046875,0.06784256696116275,rmsse,0.5364877738717475
store_cat,4,M1_AggHistFutureSummary,M1_AggHistFutureSummary,CA_1__HOBBIES,1624,61,62929.06640625,0.019404619235581292,rmsse,0.6249546859792064
store_cat,4,M1_AggHistFutureSummary,M1_AggHistFutureSummary,CA_1__HOUSEHOLD,1624,62,115288.7890625,0.03555010715472609,rmsse,0.9682146542178651
store_cat,4,M1_AggHistFutureSummary,M1_AggHistFutureSummary,CA_2__FOODS,1624,63,159095.96875,0.04905835843137624,rmsse,1.065376076989705
store_cat,4,M1_AggHistFutureSummary,M1_AggHistFutureSummary,CA_2__HOBBIES,1624,64,40058.953125,0.012352459312655899,rmsse,0.4946076001983753
store_cat,4,M1_AggHistFutureSummary,M1_AggHistFutureSummary,CA_2__HOUSEHOLD,1624,65,114994.9296875,0.03545949355426571,rmsse,0.7805538706288134
store_cat,4,M1_AggHistFutureSummary,M1_AggHistFutureSummary,CA_3__FOODS,1624,66,289613.4375,0.08930433583608938,rmsse,0.5452123842236524
store_cat,4,M1_AggHistFutureSummary,M1_AggHistFutureSummary,CA_3__HOBBIES,1624,67,66763.3359375,0.020586943152802278,rmsse,0.7473934537269834
store_cat,4,M1_AggHistFutureSummary,M1_AggHistFutureSummary,CA_3__HOUSEHOLD,1624,68,197297.125,0.06083795304040375,rmsse,0.7653358853380395
store_cat,4,M1_AggHistFutureSummary,M1_AggHistFutureSummary,CA_4__FOODS,1624,69,115117.984375,0.03549743833070138,rmsse,0.44453556068458144
store_cat,4,M1_AggHistFutureSummary,M1_AggHistFutureSummary,CA_4__HOBBIES,1624,70,38451.5390625,0.011856801906341136,rmsse,0.9886900950029168
store_cat,4,M1_AggHistFutureSummary,M1_AggHistFutureSummary,CA_4__HOUSEHOLD,1624,71,58972.1171875,0.01818446617580622,rmsse,0.8660188232781351
store_cat,4,M1_AggHistFutureSummary,M1_AggHistFutureSummary,TX_1__FOODS,1624,72,142577.84375,0.043964878670505324,rmsse,0.7449227800497065
store_cat,4,M1_AggHistFutureSummary,M1_AggHistFutureSummary,TX_1__HOBBIES,1624,73,35482.73828125,0.010941351351671362,rmsse,0.7109514019103691
store_cat,4,M1_AggHistFutureSummary,M1_AggHistFutureSummary,TX_1__HOUSEHOLD,1624,74,96711.265625,0.029821597433676558,rmsse,0.8553712665801153
store_cat,4,M1_AggHistFutureSummary,M1_AggHistFutureSummary,TX_2__FOODS,1624,75,170484.6875,0.052570149779085265,rmsse,0.6347589602419795
store_cat,4,M1_AggHistFutureSummary,M1_AggHistFutureSummary,TX_2__HOBBIES,1624,76,53368.81640625,0.0164566490583447,rmsse,0.5572471667899995
store_cat,4,M1_AggHistFutureSummary,M1_AggHistFutureSummary,TX_2__HOUSEHOLD,1624,77,100137.1875,0.03087800448548404,rmsse,0.6709697824540276
store_cat,4,M1_AggHistFutureSummary,M1_AggHistFutureSummary,TX_3__FOODS,1624,78,168899.796875,0.05208143763278345,rmsse,0.8159274614631136
store_cat,4,M1_AggHistFutureSummary,M1_AggHistFutureSummary,TX_3__HOBBIES,1624,79,61914.1875,0.01909167420285396,rmsse,0.7205017284369181
store_cat,4,M1_AggHistFutureSummary,M1_AggHistFutureSummary,TX_3__HOUSEHOLD,1624,80,101344.3671875,0.031250246813594264,rmsse,0.82341859854179
store_cat,4,M1_AggHistFutureSummary,M1_AggHistFutureSummary,WI_1__FOODS,1624,81,164837.171875,0.05082869870427261,rmsse,0.6717675406018481
store_cat,4,M1_AggHistFutureSummary,M1_AggHistFutureSummary,WI_1__HOBBIES,1624,82,42539.6328125,0.013117394302643252,rmsse,0.5484528704187329
store_cat,4,M1_AggHistFutureSummary,M1_AggHistFutureSummary,WI_1__HOUSEHOLD,1624,83,77645.03125,0.02394239026548502,rmsse,0.6988809149850492
store_cat,4,M1_AggHistFutureSummary,M1_AggHistFutureSummary,WI_2__FOODS,1624,84,189465.140625,0.05842290569686326,rmsse,0.9363595150161229
store_cat,4,M1_AggHistFutureSummary,M1_AggHistFutureSummary,WI_2__HOBBIES,1624,85,27261.52734375,0.008406283266158821,rmsse,0.7857109231343872
store_cat,4,M1_AggHistFutureSummary,M1_AggHistFutureSummary,WI_2__HOUSEHOLD,1624,86,87001.796875,0.026827614607724242,rmsse,1.2759551050501117
store_cat,4,M1_AggHistFutureSummary,M1_AggHistFutureSummary,WI_3__FOODS,1624,87,145719.78125,0.04493371714740094,rmsse,0.5719580721526302
store_cat,4,M1_AggHistFutureSummary,M1_AggHistFutureSummary,WI_3__HOBBIES,1624,88,25590.76953125,0.007891093370012273,rmsse,0.8291952075681898
store_cat,4,M1_AggHistFutureSummary,M1_AggHistFutureSummary,WI_3__HOUSEHOLD,1624,89,73416.1015625,0.022638370119528538,rmsse,0.7159357396402203
store_cat,4,M1_AggHistFutureSummary,M1_AggHistFutureSummary,CA_1__FOODS,1652,90,216018.53125,0.06442420129688553,rmsse,0.4602163185749879
store_cat,4,M1_AggHistFutureSummary,M1_AggHistFutureSummary,CA_1__HOBBIES,1652,91,65447.4609375,0.019518697647878544,rmsse,0.8090903880998391
store_cat,4,M1_AggHistFutureSummary,M1_AggHistFutureSummary,CA_1__HOUSEHOLD,1652,92,119797.71875,0.035727825307384026,rmsse,0.8336141862755427
store_cat,4,M1_AggHistFutureSummary,M1_AggHistFutureSummary,CA_2__FOODS,1652,93,174231.328125,0.05196181128719119,rmsse,0.9548093552868369
store_cat,4,M1_AggHistFutureSummary,M1_AggHistFutureSummary,CA_2__HOBBIES,1652,94,41661.87109375,0.012425011660885674,rmsse,0.6790813602705545
store_cat,4,M1_AggHistFutureSummary,M1_AggHistFutureSummary,CA_2__HOUSEHOLD,1652,95,125333.90625,0.0373789079985469,rmsse,0.6347458517998553
store_cat,4,M1_AggHistFutureSummary,M1_AggHistFutureSummary,CA_3__FOODS,1652,96,290598.75,0.08666660336171188,rmsse,0.6282861410611841
store_cat,4,M1_AggHistFutureSummary,M1_AggHistFutureSummary,CA_3__HOBBIES,1652,97,67250.15625,0.020056323771977337,rmsse,0.6784570666728192
store_cat,4,M1_AggHistFutureSummary,M1_AggHistFutureSummary,CA_3__HOUSEHOLD,1652,98,209033.9375,0.062341153740163614,rmsse,0.8938529119017448
store_cat,4,M1_AggHistFutureSummary,M1_AggHistFutureSummary,CA_4__FOODS,1652,99,117701.203125,0.0351025717985045,rmsse,0.49488511096263765
store_cat,4,M1_AggHistFutureSummary,M1_AggHistFutureSummary,CA_4__HOBBIES,1652,100,38269.8515625,0.011413394056508423,rmsse,0.7957277872367976
store_cat,4,M1_AggHistFutureSummary,M1_AggHistFutureSummary,CA_4__HOUSEHOLD,1652,101,59733.83984375,0.01781469811900534,rmsse,0.7394129610926
store_cat,4,M1_AggHistFutureSummary,M1_AggHistFutureSummary,TX_1__FOODS,1652,102,151482.15625,0.04517722100351641,rmsse,0.8001629380110166
store_cat,4,M1_AggHistFutureSummary,M1_AggHistFutureSummary,TX_1__HOBBIES,1652,103,34373.328125,0.010251315929030495,rmsse,0.9115612634555572
store_cat,4,M1_AggHistFutureSummary,M1_AggHistFutureSummary,TX_1__HOUSEHOLD,1652,104,99281.828125,0.029609276774710924,rmsse,0.5891651889318297
store_cat,4,M1_AggHistFutureSummary,M1_AggHistFutureSummary,TX_2__FOODS,1652,105,180129.203125,0.053720761706977774,rmsse,0.5815969625985751
store_cat,4,M1_AggHistFutureSummary,M1_AggHistFutureSummary,TX_2__HOBBIES,1652,106,53874.60546875,0.016067271670744867,rmsse,0.6189713482133201
store_cat,4,M1_AggHistFutureSummary,M1_AggHistFutureSummary,TX_2__HOUSEHOLD,1652,107,108551.953125,0.03237394884053533,rmsse,0.5121316887570542
store_cat,4,M1_AggHistFutureSummary,M1_AggHistFutureSummary,TX_3__FOODS,1652,108,179456.3125,0.05352008243735707,rmsse,0.6722119095337374
store_cat,4,M1_AggHistFutureSummary,M1_AggHistFutureSummary,TX_3__HOBBIES,1652,109,59746.28125,0.017818408576881467,rmsse,0.7779102704032989
store_cat,4,M1_AggHistFutureSummary,M1_AggHistFutureSummary,TX_3__HOUSEHOLD,1652,110,104524.96875,0.03117296274692021,rmsse,0.8151862691650857
store_cat,4,M1_AggHistFutureSummary,M1_AggHistFutureSummary,WI_1__FOODS,1652,111,168893.375,0.05036984894651428,rmsse,0.3693946295699095
store_cat,4,M1_AggHistFutureSummary,M1_AggHistFutureSummary,WI_1__HOBBIES,1652,112,42655.81640625,0.012721440548352225,rmsse,0.5158025763477208
store_cat,4,M1_AggHistFutureSummary,M1_AggHistFutureSummary,WI_1__HOUSEHOLD,1652,113,79013.1484375,0.023564455098285444,rmsse,0.5491570504577601
store_cat,4,M1_AggHistFutureSummary,M1_AggHistFutureSummary,WI_2__FOODS,1652,114,197144.109375,0.05879519554816072,rmsse,0.9178705935390078
store_cat,4,M1_AggHistFutureSummary,M1_AggHistFutureSummary,WI_2__HOBBIES,1652,115,26210.8203125,0.007816973637390177,rmsse,0.9223410048306669
store_cat,4,M1_AggHistFutureSummary,M1_AggHistFutureSummary,WI_2__HOUSEHOLD,1652,116,94435.328125,0.02816388276254626,rmsse,1.156483713097688
store_cat,4,M1_AggHistFutureSummary,M1_AggHistFutureSummary,WI_3__FOODS,1652,117,149557.390625,0.04460318928801133,rmsse,0.47348161129075433
store_cat,4,M1_AggHistFutureSummary,M1_AggHistFutureSummary,WI_3__HOBBIES,1652,118,23851.12890625,0.007113232003396538,rmsse,0.7252433853143808
store_cat,4,M1_AggHistFutureSummary,M1_AggHistFutureSummary,WI_3__HOUSEHOLD,1652,119,74804.640625,0.02230933243402552,rmsse,0.7603522720632316
store_cat,4,M1_AggHistFutureSummary,M1_AggHistFutureSummary,CA_1__FOODS,1568,0,227606.21875,0.07077608229256054,mean_spl,0.10061826294554443
store_cat,4,M1_AggHistFutureSummary,M1_AggHistFutureSummary,CA_1__HOBBIES,1568,1,61449.91015625,0.019108370245657893,mean_spl,0.12850358042526475
store_cat,4,M1_AggHistFutureSummary,M1_AggHistFutureSummary,CA_1__HOUSEHOLD,1568,2,110681.0859375,0.03441722150459681,mean_spl,0.20347441660555
store_cat,4,M1_AggHistFutureSummary,M1_AggHistFutureSummary,CA_2__FOODS,1568,3,94507.7265625,0.029387978365465067,mean_spl,0.49176321415545043
store_cat,4,M1_AggHistFutureSummary,M1_AggHistFutureSummary,CA_2__HOBBIES,1568,4,32681.55078125,0.010162605135507732,mean_spl,0.13062719300774972
store_cat,4,M1_AggHistFutureSummary,M1_AggHistFutureSummary,CA_2__HOUSEHOLD,1568,5,97190.0234375,0.03022206130661088,mean_spl,0.16565668506608655
store_cat,4,M1_AggHistFutureSummary,M1_AggHistFutureSummary,CA_3__FOODS,1568,6,286386.625,0.08905434767910389,mean_spl,0.24876009361042412
store_cat,4,M1_AggHistFutureSummary,M1_AggHistFutureSummary,CA_3__HOBBIES,1568,7,66306.0390625,0.020618424676418178,mean_spl,0.18675968045641614
store_cat,4,M1_AggHistFutureSummary,M1_AggHistFutureSummary,CA_3__HOUSEHOLD,1568,8,190131.015625,0.059122850342783584,mean_spl,0.1755206045880063
store_cat,4,M1_AggHistFutureSummary,M1_AggHistFutureSummary,CA_4__FOODS,1568,9,122596.9609375,0.038122563802445886,mean_spl,0.13914259693823164
store_cat,4,M1_AggHistFutureSummary,M1_AggHistFutureSummary,CA_4__HOBBIES,1568,10,38498.52734375,0.011971443286514517,mean_spl,0.2392872875437892
store_cat,4,M1_AggHistFutureSummary,M1_AggHistFutureSummary,CA_4__HOUSEHOLD,1568,11,57504.91796875,0.017881641497913568,mean_spl,0.23182679401294293
store_cat,4,M1_AggHistFutureSummary,M1_AggHistFutureSummary,TX_1__FOODS,1568,12,143759.71875,0.04470330266231075,mean_spl,0.13725788021059573
store_cat,4,M1_AggHistFutureSummary,M1_AggHistFutureSummary,TX_1__HOBBIES,1568,13,36857.09765625,0.011461026816885643,mean_spl,0.21229895326408232
store_cat,4,M1_AggHistFutureSummary,M1_AggHistFutureSummary,TX_1__HOUSEHOLD,1568,14,94760.015625,0.029466429787166445,mean_spl,0.19861494374379085
store_cat,4,M1_AggHistFutureSummary,M1_AggHistFutureSummary,TX_2__FOODS,1568,15,175913.21875,0.05470170593306429,mean_spl,0.10994076042350803
store_cat,4,M1_AggHistFutureSummary,M1_AggHistFutureSummary,TX_2__HOBBIES,1568,16,55974.640625,0.01740578879139919,mean_spl,0.1528440469240789
store_cat,4,M1_AggHistFutureSummary,M1_AggHistFutureSummary,TX_2__HOUSEHOLD,1568,17,102344.765625,0.031824972067411146,mean_spl,0.12035439235579595
store_cat,4,M1_AggHistFutureSummary,M1_AggHistFutureSummary,TX_3__FOODS,1568,18,185515.796875,0.05768770896640953,mean_spl,0.15734822767716122
store_cat,4,M1_AggHistFutureSummary,M1_AggHistFutureSummary,TX_3__HOBBIES,1568,19,71178.390625,0.02213352367959858,mean_spl,0.1979104805745233
store_cat,4,M1_AggHistFutureSummary,M1_AggHistFutureSummary,TX_3__HOUSEHOLD,1568,20,104345.796875,0.03244720968990574,mean_spl,0.20407538412530973
store_cat,4,M1_AggHistFutureSummary,M1_AggHistFutureSummary,WI_1__FOODS,1568,21,171597.125,0.05335958001001147,mean_spl,0.15761667966608428
store_cat,4,M1_AggHistFutureSummary,M1_AggHistFutureSummary,WI_1__HOBBIES,1568,22,42377.875,0.013177759311041865,mean_spl,0.11008004611186781
store_cat,4,M1_AggHistFutureSummary,M1_AggHistFutureSummary,WI_1__HOUSEHOLD,1568,23,74826.484375,0.02326792934249735,mean_spl,0.14055245430762606
store_cat,4,M1_AggHistFutureSummary,M1_AggHistFutureSummary,WI_2__FOODS,1568,24,210272.09375,0.06538588924683765,mean_spl,0.3458058351880981
store_cat,4,M1_AggHistFutureSummary,M1_AggHistFutureSummary,WI_2__HOBBIES,1568,25,24916.8984375,0.007748120697110228,mean_spl,0.1817354728110484
store_cat,4,M1_AggHistFutureSummary,M1_AggHistFutureSummary,WI_2__HOUSEHOLD,1568,26,85993.5546875,0.02674042447793314,mean_spl,0.31318489094154
store_cat,4,M1_AggHistFutureSummary,M1_AggHistFutureSummary,WI_3__FOODS,1568,27,152977.359375,0.04756960611834604,mean_spl,0.17553841226409472
store_cat,4,M1_AggHistFutureSummary,M1_AggHistFutureSummary,WI_3__HOBBIES,1568,28,25281.419921875,0.007861471741370881,mean_spl,0.18241772468933112
store_cat,4,M1_AggHistFutureSummary,M1_AggHistFutureSummary,WI_3__HOUSEHOLD,1568,29,71430.6328125,0.022211960525121525,mean_spl,0.15360203487674254
store_cat,4,M1_AggHistFutureSummary,M1_AggHistFutureSummary,CA_1__FOODS,1596,30,218156.640625,0.06756247139642138,mean_spl,0.12895510930793944
store_cat,4,M1_AggHistFutureSummary,M1_AggHistFutureSummary,CA_1__HOBBIES,1596,31,62647.34375,0.019401698513715152,mean_spl,0.16156007884039225
store_cat,4,M1_AggHistFutureSummary,M1_AggHistFutureSummary,CA_1__HOUSEHOLD,1596,32,111508.96875,0.03453400038629386,mean_spl,0.21909750319346363
store_cat,4,M1_AggHistFutureSummary,M1_AggHistFutureSummary,CA_2__FOODS,1596,33,124184.8984375,0.03845969861157458,mean_spl,0.3591867940521798
store_cat,4,M1_AggHistFutureSummary,M1_AggHistFutureSummary,CA_2__HOBBIES,1596,34,35712.88671875,0.01106017621332348,mean_spl,0.16247791514473398
store_cat,4,M1_AggHistFutureSummary,M1_AggHistFutureSummary,CA_2__HOUSEHOLD,1596,35,107060.6328125,0.03315636380059106,mean_spl,0.14416229294682079
store_cat,4,M1_AggHistFutureSummary,M1_AggHistFutureSummary,CA_3__FOODS,1596,36,285717.21875,0.08848578417763645,mean_spl,0.16230134270785246
store_cat,4,M1_AggHistFutureSummary,M1_AggHistFutureSummary,CA_3__HOBBIES,1596,37,68288.1953125,0.021148653688909533,mean_spl,0.23796017229411667
store_cat,4,M1_AggHistFutureSummary,M1_AggHistFutureSummary,CA_3__HOUSEHOLD,1596,38,198473.0625,0.06146652501477757,mean_spl,0.22773496911658592
store_cat,4,M1_AggHistFutureSummary,M1_AggHistFutureSummary,CA_4__FOODS,1596,39,116616.671875,0.036115841054978406,mean_spl,0.1582233001457373
store_cat,4,M1_AggHistFutureSummary,M1_AggHistFutureSummary,CA_4__HOBBIES,1596,40,39243.08203125,0.012153467341850466,mean_spl,0.223362111031857
store_cat,4,M1_AggHistFutureSummary,M1_AggHistFutureSummary,CA_4__HOUSEHOLD,1596,41,58249.5703125,0.018039720985881025,mean_spl,0.2652751384458567
store_cat,4,M1_AggHistFutureSummary,M1_AggHistFutureSummary,TX_1__FOODS,1596,42,144254.125,0.04467507918258353,mean_spl,0.23042116538142532
store_cat,4,M1_AggHistFutureSummary,M1_AggHistFutureSummary,TX_1__HOBBIES,1596,43,38381.20703125,0.011886547183619364,mean_spl,0.2248590192588635
store_cat,4,M1_AggHistFutureSummary,M1_AggHistFutureSummary,TX_1__HOUSEHOLD,1596,44,100307.125,0.031064822249986294,mean_spl,0.16838585066588962
store_cat,4,M1_AggHistFutureSummary,M1_AggHistFutureSummary,TX_2__FOODS,1596,45,172290.359375,0.05335781869304533,mean_spl,0.23660076638022412
store_cat,4,M1_AggHistFutureSummary,M1_AggHistFutureSummary,TX_2__HOBBIES,1596,46,56974.41796875,0.017644810047099287,mean_spl,0.22045901795335843
store_cat,4,M1_AggHistFutureSummary,M1_AggHistFutureSummary,TX_2__HOUSEHOLD,1596,47,102815.34375,0.03184161023621193,mean_spl,0.17459968402189976
store_cat,4,M1_AggHistFutureSummary,M1_AggHistFutureSummary,TX_3__FOODS,1596,48,173334.609375,0.05368121985357653,mean_spl,0.30697808370335994
store_cat,4,M1_AggHistFutureSummary,M1_AggHistFutureSummary,TX_3__HOBBIES,1596,49,69821.453125,0.02162349913392369,mean_spl,0.30109473098312045
store_cat,4,M1_AggHistFutureSummary,M1_AggHistFutureSummary,TX_3__HOUSEHOLD,1596,50,105690.0703125,0.03273190461641051,mean_spl,0.2332598969708285
store_cat,4,M1_AggHistFutureSummary,M1_AggHistFutureSummary,WI_1__FOODS,1596,51,172074.03125,0.05329082250757199,mean_spl,0.1678080167623837
store_cat,4,M1_AggHistFutureSummary,M1_AggHistFutureSummary,WI_1__HOBBIES,1596,52,42553.390625,0.013178660198862826,mean_spl,0.16850046100741134
store_cat,4,M1_AggHistFutureSummary,M1_AggHistFutureSummary,WI_1__HOUSEHOLD,1596,53,77409.6953125,0.023973555470844267,mean_spl,0.19371652651474705
store_cat,4,M1_AggHistFutureSummary,M1_AggHistFutureSummary,WI_2__FOODS,1596,54,192405.90625,0.05958754452890338,mean_spl,0.2792757769271079
store_cat,4,M1_AggHistFutureSummary,M1_AggHistFutureSummary,WI_2__HOBBIES,1596,55,27172.5703125,0.008415265284824653,mean_spl,0.2270049224989876
store_cat,4,M1_AggHistFutureSummary,M1_AggHistFutureSummary,WI_2__HOUSEHOLD,1596,56,88800.015625,0.027501104245452462,mean_spl,0.3722912464546674
store_cat,4,M1_AggHistFutureSummary,M1_AggHistFutureSummary,WI_3__FOODS,1596,57,138527.015625,0.04290141021599113,mean_spl,0.1606860736747032
store_cat,4,M1_AggHistFutureSummary,M1_AggHistFutureSummary,WI_3__HOBBIES,1596,58,25475.140625,0.007889576291903788,mean_spl,0.2341537230344538
store_cat,4,M1_AggHistFutureSummary,M1_AggHistFutureSummary,WI_3__HOUSEHOLD,1596,59,74816.171875,0.023170348873236064,mean_spl,0.19528213808388223
store_cat,4,M1_AggHistFutureSummary,M1_AggHistFutureSummary,CA_1__FOODS,1624,60,220013.046875,0.06784256696116275,mean_spl,0.1180058301113759
store_cat,4,M1_AggHistFutureSummary,M1_AggHistFutureSummary,CA_1__HOBBIES,1624,61,62929.06640625,0.019404619235581292,mean_spl,0.15675259466658184
store_cat,4,M1_AggHistFutureSummary,M1_AggHistFutureSummary,CA_1__HOUSEHOLD,1624,62,115288.7890625,0.03555010715472609,mean_spl,0.21582319705638997
store_cat,4,M1_AggHistFutureSummary,M1_AggHistFutureSummary,CA_2__FOODS,1624,63,159095.96875,0.04905835843137624,mean_spl,0.281745453606214
store_cat,4,M1_AggHistFutureSummary,M1_AggHistFutureSummary,CA_2__HOBBIES,1624,64,40058.953125,0.012352459312655899,mean_spl,0.13840334956596848
store_cat,4,M1_AggHistFutureSummary,M1_AggHistFutureSummary,CA_2__HOUSEHOLD,1624,65,114994.9296875,0.03545949355426571,mean_spl,0.23411255532228148
store_cat,4,M1_AggHistFutureSummary,M1_AggHistFutureSummary,CA_3__FOODS,1624,66,289613.4375,0.08930433583608938,mean_spl,0.10415150437235218
store_cat,4,M1_AggHistFutureSummary,M1_AggHistFutureSummary,CA_3__HOBBIES,1624,67,66763.3359375,0.020586943152802278,mean_spl,0.17841778354580218
store_cat,4,M1_AggHistFutureSummary,M1_AggHistFutureSummary,CA_3__HOUSEHOLD,1624,68,197297.125,0.06083795304040375,mean_spl,0.20061761136862016
store_cat,4,M1_AggHistFutureSummary,M1_AggHistFutureSummary,CA_4__FOODS,1624,69,115117.984375,0.03549743833070138,mean_spl,0.11793303131533757
store_cat,4,M1_AggHistFutureSummary,M1_AggHistFutureSummary,CA_4__HOBBIES,1624,70,38451.5390625,0.011856801906341136,mean_spl,0.2421483144992219
store_cat,4,M1_AggHistFutureSummary,M1_AggHistFutureSummary,CA_4__HOUSEHOLD,1624,71,58972.1171875,0.01818446617580622,mean_spl,0.21344682555615868
store_cat,4,M1_AggHistFutureSummary,M1_AggHistFutureSummary,TX_1__FOODS,1624,72,142577.84375,0.043964878670505324,mean_spl,0.19064890125024045
store_cat,4,M1_AggHistFutureSummary,M1_AggHistFutureSummary,TX_1__HOBBIES,1624,73,35482.73828125,0.010941351351671362,mean_spl,0.1770076282896727
store_cat,4,M1_AggHistFutureSummary,M1_AggHistFutureSummary,TX_1__HOUSEHOLD,1624,74,96711.265625,0.029821597433676558,mean_spl,0.19983487926875765
store_cat,4,M1_AggHistFutureSummary,M1_AggHistFutureSummary,TX_2__FOODS,1624,75,170484.6875,0.052570149779085265,mean_spl,0.13924782134720448
store_cat,4,M1_AggHistFutureSummary,M1_AggHistFutureSummary,TX_2__HOBBIES,1624,76,53368.81640625,0.0164566490583447,mean_spl,0.14630030991162543
store_cat,4,M1_AggHistFutureSummary,M1_AggHistFutureSummary,TX_2__HOUSEHOLD,1624,77,100137.1875,0.03087800448548404,mean_spl,0.14617920036218943
store_cat,4,M1_AggHistFutureSummary,M1_AggHistFutureSummary,TX_3__FOODS,1624,78,168899.796875,0.05208143763278345,mean_spl,0.16237350637375753
store_cat,4,M1_AggHistFutureSummary,M1_AggHistFutureSummary,TX_3__HOBBIES,1624,79,61914.1875,0.01909167420285396,mean_spl,0.1783432741121857
store_cat,4,M1_AggHistFutureSummary,M1_AggHistFutureSummary,TX_3__HOUSEHOLD,1624,80,101344.3671875,0.031250246813594264,mean_spl,0.19301936159058508
store_cat,4,M1_AggHistFutureSummary,M1_AggHistFutureSummary,WI_1__FOODS,1624,81,164837.171875,0.05082869870427261,mean_spl,0.15265590505379067
store_cat,4,M1_AggHistFutureSummary,M1_AggHistFutureSummary,WI_1__HOBBIES,1624,82,42539.6328125,0.013117394302643252,mean_spl,0.14521818167596068
store_cat,4,M1_AggHistFutureSummary,M1_AggHistFutureSummary,WI_1__HOUSEHOLD,1624,83,77645.03125,0.02394239026548502,mean_spl,0.1581745192864523
store_cat,4,M1_AggHistFutureSummary,M1_AggHistFutureSummary,WI_2__FOODS,1624,84,189465.140625,0.05842290569686326,mean_spl,0.22563890843535356
store_cat,4,M1_AggHistFutureSummary,M1_AggHistFutureSummary,WI_2__HOBBIES,1624,85,27261.52734375,0.008406283266158821,mean_spl,0.19349906863361344
store_cat,4,M1_AggHistFutureSummary,M1_AggHistFutureSummary,WI_2__HOUSEHOLD,1624,86,87001.796875,0.026827614607724242,mean_spl,0.32676106056717197
store_cat,4,M1_AggHistFutureSummary,M1_AggHistFutureSummary,WI_3__FOODS,1624,87,145719.78125,0.04493371714740094,mean_spl,0.1148371049583154
store_cat,4,M1_AggHistFutureSummary,M1_AggHistFutureSummary,WI_3__HOBBIES,1624,88,25590.76953125,0.007891093370012273,mean_spl,0.20511113835860362
store_cat,4,M1_AggHistFutureSummary,M1_AggHistFutureSummary,WI_3__HOUSEHOLD,1624,89,73416.1015625,0.022638370119528538,mean_spl,0.15000408685637293
store_cat,4,M1_AggHistFutureSummary,M1_AggHistFutureSummary,CA_1__FOODS,1652,90,216018.53125,0.06442420129688553,mean_spl,0.12278348103853852
store_cat,4,M1_AggHistFutureSummary,M1_AggHistFutureSummary,CA_1__HOBBIES,1652,91,65447.4609375,0.019518697647878544,mean_spl,0.16496305222954025
store_cat,4,M1_AggHistFutureSummary,M1_AggHistFutureSummary,CA_1__HOUSEHOLD,1652,92,119797.71875,0.035727825307384026,mean_spl,0.20203836616431217
store_cat,4,M1_AggHistFutureSummary,M1_AggHistFutureSummary,CA_2__FOODS,1652,93,174231.328125,0.05196181128719119,mean_spl,0.22314209033661697
store_cat,4,M1_AggHistFutureSummary,M1_AggHistFutureSummary,CA_2__HOBBIES,1652,94,41661.87109375,0.012425011660885674,mean_spl,0.158599856335352
store_cat,4,M1_AggHistFutureSummary,M1_AggHistFutureSummary,CA_2__HOUSEHOLD,1652,95,125333.90625,0.0373789079985469,mean_spl,0.1718597741377566
store_cat,4,M1_AggHistFutureSummary,M1_AggHistFutureSummary,CA_3__FOODS,1652,96,290598.75,0.08666660336171188,mean_spl,0.15285221470985674
store_cat,4,M1_AggHistFutureSummary,M1_AggHistFutureSummary,CA_3__HOBBIES,1652,97,67250.15625,0.020056323771977337,mean_spl,0.15442222677954462
store_cat,4,M1_AggHistFutureSummary,M1_AggHistFutureSummary,CA_3__HOUSEHOLD,1652,98,209033.9375,0.062341153740163614,mean_spl,0.2351062208404692
store_cat,4,M1_AggHistFutureSummary,M1_AggHistFutureSummary,CA_4__FOODS,1652,99,117701.203125,0.0351025717985045,mean_spl,0.12977228265083288
store_cat,4,M1_AggHistFutureSummary,M1_AggHistFutureSummary,CA_4__HOBBIES,1652,100,38269.8515625,0.011413394056508423,mean_spl,0.19895495041496994
store_cat,4,M1_AggHistFutureSummary,M1_AggHistFutureSummary,CA_4__HOUSEHOLD,1652,101,59733.83984375,0.01781469811900534,mean_spl,0.20095554523282375
store_cat,4,M1_AggHistFutureSummary,M1_AggHistFutureSummary,TX_1__FOODS,1652,102,151482.15625,0.04517722100351641,mean_spl,0.2119426968520085
store_cat,4,M1_AggHistFutureSummary,M1_AggHistFutureSummary,TX_1__HOBBIES,1652,103,34373.328125,0.010251315929030495,mean_spl,0.20907082665643484
store_cat,4,M1_AggHistFutureSummary,M1_AggHistFutureSummary,TX_1__HOUSEHOLD,1652,104,99281.828125,0.029609276774710924,mean_spl,0.1647010420475068
store_cat,4,M1_AggHistFutureSummary,M1_AggHistFutureSummary,TX_2__FOODS,1652,105,180129.203125,0.053720761706977774,mean_spl,0.15891315524966926
store_cat,4,M1_AggHistFutureSummary,M1_AggHistFutureSummary,TX_2__HOBBIES,1652,106,53874.60546875,0.016067271670744867,mean_spl,0.15154335104927874
store_cat,4,M1_AggHistFutureSummary,M1_AggHistFutureSummary,TX_2__HOUSEHOLD,1652,107,108551.953125,0.03237394884053533,mean_spl,0.1406240722248527
store_cat,4,M1_AggHistFutureSummary,M1_AggHistFutureSummary,TX_3__FOODS,1652,108,179456.3125,0.05352008243735707,mean_spl,0.17947761986743885
store_cat,4,M1_AggHistFutureSummary,M1_AggHistFutureSummary,TX_3__HOBBIES,1652,109,59746.28125,0.017818408576881467,mean_spl,0.2020485297436428
store_cat,4,M1_AggHistFutureSummary,M1_AggHistFutureSummary,TX_3__HOUSEHOLD,1652,110,104524.96875,0.03117296274692021,mean_spl,0.22358723221334248
store_cat,4,M1_AggHistFutureSummary,M1_AggHistFutureSummary,WI_1__FOODS,1652,111,168893.375,0.05036984894651428,mean_spl,0.11413305363672145
store_cat,4,M1_AggHistFutureSummary,M1_AggHistFutureSummary,WI_1__HOBBIES,1652,112,42655.81640625,0.012721440548352225,mean_spl,0.12134663162413724
store_cat,4,M1_AggHistFutureSummary,M1_AggHistFutureSummary,WI_1__HOUSEHOLD,1652,113,79013.1484375,0.023564455098285444,mean_spl,0.14026864707798586
store_cat,4,M1_AggHistFutureSummary,M1_AggHistFutureSummary,WI_2__FOODS,1652,114,197144.109375,0.05879519554816072,mean_spl,0.24757731899401905
store_cat,4,M1_AggHistFutureSummary,M1_AggHistFutureSummary,WI_2__HOBBIES,1652,115,26210.8203125,0.007816973637390177,mean_spl,0.19944382195912366
store_cat,4,M1_AggHistFutureSummary,M1_AggHistFutureSummary,WI_2__HOUSEHOLD,1652,116,94435.328125,0.02816388276254626,mean_spl,0.3209780734658421
store_cat,4,M1_AggHistFutureSummary,M1_AggHistFutureSummary,WI_3__FOODS,1652,117,149557.390625,0.04460318928801133,mean_spl,0.1214496419489211
store_cat,4,M1_AggHistFutureSummary,M1_AggHistFutureSummary,WI_3__HOBBIES,1652,118,23851.12890625,0.007113232003396538,mean_spl,0.18074227528927794
store_cat,4,M1_AggHistFutureSummary,M1_AggHistFutureSummary,WI_3__HOUSEHOLD,1652,119,74804.640625,0.02230933243402552,mean_spl,0.18986221073951534
store_cat,4,M3_FullSkuTemporalCNN,M3_FullSkuTemporalCNN,CA_1__FOODS,1568,0,227606.21875,0.07077608229256054,rmsse,0.5353551065165096
store_cat,4,M3_FullSkuTemporalCNN,M3_FullSkuTemporalCNN,CA_1__HOBBIES,1568,1,61449.91015625,0.019108370245657893,rmsse,0.5604671577475125
store_cat,4,M3_FullSkuTemporalCNN,M3_FullSkuTemporalCNN,CA_1__HOUSEHOLD,1568,2,110681.0859375,0.03441722150459681,rmsse,0.6130494408997581
store_cat,4,M3_FullSkuTemporalCNN,M3_FullSkuTemporalCNN,CA_2__FOODS,1568,3,94507.7265625,0.029387978365465067,rmsse,1.4005196561605022
store_cat,4,M3_FullSkuTemporalCNN,M3_FullSkuTemporalCNN,CA_2__HOBBIES,1568,4,32681.55078125,0.010162605135507732,rmsse,0.5340932540282975
store_cat,4,M3_FullSkuTemporalCNN,M3_FullSkuTemporalCNN,CA_2__HOUSEHOLD,1568,5,97190.0234375,0.03022206130661088,rmsse,0.4842161038622918
store_cat,4,M3_FullSkuTemporalCNN,M3_FullSkuTemporalCNN,CA_3__FOODS,1568,6,286386.625,0.08905434767910389,rmsse,0.7488975541738148
store_cat,4,M3_FullSkuTemporalCNN,M3_FullSkuTemporalCNN,CA_3__HOBBIES,1568,7,66306.0390625,0.020618424676418178,rmsse,0.8505449192070363
store_cat,4,M3_FullSkuTemporalCNN,M3_FullSkuTemporalCNN,CA_3__HOUSEHOLD,1568,8,190131.015625,0.059122850342783584,rmsse,0.6862511583656264
store_cat,4,M3_FullSkuTemporalCNN,M3_FullSkuTemporalCNN,CA_4__FOODS,1568,9,122596.9609375,0.038122563802445886,rmsse,0.6927856274409422
store_cat,4,M3_FullSkuTemporalCNN,M3_FullSkuTemporalCNN,CA_4__HOBBIES,1568,10,38498.52734375,0.011971443286514517,rmsse,0.9479104796260556
store_cat,4,M3_FullSkuTemporalCNN,M3_FullSkuTemporalCNN,CA_4__HOUSEHOLD,1568,11,57504.91796875,0.017881641497913568,rmsse,0.943259658251359
store_cat,4,M3_FullSkuTemporalCNN,M3_FullSkuTemporalCNN,TX_1__FOODS,1568,12,143759.71875,0.04470330266231075,rmsse,0.5278101355500302
store_cat,4,M3_FullSkuTemporalCNN,M3_FullSkuTemporalCNN,TX_1__HOBBIES,1568,13,36857.09765625,0.011461026816885643,rmsse,0.8857018135304667
store_cat,4,M3_FullSkuTemporalCNN,M3_FullSkuTemporalCNN,TX_1__HOUSEHOLD,1568,14,94760.015625,0.029466429787166445,rmsse,0.7592148220818395
store_cat,4,M3_FullSkuTemporalCNN,M3_FullSkuTemporalCNN,TX_2__FOODS,1568,15,175913.21875,0.05470170593306429,rmsse,0.3443278936530849
store_cat,4,M3_FullSkuTemporalCNN,M3_FullSkuTemporalCNN,TX_2__HOBBIES,1568,16,55974.640625,0.01740578879139919,rmsse,0.587876646368988
store_cat,4,M3_FullSkuTemporalCNN,M3_FullSkuTemporalCNN,TX_2__HOUSEHOLD,1568,17,102344.765625,0.031824972067411146,rmsse,0.3629036950065536
store_cat,4,M3_FullSkuTemporalCNN,M3_FullSkuTemporalCNN,TX_3__FOODS,1568,18,185515.796875,0.05768770896640953,rmsse,0.5209697296130793
store_cat,4,M3_FullSkuTemporalCNN,M3_FullSkuTemporalCNN,TX_3__HOBBIES,1568,19,71178.390625,0.02213352367959858,rmsse,0.8497031673268468
store_cat,4,M3_FullSkuTemporalCNN,M3_FullSkuTemporalCNN,TX_3__HOUSEHOLD,1568,20,104345.796875,0.03244720968990574,rmsse,0.6676936425884408
store_cat,4,M3_FullSkuTemporalCNN,M3_FullSkuTemporalCNN,WI_1__FOODS,1568,21,171597.125,0.05335958001001147,rmsse,0.5391962313849719
store_cat,4,M3_FullSkuTemporalCNN,M3_FullSkuTemporalCNN,WI_1__HOBBIES,1568,22,42377.875,0.013177759311041865,rmsse,0.3688157865684065
store_cat,4,M3_FullSkuTemporalCNN,M3_FullSkuTemporalCNN,WI_1__HOUSEHOLD,1568,23,74826.484375,0.02326792934249735,rmsse,0.5201913248135598
store_cat,4,M3_FullSkuTemporalCNN,M3_FullSkuTemporalCNN,WI_2__FOODS,1568,24,210272.09375,0.06538588924683765,rmsse,0.5573281712572092
store_cat,4,M3_FullSkuTemporalCNN,M3_FullSkuTemporalCNN,WI_2__HOBBIES,1568,25,24916.8984375,0.007748120697110228,rmsse,0.6058377236018624
store_cat,4,M3_FullSkuTemporalCNN,M3_FullSkuTemporalCNN,WI_2__HOUSEHOLD,1568,26,85993.5546875,0.02674042447793314,rmsse,0.9858093853259076
store_cat,4,M3_FullSkuTemporalCNN,M3_FullSkuTemporalCNN,WI_3__FOODS,1568,27,152977.359375,0.04756960611834604,rmsse,0.3893828021458879
store_cat,4,M3_FullSkuTemporalCNN,M3_FullSkuTemporalCNN,WI_3__HOBBIES,1568,28,25281.419921875,0.007861471741370881,rmsse,0.7130161067602512
store_cat,4,M3_FullSkuTemporalCNN,M3_FullSkuTemporalCNN,WI_3__HOUSEHOLD,1568,29,71430.6328125,0.022211960525121525,rmsse,0.5963703876765096
store_cat,4,M3_FullSkuTemporalCNN,M3_FullSkuTemporalCNN,CA_1__FOODS,1596,30,218156.640625,0.06756247139642138,rmsse,0.41503675046933114
store_cat,4,M3_FullSkuTemporalCNN,M3_FullSkuTemporalCNN,CA_1__HOBBIES,1596,31,62647.34375,0.019401698513715152,rmsse,0.6870163554795937
store_cat,4,M3_FullSkuTemporalCNN,M3_FullSkuTemporalCNN,CA_1__HOUSEHOLD,1596,32,111508.96875,0.03453400038629386,rmsse,0.7360045083938087
store_cat,4,M3_FullSkuTemporalCNN,M3_FullSkuTemporalCNN,CA_2__FOODS,1596,33,124184.8984375,0.03845969861157458,rmsse,1.2527859793771423
store_cat,4,M3_FullSkuTemporalCNN,M3_FullSkuTemporalCNN,CA_2__HOBBIES,1596,34,35712.88671875,0.01106017621332348,rmsse,0.6506638173097645
store_cat,4,M3_FullSkuTemporalCNN,M3_FullSkuTemporalCNN,CA_2__HOUSEHOLD,1596,35,107060.6328125,0.03315636380059106,rmsse,0.47054780227715665
store_cat,4,M3_FullSkuTemporalCNN,M3_FullSkuTemporalCNN,CA_3__FOODS,1596,36,285717.21875,0.08848578417763645,rmsse,0.645225580357048
store_cat,4,M3_FullSkuTemporalCNN,M3_FullSkuTemporalCNN,CA_3__HOBBIES,1596,37,68288.1953125,0.021148653688909533,rmsse,0.9513985084187763
store_cat,4,M3_FullSkuTemporalCNN,M3_FullSkuTemporalCNN,CA_3__HOUSEHOLD,1596,38,198473.0625,0.06146652501477757,rmsse,0.6257272511962816
store_cat,4,M3_FullSkuTemporalCNN,M3_FullSkuTemporalCNN,CA_4__FOODS,1596,39,116616.671875,0.036115841054978406,rmsse,0.5966799877715797
store_cat,4,M3_FullSkuTemporalCNN,M3_FullSkuTemporalCNN,CA_4__HOBBIES,1596,40,39243.08203125,0.012153467341850466,rmsse,0.9145262498870971
store_cat,4,M3_FullSkuTemporalCNN,M3_FullSkuTemporalCNN,CA_4__HOUSEHOLD,1596,41,58249.5703125,0.018039720985881025,rmsse,1.0101771262487917
store_cat,4,M3_FullSkuTemporalCNN,M3_FullSkuTemporalCNN,TX_1__FOODS,1596,42,144254.125,0.04467507918258353,rmsse,0.9169868409144865
store_cat,4,M3_FullSkuTemporalCNN,M3_FullSkuTemporalCNN,TX_1__HOBBIES,1596,43,38381.20703125,0.011886547183619364,rmsse,0.8430439900527256
store_cat,4,M3_FullSkuTemporalCNN,M3_FullSkuTemporalCNN,TX_1__HOUSEHOLD,1596,44,100307.125,0.031064822249986294,rmsse,0.7700837376311758
store_cat,4,M3_FullSkuTemporalCNN,M3_FullSkuTemporalCNN,TX_2__FOODS,1596,45,172290.359375,0.05335781869304533,rmsse,1.0466114974565843
store_cat,4,M3_FullSkuTemporalCNN,M3_FullSkuTemporalCNN,TX_2__HOBBIES,1596,46,56974.41796875,0.017644810047099287,rmsse,0.950848413025449
store_cat,4,M3_FullSkuTemporalCNN,M3_FullSkuTemporalCNN,TX_2__HOUSEHOLD,1596,47,102815.34375,0.03184161023621193,rmsse,0.670592162069375
store_cat,4,M3_FullSkuTemporalCNN,M3_FullSkuTemporalCNN,TX_3__FOODS,1596,48,173334.609375,0.05368121985357653,rmsse,1.334882141003212
store_cat,4,M3_FullSkuTemporalCNN,M3_FullSkuTemporalCNN,TX_3__HOBBIES,1596,49,69821.453125,0.02162349913392369,rmsse,1.187924287955725
store_cat,4,M3_FullSkuTemporalCNN,M3_FullSkuTemporalCNN,TX_3__HOUSEHOLD,1596,50,105690.0703125,0.03273190461641051,rmsse,0.886707158498866
store_cat,4,M3_FullSkuTemporalCNN,M3_FullSkuTemporalCNN,WI_1__FOODS,1596,51,172074.03125,0.05329082250757199,rmsse,0.4813573589370295
store_cat,4,M3_FullSkuTemporalCNN,M3_FullSkuTemporalCNN,WI_1__HOBBIES,1596,52,42553.390625,0.013178660198862826,rmsse,0.6274053731425214
store_cat,4,M3_FullSkuTemporalCNN,M3_FullSkuTemporalCNN,WI_1__HOUSEHOLD,1596,53,77409.6953125,0.023973555470844267,rmsse,0.6348312679510081
store_cat,4,M3_FullSkuTemporalCNN,M3_FullSkuTemporalCNN,WI_2__FOODS,1596,54,192405.90625,0.05958754452890338,rmsse,0.679683369208792
store_cat,4,M3_FullSkuTemporalCNN,M3_FullSkuTemporalCNN,WI_2__HOBBIES,1596,55,27172.5703125,0.008415265284824653,rmsse,0.873116541115083
store_cat,4,M3_FullSkuTemporalCNN,M3_FullSkuTemporalCNN,WI_2__HOUSEHOLD,1596,56,88800.015625,0.027501104245452462,rmsse,1.142742705376544
store_cat,4,M3_FullSkuTemporalCNN,M3_FullSkuTemporalCNN,WI_3__FOODS,1596,57,138527.015625,0.04290141021599113,rmsse,0.47696355869857354
store_cat,4,M3_FullSkuTemporalCNN,M3_FullSkuTemporalCNN,WI_3__HOBBIES,1596,58,25475.140625,0.007889576291903788,rmsse,0.9344538662153802
store_cat,4,M3_FullSkuTemporalCNN,M3_FullSkuTemporalCNN,WI_3__HOUSEHOLD,1596,59,74816.171875,0.023170348873236064,rmsse,0.6779484946649679
store_cat,4,M3_FullSkuTemporalCNN,M3_FullSkuTemporalCNN,CA_1__FOODS,1624,60,220013.046875,0.06784256696116275,rmsse,0.2907993804120236
store_cat,4,M3_FullSkuTemporalCNN,M3_FullSkuTemporalCNN,CA_1__HOBBIES,1624,61,62929.06640625,0.019404619235581292,rmsse,0.6407839757693438
store_cat,4,M3_FullSkuTemporalCNN,M3_FullSkuTemporalCNN,CA_1__HOUSEHOLD,1624,62,115288.7890625,0.03555010715472609,rmsse,0.7308965048229324
store_cat,4,M3_FullSkuTemporalCNN,M3_FullSkuTemporalCNN,CA_2__FOODS,1624,63,159095.96875,0.04905835843137624,rmsse,1.1438429369841294
store_cat,4,M3_FullSkuTemporalCNN,M3_FullSkuTemporalCNN,CA_2__HOBBIES,1624,64,40058.953125,0.012352459312655899,rmsse,0.4970265369802208
store_cat,4,M3_FullSkuTemporalCNN,M3_FullSkuTemporalCNN,CA_2__HOUSEHOLD,1624,65,114994.9296875,0.03545949355426571,rmsse,0.7198599659442579
store_cat,4,M3_FullSkuTemporalCNN,M3_FullSkuTemporalCNN,CA_3__FOODS,1624,66,289613.4375,0.08930433583608938,rmsse,0.3355643517047256
store_cat,4,M3_FullSkuTemporalCNN,M3_FullSkuTemporalCNN,CA_3__HOBBIES,1624,67,66763.3359375,0.020586943152802278,rmsse,0.829356093405716
store_cat,4,M3_FullSkuTemporalCNN,M3_FullSkuTemporalCNN,CA_3__HOUSEHOLD,1624,68,197297.125,0.06083795304040375,rmsse,0.7214160382548052
store_cat,4,M3_FullSkuTemporalCNN,M3_FullSkuTemporalCNN,CA_4__FOODS,1624,69,115117.984375,0.03549743833070138,rmsse,0.46731242933935424
store_cat,4,M3_FullSkuTemporalCNN,M3_FullSkuTemporalCNN,CA_4__HOBBIES,1624,70,38451.5390625,0.011856801906341136,rmsse,0.9922778007087146
store_cat,4,M3_FullSkuTemporalCNN,M3_FullSkuTemporalCNN,CA_4__HOUSEHOLD,1624,71,58972.1171875,0.01818446617580622,rmsse,0.895085097343217
store_cat,4,M3_FullSkuTemporalCNN,M3_FullSkuTemporalCNN,TX_1__FOODS,1624,72,142577.84375,0.043964878670505324,rmsse,0.5062858926707828
store_cat,4,M3_FullSkuTemporalCNN,M3_FullSkuTemporalCNN,TX_1__HOBBIES,1624,73,35482.73828125,0.010941351351671362,rmsse,0.6359594454206647
store_cat,4,M3_FullSkuTemporalCNN,M3_FullSkuTemporalCNN,TX_1__HOUSEHOLD,1624,74,96711.265625,0.029821597433676558,rmsse,0.5361645948265176
store_cat,4,M3_FullSkuTemporalCNN,M3_FullSkuTemporalCNN,TX_2__FOODS,1624,75,170484.6875,0.052570149779085265,rmsse,0.5062406541107193
store_cat,4,M3_FullSkuTemporalCNN,M3_FullSkuTemporalCNN,TX_2__HOBBIES,1624,76,53368.81640625,0.0164566490583447,rmsse,0.5268852979314522
store_cat,4,M3_FullSkuTemporalCNN,M3_FullSkuTemporalCNN,TX_2__HOUSEHOLD,1624,77,100137.1875,0.03087800448548404,rmsse,0.5044523049883916
store_cat,4,M3_FullSkuTemporalCNN,M3_FullSkuTemporalCNN,TX_3__FOODS,1624,78,168899.796875,0.05208143763278345,rmsse,0.5624115023920824
store_cat,4,M3_FullSkuTemporalCNN,M3_FullSkuTemporalCNN,TX_3__HOBBIES,1624,79,61914.1875,0.01909167420285396,rmsse,0.58633503186969
store_cat,4,M3_FullSkuTemporalCNN,M3_FullSkuTemporalCNN,TX_3__HOUSEHOLD,1624,80,101344.3671875,0.031250246813594264,rmsse,0.6719805171983282
store_cat,4,M3_FullSkuTemporalCNN,M3_FullSkuTemporalCNN,WI_1__FOODS,1624,81,164837.171875,0.05082869870427261,rmsse,0.582230069538224
store_cat,4,M3_FullSkuTemporalCNN,M3_FullSkuTemporalCNN,WI_1__HOBBIES,1624,82,42539.6328125,0.013117394302643252,rmsse,0.499904871655322
store_cat,4,M3_FullSkuTemporalCNN,M3_FullSkuTemporalCNN,WI_1__HOUSEHOLD,1624,83,77645.03125,0.02394239026548502,rmsse,0.5418643724191058
store_cat,4,M3_FullSkuTemporalCNN,M3_FullSkuTemporalCNN,WI_2__FOODS,1624,84,189465.140625,0.05842290569686326,rmsse,0.3773153092619504
store_cat,4,M3_FullSkuTemporalCNN,M3_FullSkuTemporalCNN,WI_2__HOBBIES,1624,85,27261.52734375,0.008406283266158821,rmsse,0.6197369772932878
store_cat,4,M3_FullSkuTemporalCNN,M3_FullSkuTemporalCNN,WI_2__HOUSEHOLD,1624,86,87001.796875,0.026827614607724242,rmsse,1.1779731599531784
store_cat,4,M3_FullSkuTemporalCNN,M3_FullSkuTemporalCNN,WI_3__FOODS,1624,87,145719.78125,0.04493371714740094,rmsse,0.32497021268820503
store_cat,4,M3_FullSkuTemporalCNN,M3_FullSkuTemporalCNN,WI_3__HOBBIES,1624,88,25590.76953125,0.007891093370012273,rmsse,0.6941094171561266
store_cat,4,M3_FullSkuTemporalCNN,M3_FullSkuTemporalCNN,WI_3__HOUSEHOLD,1624,89,73416.1015625,0.022638370119528538,rmsse,0.669791136455349
store_cat,4,M3_FullSkuTemporalCNN,M3_FullSkuTemporalCNN,CA_1__FOODS,1652,90,216018.53125,0.06442420129688553,rmsse,0.3795263586490365
store_cat,4,M3_FullSkuTemporalCNN,M3_FullSkuTemporalCNN,CA_1__HOBBIES,1652,91,65447.4609375,0.019518697647878544,rmsse,0.6825427281319506
store_cat,4,M3_FullSkuTemporalCNN,M3_FullSkuTemporalCNN,CA_1__HOUSEHOLD,1652,92,119797.71875,0.035727825307384026,rmsse,0.6130532246954294
store_cat,4,M3_FullSkuTemporalCNN,M3_FullSkuTemporalCNN,CA_2__FOODS,1652,93,174231.328125,0.05196181128719119,rmsse,0.8347899644717656
store_cat,4,M3_FullSkuTemporalCNN,M3_FullSkuTemporalCNN,CA_2__HOBBIES,1652,94,41661.87109375,0.012425011660885674,rmsse,0.6440092436039304
store_cat,4,M3_FullSkuTemporalCNN,M3_FullSkuTemporalCNN,CA_2__HOUSEHOLD,1652,95,125333.90625,0.0373789079985469,rmsse,0.5670300442685104
store_cat,4,M3_FullSkuTemporalCNN,M3_FullSkuTemporalCNN,CA_3__FOODS,1652,96,290598.75,0.08666660336171188,rmsse,0.4067792230306473
store_cat,4,M3_FullSkuTemporalCNN,M3_FullSkuTemporalCNN,CA_3__HOBBIES,1652,97,67250.15625,0.020056323771977337,rmsse,0.8482755722570838
store_cat,4,M3_FullSkuTemporalCNN,M3_FullSkuTemporalCNN,CA_3__HOUSEHOLD,1652,98,209033.9375,0.062341153740163614,rmsse,0.8179019351960771
store_cat,4,M3_FullSkuTemporalCNN,M3_FullSkuTemporalCNN,CA_4__FOODS,1652,99,117701.203125,0.0351025717985045,rmsse,0.5621969040294666
store_cat,4,M3_FullSkuTemporalCNN,M3_FullSkuTemporalCNN,CA_4__HOBBIES,1652,100,38269.8515625,0.011413394056508423,rmsse,0.7837530510709986
store_cat,4,M3_FullSkuTemporalCNN,M3_FullSkuTemporalCNN,CA_4__HOUSEHOLD,1652,101,59733.83984375,0.01781469811900534,rmsse,0.8514403957073592
store_cat,4,M3_FullSkuTemporalCNN,M3_FullSkuTemporalCNN,TX_1__FOODS,1652,102,151482.15625,0.04517722100351641,rmsse,0.6798191955465095
store_cat,4,M3_FullSkuTemporalCNN,M3_FullSkuTemporalCNN,TX_1__HOBBIES,1652,103,34373.328125,0.010251315929030495,rmsse,0.8478304341224165
store_cat,4,M3_FullSkuTemporalCNN,M3_FullSkuTemporalCNN,TX_1__HOUSEHOLD,1652,104,99281.828125,0.029609276774710924,rmsse,0.5257476228863692
store_cat,4,M3_FullSkuTemporalCNN,M3_FullSkuTemporalCNN,TX_2__FOODS,1652,105,180129.203125,0.053720761706977774,rmsse,0.4517820555932431
store_cat,4,M3_FullSkuTemporalCNN,M3_FullSkuTemporalCNN,TX_2__HOBBIES,1652,106,53874.60546875,0.016067271670744867,rmsse,0.5422650169107593
store_cat,4,M3_FullSkuTemporalCNN,M3_FullSkuTemporalCNN,TX_2__HOUSEHOLD,1652,107,108551.953125,0.03237394884053533,rmsse,0.48664497500729503
store_cat,4,M3_FullSkuTemporalCNN,M3_FullSkuTemporalCNN,TX_3__FOODS,1652,108,179456.3125,0.05352008243735707,rmsse,0.4920598403512747
store_cat,4,M3_FullSkuTemporalCNN,M3_FullSkuTemporalCNN,TX_3__HOBBIES,1652,109,59746.28125,0.017818408576881467,rmsse,0.7598738241619765
store_cat,4,M3_FullSkuTemporalCNN,M3_FullSkuTemporalCNN,TX_3__HOUSEHOLD,1652,110,104524.96875,0.03117296274692021,rmsse,0.7688526665312607
store_cat,4,M3_FullSkuTemporalCNN,M3_FullSkuTemporalCNN,WI_1__FOODS,1652,111,168893.375,0.05036984894651428,rmsse,0.6460245839738396
store_cat,4,M3_FullSkuTemporalCNN,M3_FullSkuTemporalCNN,WI_1__HOBBIES,1652,112,42655.81640625,0.012721440548352225,rmsse,0.4680385123419836
store_cat,4,M3_FullSkuTemporalCNN,M3_FullSkuTemporalCNN,WI_1__HOUSEHOLD,1652,113,79013.1484375,0.023564455098285444,rmsse,0.45446082326688514
store_cat,4,M3_FullSkuTemporalCNN,M3_FullSkuTemporalCNN,WI_2__FOODS,1652,114,197144.109375,0.05879519554816072,rmsse,0.507279703092778
store_cat,4,M3_FullSkuTemporalCNN,M3_FullSkuTemporalCNN,WI_2__HOBBIES,1652,115,26210.8203125,0.007816973637390177,rmsse,0.8830427090987557
store_cat,4,M3_FullSkuTemporalCNN,M3_FullSkuTemporalCNN,WI_2__HOUSEHOLD,1652,116,94435.328125,0.02816388276254626,rmsse,1.1669331802531284
store_cat,4,M3_FullSkuTemporalCNN,M3_FullSkuTemporalCNN,WI_3__FOODS,1652,117,149557.390625,0.04460318928801133,rmsse,0.3426400139268106
store_cat,4,M3_FullSkuTemporalCNN,M3_FullSkuTemporalCNN,WI_3__HOBBIES,1652,118,23851.12890625,0.007113232003396538,rmsse,0.6889599004087943
store_cat,4,M3_FullSkuTemporalCNN,M3_FullSkuTemporalCNN,WI_3__HOUSEHOLD,1652,119,74804.640625,0.02230933243402552,rmsse,0.7682978483741797
store_cat,4,M3_FullSkuTemporalCNN,M3_FullSkuTemporalCNN,CA_1__FOODS,1568,0,227606.21875,0.07077608229256054,mean_spl,0.10890010383618766
store_cat,4,M3_FullSkuTemporalCNN,M3_FullSkuTemporalCNN,CA_1__HOBBIES,1568,1,61449.91015625,0.019108370245657893,mean_spl,0.13564594494449148
store_cat,4,M3_FullSkuTemporalCNN,M3_FullSkuTemporalCNN,CA_1__HOUSEHOLD,1568,2,110681.0859375,0.03441722150459681,mean_spl,0.14952596521727074
store_cat,4,M3_FullSkuTemporalCNN,M3_FullSkuTemporalCNN,CA_2__FOODS,1568,3,94507.7265625,0.029387978365465067,mean_spl,0.4966805106414874
store_cat,4,M3_FullSkuTemporalCNN,M3_FullSkuTemporalCNN,CA_2__HOBBIES,1568,4,32681.55078125,0.010162605135507732,mean_spl,0.1374386042349403
store_cat,4,M3_FullSkuTemporalCNN,M3_FullSkuTemporalCNN,CA_2__HOUSEHOLD,1568,5,97190.0234375,0.03022206130661088,mean_spl,0.16280763844212898
store_cat,4,M3_FullSkuTemporalCNN,M3_FullSkuTemporalCNN,CA_3__FOODS,1568,6,286386.625,0.08905434767910389,mean_spl,0.17994715610248635
store_cat,4,M3_FullSkuTemporalCNN,M3_FullSkuTemporalCNN,CA_3__HOBBIES,1568,7,66306.0390625,0.020618424676418178,mean_spl,0.20872779552925086
store_cat,4,M3_FullSkuTemporalCNN,M3_FullSkuTemporalCNN,CA_3__HOUSEHOLD,1568,8,190131.015625,0.059122850342783584,mean_spl,0.22981244051040722
store_cat,4,M3_FullSkuTemporalCNN,M3_FullSkuTemporalCNN,CA_4__FOODS,1568,9,122596.9609375,0.038122563802445886,mean_spl,0.17681627908172315
store_cat,4,M3_FullSkuTemporalCNN,M3_FullSkuTemporalCNN,CA_4__HOBBIES,1568,10,38498.52734375,0.011971443286514517,mean_spl,0.230078727543903
store_cat,4,M3_FullSkuTemporalCNN,M3_FullSkuTemporalCNN,CA_4__HOUSEHOLD,1568,11,57504.91796875,0.017881641497913568,mean_spl,0.21597276794370662
store_cat,4,M3_FullSkuTemporalCNN,M3_FullSkuTemporalCNN,TX_1__FOODS,1568,12,143759.71875,0.04470330266231075,mean_spl,0.11709419609964573
store_cat,4,M3_FullSkuTemporalCNN,M3_FullSkuTemporalCNN,TX_1__HOBBIES,1568,13,36857.09765625,0.011461026816885643,mean_spl,0.20941079175706614
store_cat,4,M3_FullSkuTemporalCNN,M3_FullSkuTemporalCNN,TX_1__HOUSEHOLD,1568,14,94760.015625,0.029466429787166445,mean_spl,0.18547250837894996
store_cat,4,M3_FullSkuTemporalCNN,M3_FullSkuTemporalCNN,TX_2__FOODS,1568,15,175913.21875,0.05470170593306429,mean_spl,0.08658909392789878
store_cat,4,M3_FullSkuTemporalCNN,M3_FullSkuTemporalCNN,TX_2__HOBBIES,1568,16,55974.640625,0.01740578879139919,mean_spl,0.1405191766702423
store_cat,4,M3_FullSkuTemporalCNN,M3_FullSkuTemporalCNN,TX_2__HOUSEHOLD,1568,17,102344.765625,0.031824972067411146,mean_spl,0.10019710184536067
store_cat,4,M3_FullSkuTemporalCNN,M3_FullSkuTemporalCNN,TX_3__FOODS,1568,18,185515.796875,0.05768770896640953,mean_spl,0.12958650249134177
store_cat,4,M3_FullSkuTemporalCNN,M3_FullSkuTemporalCNN,TX_3__HOBBIES,1568,19,71178.390625,0.02213352367959858,mean_spl,0.19467896012780772
store_cat,4,M3_FullSkuTemporalCNN,M3_FullSkuTemporalCNN,TX_3__HOUSEHOLD,1568,20,104345.796875,0.03244720968990574,mean_spl,0.16513218345038955
store_cat,4,M3_FullSkuTemporalCNN,M3_FullSkuTemporalCNN,WI_1__FOODS,1568,21,171597.125,0.05335958001001147,mean_spl,0.18620091520184495
store_cat,4,M3_FullSkuTemporalCNN,M3_FullSkuTemporalCNN,WI_1__HOBBIES,1568,22,42377.875,0.013177759311041865,mean_spl,0.11433552149960262
store_cat,4,M3_FullSkuTemporalCNN,M3_FullSkuTemporalCNN,WI_1__HOUSEHOLD,1568,23,74826.484375,0.02326792934249735,mean_spl,0.1273738797713042
store_cat,4,M3_FullSkuTemporalCNN,M3_FullSkuTemporalCNN,WI_2__FOODS,1568,24,210272.09375,0.06538588924683765,mean_spl,0.19533638815302004
store_cat,4,M3_FullSkuTemporalCNN,M3_FullSkuTemporalCNN,WI_2__HOBBIES,1568,25,24916.8984375,0.007748120697110228,mean_spl,0.17712220260195594
store_cat,4,M3_FullSkuTemporalCNN,M3_FullSkuTemporalCNN,WI_2__HOUSEHOLD,1568,26,85993.5546875,0.02674042447793314,mean_spl,0.2467370280994484
store_cat,4,M3_FullSkuTemporalCNN,M3_FullSkuTemporalCNN,WI_3__FOODS,1568,27,152977.359375,0.04756960611834604,mean_spl,0.11063701503188404
store_cat,4,M3_FullSkuTemporalCNN,M3_FullSkuTemporalCNN,WI_3__HOBBIES,1568,28,25281.419921875,0.007861471741370881,mean_spl,0.1502254587172512
store_cat,4,M3_FullSkuTemporalCNN,M3_FullSkuTemporalCNN,WI_3__HOUSEHOLD,1568,29,71430.6328125,0.022211960525121525,mean_spl,0.14744281624331398
store_cat,4,M3_FullSkuTemporalCNN,M3_FullSkuTemporalCNN,CA_1__FOODS,1596,30,218156.640625,0.06756247139642138,mean_spl,0.11511705243259393
store_cat,4,M3_FullSkuTemporalCNN,M3_FullSkuTemporalCNN,CA_1__HOBBIES,1596,31,62647.34375,0.019401698513715152,mean_spl,0.19127995005723242
store_cat,4,M3_FullSkuTemporalCNN,M3_FullSkuTemporalCNN,CA_1__HOUSEHOLD,1596,32,111508.96875,0.03453400038629386,mean_spl,0.1553887048472213
store_cat,4,M3_FullSkuTemporalCNN,M3_FullSkuTemporalCNN,CA_2__FOODS,1596,33,124184.8984375,0.03845969861157458,mean_spl,0.40549306813720076
store_cat,4,M3_FullSkuTemporalCNN,M3_FullSkuTemporalCNN,CA_2__HOBBIES,1596,34,35712.88671875,0.01106017621332348,mean_spl,0.17486703955470306
store_cat,4,M3_FullSkuTemporalCNN,M3_FullSkuTemporalCNN,CA_2__HOUSEHOLD,1596,35,107060.6328125,0.03315636380059106,mean_spl,0.1418441710732215
store_cat,4,M3_FullSkuTemporalCNN,M3_FullSkuTemporalCNN,CA_3__FOODS,1596,36,285717.21875,0.08848578417763645,mean_spl,0.1761155400084119
store_cat,4,M3_FullSkuTemporalCNN,M3_FullSkuTemporalCNN,CA_3__HOBBIES,1596,37,68288.1953125,0.021148653688909533,mean_spl,0.2346901657151937
store_cat,4,M3_FullSkuTemporalCNN,M3_FullSkuTemporalCNN,CA_3__HOUSEHOLD,1596,38,198473.0625,0.06146652501477757,mean_spl,0.1790533038864451
store_cat,4,M3_FullSkuTemporalCNN,M3_FullSkuTemporalCNN,CA_4__FOODS,1596,39,116616.671875,0.036115841054978406,mean_spl,0.16088286804948757
store_cat,4,M3_FullSkuTemporalCNN,M3_FullSkuTemporalCNN,CA_4__HOBBIES,1596,40,39243.08203125,0.012153467341850466,mean_spl,0.2085702946139435
store_cat,4,M3_FullSkuTemporalCNN,M3_FullSkuTemporalCNN,CA_4__HOUSEHOLD,1596,41,58249.5703125,0.018039720985881025,mean_spl,0.2638586431746204
store_cat,4,M3_FullSkuTemporalCNN,M3_FullSkuTemporalCNN,TX_1__FOODS,1596,42,144254.125,0.04467507918258353,mean_spl,0.1914435269533318
store_cat,4,M3_FullSkuTemporalCNN,M3_FullSkuTemporalCNN,TX_1__HOBBIES,1596,43,38381.20703125,0.011886547183619364,mean_spl,0.1818528759979317
store_cat,4,M3_FullSkuTemporalCNN,M3_FullSkuTemporalCNN,TX_1__HOUSEHOLD,1596,44,100307.125,0.031064822249986294,mean_spl,0.1679282262540284
store_cat,4,M3_FullSkuTemporalCNN,M3_FullSkuTemporalCNN,TX_2__FOODS,1596,45,172290.359375,0.05335781869304533,mean_spl,0.21687870047935423
store_cat,4,M3_FullSkuTemporalCNN,M3_FullSkuTemporalCNN,TX_2__HOBBIES,1596,46,56974.41796875,0.017644810047099287,mean_spl,0.2229750686997066
store_cat,4,M3_FullSkuTemporalCNN,M3_FullSkuTemporalCNN,TX_2__HOUSEHOLD,1596,47,102815.34375,0.03184161023621193,mean_spl,0.17938563608727454
store_cat,4,M3_FullSkuTemporalCNN,M3_FullSkuTemporalCNN,TX_3__FOODS,1596,48,173334.609375,0.05368121985357653,mean_spl,0.2646692718175123
store_cat,4,M3_FullSkuTemporalCNN,M3_FullSkuTemporalCNN,TX_3__HOBBIES,1596,49,69821.453125,0.02162349913392369,mean_spl,0.24321780602472634
store_cat,4,M3_FullSkuTemporalCNN,M3_FullSkuTemporalCNN,TX_3__HOUSEHOLD,1596,50,105690.0703125,0.03273190461641051,mean_spl,0.21967072586902722
store_cat,4,M3_FullSkuTemporalCNN,M3_FullSkuTemporalCNN,WI_1__FOODS,1596,51,172074.03125,0.05329082250757199,mean_spl,0.15382995048277848
store_cat,4,M3_FullSkuTemporalCNN,M3_FullSkuTemporalCNN,WI_1__HOBBIES,1596,52,42553.390625,0.013178660198862826,mean_spl,0.1617990114139766
store_cat,4,M3_FullSkuTemporalCNN,M3_FullSkuTemporalCNN,WI_1__HOUSEHOLD,1596,53,77409.6953125,0.023973555470844267,mean_spl,0.16166486232354446
store_cat,4,M3_FullSkuTemporalCNN,M3_FullSkuTemporalCNN,WI_2__FOODS,1596,54,192405.90625,0.05958754452890338,mean_spl,0.22702747408790838
store_cat,4,M3_FullSkuTemporalCNN,M3_FullSkuTemporalCNN,WI_2__HOBBIES,1596,55,27172.5703125,0.008415265284824653,mean_spl,0.20359017611254518
store_cat,4,M3_FullSkuTemporalCNN,M3_FullSkuTemporalCNN,WI_2__HOUSEHOLD,1596,56,88800.015625,0.027501104245452462,mean_spl,0.35608344344322845
store_cat,4,M3_FullSkuTemporalCNN,M3_FullSkuTemporalCNN,WI_3__FOODS,1596,57,138527.015625,0.04290141021599113,mean_spl,0.11992747505765435
store_cat,4,M3_FullSkuTemporalCNN,M3_FullSkuTemporalCNN,WI_3__HOBBIES,1596,58,25475.140625,0.007889576291903788,mean_spl,0.19030934297170246
store_cat,4,M3_FullSkuTemporalCNN,M3_FullSkuTemporalCNN,WI_3__HOUSEHOLD,1596,59,74816.171875,0.023170348873236064,mean_spl,0.1650491147306466
store_cat,4,M3_FullSkuTemporalCNN,M3_FullSkuTemporalCNN,CA_1__FOODS,1624,60,220013.046875,0.06784256696116275,mean_spl,0.09180786367512372
store_cat,4,M3_FullSkuTemporalCNN,M3_FullSkuTemporalCNN,CA_1__HOBBIES,1624,61,62929.06640625,0.019404619235581292,mean_spl,0.1550324971904917
store_cat,4,M3_FullSkuTemporalCNN,M3_FullSkuTemporalCNN,CA_1__HOUSEHOLD,1624,62,115288.7890625,0.03555010715472609,mean_spl,0.1727142789546272
store_cat,4,M3_FullSkuTemporalCNN,M3_FullSkuTemporalCNN,CA_2__FOODS,1624,63,159095.96875,0.04905835843137624,mean_spl,0.31548279867299556
store_cat,4,M3_FullSkuTemporalCNN,M3_FullSkuTemporalCNN,CA_2__HOBBIES,1624,64,40058.953125,0.012352459312655899,mean_spl,0.14406844296799334
store_cat,4,M3_FullSkuTemporalCNN,M3_FullSkuTemporalCNN,CA_2__HOUSEHOLD,1624,65,114994.9296875,0.03545949355426571,mean_spl,0.19327689443640697
store_cat,4,M3_FullSkuTemporalCNN,M3_FullSkuTemporalCNN,CA_3__FOODS,1624,66,289613.4375,0.08930433583608938,mean_spl,0.11852659116059054
store_cat,4,M3_FullSkuTemporalCNN,M3_FullSkuTemporalCNN,CA_3__HOBBIES,1624,67,66763.3359375,0.020586943152802278,mean_spl,0.1866442121488797
store_cat,4,M3_FullSkuTemporalCNN,M3_FullSkuTemporalCNN,CA_3__HOUSEHOLD,1624,68,197297.125,0.06083795304040375,mean_spl,0.2741016106044156
store_cat,4,M3_FullSkuTemporalCNN,M3_FullSkuTemporalCNN,CA_4__FOODS,1624,69,115117.984375,0.03549743833070138,mean_spl,0.14587202233506333
store_cat,4,M3_FullSkuTemporalCNN,M3_FullSkuTemporalCNN,CA_4__HOBBIES,1624,70,38451.5390625,0.011856801906341136,mean_spl,0.23656024726736977
store_cat,4,M3_FullSkuTemporalCNN,M3_FullSkuTemporalCNN,CA_4__HOUSEHOLD,1624,71,58972.1171875,0.01818446617580622,mean_spl,0.2352056492860196
store_cat,4,M3_FullSkuTemporalCNN,M3_FullSkuTemporalCNN,TX_1__FOODS,1624,72,142577.84375,0.043964878670505324,mean_spl,0.13092705818279454
store_cat,4,M3_FullSkuTemporalCNN,M3_FullSkuTemporalCNN,TX_1__HOBBIES,1624,73,35482.73828125,0.010941351351671362,mean_spl,0.16813041126640718
store_cat,4,M3_FullSkuTemporalCNN,M3_FullSkuTemporalCNN,TX_1__HOUSEHOLD,1624,74,96711.265625,0.029821597433676558,mean_spl,0.14394951753300286
store_cat,4,M3_FullSkuTemporalCNN,M3_FullSkuTemporalCNN,TX_2__FOODS,1624,75,170484.6875,0.052570149779085265,mean_spl,0.11935452165234636
store_cat,4,M3_FullSkuTemporalCNN,M3_FullSkuTemporalCNN,TX_2__HOBBIES,1624,76,53368.81640625,0.0164566490583447,mean_spl,0.1354107315888975
store_cat,4,M3_FullSkuTemporalCNN,M3_FullSkuTemporalCNN,TX_2__HOUSEHOLD,1624,77,100137.1875,0.03087800448548404,mean_spl,0.14923081411803374
store_cat,4,M3_FullSkuTemporalCNN,M3_FullSkuTemporalCNN,TX_3__FOODS,1624,78,168899.796875,0.05208143763278345,mean_spl,0.14173639702661653
store_cat,4,M3_FullSkuTemporalCNN,M3_FullSkuTemporalCNN,TX_3__HOBBIES,1624,79,61914.1875,0.01909167420285396,mean_spl,0.1585060567259985
store_cat,4,M3_FullSkuTemporalCNN,M3_FullSkuTemporalCNN,TX_3__HOUSEHOLD,1624,80,101344.3671875,0.031250246813594264,mean_spl,0.1925132975747522
store_cat,4,M3_FullSkuTemporalCNN,M3_FullSkuTemporalCNN,WI_1__FOODS,1624,81,164837.171875,0.05082869870427261,mean_spl,0.15603499798753231
store_cat,4,M3_FullSkuTemporalCNN,M3_FullSkuTemporalCNN,WI_1__HOBBIES,1624,82,42539.6328125,0.013117394302643252,mean_spl,0.1309556843244775
store_cat,4,M3_FullSkuTemporalCNN,M3_FullSkuTemporalCNN,WI_1__HOUSEHOLD,1624,83,77645.03125,0.02394239026548502,mean_spl,0.14440413284553444
store_cat,4,M3_FullSkuTemporalCNN,M3_FullSkuTemporalCNN,WI_2__FOODS,1624,84,189465.140625,0.05842290569686326,mean_spl,0.15345066695396467
store_cat,4,M3_FullSkuTemporalCNN,M3_FullSkuTemporalCNN,WI_2__HOBBIES,1624,85,27261.52734375,0.008406283266158821,mean_spl,0.16889438719081454
store_cat,4,M3_FullSkuTemporalCNN,M3_FullSkuTemporalCNN,WI_2__HOUSEHOLD,1624,86,87001.796875,0.026827614607724242,mean_spl,0.3806566334725462
store_cat,4,M3_FullSkuTemporalCNN,M3_FullSkuTemporalCNN,WI_3__FOODS,1624,87,145719.78125,0.04493371714740094,mean_spl,0.09895973544339409
store_cat,4,M3_FullSkuTemporalCNN,M3_FullSkuTemporalCNN,WI_3__HOBBIES,1624,88,25590.76953125,0.007891093370012273,mean_spl,0.1539329118299741
store_cat,4,M3_FullSkuTemporalCNN,M3_FullSkuTemporalCNN,WI_3__HOUSEHOLD,1624,89,73416.1015625,0.022638370119528538,mean_spl,0.17061808169912343
store_cat,4,M3_FullSkuTemporalCNN,M3_FullSkuTemporalCNN,CA_1__FOODS,1652,90,216018.53125,0.06442420129688553,mean_spl,0.1124345340259571
store_cat,4,M3_FullSkuTemporalCNN,M3_FullSkuTemporalCNN,CA_1__HOBBIES,1652,91,65447.4609375,0.019518697647878544,mean_spl,0.15668478871750463
store_cat,4,M3_FullSkuTemporalCNN,M3_FullSkuTemporalCNN,CA_1__HOUSEHOLD,1652,92,119797.71875,0.035727825307384026,mean_spl,0.1620913958527498
store_cat,4,M3_FullSkuTemporalCNN,M3_FullSkuTemporalCNN,CA_2__FOODS,1652,93,174231.328125,0.05196181128719119,mean_spl,0.3291657470582596
store_cat,4,M3_FullSkuTemporalCNN,M3_FullSkuTemporalCNN,CA_2__HOBBIES,1652,94,41661.87109375,0.012425011660885674,mean_spl,0.17473848400044903
store_cat,4,M3_FullSkuTemporalCNN,M3_FullSkuTemporalCNN,CA_2__HOUSEHOLD,1652,95,125333.90625,0.0373789079985469,mean_spl,0.19688891258996005
store_cat,4,M3_FullSkuTemporalCNN,M3_FullSkuTemporalCNN,CA_3__FOODS,1652,96,290598.75,0.08666660336171188,mean_spl,0.13893428318467638
store_cat,4,M3_FullSkuTemporalCNN,M3_FullSkuTemporalCNN,CA_3__HOBBIES,1652,97,67250.15625,0.020056323771977337,mean_spl,0.18106740386123726
store_cat,4,M3_FullSkuTemporalCNN,M3_FullSkuTemporalCNN,CA_3__HOUSEHOLD,1652,98,209033.9375,0.062341153740163614,mean_spl,0.30040961503866337
store_cat,4,M3_FullSkuTemporalCNN,M3_FullSkuTemporalCNN,CA_4__FOODS,1652,99,117701.203125,0.0351025717985045,mean_spl,0.15845839259881778
store_cat,4,M3_FullSkuTemporalCNN,M3_FullSkuTemporalCNN,CA_4__HOBBIES,1652,100,38269.8515625,0.011413394056508423,mean_spl,0.1850082255394336
store_cat,4,M3_FullSkuTemporalCNN,M3_FullSkuTemporalCNN,CA_4__HOUSEHOLD,1652,101,59733.83984375,0.01781469811900534,mean_spl,0.20181711144553638
store_cat,4,M3_FullSkuTemporalCNN,M3_FullSkuTemporalCNN,TX_1__FOODS,1652,102,151482.15625,0.04517722100351641,mean_spl,0.18249109278907089
store_cat,4,M3_FullSkuTemporalCNN,M3_FullSkuTemporalCNN,TX_1__HOBBIES,1652,103,34373.328125,0.010251315929030495,mean_spl,0.1971291203797617
store_cat,4,M3_FullSkuTemporalCNN,M3_FullSkuTemporalCNN,TX_1__HOUSEHOLD,1652,104,99281.828125,0.029609276774710924,mean_spl,0.12837077478254783
store_cat,4,M3_FullSkuTemporalCNN,M3_FullSkuTemporalCNN,TX_2__FOODS,1652,105,180129.203125,0.053720761706977774,mean_spl,0.1117117399630285
store_cat,4,M3_FullSkuTemporalCNN,M3_FullSkuTemporalCNN,TX_2__HOBBIES,1652,106,53874.60546875,0.016067271670744867,mean_spl,0.13458184691195996
store_cat,4,M3_FullSkuTemporalCNN,M3_FullSkuTemporalCNN,TX_2__HOUSEHOLD,1652,107,108551.953125,0.03237394884053533,mean_spl,0.12118233353426211
store_cat,4,M3_FullSkuTemporalCNN,M3_FullSkuTemporalCNN,TX_3__FOODS,1652,108,179456.3125,0.05352008243735707,mean_spl,0.12751871216545577
store_cat,4,M3_FullSkuTemporalCNN,M3_FullSkuTemporalCNN,TX_3__HOBBIES,1652,109,59746.28125,0.017818408576881467,mean_spl,0.17091398737993804
store_cat,4,M3_FullSkuTemporalCNN,M3_FullSkuTemporalCNN,TX_3__HOUSEHOLD,1652,110,104524.96875,0.03117296274692021,mean_spl,0.1884776420091407
store_cat,4,M3_FullSkuTemporalCNN,M3_FullSkuTemporalCNN,WI_1__FOODS,1652,111,168893.375,0.05036984894651428,mean_spl,0.17690728334008746
store_cat,4,M3_FullSkuTemporalCNN,M3_FullSkuTemporalCNN,WI_1__HOBBIES,1652,112,42655.81640625,0.012721440548352225,mean_spl,0.1324772228715843
store_cat,4,M3_FullSkuTemporalCNN,M3_FullSkuTemporalCNN,WI_1__HOUSEHOLD,1652,113,79013.1484375,0.023564455098285444,mean_spl,0.1277924062465586
store_cat,4,M3_FullSkuTemporalCNN,M3_FullSkuTemporalCNN,WI_2__FOODS,1652,114,197144.109375,0.05879519554816072,mean_spl,0.14850560609696978
store_cat,4,M3_FullSkuTemporalCNN,M3_FullSkuTemporalCNN,WI_2__HOBBIES,1652,115,26210.8203125,0.007816973637390177,mean_spl,0.1581066822419603
store_cat,4,M3_FullSkuTemporalCNN,M3_FullSkuTemporalCNN,WI_2__HOUSEHOLD,1652,116,94435.328125,0.02816388276254626,mean_spl,0.38371887478276984
store_cat,4,M3_FullSkuTemporalCNN,M3_FullSkuTemporalCNN,WI_3__FOODS,1652,117,149557.390625,0.04460318928801133,mean_spl,0.08390199434501454
store_cat,4,M3_FullSkuTemporalCNN,M3_FullSkuTemporalCNN,WI_3__HOBBIES,1652,118,23851.12890625,0.007113232003396538,mean_spl,0.18086958872308967
store_cat,4,M3_FullSkuTemporalCNN,M3_FullSkuTemporalCNN,WI_3__HOUSEHOLD,1652,119,74804.640625,0.02230933243402552,mean_spl,0.1726631414196452
store_cat,5,M0_AggHistOnly,M0_AggHistOnly,CA_1__FOODS,1624,0,220013.046875,0.06784256696116275,rmsse,0.6047195870333731
store_cat,5,M0_AggHistOnly,M0_AggHistOnly,CA_1__HOBBIES,1624,1,62929.06640625,0.019404619235581292,rmsse,0.7129449767387399
store_cat,5,M0_AggHistOnly,M0_AggHistOnly,CA_1__HOUSEHOLD,1624,2,115288.7890625,0.03555010715472609,rmsse,0.8870260723873541
store_cat,5,M0_AggHistOnly,M0_AggHistOnly,CA_2__FOODS,1624,3,159095.96875,0.04905835843137624,rmsse,1.049482557657568
store_cat,5,M0_AggHistOnly,M0_AggHistOnly,CA_2__HOBBIES,1624,4,40058.953125,0.012352459312655899,rmsse,1.045381235943799
store_cat,5,M0_AggHistOnly,M0_AggHistOnly,CA_2__HOUSEHOLD,1624,5,114994.9296875,0.03545949355426571,rmsse,0.8024578885816391
store_cat,5,M0_AggHistOnly,M0_AggHistOnly,CA_3__FOODS,1624,6,289613.4375,0.08930433583608938,rmsse,0.6302684307842812
store_cat,5,M0_AggHistOnly,M0_AggHistOnly,CA_3__HOBBIES,1624,7,66763.3359375,0.020586943152802278,rmsse,0.8948569945195627
store_cat,5,M0_AggHistOnly,M0_AggHistOnly,CA_3__HOUSEHOLD,1624,8,197297.125,0.06083795304040375,rmsse,0.7394383210639143
store_cat,5,M0_AggHistOnly,M0_AggHistOnly,CA_4__FOODS,1624,9,115117.984375,0.03549743833070138,rmsse,0.4700277152636773
store_cat,5,M0_AggHistOnly,M0_AggHistOnly,CA_4__HOBBIES,1624,10,38451.5390625,0.011856801906341136,rmsse,1.2028012679109592
store_cat,5,M0_AggHistOnly,M0_AggHistOnly,CA_4__HOUSEHOLD,1624,11,58972.1171875,0.01818446617580622,rmsse,1.4260590912120412
store_cat,5,M0_AggHistOnly,M0_AggHistOnly,TX_1__FOODS,1624,12,142577.84375,0.043964878670505324,rmsse,0.5481183390166252
store_cat,5,M0_AggHistOnly,M0_AggHistOnly,TX_1__HOBBIES,1624,13,35482.73828125,0.010941351351671362,rmsse,1.1946432685858654
store_cat,5,M0_AggHistOnly,M0_AggHistOnly,TX_1__HOUSEHOLD,1624,14,96711.265625,0.029821597433676558,rmsse,0.7065123731809158
store_cat,5,M0_AggHistOnly,M0_AggHistOnly,TX_2__FOODS,1624,15,170484.6875,0.052570149779085265,rmsse,0.5857197874209256
store_cat,5,M0_AggHistOnly,M0_AggHistOnly,TX_2__HOBBIES,1624,16,53368.81640625,0.0164566490583447,rmsse,0.6612997234465536
store_cat,5,M0_AggHistOnly,M0_AggHistOnly,TX_2__HOUSEHOLD,1624,17,100137.1875,0.03087800448548404,rmsse,0.6281918968181052
store_cat,5,M0_AggHistOnly,M0_AggHistOnly,TX_3__FOODS,1624,18,168899.796875,0.05208143763278345,rmsse,0.7097117133794175
store_cat,5,M0_AggHistOnly,M0_AggHistOnly,TX_3__HOBBIES,1624,19,61914.1875,0.01909167420285396,rmsse,0.7777949572305705
store_cat,5,M0_AggHistOnly,M0_AggHistOnly,TX_3__HOUSEHOLD,1624,20,101344.3671875,0.031250246813594264,rmsse,0.7212770112932181
store_cat,5,M0_AggHistOnly,M0_AggHistOnly,WI_1__FOODS,1624,21,164837.171875,0.05082869870427261,rmsse,0.5567040983372418
store_cat,5,M0_AggHistOnly,M0_AggHistOnly,WI_1__HOBBIES,1624,22,42539.6328125,0.013117394302643252,rmsse,0.719439871802001
store_cat,5,M0_AggHistOnly,M0_AggHistOnly,WI_1__HOUSEHOLD,1624,23,77645.03125,0.02394239026548502,rmsse,0.78487236634798
store_cat,5,M0_AggHistOnly,M0_AggHistOnly,WI_2__FOODS,1624,24,189465.140625,0.05842290569686326,rmsse,1.0122909816406214
store_cat,5,M0_AggHistOnly,M0_AggHistOnly,WI_2__HOBBIES,1624,25,27261.52734375,0.008406283266158821,rmsse,1.1177499396928419
store_cat,5,M0_AggHistOnly,M0_AggHistOnly,WI_2__HOUSEHOLD,1624,26,87001.796875,0.026827614607724242,rmsse,1.2819697497923639
store_cat,5,M0_AggHistOnly,M0_AggHistOnly,WI_3__FOODS,1624,27,145719.78125,0.04493371714740094,rmsse,0.5516471586315297
store_cat,5,M0_AggHistOnly,M0_AggHistOnly,WI_3__HOBBIES,1624,28,25590.76953125,0.007891093370012273,rmsse,0.8796250394195434
store_cat,5,M0_AggHistOnly,M0_AggHistOnly,WI_3__HOUSEHOLD,1624,29,73416.1015625,0.022638370119528538,rmsse,0.8542651798553319
store_cat,5,M0_AggHistOnly,M0_AggHistOnly,CA_1__FOODS,1652,30,216018.53125,0.06442420129688553,rmsse,0.4910771660602419
store_cat,5,M0_AggHistOnly,M0_AggHistOnly,CA_1__HOBBIES,1652,31,65447.4609375,0.019518697647878544,rmsse,0.6789841195028311
store_cat,5,M0_AggHistOnly,M0_AggHistOnly,CA_1__HOUSEHOLD,1652,32,119797.71875,0.035727825307384026,rmsse,0.8929065209183105
store_cat,5,M0_AggHistOnly,M0_AggHistOnly,CA_2__FOODS,1652,33,174231.328125,0.05196181128719119,rmsse,0.9899531195524738
store_cat,5,M0_AggHistOnly,M0_AggHistOnly,CA_2__HOBBIES,1652,34,41661.87109375,0.012425011660885674,rmsse,1.0095750044585419
store_cat,5,M0_AggHistOnly,M0_AggHistOnly,CA_2__HOUSEHOLD,1652,35,125333.90625,0.0373789079985469,rmsse,0.6443401667761289
store_cat,5,M0_AggHistOnly,M0_AggHistOnly,CA_3__FOODS,1652,36,290598.75,0.08666660336171188,rmsse,0.6499163790763961
store_cat,5,M0_AggHistOnly,M0_AggHistOnly,CA_3__HOBBIES,1652,37,67250.15625,0.020056323771977337,rmsse,0.7773861071874912
store_cat,5,M0_AggHistOnly,M0_AggHistOnly,CA_3__HOUSEHOLD,1652,38,209033.9375,0.062341153740163614,rmsse,0.7653612412102588
store_cat,5,M0_AggHistOnly,M0_AggHistOnly,CA_4__FOODS,1652,39,117701.203125,0.0351025717985045,rmsse,0.5620161512382895
store_cat,5,M0_AggHistOnly,M0_AggHistOnly,CA_4__HOBBIES,1652,40,38269.8515625,0.011413394056508423,rmsse,1.046906360722996
store_cat,5,M0_AggHistOnly,M0_AggHistOnly,CA_4__HOUSEHOLD,1652,41,59733.83984375,0.01781469811900534,rmsse,1.4936262866768155
store_cat,5,M0_AggHistOnly,M0_AggHistOnly,TX_1__FOODS,1652,42,151482.15625,0.04517722100351641,rmsse,0.8951754691865625
store_cat,5,M0_AggHistOnly,M0_AggHistOnly,TX_1__HOBBIES,1652,43,34373.328125,0.010251315929030495,rmsse,1.163717982803753
store_cat,5,M0_AggHistOnly,M0_AggHistOnly,TX_1__HOUSEHOLD,1652,44,99281.828125,0.029609276774710924,rmsse,0.6290368443182974
store_cat,5,M0_AggHistOnly,M0_AggHistOnly,TX_2__FOODS,1652,45,180129.203125,0.053720761706977774,rmsse,0.5448296910202801
store_cat,5,M0_AggHistOnly,M0_AggHistOnly,TX_2__HOBBIES,1652,46,53874.60546875,0.016067271670744867,rmsse,0.6769589524544845
store_cat,5,M0_AggHistOnly,M0_AggHistOnly,TX_2__HOUSEHOLD,1652,47,108551.953125,0.03237394884053533,rmsse,0.5082298489101569
store_cat,5,M0_AggHistOnly,M0_AggHistOnly,TX_3__FOODS,1652,48,179456.3125,0.05352008243735707,rmsse,0.707952202193464
store_cat,5,M0_AggHistOnly,M0_AggHistOnly,TX_3__HOBBIES,1652,49,59746.28125,0.017818408576881467,rmsse,0.9267549459720774
store_cat,5,M0_AggHistOnly,M0_AggHistOnly,TX_3__HOUSEHOLD,1652,50,104524.96875,0.03117296274692021,rmsse,0.7927970661816683
store_cat,5,M0_AggHistOnly,M0_AggHistOnly,WI_1__FOODS,1652,51,168893.375,0.05036984894651428,rmsse,0.4387354637570003
store_cat,5,M0_AggHistOnly,M0_AggHistOnly,WI_1__HOBBIES,1652,52,42655.81640625,0.012721440548352225,rmsse,0.6378528914368315
store_cat,5,M0_AggHistOnly,M0_AggHistOnly,WI_1__HOUSEHOLD,1652,53,79013.1484375,0.023564455098285444,rmsse,0.46137995097458523
store_cat,5,M0_AggHistOnly,M0_AggHistOnly,WI_2__FOODS,1652,54,197144.109375,0.05879519554816072,rmsse,0.9507958842639443
store_cat,5,M0_AggHistOnly,M0_AggHistOnly,WI_2__HOBBIES,1652,55,26210.8203125,0.007816973637390177,rmsse,0.9711502491943292
store_cat,5,M0_AggHistOnly,M0_AggHistOnly,WI_2__HOUSEHOLD,1652,56,94435.328125,0.02816388276254626,rmsse,1.3357396119607883
store_cat,5,M0_AggHistOnly,M0_AggHistOnly,WI_3__FOODS,1652,57,149557.390625,0.04460318928801133,rmsse,0.5379842945817797
store_cat,5,M0_AggHistOnly,M0_AggHistOnly,WI_3__HOBBIES,1652,58,23851.12890625,0.007113232003396538,rmsse,1.1283719849742762
store_cat,5,M0_AggHistOnly,M0_AggHistOnly,WI_3__HOUSEHOLD,1652,59,74804.640625,0.02230933243402552,rmsse,0.6059018755697168
store_cat,5,M0_AggHistOnly,M0_AggHistOnly,CA_1__FOODS,1680,60,212665.09375,0.06378615589312105,rmsse,0.5795566378264024
store_cat,5,M0_AggHistOnly,M0_AggHistOnly,CA_1__HOBBIES,1680,61,65255.8203125,0.01957264285355537,rmsse,0.6576402561262114
store_cat,5,M0_AggHistOnly,M0_AggHistOnly,CA_1__HOUSEHOLD,1680,62,120678.7734375,0.03619604383465028,rmsse,0.7186053351958045
store_cat,5,M0_AggHistOnly,M0_AggHistOnly,CA_2__FOODS,1680,63,185085.140625,0.05551390416372213,rmsse,0.961534957678389
store_cat,5,M0_AggHistOnly,M0_AggHistOnly,CA_2__HOBBIES,1680,64,42349.64453125,0.01270223044344142,rmsse,0.8215848948519999
store_cat,5,M0_AggHistOnly,M0_AggHistOnly,CA_2__HOUSEHOLD,1680,65,131134.6875,0.0393321605928604,rmsse,0.7092813869554847
store_cat,5,M0_AggHistOnly,M0_AggHistOnly,CA_3__FOODS,1680,66,290308.75,0.08707437058949458,rmsse,0.8849658353344134
store_cat,5,M0_AggHistOnly,M0_AggHistOnly,CA_3__HOBBIES,1680,67,68627.6328125,0.020583974586351195,rmsse,0.829981034945055
store_cat,5,M0_AggHistOnly,M0_AggHistOnly,CA_3__HOUSEHOLD,1680,68,216725.078125,0.06500389591665223,rmsse,1.2761210432082948
store_cat,5,M0_AggHistOnly,M0_AggHistOnly,CA_4__FOODS,1680,69,120590.8203125,0.036169663427581066,rmsse,0.7362439369312168
store_cat,5,M0_AggHistOnly,M0_AggHistOnly,CA_4__HOBBIES,1680,70,38188.359375,0.011454106555257288,rmsse,1.1325733119778307
store_cat,5,M0_AggHistOnly,M0_AggHistOnly,CA_4__HOUSEHOLD,1680,71,60378.7109375,0.018109816710270857,rmsse,0.9870133910846711
store_cat,5,M0_AggHistOnly,M0_AggHistOnly,TX_1__FOODS,1680,72,133530.5,0.04005075369585142,rmsse,0.47116225555755875
store_cat,5,M0_AggHistOnly,M0_AggHistOnly,TX_1__HOBBIES,1680,73,34635.26171875,0.010388400674669888,rmsse,0.7870060290802801
store_cat,5,M0_AggHistOnly,M0_AggHistOnly,TX_1__HOUSEHOLD,1680,74,98933.9296875,0.02967395801016805,rmsse,0.5045185957404851
store_cat,5,M0_AggHistOnly,M0_AggHistOnly,TX_2__FOODS,1680,75,167087.09375,0.05011562180578134,rmsse,0.5868525333109891
store_cat,5,M0_AggHistOnly,M0_AggHistOnly,TX_2__HOBBIES,1680,76,52974.6171875,0.015889054149490787,rmsse,0.6882871077002158
store_cat,5,M0_AggHistOnly,M0_AggHistOnly,TX_2__HOUSEHOLD,1680,77,107912.78125,0.032367048895031794,rmsse,0.5354728912158192
store_cat,5,M0_AggHistOnly,M0_AggHistOnly,TX_3__FOODS,1680,78,166985.515625,0.05008515475544256,rmsse,0.5980482972878517
store_cat,5,M0_AggHistOnly,M0_AggHistOnly,TX_3__HOBBIES,1680,79,58107.6953125,0.017428654822639902,rmsse,1.1189589269146005
store_cat,5,M0_AggHistOnly,M0_AggHistOnly,TX_3__HOUSEHOLD,1680,80,107518.1171875,0.03224867449248113,rmsse,0.8367076207898563
store_cat,5,M0_AggHistOnly,M0_AggHistOnly,WI_1__FOODS,1680,81,161832.640625,0.04853961626460706,rmsse,0.5133898020117258
store_cat,5,M0_AggHistOnly,M0_AggHistOnly,WI_1__HOBBIES,1680,82,40999.46875,0.012297262607172198,rmsse,0.6243081749456008
store_cat,5,M0_AggHistOnly,M0_AggHistOnly,WI_1__HOUSEHOLD,1680,83,79151.3125,0.023740416771006367,rmsse,0.671008793745915
store_cat,5,M0_AggHistOnly,M0_AggHistOnly,WI_2__FOODS,1680,84,203877.3125,0.06115037408764012,rmsse,1.0779903805950117
store_cat,5,M0_AggHistOnly,M0_AggHistOnly,WI_2__HOBBIES,1680,85,27185.30078125,0.00815388084173639,rmsse,0.998516783327451
store_cat,5,M0_AggHistOnly,M0_AggHistOnly,WI_2__HOUSEHOLD,1680,86,100197.1875,0.030052855921153164,rmsse,1.577641108298469
store_cat,5,M0_AggHistOnly,M0_AggHistOnly,WI_3__FOODS,1680,87,143496.546875,0.04303994110031657,rmsse,0.657880671244633
store_cat,5,M0_AggHistOnly,M0_AggHistOnly,WI_3__HOBBIES,1680,88,26074.580078125,0.007820734472137367,rmsse,0.9125227871559652
store_cat,5,M0_AggHistOnly,M0_AggHistOnly,WI_3__HOUSEHOLD,1680,89,71543.765625,0.021458631065716046,rmsse,0.5573430505289824
store_cat,5,M0_AggHistOnly,M0_AggHistOnly,CA_1__FOODS,1708,90,217884.71875,0.06483619848731188,rmsse,0.650274250858938
store_cat,5,M0_AggHistOnly,M0_AggHistOnly,CA_1__HOBBIES,1708,91,64507.21875,0.01919548494604763,rmsse,0.5555632921983319
store_cat,5,M0_AggHistOnly,M0_AggHistOnly,CA_1__HOUSEHOLD,1708,92,115771.9140625,0.034450377440305296,rmsse,0.592137846070317
store_cat,5,M0_AggHistOnly,M0_AggHistOnly,CA_2__FOODS,1708,93,193884.84375,0.0576945289471176,rmsse,0.817899232983518
store_cat,5,M0_AggHistOnly,M0_AggHistOnly,CA_2__HOBBIES,1708,94,42587.80859375,0.012672901647096451,rmsse,1.0891954551200578
store_cat,5,M0_AggHistOnly,M0_AggHistOnly,CA_2__HOUSEHOLD,1708,95,128741.3828125,0.038309716704546325,rmsse,0.4727253550857822
store_cat,5,M0_AggHistOnly,M0_AggHistOnly,CA_3__FOODS,1708,96,291962.8125,0.08687969936929697,rmsse,0.7711367963324779
store_cat,5,M0_AggHistOnly,M0_AggHistOnly,CA_3__HOBBIES,1708,97,65857.7265625,0.019597357060311797,rmsse,0.7323160761285332
store_cat,5,M0_AggHistOnly,M0_AggHistOnly,CA_3__HOUSEHOLD,1708,98,199975.203125,0.05950684397114477,rmsse,1.3023140388059171
store_cat,5,M0_AggHistOnly,M0_AggHistOnly,CA_4__FOODS,1708,99,125175.40625,0.037248585086258605,rmsse,0.6445005896657716
store_cat,5,M0_AggHistOnly,M0_AggHistOnly,CA_4__HOBBIES,1708,100,37398.48828125,0.011128709820676824,rmsse,1.1781036353051488
store_cat,5,M0_AggHistOnly,M0_AggHistOnly,CA_4__HOUSEHOLD,1708,101,58208.20703125,0.017321081011646984,rmsse,1.3107395081407898
store_cat,5,M0_AggHistOnly,M0_AggHistOnly,TX_1__FOODS,1708,102,139721.296875,0.041577021964015685,rmsse,0.4820616077464034
store_cat,5,M0_AggHistOnly,M0_AggHistOnly,TX_1__HOBBIES,1708,103,32822.0,0.009766879104506042,rmsse,0.9914487875637251
store_cat,5,M0_AggHistOnly,M0_AggHistOnly,TX_1__HOUSEHOLD,1708,104,95720.7265625,0.02848372323841989,rmsse,0.38859235062529485
store_cat,5,M0_AggHistOnly,M0_AggHistOnly,TX_2__FOODS,1708,105,177167.65625,0.05271997683938926,rmsse,0.3945997479868917
store_cat,5,M0_AggHistOnly,M0_AggHistOnly,TX_2__HOBBIES,1708,106,51182.921875,0.015230559081363192,rmsse,1.1722388689661705
store_cat,5,M0_AggHistOnly,M0_AggHistOnly,TX_2__HOUSEHOLD,1708,107,103920.984375,0.030923883090972104,rmsse,0.3200913011334955
store_cat,5,M0_AggHistOnly,M0_AggHistOnly,TX_3__FOODS,1708,108,174264.703125,0.051856141844022645,rmsse,0.7610692934924169
store_cat,5,M0_AggHistOnly,M0_AggHistOnly,TX_3__HOBBIES,1708,109,58956.5390625,0.017543763007846123,rmsse,1.7931395033541249
store_cat,5,M0_AggHistOnly,M0_AggHistOnly,TX_3__HOUSEHOLD,1708,110,102524.9296875,0.030508457542373864,rmsse,0.7803945518548212
store_cat,5,M0_AggHistOnly,M0_AggHistOnly,WI_1__FOODS,1708,111,166160.796875,0.04944465343326154,rmsse,0.708840484572936
store_cat,5,M0_AggHistOnly,M0_AggHistOnly,WI_1__HOBBIES,1708,112,41281.1328125,0.012284072679201298,rmsse,0.8630929448051926
store_cat,5,M0_AggHistOnly,M0_AggHistOnly,WI_1__HOUSEHOLD,1708,113,75338.0390625,0.022418424212235426,rmsse,0.5738665036870627
store_cat,5,M0_AggHistOnly,M0_AggHistOnly,WI_2__FOODS,1708,114,219979.84375,0.06545964716758208,rmsse,1.1174133204487584
store_cat,5,M0_AggHistOnly,M0_AggHistOnly,WI_2__HOBBIES,1708,115,27206.900390625,0.008095987658386832,rmsse,1.4695958349473581
store_cat,5,M0_AggHistOnly,M0_AggHistOnly,WI_2__HOUSEHOLD,1708,116,99922.2578125,0.02973397757309036,rmsse,1.5202033911411514
store_cat,5,M0_AggHistOnly,M0_AggHistOnly,WI_3__FOODS,1708,117,155858.3125,0.0463789316805747,rmsse,0.7883273246684994
store_cat,5,M0_AggHistOnly,M0_AggHistOnly,WI_3__HOBBIES,1708,118,26131.451171875,0.007775965036286816,rmsse,1.149029411804924
store_cat,5,M0_AggHistOnly,M0_AggHistOnly,WI_3__HOUSEHOLD,1708,119,70425.015625,0.020956450354710988,rmsse,0.634228047200967
store_cat,5,M0_AggHistOnly,M0_AggHistOnly,CA_1__FOODS,1624,0,220013.046875,0.06784256696116275,mean_spl,0.12490131590925678
store_cat,5,M0_AggHistOnly,M0_AggHistOnly,CA_1__HOBBIES,1624,1,62929.06640625,0.019404619235581292,mean_spl,0.1408239284177792
store_cat,5,M0_AggHistOnly,M0_AggHistOnly,CA_1__HOUSEHOLD,1624,2,115288.7890625,0.03555010715472609,mean_spl,0.1851887074421072
store_cat,5,M0_AggHistOnly,M0_AggHistOnly,CA_2__FOODS,1624,3,159095.96875,0.04905835843137624,mean_spl,0.2644316987675503
store_cat,5,M0_AggHistOnly,M0_AggHistOnly,CA_2__HOBBIES,1624,4,40058.953125,0.012352459312655899,mean_spl,0.12303086875185515
store_cat,5,M0_AggHistOnly,M0_AggHistOnly,CA_2__HOUSEHOLD,1624,5,114994.9296875,0.03545949355426571,mean_spl,0.18141994077253876
store_cat,5,M0_AggHistOnly,M0_AggHistOnly,CA_3__FOODS,1624,6,289613.4375,0.08930433583608938,mean_spl,0.13983701862570003
store_cat,5,M0_AggHistOnly,M0_AggHistOnly,CA_3__HOBBIES,1624,7,66763.3359375,0.020586943152802278,mean_spl,0.19812171639174303
store_cat,5,M0_AggHistOnly,M0_AggHistOnly,CA_3__HOUSEHOLD,1624,8,197297.125,0.06083795304040375,mean_spl,0.1787738196947748
store_cat,5,M0_AggHistOnly,M0_AggHistOnly,CA_4__FOODS,1624,9,115117.984375,0.03549743833070138,mean_spl,0.13965173214216609
store_cat,5,M0_AggHistOnly,M0_AggHistOnly,CA_4__HOBBIES,1624,10,38451.5390625,0.011856801906341136,mean_spl,0.24928750289463325
store_cat,5,M0_AggHistOnly,M0_AggHistOnly,CA_4__HOUSEHOLD,1624,11,58972.1171875,0.01818446617580622,mean_spl,0.2315252307721295
store_cat,5,M0_AggHistOnly,M0_AggHistOnly,TX_1__FOODS,1624,12,142577.84375,0.043964878670505324,mean_spl,0.17114145437007428
store_cat,5,M0_AggHistOnly,M0_AggHistOnly,TX_1__HOBBIES,1624,13,35482.73828125,0.010941351351671362,mean_spl,0.16526210760303547
store_cat,5,M0_AggHistOnly,M0_AggHistOnly,TX_1__HOUSEHOLD,1624,14,96711.265625,0.029821597433676558,mean_spl,0.18206341754480115
store_cat,5,M0_AggHistOnly,M0_AggHistOnly,TX_2__FOODS,1624,15,170484.6875,0.052570149779085265,mean_spl,0.15698114975403207
store_cat,5,M0_AggHistOnly,M0_AggHistOnly,TX_2__HOBBIES,1624,16,53368.81640625,0.0164566490583447,mean_spl,0.14037095922220583
store_cat,5,M0_AggHistOnly,M0_AggHistOnly,TX_2__HOUSEHOLD,1624,17,100137.1875,0.03087800448548404,mean_spl,0.14354916072263352
store_cat,5,M0_AggHistOnly,M0_AggHistOnly,TX_3__FOODS,1624,18,168899.796875,0.05208143763278345,mean_spl,0.18690994682318018
store_cat,5,M0_AggHistOnly,M0_AggHistOnly,TX_3__HOBBIES,1624,19,61914.1875,0.01909167420285396,mean_spl,0.17280446264360488
store_cat,5,M0_AggHistOnly,M0_AggHistOnly,TX_3__HOUSEHOLD,1624,20,101344.3671875,0.031250246813594264,mean_spl,0.19369785350523186
store_cat,5,M0_AggHistOnly,M0_AggHistOnly,WI_1__FOODS,1624,21,164837.171875,0.05082869870427261,mean_spl,0.15175344006203237
store_cat,5,M0_AggHistOnly,M0_AggHistOnly,WI_1__HOBBIES,1624,22,42539.6328125,0.013117394302643252,mean_spl,0.1326795597086574
store_cat,5,M0_AggHistOnly,M0_AggHistOnly,WI_1__HOUSEHOLD,1624,23,77645.03125,0.02394239026548502,mean_spl,0.1574857606049024
store_cat,5,M0_AggHistOnly,M0_AggHistOnly,WI_2__FOODS,1624,24,189465.140625,0.05842290569686326,mean_spl,0.26673319225375863
store_cat,5,M0_AggHistOnly,M0_AggHistOnly,WI_2__HOBBIES,1624,25,27261.52734375,0.008406283266158821,mean_spl,0.1739173616304391
store_cat,5,M0_AggHistOnly,M0_AggHistOnly,WI_2__HOUSEHOLD,1624,26,87001.796875,0.026827614607724242,mean_spl,0.327381509200541
store_cat,5,M0_AggHistOnly,M0_AggHistOnly,WI_3__FOODS,1624,27,145719.78125,0.04493371714740094,mean_spl,0.14531542127821784
store_cat,5,M0_AggHistOnly,M0_AggHistOnly,WI_3__HOBBIES,1624,28,25590.76953125,0.007891093370012273,mean_spl,0.185103993204012
store_cat,5,M0_AggHistOnly,M0_AggHistOnly,WI_3__HOUSEHOLD,1624,29,73416.1015625,0.022638370119528538,mean_spl,0.15481511137435805
store_cat,5,M0_AggHistOnly,M0_AggHistOnly,CA_1__FOODS,1652,30,216018.53125,0.06442420129688553,mean_spl,0.11791238818860661
store_cat,5,M0_AggHistOnly,M0_AggHistOnly,CA_1__HOBBIES,1652,31,65447.4609375,0.019518697647878544,mean_spl,0.18575745772750143
store_cat,5,M0_AggHistOnly,M0_AggHistOnly,CA_1__HOUSEHOLD,1652,32,119797.71875,0.035727825307384026,mean_spl,0.18149222527990097
store_cat,5,M0_AggHistOnly,M0_AggHistOnly,CA_2__FOODS,1652,33,174231.328125,0.05196181128719119,mean_spl,0.24592636276545513
store_cat,5,M0_AggHistOnly,M0_AggHistOnly,CA_2__HOBBIES,1652,34,41661.87109375,0.012425011660885674,mean_spl,0.15806010349888897
store_cat,5,M0_AggHistOnly,M0_AggHistOnly,CA_2__HOUSEHOLD,1652,35,125333.90625,0.0373789079985469,mean_spl,0.16927488457547368
store_cat,5,M0_AggHistOnly,M0_AggHistOnly,CA_3__FOODS,1652,36,290598.75,0.08666660336171188,mean_spl,0.1604118396348687
store_cat,5,M0_AggHistOnly,M0_AggHistOnly,CA_3__HOBBIES,1652,37,67250.15625,0.020056323771977337,mean_spl,0.16359005168917085
store_cat,5,M0_AggHistOnly,M0_AggHistOnly,CA_3__HOUSEHOLD,1652,38,209033.9375,0.062341153740163614,mean_spl,0.22119662139389037
store_cat,5,M0_AggHistOnly,M0_AggHistOnly,CA_4__FOODS,1652,39,117701.203125,0.0351025717985045,mean_spl,0.1447757852630155
store_cat,5,M0_AggHistOnly,M0_AggHistOnly,CA_4__HOBBIES,1652,40,38269.8515625,0.011413394056508423,mean_spl,0.19031082497666835
store_cat,5,M0_AggHistOnly,M0_AggHistOnly,CA_4__HOUSEHOLD,1652,41,59733.83984375,0.01781469811900534,mean_spl,0.19365064370736754
store_cat,5,M0_AggHistOnly,M0_AggHistOnly,TX_1__FOODS,1652,42,151482.15625,0.04517722100351641,mean_spl,0.2069953426077887
store_cat,5,M0_AggHistOnly,M0_AggHistOnly,TX_1__HOBBIES,1652,43,34373.328125,0.010251315929030495,mean_spl,0.19759583716435436
store_cat,5,M0_AggHistOnly,M0_AggHistOnly,TX_1__HOUSEHOLD,1652,44,99281.828125,0.029609276774710924,mean_spl,0.14581993542127222
store_cat,5,M0_AggHistOnly,M0_AggHistOnly,TX_2__FOODS,1652,45,180129.203125,0.053720761706977774,mean_spl,0.1480496358007681
store_cat,5,M0_AggHistOnly,M0_AggHistOnly,TX_2__HOBBIES,1652,46,53874.60546875,0.016067271670744867,mean_spl,0.13746609232154824
store_cat,5,M0_AggHistOnly,M0_AggHistOnly,TX_2__HOUSEHOLD,1652,47,108551.953125,0.03237394884053533,mean_spl,0.1335128794373148
store_cat,5,M0_AggHistOnly,M0_AggHistOnly,TX_3__FOODS,1652,48,179456.3125,0.05352008243735707,mean_spl,0.1784026227434328
store_cat,5,M0_AggHistOnly,M0_AggHistOnly,TX_3__HOBBIES,1652,49,59746.28125,0.017818408576881467,mean_spl,0.19284342026923812
store_cat,5,M0_AggHistOnly,M0_AggHistOnly,TX_3__HOUSEHOLD,1652,50,104524.96875,0.03117296274692021,mean_spl,0.1997457849819727
store_cat,5,M0_AggHistOnly,M0_AggHistOnly,WI_1__FOODS,1652,51,168893.375,0.05036984894651428,mean_spl,0.11973950146579343
store_cat,5,M0_AggHistOnly,M0_AggHistOnly,WI_1__HOBBIES,1652,52,42655.81640625,0.012721440548352225,mean_spl,0.1298054268378312
store_cat,5,M0_AggHistOnly,M0_AggHistOnly,WI_1__HOUSEHOLD,1652,53,79013.1484375,0.023564455098285444,mean_spl,0.1357081241632644
store_cat,5,M0_AggHistOnly,M0_AggHistOnly,WI_2__FOODS,1652,54,197144.109375,0.05879519554816072,mean_spl,0.2581319277262395
store_cat,5,M0_AggHistOnly,M0_AggHistOnly,WI_2__HOBBIES,1652,55,26210.8203125,0.007816973637390177,mean_spl,0.21086194427514526
store_cat,5,M0_AggHistOnly,M0_AggHistOnly,WI_2__HOUSEHOLD,1652,56,94435.328125,0.02816388276254626,mean_spl,0.369550532776757
store_cat,5,M0_AggHistOnly,M0_AggHistOnly,WI_3__FOODS,1652,57,149557.390625,0.04460318928801133,mean_spl,0.13076432461404666
store_cat,5,M0_AggHistOnly,M0_AggHistOnly,WI_3__HOBBIES,1652,58,23851.12890625,0.007113232003396538,mean_spl,0.16912120931975994
store_cat,5,M0_AggHistOnly,M0_AggHistOnly,WI_3__HOUSEHOLD,1652,59,74804.640625,0.02230933243402552,mean_spl,0.17023491605709318
store_cat,5,M0_AggHistOnly,M0_AggHistOnly,CA_1__FOODS,1680,60,212665.09375,0.06378615589312105,mean_spl,0.13492735707176162
store_cat,5,M0_AggHistOnly,M0_AggHistOnly,CA_1__HOBBIES,1680,61,65255.8203125,0.01957264285355537,mean_spl,0.1614283579451755
store_cat,5,M0_AggHistOnly,M0_AggHistOnly,CA_1__HOUSEHOLD,1680,62,120678.7734375,0.03619604383465028,mean_spl,0.16668196956423617
store_cat,5,M0_AggHistOnly,M0_AggHistOnly,CA_2__FOODS,1680,63,185085.140625,0.05551390416372213,mean_spl,0.241266720471291
store_cat,5,M0_AggHistOnly,M0_AggHistOnly,CA_2__HOBBIES,1680,64,42349.64453125,0.01270223044344142,mean_spl,0.14199259223876914
store_cat,5,M0_AggHistOnly,M0_AggHistOnly,CA_2__HOUSEHOLD,1680,65,131134.6875,0.0393321605928604,mean_spl,0.15515285101337453
store_cat,5,M0_AggHistOnly,M0_AggHistOnly,CA_3__FOODS,1680,66,290308.75,0.08707437058949458,mean_spl,0.21776872451939874
store_cat,5,M0_AggHistOnly,M0_AggHistOnly,CA_3__HOBBIES,1680,67,68627.6328125,0.020583974586351195,mean_spl,0.22622687430653154
store_cat,5,M0_AggHistOnly,M0_AggHistOnly,CA_3__HOUSEHOLD,1680,68,216725.078125,0.06500389591665223,mean_spl,0.32687260268172164
store_cat,5,M0_AggHistOnly,M0_AggHistOnly,CA_4__FOODS,1680,69,120590.8203125,0.036169663427581066,mean_spl,0.18696202587638067
store_cat,5,M0_AggHistOnly,M0_AggHistOnly,CA_4__HOBBIES,1680,70,38188.359375,0.011454106555257288,mean_spl,0.23288205202005083
store_cat,5,M0_AggHistOnly,M0_AggHistOnly,CA_4__HOUSEHOLD,1680,71,60378.7109375,0.018109816710270857,mean_spl,0.18970624793619595
store_cat,5,M0_AggHistOnly,M0_AggHistOnly,TX_1__FOODS,1680,72,133530.5,0.04005075369585142,mean_spl,0.11071312170563928
store_cat,5,M0_AggHistOnly,M0_AggHistOnly,TX_1__HOBBIES,1680,73,34635.26171875,0.010388400674669888,mean_spl,0.1888369296049828
store_cat,5,M0_AggHistOnly,M0_AggHistOnly,TX_1__HOUSEHOLD,1680,74,98933.9296875,0.02967395801016805,mean_spl,0.14080728519411412
store_cat,5,M0_AggHistOnly,M0_AggHistOnly,TX_2__FOODS,1680,75,167087.09375,0.05011562180578134,mean_spl,0.1350774180983536
store_cat,5,M0_AggHistOnly,M0_AggHistOnly,TX_2__HOBBIES,1680,76,52974.6171875,0.015889054149490787,mean_spl,0.15513839206015034
store_cat,5,M0_AggHistOnly,M0_AggHistOnly,TX_2__HOUSEHOLD,1680,77,107912.78125,0.032367048895031794,mean_spl,0.1408216249021722
store_cat,5,M0_AggHistOnly,M0_AggHistOnly,TX_3__FOODS,1680,78,166985.515625,0.05008515475544256,mean_spl,0.1447155006755107
store_cat,5,M0_AggHistOnly,M0_AggHistOnly,TX_3__HOBBIES,1680,79,58107.6953125,0.017428654822639902,mean_spl,0.17645221353349716
store_cat,5,M0_AggHistOnly,M0_AggHistOnly,TX_3__HOUSEHOLD,1680,80,107518.1171875,0.03224867449248113,mean_spl,0.22419611820429322
store_cat,5,M0_AggHistOnly,M0_AggHistOnly,WI_1__FOODS,1680,81,161832.640625,0.04853961626460706,mean_spl,0.144236915097417
store_cat,5,M0_AggHistOnly,M0_AggHistOnly,WI_1__HOBBIES,1680,82,40999.46875,0.012297262607172198,mean_spl,0.15460230782935958
store_cat,5,M0_AggHistOnly,M0_AggHistOnly,WI_1__HOUSEHOLD,1680,83,79151.3125,0.023740416771006367,mean_spl,0.23278019339869443
store_cat,5,M0_AggHistOnly,M0_AggHistOnly,WI_2__FOODS,1680,84,203877.3125,0.06115037408764012,mean_spl,0.3025097565986019
store_cat,5,M0_AggHistOnly,M0_AggHistOnly,WI_2__HOBBIES,1680,85,27185.30078125,0.00815388084173639,mean_spl,0.2309725676013566
store_cat,5,M0_AggHistOnly,M0_AggHistOnly,WI_2__HOUSEHOLD,1680,86,100197.1875,0.030052855921153164,mean_spl,0.4661748046091382
store_cat,5,M0_AggHistOnly,M0_AggHistOnly,WI_3__FOODS,1680,87,143496.546875,0.04303994110031657,mean_spl,0.17171225424996603
store_cat,5,M0_AggHistOnly,M0_AggHistOnly,WI_3__HOBBIES,1680,88,26074.580078125,0.007820734472137367,mean_spl,0.191377887822225
store_cat,5,M0_AggHistOnly,M0_AggHistOnly,WI_3__HOUSEHOLD,1680,89,71543.765625,0.021458631065716046,mean_spl,0.15523643212341864
store_cat,5,M0_AggHistOnly,M0_AggHistOnly,CA_1__FOODS,1708,90,217884.71875,0.06483619848731188,mean_spl,0.14824404845064343
store_cat,5,M0_AggHistOnly,M0_AggHistOnly,CA_1__HOBBIES,1708,91,64507.21875,0.01919548494604763,mean_spl,0.12553224940486196
store_cat,5,M0_AggHistOnly,M0_AggHistOnly,CA_1__HOUSEHOLD,1708,92,115771.9140625,0.034450377440305296,mean_spl,0.15454414802266825
store_cat,5,M0_AggHistOnly,M0_AggHistOnly,CA_2__FOODS,1708,93,193884.84375,0.0576945289471176,mean_spl,0.22329419307480075
store_cat,5,M0_AggHistOnly,M0_AggHistOnly,CA_2__HOBBIES,1708,94,42587.80859375,0.012672901647096451,mean_spl,0.2035715830676619
store_cat,5,M0_AggHistOnly,M0_AggHistOnly,CA_2__HOUSEHOLD,1708,95,128741.3828125,0.038309716704546325,mean_spl,0.1189658700303948
store_cat,5,M0_AggHistOnly,M0_AggHistOnly,CA_3__FOODS,1708,96,291962.8125,0.08687969936929697,mean_spl,0.19360818398089058
store_cat,5,M0_AggHistOnly,M0_AggHistOnly,CA_3__HOBBIES,1708,97,65857.7265625,0.019597357060311797,mean_spl,0.19273582125563388
store_cat,5,M0_AggHistOnly,M0_AggHistOnly,CA_3__HOUSEHOLD,1708,98,199975.203125,0.05950684397114477,mean_spl,0.30054293927531145
store_cat,5,M0_AggHistOnly,M0_AggHistOnly,CA_4__FOODS,1708,99,125175.40625,0.037248585086258605,mean_spl,0.16918331062378422
store_cat,5,M0_AggHistOnly,M0_AggHistOnly,CA_4__HOBBIES,1708,100,37398.48828125,0.011128709820676824,mean_spl,0.2231016394115358
store_cat,5,M0_AggHistOnly,M0_AggHistOnly,CA_4__HOUSEHOLD,1708,101,58208.20703125,0.017321081011646984,mean_spl,0.20760518441869816
store_cat,5,M0_AggHistOnly,M0_AggHistOnly,TX_1__FOODS,1708,102,139721.296875,0.041577021964015685,mean_spl,0.1231794809375682
store_cat,5,M0_AggHistOnly,M0_AggHistOnly,TX_1__HOBBIES,1708,103,32822.0,0.009766879104506042,mean_spl,0.18142465409676284
store_cat,5,M0_AggHistOnly,M0_AggHistOnly,TX_1__HOUSEHOLD,1708,104,95720.7265625,0.02848372323841989,mean_spl,0.12095187402516344
store_cat,5,M0_AggHistOnly,M0_AggHistOnly,TX_2__FOODS,1708,105,177167.65625,0.05271997683938926,mean_spl,0.11948488928885552
store_cat,5,M0_AggHistOnly,M0_AggHistOnly,TX_2__HOBBIES,1708,106,51182.921875,0.015230559081363192,mean_spl,0.16253474961769687
store_cat,5,M0_AggHistOnly,M0_AggHistOnly,TX_2__HOUSEHOLD,1708,107,103920.984375,0.030923883090972104,mean_spl,0.11907569040110778
store_cat,5,M0_AggHistOnly,M0_AggHistOnly,TX_3__FOODS,1708,108,174264.703125,0.051856141844022645,mean_spl,0.19960704967641638
store_cat,5,M0_AggHistOnly,M0_AggHistOnly,TX_3__HOBBIES,1708,109,58956.5390625,0.017543763007846123,mean_spl,0.1903291907995336
store_cat,5,M0_AggHistOnly,M0_AggHistOnly,TX_3__HOUSEHOLD,1708,110,102524.9296875,0.030508457542373864,mean_spl,0.21661283934245396
store_cat,5,M0_AggHistOnly,M0_AggHistOnly,WI_1__FOODS,1708,111,166160.796875,0.04944465343326154,mean_spl,0.18771801181632386
store_cat,5,M0_AggHistOnly,M0_AggHistOnly,WI_1__HOBBIES,1708,112,41281.1328125,0.012284072679201298,mean_spl,0.14171527077145257
store_cat,5,M0_AggHistOnly,M0_AggHistOnly,WI_1__HOUSEHOLD,1708,113,75338.0390625,0.022418424212235426,mean_spl,0.173850524023508
store_cat,5,M0_AggHistOnly,M0_AggHistOnly,WI_2__FOODS,1708,114,219979.84375,0.06545964716758208,mean_spl,0.2879360856781253
store_cat,5,M0_AggHistOnly,M0_AggHistOnly,WI_2__HOBBIES,1708,115,27206.900390625,0.008095987658386832,mean_spl,0.20790364430926872
store_cat,5,M0_AggHistOnly,M0_AggHistOnly,WI_2__HOUSEHOLD,1708,116,99922.2578125,0.02973397757309036,mean_spl,0.3701740086037745
store_cat,5,M0_AggHistOnly,M0_AggHistOnly,WI_3__FOODS,1708,117,155858.3125,0.0463789316805747,mean_spl,0.1750483971536122
store_cat,5,M0_AggHistOnly,M0_AggHistOnly,WI_3__HOBBIES,1708,118,26131.451171875,0.007775965036286816,mean_spl,0.18049669484890063
store_cat,5,M0_AggHistOnly,M0_AggHistOnly,WI_3__HOUSEHOLD,1708,119,70425.015625,0.020956450354710988,mean_spl,0.16645822757835477
store_cat,5,M1_AggHistFutureSummary,M1_AggHistFutureSummary,CA_1__FOODS,1624,0,220013.046875,0.06784256696116275,rmsse,0.4862926763700354
store_cat,5,M1_AggHistFutureSummary,M1_AggHistFutureSummary,CA_1__HOBBIES,1624,1,62929.06640625,0.019404619235581292,rmsse,0.5813092579754207
store_cat,5,M1_AggHistFutureSummary,M1_AggHistFutureSummary,CA_1__HOUSEHOLD,1624,2,115288.7890625,0.03555010715472609,rmsse,0.8234087697024857
store_cat,5,M1_AggHistFutureSummary,M1_AggHistFutureSummary,CA_2__FOODS,1624,3,159095.96875,0.04905835843137624,rmsse,0.8281726224041519
store_cat,5,M1_AggHistFutureSummary,M1_AggHistFutureSummary,CA_2__HOBBIES,1624,4,40058.953125,0.012352459312655899,rmsse,0.7347543913096086
store_cat,5,M1_AggHistFutureSummary,M1_AggHistFutureSummary,CA_2__HOUSEHOLD,1624,5,114994.9296875,0.03545949355426571,rmsse,0.6053087483767585
store_cat,5,M1_AggHistFutureSummary,M1_AggHistFutureSummary,CA_3__FOODS,1624,6,289613.4375,0.08930433583608938,rmsse,0.3926214161725024
store_cat,5,M1_AggHistFutureSummary,M1_AggHistFutureSummary,CA_3__HOBBIES,1624,7,66763.3359375,0.020586943152802278,rmsse,0.7653506150425654
store_cat,5,M1_AggHistFutureSummary,M1_AggHistFutureSummary,CA_3__HOUSEHOLD,1624,8,197297.125,0.06083795304040375,rmsse,0.8657134694989467
store_cat,5,M1_AggHistFutureSummary,M1_AggHistFutureSummary,CA_4__FOODS,1624,9,115117.984375,0.03549743833070138,rmsse,0.4797194258191304
store_cat,5,M1_AggHistFutureSummary,M1_AggHistFutureSummary,CA_4__HOBBIES,1624,10,38451.5390625,0.011856801906341136,rmsse,0.9454857874892387
store_cat,5,M1_AggHistFutureSummary,M1_AggHistFutureSummary,CA_4__HOUSEHOLD,1624,11,58972.1171875,0.01818446617580622,rmsse,0.7653212577496282
store_cat,5,M1_AggHistFutureSummary,M1_AggHistFutureSummary,TX_1__FOODS,1624,12,142577.84375,0.043964878670505324,rmsse,0.4928686846347638
store_cat,5,M1_AggHistFutureSummary,M1_AggHistFutureSummary,TX_1__HOBBIES,1624,13,35482.73828125,0.010941351351671362,rmsse,0.6451808400344475
store_cat,5,M1_AggHistFutureSummary,M1_AggHistFutureSummary,TX_1__HOUSEHOLD,1624,14,96711.265625,0.029821597433676558,rmsse,0.6531813949746005
store_cat,5,M1_AggHistFutureSummary,M1_AggHistFutureSummary,TX_2__FOODS,1624,15,170484.6875,0.052570149779085265,rmsse,0.45123821753864873
store_cat,5,M1_AggHistFutureSummary,M1_AggHistFutureSummary,TX_2__HOBBIES,1624,16,53368.81640625,0.0164566490583447,rmsse,0.5128472597164556
store_cat,5,M1_AggHistFutureSummary,M1_AggHistFutureSummary,TX_2__HOUSEHOLD,1624,17,100137.1875,0.03087800448548404,rmsse,0.5270032419058469
store_cat,5,M1_AggHistFutureSummary,M1_AggHistFutureSummary,TX_3__FOODS,1624,18,168899.796875,0.05208143763278345,rmsse,0.626418998185703
store_cat,5,M1_AggHistFutureSummary,M1_AggHistFutureSummary,TX_3__HOBBIES,1624,19,61914.1875,0.01909167420285396,rmsse,0.5607906880713908
store_cat,5,M1_AggHistFutureSummary,M1_AggHistFutureSummary,TX_3__HOUSEHOLD,1624,20,101344.3671875,0.031250246813594264,rmsse,0.791964971085002
store_cat,5,M1_AggHistFutureSummary,M1_AggHistFutureSummary,WI_1__FOODS,1624,21,164837.171875,0.05082869870427261,rmsse,0.5147748045168553
store_cat,5,M1_AggHistFutureSummary,M1_AggHistFutureSummary,WI_1__HOBBIES,1624,22,42539.6328125,0.013117394302643252,rmsse,0.5448616564278496
store_cat,5,M1_AggHistFutureSummary,M1_AggHistFutureSummary,WI_1__HOUSEHOLD,1624,23,77645.03125,0.02394239026548502,rmsse,0.5829821724613996
store_cat,5,M1_AggHistFutureSummary,M1_AggHistFutureSummary,WI_2__FOODS,1624,24,189465.140625,0.05842290569686326,rmsse,1.0065333069218367
store_cat,5,M1_AggHistFutureSummary,M1_AggHistFutureSummary,WI_2__HOBBIES,1624,25,27261.52734375,0.008406283266158821,rmsse,0.6345717695761293
store_cat,5,M1_AggHistFutureSummary,M1_AggHistFutureSummary,WI_2__HOUSEHOLD,1624,26,87001.796875,0.026827614607724242,rmsse,1.319618041864163
store_cat,5,M1_AggHistFutureSummary,M1_AggHistFutureSummary,WI_3__FOODS,1624,27,145719.78125,0.04493371714740094,rmsse,0.5388944561412876
store_cat,5,M1_AggHistFutureSummary,M1_AggHistFutureSummary,WI_3__HOBBIES,1624,28,25590.76953125,0.007891093370012273,rmsse,0.5876241105369846
store_cat,5,M1_AggHistFutureSummary,M1_AggHistFutureSummary,WI_3__HOUSEHOLD,1624,29,73416.1015625,0.022638370119528538,rmsse,0.5893094637001419
store_cat,5,M1_AggHistFutureSummary,M1_AggHistFutureSummary,CA_1__FOODS,1652,30,216018.53125,0.06442420129688553,rmsse,0.541445168910351
store_cat,5,M1_AggHistFutureSummary,M1_AggHistFutureSummary,CA_1__HOBBIES,1652,31,65447.4609375,0.019518697647878544,rmsse,0.9471489231261792
store_cat,5,M1_AggHistFutureSummary,M1_AggHistFutureSummary,CA_1__HOUSEHOLD,1652,32,119797.71875,0.035727825307384026,rmsse,0.7497774134976749
store_cat,5,M1_AggHistFutureSummary,M1_AggHistFutureSummary,CA_2__FOODS,1652,33,174231.328125,0.05196181128719119,rmsse,0.8075608289014533
store_cat,5,M1_AggHistFutureSummary,M1_AggHistFutureSummary,CA_2__HOBBIES,1652,34,41661.87109375,0.012425011660885674,rmsse,0.6879740737653403
store_cat,5,M1_AggHistFutureSummary,M1_AggHistFutureSummary,CA_2__HOUSEHOLD,1652,35,125333.90625,0.0373789079985469,rmsse,0.4939356197073231
store_cat,5,M1_AggHistFutureSummary,M1_AggHistFutureSummary,CA_3__FOODS,1652,36,290598.75,0.08666660336171188,rmsse,0.6064111083299482
store_cat,5,M1_AggHistFutureSummary,M1_AggHistFutureSummary,CA_3__HOBBIES,1652,37,67250.15625,0.020056323771977337,rmsse,0.9391819326418079
store_cat,5,M1_AggHistFutureSummary,M1_AggHistFutureSummary,CA_3__HOUSEHOLD,1652,38,209033.9375,0.062341153740163614,rmsse,0.9978429752821557
store_cat,5,M1_AggHistFutureSummary,M1_AggHistFutureSummary,CA_4__FOODS,1652,39,117701.203125,0.0351025717985045,rmsse,0.5036712073206555
store_cat,5,M1_AggHistFutureSummary,M1_AggHistFutureSummary,CA_4__HOBBIES,1652,40,38269.8515625,0.011413394056508423,rmsse,0.7441474601663852
store_cat,5,M1_AggHistFutureSummary,M1_AggHistFutureSummary,CA_4__HOUSEHOLD,1652,41,59733.83984375,0.01781469811900534,rmsse,0.6920387693614478
store_cat,5,M1_AggHistFutureSummary,M1_AggHistFutureSummary,TX_1__FOODS,1652,42,151482.15625,0.04517722100351641,rmsse,0.926177472666804
store_cat,5,M1_AggHistFutureSummary,M1_AggHistFutureSummary,TX_1__HOBBIES,1652,43,34373.328125,0.010251315929030495,rmsse,0.7663051768547072
store_cat,5,M1_AggHistFutureSummary,M1_AggHistFutureSummary,TX_1__HOUSEHOLD,1652,44,99281.828125,0.029609276774710924,rmsse,0.5174592497480436
store_cat,5,M1_AggHistFutureSummary,M1_AggHistFutureSummary,TX_2__FOODS,1652,45,180129.203125,0.053720761706977774,rmsse,0.6227246725491756
store_cat,5,M1_AggHistFutureSummary,M1_AggHistFutureSummary,TX_2__HOBBIES,1652,46,53874.60546875,0.016067271670744867,rmsse,0.46731523944585657
store_cat,5,M1_AggHistFutureSummary,M1_AggHistFutureSummary,TX_2__HOUSEHOLD,1652,47,108551.953125,0.03237394884053533,rmsse,0.4279189774646423
store_cat,5,M1_AggHistFutureSummary,M1_AggHistFutureSummary,TX_3__FOODS,1652,48,179456.3125,0.05352008243735707,rmsse,0.7836868668357945
store_cat,5,M1_AggHistFutureSummary,M1_AggHistFutureSummary,TX_3__HOBBIES,1652,49,59746.28125,0.017818408576881467,rmsse,0.6082425947036586
store_cat,5,M1_AggHistFutureSummary,M1_AggHistFutureSummary,TX_3__HOUSEHOLD,1652,50,104524.96875,0.03117296274692021,rmsse,0.8074673149264688
store_cat,5,M1_AggHistFutureSummary,M1_AggHistFutureSummary,WI_1__FOODS,1652,51,168893.375,0.05036984894651428,rmsse,0.5369628728799397
store_cat,5,M1_AggHistFutureSummary,M1_AggHistFutureSummary,WI_1__HOBBIES,1652,52,42655.81640625,0.012721440548352225,rmsse,0.5236521176335935
store_cat,5,M1_AggHistFutureSummary,M1_AggHistFutureSummary,WI_1__HOUSEHOLD,1652,53,79013.1484375,0.023564455098285444,rmsse,0.5401342656720941
store_cat,5,M1_AggHistFutureSummary,M1_AggHistFutureSummary,WI_2__FOODS,1652,54,197144.109375,0.05879519554816072,rmsse,0.96189439524031
store_cat,5,M1_AggHistFutureSummary,M1_AggHistFutureSummary,WI_2__HOBBIES,1652,55,26210.8203125,0.007816973637390177,rmsse,0.6742117804611913
store_cat,5,M1_AggHistFutureSummary,M1_AggHistFutureSummary,WI_2__HOUSEHOLD,1652,56,94435.328125,0.02816388276254626,rmsse,1.3741664759223249
store_cat,5,M1_AggHistFutureSummary,M1_AggHistFutureSummary,WI_3__FOODS,1652,57,149557.390625,0.04460318928801133,rmsse,0.5340147405740031
store_cat,5,M1_AggHistFutureSummary,M1_AggHistFutureSummary,WI_3__HOBBIES,1652,58,23851.12890625,0.007113232003396538,rmsse,0.6214027021343067
store_cat,5,M1_AggHistFutureSummary,M1_AggHistFutureSummary,WI_3__HOUSEHOLD,1652,59,74804.640625,0.02230933243402552,rmsse,0.7276986410012423
store_cat,5,M1_AggHistFutureSummary,M1_AggHistFutureSummary,CA_1__FOODS,1680,60,212665.09375,0.06378615589312105,rmsse,0.47580839868738584
store_cat,5,M1_AggHistFutureSummary,M1_AggHistFutureSummary,CA_1__HOBBIES,1680,61,65255.8203125,0.01957264285355537,rmsse,0.6250979717272108
store_cat,5,M1_AggHistFutureSummary,M1_AggHistFutureSummary,CA_1__HOUSEHOLD,1680,62,120678.7734375,0.03619604383465028,rmsse,0.6171203230259574
store_cat,5,M1_AggHistFutureSummary,M1_AggHistFutureSummary,CA_2__FOODS,1680,63,185085.140625,0.05551390416372213,rmsse,0.7542907311556849
store_cat,5,M1_AggHistFutureSummary,M1_AggHistFutureSummary,CA_2__HOBBIES,1680,64,42349.64453125,0.01270223044344142,rmsse,0.5585762452749231
store_cat,5,M1_AggHistFutureSummary,M1_AggHistFutureSummary,CA_2__HOUSEHOLD,1680,65,131134.6875,0.0393321605928604,rmsse,0.6467078991771391
store_cat,5,M1_AggHistFutureSummary,M1_AggHistFutureSummary,CA_3__FOODS,1680,66,290308.75,0.08707437058949458,rmsse,0.621084423545724
store_cat,5,M1_AggHistFutureSummary,M1_AggHistFutureSummary,CA_3__HOBBIES,1680,67,68627.6328125,0.020583974586351195,rmsse,1.0042390780556254
store_cat,5,M1_AggHistFutureSummary,M1_AggHistFutureSummary,CA_3__HOUSEHOLD,1680,68,216725.078125,0.06500389591665223,rmsse,1.7960603733327212
store_cat,5,M1_AggHistFutureSummary,M1_AggHistFutureSummary,CA_4__FOODS,1680,69,120590.8203125,0.036169663427581066,rmsse,0.8206997520506827
store_cat,5,M1_AggHistFutureSummary,M1_AggHistFutureSummary,CA_4__HOBBIES,1680,70,38188.359375,0.011454106555257288,rmsse,0.8919701460896775
store_cat,5,M1_AggHistFutureSummary,M1_AggHistFutureSummary,CA_4__HOUSEHOLD,1680,71,60378.7109375,0.018109816710270857,rmsse,0.741452552555467
store_cat,5,M1_AggHistFutureSummary,M1_AggHistFutureSummary,TX_1__FOODS,1680,72,133530.5,0.04005075369585142,rmsse,0.4304142163795716
store_cat,5,M1_AggHistFutureSummary,M1_AggHistFutureSummary,TX_1__HOBBIES,1680,73,34635.26171875,0.010388400674669888,rmsse,0.5612274053590908
store_cat,5,M1_AggHistFutureSummary,M1_AggHistFutureSummary,TX_1__HOUSEHOLD,1680,74,98933.9296875,0.02967395801016805,rmsse,0.4970634207874064
store_cat,5,M1_AggHistFutureSummary,M1_AggHistFutureSummary,TX_2__FOODS,1680,75,167087.09375,0.05011562180578134,rmsse,0.491045475529981
store_cat,5,M1_AggHistFutureSummary,M1_AggHistFutureSummary,TX_2__HOBBIES,1680,76,52974.6171875,0.015889054149490787,rmsse,0.47909757987224827
store_cat,5,M1_AggHistFutureSummary,M1_AggHistFutureSummary,TX_2__HOUSEHOLD,1680,77,107912.78125,0.032367048895031794,rmsse,0.526415070970348
store_cat,5,M1_AggHistFutureSummary,M1_AggHistFutureSummary,TX_3__FOODS,1680,78,166985.515625,0.05008515475544256,rmsse,0.5901996198999817
store_cat,5,M1_AggHistFutureSummary,M1_AggHistFutureSummary,TX_3__HOBBIES,1680,79,58107.6953125,0.017428654822639902,rmsse,0.6302407433551138
store_cat,5,M1_AggHistFutureSummary,M1_AggHistFutureSummary,TX_3__HOUSEHOLD,1680,80,107518.1171875,0.03224867449248113,rmsse,0.8738600339207586
store_cat,5,M1_AggHistFutureSummary,M1_AggHistFutureSummary,WI_1__FOODS,1680,81,161832.640625,0.04853961626460706,rmsse,0.4491855137246448
store_cat,5,M1_AggHistFutureSummary,M1_AggHistFutureSummary,WI_1__HOBBIES,1680,82,40999.46875,0.012297262607172198,rmsse,0.6015018711616144
store_cat,5,M1_AggHistFutureSummary,M1_AggHistFutureSummary,WI_1__HOUSEHOLD,1680,83,79151.3125,0.023740416771006367,rmsse,0.9733625367404349
store_cat,5,M1_AggHistFutureSummary,M1_AggHistFutureSummary,WI_2__FOODS,1680,84,203877.3125,0.06115037408764012,rmsse,1.0840272948780292
store_cat,5,M1_AggHistFutureSummary,M1_AggHistFutureSummary,WI_2__HOBBIES,1680,85,27185.30078125,0.00815388084173639,rmsse,0.7894032847375945
store_cat,5,M1_AggHistFutureSummary,M1_AggHistFutureSummary,WI_2__HOUSEHOLD,1680,86,100197.1875,0.030052855921153164,rmsse,1.6352664483378965
store_cat,5,M1_AggHistFutureSummary,M1_AggHistFutureSummary,WI_3__FOODS,1680,87,143496.546875,0.04303994110031657,rmsse,0.5902196790458389
store_cat,5,M1_AggHistFutureSummary,M1_AggHistFutureSummary,WI_3__HOBBIES,1680,88,26074.580078125,0.007820734472137367,rmsse,0.6143402369080679
store_cat,5,M1_AggHistFutureSummary,M1_AggHistFutureSummary,WI_3__HOUSEHOLD,1680,89,71543.765625,0.021458631065716046,rmsse,0.653221739437812
store_cat,5,M1_AggHistFutureSummary,M1_AggHistFutureSummary,CA_1__FOODS,1708,90,217884.71875,0.06483619848731188,rmsse,0.5487999365820778
store_cat,5,M1_AggHistFutureSummary,M1_AggHistFutureSummary,CA_1__HOBBIES,1708,91,64507.21875,0.01919548494604763,rmsse,0.49338760621550715
store_cat,5,M1_AggHistFutureSummary,M1_AggHistFutureSummary,CA_1__HOUSEHOLD,1708,92,115771.9140625,0.034450377440305296,rmsse,0.5055616968336345
store_cat,5,M1_AggHistFutureSummary,M1_AggHistFutureSummary,CA_2__FOODS,1708,93,193884.84375,0.0576945289471176,rmsse,0.7824084012400029
store_cat,5,M1_AggHistFutureSummary,M1_AggHistFutureSummary,CA_2__HOBBIES,1708,94,42587.80859375,0.012672901647096451,rmsse,0.9389504721958926
store_cat,5,M1_AggHistFutureSummary,M1_AggHistFutureSummary,CA_2__HOUSEHOLD,1708,95,128741.3828125,0.038309716704546325,rmsse,0.26744513142850457
store_cat,5,M1_AggHistFutureSummary,M1_AggHistFutureSummary,CA_3__FOODS,1708,96,291962.8125,0.08687969936929697,rmsse,0.7851990225899504
store_cat,5,M1_AggHistFutureSummary,M1_AggHistFutureSummary,CA_3__HOBBIES,1708,97,65857.7265625,0.019597357060311797,rmsse,0.6895178719031936
store_cat,5,M1_AggHistFutureSummary,M1_AggHistFutureSummary,CA_3__HOUSEHOLD,1708,98,199975.203125,0.05950684397114477,rmsse,1.708002108392625
store_cat,5,M1_AggHistFutureSummary,M1_AggHistFutureSummary,CA_4__FOODS,1708,99,125175.40625,0.037248585086258605,rmsse,0.5693807022758143
store_cat,5,M1_AggHistFutureSummary,M1_AggHistFutureSummary,CA_4__HOBBIES,1708,100,37398.48828125,0.011128709820676824,rmsse,0.9198638073414683
store_cat,5,M1_AggHistFutureSummary,M1_AggHistFutureSummary,CA_4__HOUSEHOLD,1708,101,58208.20703125,0.017321081011646984,rmsse,0.7693320176176274
store_cat,5,M1_AggHistFutureSummary,M1_AggHistFutureSummary,TX_1__FOODS,1708,102,139721.296875,0.041577021964015685,rmsse,0.4857761294061835
store_cat,5,M1_AggHistFutureSummary,M1_AggHistFutureSummary,TX_1__HOBBIES,1708,103,32822.0,0.009766879104506042,rmsse,0.6304485605659554
store_cat,5,M1_AggHistFutureSummary,M1_AggHistFutureSummary,TX_1__HOUSEHOLD,1708,104,95720.7265625,0.02848372323841989,rmsse,0.37874610092617916
store_cat,5,M1_AggHistFutureSummary,M1_AggHistFutureSummary,TX_2__FOODS,1708,105,177167.65625,0.05271997683938926,rmsse,0.3569431889300371
store_cat,5,M1_AggHistFutureSummary,M1_AggHistFutureSummary,TX_2__HOBBIES,1708,106,51182.921875,0.015230559081363192,rmsse,0.7988493904549132
store_cat,5,M1_AggHistFutureSummary,M1_AggHistFutureSummary,TX_2__HOUSEHOLD,1708,107,103920.984375,0.030923883090972104,rmsse,0.4099754619661125
store_cat,5,M1_AggHistFutureSummary,M1_AggHistFutureSummary,TX_3__FOODS,1708,108,174264.703125,0.051856141844022645,rmsse,0.7209356276168587
store_cat,5,M1_AggHistFutureSummary,M1_AggHistFutureSummary,TX_3__HOBBIES,1708,109,58956.5390625,0.017543763007846123,rmsse,1.0173789724265279
store_cat,5,M1_AggHistFutureSummary,M1_AggHistFutureSummary,TX_3__HOUSEHOLD,1708,110,102524.9296875,0.030508457542373864,rmsse,0.820725509832812
store_cat,5,M1_AggHistFutureSummary,M1_AggHistFutureSummary,WI_1__FOODS,1708,111,166160.796875,0.04944465343326154,rmsse,0.5554762851140858
store_cat,5,M1_AggHistFutureSummary,M1_AggHistFutureSummary,WI_1__HOBBIES,1708,112,41281.1328125,0.012284072679201298,rmsse,0.6630613078919734
store_cat,5,M1_AggHistFutureSummary,M1_AggHistFutureSummary,WI_1__HOUSEHOLD,1708,113,75338.0390625,0.022418424212235426,rmsse,0.7299178270133104
store_cat,5,M1_AggHistFutureSummary,M1_AggHistFutureSummary,WI_2__FOODS,1708,114,219979.84375,0.06545964716758208,rmsse,1.0699798670418654
store_cat,5,M1_AggHistFutureSummary,M1_AggHistFutureSummary,WI_2__HOBBIES,1708,115,27206.900390625,0.008095987658386832,rmsse,0.9455967590849427
store_cat,5,M1_AggHistFutureSummary,M1_AggHistFutureSummary,WI_2__HOUSEHOLD,1708,116,99922.2578125,0.02973397757309036,rmsse,1.6151499681805417
store_cat,5,M1_AggHistFutureSummary,M1_AggHistFutureSummary,WI_3__FOODS,1708,117,155858.3125,0.0463789316805747,rmsse,0.6744081289557438
store_cat,5,M1_AggHistFutureSummary,M1_AggHistFutureSummary,WI_3__HOBBIES,1708,118,26131.451171875,0.007775965036286816,rmsse,0.7286374223963068
store_cat,5,M1_AggHistFutureSummary,M1_AggHistFutureSummary,WI_3__HOUSEHOLD,1708,119,70425.015625,0.020956450354710988,rmsse,0.6345622571217583
store_cat,5,M1_AggHistFutureSummary,M1_AggHistFutureSummary,CA_1__FOODS,1624,0,220013.046875,0.06784256696116275,mean_spl,0.11889847856849538
store_cat,5,M1_AggHistFutureSummary,M1_AggHistFutureSummary,CA_1__HOBBIES,1624,1,62929.06640625,0.019404619235581292,mean_spl,0.14274960767928704
store_cat,5,M1_AggHistFutureSummary,M1_AggHistFutureSummary,CA_1__HOUSEHOLD,1624,2,115288.7890625,0.03555010715472609,mean_spl,0.17447899199847844
store_cat,5,M1_AggHistFutureSummary,M1_AggHistFutureSummary,CA_2__FOODS,1624,3,159095.96875,0.04905835843137624,mean_spl,0.22465850444257962
store_cat,5,M1_AggHistFutureSummary,M1_AggHistFutureSummary,CA_2__HOBBIES,1624,4,40058.953125,0.012352459312655899,mean_spl,0.15002702118982444
store_cat,5,M1_AggHistFutureSummary,M1_AggHistFutureSummary,CA_2__HOUSEHOLD,1624,5,114994.9296875,0.03545949355426571,mean_spl,0.1696276291009874
store_cat,5,M1_AggHistFutureSummary,M1_AggHistFutureSummary,CA_3__FOODS,1624,6,289613.4375,0.08930433583608938,mean_spl,0.12677306468596672
store_cat,5,M1_AggHistFutureSummary,M1_AggHistFutureSummary,CA_3__HOBBIES,1624,7,66763.3359375,0.020586943152802278,mean_spl,0.17440188584668392
store_cat,5,M1_AggHistFutureSummary,M1_AggHistFutureSummary,CA_3__HOUSEHOLD,1624,8,197297.125,0.06083795304040375,mean_spl,0.17315084876703404
store_cat,5,M1_AggHistFutureSummary,M1_AggHistFutureSummary,CA_4__FOODS,1624,9,115117.984375,0.03549743833070138,mean_spl,0.12851074315107416
store_cat,5,M1_AggHistFutureSummary,M1_AggHistFutureSummary,CA_4__HOBBIES,1624,10,38451.5390625,0.011856801906341136,mean_spl,0.2275527449755686
store_cat,5,M1_AggHistFutureSummary,M1_AggHistFutureSummary,CA_4__HOUSEHOLD,1624,11,58972.1171875,0.01818446617580622,mean_spl,0.20603670852396566
store_cat,5,M1_AggHistFutureSummary,M1_AggHistFutureSummary,TX_1__FOODS,1624,12,142577.84375,0.043964878670505324,mean_spl,0.16696637095191744
store_cat,5,M1_AggHistFutureSummary,M1_AggHistFutureSummary,TX_1__HOBBIES,1624,13,35482.73828125,0.010941351351671362,mean_spl,0.17115339617175576
store_cat,5,M1_AggHistFutureSummary,M1_AggHistFutureSummary,TX_1__HOUSEHOLD,1624,14,96711.265625,0.029821597433676558,mean_spl,0.19444153817604126
store_cat,5,M1_AggHistFutureSummary,M1_AggHistFutureSummary,TX_2__FOODS,1624,15,170484.6875,0.052570149779085265,mean_spl,0.14105149205943934
store_cat,5,M1_AggHistFutureSummary,M1_AggHistFutureSummary,TX_2__HOBBIES,1624,16,53368.81640625,0.0164566490583447,mean_spl,0.13653788907758935
store_cat,5,M1_AggHistFutureSummary,M1_AggHistFutureSummary,TX_2__HOUSEHOLD,1624,17,100137.1875,0.03087800448548404,mean_spl,0.18833042371200104
store_cat,5,M1_AggHistFutureSummary,M1_AggHistFutureSummary,TX_3__FOODS,1624,18,168899.796875,0.05208143763278345,mean_spl,0.1695792775028427
store_cat,5,M1_AggHistFutureSummary,M1_AggHistFutureSummary,TX_3__HOBBIES,1624,19,61914.1875,0.01909167420285396,mean_spl,0.18855980133253003
store_cat,5,M1_AggHistFutureSummary,M1_AggHistFutureSummary,TX_3__HOUSEHOLD,1624,20,101344.3671875,0.031250246813594264,mean_spl,0.21108193893916619
store_cat,5,M1_AggHistFutureSummary,M1_AggHistFutureSummary,WI_1__FOODS,1624,21,164837.171875,0.05082869870427261,mean_spl,0.14378725909831433
store_cat,5,M1_AggHistFutureSummary,M1_AggHistFutureSummary,WI_1__HOBBIES,1624,22,42539.6328125,0.013117394302643252,mean_spl,0.14219912141625166
store_cat,5,M1_AggHistFutureSummary,M1_AggHistFutureSummary,WI_1__HOUSEHOLD,1624,23,77645.03125,0.02394239026548502,mean_spl,0.15796268897180107
store_cat,5,M1_AggHistFutureSummary,M1_AggHistFutureSummary,WI_2__FOODS,1624,24,189465.140625,0.05842290569686326,mean_spl,0.2051755909816776
store_cat,5,M1_AggHistFutureSummary,M1_AggHistFutureSummary,WI_2__HOBBIES,1624,25,27261.52734375,0.008406283266158821,mean_spl,0.2011354078978493
store_cat,5,M1_AggHistFutureSummary,M1_AggHistFutureSummary,WI_2__HOUSEHOLD,1624,26,87001.796875,0.026827614607724242,mean_spl,0.30698315482861077
store_cat,5,M1_AggHistFutureSummary,M1_AggHistFutureSummary,WI_3__FOODS,1624,27,145719.78125,0.04493371714740094,mean_spl,0.12855230118185446
store_cat,5,M1_AggHistFutureSummary,M1_AggHistFutureSummary,WI_3__HOBBIES,1624,28,25590.76953125,0.007891093370012273,mean_spl,0.19709249348435823
store_cat,5,M1_AggHistFutureSummary,M1_AggHistFutureSummary,WI_3__HOUSEHOLD,1624,29,73416.1015625,0.022638370119528538,mean_spl,0.1559940962676859
store_cat,5,M1_AggHistFutureSummary,M1_AggHistFutureSummary,CA_1__FOODS,1652,30,216018.53125,0.06442420129688553,mean_spl,0.12152958681180293
store_cat,5,M1_AggHistFutureSummary,M1_AggHistFutureSummary,CA_1__HOBBIES,1652,31,65447.4609375,0.019518697647878544,mean_spl,0.1603489157354597
store_cat,5,M1_AggHistFutureSummary,M1_AggHistFutureSummary,CA_1__HOUSEHOLD,1652,32,119797.71875,0.035727825307384026,mean_spl,0.183784200999417
store_cat,5,M1_AggHistFutureSummary,M1_AggHistFutureSummary,CA_2__FOODS,1652,33,174231.328125,0.05196181128719119,mean_spl,0.22004700973134722
store_cat,5,M1_AggHistFutureSummary,M1_AggHistFutureSummary,CA_2__HOBBIES,1652,34,41661.87109375,0.012425011660885674,mean_spl,0.16650766804081454
store_cat,5,M1_AggHistFutureSummary,M1_AggHistFutureSummary,CA_2__HOUSEHOLD,1652,35,125333.90625,0.0373789079985469,mean_spl,0.14379966487564533
store_cat,5,M1_AggHistFutureSummary,M1_AggHistFutureSummary,CA_3__FOODS,1652,36,290598.75,0.08666660336171188,mean_spl,0.15830675959825002
store_cat,5,M1_AggHistFutureSummary,M1_AggHistFutureSummary,CA_3__HOBBIES,1652,37,67250.15625,0.020056323771977337,mean_spl,0.1635941187793133
store_cat,5,M1_AggHistFutureSummary,M1_AggHistFutureSummary,CA_3__HOUSEHOLD,1652,38,209033.9375,0.062341153740163614,mean_spl,0.2383909554704854
store_cat,5,M1_AggHistFutureSummary,M1_AggHistFutureSummary,CA_4__FOODS,1652,39,117701.203125,0.0351025717985045,mean_spl,0.13391252213557267
store_cat,5,M1_AggHistFutureSummary,M1_AggHistFutureSummary,CA_4__HOBBIES,1652,40,38269.8515625,0.011413394056508423,mean_spl,0.1825976909591851
store_cat,5,M1_AggHistFutureSummary,M1_AggHistFutureSummary,CA_4__HOUSEHOLD,1652,41,59733.83984375,0.01781469811900534,mean_spl,0.21363277474496026
store_cat,5,M1_AggHistFutureSummary,M1_AggHistFutureSummary,TX_1__FOODS,1652,42,151482.15625,0.04517722100351641,mean_spl,0.22709807771932658
store_cat,5,M1_AggHistFutureSummary,M1_AggHistFutureSummary,TX_1__HOBBIES,1652,43,34373.328125,0.010251315929030495,mean_spl,0.21260126689315217
store_cat,5,M1_AggHistFutureSummary,M1_AggHistFutureSummary,TX_1__HOUSEHOLD,1652,44,99281.828125,0.029609276774710924,mean_spl,0.1516395522749919
store_cat,5,M1_AggHistFutureSummary,M1_AggHistFutureSummary,TX_2__FOODS,1652,45,180129.203125,0.053720761706977774,mean_spl,0.16364270061112954
store_cat,5,M1_AggHistFutureSummary,M1_AggHistFutureSummary,TX_2__HOBBIES,1652,46,53874.60546875,0.016067271670744867,mean_spl,0.13865890561646055
store_cat,5,M1_AggHistFutureSummary,M1_AggHistFutureSummary,TX_2__HOUSEHOLD,1652,47,108551.953125,0.03237394884053533,mean_spl,0.13696648188642827
store_cat,5,M1_AggHistFutureSummary,M1_AggHistFutureSummary,TX_3__FOODS,1652,48,179456.3125,0.05352008243735707,mean_spl,0.18875483626921818
store_cat,5,M1_AggHistFutureSummary,M1_AggHistFutureSummary,TX_3__HOBBIES,1652,49,59746.28125,0.017818408576881467,mean_spl,0.19788758071031542
store_cat,5,M1_AggHistFutureSummary,M1_AggHistFutureSummary,TX_3__HOUSEHOLD,1652,50,104524.96875,0.03117296274692021,mean_spl,0.191055363425401
store_cat,5,M1_AggHistFutureSummary,M1_AggHistFutureSummary,WI_1__FOODS,1652,51,168893.375,0.05036984894651428,mean_spl,0.12426543522899013
store_cat,5,M1_AggHistFutureSummary,M1_AggHistFutureSummary,WI_1__HOBBIES,1652,52,42655.81640625,0.012721440548352225,mean_spl,0.11952025302706547
store_cat,5,M1_AggHistFutureSummary,M1_AggHistFutureSummary,WI_1__HOUSEHOLD,1652,53,79013.1484375,0.023564455098285444,mean_spl,0.13989217662025166
store_cat,5,M1_AggHistFutureSummary,M1_AggHistFutureSummary,WI_2__FOODS,1652,54,197144.109375,0.05879519554816072,mean_spl,0.22770411090113038
store_cat,5,M1_AggHistFutureSummary,M1_AggHistFutureSummary,WI_2__HOBBIES,1652,55,26210.8203125,0.007816973637390177,mean_spl,0.2057369223843818
store_cat,5,M1_AggHistFutureSummary,M1_AggHistFutureSummary,WI_2__HOUSEHOLD,1652,56,94435.328125,0.02816388276254626,mean_spl,0.352154758762911
store_cat,5,M1_AggHistFutureSummary,M1_AggHistFutureSummary,WI_3__FOODS,1652,57,149557.390625,0.04460318928801133,mean_spl,0.11771833334160586
store_cat,5,M1_AggHistFutureSummary,M1_AggHistFutureSummary,WI_3__HOBBIES,1652,58,23851.12890625,0.007113232003396538,mean_spl,0.18734132281638785
store_cat,5,M1_AggHistFutureSummary,M1_AggHistFutureSummary,WI_3__HOUSEHOLD,1652,59,74804.640625,0.02230933243402552,mean_spl,0.17631148322929047
store_cat,5,M1_AggHistFutureSummary,M1_AggHistFutureSummary,CA_1__FOODS,1680,60,212665.09375,0.06378615589312105,mean_spl,0.13107002125168887
store_cat,5,M1_AggHistFutureSummary,M1_AggHistFutureSummary,CA_1__HOBBIES,1680,61,65255.8203125,0.01957264285355537,mean_spl,0.15606460426119564
store_cat,5,M1_AggHistFutureSummary,M1_AggHistFutureSummary,CA_1__HOUSEHOLD,1680,62,120678.7734375,0.03619604383465028,mean_spl,0.1565807322127726
store_cat,5,M1_AggHistFutureSummary,M1_AggHistFutureSummary,CA_2__FOODS,1680,63,185085.140625,0.05551390416372213,mean_spl,0.20270141718066703
store_cat,5,M1_AggHistFutureSummary,M1_AggHistFutureSummary,CA_2__HOBBIES,1680,64,42349.64453125,0.01270223044344142,mean_spl,0.14942192266527707
store_cat,5,M1_AggHistFutureSummary,M1_AggHistFutureSummary,CA_2__HOUSEHOLD,1680,65,131134.6875,0.0393321605928604,mean_spl,0.15032469059401035
store_cat,5,M1_AggHistFutureSummary,M1_AggHistFutureSummary,CA_3__FOODS,1680,66,290308.75,0.08707437058949458,mean_spl,0.19784790652557727
store_cat,5,M1_AggHistFutureSummary,M1_AggHistFutureSummary,CA_3__HOBBIES,1680,67,68627.6328125,0.020583974586351195,mean_spl,0.20356079686155695
store_cat,5,M1_AggHistFutureSummary,M1_AggHistFutureSummary,CA_3__HOUSEHOLD,1680,68,216725.078125,0.06500389591665223,mean_spl,0.35787090621509016
store_cat,5,M1_AggHistFutureSummary,M1_AggHistFutureSummary,CA_4__FOODS,1680,69,120590.8203125,0.036169663427581066,mean_spl,0.19176393652812015
store_cat,5,M1_AggHistFutureSummary,M1_AggHistFutureSummary,CA_4__HOBBIES,1680,70,38188.359375,0.011454106555257288,mean_spl,0.20247765120545838
store_cat,5,M1_AggHistFutureSummary,M1_AggHistFutureSummary,CA_4__HOUSEHOLD,1680,71,60378.7109375,0.018109816710270857,mean_spl,0.22302167806082418
store_cat,5,M1_AggHistFutureSummary,M1_AggHistFutureSummary,TX_1__FOODS,1680,72,133530.5,0.04005075369585142,mean_spl,0.10992313255113378
store_cat,5,M1_AggHistFutureSummary,M1_AggHistFutureSummary,TX_1__HOBBIES,1680,73,34635.26171875,0.010388400674669888,mean_spl,0.20107484352866828
store_cat,5,M1_AggHistFutureSummary,M1_AggHistFutureSummary,TX_1__HOUSEHOLD,1680,74,98933.9296875,0.02967395801016805,mean_spl,0.13330788400443908
store_cat,5,M1_AggHistFutureSummary,M1_AggHistFutureSummary,TX_2__FOODS,1680,75,167087.09375,0.05011562180578134,mean_spl,0.15249285849655567
store_cat,5,M1_AggHistFutureSummary,M1_AggHistFutureSummary,TX_2__HOBBIES,1680,76,52974.6171875,0.015889054149490787,mean_spl,0.14792136854841761
store_cat,5,M1_AggHistFutureSummary,M1_AggHistFutureSummary,TX_2__HOUSEHOLD,1680,77,107912.78125,0.032367048895031794,mean_spl,0.14510518715309295
store_cat,5,M1_AggHistFutureSummary,M1_AggHistFutureSummary,TX_3__FOODS,1680,78,166985.515625,0.05008515475544256,mean_spl,0.15725788753871706
store_cat,5,M1_AggHistFutureSummary,M1_AggHistFutureSummary,TX_3__HOBBIES,1680,79,58107.6953125,0.017428654822639902,mean_spl,0.16485094505576145
store_cat,5,M1_AggHistFutureSummary,M1_AggHistFutureSummary,TX_3__HOUSEHOLD,1680,80,107518.1171875,0.03224867449248113,mean_spl,0.21145940568019983
store_cat,5,M1_AggHistFutureSummary,M1_AggHistFutureSummary,WI_1__FOODS,1680,81,161832.640625,0.04853961626460706,mean_spl,0.15199978686901294
store_cat,5,M1_AggHistFutureSummary,M1_AggHistFutureSummary,WI_1__HOBBIES,1680,82,40999.46875,0.012297262607172198,mean_spl,0.1461873660721889
store_cat,5,M1_AggHistFutureSummary,M1_AggHistFutureSummary,WI_1__HOUSEHOLD,1680,83,79151.3125,0.023740416771006367,mean_spl,0.24323761293371005
store_cat,5,M1_AggHistFutureSummary,M1_AggHistFutureSummary,WI_2__FOODS,1680,84,203877.3125,0.06115037408764012,mean_spl,0.28718807935255636
store_cat,5,M1_AggHistFutureSummary,M1_AggHistFutureSummary,WI_2__HOBBIES,1680,85,27185.30078125,0.00815388084173639,mean_spl,0.26768186188927123
store_cat,5,M1_AggHistFutureSummary,M1_AggHistFutureSummary,WI_2__HOUSEHOLD,1680,86,100197.1875,0.030052855921153164,mean_spl,0.4572378477410131
store_cat,5,M1_AggHistFutureSummary,M1_AggHistFutureSummary,WI_3__FOODS,1680,87,143496.546875,0.04303994110031657,mean_spl,0.16760465879296288
store_cat,5,M1_AggHistFutureSummary,M1_AggHistFutureSummary,WI_3__HOBBIES,1680,88,26074.580078125,0.007820734472137367,mean_spl,0.20786036786054096
store_cat,5,M1_AggHistFutureSummary,M1_AggHistFutureSummary,WI_3__HOUSEHOLD,1680,89,71543.765625,0.021458631065716046,mean_spl,0.16474866160603593
store_cat,5,M1_AggHistFutureSummary,M1_AggHistFutureSummary,CA_1__FOODS,1708,90,217884.71875,0.06483619848731188,mean_spl,0.13361201210060583
store_cat,5,M1_AggHistFutureSummary,M1_AggHistFutureSummary,CA_1__HOBBIES,1708,91,64507.21875,0.01919548494604763,mean_spl,0.11709082376948651
store_cat,5,M1_AggHistFutureSummary,M1_AggHistFutureSummary,CA_1__HOUSEHOLD,1708,92,115771.9140625,0.034450377440305296,mean_spl,0.15152992968516174
store_cat,5,M1_AggHistFutureSummary,M1_AggHistFutureSummary,CA_2__FOODS,1708,93,193884.84375,0.0576945289471176,mean_spl,0.214744294835297
store_cat,5,M1_AggHistFutureSummary,M1_AggHistFutureSummary,CA_2__HOBBIES,1708,94,42587.80859375,0.012672901647096451,mean_spl,0.22256319017899667
store_cat,5,M1_AggHistFutureSummary,M1_AggHistFutureSummary,CA_2__HOUSEHOLD,1708,95,128741.3828125,0.038309716704546325,mean_spl,0.098737088662647
store_cat,5,M1_AggHistFutureSummary,M1_AggHistFutureSummary,CA_3__FOODS,1708,96,291962.8125,0.08687969936929697,mean_spl,0.19070954793305028
store_cat,5,M1_AggHistFutureSummary,M1_AggHistFutureSummary,CA_3__HOBBIES,1708,97,65857.7265625,0.019597357060311797,mean_spl,0.1777024770852756
store_cat,5,M1_AggHistFutureSummary,M1_AggHistFutureSummary,CA_3__HOUSEHOLD,1708,98,199975.203125,0.05950684397114477,mean_spl,0.3287267564419383
store_cat,5,M1_AggHistFutureSummary,M1_AggHistFutureSummary,CA_4__FOODS,1708,99,125175.40625,0.037248585086258605,mean_spl,0.1737761711931877
store_cat,5,M1_AggHistFutureSummary,M1_AggHistFutureSummary,CA_4__HOBBIES,1708,100,37398.48828125,0.011128709820676824,mean_spl,0.2182055209244295
store_cat,5,M1_AggHistFutureSummary,M1_AggHistFutureSummary,CA_4__HOUSEHOLD,1708,101,58208.20703125,0.017321081011646984,mean_spl,0.2333905976486635
store_cat,5,M1_AggHistFutureSummary,M1_AggHistFutureSummary,TX_1__FOODS,1708,102,139721.296875,0.041577021964015685,mean_spl,0.13472302951019094
store_cat,5,M1_AggHistFutureSummary,M1_AggHistFutureSummary,TX_1__HOBBIES,1708,103,32822.0,0.009766879104506042,mean_spl,0.20968407755255342
store_cat,5,M1_AggHistFutureSummary,M1_AggHistFutureSummary,TX_1__HOUSEHOLD,1708,104,95720.7265625,0.02848372323841989,mean_spl,0.11824690847453484
store_cat,5,M1_AggHistFutureSummary,M1_AggHistFutureSummary,TX_2__FOODS,1708,105,177167.65625,0.05271997683938926,mean_spl,0.11908600784760488
store_cat,5,M1_AggHistFutureSummary,M1_AggHistFutureSummary,TX_2__HOBBIES,1708,106,51182.921875,0.015230559081363192,mean_spl,0.16022217546581446
store_cat,5,M1_AggHistFutureSummary,M1_AggHistFutureSummary,TX_2__HOUSEHOLD,1708,107,103920.984375,0.030923883090972104,mean_spl,0.11494576008245347
store_cat,5,M1_AggHistFutureSummary,M1_AggHistFutureSummary,TX_3__FOODS,1708,108,174264.703125,0.051856141844022645,mean_spl,0.2167940007985686
store_cat,5,M1_AggHistFutureSummary,M1_AggHistFutureSummary,TX_3__HOBBIES,1708,109,58956.5390625,0.017543763007846123,mean_spl,0.19782488335534654
store_cat,5,M1_AggHistFutureSummary,M1_AggHistFutureSummary,TX_3__HOUSEHOLD,1708,110,102524.9296875,0.030508457542373864,mean_spl,0.2070003814406256
store_cat,5,M1_AggHistFutureSummary,M1_AggHistFutureSummary,WI_1__FOODS,1708,111,166160.796875,0.04944465343326154,mean_spl,0.18375597260432863
store_cat,5,M1_AggHistFutureSummary,M1_AggHistFutureSummary,WI_1__HOBBIES,1708,112,41281.1328125,0.012284072679201298,mean_spl,0.14032433037157732
store_cat,5,M1_AggHistFutureSummary,M1_AggHistFutureSummary,WI_1__HOUSEHOLD,1708,113,75338.0390625,0.022418424212235426,mean_spl,0.18822191473036043
store_cat,5,M1_AggHistFutureSummary,M1_AggHistFutureSummary,WI_2__FOODS,1708,114,219979.84375,0.06545964716758208,mean_spl,0.2329940112072842
store_cat,5,M1_AggHistFutureSummary,M1_AggHistFutureSummary,WI_2__HOBBIES,1708,115,27206.900390625,0.008095987658386832,mean_spl,0.2109677383757582
store_cat,5,M1_AggHistFutureSummary,M1_AggHistFutureSummary,WI_2__HOUSEHOLD,1708,116,99922.2578125,0.02973397757309036,mean_spl,0.34045504248427194
store_cat,5,M1_AggHistFutureSummary,M1_AggHistFutureSummary,WI_3__FOODS,1708,117,155858.3125,0.0463789316805747,mean_spl,0.19015196095863876
store_cat,5,M1_AggHistFutureSummary,M1_AggHistFutureSummary,WI_3__HOBBIES,1708,118,26131.451171875,0.007775965036286816,mean_spl,0.18176381377167344
store_cat,5,M1_AggHistFutureSummary,M1_AggHistFutureSummary,WI_3__HOUSEHOLD,1708,119,70425.015625,0.020956450354710988,mean_spl,0.15867115950349692
store_cat,5,M3_FullSkuTemporalCNN,M3_FullSkuTemporalCNN,CA_1__FOODS,1624,0,220013.046875,0.06784256696116275,rmsse,0.3198730205509108
store_cat,5,M3_FullSkuTemporalCNN,M3_FullSkuTemporalCNN,CA_1__HOBBIES,1624,1,62929.06640625,0.019404619235581292,rmsse,0.6103786972137271
store_cat,5,M3_FullSkuTemporalCNN,M3_FullSkuTemporalCNN,CA_1__HOUSEHOLD,1624,2,115288.7890625,0.03555010715472609,rmsse,0.8068271686144416
store_cat,5,M3_FullSkuTemporalCNN,M3_FullSkuTemporalCNN,CA_2__FOODS,1624,3,159095.96875,0.04905835843137624,rmsse,1.0333820552101531
store_cat,5,M3_FullSkuTemporalCNN,M3_FullSkuTemporalCNN,CA_2__HOBBIES,1624,4,40058.953125,0.012352459312655899,rmsse,0.5898090503158872
store_cat,5,M3_FullSkuTemporalCNN,M3_FullSkuTemporalCNN,CA_2__HOUSEHOLD,1624,5,114994.9296875,0.03545949355426571,rmsse,0.7133969940238007
store_cat,5,M3_FullSkuTemporalCNN,M3_FullSkuTemporalCNN,CA_3__FOODS,1624,6,289613.4375,0.08930433583608938,rmsse,0.43518770294282283
store_cat,5,M3_FullSkuTemporalCNN,M3_FullSkuTemporalCNN,CA_3__HOBBIES,1624,7,66763.3359375,0.020586943152802278,rmsse,0.7447320035891002
store_cat,5,M3_FullSkuTemporalCNN,M3_FullSkuTemporalCNN,CA_3__HOUSEHOLD,1624,8,197297.125,0.06083795304040375,rmsse,0.6264438525950193
store_cat,5,M3_FullSkuTemporalCNN,M3_FullSkuTemporalCNN,CA_4__FOODS,1624,9,115117.984375,0.03549743833070138,rmsse,0.5405374251348173
store_cat,5,M3_FullSkuTemporalCNN,M3_FullSkuTemporalCNN,CA_4__HOBBIES,1624,10,38451.5390625,0.011856801906341136,rmsse,0.930524816080305
store_cat,5,M3_FullSkuTemporalCNN,M3_FullSkuTemporalCNN,CA_4__HOUSEHOLD,1624,11,58972.1171875,0.01818446617580622,rmsse,0.9007768296822777
store_cat,5,M3_FullSkuTemporalCNN,M3_FullSkuTemporalCNN,TX_1__FOODS,1624,12,142577.84375,0.043964878670505324,rmsse,0.5046792658596639
store_cat,5,M3_FullSkuTemporalCNN,M3_FullSkuTemporalCNN,TX_1__HOBBIES,1624,13,35482.73828125,0.010941351351671362,rmsse,0.6130196502156967
store_cat,5,M3_FullSkuTemporalCNN,M3_FullSkuTemporalCNN,TX_1__HOUSEHOLD,1624,14,96711.265625,0.029821597433676558,rmsse,0.5621456972300338
store_cat,5,M3_FullSkuTemporalCNN,M3_FullSkuTemporalCNN,TX_2__FOODS,1624,15,170484.6875,0.052570149779085265,rmsse,0.38189396842056234
store_cat,5,M3_FullSkuTemporalCNN,M3_FullSkuTemporalCNN,TX_2__HOBBIES,1624,16,53368.81640625,0.0164566490583447,rmsse,0.4948857209656682
store_cat,5,M3_FullSkuTemporalCNN,M3_FullSkuTemporalCNN,TX_2__HOUSEHOLD,1624,17,100137.1875,0.03087800448548404,rmsse,0.43819659844297115
store_cat,5,M3_FullSkuTemporalCNN,M3_FullSkuTemporalCNN,TX_3__FOODS,1624,18,168899.796875,0.05208143763278345,rmsse,0.4863733288250378
store_cat,5,M3_FullSkuTemporalCNN,M3_FullSkuTemporalCNN,TX_3__HOBBIES,1624,19,61914.1875,0.01909167420285396,rmsse,0.5778936015330586
store_cat,5,M3_FullSkuTemporalCNN,M3_FullSkuTemporalCNN,TX_3__HOUSEHOLD,1624,20,101344.3671875,0.031250246813594264,rmsse,0.6114126253147996
store_cat,5,M3_FullSkuTemporalCNN,M3_FullSkuTemporalCNN,WI_1__FOODS,1624,21,164837.171875,0.05082869870427261,rmsse,0.5759475937907859
store_cat,5,M3_FullSkuTemporalCNN,M3_FullSkuTemporalCNN,WI_1__HOBBIES,1624,22,42539.6328125,0.013117394302643252,rmsse,0.508352552986709
store_cat,5,M3_FullSkuTemporalCNN,M3_FullSkuTemporalCNN,WI_1__HOUSEHOLD,1624,23,77645.03125,0.02394239026548502,rmsse,0.5155270811267113
store_cat,5,M3_FullSkuTemporalCNN,M3_FullSkuTemporalCNN,WI_2__FOODS,1624,24,189465.140625,0.05842290569686326,rmsse,0.4448983555534606
store_cat,5,M3_FullSkuTemporalCNN,M3_FullSkuTemporalCNN,WI_2__HOBBIES,1624,25,27261.52734375,0.008406283266158821,rmsse,0.5450883292397741
store_cat,5,M3_FullSkuTemporalCNN,M3_FullSkuTemporalCNN,WI_2__HOUSEHOLD,1624,26,87001.796875,0.026827614607724242,rmsse,1.1219686532582693
store_cat,5,M3_FullSkuTemporalCNN,M3_FullSkuTemporalCNN,WI_3__FOODS,1624,27,145719.78125,0.04493371714740094,rmsse,0.3057768365630548
store_cat,5,M3_FullSkuTemporalCNN,M3_FullSkuTemporalCNN,WI_3__HOBBIES,1624,28,25590.76953125,0.007891093370012273,rmsse,0.5320138284744977
store_cat,5,M3_FullSkuTemporalCNN,M3_FullSkuTemporalCNN,WI_3__HOUSEHOLD,1624,29,73416.1015625,0.022638370119528538,rmsse,0.5738145327666663
store_cat,5,M3_FullSkuTemporalCNN,M3_FullSkuTemporalCNN,CA_1__FOODS,1652,30,216018.53125,0.06442420129688553,rmsse,0.4677986558149189
store_cat,5,M3_FullSkuTemporalCNN,M3_FullSkuTemporalCNN,CA_1__HOBBIES,1652,31,65447.4609375,0.019518697647878544,rmsse,0.599342699816764
store_cat,5,M3_FullSkuTemporalCNN,M3_FullSkuTemporalCNN,CA_1__HOUSEHOLD,1652,32,119797.71875,0.035727825307384026,rmsse,0.7191315347489543
store_cat,5,M3_FullSkuTemporalCNN,M3_FullSkuTemporalCNN,CA_2__FOODS,1652,33,174231.328125,0.05196181128719119,rmsse,0.8496616771667372
store_cat,5,M3_FullSkuTemporalCNN,M3_FullSkuTemporalCNN,CA_2__HOBBIES,1652,34,41661.87109375,0.012425011660885674,rmsse,0.7005207165730624
store_cat,5,M3_FullSkuTemporalCNN,M3_FullSkuTemporalCNN,CA_2__HOUSEHOLD,1652,35,125333.90625,0.0373789079985469,rmsse,0.589922905335947
store_cat,5,M3_FullSkuTemporalCNN,M3_FullSkuTemporalCNN,CA_3__FOODS,1652,36,290598.75,0.08666660336171188,rmsse,0.5321426124582809
store_cat,5,M3_FullSkuTemporalCNN,M3_FullSkuTemporalCNN,CA_3__HOBBIES,1652,37,67250.15625,0.020056323771977337,rmsse,0.8144416607644814
store_cat,5,M3_FullSkuTemporalCNN,M3_FullSkuTemporalCNN,CA_3__HOUSEHOLD,1652,38,209033.9375,0.062341153740163614,rmsse,0.8963689786479204
store_cat,5,M3_FullSkuTemporalCNN,M3_FullSkuTemporalCNN,CA_4__FOODS,1652,39,117701.203125,0.0351025717985045,rmsse,0.6769909492308297
store_cat,5,M3_FullSkuTemporalCNN,M3_FullSkuTemporalCNN,CA_4__HOBBIES,1652,40,38269.8515625,0.011413394056508423,rmsse,0.719187121845379
store_cat,5,M3_FullSkuTemporalCNN,M3_FullSkuTemporalCNN,CA_4__HOUSEHOLD,1652,41,59733.83984375,0.01781469811900534,rmsse,0.8209661109108133
store_cat,5,M3_FullSkuTemporalCNN,M3_FullSkuTemporalCNN,TX_1__FOODS,1652,42,151482.15625,0.04517722100351641,rmsse,0.770169941445912
store_cat,5,M3_FullSkuTemporalCNN,M3_FullSkuTemporalCNN,TX_1__HOBBIES,1652,43,34373.328125,0.010251315929030495,rmsse,0.7577328033228403
store_cat,5,M3_FullSkuTemporalCNN,M3_FullSkuTemporalCNN,TX_1__HOUSEHOLD,1652,44,99281.828125,0.029609276774710924,rmsse,0.5403082268095792
store_cat,5,M3_FullSkuTemporalCNN,M3_FullSkuTemporalCNN,TX_2__FOODS,1652,45,180129.203125,0.053720761706977774,rmsse,0.5180653629910391
store_cat,5,M3_FullSkuTemporalCNN,M3_FullSkuTemporalCNN,TX_2__HOBBIES,1652,46,53874.60546875,0.016067271670744867,rmsse,0.5048991845875369
store_cat,5,M3_FullSkuTemporalCNN,M3_FullSkuTemporalCNN,TX_2__HOUSEHOLD,1652,47,108551.953125,0.03237394884053533,rmsse,0.5045038374842398
store_cat,5,M3_FullSkuTemporalCNN,M3_FullSkuTemporalCNN,TX_3__FOODS,1652,48,179456.3125,0.05352008243735707,rmsse,0.5904071359080741
store_cat,5,M3_FullSkuTemporalCNN,M3_FullSkuTemporalCNN,TX_3__HOBBIES,1652,49,59746.28125,0.017818408576881467,rmsse,0.603464568995753
store_cat,5,M3_FullSkuTemporalCNN,M3_FullSkuTemporalCNN,TX_3__HOUSEHOLD,1652,50,104524.96875,0.03117296274692021,rmsse,0.8495986960184326
store_cat,5,M3_FullSkuTemporalCNN,M3_FullSkuTemporalCNN,WI_1__FOODS,1652,51,168893.375,0.05036984894651428,rmsse,0.8294678819696123
store_cat,5,M3_FullSkuTemporalCNN,M3_FullSkuTemporalCNN,WI_1__HOBBIES,1652,52,42655.81640625,0.012721440548352225,rmsse,0.5068851285610385
store_cat,5,M3_FullSkuTemporalCNN,M3_FullSkuTemporalCNN,WI_1__HOUSEHOLD,1652,53,79013.1484375,0.023564455098285444,rmsse,0.6303583529553908
store_cat,5,M3_FullSkuTemporalCNN,M3_FullSkuTemporalCNN,WI_2__FOODS,1652,54,197144.109375,0.05879519554816072,rmsse,0.47813885358314895
store_cat,5,M3_FullSkuTemporalCNN,M3_FullSkuTemporalCNN,WI_2__HOBBIES,1652,55,26210.8203125,0.007816973637390177,rmsse,0.6039909842386686
store_cat,5,M3_FullSkuTemporalCNN,M3_FullSkuTemporalCNN,WI_2__HOUSEHOLD,1652,56,94435.328125,0.02816388276254626,rmsse,1.125342149071719
store_cat,5,M3_FullSkuTemporalCNN,M3_FullSkuTemporalCNN,WI_3__FOODS,1652,57,149557.390625,0.04460318928801133,rmsse,0.34519437723694246
store_cat,5,M3_FullSkuTemporalCNN,M3_FullSkuTemporalCNN,WI_3__HOBBIES,1652,58,23851.12890625,0.007113232003396538,rmsse,0.664091224370653
store_cat,5,M3_FullSkuTemporalCNN,M3_FullSkuTemporalCNN,WI_3__HOUSEHOLD,1652,59,74804.640625,0.02230933243402552,rmsse,0.8330654383966224
store_cat,5,M3_FullSkuTemporalCNN,M3_FullSkuTemporalCNN,CA_1__FOODS,1680,60,212665.09375,0.06378615589312105,rmsse,0.5521849358670329
store_cat,5,M3_FullSkuTemporalCNN,M3_FullSkuTemporalCNN,CA_1__HOBBIES,1680,61,65255.8203125,0.01957264285355537,rmsse,0.6190952033775796
store_cat,5,M3_FullSkuTemporalCNN,M3_FullSkuTemporalCNN,CA_1__HOUSEHOLD,1680,62,120678.7734375,0.03619604383465028,rmsse,0.613707954794311
store_cat,5,M3_FullSkuTemporalCNN,M3_FullSkuTemporalCNN,CA_2__FOODS,1680,63,185085.140625,0.05551390416372213,rmsse,0.9246658424635424
store_cat,5,M3_FullSkuTemporalCNN,M3_FullSkuTemporalCNN,CA_2__HOBBIES,1680,64,42349.64453125,0.01270223044344142,rmsse,0.5780451755495786
store_cat,5,M3_FullSkuTemporalCNN,M3_FullSkuTemporalCNN,CA_2__HOUSEHOLD,1680,65,131134.6875,0.0393321605928604,rmsse,0.509871223290129
store_cat,5,M3_FullSkuTemporalCNN,M3_FullSkuTemporalCNN,CA_3__FOODS,1680,66,290308.75,0.08707437058949458,rmsse,0.6571715556601546
store_cat,5,M3_FullSkuTemporalCNN,M3_FullSkuTemporalCNN,CA_3__HOBBIES,1680,67,68627.6328125,0.020583974586351195,rmsse,0.8672854545772026
store_cat,5,M3_FullSkuTemporalCNN,M3_FullSkuTemporalCNN,CA_3__HOUSEHOLD,1680,68,216725.078125,0.06500389591665223,rmsse,0.8448270406139504
store_cat,5,M3_FullSkuTemporalCNN,M3_FullSkuTemporalCNN,CA_4__FOODS,1680,69,120590.8203125,0.036169663427581066,rmsse,0.8941695264224913
store_cat,5,M3_FullSkuTemporalCNN,M3_FullSkuTemporalCNN,CA_4__HOBBIES,1680,70,38188.359375,0.011454106555257288,rmsse,0.8501332482681718
store_cat,5,M3_FullSkuTemporalCNN,M3_FullSkuTemporalCNN,CA_4__HOUSEHOLD,1680,71,60378.7109375,0.018109816710270857,rmsse,0.9112293686201604
store_cat,5,M3_FullSkuTemporalCNN,M3_FullSkuTemporalCNN,TX_1__FOODS,1680,72,133530.5,0.04005075369585142,rmsse,0.4295741897814323
store_cat,5,M3_FullSkuTemporalCNN,M3_FullSkuTemporalCNN,TX_1__HOBBIES,1680,73,34635.26171875,0.010388400674669888,rmsse,0.5870576785856059
store_cat,5,M3_FullSkuTemporalCNN,M3_FullSkuTemporalCNN,TX_1__HOUSEHOLD,1680,74,98933.9296875,0.02967395801016805,rmsse,0.47788333040278413
store_cat,5,M3_FullSkuTemporalCNN,M3_FullSkuTemporalCNN,TX_2__FOODS,1680,75,167087.09375,0.05011562180578134,rmsse,0.488387041335226
store_cat,5,M3_FullSkuTemporalCNN,M3_FullSkuTemporalCNN,TX_2__HOBBIES,1680,76,52974.6171875,0.015889054149490787,rmsse,0.49702570826067416
store_cat,5,M3_FullSkuTemporalCNN,M3_FullSkuTemporalCNN,TX_2__HOUSEHOLD,1680,77,107912.78125,0.032367048895031794,rmsse,0.5880283407890023
store_cat,5,M3_FullSkuTemporalCNN,M3_FullSkuTemporalCNN,TX_3__FOODS,1680,78,166985.515625,0.05008515475544256,rmsse,0.4689029941272616
store_cat,5,M3_FullSkuTemporalCNN,M3_FullSkuTemporalCNN,TX_3__HOBBIES,1680,79,58107.6953125,0.017428654822639902,rmsse,0.6478610779091213
store_cat,5,M3_FullSkuTemporalCNN,M3_FullSkuTemporalCNN,TX_3__HOUSEHOLD,1680,80,107518.1171875,0.03224867449248113,rmsse,0.7761197078412463
store_cat,5,M3_FullSkuTemporalCNN,M3_FullSkuTemporalCNN,WI_1__FOODS,1680,81,161832.640625,0.04853961626460706,rmsse,0.5595467991468349
store_cat,5,M3_FullSkuTemporalCNN,M3_FullSkuTemporalCNN,WI_1__HOBBIES,1680,82,40999.46875,0.012297262607172198,rmsse,0.5268212035062492
store_cat,5,M3_FullSkuTemporalCNN,M3_FullSkuTemporalCNN,WI_1__HOUSEHOLD,1680,83,79151.3125,0.023740416771006367,rmsse,0.7728948473229225
store_cat,5,M3_FullSkuTemporalCNN,M3_FullSkuTemporalCNN,WI_2__FOODS,1680,84,203877.3125,0.06115037408764012,rmsse,0.47030702899925386
store_cat,5,M3_FullSkuTemporalCNN,M3_FullSkuTemporalCNN,WI_2__HOBBIES,1680,85,27185.30078125,0.00815388084173639,rmsse,0.6885295609335003
store_cat,5,M3_FullSkuTemporalCNN,M3_FullSkuTemporalCNN,WI_2__HOUSEHOLD,1680,86,100197.1875,0.030052855921153164,rmsse,1.2488082702252208
store_cat,5,M3_FullSkuTemporalCNN,M3_FullSkuTemporalCNN,WI_3__FOODS,1680,87,143496.546875,0.04303994110031657,rmsse,0.47625083734182205
store_cat,5,M3_FullSkuTemporalCNN,M3_FullSkuTemporalCNN,WI_3__HOBBIES,1680,88,26074.580078125,0.007820734472137367,rmsse,0.6293592978080286
store_cat,5,M3_FullSkuTemporalCNN,M3_FullSkuTemporalCNN,WI_3__HOUSEHOLD,1680,89,71543.765625,0.021458631065716046,rmsse,0.5441343423175717
store_cat,5,M3_FullSkuTemporalCNN,M3_FullSkuTemporalCNN,CA_1__FOODS,1708,90,217884.71875,0.06483619848731188,rmsse,0.32726074552370144
store_cat,5,M3_FullSkuTemporalCNN,M3_FullSkuTemporalCNN,CA_1__HOBBIES,1708,91,64507.21875,0.01919548494604763,rmsse,0.46980067806805287
store_cat,5,M3_FullSkuTemporalCNN,M3_FullSkuTemporalCNN,CA_1__HOUSEHOLD,1708,92,115771.9140625,0.034450377440305296,rmsse,0.7129634724508676
store_cat,5,M3_FullSkuTemporalCNN,M3_FullSkuTemporalCNN,CA_2__FOODS,1708,93,193884.84375,0.0576945289471176,rmsse,0.6885266654569892
store_cat,5,M3_FullSkuTemporalCNN,M3_FullSkuTemporalCNN,CA_2__HOBBIES,1708,94,42587.80859375,0.012672901647096451,rmsse,0.9302830697999243
store_cat,5,M3_FullSkuTemporalCNN,M3_FullSkuTemporalCNN,CA_2__HOUSEHOLD,1708,95,128741.3828125,0.038309716704546325,rmsse,0.5939564936865978
store_cat,5,M3_FullSkuTemporalCNN,M3_FullSkuTemporalCNN,CA_3__FOODS,1708,96,291962.8125,0.08687969936929697,rmsse,0.5288350851697622
store_cat,5,M3_FullSkuTemporalCNN,M3_FullSkuTemporalCNN,CA_3__HOBBIES,1708,97,65857.7265625,0.019597357060311797,rmsse,0.9768336287955686
store_cat,5,M3_FullSkuTemporalCNN,M3_FullSkuTemporalCNN,CA_3__HOUSEHOLD,1708,98,199975.203125,0.05950684397114477,rmsse,0.6887259488469543
store_cat,5,M3_FullSkuTemporalCNN,M3_FullSkuTemporalCNN,CA_4__FOODS,1708,99,125175.40625,0.037248585086258605,rmsse,0.8497837972858618
store_cat,5,M3_FullSkuTemporalCNN,M3_FullSkuTemporalCNN,CA_4__HOBBIES,1708,100,37398.48828125,0.011128709820676824,rmsse,0.9476283806047169
store_cat,5,M3_FullSkuTemporalCNN,M3_FullSkuTemporalCNN,CA_4__HOUSEHOLD,1708,101,58208.20703125,0.017321081011646984,rmsse,0.6923985672844782
store_cat,5,M3_FullSkuTemporalCNN,M3_FullSkuTemporalCNN,TX_1__FOODS,1708,102,139721.296875,0.041577021964015685,rmsse,0.3418149831771338
store_cat,5,M3_FullSkuTemporalCNN,M3_FullSkuTemporalCNN,TX_1__HOBBIES,1708,103,32822.0,0.009766879104506042,rmsse,0.6151078719343327
store_cat,5,M3_FullSkuTemporalCNN,M3_FullSkuTemporalCNN,TX_1__HOUSEHOLD,1708,104,95720.7265625,0.02848372323841989,rmsse,0.5467335147898527
store_cat,5,M3_FullSkuTemporalCNN,M3_FullSkuTemporalCNN,TX_2__FOODS,1708,105,177167.65625,0.05271997683938926,rmsse,0.37515108105644224
store_cat,5,M3_FullSkuTemporalCNN,M3_FullSkuTemporalCNN,TX_2__HOBBIES,1708,106,51182.921875,0.015230559081363192,rmsse,0.8460445688737511
store_cat,5,M3_FullSkuTemporalCNN,M3_FullSkuTemporalCNN,TX_2__HOUSEHOLD,1708,107,103920.984375,0.030923883090972104,rmsse,0.6552217302072891
store_cat,5,M3_FullSkuTemporalCNN,M3_FullSkuTemporalCNN,TX_3__FOODS,1708,108,174264.703125,0.051856141844022645,rmsse,0.6358718426083495
store_cat,5,M3_FullSkuTemporalCNN,M3_FullSkuTemporalCNN,TX_3__HOBBIES,1708,109,58956.5390625,0.017543763007846123,rmsse,1.0375287973098286
store_cat,5,M3_FullSkuTemporalCNN,M3_FullSkuTemporalCNN,TX_3__HOUSEHOLD,1708,110,102524.9296875,0.030508457542373864,rmsse,0.950146028616227
store_cat,5,M3_FullSkuTemporalCNN,M3_FullSkuTemporalCNN,WI_1__FOODS,1708,111,166160.796875,0.04944465343326154,rmsse,0.609307127476774
store_cat,5,M3_FullSkuTemporalCNN,M3_FullSkuTemporalCNN,WI_1__HOBBIES,1708,112,41281.1328125,0.012284072679201298,rmsse,0.6098512822278119
store_cat,5,M3_FullSkuTemporalCNN,M3_FullSkuTemporalCNN,WI_1__HOUSEHOLD,1708,113,75338.0390625,0.022418424212235426,rmsse,0.580571404718015
store_cat,5,M3_FullSkuTemporalCNN,M3_FullSkuTemporalCNN,WI_2__FOODS,1708,114,219979.84375,0.06545964716758208,rmsse,0.4814334572584638
store_cat,5,M3_FullSkuTemporalCNN,M3_FullSkuTemporalCNN,WI_2__HOBBIES,1708,115,27206.900390625,0.008095987658386832,rmsse,0.9005380154635348
store_cat,5,M3_FullSkuTemporalCNN,M3_FullSkuTemporalCNN,WI_2__HOUSEHOLD,1708,116,99922.2578125,0.02973397757309036,rmsse,1.1158723107464528
store_cat,5,M3_FullSkuTemporalCNN,M3_FullSkuTemporalCNN,WI_3__FOODS,1708,117,155858.3125,0.0463789316805747,rmsse,0.5001910998955862
store_cat,5,M3_FullSkuTemporalCNN,M3_FullSkuTemporalCNN,WI_3__HOBBIES,1708,118,26131.451171875,0.007775965036286816,rmsse,0.6878595813529811
store_cat,5,M3_FullSkuTemporalCNN,M3_FullSkuTemporalCNN,WI_3__HOUSEHOLD,1708,119,70425.015625,0.020956450354710988,rmsse,0.6021959759645951
store_cat,5,M3_FullSkuTemporalCNN,M3_FullSkuTemporalCNN,CA_1__FOODS,1624,0,220013.046875,0.06784256696116275,mean_spl,0.0902293340987342
store_cat,5,M3_FullSkuTemporalCNN,M3_FullSkuTemporalCNN,CA_1__HOBBIES,1624,1,62929.06640625,0.019404619235581292,mean_spl,0.1539854019521345
store_cat,5,M3_FullSkuTemporalCNN,M3_FullSkuTemporalCNN,CA_1__HOUSEHOLD,1624,2,115288.7890625,0.03555010715472609,mean_spl,0.2090443715126176
store_cat,5,M3_FullSkuTemporalCNN,M3_FullSkuTemporalCNN,CA_2__FOODS,1624,3,159095.96875,0.04905835843137624,mean_spl,0.3065530472984469
store_cat,5,M3_FullSkuTemporalCNN,M3_FullSkuTemporalCNN,CA_2__HOBBIES,1624,4,40058.953125,0.012352459312655899,mean_spl,0.16051918891432926
store_cat,5,M3_FullSkuTemporalCNN,M3_FullSkuTemporalCNN,CA_2__HOUSEHOLD,1624,5,114994.9296875,0.03545949355426571,mean_spl,0.18464812044789078
store_cat,5,M3_FullSkuTemporalCNN,M3_FullSkuTemporalCNN,CA_3__FOODS,1624,6,289613.4375,0.08930433583608938,mean_spl,0.11494778782158226
store_cat,5,M3_FullSkuTemporalCNN,M3_FullSkuTemporalCNN,CA_3__HOBBIES,1624,7,66763.3359375,0.020586943152802278,mean_spl,0.2126862696867897
store_cat,5,M3_FullSkuTemporalCNN,M3_FullSkuTemporalCNN,CA_3__HOUSEHOLD,1624,8,197297.125,0.06083795304040375,mean_spl,0.25988486329196203
store_cat,5,M3_FullSkuTemporalCNN,M3_FullSkuTemporalCNN,CA_4__FOODS,1624,9,115117.984375,0.03549743833070138,mean_spl,0.15798892756765806
store_cat,5,M3_FullSkuTemporalCNN,M3_FullSkuTemporalCNN,CA_4__HOBBIES,1624,10,38451.5390625,0.011856801906341136,mean_spl,0.25937757377819115
store_cat,5,M3_FullSkuTemporalCNN,M3_FullSkuTemporalCNN,CA_4__HOUSEHOLD,1624,11,58972.1171875,0.01818446617580622,mean_spl,0.2714717835107952
store_cat,5,M3_FullSkuTemporalCNN,M3_FullSkuTemporalCNN,TX_1__FOODS,1624,12,142577.84375,0.043964878670505324,mean_spl,0.13578632267476926
store_cat,5,M3_FullSkuTemporalCNN,M3_FullSkuTemporalCNN,TX_1__HOBBIES,1624,13,35482.73828125,0.010941351351671362,mean_spl,0.22331351924762377
store_cat,5,M3_FullSkuTemporalCNN,M3_FullSkuTemporalCNN,TX_1__HOUSEHOLD,1624,14,96711.265625,0.029821597433676558,mean_spl,0.15554424804946135
store_cat,5,M3_FullSkuTemporalCNN,M3_FullSkuTemporalCNN,TX_2__FOODS,1624,15,170484.6875,0.052570149779085265,mean_spl,0.13510420858217997
store_cat,5,M3_FullSkuTemporalCNN,M3_FullSkuTemporalCNN,TX_2__HOBBIES,1624,16,53368.81640625,0.0164566490583447,mean_spl,0.15782085208704685
store_cat,5,M3_FullSkuTemporalCNN,M3_FullSkuTemporalCNN,TX_2__HOUSEHOLD,1624,17,100137.1875,0.03087800448548404,mean_spl,0.12825605818874802
store_cat,5,M3_FullSkuTemporalCNN,M3_FullSkuTemporalCNN,TX_3__FOODS,1624,18,168899.796875,0.05208143763278345,mean_spl,0.15070604651479766
store_cat,5,M3_FullSkuTemporalCNN,M3_FullSkuTemporalCNN,TX_3__HOBBIES,1624,19,61914.1875,0.01909167420285396,mean_spl,0.1809319804774707
store_cat,5,M3_FullSkuTemporalCNN,M3_FullSkuTemporalCNN,TX_3__HOUSEHOLD,1624,20,101344.3671875,0.031250246813594264,mean_spl,0.20893340028366097
store_cat,5,M3_FullSkuTemporalCNN,M3_FullSkuTemporalCNN,WI_1__FOODS,1624,21,164837.171875,0.05082869870427261,mean_spl,0.16973208708300355
store_cat,5,M3_FullSkuTemporalCNN,M3_FullSkuTemporalCNN,WI_1__HOBBIES,1624,22,42539.6328125,0.013117394302643252,mean_spl,0.13936796311945326
store_cat,5,M3_FullSkuTemporalCNN,M3_FullSkuTemporalCNN,WI_1__HOUSEHOLD,1624,23,77645.03125,0.02394239026548502,mean_spl,0.14158370770347412
store_cat,5,M3_FullSkuTemporalCNN,M3_FullSkuTemporalCNN,WI_2__FOODS,1624,24,189465.140625,0.05842290569686326,mean_spl,0.155218121225241
store_cat,5,M3_FullSkuTemporalCNN,M3_FullSkuTemporalCNN,WI_2__HOBBIES,1624,25,27261.52734375,0.008406283266158821,mean_spl,0.23509964095569183
store_cat,5,M3_FullSkuTemporalCNN,M3_FullSkuTemporalCNN,WI_2__HOUSEHOLD,1624,26,87001.796875,0.026827614607724242,mean_spl,0.33753921095057066
store_cat,5,M3_FullSkuTemporalCNN,M3_FullSkuTemporalCNN,WI_3__FOODS,1624,27,145719.78125,0.04493371714740094,mean_spl,0.09513365161098597
store_cat,5,M3_FullSkuTemporalCNN,M3_FullSkuTemporalCNN,WI_3__HOBBIES,1624,28,25590.76953125,0.007891093370012273,mean_spl,0.1917335630323865
store_cat,5,M3_FullSkuTemporalCNN,M3_FullSkuTemporalCNN,WI_3__HOUSEHOLD,1624,29,73416.1015625,0.022638370119528538,mean_spl,0.1642867738968434
store_cat,5,M3_FullSkuTemporalCNN,M3_FullSkuTemporalCNN,CA_1__FOODS,1652,30,216018.53125,0.06442420129688553,mean_spl,0.09990669679342971
store_cat,5,M3_FullSkuTemporalCNN,M3_FullSkuTemporalCNN,CA_1__HOBBIES,1652,31,65447.4609375,0.019518697647878544,mean_spl,0.16325256273377944
store_cat,5,M3_FullSkuTemporalCNN,M3_FullSkuTemporalCNN,CA_1__HOUSEHOLD,1652,32,119797.71875,0.035727825307384026,mean_spl,0.17270989305074735
store_cat,5,M3_FullSkuTemporalCNN,M3_FullSkuTemporalCNN,CA_2__FOODS,1652,33,174231.328125,0.05196181128719119,mean_spl,0.32466182206351774
store_cat,5,M3_FullSkuTemporalCNN,M3_FullSkuTemporalCNN,CA_2__HOBBIES,1652,34,41661.87109375,0.012425011660885674,mean_spl,0.16217222354012703
store_cat,5,M3_FullSkuTemporalCNN,M3_FullSkuTemporalCNN,CA_2__HOUSEHOLD,1652,35,125333.90625,0.0373789079985469,mean_spl,0.23098713506215432
store_cat,5,M3_FullSkuTemporalCNN,M3_FullSkuTemporalCNN,CA_3__FOODS,1652,36,290598.75,0.08666660336171188,mean_spl,0.12913246632378436
store_cat,5,M3_FullSkuTemporalCNN,M3_FullSkuTemporalCNN,CA_3__HOBBIES,1652,37,67250.15625,0.020056323771977337,mean_spl,0.21988284262151467
store_cat,5,M3_FullSkuTemporalCNN,M3_FullSkuTemporalCNN,CA_3__HOUSEHOLD,1652,38,209033.9375,0.062341153740163614,mean_spl,0.2897613008269293
store_cat,5,M3_FullSkuTemporalCNN,M3_FullSkuTemporalCNN,CA_4__FOODS,1652,39,117701.203125,0.0351025717985045,mean_spl,0.16098228170630716
store_cat,5,M3_FullSkuTemporalCNN,M3_FullSkuTemporalCNN,CA_4__HOBBIES,1652,40,38269.8515625,0.011413394056508423,mean_spl,0.20532222539615752
store_cat,5,M3_FullSkuTemporalCNN,M3_FullSkuTemporalCNN,CA_4__HOUSEHOLD,1652,41,59733.83984375,0.01781469811900534,mean_spl,0.22078373372394197
store_cat,5,M3_FullSkuTemporalCNN,M3_FullSkuTemporalCNN,TX_1__FOODS,1652,42,151482.15625,0.04517722100351641,mean_spl,0.17670292817170036
store_cat,5,M3_FullSkuTemporalCNN,M3_FullSkuTemporalCNN,TX_1__HOBBIES,1652,43,34373.328125,0.010251315929030495,mean_spl,0.22311960919429819
store_cat,5,M3_FullSkuTemporalCNN,M3_FullSkuTemporalCNN,TX_1__HOUSEHOLD,1652,44,99281.828125,0.029609276774710924,mean_spl,0.13478532595449183
store_cat,5,M3_FullSkuTemporalCNN,M3_FullSkuTemporalCNN,TX_2__FOODS,1652,45,180129.203125,0.053720761706977774,mean_spl,0.10340961246733424
store_cat,5,M3_FullSkuTemporalCNN,M3_FullSkuTemporalCNN,TX_2__HOBBIES,1652,46,53874.60546875,0.016067271670744867,mean_spl,0.15180666990740743
store_cat,5,M3_FullSkuTemporalCNN,M3_FullSkuTemporalCNN,TX_2__HOUSEHOLD,1652,47,108551.953125,0.03237394884053533,mean_spl,0.12558130048481211
store_cat,5,M3_FullSkuTemporalCNN,M3_FullSkuTemporalCNN,TX_3__FOODS,1652,48,179456.3125,0.05352008243735707,mean_spl,0.1211787510783664
store_cat,5,M3_FullSkuTemporalCNN,M3_FullSkuTemporalCNN,TX_3__HOBBIES,1652,49,59746.28125,0.017818408576881467,mean_spl,0.19141644373825506
store_cat,5,M3_FullSkuTemporalCNN,M3_FullSkuTemporalCNN,TX_3__HOUSEHOLD,1652,50,104524.96875,0.03117296274692021,mean_spl,0.21122134667016385
store_cat,5,M3_FullSkuTemporalCNN,M3_FullSkuTemporalCNN,WI_1__FOODS,1652,51,168893.375,0.05036984894651428,mean_spl,0.19922745598550706
store_cat,5,M3_FullSkuTemporalCNN,M3_FullSkuTemporalCNN,WI_1__HOBBIES,1652,52,42655.81640625,0.012721440548352225,mean_spl,0.13747371853695134
store_cat,5,M3_FullSkuTemporalCNN,M3_FullSkuTemporalCNN,WI_1__HOUSEHOLD,1652,53,79013.1484375,0.023564455098285444,mean_spl,0.13885823634330227
store_cat,5,M3_FullSkuTemporalCNN,M3_FullSkuTemporalCNN,WI_2__FOODS,1652,54,197144.109375,0.05879519554816072,mean_spl,0.1624748700949904
store_cat,5,M3_FullSkuTemporalCNN,M3_FullSkuTemporalCNN,WI_2__HOBBIES,1652,55,26210.8203125,0.007816973637390177,mean_spl,0.21837531947152752
store_cat,5,M3_FullSkuTemporalCNN,M3_FullSkuTemporalCNN,WI_2__HOUSEHOLD,1652,56,94435.328125,0.02816388276254626,mean_spl,0.36456908822699696
store_cat,5,M3_FullSkuTemporalCNN,M3_FullSkuTemporalCNN,WI_3__FOODS,1652,57,149557.390625,0.04460318928801133,mean_spl,0.08450528101340926
store_cat,5,M3_FullSkuTemporalCNN,M3_FullSkuTemporalCNN,WI_3__HOBBIES,1652,58,23851.12890625,0.007113232003396538,mean_spl,0.22305443780781722
store_cat,5,M3_FullSkuTemporalCNN,M3_FullSkuTemporalCNN,WI_3__HOUSEHOLD,1652,59,74804.640625,0.02230933243402552,mean_spl,0.18438544871514512
store_cat,5,M3_FullSkuTemporalCNN,M3_FullSkuTemporalCNN,CA_1__FOODS,1680,60,212665.09375,0.06378615589312105,mean_spl,0.13860043789188634
store_cat,5,M3_FullSkuTemporalCNN,M3_FullSkuTemporalCNN,CA_1__HOBBIES,1680,61,65255.8203125,0.01957264285355537,mean_spl,0.15611419793758283
store_cat,5,M3_FullSkuTemporalCNN,M3_FullSkuTemporalCNN,CA_1__HOUSEHOLD,1680,62,120678.7734375,0.03619604383465028,mean_spl,0.14483779593546017
store_cat,5,M3_FullSkuTemporalCNN,M3_FullSkuTemporalCNN,CA_2__FOODS,1680,63,185085.140625,0.05551390416372213,mean_spl,0.2777615928959377
store_cat,5,M3_FullSkuTemporalCNN,M3_FullSkuTemporalCNN,CA_2__HOBBIES,1680,64,42349.64453125,0.01270223044344142,mean_spl,0.15728660787930682
store_cat,5,M3_FullSkuTemporalCNN,M3_FullSkuTemporalCNN,CA_2__HOUSEHOLD,1680,65,131134.6875,0.0393321605928604,mean_spl,0.15594915279768498
store_cat,5,M3_FullSkuTemporalCNN,M3_FullSkuTemporalCNN,CA_3__FOODS,1680,66,290308.75,0.08707437058949458,mean_spl,0.15190056083791525
store_cat,5,M3_FullSkuTemporalCNN,M3_FullSkuTemporalCNN,CA_3__HOBBIES,1680,67,68627.6328125,0.020583974586351195,mean_spl,0.1928768518485484
store_cat,5,M3_FullSkuTemporalCNN,M3_FullSkuTemporalCNN,CA_3__HOUSEHOLD,1680,68,216725.078125,0.06500389591665223,mean_spl,0.18576633842357876
store_cat,5,M3_FullSkuTemporalCNN,M3_FullSkuTemporalCNN,CA_4__FOODS,1680,69,120590.8203125,0.036169663427581066,mean_spl,0.22778394446359174
store_cat,5,M3_FullSkuTemporalCNN,M3_FullSkuTemporalCNN,CA_4__HOBBIES,1680,70,38188.359375,0.011454106555257288,mean_spl,0.23645259410936278
store_cat,5,M3_FullSkuTemporalCNN,M3_FullSkuTemporalCNN,CA_4__HOUSEHOLD,1680,71,60378.7109375,0.018109816710270857,mean_spl,0.233068983786405
store_cat,5,M3_FullSkuTemporalCNN,M3_FullSkuTemporalCNN,TX_1__FOODS,1680,72,133530.5,0.04005075369585142,mean_spl,0.10365696428690187
store_cat,5,M3_FullSkuTemporalCNN,M3_FullSkuTemporalCNN,TX_1__HOBBIES,1680,73,34635.26171875,0.010388400674669888,mean_spl,0.18151254896039345
store_cat,5,M3_FullSkuTemporalCNN,M3_FullSkuTemporalCNN,TX_1__HOUSEHOLD,1680,74,98933.9296875,0.02967395801016805,mean_spl,0.12373719368733266
store_cat,5,M3_FullSkuTemporalCNN,M3_FullSkuTemporalCNN,TX_2__FOODS,1680,75,167087.09375,0.05011562180578134,mean_spl,0.1294320985170933
store_cat,5,M3_FullSkuTemporalCNN,M3_FullSkuTemporalCNN,TX_2__HOBBIES,1680,76,52974.6171875,0.015889054149490787,mean_spl,0.1551999875855581
store_cat,5,M3_FullSkuTemporalCNN,M3_FullSkuTemporalCNN,TX_2__HOUSEHOLD,1680,77,107912.78125,0.032367048895031794,mean_spl,0.14443526464521864
store_cat,5,M3_FullSkuTemporalCNN,M3_FullSkuTemporalCNN,TX_3__FOODS,1680,78,166985.515625,0.05008515475544256,mean_spl,0.1299226926512913
store_cat,5,M3_FullSkuTemporalCNN,M3_FullSkuTemporalCNN,TX_3__HOBBIES,1680,79,58107.6953125,0.017428654822639902,mean_spl,0.19772044930380564
store_cat,5,M3_FullSkuTemporalCNN,M3_FullSkuTemporalCNN,TX_3__HOUSEHOLD,1680,80,107518.1171875,0.03224867449248113,mean_spl,0.18212556528759621
store_cat,5,M3_FullSkuTemporalCNN,M3_FullSkuTemporalCNN,WI_1__FOODS,1680,81,161832.640625,0.04853961626460706,mean_spl,0.18382080917123206
store_cat,5,M3_FullSkuTemporalCNN,M3_FullSkuTemporalCNN,WI_1__HOBBIES,1680,82,40999.46875,0.012297262607172198,mean_spl,0.15917227934963424
store_cat,5,M3_FullSkuTemporalCNN,M3_FullSkuTemporalCNN,WI_1__HOUSEHOLD,1680,83,79151.3125,0.023740416771006367,mean_spl,0.22572356071592445
store_cat,5,M3_FullSkuTemporalCNN,M3_FullSkuTemporalCNN,WI_2__FOODS,1680,84,203877.3125,0.06115037408764012,mean_spl,0.2206227809120428
store_cat,5,M3_FullSkuTemporalCNN,M3_FullSkuTemporalCNN,WI_2__HOBBIES,1680,85,27185.30078125,0.00815388084173639,mean_spl,0.22036669525419383
store_cat,5,M3_FullSkuTemporalCNN,M3_FullSkuTemporalCNN,WI_2__HOUSEHOLD,1680,86,100197.1875,0.030052855921153164,mean_spl,0.38280048532834937
store_cat,5,M3_FullSkuTemporalCNN,M3_FullSkuTemporalCNN,WI_3__FOODS,1680,87,143496.546875,0.04303994110031657,mean_spl,0.1310302131122629
store_cat,5,M3_FullSkuTemporalCNN,M3_FullSkuTemporalCNN,WI_3__HOBBIES,1680,88,26074.580078125,0.007820734472137367,mean_spl,0.19880882976068753
store_cat,5,M3_FullSkuTemporalCNN,M3_FullSkuTemporalCNN,WI_3__HOUSEHOLD,1680,89,71543.765625,0.021458631065716046,mean_spl,0.15636726341441384
store_cat,5,M3_FullSkuTemporalCNN,M3_FullSkuTemporalCNN,CA_1__FOODS,1708,90,217884.71875,0.06483619848731188,mean_spl,0.09961826549816899
store_cat,5,M3_FullSkuTemporalCNN,M3_FullSkuTemporalCNN,CA_1__HOBBIES,1708,91,64507.21875,0.01919548494604763,mean_spl,0.14281378394139352
store_cat,5,M3_FullSkuTemporalCNN,M3_FullSkuTemporalCNN,CA_1__HOUSEHOLD,1708,92,115771.9140625,0.034450377440305296,mean_spl,0.1521212154098527
store_cat,5,M3_FullSkuTemporalCNN,M3_FullSkuTemporalCNN,CA_2__FOODS,1708,93,193884.84375,0.0576945289471176,mean_spl,0.1870312907271656
store_cat,5,M3_FullSkuTemporalCNN,M3_FullSkuTemporalCNN,CA_2__HOBBIES,1708,94,42587.80859375,0.012672901647096451,mean_spl,0.20677980713236577
store_cat,5,M3_FullSkuTemporalCNN,M3_FullSkuTemporalCNN,CA_2__HOUSEHOLD,1708,95,128741.3828125,0.038309716704546325,mean_spl,0.18460567398736577
store_cat,5,M3_FullSkuTemporalCNN,M3_FullSkuTemporalCNN,CA_3__FOODS,1708,96,291962.8125,0.08687969936929697,mean_spl,0.12801263052070094
store_cat,5,M3_FullSkuTemporalCNN,M3_FullSkuTemporalCNN,CA_3__HOBBIES,1708,97,65857.7265625,0.019597357060311797,mean_spl,0.19371603283018624
store_cat,5,M3_FullSkuTemporalCNN,M3_FullSkuTemporalCNN,CA_3__HOUSEHOLD,1708,98,199975.203125,0.05950684397114477,mean_spl,0.1522691227974722
store_cat,5,M3_FullSkuTemporalCNN,M3_FullSkuTemporalCNN,CA_4__FOODS,1708,99,125175.40625,0.037248585086258605,mean_spl,0.17889661191505157
store_cat,5,M3_FullSkuTemporalCNN,M3_FullSkuTemporalCNN,CA_4__HOBBIES,1708,100,37398.48828125,0.011128709820676824,mean_spl,0.24305292038526
store_cat,5,M3_FullSkuTemporalCNN,M3_FullSkuTemporalCNN,CA_4__HOUSEHOLD,1708,101,58208.20703125,0.017321081011646984,mean_spl,0.2744815844034317
store_cat,5,M3_FullSkuTemporalCNN,M3_FullSkuTemporalCNN,TX_1__FOODS,1708,102,139721.296875,0.041577021964015685,mean_spl,0.08601679520436323
store_cat,5,M3_FullSkuTemporalCNN,M3_FullSkuTemporalCNN,TX_1__HOBBIES,1708,103,32822.0,0.009766879104506042,mean_spl,0.21494858006378298
store_cat,5,M3_FullSkuTemporalCNN,M3_FullSkuTemporalCNN,TX_1__HOUSEHOLD,1708,104,95720.7265625,0.02848372323841989,mean_spl,0.12104130640744544
store_cat,5,M3_FullSkuTemporalCNN,M3_FullSkuTemporalCNN,TX_2__FOODS,1708,105,177167.65625,0.05271997683938926,mean_spl,0.10982802038974489
store_cat,5,M3_FullSkuTemporalCNN,M3_FullSkuTemporalCNN,TX_2__HOBBIES,1708,106,51182.921875,0.015230559081363192,mean_spl,0.21028422336321098
store_cat,5,M3_FullSkuTemporalCNN,M3_FullSkuTemporalCNN,TX_2__HOUSEHOLD,1708,107,103920.984375,0.030923883090972104,mean_spl,0.12840625370844727
store_cat,5,M3_FullSkuTemporalCNN,M3_FullSkuTemporalCNN,TX_3__FOODS,1708,108,174264.703125,0.051856141844022645,mean_spl,0.1917212823096309
store_cat,5,M3_FullSkuTemporalCNN,M3_FullSkuTemporalCNN,TX_3__HOBBIES,1708,109,58956.5390625,0.017543763007846123,mean_spl,0.26087219091727776
store_cat,5,M3_FullSkuTemporalCNN,M3_FullSkuTemporalCNN,TX_3__HOUSEHOLD,1708,110,102524.9296875,0.030508457542373864,mean_spl,0.21498167646926392
store_cat,5,M3_FullSkuTemporalCNN,M3_FullSkuTemporalCNN,WI_1__FOODS,1708,111,166160.796875,0.04944465343326154,mean_spl,0.22993116028591942
store_cat,5,M3_FullSkuTemporalCNN,M3_FullSkuTemporalCNN,WI_1__HOBBIES,1708,112,41281.1328125,0.012284072679201298,mean_spl,0.1565005074605419
store_cat,5,M3_FullSkuTemporalCNN,M3_FullSkuTemporalCNN,WI_1__HOUSEHOLD,1708,113,75338.0390625,0.022418424212235426,mean_spl,0.1714391808170147
store_cat,5,M3_FullSkuTemporalCNN,M3_FullSkuTemporalCNN,WI_2__FOODS,1708,114,219979.84375,0.06545964716758208,mean_spl,0.18445860279787366
store_cat,5,M3_FullSkuTemporalCNN,M3_FullSkuTemporalCNN,WI_2__HOBBIES,1708,115,27206.900390625,0.008095987658386832,mean_spl,0.31666278229821104
store_cat,5,M3_FullSkuTemporalCNN,M3_FullSkuTemporalCNN,WI_2__HOUSEHOLD,1708,116,99922.2578125,0.02973397757309036,mean_spl,0.2728610416999874
store_cat,5,M3_FullSkuTemporalCNN,M3_FullSkuTemporalCNN,WI_3__FOODS,1708,117,155858.3125,0.0463789316805747,mean_spl,0.13438999149908418
store_cat,5,M3_FullSkuTemporalCNN,M3_FullSkuTemporalCNN,WI_3__HOBBIES,1708,118,26131.451171875,0.007775965036286816,mean_spl,0.23581635920072797
store_cat,5,M3_FullSkuTemporalCNN,M3_FullSkuTemporalCNN,WI_3__HOUSEHOLD,1708,119,70425.015625,0.020956450354710988,mean_spl,0.15668367459322163
