task,fold,model,base_model,agg_id,origin_time,row_id,revenue_28,weight,metric,metric_value
store_dept,1,SetTransformer,SetTransformer,CA_1__FOODS_1,1400,0,2534.880126953125,0.00802800778369643,rmsse,1.5876444061457413
store_dept,1,SetTransformer,SetTransformer,CA_1__FOODS_2,1400,1,3790.949951171875,0.01200600193753233,rmsse,1.1519967634404302
store_dept,1,SetTransformer,SetTransformer,CA_1__FOODS_3,1400,2,20035.8984375,0.06345402565561853,rmsse,0.9058889800674778
store_dept,1,SetTransformer,SetTransformer,CA_1__HOBBIES_1,1400,3,4374.78955078125,0.013855031720146955,rmsse,0.7380487707415226
store_dept,1,SetTransformer,SetTransformer,CA_1__HOBBIES_2,1400,4,108.97000885009766,0.00034510984165928173,rmsse,1.4875421569020983
store_dept,1,SetTransformer,SetTransformer,CA_1__HOUSEHOLD_1,1400,5,7329.38037109375,0.02321227029364002,rmsse,0.9302550506556269
store_dept,1,SetTransformer,SetTransformer,CA_1__HOUSEHOLD_2,1400,6,1822.10009765625,0.005770621502422193,rmsse,0.9359364498933538
store_dept,1,SetTransformer,SetTransformer,CA_2__FOODS_1,1400,7,5192.7197265625,0.016445430275042205,rmsse,1.7104988894239803
store_dept,1,SetTransformer,SetTransformer,CA_2__FOODS_2,1400,8,1038.47998046875,0.003288883477277823,rmsse,0.670288142504259
store_dept,1,SetTransformer,SetTransformer,CA_2__FOODS_3,1400,9,6921.8095703125,0.021921486746801406,rmsse,0.8764792793377412
store_dept,1,SetTransformer,SetTransformer,CA_2__HOBBIES_1,1400,10,3034.0205078125,0.009608793723074448,rmsse,0.4832832531606465
store_dept,1,SetTransformer,SetTransformer,CA_2__HOBBIES_2,1400,11,203.6199951171875,0.0006448679321502443,rmsse,1.186408603633691
store_dept,1,SetTransformer,SetTransformer,CA_2__HOUSEHOLD_1,1400,12,5629.84033203125,0.01782979854784697,rmsse,0.7948796387352133
store_dept,1,SetTransformer,SetTransformer,CA_2__HOUSEHOLD_2,1400,13,3840.219970703125,0.012162040913929681,rmsse,0.9368581594793235
store_dept,1,SetTransformer,SetTransformer,CA_3__FOODS_1,1400,14,2600.739990234375,0.008236587072883795,rmsse,1.0835534771836182
store_dept,1,SetTransformer,SetTransformer,CA_3__FOODS_2,1400,15,6161.9501953125,0.019514999389804777,rmsse,1.1133577631212026
store_dept,1,SetTransformer,SetTransformer,CA_3__FOODS_3,1400,16,21207.578125,0.06716475483418333,rmsse,1.1873175420988478
store_dept,1,SetTransformer,SetTransformer,CA_3__HOBBIES_1,1400,17,3180.329833984375,0.010072157807571416,rmsse,0.4732213816589274
store_dept,1,SetTransformer,SetTransformer,CA_3__HOBBIES_2,1400,18,159.17001342773438,0.0005040940962619912,rmsse,1.9806674102956154
store_dept,1,SetTransformer,SetTransformer,CA_3__HOUSEHOLD_1,1400,19,15256.3203125,0.048317021746717426,rmsse,0.9996258851401677
store_dept,1,SetTransformer,SetTransformer,CA_3__HOUSEHOLD_2,1400,20,3660.459716796875,0.011592737181491168,rmsse,0.7889366851517451
store_dept,1,SetTransformer,SetTransformer,CA_4__FOODS_1,1400,21,800.9999389648438,0.0025367802115673944,rmsse,0.8710962577969785
store_dept,1,SetTransformer,SetTransformer,CA_4__FOODS_2,1400,22,2468.130126953125,0.0078166094166242,rmsse,0.7727540673704816
store_dept,1,SetTransformer,SetTransformer,CA_4__FOODS_3,1400,23,14084.80078125,0.04460679978567662,rmsse,1.3639590579499445
store_dept,1,SetTransformer,SetTransformer,CA_4__HOBBIES_1,1400,24,4406.7998046875,0.013956408729964913,rmsse,0.8218122000557228
store_dept,1,SetTransformer,SetTransformer,CA_4__HOBBIES_2,1400,25,147.14999389648438,0.0004660264932495184,rmsse,1.397466614693357
store_dept,1,SetTransformer,SetTransformer,CA_4__HOUSEHOLD_1,1400,26,3093.73046875,0.009797896168619528,rmsse,0.8842301426289413
store_dept,1,SetTransformer,SetTransformer,CA_4__HOUSEHOLD_2,1400,27,1551.5699462890625,0.004913847985675728,rmsse,0.9210378589378077
store_dept,1,SetTransformer,SetTransformer,TX_1__FOODS_1,1400,28,1099.670166015625,0.003482673818932596,rmsse,0.9312136780312913
store_dept,1,SetTransformer,SetTransformer,TX_1__FOODS_2,1400,29,5270.68017578125,0.016692332322398928,rmsse,0.9138294927806672
store_dept,1,SetTransformer,SetTransformer,TX_1__FOODS_3,1400,30,12843.529296875,0.04067567222177853,rmsse,1.291661296641856
store_dept,1,SetTransformer,SetTransformer,TX_1__HOBBIES_1,1400,31,1789.60986328125,0.005667724386427151,rmsse,0.7848324221309759
store_dept,1,SetTransformer,SetTransformer,TX_1__HOBBIES_2,1400,32,134.47000122070312,0.00042586874424355603,rmsse,1.9108604474815793
store_dept,1,SetTransformer,SetTransformer,TX_1__HOUSEHOLD_1,1400,33,8660.240234375,0.02742712575281046,rmsse,0.7115049946423011
store_dept,1,SetTransformer,SetTransformer,TX_1__HOUSEHOLD_2,1400,34,2288.57958984375,0.007247969860791038,rmsse,0.8867314259474834
store_dept,1,SetTransformer,SetTransformer,TX_2__FOODS_1,1400,35,291.9399719238281,0.0009245787767462147,rmsse,0.6736352455417544
store_dept,1,SetTransformer,SetTransformer,TX_2__FOODS_2,1400,36,5107.86962890625,0.01617670859578452,rmsse,0.8455034733497866
store_dept,1,SetTransformer,SetTransformer,TX_2__FOODS_3,1400,37,8904.830078125,0.028201745881217977,rmsse,0.8782291534182785
store_dept,1,SetTransformer,SetTransformer,TX_2__HOBBIES_1,1400,38,4373.8798828125,0.013852150786466481,rmsse,0.7414858271772317
store_dept,1,SetTransformer,SetTransformer,TX_2__HOBBIES_2,1400,39,197.4000244140625,0.0006251691808412146,rmsse,2.1697879855535724
store_dept,1,SetTransformer,SetTransformer,TX_2__HOUSEHOLD_1,1400,40,5818.68994140625,0.018427888421166872,rmsse,0.6603604128029676
store_dept,1,SetTransformer,SetTransformer,TX_2__HOUSEHOLD_2,1400,41,2689.76953125,0.008518545119204293,rmsse,0.7200970182325053
store_dept,1,SetTransformer,SetTransformer,TX_3__FOODS_1,1400,42,2627.969970703125,0.008322824876726528,rmsse,0.9440381634263932
store_dept,1,SetTransformer,SetTransformer,TX_3__FOODS_2,1400,43,4778.7197265625,0.015134285346684108,rmsse,1.116267020699466
store_dept,1,SetTransformer,SetTransformer,TX_3__FOODS_3,1400,44,10290.4501953125,0.03259002798093137,rmsse,0.8918541595463537
store_dept,1,SetTransformer,SetTransformer,TX_3__HOBBIES_1,1400,45,3314.3798828125,0.010496696555559706,rmsse,0.6650717598590798
store_dept,1,SetTransformer,SetTransformer,TX_3__HOBBIES_2,1400,46,660.9500122070312,0.0020932397497668413,rmsse,0.9401828867263222
store_dept,1,SetTransformer,SetTransformer,TX_3__HOUSEHOLD_1,1400,47,6043.7099609375,0.019140530588769383,rmsse,0.977208477327826
store_dept,1,SetTransformer,SetTransformer,TX_3__HOUSEHOLD_2,1400,48,1907.5799560546875,0.0060413376444895354,rmsse,0.8692243030501816
store_dept,1,SetTransformer,SetTransformer,WI_1__FOODS_1,1400,49,1315.530029296875,0.004166305618394634,rmsse,0.8488499250120666
store_dept,1,SetTransformer,SetTransformer,WI_1__FOODS_2,1400,50,5126.64990234375,0.01623618603605205,rmsse,1.0633331538719928
store_dept,1,SetTransformer,SetTransformer,WI_1__FOODS_3,1400,51,9099.6494140625,0.02881874197846567,rmsse,0.8391108181733441
store_dept,1,SetTransformer,SetTransformer,WI_1__HOBBIES_1,1400,52,2961.169921875,0.009378074698243847,rmsse,0.7801381937164769
store_dept,1,SetTransformer,SetTransformer,WI_1__HOBBIES_2,1400,53,501.1199951171875,0.0015870554108616797,rmsse,1.4844738000332298
store_dept,1,SetTransformer,SetTransformer,WI_1__HOUSEHOLD_1,1400,54,6771.36083984375,0.021445013099622625,rmsse,0.7849099911703675
store_dept,1,SetTransformer,SetTransformer,WI_1__HOUSEHOLD_2,1400,55,1590.169921875,0.005036094754333332,rmsse,0.9292124541110113
store_dept,1,SetTransformer,SetTransformer,WI_2__FOODS_1,1400,56,5482.02001953125,0.017361649144362227,rmsse,1.0014936284113278
store_dept,1,SetTransformer,SetTransformer,WI_2__FOODS_2,1400,57,4937.390625,0.015636798737419254,rmsse,1.3957955893403537
store_dept,1,SetTransformer,SetTransformer,WI_2__FOODS_3,1400,58,11386.9404296875,0.03606263090314143,rmsse,0.7304419796483662
store_dept,1,SetTransformer,SetTransformer,WI_2__HOBBIES_1,1400,59,2255.1298828125,0.00714203407883672,rmsse,0.322375739151475
store_dept,1,SetTransformer,SetTransformer,WI_2__HOBBIES_2,1400,60,364.6100158691406,0.0011547260220661582,rmsse,1.2777202913890073
store_dept,1,SetTransformer,SetTransformer,WI_2__HOUSEHOLD_1,1400,61,7108.89013671875,0.022513974031434052,rmsse,0.9171353430511435
store_dept,1,SetTransformer,SetTransformer,WI_2__HOUSEHOLD_2,1400,62,1695.1500244140625,0.005368568495933828,rmsse,1.6606575158638248
store_dept,1,SetTransformer,SetTransformer,WI_3__FOODS_1,1400,63,692.8200073242188,0.0021941725576525846,rmsse,0.8775070826723728
store_dept,1,SetTransformer,SetTransformer,WI_3__FOODS_2,1400,64,2820.5400390625,0.008932697505912439,rmsse,0.5338811363812657
store_dept,1,SetTransformer,SetTransformer,WI_3__FOODS_3,1400,65,9481.390625,0.030027722782006692,rmsse,0.7158330141487337
store_dept,1,SetTransformer,SetTransformer,WI_3__HOBBIES_1,1400,66,1108.2099609375,0.003509719492365047,rmsse,0.5857484256387374
store_dept,1,SetTransformer,SetTransformer,WI_3__HOBBIES_2,1400,67,193.62002563476562,0.0006131978614482801,rmsse,1.3809973634056256
store_dept,1,SetTransformer,SetTransformer,WI_3__HOUSEHOLD_1,1400,68,5660.31982421875,0.0179263276096841,rmsse,0.765343707304262
store_dept,1,SetTransformer,SetTransformer,WI_3__HOUSEHOLD_2,1400,69,1469.56005859375,0.0046541212988957135,rmsse,0.7756696486469723
store_dept,1,SetTransformer,SetTransformer,CA_1__FOODS_1,1428,70,2881.009765625,0.00971167693421073,rmsse,0.9295718890547281
store_dept,1,SetTransformer,SetTransformer,CA_1__FOODS_2,1428,71,3028.739990234375,0.010209664907713276,rmsse,1.0968173717292622
store_dept,1,SetTransformer,SetTransformer,CA_1__FOODS_3,1428,72,17379.240234375,0.05858417022119037,rmsse,0.420237716634221
store_dept,1,SetTransformer,SetTransformer,CA_1__HOBBIES_1,1428,73,4555.51025390625,0.015356297775972345,rmsse,0.44906222677193697
store_dept,1,SetTransformer,SetTransformer,CA_1__HOBBIES_2,1428,74,137.61000061035156,0.00046387342548780114,rmsse,1.325821990482754
store_dept,1,SetTransformer,SetTransformer,CA_1__HOUSEHOLD_1,1428,75,7676.58984375,0.025877232839844246,rmsse,0.8943758219233097
store_dept,1,SetTransformer,SetTransformer,CA_1__HOUSEHOLD_2,1428,76,1916.8399658203125,0.0064615298097026605,rmsse,1.0283068403530795
store_dept,1,SetTransformer,SetTransformer,CA_2__FOODS_1,1428,77,6096.4599609375,0.020550728529075902,rmsse,1.083272168682426
store_dept,1,SetTransformer,SetTransformer,CA_2__FOODS_2,1428,78,1176.2100830078125,0.003964919685183707,rmsse,0.6402229240004206
store_dept,1,SetTransformer,SetTransformer,CA_2__FOODS_3,1428,79,6246.8994140625,0.021057849117260507,rmsse,0.6652733049117991
store_dept,1,SetTransformer,SetTransformer,CA_2__HOBBIES_1,1428,80,3396.8203125,0.01145043722939558,rmsse,0.5796947567651636
store_dept,1,SetTransformer,SetTransformer,CA_2__HOBBIES_2,1428,81,285.5199890136719,0.0009624673698246338,rmsse,1.5403671256397513
store_dept,1,SetTransformer,SetTransformer,CA_2__HOUSEHOLD_1,1428,82,5252.22998046875,0.017704889918491087,rmsse,0.5941637845032294
store_dept,1,SetTransformer,SetTransformer,CA_2__HOUSEHOLD_2,1428,83,3639.599853515625,0.012268829619699825,rmsse,0.7437921450065853
store_dept,1,SetTransformer,SetTransformer,CA_3__FOODS_1,1428,84,4115.68017578125,0.013873662182138452,rmsse,0.7958339707647303
store_dept,1,SetTransformer,SetTransformer,CA_3__FOODS_2,1428,85,5033.7099609375,0.01696827463218902,rmsse,1.1158178531823681
store_dept,1,SetTransformer,SetTransformer,CA_3__FOODS_3,1428,86,14958.3798828125,0.05042362390241922,rmsse,1.1141066235009802
store_dept,1,SetTransformer,SetTransformer,CA_3__HOBBIES_1,1428,87,3385.639892578125,0.011412748837094519,rmsse,0.39944279076637557
store_dept,1,SetTransformer,SetTransformer,CA_3__HOBBIES_2,1428,88,138.29000854492188,0.00046616568338017037,rmsse,1.4565437643560275
store_dept,1,SetTransformer,SetTransformer,CA_3__HOUSEHOLD_1,1428,89,12973.5986328125,0.043733068904978134,rmsse,1.0074095579011977
store_dept,1,SetTransformer,SetTransformer,CA_3__HOUSEHOLD_2,1428,90,3606.880126953125,0.012158533772201446,rmsse,0.5866103181326976
store_dept,1,SetTransformer,SetTransformer,CA_4__FOODS_1,1428,91,1172.2100830078125,0.003951435972563103,rmsse,0.9892520595529939
store_dept,1,SetTransformer,SetTransformer,CA_4__FOODS_2,1428,92,2446.81982421875,0.008248053836040974,rmsse,0.46695114977406377
store_dept,1,SetTransformer,SetTransformer,CA_4__FOODS_3,1428,93,12146.060546875,0.04094349747163152,rmsse,1.2525375318311005
store_dept,1,SetTransformer,SetTransformer,CA_4__HOBBIES_1,1428,94,4523.10009765625,0.015247045467756373,rmsse,0.6969470197463059
store_dept,1,SetTransformer,SetTransformer,CA_4__HOBBIES_2,1428,95,192.11001586914062,0.0006475890613798205,rmsse,1.6087248137275285
store_dept,1,SetTransformer,SetTransformer,CA_4__HOUSEHOLD_1,1428,96,2680.539794921875,0.009035907065705241,rmsse,0.9478229796608165
store_dept,1,SetTransformer,SetTransformer,CA_4__HOUSEHOLD_2,1428,97,1397.27001953125,0.004710096849186489,rmsse,1.1528587868334523
store_dept,1,SetTransformer,SetTransformer,TX_1__FOODS_1,1428,98,1474.8299560546875,0.0049715458229250805,rmsse,1.2746935882129957
store_dept,1,SetTransformer,SetTransformer,TX_1__FOODS_2,1428,99,4453.5302734375,0.015012530588548472,rmsse,1.235767831471375
store_dept,1,SetTransformer,SetTransformer,TX_1__FOODS_3,1428,100,14679.5400390625,0.049483674822344406,rmsse,0.7027452428632341
store_dept,1,SetTransformer,SetTransformer,TX_1__HOBBIES_1,1428,101,1853.7698974609375,0.006248925140522736,rmsse,1.0874820162981897
store_dept,1,SetTransformer,SetTransformer,TX_1__HOBBIES_2,1428,102,145.88999938964844,0.0004917847064975501,rmsse,1.597674729897599
store_dept,1,SetTransformer,SetTransformer,TX_1__HOUSEHOLD_1,1428,103,7812.1103515625,0.026334062735229785,rmsse,0.9548944608869299
store_dept,1,SetTransformer,SetTransformer,TX_1__HOUSEHOLD_2,1428,104,2206.56005859375,0.007438155427545645,rmsse,0.8139139403853869
store_dept,1,SetTransformer,SetTransformer,TX_2__FOODS_1,1428,105,483.739990234375,0.0016306527528535974,rmsse,0.6851532681725844
store_dept,1,SetTransformer,SetTransformer,TX_2__FOODS_2,1428,106,4613.14013671875,0.015550563970523063,rmsse,0.6951395386044618
store_dept,1,SetTransformer,SetTransformer,TX_2__FOODS_3,1428,107,8164.220703125,0.02752100143303199,rmsse,0.7299539289728414
store_dept,1,SetTransformer,SetTransformer,TX_2__HOBBIES_1,1428,108,4474.919921875,0.015084633556695225,rmsse,0.7174588478569709
store_dept,1,SetTransformer,SetTransformer,TX_2__HOBBIES_2,1428,109,192.6400146484375,0.000649375649187148,rmsse,1.937539411318194
store_dept,1,SetTransformer,SetTransformer,TX_2__HOUSEHOLD_1,1428,110,5262.77978515625,0.017740452552143526,rmsse,0.707274906568721
store_dept,1,SetTransformer,SetTransformer,TX_2__HOUSEHOLD_2,1428,111,2721.85009765625,0.009175161128290362,rmsse,0.730102964819559
store_dept,1,SetTransformer,SetTransformer,TX_3__FOODS_1,1428,112,2241.560302734375,0.007556138735956442,rmsse,1.3355972709968345
store_dept,1,SetTransformer,SetTransformer,TX_3__FOODS_2,1428,113,4897.92041015625,0.016510537812285175,rmsse,1.4459058935103895
store_dept,1,SetTransformer,SetTransformer,TX_3__FOODS_3,1428,114,10864.189453125,0.03662240211043524,rmsse,0.6432348393034505
store_dept,1,SetTransformer,SetTransformer,TX_3__HOBBIES_1,1428,115,3003.18017578125,0.010123504609532798,rmsse,0.90225387185146
store_dept,1,SetTransformer,SetTransformer,TX_3__HOBBIES_2,1428,116,616.1599731445312,0.0020770310015500774,rmsse,1.0989626289937497
store_dept,1,SetTransformer,SetTransformer,TX_3__HOUSEHOLD_1,1428,117,5872.830078125,0.019796888260770095,rmsse,0.8669281783844819
store_dept,1,SetTransformer,SetTransformer,TX_3__HOUSEHOLD_2,1428,118,1696.2901611328125,0.00571807226346848,rmsse,0.9213317537816216
store_dept,1,SetTransformer,SetTransformer,WI_1__FOODS_1,1428,119,2146.969970703125,0.007237281522507205,rmsse,0.8818465072882025
store_dept,1,SetTransformer,SetTransformer,WI_1__FOODS_2,1428,120,4014.5703125,0.013532828097240204,rmsse,0.900997467282089
store_dept,1,SetTransformer,SetTransformer,WI_1__FOODS_3,1428,121,9125.5302734375,0.030761506929414647,rmsse,0.9567301508296319
store_dept,1,SetTransformer,SetTransformer,WI_1__HOBBIES_1,1428,122,3084.539794921875,0.010397762040386305,rmsse,1.032257122761531
store_dept,1,SetTransformer,SetTransformer,WI_1__HOBBIES_2,1428,123,396.3399963378906,0.0013360336526678995,rmsse,1.818861013473116
store_dept,1,SetTransformer,SetTransformer,WI_1__HOUSEHOLD_1,1428,124,6081.40966796875,0.02049999507276427,rmsse,0.9801900236894739
store_dept,1,SetTransformer,SetTransformer,WI_1__HOUSEHOLD_2,1428,125,1323.6800537109375,0.0044620303614661865,rmsse,1.0272461712067837
store_dept,1,SetTransformer,SetTransformer,WI_2__FOODS_1,1428,126,5421.16015625,0.018274341404286736,rmsse,1.2116520293156183
store_dept,1,SetTransformer,SetTransformer,WI_2__FOODS_2,1428,127,4649.7607421875,0.015674009400556355,rmsse,1.4790410309817086
store_dept,1,SetTransformer,SetTransformer,WI_2__FOODS_3,1428,128,9309.48046875,0.03138158982193911,rmsse,0.8872207671558976
store_dept,1,SetTransformer,SetTransformer,WI_2__HOBBIES_1,1428,129,2121.9599609375,0.007152974576427655,rmsse,0.46868601548660715
store_dept,1,SetTransformer,SetTransformer,WI_2__HOBBIES_2,1428,130,375.5899963378906,0.0012660868934485131,rmsse,1.8871842711413958
store_dept,1,SetTransformer,SetTransformer,WI_2__HOUSEHOLD_1,1428,131,6711.8798828125,0.02262526487096526,rmsse,1.0470467828676682
store_dept,1,SetTransformer,SetTransformer,WI_2__HOUSEHOLD_2,1428,132,1439.0299072265625,0.004850866430374568,rmsse,1.5922499420977236
store_dept,1,SetTransformer,SetTransformer,WI_3__FOODS_1,1428,133,929.1700439453125,0.003132165462058286,rmsse,0.8419077850351283
store_dept,1,SetTransformer,SetTransformer,WI_3__FOODS_2,1428,134,2609.89013671875,0.00879775214371652,rmsse,0.5217446637464731
store_dept,1,SetTransformer,SetTransformer,WI_3__FOODS_3,1428,135,8626.4794921875,0.029079242600048846,rmsse,0.49890669789585335
store_dept,1,SetTransformer,SetTransformer,WI_3__HOBBIES_1,1428,136,1020.0800170898438,0.0034386164501152214,rmsse,0.7001428539450455
store_dept,1,SetTransformer,SetTransformer,WI_3__HOBBIES_2,1428,137,304.1199951171875,0.0010251666540849577,rmsse,1.161283663029556
store_dept,1,SetTransformer,SetTransformer,WI_3__HOUSEHOLD_1,1428,138,5473.14013671875,0.018449562183953053,rmsse,0.8214616416614303
store_dept,1,SetTransformer,SetTransformer,WI_3__HOUSEHOLD_2,1428,139,1318.199951171875,0.004443557329524146,rmsse,0.971194997029748
store_dept,1,SetTransformer,SetTransformer,CA_1__FOODS_1,1456,140,2639.52001953125,0.008630192736281295,rmsse,0.9627593266671445
store_dept,1,SetTransformer,SetTransformer,CA_1__FOODS_2,1456,141,2164.300048828125,0.007076410264865808,rmsse,0.601279615796556
store_dept,1,SetTransformer,SetTransformer,CA_1__FOODS_3,1456,142,16346.23046875,0.053445747110506446,rmsse,0.46175922255296115
store_dept,1,SetTransformer,SetTransformer,CA_1__HOBBIES_1,1456,143,4766.98974609375,0.015586182327183756,rmsse,0.587692914357589
store_dept,1,SetTransformer,SetTransformer,CA_1__HOBBIES_2,1456,144,75.88999938964844,0.0002481304618425463,rmsse,0.9749005092303041
store_dept,1,SetTransformer,SetTransformer,CA_1__HOUSEHOLD_1,1456,145,7929.32958984375,0.02592579034198899,rmsse,0.7725825791368404
store_dept,1,SetTransformer,SetTransformer,CA_1__HOUSEHOLD_2,1456,146,2026.1900634765625,0.006624844910722125,rmsse,0.9092069317778825
store_dept,1,SetTransformer,SetTransformer,CA_2__FOODS_1,1456,147,5523.3701171875,0.01805924876963426,rmsse,0.8560019758159974
store_dept,1,SetTransformer,SetTransformer,CA_2__FOODS_2,1456,148,1106.5098876953125,0.003617852308279664,rmsse,0.7250928341379655
store_dept,1,SetTransformer,SetTransformer,CA_2__FOODS_3,1456,149,6962.60986328125,0.022764996902096404,rmsse,0.765785645735083
store_dept,1,SetTransformer,SetTransformer,CA_2__HOBBIES_1,1456,150,3265.800048828125,0.0106778822100197,rmsse,0.8272065972856967
store_dept,1,SetTransformer,SetTransformer,CA_2__HOBBIES_2,1456,151,171.41000366210938,0.0005604433221133114,rmsse,0.9547068251767926
store_dept,1,SetTransformer,SetTransformer,CA_2__HOUSEHOLD_1,1456,152,4655.73974609375,0.015222438565133488,rmsse,0.7697777596505205
store_dept,1,SetTransformer,SetTransformer,CA_2__HOUSEHOLD_2,1456,153,3590.980224609375,0.011741093540202524,rmsse,0.8582492750366868
store_dept,1,SetTransformer,SetTransformer,CA_3__FOODS_1,1456,154,3597.400146484375,0.011762084160740783,rmsse,2.815443331394649
store_dept,1,SetTransformer,SetTransformer,CA_3__FOODS_2,1456,155,5396.5595703125,0.017644628136933457,rmsse,1.2075690148581784
store_dept,1,SetTransformer,SetTransformer,CA_3__FOODS_3,1456,156,18698.630859375,0.06113717154137798,rmsse,0.6067198445078786
store_dept,1,SetTransformer,SetTransformer,CA_3__HOBBIES_1,1456,157,3555.1201171875,0.011623845087338169,rmsse,0.5584205565322906
store_dept,1,SetTransformer,SetTransformer,CA_3__HOBBIES_2,1456,158,144.6400146484375,0.0004729159826627285,rmsse,1.5177937908151762
store_dept,1,SetTransformer,SetTransformer,CA_3__HOUSEHOLD_1,1456,159,12422.94140625,0.040618134317657734,rmsse,0.7626586588715253
store_dept,1,SetTransformer,SetTransformer,CA_3__HOUSEHOLD_2,1456,160,3610.610107421875,0.011805275539508813,rmsse,0.6468054525127874
store_dept,1,SetTransformer,SetTransformer,CA_4__FOODS_1,1456,161,1101.489990234375,0.0036014392171556373,rmsse,0.8150129779949986
store_dept,1,SetTransformer,SetTransformer,CA_4__FOODS_2,1456,162,2318.380126953125,0.007580191543734902,rmsse,0.6970457678387182
store_dept,1,SetTransformer,SetTransformer,CA_4__FOODS_3,1456,163,13401.109375,0.04381635900862577,rmsse,1.019653305282937
store_dept,1,SetTransformer,SetTransformer,CA_4__HOBBIES_1,1456,164,4166.490234375,0.013622785010312501,rmsse,0.6382147703465499
store_dept,1,SetTransformer,SetTransformer,CA_4__HOBBIES_2,1456,165,133.1699981689453,0.00043541353821302905,rmsse,1.375750378463626
store_dept,1,SetTransformer,SetTransformer,CA_4__HOUSEHOLD_1,1456,166,2557.519775390625,0.00836208417634645,rmsse,0.8584671299631884
store_dept,1,SetTransformer,SetTransformer,CA_4__HOUSEHOLD_2,1456,167,1269.179931640625,0.004149719398235174,rmsse,1.0329831270721384
store_dept,1,SetTransformer,SetTransformer,TX_1__FOODS_1,1456,168,1635.070068359375,0.005346036295558005,rmsse,1.1254829965615183
store_dept,1,SetTransformer,SetTransformer,TX_1__FOODS_2,1456,169,4750.099609375,0.015530958220472553,rmsse,0.8500851215891468
store_dept,1,SetTransformer,SetTransformer,TX_1__FOODS_3,1456,170,12488.5888671875,0.04083277570561687,rmsse,0.8350675463743148
store_dept,1,SetTransformer,SetTransformer,TX_1__HOBBIES_1,1456,171,3464.31982421875,0.011326963827475521,rmsse,0.8794299175093296
store_dept,1,SetTransformer,SetTransformer,TX_1__HOBBIES_2,1456,172,71.62999725341797,0.00023420192967738088,rmsse,1.271744528901548
store_dept,1,SetTransformer,SetTransformer,TX_1__HOUSEHOLD_1,1456,173,9295.2705078125,0.030391880123924717,rmsse,0.5265006159332664
store_dept,1,SetTransformer,SetTransformer,TX_1__HOUSEHOLD_2,1456,174,2151.73974609375,0.007035343013008803,rmsse,0.8059226385971341
store_dept,1,SetTransformer,SetTransformer,TX_2__FOODS_1,1456,175,361.9000244140625,0.0011832707987995952,rmsse,0.7887645462095613
store_dept,1,SetTransformer,SetTransformer,TX_2__FOODS_2,1456,176,5210.27978515625,0.017035566475390534,rmsse,0.6081786427154575
store_dept,1,SetTransformer,SetTransformer,TX_2__FOODS_3,1456,177,10461.390625,0.034204634446875555,rmsse,0.5248489318894797
store_dept,1,SetTransformer,SetTransformer,TX_2__HOBBIES_1,1456,178,4692.58984375,0.015342923896849481,rmsse,0.8953406559479018
store_dept,1,SetTransformer,SetTransformer,TX_2__HOBBIES_2,1456,179,90.73001861572266,0.0002966514903566186,rmsse,1.642000940164219
store_dept,1,SetTransformer,SetTransformer,TX_2__HOUSEHOLD_1,1456,180,5899.56005859375,0.01928924197891587,rmsse,0.8893523789244462
store_dept,1,SetTransformer,SetTransformer,TX_2__HOUSEHOLD_2,1456,181,2326.7998046875,0.007607720579729082,rmsse,0.9571342747210446
store_dept,1,SetTransformer,SetTransformer,TX_3__FOODS_1,1456,182,2204.64013671875,0.007208306492558162,rmsse,1.230182917867696
store_dept,1,SetTransformer,SetTransformer,TX_3__FOODS_2,1456,183,5935.8798828125,0.0194079935249683,rmsse,0.9968172780232915
store_dept,1,SetTransformer,SetTransformer,TX_3__FOODS_3,1456,184,10073.9794921875,0.03293795235330814,rmsse,0.9383367317897169
store_dept,1,SetTransformer,SetTransformer,TX_3__HOBBIES_1,1456,185,3583.849853515625,0.01171778003003214,rmsse,0.5397283075686906
store_dept,1,SetTransformer,SetTransformer,TX_3__HOBBIES_2,1456,186,434.71002197265625,0.001421330865557651,rmsse,1.14430952957117
store_dept,1,SetTransformer,SetTransformer,TX_3__HOUSEHOLD_1,1456,187,6016.52978515625,0.019671686998114387,rmsse,1.3292454199731665
store_dept,1,SetTransformer,SetTransformer,TX_3__HOUSEHOLD_2,1456,188,1704.47998046875,0.0055729794196410845,rmsse,1.1007255476298927
store_dept,1,SetTransformer,SetTransformer,WI_1__FOODS_1,1456,189,1631.85986328125,0.005335540187045016,rmsse,0.6781066384552339
store_dept,1,SetTransformer,SetTransformer,WI_1__FOODS_2,1456,190,3612.3798828125,0.011811062009248767,rmsse,2.199379603761725
store_dept,1,SetTransformer,SetTransformer,WI_1__FOODS_3,1456,191,10289.169921875,0.03364154045624517,rmsse,1.0898720930910102
store_dept,1,SetTransformer,SetTransformer,WI_1__HOBBIES_1,1456,192,3086.5498046875,0.010091804383933048,rmsse,0.8760108535077342
store_dept,1,SetTransformer,SetTransformer,WI_1__HOBBIES_2,1456,193,191.8800048828125,0.00062737217832178,rmsse,0.8000719698657245
store_dept,1,SetTransformer,SetTransformer,WI_1__HOUSEHOLD_1,1456,194,6407.7802734375,0.02095092227462159,rmsse,1.2043473117821308
store_dept,1,SetTransformer,SetTransformer,WI_1__HOUSEHOLD_2,1456,195,1338.1900634765625,0.00437535539799777,rmsse,0.9796144083231142
store_dept,1,SetTransformer,SetTransformer,WI_2__FOODS_1,1456,196,5915.73974609375,0.019342143195994952,rmsse,1.1366588784932479
store_dept,1,SetTransformer,SetTransformer,WI_2__FOODS_2,1456,197,5162.1103515625,0.016878071365357086,rmsse,1.0612450254938832
store_dept,1,SetTransformer,SetTransformer,WI_2__FOODS_3,1456,198,10900.6796875,0.035640936974707334,rmsse,1.0163166279411266
store_dept,1,SetTransformer,SetTransformer,WI_2__HOBBIES_1,1456,199,2009.6400146484375,0.006570732757707673,rmsse,0.8979942236081322
store_dept,1,SetTransformer,SetTransformer,WI_2__HOBBIES_2,1456,200,188.1599884033203,0.0006152091869587286,rmsse,1.2218327089940668
store_dept,1,SetTransformer,SetTransformer,WI_2__HOUSEHOLD_1,1456,201,5669.19970703125,0.018536054195504043,rmsse,1.9817722208216373
store_dept,1,SetTransformer,SetTransformer,WI_2__HOUSEHOLD_2,1456,202,1216.85009765625,0.0039786214145862515,rmsse,0.8133811521108034
store_dept,1,SetTransformer,SetTransformer,WI_3__FOODS_1,1456,203,925.02001953125,0.0030244517921448034,rmsse,0.6599562960528365
store_dept,1,SetTransformer,SetTransformer,WI_3__FOODS_2,1456,204,3442.51025390625,0.011255655106988612,rmsse,0.5689142881446027
store_dept,1,SetTransformer,SetTransformer,WI_3__FOODS_3,1456,205,8656.91015625,0.028304692745757747,rmsse,0.7561349776036074
store_dept,1,SetTransformer,SetTransformer,WI_3__HOBBIES_1,1456,206,1414.9700927734375,0.004626395907721592,rmsse,0.7456469714621783
store_dept,1,SetTransformer,SetTransformer,WI_3__HOBBIES_2,1456,207,203.52000427246094,0.0006654304000588906,rmsse,1.007006095685745
store_dept,1,SetTransformer,SetTransformer,WI_3__HOUSEHOLD_1,1456,208,5766.10009765625,0.018852880376448562,rmsse,1.1212784750044364
store_dept,1,SetTransformer,SetTransformer,WI_3__HOUSEHOLD_2,1456,209,1365.7999267578125,0.004465628796106673,rmsse,0.7668254315715693
store_dept,1,SetTransformer,SetTransformer,CA_1__FOODS_1,1484,210,2750.699951171875,0.008241475897105607,rmsse,0.8058386012982541
store_dept,1,SetTransformer,SetTransformer,CA_1__FOODS_2,1484,211,2574.610107421875,0.007713886473049214,rmsse,0.7336646062035658
store_dept,1,SetTransformer,SetTransformer,CA_1__FOODS_3,1484,212,15957.6005859375,0.04781116913482821,rmsse,0.7675063311015659
store_dept,1,SetTransformer,SetTransformer,CA_1__HOBBIES_1,1484,213,4508.57958984375,0.013508325400612845,rmsse,0.6779177793760534
store_dept,1,SetTransformer,SetTransformer,CA_1__HOBBIES_2,1484,214,108.56000518798828,0.00032526072709795196,rmsse,0.8677754918421371
store_dept,1,SetTransformer,SetTransformer,CA_1__HOUSEHOLD_1,1484,215,7592.0693359375,0.022746885357171353,rmsse,0.871116290219738
store_dept,1,SetTransformer,SetTransformer,CA_1__HOUSEHOLD_2,1484,216,2289.559814453125,0.006859836536427081,rmsse,0.7647687775110209
store_dept,1,SetTransformer,SetTransformer,CA_2__FOODS_1,1484,217,5074.2099609375,0.015203031894519624,rmsse,0.6422483842910954
store_dept,1,SetTransformer,SetTransformer,CA_2__FOODS_2,1484,218,1083.4000244140625,0.003246015685690545,rmsse,0.6505224888937831
store_dept,1,SetTransformer,SetTransformer,CA_2__FOODS_3,1484,219,5541.22021484375,0.01660225893476071,rmsse,0.43851865377122323
store_dept,1,SetTransformer,SetTransformer,CA_2__HOBBIES_1,1484,220,3338.400146484375,0.01000230662396433,rmsse,0.9665248779006566
store_dept,1,SetTransformer,SetTransformer,CA_2__HOBBIES_2,1484,221,104.07000732421875,0.00031180807510784763,rmsse,0.8047560255347358
store_dept,1,SetTransformer,SetTransformer,CA_2__HOUSEHOLD_1,1484,222,4916.0400390625,0.014729133024443106,rmsse,0.6125206695238077
store_dept,1,SetTransformer,SetTransformer,CA_2__HOUSEHOLD_2,1484,223,4333.8798828125,0.012984901017624045,rmsse,0.7581519056867909
store_dept,1,SetTransformer,SetTransformer,CA_3__FOODS_1,1484,224,9336.0205078125,0.027972003255840636,rmsse,1.6384985779816212
store_dept,1,SetTransformer,SetTransformer,CA_3__FOODS_2,1484,225,5448.72021484375,0.01632511619508913,rmsse,1.0892198999574834
store_dept,1,SetTransformer,SetTransformer,CA_3__FOODS_3,1484,226,20011.78125,0.059958052771172506,rmsse,0.9327799626371222
store_dept,1,SetTransformer,SetTransformer,CA_3__HOBBIES_1,1484,227,3702.189697265625,0.011092270221449853,rmsse,0.619528875815933
store_dept,1,SetTransformer,SetTransformer,CA_3__HOBBIES_2,1484,228,152.62001037597656,0.00045727057085733923,rmsse,1.3413768215146578
store_dept,1,SetTransformer,SetTransformer,CA_3__HOUSEHOLD_1,1484,229,13662.9091796875,0.04093595764262316,rmsse,0.9471521579525587
store_dept,1,SetTransformer,SetTransformer,CA_3__HOUSEHOLD_2,1484,230,4085.999755859375,0.012242218017689674,rmsse,0.6211576062095456
store_dept,1,SetTransformer,SetTransformer,CA_4__FOODS_1,1484,231,1109.9600830078125,0.003325593279252812,rmsse,0.7988719101709594
store_dept,1,SetTransformer,SetTransformer,CA_4__FOODS_2,1484,232,2251.1201171875,0.00674466590926663,rmsse,0.7325330183441773
store_dept,1,SetTransformer,SetTransformer,CA_4__FOODS_3,1484,233,13889.87890625,0.041615990203077664,rmsse,0.9614419966440408
store_dept,1,SetTransformer,SetTransformer,CA_4__HOBBIES_1,1484,234,4478.490234375,0.013418173547536503,rmsse,0.8502099379359893
store_dept,1,SetTransformer,SetTransformer,CA_4__HOBBIES_2,1484,235,114.2300033569336,0.00034224882251929656,rmsse,1.098177264034658
store_dept,1,SetTransformer,SetTransformer,CA_4__HOUSEHOLD_1,1484,236,2712.33984375,0.008126543732078637,rmsse,0.9535352888386569
store_dept,1,SetTransformer,SetTransformer,CA_4__HOUSEHOLD_2,1484,237,1369.1099853515625,0.004102042078400602,rmsse,1.0604106202897419
store_dept,1,SetTransformer,SetTransformer,TX_1__FOODS_1,1484,238,1868.1302490234375,0.005597175516515848,rmsse,1.2116315910711215
store_dept,1,SetTransformer,SetTransformer,TX_1__FOODS_2,1484,239,4883.66015625,0.01463211843597931,rmsse,1.1594488760943344
store_dept,1,SetTransformer,SetTransformer,TX_1__FOODS_3,1484,240,12800.3701171875,0.03835167181716359,rmsse,0.9319289094135375
store_dept,1,SetTransformer,SetTransformer,TX_1__HOBBIES_1,1484,241,3802.519775390625,0.01139287295359068,rmsse,0.8302545853988875
store_dept,1,SetTransformer,SetTransformer,TX_1__HOBBIES_2,1484,242,99.31999969482422,0.0002975763980497792,rmsse,0.9923022482706014
store_dept,1,SetTransformer,SetTransformer,TX_1__HOUSEHOLD_1,1484,243,10962.83984375,0.032846178041920936,rmsse,0.7296260739100278
store_dept,1,SetTransformer,SetTransformer,TX_1__HOUSEHOLD_2,1484,244,2500.9599609375,0.007493220490628747,rmsse,0.8975048014062137
store_dept,1,SetTransformer,SetTransformer,TX_2__FOODS_1,1484,245,587.6199951171875,0.0017605904360279002,rmsse,0.7467734238823832
store_dept,1,SetTransformer,SetTransformer,TX_2__FOODS_2,1484,246,5717.83935546875,0.017131434205152642,rmsse,0.7802871414943965
store_dept,1,SetTransformer,SetTransformer,TX_2__FOODS_3,1484,247,9579.8203125,0.028702461048299998,rmsse,0.8074087732559262
store_dept,1,SetTransformer,SetTransformer,TX_2__HOBBIES_1,1484,248,4880.6796875,0.014623188541115736,rmsse,0.5343756962172227
store_dept,1,SetTransformer,SetTransformer,TX_2__HOBBIES_2,1484,249,154.08999633789062,0.0004616748512547839,rmsse,0.8662003926723281
store_dept,1,SetTransformer,SetTransformer,TX_2__HOUSEHOLD_1,1484,250,7287.9599609375,0.021835731785849046,rmsse,0.6704608141588498
store_dept,1,SetTransformer,SetTransformer,TX_2__HOUSEHOLD_2,1484,251,3117.18994140625,0.0093395303831139,rmsse,1.100471467098646
store_dept,1,SetTransformer,SetTransformer,TX_3__FOODS_1,1484,252,1843.5001220703125,0.005523380263951004,rmsse,0.9973938352812736
store_dept,1,SetTransformer,SetTransformer,TX_3__FOODS_2,1484,253,5230.93017578125,0.01567258724266791,rmsse,0.8883134904848164
store_dept,1,SetTransformer,SetTransformer,TX_3__FOODS_3,1484,254,11309.3408203125,0.03388434268995781,rmsse,0.657163120656675
store_dept,1,SetTransformer,SetTransformer,TX_3__HOBBIES_1,1484,255,3631.72998046875,0.010881163205778826,rmsse,0.6527509284542149
store_dept,1,SetTransformer,SetTransformer,TX_3__HOBBIES_2,1484,256,557.4199829101562,0.0016701070401233386,rmsse,0.7827895882184637
store_dept,1,SetTransformer,SetTransformer,TX_3__HOUSEHOLD_1,1484,257,7958.6201171875,0.023845121981434972,rmsse,1.3805819038635165
store_dept,1,SetTransformer,SetTransformer,TX_3__HOUSEHOLD_2,1484,258,1714.570068359375,0.005137088065989341,rmsse,0.9107314986692634
store_dept,1,SetTransformer,SetTransformer,WI_1__FOODS_1,1484,259,2116.869873046875,0.006342433688048123,rmsse,0.4785611269497275
store_dept,1,SetTransformer,SetTransformer,WI_1__FOODS_2,1484,260,5019.87060546875,0.015040223701583436,rmsse,1.3909589250403855
store_dept,1,SetTransformer,SetTransformer,WI_1__FOODS_3,1484,261,11074.80859375,0.03318165183794907,rmsse,1.1476649140839394
store_dept,1,SetTransformer,SetTransformer,WI_1__HOBBIES_1,1484,262,3231.119873046875,0.009680880149443405,rmsse,0.7826050348415369
store_dept,1,SetTransformer,SetTransformer,WI_1__HOBBIES_2,1484,263,225.09002685546875,0.0006744007212483812,rmsse,1.0264254360866882
store_dept,1,SetTransformer,SetTransformer,WI_1__HOUSEHOLD_1,1484,264,6614.83935546875,0.019818969745535472,rmsse,1.0923174397560487
store_dept,1,SetTransformer,SetTransformer,WI_1__HOUSEHOLD_2,1484,265,1561.4200439453125,0.004678229500077088,rmsse,1.0834309793282366
store_dept,1,SetTransformer,SetTransformer,WI_2__FOODS_1,1484,266,6272.16015625,0.018792255668779265,rmsse,1.0137832831149727
store_dept,1,SetTransformer,SetTransformer,WI_2__FOODS_2,1484,267,5544.1298828125,0.01661097670073254,rmsse,0.8462711556618651
store_dept,1,SetTransformer,SetTransformer,WI_2__FOODS_3,1484,268,10494.5595703125,0.03144314584824928,rmsse,0.6988195580567471
store_dept,1,SetTransformer,SetTransformer,WI_2__HOBBIES_1,1484,269,2633.489990234375,0.00789029871125676,rmsse,0.7212214404113269
store_dept,1,SetTransformer,SetTransformer,WI_2__HOBBIES_2,1484,270,269.3800048828125,0.000807099595307758,rmsse,1.3001108425575356
store_dept,1,SetTransformer,SetTransformer,WI_2__HOUSEHOLD_1,1484,271,8928.4091796875,0.026750743578027276,rmsse,1.1955584065497675
store_dept,1,SetTransformer,SetTransformer,WI_2__HOUSEHOLD_2,1484,272,1402.010009765625,0.004200615082739795,rmsse,1.1222814035616056
store_dept,1,SetTransformer,SetTransformer,WI_3__FOODS_1,1484,273,1203.949951171875,0.003607199869137778,rmsse,0.7869671292902483
store_dept,1,SetTransformer,SetTransformer,WI_3__FOODS_2,1484,274,3890.659912109375,0.01165695294240433,rmsse,0.7029069828187757
store_dept,1,SetTransformer,SetTransformer,WI_3__FOODS_3,1484,275,10367.890625,0.031063628242463157,rmsse,0.4618353600304757
store_dept,1,SetTransformer,SetTransformer,WI_3__HOBBIES_1,1484,276,1458.8900146484375,0.0043710354112344516,rmsse,0.6671777430592499
store_dept,1,SetTransformer,SetTransformer,WI_3__HOBBIES_2,1484,277,191.25999450683594,0.0005730412850507764,rmsse,1.1151043179061935
store_dept,1,SetTransformer,SetTransformer,WI_3__HOUSEHOLD_1,1484,278,6748.8603515625,0.020220515108032085,rmsse,1.217363641791557
store_dept,1,SetTransformer,SetTransformer,WI_3__HOUSEHOLD_2,1484,279,1525.97998046875,0.00457204618887677,rmsse,0.7834065581531323
store_dept,1,SetTransformer_Q,SetTransformer,CA_1__FOODS_1,1400,0,2534.880126953125,0.00802800778369643,mean_spl,0.356047240904891
store_dept,1,SetTransformer_Q,SetTransformer,CA_1__FOODS_2,1400,1,3790.949951171875,0.01200600193753233,mean_spl,0.27680513890269226
store_dept,1,SetTransformer_Q,SetTransformer,CA_1__FOODS_3,1400,2,20035.8984375,0.06345402565561853,mean_spl,0.19776864679305864
store_dept,1,SetTransformer_Q,SetTransformer,CA_1__HOBBIES_1,1400,3,4374.78955078125,0.013855031720146955,mean_spl,0.18991354566579532
store_dept,1,SetTransformer_Q,SetTransformer,CA_1__HOBBIES_2,1400,4,108.97000885009766,0.00034510984165928173,mean_spl,0.34100685275987624
store_dept,1,SetTransformer_Q,SetTransformer,CA_1__HOUSEHOLD_1,1400,5,7329.38037109375,0.02321227029364002,mean_spl,0.21865122028416437
store_dept,1,SetTransformer_Q,SetTransformer,CA_1__HOUSEHOLD_2,1400,6,1822.10009765625,0.005770621502422193,mean_spl,0.2206272167121734
store_dept,1,SetTransformer_Q,SetTransformer,CA_2__FOODS_1,1400,7,5192.7197265625,0.016445430275042205,mean_spl,0.45975797443828614
store_dept,1,SetTransformer_Q,SetTransformer,CA_2__FOODS_2,1400,8,1038.47998046875,0.003288883477277823,mean_spl,0.19126768342641517
store_dept,1,SetTransformer_Q,SetTransformer,CA_2__FOODS_3,1400,9,6921.8095703125,0.021921486746801406,mean_spl,0.21569616686903895
store_dept,1,SetTransformer_Q,SetTransformer,CA_2__HOBBIES_1,1400,10,3034.0205078125,0.009608793723074448,mean_spl,0.12510265440290047
store_dept,1,SetTransformer_Q,SetTransformer,CA_2__HOBBIES_2,1400,11,203.6199951171875,0.0006448679321502443,mean_spl,0.356449366979396
store_dept,1,SetTransformer_Q,SetTransformer,CA_2__HOUSEHOLD_1,1400,12,5629.84033203125,0.01782979854784697,mean_spl,0.1902902223602549
store_dept,1,SetTransformer_Q,SetTransformer,CA_2__HOUSEHOLD_2,1400,13,3840.219970703125,0.012162040913929681,mean_spl,0.223411321793976
store_dept,1,SetTransformer_Q,SetTransformer,CA_3__FOODS_1,1400,14,2600.739990234375,0.008236587072883795,mean_spl,0.2679335583146277
store_dept,1,SetTransformer_Q,SetTransformer,CA_3__FOODS_2,1400,15,6161.9501953125,0.019514999389804777,mean_spl,0.2488189046873102
store_dept,1,SetTransformer_Q,SetTransformer,CA_3__FOODS_3,1400,16,21207.578125,0.06716475483418333,mean_spl,0.4386421029493742
store_dept,1,SetTransformer_Q,SetTransformer,CA_3__HOBBIES_1,1400,17,3180.329833984375,0.010072157807571416,mean_spl,0.1198724123857607
store_dept,1,SetTransformer_Q,SetTransformer,CA_3__HOBBIES_2,1400,18,159.17001342773438,0.0005040940962619912,mean_spl,0.2787741873556786
store_dept,1,SetTransformer_Q,SetTransformer,CA_3__HOUSEHOLD_1,1400,19,15256.3203125,0.048317021746717426,mean_spl,0.23963485286848218
store_dept,1,SetTransformer_Q,SetTransformer,CA_3__HOUSEHOLD_2,1400,20,3660.459716796875,0.011592737181491168,mean_spl,0.23630852833469584
store_dept,1,SetTransformer_Q,SetTransformer,CA_4__FOODS_1,1400,21,800.9999389648438,0.0025367802115673944,mean_spl,0.24205548478653258
store_dept,1,SetTransformer_Q,SetTransformer,CA_4__FOODS_2,1400,22,2468.130126953125,0.0078166094166242,mean_spl,0.1754277807523671
store_dept,1,SetTransformer_Q,SetTransformer,CA_4__FOODS_3,1400,23,14084.80078125,0.04460679978567662,mean_spl,0.34843174101373847
store_dept,1,SetTransformer_Q,SetTransformer,CA_4__HOBBIES_1,1400,24,4406.7998046875,0.013956408729964913,mean_spl,0.21338178676637648
store_dept,1,SetTransformer_Q,SetTransformer,CA_4__HOBBIES_2,1400,25,147.14999389648438,0.0004660264932495184,mean_spl,0.355200633194823
store_dept,1,SetTransformer_Q,SetTransformer,CA_4__HOUSEHOLD_1,1400,26,3093.73046875,0.009797896168619528,mean_spl,0.21873183783425434
store_dept,1,SetTransformer_Q,SetTransformer,CA_4__HOUSEHOLD_2,1400,27,1551.5699462890625,0.004913847985675728,mean_spl,0.20860709261145607
store_dept,1,SetTransformer_Q,SetTransformer,TX_1__FOODS_1,1400,28,1099.670166015625,0.003482673818932596,mean_spl,0.23789978150595598
store_dept,1,SetTransformer_Q,SetTransformer,TX_1__FOODS_2,1400,29,5270.68017578125,0.016692332322398928,mean_spl,0.21338480106314142
store_dept,1,SetTransformer_Q,SetTransformer,TX_1__FOODS_3,1400,30,12843.529296875,0.04067567222177853,mean_spl,0.329053893987704
store_dept,1,SetTransformer_Q,SetTransformer,TX_1__HOBBIES_1,1400,31,1789.60986328125,0.005667724386427151,mean_spl,0.19129380380686328
store_dept,1,SetTransformer_Q,SetTransformer,TX_1__HOBBIES_2,1400,32,134.47000122070312,0.00042586874424355603,mean_spl,0.43297526514353923
store_dept,1,SetTransformer_Q,SetTransformer,TX_1__HOUSEHOLD_1,1400,33,8660.240234375,0.02742712575281046,mean_spl,0.17630930081939974
store_dept,1,SetTransformer_Q,SetTransformer,TX_1__HOUSEHOLD_2,1400,34,2288.57958984375,0.007247969860791038,mean_spl,0.20853210137379466
store_dept,1,SetTransformer_Q,SetTransformer,TX_2__FOODS_1,1400,35,291.9399719238281,0.0009245787767462147,mean_spl,0.19901366897803338
store_dept,1,SetTransformer_Q,SetTransformer,TX_2__FOODS_2,1400,36,5107.86962890625,0.01617670859578452,mean_spl,0.22238714218594843
store_dept,1,SetTransformer_Q,SetTransformer,TX_2__FOODS_3,1400,37,8904.830078125,0.028201745881217977,mean_spl,0.19712539846431387
store_dept,1,SetTransformer_Q,SetTransformer,TX_2__HOBBIES_1,1400,38,4373.8798828125,0.013852150786466481,mean_spl,0.171281876195042
store_dept,1,SetTransformer_Q,SetTransformer,TX_2__HOBBIES_2,1400,39,197.4000244140625,0.0006251691808412146,mean_spl,0.4984792972795271
store_dept,1,SetTransformer_Q,SetTransformer,TX_2__HOUSEHOLD_1,1400,40,5818.68994140625,0.018427888421166872,mean_spl,0.17415358368696526
store_dept,1,SetTransformer_Q,SetTransformer,TX_2__HOUSEHOLD_2,1400,41,2689.76953125,0.008518545119204293,mean_spl,0.18691526857249158
store_dept,1,SetTransformer_Q,SetTransformer,TX_3__FOODS_1,1400,42,2627.969970703125,0.008322824876726528,mean_spl,0.23714271624501615
store_dept,1,SetTransformer_Q,SetTransformer,TX_3__FOODS_2,1400,43,4778.7197265625,0.015134285346684108,mean_spl,0.282395071312756
store_dept,1,SetTransformer_Q,SetTransformer,TX_3__FOODS_3,1400,44,10290.4501953125,0.03259002798093137,mean_spl,0.21170243374831346
store_dept,1,SetTransformer_Q,SetTransformer,TX_3__HOBBIES_1,1400,45,3314.3798828125,0.010496696555559706,mean_spl,0.19244081678039618
store_dept,1,SetTransformer_Q,SetTransformer,TX_3__HOBBIES_2,1400,46,660.9500122070312,0.0020932397497668413,mean_spl,0.26168997976309183
store_dept,1,SetTransformer_Q,SetTransformer,TX_3__HOUSEHOLD_1,1400,47,6043.7099609375,0.019140530588769383,mean_spl,0.2628521983171024
store_dept,1,SetTransformer_Q,SetTransformer,TX_3__HOUSEHOLD_2,1400,48,1907.5799560546875,0.0060413376444895354,mean_spl,0.19686779108995622
store_dept,1,SetTransformer_Q,SetTransformer,WI_1__FOODS_1,1400,49,1315.530029296875,0.004166305618394634,mean_spl,0.24576935263695546
store_dept,1,SetTransformer_Q,SetTransformer,WI_1__FOODS_2,1400,50,5126.64990234375,0.01623618603605205,mean_spl,0.29859759306746075
store_dept,1,SetTransformer_Q,SetTransformer,WI_1__FOODS_3,1400,51,9099.6494140625,0.02881874197846567,mean_spl,0.2027670649911554
store_dept,1,SetTransformer_Q,SetTransformer,WI_1__HOBBIES_1,1400,52,2961.169921875,0.009378074698243847,mean_spl,0.19037059607604262
store_dept,1,SetTransformer_Q,SetTransformer,WI_1__HOBBIES_2,1400,53,501.1199951171875,0.0015870554108616797,mean_spl,0.3256267342427988
store_dept,1,SetTransformer_Q,SetTransformer,WI_1__HOUSEHOLD_1,1400,54,6771.36083984375,0.021445013099622625,mean_spl,0.1979399519142389
store_dept,1,SetTransformer_Q,SetTransformer,WI_1__HOUSEHOLD_2,1400,55,1590.169921875,0.005036094754333332,mean_spl,0.19639103651431475
store_dept,1,SetTransformer_Q,SetTransformer,WI_2__FOODS_1,1400,56,5482.02001953125,0.017361649144362227,mean_spl,0.25923684008007836
store_dept,1,SetTransformer_Q,SetTransformer,WI_2__FOODS_2,1400,57,4937.390625,0.015636798737419254,mean_spl,0.3469798298654771
store_dept,1,SetTransformer_Q,SetTransformer,WI_2__FOODS_3,1400,58,11386.9404296875,0.03606263090314143,mean_spl,0.1960546968340246
store_dept,1,SetTransformer_Q,SetTransformer,WI_2__HOBBIES_1,1400,59,2255.1298828125,0.00714203407883672,mean_spl,0.10009608723303393
store_dept,1,SetTransformer_Q,SetTransformer,WI_2__HOBBIES_2,1400,60,364.6100158691406,0.0011547260220661582,mean_spl,0.26317941427780656
store_dept,1,SetTransformer_Q,SetTransformer,WI_2__HOUSEHOLD_1,1400,61,7108.89013671875,0.022513974031434052,mean_spl,0.23308694523204768
store_dept,1,SetTransformer_Q,SetTransformer,WI_2__HOUSEHOLD_2,1400,62,1695.1500244140625,0.005368568495933828,mean_spl,0.39272109303393704
store_dept,1,SetTransformer_Q,SetTransformer,WI_3__FOODS_1,1400,63,692.8200073242188,0.0021941725576525846,mean_spl,0.22787849161286747
store_dept,1,SetTransformer_Q,SetTransformer,WI_3__FOODS_2,1400,64,2820.5400390625,0.008932697505912439,mean_spl,0.14092712173991795
store_dept,1,SetTransformer_Q,SetTransformer,WI_3__FOODS_3,1400,65,9481.390625,0.030027722782006692,mean_spl,0.18691703734559031
store_dept,1,SetTransformer_Q,SetTransformer,WI_3__HOBBIES_1,1400,66,1108.2099609375,0.003509719492365047,mean_spl,0.1611043193848834
store_dept,1,SetTransformer_Q,SetTransformer,WI_3__HOBBIES_2,1400,67,193.62002563476562,0.0006131978614482801,mean_spl,0.28385361749325005
store_dept,1,SetTransformer_Q,SetTransformer,WI_3__HOUSEHOLD_1,1400,68,5660.31982421875,0.0179263276096841,mean_spl,0.17684811939033826
store_dept,1,SetTransformer_Q,SetTransformer,WI_3__HOUSEHOLD_2,1400,69,1469.56005859375,0.0046541212988957135,mean_spl,0.16272963296627013
store_dept,1,SetTransformer_Q,SetTransformer,CA_1__FOODS_1,1428,70,2881.009765625,0.00971167693421073,mean_spl,0.19409360000234738
store_dept,1,SetTransformer_Q,SetTransformer,CA_1__FOODS_2,1428,71,3028.739990234375,0.010209664907713276,mean_spl,0.2845934991967949
store_dept,1,SetTransformer_Q,SetTransformer,CA_1__FOODS_3,1428,72,17379.240234375,0.05858417022119037,mean_spl,0.1131422583617949
store_dept,1,SetTransformer_Q,SetTransformer,CA_1__HOBBIES_1,1428,73,4555.51025390625,0.015356297775972345,mean_spl,0.10996183058534133
store_dept,1,SetTransformer_Q,SetTransformer,CA_1__HOBBIES_2,1428,74,137.61000061035156,0.00046387342548780114,mean_spl,0.25679614077775015
store_dept,1,SetTransformer_Q,SetTransformer,CA_1__HOUSEHOLD_1,1428,75,7676.58984375,0.025877232839844246,mean_spl,0.19847340742315314
store_dept,1,SetTransformer_Q,SetTransformer,CA_1__HOUSEHOLD_2,1428,76,1916.8399658203125,0.0064615298097026605,mean_spl,0.20439527352870895
store_dept,1,SetTransformer_Q,SetTransformer,CA_2__FOODS_1,1428,77,6096.4599609375,0.020550728529075902,mean_spl,0.2723035452029367
store_dept,1,SetTransformer_Q,SetTransformer,CA_2__FOODS_2,1428,78,1176.2100830078125,0.003964919685183707,mean_spl,0.1455172920834757
store_dept,1,SetTransformer_Q,SetTransformer,CA_2__FOODS_3,1428,79,6246.8994140625,0.021057849117260507,mean_spl,0.1626845231348654
store_dept,1,SetTransformer_Q,SetTransformer,CA_2__HOBBIES_1,1428,80,3396.8203125,0.01145043722939558,mean_spl,0.14214057162527782
store_dept,1,SetTransformer_Q,SetTransformer,CA_2__HOBBIES_2,1428,81,285.5199890136719,0.0009624673698246338,mean_spl,0.3951065300692871
store_dept,1,SetTransformer_Q,SetTransformer,CA_2__HOUSEHOLD_1,1428,82,5252.22998046875,0.017704889918491087,mean_spl,0.1669681743652346
store_dept,1,SetTransformer_Q,SetTransformer,CA_2__HOUSEHOLD_2,1428,83,3639.599853515625,0.012268829619699825,mean_spl,0.15629450099991188
store_dept,1,SetTransformer_Q,SetTransformer,CA_3__FOODS_1,1428,84,4115.68017578125,0.013873662182138452,mean_spl,0.17012692647257507
store_dept,1,SetTransformer_Q,SetTransformer,CA_3__FOODS_2,1428,85,5033.7099609375,0.01696827463218902,mean_spl,0.24610361263673625
store_dept,1,SetTransformer_Q,SetTransformer,CA_3__FOODS_3,1428,86,14958.3798828125,0.05042362390241922,mean_spl,0.366768634751514
store_dept,1,SetTransformer_Q,SetTransformer,CA_3__HOBBIES_1,1428,87,3385.639892578125,0.011412748837094519,mean_spl,0.1067776888747606
store_dept,1,SetTransformer_Q,SetTransformer,CA_3__HOBBIES_2,1428,88,138.29000854492188,0.00046616568338017037,mean_spl,0.2643237578067469
store_dept,1,SetTransformer_Q,SetTransformer,CA_3__HOUSEHOLD_1,1428,89,12973.5986328125,0.043733068904978134,mean_spl,0.2456103247788983
store_dept,1,SetTransformer_Q,SetTransformer,CA_3__HOUSEHOLD_2,1428,90,3606.880126953125,0.012158533772201446,mean_spl,0.15951966114928773
store_dept,1,SetTransformer_Q,SetTransformer,CA_4__FOODS_1,1428,91,1172.2100830078125,0.003951435972563103,mean_spl,0.236943047756018
store_dept,1,SetTransformer_Q,SetTransformer,CA_4__FOODS_2,1428,92,2446.81982421875,0.008248053836040974,mean_spl,0.11433917324731808
store_dept,1,SetTransformer_Q,SetTransformer,CA_4__FOODS_3,1428,93,12146.060546875,0.04094349747163152,mean_spl,0.3223580756050849
store_dept,1,SetTransformer_Q,SetTransformer,CA_4__HOBBIES_1,1428,94,4523.10009765625,0.015247045467756373,mean_spl,0.18156474851814264
store_dept,1,SetTransformer_Q,SetTransformer,CA_4__HOBBIES_2,1428,95,192.11001586914062,0.0006475890613798205,mean_spl,0.26213914361217927
store_dept,1,SetTransformer_Q,SetTransformer,CA_4__HOUSEHOLD_1,1428,96,2680.539794921875,0.009035907065705241,mean_spl,0.2325211942061034
store_dept,1,SetTransformer_Q,SetTransformer,CA_4__HOUSEHOLD_2,1428,97,1397.27001953125,0.004710096849186489,mean_spl,0.23194777769230082
store_dept,1,SetTransformer_Q,SetTransformer,TX_1__FOODS_1,1428,98,1474.8299560546875,0.0049715458229250805,mean_spl,0.2746691850749089
store_dept,1,SetTransformer_Q,SetTransformer,TX_1__FOODS_2,1428,99,4453.5302734375,0.015012530588548472,mean_spl,0.27019474129821813
store_dept,1,SetTransformer_Q,SetTransformer,TX_1__FOODS_3,1428,100,14679.5400390625,0.049483674822344406,mean_spl,0.16774159349688753
store_dept,1,SetTransformer_Q,SetTransformer,TX_1__HOBBIES_1,1428,101,1853.7698974609375,0.006248925140522736,mean_spl,0.24761068907767342
store_dept,1,SetTransformer_Q,SetTransformer,TX_1__HOBBIES_2,1428,102,145.88999938964844,0.0004917847064975501,mean_spl,0.29819712946820814
store_dept,1,SetTransformer_Q,SetTransformer,TX_1__HOUSEHOLD_1,1428,103,7812.1103515625,0.026334062735229785,mean_spl,0.2298751347508509
store_dept,1,SetTransformer_Q,SetTransformer,TX_1__HOUSEHOLD_2,1428,104,2206.56005859375,0.007438155427545645,mean_spl,0.18091826950786
store_dept,1,SetTransformer_Q,SetTransformer,TX_2__FOODS_1,1428,105,483.739990234375,0.0016306527528535974,mean_spl,0.14442074892407003
store_dept,1,SetTransformer_Q,SetTransformer,TX_2__FOODS_2,1428,106,4613.14013671875,0.015550563970523063,mean_spl,0.19164835763797486
store_dept,1,SetTransformer_Q,SetTransformer,TX_2__FOODS_3,1428,107,8164.220703125,0.02752100143303199,mean_spl,0.1948036259159533
store_dept,1,SetTransformer_Q,SetTransformer,TX_2__HOBBIES_1,1428,108,4474.919921875,0.015084633556695225,mean_spl,0.18761650032501836
store_dept,1,SetTransformer_Q,SetTransformer,TX_2__HOBBIES_2,1428,109,192.6400146484375,0.000649375649187148,mean_spl,0.26759452812087686
store_dept,1,SetTransformer_Q,SetTransformer,TX_2__HOUSEHOLD_1,1428,110,5262.77978515625,0.017740452552143526,mean_spl,0.15699611337979227
store_dept,1,SetTransformer_Q,SetTransformer,TX_2__HOUSEHOLD_2,1428,111,2721.85009765625,0.009175161128290362,mean_spl,0.17438027330141564
store_dept,1,SetTransformer_Q,SetTransformer,TX_3__FOODS_1,1428,112,2241.560302734375,0.007556138735956442,mean_spl,0.27367666974079013
store_dept,1,SetTransformer_Q,SetTransformer,TX_3__FOODS_2,1428,113,4897.92041015625,0.016510537812285175,mean_spl,0.3366283774950418
store_dept,1,SetTransformer_Q,SetTransformer,TX_3__FOODS_3,1428,114,10864.189453125,0.03662240211043524,mean_spl,0.14559935115122596
store_dept,1,SetTransformer_Q,SetTransformer,TX_3__HOBBIES_1,1428,115,3003.18017578125,0.010123504609532798,mean_spl,0.23167369346487204
store_dept,1,SetTransformer_Q,SetTransformer,TX_3__HOBBIES_2,1428,116,616.1599731445312,0.0020770310015500774,mean_spl,0.23345073576637196
store_dept,1,SetTransformer_Q,SetTransformer,TX_3__HOUSEHOLD_1,1428,117,5872.830078125,0.019796888260770095,mean_spl,0.22782676587032796
store_dept,1,SetTransformer_Q,SetTransformer,TX_3__HOUSEHOLD_2,1428,118,1696.2901611328125,0.00571807226346848,mean_spl,0.19912568417460372
store_dept,1,SetTransformer_Q,SetTransformer,WI_1__FOODS_1,1428,119,2146.969970703125,0.007237281522507205,mean_spl,0.1932400338775035
store_dept,1,SetTransformer_Q,SetTransformer,WI_1__FOODS_2,1428,120,4014.5703125,0.013532828097240204,mean_spl,0.28162595202240165
store_dept,1,SetTransformer_Q,SetTransformer,WI_1__FOODS_3,1428,121,9125.5302734375,0.030761506929414647,mean_spl,0.22250307932333074
store_dept,1,SetTransformer_Q,SetTransformer,WI_1__HOBBIES_1,1428,122,3084.539794921875,0.010397762040386305,mean_spl,0.24558162308147674
store_dept,1,SetTransformer_Q,SetTransformer,WI_1__HOBBIES_2,1428,123,396.3399963378906,0.0013360336526678995,mean_spl,0.3444316013696368
store_dept,1,SetTransformer_Q,SetTransformer,WI_1__HOUSEHOLD_1,1428,124,6081.40966796875,0.02049999507276427,mean_spl,0.2372716226939814
store_dept,1,SetTransformer_Q,SetTransformer,WI_1__HOUSEHOLD_2,1428,125,1323.6800537109375,0.0044620303614661865,mean_spl,0.1813207548462869
store_dept,1,SetTransformer_Q,SetTransformer,WI_2__FOODS_1,1428,126,5421.16015625,0.018274341404286736,mean_spl,0.3057441393839389
store_dept,1,SetTransformer_Q,SetTransformer,WI_2__FOODS_2,1428,127,4649.7607421875,0.015674009400556355,mean_spl,0.3914256658096122
store_dept,1,SetTransformer_Q,SetTransformer,WI_2__FOODS_3,1428,128,9309.48046875,0.03138158982193911,mean_spl,0.2178947752371377
store_dept,1,SetTransformer_Q,SetTransformer,WI_2__HOBBIES_1,1428,129,2121.9599609375,0.007152974576427655,mean_spl,0.12562406206281498
store_dept,1,SetTransformer_Q,SetTransformer,WI_2__HOBBIES_2,1428,130,375.5899963378906,0.0012660868934485131,mean_spl,0.2347198253394902
store_dept,1,SetTransformer_Q,SetTransformer,WI_2__HOUSEHOLD_1,1428,131,6711.8798828125,0.02262526487096526,mean_spl,0.3027646907781255
store_dept,1,SetTransformer_Q,SetTransformer,WI_2__HOUSEHOLD_2,1428,132,1439.0299072265625,0.004850866430374568,mean_spl,0.2570896215425192
store_dept,1,SetTransformer_Q,SetTransformer,WI_3__FOODS_1,1428,133,929.1700439453125,0.003132165462058286,mean_spl,0.18913113567278395
store_dept,1,SetTransformer_Q,SetTransformer,WI_3__FOODS_2,1428,134,2609.89013671875,0.00879775214371652,mean_spl,0.11627799684480397
store_dept,1,SetTransformer_Q,SetTransformer,WI_3__FOODS_3,1428,135,8626.4794921875,0.029079242600048846,mean_spl,0.10999497490465035
store_dept,1,SetTransformer_Q,SetTransformer,WI_3__HOBBIES_1,1428,136,1020.0800170898438,0.0034386164501152214,mean_spl,0.18776836790439105
store_dept,1,SetTransformer_Q,SetTransformer,WI_3__HOBBIES_2,1428,137,304.1199951171875,0.0010251666540849577,mean_spl,0.2368015030686904
store_dept,1,SetTransformer_Q,SetTransformer,WI_3__HOUSEHOLD_1,1428,138,5473.14013671875,0.018449562183953053,mean_spl,0.20140919512510802
store_dept,1,SetTransformer_Q,SetTransformer,WI_3__HOUSEHOLD_2,1428,139,1318.199951171875,0.004443557329524146,mean_spl,0.18222969370476172
store_dept,1,SetTransformer_Q,SetTransformer,CA_1__FOODS_1,1456,140,2639.52001953125,0.008630192736281295,mean_spl,0.22177517319263393
store_dept,1,SetTransformer_Q,SetTransformer,CA_1__FOODS_2,1456,141,2164.300048828125,0.007076410264865808,mean_spl,0.14729899924982207
store_dept,1,SetTransformer_Q,SetTransformer,CA_1__FOODS_3,1456,142,16346.23046875,0.053445747110506446,mean_spl,0.10634191204700827
store_dept,1,SetTransformer_Q,SetTransformer,CA_1__HOBBIES_1,1456,143,4766.98974609375,0.015586182327183756,mean_spl,0.13868109002949605
store_dept,1,SetTransformer_Q,SetTransformer,CA_1__HOBBIES_2,1456,144,75.88999938964844,0.0002481304618425463,mean_spl,0.24356107081540193
store_dept,1,SetTransformer_Q,SetTransformer,CA_1__HOUSEHOLD_1,1456,145,7929.32958984375,0.02592579034198899,mean_spl,0.194761202453151
store_dept,1,SetTransformer_Q,SetTransformer,CA_1__HOUSEHOLD_2,1456,146,2026.1900634765625,0.006624844910722125,mean_spl,0.21531149335712949
store_dept,1,SetTransformer_Q,SetTransformer,CA_2__FOODS_1,1456,147,5523.3701171875,0.01805924876963426,mean_spl,0.20136700130198976
store_dept,1,SetTransformer_Q,SetTransformer,CA_2__FOODS_2,1456,148,1106.5098876953125,0.003617852308279664,mean_spl,0.19004421860092083
store_dept,1,SetTransformer_Q,SetTransformer,CA_2__FOODS_3,1456,149,6962.60986328125,0.022764996902096404,mean_spl,0.19566572564464546
store_dept,1,SetTransformer_Q,SetTransformer,CA_2__HOBBIES_1,1456,150,3265.800048828125,0.0106778822100197,mean_spl,0.21371701936928447
store_dept,1,SetTransformer_Q,SetTransformer,CA_2__HOBBIES_2,1456,151,171.41000366210938,0.0005604433221133114,mean_spl,0.20086183866943536
store_dept,1,SetTransformer_Q,SetTransformer,CA_2__HOUSEHOLD_1,1456,152,4655.73974609375,0.015222438565133488,mean_spl,0.2010627140071725
store_dept,1,SetTransformer_Q,SetTransformer,CA_2__HOUSEHOLD_2,1456,153,3590.980224609375,0.011741093540202524,mean_spl,0.20479114221744685
store_dept,1,SetTransformer_Q,SetTransformer,CA_3__FOODS_1,1456,154,3597.400146484375,0.011762084160740783,mean_spl,0.7215027391405104
store_dept,1,SetTransformer_Q,SetTransformer,CA_3__FOODS_2,1456,155,5396.5595703125,0.017644628136933457,mean_spl,0.31832688519163754
store_dept,1,SetTransformer_Q,SetTransformer,CA_3__FOODS_3,1456,156,18698.630859375,0.06113717154137798,mean_spl,0.17897774243220227
store_dept,1,SetTransformer_Q,SetTransformer,CA_3__HOBBIES_1,1456,157,3555.1201171875,0.011623845087338169,mean_spl,0.13853470474087495
store_dept,1,SetTransformer_Q,SetTransformer,CA_3__HOBBIES_2,1456,158,144.6400146484375,0.0004729159826627285,mean_spl,0.36710677055967955
store_dept,1,SetTransformer_Q,SetTransformer,CA_3__HOUSEHOLD_1,1456,159,12422.94140625,0.040618134317657734,mean_spl,0.17840405545520888
store_dept,1,SetTransformer_Q,SetTransformer,CA_3__HOUSEHOLD_2,1456,160,3610.610107421875,0.011805275539508813,mean_spl,0.18190931706660607
store_dept,1,SetTransformer_Q,SetTransformer,CA_4__FOODS_1,1456,161,1101.489990234375,0.0036014392171556373,mean_spl,0.21391234219292243
store_dept,1,SetTransformer_Q,SetTransformer,CA_4__FOODS_2,1456,162,2318.380126953125,0.007580191543734902,mean_spl,0.18221960783551458
store_dept,1,SetTransformer_Q,SetTransformer,CA_4__FOODS_3,1456,163,13401.109375,0.04381635900862577,mean_spl,0.23908743761484752
store_dept,1,SetTransformer_Q,SetTransformer,CA_4__HOBBIES_1,1456,164,4166.490234375,0.013622785010312501,mean_spl,0.16731259080587305
store_dept,1,SetTransformer_Q,SetTransformer,CA_4__HOBBIES_2,1456,165,133.1699981689453,0.00043541353821302905,mean_spl,0.30233021480388794
store_dept,1,SetTransformer_Q,SetTransformer,CA_4__HOUSEHOLD_1,1456,166,2557.519775390625,0.00836208417634645,mean_spl,0.2223049597586525
store_dept,1,SetTransformer_Q,SetTransformer,CA_4__HOUSEHOLD_2,1456,167,1269.179931640625,0.004149719398235174,mean_spl,0.20682610272583427
store_dept,1,SetTransformer_Q,SetTransformer,TX_1__FOODS_1,1456,168,1635.070068359375,0.005346036295558005,mean_spl,0.27043867511993935
store_dept,1,SetTransformer_Q,SetTransformer,TX_1__FOODS_2,1456,169,4750.099609375,0.015530958220472553,mean_spl,0.21381684892893188
store_dept,1,SetTransformer_Q,SetTransformer,TX_1__FOODS_3,1456,170,12488.5888671875,0.04083277570561687,mean_spl,0.2093158594729705
store_dept,1,SetTransformer_Q,SetTransformer,TX_1__HOBBIES_1,1456,171,3464.31982421875,0.011326963827475521,mean_spl,0.2259357464586481
store_dept,1,SetTransformer_Q,SetTransformer,TX_1__HOBBIES_2,1456,172,71.62999725341797,0.00023420192967738088,mean_spl,0.368551109064156
store_dept,1,SetTransformer_Q,SetTransformer,TX_1__HOUSEHOLD_1,1456,173,9295.2705078125,0.030391880123924717,mean_spl,0.14633574342074696
store_dept,1,SetTransformer_Q,SetTransformer,TX_1__HOUSEHOLD_2,1456,174,2151.73974609375,0.007035343013008803,mean_spl,0.20738132580801133
store_dept,1,SetTransformer_Q,SetTransformer,TX_2__FOODS_1,1456,175,361.9000244140625,0.0011832707987995952,mean_spl,0.2398215835384781
store_dept,1,SetTransformer_Q,SetTransformer,TX_2__FOODS_2,1456,176,5210.27978515625,0.017035566475390534,mean_spl,0.1688910904156864
store_dept,1,SetTransformer_Q,SetTransformer,TX_2__FOODS_3,1456,177,10461.390625,0.034204634446875555,mean_spl,0.13639389319476017
store_dept,1,SetTransformer_Q,SetTransformer,TX_2__HOBBIES_1,1456,178,4692.58984375,0.015342923896849481,mean_spl,0.2090699759441881
store_dept,1,SetTransformer_Q,SetTransformer,TX_2__HOBBIES_2,1456,179,90.73001861572266,0.0002966514903566186,mean_spl,0.4065969091911156
store_dept,1,SetTransformer_Q,SetTransformer,TX_2__HOUSEHOLD_1,1456,180,5899.56005859375,0.01928924197891587,mean_spl,0.21777006942095894
store_dept,1,SetTransformer_Q,SetTransformer,TX_2__HOUSEHOLD_2,1456,181,2326.7998046875,0.007607720579729082,mean_spl,0.2575293644826774
store_dept,1,SetTransformer_Q,SetTransformer,TX_3__FOODS_1,1456,182,2204.64013671875,0.007208306492558162,mean_spl,0.26592103995008715
store_dept,1,SetTransformer_Q,SetTransformer,TX_3__FOODS_2,1456,183,5935.8798828125,0.0194079935249683,mean_spl,0.2558593360877228
store_dept,1,SetTransformer_Q,SetTransformer,TX_3__FOODS_3,1456,184,10073.9794921875,0.03293795235330814,mean_spl,0.22793781254162462
store_dept,1,SetTransformer_Q,SetTransformer,TX_3__HOBBIES_1,1456,185,3583.849853515625,0.01171778003003214,mean_spl,0.15676838316708958
store_dept,1,SetTransformer_Q,SetTransformer,TX_3__HOBBIES_2,1456,186,434.71002197265625,0.001421330865557651,mean_spl,0.2865552259611459
store_dept,1,SetTransformer_Q,SetTransformer,TX_3__HOUSEHOLD_1,1456,187,6016.52978515625,0.019671686998114387,mean_spl,0.3251513495586853
store_dept,1,SetTransformer_Q,SetTransformer,TX_3__HOUSEHOLD_2,1456,188,1704.47998046875,0.0055729794196410845,mean_spl,0.21491634315586278
store_dept,1,SetTransformer_Q,SetTransformer,WI_1__FOODS_1,1456,189,1631.85986328125,0.005335540187045016,mean_spl,0.17267344763467235
store_dept,1,SetTransformer_Q,SetTransformer,WI_1__FOODS_2,1456,190,3612.3798828125,0.011811062009248767,mean_spl,0.6147203087050596
store_dept,1,SetTransformer_Q,SetTransformer,WI_1__FOODS_3,1456,191,10289.169921875,0.03364154045624517,mean_spl,0.25735315783465507
store_dept,1,SetTransformer_Q,SetTransformer,WI_1__HOBBIES_1,1456,192,3086.5498046875,0.010091804383933048,mean_spl,0.21750953524398625
store_dept,1,SetTransformer_Q,SetTransformer,WI_1__HOBBIES_2,1456,193,191.8800048828125,0.00062737217832178,mean_spl,0.2402367980303192
store_dept,1,SetTransformer_Q,SetTransformer,WI_1__HOUSEHOLD_1,1456,194,6407.7802734375,0.02095092227462159,mean_spl,0.28177140087164254
store_dept,1,SetTransformer_Q,SetTransformer,WI_1__HOUSEHOLD_2,1456,195,1338.1900634765625,0.00437535539799777,mean_spl,0.2028238695085044
store_dept,1,SetTransformer_Q,SetTransformer,WI_2__FOODS_1,1456,196,5915.73974609375,0.019342143195994952,mean_spl,0.2815755061827864
store_dept,1,SetTransformer_Q,SetTransformer,WI_2__FOODS_2,1456,197,5162.1103515625,0.016878071365357086,mean_spl,0.2830953482718456
store_dept,1,SetTransformer_Q,SetTransformer,WI_2__FOODS_3,1456,198,10900.6796875,0.035640936974707334,mean_spl,0.262998997926237
store_dept,1,SetTransformer_Q,SetTransformer,WI_2__HOBBIES_1,1456,199,2009.6400146484375,0.006570732757707673,mean_spl,0.2739675271936053
store_dept,1,SetTransformer_Q,SetTransformer,WI_2__HOBBIES_2,1456,200,188.1599884033203,0.0006152091869587286,mean_spl,0.18103489953569218
store_dept,1,SetTransformer_Q,SetTransformer,WI_2__HOUSEHOLD_1,1456,201,5669.19970703125,0.018536054195504043,mean_spl,0.6704321646303316
store_dept,1,SetTransformer_Q,SetTransformer,WI_2__HOUSEHOLD_2,1456,202,1216.85009765625,0.0039786214145862515,mean_spl,0.2179759557083693
store_dept,1,SetTransformer_Q,SetTransformer,WI_3__FOODS_1,1456,203,925.02001953125,0.0030244517921448034,mean_spl,0.1851499710168876
store_dept,1,SetTransformer_Q,SetTransformer,WI_3__FOODS_2,1456,204,3442.51025390625,0.011255655106988612,mean_spl,0.1447499918279989
store_dept,1,SetTransformer_Q,SetTransformer,WI_3__FOODS_3,1456,205,8656.91015625,0.028304692745757747,mean_spl,0.17425981079015196
store_dept,1,SetTransformer_Q,SetTransformer,WI_3__HOBBIES_1,1456,206,1414.9700927734375,0.004626395907721592,mean_spl,0.20024046883768815
store_dept,1,SetTransformer_Q,SetTransformer,WI_3__HOBBIES_2,1456,207,203.52000427246094,0.0006654304000588906,mean_spl,0.2519457091618389
store_dept,1,SetTransformer_Q,SetTransformer,WI_3__HOUSEHOLD_1,1456,208,5766.10009765625,0.018852880376448562,mean_spl,0.2793432828705488
store_dept,1,SetTransformer_Q,SetTransformer,WI_3__HOUSEHOLD_2,1456,209,1365.7999267578125,0.004465628796106673,mean_spl,0.17942643645044692
store_dept,1,SetTransformer_Q,SetTransformer,CA_1__FOODS_1,1484,210,2750.699951171875,0.008241475897105607,mean_spl,0.1859906349452532
store_dept,1,SetTransformer_Q,SetTransformer,CA_1__FOODS_2,1484,211,2574.610107421875,0.007713886473049214,mean_spl,0.1842957173107807
store_dept,1,SetTransformer_Q,SetTransformer,CA_1__FOODS_3,1484,212,15957.6005859375,0.04781116913482821,mean_spl,0.15768366102015982
store_dept,1,SetTransformer_Q,SetTransformer,CA_1__HOBBIES_1,1484,213,4508.57958984375,0.013508325400612845,mean_spl,0.16859238095518228
store_dept,1,SetTransformer_Q,SetTransformer,CA_1__HOBBIES_2,1484,214,108.56000518798828,0.00032526072709795196,mean_spl,0.26180548400977294
store_dept,1,SetTransformer_Q,SetTransformer,CA_1__HOUSEHOLD_1,1484,215,7592.0693359375,0.022746885357171353,mean_spl,0.2155667874627473
store_dept,1,SetTransformer_Q,SetTransformer,CA_1__HOUSEHOLD_2,1484,216,2289.559814453125,0.006859836536427081,mean_spl,0.2172061086731485
store_dept,1,SetTransformer_Q,SetTransformer,CA_2__FOODS_1,1484,217,5074.2099609375,0.015203031894519624,mean_spl,0.15097994646906276
store_dept,1,SetTransformer_Q,SetTransformer,CA_2__FOODS_2,1484,218,1083.4000244140625,0.003246015685690545,mean_spl,0.13331851462298375
store_dept,1,SetTransformer_Q,SetTransformer,CA_2__FOODS_3,1484,219,5541.22021484375,0.01660225893476071,mean_spl,0.11779287976264302
store_dept,1,SetTransformer_Q,SetTransformer,CA_2__HOBBIES_1,1484,220,3338.400146484375,0.01000230662396433,mean_spl,0.22287525939553118
store_dept,1,SetTransformer_Q,SetTransformer,CA_2__HOBBIES_2,1484,221,104.07000732421875,0.00031180807510784763,mean_spl,0.15279166041440337
store_dept,1,SetTransformer_Q,SetTransformer,CA_2__HOUSEHOLD_1,1484,222,4916.0400390625,0.014729133024443106,mean_spl,0.15528883408444696
store_dept,1,SetTransformer_Q,SetTransformer,CA_2__HOUSEHOLD_2,1484,223,4333.8798828125,0.012984901017624045,mean_spl,0.1950530168039047
store_dept,1,SetTransformer_Q,SetTransformer,CA_3__FOODS_1,1484,224,9336.0205078125,0.027972003255840636,mean_spl,0.5028345351861269
store_dept,1,SetTransformer_Q,SetTransformer,CA_3__FOODS_2,1484,225,5448.72021484375,0.01632511619508913,mean_spl,0.2662489585097266
store_dept,1,SetTransformer_Q,SetTransformer,CA_3__FOODS_3,1484,226,20011.78125,0.059958052771172506,mean_spl,0.24499635988295834
store_dept,1,SetTransformer_Q,SetTransformer,CA_3__HOBBIES_1,1484,227,3702.189697265625,0.011092270221449853,mean_spl,0.146462380253291
store_dept,1,SetTransformer_Q,SetTransformer,CA_3__HOBBIES_2,1484,228,152.62001037597656,0.00045727057085733923,mean_spl,0.32230584946066343
store_dept,1,SetTransformer_Q,SetTransformer,CA_3__HOUSEHOLD_1,1484,229,13662.9091796875,0.04093595764262316,mean_spl,0.2305316837499872
store_dept,1,SetTransformer_Q,SetTransformer,CA_3__HOUSEHOLD_2,1484,230,4085.999755859375,0.012242218017689674,mean_spl,0.1840838274136683
store_dept,1,SetTransformer_Q,SetTransformer,CA_4__FOODS_1,1484,231,1109.9600830078125,0.003325593279252812,mean_spl,0.2035669878202377
store_dept,1,SetTransformer_Q,SetTransformer,CA_4__FOODS_2,1484,232,2251.1201171875,0.00674466590926663,mean_spl,0.16653555725077346
store_dept,1,SetTransformer_Q,SetTransformer,CA_4__FOODS_3,1484,233,13889.87890625,0.041615990203077664,mean_spl,0.25204479947213376
store_dept,1,SetTransformer_Q,SetTransformer,CA_4__HOBBIES_1,1484,234,4478.490234375,0.013418173547536503,mean_spl,0.2107101435165143
store_dept,1,SetTransformer_Q,SetTransformer,CA_4__HOBBIES_2,1484,235,114.2300033569336,0.00034224882251929656,mean_spl,0.3049183941727027
store_dept,1,SetTransformer_Q,SetTransformer,CA_4__HOUSEHOLD_1,1484,236,2712.33984375,0.008126543732078637,mean_spl,0.2137084876159836
store_dept,1,SetTransformer_Q,SetTransformer,CA_4__HOUSEHOLD_2,1484,237,1369.1099853515625,0.004102042078400602,mean_spl,0.2319775484551523
store_dept,1,SetTransformer_Q,SetTransformer,TX_1__FOODS_1,1484,238,1868.1302490234375,0.005597175516515848,mean_spl,0.2533969516299203
store_dept,1,SetTransformer_Q,SetTransformer,TX_1__FOODS_2,1484,239,4883.66015625,0.01463211843597931,mean_spl,0.2936516734394093
store_dept,1,SetTransformer_Q,SetTransformer,TX_1__FOODS_3,1484,240,12800.3701171875,0.03835167181716359,mean_spl,0.21123172119652533
store_dept,1,SetTransformer_Q,SetTransformer,TX_1__HOBBIES_1,1484,241,3802.519775390625,0.01139287295359068,mean_spl,0.2111270322145524
store_dept,1,SetTransformer_Q,SetTransformer,TX_1__HOBBIES_2,1484,242,99.31999969482422,0.0002975763980497792,mean_spl,0.25551162869896604
store_dept,1,SetTransformer_Q,SetTransformer,TX_1__HOUSEHOLD_1,1484,243,10962.83984375,0.032846178041920936,mean_spl,0.17383509614581902
store_dept,1,SetTransformer_Q,SetTransformer,TX_1__HOUSEHOLD_2,1484,244,2500.9599609375,0.007493220490628747,mean_spl,0.19426993828077982
store_dept,1,SetTransformer_Q,SetTransformer,TX_2__FOODS_1,1484,245,587.6199951171875,0.0017605904360279002,mean_spl,0.17207290019571508
store_dept,1,SetTransformer_Q,SetTransformer,TX_2__FOODS_2,1484,246,5717.83935546875,0.017131434205152642,mean_spl,0.19706358057466267
store_dept,1,SetTransformer_Q,SetTransformer,TX_2__FOODS_3,1484,247,9579.8203125,0.028702461048299998,mean_spl,0.19474718862626544
store_dept,1,SetTransformer_Q,SetTransformer,TX_2__HOBBIES_1,1484,248,4880.6796875,0.014623188541115736,mean_spl,0.1514742317800218
store_dept,1,SetTransformer_Q,SetTransformer,TX_2__HOBBIES_2,1484,249,154.08999633789062,0.0004616748512547839,mean_spl,0.26361903197228836
store_dept,1,SetTransformer_Q,SetTransformer,TX_2__HOUSEHOLD_1,1484,250,7287.9599609375,0.021835731785849046,mean_spl,0.17278808707497548
store_dept,1,SetTransformer_Q,SetTransformer,TX_2__HOUSEHOLD_2,1484,251,3117.18994140625,0.0093395303831139,mean_spl,0.27646004181838146
store_dept,1,SetTransformer_Q,SetTransformer,TX_3__FOODS_1,1484,252,1843.5001220703125,0.005523380263951004,mean_spl,0.20501955907628375
store_dept,1,SetTransformer_Q,SetTransformer,TX_3__FOODS_2,1484,253,5230.93017578125,0.01567258724266791,mean_spl,0.2187693758926314
store_dept,1,SetTransformer_Q,SetTransformer,TX_3__FOODS_3,1484,254,11309.3408203125,0.03388434268995781,mean_spl,0.1377260998966409
store_dept,1,SetTransformer_Q,SetTransformer,TX_3__HOBBIES_1,1484,255,3631.72998046875,0.010881163205778826,mean_spl,0.19103254497028266
store_dept,1,SetTransformer_Q,SetTransformer,TX_3__HOBBIES_2,1484,256,557.4199829101562,0.0016701070401233386,mean_spl,0.20899141921132405
store_dept,1,SetTransformer_Q,SetTransformer,TX_3__HOUSEHOLD_1,1484,257,7958.6201171875,0.023845121981434972,mean_spl,0.32549038009598724
store_dept,1,SetTransformer_Q,SetTransformer,TX_3__HOUSEHOLD_2,1484,258,1714.570068359375,0.005137088065989341,mean_spl,0.2288728020501617
store_dept,1,SetTransformer_Q,SetTransformer,WI_1__FOODS_1,1484,259,2116.869873046875,0.006342433688048123,mean_spl,0.11554219388282111
store_dept,1,SetTransformer_Q,SetTransformer,WI_1__FOODS_2,1484,260,5019.87060546875,0.015040223701583436,mean_spl,0.4040388971072306
store_dept,1,SetTransformer_Q,SetTransformer,WI_1__FOODS_3,1484,261,11074.80859375,0.03318165183794907,mean_spl,0.2996369532706397
store_dept,1,SetTransformer_Q,SetTransformer,WI_1__HOBBIES_1,1484,262,3231.119873046875,0.009680880149443405,mean_spl,0.18199118140074272
store_dept,1,SetTransformer_Q,SetTransformer,WI_1__HOBBIES_2,1484,263,225.09002685546875,0.0006744007212483812,mean_spl,0.23583503197067643
store_dept,1,SetTransformer_Q,SetTransformer,WI_1__HOUSEHOLD_1,1484,264,6614.83935546875,0.019818969745535472,mean_spl,0.2634427131600659
store_dept,1,SetTransformer_Q,SetTransformer,WI_1__HOUSEHOLD_2,1484,265,1561.4200439453125,0.004678229500077088,mean_spl,0.19968130267118112
store_dept,1,SetTransformer_Q,SetTransformer,WI_2__FOODS_1,1484,266,6272.16015625,0.018792255668779265,mean_spl,0.24530640165854634
store_dept,1,SetTransformer_Q,SetTransformer,WI_2__FOODS_2,1484,267,5544.1298828125,0.01661097670073254,mean_spl,0.2460138063243566
store_dept,1,SetTransformer_Q,SetTransformer,WI_2__FOODS_3,1484,268,10494.5595703125,0.03144314584824928,mean_spl,0.1566973448305614
store_dept,1,SetTransformer_Q,SetTransformer,WI_2__HOBBIES_1,1484,269,2633.489990234375,0.00789029871125676,mean_spl,0.20454705623726308
store_dept,1,SetTransformer_Q,SetTransformer,WI_2__HOBBIES_2,1484,270,269.3800048828125,0.000807099595307758,mean_spl,0.18584283310431438
store_dept,1,SetTransformer_Q,SetTransformer,WI_2__HOUSEHOLD_1,1484,271,8928.4091796875,0.026750743578027276,mean_spl,0.3309679605065887
store_dept,1,SetTransformer_Q,SetTransformer,WI_2__HOUSEHOLD_2,1484,272,1402.010009765625,0.004200615082739795,mean_spl,0.22417928481295699
store_dept,1,SetTransformer_Q,SetTransformer,WI_3__FOODS_1,1484,273,1203.949951171875,0.003607199869137778,mean_spl,0.16819803199902011
store_dept,1,SetTransformer_Q,SetTransformer,WI_3__FOODS_2,1484,274,3890.659912109375,0.01165695294240433,mean_spl,0.17921554905838277
store_dept,1,SetTransformer_Q,SetTransformer,WI_3__FOODS_3,1484,275,10367.890625,0.031063628242463157,mean_spl,0.12093158310491983
store_dept,1,SetTransformer_Q,SetTransformer,WI_3__HOBBIES_1,1484,276,1458.8900146484375,0.0043710354112344516,mean_spl,0.17102936995587206
store_dept,1,SetTransformer_Q,SetTransformer,WI_3__HOBBIES_2,1484,277,191.25999450683594,0.0005730412850507764,mean_spl,0.24975583895924983
store_dept,1,SetTransformer_Q,SetTransformer,WI_3__HOUSEHOLD_1,1484,278,6748.8603515625,0.020220515108032085,mean_spl,0.2711178599586413
store_dept,1,SetTransformer_Q,SetTransformer,WI_3__HOUSEHOLD_2,1484,279,1525.97998046875,0.00457204618887677,mean_spl,0.20783851648432422
store_dept,2,SetTransformer,SetTransformer,CA_1__FOODS_1,1456,0,2639.52001953125,0.008630192736281295,rmsse,0.8897933474265143
store_dept,2,SetTransformer,SetTransformer,CA_1__FOODS_2,1456,1,2164.300048828125,0.007076410264865808,rmsse,0.6798931750296041
store_dept,2,SetTransformer,SetTransformer,CA_1__FOODS_3,1456,2,16346.23046875,0.053445747110506446,rmsse,0.460743442967902
store_dept,2,SetTransformer,SetTransformer,CA_1__HOBBIES_1,1456,3,4766.98974609375,0.015586182327183756,rmsse,0.588322446107278
store_dept,2,SetTransformer,SetTransformer,CA_1__HOBBIES_2,1456,4,75.88999938964844,0.0002481304618425463,rmsse,1.2324308774315216
store_dept,2,SetTransformer,SetTransformer,CA_1__HOUSEHOLD_1,1456,5,7929.32958984375,0.02592579034198899,rmsse,0.7706815710722448
store_dept,2,SetTransformer,SetTransformer,CA_1__HOUSEHOLD_2,1456,6,2026.1900634765625,0.006624844910722125,rmsse,0.8868562401944594
store_dept,2,SetTransformer,SetTransformer,CA_2__FOODS_1,1456,7,5523.3701171875,0.01805924876963426,rmsse,0.8874999691141681
store_dept,2,SetTransformer,SetTransformer,CA_2__FOODS_2,1456,8,1106.5098876953125,0.003617852308279664,rmsse,0.6525053531307577
store_dept,2,SetTransformer,SetTransformer,CA_2__FOODS_3,1456,9,6962.60986328125,0.022764996902096404,rmsse,0.6960392514479617
store_dept,2,SetTransformer,SetTransformer,CA_2__HOBBIES_1,1456,10,3265.800048828125,0.0106778822100197,rmsse,0.8342444473432038
store_dept,2,SetTransformer,SetTransformer,CA_2__HOBBIES_2,1456,11,171.41000366210938,0.0005604433221133114,rmsse,0.7469538654567273
store_dept,2,SetTransformer,SetTransformer,CA_2__HOUSEHOLD_1,1456,12,4655.73974609375,0.015222438565133488,rmsse,0.7197534839882122
store_dept,2,SetTransformer,SetTransformer,CA_2__HOUSEHOLD_2,1456,13,3590.980224609375,0.011741093540202524,rmsse,0.9133094996019626
store_dept,2,SetTransformer,SetTransformer,CA_3__FOODS_1,1456,14,3597.400146484375,0.011762084160740783,rmsse,2.7476126366672995
store_dept,2,SetTransformer,SetTransformer,CA_3__FOODS_2,1456,15,5396.5595703125,0.017644628136933457,rmsse,1.1221271248772766
store_dept,2,SetTransformer,SetTransformer,CA_3__FOODS_3,1456,16,18698.630859375,0.06113717154137798,rmsse,0.7300704728288885
store_dept,2,SetTransformer,SetTransformer,CA_3__HOBBIES_1,1456,17,3555.1201171875,0.011623845087338169,rmsse,0.5509770167535627
store_dept,2,SetTransformer,SetTransformer,CA_3__HOBBIES_2,1456,18,144.6400146484375,0.0004729159826627285,rmsse,1.3818470760708441
store_dept,2,SetTransformer,SetTransformer,CA_3__HOUSEHOLD_1,1456,19,12422.94140625,0.040618134317657734,rmsse,0.6889158835960258
store_dept,2,SetTransformer,SetTransformer,CA_3__HOUSEHOLD_2,1456,20,3610.610107421875,0.011805275539508813,rmsse,0.6476928406910412
store_dept,2,SetTransformer,SetTransformer,CA_4__FOODS_1,1456,21,1101.489990234375,0.0036014392171556373,rmsse,0.790339025711602
store_dept,2,SetTransformer,SetTransformer,CA_4__FOODS_2,1456,22,2318.380126953125,0.007580191543734902,rmsse,0.673457292782667
store_dept,2,SetTransformer,SetTransformer,CA_4__FOODS_3,1456,23,13401.109375,0.04381635900862577,rmsse,0.972763001051096
store_dept,2,SetTransformer,SetTransformer,CA_4__HOBBIES_1,1456,24,4166.490234375,0.013622785010312501,rmsse,0.6450603905245533
store_dept,2,SetTransformer,SetTransformer,CA_4__HOBBIES_2,1456,25,133.1699981689453,0.00043541353821302905,rmsse,1.2531176142456357
store_dept,2,SetTransformer,SetTransformer,CA_4__HOUSEHOLD_1,1456,26,2557.519775390625,0.00836208417634645,rmsse,0.8701971607575201
store_dept,2,SetTransformer,SetTransformer,CA_4__HOUSEHOLD_2,1456,27,1269.179931640625,0.004149719398235174,rmsse,0.7908581945689592
store_dept,2,SetTransformer,SetTransformer,TX_1__FOODS_1,1456,28,1635.070068359375,0.005346036295558005,rmsse,1.1377885932903438
store_dept,2,SetTransformer,SetTransformer,TX_1__FOODS_2,1456,29,4750.099609375,0.015530958220472553,rmsse,0.7922048327747617
store_dept,2,SetTransformer,SetTransformer,TX_1__FOODS_3,1456,30,12488.5888671875,0.04083277570561687,rmsse,0.7419871405486418
store_dept,2,SetTransformer,SetTransformer,TX_1__HOBBIES_1,1456,31,3464.31982421875,0.011326963827475521,rmsse,0.8943945091244313
store_dept,2,SetTransformer,SetTransformer,TX_1__HOBBIES_2,1456,32,71.62999725341797,0.00023420192967738088,rmsse,1.3027383709241556
store_dept,2,SetTransformer,SetTransformer,TX_1__HOUSEHOLD_1,1456,33,9295.2705078125,0.030391880123924717,rmsse,0.5446752284656124
store_dept,2,SetTransformer,SetTransformer,TX_1__HOUSEHOLD_2,1456,34,2151.73974609375,0.007035343013008803,rmsse,0.8855516461018962
store_dept,2,SetTransformer,SetTransformer,TX_2__FOODS_1,1456,35,361.9000244140625,0.0011832707987995952,rmsse,1.0936175621146458
store_dept,2,SetTransformer,SetTransformer,TX_2__FOODS_2,1456,36,5210.27978515625,0.017035566475390534,rmsse,0.6187461293904675
store_dept,2,SetTransformer,SetTransformer,TX_2__FOODS_3,1456,37,10461.390625,0.034204634446875555,rmsse,0.5052637901855417
store_dept,2,SetTransformer,SetTransformer,TX_2__HOBBIES_1,1456,38,4692.58984375,0.015342923896849481,rmsse,0.9381718277977767
store_dept,2,SetTransformer,SetTransformer,TX_2__HOBBIES_2,1456,39,90.73001861572266,0.0002966514903566186,rmsse,1.9212966466441481
store_dept,2,SetTransformer,SetTransformer,TX_2__HOUSEHOLD_1,1456,40,5899.56005859375,0.01928924197891587,rmsse,1.0044863672128985
store_dept,2,SetTransformer,SetTransformer,TX_2__HOUSEHOLD_2,1456,41,2326.7998046875,0.007607720579729082,rmsse,1.0970553733988981
store_dept,2,SetTransformer,SetTransformer,TX_3__FOODS_1,1456,42,2204.64013671875,0.007208306492558162,rmsse,1.2350667913352609
store_dept,2,SetTransformer,SetTransformer,TX_3__FOODS_2,1456,43,5935.8798828125,0.0194079935249683,rmsse,0.8827997480154921
store_dept,2,SetTransformer,SetTransformer,TX_3__FOODS_3,1456,44,10073.9794921875,0.03293795235330814,rmsse,0.7527357483050182
store_dept,2,SetTransformer,SetTransformer,TX_3__HOBBIES_1,1456,45,3583.849853515625,0.01171778003003214,rmsse,0.5601092561691761
store_dept,2,SetTransformer,SetTransformer,TX_3__HOBBIES_2,1456,46,434.71002197265625,0.001421330865557651,rmsse,1.321520981194744
store_dept,2,SetTransformer,SetTransformer,TX_3__HOUSEHOLD_1,1456,47,6016.52978515625,0.019671686998114387,rmsse,1.4180197114372917
store_dept,2,SetTransformer,SetTransformer,TX_3__HOUSEHOLD_2,1456,48,1704.47998046875,0.0055729794196410845,rmsse,0.8764607398259676
store_dept,2,SetTransformer,SetTransformer,WI_1__FOODS_1,1456,49,1631.85986328125,0.005335540187045016,rmsse,0.7096451590508989
store_dept,2,SetTransformer,SetTransformer,WI_1__FOODS_2,1456,50,3612.3798828125,0.011811062009248767,rmsse,2.382636506037126
store_dept,2,SetTransformer,SetTransformer,WI_1__FOODS_3,1456,51,10289.169921875,0.03364154045624517,rmsse,1.0649059617033338
store_dept,2,SetTransformer,SetTransformer,WI_1__HOBBIES_1,1456,52,3086.5498046875,0.010091804383933048,rmsse,0.7896401687959137
store_dept,2,SetTransformer,SetTransformer,WI_1__HOBBIES_2,1456,53,191.8800048828125,0.00062737217832178,rmsse,0.8431446251335057
store_dept,2,SetTransformer,SetTransformer,WI_1__HOUSEHOLD_1,1456,54,6407.7802734375,0.02095092227462159,rmsse,1.1588018738689367
store_dept,2,SetTransformer,SetTransformer,WI_1__HOUSEHOLD_2,1456,55,1338.1900634765625,0.00437535539799777,rmsse,0.7845855410685613
store_dept,2,SetTransformer,SetTransformer,WI_2__FOODS_1,1456,56,5915.73974609375,0.019342143195994952,rmsse,1.0867623719132515
store_dept,2,SetTransformer,SetTransformer,WI_2__FOODS_2,1456,57,5162.1103515625,0.016878071365357086,rmsse,1.0623841725395418
store_dept,2,SetTransformer,SetTransformer,WI_2__FOODS_3,1456,58,10900.6796875,0.035640936974707334,rmsse,0.9096185067757476
store_dept,2,SetTransformer,SetTransformer,WI_2__HOBBIES_1,1456,59,2009.6400146484375,0.006570732757707673,rmsse,0.9169970458888705
store_dept,2,SetTransformer,SetTransformer,WI_2__HOBBIES_2,1456,60,188.1599884033203,0.0006152091869587286,rmsse,0.7334909357287805
store_dept,2,SetTransformer,SetTransformer,WI_2__HOUSEHOLD_1,1456,61,5669.19970703125,0.018536054195504043,rmsse,2.098287163090801
store_dept,2,SetTransformer,SetTransformer,WI_2__HOUSEHOLD_2,1456,62,1216.85009765625,0.0039786214145862515,rmsse,0.8020795268820964
store_dept,2,SetTransformer,SetTransformer,WI_3__FOODS_1,1456,63,925.02001953125,0.0030244517921448034,rmsse,0.7250877286017671
store_dept,2,SetTransformer,SetTransformer,WI_3__FOODS_2,1456,64,3442.51025390625,0.011255655106988612,rmsse,0.64538513115688
store_dept,2,SetTransformer,SetTransformer,WI_3__FOODS_3,1456,65,8656.91015625,0.028304692745757747,rmsse,0.7523970920675926
store_dept,2,SetTransformer,SetTransformer,WI_3__HOBBIES_1,1456,66,1414.9700927734375,0.004626395907721592,rmsse,0.7350676761140016
store_dept,2,SetTransformer,SetTransformer,WI_3__HOBBIES_2,1456,67,203.52000427246094,0.0006654304000588906,rmsse,1.101478922706081
store_dept,2,SetTransformer,SetTransformer,WI_3__HOUSEHOLD_1,1456,68,5766.10009765625,0.018852880376448562,rmsse,1.2046288380286665
store_dept,2,SetTransformer,SetTransformer,WI_3__HOUSEHOLD_2,1456,69,1365.7999267578125,0.004465628796106673,rmsse,0.6721266571688888
store_dept,2,SetTransformer,SetTransformer,CA_1__FOODS_1,1484,70,2750.699951171875,0.008241475897105607,rmsse,0.7722472727871403
store_dept,2,SetTransformer,SetTransformer,CA_1__FOODS_2,1484,71,2574.610107421875,0.007713886473049214,rmsse,0.699215418505624
store_dept,2,SetTransformer,SetTransformer,CA_1__FOODS_3,1484,72,15957.6005859375,0.04781116913482821,rmsse,0.5164634298503991
store_dept,2,SetTransformer,SetTransformer,CA_1__HOBBIES_1,1484,73,4508.57958984375,0.013508325400612845,rmsse,0.7109988730035494
store_dept,2,SetTransformer,SetTransformer,CA_1__HOBBIES_2,1484,74,108.56000518798828,0.00032526072709795196,rmsse,1.2396589895435657
store_dept,2,SetTransformer,SetTransformer,CA_1__HOUSEHOLD_1,1484,75,7592.0693359375,0.022746885357171353,rmsse,0.8776706245218593
store_dept,2,SetTransformer,SetTransformer,CA_1__HOUSEHOLD_2,1484,76,2289.559814453125,0.006859836536427081,rmsse,0.8742353898878131
store_dept,2,SetTransformer,SetTransformer,CA_2__FOODS_1,1484,77,5074.2099609375,0.015203031894519624,rmsse,0.6470607870371895
store_dept,2,SetTransformer,SetTransformer,CA_2__FOODS_2,1484,78,1083.4000244140625,0.003246015685690545,rmsse,0.5634621071067034
store_dept,2,SetTransformer,SetTransformer,CA_2__FOODS_3,1484,79,5541.22021484375,0.01660225893476071,rmsse,0.4637134413204837
store_dept,2,SetTransformer,SetTransformer,CA_2__HOBBIES_1,1484,80,3338.400146484375,0.01000230662396433,rmsse,0.9662680485053191
store_dept,2,SetTransformer,SetTransformer,CA_2__HOBBIES_2,1484,81,104.07000732421875,0.00031180807510784763,rmsse,0.5239716770740755
store_dept,2,SetTransformer,SetTransformer,CA_2__HOUSEHOLD_1,1484,82,4916.0400390625,0.014729133024443106,rmsse,0.587312078730664
store_dept,2,SetTransformer,SetTransformer,CA_2__HOUSEHOLD_2,1484,83,4333.8798828125,0.012984901017624045,rmsse,0.7358909474973416
store_dept,2,SetTransformer,SetTransformer,CA_3__FOODS_1,1484,84,9336.0205078125,0.027972003255840636,rmsse,1.8651179820277317
store_dept,2,SetTransformer,SetTransformer,CA_3__FOODS_2,1484,85,5448.72021484375,0.01632511619508913,rmsse,1.0909980795066196
store_dept,2,SetTransformer,SetTransformer,CA_3__FOODS_3,1484,86,20011.78125,0.059958052771172506,rmsse,0.8811158992793018
store_dept,2,SetTransformer,SetTransformer,CA_3__HOBBIES_1,1484,87,3702.189697265625,0.011092270221449853,rmsse,0.6211761748661048
store_dept,2,SetTransformer,SetTransformer,CA_3__HOBBIES_2,1484,88,152.62001037597656,0.00045727057085733923,rmsse,1.1726094844923212
store_dept,2,SetTransformer,SetTransformer,CA_3__HOUSEHOLD_1,1484,89,13662.9091796875,0.04093595764262316,rmsse,0.8799747047361239
store_dept,2,SetTransformer,SetTransformer,CA_3__HOUSEHOLD_2,1484,90,4085.999755859375,0.012242218017689674,rmsse,0.656644749944577
store_dept,2,SetTransformer,SetTransformer,CA_4__FOODS_1,1484,91,1109.9600830078125,0.003325593279252812,rmsse,0.8820550177674833
store_dept,2,SetTransformer,SetTransformer,CA_4__FOODS_2,1484,92,2251.1201171875,0.00674466590926663,rmsse,0.7282580412514366
store_dept,2,SetTransformer,SetTransformer,CA_4__FOODS_3,1484,93,13889.87890625,0.041615990203077664,rmsse,1.2087131061863507
store_dept,2,SetTransformer,SetTransformer,CA_4__HOBBIES_1,1484,94,4478.490234375,0.013418173547536503,rmsse,0.8827743067206328
store_dept,2,SetTransformer,SetTransformer,CA_4__HOBBIES_2,1484,95,114.2300033569336,0.00034224882251929656,rmsse,1.2629500632550807
store_dept,2,SetTransformer,SetTransformer,CA_4__HOUSEHOLD_1,1484,96,2712.33984375,0.008126543732078637,rmsse,0.9723645379943829
store_dept,2,SetTransformer,SetTransformer,CA_4__HOUSEHOLD_2,1484,97,1369.1099853515625,0.004102042078400602,rmsse,0.896088690428666
store_dept,2,SetTransformer,SetTransformer,TX_1__FOODS_1,1484,98,1868.1302490234375,0.005597175516515848,rmsse,0.986648379964689
store_dept,2,SetTransformer,SetTransformer,TX_1__FOODS_2,1484,99,4883.66015625,0.01463211843597931,rmsse,1.1163634826353603
store_dept,2,SetTransformer,SetTransformer,TX_1__FOODS_3,1484,100,12800.3701171875,0.03835167181716359,rmsse,0.7395298341480323
store_dept,2,SetTransformer,SetTransformer,TX_1__HOBBIES_1,1484,101,3802.519775390625,0.01139287295359068,rmsse,0.8977466862719066
store_dept,2,SetTransformer,SetTransformer,TX_1__HOBBIES_2,1484,102,99.31999969482422,0.0002975763980497792,rmsse,1.0574105993689562
store_dept,2,SetTransformer,SetTransformer,TX_1__HOUSEHOLD_1,1484,103,10962.83984375,0.032846178041920936,rmsse,0.7056006937579241
store_dept,2,SetTransformer,SetTransformer,TX_1__HOUSEHOLD_2,1484,104,2500.9599609375,0.007493220490628747,rmsse,0.8982027350220927
store_dept,2,SetTransformer,SetTransformer,TX_2__FOODS_1,1484,105,587.6199951171875,0.0017605904360279002,rmsse,0.5629811123241577
store_dept,2,SetTransformer,SetTransformer,TX_2__FOODS_2,1484,106,5717.83935546875,0.017131434205152642,rmsse,0.7025178741848868
store_dept,2,SetTransformer,SetTransformer,TX_2__FOODS_3,1484,107,9579.8203125,0.028702461048299998,rmsse,0.7944901850153078
store_dept,2,SetTransformer,SetTransformer,TX_2__HOBBIES_1,1484,108,4880.6796875,0.014623188541115736,rmsse,0.5063248885581895
store_dept,2,SetTransformer,SetTransformer,TX_2__HOBBIES_2,1484,109,154.08999633789062,0.0004616748512547839,rmsse,1.21555547227573
store_dept,2,SetTransformer,SetTransformer,TX_2__HOUSEHOLD_1,1484,110,7287.9599609375,0.021835731785849046,rmsse,0.665016171033467
store_dept,2,SetTransformer,SetTransformer,TX_2__HOUSEHOLD_2,1484,111,3117.18994140625,0.0093395303831139,rmsse,1.1951965959028934
store_dept,2,SetTransformer,SetTransformer,TX_3__FOODS_1,1484,112,1843.5001220703125,0.005523380263951004,rmsse,0.7257722215925637
store_dept,2,SetTransformer,SetTransformer,TX_3__FOODS_2,1484,113,5230.93017578125,0.01567258724266791,rmsse,0.8291651727362094
store_dept,2,SetTransformer,SetTransformer,TX_3__FOODS_3,1484,114,11309.3408203125,0.03388434268995781,rmsse,0.602857944426915
store_dept,2,SetTransformer,SetTransformer,TX_3__HOBBIES_1,1484,115,3631.72998046875,0.010881163205778826,rmsse,0.6454086103259515
store_dept,2,SetTransformer,SetTransformer,TX_3__HOBBIES_2,1484,116,557.4199829101562,0.0016701070401233386,rmsse,0.9003469328935026
store_dept,2,SetTransformer,SetTransformer,TX_3__HOUSEHOLD_1,1484,117,7958.6201171875,0.023845121981434972,rmsse,1.3433541214979097
store_dept,2,SetTransformer,SetTransformer,TX_3__HOUSEHOLD_2,1484,118,1714.570068359375,0.005137088065989341,rmsse,0.9588996229747822
store_dept,2,SetTransformer,SetTransformer,WI_1__FOODS_1,1484,119,2116.869873046875,0.006342433688048123,rmsse,0.4121952663884124
store_dept,2,SetTransformer,SetTransformer,WI_1__FOODS_2,1484,120,5019.87060546875,0.015040223701583436,rmsse,1.544754404251841
store_dept,2,SetTransformer,SetTransformer,WI_1__FOODS_3,1484,121,11074.80859375,0.03318165183794907,rmsse,1.3063457395053197
store_dept,2,SetTransformer,SetTransformer,WI_1__HOBBIES_1,1484,122,3231.119873046875,0.009680880149443405,rmsse,0.76022467237488
store_dept,2,SetTransformer,SetTransformer,WI_1__HOBBIES_2,1484,123,225.09002685546875,0.0006744007212483812,rmsse,0.9955865517508234
store_dept,2,SetTransformer,SetTransformer,WI_1__HOUSEHOLD_1,1484,124,6614.83935546875,0.019818969745535472,rmsse,1.025359914947264
store_dept,2,SetTransformer,SetTransformer,WI_1__HOUSEHOLD_2,1484,125,1561.4200439453125,0.004678229500077088,rmsse,0.7818020666296102
store_dept,2,SetTransformer,SetTransformer,WI_2__FOODS_1,1484,126,6272.16015625,0.018792255668779265,rmsse,0.9992830294140879
store_dept,2,SetTransformer,SetTransformer,WI_2__FOODS_2,1484,127,5544.1298828125,0.01661097670073254,rmsse,0.9003034027261058
store_dept,2,SetTransformer,SetTransformer,WI_2__FOODS_3,1484,128,10494.5595703125,0.03144314584824928,rmsse,0.6202121556097397
store_dept,2,SetTransformer,SetTransformer,WI_2__HOBBIES_1,1484,129,2633.489990234375,0.00789029871125676,rmsse,0.7248269576187366
store_dept,2,SetTransformer,SetTransformer,WI_2__HOBBIES_2,1484,130,269.3800048828125,0.000807099595307758,rmsse,0.8792824377814082
store_dept,2,SetTransformer,SetTransformer,WI_2__HOUSEHOLD_1,1484,131,8928.4091796875,0.026750743578027276,rmsse,1.1389823912633756
store_dept,2,SetTransformer,SetTransformer,WI_2__HOUSEHOLD_2,1484,132,1402.010009765625,0.004200615082739795,rmsse,0.9051302616302005
store_dept,2,SetTransformer,SetTransformer,WI_3__FOODS_1,1484,133,1203.949951171875,0.003607199869137778,rmsse,0.6296574292073244
store_dept,2,SetTransformer,SetTransformer,WI_3__FOODS_2,1484,134,3890.659912109375,0.01165695294240433,rmsse,0.7189141036773328
store_dept,2,SetTransformer,SetTransformer,WI_3__FOODS_3,1484,135,10367.890625,0.031063628242463157,rmsse,0.5889345473292176
store_dept,2,SetTransformer,SetTransformer,WI_3__HOBBIES_1,1484,136,1458.8900146484375,0.0043710354112344516,rmsse,0.6353830536146189
store_dept,2,SetTransformer,SetTransformer,WI_3__HOBBIES_2,1484,137,191.25999450683594,0.0005730412850507764,rmsse,1.4225185088779857
store_dept,2,SetTransformer,SetTransformer,WI_3__HOUSEHOLD_1,1484,138,6748.8603515625,0.020220515108032085,rmsse,1.197945197865788
store_dept,2,SetTransformer,SetTransformer,WI_3__HOUSEHOLD_2,1484,139,1525.97998046875,0.00457204618887677,rmsse,0.856172757883126
store_dept,2,SetTransformer,SetTransformer,CA_1__FOODS_1,1512,140,2431.419921875,0.007148120104854332,rmsse,1.282844200046372
store_dept,2,SetTransformer,SetTransformer,CA_1__FOODS_2,1512,141,2621.93994140625,0.0077082290229956146,rmsse,1.3719599745390423
store_dept,2,SetTransformer,SetTransformer,CA_1__FOODS_3,1512,142,18871.072265625,0.055478977468462115,rmsse,0.5458311804889495
store_dept,2,SetTransformer,SetTransformer,CA_1__HOBBIES_1,1512,143,4564.3701171875,0.01341877045060324,rmsse,0.5193546257332091
store_dept,2,SetTransformer,SetTransformer,CA_1__HOBBIES_2,1512,144,90.30001068115234,0.0002654725808616164,rmsse,1.6661312792376335
store_dept,2,SetTransformer,SetTransformer,CA_1__HOUSEHOLD_1,1512,145,7306.630859375,0.02148073003546469,rmsse,0.6816841735039846
store_dept,2,SetTransformer,SetTransformer,CA_1__HOUSEHOLD_2,1512,146,2643.429931640625,0.007771407345203734,rmsse,0.9102409242577684
store_dept,2,SetTransformer,SetTransformer,CA_2__FOODS_1,1512,147,4699.81005859375,0.01381694970358054,rmsse,0.8870586052176901
store_dept,2,SetTransformer,SetTransformer,CA_2__FOODS_2,1512,148,1027.280029296875,0.003020095773941697,rmsse,0.5024409121768962
store_dept,2,SetTransformer,SetTransformer,CA_2__FOODS_3,1512,149,6845.2802734375,0.020124407596441872,rmsse,0.5868509159346714
store_dept,2,SetTransformer,SetTransformer,CA_2__HOBBIES_1,1512,150,3244.170166015625,0.009537520762510679,rmsse,0.5983043571393687
store_dept,2,SetTransformer,SetTransformer,CA_2__HOBBIES_2,1512,151,144.20999145507812,0.0004239622822724863,rmsse,0.8551384026592042
store_dept,2,SetTransformer,SetTransformer,CA_2__HOUSEHOLD_1,1512,152,5380.1201171875,0.015816990076540277,rmsse,0.6164919837948963
store_dept,2,SetTransformer,SetTransformer,CA_2__HOUSEHOLD_2,1512,153,4386.919921875,0.012897085447814644,rmsse,0.6900466115789275
store_dept,2,SetTransformer,SetTransformer,CA_3__FOODS_1,1512,154,2320.27001953125,0.006821351024594735,rmsse,0.8441765675715002
store_dept,2,SetTransformer,SetTransformer,CA_3__FOODS_2,1512,155,5174.8603515625,0.015213547847503058,rmsse,0.8151216553209387
store_dept,2,SetTransformer,SetTransformer,CA_3__FOODS_3,1512,156,22155.1796875,0.06513390958348034,rmsse,0.4831219429994795
store_dept,2,SetTransformer,SetTransformer,CA_3__HOBBIES_1,1512,157,4142.2197265625,0.012177692483218795,rmsse,0.6302252113822739
store_dept,2,SetTransformer,SetTransformer,CA_3__HOBBIES_2,1512,158,76.13999938964844,0.00022384362961089656,rmsse,1.613227010031833
store_dept,2,SetTransformer,SetTransformer,CA_3__HOUSEHOLD_1,1512,159,13194.5908203125,0.038790716103563716,rmsse,1.0361482442876366
store_dept,2,SetTransformer,SetTransformer,CA_3__HOUSEHOLD_2,1512,160,4916.529296875,0.014454081582911485,rmsse,0.7221008050022424
store_dept,2,SetTransformer,SetTransformer,CA_4__FOODS_1,1512,161,1238.8798828125,0.00364217719784188,rmsse,1.1165822897926674
store_dept,2,SetTransformer,SetTransformer,CA_4__FOODS_2,1512,162,2217.989990234375,0.006520658442797394,rmsse,0.717007392699714
store_dept,2,SetTransformer,SetTransformer,CA_4__FOODS_3,1512,163,11426.0908203125,0.03359151118971799,rmsse,0.9117404203835723
store_dept,2,SetTransformer,SetTransformer,CA_4__HOBBIES_1,1512,164,4551.10009765625,0.013379757981983674,rmsse,0.6977717969766494
store_dept,2,SetTransformer,SetTransformer,CA_4__HOBBIES_2,1512,165,124.04000091552734,0.00036466462101975564,rmsse,1.4467780034233517
store_dept,2,SetTransformer,SetTransformer,CA_4__HOUSEHOLD_1,1512,166,3265.36962890625,0.009599844964733935,rmsse,0.8269972376397845
store_dept,2,SetTransformer,SetTransformer,CA_4__HOUSEHOLD_2,1512,167,1480.22998046875,0.004351721225939997,rmsse,0.9054792489804786
store_dept,2,SetTransformer,SetTransformer,TX_1__FOODS_1,1512,168,1268.02001953125,0.0037278461500716005,rmsse,1.516491376562933
store_dept,2,SetTransformer,SetTransformer,TX_1__FOODS_2,1512,169,5505.7197265625,0.01618623978320672,rmsse,0.7852006530509561
store_dept,2,SetTransformer,SetTransformer,TX_1__FOODS_3,1512,170,16192.6884765625,0.04760480944060887,rmsse,0.7450594845606552
store_dept,2,SetTransformer,SetTransformer,TX_1__HOBBIES_1,1512,171,5653.91015625,0.01662190413730124,rmsse,0.6395047881318476
store_dept,2,SetTransformer,SetTransformer,TX_1__HOBBIES_2,1512,172,68.8800048828125,0.00020250000557106937,rmsse,1.823032947605559
store_dept,2,SetTransformer,SetTransformer,TX_1__HOUSEHOLD_1,1512,173,11548.44140625,0.03395120910751169,rmsse,0.8064850886175351
store_dept,2,SetTransformer,SetTransformer,TX_1__HOUSEHOLD_2,1512,174,2382.650146484375,0.007004742069311166,rmsse,0.7363820824434117
store_dept,2,SetTransformer,SetTransformer,TX_2__FOODS_1,1512,175,485.44000244140625,0.0014271428024148372,rmsse,0.7428244985872778
store_dept,2,SetTransformer,SetTransformer,TX_2__FOODS_2,1512,176,5321.009765625,0.01564321182926694,rmsse,0.9030332163952441
store_dept,2,SetTransformer,SetTransformer,TX_2__FOODS_3,1512,177,9231.0390625,0.02713828874959108,rmsse,1.0347301356652363
store_dept,2,SetTransformer,SetTransformer,TX_2__HOBBIES_1,1512,178,5222.9306640625,0.015354869535351574,rmsse,0.8664134475865851
store_dept,2,SetTransformer,SetTransformer,TX_2__HOBBIES_2,1512,179,204.54998779296875,0.0006013555564943658,rmsse,1.617209816267184
store_dept,2,SetTransformer,SetTransformer,TX_2__HOUSEHOLD_1,1512,180,7526.150390625,0.022126094483053103,rmsse,0.9083175502626772
store_dept,2,SetTransformer,SetTransformer,TX_2__HOUSEHOLD_2,1512,181,4138.4697265625,0.012166667875683075,rmsse,1.148732542111888
store_dept,2,SetTransformer,SetTransformer,TX_3__FOODS_1,1512,182,1403.3800048828125,0.00412579034061609,rmsse,0.650964135630909
store_dept,2,SetTransformer,SetTransformer,TX_3__FOODS_2,1512,183,5224.59033203125,0.015359748785483594,rmsse,1.29258958306542
store_dept,2,SetTransformer,SetTransformer,TX_3__FOODS_3,1512,184,11294.46875,0.03320455607818884,rmsse,0.5835637240524539
store_dept,2,SetTransformer,SetTransformer,TX_3__HOBBIES_1,1512,185,3567.440185546875,0.010487900787416462,rmsse,0.6239947059101222
store_dept,2,SetTransformer,SetTransformer,TX_3__HOBBIES_2,1512,186,447.95001220703125,0.0013169261547209775,rmsse,0.8981908650556218
store_dept,2,SetTransformer,SetTransformer,TX_3__HOUSEHOLD_1,1512,187,9794.0595703125,0.028793510118443024,rmsse,0.9918129344250775
store_dept,2,SetTransformer,SetTransformer,TX_3__HOUSEHOLD_2,1512,188,2193.980224609375,0.006450072244653326,rmsse,0.7964663454794707
store_dept,2,SetTransformer,SetTransformer,WI_1__FOODS_1,1512,189,1883.349853515625,0.0055368514633243205,rmsse,0.9365534368122567
store_dept,2,SetTransformer,SetTransformer,WI_1__FOODS_2,1512,190,5033.3701171875,0.014797581366404002,rmsse,1.74876505909196
store_dept,2,SetTransformer,SetTransformer,WI_1__FOODS_3,1512,191,10133.109375,0.029790281060240977,rmsse,0.9695636770721004
store_dept,2,SetTransformer,SetTransformer,WI_1__HOBBIES_1,1512,192,3049.619873046875,0.008965563262260043,rmsse,1.039540421570849
store_dept,2,SetTransformer,SetTransformer,WI_1__HOBBIES_2,1512,193,204.40000915527344,0.0006009146349958771,rmsse,1.425583890995568
store_dept,2,SetTransformer,SetTransformer,WI_1__HOUSEHOLD_1,1512,194,6276.3203125,0.01845172485700861,rmsse,0.86459907030183
store_dept,2,SetTransformer,SetTransformer,WI_1__HOUSEHOLD_2,1512,195,1683.4400634765625,0.004949137602596607,rmsse,1.05705992972994
store_dept,2,SetTransformer,SetTransformer,WI_2__FOODS_1,1512,196,6609.10009765625,0.01943006259758701,rmsse,1.3898639721142076
store_dept,2,SetTransformer,SetTransformer,WI_2__FOODS_2,1512,197,5467.28955078125,0.01607325908840218,rmsse,1.2131255965316745
store_dept,2,SetTransformer,SetTransformer,WI_2__FOODS_3,1512,198,10650.400390625,0.031311062507979597,rmsse,0.5662938333981512
store_dept,2,SetTransformer,SetTransformer,WI_2__HOBBIES_1,1512,199,2706.2099609375,0.007955974060958153,rmsse,0.6459711225136314
store_dept,2,SetTransformer,SetTransformer,WI_2__HOBBIES_2,1512,200,218.62998962402344,0.0006427492883049263,rmsse,0.7353157594568619
store_dept,2,SetTransformer,SetTransformer,WI_2__HOUSEHOLD_1,1512,201,8858.0,0.02604159294704293,rmsse,1.0809939049937303
store_dept,2,SetTransformer,SetTransformer,WI_2__HOUSEHOLD_2,1512,202,1471.659912109375,0.004326526121882289,rmsse,0.9710139010607225
store_dept,2,SetTransformer,SetTransformer,WI_3__FOODS_1,1512,203,1030.72998046875,0.0030302382693249827,rmsse,1.1446676099779565
store_dept,2,SetTransformer,SetTransformer,WI_3__FOODS_2,1512,204,3741.080078125,0.010998383898941387,rmsse,0.6122699361544478
store_dept,2,SetTransformer,SetTransformer,WI_3__FOODS_3,1512,205,10853.30078125,0.03190756842144226,rmsse,0.45859172668814874
store_dept,2,SetTransformer,SetTransformer,WI_3__HOBBIES_1,1512,206,2237.97998046875,0.006579426921991225,rmsse,0.7801399252644045
store_dept,2,SetTransformer,SetTransformer,WI_3__HOBBIES_2,1512,207,245.16000366210938,0.0007207447530214728,rmsse,1.0095751087453546
store_dept,2,SetTransformer,SetTransformer,WI_3__HOUSEHOLD_1,1512,208,6746.60009765625,0.01983429820723009,rmsse,0.8078705983196539
store_dept,2,SetTransformer,SetTransformer,WI_3__HOUSEHOLD_2,1512,209,1832.199951171875,0.00538647610363625,rmsse,0.7030987520333045
store_dept,2,SetTransformer,SetTransformer,CA_1__FOODS_1,1540,210,2955.330078125,0.008582903136706432,rmsse,0.989887691033564
store_dept,2,SetTransformer,SetTransformer,CA_1__FOODS_2,1540,211,3517.600341796875,0.010215854814580557,rmsse,1.131560533007995
store_dept,2,SetTransformer,SetTransformer,CA_1__FOODS_3,1540,212,21056.587890625,0.06115278140756496,rmsse,0.43297958745525544
store_dept,2,SetTransformer,SetTransformer,CA_1__HOBBIES_1,1540,213,4874.73974609375,0.014157274467263723,rmsse,0.5022782507330436
store_dept,2,SetTransformer,SetTransformer,CA_1__HOBBIES_2,1540,214,125.1100082397461,0.00036334590511647954,rmsse,1.4830061573382651
store_dept,2,SetTransformer,SetTransformer,CA_1__HOUSEHOLD_1,1540,215,6975.35009765625,0.020257890878565717,rmsse,0.9133259227024857
store_dept,2,SetTransformer,SetTransformer,CA_1__HOUSEHOLD_2,1540,216,2614.880126953125,0.007594164526615704,rmsse,1.057380315422684
store_dept,2,SetTransformer,SetTransformer,CA_2__FOODS_1,1540,217,5393.009765625,0.015662440136987442,rmsse,0.6916591034519063
store_dept,2,SetTransformer,SetTransformer,CA_2__FOODS_2,1540,218,1259.52001953125,0.0036579123281003855,rmsse,0.7846753484166106
store_dept,2,SetTransformer,SetTransformer,CA_2__FOODS_3,1540,219,7009.5595703125,0.02035724241710949,rmsse,0.3812013161854855
store_dept,2,SetTransformer,SetTransformer,CA_2__HOBBIES_1,1540,220,2778.530029296875,0.008069438429366698,rmsse,0.4740304283255408
store_dept,2,SetTransformer,SetTransformer,CA_2__HOBBIES_2,1540,221,155.0599822998047,0.00045032695951952706,rmsse,0.9183186165776877
store_dept,2,SetTransformer,SetTransformer,CA_2__HOUSEHOLD_1,1540,222,6076.7802734375,0.017648254202133985,rmsse,0.7130777084730745
store_dept,2,SetTransformer,SetTransformer,CA_2__HOUSEHOLD_2,1540,223,4480.8798828125,0.013013422184569084,rmsse,0.7735783515499772
store_dept,2,SetTransformer,SetTransformer,CA_3__FOODS_1,1540,224,2491.01025390625,0.007234420236193846,rmsse,0.6244814118020321
store_dept,2,SetTransformer,SetTransformer,CA_3__FOODS_2,1540,225,4921.53955078125,0.014293190990911205,rmsse,0.7959585019112575
store_dept,2,SetTransformer,SetTransformer,CA_3__FOODS_3,1540,226,24835.359375,0.07212713241701833,rmsse,0.9357961424905898
store_dept,2,SetTransformer,SetTransformer,CA_3__HOBBIES_1,1540,227,4056.8798828125,0.011782036574920914,rmsse,0.52330634717214
store_dept,2,SetTransformer,SetTransformer,CA_3__HOBBIES_2,1540,228,134.97000122070312,0.0003919814085787023,rmsse,1.9657661474545958
store_dept,2,SetTransformer,SetTransformer,CA_3__HOUSEHOLD_1,1540,229,15385.681640625,0.04468327114833414,rmsse,0.7142451583315835
store_dept,2,SetTransformer,SetTransformer,CA_3__HOUSEHOLD_2,1540,230,5413.6904296875,0.015722501156149073,rmsse,0.6218466711149666
store_dept,2,SetTransformer,SetTransformer,CA_4__FOODS_1,1540,231,1353.5799560546875,0.003931082262721567,rmsse,0.8974305151920356
store_dept,2,SetTransformer,SetTransformer,CA_4__FOODS_2,1540,232,2528.89013671875,0.007344431421548732,rmsse,0.7173026791164446
store_dept,2,SetTransformer,SetTransformer,CA_4__FOODS_3,1540,233,11945.9501953125,0.034693564066230094,rmsse,0.9167233904409958
store_dept,2,SetTransformer,SetTransformer,CA_4__HOBBIES_1,1540,234,4647.10986328125,0.013496189179477846,rmsse,0.6864127462402688
store_dept,2,SetTransformer,SetTransformer,CA_4__HOBBIES_2,1540,235,116.89000701904297,0.00033947328432764885,rmsse,0.9942444275333903
store_dept,2,SetTransformer,SetTransformer,CA_4__HOUSEHOLD_1,1540,236,3779.939697265625,0.010977743746581961,rmsse,0.8144562868066163
store_dept,2,SetTransformer,SetTransformer,CA_4__HOUSEHOLD_2,1540,237,1473.3299560546875,0.00427886157110687,rmsse,0.929592725006884
store_dept,2,SetTransformer,SetTransformer,TX_1__FOODS_1,1540,238,1236.2998046875,0.0035904759167524314,rmsse,0.5240206503679399
store_dept,2,SetTransformer,SetTransformer,TX_1__FOODS_2,1540,239,5329.8701171875,0.015479069253770033,rmsse,0.8772696545933878
store_dept,2,SetTransformer,SetTransformer,TX_1__FOODS_3,1540,240,16183.740234375,0.04700100196908839,rmsse,0.7480804151530542
store_dept,2,SetTransformer,SetTransformer,TX_1__HOBBIES_1,1540,241,5004.689453125,0.014534675880509659,rmsse,1.0462764108930358
store_dept,2,SetTransformer,SetTransformer,TX_1__HOBBIES_2,1540,242,73.19000244140625,0.00021255923532184455,rmsse,1.4168884495910095
store_dept,2,SetTransformer,SetTransformer,TX_1__HOUSEHOLD_1,1540,243,11729.8310546875,0.03406590840647737,rmsse,0.7353630409940123
store_dept,2,SetTransformer,SetTransformer,TX_1__HOUSEHOLD_2,1540,244,2226.139892578125,0.006465180728265157,rmsse,0.8780947821280994
store_dept,2,SetTransformer,SetTransformer,TX_2__FOODS_1,1540,245,457.01995849609375,0.0013272825476747495,rmsse,0.9606612760978172
store_dept,2,SetTransformer,SetTransformer,TX_2__FOODS_2,1540,246,4984.46044921875,0.014475926577897223,rmsse,0.5167057257971874
store_dept,2,SetTransformer,SetTransformer,TX_2__FOODS_3,1540,247,9516.7490234375,0.027638650467203336,rmsse,0.7731430351077674
store_dept,2,SetTransformer,SetTransformer,TX_2__HOBBIES_1,1540,248,4722.599609375,0.013715427356401992,rmsse,0.5715557794321429
store_dept,2,SetTransformer,SetTransformer,TX_2__HOBBIES_2,1540,249,163.66000366210938,0.0004753032391143592,rmsse,1.671128712121627
store_dept,2,SetTransformer,SetTransformer,TX_2__HOUSEHOLD_1,1540,250,7416.32958984375,0.021538588522031863,rmsse,0.6926757043080465
store_dept,2,SetTransformer,SetTransformer,TX_2__HOUSEHOLD_2,1540,251,3775.52978515625,0.010964936429810033,rmsse,1.029975786881335
store_dept,2,SetTransformer,SetTransformer,TX_3__FOODS_1,1540,252,1376.4801025390625,0.003997589127909526,rmsse,0.6024721356250023
store_dept,2,SetTransformer,SetTransformer,TX_3__FOODS_2,1540,253,5018.5009765625,0.014574787463547997,rmsse,0.8963122130055273
store_dept,2,SetTransformer,SetTransformer,TX_3__FOODS_3,1540,254,12092.458984375,0.03511905655334929,rmsse,0.6993570089572956
store_dept,2,SetTransformer,SetTransformer,TX_3__HOBBIES_1,1540,255,3384.919921875,0.0098305228339818,rmsse,0.8082639151766062
store_dept,2,SetTransformer,SetTransformer,TX_3__HOBBIES_2,1540,256,369.1400451660156,0.0010720607065148756,rmsse,1.319151558141405
store_dept,2,SetTransformer,SetTransformer,TX_3__HOUSEHOLD_1,1540,257,9262.8212890625,0.026901190660599705,rmsse,0.843440857940444
store_dept,2,SetTransformer,SetTransformer,TX_3__HOUSEHOLD_2,1540,258,2186.66015625,0.006350523230182239,rmsse,0.8465160216148155
store_dept,2,SetTransformer,SetTransformer,WI_1__FOODS_1,1540,259,2056.659912109375,0.005972975046489987,rmsse,0.7681170275484068
store_dept,2,SetTransformer,SetTransformer,WI_1__FOODS_2,1540,260,4058.89013671875,0.01178787477711878,rmsse,1.2369899751724704
store_dept,2,SetTransformer,SetTransformer,WI_1__FOODS_3,1540,261,9428.4599609375,0.027382240370382987,rmsse,0.6835144364853042
store_dept,2,SetTransformer,SetTransformer,WI_1__HOBBIES_1,1540,262,2738.250244140625,0.007952457420401779,rmsse,0.8057905753047979
store_dept,2,SetTransformer,SetTransformer,WI_1__HOBBIES_2,1540,263,220.0700225830078,0.0006391298559520369,rmsse,1.1004385234300502
store_dept,2,SetTransformer,SetTransformer,WI_1__HOUSEHOLD_1,1540,264,6021.64990234375,0.01748814395303161,rmsse,0.6095498876468817
store_dept,2,SetTransformer,SetTransformer,WI_1__HOUSEHOLD_2,1540,265,1844.7900390625,0.005357660157839264,rmsse,1.0246065178689396
store_dept,2,SetTransformer,SetTransformer,WI_2__FOODS_1,1540,266,6950.09033203125,0.020184531180703194,rmsse,1.3412320899482775
store_dept,2,SetTransformer,SetTransformer,WI_2__FOODS_2,1540,267,4602.49951171875,0.013366631290432071,rmsse,1.1236859592534354
store_dept,2,SetTransformer,SetTransformer,WI_2__FOODS_3,1540,268,10485.240234375,0.0304513536280976,rmsse,0.6610619348275993
store_dept,2,SetTransformer,SetTransformer,WI_2__HOBBIES_1,1540,269,2450.219970703125,0.007115956633010352,rmsse,0.5302437056984035
store_dept,2,SetTransformer,SetTransformer,WI_2__HOBBIES_2,1540,270,249.33001708984375,0.0007241070639098253,rmsse,0.9714334864993267
store_dept,2,SetTransformer,SetTransformer,WI_2__HOUSEHOLD_1,1540,271,9029.1494140625,0.026222558150565494,rmsse,1.1086927071994865
store_dept,2,SetTransformer,SetTransformer,WI_2__HOUSEHOLD_2,1540,272,1384.0601806640625,0.0040196032767848425,rmsse,0.8708725639368715
store_dept,2,SetTransformer,SetTransformer,WI_3__FOODS_1,1540,273,1293.599853515625,0.0037568873685427393,rmsse,0.6761006420135308
store_dept,2,SetTransformer,SetTransformer,WI_3__FOODS_2,1540,274,3498.02978515625,0.010159017781986053,rmsse,0.5367291429206734
store_dept,2,SetTransformer,SetTransformer,WI_3__FOODS_3,1540,275,9646.2392578125,0.028014717474748957,rmsse,0.435327264359362
store_dept,2,SetTransformer,SetTransformer,WI_3__HOBBIES_1,1540,276,1727.9500732421875,0.005018332203728612,rmsse,0.8296995852917289
store_dept,2,SetTransformer,SetTransformer,WI_3__HOBBIES_2,1540,277,208.18002319335938,0.0006045987848502949,rmsse,1.124371291075251
store_dept,2,SetTransformer,SetTransformer,WI_3__HOUSEHOLD_1,1540,278,5833.43994140625,0.01694154244951538,rmsse,0.7511345608072851
store_dept,2,SetTransformer,SetTransformer,WI_3__HOUSEHOLD_2,1540,279,1731.9100341796875,0.005029832767203155,rmsse,0.9020973451560031
store_dept,2,SetTransformer_Q,SetTransformer,CA_1__FOODS_1,1456,0,2639.52001953125,0.008630192736281295,mean_spl,0.2223365608274908
store_dept,2,SetTransformer_Q,SetTransformer,CA_1__FOODS_2,1456,1,2164.300048828125,0.007076410264865808,mean_spl,0.15715319614293208
store_dept,2,SetTransformer_Q,SetTransformer,CA_1__FOODS_3,1456,2,16346.23046875,0.053445747110506446,mean_spl,0.103783483103926
store_dept,2,SetTransformer_Q,SetTransformer,CA_1__HOBBIES_1,1456,3,4766.98974609375,0.015586182327183756,mean_spl,0.14004607376704187
store_dept,2,SetTransformer_Q,SetTransformer,CA_1__HOBBIES_2,1456,4,75.88999938964844,0.0002481304618425463,mean_spl,0.20515400196315314
store_dept,2,SetTransformer_Q,SetTransformer,CA_1__HOUSEHOLD_1,1456,5,7929.32958984375,0.02592579034198899,mean_spl,0.18451715943328661
store_dept,2,SetTransformer_Q,SetTransformer,CA_1__HOUSEHOLD_2,1456,6,2026.1900634765625,0.006624844910722125,mean_spl,0.20914652360302668
store_dept,2,SetTransformer_Q,SetTransformer,CA_2__FOODS_1,1456,7,5523.3701171875,0.01805924876963426,mean_spl,0.2133033892163209
store_dept,2,SetTransformer_Q,SetTransformer,CA_2__FOODS_2,1456,8,1106.5098876953125,0.003617852308279664,mean_spl,0.18734364804307405
store_dept,2,SetTransformer_Q,SetTransformer,CA_2__FOODS_3,1456,9,6962.60986328125,0.022764996902096404,mean_spl,0.15174497230088677
store_dept,2,SetTransformer_Q,SetTransformer,CA_2__HOBBIES_1,1456,10,3265.800048828125,0.0106778822100197,mean_spl,0.21415804859398238
store_dept,2,SetTransformer_Q,SetTransformer,CA_2__HOBBIES_2,1456,11,171.41000366210938,0.0005604433221133114,mean_spl,0.22678770142275806
store_dept,2,SetTransformer_Q,SetTransformer,CA_2__HOUSEHOLD_1,1456,12,4655.73974609375,0.015222438565133488,mean_spl,0.16763680374941986
store_dept,2,SetTransformer_Q,SetTransformer,CA_2__HOUSEHOLD_2,1456,13,3590.980224609375,0.011741093540202524,mean_spl,0.21974804519924718
store_dept,2,SetTransformer_Q,SetTransformer,CA_3__FOODS_1,1456,14,3597.400146484375,0.011762084160740783,mean_spl,0.716099880276619
store_dept,2,SetTransformer_Q,SetTransformer,CA_3__FOODS_2,1456,15,5396.5595703125,0.017644628136933457,mean_spl,0.2819046044937303
store_dept,2,SetTransformer_Q,SetTransformer,CA_3__FOODS_3,1456,16,18698.630859375,0.06113717154137798,mean_spl,0.18366896339997593
store_dept,2,SetTransformer_Q,SetTransformer,CA_3__HOBBIES_1,1456,17,3555.1201171875,0.011623845087338169,mean_spl,0.13378458225813383
store_dept,2,SetTransformer_Q,SetTransformer,CA_3__HOBBIES_2,1456,18,144.6400146484375,0.0004729159826627285,mean_spl,0.347726716898588
store_dept,2,SetTransformer_Q,SetTransformer,CA_3__HOUSEHOLD_1,1456,19,12422.94140625,0.040618134317657734,mean_spl,0.17257973323732856
store_dept,2,SetTransformer_Q,SetTransformer,CA_3__HOUSEHOLD_2,1456,20,3610.610107421875,0.011805275539508813,mean_spl,0.1837816408365601
store_dept,2,SetTransformer_Q,SetTransformer,CA_4__FOODS_1,1456,21,1101.489990234375,0.0036014392171556373,mean_spl,0.1919771494526184
store_dept,2,SetTransformer_Q,SetTransformer,CA_4__FOODS_2,1456,22,2318.380126953125,0.007580191543734902,mean_spl,0.1719904904163959
store_dept,2,SetTransformer_Q,SetTransformer,CA_4__FOODS_3,1456,23,13401.109375,0.04381635900862577,mean_spl,0.22255363899438585
store_dept,2,SetTransformer_Q,SetTransformer,CA_4__HOBBIES_1,1456,24,4166.490234375,0.013622785010312501,mean_spl,0.15629265807376821
store_dept,2,SetTransformer_Q,SetTransformer,CA_4__HOBBIES_2,1456,25,133.1699981689453,0.00043541353821302905,mean_spl,0.3274247211334126
store_dept,2,SetTransformer_Q,SetTransformer,CA_4__HOUSEHOLD_1,1456,26,2557.519775390625,0.00836208417634645,mean_spl,0.20852224608592504
store_dept,2,SetTransformer_Q,SetTransformer,CA_4__HOUSEHOLD_2,1456,27,1269.179931640625,0.004149719398235174,mean_spl,0.2009578030179665
store_dept,2,SetTransformer_Q,SetTransformer,TX_1__FOODS_1,1456,28,1635.070068359375,0.005346036295558005,mean_spl,0.26054927588629057
store_dept,2,SetTransformer_Q,SetTransformer,TX_1__FOODS_2,1456,29,4750.099609375,0.015530958220472553,mean_spl,0.2075950048477564
store_dept,2,SetTransformer_Q,SetTransformer,TX_1__FOODS_3,1456,30,12488.5888671875,0.04083277570561687,mean_spl,0.19478883084759177
store_dept,2,SetTransformer_Q,SetTransformer,TX_1__HOBBIES_1,1456,31,3464.31982421875,0.011326963827475521,mean_spl,0.24095982083611714
store_dept,2,SetTransformer_Q,SetTransformer,TX_1__HOBBIES_2,1456,32,71.62999725341797,0.00023420192967738088,mean_spl,0.3897800591413735
store_dept,2,SetTransformer_Q,SetTransformer,TX_1__HOUSEHOLD_1,1456,33,9295.2705078125,0.030391880123924717,mean_spl,0.154142695676132
store_dept,2,SetTransformer_Q,SetTransformer,TX_1__HOUSEHOLD_2,1456,34,2151.73974609375,0.007035343013008803,mean_spl,0.20067340035480843
store_dept,2,SetTransformer_Q,SetTransformer,TX_2__FOODS_1,1456,35,361.9000244140625,0.0011832707987995952,mean_spl,0.249429006899761
store_dept,2,SetTransformer_Q,SetTransformer,TX_2__FOODS_2,1456,36,5210.27978515625,0.017035566475390534,mean_spl,0.1543963238575097
store_dept,2,SetTransformer_Q,SetTransformer,TX_2__FOODS_3,1456,37,10461.390625,0.034204634446875555,mean_spl,0.1327772307885854
store_dept,2,SetTransformer_Q,SetTransformer,TX_2__HOBBIES_1,1456,38,4692.58984375,0.015342923896849481,mean_spl,0.240311613771537
store_dept,2,SetTransformer_Q,SetTransformer,TX_2__HOBBIES_2,1456,39,90.73001861572266,0.0002966514903566186,mean_spl,0.4126730310276711
store_dept,2,SetTransformer_Q,SetTransformer,TX_2__HOUSEHOLD_1,1456,40,5899.56005859375,0.01928924197891587,mean_spl,0.2598577042711915
store_dept,2,SetTransformer_Q,SetTransformer,TX_2__HOUSEHOLD_2,1456,41,2326.7998046875,0.007607720579729082,mean_spl,0.26753548623806217
store_dept,2,SetTransformer_Q,SetTransformer,TX_3__FOODS_1,1456,42,2204.64013671875,0.007208306492558162,mean_spl,0.26493421762820474
store_dept,2,SetTransformer_Q,SetTransformer,TX_3__FOODS_2,1456,43,5935.8798828125,0.0194079935249683,mean_spl,0.22107190309061014
store_dept,2,SetTransformer_Q,SetTransformer,TX_3__FOODS_3,1456,44,10073.9794921875,0.03293795235330814,mean_spl,0.21186944164285515
store_dept,2,SetTransformer_Q,SetTransformer,TX_3__HOBBIES_1,1456,45,3583.849853515625,0.01171778003003214,mean_spl,0.15326029800103938
store_dept,2,SetTransformer_Q,SetTransformer,TX_3__HOBBIES_2,1456,46,434.71002197265625,0.001421330865557651,mean_spl,0.2770208672262466
store_dept,2,SetTransformer_Q,SetTransformer,TX_3__HOUSEHOLD_1,1456,47,6016.52978515625,0.019671686998114387,mean_spl,0.37218822956006264
store_dept,2,SetTransformer_Q,SetTransformer,TX_3__HOUSEHOLD_2,1456,48,1704.47998046875,0.0055729794196410845,mean_spl,0.21625498151187258
store_dept,2,SetTransformer_Q,SetTransformer,WI_1__FOODS_1,1456,49,1631.85986328125,0.005335540187045016,mean_spl,0.17564636254308397
store_dept,2,SetTransformer_Q,SetTransformer,WI_1__FOODS_2,1456,50,3612.3798828125,0.011811062009248767,mean_spl,0.7320522479044675
store_dept,2,SetTransformer_Q,SetTransformer,WI_1__FOODS_3,1456,51,10289.169921875,0.03364154045624517,mean_spl,0.26499583335900107
store_dept,2,SetTransformer_Q,SetTransformer,WI_1__HOBBIES_1,1456,52,3086.5498046875,0.010091804383933048,mean_spl,0.19674569379319962
store_dept,2,SetTransformer_Q,SetTransformer,WI_1__HOBBIES_2,1456,53,191.8800048828125,0.00062737217832178,mean_spl,0.21802835119554326
store_dept,2,SetTransformer_Q,SetTransformer,WI_1__HOUSEHOLD_1,1456,54,6407.7802734375,0.02095092227462159,mean_spl,0.2900630140472987
store_dept,2,SetTransformer_Q,SetTransformer,WI_1__HOUSEHOLD_2,1456,55,1338.1900634765625,0.00437535539799777,mean_spl,0.20340838412985027
store_dept,2,SetTransformer_Q,SetTransformer,WI_2__FOODS_1,1456,56,5915.73974609375,0.019342143195994952,mean_spl,0.2756684635154402
store_dept,2,SetTransformer_Q,SetTransformer,WI_2__FOODS_2,1456,57,5162.1103515625,0.016878071365357086,mean_spl,0.24391277071262424
store_dept,2,SetTransformer_Q,SetTransformer,WI_2__FOODS_3,1456,58,10900.6796875,0.035640936974707334,mean_spl,0.2641772987186457
store_dept,2,SetTransformer_Q,SetTransformer,WI_2__HOBBIES_1,1456,59,2009.6400146484375,0.006570732757707673,mean_spl,0.2931643547007822
store_dept,2,SetTransformer_Q,SetTransformer,WI_2__HOBBIES_2,1456,60,188.1599884033203,0.0006152091869587286,mean_spl,0.2244637729038867
store_dept,2,SetTransformer_Q,SetTransformer,WI_2__HOUSEHOLD_1,1456,61,5669.19970703125,0.018536054195504043,mean_spl,0.7358492540552957
store_dept,2,SetTransformer_Q,SetTransformer,WI_2__HOUSEHOLD_2,1456,62,1216.85009765625,0.0039786214145862515,mean_spl,0.19245492430848954
store_dept,2,SetTransformer_Q,SetTransformer,WI_3__FOODS_1,1456,63,925.02001953125,0.0030244517921448034,mean_spl,0.1849009219966504
store_dept,2,SetTransformer_Q,SetTransformer,WI_3__FOODS_2,1456,64,3442.51025390625,0.011255655106988612,mean_spl,0.14527323791646093
store_dept,2,SetTransformer_Q,SetTransformer,WI_3__FOODS_3,1456,65,8656.91015625,0.028304692745757747,mean_spl,0.18740511296862072
store_dept,2,SetTransformer_Q,SetTransformer,WI_3__HOBBIES_1,1456,66,1414.9700927734375,0.004626395907721592,mean_spl,0.19165319667193884
store_dept,2,SetTransformer_Q,SetTransformer,WI_3__HOBBIES_2,1456,67,203.52000427246094,0.0006654304000588906,mean_spl,0.25613825082454295
store_dept,2,SetTransformer_Q,SetTransformer,WI_3__HOUSEHOLD_1,1456,68,5766.10009765625,0.018852880376448562,mean_spl,0.3071395935170171
store_dept,2,SetTransformer_Q,SetTransformer,WI_3__HOUSEHOLD_2,1456,69,1365.7999267578125,0.004465628796106673,mean_spl,0.17017465847174973
store_dept,2,SetTransformer_Q,SetTransformer,CA_1__FOODS_1,1484,70,2750.699951171875,0.008241475897105607,mean_spl,0.19043539647545213
store_dept,2,SetTransformer_Q,SetTransformer,CA_1__FOODS_2,1484,71,2574.610107421875,0.007713886473049214,mean_spl,0.18007073942191937
store_dept,2,SetTransformer_Q,SetTransformer,CA_1__FOODS_3,1484,72,15957.6005859375,0.04781116913482821,mean_spl,0.14032757271633634
store_dept,2,SetTransformer_Q,SetTransformer,CA_1__HOBBIES_1,1484,73,4508.57958984375,0.013508325400612845,mean_spl,0.18200367386115454
store_dept,2,SetTransformer_Q,SetTransformer,CA_1__HOBBIES_2,1484,74,108.56000518798828,0.00032526072709795196,mean_spl,0.26816463640471244
store_dept,2,SetTransformer_Q,SetTransformer,CA_1__HOUSEHOLD_1,1484,75,7592.0693359375,0.022746885357171353,mean_spl,0.20216134978490802
store_dept,2,SetTransformer_Q,SetTransformer,CA_1__HOUSEHOLD_2,1484,76,2289.559814453125,0.006859836536427081,mean_spl,0.20344578894999998
store_dept,2,SetTransformer_Q,SetTransformer,CA_2__FOODS_1,1484,77,5074.2099609375,0.015203031894519624,mean_spl,0.15800360611299766
store_dept,2,SetTransformer_Q,SetTransformer,CA_2__FOODS_2,1484,78,1083.4000244140625,0.003246015685690545,mean_spl,0.1477816415197763
store_dept,2,SetTransformer_Q,SetTransformer,CA_2__FOODS_3,1484,79,5541.22021484375,0.01660225893476071,mean_spl,0.12282453811844649
store_dept,2,SetTransformer_Q,SetTransformer,CA_2__HOBBIES_1,1484,80,3338.400146484375,0.01000230662396433,mean_spl,0.23132044601468194
store_dept,2,SetTransformer_Q,SetTransformer,CA_2__HOBBIES_2,1484,81,104.07000732421875,0.00031180807510784763,mean_spl,0.16735188256126854
store_dept,2,SetTransformer_Q,SetTransformer,CA_2__HOUSEHOLD_1,1484,82,4916.0400390625,0.014729133024443106,mean_spl,0.14937511535168058
store_dept,2,SetTransformer_Q,SetTransformer,CA_2__HOUSEHOLD_2,1484,83,4333.8798828125,0.012984901017624045,mean_spl,0.18623538517616953
store_dept,2,SetTransformer_Q,SetTransformer,CA_3__FOODS_1,1484,84,9336.0205078125,0.027972003255840636,mean_spl,0.5245885641574867
store_dept,2,SetTransformer_Q,SetTransformer,CA_3__FOODS_2,1484,85,5448.72021484375,0.01632511619508913,mean_spl,0.24690158759353434
store_dept,2,SetTransformer_Q,SetTransformer,CA_3__FOODS_3,1484,86,20011.78125,0.059958052771172506,mean_spl,0.23457880511464552
store_dept,2,SetTransformer_Q,SetTransformer,CA_3__HOBBIES_1,1484,87,3702.189697265625,0.011092270221449853,mean_spl,0.14239818176764987
store_dept,2,SetTransformer_Q,SetTransformer,CA_3__HOBBIES_2,1484,88,152.62001037597656,0.00045727057085733923,mean_spl,0.36118634650972786
store_dept,2,SetTransformer_Q,SetTransformer,CA_3__HOUSEHOLD_1,1484,89,13662.9091796875,0.04093595764262316,mean_spl,0.2179924343644327
store_dept,2,SetTransformer_Q,SetTransformer,CA_3__HOUSEHOLD_2,1484,90,4085.999755859375,0.012242218017689674,mean_spl,0.18059621856233105
store_dept,2,SetTransformer_Q,SetTransformer,CA_4__FOODS_1,1484,91,1109.9600830078125,0.003325593279252812,mean_spl,0.20579439716948178
store_dept,2,SetTransformer_Q,SetTransformer,CA_4__FOODS_2,1484,92,2251.1201171875,0.00674466590926663,mean_spl,0.1595871144536579
store_dept,2,SetTransformer_Q,SetTransformer,CA_4__FOODS_3,1484,93,13889.87890625,0.041615990203077664,mean_spl,0.2522974419965666
store_dept,2,SetTransformer_Q,SetTransformer,CA_4__HOBBIES_1,1484,94,4478.490234375,0.013418173547536503,mean_spl,0.21905860930043625
store_dept,2,SetTransformer_Q,SetTransformer,CA_4__HOBBIES_2,1484,95,114.2300033569336,0.00034224882251929656,mean_spl,0.32943835547666733
store_dept,2,SetTransformer_Q,SetTransformer,CA_4__HOUSEHOLD_1,1484,96,2712.33984375,0.008126543732078637,mean_spl,0.21735421983176856
store_dept,2,SetTransformer_Q,SetTransformer,CA_4__HOUSEHOLD_2,1484,97,1369.1099853515625,0.004102042078400602,mean_spl,0.21058911775716607
store_dept,2,SetTransformer_Q,SetTransformer,TX_1__FOODS_1,1484,98,1868.1302490234375,0.005597175516515848,mean_spl,0.2329206167229889
store_dept,2,SetTransformer_Q,SetTransformer,TX_1__FOODS_2,1484,99,4883.66015625,0.01463211843597931,mean_spl,0.2675434276916947
store_dept,2,SetTransformer_Q,SetTransformer,TX_1__FOODS_3,1484,100,12800.3701171875,0.03835167181716359,mean_spl,0.1937049804740373
store_dept,2,SetTransformer_Q,SetTransformer,TX_1__HOBBIES_1,1484,101,3802.519775390625,0.01139287295359068,mean_spl,0.22212608807628578
store_dept,2,SetTransformer_Q,SetTransformer,TX_1__HOBBIES_2,1484,102,99.31999969482422,0.0002975763980497792,mean_spl,0.2518751865959198
store_dept,2,SetTransformer_Q,SetTransformer,TX_1__HOUSEHOLD_1,1484,103,10962.83984375,0.032846178041920936,mean_spl,0.1766960801907323
store_dept,2,SetTransformer_Q,SetTransformer,TX_1__HOUSEHOLD_2,1484,104,2500.9599609375,0.007493220490628747,mean_spl,0.1897911074356702
store_dept,2,SetTransformer_Q,SetTransformer,TX_2__FOODS_1,1484,105,587.6199951171875,0.0017605904360279002,mean_spl,0.16906867741360213
store_dept,2,SetTransformer_Q,SetTransformer,TX_2__FOODS_2,1484,106,5717.83935546875,0.017131434205152642,mean_spl,0.18080889414257692
store_dept,2,SetTransformer_Q,SetTransformer,TX_2__FOODS_3,1484,107,9579.8203125,0.028702461048299998,mean_spl,0.18304059576777798
store_dept,2,SetTransformer_Q,SetTransformer,TX_2__HOBBIES_1,1484,108,4880.6796875,0.014623188541115736,mean_spl,0.12496077834741298
store_dept,2,SetTransformer_Q,SetTransformer,TX_2__HOBBIES_2,1484,109,154.08999633789062,0.0004616748512547839,mean_spl,0.2619356567179759
store_dept,2,SetTransformer_Q,SetTransformer,TX_2__HOUSEHOLD_1,1484,110,7287.9599609375,0.021835731785849046,mean_spl,0.1581161309315621
store_dept,2,SetTransformer_Q,SetTransformer,TX_2__HOUSEHOLD_2,1484,111,3117.18994140625,0.0093395303831139,mean_spl,0.29697957604416536
store_dept,2,SetTransformer_Q,SetTransformer,TX_3__FOODS_1,1484,112,1843.5001220703125,0.005523380263951004,mean_spl,0.1892903795582353
store_dept,2,SetTransformer_Q,SetTransformer,TX_3__FOODS_2,1484,113,5230.93017578125,0.01567258724266791,mean_spl,0.21096091077914844
store_dept,2,SetTransformer_Q,SetTransformer,TX_3__FOODS_3,1484,114,11309.3408203125,0.03388434268995781,mean_spl,0.14102437627572076
store_dept,2,SetTransformer_Q,SetTransformer,TX_3__HOBBIES_1,1484,115,3631.72998046875,0.010881163205778826,mean_spl,0.17190139080238673
store_dept,2,SetTransformer_Q,SetTransformer,TX_3__HOBBIES_2,1484,116,557.4199829101562,0.0016701070401233386,mean_spl,0.23497406698329593
store_dept,2,SetTransformer_Q,SetTransformer,TX_3__HOUSEHOLD_1,1484,117,7958.6201171875,0.023845121981434972,mean_spl,0.3528164400090916
store_dept,2,SetTransformer_Q,SetTransformer,TX_3__HOUSEHOLD_2,1484,118,1714.570068359375,0.005137088065989341,mean_spl,0.2263878487373313
store_dept,2,SetTransformer_Q,SetTransformer,WI_1__FOODS_1,1484,119,2116.869873046875,0.006342433688048123,mean_spl,0.1173242081411949
store_dept,2,SetTransformer_Q,SetTransformer,WI_1__FOODS_2,1484,120,5019.87060546875,0.015040223701583436,mean_spl,0.4476908502539534
store_dept,2,SetTransformer_Q,SetTransformer,WI_1__FOODS_3,1484,121,11074.80859375,0.03318165183794907,mean_spl,0.29027166259897264
store_dept,2,SetTransformer_Q,SetTransformer,WI_1__HOBBIES_1,1484,122,3231.119873046875,0.009680880149443405,mean_spl,0.18143443144570853
store_dept,2,SetTransformer_Q,SetTransformer,WI_1__HOBBIES_2,1484,123,225.09002685546875,0.0006744007212483812,mean_spl,0.2488358027908434
store_dept,2,SetTransformer_Q,SetTransformer,WI_1__HOUSEHOLD_1,1484,124,6614.83935546875,0.019818969745535472,mean_spl,0.2715280403842748
store_dept,2,SetTransformer_Q,SetTransformer,WI_1__HOUSEHOLD_2,1484,125,1561.4200439453125,0.004678229500077088,mean_spl,0.19813086613743963
store_dept,2,SetTransformer_Q,SetTransformer,WI_2__FOODS_1,1484,126,6272.16015625,0.018792255668779265,mean_spl,0.24294652330856475
store_dept,2,SetTransformer_Q,SetTransformer,WI_2__FOODS_2,1484,127,5544.1298828125,0.01661097670073254,mean_spl,0.20501146765146017
store_dept,2,SetTransformer_Q,SetTransformer,WI_2__FOODS_3,1484,128,10494.5595703125,0.03144314584824928,mean_spl,0.15855242081999318
store_dept,2,SetTransformer_Q,SetTransformer,WI_2__HOBBIES_1,1484,129,2633.489990234375,0.00789029871125676,mean_spl,0.20664735800688114
store_dept,2,SetTransformer_Q,SetTransformer,WI_2__HOBBIES_2,1484,130,269.3800048828125,0.000807099595307758,mean_spl,0.23914192377448357
store_dept,2,SetTransformer_Q,SetTransformer,WI_2__HOUSEHOLD_1,1484,131,8928.4091796875,0.026750743578027276,mean_spl,0.3354476498573516
store_dept,2,SetTransformer_Q,SetTransformer,WI_2__HOUSEHOLD_2,1484,132,1402.010009765625,0.004200615082739795,mean_spl,0.24838071948500481
store_dept,2,SetTransformer_Q,SetTransformer,WI_3__FOODS_1,1484,133,1203.949951171875,0.003607199869137778,mean_spl,0.171451324549453
store_dept,2,SetTransformer_Q,SetTransformer,WI_3__FOODS_2,1484,134,3890.659912109375,0.01165695294240433,mean_spl,0.16664885425873752
store_dept,2,SetTransformer_Q,SetTransformer,WI_3__FOODS_3,1484,135,10367.890625,0.031063628242463157,mean_spl,0.11457850992178198
store_dept,2,SetTransformer_Q,SetTransformer,WI_3__HOBBIES_1,1484,136,1458.8900146484375,0.0043710354112344516,mean_spl,0.16558380239734033
store_dept,2,SetTransformer_Q,SetTransformer,WI_3__HOBBIES_2,1484,137,191.25999450683594,0.0005730412850507764,mean_spl,0.2612053968326285
store_dept,2,SetTransformer_Q,SetTransformer,WI_3__HOUSEHOLD_1,1484,138,6748.8603515625,0.020220515108032085,mean_spl,0.3067614987125109
store_dept,2,SetTransformer_Q,SetTransformer,WI_3__HOUSEHOLD_2,1484,139,1525.97998046875,0.00457204618887677,mean_spl,0.17291187354716386
store_dept,2,SetTransformer_Q,SetTransformer,CA_1__FOODS_1,1512,140,2431.419921875,0.007148120104854332,mean_spl,0.29048633093542614
store_dept,2,SetTransformer_Q,SetTransformer,CA_1__FOODS_2,1512,141,2621.93994140625,0.0077082290229956146,mean_spl,0.311971085611178
store_dept,2,SetTransformer_Q,SetTransformer,CA_1__FOODS_3,1512,142,18871.072265625,0.055478977468462115,mean_spl,0.15758590380001192
store_dept,2,SetTransformer_Q,SetTransformer,CA_1__HOBBIES_1,1512,143,4564.3701171875,0.01341877045060324,mean_spl,0.12630095848342857
store_dept,2,SetTransformer_Q,SetTransformer,CA_1__HOBBIES_2,1512,144,90.30001068115234,0.0002654725808616164,mean_spl,0.28439583250981093
store_dept,2,SetTransformer_Q,SetTransformer,CA_1__HOUSEHOLD_1,1512,145,7306.630859375,0.02148073003546469,mean_spl,0.17190869768391517
store_dept,2,SetTransformer_Q,SetTransformer,CA_1__HOUSEHOLD_2,1512,146,2643.429931640625,0.007771407345203734,mean_spl,0.23036893746845463
store_dept,2,SetTransformer_Q,SetTransformer,CA_2__FOODS_1,1512,147,4699.81005859375,0.01381694970358054,mean_spl,0.21301649237093176
store_dept,2,SetTransformer_Q,SetTransformer,CA_2__FOODS_2,1512,148,1027.280029296875,0.003020095773941697,mean_spl,0.13225875343800378
store_dept,2,SetTransformer_Q,SetTransformer,CA_2__FOODS_3,1512,149,6845.2802734375,0.020124407596441872,mean_spl,0.15904634029659562
store_dept,2,SetTransformer_Q,SetTransformer,CA_2__HOBBIES_1,1512,150,3244.170166015625,0.009537520762510679,mean_spl,0.16221733852561865
store_dept,2,SetTransformer_Q,SetTransformer,CA_2__HOBBIES_2,1512,151,144.20999145507812,0.0004239622822724863,mean_spl,0.18187995141452676
store_dept,2,SetTransformer_Q,SetTransformer,CA_2__HOUSEHOLD_1,1512,152,5380.1201171875,0.015816990076540277,mean_spl,0.15238918955796024
store_dept,2,SetTransformer_Q,SetTransformer,CA_2__HOUSEHOLD_2,1512,153,4386.919921875,0.012897085447814644,mean_spl,0.17829234204734978
store_dept,2,SetTransformer_Q,SetTransformer,CA_3__FOODS_1,1512,154,2320.27001953125,0.006821351024594735,mean_spl,0.19926718319419617
store_dept,2,SetTransformer_Q,SetTransformer,CA_3__FOODS_2,1512,155,5174.8603515625,0.015213547847503058,mean_spl,0.19076345842402126
store_dept,2,SetTransformer_Q,SetTransformer,CA_3__FOODS_3,1512,156,22155.1796875,0.06513390958348034,mean_spl,0.12530331960978555
store_dept,2,SetTransformer_Q,SetTransformer,CA_3__HOBBIES_1,1512,157,4142.2197265625,0.012177692483218795,mean_spl,0.15377658852998205
store_dept,2,SetTransformer_Q,SetTransformer,CA_3__HOBBIES_2,1512,158,76.13999938964844,0.00022384362961089656,mean_spl,0.3098580275529417
store_dept,2,SetTransformer_Q,SetTransformer,CA_3__HOUSEHOLD_1,1512,159,13194.5908203125,0.038790716103563716,mean_spl,0.2623018672992019
store_dept,2,SetTransformer_Q,SetTransformer,CA_3__HOUSEHOLD_2,1512,160,4916.529296875,0.014454081582911485,mean_spl,0.2089209581145919
store_dept,2,SetTransformer_Q,SetTransformer,CA_4__FOODS_1,1512,161,1238.8798828125,0.00364217719784188,mean_spl,0.2691804662459454
store_dept,2,SetTransformer_Q,SetTransformer,CA_4__FOODS_2,1512,162,2217.989990234375,0.006520658442797394,mean_spl,0.16331881465374234
store_dept,2,SetTransformer_Q,SetTransformer,CA_4__FOODS_3,1512,163,11426.0908203125,0.03359151118971799,mean_spl,0.22125128418371873
store_dept,2,SetTransformer_Q,SetTransformer,CA_4__HOBBIES_1,1512,164,4551.10009765625,0.013379757981983674,mean_spl,0.1678682390234991
store_dept,2,SetTransformer_Q,SetTransformer,CA_4__HOBBIES_2,1512,165,124.04000091552734,0.00036466462101975564,mean_spl,0.27507552136922137
store_dept,2,SetTransformer_Q,SetTransformer,CA_4__HOUSEHOLD_1,1512,166,3265.36962890625,0.009599844964733935,mean_spl,0.21115702548688586
store_dept,2,SetTransformer_Q,SetTransformer,CA_4__HOUSEHOLD_2,1512,167,1480.22998046875,0.004351721225939997,mean_spl,0.22014799801995713
store_dept,2,SetTransformer_Q,SetTransformer,TX_1__FOODS_1,1512,168,1268.02001953125,0.0037278461500716005,mean_spl,0.3165119861981855
store_dept,2,SetTransformer_Q,SetTransformer,TX_1__FOODS_2,1512,169,5505.7197265625,0.01618623978320672,mean_spl,0.20808884682273282
store_dept,2,SetTransformer_Q,SetTransformer,TX_1__FOODS_3,1512,170,16192.6884765625,0.04760480944060887,mean_spl,0.18623012612749068
store_dept,2,SetTransformer_Q,SetTransformer,TX_1__HOBBIES_1,1512,171,5653.91015625,0.01662190413730124,mean_spl,0.16371779035979359
store_dept,2,SetTransformer_Q,SetTransformer,TX_1__HOBBIES_2,1512,172,68.8800048828125,0.00020250000557106937,mean_spl,0.4495231399959693
store_dept,2,SetTransformer_Q,SetTransformer,TX_1__HOUSEHOLD_1,1512,173,11548.44140625,0.03395120910751169,mean_spl,0.21401969900097326
store_dept,2,SetTransformer_Q,SetTransformer,TX_1__HOUSEHOLD_2,1512,174,2382.650146484375,0.007004742069311166,mean_spl,0.17806026315318788
store_dept,2,SetTransformer_Q,SetTransformer,TX_2__FOODS_1,1512,175,485.44000244140625,0.0014271428024148372,mean_spl,0.17635982723637178
store_dept,2,SetTransformer_Q,SetTransformer,TX_2__FOODS_2,1512,176,5321.009765625,0.01564321182926694,mean_spl,0.21701097089311458
store_dept,2,SetTransformer_Q,SetTransformer,TX_2__FOODS_3,1512,177,9231.0390625,0.02713828874959108,mean_spl,0.2471924362816167
store_dept,2,SetTransformer_Q,SetTransformer,TX_2__HOBBIES_1,1512,178,5222.9306640625,0.015354869535351574,mean_spl,0.21734032048459373
store_dept,2,SetTransformer_Q,SetTransformer,TX_2__HOBBIES_2,1512,179,204.54998779296875,0.0006013555564943658,mean_spl,0.32002332441025516
store_dept,2,SetTransformer_Q,SetTransformer,TX_2__HOUSEHOLD_1,1512,180,7526.150390625,0.022126094483053103,mean_spl,0.21893422531809606
store_dept,2,SetTransformer_Q,SetTransformer,TX_2__HOUSEHOLD_2,1512,181,4138.4697265625,0.012166667875683075,mean_spl,0.2786367796041761
store_dept,2,SetTransformer_Q,SetTransformer,TX_3__FOODS_1,1512,182,1403.3800048828125,0.00412579034061609,mean_spl,0.1706336634056213
store_dept,2,SetTransformer_Q,SetTransformer,TX_3__FOODS_2,1512,183,5224.59033203125,0.015359748785483594,mean_spl,0.3015356626663805
store_dept,2,SetTransformer_Q,SetTransformer,TX_3__FOODS_3,1512,184,11294.46875,0.03320455607818884,mean_spl,0.1528558189250857
store_dept,2,SetTransformer_Q,SetTransformer,TX_3__HOBBIES_1,1512,185,3567.440185546875,0.010487900787416462,mean_spl,0.16479655465459772
store_dept,2,SetTransformer_Q,SetTransformer,TX_3__HOBBIES_2,1512,186,447.95001220703125,0.0013169261547209775,mean_spl,0.2309080625116697
store_dept,2,SetTransformer_Q,SetTransformer,TX_3__HOUSEHOLD_1,1512,187,9794.0595703125,0.028793510118443024,mean_spl,0.2506750203768122
store_dept,2,SetTransformer_Q,SetTransformer,TX_3__HOUSEHOLD_2,1512,188,2193.980224609375,0.006450072244653326,mean_spl,0.18504997516169833
store_dept,2,SetTransformer_Q,SetTransformer,WI_1__FOODS_1,1512,189,1883.349853515625,0.0055368514633243205,mean_spl,0.22947557880301353
store_dept,2,SetTransformer_Q,SetTransformer,WI_1__FOODS_2,1512,190,5033.3701171875,0.014797581366404002,mean_spl,0.5040094935348572
store_dept,2,SetTransformer_Q,SetTransformer,WI_1__FOODS_3,1512,191,10133.109375,0.029790281060240977,mean_spl,0.2072713912893911
store_dept,2,SetTransformer_Q,SetTransformer,WI_1__HOBBIES_1,1512,192,3049.619873046875,0.008965563262260043,mean_spl,0.2344027677026207
store_dept,2,SetTransformer_Q,SetTransformer,WI_1__HOBBIES_2,1512,193,204.40000915527344,0.0006009146349958771,mean_spl,0.2708887563572419
store_dept,2,SetTransformer_Q,SetTransformer,WI_1__HOUSEHOLD_1,1512,194,6276.3203125,0.01845172485700861,mean_spl,0.20734310670900602
store_dept,2,SetTransformer_Q,SetTransformer,WI_1__HOUSEHOLD_2,1512,195,1683.4400634765625,0.004949137602596607,mean_spl,0.2191477214273006
store_dept,2,SetTransformer_Q,SetTransformer,WI_2__FOODS_1,1512,196,6609.10009765625,0.01943006259758701,mean_spl,0.34609972999504124
store_dept,2,SetTransformer_Q,SetTransformer,WI_2__FOODS_2,1512,197,5467.28955078125,0.01607325908840218,mean_spl,0.3090523533128478
store_dept,2,SetTransformer_Q,SetTransformer,WI_2__FOODS_3,1512,198,10650.400390625,0.031311062507979597,mean_spl,0.1607144775838401
store_dept,2,SetTransformer_Q,SetTransformer,WI_2__HOBBIES_1,1512,199,2706.2099609375,0.007955974060958153,mean_spl,0.186263286372789
store_dept,2,SetTransformer_Q,SetTransformer,WI_2__HOBBIES_2,1512,200,218.62998962402344,0.0006427492883049263,mean_spl,0.21450299057615949
store_dept,2,SetTransformer_Q,SetTransformer,WI_2__HOUSEHOLD_1,1512,201,8858.0,0.02604159294704293,mean_spl,0.27356791024826344
store_dept,2,SetTransformer_Q,SetTransformer,WI_2__HOUSEHOLD_2,1512,202,1471.659912109375,0.004326526121882289,mean_spl,0.2320826967143
store_dept,2,SetTransformer_Q,SetTransformer,WI_3__FOODS_1,1512,203,1030.72998046875,0.0030302382693249827,mean_spl,0.27067974998588334
store_dept,2,SetTransformer_Q,SetTransformer,WI_3__FOODS_2,1512,204,3741.080078125,0.010998383898941387,mean_spl,0.13732135094607514
store_dept,2,SetTransformer_Q,SetTransformer,WI_3__FOODS_3,1512,205,10853.30078125,0.03190756842144226,mean_spl,0.12062118863904857
store_dept,2,SetTransformer_Q,SetTransformer,WI_3__HOBBIES_1,1512,206,2237.97998046875,0.006579426921991225,mean_spl,0.2110142879911093
store_dept,2,SetTransformer_Q,SetTransformer,WI_3__HOBBIES_2,1512,207,245.16000366210938,0.0007207447530214728,mean_spl,0.244879690351582
store_dept,2,SetTransformer_Q,SetTransformer,WI_3__HOUSEHOLD_1,1512,208,6746.60009765625,0.01983429820723009,mean_spl,0.1818321190002902
store_dept,2,SetTransformer_Q,SetTransformer,WI_3__HOUSEHOLD_2,1512,209,1832.199951171875,0.00538647610363625,mean_spl,0.18119216278865655
store_dept,2,SetTransformer_Q,SetTransformer,CA_1__FOODS_1,1540,210,2955.330078125,0.008582903136706432,mean_spl,0.2439421176295752
store_dept,2,SetTransformer_Q,SetTransformer,CA_1__FOODS_2,1540,211,3517.600341796875,0.010215854814580557,mean_spl,0.25830839494379854
store_dept,2,SetTransformer_Q,SetTransformer,CA_1__FOODS_3,1540,212,21056.587890625,0.06115278140756496,mean_spl,0.12415257453415432
store_dept,2,SetTransformer_Q,SetTransformer,CA_1__HOBBIES_1,1540,213,4874.73974609375,0.014157274467263723,mean_spl,0.11719539110396668
store_dept,2,SetTransformer_Q,SetTransformer,CA_1__HOBBIES_2,1540,214,125.1100082397461,0.00036334590511647954,mean_spl,0.22580133498877636
store_dept,2,SetTransformer_Q,SetTransformer,CA_1__HOUSEHOLD_1,1540,215,6975.35009765625,0.020257890878565717,mean_spl,0.2151071857234531
store_dept,2,SetTransformer_Q,SetTransformer,CA_1__HOUSEHOLD_2,1540,216,2614.880126953125,0.007594164526615704,mean_spl,0.24546505804986862
store_dept,2,SetTransformer_Q,SetTransformer,CA_2__FOODS_1,1540,217,5393.009765625,0.015662440136987442,mean_spl,0.1710875918805811
store_dept,2,SetTransformer_Q,SetTransformer,CA_2__FOODS_2,1540,218,1259.52001953125,0.0036579123281003855,mean_spl,0.17062754713162281
store_dept,2,SetTransformer_Q,SetTransformer,CA_2__FOODS_3,1540,219,7009.5595703125,0.02035724241710949,mean_spl,0.11686246689223373
store_dept,2,SetTransformer_Q,SetTransformer,CA_2__HOBBIES_1,1540,220,2778.530029296875,0.008069438429366698,mean_spl,0.12077010941305101
store_dept,2,SetTransformer_Q,SetTransformer,CA_2__HOBBIES_2,1540,221,155.0599822998047,0.00045032695951952706,mean_spl,0.24244134849423965
store_dept,2,SetTransformer_Q,SetTransformer,CA_2__HOUSEHOLD_1,1540,222,6076.7802734375,0.017648254202133985,mean_spl,0.17968131654259478
store_dept,2,SetTransformer_Q,SetTransformer,CA_2__HOUSEHOLD_2,1540,223,4480.8798828125,0.013013422184569084,mean_spl,0.1791336791601249
store_dept,2,SetTransformer_Q,SetTransformer,CA_3__FOODS_1,1540,224,2491.01025390625,0.007234420236193846,mean_spl,0.17039135101647332
store_dept,2,SetTransformer_Q,SetTransformer,CA_3__FOODS_2,1540,225,4921.53955078125,0.014293190990911205,mean_spl,0.18698595143436744
store_dept,2,SetTransformer_Q,SetTransformer,CA_3__FOODS_3,1540,226,24835.359375,0.07212713241701833,mean_spl,0.2538640705576285
store_dept,2,SetTransformer_Q,SetTransformer,CA_3__HOBBIES_1,1540,227,4056.8798828125,0.011782036574920914,mean_spl,0.13236206370983247
store_dept,2,SetTransformer_Q,SetTransformer,CA_3__HOBBIES_2,1540,228,134.97000122070312,0.0003919814085787023,mean_spl,0.4062401761903609
store_dept,2,SetTransformer_Q,SetTransformer,CA_3__HOUSEHOLD_1,1540,229,15385.681640625,0.04468327114833414,mean_spl,0.1725075232830552
store_dept,2,SetTransformer_Q,SetTransformer,CA_3__HOUSEHOLD_2,1540,230,5413.6904296875,0.015722501156149073,mean_spl,0.17702755571709927
store_dept,2,SetTransformer_Q,SetTransformer,CA_4__FOODS_1,1540,231,1353.5799560546875,0.003931082262721567,mean_spl,0.21432796332688056
store_dept,2,SetTransformer_Q,SetTransformer,CA_4__FOODS_2,1540,232,2528.89013671875,0.007344431421548732,mean_spl,0.1693419698872511
store_dept,2,SetTransformer_Q,SetTransformer,CA_4__FOODS_3,1540,233,11945.9501953125,0.034693564066230094,mean_spl,0.1993800055867401
store_dept,2,SetTransformer_Q,SetTransformer,CA_4__HOBBIES_1,1540,234,4647.10986328125,0.013496189179477846,mean_spl,0.1554118242926812
store_dept,2,SetTransformer_Q,SetTransformer,CA_4__HOBBIES_2,1540,235,116.89000701904297,0.00033947328432764885,mean_spl,0.31156794682207584
store_dept,2,SetTransformer_Q,SetTransformer,CA_4__HOUSEHOLD_1,1540,236,3779.939697265625,0.010977743746581961,mean_spl,0.21066111508074206
store_dept,2,SetTransformer_Q,SetTransformer,CA_4__HOUSEHOLD_2,1540,237,1473.3299560546875,0.00427886157110687,mean_spl,0.22526151143693898
store_dept,2,SetTransformer_Q,SetTransformer,TX_1__FOODS_1,1540,238,1236.2998046875,0.0035904759167524314,mean_spl,0.1577753610241586
store_dept,2,SetTransformer_Q,SetTransformer,TX_1__FOODS_2,1540,239,5329.8701171875,0.015479069253770033,mean_spl,0.2236319511691875
store_dept,2,SetTransformer_Q,SetTransformer,TX_1__FOODS_3,1540,240,16183.740234375,0.04700100196908839,mean_spl,0.16455730123883666
store_dept,2,SetTransformer_Q,SetTransformer,TX_1__HOBBIES_1,1540,241,5004.689453125,0.014534675880509659,mean_spl,0.2727948900164091
store_dept,2,SetTransformer_Q,SetTransformer,TX_1__HOBBIES_2,1540,242,73.19000244140625,0.00021255923532184455,mean_spl,0.41668003828407074
store_dept,2,SetTransformer_Q,SetTransformer,TX_1__HOUSEHOLD_1,1540,243,11729.8310546875,0.03406590840647737,mean_spl,0.16498153189423473
store_dept,2,SetTransformer_Q,SetTransformer,TX_1__HOUSEHOLD_2,1540,244,2226.139892578125,0.006465180728265157,mean_spl,0.20120521699640218
store_dept,2,SetTransformer_Q,SetTransformer,TX_2__FOODS_1,1540,245,457.01995849609375,0.0013272825476747495,mean_spl,0.22849673236994905
store_dept,2,SetTransformer_Q,SetTransformer,TX_2__FOODS_2,1540,246,4984.46044921875,0.014475926577897223,mean_spl,0.13701342270035297
store_dept,2,SetTransformer_Q,SetTransformer,TX_2__FOODS_3,1540,247,9516.7490234375,0.027638650467203336,mean_spl,0.17215348932207655
store_dept,2,SetTransformer_Q,SetTransformer,TX_2__HOBBIES_1,1540,248,4722.599609375,0.013715427356401992,mean_spl,0.14246075948175055
store_dept,2,SetTransformer_Q,SetTransformer,TX_2__HOBBIES_2,1540,249,163.66000366210938,0.0004753032391143592,mean_spl,0.4145838458652298
store_dept,2,SetTransformer_Q,SetTransformer,TX_2__HOUSEHOLD_1,1540,250,7416.32958984375,0.021538588522031863,mean_spl,0.17328752186571547
store_dept,2,SetTransformer_Q,SetTransformer,TX_2__HOUSEHOLD_2,1540,251,3775.52978515625,0.010964936429810033,mean_spl,0.22924908251897408
store_dept,2,SetTransformer_Q,SetTransformer,TX_3__FOODS_1,1540,252,1376.4801025390625,0.003997589127909526,mean_spl,0.1548632403320324
store_dept,2,SetTransformer_Q,SetTransformer,TX_3__FOODS_2,1540,253,5018.5009765625,0.014574787463547997,mean_spl,0.22554247779484765
store_dept,2,SetTransformer_Q,SetTransformer,TX_3__FOODS_3,1540,254,12092.458984375,0.03511905655334929,mean_spl,0.17619436162492336
store_dept,2,SetTransformer_Q,SetTransformer,TX_3__HOBBIES_1,1540,255,3384.919921875,0.0098305228339818,mean_spl,0.21727245635775766
store_dept,2,SetTransformer_Q,SetTransformer,TX_3__HOBBIES_2,1540,256,369.1400451660156,0.0010720607065148756,mean_spl,0.29369480327396336
store_dept,2,SetTransformer_Q,SetTransformer,TX_3__HOUSEHOLD_1,1540,257,9262.8212890625,0.026901190660599705,mean_spl,0.2149676760933562
store_dept,2,SetTransformer_Q,SetTransformer,TX_3__HOUSEHOLD_2,1540,258,2186.66015625,0.006350523230182239,mean_spl,0.21444186976551108
store_dept,2,SetTransformer_Q,SetTransformer,WI_1__FOODS_1,1540,259,2056.659912109375,0.005972975046489987,mean_spl,0.20419491155379044
store_dept,2,SetTransformer_Q,SetTransformer,WI_1__FOODS_2,1540,260,4058.89013671875,0.01178787477711878,mean_spl,0.34424630025754466
store_dept,2,SetTransformer_Q,SetTransformer,WI_1__FOODS_3,1540,261,9428.4599609375,0.027382240370382987,mean_spl,0.1855268203509632
store_dept,2,SetTransformer_Q,SetTransformer,WI_1__HOBBIES_1,1540,262,2738.250244140625,0.007952457420401779,mean_spl,0.19623245083621405
store_dept,2,SetTransformer_Q,SetTransformer,WI_1__HOBBIES_2,1540,263,220.0700225830078,0.0006391298559520369,mean_spl,0.2690275571177524
store_dept,2,SetTransformer_Q,SetTransformer,WI_1__HOUSEHOLD_1,1540,264,6021.64990234375,0.01748814395303161,mean_spl,0.16727946061291074
store_dept,2,SetTransformer_Q,SetTransformer,WI_1__HOUSEHOLD_2,1540,265,1844.7900390625,0.005357660157839264,mean_spl,0.24611838114128698
store_dept,2,SetTransformer_Q,SetTransformer,WI_2__FOODS_1,1540,266,6950.09033203125,0.020184531180703194,mean_spl,0.34300935699717766
store_dept,2,SetTransformer_Q,SetTransformer,WI_2__FOODS_2,1540,267,4602.49951171875,0.013366631290432071,mean_spl,0.2602626268219763
store_dept,2,SetTransformer_Q,SetTransformer,WI_2__FOODS_3,1540,268,10485.240234375,0.0304513536280976,mean_spl,0.1795696416734584
store_dept,2,SetTransformer_Q,SetTransformer,WI_2__HOBBIES_1,1540,269,2450.219970703125,0.007115956633010352,mean_spl,0.15781966130718067
store_dept,2,SetTransformer_Q,SetTransformer,WI_2__HOBBIES_2,1540,270,249.33001708984375,0.0007241070639098253,mean_spl,0.2788541814116036
store_dept,2,SetTransformer_Q,SetTransformer,WI_2__HOUSEHOLD_1,1540,271,9029.1494140625,0.026222558150565494,mean_spl,0.28998280135502913
store_dept,2,SetTransformer_Q,SetTransformer,WI_2__HOUSEHOLD_2,1540,272,1384.0601806640625,0.0040196032767848425,mean_spl,0.20865403636328078
store_dept,2,SetTransformer_Q,SetTransformer,WI_3__FOODS_1,1540,273,1293.599853515625,0.0037568873685427393,mean_spl,0.17369429697919522
store_dept,2,SetTransformer_Q,SetTransformer,WI_3__FOODS_2,1540,274,3498.02978515625,0.010159017781986053,mean_spl,0.13192530559630114
store_dept,2,SetTransformer_Q,SetTransformer,WI_3__FOODS_3,1540,275,9646.2392578125,0.028014717474748957,mean_spl,0.09336739454866293
store_dept,2,SetTransformer_Q,SetTransformer,WI_3__HOBBIES_1,1540,276,1727.9500732421875,0.005018332203728612,mean_spl,0.20911164884682062
store_dept,2,SetTransformer_Q,SetTransformer,WI_3__HOBBIES_2,1540,277,208.18002319335938,0.0006045987848502949,mean_spl,0.2671544344842607
store_dept,2,SetTransformer_Q,SetTransformer,WI_3__HOUSEHOLD_1,1540,278,5833.43994140625,0.01694154244951538,mean_spl,0.17991222601035736
store_dept,2,SetTransformer_Q,SetTransformer,WI_3__HOUSEHOLD_2,1540,279,1731.9100341796875,0.005029832767203155,mean_spl,0.19959527240014963
store_dept,3,SetTransformer,SetTransformer,CA_1__FOODS_1,1512,0,2431.419921875,0.007148120104854332,rmsse,1.2250329022547457
store_dept,3,SetTransformer,SetTransformer,CA_1__FOODS_2,1512,1,2621.93994140625,0.0077082290229956146,rmsse,1.2136951910476392
store_dept,3,SetTransformer,SetTransformer,CA_1__FOODS_3,1512,2,18871.072265625,0.055478977468462115,rmsse,0.766817700342285
store_dept,3,SetTransformer,SetTransformer,CA_1__HOBBIES_1,1512,3,4564.3701171875,0.01341877045060324,rmsse,0.5336661356595911
store_dept,3,SetTransformer,SetTransformer,CA_1__HOBBIES_2,1512,4,90.30001068115234,0.0002654725808616164,rmsse,1.28945790504264
store_dept,3,SetTransformer,SetTransformer,CA_1__HOUSEHOLD_1,1512,5,7306.630859375,0.02148073003546469,rmsse,0.648858559925853
store_dept,3,SetTransformer,SetTransformer,CA_1__HOUSEHOLD_2,1512,6,2643.429931640625,0.007771407345203734,rmsse,0.9951162526748358
store_dept,3,SetTransformer,SetTransformer,CA_2__FOODS_1,1512,7,4699.81005859375,0.01381694970358054,rmsse,0.8878645279503767
store_dept,3,SetTransformer,SetTransformer,CA_2__FOODS_2,1512,8,1027.280029296875,0.003020095773941697,rmsse,0.6333151077693464
store_dept,3,SetTransformer,SetTransformer,CA_2__FOODS_3,1512,9,6845.2802734375,0.020124407596441872,rmsse,0.6557037232940731
store_dept,3,SetTransformer,SetTransformer,CA_2__HOBBIES_1,1512,10,3244.170166015625,0.009537520762510679,rmsse,0.6215108541756792
store_dept,3,SetTransformer,SetTransformer,CA_2__HOBBIES_2,1512,11,144.20999145507812,0.0004239622822724863,rmsse,0.6335556758099048
store_dept,3,SetTransformer,SetTransformer,CA_2__HOUSEHOLD_1,1512,12,5380.1201171875,0.015816990076540277,rmsse,0.5976520989537715
store_dept,3,SetTransformer,SetTransformer,CA_2__HOUSEHOLD_2,1512,13,4386.919921875,0.012897085447814644,rmsse,0.7154002710004281
store_dept,3,SetTransformer,SetTransformer,CA_3__FOODS_1,1512,14,2320.27001953125,0.006821351024594735,rmsse,0.8627698818343223
store_dept,3,SetTransformer,SetTransformer,CA_3__FOODS_2,1512,15,5174.8603515625,0.015213547847503058,rmsse,0.8300742957924722
store_dept,3,SetTransformer,SetTransformer,CA_3__FOODS_3,1512,16,22155.1796875,0.06513390958348034,rmsse,0.4163446867407015
store_dept,3,SetTransformer,SetTransformer,CA_3__HOBBIES_1,1512,17,4142.2197265625,0.012177692483218795,rmsse,0.6184546396286434
store_dept,3,SetTransformer,SetTransformer,CA_3__HOBBIES_2,1512,18,76.13999938964844,0.00022384362961089656,rmsse,1.4881249519800734
store_dept,3,SetTransformer,SetTransformer,CA_3__HOUSEHOLD_1,1512,19,13194.5908203125,0.038790716103563716,rmsse,1.1778707052234643
store_dept,3,SetTransformer,SetTransformer,CA_3__HOUSEHOLD_2,1512,20,4916.529296875,0.014454081582911485,rmsse,0.6709325425071728
store_dept,3,SetTransformer,SetTransformer,CA_4__FOODS_1,1512,21,1238.8798828125,0.00364217719784188,rmsse,1.014195416405731
store_dept,3,SetTransformer,SetTransformer,CA_4__FOODS_2,1512,22,2217.989990234375,0.006520658442797394,rmsse,0.7385042715934795
store_dept,3,SetTransformer,SetTransformer,CA_4__FOODS_3,1512,23,11426.0908203125,0.03359151118971799,rmsse,0.962385372624967
store_dept,3,SetTransformer,SetTransformer,CA_4__HOBBIES_1,1512,24,4551.10009765625,0.013379757981983674,rmsse,0.6946156457282688
store_dept,3,SetTransformer,SetTransformer,CA_4__HOBBIES_2,1512,25,124.04000091552734,0.00036466462101975564,rmsse,1.6343470216660365
store_dept,3,SetTransformer,SetTransformer,CA_4__HOUSEHOLD_1,1512,26,3265.36962890625,0.009599844964733935,rmsse,0.8588266973223707
store_dept,3,SetTransformer,SetTransformer,CA_4__HOUSEHOLD_2,1512,27,1480.22998046875,0.004351721225939997,rmsse,0.9839395384046459
store_dept,3,SetTransformer,SetTransformer,TX_1__FOODS_1,1512,28,1268.02001953125,0.0037278461500716005,rmsse,1.436611330379546
store_dept,3,SetTransformer,SetTransformer,TX_1__FOODS_2,1512,29,5505.7197265625,0.01618623978320672,rmsse,0.8087194057937838
store_dept,3,SetTransformer,SetTransformer,TX_1__FOODS_3,1512,30,16192.6884765625,0.04760480944060887,rmsse,0.7512399712263486
store_dept,3,SetTransformer,SetTransformer,TX_1__HOBBIES_1,1512,31,5653.91015625,0.01662190413730124,rmsse,0.6949685582165956
store_dept,3,SetTransformer,SetTransformer,TX_1__HOBBIES_2,1512,32,68.8800048828125,0.00020250000557106937,rmsse,1.6373385976982826
store_dept,3,SetTransformer,SetTransformer,TX_1__HOUSEHOLD_1,1512,33,11548.44140625,0.03395120910751169,rmsse,0.7703845684154716
store_dept,3,SetTransformer,SetTransformer,TX_1__HOUSEHOLD_2,1512,34,2382.650146484375,0.007004742069311166,rmsse,0.7473289566709176
store_dept,3,SetTransformer,SetTransformer,TX_2__FOODS_1,1512,35,485.44000244140625,0.0014271428024148372,rmsse,0.8845693072007562
store_dept,3,SetTransformer,SetTransformer,TX_2__FOODS_2,1512,36,5321.009765625,0.01564321182926694,rmsse,0.9282106521683368
store_dept,3,SetTransformer,SetTransformer,TX_2__FOODS_3,1512,37,9231.0390625,0.02713828874959108,rmsse,1.0130822234440728
store_dept,3,SetTransformer,SetTransformer,TX_2__HOBBIES_1,1512,38,5222.9306640625,0.015354869535351574,rmsse,0.8808303981106494
store_dept,3,SetTransformer,SetTransformer,TX_2__HOBBIES_2,1512,39,204.54998779296875,0.0006013555564943658,rmsse,1.352622602855564
store_dept,3,SetTransformer,SetTransformer,TX_2__HOUSEHOLD_1,1512,40,7526.150390625,0.022126094483053103,rmsse,0.8517356114460478
store_dept,3,SetTransformer,SetTransformer,TX_2__HOUSEHOLD_2,1512,41,4138.4697265625,0.012166667875683075,rmsse,1.1894705810758968
store_dept,3,SetTransformer,SetTransformer,TX_3__FOODS_1,1512,42,1403.3800048828125,0.00412579034061609,rmsse,0.7271631924085928
store_dept,3,SetTransformer,SetTransformer,TX_3__FOODS_2,1512,43,5224.59033203125,0.015359748785483594,rmsse,1.3402803592293049
store_dept,3,SetTransformer,SetTransformer,TX_3__FOODS_3,1512,44,11294.46875,0.03320455607818884,rmsse,0.6791986352284585
store_dept,3,SetTransformer,SetTransformer,TX_3__HOBBIES_1,1512,45,3567.440185546875,0.010487900787416462,rmsse,0.6248943922519287
store_dept,3,SetTransformer,SetTransformer,TX_3__HOBBIES_2,1512,46,447.95001220703125,0.0013169261547209775,rmsse,1.004328304290952
store_dept,3,SetTransformer,SetTransformer,TX_3__HOUSEHOLD_1,1512,47,9794.0595703125,0.028793510118443024,rmsse,1.0609062208050333
store_dept,3,SetTransformer,SetTransformer,TX_3__HOUSEHOLD_2,1512,48,2193.980224609375,0.006450072244653326,rmsse,0.7389965654570216
store_dept,3,SetTransformer,SetTransformer,WI_1__FOODS_1,1512,49,1883.349853515625,0.0055368514633243205,rmsse,0.859268934986119
store_dept,3,SetTransformer,SetTransformer,WI_1__FOODS_2,1512,50,5033.3701171875,0.014797581366404002,rmsse,1.7065930123257351
store_dept,3,SetTransformer,SetTransformer,WI_1__FOODS_3,1512,51,10133.109375,0.029790281060240977,rmsse,1.004050551183644
store_dept,3,SetTransformer,SetTransformer,WI_1__HOBBIES_1,1512,52,3049.619873046875,0.008965563262260043,rmsse,1.0375820497308341
store_dept,3,SetTransformer,SetTransformer,WI_1__HOBBIES_2,1512,53,204.40000915527344,0.0006009146349958771,rmsse,0.949019303300013
store_dept,3,SetTransformer,SetTransformer,WI_1__HOUSEHOLD_1,1512,54,6276.3203125,0.01845172485700861,rmsse,0.8889683367573032
store_dept,3,SetTransformer,SetTransformer,WI_1__HOUSEHOLD_2,1512,55,1683.4400634765625,0.004949137602596607,rmsse,0.9205698773040968
store_dept,3,SetTransformer,SetTransformer,WI_2__FOODS_1,1512,56,6609.10009765625,0.01943006259758701,rmsse,1.5739006446447872
store_dept,3,SetTransformer,SetTransformer,WI_2__FOODS_2,1512,57,5467.28955078125,0.01607325908840218,rmsse,1.2091030732420738
store_dept,3,SetTransformer,SetTransformer,WI_2__FOODS_3,1512,58,10650.400390625,0.031311062507979597,rmsse,0.6765821383294984
store_dept,3,SetTransformer,SetTransformer,WI_2__HOBBIES_1,1512,59,2706.2099609375,0.007955974060958153,rmsse,0.6975590150132839
store_dept,3,SetTransformer,SetTransformer,WI_2__HOBBIES_2,1512,60,218.62998962402344,0.0006427492883049263,rmsse,1.2246267889535245
store_dept,3,SetTransformer,SetTransformer,WI_2__HOUSEHOLD_1,1512,61,8858.0,0.02604159294704293,rmsse,1.1396912829776542
store_dept,3,SetTransformer,SetTransformer,WI_2__HOUSEHOLD_2,1512,62,1471.659912109375,0.004326526121882289,rmsse,1.0591937660304487
store_dept,3,SetTransformer,SetTransformer,WI_3__FOODS_1,1512,63,1030.72998046875,0.0030302382693249827,rmsse,0.9287227636372313
store_dept,3,SetTransformer,SetTransformer,WI_3__FOODS_2,1512,64,3741.080078125,0.010998383898941387,rmsse,0.6373706146338615
store_dept,3,SetTransformer,SetTransformer,WI_3__FOODS_3,1512,65,10853.30078125,0.03190756842144226,rmsse,0.4938167695996163
store_dept,3,SetTransformer,SetTransformer,WI_3__HOBBIES_1,1512,66,2237.97998046875,0.006579426921991225,rmsse,0.7864906259208855
store_dept,3,SetTransformer,SetTransformer,WI_3__HOBBIES_2,1512,67,245.16000366210938,0.0007207447530214728,rmsse,1.1840815283713815
store_dept,3,SetTransformer,SetTransformer,WI_3__HOUSEHOLD_1,1512,68,6746.60009765625,0.01983429820723009,rmsse,0.7584762222648613
store_dept,3,SetTransformer,SetTransformer,WI_3__HOUSEHOLD_2,1512,69,1832.199951171875,0.00538647610363625,rmsse,0.701517153304727
store_dept,3,SetTransformer,SetTransformer,CA_1__FOODS_1,1540,70,2955.330078125,0.008582903136706432,rmsse,0.9177843234869852
store_dept,3,SetTransformer,SetTransformer,CA_1__FOODS_2,1540,71,3517.600341796875,0.010215854814580557,rmsse,1.0231445390286071
store_dept,3,SetTransformer,SetTransformer,CA_1__FOODS_3,1540,72,21056.587890625,0.06115278140756496,rmsse,0.48626598587857944
store_dept,3,SetTransformer,SetTransformer,CA_1__HOBBIES_1,1540,73,4874.73974609375,0.014157274467263723,rmsse,0.500360319880404
store_dept,3,SetTransformer,SetTransformer,CA_1__HOBBIES_2,1540,74,125.1100082397461,0.00036334590511647954,rmsse,1.2017404297906666
store_dept,3,SetTransformer,SetTransformer,CA_1__HOUSEHOLD_1,1540,75,6975.35009765625,0.020257890878565717,rmsse,0.9033352595621024
store_dept,3,SetTransformer,SetTransformer,CA_1__HOUSEHOLD_2,1540,76,2614.880126953125,0.007594164526615704,rmsse,1.0285268134816783
store_dept,3,SetTransformer,SetTransformer,CA_2__FOODS_1,1540,77,5393.009765625,0.015662440136987442,rmsse,0.7237237101401507
store_dept,3,SetTransformer,SetTransformer,CA_2__FOODS_2,1540,78,1259.52001953125,0.0036579123281003855,rmsse,0.6641893994283564
store_dept,3,SetTransformer,SetTransformer,CA_2__FOODS_3,1540,79,7009.5595703125,0.02035724241710949,rmsse,0.40677336027488675
store_dept,3,SetTransformer,SetTransformer,CA_2__HOBBIES_1,1540,80,2778.530029296875,0.008069438429366698,rmsse,0.5225696189698954
store_dept,3,SetTransformer,SetTransformer,CA_2__HOBBIES_2,1540,81,155.0599822998047,0.00045032695951952706,rmsse,1.1007671931368457
store_dept,3,SetTransformer,SetTransformer,CA_2__HOUSEHOLD_1,1540,82,6076.7802734375,0.017648254202133985,rmsse,0.7077994636605616
store_dept,3,SetTransformer,SetTransformer,CA_2__HOUSEHOLD_2,1540,83,4480.8798828125,0.013013422184569084,rmsse,0.7429029492192978
store_dept,3,SetTransformer,SetTransformer,CA_3__FOODS_1,1540,84,2491.01025390625,0.007234420236193846,rmsse,0.6701019199040794
store_dept,3,SetTransformer,SetTransformer,CA_3__FOODS_2,1540,85,4921.53955078125,0.014293190990911205,rmsse,0.8117449121862215
store_dept,3,SetTransformer,SetTransformer,CA_3__FOODS_3,1540,86,24835.359375,0.07212713241701833,rmsse,1.198259585035803
store_dept,3,SetTransformer,SetTransformer,CA_3__HOBBIES_1,1540,87,4056.8798828125,0.011782036574920914,rmsse,0.4983051809628919
store_dept,3,SetTransformer,SetTransformer,CA_3__HOBBIES_2,1540,88,134.97000122070312,0.0003919814085787023,rmsse,2.168942955225996
store_dept,3,SetTransformer,SetTransformer,CA_3__HOUSEHOLD_1,1540,89,15385.681640625,0.04468327114833414,rmsse,0.7774175950364774
store_dept,3,SetTransformer,SetTransformer,CA_3__HOUSEHOLD_2,1540,90,5413.6904296875,0.015722501156149073,rmsse,0.6684786391017653
store_dept,3,SetTransformer,SetTransformer,CA_4__FOODS_1,1540,91,1353.5799560546875,0.003931082262721567,rmsse,0.8603837132747645
store_dept,3,SetTransformer,SetTransformer,CA_4__FOODS_2,1540,92,2528.89013671875,0.007344431421548732,rmsse,0.6868496644203121
store_dept,3,SetTransformer,SetTransformer,CA_4__FOODS_3,1540,93,11945.9501953125,0.034693564066230094,rmsse,0.8288132072462784
store_dept,3,SetTransformer,SetTransformer,CA_4__HOBBIES_1,1540,94,4647.10986328125,0.013496189179477846,rmsse,0.695837436817896
store_dept,3,SetTransformer,SetTransformer,CA_4__HOBBIES_2,1540,95,116.89000701904297,0.00033947328432764885,rmsse,1.5703127172385707
store_dept,3,SetTransformer,SetTransformer,CA_4__HOUSEHOLD_1,1540,96,3779.939697265625,0.010977743746581961,rmsse,0.8423667479383917
store_dept,3,SetTransformer,SetTransformer,CA_4__HOUSEHOLD_2,1540,97,1473.3299560546875,0.00427886157110687,rmsse,0.963325135453119
store_dept,3,SetTransformer,SetTransformer,TX_1__FOODS_1,1540,98,1236.2998046875,0.0035904759167524314,rmsse,0.7879077685822928
store_dept,3,SetTransformer,SetTransformer,TX_1__FOODS_2,1540,99,5329.8701171875,0.015479069253770033,rmsse,0.8967199641257162
store_dept,3,SetTransformer,SetTransformer,TX_1__FOODS_3,1540,100,16183.740234375,0.04700100196908839,rmsse,0.6088997327328435
store_dept,3,SetTransformer,SetTransformer,TX_1__HOBBIES_1,1540,101,5004.689453125,0.014534675880509659,rmsse,1.011554976783851
store_dept,3,SetTransformer,SetTransformer,TX_1__HOBBIES_2,1540,102,73.19000244140625,0.00021255923532184455,rmsse,1.361749007039298
store_dept,3,SetTransformer,SetTransformer,TX_1__HOUSEHOLD_1,1540,103,11729.8310546875,0.03406590840647737,rmsse,0.6758108426188274
store_dept,3,SetTransformer,SetTransformer,TX_1__HOUSEHOLD_2,1540,104,2226.139892578125,0.006465180728265157,rmsse,0.8272423909582811
store_dept,3,SetTransformer,SetTransformer,TX_2__FOODS_1,1540,105,457.01995849609375,0.0013272825476747495,rmsse,0.9435555279388801
store_dept,3,SetTransformer,SetTransformer,TX_2__FOODS_2,1540,106,4984.46044921875,0.014475926577897223,rmsse,0.5437412026625876
store_dept,3,SetTransformer,SetTransformer,TX_2__FOODS_3,1540,107,9516.7490234375,0.027638650467203336,rmsse,0.7415420782210018
store_dept,3,SetTransformer,SetTransformer,TX_2__HOBBIES_1,1540,108,4722.599609375,0.013715427356401992,rmsse,0.5940704544745748
store_dept,3,SetTransformer,SetTransformer,TX_2__HOBBIES_2,1540,109,163.66000366210938,0.0004753032391143592,rmsse,1.4170511034198365
store_dept,3,SetTransformer,SetTransformer,TX_2__HOUSEHOLD_1,1540,110,7416.32958984375,0.021538588522031863,rmsse,0.7133153521998098
store_dept,3,SetTransformer,SetTransformer,TX_2__HOUSEHOLD_2,1540,111,3775.52978515625,0.010964936429810033,rmsse,0.9980239053099156
store_dept,3,SetTransformer,SetTransformer,TX_3__FOODS_1,1540,112,1376.4801025390625,0.003997589127909526,rmsse,0.5742311180724805
store_dept,3,SetTransformer,SetTransformer,TX_3__FOODS_2,1540,113,5018.5009765625,0.014574787463547997,rmsse,0.9728670722789015
store_dept,3,SetTransformer,SetTransformer,TX_3__FOODS_3,1540,114,12092.458984375,0.03511905655334929,rmsse,0.7980568573099072
store_dept,3,SetTransformer,SetTransformer,TX_3__HOBBIES_1,1540,115,3384.919921875,0.0098305228339818,rmsse,0.724020817359676
store_dept,3,SetTransformer,SetTransformer,TX_3__HOBBIES_2,1540,116,369.1400451660156,0.0010720607065148756,rmsse,0.9293538611736276
store_dept,3,SetTransformer,SetTransformer,TX_3__HOUSEHOLD_1,1540,117,9262.8212890625,0.026901190660599705,rmsse,0.8597606131182459
store_dept,3,SetTransformer,SetTransformer,TX_3__HOUSEHOLD_2,1540,118,2186.66015625,0.006350523230182239,rmsse,0.8413319251289807
store_dept,3,SetTransformer,SetTransformer,WI_1__FOODS_1,1540,119,2056.659912109375,0.005972975046489987,rmsse,0.7665932908738862
store_dept,3,SetTransformer,SetTransformer,WI_1__FOODS_2,1540,120,4058.89013671875,0.01178787477711878,rmsse,1.221752885000035
store_dept,3,SetTransformer,SetTransformer,WI_1__FOODS_3,1540,121,9428.4599609375,0.027382240370382987,rmsse,0.6678253619445796
store_dept,3,SetTransformer,SetTransformer,WI_1__HOBBIES_1,1540,122,2738.250244140625,0.007952457420401779,rmsse,0.8191500951030873
store_dept,3,SetTransformer,SetTransformer,WI_1__HOBBIES_2,1540,123,220.0700225830078,0.0006391298559520369,rmsse,0.8984506416282375
store_dept,3,SetTransformer,SetTransformer,WI_1__HOUSEHOLD_1,1540,124,6021.64990234375,0.01748814395303161,rmsse,0.605917161934458
store_dept,3,SetTransformer,SetTransformer,WI_1__HOUSEHOLD_2,1540,125,1844.7900390625,0.005357660157839264,rmsse,1.2982264700764703
store_dept,3,SetTransformer,SetTransformer,WI_2__FOODS_1,1540,126,6950.09033203125,0.020184531180703194,rmsse,1.4115167434556484
store_dept,3,SetTransformer,SetTransformer,WI_2__FOODS_2,1540,127,4602.49951171875,0.013366631290432071,rmsse,1.1884073926412402
store_dept,3,SetTransformer,SetTransformer,WI_2__FOODS_3,1540,128,10485.240234375,0.0304513536280976,rmsse,0.6777546499223895
store_dept,3,SetTransformer,SetTransformer,WI_2__HOBBIES_1,1540,129,2450.219970703125,0.007115956633010352,rmsse,0.48871245376205863
store_dept,3,SetTransformer,SetTransformer,WI_2__HOBBIES_2,1540,130,249.33001708984375,0.0007241070639098253,rmsse,1.2717453988842229
store_dept,3,SetTransformer,SetTransformer,WI_2__HOUSEHOLD_1,1540,131,9029.1494140625,0.026222558150565494,rmsse,1.125875407227448
store_dept,3,SetTransformer,SetTransformer,WI_2__HOUSEHOLD_2,1540,132,1384.0601806640625,0.0040196032767848425,rmsse,0.9865627424934906
store_dept,3,SetTransformer,SetTransformer,WI_3__FOODS_1,1540,133,1293.599853515625,0.0037568873685427393,rmsse,0.8939546493677097
store_dept,3,SetTransformer,SetTransformer,WI_3__FOODS_2,1540,134,3498.02978515625,0.010159017781986053,rmsse,0.5532419504405267
store_dept,3,SetTransformer,SetTransformer,WI_3__FOODS_3,1540,135,9646.2392578125,0.028014717474748957,rmsse,0.4638010889657107
store_dept,3,SetTransformer,SetTransformer,WI_3__HOBBIES_1,1540,136,1727.9500732421875,0.005018332203728612,rmsse,0.8232107086378725
store_dept,3,SetTransformer,SetTransformer,WI_3__HOBBIES_2,1540,137,208.18002319335938,0.0006045987848502949,rmsse,1.151834109753501
store_dept,3,SetTransformer,SetTransformer,WI_3__HOUSEHOLD_1,1540,138,5833.43994140625,0.01694154244951538,rmsse,0.815190370071067
store_dept,3,SetTransformer,SetTransformer,WI_3__HOUSEHOLD_2,1540,139,1731.9100341796875,0.005029832767203155,rmsse,0.8058239191050475
store_dept,3,SetTransformer,SetTransformer,CA_1__FOODS_1,1568,140,2837.219970703125,0.008150946766972816,rmsse,0.9683017296728087
store_dept,3,SetTransformer,SetTransformer,CA_1__FOODS_2,1568,141,4269.56982421875,0.012265892921392366,rmsse,0.7137052972472736
store_dept,3,SetTransformer,SetTransformer,CA_1__FOODS_3,1568,142,21792.16796875,0.06260593217458271,rmsse,0.629113727594471
store_dept,3,SetTransformer,SetTransformer,CA_1__HOBBIES_1,1568,143,4352.5498046875,0.012504283109854773,rmsse,0.6937672601690954
store_dept,3,SetTransformer,SetTransformer,CA_1__HOBBIES_2,1568,144,121.67000579833984,0.0003495413646597767,rmsse,1.3436546162695897
store_dept,3,SetTransformer,SetTransformer,CA_1__HOUSEHOLD_1,1568,145,7329.5,0.02105665579173327,rmsse,0.949480420222279
store_dept,3,SetTransformer,SetTransformer,CA_1__HOUSEHOLD_2,1568,146,2742.610107421875,0.007879145508276285,rmsse,1.0037588873654073
store_dept,3,SetTransformer,SetTransformer,CA_2__FOODS_1,1568,147,5199.13037109375,0.01493639383866124,rmsse,0.780251308781132
store_dept,3,SetTransformer,SetTransformer,CA_2__FOODS_2,1568,148,1568.16015625,0.004505110667367067,rmsse,1.408892399797452
store_dept,3,SetTransformer,SetTransformer,CA_2__FOODS_3,1568,149,7694.18017578125,0.022104332295655033,rmsse,0.7134575935517032
store_dept,3,SetTransformer,SetTransformer,CA_2__HOBBIES_1,1568,150,2803.27001953125,0.00805341317860085,rmsse,0.7253991934160329
store_dept,3,SetTransformer,SetTransformer,CA_2__HOBBIES_2,1568,151,153.10000610351562,0.00043983547721317844,rmsse,0.7507413973267918
store_dept,3,SetTransformer,SetTransformer,CA_2__HOUSEHOLD_1,1568,152,5917.11962890625,0.016999079242020248,rmsse,0.8040444023433757
store_dept,3,SetTransformer,SetTransformer,CA_2__HOUSEHOLD_2,1568,153,4762.96044921875,0.013683337025559518,rmsse,0.7646080782342057
store_dept,3,SetTransformer,SetTransformer,CA_3__FOODS_1,1568,154,2314.420166015625,0.00664901409280813,rmsse,0.4868981604100236
store_dept,3,SetTransformer,SetTransformer,CA_3__FOODS_2,1568,155,4588.62060546875,0.013182482386003162,rmsse,0.7633436983865419
store_dept,3,SetTransformer,SetTransformer,CA_3__FOODS_3,1568,156,28474.12890625,0.08180229638424842,rmsse,1.2794024662559924
store_dept,3,SetTransformer,SetTransformer,CA_3__HOBBIES_1,1568,157,4085.669921875,0.011737573534833158,rmsse,0.6185963032726141
store_dept,3,SetTransformer,SetTransformer,CA_3__HOBBIES_2,1568,158,113.18000030517578,0.0003251507345568392,rmsse,1.2962183289934803
store_dept,3,SetTransformer,SetTransformer,CA_3__HOUSEHOLD_1,1568,159,14030.548828125,0.040307856912877374,rmsse,0.9918159501733086
store_dept,3,SetTransformer,SetTransformer,CA_3__HOUSEHOLD_2,1568,160,5070.36962890625,0.014566481753562625,rmsse,0.7555976713408361
store_dept,3,SetTransformer,SetTransformer,CA_4__FOODS_1,1568,161,1442.0902099609375,0.0041429288726073845,rmsse,0.8987140437882023
store_dept,3,SetTransformer,SetTransformer,CA_4__FOODS_2,1568,162,2751.650146484375,0.0079051163099521,rmsse,0.6110286083922902
store_dept,3,SetTransformer,SetTransformer,CA_4__FOODS_3,1568,163,10152.0009765625,0.029165316892123143,rmsse,1.0926361782596312
store_dept,3,SetTransformer,SetTransformer,CA_4__HOBBIES_1,1568,164,4711.01025390625,0.013534091186005848,rmsse,0.7075135197338495
store_dept,3,SetTransformer,SetTransformer,CA_4__HOBBIES_2,1568,165,75.75000762939453,0.00021761946065534208,rmsse,1.134715234720596
store_dept,3,SetTransformer,SetTransformer,CA_4__HOUSEHOLD_1,1568,166,3842.72998046875,0.011039640152712242,rmsse,1.0484944501017681
store_dept,3,SetTransformer,SetTransformer,CA_4__HOUSEHOLD_2,1568,167,1414.659912109375,0.004064125360754588,rmsse,0.9363248522411542
store_dept,3,SetTransformer,SetTransformer,TX_1__FOODS_1,1568,168,1102.2198486328125,0.003166527588440887,rmsse,0.7679079383099727
store_dept,3,SetTransformer,SetTransformer,TX_1__FOODS_2,1568,169,5333.4599609375,0.01532230446503201,rmsse,0.9686653480351707
store_dept,3,SetTransformer,SetTransformer,TX_1__FOODS_3,1568,170,14950.1689453125,0.04294980032876804,rmsse,1.1533266508899689
store_dept,3,SetTransformer,SetTransformer,TX_1__HOBBIES_1,1568,171,4493.25,0.012908495618555907,rmsse,0.8017587970145147
store_dept,3,SetTransformer,SetTransformer,TX_1__HOBBIES_2,1568,172,130.3699951171875,0.0003745352497104256,rmsse,1.2064586852415367
store_dept,3,SetTransformer,SetTransformer,TX_1__HOUSEHOLD_1,1568,173,11238.4697265625,0.032286593718267455,rmsse,0.6139418201479109
store_dept,3,SetTransformer,SetTransformer,TX_1__HOUSEHOLD_2,1568,174,2269.530029296875,0.006520050840563015,rmsse,0.9173035950435152
store_dept,3,SetTransformer,SetTransformer,TX_2__FOODS_1,1568,175,521.7400512695312,0.001498888146850916,rmsse,0.6471901443052377
store_dept,3,SetTransformer,SetTransformer,TX_2__FOODS_2,1568,176,5048.3994140625,0.014503364316952315,rmsse,0.5302402879777326
store_dept,3,SetTransformer,SetTransformer,TX_2__FOODS_3,1568,177,8043.50048828125,0.02310788200318941,rmsse,0.5813500794616762
store_dept,3,SetTransformer,SetTransformer,TX_2__HOBBIES_1,1568,178,4562.39990234375,0.013107153875146986,rmsse,0.7614905814252381
store_dept,3,SetTransformer,SetTransformer,TX_2__HOBBIES_2,1568,179,224.66000366210938,0.0006454176092888428,rmsse,1.8431862959831862
store_dept,3,SetTransformer,SetTransformer,TX_2__HOUSEHOLD_1,1568,180,6827.1103515625,0.019613358718197787,rmsse,0.5479999114092032
store_dept,3,SetTransformer,SetTransformer,TX_2__HOUSEHOLD_2,1568,181,3311.769775390625,0.009514263759037614,rmsse,0.6480044626536836
store_dept,3,SetTransformer,SetTransformer,TX_3__FOODS_1,1568,182,1414.6300048828125,0.004064039441363713,rmsse,0.7913277232436132
store_dept,3,SetTransformer,SetTransformer,TX_3__FOODS_2,1568,183,5332.1796875,0.015318626413719814,rmsse,1.165162227853059
store_dept,3,SetTransformer,SetTransformer,TX_3__FOODS_3,1568,184,13022.630859375,0.03741224578875271,rmsse,0.8932642096375019
store_dept,3,SetTransformer,SetTransformer,TX_3__HOBBIES_1,1568,185,3454.7998046875,0.009925169563633538,rmsse,0.5639746555396211
store_dept,3,SetTransformer,SetTransformer,TX_3__HOBBIES_2,1568,186,422.6600036621094,0.0012142446570769848,rmsse,1.1567359578323924
store_dept,3,SetTransformer,SetTransformer,TX_3__HOUSEHOLD_1,1568,187,9825.9091796875,0.028228499548060837,rmsse,1.1321924545264503
store_dept,3,SetTransformer,SetTransformer,TX_3__HOUSEHOLD_2,1568,188,2257.619873046875,0.006485834582894414,rmsse,0.556002178688073
store_dept,3,SetTransformer,SetTransformer,WI_1__FOODS_1,1568,189,2354.2099609375,0.006763324757340987,rmsse,0.6793448269150864
store_dept,3,SetTransformer,SetTransformer,WI_1__FOODS_2,1568,190,3581.640380859375,0.010289565273146643,rmsse,0.672321779817632
store_dept,3,SetTransformer,SetTransformer,WI_1__FOODS_3,1568,191,10736.1904296875,0.030843613669749723,rmsse,0.7836823908330097
store_dept,3,SetTransformer,SetTransformer,WI_1__HOBBIES_1,1568,192,2960.969970703125,0.008506463671840405,rmsse,0.5449761651263165
store_dept,3,SetTransformer,SetTransformer,WI_1__HOBBIES_2,1568,193,208.1600341796875,0.0005980154429793454,rmsse,1.217812756388244
store_dept,3,SetTransformer,SetTransformer,WI_1__HOUSEHOLD_1,1568,194,6289.2998046875,0.018068302225024896,rmsse,0.6122678337584482
store_dept,3,SetTransformer,SetTransformer,WI_1__HOUSEHOLD_2,1568,195,1580.8099365234375,0.004541451764175693,rmsse,1.1029000078837874
store_dept,3,SetTransformer,SetTransformer,WI_2__FOODS_1,1568,196,8214.708984375,0.02359974070717555,rmsse,1.1887348432458598
store_dept,3,SetTransformer,SetTransformer,WI_2__FOODS_2,1568,197,4867.7900390625,0.01398449816753761,rmsse,1.142044272094144
store_dept,3,SetTransformer,SetTransformer,WI_2__FOODS_3,1568,198,10954.3994140625,0.031470498378754166,rmsse,0.8197185670542251
store_dept,3,SetTransformer,SetTransformer,WI_2__HOBBIES_1,1568,199,2757.90966796875,0.00792309906311636,rmsse,0.4634543847221115
store_dept,3,SetTransformer,SetTransformer,WI_2__HOBBIES_2,1568,200,190.60000610351562,0.0005475678726275993,rmsse,0.9046077981307001
store_dept,3,SetTransformer,SetTransformer,WI_2__HOUSEHOLD_1,1568,201,9457.330078125,0.027169621961100218,rmsse,1.2054175542160652
store_dept,3,SetTransformer,SetTransformer,WI_2__HOUSEHOLD_2,1568,202,1478.739990234375,0.0042482187024812405,rmsse,1.0009165809738767
store_dept,3,SetTransformer,SetTransformer,WI_3__FOODS_1,1568,203,1020.7599487304688,0.0029325043845289285,rmsse,0.8551050875831753
store_dept,3,SetTransformer,SetTransformer,WI_3__FOODS_2,1568,204,3461.969970703125,0.009945768474577068,rmsse,0.7777892020536331
store_dept,3,SetTransformer,SetTransformer,WI_3__FOODS_3,1568,205,9956.12890625,0.028602603096668545,rmsse,0.5633321692437079
store_dept,3,SetTransformer,SetTransformer,WI_3__HOBBIES_1,1568,206,1991.85009765625,0.005722314195385491,rmsse,0.7684541053086816
store_dept,3,SetTransformer,SetTransformer,WI_3__HOBBIES_2,1568,207,203.35000610351562,0.0005841968870685024,rmsse,1.1485930388756207
store_dept,3,SetTransformer,SetTransformer,WI_3__HOUSEHOLD_1,1568,208,5617.72998046875,0.016138973535661495,rmsse,0.7445308690506066
store_dept,3,SetTransformer,SetTransformer,WI_3__HOUSEHOLD_2,1568,209,1802.6500244140625,0.005178768139306431,rmsse,0.9105881218088415
store_dept,3,SetTransformer,SetTransformer,CA_1__FOODS_1,1596,210,3136.22021484375,0.009336339312125621,rmsse,0.823589009001717
store_dept,3,SetTransformer,SetTransformer,CA_1__FOODS_2,1596,211,3441.340087890625,0.010244662857824162,rmsse,0.7576545328869737
store_dept,3,SetTransformer,SetTransformer,CA_1__FOODS_3,1596,212,18587.439453125,0.05533369144698647,rmsse,0.5221511548811716
store_dept,3,SetTransformer,SetTransformer,CA_1__HOBBIES_1,1596,213,4931.830078125,0.014681762084559498,rmsse,0.6975156945831852
store_dept,3,SetTransformer,SetTransformer,CA_1__HOBBIES_2,1596,214,131.77999877929688,0.00039230114560571846,rmsse,1.7336718132161588
store_dept,3,SetTransformer,SetTransformer,CA_1__HOUSEHOLD_1,1596,215,8246.109375,0.0245481725949961,rmsse,0.6500818025307763
store_dept,3,SetTransformer,SetTransformer,CA_1__HOUSEHOLD_2,1596,216,2291.7197265625,0.006822312053921007,rmsse,0.6986882676140688
store_dept,3,SetTransformer,SetTransformer,CA_2__FOODS_1,1596,217,5399.7099609375,0.016074612408838368,rmsse,1.2588170272187853
store_dept,3,SetTransformer,SetTransformer,CA_2__FOODS_2,1596,218,2168.260009765625,0.006454779888309994,rmsse,1.2302816773169802
store_dept,3,SetTransformer,SetTransformer,CA_2__FOODS_3,1596,219,8459.2197265625,0.025182589318572066,rmsse,0.7655021167553114
store_dept,3,SetTransformer,SetTransformer,CA_2__HOBBIES_1,1596,220,2974.22998046875,0.008854104108673523,rmsse,1.0828598991840905
store_dept,3,SetTransformer,SetTransformer,CA_2__HOBBIES_2,1596,221,125.13001251220703,0.00037250453568761694,rmsse,0.831184974980546
store_dept,3,SetTransformer,SetTransformer,CA_2__HOUSEHOLD_1,1596,222,6441.75048828125,0.019176704504993123,rmsse,0.7348228430623946
store_dept,3,SetTransformer,SetTransformer,CA_2__HOUSEHOLD_2,1596,223,4136.85009765625,0.01231515440539401,rmsse,0.8212989932984551
store_dept,3,SetTransformer,SetTransformer,CA_3__FOODS_1,1596,224,2159.099853515625,0.006427510653038405,rmsse,0.6604428791944653
store_dept,3,SetTransformer,SetTransformer,CA_3__FOODS_2,1596,225,4249.56005859375,0.012650685193120074,rmsse,0.7890579205785158
store_dept,3,SetTransformer,SetTransformer,CA_3__FOODS_3,1596,226,18931.880859375,0.056359072836557014,rmsse,1.5758556411738016
store_dept,3,SetTransformer,SetTransformer,CA_3__HOBBIES_1,1596,227,4516.4599609375,0.01344523018038226,rmsse,0.6244552145310157
store_dept,3,SetTransformer,SetTransformer,CA_3__HOBBIES_2,1596,228,119.77000427246094,0.00035654811291946896,rmsse,2.2101958039895506
store_dept,3,SetTransformer,SetTransformer,CA_3__HOUSEHOLD_1,1596,229,14708.8203125,0.043787275099056576,rmsse,1.0715586661013694
store_dept,3,SetTransformer,SetTransformer,CA_3__HOUSEHOLD_2,1596,230,5424.12939453125,0.016147307596747082,rmsse,1.0299471305615289
store_dept,3,SetTransformer,SetTransformer,CA_4__FOODS_1,1596,231,1581.9901123046875,0.004709489597381521,rmsse,0.9953246470613742
store_dept,3,SetTransformer,SetTransformer,CA_4__FOODS_2,1596,232,2814.64990234375,0.00837904379569587,rmsse,0.6929515773302426
store_dept,3,SetTransformer,SetTransformer,CA_4__FOODS_3,1596,233,7998.12060546875,0.02380992491488043,rmsse,0.9466209400442945
store_dept,3,SetTransformer,SetTransformer,CA_4__HOBBIES_1,1596,234,4659.6298828125,0.013871438443306206,rmsse,0.7929329967202088
store_dept,3,SetTransformer,SetTransformer,CA_4__HOBBIES_2,1596,235,156.27999877929688,0.00046523617486943165,rmsse,1.4911566200057504
store_dept,3,SetTransformer,SetTransformer,CA_4__HOUSEHOLD_1,1596,236,4494.2705078125,0.013379173510463173,rmsse,0.9152927854022372
store_dept,3,SetTransformer,SetTransformer,CA_4__HOUSEHOLD_2,1596,237,1507.8199462890625,0.004488689465591967,rmsse,1.021986944352387
store_dept,3,SetTransformer,SetTransformer,TX_1__FOODS_1,1596,238,1072.1400146484375,0.0031916964629870063,rmsse,0.8820589335262635
store_dept,3,SetTransformer,SetTransformer,TX_1__FOODS_2,1596,239,5790.51025390625,0.017238001421244226,rmsse,1.2235670303672805
store_dept,3,SetTransformer,SetTransformer,TX_1__FOODS_3,1596,240,13279.458984375,0.03953215222986405,rmsse,1.156382284222757
store_dept,3,SetTransformer,SetTransformer,TX_1__HOBBIES_1,1596,241,6180.31005859375,0.018398412040096162,rmsse,0.6440578804709365
store_dept,3,SetTransformer,SetTransformer,TX_1__HOBBIES_2,1596,242,99.11000061035156,0.0002950445222384743,rmsse,0.9772492541843418
store_dept,3,SetTransformer,SetTransformer,TX_1__HOUSEHOLD_1,1596,243,12103.279296875,0.03603073590630498,rmsse,0.6559629371460242
store_dept,3,SetTransformer,SetTransformer,TX_1__HOUSEHOLD_2,1596,244,2553.06982421875,0.007600335605783574,rmsse,0.9014442868809645
store_dept,3,SetTransformer,SetTransformer,TX_2__FOODS_1,1596,245,530.0400390625,0.001577897377957678,rmsse,0.8606464460129976
store_dept,3,SetTransformer,SetTransformer,TX_2__FOODS_2,1596,246,4898.78955078125,0.014583402418081745,rmsse,0.637312480697158
store_dept,3,SetTransformer,SetTransformer,TX_2__FOODS_3,1596,247,7166.9794921875,0.021335667714086834,rmsse,1.1406796105820083
store_dept,3,SetTransformer,SetTransformer,TX_2__HOBBIES_1,1596,248,5325.52978515625,0.015853782478577435,rmsse,1.0829799222096919
store_dept,3,SetTransformer,SetTransformer,TX_2__HOBBIES_2,1596,249,162.80999755859375,0.00048467558923922876,rmsse,1.2951146472623012
store_dept,3,SetTransformer,SetTransformer,TX_2__HOUSEHOLD_1,1596,250,7103.10009765625,0.02114550259125071,rmsse,0.6667324789702834
store_dept,3,SetTransformer,SetTransformer,TX_2__HOUSEHOLD_2,1596,251,3017.570068359375,0.008983124948616162,rmsse,0.7161496072328124
store_dept,3,SetTransformer,SetTransformer,TX_3__FOODS_1,1596,252,1433.739990234375,0.004268157883440815,rmsse,0.7053601473739576
store_dept,3,SetTransformer,SetTransformer,TX_3__FOODS_2,1596,253,6442.3994140625,0.019178636318088856,rmsse,1.4687528665409988
store_dept,3,SetTransformer,SetTransformer,TX_3__FOODS_3,1596,254,12349.759765625,0.036764493465538235,rmsse,0.9432323453367415
store_dept,3,SetTransformer,SetTransformer,TX_3__HOBBIES_1,1596,255,3376.33984375,0.010051161032985591,rmsse,0.6788065900245289
store_dept,3,SetTransformer,SetTransformer,TX_3__HOBBIES_2,1596,256,316.1399841308594,0.0009411297548577161,rmsse,0.9397216942964339
store_dept,3,SetTransformer,SetTransformer,TX_3__HOUSEHOLD_1,1596,257,9699.25,0.02887408500351306,rmsse,1.4154102611011077
store_dept,3,SetTransformer,SetTransformer,TX_3__HOUSEHOLD_2,1596,258,2113.800048828125,0.006292655853833372,rmsse,0.9861086753992289
store_dept,3,SetTransformer,SetTransformer,WI_1__FOODS_1,1596,259,2152.320068359375,0.006407327639619108,rmsse,0.6220299498373367
store_dept,3,SetTransformer,SetTransformer,WI_1__FOODS_2,1596,260,3865.420166015625,0.011507123792852923,rmsse,0.8668554246216202
store_dept,3,SetTransformer,SetTransformer,WI_1__FOODS_3,1596,261,10525.599609375,0.03133407818481198,rmsse,0.7110762341371584
store_dept,3,SetTransformer,SetTransformer,WI_1__HOBBIES_1,1596,262,2951.43994140625,0.008786259530471702,rmsse,0.6922974372547605
store_dept,3,SetTransformer,SetTransformer,WI_1__HOBBIES_2,1596,263,191.63999938964844,0.0005705007740237544,rmsse,1.0909415808496383
store_dept,3,SetTransformer,SetTransformer,WI_1__HOUSEHOLD_1,1596,264,6530.3095703125,0.01944033957599381,rmsse,0.6736445027931255
store_dept,3,SetTransformer,SetTransformer,WI_1__HOUSEHOLD_2,1596,265,1616.8099365234375,0.004813146123844863,rmsse,0.689044187123783
store_dept,3,SetTransformer,SetTransformer,WI_2__FOODS_1,1596,266,7289.6904296875,0.02170097080868031,rmsse,1.3897763766171536
store_dept,3,SetTransformer,SetTransformer,WI_2__FOODS_2,1596,267,3814.929931640625,0.011356817396049969,rmsse,1.0327363785516666
store_dept,3,SetTransformer,SetTransformer,WI_2__FOODS_3,1596,268,10025.19921875,0.029844416260983088,rmsse,0.9970034255687428
store_dept,3,SetTransformer,SetTransformer,WI_2__HOBBIES_1,1596,269,3179.23046875,0.009464378256096726,rmsse,0.6714997820283439
store_dept,3,SetTransformer,SetTransformer,WI_2__HOBBIES_2,1596,270,207.030029296875,0.0006163159691932641,rmsse,1.034643555611845
store_dept,3,SetTransformer,SetTransformer,WI_2__HOUSEHOLD_1,1596,271,9884.69921875,0.02942615619520547,rmsse,1.3552038829896427
store_dept,3,SetTransformer,SetTransformer,WI_2__HOUSEHOLD_2,1596,272,1132.659912109375,0.0033718605647155937,rmsse,0.8092870447517814
store_dept,3,SetTransformer,SetTransformer,WI_3__FOODS_1,1596,273,1295.150146484375,0.0038555842381526647,rmsse,0.8128378911084859
store_dept,3,SetTransformer,SetTransformer,WI_3__FOODS_2,1596,274,3036.2099609375,0.009038614789867509,rmsse,0.6417888187249423
store_dept,3,SetTransformer,SetTransformer,WI_3__FOODS_3,1596,275,9266.05078125,0.027584476934266165,rmsse,0.5774358549638652
store_dept,3,SetTransformer,SetTransformer,WI_3__HOBBIES_1,1596,276,2096.369873046875,0.006240767266866959,rmsse,0.9290283391101423
store_dept,3,SetTransformer,SetTransformer,WI_3__HOBBIES_2,1596,277,209.1300048828125,0.0006225674704509554,rmsse,1.197823775322914
store_dept,3,SetTransformer,SetTransformer,WI_3__HOUSEHOLD_1,1596,278,6023.72998046875,0.01793228254702835,rmsse,0.7106809933851677
store_dept,3,SetTransformer,SetTransformer,WI_3__HOUSEHOLD_2,1596,279,1813.590087890625,0.005398948821742158,rmsse,0.7261417293099912
store_dept,3,SetTransformer_Q,SetTransformer,CA_1__FOODS_1,1512,0,2431.419921875,0.007148120104854332,mean_spl,0.2838082475889448
store_dept,3,SetTransformer_Q,SetTransformer,CA_1__FOODS_2,1512,1,2621.93994140625,0.0077082290229956146,mean_spl,0.31904036968060867
store_dept,3,SetTransformer_Q,SetTransformer,CA_1__FOODS_3,1512,2,18871.072265625,0.055478977468462115,mean_spl,0.18310790373900387
store_dept,3,SetTransformer_Q,SetTransformer,CA_1__HOBBIES_1,1512,3,4564.3701171875,0.01341877045060324,mean_spl,0.12764283576225333
store_dept,3,SetTransformer_Q,SetTransformer,CA_1__HOBBIES_2,1512,4,90.30001068115234,0.0002654725808616164,mean_spl,0.2877902057709909
store_dept,3,SetTransformer_Q,SetTransformer,CA_1__HOUSEHOLD_1,1512,5,7306.630859375,0.02148073003546469,mean_spl,0.16997207748449028
store_dept,3,SetTransformer_Q,SetTransformer,CA_1__HOUSEHOLD_2,1512,6,2643.429931640625,0.007771407345203734,mean_spl,0.23571536201555018
store_dept,3,SetTransformer_Q,SetTransformer,CA_2__FOODS_1,1512,7,4699.81005859375,0.01381694970358054,mean_spl,0.2196771114543707
store_dept,3,SetTransformer_Q,SetTransformer,CA_2__FOODS_2,1512,8,1027.280029296875,0.003020095773941697,mean_spl,0.12834025061990972
store_dept,3,SetTransformer_Q,SetTransformer,CA_2__FOODS_3,1512,9,6845.2802734375,0.020124407596441872,mean_spl,0.15141900812771356
store_dept,3,SetTransformer_Q,SetTransformer,CA_2__HOBBIES_1,1512,10,3244.170166015625,0.009537520762510679,mean_spl,0.16612064236462315
store_dept,3,SetTransformer_Q,SetTransformer,CA_2__HOBBIES_2,1512,11,144.20999145507812,0.0004239622822724863,mean_spl,0.18529461906271955
store_dept,3,SetTransformer_Q,SetTransformer,CA_2__HOUSEHOLD_1,1512,12,5380.1201171875,0.015816990076540277,mean_spl,0.1482542295678474
store_dept,3,SetTransformer_Q,SetTransformer,CA_2__HOUSEHOLD_2,1512,13,4386.919921875,0.012897085447814644,mean_spl,0.18134850530894425
store_dept,3,SetTransformer_Q,SetTransformer,CA_3__FOODS_1,1512,14,2320.27001953125,0.006821351024594735,mean_spl,0.21725090394670965
store_dept,3,SetTransformer_Q,SetTransformer,CA_3__FOODS_2,1512,15,5174.8603515625,0.015213547847503058,mean_spl,0.18557207663802341
store_dept,3,SetTransformer_Q,SetTransformer,CA_3__FOODS_3,1512,16,22155.1796875,0.06513390958348034,mean_spl,0.11930845881941725
store_dept,3,SetTransformer_Q,SetTransformer,CA_3__HOBBIES_1,1512,17,4142.2197265625,0.012177692483218795,mean_spl,0.15276703713987586
store_dept,3,SetTransformer_Q,SetTransformer,CA_3__HOBBIES_2,1512,18,76.13999938964844,0.00022384362961089656,mean_spl,0.2889283026178654
store_dept,3,SetTransformer_Q,SetTransformer,CA_3__HOUSEHOLD_1,1512,19,13194.5908203125,0.038790716103563716,mean_spl,0.2614880223752405
store_dept,3,SetTransformer_Q,SetTransformer,CA_3__HOUSEHOLD_2,1512,20,4916.529296875,0.014454081582911485,mean_spl,0.19490564909298688
store_dept,3,SetTransformer_Q,SetTransformer,CA_4__FOODS_1,1512,21,1238.8798828125,0.00364217719784188,mean_spl,0.2731942282345732
store_dept,3,SetTransformer_Q,SetTransformer,CA_4__FOODS_2,1512,22,2217.989990234375,0.006520658442797394,mean_spl,0.156780524410394
store_dept,3,SetTransformer_Q,SetTransformer,CA_4__FOODS_3,1512,23,11426.0908203125,0.03359151118971799,mean_spl,0.23064638065127832
store_dept,3,SetTransformer_Q,SetTransformer,CA_4__HOBBIES_1,1512,24,4551.10009765625,0.013379757981983674,mean_spl,0.17354111446741075
store_dept,3,SetTransformer_Q,SetTransformer,CA_4__HOBBIES_2,1512,25,124.04000091552734,0.00036466462101975564,mean_spl,0.2804879118982494
store_dept,3,SetTransformer_Q,SetTransformer,CA_4__HOUSEHOLD_1,1512,26,3265.36962890625,0.009599844964733935,mean_spl,0.20309430731036213
store_dept,3,SetTransformer_Q,SetTransformer,CA_4__HOUSEHOLD_2,1512,27,1480.22998046875,0.004351721225939997,mean_spl,0.23150863218267753
store_dept,3,SetTransformer_Q,SetTransformer,TX_1__FOODS_1,1512,28,1268.02001953125,0.0037278461500716005,mean_spl,0.3239770901527469
store_dept,3,SetTransformer_Q,SetTransformer,TX_1__FOODS_2,1512,29,5505.7197265625,0.01618623978320672,mean_spl,0.2115406651022759
store_dept,3,SetTransformer_Q,SetTransformer,TX_1__FOODS_3,1512,30,16192.6884765625,0.04760480944060887,mean_spl,0.1850474396415656
store_dept,3,SetTransformer_Q,SetTransformer,TX_1__HOBBIES_1,1512,31,5653.91015625,0.01662190413730124,mean_spl,0.1614409228186675
store_dept,3,SetTransformer_Q,SetTransformer,TX_1__HOBBIES_2,1512,32,68.8800048828125,0.00020250000557106937,mean_spl,0.41996954957579874
store_dept,3,SetTransformer_Q,SetTransformer,TX_1__HOUSEHOLD_1,1512,33,11548.44140625,0.03395120910751169,mean_spl,0.22122465883548462
store_dept,3,SetTransformer_Q,SetTransformer,TX_1__HOUSEHOLD_2,1512,34,2382.650146484375,0.007004742069311166,mean_spl,0.18528330227857553
store_dept,3,SetTransformer_Q,SetTransformer,TX_2__FOODS_1,1512,35,485.44000244140625,0.0014271428024148372,mean_spl,0.1892294893554916
store_dept,3,SetTransformer_Q,SetTransformer,TX_2__FOODS_2,1512,36,5321.009765625,0.01564321182926694,mean_spl,0.21290478732547713
store_dept,3,SetTransformer_Q,SetTransformer,TX_2__FOODS_3,1512,37,9231.0390625,0.02713828874959108,mean_spl,0.24277429484470772
store_dept,3,SetTransformer_Q,SetTransformer,TX_2__HOBBIES_1,1512,38,5222.9306640625,0.015354869535351574,mean_spl,0.21738533068566845
store_dept,3,SetTransformer_Q,SetTransformer,TX_2__HOBBIES_2,1512,39,204.54998779296875,0.0006013555564943658,mean_spl,0.2845888539021114
store_dept,3,SetTransformer_Q,SetTransformer,TX_2__HOUSEHOLD_1,1512,40,7526.150390625,0.022126094483053103,mean_spl,0.2230967897408172
store_dept,3,SetTransformer_Q,SetTransformer,TX_2__HOUSEHOLD_2,1512,41,4138.4697265625,0.012166667875683075,mean_spl,0.28160466986313026
store_dept,3,SetTransformer_Q,SetTransformer,TX_3__FOODS_1,1512,42,1403.3800048828125,0.00412579034061609,mean_spl,0.17975300965233953
store_dept,3,SetTransformer_Q,SetTransformer,TX_3__FOODS_2,1512,43,5224.59033203125,0.015359748785483594,mean_spl,0.31170758323985376
store_dept,3,SetTransformer_Q,SetTransformer,TX_3__FOODS_3,1512,44,11294.46875,0.03320455607818884,mean_spl,0.15071705127005608
store_dept,3,SetTransformer_Q,SetTransformer,TX_3__HOBBIES_1,1512,45,3567.440185546875,0.010487900787416462,mean_spl,0.16688581758852875
store_dept,3,SetTransformer_Q,SetTransformer,TX_3__HOBBIES_2,1512,46,447.95001220703125,0.0013169261547209775,mean_spl,0.21575680361097993
store_dept,3,SetTransformer_Q,SetTransformer,TX_3__HOUSEHOLD_1,1512,47,9794.0595703125,0.028793510118443024,mean_spl,0.26436639455654465
store_dept,3,SetTransformer_Q,SetTransformer,TX_3__HOUSEHOLD_2,1512,48,2193.980224609375,0.006450072244653326,mean_spl,0.18480056885726875
store_dept,3,SetTransformer_Q,SetTransformer,WI_1__FOODS_1,1512,49,1883.349853515625,0.0055368514633243205,mean_spl,0.23174274975309622
store_dept,3,SetTransformer_Q,SetTransformer,WI_1__FOODS_2,1512,50,5033.3701171875,0.014797581366404002,mean_spl,0.5311218217868303
store_dept,3,SetTransformer_Q,SetTransformer,WI_1__FOODS_3,1512,51,10133.109375,0.029790281060240977,mean_spl,0.2072428576730528
store_dept,3,SetTransformer_Q,SetTransformer,WI_1__HOBBIES_1,1512,52,3049.619873046875,0.008965563262260043,mean_spl,0.23228523115777452
store_dept,3,SetTransformer_Q,SetTransformer,WI_1__HOBBIES_2,1512,53,204.40000915527344,0.0006009146349958771,mean_spl,0.2684098776887303
store_dept,3,SetTransformer_Q,SetTransformer,WI_1__HOUSEHOLD_1,1512,54,6276.3203125,0.01845172485700861,mean_spl,0.19344478826019468
store_dept,3,SetTransformer_Q,SetTransformer,WI_1__HOUSEHOLD_2,1512,55,1683.4400634765625,0.004949137602596607,mean_spl,0.21617075433493116
store_dept,3,SetTransformer_Q,SetTransformer,WI_2__FOODS_1,1512,56,6609.10009765625,0.01943006259758701,mean_spl,0.36208113723945917
store_dept,3,SetTransformer_Q,SetTransformer,WI_2__FOODS_2,1512,57,5467.28955078125,0.01607325908840218,mean_spl,0.3212591792839635
store_dept,3,SetTransformer_Q,SetTransformer,WI_2__FOODS_3,1512,58,10650.400390625,0.031311062507979597,mean_spl,0.16294218152737
store_dept,3,SetTransformer_Q,SetTransformer,WI_2__HOBBIES_1,1512,59,2706.2099609375,0.007955974060958153,mean_spl,0.1863157098604918
store_dept,3,SetTransformer_Q,SetTransformer,WI_2__HOBBIES_2,1512,60,218.62998962402344,0.0006427492883049263,mean_spl,0.19453601940785736
store_dept,3,SetTransformer_Q,SetTransformer,WI_2__HOUSEHOLD_1,1512,61,8858.0,0.02604159294704293,mean_spl,0.27876128549989754
store_dept,3,SetTransformer_Q,SetTransformer,WI_2__HOUSEHOLD_2,1512,62,1471.659912109375,0.004326526121882289,mean_spl,0.23637348349802853
store_dept,3,SetTransformer_Q,SetTransformer,WI_3__FOODS_1,1512,63,1030.72998046875,0.0030302382693249827,mean_spl,0.2726450299881277
store_dept,3,SetTransformer_Q,SetTransformer,WI_3__FOODS_2,1512,64,3741.080078125,0.010998383898941387,mean_spl,0.1441654494652761
store_dept,3,SetTransformer_Q,SetTransformer,WI_3__FOODS_3,1512,65,10853.30078125,0.03190756842144226,mean_spl,0.10969624819045497
store_dept,3,SetTransformer_Q,SetTransformer,WI_3__HOBBIES_1,1512,66,2237.97998046875,0.006579426921991225,mean_spl,0.2161579909880919
store_dept,3,SetTransformer_Q,SetTransformer,WI_3__HOBBIES_2,1512,67,245.16000366210938,0.0007207447530214728,mean_spl,0.22715023036892454
store_dept,3,SetTransformer_Q,SetTransformer,WI_3__HOUSEHOLD_1,1512,68,6746.60009765625,0.01983429820723009,mean_spl,0.16309251999717944
store_dept,3,SetTransformer_Q,SetTransformer,WI_3__HOUSEHOLD_2,1512,69,1832.199951171875,0.00538647610363625,mean_spl,0.16830583148078937
store_dept,3,SetTransformer_Q,SetTransformer,CA_1__FOODS_1,1540,70,2955.330078125,0.008582903136706432,mean_spl,0.23603669120974524
store_dept,3,SetTransformer_Q,SetTransformer,CA_1__FOODS_2,1540,71,3517.600341796875,0.010215854814580557,mean_spl,0.2809285456265552
store_dept,3,SetTransformer_Q,SetTransformer,CA_1__FOODS_3,1540,72,21056.587890625,0.06115278140756496,mean_spl,0.13401691068656366
store_dept,3,SetTransformer_Q,SetTransformer,CA_1__HOBBIES_1,1540,73,4874.73974609375,0.014157274467263723,mean_spl,0.1181957313678444
store_dept,3,SetTransformer_Q,SetTransformer,CA_1__HOBBIES_2,1540,74,125.1100082397461,0.00036334590511647954,mean_spl,0.24906509529496798
store_dept,3,SetTransformer_Q,SetTransformer,CA_1__HOUSEHOLD_1,1540,75,6975.35009765625,0.020257890878565717,mean_spl,0.22413587052505374
store_dept,3,SetTransformer_Q,SetTransformer,CA_1__HOUSEHOLD_2,1540,76,2614.880126953125,0.007594164526615704,mean_spl,0.2458192970712086
store_dept,3,SetTransformer_Q,SetTransformer,CA_2__FOODS_1,1540,77,5393.009765625,0.015662440136987442,mean_spl,0.16279282465911965
store_dept,3,SetTransformer_Q,SetTransformer,CA_2__FOODS_2,1540,78,1259.52001953125,0.0036579123281003855,mean_spl,0.18002204469230565
store_dept,3,SetTransformer_Q,SetTransformer,CA_2__FOODS_3,1540,79,7009.5595703125,0.02035724241710949,mean_spl,0.12684239975786288
store_dept,3,SetTransformer_Q,SetTransformer,CA_2__HOBBIES_1,1540,80,2778.530029296875,0.008069438429366698,mean_spl,0.12536233690074172
store_dept,3,SetTransformer_Q,SetTransformer,CA_2__HOBBIES_2,1540,81,155.0599822998047,0.00045032695951952706,mean_spl,0.2332446524448813
store_dept,3,SetTransformer_Q,SetTransformer,CA_2__HOUSEHOLD_1,1540,82,6076.7802734375,0.017648254202133985,mean_spl,0.1813487474339301
store_dept,3,SetTransformer_Q,SetTransformer,CA_2__HOUSEHOLD_2,1540,83,4480.8798828125,0.013013422184569084,mean_spl,0.17975537871585315
store_dept,3,SetTransformer_Q,SetTransformer,CA_3__FOODS_1,1540,84,2491.01025390625,0.007234420236193846,mean_spl,0.16754790510178558
store_dept,3,SetTransformer_Q,SetTransformer,CA_3__FOODS_2,1540,85,4921.53955078125,0.014293190990911205,mean_spl,0.18570483164111806
store_dept,3,SetTransformer_Q,SetTransformer,CA_3__FOODS_3,1540,86,24835.359375,0.07212713241701833,mean_spl,0.3172140562281549
store_dept,3,SetTransformer_Q,SetTransformer,CA_3__HOBBIES_1,1540,87,4056.8798828125,0.011782036574920914,mean_spl,0.13063220614333443
store_dept,3,SetTransformer_Q,SetTransformer,CA_3__HOBBIES_2,1540,88,134.97000122070312,0.0003919814085787023,mean_spl,0.39310119948987643
store_dept,3,SetTransformer_Q,SetTransformer,CA_3__HOUSEHOLD_1,1540,89,15385.681640625,0.04468327114833414,mean_spl,0.18762960513241952
store_dept,3,SetTransformer_Q,SetTransformer,CA_3__HOUSEHOLD_2,1540,90,5413.6904296875,0.015722501156149073,mean_spl,0.174202913410155
store_dept,3,SetTransformer_Q,SetTransformer,CA_4__FOODS_1,1540,91,1353.5799560546875,0.003931082262721567,mean_spl,0.21348066945634908
store_dept,3,SetTransformer_Q,SetTransformer,CA_4__FOODS_2,1540,92,2528.89013671875,0.007344431421548732,mean_spl,0.16524357994357539
store_dept,3,SetTransformer_Q,SetTransformer,CA_4__FOODS_3,1540,93,11945.9501953125,0.034693564066230094,mean_spl,0.1839567040795224
store_dept,3,SetTransformer_Q,SetTransformer,CA_4__HOBBIES_1,1540,94,4647.10986328125,0.013496189179477846,mean_spl,0.15836760362533978
store_dept,3,SetTransformer_Q,SetTransformer,CA_4__HOBBIES_2,1540,95,116.89000701904297,0.00033947328432764885,mean_spl,0.262236795598353
store_dept,3,SetTransformer_Q,SetTransformer,CA_4__HOUSEHOLD_1,1540,96,3779.939697265625,0.010977743746581961,mean_spl,0.21699549955304306
store_dept,3,SetTransformer_Q,SetTransformer,CA_4__HOUSEHOLD_2,1540,97,1473.3299560546875,0.00427886157110687,mean_spl,0.22522917067558434
store_dept,3,SetTransformer_Q,SetTransformer,TX_1__FOODS_1,1540,98,1236.2998046875,0.0035904759167524314,mean_spl,0.14837028596483148
store_dept,3,SetTransformer_Q,SetTransformer,TX_1__FOODS_2,1540,99,5329.8701171875,0.015479069253770033,mean_spl,0.20987690831957395
store_dept,3,SetTransformer_Q,SetTransformer,TX_1__FOODS_3,1540,100,16183.740234375,0.04700100196908839,mean_spl,0.16111916752035627
store_dept,3,SetTransformer_Q,SetTransformer,TX_1__HOBBIES_1,1540,101,5004.689453125,0.014534675880509659,mean_spl,0.2705451505773733
store_dept,3,SetTransformer_Q,SetTransformer,TX_1__HOBBIES_2,1540,102,73.19000244140625,0.00021255923532184455,mean_spl,0.3667953795188494
store_dept,3,SetTransformer_Q,SetTransformer,TX_1__HOUSEHOLD_1,1540,103,11729.8310546875,0.03406590840647737,mean_spl,0.15963146316942306
store_dept,3,SetTransformer_Q,SetTransformer,TX_1__HOUSEHOLD_2,1540,104,2226.139892578125,0.006465180728265157,mean_spl,0.203945092885088
store_dept,3,SetTransformer_Q,SetTransformer,TX_2__FOODS_1,1540,105,457.01995849609375,0.0013272825476747495,mean_spl,0.22831868305547787
store_dept,3,SetTransformer_Q,SetTransformer,TX_2__FOODS_2,1540,106,4984.46044921875,0.014475926577897223,mean_spl,0.136546551847388
store_dept,3,SetTransformer_Q,SetTransformer,TX_2__FOODS_3,1540,107,9516.7490234375,0.027638650467203336,mean_spl,0.15981671361171465
store_dept,3,SetTransformer_Q,SetTransformer,TX_2__HOBBIES_1,1540,108,4722.599609375,0.013715427356401992,mean_spl,0.14663346544072683
store_dept,3,SetTransformer_Q,SetTransformer,TX_2__HOBBIES_2,1540,109,163.66000366210938,0.0004753032391143592,mean_spl,0.4185518987749408
store_dept,3,SetTransformer_Q,SetTransformer,TX_2__HOUSEHOLD_1,1540,110,7416.32958984375,0.021538588522031863,mean_spl,0.16420768458553173
store_dept,3,SetTransformer_Q,SetTransformer,TX_2__HOUSEHOLD_2,1540,111,3775.52978515625,0.010964936429810033,mean_spl,0.241691392028654
store_dept,3,SetTransformer_Q,SetTransformer,TX_3__FOODS_1,1540,112,1376.4801025390625,0.003997589127909526,mean_spl,0.15268801358945683
store_dept,3,SetTransformer_Q,SetTransformer,TX_3__FOODS_2,1540,113,5018.5009765625,0.014574787463547997,mean_spl,0.23668637236461207
store_dept,3,SetTransformer_Q,SetTransformer,TX_3__FOODS_3,1540,114,12092.458984375,0.03511905655334929,mean_spl,0.20570635345474078
store_dept,3,SetTransformer_Q,SetTransformer,TX_3__HOBBIES_1,1540,115,3384.919921875,0.0098305228339818,mean_spl,0.21342877946366892
store_dept,3,SetTransformer_Q,SetTransformer,TX_3__HOBBIES_2,1540,116,369.1400451660156,0.0010720607065148756,mean_spl,0.28827698038562866
store_dept,3,SetTransformer_Q,SetTransformer,TX_3__HOUSEHOLD_1,1540,117,9262.8212890625,0.026901190660599705,mean_spl,0.2235048141387884
store_dept,3,SetTransformer_Q,SetTransformer,TX_3__HOUSEHOLD_2,1540,118,2186.66015625,0.006350523230182239,mean_spl,0.20790602302709227
store_dept,3,SetTransformer_Q,SetTransformer,WI_1__FOODS_1,1540,119,2056.659912109375,0.005972975046489987,mean_spl,0.2102842561115183
store_dept,3,SetTransformer_Q,SetTransformer,WI_1__FOODS_2,1540,120,4058.89013671875,0.01178787477711878,mean_spl,0.36088524214469053
store_dept,3,SetTransformer_Q,SetTransformer,WI_1__FOODS_3,1540,121,9428.4599609375,0.027382240370382987,mean_spl,0.18676279413143787
store_dept,3,SetTransformer_Q,SetTransformer,WI_1__HOBBIES_1,1540,122,2738.250244140625,0.007952457420401779,mean_spl,0.1980244372215558
store_dept,3,SetTransformer_Q,SetTransformer,WI_1__HOBBIES_2,1540,123,220.0700225830078,0.0006391298559520369,mean_spl,0.27375430364330444
store_dept,3,SetTransformer_Q,SetTransformer,WI_1__HOUSEHOLD_1,1540,124,6021.64990234375,0.01748814395303161,mean_spl,0.17228225024175614
store_dept,3,SetTransformer_Q,SetTransformer,WI_1__HOUSEHOLD_2,1540,125,1844.7900390625,0.005357660157839264,mean_spl,0.23007611983007514
store_dept,3,SetTransformer_Q,SetTransformer,WI_2__FOODS_1,1540,126,6950.09033203125,0.020184531180703194,mean_spl,0.34095234604866637
store_dept,3,SetTransformer_Q,SetTransformer,WI_2__FOODS_2,1540,127,4602.49951171875,0.013366631290432071,mean_spl,0.23655445023580932
store_dept,3,SetTransformer_Q,SetTransformer,WI_2__FOODS_3,1540,128,10485.240234375,0.0304513536280976,mean_spl,0.172218738336178
store_dept,3,SetTransformer_Q,SetTransformer,WI_2__HOBBIES_1,1540,129,2450.219970703125,0.007115956633010352,mean_spl,0.15815067000900723
store_dept,3,SetTransformer_Q,SetTransformer,WI_2__HOBBIES_2,1540,130,249.33001708984375,0.0007241070639098253,mean_spl,0.25750406313851515
store_dept,3,SetTransformer_Q,SetTransformer,WI_2__HOUSEHOLD_1,1540,131,9029.1494140625,0.026222558150565494,mean_spl,0.2821709572093172
store_dept,3,SetTransformer_Q,SetTransformer,WI_2__HOUSEHOLD_2,1540,132,1384.0601806640625,0.0040196032767848425,mean_spl,0.21598422772838255
store_dept,3,SetTransformer_Q,SetTransformer,WI_3__FOODS_1,1540,133,1293.599853515625,0.0037568873685427393,mean_spl,0.17265129408661767
store_dept,3,SetTransformer_Q,SetTransformer,WI_3__FOODS_2,1540,134,3498.02978515625,0.010159017781986053,mean_spl,0.12431371810508479
store_dept,3,SetTransformer_Q,SetTransformer,WI_3__FOODS_3,1540,135,9646.2392578125,0.028014717474748957,mean_spl,0.09879289034378444
store_dept,3,SetTransformer_Q,SetTransformer,WI_3__HOBBIES_1,1540,136,1727.9500732421875,0.005018332203728612,mean_spl,0.2068011968178493
store_dept,3,SetTransformer_Q,SetTransformer,WI_3__HOBBIES_2,1540,137,208.18002319335938,0.0006045987848502949,mean_spl,0.2696161320765415
store_dept,3,SetTransformer_Q,SetTransformer,WI_3__HOUSEHOLD_1,1540,138,5833.43994140625,0.01694154244951538,mean_spl,0.1780246446786995
store_dept,3,SetTransformer_Q,SetTransformer,WI_3__HOUSEHOLD_2,1540,139,1731.9100341796875,0.005029832767203155,mean_spl,0.19869927498188042
store_dept,3,SetTransformer_Q,SetTransformer,CA_1__FOODS_1,1568,140,2837.219970703125,0.008150946766972816,mean_spl,0.2369881093289726
store_dept,3,SetTransformer_Q,SetTransformer,CA_1__FOODS_2,1568,141,4269.56982421875,0.012265892921392366,mean_spl,0.194106075790163
store_dept,3,SetTransformer_Q,SetTransformer,CA_1__FOODS_3,1568,142,21792.16796875,0.06260593217458271,mean_spl,0.14518955583341736
store_dept,3,SetTransformer_Q,SetTransformer,CA_1__HOBBIES_1,1568,143,4352.5498046875,0.012504283109854773,mean_spl,0.15761097419313008
store_dept,3,SetTransformer_Q,SetTransformer,CA_1__HOBBIES_2,1568,144,121.67000579833984,0.0003495413646597767,mean_spl,0.22627050728725828
store_dept,3,SetTransformer_Q,SetTransformer,CA_1__HOUSEHOLD_1,1568,145,7329.5,0.02105665579173327,mean_spl,0.24249917458487052
store_dept,3,SetTransformer_Q,SetTransformer,CA_1__HOUSEHOLD_2,1568,146,2742.610107421875,0.007879145508276285,mean_spl,0.24528445488453748
store_dept,3,SetTransformer_Q,SetTransformer,CA_2__FOODS_1,1568,147,5199.13037109375,0.01493639383866124,mean_spl,0.19043572036355058
store_dept,3,SetTransformer_Q,SetTransformer,CA_2__FOODS_2,1568,148,1568.16015625,0.004505110667367067,mean_spl,0.35388283750633737
store_dept,3,SetTransformer_Q,SetTransformer,CA_2__FOODS_3,1568,149,7694.18017578125,0.022104332295655033,mean_spl,0.22169653769577788
store_dept,3,SetTransformer_Q,SetTransformer,CA_2__HOBBIES_1,1568,150,2803.27001953125,0.00805341317860085,mean_spl,0.1731216732723874
store_dept,3,SetTransformer_Q,SetTransformer,CA_2__HOBBIES_2,1568,151,153.10000610351562,0.00043983547721317844,mean_spl,0.13077864770987013
store_dept,3,SetTransformer_Q,SetTransformer,CA_2__HOUSEHOLD_1,1568,152,5917.11962890625,0.016999079242020248,mean_spl,0.19487334066876463
store_dept,3,SetTransformer_Q,SetTransformer,CA_2__HOUSEHOLD_2,1568,153,4762.96044921875,0.013683337025559518,mean_spl,0.21904888058897307
store_dept,3,SetTransformer_Q,SetTransformer,CA_3__FOODS_1,1568,154,2314.420166015625,0.00664901409280813,mean_spl,0.13048427839300622
store_dept,3,SetTransformer_Q,SetTransformer,CA_3__FOODS_2,1568,155,4588.62060546875,0.013182482386003162,mean_spl,0.1707525474611703
store_dept,3,SetTransformer_Q,SetTransformer,CA_3__FOODS_3,1568,156,28474.12890625,0.08180229638424842,mean_spl,0.36549823933155545
store_dept,3,SetTransformer_Q,SetTransformer,CA_3__HOBBIES_1,1568,157,4085.669921875,0.011737573534833158,mean_spl,0.14866646986939036
store_dept,3,SetTransformer_Q,SetTransformer,CA_3__HOBBIES_2,1568,158,113.18000030517578,0.0003251507345568392,mean_spl,0.3092247980912119
store_dept,3,SetTransformer_Q,SetTransformer,CA_3__HOUSEHOLD_1,1568,159,14030.548828125,0.040307856912877374,mean_spl,0.22538822605695982
store_dept,3,SetTransformer_Q,SetTransformer,CA_3__HOUSEHOLD_2,1568,160,5070.36962890625,0.014566481753562625,mean_spl,0.21093716284956768
store_dept,3,SetTransformer_Q,SetTransformer,CA_4__FOODS_1,1568,161,1442.0902099609375,0.0041429288726073845,mean_spl,0.19404374283258663
store_dept,3,SetTransformer_Q,SetTransformer,CA_4__FOODS_2,1568,162,2751.650146484375,0.0079051163099521,mean_spl,0.14948448318515278
store_dept,3,SetTransformer_Q,SetTransformer,CA_4__FOODS_3,1568,163,10152.0009765625,0.029165316892123143,mean_spl,0.2413127976687541
store_dept,3,SetTransformer_Q,SetTransformer,CA_4__HOBBIES_1,1568,164,4711.01025390625,0.013534091186005848,mean_spl,0.16399613282662528
store_dept,3,SetTransformer_Q,SetTransformer,CA_4__HOBBIES_2,1568,165,75.75000762939453,0.00021761946065534208,mean_spl,0.25717278178953407
store_dept,3,SetTransformer_Q,SetTransformer,CA_4__HOUSEHOLD_1,1568,166,3842.72998046875,0.011039640152712242,mean_spl,0.23016184170932577
store_dept,3,SetTransformer_Q,SetTransformer,CA_4__HOUSEHOLD_2,1568,167,1414.659912109375,0.004064125360754588,mean_spl,0.1925596131702897
store_dept,3,SetTransformer_Q,SetTransformer,TX_1__FOODS_1,1568,168,1102.2198486328125,0.003166527588440887,mean_spl,0.18441831141634427
store_dept,3,SetTransformer_Q,SetTransformer,TX_1__FOODS_2,1568,169,5333.4599609375,0.01532230446503201,mean_spl,0.23615900070328694
store_dept,3,SetTransformer_Q,SetTransformer,TX_1__FOODS_3,1568,170,14950.1689453125,0.04294980032876804,mean_spl,0.2810187814019562
store_dept,3,SetTransformer_Q,SetTransformer,TX_1__HOBBIES_1,1568,171,4493.25,0.012908495618555907,mean_spl,0.20384851841562768
store_dept,3,SetTransformer_Q,SetTransformer,TX_1__HOBBIES_2,1568,172,130.3699951171875,0.0003745352497104256,mean_spl,0.2515512192887919
store_dept,3,SetTransformer_Q,SetTransformer,TX_1__HOUSEHOLD_1,1568,173,11238.4697265625,0.032286593718267455,mean_spl,0.15821491990016698
store_dept,3,SetTransformer_Q,SetTransformer,TX_1__HOUSEHOLD_2,1568,174,2269.530029296875,0.006520050840563015,mean_spl,0.20574695603538867
store_dept,3,SetTransformer_Q,SetTransformer,TX_2__FOODS_1,1568,175,521.7400512695312,0.001498888146850916,mean_spl,0.17082207630576096
store_dept,3,SetTransformer_Q,SetTransformer,TX_2__FOODS_2,1568,176,5048.3994140625,0.014503364316952315,mean_spl,0.13204320587816615
store_dept,3,SetTransformer_Q,SetTransformer,TX_2__FOODS_3,1568,177,8043.50048828125,0.02310788200318941,mean_spl,0.12107838927427172
store_dept,3,SetTransformer_Q,SetTransformer,TX_2__HOBBIES_1,1568,178,4562.39990234375,0.013107153875146986,mean_spl,0.20506735191453695
store_dept,3,SetTransformer_Q,SetTransformer,TX_2__HOBBIES_2,1568,179,224.66000366210938,0.0006454176092888428,mean_spl,0.2892532523008133
store_dept,3,SetTransformer_Q,SetTransformer,TX_2__HOUSEHOLD_1,1568,180,6827.1103515625,0.019613358718197787,mean_spl,0.13721650892006845
store_dept,3,SetTransformer_Q,SetTransformer,TX_2__HOUSEHOLD_2,1568,181,3311.769775390625,0.009514263759037614,mean_spl,0.17809128412091935
store_dept,3,SetTransformer_Q,SetTransformer,TX_3__FOODS_1,1568,182,1414.6300048828125,0.004064039441363713,mean_spl,0.1684720232414053
store_dept,3,SetTransformer_Q,SetTransformer,TX_3__FOODS_2,1568,183,5332.1796875,0.015318626413719814,mean_spl,0.2629049723046444
store_dept,3,SetTransformer_Q,SetTransformer,TX_3__FOODS_3,1568,184,13022.630859375,0.03741224578875271,mean_spl,0.19380049916725287
store_dept,3,SetTransformer_Q,SetTransformer,TX_3__HOBBIES_1,1568,185,3454.7998046875,0.009925169563633538,mean_spl,0.16207551996344371
store_dept,3,SetTransformer_Q,SetTransformer,TX_3__HOBBIES_2,1568,186,422.6600036621094,0.0012142446570769848,mean_spl,0.22494492769383687
store_dept,3,SetTransformer_Q,SetTransformer,TX_3__HOUSEHOLD_1,1568,187,9825.9091796875,0.028228499548060837,mean_spl,0.25673663622734677
store_dept,3,SetTransformer_Q,SetTransformer,TX_3__HOUSEHOLD_2,1568,188,2257.619873046875,0.006485834582894414,mean_spl,0.16703586056808162
store_dept,3,SetTransformer_Q,SetTransformer,WI_1__FOODS_1,1568,189,2354.2099609375,0.006763324757340987,mean_spl,0.16247598627057036
store_dept,3,SetTransformer_Q,SetTransformer,WI_1__FOODS_2,1568,190,3581.640380859375,0.010289565273146643,mean_spl,0.23437549966645685
store_dept,3,SetTransformer_Q,SetTransformer,WI_1__FOODS_3,1568,191,10736.1904296875,0.030843613669749723,mean_spl,0.18169017945566557
store_dept,3,SetTransformer_Q,SetTransformer,WI_1__HOBBIES_1,1568,192,2960.969970703125,0.008506463671840405,mean_spl,0.13451472110235596
store_dept,3,SetTransformer_Q,SetTransformer,WI_1__HOBBIES_2,1568,193,208.1600341796875,0.0005980154429793454,mean_spl,0.250250004627017
store_dept,3,SetTransformer_Q,SetTransformer,WI_1__HOUSEHOLD_1,1568,194,6289.2998046875,0.018068302225024896,mean_spl,0.161502611184176
store_dept,3,SetTransformer_Q,SetTransformer,WI_1__HOUSEHOLD_2,1568,195,1580.8099365234375,0.004541451764175693,mean_spl,0.21864775535741987
store_dept,3,SetTransformer_Q,SetTransformer,WI_2__FOODS_1,1568,196,8214.708984375,0.02359974070717555,mean_spl,0.3038170809878011
store_dept,3,SetTransformer_Q,SetTransformer,WI_2__FOODS_2,1568,197,4867.7900390625,0.01398449816753761,mean_spl,0.2775678788355565
store_dept,3,SetTransformer_Q,SetTransformer,WI_2__FOODS_3,1568,198,10954.3994140625,0.031470498378754166,mean_spl,0.18669853444161486
store_dept,3,SetTransformer_Q,SetTransformer,WI_2__HOBBIES_1,1568,199,2757.90966796875,0.00792309906311636,mean_spl,0.17050050909970096
store_dept,3,SetTransformer_Q,SetTransformer,WI_2__HOBBIES_2,1568,200,190.60000610351562,0.0005475678726275993,mean_spl,0.16545005029573337
store_dept,3,SetTransformer_Q,SetTransformer,WI_2__HOUSEHOLD_1,1568,201,9457.330078125,0.027169621961100218,mean_spl,0.2829130333485044
store_dept,3,SetTransformer_Q,SetTransformer,WI_2__HOUSEHOLD_2,1568,202,1478.739990234375,0.0042482187024812405,mean_spl,0.2083764637222649
store_dept,3,SetTransformer_Q,SetTransformer,WI_3__FOODS_1,1568,203,1020.7599487304688,0.0029325043845289285,mean_spl,0.23640520089805817
store_dept,3,SetTransformer_Q,SetTransformer,WI_3__FOODS_2,1568,204,3461.969970703125,0.009945768474577068,mean_spl,0.1926642878966206
store_dept,3,SetTransformer_Q,SetTransformer,WI_3__FOODS_3,1568,205,9956.12890625,0.028602603096668545,mean_spl,0.12414336527007003
store_dept,3,SetTransformer_Q,SetTransformer,WI_3__HOBBIES_1,1568,206,1991.85009765625,0.005722314195385491,mean_spl,0.22045873656388093
store_dept,3,SetTransformer_Q,SetTransformer,WI_3__HOBBIES_2,1568,207,203.35000610351562,0.0005841968870685024,mean_spl,0.23829392550759762
store_dept,3,SetTransformer_Q,SetTransformer,WI_3__HOUSEHOLD_1,1568,208,5617.72998046875,0.016138973535661495,mean_spl,0.1995952032948013
store_dept,3,SetTransformer_Q,SetTransformer,WI_3__HOUSEHOLD_2,1568,209,1802.6500244140625,0.005178768139306431,mean_spl,0.20978669954729
store_dept,3,SetTransformer_Q,SetTransformer,CA_1__FOODS_1,1596,210,3136.22021484375,0.009336339312125621,mean_spl,0.22466427589821591
store_dept,3,SetTransformer_Q,SetTransformer,CA_1__FOODS_2,1596,211,3441.340087890625,0.010244662857824162,mean_spl,0.21217979320023211
store_dept,3,SetTransformer_Q,SetTransformer,CA_1__FOODS_3,1596,212,18587.439453125,0.05533369144698647,mean_spl,0.13611734096603048
store_dept,3,SetTransformer_Q,SetTransformer,CA_1__HOBBIES_1,1596,213,4931.830078125,0.014681762084559498,mean_spl,0.17001540197284212
store_dept,3,SetTransformer_Q,SetTransformer,CA_1__HOBBIES_2,1596,214,131.77999877929688,0.00039230114560571846,mean_spl,0.33302832384888453
store_dept,3,SetTransformer_Q,SetTransformer,CA_1__HOUSEHOLD_1,1596,215,8246.109375,0.0245481725949961,mean_spl,0.17503946579713908
store_dept,3,SetTransformer_Q,SetTransformer,CA_1__HOUSEHOLD_2,1596,216,2291.7197265625,0.006822312053921007,mean_spl,0.17908617242246358
store_dept,3,SetTransformer_Q,SetTransformer,CA_2__FOODS_1,1596,217,5399.7099609375,0.016074612408838368,mean_spl,0.34529849386021244
store_dept,3,SetTransformer_Q,SetTransformer,CA_2__FOODS_2,1596,218,2168.260009765625,0.006454779888309994,mean_spl,0.3975136227806645
store_dept,3,SetTransformer_Q,SetTransformer,CA_2__FOODS_3,1596,219,8459.2197265625,0.025182589318572066,mean_spl,0.18234868235873594
store_dept,3,SetTransformer_Q,SetTransformer,CA_2__HOBBIES_1,1596,220,2974.22998046875,0.008854104108673523,mean_spl,0.26855232468347984
store_dept,3,SetTransformer_Q,SetTransformer,CA_2__HOBBIES_2,1596,221,125.13001251220703,0.00037250453568761694,mean_spl,0.17785285162105074
store_dept,3,SetTransformer_Q,SetTransformer,CA_2__HOUSEHOLD_1,1596,222,6441.75048828125,0.019176704504993123,mean_spl,0.19252395919064716
store_dept,3,SetTransformer_Q,SetTransformer,CA_2__HOUSEHOLD_2,1596,223,4136.85009765625,0.01231515440539401,mean_spl,0.19580825074258373
store_dept,3,SetTransformer_Q,SetTransformer,CA_3__FOODS_1,1596,224,2159.099853515625,0.006427510653038405,mean_spl,0.15948075829189298
store_dept,3,SetTransformer_Q,SetTransformer,CA_3__FOODS_2,1596,225,4249.56005859375,0.012650685193120074,mean_spl,0.19608530811661262
store_dept,3,SetTransformer_Q,SetTransformer,CA_3__FOODS_3,1596,226,18931.880859375,0.056359072836557014,mean_spl,0.5523343188556514
store_dept,3,SetTransformer_Q,SetTransformer,CA_3__HOBBIES_1,1596,227,4516.4599609375,0.01344523018038226,mean_spl,0.14995368068784837
store_dept,3,SetTransformer_Q,SetTransformer,CA_3__HOBBIES_2,1596,228,119.77000427246094,0.00035654811291946896,mean_spl,0.30006735536165385
store_dept,3,SetTransformer_Q,SetTransformer,CA_3__HOUSEHOLD_1,1596,229,14708.8203125,0.043787275099056576,mean_spl,0.2257927281581406
store_dept,3,SetTransformer_Q,SetTransformer,CA_3__HOUSEHOLD_2,1596,230,5424.12939453125,0.016147307596747082,mean_spl,0.29203232727622797
store_dept,3,SetTransformer_Q,SetTransformer,CA_4__FOODS_1,1596,231,1581.9901123046875,0.004709489597381521,mean_spl,0.2130351876346474
store_dept,3,SetTransformer_Q,SetTransformer,CA_4__FOODS_2,1596,232,2814.64990234375,0.00837904379569587,mean_spl,0.18581256061823664
store_dept,3,SetTransformer_Q,SetTransformer,CA_4__FOODS_3,1596,233,7998.12060546875,0.02380992491488043,mean_spl,0.27641752621412163
store_dept,3,SetTransformer_Q,SetTransformer,CA_4__HOBBIES_1,1596,234,4659.6298828125,0.013871438443306206,mean_spl,0.1861782737895711
store_dept,3,SetTransformer_Q,SetTransformer,CA_4__HOBBIES_2,1596,235,156.27999877929688,0.00046523617486943165,mean_spl,0.25680281725826803
store_dept,3,SetTransformer_Q,SetTransformer,CA_4__HOUSEHOLD_1,1596,236,4494.2705078125,0.013379173510463173,mean_spl,0.22315563525127574
store_dept,3,SetTransformer_Q,SetTransformer,CA_4__HOUSEHOLD_2,1596,237,1507.8199462890625,0.004488689465591967,mean_spl,0.24996653330630667
store_dept,3,SetTransformer_Q,SetTransformer,TX_1__FOODS_1,1596,238,1072.1400146484375,0.0031916964629870063,mean_spl,0.29596926303510396
store_dept,3,SetTransformer_Q,SetTransformer,TX_1__FOODS_2,1596,239,5790.51025390625,0.017238001421244226,mean_spl,0.2807704900768855
store_dept,3,SetTransformer_Q,SetTransformer,TX_1__FOODS_3,1596,240,13279.458984375,0.03953215222986405,mean_spl,0.2248758193979502
store_dept,3,SetTransformer_Q,SetTransformer,TX_1__HOBBIES_1,1596,241,6180.31005859375,0.018398412040096162,mean_spl,0.15206989918959513
store_dept,3,SetTransformer_Q,SetTransformer,TX_1__HOBBIES_2,1596,242,99.11000061035156,0.0002950445222384743,mean_spl,0.2521141443906266
store_dept,3,SetTransformer_Q,SetTransformer,TX_1__HOUSEHOLD_1,1596,243,12103.279296875,0.03603073590630498,mean_spl,0.165167767921248
store_dept,3,SetTransformer_Q,SetTransformer,TX_1__HOUSEHOLD_2,1596,244,2553.06982421875,0.007600335605783574,mean_spl,0.2145277162425615
store_dept,3,SetTransformer_Q,SetTransformer,TX_2__FOODS_1,1596,245,530.0400390625,0.001577897377957678,mean_spl,0.20610796744823212
store_dept,3,SetTransformer_Q,SetTransformer,TX_2__FOODS_2,1596,246,4898.78955078125,0.014583402418081745,mean_spl,0.13314751151949217
store_dept,3,SetTransformer_Q,SetTransformer,TX_2__FOODS_3,1596,247,7166.9794921875,0.021335667714086834,mean_spl,0.23883895563922586
store_dept,3,SetTransformer_Q,SetTransformer,TX_2__HOBBIES_1,1596,248,5325.52978515625,0.015853782478577435,mean_spl,0.269065419568544
store_dept,3,SetTransformer_Q,SetTransformer,TX_2__HOBBIES_2,1596,249,162.80999755859375,0.00048467558923922876,mean_spl,0.31651786573208607
store_dept,3,SetTransformer_Q,SetTransformer,TX_2__HOUSEHOLD_1,1596,250,7103.10009765625,0.02114550259125071,mean_spl,0.15865097910441883
store_dept,3,SetTransformer_Q,SetTransformer,TX_2__HOUSEHOLD_2,1596,251,3017.570068359375,0.008983124948616162,mean_spl,0.19353059473012207
store_dept,3,SetTransformer_Q,SetTransformer,TX_3__FOODS_1,1596,252,1433.739990234375,0.004268157883440815,mean_spl,0.1419020590031832
store_dept,3,SetTransformer_Q,SetTransformer,TX_3__FOODS_2,1596,253,6442.3994140625,0.019178636318088856,mean_spl,0.33414644002453886
store_dept,3,SetTransformer_Q,SetTransformer,TX_3__FOODS_3,1596,254,12349.759765625,0.036764493465538235,mean_spl,0.20258409026519572
store_dept,3,SetTransformer_Q,SetTransformer,TX_3__HOBBIES_1,1596,255,3376.33984375,0.010051161032985591,mean_spl,0.18156034040907096
store_dept,3,SetTransformer_Q,SetTransformer,TX_3__HOBBIES_2,1596,256,316.1399841308594,0.0009411297548577161,mean_spl,0.19732354779759398
store_dept,3,SetTransformer_Q,SetTransformer,TX_3__HOUSEHOLD_1,1596,257,9699.25,0.02887408500351306,mean_spl,0.3292145419358835
store_dept,3,SetTransformer_Q,SetTransformer,TX_3__HOUSEHOLD_2,1596,258,2113.800048828125,0.006292655853833372,mean_spl,0.23377205639761567
store_dept,3,SetTransformer_Q,SetTransformer,WI_1__FOODS_1,1596,259,2152.320068359375,0.006407327639619108,mean_spl,0.16162345090199204
store_dept,3,SetTransformer_Q,SetTransformer,WI_1__FOODS_2,1596,260,3865.420166015625,0.011507123792852923,mean_spl,0.24845387737265132
store_dept,3,SetTransformer_Q,SetTransformer,WI_1__FOODS_3,1596,261,10525.599609375,0.03133407818481198,mean_spl,0.20476948674135487
store_dept,3,SetTransformer_Q,SetTransformer,WI_1__HOBBIES_1,1596,262,2951.43994140625,0.008786259530471702,mean_spl,0.17175056104868194
store_dept,3,SetTransformer_Q,SetTransformer,WI_1__HOBBIES_2,1596,263,191.63999938964844,0.0005705007740237544,mean_spl,0.2200454054297982
store_dept,3,SetTransformer_Q,SetTransformer,WI_1__HOUSEHOLD_1,1596,264,6530.3095703125,0.01944033957599381,mean_spl,0.18682213259169522
store_dept,3,SetTransformer_Q,SetTransformer,WI_1__HOUSEHOLD_2,1596,265,1616.8099365234375,0.004813146123844863,mean_spl,0.1746133374056023
store_dept,3,SetTransformer_Q,SetTransformer,WI_2__FOODS_1,1596,266,7289.6904296875,0.02170097080868031,mean_spl,0.3216726785372883
store_dept,3,SetTransformer_Q,SetTransformer,WI_2__FOODS_2,1596,267,3814.929931640625,0.011356817396049969,mean_spl,0.23580865481222768
store_dept,3,SetTransformer_Q,SetTransformer,WI_2__FOODS_3,1596,268,10025.19921875,0.029844416260983088,mean_spl,0.2531723355419551
store_dept,3,SetTransformer_Q,SetTransformer,WI_2__HOBBIES_1,1596,269,3179.23046875,0.009464378256096726,mean_spl,0.17290861424793683
store_dept,3,SetTransformer_Q,SetTransformer,WI_2__HOBBIES_2,1596,270,207.030029296875,0.0006163159691932641,mean_spl,0.17288772753702036
store_dept,3,SetTransformer_Q,SetTransformer,WI_2__HOUSEHOLD_1,1596,271,9884.69921875,0.02942615619520547,mean_spl,0.3471526793371956
store_dept,3,SetTransformer_Q,SetTransformer,WI_2__HOUSEHOLD_2,1596,272,1132.659912109375,0.0033718605647155937,mean_spl,0.19357319698301972
store_dept,3,SetTransformer_Q,SetTransformer,WI_3__FOODS_1,1596,273,1295.150146484375,0.0038555842381526647,mean_spl,0.17783458620907722
store_dept,3,SetTransformer_Q,SetTransformer,WI_3__FOODS_2,1596,274,3036.2099609375,0.009038614789867509,mean_spl,0.1379388102944517
store_dept,3,SetTransformer_Q,SetTransformer,WI_3__FOODS_3,1596,275,9266.05078125,0.027584476934266165,mean_spl,0.12995131245666072
store_dept,3,SetTransformer_Q,SetTransformer,WI_3__HOBBIES_1,1596,276,2096.369873046875,0.006240767266866959,mean_spl,0.22965095049823425
store_dept,3,SetTransformer_Q,SetTransformer,WI_3__HOBBIES_2,1596,277,209.1300048828125,0.0006225674704509554,mean_spl,0.25441269666094646
store_dept,3,SetTransformer_Q,SetTransformer,WI_3__HOUSEHOLD_1,1596,278,6023.72998046875,0.01793228254702835,mean_spl,0.17184807028703006
store_dept,3,SetTransformer_Q,SetTransformer,WI_3__HOUSEHOLD_2,1596,279,1813.590087890625,0.005398948821742158,mean_spl,0.17181774865067195
store_dept,4,SetTransformer,SetTransformer,CA_1__FOODS_1,1568,0,2837.219970703125,0.008150946766972816,rmsse,0.9934909884915476
store_dept,4,SetTransformer,SetTransformer,CA_1__FOODS_2,1568,1,4269.56982421875,0.012265892921392366,rmsse,0.789732550407682
store_dept,4,SetTransformer,SetTransformer,CA_1__FOODS_3,1568,2,21792.16796875,0.06260593217458271,rmsse,0.6123844917063923
store_dept,4,SetTransformer,SetTransformer,CA_1__HOBBIES_1,1568,3,4352.5498046875,0.012504283109854773,rmsse,0.6694625200167063
store_dept,4,SetTransformer,SetTransformer,CA_1__HOBBIES_2,1568,4,121.67000579833984,0.0003495413646597767,rmsse,0.9312740258927754
store_dept,4,SetTransformer,SetTransformer,CA_1__HOUSEHOLD_1,1568,5,7329.5,0.02105665579173327,rmsse,0.9783223825967754
store_dept,4,SetTransformer,SetTransformer,CA_1__HOUSEHOLD_2,1568,6,2742.610107421875,0.007879145508276285,rmsse,0.7624499347752246
store_dept,4,SetTransformer,SetTransformer,CA_2__FOODS_1,1568,7,5199.13037109375,0.01493639383866124,rmsse,0.7621656923160147
store_dept,4,SetTransformer,SetTransformer,CA_2__FOODS_2,1568,8,1568.16015625,0.004505110667367067,rmsse,1.5122155587330146
store_dept,4,SetTransformer,SetTransformer,CA_2__FOODS_3,1568,9,7694.18017578125,0.022104332295655033,rmsse,0.7930783881944868
store_dept,4,SetTransformer,SetTransformer,CA_2__HOBBIES_1,1568,10,2803.27001953125,0.00805341317860085,rmsse,0.7351947009230226
store_dept,4,SetTransformer,SetTransformer,CA_2__HOBBIES_2,1568,11,153.10000610351562,0.00043983547721317844,rmsse,0.47449714601251913
store_dept,4,SetTransformer,SetTransformer,CA_2__HOUSEHOLD_1,1568,12,5917.11962890625,0.016999079242020248,rmsse,0.9173966057369796
store_dept,4,SetTransformer,SetTransformer,CA_2__HOUSEHOLD_2,1568,13,4762.96044921875,0.013683337025559518,rmsse,0.7668483130992394
store_dept,4,SetTransformer,SetTransformer,CA_3__FOODS_1,1568,14,2314.420166015625,0.00664901409280813,rmsse,0.5625719912119512
store_dept,4,SetTransformer,SetTransformer,CA_3__FOODS_2,1568,15,4588.62060546875,0.013182482386003162,rmsse,0.7165700664112704
store_dept,4,SetTransformer,SetTransformer,CA_3__FOODS_3,1568,16,28474.12890625,0.08180229638424842,rmsse,1.284924194734301
store_dept,4,SetTransformer,SetTransformer,CA_3__HOBBIES_1,1568,17,4085.669921875,0.011737573534833158,rmsse,0.6388045313011144
store_dept,4,SetTransformer,SetTransformer,CA_3__HOBBIES_2,1568,18,113.18000030517578,0.0003251507345568392,rmsse,1.1035360312389186
store_dept,4,SetTransformer,SetTransformer,CA_3__HOUSEHOLD_1,1568,19,14030.548828125,0.040307856912877374,rmsse,0.8923335816104626
store_dept,4,SetTransformer,SetTransformer,CA_3__HOUSEHOLD_2,1568,20,5070.36962890625,0.014566481753562625,rmsse,0.8201121496847008
store_dept,4,SetTransformer,SetTransformer,CA_4__FOODS_1,1568,21,1442.0902099609375,0.0041429288726073845,rmsse,0.8007028275546744
store_dept,4,SetTransformer,SetTransformer,CA_4__FOODS_2,1568,22,2751.650146484375,0.0079051163099521,rmsse,0.5403035236111472
store_dept,4,SetTransformer,SetTransformer,CA_4__FOODS_3,1568,23,10152.0009765625,0.029165316892123143,rmsse,1.016652732599636
store_dept,4,SetTransformer,SetTransformer,CA_4__HOBBIES_1,1568,24,4711.01025390625,0.013534091186005848,rmsse,0.6963736830566358
store_dept,4,SetTransformer,SetTransformer,CA_4__HOBBIES_2,1568,25,75.75000762939453,0.00021761946065534208,rmsse,0.8950254479283352
store_dept,4,SetTransformer,SetTransformer,CA_4__HOUSEHOLD_1,1568,26,3842.72998046875,0.011039640152712242,rmsse,1.1163323369049456
store_dept,4,SetTransformer,SetTransformer,CA_4__HOUSEHOLD_2,1568,27,1414.659912109375,0.004064125360754588,rmsse,0.7535774120715995
store_dept,4,SetTransformer,SetTransformer,TX_1__FOODS_1,1568,28,1102.2198486328125,0.003166527588440887,rmsse,0.7353690926889555
store_dept,4,SetTransformer,SetTransformer,TX_1__FOODS_2,1568,29,5333.4599609375,0.01532230446503201,rmsse,0.9460116762837784
store_dept,4,SetTransformer,SetTransformer,TX_1__FOODS_3,1568,30,14950.1689453125,0.04294980032876804,rmsse,1.0364216817952616
store_dept,4,SetTransformer,SetTransformer,TX_1__HOBBIES_1,1568,31,4493.25,0.012908495618555907,rmsse,0.8798743257251134
store_dept,4,SetTransformer,SetTransformer,TX_1__HOBBIES_2,1568,32,130.3699951171875,0.0003745352497104256,rmsse,0.9968131943837799
store_dept,4,SetTransformer,SetTransformer,TX_1__HOUSEHOLD_1,1568,33,11238.4697265625,0.032286593718267455,rmsse,0.6231489232941713
store_dept,4,SetTransformer,SetTransformer,TX_1__HOUSEHOLD_2,1568,34,2269.530029296875,0.006520050840563015,rmsse,1.0773696299275286
store_dept,4,SetTransformer,SetTransformer,TX_2__FOODS_1,1568,35,521.7400512695312,0.001498888146850916,rmsse,0.6426783392817844
store_dept,4,SetTransformer,SetTransformer,TX_2__FOODS_2,1568,36,5048.3994140625,0.014503364316952315,rmsse,0.5088621651771915
store_dept,4,SetTransformer,SetTransformer,TX_2__FOODS_3,1568,37,8043.50048828125,0.02310788200318941,rmsse,0.6274088314260248
store_dept,4,SetTransformer,SetTransformer,TX_2__HOBBIES_1,1568,38,4562.39990234375,0.013107153875146986,rmsse,0.7915033183289634
store_dept,4,SetTransformer,SetTransformer,TX_2__HOBBIES_2,1568,39,224.66000366210938,0.0006454176092888428,rmsse,1.2856417029844343
store_dept,4,SetTransformer,SetTransformer,TX_2__HOUSEHOLD_1,1568,40,6827.1103515625,0.019613358718197787,rmsse,0.6204163568974519
store_dept,4,SetTransformer,SetTransformer,TX_2__HOUSEHOLD_2,1568,41,3311.769775390625,0.009514263759037614,rmsse,0.6524776758786646
store_dept,4,SetTransformer,SetTransformer,TX_3__FOODS_1,1568,42,1414.6300048828125,0.004064039441363713,rmsse,0.7049469104515264
store_dept,4,SetTransformer,SetTransformer,TX_3__FOODS_2,1568,43,5332.1796875,0.015318626413719814,rmsse,1.0677643511072499
store_dept,4,SetTransformer,SetTransformer,TX_3__FOODS_3,1568,44,13022.630859375,0.03741224578875271,rmsse,0.7636861397919565
store_dept,4,SetTransformer,SetTransformer,TX_3__HOBBIES_1,1568,45,3454.7998046875,0.009925169563633538,rmsse,0.5929787535520232
store_dept,4,SetTransformer,SetTransformer,TX_3__HOBBIES_2,1568,46,422.6600036621094,0.0012142446570769848,rmsse,0.9207722890572583
store_dept,4,SetTransformer,SetTransformer,TX_3__HOUSEHOLD_1,1568,47,9825.9091796875,0.028228499548060837,rmsse,1.0450992195414825
store_dept,4,SetTransformer,SetTransformer,TX_3__HOUSEHOLD_2,1568,48,2257.619873046875,0.006485834582894414,rmsse,0.5591963289074048
store_dept,4,SetTransformer,SetTransformer,WI_1__FOODS_1,1568,49,2354.2099609375,0.006763324757340987,rmsse,0.663729107406516
store_dept,4,SetTransformer,SetTransformer,WI_1__FOODS_2,1568,50,3581.640380859375,0.010289565273146643,rmsse,0.763335620183716
store_dept,4,SetTransformer,SetTransformer,WI_1__FOODS_3,1568,51,10736.1904296875,0.030843613669749723,rmsse,0.7415920171695101
store_dept,4,SetTransformer,SetTransformer,WI_1__HOBBIES_1,1568,52,2960.969970703125,0.008506463671840405,rmsse,0.5316179673255792
store_dept,4,SetTransformer,SetTransformer,WI_1__HOBBIES_2,1568,53,208.1600341796875,0.0005980154429793454,rmsse,0.9285264450057316
store_dept,4,SetTransformer,SetTransformer,WI_1__HOUSEHOLD_1,1568,54,6289.2998046875,0.018068302225024896,rmsse,0.6617475693219103
store_dept,4,SetTransformer,SetTransformer,WI_1__HOUSEHOLD_2,1568,55,1580.8099365234375,0.004541451764175693,rmsse,0.9000303605989312
store_dept,4,SetTransformer,SetTransformer,WI_2__FOODS_1,1568,56,8214.708984375,0.02359974070717555,rmsse,1.1610879610613636
store_dept,4,SetTransformer,SetTransformer,WI_2__FOODS_2,1568,57,4867.7900390625,0.01398449816753761,rmsse,1.1350816649441613
store_dept,4,SetTransformer,SetTransformer,WI_2__FOODS_3,1568,58,10954.3994140625,0.031470498378754166,rmsse,0.7488193753823884
store_dept,4,SetTransformer,SetTransformer,WI_2__HOBBIES_1,1568,59,2757.90966796875,0.00792309906311636,rmsse,0.536459146183949
store_dept,4,SetTransformer,SetTransformer,WI_2__HOBBIES_2,1568,60,190.60000610351562,0.0005475678726275993,rmsse,0.5088614376996842
store_dept,4,SetTransformer,SetTransformer,WI_2__HOUSEHOLD_1,1568,61,9457.330078125,0.027169621961100218,rmsse,1.0716673995815873
store_dept,4,SetTransformer,SetTransformer,WI_2__HOUSEHOLD_2,1568,62,1478.739990234375,0.0042482187024812405,rmsse,0.7056102562875768
store_dept,4,SetTransformer,SetTransformer,WI_3__FOODS_1,1568,63,1020.7599487304688,0.0029325043845289285,rmsse,0.9329170394583748
store_dept,4,SetTransformer,SetTransformer,WI_3__FOODS_2,1568,64,3461.969970703125,0.009945768474577068,rmsse,0.7426548369811202
store_dept,4,SetTransformer,SetTransformer,WI_3__FOODS_3,1568,65,9956.12890625,0.028602603096668545,rmsse,0.5759198391255986
store_dept,4,SetTransformer,SetTransformer,WI_3__HOBBIES_1,1568,66,1991.85009765625,0.005722314195385491,rmsse,0.7788575987555969
store_dept,4,SetTransformer,SetTransformer,WI_3__HOBBIES_2,1568,67,203.35000610351562,0.0005841968870685024,rmsse,0.8843783259684278
store_dept,4,SetTransformer,SetTransformer,WI_3__HOUSEHOLD_1,1568,68,5617.72998046875,0.016138973535661495,rmsse,0.7527820368432997
store_dept,4,SetTransformer,SetTransformer,WI_3__HOUSEHOLD_2,1568,69,1802.6500244140625,0.005178768139306431,rmsse,0.931457617501678
store_dept,4,SetTransformer,SetTransformer,CA_1__FOODS_1,1596,70,3136.22021484375,0.009336339312125621,rmsse,0.8139290424017612
store_dept,4,SetTransformer,SetTransformer,CA_1__FOODS_2,1596,71,3441.340087890625,0.010244662857824162,rmsse,0.789717202199756
store_dept,4,SetTransformer,SetTransformer,CA_1__FOODS_3,1596,72,18587.439453125,0.05533369144698647,rmsse,0.5317854292764379
store_dept,4,SetTransformer,SetTransformer,CA_1__HOBBIES_1,1596,73,4931.830078125,0.014681762084559498,rmsse,0.6752247465094198
store_dept,4,SetTransformer,SetTransformer,CA_1__HOBBIES_2,1596,74,131.77999877929688,0.00039230114560571846,rmsse,1.2736776313589082
store_dept,4,SetTransformer,SetTransformer,CA_1__HOUSEHOLD_1,1596,75,8246.109375,0.0245481725949961,rmsse,0.624041678747096
store_dept,4,SetTransformer,SetTransformer,CA_1__HOUSEHOLD_2,1596,76,2291.7197265625,0.006822312053921007,rmsse,0.7737410034801722
store_dept,4,SetTransformer,SetTransformer,CA_2__FOODS_1,1596,77,5399.7099609375,0.016074612408838368,rmsse,1.2758347958251783
store_dept,4,SetTransformer,SetTransformer,CA_2__FOODS_2,1596,78,2168.260009765625,0.006454779888309994,rmsse,1.4925434075134822
store_dept,4,SetTransformer,SetTransformer,CA_2__FOODS_3,1596,79,8459.2197265625,0.025182589318572066,rmsse,0.7191675403804951
store_dept,4,SetTransformer,SetTransformer,CA_2__HOBBIES_1,1596,80,2974.22998046875,0.008854104108673523,rmsse,1.0956076952468934
store_dept,4,SetTransformer,SetTransformer,CA_2__HOBBIES_2,1596,81,125.13001251220703,0.00037250453568761694,rmsse,0.6398278750079138
store_dept,4,SetTransformer,SetTransformer,CA_2__HOUSEHOLD_1,1596,82,6441.75048828125,0.019176704504993123,rmsse,0.8423701332724052
store_dept,4,SetTransformer,SetTransformer,CA_2__HOUSEHOLD_2,1596,83,4136.85009765625,0.01231515440539401,rmsse,0.841348124852344
store_dept,4,SetTransformer,SetTransformer,CA_3__FOODS_1,1596,84,2159.099853515625,0.006427510653038405,rmsse,0.6137691134147092
store_dept,4,SetTransformer,SetTransformer,CA_3__FOODS_2,1596,85,4249.56005859375,0.012650685193120074,rmsse,0.7704746486103484
store_dept,4,SetTransformer,SetTransformer,CA_3__FOODS_3,1596,86,18931.880859375,0.056359072836557014,rmsse,1.5413881285630375
store_dept,4,SetTransformer,SetTransformer,CA_3__HOBBIES_1,1596,87,4516.4599609375,0.01344523018038226,rmsse,0.6381935128017365
store_dept,4,SetTransformer,SetTransformer,CA_3__HOBBIES_2,1596,88,119.77000427246094,0.00035654811291946896,rmsse,1.7429768902049954
store_dept,4,SetTransformer,SetTransformer,CA_3__HOUSEHOLD_1,1596,89,14708.8203125,0.043787275099056576,rmsse,0.8887687687877892
store_dept,4,SetTransformer,SetTransformer,CA_3__HOUSEHOLD_2,1596,90,5424.12939453125,0.016147307596747082,rmsse,0.9967598693453116
store_dept,4,SetTransformer,SetTransformer,CA_4__FOODS_1,1596,91,1581.9901123046875,0.004709489597381521,rmsse,0.8863439831492012
store_dept,4,SetTransformer,SetTransformer,CA_4__FOODS_2,1596,92,2814.64990234375,0.00837904379569587,rmsse,0.6885033634705641
store_dept,4,SetTransformer,SetTransformer,CA_4__FOODS_3,1596,93,7998.12060546875,0.02380992491488043,rmsse,0.9201704249498763
store_dept,4,SetTransformer,SetTransformer,CA_4__HOBBIES_1,1596,94,4659.6298828125,0.013871438443306206,rmsse,0.7713462475678298
store_dept,4,SetTransformer,SetTransformer,CA_4__HOBBIES_2,1596,95,156.27999877929688,0.00046523617486943165,rmsse,0.9703734022132349
store_dept,4,SetTransformer,SetTransformer,CA_4__HOUSEHOLD_1,1596,96,4494.2705078125,0.013379173510463173,rmsse,0.8421744971028663
store_dept,4,SetTransformer,SetTransformer,CA_4__HOUSEHOLD_2,1596,97,1507.8199462890625,0.004488689465591967,rmsse,0.9990223517449975
store_dept,4,SetTransformer,SetTransformer,TX_1__FOODS_1,1596,98,1072.1400146484375,0.0031916964629870063,rmsse,1.0272939290065406
store_dept,4,SetTransformer,SetTransformer,TX_1__FOODS_2,1596,99,5790.51025390625,0.017238001421244226,rmsse,1.1313693782709788
store_dept,4,SetTransformer,SetTransformer,TX_1__FOODS_3,1596,100,13279.458984375,0.03953215222986405,rmsse,1.1313421907205852
store_dept,4,SetTransformer,SetTransformer,TX_1__HOBBIES_1,1596,101,6180.31005859375,0.018398412040096162,rmsse,0.5785362479902753
store_dept,4,SetTransformer,SetTransformer,TX_1__HOBBIES_2,1596,102,99.11000061035156,0.0002950445222384743,rmsse,0.698406425577497
store_dept,4,SetTransformer,SetTransformer,TX_1__HOUSEHOLD_1,1596,103,12103.279296875,0.03603073590630498,rmsse,0.6543057660560677
store_dept,4,SetTransformer,SetTransformer,TX_1__HOUSEHOLD_2,1596,104,2553.06982421875,0.007600335605783574,rmsse,0.7977659686339245
store_dept,4,SetTransformer,SetTransformer,TX_2__FOODS_1,1596,105,530.0400390625,0.001577897377957678,rmsse,0.8292156528153775
store_dept,4,SetTransformer,SetTransformer,TX_2__FOODS_2,1596,106,4898.78955078125,0.014583402418081745,rmsse,0.5087900814280093
store_dept,4,SetTransformer,SetTransformer,TX_2__FOODS_3,1596,107,7166.9794921875,0.021335667714086834,rmsse,1.146914917951639
store_dept,4,SetTransformer,SetTransformer,TX_2__HOBBIES_1,1596,108,5325.52978515625,0.015853782478577435,rmsse,1.0629193417974085
store_dept,4,SetTransformer,SetTransformer,TX_2__HOBBIES_2,1596,109,162.80999755859375,0.00048467558923922876,rmsse,1.1721014113389847
store_dept,4,SetTransformer,SetTransformer,TX_2__HOUSEHOLD_1,1596,110,7103.10009765625,0.02114550259125071,rmsse,0.6778937763427583
store_dept,4,SetTransformer,SetTransformer,TX_2__HOUSEHOLD_2,1596,111,3017.570068359375,0.008983124948616162,rmsse,0.6759150917672905
store_dept,4,SetTransformer,SetTransformer,TX_3__FOODS_1,1596,112,1433.739990234375,0.004268157883440815,rmsse,0.6133023141169758
store_dept,4,SetTransformer,SetTransformer,TX_3__FOODS_2,1596,113,6442.3994140625,0.019178636318088856,rmsse,1.4070048643047695
store_dept,4,SetTransformer,SetTransformer,TX_3__FOODS_3,1596,114,12349.759765625,0.036764493465538235,rmsse,0.8767754669718634
store_dept,4,SetTransformer,SetTransformer,TX_3__HOBBIES_1,1596,115,3376.33984375,0.010051161032985591,rmsse,0.5799689303842943
store_dept,4,SetTransformer,SetTransformer,TX_3__HOBBIES_2,1596,116,316.1399841308594,0.0009411297548577161,rmsse,0.7514629309362576
store_dept,4,SetTransformer,SetTransformer,TX_3__HOUSEHOLD_1,1596,117,9699.25,0.02887408500351306,rmsse,1.2390552072699765
store_dept,4,SetTransformer,SetTransformer,TX_3__HOUSEHOLD_2,1596,118,2113.800048828125,0.006292655853833372,rmsse,0.89730344265321
store_dept,4,SetTransformer,SetTransformer,WI_1__FOODS_1,1596,119,2152.320068359375,0.006407327639619108,rmsse,0.533555688761129
store_dept,4,SetTransformer,SetTransformer,WI_1__FOODS_2,1596,120,3865.420166015625,0.011507123792852923,rmsse,0.8466576005571581
store_dept,4,SetTransformer,SetTransformer,WI_1__FOODS_3,1596,121,10525.599609375,0.03133407818481198,rmsse,0.7402125148610657
store_dept,4,SetTransformer,SetTransformer,WI_1__HOBBIES_1,1596,122,2951.43994140625,0.008786259530471702,rmsse,0.6476857424480492
store_dept,4,SetTransformer,SetTransformer,WI_1__HOBBIES_2,1596,123,191.63999938964844,0.0005705007740237544,rmsse,0.7940771722391388
store_dept,4,SetTransformer,SetTransformer,WI_1__HOUSEHOLD_1,1596,124,6530.3095703125,0.01944033957599381,rmsse,0.6954054393376039
store_dept,4,SetTransformer,SetTransformer,WI_1__HOUSEHOLD_2,1596,125,1616.8099365234375,0.004813146123844863,rmsse,0.617187724004142
store_dept,4,SetTransformer,SetTransformer,WI_2__FOODS_1,1596,126,7289.6904296875,0.02170097080868031,rmsse,1.2326398493108723
store_dept,4,SetTransformer,SetTransformer,WI_2__FOODS_2,1596,127,3814.929931640625,0.011356817396049969,rmsse,0.9984716940819831
store_dept,4,SetTransformer,SetTransformer,WI_2__FOODS_3,1596,128,10025.19921875,0.029844416260983088,rmsse,0.8774378432652129
store_dept,4,SetTransformer,SetTransformer,WI_2__HOBBIES_1,1596,129,3179.23046875,0.009464378256096726,rmsse,0.5949623435366928
store_dept,4,SetTransformer,SetTransformer,WI_2__HOBBIES_2,1596,130,207.030029296875,0.0006163159691932641,rmsse,0.6298752498112193
store_dept,4,SetTransformer,SetTransformer,WI_2__HOUSEHOLD_1,1596,131,9884.69921875,0.02942615619520547,rmsse,1.3651102768028844
store_dept,4,SetTransformer,SetTransformer,WI_2__HOUSEHOLD_2,1596,132,1132.659912109375,0.0033718605647155937,rmsse,0.8669286421020895
store_dept,4,SetTransformer,SetTransformer,WI_3__FOODS_1,1596,133,1295.150146484375,0.0038555842381526647,rmsse,0.6997039648002639
store_dept,4,SetTransformer,SetTransformer,WI_3__FOODS_2,1596,134,3036.2099609375,0.009038614789867509,rmsse,0.5787521822264264
store_dept,4,SetTransformer,SetTransformer,WI_3__FOODS_3,1596,135,9266.05078125,0.027584476934266165,rmsse,0.5732826553447776
store_dept,4,SetTransformer,SetTransformer,WI_3__HOBBIES_1,1596,136,2096.369873046875,0.006240767266866959,rmsse,0.8925782523550194
store_dept,4,SetTransformer,SetTransformer,WI_3__HOBBIES_2,1596,137,209.1300048828125,0.0006225674704509554,rmsse,0.9767936928017615
store_dept,4,SetTransformer,SetTransformer,WI_3__HOUSEHOLD_1,1596,138,6023.72998046875,0.01793228254702835,rmsse,0.6945372641428943
store_dept,4,SetTransformer,SetTransformer,WI_3__HOUSEHOLD_2,1596,139,1813.590087890625,0.005398948821742158,rmsse,0.7741373271204159
store_dept,4,SetTransformer,SetTransformer,CA_1__FOODS_1,1624,140,2858.880126953125,0.008347017516791502,rmsse,1.0821991474635024
store_dept,4,SetTransformer,SetTransformer,CA_1__FOODS_2,1624,141,3166.259765625,0.00924446795695165,rmsse,0.8534900235742114
store_dept,4,SetTransformer,SetTransformer,CA_1__FOODS_3,1624,142,16864.1796875,0.049238022234917564,rmsse,0.47283243914650436
store_dept,4,SetTransformer,SetTransformer,CA_1__HOBBIES_1,1624,143,4974.34033203125,0.014523486135180681,rmsse,0.6255687326216247
store_dept,4,SetTransformer,SetTransformer,CA_1__HOBBIES_2,1624,144,143.87001037597656,0.00042005451205437736,rmsse,0.9361995901089576
store_dept,4,SetTransformer,SetTransformer,CA_1__HOUSEHOLD_1,1624,145,8321.009765625,0.024294692742185,rmsse,0.7880065633271043
store_dept,4,SetTransformer,SetTransformer,CA_1__HOUSEHOLD_2,1624,146,2499.0400390625,0.007296399308441527,rmsse,0.7186613022025403
store_dept,4,SetTransformer,SetTransformer,CA_2__FOODS_1,1624,147,6466.2802734375,0.01887947458936991,rmsse,0.8610116884654401
store_dept,4,SetTransformer,SetTransformer,CA_2__FOODS_2,1624,148,3255.18994140625,0.009504115686850893,rmsse,1.4618943302181795
store_dept,4,SetTransformer,SetTransformer,CA_2__FOODS_3,1624,149,8264.2802734375,0.02412906073105468,rmsse,1.6051198866429803
store_dept,4,SetTransformer,SetTransformer,CA_2__HOBBIES_1,1624,150,3487.1298828125,0.01018130628869151,rmsse,0.929344311742442
store_dept,4,SetTransformer,SetTransformer,CA_2__HOBBIES_2,1624,151,173.8599853515625,0.0005076156672386427,rmsse,0.4665494802204899
store_dept,4,SetTransformer,SetTransformer,CA_2__HOUSEHOLD_1,1624,152,7005.9794921875,0.02045522405512525,rmsse,0.9442935032321839
store_dept,4,SetTransformer,SetTransformer,CA_2__HOUSEHOLD_2,1624,153,4335.580078125,0.012658510063564834,rmsse,0.9333358750948675
store_dept,4,SetTransformer,SetTransformer,CA_3__FOODS_1,1624,154,2044.969970703125,0.005970659632015925,rmsse,0.5183774914485721
store_dept,4,SetTransformer,SetTransformer,CA_3__FOODS_2,1624,155,4304.5595703125,0.012567940081406588,rmsse,0.9363291084982435
store_dept,4,SetTransformer,SetTransformer,CA_3__FOODS_3,1624,156,25704.58984375,0.07504919834340437,rmsse,0.6416828682328408
store_dept,4,SetTransformer,SetTransformer,CA_3__HOBBIES_1,1624,157,4099.60986328125,0.011969552349608144,rmsse,0.4802815073443509
store_dept,4,SetTransformer,SetTransformer,CA_3__HOBBIES_2,1624,158,39.31000518798828,0.00011477266877887635,rmsse,1.1011388745073514
store_dept,4,SetTransformer,SetTransformer,CA_3__HOUSEHOLD_1,1624,159,14115.701171875,0.04121334218689569,rmsse,0.9911087695450301
store_dept,4,SetTransformer,SetTransformer,CA_3__HOUSEHOLD_2,1624,160,5836.0,0.01703925735421152,rmsse,0.7637801530799897
store_dept,4,SetTransformer,SetTransformer,CA_4__FOODS_1,1624,161,1358.300048828125,0.003965802621011052,rmsse,0.8543544936654883
store_dept,4,SetTransformer,SetTransformer,CA_4__FOODS_2,1624,162,2854.009765625,0.008332797616161288,rmsse,0.7531885493828214
store_dept,4,SetTransformer,SetTransformer,CA_4__FOODS_3,1624,163,9434.630859375,0.027546110907278345,rmsse,0.8860247190032671
store_dept,4,SetTransformer,SetTransformer,CA_4__HOBBIES_1,1624,164,4891.9697265625,0.014282990257009973,rmsse,0.9629769264689123
store_dept,4,SetTransformer,SetTransformer,CA_4__HOBBIES_2,1624,165,99.04000854492188,0.00028916521486638654,rmsse,0.8460293225554917
store_dept,4,SetTransformer,SetTransformer,CA_4__HOUSEHOLD_1,1624,166,3833.729736328125,0.011193267238483276,rmsse,0.9682462704333319
store_dept,4,SetTransformer,SetTransformer,CA_4__HOUSEHOLD_2,1624,167,1612.3299560546875,0.004707488872707398,rmsse,0.9927233490945657
store_dept,4,SetTransformer,SetTransformer,TX_1__FOODS_1,1624,168,1513.239990234375,0.004418177798541474,rmsse,0.9864280467149629
store_dept,4,SetTransformer,SetTransformer,TX_1__FOODS_2,1624,169,5011.76025390625,0.014632740363933699,rmsse,0.7243413088307231
store_dept,4,SetTransformer,SetTransformer,TX_1__FOODS_3,1624,170,12905.9208984375,0.03768116990774046,rmsse,0.5490526654021388
store_dept,4,SetTransformer,SetTransformer,TX_1__HOBBIES_1,1624,171,5998.2001953125,0.01751283015593069,rmsse,0.6351264923718992
store_dept,4,SetTransformer,SetTransformer,TX_1__HOBBIES_2,1624,172,80.80000305175781,0.00023591022039410171,rmsse,0.5931565705675704
store_dept,4,SetTransformer,SetTransformer,TX_1__HOUSEHOLD_1,1624,173,12742.5908203125,0.03720429820882762,rmsse,0.5773476281688421
store_dept,4,SetTransformer,SetTransformer,TX_1__HOUSEHOLD_2,1624,174,2314.31005859375,0.006757046724780543,rmsse,0.8113748805333151
store_dept,4,SetTransformer,SetTransformer,TX_2__FOODS_1,1624,175,541.9400634765625,0.001582292017158135,rmsse,0.7872997849418629
store_dept,4,SetTransformer,SetTransformer,TX_2__FOODS_2,1624,176,4587.2802734375,0.01339339430003416,rmsse,0.47964339582531196
store_dept,4,SetTransformer,SetTransformer,TX_2__FOODS_3,1624,177,7761.94921875,0.022662414377759135,rmsse,0.6636264301646517
store_dept,4,SetTransformer,SetTransformer,TX_2__HOBBIES_1,1624,178,4952.37939453125,0.014459367206838965,rmsse,0.5980205704752034
store_dept,4,SetTransformer,SetTransformer,TX_2__HOBBIES_2,1624,179,237.43002319335938,0.0006932198884181049,rmsse,1.0971248562192468
store_dept,4,SetTransformer,SetTransformer,TX_2__HOUSEHOLD_1,1624,180,6273.56005859375,0.018316793071535505,rmsse,0.6201080981329579
store_dept,4,SetTransformer,SetTransformer,TX_2__HOUSEHOLD_2,1624,181,2541.360107421875,0.007419960400974634,rmsse,1.011596338653553
store_dept,4,SetTransformer,SetTransformer,TX_3__FOODS_1,1624,182,1223.9598388671875,0.003573572084591719,rmsse,0.6709740251069182
store_dept,4,SetTransformer,SetTransformer,TX_3__FOODS_2,1624,183,6091.509765625,0.01778526432011259,rmsse,1.2601502793036727
store_dept,4,SetTransformer,SetTransformer,TX_3__FOODS_3,1624,184,12171.9892578125,0.03553832376226273,rmsse,0.5099664100326664
store_dept,4,SetTransformer,SetTransformer,TX_3__HOBBIES_1,1624,185,2727.900146484375,0.007964597778022373,rmsse,0.9017169295999037
store_dept,4,SetTransformer,SetTransformer,TX_3__HOBBIES_2,1624,186,316.3800354003906,0.000923728725997568,rmsse,0.6735062054801433
store_dept,4,SetTransformer,SetTransformer,TX_3__HOUSEHOLD_1,1624,187,10132.8505859375,0.029584689661679587,rmsse,0.893966561294895
store_dept,4,SetTransformer,SetTransformer,TX_3__HOUSEHOLD_2,1624,188,1742.340087890625,0.00508707696301026,rmsse,0.7165768876838082
store_dept,4,SetTransformer,SetTransformer,WI_1__FOODS_1,1624,189,2585.879638671875,0.007549943223157227,rmsse,0.4844999653615834
store_dept,4,SetTransformer,SetTransformer,WI_1__FOODS_2,1624,190,3695.4501953125,0.010789535112680075,rmsse,0.9406572652145521
store_dept,4,SetTransformer,SetTransformer,WI_1__FOODS_3,1624,191,10767.6591796875,0.03143812814687002,rmsse,0.9653571878483339
store_dept,4,SetTransformer,SetTransformer,WI_1__HOBBIES_1,1624,192,3117.719970703125,0.009102747247973842,rmsse,0.7609267289947195
store_dept,4,SetTransformer,SetTransformer,WI_1__HOBBIES_2,1624,193,212.5600128173828,0.0006206073957522078,rmsse,0.7898536701716192
store_dept,4,SetTransformer,SetTransformer,WI_1__HOUSEHOLD_1,1624,194,6327.2294921875,0.018473490688235072,rmsse,0.8329752157379077
store_dept,4,SetTransformer,SetTransformer,WI_1__HOUSEHOLD_2,1624,195,1615.60986328125,0.004717065154978017,rmsse,0.7027850073380901
store_dept,4,SetTransformer,SetTransformer,WI_2__FOODS_1,1624,196,9135.740234375,0.0266734456776457,rmsse,1.2115765969074028
store_dept,4,SetTransformer,SetTransformer,WI_2__FOODS_2,1624,197,3920.800048828125,0.011447484761204166,rmsse,0.9361490184812846
store_dept,4,SetTransformer,SetTransformer,WI_2__FOODS_3,1624,198,9528.0,0.027818718997760002,rmsse,0.5940773929869713
store_dept,4,SetTransformer,SetTransformer,WI_2__HOBBIES_1,1624,199,2732.3798828125,0.007977677178326337,rmsse,0.5338743094466473
store_dept,4,SetTransformer,SetTransformer,WI_2__HOBBIES_2,1624,200,228.1800079345703,0.0006662127961417359,rmsse,0.6604950552117468
store_dept,4,SetTransformer,SetTransformer,WI_2__HOUSEHOLD_1,1624,201,9458.01953125,0.027614398364312502,rmsse,1.6581787976583309
store_dept,4,SetTransformer,SetTransformer,WI_2__HOUSEHOLD_2,1624,202,1385.5101318359375,0.00404524737889309,rmsse,0.855688295535154
store_dept,4,SetTransformer,SetTransformer,WI_3__FOODS_1,1624,203,1268.830078125,0.0037045788622234723,rmsse,1.0091264203577437
store_dept,4,SetTransformer,SetTransformer,WI_3__FOODS_2,1624,204,3024.18994140625,0.008829669413920315,rmsse,0.7042159780230929
store_dept,4,SetTransformer,SetTransformer,WI_3__FOODS_3,1624,205,10186.060546875,0.029740045764870403,rmsse,0.6131613706965693
store_dept,4,SetTransformer,SetTransformer,WI_3__HOBBIES_1,1624,206,2255.8798828125,0.006586449260354817,rmsse,0.6810552953888523
store_dept,4,SetTransformer,SetTransformer,WI_3__HOBBIES_2,1624,207,190.6699981689453,0.0005566955395009764,rmsse,0.8739632608210851
store_dept,4,SetTransformer,SetTransformer,WI_3__HOUSEHOLD_1,1624,208,5221.47021484375,0.015245026517832895,rmsse,0.8362709638134143
store_dept,4,SetTransformer,SetTransformer,WI_3__HOUSEHOLD_2,1624,209,1731.0699462890625,0.005054171746566218,rmsse,0.7603410207869926
store_dept,4,SetTransformer,SetTransformer,CA_1__FOODS_1,1652,210,2912.0703125,0.008132549264758957,rmsse,0.9753218261215344
store_dept,4,SetTransformer,SetTransformer,CA_1__FOODS_2,1652,211,2796.10986328125,0.007808706099988167,rmsse,0.5942940021082709
store_dept,4,SetTransformer,SetTransformer,CA_1__FOODS_3,1652,212,16442.25,0.045918330877693384,rmsse,0.5803442783589298
store_dept,4,SetTransformer,SetTransformer,CA_1__HOBBIES_1,1652,213,6472.3095703125,0.01807524228086003,rmsse,0.5647410215457995
store_dept,4,SetTransformer,SetTransformer,CA_1__HOBBIES_2,1652,214,103.760009765625,0.0002897709535064037,rmsse,1.1419051717643895
store_dept,4,SetTransformer,SetTransformer,CA_1__HOUSEHOLD_1,1652,215,9321.0205078125,0.026030847590536574,rmsse,0.8200253767965188
store_dept,4,SetTransformer,SetTransformer,CA_1__HOUSEHOLD_2,1652,216,2393.030029296875,0.006683023593821417,rmsse,1.0300543304966665
store_dept,4,SetTransformer,SetTransformer,CA_2__FOODS_1,1652,217,7144.73974609375,0.019953140458035843,rmsse,1.0372051539740448
store_dept,4,SetTransformer,SetTransformer,CA_2__FOODS_2,1652,218,4126.7900390625,0.01152490142629148,rmsse,1.27405623487855
store_dept,4,SetTransformer,SetTransformer,CA_2__FOODS_3,1652,219,10970.9111328125,0.03063850308967777,rmsse,1.0018425761591983
store_dept,4,SetTransformer,SetTransformer,CA_2__HOBBIES_1,1652,220,3719.56005859375,0.010387628791069373,rmsse,0.6778424844867854
store_dept,4,SetTransformer,SetTransformer,CA_2__HOBBIES_2,1652,221,125.85999298095703,0.00035148965634044924,rmsse,1.1267305091684774
store_dept,4,SetTransformer,SetTransformer,CA_2__HOUSEHOLD_1,1652,222,7390.810546875,0.020640343270887637,rmsse,1.0219905214784524
store_dept,4,SetTransformer,SetTransformer,CA_2__HOUSEHOLD_2,1652,223,4772.2802734375,0.013327564331937063,rmsse,0.7147016581728733
store_dept,4,SetTransformer,SetTransformer,CA_3__FOODS_1,1652,224,1999.469970703125,0.0055839269987232884,rmsse,0.4675594289245444
store_dept,4,SetTransformer,SetTransformer,CA_3__FOODS_2,1652,225,4837.259765625,0.01350903279413233,rmsse,0.7257137922093474
store_dept,4,SetTransformer,SetTransformer,CA_3__FOODS_3,1652,226,24029.509765625,0.06710729859032269,rmsse,0.5497070777775243
store_dept,4,SetTransformer,SetTransformer,CA_3__HOBBIES_1,1652,227,4375.419921875,0.012219250996761853,rmsse,0.5430003198316132
store_dept,4,SetTransformer,SetTransformer,CA_3__HOBBIES_2,1652,228,116.95000457763672,0.0003266066995906083,rmsse,1.0171157958046948
store_dept,4,SetTransformer,SetTransformer,CA_3__HOUSEHOLD_1,1652,229,17274.9296875,0.048243758444222254,rmsse,1.2010580342908657
store_dept,4,SetTransformer,SetTransformer,CA_3__HOUSEHOLD_2,1652,230,5732.62060546875,0.016009510240885344,rmsse,0.8024630781733185
store_dept,4,SetTransformer,SetTransformer,CA_4__FOODS_1,1652,231,1234.8699951171875,0.0034486258892016987,rmsse,0.9220224931953901
store_dept,4,SetTransformer,SetTransformer,CA_4__FOODS_2,1652,232,3245.919921875,0.009064892272964644,rmsse,0.6852653184650541
store_dept,4,SetTransformer,SetTransformer,CA_4__FOODS_3,1652,233,10574.0810546875,0.029530274299240655,rmsse,0.8462274849861232
store_dept,4,SetTransformer,SetTransformer,CA_4__HOBBIES_1,1652,234,4814.67041015625,0.013445947419641132,rmsse,0.698195994526959
store_dept,4,SetTransformer,SetTransformer,CA_4__HOBBIES_2,1652,235,99.33000183105469,0.0002773992543697036,rmsse,0.9800019614525035
store_dept,4,SetTransformer,SetTransformer,CA_4__HOUSEHOLD_1,1652,236,4143.0,0.011570171042666525,rmsse,1.0029502133902954
store_dept,4,SetTransformer,SetTransformer,CA_4__HOUSEHOLD_2,1652,237,1649.139892578125,0.00460555892599894,rmsse,0.8075049529287534
store_dept,4,SetTransformer,SetTransformer,TX_1__FOODS_1,1652,238,1119.7099609375,0.003127018046397376,rmsse,0.9878810394968767
store_dept,4,SetTransformer,SetTransformer,TX_1__FOODS_2,1652,239,5013.2099609375,0.014000409539185722,rmsse,0.7620616270365335
store_dept,4,SetTransformer,SetTransformer,TX_1__FOODS_3,1652,240,11401.0302734375,0.03183969836502317,rmsse,1.071530620740832
store_dept,4,SetTransformer,SetTransformer,TX_1__HOBBIES_1,1652,241,4637.939453125,0.012952390238519792,rmsse,1.1789711899477013
store_dept,4,SetTransformer,SetTransformer,TX_1__HOBBIES_2,1652,242,106.32999420166016,0.0002969481583101492,rmsse,0.8599051845387297
store_dept,4,SetTransformer,SetTransformer,TX_1__HOUSEHOLD_1,1652,243,12742.048828125,0.035584765719385666,rmsse,0.874134682910748
store_dept,4,SetTransformer,SetTransformer,TX_1__HOUSEHOLD_2,1652,244,2441.05029296875,0.006817129957373804,rmsse,0.8839506539370818
store_dept,4,SetTransformer,SetTransformer,TX_2__FOODS_1,1652,245,599.0999755859375,0.0016731086626084087,rmsse,0.8652463886668109
store_dept,4,SetTransformer,SetTransformer,TX_2__FOODS_2,1652,246,4469.77001953125,0.01248274285478143,rmsse,0.3434786050824165
store_dept,4,SetTransformer,SetTransformer,TX_2__FOODS_3,1652,247,10780.2197265625,0.03010595851167171,rmsse,0.690389631059477
store_dept,4,SetTransformer,SetTransformer,TX_2__HOBBIES_1,1652,248,5179.759765625,0.014465533779436043,rmsse,0.783899412601456
store_dept,4,SetTransformer,SetTransformer,TX_2__HOBBIES_2,1652,249,186.760009765625,0.0005215653528646758,rmsse,0.9858826009792361
store_dept,4,SetTransformer,SetTransformer,TX_2__HOUSEHOLD_1,1652,250,7181.52978515625,0.02005588413281728,rmsse,0.7870889664870738
store_dept,4,SetTransformer,SetTransformer,TX_2__HOUSEHOLD_2,1652,251,3241.17041015625,0.009051628294457503,rmsse,0.730526832356432
store_dept,4,SetTransformer,SetTransformer,TX_3__FOODS_1,1652,252,1270.159912109375,0.003547180167666848,rmsse,0.6307513413437291
store_dept,4,SetTransformer,SetTransformer,TX_3__FOODS_2,1652,253,6379.099609375,0.01781493448676707,rmsse,1.0722769215177592
store_dept,4,SetTransformer,SetTransformer,TX_3__FOODS_3,1652,254,13397.4208984375,0.037415025663894985,rmsse,1.130228722359583
store_dept,4,SetTransformer,SetTransformer,TX_3__HOBBIES_1,1652,255,3831.489990234375,0.010700215914862761,rmsse,1.1088036522079419
store_dept,4,SetTransformer,SetTransformer,TX_3__HOBBIES_2,1652,256,179.2400360107422,0.0005005642950369285,rmsse,0.7143750953461854
store_dept,4,SetTransformer,SetTransformer,TX_3__HOUSEHOLD_1,1652,257,9337.3095703125,0.02607633811413051,rmsse,1.0228315433760173
store_dept,4,SetTransformer,SetTransformer,TX_3__HOUSEHOLD_2,1652,258,2009.77001953125,0.005612691982235049,rmsse,0.7055369496150108
store_dept,4,SetTransformer,SetTransformer,WI_1__FOODS_1,1652,259,2607.9599609375,0.0072832591891076,rmsse,0.5693173294058737
store_dept,4,SetTransformer,SetTransformer,WI_1__FOODS_2,1652,260,3778.159912109375,0.010551280813336084,rmsse,0.7823942761269779
store_dept,4,SetTransformer,SetTransformer,WI_1__FOODS_3,1652,261,9821.6796875,0.027429040287390422,rmsse,0.5854221475148623
store_dept,4,SetTransformer,SetTransformer,WI_1__HOBBIES_1,1652,262,3198.909912109375,0.00893360724913995,rmsse,0.6324063329953896
store_dept,4,SetTransformer,SetTransformer,WI_1__HOBBIES_2,1652,263,247.41000366210938,0.000690942809567308,rmsse,0.7067579513588542
store_dept,4,SetTransformer,SetTransformer,WI_1__HOUSEHOLD_1,1652,264,6200.14990234375,0.017315180994518307,rmsse,0.7961067071166861
store_dept,4,SetTransformer,SetTransformer,WI_1__HOUSEHOLD_2,1652,265,1591.97998046875,0.004445928233290937,rmsse,0.6945993024230894
store_dept,4,SetTransformer,SetTransformer,WI_2__FOODS_1,1652,266,10432.2509765625,0.02913418492851871,rmsse,1.0855638436280672
store_dept,4,SetTransformer,SetTransformer,WI_2__FOODS_2,1652,267,4274.830078125,0.011938333377321206,rmsse,0.9715868743872647
store_dept,4,SetTransformer,SetTransformer,WI_2__FOODS_3,1652,268,9833.7197265625,0.02746266454790539,rmsse,0.6170385761408514
store_dept,4,SetTransformer,SetTransformer,WI_2__HOBBIES_1,1652,269,2805.360107421875,0.007834539290162788,rmsse,0.6174711461626292
store_dept,4,SetTransformer,SetTransformer,WI_2__HOBBIES_2,1652,270,180.48001098632812,0.0005040271776234975,rmsse,0.5966310919781521
store_dept,4,SetTransformer,SetTransformer,WI_2__HOUSEHOLD_1,1652,271,11269.71875,0.03147298419991455,rmsse,1.3671576954880829
store_dept,4,SetTransformer,SetTransformer,WI_2__HOUSEHOLD_2,1652,272,1156.52001953125,0.0032298176297959435,rmsse,0.9307695866396356
store_dept,4,SetTransformer,SetTransformer,WI_3__FOODS_1,1652,273,1283.8699951171875,0.003585468365931281,rmsse,0.9383242035184378
store_dept,4,SetTransformer,SetTransformer,WI_3__FOODS_2,1652,274,3003.880126953125,0.00838894686471506,rmsse,0.5244477514417177
store_dept,4,SetTransformer,SetTransformer,WI_3__FOODS_3,1652,275,8792.7099609375,0.024555432820807285,rmsse,0.4540364215995596
store_dept,4,SetTransformer,SetTransformer,WI_3__HOBBIES_1,1652,276,2022.27001953125,0.005647600777319126,rmsse,1.1923585671491594
store_dept,4,SetTransformer,SetTransformer,WI_3__HOBBIES_2,1652,277,175.20001220703125,0.0004892817059890454,rmsse,0.8310598967812837
store_dept,4,SetTransformer,SetTransformer,WI_3__HOUSEHOLD_1,1652,278,5442.150390625,0.015198313024244677,rmsse,0.6402335124307187
store_dept,4,SetTransformer,SetTransformer,WI_3__HOUSEHOLD_2,1652,279,1633.949951171875,0.004563137921847746,rmsse,0.8536994286232417
store_dept,4,SetTransformer_Q,SetTransformer,CA_1__FOODS_1,1568,0,2837.219970703125,0.008150946766972816,mean_spl,0.23693185355522203
store_dept,4,SetTransformer_Q,SetTransformer,CA_1__FOODS_2,1568,1,4269.56982421875,0.012265892921392366,mean_spl,0.2021073804823509
store_dept,4,SetTransformer_Q,SetTransformer,CA_1__FOODS_3,1568,2,21792.16796875,0.06260593217458271,mean_spl,0.1493629832583914
store_dept,4,SetTransformer_Q,SetTransformer,CA_1__HOBBIES_1,1568,3,4352.5498046875,0.012504283109854773,mean_spl,0.15553224134102328
store_dept,4,SetTransformer_Q,SetTransformer,CA_1__HOBBIES_2,1568,4,121.67000579833984,0.0003495413646597767,mean_spl,0.21434047844436016
store_dept,4,SetTransformer_Q,SetTransformer,CA_1__HOUSEHOLD_1,1568,5,7329.5,0.02105665579173327,mean_spl,0.23529317993246426
store_dept,4,SetTransformer_Q,SetTransformer,CA_1__HOUSEHOLD_2,1568,6,2742.610107421875,0.007879145508276285,mean_spl,0.23145875976039199
store_dept,4,SetTransformer_Q,SetTransformer,CA_2__FOODS_1,1568,7,5199.13037109375,0.01493639383866124,mean_spl,0.19807044978978697
store_dept,4,SetTransformer_Q,SetTransformer,CA_2__FOODS_2,1568,8,1568.16015625,0.004505110667367067,mean_spl,0.3638631563754521
store_dept,4,SetTransformer_Q,SetTransformer,CA_2__FOODS_3,1568,9,7694.18017578125,0.022104332295655033,mean_spl,0.22454670577239744
store_dept,4,SetTransformer_Q,SetTransformer,CA_2__HOBBIES_1,1568,10,2803.27001953125,0.00805341317860085,mean_spl,0.17924453458875542
store_dept,4,SetTransformer_Q,SetTransformer,CA_2__HOBBIES_2,1568,11,153.10000610351562,0.00043983547721317844,mean_spl,0.13117903173505238
store_dept,4,SetTransformer_Q,SetTransformer,CA_2__HOUSEHOLD_1,1568,12,5917.11962890625,0.016999079242020248,mean_spl,0.18203810855646899
store_dept,4,SetTransformer_Q,SetTransformer,CA_2__HOUSEHOLD_2,1568,13,4762.96044921875,0.013683337025559518,mean_spl,0.20056377027095723
store_dept,4,SetTransformer_Q,SetTransformer,CA_3__FOODS_1,1568,14,2314.420166015625,0.00664901409280813,mean_spl,0.13296877568095405
store_dept,4,SetTransformer_Q,SetTransformer,CA_3__FOODS_2,1568,15,4588.62060546875,0.013182482386003162,mean_spl,0.16915193325397468
store_dept,4,SetTransformer_Q,SetTransformer,CA_3__FOODS_3,1568,16,28474.12890625,0.08180229638424842,mean_spl,0.34797356630654774
store_dept,4,SetTransformer_Q,SetTransformer,CA_3__HOBBIES_1,1568,17,4085.669921875,0.011737573534833158,mean_spl,0.15245074325757862
store_dept,4,SetTransformer_Q,SetTransformer,CA_3__HOBBIES_2,1568,18,113.18000030517578,0.0003251507345568392,mean_spl,0.2843330939580431
store_dept,4,SetTransformer_Q,SetTransformer,CA_3__HOUSEHOLD_1,1568,19,14030.548828125,0.040307856912877374,mean_spl,0.21572265619459968
store_dept,4,SetTransformer_Q,SetTransformer,CA_3__HOUSEHOLD_2,1568,20,5070.36962890625,0.014566481753562625,mean_spl,0.2053743227666717
store_dept,4,SetTransformer_Q,SetTransformer,CA_4__FOODS_1,1568,21,1442.0902099609375,0.0041429288726073845,mean_spl,0.20013954780943397
store_dept,4,SetTransformer_Q,SetTransformer,CA_4__FOODS_2,1568,22,2751.650146484375,0.0079051163099521,mean_spl,0.15353051418449282
store_dept,4,SetTransformer_Q,SetTransformer,CA_4__FOODS_3,1568,23,10152.0009765625,0.029165316892123143,mean_spl,0.22639748928735415
store_dept,4,SetTransformer_Q,SetTransformer,CA_4__HOBBIES_1,1568,24,4711.01025390625,0.013534091186005848,mean_spl,0.17050933837177537
store_dept,4,SetTransformer_Q,SetTransformer,CA_4__HOBBIES_2,1568,25,75.75000762939453,0.00021761946065534208,mean_spl,0.25888361499759466
store_dept,4,SetTransformer_Q,SetTransformer,CA_4__HOUSEHOLD_1,1568,26,3842.72998046875,0.011039640152712242,mean_spl,0.22402301958073945
store_dept,4,SetTransformer_Q,SetTransformer,CA_4__HOUSEHOLD_2,1568,27,1414.659912109375,0.004064125360754588,mean_spl,0.19235419093517897
store_dept,4,SetTransformer_Q,SetTransformer,TX_1__FOODS_1,1568,28,1102.2198486328125,0.003166527588440887,mean_spl,0.17623466612141883
store_dept,4,SetTransformer_Q,SetTransformer,TX_1__FOODS_2,1568,29,5333.4599609375,0.01532230446503201,mean_spl,0.22485543333957742
store_dept,4,SetTransformer_Q,SetTransformer,TX_1__FOODS_3,1568,30,14950.1689453125,0.04294980032876804,mean_spl,0.27556665906297756
store_dept,4,SetTransformer_Q,SetTransformer,TX_1__HOBBIES_1,1568,31,4493.25,0.012908495618555907,mean_spl,0.20189363751971767
store_dept,4,SetTransformer_Q,SetTransformer,TX_1__HOBBIES_2,1568,32,130.3699951171875,0.0003745352497104256,mean_spl,0.2529430479804675
store_dept,4,SetTransformer_Q,SetTransformer,TX_1__HOUSEHOLD_1,1568,33,11238.4697265625,0.032286593718267455,mean_spl,0.15258822035348307
store_dept,4,SetTransformer_Q,SetTransformer,TX_1__HOUSEHOLD_2,1568,34,2269.530029296875,0.006520050840563015,mean_spl,0.22356809778577402
store_dept,4,SetTransformer_Q,SetTransformer,TX_2__FOODS_1,1568,35,521.7400512695312,0.001498888146850916,mean_spl,0.16529283805425807
store_dept,4,SetTransformer_Q,SetTransformer,TX_2__FOODS_2,1568,36,5048.3994140625,0.014503364316952315,mean_spl,0.14537997154595883
store_dept,4,SetTransformer_Q,SetTransformer,TX_2__FOODS_3,1568,37,8043.50048828125,0.02310788200318941,mean_spl,0.1276246339143721
store_dept,4,SetTransformer_Q,SetTransformer,TX_2__HOBBIES_1,1568,38,4562.39990234375,0.013107153875146986,mean_spl,0.20085399163746756
store_dept,4,SetTransformer_Q,SetTransformer,TX_2__HOBBIES_2,1568,39,224.66000366210938,0.0006454176092888428,mean_spl,0.2879736589932711
store_dept,4,SetTransformer_Q,SetTransformer,TX_2__HOUSEHOLD_1,1568,40,6827.1103515625,0.019613358718197787,mean_spl,0.1326410171390544
store_dept,4,SetTransformer_Q,SetTransformer,TX_2__HOUSEHOLD_2,1568,41,3311.769775390625,0.009514263759037614,mean_spl,0.15570589761499223
store_dept,4,SetTransformer_Q,SetTransformer,TX_3__FOODS_1,1568,42,1414.6300048828125,0.004064039441363713,mean_spl,0.16744588188379173
store_dept,4,SetTransformer_Q,SetTransformer,TX_3__FOODS_2,1568,43,5332.1796875,0.015318626413719814,mean_spl,0.24173396789955964
store_dept,4,SetTransformer_Q,SetTransformer,TX_3__FOODS_3,1568,44,13022.630859375,0.03741224578875271,mean_spl,0.18836095033031722
store_dept,4,SetTransformer_Q,SetTransformer,TX_3__HOBBIES_1,1568,45,3454.7998046875,0.009925169563633538,mean_spl,0.159653902297032
store_dept,4,SetTransformer_Q,SetTransformer,TX_3__HOBBIES_2,1568,46,422.6600036621094,0.0012142446570769848,mean_spl,0.22997412385731902
store_dept,4,SetTransformer_Q,SetTransformer,TX_3__HOUSEHOLD_1,1568,47,9825.9091796875,0.028228499548060837,mean_spl,0.2601814869159693
store_dept,4,SetTransformer_Q,SetTransformer,TX_3__HOUSEHOLD_2,1568,48,2257.619873046875,0.006485834582894414,mean_spl,0.16608909422763982
store_dept,4,SetTransformer_Q,SetTransformer,WI_1__FOODS_1,1568,49,2354.2099609375,0.006763324757340987,mean_spl,0.16911998771099993
store_dept,4,SetTransformer_Q,SetTransformer,WI_1__FOODS_2,1568,50,3581.640380859375,0.010289565273146643,mean_spl,0.2420450849116551
store_dept,4,SetTransformer_Q,SetTransformer,WI_1__FOODS_3,1568,51,10736.1904296875,0.030843613669749723,mean_spl,0.19281920911841982
store_dept,4,SetTransformer_Q,SetTransformer,WI_1__HOBBIES_1,1568,52,2960.969970703125,0.008506463671840405,mean_spl,0.13188239718866207
store_dept,4,SetTransformer_Q,SetTransformer,WI_1__HOBBIES_2,1568,53,208.1600341796875,0.0005980154429793454,mean_spl,0.24013024019546692
store_dept,4,SetTransformer_Q,SetTransformer,WI_1__HOUSEHOLD_1,1568,54,6289.2998046875,0.018068302225024896,mean_spl,0.16266643640944148
store_dept,4,SetTransformer_Q,SetTransformer,WI_1__HOUSEHOLD_2,1568,55,1580.8099365234375,0.004541451764175693,mean_spl,0.22180735187433717
store_dept,4,SetTransformer_Q,SetTransformer,WI_2__FOODS_1,1568,56,8214.708984375,0.02359974070717555,mean_spl,0.3029964044312929
store_dept,4,SetTransformer_Q,SetTransformer,WI_2__FOODS_2,1568,57,4867.7900390625,0.01398449816753761,mean_spl,0.287394340784029
store_dept,4,SetTransformer_Q,SetTransformer,WI_2__FOODS_3,1568,58,10954.3994140625,0.031470498378754166,mean_spl,0.1749033270776081
store_dept,4,SetTransformer_Q,SetTransformer,WI_2__HOBBIES_1,1568,59,2757.90966796875,0.00792309906311636,mean_spl,0.17857146272821475
store_dept,4,SetTransformer_Q,SetTransformer,WI_2__HOBBIES_2,1568,60,190.60000610351562,0.0005475678726275993,mean_spl,0.14896381812088666
store_dept,4,SetTransformer_Q,SetTransformer,WI_2__HOUSEHOLD_1,1568,61,9457.330078125,0.027169621961100218,mean_spl,0.2680019987349774
store_dept,4,SetTransformer_Q,SetTransformer,WI_2__HOUSEHOLD_2,1568,62,1478.739990234375,0.0042482187024812405,mean_spl,0.19369813894683266
store_dept,4,SetTransformer_Q,SetTransformer,WI_3__FOODS_1,1568,63,1020.7599487304688,0.0029325043845289285,mean_spl,0.24074172195855534
store_dept,4,SetTransformer_Q,SetTransformer,WI_3__FOODS_2,1568,64,3461.969970703125,0.009945768474577068,mean_spl,0.17691320550060166
store_dept,4,SetTransformer_Q,SetTransformer,WI_3__FOODS_3,1568,65,9956.12890625,0.028602603096668545,mean_spl,0.13710147188079785
store_dept,4,SetTransformer_Q,SetTransformer,WI_3__HOBBIES_1,1568,66,1991.85009765625,0.005722314195385491,mean_spl,0.21065981210368143
store_dept,4,SetTransformer_Q,SetTransformer,WI_3__HOBBIES_2,1568,67,203.35000610351562,0.0005841968870685024,mean_spl,0.25265416783717576
store_dept,4,SetTransformer_Q,SetTransformer,WI_3__HOUSEHOLD_1,1568,68,5617.72998046875,0.016138973535661495,mean_spl,0.19626084976661728
store_dept,4,SetTransformer_Q,SetTransformer,WI_3__HOUSEHOLD_2,1568,69,1802.6500244140625,0.005178768139306431,mean_spl,0.2127868522856219
store_dept,4,SetTransformer_Q,SetTransformer,CA_1__FOODS_1,1596,70,3136.22021484375,0.009336339312125621,mean_spl,0.22470113322910606
store_dept,4,SetTransformer_Q,SetTransformer,CA_1__FOODS_2,1596,71,3441.340087890625,0.010244662857824162,mean_spl,0.2096257909816757
store_dept,4,SetTransformer_Q,SetTransformer,CA_1__FOODS_3,1596,72,18587.439453125,0.05533369144698647,mean_spl,0.13008597234301192
store_dept,4,SetTransformer_Q,SetTransformer,CA_1__HOBBIES_1,1596,73,4931.830078125,0.014681762084559498,mean_spl,0.16970910718825155
store_dept,4,SetTransformer_Q,SetTransformer,CA_1__HOBBIES_2,1596,74,131.77999877929688,0.00039230114560571846,mean_spl,0.32185148932623164
store_dept,4,SetTransformer_Q,SetTransformer,CA_1__HOUSEHOLD_1,1596,75,8246.109375,0.0245481725949961,mean_spl,0.15888008137877824
store_dept,4,SetTransformer_Q,SetTransformer,CA_1__HOUSEHOLD_2,1596,76,2291.7197265625,0.006822312053921007,mean_spl,0.17746530789347348
store_dept,4,SetTransformer_Q,SetTransformer,CA_2__FOODS_1,1596,77,5399.7099609375,0.016074612408838368,mean_spl,0.3233891302217191
store_dept,4,SetTransformer_Q,SetTransformer,CA_2__FOODS_2,1596,78,2168.260009765625,0.006454779888309994,mean_spl,0.36828696993242305
store_dept,4,SetTransformer_Q,SetTransformer,CA_2__FOODS_3,1596,79,8459.2197265625,0.025182589318572066,mean_spl,0.1813708529440573
store_dept,4,SetTransformer_Q,SetTransformer,CA_2__HOBBIES_1,1596,80,2974.22998046875,0.008854104108673523,mean_spl,0.2716621479655557
store_dept,4,SetTransformer_Q,SetTransformer,CA_2__HOBBIES_2,1596,81,125.13001251220703,0.00037250453568761694,mean_spl,0.17690988728232213
store_dept,4,SetTransformer_Q,SetTransformer,CA_2__HOUSEHOLD_1,1596,82,6441.75048828125,0.019176704504993123,mean_spl,0.17427431111854222
store_dept,4,SetTransformer_Q,SetTransformer,CA_2__HOUSEHOLD_2,1596,83,4136.85009765625,0.01231515440539401,mean_spl,0.1942681893763455
store_dept,4,SetTransformer_Q,SetTransformer,CA_3__FOODS_1,1596,84,2159.099853515625,0.006427510653038405,mean_spl,0.16241898988200149
store_dept,4,SetTransformer_Q,SetTransformer,CA_3__FOODS_2,1596,85,4249.56005859375,0.012650685193120074,mean_spl,0.18325159623049325
store_dept,4,SetTransformer_Q,SetTransformer,CA_3__FOODS_3,1596,86,18931.880859375,0.056359072836557014,mean_spl,0.5595679231262048
store_dept,4,SetTransformer_Q,SetTransformer,CA_3__HOBBIES_1,1596,87,4516.4599609375,0.01344523018038226,mean_spl,0.14982349453597354
store_dept,4,SetTransformer_Q,SetTransformer,CA_3__HOBBIES_2,1596,88,119.77000427246094,0.00035654811291946896,mean_spl,0.3025398247436349
store_dept,4,SetTransformer_Q,SetTransformer,CA_3__HOUSEHOLD_1,1596,89,14708.8203125,0.043787275099056576,mean_spl,0.18604917009844538
store_dept,4,SetTransformer_Q,SetTransformer,CA_3__HOUSEHOLD_2,1596,90,5424.12939453125,0.016147307596747082,mean_spl,0.26380966883123746
store_dept,4,SetTransformer_Q,SetTransformer,CA_4__FOODS_1,1596,91,1581.9901123046875,0.004709489597381521,mean_spl,0.21010588594020554
store_dept,4,SetTransformer_Q,SetTransformer,CA_4__FOODS_2,1596,92,2814.64990234375,0.00837904379569587,mean_spl,0.18331417852979204
store_dept,4,SetTransformer_Q,SetTransformer,CA_4__FOODS_3,1596,93,7998.12060546875,0.02380992491488043,mean_spl,0.23524480494218317
store_dept,4,SetTransformer_Q,SetTransformer,CA_4__HOBBIES_1,1596,94,4659.6298828125,0.013871438443306206,mean_spl,0.17563688331175895
store_dept,4,SetTransformer_Q,SetTransformer,CA_4__HOBBIES_2,1596,95,156.27999877929688,0.00046523617486943165,mean_spl,0.2520535321132191
store_dept,4,SetTransformer_Q,SetTransformer,CA_4__HOUSEHOLD_1,1596,96,4494.2705078125,0.013379173510463173,mean_spl,0.23645509295387715
store_dept,4,SetTransformer_Q,SetTransformer,CA_4__HOUSEHOLD_2,1596,97,1507.8199462890625,0.004488689465591967,mean_spl,0.24625707158537585
store_dept,4,SetTransformer_Q,SetTransformer,TX_1__FOODS_1,1596,98,1072.1400146484375,0.0031916964629870063,mean_spl,0.28997769579117244
store_dept,4,SetTransformer_Q,SetTransformer,TX_1__FOODS_2,1596,99,5790.51025390625,0.017238001421244226,mean_spl,0.2753884641030633
store_dept,4,SetTransformer_Q,SetTransformer,TX_1__FOODS_3,1596,100,13279.458984375,0.03953215222986405,mean_spl,0.22568638082916262
store_dept,4,SetTransformer_Q,SetTransformer,TX_1__HOBBIES_1,1596,101,6180.31005859375,0.018398412040096162,mean_spl,0.16515301724571038
store_dept,4,SetTransformer_Q,SetTransformer,TX_1__HOBBIES_2,1596,102,99.11000061035156,0.0002950445222384743,mean_spl,0.27310132139622806
store_dept,4,SetTransformer_Q,SetTransformer,TX_1__HOUSEHOLD_1,1596,103,12103.279296875,0.03603073590630498,mean_spl,0.16552163368434372
store_dept,4,SetTransformer_Q,SetTransformer,TX_1__HOUSEHOLD_2,1596,104,2553.06982421875,0.007600335605783574,mean_spl,0.20346504935364773
store_dept,4,SetTransformer_Q,SetTransformer,TX_2__FOODS_1,1596,105,530.0400390625,0.001577897377957678,mean_spl,0.1992287641849106
store_dept,4,SetTransformer_Q,SetTransformer,TX_2__FOODS_2,1596,106,4898.78955078125,0.014583402418081745,mean_spl,0.1389027650825027
store_dept,4,SetTransformer_Q,SetTransformer,TX_2__FOODS_3,1596,107,7166.9794921875,0.021335667714086834,mean_spl,0.24785287192482508
store_dept,4,SetTransformer_Q,SetTransformer,TX_2__HOBBIES_1,1596,108,5325.52978515625,0.015853782478577435,mean_spl,0.2770706651060807
store_dept,4,SetTransformer_Q,SetTransformer,TX_2__HOBBIES_2,1596,109,162.80999755859375,0.00048467558923922876,mean_spl,0.3144195230263853
store_dept,4,SetTransformer_Q,SetTransformer,TX_2__HOUSEHOLD_1,1596,110,7103.10009765625,0.02114550259125071,mean_spl,0.16905431307098528
store_dept,4,SetTransformer_Q,SetTransformer,TX_2__HOUSEHOLD_2,1596,111,3017.570068359375,0.008983124948616162,mean_spl,0.1778201243102066
store_dept,4,SetTransformer_Q,SetTransformer,TX_3__FOODS_1,1596,112,1433.739990234375,0.004268157883440815,mean_spl,0.14110148618551407
store_dept,4,SetTransformer_Q,SetTransformer,TX_3__FOODS_2,1596,113,6442.3994140625,0.019178636318088856,mean_spl,0.32698368131734795
store_dept,4,SetTransformer_Q,SetTransformer,TX_3__FOODS_3,1596,114,12349.759765625,0.036764493465538235,mean_spl,0.2074301568357316
store_dept,4,SetTransformer_Q,SetTransformer,TX_3__HOBBIES_1,1596,115,3376.33984375,0.010051161032985591,mean_spl,0.16120227983367616
store_dept,4,SetTransformer_Q,SetTransformer,TX_3__HOBBIES_2,1596,116,316.1399841308594,0.0009411297548577161,mean_spl,0.19177710577014728
store_dept,4,SetTransformer_Q,SetTransformer,TX_3__HOUSEHOLD_1,1596,117,9699.25,0.02887408500351306,mean_spl,0.3065213861835578
store_dept,4,SetTransformer_Q,SetTransformer,TX_3__HOUSEHOLD_2,1596,118,2113.800048828125,0.006292655853833372,mean_spl,0.21748640627153507
store_dept,4,SetTransformer_Q,SetTransformer,WI_1__FOODS_1,1596,119,2152.320068359375,0.006407327639619108,mean_spl,0.16109382810244519
store_dept,4,SetTransformer_Q,SetTransformer,WI_1__FOODS_2,1596,120,3865.420166015625,0.011507123792852923,mean_spl,0.2468849100961499
store_dept,4,SetTransformer_Q,SetTransformer,WI_1__FOODS_3,1596,121,10525.599609375,0.03133407818481198,mean_spl,0.18922930772482083
store_dept,4,SetTransformer_Q,SetTransformer,WI_1__HOBBIES_1,1596,122,2951.43994140625,0.008786259530471702,mean_spl,0.1656852518415789
store_dept,4,SetTransformer_Q,SetTransformer,WI_1__HOBBIES_2,1596,123,191.63999938964844,0.0005705007740237544,mean_spl,0.19001976897088702
store_dept,4,SetTransformer_Q,SetTransformer,WI_1__HOUSEHOLD_1,1596,124,6530.3095703125,0.01944033957599381,mean_spl,0.18956277080276593
store_dept,4,SetTransformer_Q,SetTransformer,WI_1__HOUSEHOLD_2,1596,125,1616.8099365234375,0.004813146123844863,mean_spl,0.16701804077373827
store_dept,4,SetTransformer_Q,SetTransformer,WI_2__FOODS_1,1596,126,7289.6904296875,0.02170097080868031,mean_spl,0.34394261490721845
store_dept,4,SetTransformer_Q,SetTransformer,WI_2__FOODS_2,1596,127,3814.929931640625,0.011356817396049969,mean_spl,0.22300611706027246
store_dept,4,SetTransformer_Q,SetTransformer,WI_2__FOODS_3,1596,128,10025.19921875,0.029844416260983088,mean_spl,0.2527358970411111
store_dept,4,SetTransformer_Q,SetTransformer,WI_2__HOBBIES_1,1596,129,3179.23046875,0.009464378256096726,mean_spl,0.1778974439433052
store_dept,4,SetTransformer_Q,SetTransformer,WI_2__HOBBIES_2,1596,130,207.030029296875,0.0006163159691932641,mean_spl,0.16639236138381278
store_dept,4,SetTransformer_Q,SetTransformer,WI_2__HOUSEHOLD_1,1596,131,9884.69921875,0.02942615619520547,mean_spl,0.34817721316720834
store_dept,4,SetTransformer_Q,SetTransformer,WI_2__HOUSEHOLD_2,1596,132,1132.659912109375,0.0033718605647155937,mean_spl,0.20110016492254462
store_dept,4,SetTransformer_Q,SetTransformer,WI_3__FOODS_1,1596,133,1295.150146484375,0.0038555842381526647,mean_spl,0.19362743461283372
store_dept,4,SetTransformer_Q,SetTransformer,WI_3__FOODS_2,1596,134,3036.2099609375,0.009038614789867509,mean_spl,0.13692999497539318
store_dept,4,SetTransformer_Q,SetTransformer,WI_3__FOODS_3,1596,135,9266.05078125,0.027584476934266165,mean_spl,0.11967937091312912
store_dept,4,SetTransformer_Q,SetTransformer,WI_3__HOBBIES_1,1596,136,2096.369873046875,0.006240767266866959,mean_spl,0.22430315718293922
store_dept,4,SetTransformer_Q,SetTransformer,WI_3__HOBBIES_2,1596,137,209.1300048828125,0.0006225674704509554,mean_spl,0.23417426091342985
store_dept,4,SetTransformer_Q,SetTransformer,WI_3__HOUSEHOLD_1,1596,138,6023.72998046875,0.01793228254702835,mean_spl,0.16966833474129944
store_dept,4,SetTransformer_Q,SetTransformer,WI_3__HOUSEHOLD_2,1596,139,1813.590087890625,0.005398948821742158,mean_spl,0.18127549157650386
store_dept,4,SetTransformer_Q,SetTransformer,CA_1__FOODS_1,1624,140,2858.880126953125,0.008347017516791502,mean_spl,0.26783394193442245
store_dept,4,SetTransformer_Q,SetTransformer,CA_1__FOODS_2,1624,141,3166.259765625,0.00924446795695165,mean_spl,0.20004229799295647
store_dept,4,SetTransformer_Q,SetTransformer,CA_1__FOODS_3,1624,142,16864.1796875,0.049238022234917564,mean_spl,0.12869626182263103
store_dept,4,SetTransformer_Q,SetTransformer,CA_1__HOBBIES_1,1624,143,4974.34033203125,0.014523486135180681,mean_spl,0.14275250713232157
store_dept,4,SetTransformer_Q,SetTransformer,CA_1__HOBBIES_2,1624,144,143.87001037597656,0.00042005451205437736,mean_spl,0.24237544353315776
store_dept,4,SetTransformer_Q,SetTransformer,CA_1__HOUSEHOLD_1,1624,145,8321.009765625,0.024294692742185,mean_spl,0.1862367553076246
store_dept,4,SetTransformer_Q,SetTransformer,CA_1__HOUSEHOLD_2,1624,146,2499.0400390625,0.007296399308441527,mean_spl,0.1681846156211075
store_dept,4,SetTransformer_Q,SetTransformer,CA_2__FOODS_1,1624,147,6466.2802734375,0.01887947458936991,mean_spl,0.2213178026168935
store_dept,4,SetTransformer_Q,SetTransformer,CA_2__FOODS_2,1624,148,3255.18994140625,0.009504115686850893,mean_spl,0.3066564738264639
store_dept,4,SetTransformer_Q,SetTransformer,CA_2__FOODS_3,1624,149,8264.2802734375,0.02412906073105468,mean_spl,0.49910025152423415
store_dept,4,SetTransformer_Q,SetTransformer,CA_2__HOBBIES_1,1624,150,3487.1298828125,0.01018130628869151,mean_spl,0.23697585592901746
store_dept,4,SetTransformer_Q,SetTransformer,CA_2__HOBBIES_2,1624,151,173.8599853515625,0.0005076156672386427,mean_spl,0.13653723674891852
store_dept,4,SetTransformer_Q,SetTransformer,CA_2__HOUSEHOLD_1,1624,152,7005.9794921875,0.02045522405512525,mean_spl,0.17640412094201863
store_dept,4,SetTransformer_Q,SetTransformer,CA_2__HOUSEHOLD_2,1624,153,4335.580078125,0.012658510063564834,mean_spl,0.18778333367073685
store_dept,4,SetTransformer_Q,SetTransformer,CA_3__FOODS_1,1624,154,2044.969970703125,0.005970659632015925,mean_spl,0.1259229277393179
store_dept,4,SetTransformer_Q,SetTransformer,CA_3__FOODS_2,1624,155,4304.5595703125,0.012567940081406588,mean_spl,0.21297597898999032
store_dept,4,SetTransformer_Q,SetTransformer,CA_3__FOODS_3,1624,156,25704.58984375,0.07504919834340437,mean_spl,0.18830742236835618
store_dept,4,SetTransformer_Q,SetTransformer,CA_3__HOBBIES_1,1624,157,4099.60986328125,0.011969552349608144,mean_spl,0.11874982239759954
store_dept,4,SetTransformer_Q,SetTransformer,CA_3__HOBBIES_2,1624,158,39.31000518798828,0.00011477266877887635,mean_spl,0.25666149940946786
store_dept,4,SetTransformer_Q,SetTransformer,CA_3__HOUSEHOLD_1,1624,159,14115.701171875,0.04121334218689569,mean_spl,0.23478366873294515
store_dept,4,SetTransformer_Q,SetTransformer,CA_3__HOUSEHOLD_2,1624,160,5836.0,0.01703925735421152,mean_spl,0.20962116418699994
store_dept,4,SetTransformer_Q,SetTransformer,CA_4__FOODS_1,1624,161,1358.300048828125,0.003965802621011052,mean_spl,0.2126763566536657
store_dept,4,SetTransformer_Q,SetTransformer,CA_4__FOODS_2,1624,162,2854.009765625,0.008332797616161288,mean_spl,0.17693678395967483
store_dept,4,SetTransformer_Q,SetTransformer,CA_4__FOODS_3,1624,163,9434.630859375,0.027546110907278345,mean_spl,0.20324912258616107
store_dept,4,SetTransformer_Q,SetTransformer,CA_4__HOBBIES_1,1624,164,4891.9697265625,0.014282990257009973,mean_spl,0.2321497758960225
store_dept,4,SetTransformer_Q,SetTransformer,CA_4__HOBBIES_2,1624,165,99.04000854492188,0.00028916521486638654,mean_spl,0.2922989173947286
store_dept,4,SetTransformer_Q,SetTransformer,CA_4__HOUSEHOLD_1,1624,166,3833.729736328125,0.011193267238483276,mean_spl,0.25771021098625213
store_dept,4,SetTransformer_Q,SetTransformer,CA_4__HOUSEHOLD_2,1624,167,1612.3299560546875,0.004707488872707398,mean_spl,0.24791980287521773
store_dept,4,SetTransformer_Q,SetTransformer,TX_1__FOODS_1,1624,168,1513.239990234375,0.004418177798541474,mean_spl,0.25366682004606655
store_dept,4,SetTransformer_Q,SetTransformer,TX_1__FOODS_2,1624,169,5011.76025390625,0.014632740363933699,mean_spl,0.17836320557718457
store_dept,4,SetTransformer_Q,SetTransformer,TX_1__FOODS_3,1624,170,12905.9208984375,0.03768116990774046,mean_spl,0.1452360252205056
store_dept,4,SetTransformer_Q,SetTransformer,TX_1__HOBBIES_1,1624,171,5998.2001953125,0.01751283015593069,mean_spl,0.15853603897999863
store_dept,4,SetTransformer_Q,SetTransformer,TX_1__HOBBIES_2,1624,172,80.80000305175781,0.00023591022039410171,mean_spl,0.21209326888672686
store_dept,4,SetTransformer_Q,SetTransformer,TX_1__HOUSEHOLD_1,1624,173,12742.5908203125,0.03720429820882762,mean_spl,0.1536219423214643
store_dept,4,SetTransformer_Q,SetTransformer,TX_1__HOUSEHOLD_2,1624,174,2314.31005859375,0.006757046724780543,mean_spl,0.17153293817219545
store_dept,4,SetTransformer_Q,SetTransformer,TX_2__FOODS_1,1624,175,541.9400634765625,0.001582292017158135,mean_spl,0.19258658511214766
store_dept,4,SetTransformer_Q,SetTransformer,TX_2__FOODS_2,1624,176,4587.2802734375,0.01339339430003416,mean_spl,0.14101258147522
store_dept,4,SetTransformer_Q,SetTransformer,TX_2__FOODS_3,1624,177,7761.94921875,0.022662414377759135,mean_spl,0.16412233390446973
store_dept,4,SetTransformer_Q,SetTransformer,TX_2__HOBBIES_1,1624,178,4952.37939453125,0.014459367206838965,mean_spl,0.15515854702695192
store_dept,4,SetTransformer_Q,SetTransformer,TX_2__HOBBIES_2,1624,179,237.43002319335938,0.0006932198884181049,mean_spl,0.24303307669522012
store_dept,4,SetTransformer_Q,SetTransformer,TX_2__HOUSEHOLD_1,1624,180,6273.56005859375,0.018316793071535505,mean_spl,0.14430059311479862
store_dept,4,SetTransformer_Q,SetTransformer,TX_2__HOUSEHOLD_2,1624,181,2541.360107421875,0.007419960400974634,mean_spl,0.21087865758447424
store_dept,4,SetTransformer_Q,SetTransformer,TX_3__FOODS_1,1624,182,1223.9598388671875,0.003573572084591719,mean_spl,0.14299750521591711
store_dept,4,SetTransformer_Q,SetTransformer,TX_3__FOODS_2,1624,183,6091.509765625,0.01778526432011259,mean_spl,0.2823790222888362
store_dept,4,SetTransformer_Q,SetTransformer,TX_3__FOODS_3,1624,184,12171.9892578125,0.03553832376226273,mean_spl,0.1704326779820605
store_dept,4,SetTransformer_Q,SetTransformer,TX_3__HOBBIES_1,1624,185,2727.900146484375,0.007964597778022373,mean_spl,0.25219473277398485
store_dept,4,SetTransformer_Q,SetTransformer,TX_3__HOBBIES_2,1624,186,316.3800354003906,0.000923728725997568,mean_spl,0.1392756500791728
store_dept,4,SetTransformer_Q,SetTransformer,TX_3__HOUSEHOLD_1,1624,187,10132.8505859375,0.029584689661679587,mean_spl,0.22090035645511327
store_dept,4,SetTransformer_Q,SetTransformer,TX_3__HOUSEHOLD_2,1624,188,1742.340087890625,0.00508707696301026,mean_spl,0.17849626356341616
store_dept,4,SetTransformer_Q,SetTransformer,WI_1__FOODS_1,1624,189,2585.879638671875,0.007549943223157227,mean_spl,0.15913785835418395
store_dept,4,SetTransformer_Q,SetTransformer,WI_1__FOODS_2,1624,190,3695.4501953125,0.010789535112680075,mean_spl,0.24384022114243237
store_dept,4,SetTransformer_Q,SetTransformer,WI_1__FOODS_3,1624,191,10767.6591796875,0.03143812814687002,mean_spl,0.24763079346699104
store_dept,4,SetTransformer_Q,SetTransformer,WI_1__HOBBIES_1,1624,192,3117.719970703125,0.009102747247973842,mean_spl,0.18062938659918043
store_dept,4,SetTransformer_Q,SetTransformer,WI_1__HOBBIES_2,1624,193,212.5600128173828,0.0006206073957522078,mean_spl,0.1934625162539043
store_dept,4,SetTransformer_Q,SetTransformer,WI_1__HOUSEHOLD_1,1624,194,6327.2294921875,0.018473490688235072,mean_spl,0.20272037915447344
store_dept,4,SetTransformer_Q,SetTransformer,WI_1__HOUSEHOLD_2,1624,195,1615.60986328125,0.004717065154978017,mean_spl,0.18032381902127545
store_dept,4,SetTransformer_Q,SetTransformer,WI_2__FOODS_1,1624,196,9135.740234375,0.0266734456776457,mean_spl,0.31058407526063964
store_dept,4,SetTransformer_Q,SetTransformer,WI_2__FOODS_2,1624,197,3920.800048828125,0.011447484761204166,mean_spl,0.2170648099789148
store_dept,4,SetTransformer_Q,SetTransformer,WI_2__FOODS_3,1624,198,9528.0,0.027818718997760002,mean_spl,0.15841281055397446
store_dept,4,SetTransformer_Q,SetTransformer,WI_2__HOBBIES_1,1624,199,2732.3798828125,0.007977677178326337,mean_spl,0.13849455599211744
store_dept,4,SetTransformer_Q,SetTransformer,WI_2__HOBBIES_2,1624,200,228.1800079345703,0.0006662127961417359,mean_spl,0.2033073861440951
store_dept,4,SetTransformer_Q,SetTransformer,WI_2__HOUSEHOLD_1,1624,201,9458.01953125,0.027614398364312502,mean_spl,0.48551911628947636
store_dept,4,SetTransformer_Q,SetTransformer,WI_2__HOUSEHOLD_2,1624,202,1385.5101318359375,0.00404524737889309,mean_spl,0.19862033235319865
store_dept,4,SetTransformer_Q,SetTransformer,WI_3__FOODS_1,1624,203,1268.830078125,0.0037045788622234723,mean_spl,0.24812960710254062
store_dept,4,SetTransformer_Q,SetTransformer,WI_3__FOODS_2,1624,204,3024.18994140625,0.008829669413920315,mean_spl,0.18141267561942132
store_dept,4,SetTransformer_Q,SetTransformer,WI_3__FOODS_3,1624,205,10186.060546875,0.029740045764870403,mean_spl,0.1742071640092515
store_dept,4,SetTransformer_Q,SetTransformer,WI_3__HOBBIES_1,1624,206,2255.8798828125,0.006586449260354817,mean_spl,0.17077591564482528
store_dept,4,SetTransformer_Q,SetTransformer,WI_3__HOBBIES_2,1624,207,190.6699981689453,0.0005566955395009764,mean_spl,0.217713664789902
store_dept,4,SetTransformer_Q,SetTransformer,WI_3__HOUSEHOLD_1,1624,208,5221.47021484375,0.015245026517832895,mean_spl,0.18675822873943004
store_dept,4,SetTransformer_Q,SetTransformer,WI_3__HOUSEHOLD_2,1624,209,1731.0699462890625,0.005054171746566218,mean_spl,0.18801636909430838
store_dept,4,SetTransformer_Q,SetTransformer,CA_1__FOODS_1,1652,210,2912.0703125,0.008132549264758957,mean_spl,0.22577109605207366
store_dept,4,SetTransformer_Q,SetTransformer,CA_1__FOODS_2,1652,211,2796.10986328125,0.007808706099988167,mean_spl,0.14709575522220886
store_dept,4,SetTransformer_Q,SetTransformer,CA_1__FOODS_3,1652,212,16442.25,0.045918330877693384,mean_spl,0.1328857738323411
store_dept,4,SetTransformer_Q,SetTransformer,CA_1__HOBBIES_1,1652,213,6472.3095703125,0.01807524228086003,mean_spl,0.14391530992584545
store_dept,4,SetTransformer_Q,SetTransformer,CA_1__HOBBIES_2,1652,214,103.760009765625,0.0002897709535064037,mean_spl,0.2826190927941918
store_dept,4,SetTransformer_Q,SetTransformer,CA_1__HOUSEHOLD_1,1652,215,9321.0205078125,0.026030847590536574,mean_spl,0.19135664611310163
store_dept,4,SetTransformer_Q,SetTransformer,CA_1__HOUSEHOLD_2,1652,216,2393.030029296875,0.006683023593821417,mean_spl,0.20112857462607073
store_dept,4,SetTransformer_Q,SetTransformer,CA_2__FOODS_1,1652,217,7144.73974609375,0.019953140458035843,mean_spl,0.2523649997280683
store_dept,4,SetTransformer_Q,SetTransformer,CA_2__FOODS_2,1652,218,4126.7900390625,0.01152490142629148,mean_spl,0.26507057954218577
store_dept,4,SetTransformer_Q,SetTransformer,CA_2__FOODS_3,1652,219,10970.9111328125,0.03063850308967777,mean_spl,0.2381228091794038
store_dept,4,SetTransformer_Q,SetTransformer,CA_2__HOBBIES_1,1652,220,3719.56005859375,0.010387628791069373,mean_spl,0.20301397506150443
store_dept,4,SetTransformer_Q,SetTransformer,CA_2__HOBBIES_2,1652,221,125.85999298095703,0.00035148965634044924,mean_spl,0.2844294458769132
store_dept,4,SetTransformer_Q,SetTransformer,CA_2__HOUSEHOLD_1,1652,222,7390.810546875,0.020640343270887637,mean_spl,0.20137811339758732
store_dept,4,SetTransformer_Q,SetTransformer,CA_2__HOUSEHOLD_2,1652,223,4772.2802734375,0.013327564331937063,mean_spl,0.15277434022503425
store_dept,4,SetTransformer_Q,SetTransformer,CA_3__FOODS_1,1652,224,1999.469970703125,0.0055839269987232884,mean_spl,0.13044242647425228
store_dept,4,SetTransformer_Q,SetTransformer,CA_3__FOODS_2,1652,225,4837.259765625,0.01350903279413233,mean_spl,0.18136919386444048
store_dept,4,SetTransformer_Q,SetTransformer,CA_3__FOODS_3,1652,226,24029.509765625,0.06710729859032269,mean_spl,0.1425712620079771
store_dept,4,SetTransformer_Q,SetTransformer,CA_3__HOBBIES_1,1652,227,4375.419921875,0.012219250996761853,mean_spl,0.12148775508557816
store_dept,4,SetTransformer_Q,SetTransformer,CA_3__HOBBIES_2,1652,228,116.95000457763672,0.0003266066995906083,mean_spl,0.22722269576254975
store_dept,4,SetTransformer_Q,SetTransformer,CA_3__HOUSEHOLD_1,1652,229,17274.9296875,0.048243758444222254,mean_spl,0.2883210298085326
store_dept,4,SetTransformer_Q,SetTransformer,CA_3__HOUSEHOLD_2,1652,230,5732.62060546875,0.016009510240885344,mean_spl,0.24826299336389507
store_dept,4,SetTransformer_Q,SetTransformer,CA_4__FOODS_1,1652,231,1234.8699951171875,0.0034486258892016987,mean_spl,0.21641777654794386
store_dept,4,SetTransformer_Q,SetTransformer,CA_4__FOODS_2,1652,232,3245.919921875,0.009064892272964644,mean_spl,0.15961712548533438
store_dept,4,SetTransformer_Q,SetTransformer,CA_4__FOODS_3,1652,233,10574.0810546875,0.029530274299240655,mean_spl,0.21001865368706782
store_dept,4,SetTransformer_Q,SetTransformer,CA_4__HOBBIES_1,1652,234,4814.67041015625,0.013445947419641132,mean_spl,0.1648030153337199
store_dept,4,SetTransformer_Q,SetTransformer,CA_4__HOBBIES_2,1652,235,99.33000183105469,0.0002773992543697036,mean_spl,0.2613001532598542
store_dept,4,SetTransformer_Q,SetTransformer,CA_4__HOUSEHOLD_1,1652,236,4143.0,0.011570171042666525,mean_spl,0.23006472500452554
store_dept,4,SetTransformer_Q,SetTransformer,CA_4__HOUSEHOLD_2,1652,237,1649.139892578125,0.00460555892599894,mean_spl,0.23071955710054326
store_dept,4,SetTransformer_Q,SetTransformer,TX_1__FOODS_1,1652,238,1119.7099609375,0.003127018046397376,mean_spl,0.2098124142172743
store_dept,4,SetTransformer_Q,SetTransformer,TX_1__FOODS_2,1652,239,5013.2099609375,0.014000409539185722,mean_spl,0.18725137955274435
store_dept,4,SetTransformer_Q,SetTransformer,TX_1__FOODS_3,1652,240,11401.0302734375,0.03183969836502317,mean_spl,0.262879367777417
store_dept,4,SetTransformer_Q,SetTransformer,TX_1__HOBBIES_1,1652,241,4637.939453125,0.012952390238519792,mean_spl,0.280886551605881
store_dept,4,SetTransformer_Q,SetTransformer,TX_1__HOBBIES_2,1652,242,106.32999420166016,0.0002969481583101492,mean_spl,0.2858209825454748
store_dept,4,SetTransformer_Q,SetTransformer,TX_1__HOUSEHOLD_1,1652,243,12742.048828125,0.035584765719385666,mean_spl,0.22591313099304214
store_dept,4,SetTransformer_Q,SetTransformer,TX_1__HOUSEHOLD_2,1652,244,2441.05029296875,0.006817129957373804,mean_spl,0.2243028487840701
store_dept,4,SetTransformer_Q,SetTransformer,TX_2__FOODS_1,1652,245,599.0999755859375,0.0016731086626084087,mean_spl,0.16051790627467521
store_dept,4,SetTransformer_Q,SetTransformer,TX_2__FOODS_2,1652,246,4469.77001953125,0.01248274285478143,mean_spl,0.10304768452158725
store_dept,4,SetTransformer_Q,SetTransformer,TX_2__FOODS_3,1652,247,10780.2197265625,0.03010595851167171,mean_spl,0.18247206883257838
store_dept,4,SetTransformer_Q,SetTransformer,TX_2__HOBBIES_1,1652,248,5179.759765625,0.014465533779436043,mean_spl,0.18773619037164335
store_dept,4,SetTransformer_Q,SetTransformer,TX_2__HOBBIES_2,1652,249,186.760009765625,0.0005215653528646758,mean_spl,0.27460804797849747
store_dept,4,SetTransformer_Q,SetTransformer,TX_2__HOUSEHOLD_1,1652,250,7181.52978515625,0.02005588413281728,mean_spl,0.1926415779055434
store_dept,4,SetTransformer_Q,SetTransformer,TX_2__HOUSEHOLD_2,1652,251,3241.17041015625,0.009051628294457503,mean_spl,0.17671256138659752
store_dept,4,SetTransformer_Q,SetTransformer,TX_3__FOODS_1,1652,252,1270.159912109375,0.003547180167666848,mean_spl,0.15890115246362002
store_dept,4,SetTransformer_Q,SetTransformer,TX_3__FOODS_2,1652,253,6379.099609375,0.01781493448676707,mean_spl,0.26650134554008376
store_dept,4,SetTransformer_Q,SetTransformer,TX_3__FOODS_3,1652,254,13397.4208984375,0.037415025663894985,mean_spl,0.22237091973702494
store_dept,4,SetTransformer_Q,SetTransformer,TX_3__HOBBIES_1,1652,255,3831.489990234375,0.010700215914862761,mean_spl,0.2942421654442901
store_dept,4,SetTransformer_Q,SetTransformer,TX_3__HOBBIES_2,1652,256,179.2400360107422,0.0005005642950369285,mean_spl,0.17638767046077222
store_dept,4,SetTransformer_Q,SetTransformer,TX_3__HOUSEHOLD_1,1652,257,9337.3095703125,0.02607633811413051,mean_spl,0.254269962175599
store_dept,4,SetTransformer_Q,SetTransformer,TX_3__HOUSEHOLD_2,1652,258,2009.77001953125,0.005612691982235049,mean_spl,0.18157688846388542
store_dept,4,SetTransformer_Q,SetTransformer,WI_1__FOODS_1,1652,259,2607.9599609375,0.0072832591891076,mean_spl,0.1846565521182472
store_dept,4,SetTransformer_Q,SetTransformer,WI_1__FOODS_2,1652,260,3778.159912109375,0.010551280813336084,mean_spl,0.24162566121263174
store_dept,4,SetTransformer_Q,SetTransformer,WI_1__FOODS_3,1652,261,9821.6796875,0.027429040287390422,mean_spl,0.15434812912122275
store_dept,4,SetTransformer_Q,SetTransformer,WI_1__HOBBIES_1,1652,262,3198.909912109375,0.00893360724913995,mean_spl,0.15625454292180796
store_dept,4,SetTransformer_Q,SetTransformer,WI_1__HOBBIES_2,1652,263,247.41000366210938,0.000690942809567308,mean_spl,0.20970763611393176
store_dept,4,SetTransformer_Q,SetTransformer,WI_1__HOUSEHOLD_1,1652,264,6200.14990234375,0.017315180994518307,mean_spl,0.17491626037079402
store_dept,4,SetTransformer_Q,SetTransformer,WI_1__HOUSEHOLD_2,1652,265,1591.97998046875,0.004445928233290937,mean_spl,0.18843883088379798
store_dept,4,SetTransformer_Q,SetTransformer,WI_2__FOODS_1,1652,266,10432.2509765625,0.02913418492851871,mean_spl,0.2888872601071659
store_dept,4,SetTransformer_Q,SetTransformer,WI_2__FOODS_2,1652,267,4274.830078125,0.011938333377321206,mean_spl,0.21185832891099088
store_dept,4,SetTransformer_Q,SetTransformer,WI_2__FOODS_3,1652,268,9833.7197265625,0.02746266454790539,mean_spl,0.15132495478345648
store_dept,4,SetTransformer_Q,SetTransformer,WI_2__HOBBIES_1,1652,269,2805.360107421875,0.007834539290162788,mean_spl,0.17720277439903195
store_dept,4,SetTransformer_Q,SetTransformer,WI_2__HOBBIES_2,1652,270,180.48001098632812,0.0005040271776234975,mean_spl,0.1431730750970124
store_dept,4,SetTransformer_Q,SetTransformer,WI_2__HOUSEHOLD_1,1652,271,11269.71875,0.03147298419991455,mean_spl,0.33280660069085954
store_dept,4,SetTransformer_Q,SetTransformer,WI_2__HOUSEHOLD_2,1652,272,1156.52001953125,0.0032298176297959435,mean_spl,0.21354649945751528
store_dept,4,SetTransformer_Q,SetTransformer,WI_3__FOODS_1,1652,273,1283.8699951171875,0.003585468365931281,mean_spl,0.21891287369777251
store_dept,4,SetTransformer_Q,SetTransformer,WI_3__FOODS_2,1652,274,3003.880126953125,0.00838894686471506,mean_spl,0.12902895585569757
store_dept,4,SetTransformer_Q,SetTransformer,WI_3__FOODS_3,1652,275,8792.7099609375,0.024555432820807285,mean_spl,0.11440160203221608
store_dept,4,SetTransformer_Q,SetTransformer,WI_3__HOBBIES_1,1652,276,2022.27001953125,0.005647600777319126,mean_spl,0.3041997176737828
store_dept,4,SetTransformer_Q,SetTransformer,WI_3__HOBBIES_2,1652,277,175.20001220703125,0.0004892817059890454,mean_spl,0.20217417218023753
store_dept,4,SetTransformer_Q,SetTransformer,WI_3__HOUSEHOLD_1,1652,278,5442.150390625,0.015198313024244677,mean_spl,0.17642265813376767
store_dept,4,SetTransformer_Q,SetTransformer,WI_3__HOUSEHOLD_2,1652,279,1633.949951171875,0.004563137921847746,mean_spl,0.21359853821818586
store_dept,5,SetTransformer,SetTransformer,CA_1__FOODS_1,1624,0,2858.880126953125,0.008347017516791502,rmsse,1.1336349081085595
store_dept,5,SetTransformer,SetTransformer,CA_1__FOODS_2,1624,1,3166.259765625,0.00924446795695165,rmsse,0.8939583618534378
store_dept,5,SetTransformer,SetTransformer,CA_1__FOODS_3,1624,2,16864.1796875,0.049238022234917564,rmsse,0.47955093186243586
store_dept,5,SetTransformer,SetTransformer,CA_1__HOBBIES_1,1624,3,4974.34033203125,0.014523486135180681,rmsse,0.6282561400897965
store_dept,5,SetTransformer,SetTransformer,CA_1__HOBBIES_2,1624,4,143.87001037597656,0.00042005451205437736,rmsse,1.806805148944339
store_dept,5,SetTransformer,SetTransformer,CA_1__HOUSEHOLD_1,1624,5,8321.009765625,0.024294692742185,rmsse,0.8144598172520224
store_dept,5,SetTransformer,SetTransformer,CA_1__HOUSEHOLD_2,1624,6,2499.0400390625,0.007296399308441527,rmsse,0.9559220154207715
store_dept,5,SetTransformer,SetTransformer,CA_2__FOODS_1,1624,7,6466.2802734375,0.01887947458936991,rmsse,0.8532754563056386
store_dept,5,SetTransformer,SetTransformer,CA_2__FOODS_2,1624,8,3255.18994140625,0.009504115686850893,rmsse,1.207484407869708
store_dept,5,SetTransformer,SetTransformer,CA_2__FOODS_3,1624,9,8264.2802734375,0.02412906073105468,rmsse,1.4736556661853726
store_dept,5,SetTransformer,SetTransformer,CA_2__HOBBIES_1,1624,10,3487.1298828125,0.01018130628869151,rmsse,0.8470097215416009
store_dept,5,SetTransformer,SetTransformer,CA_2__HOBBIES_2,1624,11,173.8599853515625,0.0005076156672386427,rmsse,1.08461864770403
store_dept,5,SetTransformer,SetTransformer,CA_2__HOUSEHOLD_1,1624,12,7005.9794921875,0.02045522405512525,rmsse,0.7513503919582623
store_dept,5,SetTransformer,SetTransformer,CA_2__HOUSEHOLD_2,1624,13,4335.580078125,0.012658510063564834,rmsse,0.6743351697268927
store_dept,5,SetTransformer,SetTransformer,CA_3__FOODS_1,1624,14,2044.969970703125,0.005970659632015925,rmsse,0.45483878873888417
store_dept,5,SetTransformer,SetTransformer,CA_3__FOODS_2,1624,15,4304.5595703125,0.012567940081406588,rmsse,0.863101136371686
store_dept,5,SetTransformer,SetTransformer,CA_3__FOODS_3,1624,16,25704.58984375,0.07504919834340437,rmsse,0.5621422870415024
store_dept,5,SetTransformer,SetTransformer,CA_3__HOBBIES_1,1624,17,4099.60986328125,0.011969552349608144,rmsse,0.489750453164635
store_dept,5,SetTransformer,SetTransformer,CA_3__HOBBIES_2,1624,18,39.31000518798828,0.00011477266877887635,rmsse,1.9788482273278227
store_dept,5,SetTransformer,SetTransformer,CA_3__HOUSEHOLD_1,1624,19,14115.701171875,0.04121334218689569,rmsse,1.0176594659219713
store_dept,5,SetTransformer,SetTransformer,CA_3__HOUSEHOLD_2,1624,20,5836.0,0.01703925735421152,rmsse,0.7540942642548658
store_dept,5,SetTransformer,SetTransformer,CA_4__FOODS_1,1624,21,1358.300048828125,0.003965802621011052,rmsse,1.0110579446007941
store_dept,5,SetTransformer,SetTransformer,CA_4__FOODS_2,1624,22,2854.009765625,0.008332797616161288,rmsse,0.7247616432938955
store_dept,5,SetTransformer,SetTransformer,CA_4__FOODS_3,1624,23,9434.630859375,0.027546110907278345,rmsse,0.8393940811443698
store_dept,5,SetTransformer,SetTransformer,CA_4__HOBBIES_1,1624,24,4891.9697265625,0.014282990257009973,rmsse,0.9426033040043954
store_dept,5,SetTransformer,SetTransformer,CA_4__HOBBIES_2,1624,25,99.04000854492188,0.00028916521486638654,rmsse,2.3496441037473477
store_dept,5,SetTransformer,SetTransformer,CA_4__HOUSEHOLD_1,1624,26,3833.729736328125,0.011193267238483276,rmsse,0.917528468561607
store_dept,5,SetTransformer,SetTransformer,CA_4__HOUSEHOLD_2,1624,27,1612.3299560546875,0.004707488872707398,rmsse,1.7315890585272795
store_dept,5,SetTransformer,SetTransformer,TX_1__FOODS_1,1624,28,1513.239990234375,0.004418177798541474,rmsse,1.060921857839232
store_dept,5,SetTransformer,SetTransformer,TX_1__FOODS_2,1624,29,5011.76025390625,0.014632740363933699,rmsse,0.7398264295306352
store_dept,5,SetTransformer,SetTransformer,TX_1__FOODS_3,1624,30,12905.9208984375,0.03768116990774046,rmsse,0.5742564824729727
store_dept,5,SetTransformer,SetTransformer,TX_1__HOBBIES_1,1624,31,5998.2001953125,0.01751283015593069,rmsse,0.6715169440912805
store_dept,5,SetTransformer,SetTransformer,TX_1__HOBBIES_2,1624,32,80.80000305175781,0.00023591022039410171,rmsse,1.6047058867232826
store_dept,5,SetTransformer,SetTransformer,TX_1__HOUSEHOLD_1,1624,33,12742.5908203125,0.03720429820882762,rmsse,0.6067705799066623
store_dept,5,SetTransformer,SetTransformer,TX_1__HOUSEHOLD_2,1624,34,2314.31005859375,0.006757046724780543,rmsse,1.0283940592055691
store_dept,5,SetTransformer,SetTransformer,TX_2__FOODS_1,1624,35,541.9400634765625,0.001582292017158135,rmsse,0.7979279340301849
store_dept,5,SetTransformer,SetTransformer,TX_2__FOODS_2,1624,36,4587.2802734375,0.01339339430003416,rmsse,0.5558734154042124
store_dept,5,SetTransformer,SetTransformer,TX_2__FOODS_3,1624,37,7761.94921875,0.022662414377759135,rmsse,0.6292749436149825
store_dept,5,SetTransformer,SetTransformer,TX_2__HOBBIES_1,1624,38,4952.37939453125,0.014459367206838965,rmsse,0.6379857014350518
store_dept,5,SetTransformer,SetTransformer,TX_2__HOBBIES_2,1624,39,237.43002319335938,0.0006932198884181049,rmsse,2.1075765001430025
store_dept,5,SetTransformer,SetTransformer,TX_2__HOUSEHOLD_1,1624,40,6273.56005859375,0.018316793071535505,rmsse,0.5660815295836892
store_dept,5,SetTransformer,SetTransformer,TX_2__HOUSEHOLD_2,1624,41,2541.360107421875,0.007419960400974634,rmsse,0.7940701084978686
store_dept,5,SetTransformer,SetTransformer,TX_3__FOODS_1,1624,42,1223.9598388671875,0.003573572084591719,rmsse,0.8260927897583891
store_dept,5,SetTransformer,SetTransformer,TX_3__FOODS_2,1624,43,6091.509765625,0.01778526432011259,rmsse,1.3127349867331959
store_dept,5,SetTransformer,SetTransformer,TX_3__FOODS_3,1624,44,12171.9892578125,0.03553832376226273,rmsse,0.6181157931068224
store_dept,5,SetTransformer,SetTransformer,TX_3__HOBBIES_1,1624,45,2727.900146484375,0.007964597778022373,rmsse,0.6732051698864062
store_dept,5,SetTransformer,SetTransformer,TX_3__HOBBIES_2,1624,46,316.3800354003906,0.000923728725997568,rmsse,1.5017374225889395
store_dept,5,SetTransformer,SetTransformer,TX_3__HOUSEHOLD_1,1624,47,10132.8505859375,0.029584689661679587,rmsse,0.8726873614783633
store_dept,5,SetTransformer,SetTransformer,TX_3__HOUSEHOLD_2,1624,48,1742.340087890625,0.00508707696301026,rmsse,0.9991368873919577
store_dept,5,SetTransformer,SetTransformer,WI_1__FOODS_1,1624,49,2585.879638671875,0.007549943223157227,rmsse,0.5430981476980375
store_dept,5,SetTransformer,SetTransformer,WI_1__FOODS_2,1624,50,3695.4501953125,0.010789535112680075,rmsse,1.0034234016959862
store_dept,5,SetTransformer,SetTransformer,WI_1__FOODS_3,1624,51,10767.6591796875,0.03143812814687002,rmsse,0.8326861850195321
store_dept,5,SetTransformer,SetTransformer,WI_1__HOBBIES_1,1624,52,3117.719970703125,0.009102747247973842,rmsse,0.707460439748808
store_dept,5,SetTransformer,SetTransformer,WI_1__HOBBIES_2,1624,53,212.5600128173828,0.0006206073957522078,rmsse,1.5354209880655554
store_dept,5,SetTransformer,SetTransformer,WI_1__HOUSEHOLD_1,1624,54,6327.2294921875,0.018473490688235072,rmsse,0.7843698281699005
store_dept,5,SetTransformer,SetTransformer,WI_1__HOUSEHOLD_2,1624,55,1615.60986328125,0.004717065154978017,rmsse,1.1609710889178728
store_dept,5,SetTransformer,SetTransformer,WI_2__FOODS_1,1624,56,9135.740234375,0.0266734456776457,rmsse,1.2936087760389274
store_dept,5,SetTransformer,SetTransformer,WI_2__FOODS_2,1624,57,3920.800048828125,0.011447484761204166,rmsse,0.9993214216782133
store_dept,5,SetTransformer,SetTransformer,WI_2__FOODS_3,1624,58,9528.0,0.027818718997760002,rmsse,0.6190779530959664
store_dept,5,SetTransformer,SetTransformer,WI_2__HOBBIES_1,1624,59,2732.3798828125,0.007977677178326337,rmsse,0.5022941347909768
store_dept,5,SetTransformer,SetTransformer,WI_2__HOBBIES_2,1624,60,228.1800079345703,0.0006662127961417359,rmsse,1.8431271488129923
store_dept,5,SetTransformer,SetTransformer,WI_2__HOUSEHOLD_1,1624,61,9458.01953125,0.027614398364312502,rmsse,1.7715003758459782
store_dept,5,SetTransformer,SetTransformer,WI_2__HOUSEHOLD_2,1624,62,1385.5101318359375,0.00404524737889309,rmsse,1.7929932495476422
store_dept,5,SetTransformer,SetTransformer,WI_3__FOODS_1,1624,63,1268.830078125,0.0037045788622234723,rmsse,1.1132898467249082
store_dept,5,SetTransformer,SetTransformer,WI_3__FOODS_2,1624,64,3024.18994140625,0.008829669413920315,rmsse,0.763377289152137
store_dept,5,SetTransformer,SetTransformer,WI_3__FOODS_3,1624,65,10186.060546875,0.029740045764870403,rmsse,0.6270891498414036
store_dept,5,SetTransformer,SetTransformer,WI_3__HOBBIES_1,1624,66,2255.8798828125,0.006586449260354817,rmsse,0.7302093929500487
store_dept,5,SetTransformer,SetTransformer,WI_3__HOBBIES_2,1624,67,190.6699981689453,0.0005566955395009764,rmsse,1.7436583283399671
store_dept,5,SetTransformer,SetTransformer,WI_3__HOUSEHOLD_1,1624,68,5221.47021484375,0.015245026517832895,rmsse,0.704348898642835
store_dept,5,SetTransformer,SetTransformer,WI_3__HOUSEHOLD_2,1624,69,1731.0699462890625,0.005054171746566218,rmsse,1.5154957300037692
store_dept,5,SetTransformer,SetTransformer,CA_1__FOODS_1,1652,70,2912.0703125,0.008132549264758957,rmsse,0.9251812532897232
store_dept,5,SetTransformer,SetTransformer,CA_1__FOODS_2,1652,71,2796.10986328125,0.007808706099988167,rmsse,0.6171347617210318
store_dept,5,SetTransformer,SetTransformer,CA_1__FOODS_3,1652,72,16442.25,0.045918330877693384,rmsse,0.5818580145852824
store_dept,5,SetTransformer,SetTransformer,CA_1__HOBBIES_1,1652,73,6472.3095703125,0.01807524228086003,rmsse,0.56981072359372
store_dept,5,SetTransformer,SetTransformer,CA_1__HOBBIES_2,1652,74,103.760009765625,0.0002897709535064037,rmsse,1.7086388273522604
store_dept,5,SetTransformer,SetTransformer,CA_1__HOUSEHOLD_1,1652,75,9321.0205078125,0.026030847590536574,rmsse,0.8310263422671522
store_dept,5,SetTransformer,SetTransformer,CA_1__HOUSEHOLD_2,1652,76,2393.030029296875,0.006683023593821417,rmsse,0.9997941770365859
store_dept,5,SetTransformer,SetTransformer,CA_2__FOODS_1,1652,77,7144.73974609375,0.019953140458035843,rmsse,1.0027399865632785
store_dept,5,SetTransformer,SetTransformer,CA_2__FOODS_2,1652,78,4126.7900390625,0.01152490142629148,rmsse,1.1200978233044214
store_dept,5,SetTransformer,SetTransformer,CA_2__FOODS_3,1652,79,10970.9111328125,0.03063850308967777,rmsse,1.0044624752293108
store_dept,5,SetTransformer,SetTransformer,CA_2__HOBBIES_1,1652,80,3719.56005859375,0.010387628791069373,rmsse,0.7760983395725706
store_dept,5,SetTransformer,SetTransformer,CA_2__HOBBIES_2,1652,81,125.85999298095703,0.00035148965634044924,rmsse,1.2132798168501973
store_dept,5,SetTransformer,SetTransformer,CA_2__HOUSEHOLD_1,1652,82,7390.810546875,0.020640343270887637,rmsse,0.9038793631325386
store_dept,5,SetTransformer,SetTransformer,CA_2__HOUSEHOLD_2,1652,83,4772.2802734375,0.013327564331937063,rmsse,0.8147118324073018
store_dept,5,SetTransformer,SetTransformer,CA_3__FOODS_1,1652,84,1999.469970703125,0.0055839269987232884,rmsse,0.4624319937597184
store_dept,5,SetTransformer,SetTransformer,CA_3__FOODS_2,1652,85,4837.259765625,0.01350903279413233,rmsse,0.7723329860173602
store_dept,5,SetTransformer,SetTransformer,CA_3__FOODS_3,1652,86,24029.509765625,0.06710729859032269,rmsse,0.5359815590095703
store_dept,5,SetTransformer,SetTransformer,CA_3__HOBBIES_1,1652,87,4375.419921875,0.012219250996761853,rmsse,0.5459512104368199
store_dept,5,SetTransformer,SetTransformer,CA_3__HOBBIES_2,1652,88,116.95000457763672,0.0003266066995906083,rmsse,1.9213014063113782
store_dept,5,SetTransformer,SetTransformer,CA_3__HOUSEHOLD_1,1652,89,17274.9296875,0.048243758444222254,rmsse,1.3225971237804168
store_dept,5,SetTransformer,SetTransformer,CA_3__HOUSEHOLD_2,1652,90,5732.62060546875,0.016009510240885344,rmsse,0.9346161271806146
store_dept,5,SetTransformer,SetTransformer,CA_4__FOODS_1,1652,91,1234.8699951171875,0.0034486258892016987,rmsse,0.9687284788419015
store_dept,5,SetTransformer,SetTransformer,CA_4__FOODS_2,1652,92,3245.919921875,0.009064892272964644,rmsse,0.721247080477624
store_dept,5,SetTransformer,SetTransformer,CA_4__FOODS_3,1652,93,10574.0810546875,0.029530274299240655,rmsse,0.9084646780233288
store_dept,5,SetTransformer,SetTransformer,CA_4__HOBBIES_1,1652,94,4814.67041015625,0.013445947419641132,rmsse,0.6827693987713691
store_dept,5,SetTransformer,SetTransformer,CA_4__HOBBIES_2,1652,95,99.33000183105469,0.0002773992543697036,rmsse,2.201769375086364
store_dept,5,SetTransformer,SetTransformer,CA_4__HOUSEHOLD_1,1652,96,4143.0,0.011570171042666525,rmsse,0.9361046237235919
store_dept,5,SetTransformer,SetTransformer,CA_4__HOUSEHOLD_2,1652,97,1649.139892578125,0.00460555892599894,rmsse,2.0189521104896775
store_dept,5,SetTransformer,SetTransformer,TX_1__FOODS_1,1652,98,1119.7099609375,0.003127018046397376,rmsse,1.0478956320090231
store_dept,5,SetTransformer,SetTransformer,TX_1__FOODS_2,1652,99,5013.2099609375,0.014000409539185722,rmsse,0.7606580615334075
store_dept,5,SetTransformer,SetTransformer,TX_1__FOODS_3,1652,100,11401.0302734375,0.03183969836502317,rmsse,0.9732195181650807
store_dept,5,SetTransformer,SetTransformer,TX_1__HOBBIES_1,1652,101,4637.939453125,0.012952390238519792,rmsse,1.1191996697253634
store_dept,5,SetTransformer,SetTransformer,TX_1__HOBBIES_2,1652,102,106.32999420166016,0.0002969481583101492,rmsse,1.7406518903410364
store_dept,5,SetTransformer,SetTransformer,TX_1__HOUSEHOLD_1,1652,103,12742.048828125,0.035584765719385666,rmsse,0.9537676837408329
store_dept,5,SetTransformer,SetTransformer,TX_1__HOUSEHOLD_2,1652,104,2441.05029296875,0.006817129957373804,rmsse,1.2922647535515899
store_dept,5,SetTransformer,SetTransformer,TX_2__FOODS_1,1652,105,599.0999755859375,0.0016731086626084087,rmsse,1.0907368323191353
store_dept,5,SetTransformer,SetTransformer,TX_2__FOODS_2,1652,106,4469.77001953125,0.01248274285478143,rmsse,0.39351139034947424
store_dept,5,SetTransformer,SetTransformer,TX_2__FOODS_3,1652,107,10780.2197265625,0.03010595851167171,rmsse,0.69032035835811
store_dept,5,SetTransformer,SetTransformer,TX_2__HOBBIES_1,1652,108,5179.759765625,0.014465533779436043,rmsse,0.7504001063371809
store_dept,5,SetTransformer,SetTransformer,TX_2__HOBBIES_2,1652,109,186.760009765625,0.0005215653528646758,rmsse,2.0649988199206035
store_dept,5,SetTransformer,SetTransformer,TX_2__HOUSEHOLD_1,1652,110,7181.52978515625,0.02005588413281728,rmsse,0.6867804157771035
store_dept,5,SetTransformer,SetTransformer,TX_2__HOUSEHOLD_2,1652,111,3241.17041015625,0.009051628294457503,rmsse,0.8923794766936121
store_dept,5,SetTransformer,SetTransformer,TX_3__FOODS_1,1652,112,1270.159912109375,0.003547180167666848,rmsse,0.6917594202968662
store_dept,5,SetTransformer,SetTransformer,TX_3__FOODS_2,1652,113,6379.099609375,0.01781493448676707,rmsse,1.1030095685901105
store_dept,5,SetTransformer,SetTransformer,TX_3__FOODS_3,1652,114,13397.4208984375,0.037415025663894985,rmsse,1.0166524933771592
store_dept,5,SetTransformer,SetTransformer,TX_3__HOBBIES_1,1652,115,3831.489990234375,0.010700215914862761,rmsse,0.9491394450652116
store_dept,5,SetTransformer,SetTransformer,TX_3__HOBBIES_2,1652,116,179.2400360107422,0.0005005642950369285,rmsse,1.2651572673366518
store_dept,5,SetTransformer,SetTransformer,TX_3__HOUSEHOLD_1,1652,117,9337.3095703125,0.02607633811413051,rmsse,0.9852139379222979
store_dept,5,SetTransformer,SetTransformer,TX_3__HOUSEHOLD_2,1652,118,2009.77001953125,0.005612691982235049,rmsse,1.373994717268668
store_dept,5,SetTransformer,SetTransformer,WI_1__FOODS_1,1652,119,2607.9599609375,0.0072832591891076,rmsse,0.598203164497375
store_dept,5,SetTransformer,SetTransformer,WI_1__FOODS_2,1652,120,3778.159912109375,0.010551280813336084,rmsse,0.7629389175107055
store_dept,5,SetTransformer,SetTransformer,WI_1__FOODS_3,1652,121,9821.6796875,0.027429040287390422,rmsse,0.5664809581739941
store_dept,5,SetTransformer,SetTransformer,WI_1__HOBBIES_1,1652,122,3198.909912109375,0.00893360724913995,rmsse,0.6803815210610756
store_dept,5,SetTransformer,SetTransformer,WI_1__HOBBIES_2,1652,123,247.41000366210938,0.000690942809567308,rmsse,1.5487167167748814
store_dept,5,SetTransformer,SetTransformer,WI_1__HOUSEHOLD_1,1652,124,6200.14990234375,0.017315180994518307,rmsse,0.7393760778535517
store_dept,5,SetTransformer,SetTransformer,WI_1__HOUSEHOLD_2,1652,125,1591.97998046875,0.004445928233290937,rmsse,1.3842986653365257
store_dept,5,SetTransformer,SetTransformer,WI_2__FOODS_1,1652,126,10432.2509765625,0.02913418492851871,rmsse,1.1242280109565244
store_dept,5,SetTransformer,SetTransformer,WI_2__FOODS_2,1652,127,4274.830078125,0.011938333377321206,rmsse,1.065695879954934
store_dept,5,SetTransformer,SetTransformer,WI_2__FOODS_3,1652,128,9833.7197265625,0.02746266454790539,rmsse,0.6909922301853179
store_dept,5,SetTransformer,SetTransformer,WI_2__HOBBIES_1,1652,129,2805.360107421875,0.007834539290162788,rmsse,0.6459080870677109
store_dept,5,SetTransformer,SetTransformer,WI_2__HOBBIES_2,1652,130,180.48001098632812,0.0005040271776234975,rmsse,1.4770215503823643
store_dept,5,SetTransformer,SetTransformer,WI_2__HOUSEHOLD_1,1652,131,11269.71875,0.03147298419991455,rmsse,1.3954230405117019
store_dept,5,SetTransformer,SetTransformer,WI_2__HOUSEHOLD_2,1652,132,1156.52001953125,0.0032298176297959435,rmsse,1.2893071899277018
store_dept,5,SetTransformer,SetTransformer,WI_3__FOODS_1,1652,133,1283.8699951171875,0.003585468365931281,rmsse,1.0310886307585758
store_dept,5,SetTransformer,SetTransformer,WI_3__FOODS_2,1652,134,3003.880126953125,0.00838894686471506,rmsse,0.5995600683200865
store_dept,5,SetTransformer,SetTransformer,WI_3__FOODS_3,1652,135,8792.7099609375,0.024555432820807285,rmsse,0.43917047951578436
store_dept,5,SetTransformer,SetTransformer,WI_3__HOBBIES_1,1652,136,2022.27001953125,0.005647600777319126,rmsse,1.1630246890823992
store_dept,5,SetTransformer,SetTransformer,WI_3__HOBBIES_2,1652,137,175.20001220703125,0.0004892817059890454,rmsse,1.9022186289703447
store_dept,5,SetTransformer,SetTransformer,WI_3__HOUSEHOLD_1,1652,138,5442.150390625,0.015198313024244677,rmsse,0.6717193823353445
store_dept,5,SetTransformer,SetTransformer,WI_3__HOUSEHOLD_2,1652,139,1633.949951171875,0.004563137921847746,rmsse,1.5872565888841743
store_dept,5,SetTransformer,SetTransformer,CA_1__FOODS_1,1680,140,2677.030029296875,0.007543685055638456,rmsse,0.8509796828348068
store_dept,5,SetTransformer,SetTransformer,CA_1__FOODS_2,1680,141,2762.050048828125,0.007783265577242256,rmsse,0.9917361074473727
store_dept,5,SetTransformer,SetTransformer,CA_1__FOODS_3,1680,142,16095.470703125,0.04535592073224578,rmsse,0.43603744798634303
store_dept,5,SetTransformer,SetTransformer,CA_1__HOBBIES_1,1680,143,6485.3603515625,0.01827529591715563,rmsse,0.6126767484243746
store_dept,5,SetTransformer,SetTransformer,CA_1__HOBBIES_2,1680,144,127.75000762939453,0.000359990666098236,rmsse,2.0236788732090796
store_dept,5,SetTransformer,SetTransformer,CA_1__HOUSEHOLD_1,1680,145,8938.0400390625,0.02518677726117379,rmsse,0.7676126888265051
store_dept,5,SetTransformer,SetTransformer,CA_1__HOUSEHOLD_2,1680,146,2698.840087890625,0.0076051442889215,rmsse,1.1277588083056835
store_dept,5,SetTransformer,SetTransformer,CA_2__FOODS_1,1680,147,7650.9306640625,0.021559792262537122,rmsse,0.7094950628300299
store_dept,5,SetTransformer,SetTransformer,CA_2__FOODS_2,1680,148,4356.88037109375,0.012277386874609319,rmsse,1.0294800873509098
store_dept,5,SetTransformer,SetTransformer,CA_2__FOODS_3,1680,149,10269.6201171875,0.028939077618587335,rmsse,0.9565667874683094
store_dept,5,SetTransformer,SetTransformer,CA_2__HOBBIES_1,1680,150,3557.010009765625,0.01002340764196547,rmsse,0.7814023977977331
store_dept,5,SetTransformer,SetTransformer,CA_2__HOBBIES_2,1680,151,220.0800018310547,0.0006201701896089184,rmsse,1.244927854528471
store_dept,5,SetTransformer,SetTransformer,CA_2__HOUSEHOLD_1,1680,152,7564.439453125,0.02131606602553086,rmsse,0.972412161681865
store_dept,5,SetTransformer,SetTransformer,CA_2__HOUSEHOLD_2,1680,153,4621.71044921875,0.01302365967721955,rmsse,0.7546298592830291
store_dept,5,SetTransformer,SetTransformer,CA_3__FOODS_1,1680,154,2286.559814453125,0.006443367056903718,rmsse,0.569215804264291
store_dept,5,SetTransformer,SetTransformer,CA_3__FOODS_2,1680,155,4804.63037109375,0.013539115337382399,rmsse,0.9464996261600911
store_dept,5,SetTransformer,SetTransformer,CA_3__FOODS_3,1680,156,22991.513671875,0.06478849179685335,rmsse,0.40730177939218193
store_dept,5,SetTransformer,SetTransformer,CA_3__HOBBIES_1,1680,157,4002.510009765625,0.011278795760704514,rmsse,0.9506942332528122
store_dept,5,SetTransformer,SetTransformer,CA_3__HOBBIES_2,1680,158,97.20001220703125,0.0002739028966689048,rmsse,1.7889516005636101
store_dept,5,SetTransformer,SetTransformer,CA_3__HOUSEHOLD_1,1680,159,18491.53125,0.052107853262719966,rmsse,0.8628601831286011
store_dept,5,SetTransformer,SetTransformer,CA_3__HOUSEHOLD_2,1680,160,4898.33984375,0.013803182135555142,rmsse,0.7175820032014305
store_dept,5,SetTransformer,SetTransformer,CA_4__FOODS_1,1680,161,1364.1500244140625,0.003844080208365861,rmsse,0.8893644102145648
store_dept,5,SetTransformer,SetTransformer,CA_4__FOODS_2,1680,162,3486.6298828125,0.009825081322835732,rmsse,0.9185613417607138
store_dept,5,SetTransformer,SetTransformer,CA_4__FOODS_3,1680,163,12055.4404296875,0.0339713954693513,rmsse,0.676940008616449
store_dept,5,SetTransformer,SetTransformer,CA_4__HOBBIES_1,1680,164,4832.689453125,0.013618183885541221,rmsse,0.6922877999613124
store_dept,5,SetTransformer,SetTransformer,CA_4__HOBBIES_2,1680,165,109.08999633789062,0.0003074080477572923,rmsse,2.3716038873792398
store_dept,5,SetTransformer,SetTransformer,CA_4__HOUSEHOLD_1,1680,166,3967.669677734375,0.01118061812010978,rmsse,0.7908473493132012
store_dept,5,SetTransformer,SetTransformer,CA_4__HOUSEHOLD_2,1680,167,1538.719970703125,0.004336006216132869,rmsse,1.977066939308531
store_dept,5,SetTransformer,SetTransformer,TX_1__FOODS_1,1680,168,826.570068359375,0.0023292171562821077,rmsse,0.8666669195267925
store_dept,5,SetTransformer,SetTransformer,TX_1__FOODS_2,1680,169,5038.81982421875,0.014199044982695797,rmsse,0.8448978180730845
store_dept,5,SetTransformer,SetTransformer,TX_1__FOODS_3,1680,170,9620.6689453125,0.027110378200374867,rmsse,0.5937478279285825
store_dept,5,SetTransformer,SetTransformer,TX_1__HOBBIES_1,1680,171,5783.56982421875,0.016297698857961573,rmsse,0.5229910288723882
store_dept,5,SetTransformer,SetTransformer,TX_1__HOBBIES_2,1680,172,97.6500015258789,0.000275170935376965,rmsse,1.97124695178329
store_dept,5,SetTransformer,SetTransformer,TX_1__HOUSEHOLD_1,1680,173,11477.259765625,0.03234212243646979,rmsse,0.5280102032107535
store_dept,5,SetTransformer,SetTransformer,TX_1__HOUSEHOLD_2,1680,174,2117.0498046875,0.005965699599514033,rmsse,1.1833486385972618
store_dept,5,SetTransformer,SetTransformer,TX_2__FOODS_1,1680,175,484.1099853515625,0.0013641883810848131,rmsse,0.8994056244865075
store_dept,5,SetTransformer,SetTransformer,TX_2__FOODS_2,1680,176,4542.3798828125,0.012800111640139314,rmsse,0.5658022941443112
store_dept,5,SetTransformer,SetTransformer,TX_2__FOODS_3,1680,177,10389.5703125,0.029277088954245564,rmsse,0.6468804643730959
store_dept,5,SetTransformer,SetTransformer,TX_2__HOBBIES_1,1680,178,4721.259765625,0.013304182750272299,rmsse,0.8413023629628226
store_dept,5,SetTransformer,SetTransformer,TX_2__HOBBIES_2,1680,179,194.41000366210938,0.0005478339141670621,rmsse,2.5909190587036126
store_dept,5,SetTransformer,SetTransformer,TX_2__HOUSEHOLD_1,1680,180,7819.6796875,0.022035315313204358,rmsse,0.5952140563301603
store_dept,5,SetTransformer,SetTransformer,TX_2__HOUSEHOLD_2,1680,181,3046.819580078125,0.008585726376591609,rmsse,1.2339800913109817
store_dept,5,SetTransformer,SetTransformer,TX_3__FOODS_1,1680,182,1190.3101806640625,0.0033542115789445327,rmsse,1.2153729683062104
store_dept,5,SetTransformer,SetTransformer,TX_3__FOODS_2,1680,183,6715.240234375,0.01892308149206009,rmsse,1.042717658736256
store_dept,5,SetTransformer,SetTransformer,TX_3__FOODS_3,1680,184,11706.75,0.032988810009087106,rmsse,0.44837125861053734
store_dept,5,SetTransformer,SetTransformer,TX_3__HOBBIES_1,1680,185,3899.72998046875,0.010989168762673206,rmsse,0.867080942631781
store_dept,5,SetTransformer,SetTransformer,TX_3__HOBBIES_2,1680,186,224.08999633789062,0.0006314700761635551,rmsse,1.213357238961826
store_dept,5,SetTransformer,SetTransformer,TX_3__HOUSEHOLD_1,1680,187,8750.3798828125,0.02465796394912674,rmsse,1.1478366214005868
store_dept,5,SetTransformer,SetTransformer,TX_3__HOUSEHOLD_2,1680,188,1798.669921875,0.005068527159270841,rmsse,1.1424613294336696
store_dept,5,SetTransformer,SetTransformer,WI_1__FOODS_1,1680,189,2904.14990234375,0.00818369311434231,rmsse,0.5684355382273285
store_dept,5,SetTransformer,SetTransformer,WI_1__FOODS_2,1680,190,3773.469970703125,0.010633376807271094,rmsse,1.1393974893864431
store_dept,5,SetTransformer,SetTransformer,WI_1__FOODS_3,1680,191,9307.9296875,0.02622910065038367,rmsse,0.5496435624537672
store_dept,5,SetTransformer,SetTransformer,WI_1__HOBBIES_1,1680,192,3249.199951171875,0.00915602023368946,rmsse,0.4514989224722157
store_dept,5,SetTransformer,SetTransformer,WI_1__HOBBIES_2,1680,193,267.3900451660156,0.0007534866122794891,rmsse,1.677413716629428
store_dept,5,SetTransformer,SetTransformer,WI_1__HOUSEHOLD_1,1680,194,5686.15966796875,0.01602320378994639,rmsse,0.9286665186098366
store_dept,5,SetTransformer,SetTransformer,WI_1__HOUSEHOLD_2,1680,195,1533.320068359375,0.004320789665639727,rmsse,1.626324484597116
store_dept,5,SetTransformer,SetTransformer,WI_2__FOODS_1,1680,196,10997.01953125,0.030988838745392735,rmsse,1.0288278075710975
store_dept,5,SetTransformer,SetTransformer,WI_2__FOODS_2,1680,197,4939.349609375,0.013918744812362995,rmsse,1.04316528147521
store_dept,5,SetTransformer,SetTransformer,WI_2__FOODS_3,1680,198,10317.259765625,0.029073322845589226,rmsse,0.8895126461524622
store_dept,5,SetTransformer,SetTransformer,WI_2__HOBBIES_1,1680,199,3044.68994140625,0.008579725202437,rmsse,0.5048455919398994
store_dept,5,SetTransformer,SetTransformer,WI_2__HOBBIES_2,1680,200,322.7400207519531,0.0009094590067196285,rmsse,1.7179275586331162
store_dept,5,SetTransformer,SetTransformer,WI_2__HOUSEHOLD_1,1680,201,10840.791015625,0.030548597617841976,rmsse,1.1410601093238
store_dept,5,SetTransformer,SetTransformer,WI_2__HOUSEHOLD_2,1680,202,1518.010009765625,0.004277646981788341,rmsse,1.4984750626652539
store_dept,5,SetTransformer,SetTransformer,WI_3__FOODS_1,1680,203,1171.7099609375,0.0033017974490889496,rmsse,0.8355453580367462
store_dept,5,SetTransformer,SetTransformer,WI_3__FOODS_2,1680,204,3072.830078125,0.00865902215708663,rmsse,0.5932141481363464
store_dept,5,SetTransformer,SetTransformer,WI_3__FOODS_3,1680,205,9088.4794921875,0.025610705211886978,rmsse,0.5561065160196638
store_dept,5,SetTransformer,SetTransformer,WI_3__HOBBIES_1,1680,206,2430.940185546875,0.006850220934457541,rmsse,1.0197364443615542
store_dept,5,SetTransformer,SetTransformer,WI_3__HOBBIES_2,1680,207,140.00001525878906,0.0003945103384493124,rmsse,1.777848173506706
store_dept,5,SetTransformer,SetTransformer,WI_3__HOUSEHOLD_1,1680,208,5430.0498046875,0.015301503948296194,rmsse,0.8405542131732242
store_dept,5,SetTransformer,SetTransformer,WI_3__HOUSEHOLD_2,1680,209,1437.9700927734375,0.004052100043927844,rmsse,1.6784462994004963
store_dept,5,SetTransformer,SetTransformer,CA_1__FOODS_1,1708,210,2354.2900390625,0.00672629301433993,rmsse,0.5952160836538449
store_dept,5,SetTransformer,SetTransformer,CA_1__FOODS_2,1708,211,3504.670166015625,0.01001297124148035,rmsse,1.0020445205957054
store_dept,5,SetTransformer,SetTransformer,CA_1__FOODS_3,1708,212,15070.7109375,0.04305757405336902,rmsse,1.1220942968021241
store_dept,5,SetTransformer,SetTransformer,CA_1__HOBBIES_1,1708,213,6784.52099609375,0.01938362539215437,rmsse,0.6120451934328142
store_dept,5,SetTransformer,SetTransformer,CA_1__HOBBIES_2,1708,214,111.55001068115234,0.00031870247299392357,rmsse,1.7908060619932724
store_dept,5,SetTransformer,SetTransformer,CA_1__HOUSEHOLD_1,1708,215,9023.8798828125,0.025781555887725096,rmsse,0.819709307579903
store_dept,5,SetTransformer,SetTransformer,CA_1__HOUSEHOLD_2,1708,216,2391.800048828125,0.006833460488384384,rmsse,1.166117234594666
store_dept,5,SetTransformer,SetTransformer,CA_2__FOODS_1,1708,217,7293.529296875,0.020837880781668452,rmsse,0.8683475232536967
store_dept,5,SetTransformer,SetTransformer,CA_2__FOODS_2,1708,218,4431.35009765625,0.012660529803638403,rmsse,1.5779405131066766
store_dept,5,SetTransformer,SetTransformer,CA_2__FOODS_3,1708,219,10807.83984375,0.030878394944944373,rmsse,0.7822951418852981
store_dept,5,SetTransformer,SetTransformer,CA_2__HOBBIES_1,1708,220,3684.760009765625,0.01052749453209902,rmsse,1.2854434953883977
store_dept,5,SetTransformer,SetTransformer,CA_2__HOBBIES_2,1708,221,208.17999267578125,0.0005947778766536555,rmsse,1.7431991830939195
store_dept,5,SetTransformer,SetTransformer,CA_2__HOUSEHOLD_1,1708,222,7297.67041015625,0.020849712094239588,rmsse,0.942471332399081
store_dept,5,SetTransformer,SetTransformer,CA_2__HOUSEHOLD_2,1708,223,4297.31982421875,0.012277600395207604,rmsse,0.6495937805197589
store_dept,5,SetTransformer,SetTransformer,CA_3__FOODS_1,1708,224,2037.020263671875,0.005819841626251419,rmsse,0.8101951443671918
store_dept,5,SetTransformer,SetTransformer,CA_3__FOODS_2,1708,225,5473.76025390625,0.01563873386334442,rmsse,1.076605425810469
store_dept,5,SetTransformer,SetTransformer,CA_3__FOODS_3,1708,226,23709.330078125,0.06773842586645636,rmsse,0.42813191418361646
store_dept,5,SetTransformer,SetTransformer,CA_3__HOBBIES_1,1708,227,4353.6396484375,0.012438508199227486,rmsse,0.5947277711856129
store_dept,5,SetTransformer,SetTransformer,CA_3__HOBBIES_2,1708,228,117.08000946044922,0.00033450188238755323,rmsse,2.2211335610338545
store_dept,5,SetTransformer,SetTransformer,CA_3__HOUSEHOLD_1,1708,229,17030.759765625,0.04865750546438254,rmsse,0.7613668701858401
store_dept,5,SetTransformer,SetTransformer,CA_3__HOUSEHOLD_2,1708,230,4214.96044921875,0.012042296639282739,rmsse,0.5526188942056913
store_dept,5,SetTransformer,SetTransformer,CA_4__FOODS_1,1708,231,1043.760009765625,0.0029820606407227473,rmsse,1.1326832211034377
store_dept,5,SetTransformer,SetTransformer,CA_4__FOODS_2,1708,232,3713.85986328125,0.010610633881190608,rmsse,0.6551602490431575
store_dept,5,SetTransformer,SetTransformer,CA_4__FOODS_3,1708,233,10821.44140625,0.030917255108012593,rmsse,0.7113983437631168
store_dept,5,SetTransformer,SetTransformer,CA_4__HOBBIES_1,1708,234,4728.69970703125,0.013510068546601531,rmsse,0.804303445866988
store_dept,5,SetTransformer,SetTransformer,CA_4__HOBBIES_2,1708,235,95.7300033569336,0.0002735041316739762,rmsse,1.8981383433309356
store_dept,5,SetTransformer,SetTransformer,CA_4__HOUSEHOLD_1,1708,236,4069.969970703125,0.011628053522842505,rmsse,0.9196333454540548
store_dept,5,SetTransformer,SetTransformer,CA_4__HOUSEHOLD_2,1708,237,1437.900146484375,0.004108133471298034,rmsse,1.984370894698042
store_dept,5,SetTransformer,SetTransformer,TX_1__FOODS_1,1708,238,1073.0400390625,0.0030657147586315436,rmsse,0.7554820662381689
store_dept,5,SetTransformer,SetTransformer,TX_1__FOODS_2,1708,239,5225.14013671875,0.01492841706731848,rmsse,0.7946733305710955
store_dept,5,SetTransformer,SetTransformer,TX_1__FOODS_3,1708,240,11660.0908203125,0.0333133072518407,rmsse,0.8012738427713332
store_dept,5,SetTransformer,SetTransformer,TX_1__HOBBIES_1,1708,241,4595.099609375,0.013128368166159787,rmsse,1.037561641773792
store_dept,5,SetTransformer,SetTransformer,TX_1__HOBBIES_2,1708,242,96.20000457763672,0.0002748469424046394,rmsse,1.5069857401872813
store_dept,5,SetTransformer,SetTransformer,TX_1__HOUSEHOLD_1,1708,243,11967.7998046875,0.034192443109237185,rmsse,0.6885777112615065
store_dept,5,SetTransformer,SetTransformer,TX_1__HOUSEHOLD_2,1708,244,2081.780029296875,0.00594772191876067,rmsse,1.474574045179571
store_dept,5,SetTransformer,SetTransformer,TX_2__FOODS_1,1708,245,478.6199951171875,0.0013674348853644728,rmsse,1.056254467663833
store_dept,5,SetTransformer,SetTransformer,TX_2__FOODS_2,1708,246,4991.48974609375,0.014260869329281684,rmsse,0.6102393474749189
store_dept,5,SetTransformer,SetTransformer,TX_2__FOODS_3,1708,247,9153.9296875,0.02615311295090417,rmsse,0.501272007098053
store_dept,5,SetTransformer,SetTransformer,TX_2__HOBBIES_1,1708,248,4488.7998046875,0.012824665724306041,rmsse,0.6569528529685317
store_dept,5,SetTransformer,SetTransformer,TX_2__HOBBIES_2,1708,249,106.89000701904297,0.00030538867156794185,rmsse,1.9649636217347546
store_dept,5,SetTransformer,SetTransformer,TX_2__HOUSEHOLD_1,1708,250,7779.02978515625,0.022224973488429934,rmsse,0.6756667910678806
store_dept,5,SetTransformer,SetTransformer,TX_2__HOUSEHOLD_2,1708,251,2405.5,0.0068726017514977745,rmsse,0.9114538343713015
store_dept,5,SetTransformer,SetTransformer,TX_3__FOODS_1,1708,252,2326.159912109375,0.006645924209614134,rmsse,1.0517438714834848
store_dept,5,SetTransformer,SetTransformer,TX_3__FOODS_2,1708,253,6259.36083984375,0.017883223558996773,rmsse,1.2468183597829512
store_dept,5,SetTransformer,SetTransformer,TX_3__FOODS_3,1708,254,10799.1806640625,0.03085365535089455,rmsse,0.6188371927005675
store_dept,5,SetTransformer,SetTransformer,TX_3__HOBBIES_1,1708,255,3801.2099609375,0.010860196314840927,rmsse,0.8104652348794776
store_dept,5,SetTransformer,SetTransformer,TX_3__HOBBIES_2,1708,256,248.95001220703125,0.0007112593181997237,rmsse,1.379646837661029
store_dept,5,SetTransformer,SetTransformer,TX_3__HOUSEHOLD_1,1708,257,7539.970703125,0.02154197292061475,rmsse,0.8811186910259751
store_dept,5,SetTransformer,SetTransformer,TX_3__HOUSEHOLD_2,1708,258,1770.510009765625,0.0050584120532777286,rmsse,1.0213129503883327
store_dept,5,SetTransformer,SetTransformer,WI_1__FOODS_1,1708,259,2926.960205078125,0.008362432688415801,rmsse,0.6906394070294547
store_dept,5,SetTransformer,SetTransformer,WI_1__FOODS_2,1708,260,4155.56982421875,0.011872615444771183,rmsse,1.7997286598178799
store_dept,5,SetTransformer,SetTransformer,WI_1__FOODS_3,1708,261,9793.0693359375,0.02797915837485064,rmsse,0.6544159637710938
store_dept,5,SetTransformer,SetTransformer,WI_1__HOBBIES_1,1708,262,3119.93017578125,0.008913754974277687,rmsse,0.8177276940912476
store_dept,5,SetTransformer,SetTransformer,WI_1__HOBBIES_2,1708,263,163.74000549316406,0.0004678112028861254,rmsse,1.4900755059867834
store_dept,5,SetTransformer,SetTransformer,WI_1__HOUSEHOLD_1,1708,264,5966.89013671875,0.017047624030184193,rmsse,0.8618906139661863
store_dept,5,SetTransformer,SetTransformer,WI_1__HOUSEHOLD_2,1708,265,1234.610107421875,0.003527326371517121,rmsse,1.2846800427913665
store_dept,5,SetTransformer,SetTransformer,WI_2__FOODS_1,1708,266,10760.2900390625,0.030742543408474328,rmsse,1.0883842573898102
store_dept,5,SetTransformer,SetTransformer,WI_2__FOODS_2,1708,267,5265.87060546875,0.015044785510831502,rmsse,1.5464842784603552
store_dept,5,SetTransformer,SetTransformer,WI_2__FOODS_3,1708,268,10658.37890625,0.03045137956317634,rmsse,0.6466737516733317
store_dept,5,SetTransformer,SetTransformer,WI_2__HOBBIES_1,1708,269,3197.070068359375,0.00913414647743411,rmsse,0.5225848149737601
store_dept,5,SetTransformer,SetTransformer,WI_2__HOBBIES_2,1708,270,263.59002685546875,0.0007530863771541218,rmsse,1.5650741973616544
store_dept,5,SetTransformer,SetTransformer,WI_2__HOUSEHOLD_1,1708,271,9898.310546875,0.0282798363755236,rmsse,1.2722743250650002
store_dept,5,SetTransformer,SetTransformer,WI_2__HOUSEHOLD_2,1708,272,1296.1199951171875,0.003703062377299385,rmsse,1.492565428719675
store_dept,5,SetTransformer,SetTransformer,WI_3__FOODS_1,1708,273,1197.5599365234375,0.003421472673986506,rmsse,0.9709333635734593
store_dept,5,SetTransformer,SetTransformer,WI_3__FOODS_2,1708,274,2744.72998046875,0.007841794251156926,rmsse,0.825450683816804
store_dept,5,SetTransformer,SetTransformer,WI_3__FOODS_3,1708,275,9562.7109375,0.027321015979268105,rmsse,0.5061433932828902
store_dept,5,SetTransformer,SetTransformer,WI_3__HOBBIES_1,1708,276,2060.580078125,0.0058871528804919126,rmsse,0.7694157070865207
store_dept,5,SetTransformer,SetTransformer,WI_3__HOBBIES_2,1708,277,177.99000549316406,0.0005085239756813211,rmsse,1.7938703617043859
store_dept,5,SetTransformer,SetTransformer,WI_3__HOUSEHOLD_1,1708,278,5443.83056640625,0.015553223648115035,rmsse,0.7374585532945692
store_dept,5,SetTransformer,SetTransformer,WI_3__HOUSEHOLD_2,1708,279,1166.4700927734375,0.0033326478497877773,rmsse,1.287319880219409
store_dept,5,SetTransformer_Q,SetTransformer,CA_1__FOODS_1,1624,0,2858.880126953125,0.008347017516791502,mean_spl,0.25814620316776565
store_dept,5,SetTransformer_Q,SetTransformer,CA_1__FOODS_2,1624,1,3166.259765625,0.00924446795695165,mean_spl,0.19815073357371216
store_dept,5,SetTransformer_Q,SetTransformer,CA_1__FOODS_3,1624,2,16864.1796875,0.049238022234917564,mean_spl,0.12988574232306244
store_dept,5,SetTransformer_Q,SetTransformer,CA_1__HOBBIES_1,1624,3,4974.34033203125,0.014523486135180681,mean_spl,0.1388681971056708
store_dept,5,SetTransformer_Q,SetTransformer,CA_1__HOBBIES_2,1624,4,143.87001037597656,0.00042005451205437736,mean_spl,0.24844330182222998
store_dept,5,SetTransformer_Q,SetTransformer,CA_1__HOUSEHOLD_1,1624,5,8321.009765625,0.024294692742185,mean_spl,0.18742811972811277
store_dept,5,SetTransformer_Q,SetTransformer,CA_1__HOUSEHOLD_2,1624,6,2499.0400390625,0.007296399308441527,mean_spl,0.16601238895729833
store_dept,5,SetTransformer_Q,SetTransformer,CA_2__FOODS_1,1624,7,6466.2802734375,0.01887947458936991,mean_spl,0.2043717522444387
store_dept,5,SetTransformer_Q,SetTransformer,CA_2__FOODS_2,1624,8,3255.18994140625,0.009504115686850893,mean_spl,0.31227692856733535
store_dept,5,SetTransformer_Q,SetTransformer,CA_2__FOODS_3,1624,9,8264.2802734375,0.02412906073105468,mean_spl,0.48316506214021593
store_dept,5,SetTransformer_Q,SetTransformer,CA_2__HOBBIES_1,1624,10,3487.1298828125,0.01018130628869151,mean_spl,0.24602378423130622
store_dept,5,SetTransformer_Q,SetTransformer,CA_2__HOBBIES_2,1624,11,173.8599853515625,0.0005076156672386427,mean_spl,0.14051099356107066
store_dept,5,SetTransformer_Q,SetTransformer,CA_2__HOUSEHOLD_1,1624,12,7005.9794921875,0.02045522405512525,mean_spl,0.17044661417644225
store_dept,5,SetTransformer_Q,SetTransformer,CA_2__HOUSEHOLD_2,1624,13,4335.580078125,0.012658510063564834,mean_spl,0.18431015992058894
store_dept,5,SetTransformer_Q,SetTransformer,CA_3__FOODS_1,1624,14,2044.969970703125,0.005970659632015925,mean_spl,0.12553943185268962
store_dept,5,SetTransformer_Q,SetTransformer,CA_3__FOODS_2,1624,15,4304.5595703125,0.012567940081406588,mean_spl,0.20607939265456893
store_dept,5,SetTransformer_Q,SetTransformer,CA_3__FOODS_3,1624,16,25704.58984375,0.07504919834340437,mean_spl,0.19308889943591412
store_dept,5,SetTransformer_Q,SetTransformer,CA_3__HOBBIES_1,1624,17,4099.60986328125,0.011969552349608144,mean_spl,0.12256788135573912
store_dept,5,SetTransformer_Q,SetTransformer,CA_3__HOBBIES_2,1624,18,39.31000518798828,0.00011477266877887635,mean_spl,0.28757024545636656
store_dept,5,SetTransformer_Q,SetTransformer,CA_3__HOUSEHOLD_1,1624,19,14115.701171875,0.04121334218689569,mean_spl,0.2319437912719593
store_dept,5,SetTransformer_Q,SetTransformer,CA_3__HOUSEHOLD_2,1624,20,5836.0,0.01703925735421152,mean_spl,0.22181192584589832
store_dept,5,SetTransformer_Q,SetTransformer,CA_4__FOODS_1,1624,21,1358.300048828125,0.003965802621011052,mean_spl,0.20353348574472757
store_dept,5,SetTransformer_Q,SetTransformer,CA_4__FOODS_2,1624,22,2854.009765625,0.008332797616161288,mean_spl,0.1721368845431494
store_dept,5,SetTransformer_Q,SetTransformer,CA_4__FOODS_3,1624,23,9434.630859375,0.027546110907278345,mean_spl,0.23153693778325893
store_dept,5,SetTransformer_Q,SetTransformer,CA_4__HOBBIES_1,1624,24,4891.9697265625,0.014282990257009973,mean_spl,0.22590436692301136
store_dept,5,SetTransformer_Q,SetTransformer,CA_4__HOBBIES_2,1624,25,99.04000854492188,0.00028916521486638654,mean_spl,0.31280205474260586
store_dept,5,SetTransformer_Q,SetTransformer,CA_4__HOUSEHOLD_1,1624,26,3833.729736328125,0.011193267238483276,mean_spl,0.26054807049559414
store_dept,5,SetTransformer_Q,SetTransformer,CA_4__HOUSEHOLD_2,1624,27,1612.3299560546875,0.004707488872707398,mean_spl,0.24445201942122471
store_dept,5,SetTransformer_Q,SetTransformer,TX_1__FOODS_1,1624,28,1513.239990234375,0.004418177798541474,mean_spl,0.25350414696692286
store_dept,5,SetTransformer_Q,SetTransformer,TX_1__FOODS_2,1624,29,5011.76025390625,0.014632740363933699,mean_spl,0.18752746370652834
store_dept,5,SetTransformer_Q,SetTransformer,TX_1__FOODS_3,1624,30,12905.9208984375,0.03768116990774046,mean_spl,0.1443334920790266
store_dept,5,SetTransformer_Q,SetTransformer,TX_1__HOBBIES_1,1624,31,5998.2001953125,0.01751283015593069,mean_spl,0.16696700788644617
store_dept,5,SetTransformer_Q,SetTransformer,TX_1__HOBBIES_2,1624,32,80.80000305175781,0.00023591022039410171,mean_spl,0.20783143726898243
store_dept,5,SetTransformer_Q,SetTransformer,TX_1__HOUSEHOLD_1,1624,33,12742.5908203125,0.03720429820882762,mean_spl,0.14846911626103876
store_dept,5,SetTransformer_Q,SetTransformer,TX_1__HOUSEHOLD_2,1624,34,2314.31005859375,0.006757046724780543,mean_spl,0.1626587652476197
store_dept,5,SetTransformer_Q,SetTransformer,TX_2__FOODS_1,1624,35,541.9400634765625,0.001582292017158135,mean_spl,0.18032466359791183
store_dept,5,SetTransformer_Q,SetTransformer,TX_2__FOODS_2,1624,36,4587.2802734375,0.01339339430003416,mean_spl,0.14223200365346628
store_dept,5,SetTransformer_Q,SetTransformer,TX_2__FOODS_3,1624,37,7761.94921875,0.022662414377759135,mean_spl,0.16222735921241635
store_dept,5,SetTransformer_Q,SetTransformer,TX_2__HOBBIES_1,1624,38,4952.37939453125,0.014459367206838965,mean_spl,0.1616558643735223
store_dept,5,SetTransformer_Q,SetTransformer,TX_2__HOBBIES_2,1624,39,237.43002319335938,0.0006932198884181049,mean_spl,0.26117407908193346
store_dept,5,SetTransformer_Q,SetTransformer,TX_2__HOUSEHOLD_1,1624,40,6273.56005859375,0.018316793071535505,mean_spl,0.1409571623496583
store_dept,5,SetTransformer_Q,SetTransformer,TX_2__HOUSEHOLD_2,1624,41,2541.360107421875,0.007419960400974634,mean_spl,0.20306518135674045
store_dept,5,SetTransformer_Q,SetTransformer,TX_3__FOODS_1,1624,42,1223.9598388671875,0.003573572084591719,mean_spl,0.1437528735111005
store_dept,5,SetTransformer_Q,SetTransformer,TX_3__FOODS_2,1624,43,6091.509765625,0.01778526432011259,mean_spl,0.28187767365191363
store_dept,5,SetTransformer_Q,SetTransformer,TX_3__FOODS_3,1624,44,12171.9892578125,0.03553832376226273,mean_spl,0.171703144684294
store_dept,5,SetTransformer_Q,SetTransformer,TX_3__HOBBIES_1,1624,45,2727.900146484375,0.007964597778022373,mean_spl,0.23583534538187342
store_dept,5,SetTransformer_Q,SetTransformer,TX_3__HOBBIES_2,1624,46,316.3800354003906,0.000923728725997568,mean_spl,0.14701382257421736
store_dept,5,SetTransformer_Q,SetTransformer,TX_3__HOUSEHOLD_1,1624,47,10132.8505859375,0.029584689661679587,mean_spl,0.2240509605330327
store_dept,5,SetTransformer_Q,SetTransformer,TX_3__HOUSEHOLD_2,1624,48,1742.340087890625,0.00508707696301026,mean_spl,0.16924776705745453
store_dept,5,SetTransformer_Q,SetTransformer,WI_1__FOODS_1,1624,49,2585.879638671875,0.007549943223157227,mean_spl,0.156677446305022
store_dept,5,SetTransformer_Q,SetTransformer,WI_1__FOODS_2,1624,50,3695.4501953125,0.010789535112680075,mean_spl,0.2378743690378019
store_dept,5,SetTransformer_Q,SetTransformer,WI_1__FOODS_3,1624,51,10767.6591796875,0.03143812814687002,mean_spl,0.2651720165940553
store_dept,5,SetTransformer_Q,SetTransformer,WI_1__HOBBIES_1,1624,52,3117.719970703125,0.009102747247973842,mean_spl,0.17405950652163815
store_dept,5,SetTransformer_Q,SetTransformer,WI_1__HOBBIES_2,1624,53,212.5600128173828,0.0006206073957522078,mean_spl,0.19032786151185474
store_dept,5,SetTransformer_Q,SetTransformer,WI_1__HOUSEHOLD_1,1624,54,6327.2294921875,0.018473490688235072,mean_spl,0.19568907786069734
store_dept,5,SetTransformer_Q,SetTransformer,WI_1__HOUSEHOLD_2,1624,55,1615.60986328125,0.004717065154978017,mean_spl,0.17194144233204758
store_dept,5,SetTransformer_Q,SetTransformer,WI_2__FOODS_1,1624,56,9135.740234375,0.0266734456776457,mean_spl,0.32431168545456646
store_dept,5,SetTransformer_Q,SetTransformer,WI_2__FOODS_2,1624,57,3920.800048828125,0.011447484761204166,mean_spl,0.21325061062362488
store_dept,5,SetTransformer_Q,SetTransformer,WI_2__FOODS_3,1624,58,9528.0,0.027818718997760002,mean_spl,0.16343306444327702
store_dept,5,SetTransformer_Q,SetTransformer,WI_2__HOBBIES_1,1624,59,2732.3798828125,0.007977677178326337,mean_spl,0.1320831861342796
store_dept,5,SetTransformer_Q,SetTransformer,WI_2__HOBBIES_2,1624,60,228.1800079345703,0.0006662127961417359,mean_spl,0.19045393372498506
store_dept,5,SetTransformer_Q,SetTransformer,WI_2__HOUSEHOLD_1,1624,61,9458.01953125,0.027614398364312502,mean_spl,0.4889098793004213
store_dept,5,SetTransformer_Q,SetTransformer,WI_2__HOUSEHOLD_2,1624,62,1385.5101318359375,0.00404524737889309,mean_spl,0.19464930948489773
store_dept,5,SetTransformer_Q,SetTransformer,WI_3__FOODS_1,1624,63,1268.830078125,0.0037045788622234723,mean_spl,0.28136470155785903
store_dept,5,SetTransformer_Q,SetTransformer,WI_3__FOODS_2,1624,64,3024.18994140625,0.008829669413920315,mean_spl,0.17765240898078333
store_dept,5,SetTransformer_Q,SetTransformer,WI_3__FOODS_3,1624,65,10186.060546875,0.029740045764870403,mean_spl,0.1724148821157695
store_dept,5,SetTransformer_Q,SetTransformer,WI_3__HOBBIES_1,1624,66,2255.8798828125,0.006586449260354817,mean_spl,0.17288276790188148
store_dept,5,SetTransformer_Q,SetTransformer,WI_3__HOBBIES_2,1624,67,190.6699981689453,0.0005566955395009764,mean_spl,0.24009051976986756
store_dept,5,SetTransformer_Q,SetTransformer,WI_3__HOUSEHOLD_1,1624,68,5221.47021484375,0.015245026517832895,mean_spl,0.17911219292977917
store_dept,5,SetTransformer_Q,SetTransformer,WI_3__HOUSEHOLD_2,1624,69,1731.0699462890625,0.005054171746566218,mean_spl,0.19119036563172262
store_dept,5,SetTransformer_Q,SetTransformer,CA_1__FOODS_1,1652,70,2912.0703125,0.008132549264758957,mean_spl,0.22973680141032363
store_dept,5,SetTransformer_Q,SetTransformer,CA_1__FOODS_2,1652,71,2796.10986328125,0.007808706099988167,mean_spl,0.1511410214563511
store_dept,5,SetTransformer_Q,SetTransformer,CA_1__FOODS_3,1652,72,16442.25,0.045918330877693384,mean_spl,0.13097593018546694
store_dept,5,SetTransformer_Q,SetTransformer,CA_1__HOBBIES_1,1652,73,6472.3095703125,0.01807524228086003,mean_spl,0.13647189013327318
store_dept,5,SetTransformer_Q,SetTransformer,CA_1__HOBBIES_2,1652,74,103.760009765625,0.0002897709535064037,mean_spl,0.2771249384979886
store_dept,5,SetTransformer_Q,SetTransformer,CA_1__HOUSEHOLD_1,1652,75,9321.0205078125,0.026030847590536574,mean_spl,0.1848524866925968
store_dept,5,SetTransformer_Q,SetTransformer,CA_1__HOUSEHOLD_2,1652,76,2393.030029296875,0.006683023593821417,mean_spl,0.2057707523266502
store_dept,5,SetTransformer_Q,SetTransformer,CA_2__FOODS_1,1652,77,7144.73974609375,0.019953140458035843,mean_spl,0.25273658282138717
store_dept,5,SetTransformer_Q,SetTransformer,CA_2__FOODS_2,1652,78,4126.7900390625,0.01152490142629148,mean_spl,0.26298575562744025
store_dept,5,SetTransformer_Q,SetTransformer,CA_2__FOODS_3,1652,79,10970.9111328125,0.03063850308967777,mean_spl,0.23880470287239655
store_dept,5,SetTransformer_Q,SetTransformer,CA_2__HOBBIES_1,1652,80,3719.56005859375,0.010387628791069373,mean_spl,0.20643496111460963
store_dept,5,SetTransformer_Q,SetTransformer,CA_2__HOBBIES_2,1652,81,125.85999298095703,0.00035148965634044924,mean_spl,0.29039072490736656
store_dept,5,SetTransformer_Q,SetTransformer,CA_2__HOUSEHOLD_1,1652,82,7390.810546875,0.020640343270887637,mean_spl,0.19755074414996696
store_dept,5,SetTransformer_Q,SetTransformer,CA_2__HOUSEHOLD_2,1652,83,4772.2802734375,0.013327564331937063,mean_spl,0.1524696976675174
store_dept,5,SetTransformer_Q,SetTransformer,CA_3__FOODS_1,1652,84,1999.469970703125,0.0055839269987232884,mean_spl,0.12778475218899066
store_dept,5,SetTransformer_Q,SetTransformer,CA_3__FOODS_2,1652,85,4837.259765625,0.01350903279413233,mean_spl,0.18794553830601077
store_dept,5,SetTransformer_Q,SetTransformer,CA_3__FOODS_3,1652,86,24029.509765625,0.06710729859032269,mean_spl,0.14536111079097594
store_dept,5,SetTransformer_Q,SetTransformer,CA_3__HOBBIES_1,1652,87,4375.419921875,0.012219250996761853,mean_spl,0.12349575440158492
store_dept,5,SetTransformer_Q,SetTransformer,CA_3__HOBBIES_2,1652,88,116.95000457763672,0.0003266066995906083,mean_spl,0.2190073621007408
store_dept,5,SetTransformer_Q,SetTransformer,CA_3__HOUSEHOLD_1,1652,89,17274.9296875,0.048243758444222254,mean_spl,0.25813263277470305
store_dept,5,SetTransformer_Q,SetTransformer,CA_3__HOUSEHOLD_2,1652,90,5732.62060546875,0.016009510240885344,mean_spl,0.27368751891674414
store_dept,5,SetTransformer_Q,SetTransformer,CA_4__FOODS_1,1652,91,1234.8699951171875,0.0034486258892016987,mean_spl,0.22633930499508226
store_dept,5,SetTransformer_Q,SetTransformer,CA_4__FOODS_2,1652,92,3245.919921875,0.009064892272964644,mean_spl,0.15558487683260216
store_dept,5,SetTransformer_Q,SetTransformer,CA_4__FOODS_3,1652,93,10574.0810546875,0.029530274299240655,mean_spl,0.2103049030079675
store_dept,5,SetTransformer_Q,SetTransformer,CA_4__HOBBIES_1,1652,94,4814.67041015625,0.013445947419641132,mean_spl,0.16594092282610962
store_dept,5,SetTransformer_Q,SetTransformer,CA_4__HOBBIES_2,1652,95,99.33000183105469,0.0002773992543697036,mean_spl,0.25428434787561716
store_dept,5,SetTransformer_Q,SetTransformer,CA_4__HOUSEHOLD_1,1652,96,4143.0,0.011570171042666525,mean_spl,0.2325200623598717
store_dept,5,SetTransformer_Q,SetTransformer,CA_4__HOUSEHOLD_2,1652,97,1649.139892578125,0.00460555892599894,mean_spl,0.22896348792171578
store_dept,5,SetTransformer_Q,SetTransformer,TX_1__FOODS_1,1652,98,1119.7099609375,0.003127018046397376,mean_spl,0.227515512962221
store_dept,5,SetTransformer_Q,SetTransformer,TX_1__FOODS_2,1652,99,5013.2099609375,0.014000409539185722,mean_spl,0.18135569603263757
store_dept,5,SetTransformer_Q,SetTransformer,TX_1__FOODS_3,1652,100,11401.0302734375,0.03183969836502317,mean_spl,0.24704946506471842
store_dept,5,SetTransformer_Q,SetTransformer,TX_1__HOBBIES_1,1652,101,4637.939453125,0.012952390238519792,mean_spl,0.26781244812556043
store_dept,5,SetTransformer_Q,SetTransformer,TX_1__HOBBIES_2,1652,102,106.32999420166016,0.0002969481583101492,mean_spl,0.30502295092305576
store_dept,5,SetTransformer_Q,SetTransformer,TX_1__HOUSEHOLD_1,1652,103,12742.048828125,0.035584765719385666,mean_spl,0.23128113610360193
store_dept,5,SetTransformer_Q,SetTransformer,TX_1__HOUSEHOLD_2,1652,104,2441.05029296875,0.006817129957373804,mean_spl,0.22088351262616987
store_dept,5,SetTransformer_Q,SetTransformer,TX_2__FOODS_1,1652,105,599.0999755859375,0.0016731086626084087,mean_spl,0.1632628852789742
store_dept,5,SetTransformer_Q,SetTransformer,TX_2__FOODS_2,1652,106,4469.77001953125,0.01248274285478143,mean_spl,0.10716375586688803
store_dept,5,SetTransformer_Q,SetTransformer,TX_2__FOODS_3,1652,107,10780.2197265625,0.03010595851167171,mean_spl,0.18029613818917364
store_dept,5,SetTransformer_Q,SetTransformer,TX_2__HOBBIES_1,1652,108,5179.759765625,0.014465533779436043,mean_spl,0.18496190957739234
store_dept,5,SetTransformer_Q,SetTransformer,TX_2__HOBBIES_2,1652,109,186.760009765625,0.0005215653528646758,mean_spl,0.28863082687206415
store_dept,5,SetTransformer_Q,SetTransformer,TX_2__HOUSEHOLD_1,1652,110,7181.52978515625,0.02005588413281728,mean_spl,0.17065571144588382
store_dept,5,SetTransformer_Q,SetTransformer,TX_2__HOUSEHOLD_2,1652,111,3241.17041015625,0.009051628294457503,mean_spl,0.18091206878655636
store_dept,5,SetTransformer_Q,SetTransformer,TX_3__FOODS_1,1652,112,1270.159912109375,0.003547180167666848,mean_spl,0.153249561494382
store_dept,5,SetTransformer_Q,SetTransformer,TX_3__FOODS_2,1652,113,6379.099609375,0.01781493448676707,mean_spl,0.26395081104717166
store_dept,5,SetTransformer_Q,SetTransformer,TX_3__FOODS_3,1652,114,13397.4208984375,0.037415025663894985,mean_spl,0.2396562390718707
store_dept,5,SetTransformer_Q,SetTransformer,TX_3__HOBBIES_1,1652,115,3831.489990234375,0.010700215914862761,mean_spl,0.27929093525991566
store_dept,5,SetTransformer_Q,SetTransformer,TX_3__HOBBIES_2,1652,116,179.2400360107422,0.0005005642950369285,mean_spl,0.1767427090989667
store_dept,5,SetTransformer_Q,SetTransformer,TX_3__HOUSEHOLD_1,1652,117,9337.3095703125,0.02607633811413051,mean_spl,0.26100567998055846
store_dept,5,SetTransformer_Q,SetTransformer,TX_3__HOUSEHOLD_2,1652,118,2009.77001953125,0.005612691982235049,mean_spl,0.18338248381595318
store_dept,5,SetTransformer_Q,SetTransformer,WI_1__FOODS_1,1652,119,2607.9599609375,0.0072832591891076,mean_spl,0.1835270466851971
store_dept,5,SetTransformer_Q,SetTransformer,WI_1__FOODS_2,1652,120,3778.159912109375,0.010551280813336084,mean_spl,0.24246778219795337
store_dept,5,SetTransformer_Q,SetTransformer,WI_1__FOODS_3,1652,121,9821.6796875,0.027429040287390422,mean_spl,0.1664504946901946
store_dept,5,SetTransformer_Q,SetTransformer,WI_1__HOBBIES_1,1652,122,3198.909912109375,0.00893360724913995,mean_spl,0.15358963047596624
store_dept,5,SetTransformer_Q,SetTransformer,WI_1__HOBBIES_2,1652,123,247.41000366210938,0.000690942809567308,mean_spl,0.20619187908294478
store_dept,5,SetTransformer_Q,SetTransformer,WI_1__HOUSEHOLD_1,1652,124,6200.14990234375,0.017315180994518307,mean_spl,0.17210532485629557
store_dept,5,SetTransformer_Q,SetTransformer,WI_1__HOUSEHOLD_2,1652,125,1591.97998046875,0.004445928233290937,mean_spl,0.17659222556721887
store_dept,5,SetTransformer_Q,SetTransformer,WI_2__FOODS_1,1652,126,10432.2509765625,0.02913418492851871,mean_spl,0.2846600055960134
store_dept,5,SetTransformer_Q,SetTransformer,WI_2__FOODS_2,1652,127,4274.830078125,0.011938333377321206,mean_spl,0.19139499397058257
store_dept,5,SetTransformer_Q,SetTransformer,WI_2__FOODS_3,1652,128,9833.7197265625,0.02746266454790539,mean_spl,0.15251899511093184
store_dept,5,SetTransformer_Q,SetTransformer,WI_2__HOBBIES_1,1652,129,2805.360107421875,0.007834539290162788,mean_spl,0.18524022644647425
store_dept,5,SetTransformer_Q,SetTransformer,WI_2__HOBBIES_2,1652,130,180.48001098632812,0.0005040271776234975,mean_spl,0.14057265151515064
store_dept,5,SetTransformer_Q,SetTransformer,WI_2__HOUSEHOLD_1,1652,131,11269.71875,0.03147298419991455,mean_spl,0.34109121542342136
store_dept,5,SetTransformer_Q,SetTransformer,WI_2__HOUSEHOLD_2,1652,132,1156.52001953125,0.0032298176297959435,mean_spl,0.2108589846466468
store_dept,5,SetTransformer_Q,SetTransformer,WI_3__FOODS_1,1652,133,1283.8699951171875,0.003585468365931281,mean_spl,0.24643422703572218
store_dept,5,SetTransformer_Q,SetTransformer,WI_3__FOODS_2,1652,134,3003.880126953125,0.00838894686471506,mean_spl,0.1295894410564447
store_dept,5,SetTransformer_Q,SetTransformer,WI_3__FOODS_3,1652,135,8792.7099609375,0.024555432820807285,mean_spl,0.12133905627700314
store_dept,5,SetTransformer_Q,SetTransformer,WI_3__HOBBIES_1,1652,136,2022.27001953125,0.005647600777319126,mean_spl,0.29662651092781755
store_dept,5,SetTransformer_Q,SetTransformer,WI_3__HOBBIES_2,1652,137,175.20001220703125,0.0004892817059890454,mean_spl,0.21032190567376113
store_dept,5,SetTransformer_Q,SetTransformer,WI_3__HOUSEHOLD_1,1652,138,5442.150390625,0.015198313024244677,mean_spl,0.17224779954090041
store_dept,5,SetTransformer_Q,SetTransformer,WI_3__HOUSEHOLD_2,1652,139,1633.949951171875,0.004563137921847746,mean_spl,0.21128630749206412
store_dept,5,SetTransformer_Q,SetTransformer,CA_1__FOODS_1,1680,140,2677.030029296875,0.007543685055638456,mean_spl,0.20071697482505424
store_dept,5,SetTransformer_Q,SetTransformer,CA_1__FOODS_2,1680,141,2762.050048828125,0.007783265577242256,mean_spl,0.2713076910212828
store_dept,5,SetTransformer_Q,SetTransformer,CA_1__FOODS_3,1680,142,16095.470703125,0.04535592073224578,mean_spl,0.14204854596823757
store_dept,5,SetTransformer_Q,SetTransformer,CA_1__HOBBIES_1,1680,143,6485.3603515625,0.01827529591715563,mean_spl,0.1418433270700032
store_dept,5,SetTransformer_Q,SetTransformer,CA_1__HOBBIES_2,1680,144,127.75000762939453,0.000359990666098236,mean_spl,0.2381345261052272
store_dept,5,SetTransformer_Q,SetTransformer,CA_1__HOUSEHOLD_1,1680,145,8938.0400390625,0.02518677726117379,mean_spl,0.2080797655259283
store_dept,5,SetTransformer_Q,SetTransformer,CA_1__HOUSEHOLD_2,1680,146,2698.840087890625,0.0076051442889215,mean_spl,0.18414491259207186
store_dept,5,SetTransformer_Q,SetTransformer,CA_2__FOODS_1,1680,147,7650.9306640625,0.021559792262537122,mean_spl,0.20609929030287855
store_dept,5,SetTransformer_Q,SetTransformer,CA_2__FOODS_2,1680,148,4356.88037109375,0.012277386874609319,mean_spl,0.29294746663335214
store_dept,5,SetTransformer_Q,SetTransformer,CA_2__FOODS_3,1680,149,10269.6201171875,0.028939077618587335,mean_spl,0.26156138314544575
store_dept,5,SetTransformer_Q,SetTransformer,CA_2__HOBBIES_1,1680,150,3557.010009765625,0.01002340764196547,mean_spl,0.1967073977780923
store_dept,5,SetTransformer_Q,SetTransformer,CA_2__HOBBIES_2,1680,151,220.0800018310547,0.0006201701896089184,mean_spl,0.20648070775517938
store_dept,5,SetTransformer_Q,SetTransformer,CA_2__HOUSEHOLD_1,1680,152,7564.439453125,0.02131606602553086,mean_spl,0.21459713598948285
store_dept,5,SetTransformer_Q,SetTransformer,CA_2__HOUSEHOLD_2,1680,153,4621.71044921875,0.01302365967721955,mean_spl,0.14973129825514772
store_dept,5,SetTransformer_Q,SetTransformer,CA_3__FOODS_1,1680,154,2286.559814453125,0.006443367056903718,mean_spl,0.16919912349393482
store_dept,5,SetTransformer_Q,SetTransformer,CA_3__FOODS_2,1680,155,4804.63037109375,0.013539115337382399,mean_spl,0.22888743640579878
store_dept,5,SetTransformer_Q,SetTransformer,CA_3__FOODS_3,1680,156,22991.513671875,0.06478849179685335,mean_spl,0.16441924928467294
store_dept,5,SetTransformer_Q,SetTransformer,CA_3__HOBBIES_1,1680,157,4002.510009765625,0.011278795760704514,mean_spl,0.2181641145337125
store_dept,5,SetTransformer_Q,SetTransformer,CA_3__HOBBIES_2,1680,158,97.20001220703125,0.0002739028966689048,mean_spl,0.2636086642791537
store_dept,5,SetTransformer_Q,SetTransformer,CA_3__HOUSEHOLD_1,1680,159,18491.53125,0.052107853262719966,mean_spl,0.21271125504321164
store_dept,5,SetTransformer_Q,SetTransformer,CA_3__HOUSEHOLD_2,1680,160,4898.33984375,0.013803182135555142,mean_spl,0.19231026048479335
store_dept,5,SetTransformer_Q,SetTransformer,CA_4__FOODS_1,1680,161,1364.1500244140625,0.003844080208365861,mean_spl,0.19350152082787747
store_dept,5,SetTransformer_Q,SetTransformer,CA_4__FOODS_2,1680,162,3486.6298828125,0.009825081322835732,mean_spl,0.22471475964525556
store_dept,5,SetTransformer_Q,SetTransformer,CA_4__FOODS_3,1680,163,12055.4404296875,0.0339713954693513,mean_spl,0.1868412662667574
store_dept,5,SetTransformer_Q,SetTransformer,CA_4__HOBBIES_1,1680,164,4832.689453125,0.013618183885541221,mean_spl,0.15387618362434471
store_dept,5,SetTransformer_Q,SetTransformer,CA_4__HOBBIES_2,1680,165,109.08999633789062,0.0003074080477572923,mean_spl,0.30707030117484524
store_dept,5,SetTransformer_Q,SetTransformer,CA_4__HOUSEHOLD_1,1680,166,3967.669677734375,0.01118061812010978,mean_spl,0.23002319295945803
store_dept,5,SetTransformer_Q,SetTransformer,CA_4__HOUSEHOLD_2,1680,167,1538.719970703125,0.004336006216132869,mean_spl,0.20610089919105545
store_dept,5,SetTransformer_Q,SetTransformer,TX_1__FOODS_1,1680,168,826.570068359375,0.0023292171562821077,mean_spl,0.19497987401994832
store_dept,5,SetTransformer_Q,SetTransformer,TX_1__FOODS_2,1680,169,5038.81982421875,0.014199044982695797,mean_spl,0.20187472908672516
store_dept,5,SetTransformer_Q,SetTransformer,TX_1__FOODS_3,1680,170,9620.6689453125,0.027110378200374867,mean_spl,0.15834648939127705
store_dept,5,SetTransformer_Q,SetTransformer,TX_1__HOBBIES_1,1680,171,5783.56982421875,0.016297698857961573,mean_spl,0.15274437952644895
store_dept,5,SetTransformer_Q,SetTransformer,TX_1__HOBBIES_2,1680,172,97.6500015258789,0.000275170935376965,mean_spl,0.3511106239610846
store_dept,5,SetTransformer_Q,SetTransformer,TX_1__HOUSEHOLD_1,1680,173,11477.259765625,0.03234212243646979,mean_spl,0.14794043175381016
store_dept,5,SetTransformer_Q,SetTransformer,TX_1__HOUSEHOLD_2,1680,174,2117.0498046875,0.005965699599514033,mean_spl,0.18220042920219728
store_dept,5,SetTransformer_Q,SetTransformer,TX_2__FOODS_1,1680,175,484.1099853515625,0.0013641883810848131,mean_spl,0.13913247857031402
store_dept,5,SetTransformer_Q,SetTransformer,TX_2__FOODS_2,1680,176,4542.3798828125,0.012800111640139314,mean_spl,0.17373842770265138
store_dept,5,SetTransformer_Q,SetTransformer,TX_2__FOODS_3,1680,177,10389.5703125,0.029277088954245564,mean_spl,0.1508082732945803
store_dept,5,SetTransformer_Q,SetTransformer,TX_2__HOBBIES_1,1680,178,4721.259765625,0.013304182750272299,mean_spl,0.2025148153054157
store_dept,5,SetTransformer_Q,SetTransformer,TX_2__HOBBIES_2,1680,179,194.41000366210938,0.0005478339141670621,mean_spl,0.25895691473573546
store_dept,5,SetTransformer_Q,SetTransformer,TX_2__HOUSEHOLD_1,1680,180,7819.6796875,0.022035315313204358,mean_spl,0.15330463885374435
store_dept,5,SetTransformer_Q,SetTransformer,TX_2__HOUSEHOLD_2,1680,181,3046.819580078125,0.008585726376591609,mean_spl,0.19468039871362708
store_dept,5,SetTransformer_Q,SetTransformer,TX_3__FOODS_1,1680,182,1190.3101806640625,0.0033542115789445327,mean_spl,0.3666169604977745
store_dept,5,SetTransformer_Q,SetTransformer,TX_3__FOODS_2,1680,183,6715.240234375,0.01892308149206009,mean_spl,0.26440414341948976
store_dept,5,SetTransformer_Q,SetTransformer,TX_3__FOODS_3,1680,184,11706.75,0.032988810009087106,mean_spl,0.14027113980829314
store_dept,5,SetTransformer_Q,SetTransformer,TX_3__HOBBIES_1,1680,185,3899.72998046875,0.010989168762673206,mean_spl,0.23307474797597616
store_dept,5,SetTransformer_Q,SetTransformer,TX_3__HOBBIES_2,1680,186,224.08999633789062,0.0006314700761635551,mean_spl,0.20664615493589847
store_dept,5,SetTransformer_Q,SetTransformer,TX_3__HOUSEHOLD_1,1680,187,8750.3798828125,0.02465796394912674,mean_spl,0.25901866092442644
store_dept,5,SetTransformer_Q,SetTransformer,TX_3__HOUSEHOLD_2,1680,188,1798.669921875,0.005068527159270841,mean_spl,0.1588298893939022
store_dept,5,SetTransformer_Q,SetTransformer,WI_1__FOODS_1,1680,189,2904.14990234375,0.00818369311434231,mean_spl,0.1701828539521385
store_dept,5,SetTransformer_Q,SetTransformer,WI_1__FOODS_2,1680,190,3773.469970703125,0.010633376807271094,mean_spl,0.35185315335070055
store_dept,5,SetTransformer_Q,SetTransformer,WI_1__FOODS_3,1680,191,9307.9296875,0.02622910065038367,mean_spl,0.1761345670620906
store_dept,5,SetTransformer_Q,SetTransformer,WI_1__HOBBIES_1,1680,192,3249.199951171875,0.00915602023368946,mean_spl,0.11623101495814225
store_dept,5,SetTransformer_Q,SetTransformer,WI_1__HOBBIES_2,1680,193,267.3900451660156,0.0007534866122794891,mean_spl,0.21328414003346632
store_dept,5,SetTransformer_Q,SetTransformer,WI_1__HOUSEHOLD_1,1680,194,5686.15966796875,0.01602320378994639,mean_spl,0.18049067431957566
store_dept,5,SetTransformer_Q,SetTransformer,WI_1__HOUSEHOLD_2,1680,195,1533.320068359375,0.004320789665639727,mean_spl,0.18150083272238576
store_dept,5,SetTransformer_Q,SetTransformer,WI_2__FOODS_1,1680,196,10997.01953125,0.030988838745392735,mean_spl,0.2675919434251656
store_dept,5,SetTransformer_Q,SetTransformer,WI_2__FOODS_2,1680,197,4939.349609375,0.013918744812362995,mean_spl,0.23152912970668632
store_dept,5,SetTransformer_Q,SetTransformer,WI_2__FOODS_3,1680,198,10317.259765625,0.029073322845589226,mean_spl,0.2077604342511921
store_dept,5,SetTransformer_Q,SetTransformer,WI_2__HOBBIES_1,1680,199,3044.68994140625,0.008579725202437,mean_spl,0.14833039240476373
store_dept,5,SetTransformer_Q,SetTransformer,WI_2__HOBBIES_2,1680,200,322.7400207519531,0.0009094590067196285,mean_spl,0.18602030260968067
store_dept,5,SetTransformer_Q,SetTransformer,WI_2__HOUSEHOLD_1,1680,201,10840.791015625,0.030548597617841976,mean_spl,0.3071866015692015
store_dept,5,SetTransformer_Q,SetTransformer,WI_2__HOUSEHOLD_2,1680,202,1518.010009765625,0.004277646981788341,mean_spl,0.17860088275601343
store_dept,5,SetTransformer_Q,SetTransformer,WI_3__FOODS_1,1680,203,1171.7099609375,0.0033017974490889496,mean_spl,0.17431219065955694
store_dept,5,SetTransformer_Q,SetTransformer,WI_3__FOODS_2,1680,204,3072.830078125,0.00865902215708663,mean_spl,0.13330155266010635
store_dept,5,SetTransformer_Q,SetTransformer,WI_3__FOODS_3,1680,205,9088.4794921875,0.025610705211886978,mean_spl,0.1322989074562667
store_dept,5,SetTransformer_Q,SetTransformer,WI_3__HOBBIES_1,1680,206,2430.940185546875,0.006850220934457541,mean_spl,0.24162721232363507
store_dept,5,SetTransformer_Q,SetTransformer,WI_3__HOBBIES_2,1680,207,140.00001525878906,0.0003945103384493124,mean_spl,0.22059446033667973
store_dept,5,SetTransformer_Q,SetTransformer,WI_3__HOUSEHOLD_1,1680,208,5430.0498046875,0.015301503948296194,mean_spl,0.17758366275460688
store_dept,5,SetTransformer_Q,SetTransformer,WI_3__HOUSEHOLD_2,1680,209,1437.9700927734375,0.004052100043927844,mean_spl,0.18008760752608483
store_dept,5,SetTransformer_Q,SetTransformer,CA_1__FOODS_1,1708,210,2354.2900390625,0.00672629301433993,mean_spl,0.163457557542335
store_dept,5,SetTransformer_Q,SetTransformer,CA_1__FOODS_2,1708,211,3504.670166015625,0.01001297124148035,mean_spl,0.21036258478182568
store_dept,5,SetTransformer_Q,SetTransformer,CA_1__FOODS_3,1708,212,15070.7109375,0.04305757405336902,mean_spl,0.33826032724926475
store_dept,5,SetTransformer_Q,SetTransformer,CA_1__HOBBIES_1,1708,213,6784.52099609375,0.01938362539215437,mean_spl,0.15302943915873427
store_dept,5,SetTransformer_Q,SetTransformer,CA_1__HOBBIES_2,1708,214,111.55001068115234,0.00031870247299392357,mean_spl,0.42872794964514505
store_dept,5,SetTransformer_Q,SetTransformer,CA_1__HOUSEHOLD_1,1708,215,9023.8798828125,0.025781555887725096,mean_spl,0.1880037994058736
store_dept,5,SetTransformer_Q,SetTransformer,CA_1__HOUSEHOLD_2,1708,216,2391.800048828125,0.006833460488384384,mean_spl,0.19577537243851834
store_dept,5,SetTransformer_Q,SetTransformer,CA_2__FOODS_1,1708,217,7293.529296875,0.020837880781668452,mean_spl,0.21937139675752126
store_dept,5,SetTransformer_Q,SetTransformer,CA_2__FOODS_2,1708,218,4431.35009765625,0.012660529803638403,mean_spl,0.34957305223455387
store_dept,5,SetTransformer_Q,SetTransformer,CA_2__FOODS_3,1708,219,10807.83984375,0.030878394944944373,mean_spl,0.19729117707761512
store_dept,5,SetTransformer_Q,SetTransformer,CA_2__HOBBIES_1,1708,220,3684.760009765625,0.01052749453209902,mean_spl,0.31499117138491983
store_dept,5,SetTransformer_Q,SetTransformer,CA_2__HOBBIES_2,1708,221,208.17999267578125,0.0005947778766536555,mean_spl,0.6080050690129375
store_dept,5,SetTransformer_Q,SetTransformer,CA_2__HOUSEHOLD_1,1708,222,7297.67041015625,0.020849712094239588,mean_spl,0.1997368720021026
store_dept,5,SetTransformer_Q,SetTransformer,CA_2__HOUSEHOLD_2,1708,223,4297.31982421875,0.012277600395207604,mean_spl,0.15160956861256367
store_dept,5,SetTransformer_Q,SetTransformer,CA_3__FOODS_1,1708,224,2037.020263671875,0.005819841626251419,mean_spl,0.21156144877442543
store_dept,5,SetTransformer_Q,SetTransformer,CA_3__FOODS_2,1708,225,5473.76025390625,0.01563873386334442,mean_spl,0.2600910720996569
store_dept,5,SetTransformer_Q,SetTransformer,CA_3__FOODS_3,1708,226,23709.330078125,0.06773842586645636,mean_spl,0.13204200139969186
store_dept,5,SetTransformer_Q,SetTransformer,CA_3__HOBBIES_1,1708,227,4353.6396484375,0.012438508199227486,mean_spl,0.14381190613745223
store_dept,5,SetTransformer_Q,SetTransformer,CA_3__HOBBIES_2,1708,228,117.08000946044922,0.00033450188238755323,mean_spl,0.25711299343642363
store_dept,5,SetTransformer_Q,SetTransformer,CA_3__HOUSEHOLD_1,1708,229,17030.759765625,0.04865750546438254,mean_spl,0.181745945177746
store_dept,5,SetTransformer_Q,SetTransformer,CA_3__HOUSEHOLD_2,1708,230,4214.96044921875,0.012042296639282739,mean_spl,0.1596688584588032
store_dept,5,SetTransformer_Q,SetTransformer,CA_4__FOODS_1,1708,231,1043.760009765625,0.0029820606407227473,mean_spl,0.2686651477534537
store_dept,5,SetTransformer_Q,SetTransformer,CA_4__FOODS_2,1708,232,3713.85986328125,0.010610633881190608,mean_spl,0.1712211784782597
store_dept,5,SetTransformer_Q,SetTransformer,CA_4__FOODS_3,1708,233,10821.44140625,0.030917255108012593,mean_spl,0.17800202062029247
store_dept,5,SetTransformer_Q,SetTransformer,CA_4__HOBBIES_1,1708,234,4728.69970703125,0.013510068546601531,mean_spl,0.20693515773292448
store_dept,5,SetTransformer_Q,SetTransformer,CA_4__HOBBIES_2,1708,235,95.7300033569336,0.0002735041316739762,mean_spl,0.3457132782599544
store_dept,5,SetTransformer_Q,SetTransformer,CA_4__HOUSEHOLD_1,1708,236,4069.969970703125,0.011628053522842505,mean_spl,0.2415415397123247
store_dept,5,SetTransformer_Q,SetTransformer,CA_4__HOUSEHOLD_2,1708,237,1437.900146484375,0.004108133471298034,mean_spl,0.2077701564424429
store_dept,5,SetTransformer_Q,SetTransformer,TX_1__FOODS_1,1708,238,1073.0400390625,0.0030657147586315436,mean_spl,0.1863094456854677
store_dept,5,SetTransformer_Q,SetTransformer,TX_1__FOODS_2,1708,239,5225.14013671875,0.01492841706731848,mean_spl,0.1788535414487721
store_dept,5,SetTransformer_Q,SetTransformer,TX_1__FOODS_3,1708,240,11660.0908203125,0.0333133072518407,mean_spl,0.17642684052892044
store_dept,5,SetTransformer_Q,SetTransformer,TX_1__HOBBIES_1,1708,241,4595.099609375,0.013128368166159787,mean_spl,0.23818457800704992
store_dept,5,SetTransformer_Q,SetTransformer,TX_1__HOBBIES_2,1708,242,96.20000457763672,0.0002748469424046394,mean_spl,0.3296558143967192
store_dept,5,SetTransformer_Q,SetTransformer,TX_1__HOUSEHOLD_1,1708,243,11967.7998046875,0.034192443109237185,mean_spl,0.14609830701041326
store_dept,5,SetTransformer_Q,SetTransformer,TX_1__HOUSEHOLD_2,1708,244,2081.780029296875,0.00594772191876067,mean_spl,0.21644039619276442
store_dept,5,SetTransformer_Q,SetTransformer,TX_2__FOODS_1,1708,245,478.6199951171875,0.0013674348853644728,mean_spl,0.19182329894556144
store_dept,5,SetTransformer_Q,SetTransformer,TX_2__FOODS_2,1708,246,4991.48974609375,0.014260869329281684,mean_spl,0.1538921169331199
store_dept,5,SetTransformer_Q,SetTransformer,TX_2__FOODS_3,1708,247,9153.9296875,0.02615311295090417,mean_spl,0.1305324742403917
store_dept,5,SetTransformer_Q,SetTransformer,TX_2__HOBBIES_1,1708,248,4488.7998046875,0.012824665724306041,mean_spl,0.17094235426152166
store_dept,5,SetTransformer_Q,SetTransformer,TX_2__HOBBIES_2,1708,249,106.89000701904297,0.00030538867156794185,mean_spl,0.4746230575186602
store_dept,5,SetTransformer_Q,SetTransformer,TX_2__HOUSEHOLD_1,1708,250,7779.02978515625,0.022224973488429934,mean_spl,0.16964065811972184
store_dept,5,SetTransformer_Q,SetTransformer,TX_2__HOUSEHOLD_2,1708,251,2405.5,0.0068726017514977745,mean_spl,0.17622470842176738
store_dept,5,SetTransformer_Q,SetTransformer,TX_3__FOODS_1,1708,252,2326.159912109375,0.006645924209614134,mean_spl,0.2536029144259988
store_dept,5,SetTransformer_Q,SetTransformer,TX_3__FOODS_2,1708,253,6259.36083984375,0.017883223558996773,mean_spl,0.29138812938708747
store_dept,5,SetTransformer_Q,SetTransformer,TX_3__FOODS_3,1708,254,10799.1806640625,0.03085365535089455,mean_spl,0.14333352648001718
store_dept,5,SetTransformer_Q,SetTransformer,TX_3__HOBBIES_1,1708,255,3801.2099609375,0.010860196314840927,mean_spl,0.20207672414413078
store_dept,5,SetTransformer_Q,SetTransformer,TX_3__HOBBIES_2,1708,256,248.95001220703125,0.0007112593181997237,mean_spl,0.27207699478218283
store_dept,5,SetTransformer_Q,SetTransformer,TX_3__HOUSEHOLD_1,1708,257,7539.970703125,0.02154197292061475,mean_spl,0.23026845981769276
store_dept,5,SetTransformer_Q,SetTransformer,TX_3__HOUSEHOLD_2,1708,258,1770.510009765625,0.0050584120532777286,mean_spl,0.16489557004169936
store_dept,5,SetTransformer_Q,SetTransformer,WI_1__FOODS_1,1708,259,2926.960205078125,0.008362432688415801,mean_spl,0.1748990697379668
store_dept,5,SetTransformer_Q,SetTransformer,WI_1__FOODS_2,1708,260,4155.56982421875,0.011872615444771183,mean_spl,0.5113710459216007
store_dept,5,SetTransformer_Q,SetTransformer,WI_1__FOODS_3,1708,261,9793.0693359375,0.02797915837485064,mean_spl,0.1625798921700966
store_dept,5,SetTransformer_Q,SetTransformer,WI_1__HOBBIES_1,1708,262,3119.93017578125,0.008913754974277687,mean_spl,0.20234300163747235
store_dept,5,SetTransformer_Q,SetTransformer,WI_1__HOBBIES_2,1708,263,163.74000549316406,0.0004678112028861254,mean_spl,0.2384766869431037
store_dept,5,SetTransformer_Q,SetTransformer,WI_1__HOUSEHOLD_1,1708,264,5966.89013671875,0.017047624030184193,mean_spl,0.16987689530355443
store_dept,5,SetTransformer_Q,SetTransformer,WI_1__HOUSEHOLD_2,1708,265,1234.610107421875,0.003527326371517121,mean_spl,0.17017023967745756
store_dept,5,SetTransformer_Q,SetTransformer,WI_2__FOODS_1,1708,266,10760.2900390625,0.030742543408474328,mean_spl,0.2650942318481118
store_dept,5,SetTransformer_Q,SetTransformer,WI_2__FOODS_2,1708,267,5265.87060546875,0.015044785510831502,mean_spl,0.2762880009618703
store_dept,5,SetTransformer_Q,SetTransformer,WI_2__FOODS_3,1708,268,10658.37890625,0.03045137956317634,mean_spl,0.18095572278652444
store_dept,5,SetTransformer_Q,SetTransformer,WI_2__HOBBIES_1,1708,269,3197.070068359375,0.00913414647743411,mean_spl,0.14322626226754098
store_dept,5,SetTransformer_Q,SetTransformer,WI_2__HOBBIES_2,1708,270,263.59002685546875,0.0007530863771541218,mean_spl,0.29463859119689045
store_dept,5,SetTransformer_Q,SetTransformer,WI_2__HOUSEHOLD_1,1708,271,9898.310546875,0.0282798363755236,mean_spl,0.364388204473685
store_dept,5,SetTransformer_Q,SetTransformer,WI_2__HOUSEHOLD_2,1708,272,1296.1199951171875,0.003703062377299385,mean_spl,0.17984470709697492
store_dept,5,SetTransformer_Q,SetTransformer,WI_3__FOODS_1,1708,273,1197.5599365234375,0.003421472673986506,mean_spl,0.2178609627007836
store_dept,5,SetTransformer_Q,SetTransformer,WI_3__FOODS_2,1708,274,2744.72998046875,0.007841794251156926,mean_spl,0.1908817830464307
store_dept,5,SetTransformer_Q,SetTransformer,WI_3__FOODS_3,1708,275,9562.7109375,0.027321015979268105,mean_spl,0.15571531069884473
store_dept,5,SetTransformer_Q,SetTransformer,WI_3__HOBBIES_1,1708,276,2060.580078125,0.0058871528804919126,mean_spl,0.2070371073747612
store_dept,5,SetTransformer_Q,SetTransformer,WI_3__HOBBIES_2,1708,277,177.99000549316406,0.0005085239756813211,mean_spl,0.2563741913221877
store_dept,5,SetTransformer_Q,SetTransformer,WI_3__HOUSEHOLD_1,1708,278,5443.83056640625,0.015553223648115035,mean_spl,0.15279538345322904
store_dept,5,SetTransformer_Q,SetTransformer,WI_3__HOUSEHOLD_2,1708,279,1166.4700927734375,0.0033326478497877773,mean_spl,0.18727031099027572
