task,fold,model,base_model,agg_id,origin_time,row_id,revenue_28,weight,metric,metric_value
state_dept,1,M3_FullSkuTemporalCNN,M3_FullSkuTemporalCNN,CA__FOODS_1,1400,0,83632.6171875,0.027950457497993245,rmsse,2.037744681453946
state_dept,1,M3_FullSkuTemporalCNN,M3_FullSkuTemporalCNN,CA__FOODS_2,1400,1,164095.015625,0.054841411330896594,rmsse,1.2383606109751744
state_dept,1,M3_FullSkuTemporalCNN,M3_FullSkuTemporalCNN,CA__FOODS_3,1400,2,504658.75,0.16865959020798937,rmsse,1.0094848009725252
state_dept,1,M3_FullSkuTemporalCNN,M3_FullSkuTemporalCNN,CA__HOBBIES_1,1400,3,161149.171875,0.05385689496277306,rmsse,1.1077338958119376
state_dept,1,M3_FullSkuTemporalCNN,M3_FullSkuTemporalCNN,CA__HOBBIES_2,1400,4,10923.298828125,0.0036506235234620883,rmsse,2.0094472424865946
state_dept,1,M3_FullSkuTemporalCNN,M3_FullSkuTemporalCNN,CA__HOUSEHOLD_1,1400,5,302646.59375,0.10114607242957512,rmsse,1.0529657330616626
state_dept,1,M3_FullSkuTemporalCNN,M3_FullSkuTemporalCNN,CA__HOUSEHOLD_2,1400,6,109452.75,0.03657968074889717,rmsse,0.9219463158725415
state_dept,1,M3_FullSkuTemporalCNN,M3_FullSkuTemporalCNN,TX__FOODS_1,1400,7,52726.58984375,0.017621501729855292,rmsse,1.5467248598557053
state_dept,1,M3_FullSkuTemporalCNN,M3_FullSkuTemporalCNN,TX__FOODS_2,1400,8,113405.421875,0.03790068433530907,rmsse,0.86225427085257
state_dept,1,M3_FullSkuTemporalCNN,M3_FullSkuTemporalCNN,TX__FOODS_3,1400,9,305063.8125,0.10195391956155898,rmsse,0.8279851217274308
state_dept,1,M3_FullSkuTemporalCNN,M3_FullSkuTemporalCNN,TX__HOBBIES_1,1400,10,93580.7578125,0.03127517805647747,rmsse,0.9132646398082105
state_dept,1,M3_FullSkuTemporalCNN,M3_FullSkuTemporalCNN,TX__HOBBIES_2,1400,11,9269.640625,0.0030979623145102123,rmsse,2.6535757986292037
state_dept,1,M3_FullSkuTemporalCNN,M3_FullSkuTemporalCNN,TX__HOUSEHOLD_1,1400,12,196607.921875,0.06570739442263092,rmsse,0.8134463811087393
state_dept,1,M3_FullSkuTemporalCNN,M3_FullSkuTemporalCNN,TX__HOUSEHOLD_2,1400,13,53741.109375,0.017960559456286523,rmsse,0.7838597094682099
state_dept,1,M3_FullSkuTemporalCNN,M3_FullSkuTemporalCNN,WI__FOODS_1,1400,14,47736.96875,0.015953944298293835,rmsse,1.3223532201755142
state_dept,1,M3_FullSkuTemporalCNN,M3_FullSkuTemporalCNN,WI__FOODS_2,1400,15,164928.234375,0.05511987738925507,rmsse,1.362962131483664
state_dept,1,M3_FullSkuTemporalCNN,M3_FullSkuTemporalCNN,WI__FOODS_3,1400,16,320789.625,0.10720956823888338,rmsse,0.7934646316114713
state_dept,1,M3_FullSkuTemporalCNN,M3_FullSkuTemporalCNN,WI__HOBBIES_1,1400,17,81234.9921875,0.027149158699602393,rmsse,0.7242794601791495
state_dept,1,M3_FullSkuTemporalCNN,M3_FullSkuTemporalCNN,WI__HOBBIES_2,1400,18,6896.14013671875,0.0023047260539440805,rmsse,3.073811413590711
state_dept,1,M3_FullSkuTemporalCNN,M3_FullSkuTemporalCNN,WI__HOUSEHOLD_1,1400,19,162151.5,0.054191878257556794,rmsse,1.0398001968707216
state_dept,1,M3_FullSkuTemporalCNN,M3_FullSkuTemporalCNN,WI__HOUSEHOLD_2,1400,20,47482.55078125,0.01586891648424935,rmsse,0.9908231338067637
state_dept,1,M3_FullSkuTemporalCNN,M3_FullSkuTemporalCNN,CA__FOODS_1,1428,21,106770.9140625,0.03722904926990014,rmsse,0.8793203212283396
state_dept,1,M3_FullSkuTemporalCNN,M3_FullSkuTemporalCNN,CA__FOODS_2,1428,22,144754.703125,0.05047329623436408,rmsse,0.4250117300072377
state_dept,1,M3_FullSkuTemporalCNN,M3_FullSkuTemporalCNN,CA__FOODS_3,1428,23,447570.1875,0.15605947283004643,rmsse,0.5126691618283081
state_dept,1,M3_FullSkuTemporalCNN,M3_FullSkuTemporalCNN,CA__HOBBIES_1,1428,24,160946.1875,0.0561189683243945,rmsse,0.4878570876769787
state_dept,1,M3_FullSkuTemporalCNN,M3_FullSkuTemporalCNN,CA__HOBBIES_2,1428,25,11835.0107421875,0.004126650051649648,rmsse,1.8960813921052446
state_dept,1,M3_FullSkuTemporalCNN,M3_FullSkuTemporalCNN,CA__HOUSEHOLD_1,1428,26,281785.5625,0.09825343055242727,rmsse,0.6092832446807552
state_dept,1,M3_FullSkuTemporalCNN,M3_FullSkuTemporalCNN,CA__HOUSEHOLD_2,1428,27,101080.671875,0.03524496672629564,rmsse,0.5225272859256368
state_dept,1,M3_FullSkuTemporalCNN,M3_FullSkuTemporalCNN,TX__FOODS_1,1428,28,65300.953125,0.02276923844483514,rmsse,0.9120354437920591
state_dept,1,M3_FullSkuTemporalCNN,M3_FullSkuTemporalCNN,TX__FOODS_2,1428,29,107942.734375,0.037637641408804136,rmsse,0.5258160407254984
state_dept,1,M3_FullSkuTemporalCNN,M3_FullSkuTemporalCNN,TX__FOODS_3,1428,30,295754.09375,0.10312399987086524,rmsse,0.40997054622937085
state_dept,1,M3_FullSkuTemporalCNN,M3_FullSkuTemporalCNN,TX__HOBBIES_1,1428,31,90596.53125,0.03158934017942343,rmsse,0.5314507372668004
state_dept,1,M3_FullSkuTemporalCNN,M3_FullSkuTemporalCNN,TX__HOBBIES_2,1428,32,10101.060546875,0.003522053586220358,rmsse,2.861237672467744
state_dept,1,M3_FullSkuTemporalCNN,M3_FullSkuTemporalCNN,TX__HOUSEHOLD_1,1428,33,185909.953125,0.06482337315763718,rmsse,0.5479460632837607
state_dept,1,M3_FullSkuTemporalCNN,M3_FullSkuTemporalCNN,TX__HOUSEHOLD_2,1428,34,51238.65234375,0.01786597341961622,rmsse,0.5454096749314669
state_dept,1,M3_FullSkuTemporalCNN,M3_FullSkuTemporalCNN,WI__FOODS_1,1428,35,60231.109375,0.021001477398517227,rmsse,0.9769268901749851
state_dept,1,M3_FullSkuTemporalCNN,M3_FullSkuTemporalCNN,WI__FOODS_2,1428,36,156214.515625,0.05446912157624116,rmsse,1.0422043304986266
state_dept,1,M3_FullSkuTemporalCNN,M3_FullSkuTemporalCNN,WI__FOODS_3,1428,37,303553.65625,0.10584356351931534,rmsse,0.7353401351159814
state_dept,1,M3_FullSkuTemporalCNN,M3_FullSkuTemporalCNN,WI__HOBBIES_1,1428,38,82276.625,0.02868834225857686,rmsse,0.7348516582263859
state_dept,1,M3_FullSkuTemporalCNN,M3_FullSkuTemporalCNN,WI__HOBBIES_2,1428,39,7989.9501953125,0.0027859483277553987,rmsse,4.540787325519249
state_dept,1,M3_FullSkuTemporalCNN,M3_FullSkuTemporalCNN,WI__HOUSEHOLD_1,1428,40,150839.921875,0.05259509982339449,rmsse,1.017902507277071
state_dept,1,M3_FullSkuTemporalCNN,M3_FullSkuTemporalCNN,WI__HOUSEHOLD_2,1428,41,45253.3046875,0.015778993039720097,rmsse,1.4302243220106252
state_dept,1,M3_FullSkuTemporalCNN,M3_FullSkuTemporalCNN,CA__FOODS_1,1456,42,93932.703125,0.03207441539803845,rmsse,0.9801347065851469
state_dept,1,M3_FullSkuTemporalCNN,M3_FullSkuTemporalCNN,CA__FOODS_2,1456,43,146614.828125,0.05006334050171369,rmsse,0.7229882570130904
state_dept,1,M3_FullSkuTemporalCNN,M3_FullSkuTemporalCNN,CA__FOODS_3,1456,44,473283.96875,0.16160832287258578,rmsse,0.48448244346248204
state_dept,1,M3_FullSkuTemporalCNN,M3_FullSkuTemporalCNN,CA__HOBBIES_1,1456,45,169183.390625,0.05776963899499037,rmsse,0.5598360673100293
state_dept,1,M3_FullSkuTemporalCNN,M3_FullSkuTemporalCNN,CA__HOBBIES_2,1456,46,7881.1396484375,0.0026911069146764222,rmsse,2.215233097199565
state_dept,1,M3_FullSkuTemporalCNN,M3_FullSkuTemporalCNN,CA__HOUSEHOLD_1,1456,47,284822.875,0.09725608764241107,rmsse,0.8031320951438616
state_dept,1,M3_FullSkuTemporalCNN,M3_FullSkuTemporalCNN,CA__HOUSEHOLD_2,1456,48,103049.7890625,0.035187550566626626,rmsse,0.5254026421287729
state_dept,1,M3_FullSkuTemporalCNN,M3_FullSkuTemporalCNN,TX__FOODS_1,1456,49,59094.82421875,0.020178615932556775,rmsse,1.4003416533334394
state_dept,1,M3_FullSkuTemporalCNN,M3_FullSkuTemporalCNN,TX__FOODS_2,1456,50,105692.1328125,0.036089809612117184,rmsse,0.5689621915397505
state_dept,1,M3_FullSkuTemporalCNN,M3_FullSkuTemporalCNN,TX__FOODS_3,1456,51,301872.5625,0.10307790199554448,rmsse,0.5024185296900391
state_dept,1,M3_FullSkuTemporalCNN,M3_FullSkuTemporalCNN,TX__HOBBIES_1,1456,52,112734.9453125,0.03849465995901811,rmsse,1.1253805717928238
state_dept,1,M3_FullSkuTemporalCNN,M3_FullSkuTemporalCNN,TX__HOBBIES_2,1456,53,7315.0498046875,0.0024978089449918285,rmsse,1.8822486302890777
state_dept,1,M3_FullSkuTemporalCNN,M3_FullSkuTemporalCNN,TX__HOUSEHOLD_1,1456,54,187232.953125,0.06393287231115985,rmsse,1.1143215251152203
state_dept,1,M3_FullSkuTemporalCNN,M3_FullSkuTemporalCNN,TX__HOUSEHOLD_2,1456,55,51073.0703125,0.017439494641992934,rmsse,0.5993731370392132
state_dept,1,M3_FullSkuTemporalCNN,M3_FullSkuTemporalCNN,WI__FOODS_1,1456,56,53774.33984375,0.01836187458172574,rmsse,1.0547778590443382
state_dept,1,M3_FullSkuTemporalCNN,M3_FullSkuTemporalCNN,WI__FOODS_2,1456,57,159320.796875,0.05440194150183258,rmsse,1.1779206704972038
state_dept,1,M3_FullSkuTemporalCNN,M3_FullSkuTemporalCNN,WI__FOODS_3,1456,58,324126.5,0.11067676811852964,rmsse,0.7507747175638558
state_dept,1,M3_FullSkuTemporalCNN,M3_FullSkuTemporalCNN,WI__HOBBIES_1,1456,59,78982.6875,0.02696955845886032,rmsse,1.0816090831228828
state_dept,1,M3_FullSkuTemporalCNN,M3_FullSkuTemporalCNN,WI__HOBBIES_2,1456,60,4655.3203125,0.0015896133353614822,rmsse,1.9043611243929346
state_dept,1,M3_FullSkuTemporalCNN,M3_FullSkuTemporalCNN,WI__HOUSEHOLD_1,1456,61,160025.375,0.05464252790794875,rmsse,1.4139004559519925
state_dept,1,M3_FullSkuTemporalCNN,M3_FullSkuTemporalCNN,WI__HOUSEHOLD_2,1456,62,43917.34765625,0.014996089807317921,rmsse,0.9528847838942155
state_dept,1,M3_FullSkuTemporalCNN,M3_FullSkuTemporalCNN,CA__FOODS_1,1484,63,107044.8125,0.03418178236795387,rmsse,0.6708519566640878
state_dept,1,M3_FullSkuTemporalCNN,M3_FullSkuTemporalCNN,CA__FOODS_2,1484,64,145399.671875,0.046429339491842754,rmsse,0.5636372892410219
state_dept,1,M3_FullSkuTemporalCNN,M3_FullSkuTemporalCNN,CA__FOODS_3,1484,65,475539.3125,0.1518502476454093,rmsse,0.5285606436145237
state_dept,1,M3_FullSkuTemporalCNN,M3_FullSkuTemporalCNN,CA__HOBBIES_1,1484,66,179209.734375,0.05722564219190978,rmsse,0.553693469897223
state_dept,1,M3_FullSkuTemporalCNN,M3_FullSkuTemporalCNN,CA__HOBBIES_2,1484,67,8566.5,0.0027354734135769244,rmsse,2.2069200343388684
state_dept,1,M3_FullSkuTemporalCNN,M3_FullSkuTemporalCNN,CA__HOUSEHOLD_1,1484,68,295696.09375,0.09442231984493955,rmsse,0.7046587292263394
state_dept,1,M3_FullSkuTemporalCNN,M3_FullSkuTemporalCNN,CA__HOUSEHOLD_2,1484,69,111384.7109375,0.0355676081770247,rmsse,0.7614788305163521
state_dept,1,M3_FullSkuTemporalCNN,M3_FullSkuTemporalCNN,TX__FOODS_1,1484,70,63659.4765625,0.02032788252599569,rmsse,0.8782912596800806
state_dept,1,M3_FullSkuTemporalCNN,M3_FullSkuTemporalCNN,TX__FOODS_2,1484,71,106933.265625,0.03414616297719567,rmsse,0.6711359681470469
state_dept,1,M3_FullSkuTemporalCNN,M3_FullSkuTemporalCNN,TX__FOODS_3,1484,72,320047.375,0.10219822394181802,rmsse,0.37382878674146786
state_dept,1,M3_FullSkuTemporalCNN,M3_FullSkuTemporalCNN,TX__HOBBIES_1,1484,73,131600.609375,0.04202299283906317,rmsse,0.7282315207155647
state_dept,1,M3_FullSkuTemporalCNN,M3_FullSkuTemporalCNN,TX__HOBBIES_2,1484,74,9122.5400390625,0.002913029328330878,rmsse,1.452963571682048
state_dept,1,M3_FullSkuTemporalCNN,M3_FullSkuTemporalCNN,TX__HOUSEHOLD_1,1484,75,218449.421875,0.06975574455732352,rmsse,0.9520279020718915
state_dept,1,M3_FullSkuTemporalCNN,M3_FullSkuTemporalCNN,TX__HOUSEHOLD_2,1484,76,60137.07421875,0.019203101347772474,rmsse,0.807142283059193
state_dept,1,M3_FullSkuTemporalCNN,M3_FullSkuTemporalCNN,WI__FOODS_1,1484,77,60995.22265625,0.01947712717345202,rmsse,0.934069005855012
state_dept,1,M3_FullSkuTemporalCNN,M3_FullSkuTemporalCNN,WI__FOODS_2,1484,78,165842.15625,0.05295707806830621,rmsse,0.9864348991863956
state_dept,1,M3_FullSkuTemporalCNN,M3_FullSkuTemporalCNN,WI__FOODS_3,1484,79,337356.1875,0.10772531159889359,rmsse,0.4678814394994385
state_dept,1,M3_FullSkuTemporalCNN,M3_FullSkuTemporalCNN,WI__HOBBIES_1,1484,80,89317.84375,0.028521168147568186,rmsse,0.7249783783391796
state_dept,1,M3_FullSkuTemporalCNN,M3_FullSkuTemporalCNN,WI__HOBBIES_2,1484,81,5292.14013671875,0.001689897699751064,rmsse,1.3228300356857616
state_dept,1,M3_FullSkuTemporalCNN,M3_FullSkuTemporalCNN,WI__HOUSEHOLD_1,1484,82,188147.03125,0.060079519270157214,rmsse,1.023265568370301
state_dept,1,M3_FullSkuTemporalCNN,M3_FullSkuTemporalCNN,WI__HOUSEHOLD_2,1484,83,51892.25390625,0.016570347391715423,rmsse,0.9941483832993809
state_dept,1,M3_FullSkuTemporalCNN_Q,M3_FullSkuTemporalCNN,CA__FOODS_1,1400,0,83632.6171875,0.027950457497993245,mean_spl,0.7077416215073288
state_dept,1,M3_FullSkuTemporalCNN_Q,M3_FullSkuTemporalCNN,CA__FOODS_2,1400,1,164095.015625,0.054841411330896594,mean_spl,0.29422903862786165
state_dept,1,M3_FullSkuTemporalCNN_Q,M3_FullSkuTemporalCNN,CA__FOODS_3,1400,2,504658.75,0.16865959020798937,mean_spl,0.23965262617189673
state_dept,1,M3_FullSkuTemporalCNN_Q,M3_FullSkuTemporalCNN,CA__HOBBIES_1,1400,3,161149.171875,0.05385689496277306,mean_spl,0.271715958341997
state_dept,1,M3_FullSkuTemporalCNN_Q,M3_FullSkuTemporalCNN,CA__HOBBIES_2,1400,4,10923.298828125,0.0036506235234620883,mean_spl,0.6050800832869951
state_dept,1,M3_FullSkuTemporalCNN_Q,M3_FullSkuTemporalCNN,CA__HOUSEHOLD_1,1400,5,302646.59375,0.10114607242957512,mean_spl,0.24917090240726456
state_dept,1,M3_FullSkuTemporalCNN_Q,M3_FullSkuTemporalCNN,CA__HOUSEHOLD_2,1400,6,109452.75,0.03657968074889717,mean_spl,0.24059003882847182
state_dept,1,M3_FullSkuTemporalCNN_Q,M3_FullSkuTemporalCNN,TX__FOODS_1,1400,7,52726.58984375,0.017621501729855292,mean_spl,0.4233013051086034
state_dept,1,M3_FullSkuTemporalCNN_Q,M3_FullSkuTemporalCNN,TX__FOODS_2,1400,8,113405.421875,0.03790068433530907,mean_spl,0.17764822182035947
state_dept,1,M3_FullSkuTemporalCNN_Q,M3_FullSkuTemporalCNN,TX__FOODS_3,1400,9,305063.8125,0.10195391956155898,mean_spl,0.20842584204191253
state_dept,1,M3_FullSkuTemporalCNN_Q,M3_FullSkuTemporalCNN,TX__HOBBIES_1,1400,10,93580.7578125,0.03127517805647747,mean_spl,0.20313629996673768
state_dept,1,M3_FullSkuTemporalCNN_Q,M3_FullSkuTemporalCNN,TX__HOBBIES_2,1400,11,9269.640625,0.0030979623145102123,mean_spl,1.1453833503275925
state_dept,1,M3_FullSkuTemporalCNN_Q,M3_FullSkuTemporalCNN,TX__HOUSEHOLD_1,1400,12,196607.921875,0.06570739442263092,mean_spl,0.20507538280450893
state_dept,1,M3_FullSkuTemporalCNN_Q,M3_FullSkuTemporalCNN,TX__HOUSEHOLD_2,1400,13,53741.109375,0.017960559456286523,mean_spl,0.21562319583204653
state_dept,1,M3_FullSkuTemporalCNN_Q,M3_FullSkuTemporalCNN,WI__FOODS_1,1400,14,47736.96875,0.015953944298293835,mean_spl,0.42220447751277124
state_dept,1,M3_FullSkuTemporalCNN_Q,M3_FullSkuTemporalCNN,WI__FOODS_2,1400,15,164928.234375,0.05511987738925507,mean_spl,0.4001042214842424
state_dept,1,M3_FullSkuTemporalCNN_Q,M3_FullSkuTemporalCNN,WI__FOODS_3,1400,16,320789.625,0.10720956823888338,mean_spl,0.15707168591395543
state_dept,1,M3_FullSkuTemporalCNN_Q,M3_FullSkuTemporalCNN,WI__HOBBIES_1,1400,17,81234.9921875,0.027149158699602393,mean_spl,0.15162396383607438
state_dept,1,M3_FullSkuTemporalCNN_Q,M3_FullSkuTemporalCNN,WI__HOBBIES_2,1400,18,6896.14013671875,0.0023047260539440805,mean_spl,1.1250977837784677
state_dept,1,M3_FullSkuTemporalCNN_Q,M3_FullSkuTemporalCNN,WI__HOUSEHOLD_1,1400,19,162151.5,0.054191878257556794,mean_spl,0.21861453617643417
state_dept,1,M3_FullSkuTemporalCNN_Q,M3_FullSkuTemporalCNN,WI__HOUSEHOLD_2,1400,20,47482.55078125,0.01586891648424935,mean_spl,0.25331037145324575
state_dept,1,M3_FullSkuTemporalCNN_Q,M3_FullSkuTemporalCNN,CA__FOODS_1,1428,21,106770.9140625,0.03722904926990014,mean_spl,0.1971432806425903
state_dept,1,M3_FullSkuTemporalCNN_Q,M3_FullSkuTemporalCNN,CA__FOODS_2,1428,22,144754.703125,0.05047329623436408,mean_spl,0.12588284221369309
state_dept,1,M3_FullSkuTemporalCNN_Q,M3_FullSkuTemporalCNN,CA__FOODS_3,1428,23,447570.1875,0.15605947283004643,mean_spl,0.13354010511629183
state_dept,1,M3_FullSkuTemporalCNN_Q,M3_FullSkuTemporalCNN,CA__HOBBIES_1,1428,24,160946.1875,0.0561189683243945,mean_spl,0.1334810381684732
state_dept,1,M3_FullSkuTemporalCNN_Q,M3_FullSkuTemporalCNN,CA__HOBBIES_2,1428,25,11835.0107421875,0.004126650051649648,mean_spl,0.8029149141938378
state_dept,1,M3_FullSkuTemporalCNN_Q,M3_FullSkuTemporalCNN,CA__HOUSEHOLD_1,1428,26,281785.5625,0.09825343055242727,mean_spl,0.17887225230801762
state_dept,1,M3_FullSkuTemporalCNN_Q,M3_FullSkuTemporalCNN,CA__HOUSEHOLD_2,1428,27,101080.671875,0.03524496672629564,mean_spl,0.11622936844353389
state_dept,1,M3_FullSkuTemporalCNN_Q,M3_FullSkuTemporalCNN,TX__FOODS_1,1428,28,65300.953125,0.02276923844483514,mean_spl,0.1931948456041449
state_dept,1,M3_FullSkuTemporalCNN_Q,M3_FullSkuTemporalCNN,TX__FOODS_2,1428,29,107942.734375,0.037637641408804136,mean_spl,0.14693350618212253
state_dept,1,M3_FullSkuTemporalCNN_Q,M3_FullSkuTemporalCNN,TX__FOODS_3,1428,30,295754.09375,0.10312399987086524,mean_spl,0.11525627990276797
state_dept,1,M3_FullSkuTemporalCNN_Q,M3_FullSkuTemporalCNN,TX__HOBBIES_1,1428,31,90596.53125,0.03158934017942343,mean_spl,0.14335296301564612
state_dept,1,M3_FullSkuTemporalCNN_Q,M3_FullSkuTemporalCNN,TX__HOBBIES_2,1428,32,10101.060546875,0.003522053586220358,mean_spl,1.3326114531315145
state_dept,1,M3_FullSkuTemporalCNN_Q,M3_FullSkuTemporalCNN,TX__HOUSEHOLD_1,1428,33,185909.953125,0.06482337315763718,mean_spl,0.17054814402085713
state_dept,1,M3_FullSkuTemporalCNN_Q,M3_FullSkuTemporalCNN,TX__HOUSEHOLD_2,1428,34,51238.65234375,0.01786597341961622,mean_spl,0.16957999980307348
state_dept,1,M3_FullSkuTemporalCNN_Q,M3_FullSkuTemporalCNN,WI__FOODS_1,1428,35,60231.109375,0.021001477398517227,mean_spl,0.257528383543012
state_dept,1,M3_FullSkuTemporalCNN_Q,M3_FullSkuTemporalCNN,WI__FOODS_2,1428,36,156214.515625,0.05446912157624116,mean_spl,0.3113033518116726
state_dept,1,M3_FullSkuTemporalCNN_Q,M3_FullSkuTemporalCNN,WI__FOODS_3,1428,37,303553.65625,0.10584356351931534,mean_spl,0.21735519660218733
state_dept,1,M3_FullSkuTemporalCNN_Q,M3_FullSkuTemporalCNN,WI__HOBBIES_1,1428,38,82276.625,0.02868834225857686,mean_spl,0.17021734129432348
state_dept,1,M3_FullSkuTemporalCNN_Q,M3_FullSkuTemporalCNN,WI__HOBBIES_2,1428,39,7989.9501953125,0.0027859483277553987,mean_spl,1.9470237630953389
state_dept,1,M3_FullSkuTemporalCNN_Q,M3_FullSkuTemporalCNN,WI__HOUSEHOLD_1,1428,40,150839.921875,0.05259509982339449,mean_spl,0.32594899137190997
state_dept,1,M3_FullSkuTemporalCNN_Q,M3_FullSkuTemporalCNN,WI__HOUSEHOLD_2,1428,41,45253.3046875,0.015778993039720097,mean_spl,0.3908557745172592
state_dept,1,M3_FullSkuTemporalCNN_Q,M3_FullSkuTemporalCNN,CA__FOODS_1,1456,42,93932.703125,0.03207441539803845,mean_spl,0.2515017205603468
state_dept,1,M3_FullSkuTemporalCNN_Q,M3_FullSkuTemporalCNN,CA__FOODS_2,1456,43,146614.828125,0.05006334050171369,mean_spl,0.1550879645515306
state_dept,1,M3_FullSkuTemporalCNN_Q,M3_FullSkuTemporalCNN,CA__FOODS_3,1456,44,473283.96875,0.16160832287258578,mean_spl,0.11157578458793371
state_dept,1,M3_FullSkuTemporalCNN_Q,M3_FullSkuTemporalCNN,CA__HOBBIES_1,1456,45,169183.390625,0.05776963899499037,mean_spl,0.17034648931165003
state_dept,1,M3_FullSkuTemporalCNN_Q,M3_FullSkuTemporalCNN,CA__HOBBIES_2,1456,46,7881.1396484375,0.0026911069146764222,mean_spl,0.6748496248234714
state_dept,1,M3_FullSkuTemporalCNN_Q,M3_FullSkuTemporalCNN,CA__HOUSEHOLD_1,1456,47,284822.875,0.09725608764241107,mean_spl,0.20815082200993615
state_dept,1,M3_FullSkuTemporalCNN_Q,M3_FullSkuTemporalCNN,CA__HOUSEHOLD_2,1456,48,103049.7890625,0.035187550566626626,mean_spl,0.11785639690695628
state_dept,1,M3_FullSkuTemporalCNN_Q,M3_FullSkuTemporalCNN,TX__FOODS_1,1456,49,59094.82421875,0.020178615932556775,mean_spl,0.35319695883321606
state_dept,1,M3_FullSkuTemporalCNN_Q,M3_FullSkuTemporalCNN,TX__FOODS_2,1456,50,105692.1328125,0.036089809612117184,mean_spl,0.14376572245868746
state_dept,1,M3_FullSkuTemporalCNN_Q,M3_FullSkuTemporalCNN,TX__FOODS_3,1456,51,301872.5625,0.10307790199554448,mean_spl,0.12232170131010706
state_dept,1,M3_FullSkuTemporalCNN_Q,M3_FullSkuTemporalCNN,TX__HOBBIES_1,1456,52,112734.9453125,0.03849465995901811,mean_spl,0.3083171110326584
state_dept,1,M3_FullSkuTemporalCNN_Q,M3_FullSkuTemporalCNN,TX__HOBBIES_2,1456,53,7315.0498046875,0.0024978089449918285,mean_spl,0.5054069665999134
state_dept,1,M3_FullSkuTemporalCNN_Q,M3_FullSkuTemporalCNN,TX__HOUSEHOLD_1,1456,54,187232.953125,0.06393287231115985,mean_spl,0.3533219316719356
state_dept,1,M3_FullSkuTemporalCNN_Q,M3_FullSkuTemporalCNN,TX__HOUSEHOLD_2,1456,55,51073.0703125,0.017439494641992934,mean_spl,0.14338846533444116
state_dept,1,M3_FullSkuTemporalCNN_Q,M3_FullSkuTemporalCNN,WI__FOODS_1,1456,56,53774.33984375,0.01836187458172574,mean_spl,0.2441667507428225
state_dept,1,M3_FullSkuTemporalCNN_Q,M3_FullSkuTemporalCNN,WI__FOODS_2,1456,57,159320.796875,0.05440194150183258,mean_spl,0.3675363506936746
state_dept,1,M3_FullSkuTemporalCNN_Q,M3_FullSkuTemporalCNN,WI__FOODS_3,1456,58,324126.5,0.11067676811852964,mean_spl,0.17951407947841905
state_dept,1,M3_FullSkuTemporalCNN_Q,M3_FullSkuTemporalCNN,WI__HOBBIES_1,1456,59,78982.6875,0.02696955845886032,mean_spl,0.3230807846477679
state_dept,1,M3_FullSkuTemporalCNN_Q,M3_FullSkuTemporalCNN,WI__HOBBIES_2,1456,60,4655.3203125,0.0015896133353614822,mean_spl,0.7235659469658928
state_dept,1,M3_FullSkuTemporalCNN_Q,M3_FullSkuTemporalCNN,WI__HOUSEHOLD_1,1456,61,160025.375,0.05464252790794875,mean_spl,0.4502244618739853
state_dept,1,M3_FullSkuTemporalCNN_Q,M3_FullSkuTemporalCNN,WI__HOUSEHOLD_2,1456,62,43917.34765625,0.014996089807317921,mean_spl,0.26795457527468264
state_dept,1,M3_FullSkuTemporalCNN_Q,M3_FullSkuTemporalCNN,CA__FOODS_1,1484,63,107044.8125,0.03418178236795387,mean_spl,0.14140654178115905
state_dept,1,M3_FullSkuTemporalCNN_Q,M3_FullSkuTemporalCNN,CA__FOODS_2,1484,64,145399.671875,0.046429339491842754,mean_spl,0.13013051358652816
state_dept,1,M3_FullSkuTemporalCNN_Q,M3_FullSkuTemporalCNN,CA__FOODS_3,1484,65,475539.3125,0.1518502476454093,mean_spl,0.10334745751136258
state_dept,1,M3_FullSkuTemporalCNN_Q,M3_FullSkuTemporalCNN,CA__HOBBIES_1,1484,66,179209.734375,0.05722564219190978,mean_spl,0.16815138376713284
state_dept,1,M3_FullSkuTemporalCNN_Q,M3_FullSkuTemporalCNN,CA__HOBBIES_2,1484,67,8566.5,0.0027354734135769244,mean_spl,0.43332396302889936
state_dept,1,M3_FullSkuTemporalCNN_Q,M3_FullSkuTemporalCNN,CA__HOUSEHOLD_1,1484,68,295696.09375,0.09442231984493955,mean_spl,0.21464722049712048
state_dept,1,M3_FullSkuTemporalCNN_Q,M3_FullSkuTemporalCNN,CA__HOUSEHOLD_2,1484,69,111384.7109375,0.0355676081770247,mean_spl,0.21801334921908055
state_dept,1,M3_FullSkuTemporalCNN_Q,M3_FullSkuTemporalCNN,TX__FOODS_1,1484,70,63659.4765625,0.02032788252599569,mean_spl,0.15710556783750695
state_dept,1,M3_FullSkuTemporalCNN_Q,M3_FullSkuTemporalCNN,TX__FOODS_2,1484,71,106933.265625,0.03414616297719567,mean_spl,0.17147998076596963
state_dept,1,M3_FullSkuTemporalCNN_Q,M3_FullSkuTemporalCNN,TX__FOODS_3,1484,72,320047.375,0.10219822394181802,mean_spl,0.10812915338899663
state_dept,1,M3_FullSkuTemporalCNN_Q,M3_FullSkuTemporalCNN,TX__HOBBIES_1,1484,73,131600.609375,0.04202299283906317,mean_spl,0.1718055294882704
state_dept,1,M3_FullSkuTemporalCNN_Q,M3_FullSkuTemporalCNN,TX__HOBBIES_2,1484,74,9122.5400390625,0.002913029328330878,mean_spl,0.6529780228424593
state_dept,1,M3_FullSkuTemporalCNN_Q,M3_FullSkuTemporalCNN,TX__HOUSEHOLD_1,1484,75,218449.421875,0.06975574455732352,mean_spl,0.2636253090183006
state_dept,1,M3_FullSkuTemporalCNN_Q,M3_FullSkuTemporalCNN,TX__HOUSEHOLD_2,1484,76,60137.07421875,0.019203101347772474,mean_spl,0.17513120642454905
state_dept,1,M3_FullSkuTemporalCNN_Q,M3_FullSkuTemporalCNN,WI__FOODS_1,1484,77,60995.22265625,0.01947712717345202,mean_spl,0.1658347221376708
state_dept,1,M3_FullSkuTemporalCNN_Q,M3_FullSkuTemporalCNN,WI__FOODS_2,1484,78,165842.15625,0.05295707806830621,mean_spl,0.2742940511388128
state_dept,1,M3_FullSkuTemporalCNN_Q,M3_FullSkuTemporalCNN,WI__FOODS_3,1484,79,337356.1875,0.10772531159889359,mean_spl,0.08757282325983357
state_dept,1,M3_FullSkuTemporalCNN_Q,M3_FullSkuTemporalCNN,WI__HOBBIES_1,1484,80,89317.84375,0.028521168147568186,mean_spl,0.1634933364751513
state_dept,1,M3_FullSkuTemporalCNN_Q,M3_FullSkuTemporalCNN,WI__HOBBIES_2,1484,81,5292.14013671875,0.001689897699751064,mean_spl,0.6263414201297364
state_dept,1,M3_FullSkuTemporalCNN_Q,M3_FullSkuTemporalCNN,WI__HOUSEHOLD_1,1484,82,188147.03125,0.060079519270157214,mean_spl,0.32942768199332373
state_dept,1,M3_FullSkuTemporalCNN_Q,M3_FullSkuTemporalCNN,WI__HOUSEHOLD_2,1484,83,51892.25390625,0.016570347391715423,mean_spl,0.25006508437809366
state_dept,2,M3_FullSkuTemporalCNN,M3_FullSkuTemporalCNN,CA__FOODS_1,1456,0,93932.703125,0.03207441539803845,rmsse,0.9228171665124242
state_dept,2,M3_FullSkuTemporalCNN,M3_FullSkuTemporalCNN,CA__FOODS_2,1456,1,146614.828125,0.05006334050171369,rmsse,0.727446195219143
state_dept,2,M3_FullSkuTemporalCNN,M3_FullSkuTemporalCNN,CA__FOODS_3,1456,2,473283.96875,0.16160832287258578,rmsse,0.43478216775438816
state_dept,2,M3_FullSkuTemporalCNN,M3_FullSkuTemporalCNN,CA__HOBBIES_1,1456,3,169183.390625,0.05776963899499037,rmsse,0.5348216926113102
state_dept,2,M3_FullSkuTemporalCNN,M3_FullSkuTemporalCNN,CA__HOBBIES_2,1456,4,7881.1396484375,0.0026911069146764222,rmsse,3.464812190548928
state_dept,2,M3_FullSkuTemporalCNN,M3_FullSkuTemporalCNN,CA__HOUSEHOLD_1,1456,5,284822.875,0.09725608764241107,rmsse,0.7669248258012356
state_dept,2,M3_FullSkuTemporalCNN,M3_FullSkuTemporalCNN,CA__HOUSEHOLD_2,1456,6,103049.7890625,0.035187550566626626,rmsse,0.5678730987047829
state_dept,2,M3_FullSkuTemporalCNN,M3_FullSkuTemporalCNN,TX__FOODS_1,1456,7,59094.82421875,0.020178615932556775,rmsse,1.4132538986036238
state_dept,2,M3_FullSkuTemporalCNN,M3_FullSkuTemporalCNN,TX__FOODS_2,1456,8,105692.1328125,0.036089809612117184,rmsse,0.5268323599348764
state_dept,2,M3_FullSkuTemporalCNN,M3_FullSkuTemporalCNN,TX__FOODS_3,1456,9,301872.5625,0.10307790199554448,rmsse,0.46262744269338923
state_dept,2,M3_FullSkuTemporalCNN,M3_FullSkuTemporalCNN,TX__HOBBIES_1,1456,10,112734.9453125,0.03849465995901811,rmsse,1.0133236393726917
state_dept,2,M3_FullSkuTemporalCNN,M3_FullSkuTemporalCNN,TX__HOBBIES_2,1456,11,7315.0498046875,0.0024978089449918285,rmsse,3.291458411410253
state_dept,2,M3_FullSkuTemporalCNN,M3_FullSkuTemporalCNN,TX__HOUSEHOLD_1,1456,12,187232.953125,0.06393287231115985,rmsse,1.0586310756178992
state_dept,2,M3_FullSkuTemporalCNN,M3_FullSkuTemporalCNN,TX__HOUSEHOLD_2,1456,13,51073.0703125,0.017439494641992934,rmsse,0.6265972013865572
state_dept,2,M3_FullSkuTemporalCNN,M3_FullSkuTemporalCNN,WI__FOODS_1,1456,14,53774.33984375,0.01836187458172574,rmsse,1.0035383163332798
state_dept,2,M3_FullSkuTemporalCNN,M3_FullSkuTemporalCNN,WI__FOODS_2,1456,15,159320.796875,0.05440194150183258,rmsse,1.160893631561982
state_dept,2,M3_FullSkuTemporalCNN,M3_FullSkuTemporalCNN,WI__FOODS_3,1456,16,324126.5,0.11067676811852964,rmsse,0.7289766572254226
state_dept,2,M3_FullSkuTemporalCNN,M3_FullSkuTemporalCNN,WI__HOBBIES_1,1456,17,78982.6875,0.02696955845886032,rmsse,1.0670035367802344
state_dept,2,M3_FullSkuTemporalCNN,M3_FullSkuTemporalCNN,WI__HOBBIES_2,1456,18,4655.3203125,0.0015896133353614822,rmsse,5.184529291664832
state_dept,2,M3_FullSkuTemporalCNN,M3_FullSkuTemporalCNN,WI__HOUSEHOLD_1,1456,19,160025.375,0.05464252790794875,rmsse,1.4449048231001713
state_dept,2,M3_FullSkuTemporalCNN,M3_FullSkuTemporalCNN,WI__HOUSEHOLD_2,1456,20,43917.34765625,0.014996089807317921,rmsse,1.1886086752955332
state_dept,2,M3_FullSkuTemporalCNN,M3_FullSkuTemporalCNN,CA__FOODS_1,1484,21,107044.8125,0.03418178236795387,rmsse,0.743908356257963
state_dept,2,M3_FullSkuTemporalCNN,M3_FullSkuTemporalCNN,CA__FOODS_2,1484,22,145399.671875,0.046429339491842754,rmsse,0.5568189139184028
state_dept,2,M3_FullSkuTemporalCNN,M3_FullSkuTemporalCNN,CA__FOODS_3,1484,23,475539.3125,0.1518502476454093,rmsse,0.47281508550456286
state_dept,2,M3_FullSkuTemporalCNN,M3_FullSkuTemporalCNN,CA__HOBBIES_1,1484,24,179209.734375,0.05722564219190978,rmsse,0.4762563919352632
state_dept,2,M3_FullSkuTemporalCNN,M3_FullSkuTemporalCNN,CA__HOBBIES_2,1484,25,8566.5,0.0027354734135769244,rmsse,2.4337922420809965
state_dept,2,M3_FullSkuTemporalCNN,M3_FullSkuTemporalCNN,CA__HOUSEHOLD_1,1484,26,295696.09375,0.09442231984493955,rmsse,0.6711167246955677
state_dept,2,M3_FullSkuTemporalCNN,M3_FullSkuTemporalCNN,CA__HOUSEHOLD_2,1484,27,111384.7109375,0.0355676081770247,rmsse,0.6911088298818509
state_dept,2,M3_FullSkuTemporalCNN,M3_FullSkuTemporalCNN,TX__FOODS_1,1484,28,63659.4765625,0.02032788252599569,rmsse,1.0473137952131188
state_dept,2,M3_FullSkuTemporalCNN,M3_FullSkuTemporalCNN,TX__FOODS_2,1484,29,106933.265625,0.03414616297719567,rmsse,0.7239637747136665
state_dept,2,M3_FullSkuTemporalCNN,M3_FullSkuTemporalCNN,TX__FOODS_3,1484,30,320047.375,0.10219822394181802,rmsse,0.41581868080422824
state_dept,2,M3_FullSkuTemporalCNN,M3_FullSkuTemporalCNN,TX__HOBBIES_1,1484,31,131600.609375,0.04202299283906317,rmsse,0.6432221452908733
state_dept,2,M3_FullSkuTemporalCNN,M3_FullSkuTemporalCNN,TX__HOBBIES_2,1484,32,9122.5400390625,0.002913029328330878,rmsse,3.704241896020139
state_dept,2,M3_FullSkuTemporalCNN,M3_FullSkuTemporalCNN,TX__HOUSEHOLD_1,1484,33,218449.421875,0.06975574455732352,rmsse,0.8547735238560048
state_dept,2,M3_FullSkuTemporalCNN,M3_FullSkuTemporalCNN,TX__HOUSEHOLD_2,1484,34,60137.07421875,0.019203101347772474,rmsse,0.6872373323261848
state_dept,2,M3_FullSkuTemporalCNN,M3_FullSkuTemporalCNN,WI__FOODS_1,1484,35,60995.22265625,0.01947712717345202,rmsse,1.1937294022959295
state_dept,2,M3_FullSkuTemporalCNN,M3_FullSkuTemporalCNN,WI__FOODS_2,1484,36,165842.15625,0.05295707806830621,rmsse,0.8672781655225119
state_dept,2,M3_FullSkuTemporalCNN,M3_FullSkuTemporalCNN,WI__FOODS_3,1484,37,337356.1875,0.10772531159889359,rmsse,0.4404709183240915
state_dept,2,M3_FullSkuTemporalCNN,M3_FullSkuTemporalCNN,WI__HOBBIES_1,1484,38,89317.84375,0.028521168147568186,rmsse,0.6958308911723844
state_dept,2,M3_FullSkuTemporalCNN,M3_FullSkuTemporalCNN,WI__HOBBIES_2,1484,39,5292.14013671875,0.001689897699751064,rmsse,4.138393434734141
state_dept,2,M3_FullSkuTemporalCNN,M3_FullSkuTemporalCNN,WI__HOUSEHOLD_1,1484,40,188147.03125,0.060079519270157214,rmsse,0.9177846531464668
state_dept,2,M3_FullSkuTemporalCNN,M3_FullSkuTemporalCNN,WI__HOUSEHOLD_2,1484,41,51892.25390625,0.016570347391715423,rmsse,0.8004478363801389
state_dept,2,M3_FullSkuTemporalCNN,M3_FullSkuTemporalCNN,CA__FOODS_1,1512,42,84326.640625,0.02641986145818641,rmsse,1.000594966600535
state_dept,2,M3_FullSkuTemporalCNN,M3_FullSkuTemporalCNN,CA__FOODS_2,1512,43,141234.25,0.044249234767270364,rmsse,0.578769083098391
state_dept,2,M3_FullSkuTemporalCNN,M3_FullSkuTemporalCNN,CA__FOODS_3,1512,44,476342.8125,0.14924003873008387,rmsse,0.3723970139949223
state_dept,2,M3_FullSkuTemporalCNN,M3_FullSkuTemporalCNN,CA__HOBBIES_1,1512,45,191148.40625,0.059887532263213916,rmsse,0.6019256183070026
state_dept,2,M3_FullSkuTemporalCNN,M3_FullSkuTemporalCNN,CA__HOBBIES_2,1512,46,8335.41015625,0.002611516122225282,rmsse,1.0855557361264614
state_dept,2,M3_FullSkuTemporalCNN,M3_FullSkuTemporalCNN,CA__HOUSEHOLD_1,1512,47,309920.84375,0.09709939461826197,rmsse,0.6553765361368372
state_dept,2,M3_FullSkuTemporalCNN,M3_FullSkuTemporalCNN,CA__HOUSEHOLD_2,1512,48,128842.6640625,0.040366903142418434,rmsse,0.6398469210498494
state_dept,2,M3_FullSkuTemporalCNN,M3_FullSkuTemporalCNN,TX__FOODS_1,1512,49,54629.78515625,0.01711572220381705,rmsse,1.1403447182526931
state_dept,2,M3_FullSkuTemporalCNN,M3_FullSkuTemporalCNN,TX__FOODS_2,1512,50,113179.359375,0.035459529425713926,rmsse,0.6177849556241687
state_dept,2,M3_FullSkuTemporalCNN,M3_FullSkuTemporalCNN,TX__FOODS_3,1512,51,325885.46875,0.10210117315000221,rmsse,0.5193354353806471
state_dept,2,M3_FullSkuTemporalCNN,M3_FullSkuTemporalCNN,TX__HOBBIES_1,1512,52,154440.5,0.048386803782188945,rmsse,0.8293594305719791
state_dept,2,M3_FullSkuTemporalCNN,M3_FullSkuTemporalCNN,TX__HOBBIES_2,1512,53,7785.5400390625,0.0024392396956011723,rmsse,2.7568317101582718
state_dept,2,M3_FullSkuTemporalCNN,M3_FullSkuTemporalCNN,TX__HOUSEHOLD_1,1512,54,239974.671875,0.07518498943418858,rmsse,0.6966277162005018
state_dept,2,M3_FullSkuTemporalCNN,M3_FullSkuTemporalCNN,TX__HOUSEHOLD_2,1512,55,69660.046875,0.02182476111899864,rmsse,0.9681465167839546
state_dept,2,M3_FullSkuTemporalCNN,M3_FullSkuTemporalCNN,WI__FOODS_1,1512,56,54458.85546875,0.017062169274050482,rmsse,0.9564454311159432
state_dept,2,M3_FullSkuTemporalCNN,M3_FullSkuTemporalCNN,WI__FOODS_2,1512,57,163157.328125,0.05111781962380718,rmsse,0.7981693251249515
state_dept,2,M3_FullSkuTemporalCNN,M3_FullSkuTemporalCNN,WI__FOODS_3,1512,58,319412.125,0.10007304960827637,rmsse,0.4342612031422295
state_dept,2,M3_FullSkuTemporalCNN,M3_FullSkuTemporalCNN,WI__HOBBIES_1,1512,59,91276.4140625,0.028597252256914597,rmsse,0.7794961390418416
state_dept,2,M3_FullSkuTemporalCNN,M3_FullSkuTemporalCNN,WI__HOBBIES_2,1512,60,5646.8701171875,0.0017691861677724293,rmsse,3.1722822967241884
state_dept,2,M3_FullSkuTemporalCNN,M3_FullSkuTemporalCNN,WI__HOUSEHOLD_1,1512,61,193736.28125,0.060698323473018546,rmsse,0.7390820758681952
state_dept,2,M3_FullSkuTemporalCNN,M3_FullSkuTemporalCNN,WI__HOUSEHOLD_2,1512,62,58395.38671875,0.018295499683989618,rmsse,1.34646916286449
state_dept,2,M3_FullSkuTemporalCNN,M3_FullSkuTemporalCNN,CA__FOODS_1,1540,63,93587.7265625,0.029269499415337182,rmsse,0.42388591602448994
state_dept,2,M3_FullSkuTemporalCNN,M3_FullSkuTemporalCNN,CA__FOODS_2,1540,64,147965.984375,0.04627626348270771,rmsse,0.6839774989145695
state_dept,2,M3_FullSkuTemporalCNN,M3_FullSkuTemporalCNN,CA__FOODS_3,1540,65,484408.90625,0.1514985641712307,rmsse,0.29522159694734834
state_dept,2,M3_FullSkuTemporalCNN,M3_FullSkuTemporalCNN,CA__HOBBIES_1,1540,66,192888.609375,0.06032578465891468,rmsse,0.5413462594906858
state_dept,2,M3_FullSkuTemporalCNN,M3_FullSkuTemporalCNN,CA__HOBBIES_2,1540,67,9247.3798828125,0.0028921119255164757,rmsse,1.715454556335493
state_dept,2,M3_FullSkuTemporalCNN,M3_FullSkuTemporalCNN,CA__HOUSEHOLD_1,1540,68,326379.125,0.10207485489014505,rmsse,0.48349020380854474
state_dept,2,M3_FullSkuTemporalCNN,M3_FullSkuTemporalCNN,CA__HOUSEHOLD_2,1540,69,133630.421875,0.041792825818132484,rmsse,0.4479993789249455
state_dept,2,M3_FullSkuTemporalCNN,M3_FullSkuTemporalCNN,TX__FOODS_1,1540,70,59490.12109375,0.018605495918409883,rmsse,0.7458789830105932
state_dept,2,M3_FullSkuTemporalCNN,M3_FullSkuTemporalCNN,TX__FOODS_2,1540,71,112303.6015625,0.03512287690927799,rmsse,0.5053858403634289
state_dept,2,M3_FullSkuTemporalCNN,M3_FullSkuTemporalCNN,TX__FOODS_3,1540,72,329329.21875,0.10299749475396469,rmsse,0.31858239674027566
state_dept,2,M3_FullSkuTemporalCNN,M3_FullSkuTemporalCNN,TX__HOBBIES_1,1540,73,152773.6875,0.04777986944659793,rmsse,0.6244965365362852
state_dept,2,M3_FullSkuTemporalCNN,M3_FullSkuTemporalCNN,TX__HOBBIES_2,1540,74,7476.140625,0.002338158022315898,rmsse,2.0705404529365268
state_dept,2,M3_FullSkuTemporalCNN,M3_FullSkuTemporalCNN,TX__HOUSEHOLD_1,1540,75,238686.875,0.07464916185986831,rmsse,0.4417738664472127
state_dept,2,M3_FullSkuTemporalCNN,M3_FullSkuTemporalCNN,TX__HOUSEHOLD_2,1540,76,65358.37109375,0.020440787214105013,rmsse,0.7580937714191335
state_dept,2,M3_FullSkuTemporalCNN,M3_FullSkuTemporalCNN,WI__FOODS_1,1540,77,58520.7421875,0.01830232330836922,rmsse,0.5798962244594071
state_dept,2,M3_FullSkuTemporalCNN,M3_FullSkuTemporalCNN,WI__FOODS_2,1540,78,153677.65625,0.04806258507365121,rmsse,0.823828252222624
state_dept,2,M3_FullSkuTemporalCNN,M3_FullSkuTemporalCNN,WI__FOODS_3,1540,79,302620.28125,0.09464429226412269,rmsse,0.2545778598260812
state_dept,2,M3_FullSkuTemporalCNN,M3_FullSkuTemporalCNN,WI__HOBBIES_1,1540,80,86954.9453125,0.02719510147823926,rmsse,0.582956194332176
state_dept,2,M3_FullSkuTemporalCNN,M3_FullSkuTemporalCNN,WI__HOBBIES_2,1540,81,5626.56005859375,0.0017597029268083338,rmsse,3.2911327317799626
state_dept,2,M3_FullSkuTemporalCNN,M3_FullSkuTemporalCNN,WI__HOUSEHOLD_1,1540,82,182516.109375,0.057081792162923924,rmsse,0.7133077509194397
state_dept,2,M3_FullSkuTemporalCNN,M3_FullSkuTemporalCNN,WI__HOUSEHOLD_2,1540,83,54006.36328125,0.016890454299361368,rmsse,1.5362284506661863
state_dept,2,M3_FullSkuTemporalCNN_Q,M3_FullSkuTemporalCNN,CA__FOODS_1,1456,0,93932.703125,0.03207441539803845,mean_spl,0.24841566592895292
state_dept,2,M3_FullSkuTemporalCNN_Q,M3_FullSkuTemporalCNN,CA__FOODS_2,1456,1,146614.828125,0.05006334050171369,mean_spl,0.1975733359301284
state_dept,2,M3_FullSkuTemporalCNN_Q,M3_FullSkuTemporalCNN,CA__FOODS_3,1456,2,473283.96875,0.16160832287258578,mean_spl,0.11178743174546749
state_dept,2,M3_FullSkuTemporalCNN_Q,M3_FullSkuTemporalCNN,CA__HOBBIES_1,1456,3,169183.390625,0.05776963899499037,mean_spl,0.14962168058047734
state_dept,2,M3_FullSkuTemporalCNN_Q,M3_FullSkuTemporalCNN,CA__HOBBIES_2,1456,4,7881.1396484375,0.0026911069146764222,mean_spl,0.6543912250182139
state_dept,2,M3_FullSkuTemporalCNN_Q,M3_FullSkuTemporalCNN,CA__HOUSEHOLD_1,1456,5,284822.875,0.09725608764241107,mean_spl,0.21286552228593988
state_dept,2,M3_FullSkuTemporalCNN_Q,M3_FullSkuTemporalCNN,CA__HOUSEHOLD_2,1456,6,103049.7890625,0.035187550566626626,mean_spl,0.15965542289491774
state_dept,2,M3_FullSkuTemporalCNN_Q,M3_FullSkuTemporalCNN,TX__FOODS_1,1456,7,59094.82421875,0.020178615932556775,mean_spl,0.39623739025439786
state_dept,2,M3_FullSkuTemporalCNN_Q,M3_FullSkuTemporalCNN,TX__FOODS_2,1456,8,105692.1328125,0.036089809612117184,mean_spl,0.14324207113193557
state_dept,2,M3_FullSkuTemporalCNN_Q,M3_FullSkuTemporalCNN,TX__FOODS_3,1456,9,301872.5625,0.10307790199554448,mean_spl,0.11368909638067505
state_dept,2,M3_FullSkuTemporalCNN_Q,M3_FullSkuTemporalCNN,TX__HOBBIES_1,1456,10,112734.9453125,0.03849465995901811,mean_spl,0.22404789569306624
state_dept,2,M3_FullSkuTemporalCNN_Q,M3_FullSkuTemporalCNN,TX__HOBBIES_2,1456,11,7315.0498046875,0.0024978089449918285,mean_spl,0.42132845495574095
state_dept,2,M3_FullSkuTemporalCNN_Q,M3_FullSkuTemporalCNN,TX__HOUSEHOLD_1,1456,12,187232.953125,0.06393287231115985,mean_spl,0.27346948167364893
state_dept,2,M3_FullSkuTemporalCNN_Q,M3_FullSkuTemporalCNN,TX__HOUSEHOLD_2,1456,13,51073.0703125,0.017439494641992934,mean_spl,0.1771646394208682
state_dept,2,M3_FullSkuTemporalCNN_Q,M3_FullSkuTemporalCNN,WI__FOODS_1,1456,14,53774.33984375,0.01836187458172574,mean_spl,0.24870508947221978
state_dept,2,M3_FullSkuTemporalCNN_Q,M3_FullSkuTemporalCNN,WI__FOODS_2,1456,15,159320.796875,0.05440194150183258,mean_spl,0.2345641004413769
state_dept,2,M3_FullSkuTemporalCNN_Q,M3_FullSkuTemporalCNN,WI__FOODS_3,1456,16,324126.5,0.11067676811852964,mean_spl,0.18789263210800466
state_dept,2,M3_FullSkuTemporalCNN_Q,M3_FullSkuTemporalCNN,WI__HOBBIES_1,1456,17,78982.6875,0.02696955845886032,mean_spl,0.26109279245840433
state_dept,2,M3_FullSkuTemporalCNN_Q,M3_FullSkuTemporalCNN,WI__HOBBIES_2,1456,18,4655.3203125,0.0015896133353614822,mean_spl,0.7108723015809856
state_dept,2,M3_FullSkuTemporalCNN_Q,M3_FullSkuTemporalCNN,WI__HOUSEHOLD_1,1456,19,160025.375,0.05464252790794875,mean_spl,0.42966704061892086
state_dept,2,M3_FullSkuTemporalCNN_Q,M3_FullSkuTemporalCNN,WI__HOUSEHOLD_2,1456,20,43917.34765625,0.014996089807317921,mean_spl,0.28663242278363465
state_dept,2,M3_FullSkuTemporalCNN_Q,M3_FullSkuTemporalCNN,CA__FOODS_1,1484,21,107044.8125,0.03418178236795387,mean_spl,0.14126648673382966
state_dept,2,M3_FullSkuTemporalCNN_Q,M3_FullSkuTemporalCNN,CA__FOODS_2,1484,22,145399.671875,0.046429339491842754,mean_spl,0.14364635413732102
state_dept,2,M3_FullSkuTemporalCNN_Q,M3_FullSkuTemporalCNN,CA__FOODS_3,1484,23,475539.3125,0.1518502476454093,mean_spl,0.11249750036065682
state_dept,2,M3_FullSkuTemporalCNN_Q,M3_FullSkuTemporalCNN,CA__HOBBIES_1,1484,24,179209.734375,0.05722564219190978,mean_spl,0.13604204651366864
state_dept,2,M3_FullSkuTemporalCNN_Q,M3_FullSkuTemporalCNN,CA__HOBBIES_2,1484,25,8566.5,0.0027354734135769244,mean_spl,0.3886314196541919
state_dept,2,M3_FullSkuTemporalCNN_Q,M3_FullSkuTemporalCNN,CA__HOUSEHOLD_1,1484,26,295696.09375,0.09442231984493955,mean_spl,0.19309117256691943
state_dept,2,M3_FullSkuTemporalCNN_Q,M3_FullSkuTemporalCNN,CA__HOUSEHOLD_2,1484,27,111384.7109375,0.0355676081770247,mean_spl,0.17940903933952962
state_dept,2,M3_FullSkuTemporalCNN_Q,M3_FullSkuTemporalCNN,TX__FOODS_1,1484,28,63659.4765625,0.02032788252599569,mean_spl,0.19287314465600378
state_dept,2,M3_FullSkuTemporalCNN_Q,M3_FullSkuTemporalCNN,TX__FOODS_2,1484,29,106933.265625,0.03414616297719567,mean_spl,0.15425570507812508
state_dept,2,M3_FullSkuTemporalCNN_Q,M3_FullSkuTemporalCNN,TX__FOODS_3,1484,30,320047.375,0.10219822394181802,mean_spl,0.10454051581585883
state_dept,2,M3_FullSkuTemporalCNN_Q,M3_FullSkuTemporalCNN,TX__HOBBIES_1,1484,31,131600.609375,0.04202299283906317,mean_spl,0.1321920665904652
state_dept,2,M3_FullSkuTemporalCNN_Q,M3_FullSkuTemporalCNN,TX__HOBBIES_2,1484,32,9122.5400390625,0.002913029328330878,mean_spl,0.5100609457626966
state_dept,2,M3_FullSkuTemporalCNN_Q,M3_FullSkuTemporalCNN,TX__HOUSEHOLD_1,1484,33,218449.421875,0.06975574455732352,mean_spl,0.24367418666323898
state_dept,2,M3_FullSkuTemporalCNN_Q,M3_FullSkuTemporalCNN,TX__HOUSEHOLD_2,1484,34,60137.07421875,0.019203101347772474,mean_spl,0.20125714459775593
state_dept,2,M3_FullSkuTemporalCNN_Q,M3_FullSkuTemporalCNN,WI__FOODS_1,1484,35,60995.22265625,0.01947712717345202,mean_spl,0.21558705588884786
state_dept,2,M3_FullSkuTemporalCNN_Q,M3_FullSkuTemporalCNN,WI__FOODS_2,1484,36,165842.15625,0.05295707806830621,mean_spl,0.19740894957803312
state_dept,2,M3_FullSkuTemporalCNN_Q,M3_FullSkuTemporalCNN,WI__FOODS_3,1484,37,337356.1875,0.10772531159889359,mean_spl,0.09250620524892811
state_dept,2,M3_FullSkuTemporalCNN_Q,M3_FullSkuTemporalCNN,WI__HOBBIES_1,1484,38,89317.84375,0.028521168147568186,mean_spl,0.14232662082290137
state_dept,2,M3_FullSkuTemporalCNN_Q,M3_FullSkuTemporalCNN,WI__HOBBIES_2,1484,39,5292.14013671875,0.001689897699751064,mean_spl,0.5475981391122399
state_dept,2,M3_FullSkuTemporalCNN_Q,M3_FullSkuTemporalCNN,WI__HOUSEHOLD_1,1484,40,188147.03125,0.060079519270157214,mean_spl,0.2667160165306292
state_dept,2,M3_FullSkuTemporalCNN_Q,M3_FullSkuTemporalCNN,WI__HOUSEHOLD_2,1484,41,51892.25390625,0.016570347391715423,mean_spl,0.2676500003650137
state_dept,2,M3_FullSkuTemporalCNN_Q,M3_FullSkuTemporalCNN,CA__FOODS_1,1512,42,84326.640625,0.02641986145818641,mean_spl,0.23673976844785047
state_dept,2,M3_FullSkuTemporalCNN_Q,M3_FullSkuTemporalCNN,CA__FOODS_2,1512,43,141234.25,0.044249234767270364,mean_spl,0.13561361446022324
state_dept,2,M3_FullSkuTemporalCNN_Q,M3_FullSkuTemporalCNN,CA__FOODS_3,1512,44,476342.8125,0.14924003873008387,mean_spl,0.0913137422369173
state_dept,2,M3_FullSkuTemporalCNN_Q,M3_FullSkuTemporalCNN,CA__HOBBIES_1,1512,45,191148.40625,0.059887532263213916,mean_spl,0.15598765556010658
state_dept,2,M3_FullSkuTemporalCNN_Q,M3_FullSkuTemporalCNN,CA__HOBBIES_2,1512,46,8335.41015625,0.002611516122225282,mean_spl,0.32106147828175247
state_dept,2,M3_FullSkuTemporalCNN_Q,M3_FullSkuTemporalCNN,CA__HOUSEHOLD_1,1512,47,309920.84375,0.09709939461826197,mean_spl,0.14017888583058935
state_dept,2,M3_FullSkuTemporalCNN_Q,M3_FullSkuTemporalCNN,CA__HOUSEHOLD_2,1512,48,128842.6640625,0.040366903142418434,mean_spl,0.1348792128480404
state_dept,2,M3_FullSkuTemporalCNN_Q,M3_FullSkuTemporalCNN,TX__FOODS_1,1512,49,54629.78515625,0.01711572220381705,mean_spl,0.30601150636711644
state_dept,2,M3_FullSkuTemporalCNN_Q,M3_FullSkuTemporalCNN,TX__FOODS_2,1512,50,113179.359375,0.035459529425713926,mean_spl,0.1472481473076479
state_dept,2,M3_FullSkuTemporalCNN_Q,M3_FullSkuTemporalCNN,TX__FOODS_3,1512,51,325885.46875,0.10210117315000221,mean_spl,0.1365933290550786
state_dept,2,M3_FullSkuTemporalCNN_Q,M3_FullSkuTemporalCNN,TX__HOBBIES_1,1512,52,154440.5,0.048386803782188945,mean_spl,0.238563446559344
state_dept,2,M3_FullSkuTemporalCNN_Q,M3_FullSkuTemporalCNN,TX__HOBBIES_2,1512,53,7785.5400390625,0.0024392396956011723,mean_spl,0.37375811835210193
state_dept,2,M3_FullSkuTemporalCNN_Q,M3_FullSkuTemporalCNN,TX__HOUSEHOLD_1,1512,54,239974.671875,0.07518498943418858,mean_spl,0.20862455472343178
state_dept,2,M3_FullSkuTemporalCNN_Q,M3_FullSkuTemporalCNN,TX__HOUSEHOLD_2,1512,55,69660.046875,0.02182476111899864,mean_spl,0.24957936029098457
state_dept,2,M3_FullSkuTemporalCNN_Q,M3_FullSkuTemporalCNN,WI__FOODS_1,1512,56,54458.85546875,0.017062169274050482,mean_spl,0.22761361514036083
state_dept,2,M3_FullSkuTemporalCNN_Q,M3_FullSkuTemporalCNN,WI__FOODS_2,1512,57,163157.328125,0.05111781962380718,mean_spl,0.2140667570859239
state_dept,2,M3_FullSkuTemporalCNN_Q,M3_FullSkuTemporalCNN,WI__FOODS_3,1512,58,319412.125,0.10007304960827637,mean_spl,0.09049090997357873
state_dept,2,M3_FullSkuTemporalCNN_Q,M3_FullSkuTemporalCNN,WI__HOBBIES_1,1512,59,91276.4140625,0.028597252256914597,mean_spl,0.16140236908647473
state_dept,2,M3_FullSkuTemporalCNN_Q,M3_FullSkuTemporalCNN,WI__HOBBIES_2,1512,60,5646.8701171875,0.0017691861677724293,mean_spl,0.44482489689907495
state_dept,2,M3_FullSkuTemporalCNN_Q,M3_FullSkuTemporalCNN,WI__HOUSEHOLD_1,1512,61,193736.28125,0.060698323473018546,mean_spl,0.17558597416348815
state_dept,2,M3_FullSkuTemporalCNN_Q,M3_FullSkuTemporalCNN,WI__HOUSEHOLD_2,1512,62,58395.38671875,0.018295499683989618,mean_spl,0.2610618565360551
state_dept,2,M3_FullSkuTemporalCNN_Q,M3_FullSkuTemporalCNN,CA__FOODS_1,1540,63,93587.7265625,0.029269499415337182,mean_spl,0.13233063875650597
state_dept,2,M3_FullSkuTemporalCNN_Q,M3_FullSkuTemporalCNN,CA__FOODS_2,1540,64,147965.984375,0.04627626348270771,mean_spl,0.15762145656473128
state_dept,2,M3_FullSkuTemporalCNN_Q,M3_FullSkuTemporalCNN,CA__FOODS_3,1540,65,484408.90625,0.1514985641712307,mean_spl,0.09381255039996324
state_dept,2,M3_FullSkuTemporalCNN_Q,M3_FullSkuTemporalCNN,CA__HOBBIES_1,1540,66,192888.609375,0.06032578465891468,mean_spl,0.1503469234009164
state_dept,2,M3_FullSkuTemporalCNN_Q,M3_FullSkuTemporalCNN,CA__HOBBIES_2,1540,67,9247.3798828125,0.0028921119255164757,mean_spl,0.3402407202126254
state_dept,2,M3_FullSkuTemporalCNN_Q,M3_FullSkuTemporalCNN,CA__HOUSEHOLD_1,1540,68,326379.125,0.10207485489014505,mean_spl,0.1254222909059336
state_dept,2,M3_FullSkuTemporalCNN_Q,M3_FullSkuTemporalCNN,CA__HOUSEHOLD_2,1540,69,133630.421875,0.041792825818132484,mean_spl,0.1293902444007425
state_dept,2,M3_FullSkuTemporalCNN_Q,M3_FullSkuTemporalCNN,TX__FOODS_1,1540,70,59490.12109375,0.018605495918409883,mean_spl,0.16312577670900297
state_dept,2,M3_FullSkuTemporalCNN_Q,M3_FullSkuTemporalCNN,TX__FOODS_2,1540,71,112303.6015625,0.03512287690927799,mean_spl,0.14391793967099029
state_dept,2,M3_FullSkuTemporalCNN_Q,M3_FullSkuTemporalCNN,TX__FOODS_3,1540,72,329329.21875,0.10299749475396469,mean_spl,0.09944783553230561
state_dept,2,M3_FullSkuTemporalCNN_Q,M3_FullSkuTemporalCNN,TX__HOBBIES_1,1540,73,152773.6875,0.04777986944659793,mean_spl,0.15991846429702225
state_dept,2,M3_FullSkuTemporalCNN_Q,M3_FullSkuTemporalCNN,TX__HOBBIES_2,1540,74,7476.140625,0.002338158022315898,mean_spl,0.31000362100285805
state_dept,2,M3_FullSkuTemporalCNN_Q,M3_FullSkuTemporalCNN,TX__HOUSEHOLD_1,1540,75,238686.875,0.07464916185986831,mean_spl,0.10790998601179061
state_dept,2,M3_FullSkuTemporalCNN_Q,M3_FullSkuTemporalCNN,TX__HOUSEHOLD_2,1540,76,65358.37109375,0.020440787214105013,mean_spl,0.1973668762369723
state_dept,2,M3_FullSkuTemporalCNN_Q,M3_FullSkuTemporalCNN,WI__FOODS_1,1540,77,58520.7421875,0.01830232330836922,mean_spl,0.18792238845317183
state_dept,2,M3_FullSkuTemporalCNN_Q,M3_FullSkuTemporalCNN,WI__FOODS_2,1540,78,153677.65625,0.04806258507365121,mean_spl,0.17705539486602384
state_dept,2,M3_FullSkuTemporalCNN_Q,M3_FullSkuTemporalCNN,WI__FOODS_3,1540,79,302620.28125,0.09464429226412269,mean_spl,0.07981444214414622
state_dept,2,M3_FullSkuTemporalCNN_Q,M3_FullSkuTemporalCNN,WI__HOBBIES_1,1540,80,86954.9453125,0.02719510147823926,mean_spl,0.09902082743666824
state_dept,2,M3_FullSkuTemporalCNN_Q,M3_FullSkuTemporalCNN,WI__HOBBIES_2,1540,81,5626.56005859375,0.0017597029268083338,mean_spl,0.4528342953632208
state_dept,2,M3_FullSkuTemporalCNN_Q,M3_FullSkuTemporalCNN,WI__HOUSEHOLD_1,1540,82,182516.109375,0.057081792162923924,mean_spl,0.14637879232383372
state_dept,2,M3_FullSkuTemporalCNN_Q,M3_FullSkuTemporalCNN,WI__HOUSEHOLD_2,1540,83,54006.36328125,0.016890454299361368,mean_spl,0.2901564854891726
state_dept,3,M3_FullSkuTemporalCNN,M3_FullSkuTemporalCNN,CA__FOODS_1,1512,0,84326.640625,0.02641986145818641,rmsse,1.085259898031456
state_dept,3,M3_FullSkuTemporalCNN,M3_FullSkuTemporalCNN,CA__FOODS_2,1512,1,141234.25,0.044249234767270364,rmsse,0.6225314662719736
state_dept,3,M3_FullSkuTemporalCNN,M3_FullSkuTemporalCNN,CA__FOODS_3,1512,2,476342.8125,0.14924003873008387,rmsse,0.3604009685722474
state_dept,3,M3_FullSkuTemporalCNN,M3_FullSkuTemporalCNN,CA__HOBBIES_1,1512,3,191148.40625,0.059887532263213916,rmsse,0.6167183088387672
state_dept,3,M3_FullSkuTemporalCNN,M3_FullSkuTemporalCNN,CA__HOBBIES_2,1512,4,8335.41015625,0.002611516122225282,rmsse,2.3801101295597253
state_dept,3,M3_FullSkuTemporalCNN,M3_FullSkuTemporalCNN,CA__HOUSEHOLD_1,1512,5,309920.84375,0.09709939461826197,rmsse,0.5011303629801283
state_dept,3,M3_FullSkuTemporalCNN,M3_FullSkuTemporalCNN,CA__HOUSEHOLD_2,1512,6,128842.6640625,0.040366903142418434,rmsse,0.6085793832654403
state_dept,3,M3_FullSkuTemporalCNN,M3_FullSkuTemporalCNN,TX__FOODS_1,1512,7,54629.78515625,0.01711572220381705,rmsse,1.3497865597521785
state_dept,3,M3_FullSkuTemporalCNN,M3_FullSkuTemporalCNN,TX__FOODS_2,1512,8,113179.359375,0.035459529425713926,rmsse,0.646836346872071
state_dept,3,M3_FullSkuTemporalCNN,M3_FullSkuTemporalCNN,TX__FOODS_3,1512,9,325885.46875,0.10210117315000221,rmsse,0.5104603481931764
state_dept,3,M3_FullSkuTemporalCNN,M3_FullSkuTemporalCNN,TX__HOBBIES_1,1512,10,154440.5,0.048386803782188945,rmsse,0.9545219717136646
state_dept,3,M3_FullSkuTemporalCNN,M3_FullSkuTemporalCNN,TX__HOBBIES_2,1512,11,7785.5400390625,0.0024392396956011723,rmsse,1.3305817284440928
state_dept,3,M3_FullSkuTemporalCNN,M3_FullSkuTemporalCNN,TX__HOUSEHOLD_1,1512,12,239974.671875,0.07518498943418858,rmsse,0.7420271473882681
state_dept,3,M3_FullSkuTemporalCNN,M3_FullSkuTemporalCNN,TX__HOUSEHOLD_2,1512,13,69660.046875,0.02182476111899864,rmsse,0.8692134481217494
state_dept,3,M3_FullSkuTemporalCNN,M3_FullSkuTemporalCNN,WI__FOODS_1,1512,14,54458.85546875,0.017062169274050482,rmsse,1.3372929365036574
state_dept,3,M3_FullSkuTemporalCNN,M3_FullSkuTemporalCNN,WI__FOODS_2,1512,15,163157.328125,0.05111781962380718,rmsse,0.9384181000784679
state_dept,3,M3_FullSkuTemporalCNN,M3_FullSkuTemporalCNN,WI__FOODS_3,1512,16,319412.125,0.10007304960827637,rmsse,0.45046332471415707
state_dept,3,M3_FullSkuTemporalCNN,M3_FullSkuTemporalCNN,WI__HOBBIES_1,1512,17,91276.4140625,0.028597252256914597,rmsse,0.7385057544421229
state_dept,3,M3_FullSkuTemporalCNN,M3_FullSkuTemporalCNN,WI__HOBBIES_2,1512,18,5646.8701171875,0.0017691861677724293,rmsse,1.80303020050361
state_dept,3,M3_FullSkuTemporalCNN,M3_FullSkuTemporalCNN,WI__HOUSEHOLD_1,1512,19,193736.28125,0.060698323473018546,rmsse,0.7163004674852055
state_dept,3,M3_FullSkuTemporalCNN,M3_FullSkuTemporalCNN,WI__HOUSEHOLD_2,1512,20,58395.38671875,0.018295499683989618,rmsse,0.8099773307249492
state_dept,3,M3_FullSkuTemporalCNN,M3_FullSkuTemporalCNN,CA__FOODS_1,1540,21,93587.7265625,0.029269499415337182,rmsse,0.4743140144746624
state_dept,3,M3_FullSkuTemporalCNN,M3_FullSkuTemporalCNN,CA__FOODS_2,1540,22,147965.984375,0.04627626348270771,rmsse,0.7310682922826197
state_dept,3,M3_FullSkuTemporalCNN,M3_FullSkuTemporalCNN,CA__FOODS_3,1540,23,484408.90625,0.1514985641712307,rmsse,0.28724053433242236
state_dept,3,M3_FullSkuTemporalCNN,M3_FullSkuTemporalCNN,CA__HOBBIES_1,1540,24,192888.609375,0.06032578465891468,rmsse,0.597292854884628
state_dept,3,M3_FullSkuTemporalCNN,M3_FullSkuTemporalCNN,CA__HOBBIES_2,1540,25,9247.3798828125,0.0028921119255164757,rmsse,2.666512458744038
state_dept,3,M3_FullSkuTemporalCNN,M3_FullSkuTemporalCNN,CA__HOUSEHOLD_1,1540,26,326379.125,0.10207485489014505,rmsse,0.4391104496292742
state_dept,3,M3_FullSkuTemporalCNN,M3_FullSkuTemporalCNN,CA__HOUSEHOLD_2,1540,27,133630.421875,0.041792825818132484,rmsse,0.49785959084790976
state_dept,3,M3_FullSkuTemporalCNN,M3_FullSkuTemporalCNN,TX__FOODS_1,1540,28,59490.12109375,0.018605495918409883,rmsse,0.7035529191693197
state_dept,3,M3_FullSkuTemporalCNN,M3_FullSkuTemporalCNN,TX__FOODS_2,1540,29,112303.6015625,0.03512287690927799,rmsse,0.8302570127884856
state_dept,3,M3_FullSkuTemporalCNN,M3_FullSkuTemporalCNN,TX__FOODS_3,1540,30,329329.21875,0.10299749475396469,rmsse,0.34286832552854696
state_dept,3,M3_FullSkuTemporalCNN,M3_FullSkuTemporalCNN,TX__HOBBIES_1,1540,31,152773.6875,0.04777986944659793,rmsse,0.7730058378878663
state_dept,3,M3_FullSkuTemporalCNN,M3_FullSkuTemporalCNN,TX__HOBBIES_2,1540,32,7476.140625,0.002338158022315898,rmsse,1.3479304037632311
state_dept,3,M3_FullSkuTemporalCNN,M3_FullSkuTemporalCNN,TX__HOUSEHOLD_1,1540,33,238686.875,0.07464916185986831,rmsse,0.3703435686558294
state_dept,3,M3_FullSkuTemporalCNN,M3_FullSkuTemporalCNN,TX__HOUSEHOLD_2,1540,34,65358.37109375,0.020440787214105013,rmsse,0.6145382215858753
state_dept,3,M3_FullSkuTemporalCNN,M3_FullSkuTemporalCNN,WI__FOODS_1,1540,35,58520.7421875,0.01830232330836922,rmsse,0.9531478008903237
state_dept,3,M3_FullSkuTemporalCNN,M3_FullSkuTemporalCNN,WI__FOODS_2,1540,36,153677.65625,0.04806258507365121,rmsse,0.8819419546490048
state_dept,3,M3_FullSkuTemporalCNN,M3_FullSkuTemporalCNN,WI__FOODS_3,1540,37,302620.28125,0.09464429226412269,rmsse,0.36212133366313126
state_dept,3,M3_FullSkuTemporalCNN,M3_FullSkuTemporalCNN,WI__HOBBIES_1,1540,38,86954.9453125,0.02719510147823926,rmsse,0.4743729920045883
state_dept,3,M3_FullSkuTemporalCNN,M3_FullSkuTemporalCNN,WI__HOBBIES_2,1540,39,5626.56005859375,0.0017597029268083338,rmsse,1.8474776920585643
state_dept,3,M3_FullSkuTemporalCNN,M3_FullSkuTemporalCNN,WI__HOUSEHOLD_1,1540,40,182516.109375,0.057081792162923924,rmsse,0.6655861847699951
state_dept,3,M3_FullSkuTemporalCNN,M3_FullSkuTemporalCNN,WI__HOUSEHOLD_2,1540,41,54006.36328125,0.016890454299361368,rmsse,0.9214923019150578
state_dept,3,M3_FullSkuTemporalCNN,M3_FullSkuTemporalCNN,CA__FOODS_1,1568,42,91596.8203125,0.028482807181531407,rmsse,0.8961723913301791
state_dept,3,M3_FullSkuTemporalCNN,M3_FullSkuTemporalCNN,CA__FOODS_2,1568,43,156476.3125,0.0486576348634051,rmsse,0.5578855478983606
state_dept,3,M3_FullSkuTemporalCNN,M3_FullSkuTemporalCNN,CA__FOODS_3,1568,44,483024.40625,0.15020053076356557,rmsse,0.42962730017757905
state_dept,3,M3_FullSkuTemporalCNN,M3_FullSkuTemporalCNN,CA__HOBBIES_1,1568,45,188982.28125,0.05876564120026683,rmsse,0.6284531800667863
state_dept,3,M3_FullSkuTemporalCNN,M3_FullSkuTemporalCNN,CA__HOBBIES_2,1568,46,9953.75,0.003095202879487709,rmsse,2.0681794087592626
state_dept,3,M3_FullSkuTemporalCNN,M3_FullSkuTemporalCNN,CA__HOUSEHOLD_1,1568,47,319543.40625,0.09936472898619221,rmsse,0.7896227850780048
state_dept,3,M3_FullSkuTemporalCNN,M3_FullSkuTemporalCNN,CA__HOUSEHOLD_2,1568,48,135963.625,0.042279040924836066,rmsse,0.5430683769268624
state_dept,3,M3_FullSkuTemporalCNN,M3_FullSkuTemporalCNN,TX__FOODS_1,1568,49,59411.7109375,0.018474574785286087,rmsse,0.8138418650955521
state_dept,3,M3_FullSkuTemporalCNN,M3_FullSkuTemporalCNN,TX__FOODS_2,1568,50,114977.109375,0.03575310611705872,rmsse,0.5974903120939333
state_dept,3,M3_FullSkuTemporalCNN,M3_FullSkuTemporalCNN,TX__FOODS_3,1568,51,330799.9375,0.10286504273106659,rmsse,0.420621611942518
state_dept,3,M3_FullSkuTemporalCNN,M3_FullSkuTemporalCNN,TX__HOBBIES_1,1568,52,155761.671875,0.04843541130742882,rmsse,1.0246786706148134
state_dept,3,M3_FullSkuTemporalCNN,M3_FullSkuTemporalCNN,TX__HOBBIES_2,1568,53,8248.4501953125,0.0025649254598359614,rmsse,1.4313949553967849
state_dept,3,M3_FullSkuTemporalCNN,M3_FullSkuTemporalCNN,TX__HOUSEHOLD_1,1568,54,235384.296875,0.07319474102460778,rmsse,0.6714760699147669
state_dept,3,M3_FullSkuTemporalCNN,M3_FullSkuTemporalCNN,TX__HOUSEHOLD_2,1568,55,66066.3046875,0.020543877082090902,rmsse,0.602816758200958
state_dept,3,M3_FullSkuTemporalCNN,M3_FullSkuTemporalCNN,WI__FOODS_1,1568,56,63138.0390625,0.019633308081020463,rmsse,0.6047743312757695
state_dept,3,M3_FullSkuTemporalCNN,M3_FullSkuTemporalCNN,WI__FOODS_2,1568,57,157345.46875,0.04892790636185792,rmsse,0.846676473274316
state_dept,3,M3_FullSkuTemporalCNN,M3_FullSkuTemporalCNN,WI__FOODS_3,1568,58,314363.03125,0.09775384749762497,rmsse,0.4128992261351261
state_dept,3,M3_FullSkuTemporalCNN,M3_FullSkuTemporalCNN,WI__HOBBIES_1,1568,59,86906.6796875,0.027024368224585302,rmsse,0.5621668479916766
state_dept,3,M3_FullSkuTemporalCNN,M3_FullSkuTemporalCNN,WI__HOBBIES_2,1568,60,5669.52978515625,0.0017629883125813844,rmsse,1.0595516803817906
state_dept,3,M3_FullSkuTemporalCNN,M3_FullSkuTemporalCNN,WI__HOUSEHOLD_1,1568,61,180531.46875,0.05613778946760219,rmsse,0.6873713904828586
state_dept,3,M3_FullSkuTemporalCNN,M3_FullSkuTemporalCNN,WI__HOUSEHOLD_2,1568,62,51719.2109375,0.016082526748068034,rmsse,0.7061790472311638
state_dept,3,M3_FullSkuTemporalCNN,M3_FullSkuTemporalCNN,CA__FOODS_1,1596,63,104225.4609375,0.03227832053809302,rmsse,0.9250976323823291
state_dept,3,M3_FullSkuTemporalCNN,M3_FullSkuTemporalCNN,CA__FOODS_2,1596,64,156965.09375,0.04861163063018305,rmsse,0.7932041129276425
state_dept,3,M3_FullSkuTemporalCNN,M3_FullSkuTemporalCNN,CA__FOODS_3,1596,65,483484.875,0.14973385226790412,rmsse,0.6198368665466502
state_dept,3,M3_FullSkuTemporalCNN,M3_FullSkuTemporalCNN,CA__HOBBIES_1,1596,66,195908.78125,0.06067237679290928,rmsse,0.8840704759639167
state_dept,3,M3_FullSkuTemporalCNN,M3_FullSkuTemporalCNN,CA__HOBBIES_2,1596,67,9982.73046875,0.0030916224405946884,rmsse,1.2860366318032321
state_dept,3,M3_FullSkuTemporalCNN,M3_FullSkuTemporalCNN,CA__HOUSEHOLD_1,1596,68,342259.1875,0.10599666973751329,rmsse,0.5770462129307375
state_dept,3,M3_FullSkuTemporalCNN,M3_FullSkuTemporalCNN,CA__HOUSEHOLD_2,1596,69,133033.03125,0.04119994084187013,rmsse,0.5109551078043996
state_dept,3,M3_FullSkuTemporalCNN,M3_FullSkuTemporalCNN,TX__FOODS_1,1596,70,59812.12109375,0.018523639035619377,rmsse,1.1187823680144149
state_dept,3,M3_FullSkuTemporalCNN,M3_FullSkuTemporalCNN,TX__FOODS_2,1596,71,120399.46875,0.03728736347118747,rmsse,0.7305296630939662
state_dept,3,M3_FullSkuTemporalCNN,M3_FullSkuTemporalCNN,TX__FOODS_3,1596,72,309667.46875,0.09590310972600398,rmsse,1.1312298744210805
state_dept,3,M3_FullSkuTemporalCNN,M3_FullSkuTemporalCNN,TX__HOBBIES_1,1596,73,158022.265625,0.04893903366911582,rmsse,0.8309078116396379
state_dept,3,M3_FullSkuTemporalCNN,M3_FullSkuTemporalCNN,TX__HOBBIES_2,1596,74,7154.79931640625,0.0022158204304721526,rmsse,1.022252917694005
state_dept,3,M3_FullSkuTemporalCNN,M3_FullSkuTemporalCNN,TX__HOUSEHOLD_1,1596,75,241072.3125,0.07465939038063396,rmsse,0.6673429010960295
state_dept,3,M3_FullSkuTemporalCNN,M3_FullSkuTemporalCNN,TX__HOUSEHOLD_2,1596,76,67740.2265625,0.020978950120629378,rmsse,0.7145197114869277
state_dept,3,M3_FullSkuTemporalCNN,M3_FullSkuTemporalCNN,WI__FOODS_1,1596,77,64269.5625,0.019904095607329662,rmsse,0.7517818832125998
state_dept,3,M3_FullSkuTemporalCNN,M3_FullSkuTemporalCNN,WI__FOODS_2,1596,78,147775.6875,0.04576569838076727,rmsse,0.9830912430967459
state_dept,3,M3_FullSkuTemporalCNN,M3_FullSkuTemporalCNN,WI__FOODS_3,1596,79,290961.6875,0.09010998396122544,rmsse,0.47367542729152173
state_dept,3,M3_FullSkuTemporalCNN,M3_FullSkuTemporalCNN,WI__HOBBIES_1,1596,80,90447.0,0.028011171468549298,rmsse,0.6224583178025537
state_dept,3,M3_FullSkuTemporalCNN,M3_FullSkuTemporalCNN,WI__HOBBIES_2,1596,81,4754.08984375,0.0014723277255206915,rmsse,1.5097016783264343
state_dept,3,M3_FullSkuTemporalCNN,M3_FullSkuTemporalCNN,WI__HOUSEHOLD_1,1596,82,189330.5625,0.05863512167815837,rmsse,0.8019673654946602
state_dept,3,M3_FullSkuTemporalCNN,M3_FullSkuTemporalCNN,WI__HOUSEHOLD_2,1596,83,51695.29296875,0.01600988109571956,rmsse,0.5992639534896658
state_dept,3,M3_FullSkuTemporalCNN_Q,M3_FullSkuTemporalCNN,CA__FOODS_1,1512,0,84326.640625,0.02641986145818641,mean_spl,0.2569157447498811
state_dept,3,M3_FullSkuTemporalCNN_Q,M3_FullSkuTemporalCNN,CA__FOODS_2,1512,1,141234.25,0.044249234767270364,mean_spl,0.12969143213695228
state_dept,3,M3_FullSkuTemporalCNN_Q,M3_FullSkuTemporalCNN,CA__FOODS_3,1512,2,476342.8125,0.14924003873008387,mean_spl,0.10997302919919322
state_dept,3,M3_FullSkuTemporalCNN_Q,M3_FullSkuTemporalCNN,CA__HOBBIES_1,1512,3,191148.40625,0.059887532263213916,mean_spl,0.15134185375566425
state_dept,3,M3_FullSkuTemporalCNN_Q,M3_FullSkuTemporalCNN,CA__HOBBIES_2,1512,4,8335.41015625,0.002611516122225282,mean_spl,0.377689585450523
state_dept,3,M3_FullSkuTemporalCNN_Q,M3_FullSkuTemporalCNN,CA__HOUSEHOLD_1,1512,5,309920.84375,0.09709939461826197,mean_spl,0.16071855289121123
state_dept,3,M3_FullSkuTemporalCNN_Q,M3_FullSkuTemporalCNN,CA__HOUSEHOLD_2,1512,6,128842.6640625,0.040366903142418434,mean_spl,0.1690893910114839
state_dept,3,M3_FullSkuTemporalCNN_Q,M3_FullSkuTemporalCNN,TX__FOODS_1,1512,7,54629.78515625,0.01711572220381705,mean_spl,0.3320812323140449
state_dept,3,M3_FullSkuTemporalCNN_Q,M3_FullSkuTemporalCNN,TX__FOODS_2,1512,8,113179.359375,0.035459529425713926,mean_spl,0.1467863965299717
state_dept,3,M3_FullSkuTemporalCNN_Q,M3_FullSkuTemporalCNN,TX__FOODS_3,1512,9,325885.46875,0.10210117315000221,mean_spl,0.12677665630335538
state_dept,3,M3_FullSkuTemporalCNN_Q,M3_FullSkuTemporalCNN,TX__HOBBIES_1,1512,10,154440.5,0.048386803782188945,mean_spl,0.21103153982753198
state_dept,3,M3_FullSkuTemporalCNN_Q,M3_FullSkuTemporalCNN,TX__HOBBIES_2,1512,11,7785.5400390625,0.0024392396956011723,mean_spl,0.47596752583638197
state_dept,3,M3_FullSkuTemporalCNN_Q,M3_FullSkuTemporalCNN,TX__HOUSEHOLD_1,1512,12,239974.671875,0.07518498943418858,mean_spl,0.18601267945283118
state_dept,3,M3_FullSkuTemporalCNN_Q,M3_FullSkuTemporalCNN,TX__HOUSEHOLD_2,1512,13,69660.046875,0.02182476111899864,mean_spl,0.21975885322702113
state_dept,3,M3_FullSkuTemporalCNN_Q,M3_FullSkuTemporalCNN,WI__FOODS_1,1512,14,54458.85546875,0.017062169274050482,mean_spl,0.2502703559661174
state_dept,3,M3_FullSkuTemporalCNN_Q,M3_FullSkuTemporalCNN,WI__FOODS_2,1512,15,163157.328125,0.05111781962380718,mean_spl,0.18282237783826372
state_dept,3,M3_FullSkuTemporalCNN_Q,M3_FullSkuTemporalCNN,WI__FOODS_3,1512,16,319412.125,0.10007304960827637,mean_spl,0.11127000469212955
state_dept,3,M3_FullSkuTemporalCNN_Q,M3_FullSkuTemporalCNN,WI__HOBBIES_1,1512,17,91276.4140625,0.028597252256914597,mean_spl,0.16204238094472928
state_dept,3,M3_FullSkuTemporalCNN_Q,M3_FullSkuTemporalCNN,WI__HOBBIES_2,1512,18,5646.8701171875,0.0017691861677724293,mean_spl,0.6425601784265909
state_dept,3,M3_FullSkuTemporalCNN_Q,M3_FullSkuTemporalCNN,WI__HOUSEHOLD_1,1512,19,193736.28125,0.060698323473018546,mean_spl,0.17082955958200527
state_dept,3,M3_FullSkuTemporalCNN_Q,M3_FullSkuTemporalCNN,WI__HOUSEHOLD_2,1512,20,58395.38671875,0.018295499683989618,mean_spl,0.25034848032276136
state_dept,3,M3_FullSkuTemporalCNN_Q,M3_FullSkuTemporalCNN,CA__FOODS_1,1540,21,93587.7265625,0.029269499415337182,mean_spl,0.12880096314753192
state_dept,3,M3_FullSkuTemporalCNN_Q,M3_FullSkuTemporalCNN,CA__FOODS_2,1540,22,147965.984375,0.04627626348270771,mean_spl,0.16587907116860762
state_dept,3,M3_FullSkuTemporalCNN_Q,M3_FullSkuTemporalCNN,CA__FOODS_3,1540,23,484408.90625,0.1514985641712307,mean_spl,0.08270065276095472
state_dept,3,M3_FullSkuTemporalCNN_Q,M3_FullSkuTemporalCNN,CA__HOBBIES_1,1540,24,192888.609375,0.06032578465891468,mean_spl,0.14078905467488367
state_dept,3,M3_FullSkuTemporalCNN_Q,M3_FullSkuTemporalCNN,CA__HOBBIES_2,1540,25,9247.3798828125,0.0028921119255164757,mean_spl,0.39803257834537575
state_dept,3,M3_FullSkuTemporalCNN_Q,M3_FullSkuTemporalCNN,CA__HOUSEHOLD_1,1540,26,326379.125,0.10207485489014505,mean_spl,0.1265551557723267
state_dept,3,M3_FullSkuTemporalCNN_Q,M3_FullSkuTemporalCNN,CA__HOUSEHOLD_2,1540,27,133630.421875,0.041792825818132484,mean_spl,0.13308069474511652
state_dept,3,M3_FullSkuTemporalCNN_Q,M3_FullSkuTemporalCNN,TX__FOODS_1,1540,28,59490.12109375,0.018605495918409883,mean_spl,0.17833771614884186
state_dept,3,M3_FullSkuTemporalCNN_Q,M3_FullSkuTemporalCNN,TX__FOODS_2,1540,29,112303.6015625,0.03512287690927799,mean_spl,0.1470399011899433
state_dept,3,M3_FullSkuTemporalCNN_Q,M3_FullSkuTemporalCNN,TX__FOODS_3,1540,30,329329.21875,0.10299749475396469,mean_spl,0.08373316781234458
state_dept,3,M3_FullSkuTemporalCNN_Q,M3_FullSkuTemporalCNN,TX__HOBBIES_1,1540,31,152773.6875,0.04777986944659793,mean_spl,0.1408975647984697
state_dept,3,M3_FullSkuTemporalCNN_Q,M3_FullSkuTemporalCNN,TX__HOBBIES_2,1540,32,7476.140625,0.002338158022315898,mean_spl,0.3863698538549596
state_dept,3,M3_FullSkuTemporalCNN_Q,M3_FullSkuTemporalCNN,TX__HOUSEHOLD_1,1540,33,238686.875,0.07464916185986831,mean_spl,0.13040372734288047
state_dept,3,M3_FullSkuTemporalCNN_Q,M3_FullSkuTemporalCNN,TX__HOUSEHOLD_2,1540,34,65358.37109375,0.020440787214105013,mean_spl,0.15571459535402085
state_dept,3,M3_FullSkuTemporalCNN_Q,M3_FullSkuTemporalCNN,WI__FOODS_1,1540,35,58520.7421875,0.01830232330836922,mean_spl,0.22080093426046302
state_dept,3,M3_FullSkuTemporalCNN_Q,M3_FullSkuTemporalCNN,WI__FOODS_2,1540,36,153677.65625,0.04806258507365121,mean_spl,0.1963546071511803
state_dept,3,M3_FullSkuTemporalCNN_Q,M3_FullSkuTemporalCNN,WI__FOODS_3,1540,37,302620.28125,0.09464429226412269,mean_spl,0.07853916883656854
state_dept,3,M3_FullSkuTemporalCNN_Q,M3_FullSkuTemporalCNN,WI__HOBBIES_1,1540,38,86954.9453125,0.02719510147823926,mean_spl,0.10858361329217736
state_dept,3,M3_FullSkuTemporalCNN_Q,M3_FullSkuTemporalCNN,WI__HOBBIES_2,1540,39,5626.56005859375,0.0017597029268083338,mean_spl,0.7005419841465694
state_dept,3,M3_FullSkuTemporalCNN_Q,M3_FullSkuTemporalCNN,WI__HOUSEHOLD_1,1540,40,182516.109375,0.057081792162923924,mean_spl,0.16257208418648317
state_dept,3,M3_FullSkuTemporalCNN_Q,M3_FullSkuTemporalCNN,WI__HOUSEHOLD_2,1540,41,54006.36328125,0.016890454299361368,mean_spl,0.2687393031599545
state_dept,3,M3_FullSkuTemporalCNN_Q,M3_FullSkuTemporalCNN,CA__FOODS_1,1568,42,91596.8203125,0.028482807181531407,mean_spl,0.24708614653610533
state_dept,3,M3_FullSkuTemporalCNN_Q,M3_FullSkuTemporalCNN,CA__FOODS_2,1568,43,156476.3125,0.0486576348634051,mean_spl,0.13656841634826516
state_dept,3,M3_FullSkuTemporalCNN_Q,M3_FullSkuTemporalCNN,CA__FOODS_3,1568,44,483024.40625,0.15020053076356557,mean_spl,0.10479163531967078
state_dept,3,M3_FullSkuTemporalCNN_Q,M3_FullSkuTemporalCNN,CA__HOBBIES_1,1568,45,188982.28125,0.05876564120026683,mean_spl,0.15270239367314054
state_dept,3,M3_FullSkuTemporalCNN_Q,M3_FullSkuTemporalCNN,CA__HOBBIES_2,1568,46,9953.75,0.003095202879487709,mean_spl,0.36935982607593826
state_dept,3,M3_FullSkuTemporalCNN_Q,M3_FullSkuTemporalCNN,CA__HOUSEHOLD_1,1568,47,319543.40625,0.09936472898619221,mean_spl,0.24128868667414055
state_dept,3,M3_FullSkuTemporalCNN_Q,M3_FullSkuTemporalCNN,CA__HOUSEHOLD_2,1568,48,135963.625,0.042279040924836066,mean_spl,0.1022540292655778
state_dept,3,M3_FullSkuTemporalCNN_Q,M3_FullSkuTemporalCNN,TX__FOODS_1,1568,49,59411.7109375,0.018474574785286087,mean_spl,0.1856966350565022
state_dept,3,M3_FullSkuTemporalCNN_Q,M3_FullSkuTemporalCNN,TX__FOODS_2,1568,50,114977.109375,0.03575310611705872,mean_spl,0.13079801473948438
state_dept,3,M3_FullSkuTemporalCNN_Q,M3_FullSkuTemporalCNN,TX__FOODS_3,1568,51,330799.9375,0.10286504273106659,mean_spl,0.09649071078448962
state_dept,3,M3_FullSkuTemporalCNN_Q,M3_FullSkuTemporalCNN,TX__HOBBIES_1,1568,52,155761.671875,0.04843541130742882,mean_spl,0.19290941729182434
state_dept,3,M3_FullSkuTemporalCNN_Q,M3_FullSkuTemporalCNN,TX__HOBBIES_2,1568,53,8248.4501953125,0.0025649254598359614,mean_spl,0.7774360671233712
state_dept,3,M3_FullSkuTemporalCNN_Q,M3_FullSkuTemporalCNN,TX__HOUSEHOLD_1,1568,54,235384.296875,0.07319474102460778,mean_spl,0.1727736550281299
state_dept,3,M3_FullSkuTemporalCNN_Q,M3_FullSkuTemporalCNN,TX__HOUSEHOLD_2,1568,55,66066.3046875,0.020543877082090902,mean_spl,0.17892191851390365
state_dept,3,M3_FullSkuTemporalCNN_Q,M3_FullSkuTemporalCNN,WI__FOODS_1,1568,56,63138.0390625,0.019633308081020463,mean_spl,0.1755861690205377
state_dept,3,M3_FullSkuTemporalCNN_Q,M3_FullSkuTemporalCNN,WI__FOODS_2,1568,57,157345.46875,0.04892790636185792,mean_spl,0.22254525705157008
state_dept,3,M3_FullSkuTemporalCNN_Q,M3_FullSkuTemporalCNN,WI__FOODS_3,1568,58,314363.03125,0.09775384749762497,mean_spl,0.10202390076112469
state_dept,3,M3_FullSkuTemporalCNN_Q,M3_FullSkuTemporalCNN,WI__HOBBIES_1,1568,59,86906.6796875,0.027024368224585302,mean_spl,0.11471830282835338
state_dept,3,M3_FullSkuTemporalCNN_Q,M3_FullSkuTemporalCNN,WI__HOBBIES_2,1568,60,5669.52978515625,0.0017629883125813844,mean_spl,0.9825103500324293
state_dept,3,M3_FullSkuTemporalCNN_Q,M3_FullSkuTemporalCNN,WI__HOUSEHOLD_1,1568,61,180531.46875,0.05613778946760219,mean_spl,0.18165480880570406
state_dept,3,M3_FullSkuTemporalCNN_Q,M3_FullSkuTemporalCNN,WI__HOUSEHOLD_2,1568,62,51719.2109375,0.016082526748068034,mean_spl,0.20804239765538501
state_dept,3,M3_FullSkuTemporalCNN_Q,M3_FullSkuTemporalCNN,CA__FOODS_1,1596,63,104225.4609375,0.03227832053809302,mean_spl,0.19619973719394326
state_dept,3,M3_FullSkuTemporalCNN_Q,M3_FullSkuTemporalCNN,CA__FOODS_2,1596,64,156965.09375,0.04861163063018305,mean_spl,0.20172126717841435
state_dept,3,M3_FullSkuTemporalCNN_Q,M3_FullSkuTemporalCNN,CA__FOODS_3,1596,65,483484.875,0.14973385226790412,mean_spl,0.16360868546317
state_dept,3,M3_FullSkuTemporalCNN_Q,M3_FullSkuTemporalCNN,CA__HOBBIES_1,1596,66,195908.78125,0.06067237679290928,mean_spl,0.21800056026568224
state_dept,3,M3_FullSkuTemporalCNN_Q,M3_FullSkuTemporalCNN,CA__HOBBIES_2,1596,67,9982.73046875,0.0030916224405946884,mean_spl,0.5006934240664107
state_dept,3,M3_FullSkuTemporalCNN_Q,M3_FullSkuTemporalCNN,CA__HOUSEHOLD_1,1596,68,342259.1875,0.10599666973751329,mean_spl,0.15767739367116915
state_dept,3,M3_FullSkuTemporalCNN_Q,M3_FullSkuTemporalCNN,CA__HOUSEHOLD_2,1596,69,133033.03125,0.04119994084187013,mean_spl,0.15547482404541058
state_dept,3,M3_FullSkuTemporalCNN_Q,M3_FullSkuTemporalCNN,TX__FOODS_1,1596,70,59812.12109375,0.018523639035619377,mean_spl,0.23039763703862734
state_dept,3,M3_FullSkuTemporalCNN_Q,M3_FullSkuTemporalCNN,TX__FOODS_2,1596,71,120399.46875,0.03728736347118747,mean_spl,0.20283480512495655
state_dept,3,M3_FullSkuTemporalCNN_Q,M3_FullSkuTemporalCNN,TX__FOODS_3,1596,72,309667.46875,0.09590310972600398,mean_spl,0.2292310800801825
state_dept,3,M3_FullSkuTemporalCNN_Q,M3_FullSkuTemporalCNN,TX__HOBBIES_1,1596,73,158022.265625,0.04893903366911582,mean_spl,0.21554127525569694
state_dept,3,M3_FullSkuTemporalCNN_Q,M3_FullSkuTemporalCNN,TX__HOBBIES_2,1596,74,7154.79931640625,0.0022158204304721526,mean_spl,0.6864410081276544
state_dept,3,M3_FullSkuTemporalCNN_Q,M3_FullSkuTemporalCNN,TX__HOUSEHOLD_1,1596,75,241072.3125,0.07465939038063396,mean_spl,0.18491047797286483
state_dept,3,M3_FullSkuTemporalCNN_Q,M3_FullSkuTemporalCNN,TX__HOUSEHOLD_2,1596,76,67740.2265625,0.020978950120629378,mean_spl,0.21991326767508312
state_dept,3,M3_FullSkuTemporalCNN_Q,M3_FullSkuTemporalCNN,WI__FOODS_1,1596,77,64269.5625,0.019904095607329662,mean_spl,0.20713473852988684
state_dept,3,M3_FullSkuTemporalCNN_Q,M3_FullSkuTemporalCNN,WI__FOODS_2,1596,78,147775.6875,0.04576569838076727,mean_spl,0.31488407459565676
state_dept,3,M3_FullSkuTemporalCNN_Q,M3_FullSkuTemporalCNN,WI__FOODS_3,1596,79,290961.6875,0.09010998396122544,mean_spl,0.12803832351554115
state_dept,3,M3_FullSkuTemporalCNN_Q,M3_FullSkuTemporalCNN,WI__HOBBIES_1,1596,80,90447.0,0.028011171468549298,mean_spl,0.15715177039013842
state_dept,3,M3_FullSkuTemporalCNN_Q,M3_FullSkuTemporalCNN,WI__HOBBIES_2,1596,81,4754.08984375,0.0014723277255206915,mean_spl,0.8483483618581098
state_dept,3,M3_FullSkuTemporalCNN_Q,M3_FullSkuTemporalCNN,WI__HOUSEHOLD_1,1596,82,189330.5625,0.05863512167815837,mean_spl,0.2297000990853794
state_dept,3,M3_FullSkuTemporalCNN_Q,M3_FullSkuTemporalCNN,WI__HOUSEHOLD_2,1596,83,51695.29296875,0.01600988109571956,mean_spl,0.18510799556274068
state_dept,4,M3_FullSkuTemporalCNN,M3_FullSkuTemporalCNN,CA__FOODS_1,1568,0,91596.8203125,0.028482807181531407,rmsse,0.8594856057460737
state_dept,4,M3_FullSkuTemporalCNN,M3_FullSkuTemporalCNN,CA__FOODS_2,1568,1,156476.3125,0.0486576348634051,rmsse,0.5071643290700423
state_dept,4,M3_FullSkuTemporalCNN,M3_FullSkuTemporalCNN,CA__FOODS_3,1568,2,483024.40625,0.15020053076356557,rmsse,0.44907412014855885
state_dept,4,M3_FullSkuTemporalCNN,M3_FullSkuTemporalCNN,CA__HOBBIES_1,1568,3,188982.28125,0.05876564120026683,rmsse,0.5978865012838621
state_dept,4,M3_FullSkuTemporalCNN,M3_FullSkuTemporalCNN,CA__HOBBIES_2,1568,4,9953.75,0.003095202879487709,rmsse,1.7574490758252534
state_dept,4,M3_FullSkuTemporalCNN,M3_FullSkuTemporalCNN,CA__HOUSEHOLD_1,1568,5,319543.40625,0.09936472898619221,rmsse,0.7651159246210895
state_dept,4,M3_FullSkuTemporalCNN,M3_FullSkuTemporalCNN,CA__HOUSEHOLD_2,1568,6,135963.625,0.042279040924836066,rmsse,0.5415021376085769
state_dept,4,M3_FullSkuTemporalCNN,M3_FullSkuTemporalCNN,TX__FOODS_1,1568,7,59411.7109375,0.018474574785286087,rmsse,0.6721586313661438
state_dept,4,M3_FullSkuTemporalCNN,M3_FullSkuTemporalCNN,TX__FOODS_2,1568,8,114977.109375,0.03575310611705872,rmsse,0.527261376075019
state_dept,4,M3_FullSkuTemporalCNN,M3_FullSkuTemporalCNN,TX__FOODS_3,1568,9,330799.9375,0.10286504273106659,rmsse,0.41228506821125704
state_dept,4,M3_FullSkuTemporalCNN,M3_FullSkuTemporalCNN,TX__HOBBIES_1,1568,10,155761.671875,0.04843541130742882,rmsse,0.8361142933902186
state_dept,4,M3_FullSkuTemporalCNN,M3_FullSkuTemporalCNN,TX__HOBBIES_2,1568,11,8248.4501953125,0.0025649254598359614,rmsse,2.998618925890765
state_dept,4,M3_FullSkuTemporalCNN,M3_FullSkuTemporalCNN,TX__HOUSEHOLD_1,1568,12,235384.296875,0.07319474102460778,rmsse,0.5977425264699499
state_dept,4,M3_FullSkuTemporalCNN,M3_FullSkuTemporalCNN,TX__HOUSEHOLD_2,1568,13,66066.3046875,0.020543877082090902,rmsse,1.0632081519254035
state_dept,4,M3_FullSkuTemporalCNN,M3_FullSkuTemporalCNN,WI__FOODS_1,1568,14,63138.0390625,0.019633308081020463,rmsse,0.7339313499459831
state_dept,4,M3_FullSkuTemporalCNN,M3_FullSkuTemporalCNN,WI__FOODS_2,1568,15,157345.46875,0.04892790636185792,rmsse,0.7621128906176566
state_dept,4,M3_FullSkuTemporalCNN,M3_FullSkuTemporalCNN,WI__FOODS_3,1568,16,314363.03125,0.09775384749762497,rmsse,0.4236763485781649
state_dept,4,M3_FullSkuTemporalCNN,M3_FullSkuTemporalCNN,WI__HOBBIES_1,1568,17,86906.6796875,0.027024368224585302,rmsse,0.4540041301043359
state_dept,4,M3_FullSkuTemporalCNN,M3_FullSkuTemporalCNN,WI__HOBBIES_2,1568,18,5669.52978515625,0.0017629883125813844,rmsse,3.58690538374041
state_dept,4,M3_FullSkuTemporalCNN,M3_FullSkuTemporalCNN,WI__HOUSEHOLD_1,1568,19,180531.46875,0.05613778946760219,rmsse,0.655587476560308
state_dept,4,M3_FullSkuTemporalCNN,M3_FullSkuTemporalCNN,WI__HOUSEHOLD_2,1568,20,51719.2109375,0.016082526748068034,rmsse,1.332703163041536
state_dept,4,M3_FullSkuTemporalCNN,M3_FullSkuTemporalCNN,CA__FOODS_1,1596,21,104225.4609375,0.03227832053809302,rmsse,0.6485644299045795
state_dept,4,M3_FullSkuTemporalCNN,M3_FullSkuTemporalCNN,CA__FOODS_2,1596,22,156965.09375,0.04861163063018305,rmsse,0.7776023521417553
state_dept,4,M3_FullSkuTemporalCNN,M3_FullSkuTemporalCNN,CA__FOODS_3,1596,23,483484.875,0.14973385226790412,rmsse,0.5541641400489694
state_dept,4,M3_FullSkuTemporalCNN,M3_FullSkuTemporalCNN,CA__HOBBIES_1,1596,24,195908.78125,0.06067237679290928,rmsse,0.879638468741683
state_dept,4,M3_FullSkuTemporalCNN,M3_FullSkuTemporalCNN,CA__HOBBIES_2,1596,25,9982.73046875,0.0030916224405946884,rmsse,2.4096506309827372
state_dept,4,M3_FullSkuTemporalCNN,M3_FullSkuTemporalCNN,CA__HOUSEHOLD_1,1596,26,342259.1875,0.10599666973751329,rmsse,0.5713436574204788
state_dept,4,M3_FullSkuTemporalCNN,M3_FullSkuTemporalCNN,CA__HOUSEHOLD_2,1596,27,133033.03125,0.04119994084187013,rmsse,0.4875213617193495
state_dept,4,M3_FullSkuTemporalCNN,M3_FullSkuTemporalCNN,TX__FOODS_1,1596,28,59812.12109375,0.018523639035619377,rmsse,0.8084768008750193
state_dept,4,M3_FullSkuTemporalCNN,M3_FullSkuTemporalCNN,TX__FOODS_2,1596,29,120399.46875,0.03728736347118747,rmsse,0.8425004273184165
state_dept,4,M3_FullSkuTemporalCNN,M3_FullSkuTemporalCNN,TX__FOODS_3,1596,30,309667.46875,0.09590310972600398,rmsse,1.1340400169608116
state_dept,4,M3_FullSkuTemporalCNN,M3_FullSkuTemporalCNN,TX__HOBBIES_1,1596,31,158022.265625,0.04893903366911582,rmsse,0.83924942359618
state_dept,4,M3_FullSkuTemporalCNN,M3_FullSkuTemporalCNN,TX__HOBBIES_2,1596,32,7154.79931640625,0.0022158204304721526,rmsse,2.791326224824818
state_dept,4,M3_FullSkuTemporalCNN,M3_FullSkuTemporalCNN,TX__HOUSEHOLD_1,1596,33,241072.3125,0.07465939038063396,rmsse,0.7121987346021607
state_dept,4,M3_FullSkuTemporalCNN,M3_FullSkuTemporalCNN,TX__HOUSEHOLD_2,1596,34,67740.2265625,0.020978950120629378,rmsse,1.2168751413572891
state_dept,4,M3_FullSkuTemporalCNN,M3_FullSkuTemporalCNN,WI__FOODS_1,1596,35,64269.5625,0.019904095607329662,rmsse,0.9758564609494468
state_dept,4,M3_FullSkuTemporalCNN,M3_FullSkuTemporalCNN,WI__FOODS_2,1596,36,147775.6875,0.04576569838076727,rmsse,1.0237448655181265
state_dept,4,M3_FullSkuTemporalCNN,M3_FullSkuTemporalCNN,WI__FOODS_3,1596,37,290961.6875,0.09010998396122544,rmsse,0.5268159372657035
state_dept,4,M3_FullSkuTemporalCNN,M3_FullSkuTemporalCNN,WI__HOBBIES_1,1596,38,90447.0,0.028011171468549298,rmsse,0.6832540685622056
state_dept,4,M3_FullSkuTemporalCNN,M3_FullSkuTemporalCNN,WI__HOBBIES_2,1596,39,4754.08984375,0.0014723277255206915,rmsse,3.4556995306059806
state_dept,4,M3_FullSkuTemporalCNN,M3_FullSkuTemporalCNN,WI__HOUSEHOLD_1,1596,40,189330.5625,0.05863512167815837,rmsse,0.8697449966923612
state_dept,4,M3_FullSkuTemporalCNN,M3_FullSkuTemporalCNN,WI__HOUSEHOLD_2,1596,41,51695.29296875,0.01600988109571956,rmsse,1.1923357642226982
state_dept,4,M3_FullSkuTemporalCNN,M3_FullSkuTemporalCNN,CA__FOODS_1,1624,42,104391.578125,0.032189875995532614,rmsse,0.5602543393209028
state_dept,4,M3_FullSkuTemporalCNN,M3_FullSkuTemporalCNN,CA__FOODS_2,1624,43,167035.0,0.05150641491860089,rmsse,0.7320322398156667
state_dept,4,M3_FullSkuTemporalCNN,M3_FullSkuTemporalCNN,CA__FOODS_3,1624,44,512413.875,0.15800641575596788,rmsse,0.4211646717756011
state_dept,4,M3_FullSkuTemporalCNN,M3_FullSkuTemporalCNN,CA__HOBBIES_1,1624,45,199486.59375,0.06151309167770752,rmsse,0.588773364751696
state_dept,4,M3_FullSkuTemporalCNN,M3_FullSkuTemporalCNN,CA__HOBBIES_2,1624,46,8716.3203125,0.002687738561253953,rmsse,1.7893838810457097
state_dept,4,M3_FullSkuTemporalCNN,M3_FullSkuTemporalCNN,CA__HOUSEHOLD_1,1624,47,345654.34375,0.10658494356035682,rmsse,0.9567425691035145
state_dept,4,M3_FullSkuTemporalCNN,M3_FullSkuTemporalCNN,CA__HOUSEHOLD_2,1624,48,140898.65625,0.04344708983318358,rmsse,0.2696201833182303
state_dept,4,M3_FullSkuTemporalCNN,M3_FullSkuTemporalCNN,TX__FOODS_1,1624,49,63989.390625,0.01973157783649942,rmsse,0.5234624998091041
state_dept,4,M3_FullSkuTemporalCNN,M3_FullSkuTemporalCNN,TX__FOODS_2,1624,50,113816.6015625,0.035096148140827996,rmsse,0.5290352932987107
state_dept,4,M3_FullSkuTemporalCNN,M3_FullSkuTemporalCNN,TX__FOODS_3,1624,51,304156.28125,0.09378872465148723,rmsse,0.6017250643958919
state_dept,4,M3_FullSkuTemporalCNN,M3_FullSkuTemporalCNN,TX__HOBBIES_1,1624,52,144561.640625,0.044576596781183114,rmsse,0.43609744036464954
state_dept,4,M3_FullSkuTemporalCNN,M3_FullSkuTemporalCNN,TX__HOBBIES_2,1624,53,6204.10986328125,0.0019130808322731663,rmsse,2.556324337873635
state_dept,4,M3_FullSkuTemporalCNN,M3_FullSkuTemporalCNN,TX__HOUSEHOLD_1,1624,54,231992.578125,0.07153654016788208,rmsse,0.5687888928853233
state_dept,4,M3_FullSkuTemporalCNN,M3_FullSkuTemporalCNN,TX__HOUSEHOLD_2,1624,55,66200.234375,0.020413307028032304,rmsse,0.7877582838033763
state_dept,4,M3_FullSkuTemporalCNN,M3_FullSkuTemporalCNN,WI__FOODS_1,1624,56,69675.0546875,0.021484792266354854,rmsse,0.824446160174965
state_dept,4,M3_FullSkuTemporalCNN,M3_FullSkuTemporalCNN,WI__FOODS_2,1624,57,139678.390625,0.043070812360844514,rmsse,0.8243619985208874
state_dept,4,M3_FullSkuTemporalCNN,M3_FullSkuTemporalCNN,WI__FOODS_3,1624,58,290668.625,0.08962971115675882,rmsse,0.34921812188653184
state_dept,4,M3_FullSkuTemporalCNN,M3_FullSkuTemporalCNN,WI__HOBBIES_1,1624,59,90310.5,0.02784787669953187,rmsse,0.5100689586958599
state_dept,4,M3_FullSkuTemporalCNN,M3_FullSkuTemporalCNN,WI__HOBBIES_2,1624,60,5081.4296875,0.001566894518298988,rmsse,3.1324104313680095
state_dept,4,M3_FullSkuTemporalCNN,M3_FullSkuTemporalCNN,WI__HOUSEHOLD_1,1624,61,185573.890625,0.05722301199503284,rmsse,1.0074810458537486
state_dept,4,M3_FullSkuTemporalCNN,M3_FullSkuTemporalCNN,WI__HOUSEHOLD_2,1624,62,52489.01171875,0.01618535526238957,rmsse,1.175721248646084
state_dept,4,M3_FullSkuTemporalCNN,M3_FullSkuTemporalCNN,CA__FOODS_1,1652,63,101877.3671875,0.030383356274891915,rmsse,0.3323487887691888
state_dept,4,M3_FullSkuTemporalCNN,M3_FullSkuTemporalCNN,CA__FOODS_2,1652,64,172346.765625,0.05139976942250788,rmsse,0.6307287371237104
state_dept,4,M3_FullSkuTemporalCNN,M3_FullSkuTemporalCNN,CA__FOODS_3,1652,65,524325.6875,0.15637206385664032,rmsse,0.4794878096171359
state_dept,4,M3_FullSkuTemporalCNN,M3_FullSkuTemporalCNN,CA__HOBBIES_1,1652,66,203777.609375,0.06077353466635374,rmsse,0.5910057695092132
state_dept,4,M3_FullSkuTemporalCNN,M3_FullSkuTemporalCNN,CA__HOBBIES_2,1652,67,8851.7197265625,0.0026398891286880046,rmsse,1.5538861234254744
state_dept,4,M3_FullSkuTemporalCNN,M3_FullSkuTemporalCNN,CA__HOUSEHOLD_1,1652,68,370819.5,0.11059120679317745,rmsse,0.7593007396364923
state_dept,4,M3_FullSkuTemporalCNN,M3_FullSkuTemporalCNN,CA__HOUSEHOLD_2,1652,69,143079.890625,0.04267137454220877,rmsse,0.5512519396624503
state_dept,4,M3_FullSkuTemporalCNN,M3_FullSkuTemporalCNN,TX__FOODS_1,1652,70,57638.46484375,0.017189784746423648,rmsse,0.6100391197275419
state_dept,4,M3_FullSkuTemporalCNN,M3_FullSkuTemporalCNN,TX__FOODS_2,1652,71,116447.3046875,0.03472861581767802,rmsse,0.3114432629620226
state_dept,4,M3_FullSkuTemporalCNN,M3_FullSkuTemporalCNN,TX__FOODS_3,1652,72,336981.875,0.10049965609596495,rmsse,0.5581717528556482
state_dept,4,M3_FullSkuTemporalCNN,M3_FullSkuTemporalCNN,TX__HOBBIES_1,1652,73,141949.046875,0.04233411780407331,rmsse,0.4421368801233798
state_dept,4,M3_FullSkuTemporalCNN,M3_FullSkuTemporalCNN,TX__HOBBIES_2,1652,74,6045.189453125,0.0018028846835575856,rmsse,1.7034911266300516
state_dept,4,M3_FullSkuTemporalCNN,M3_FullSkuTemporalCNN,TX__HOUSEHOLD_1,1652,75,241600.71875,0.07205369471848583,rmsse,0.5630723250180613
state_dept,4,M3_FullSkuTemporalCNN,M3_FullSkuTemporalCNN,TX__HOUSEHOLD_2,1652,76,70758.0234375,0.021102491110238427,rmsse,1.205733241001465
state_dept,4,M3_FullSkuTemporalCNN,M3_FullSkuTemporalCNN,WI__FOODS_1,1652,77,65227.64453125,0.019453140746339765,rmsse,0.5848852779460987
state_dept,4,M3_FullSkuTemporalCNN,M3_FullSkuTemporalCNN,WI__FOODS_2,1652,78,144205.625,0.04300710748791366,rmsse,0.8193721012415773
state_dept,4,M3_FullSkuTemporalCNN,M3_FullSkuTemporalCNN,WI__FOODS_3,1652,79,306161.65625,0.09130800035727749,rmsse,0.4545833803704463
state_dept,4,M3_FullSkuTemporalCNN,M3_FullSkuTemporalCNN,WI__HOBBIES_1,1652,80,88051.4921875,0.026260001917255325,rmsse,0.48197837715625236
state_dept,4,M3_FullSkuTemporalCNN,M3_FullSkuTemporalCNN,WI__HOBBIES_2,1652,81,4666.27001953125,0.0013916431921265863,rmsse,2.595106854063155
state_dept,4,M3_FullSkuTemporalCNN,M3_FullSkuTemporalCNN,WI__HOUSEHOLD_1,1652,82,196633.984375,0.05864305849229085,rmsse,0.7354465768966867
state_dept,4,M3_FullSkuTemporalCNN,M3_FullSkuTemporalCNN,WI__HOUSEHOLD_2,1652,83,51619.12109375,0.015394608145906496,rmsse,1.1631423393973441
state_dept,4,M3_FullSkuTemporalCNN_Q,M3_FullSkuTemporalCNN,CA__FOODS_1,1568,0,91596.8203125,0.028482807181531407,mean_spl,0.2527803044588514
state_dept,4,M3_FullSkuTemporalCNN_Q,M3_FullSkuTemporalCNN,CA__FOODS_2,1568,1,156476.3125,0.0486576348634051,mean_spl,0.12553643582971946
state_dept,4,M3_FullSkuTemporalCNN_Q,M3_FullSkuTemporalCNN,CA__FOODS_3,1568,2,483024.40625,0.15020053076356557,mean_spl,0.11174444592714458
state_dept,4,M3_FullSkuTemporalCNN_Q,M3_FullSkuTemporalCNN,CA__HOBBIES_1,1568,3,188982.28125,0.05876564120026683,mean_spl,0.17743603300960895
state_dept,4,M3_FullSkuTemporalCNN_Q,M3_FullSkuTemporalCNN,CA__HOBBIES_2,1568,4,9953.75,0.003095202879487709,mean_spl,0.4691775534976483
state_dept,4,M3_FullSkuTemporalCNN_Q,M3_FullSkuTemporalCNN,CA__HOUSEHOLD_1,1568,5,319543.40625,0.09936472898619221,mean_spl,0.21434777143753972
state_dept,4,M3_FullSkuTemporalCNN_Q,M3_FullSkuTemporalCNN,CA__HOUSEHOLD_2,1568,6,135963.625,0.042279040924836066,mean_spl,0.11329729699023965
state_dept,4,M3_FullSkuTemporalCNN_Q,M3_FullSkuTemporalCNN,TX__FOODS_1,1568,7,59411.7109375,0.018474574785286087,mean_spl,0.19011601667382208
state_dept,4,M3_FullSkuTemporalCNN_Q,M3_FullSkuTemporalCNN,TX__FOODS_2,1568,8,114977.109375,0.03575310611705872,mean_spl,0.13518996623578697
state_dept,4,M3_FullSkuTemporalCNN_Q,M3_FullSkuTemporalCNN,TX__FOODS_3,1568,9,330799.9375,0.10286504273106659,mean_spl,0.09465047875626563
state_dept,4,M3_FullSkuTemporalCNN_Q,M3_FullSkuTemporalCNN,TX__HOBBIES_1,1568,10,155761.671875,0.04843541130742882,mean_spl,0.2428742482447705
state_dept,4,M3_FullSkuTemporalCNN_Q,M3_FullSkuTemporalCNN,TX__HOBBIES_2,1568,11,8248.4501953125,0.0025649254598359614,mean_spl,0.9338326028864378
state_dept,4,M3_FullSkuTemporalCNN_Q,M3_FullSkuTemporalCNN,TX__HOUSEHOLD_1,1568,12,235384.296875,0.07319474102460778,mean_spl,0.15712022346090962
state_dept,4,M3_FullSkuTemporalCNN_Q,M3_FullSkuTemporalCNN,TX__HOUSEHOLD_2,1568,13,66066.3046875,0.020543877082090902,mean_spl,0.20928178180445742
state_dept,4,M3_FullSkuTemporalCNN_Q,M3_FullSkuTemporalCNN,WI__FOODS_1,1568,14,63138.0390625,0.019633308081020463,mean_spl,0.16453275526804595
state_dept,4,M3_FullSkuTemporalCNN_Q,M3_FullSkuTemporalCNN,WI__FOODS_2,1568,15,157345.46875,0.04892790636185792,mean_spl,0.2028987474395081
state_dept,4,M3_FullSkuTemporalCNN_Q,M3_FullSkuTemporalCNN,WI__FOODS_3,1568,16,314363.03125,0.09775384749762497,mean_spl,0.08977250469389003
state_dept,4,M3_FullSkuTemporalCNN_Q,M3_FullSkuTemporalCNN,WI__HOBBIES_1,1568,17,86906.6796875,0.027024368224585302,mean_spl,0.12820051213713593
state_dept,4,M3_FullSkuTemporalCNN_Q,M3_FullSkuTemporalCNN,WI__HOBBIES_2,1568,18,5669.52978515625,0.0017629883125813844,mean_spl,1.1040684939058467
state_dept,4,M3_FullSkuTemporalCNN_Q,M3_FullSkuTemporalCNN,WI__HOUSEHOLD_1,1568,19,180531.46875,0.05613778946760219,mean_spl,0.18314497408860408
state_dept,4,M3_FullSkuTemporalCNN_Q,M3_FullSkuTemporalCNN,WI__HOUSEHOLD_2,1568,20,51719.2109375,0.016082526748068034,mean_spl,0.2263941982653851
state_dept,4,M3_FullSkuTemporalCNN_Q,M3_FullSkuTemporalCNN,CA__FOODS_1,1596,21,104225.4609375,0.03227832053809302,mean_spl,0.18868150073517556
state_dept,4,M3_FullSkuTemporalCNN_Q,M3_FullSkuTemporalCNN,CA__FOODS_2,1596,22,156965.09375,0.04861163063018305,mean_spl,0.20159654179081182
state_dept,4,M3_FullSkuTemporalCNN_Q,M3_FullSkuTemporalCNN,CA__FOODS_3,1596,23,483484.875,0.14973385226790412,mean_spl,0.15787041730351478
state_dept,4,M3_FullSkuTemporalCNN_Q,M3_FullSkuTemporalCNN,CA__HOBBIES_1,1596,24,195908.78125,0.06067237679290928,mean_spl,0.24139421345353831
state_dept,4,M3_FullSkuTemporalCNN_Q,M3_FullSkuTemporalCNN,CA__HOBBIES_2,1596,25,9982.73046875,0.0030916224405946884,mean_spl,0.7304528684423777
state_dept,4,M3_FullSkuTemporalCNN_Q,M3_FullSkuTemporalCNN,CA__HOUSEHOLD_1,1596,26,342259.1875,0.10599666973751329,mean_spl,0.15504584445695993
state_dept,4,M3_FullSkuTemporalCNN_Q,M3_FullSkuTemporalCNN,CA__HOUSEHOLD_2,1596,27,133033.03125,0.04119994084187013,mean_spl,0.1531056416375928
state_dept,4,M3_FullSkuTemporalCNN_Q,M3_FullSkuTemporalCNN,TX__FOODS_1,1596,28,59812.12109375,0.018523639035619377,mean_spl,0.23716708180778184
state_dept,4,M3_FullSkuTemporalCNN_Q,M3_FullSkuTemporalCNN,TX__FOODS_2,1596,29,120399.46875,0.03728736347118747,mean_spl,0.18294864598566124
state_dept,4,M3_FullSkuTemporalCNN_Q,M3_FullSkuTemporalCNN,TX__FOODS_3,1596,30,309667.46875,0.09590310972600398,mean_spl,0.2359387595909717
state_dept,4,M3_FullSkuTemporalCNN_Q,M3_FullSkuTemporalCNN,TX__HOBBIES_1,1596,31,158022.265625,0.04893903366911582,mean_spl,0.21020375135915884
state_dept,4,M3_FullSkuTemporalCNN_Q,M3_FullSkuTemporalCNN,TX__HOBBIES_2,1596,32,7154.79931640625,0.0022158204304721526,mean_spl,0.8359124357228829
state_dept,4,M3_FullSkuTemporalCNN_Q,M3_FullSkuTemporalCNN,TX__HOUSEHOLD_1,1596,33,241072.3125,0.07465939038063396,mean_spl,0.17200561184926336
state_dept,4,M3_FullSkuTemporalCNN_Q,M3_FullSkuTemporalCNN,TX__HOUSEHOLD_2,1596,34,67740.2265625,0.020978950120629378,mean_spl,0.2578124808623204
state_dept,4,M3_FullSkuTemporalCNN_Q,M3_FullSkuTemporalCNN,WI__FOODS_1,1596,35,64269.5625,0.019904095607329662,mean_spl,0.22352004999780017
state_dept,4,M3_FullSkuTemporalCNN_Q,M3_FullSkuTemporalCNN,WI__FOODS_2,1596,36,147775.6875,0.04576569838076727,mean_spl,0.2904235011661366
state_dept,4,M3_FullSkuTemporalCNN_Q,M3_FullSkuTemporalCNN,WI__FOODS_3,1596,37,290961.6875,0.09010998396122544,mean_spl,0.12338438705448149
state_dept,4,M3_FullSkuTemporalCNN_Q,M3_FullSkuTemporalCNN,WI__HOBBIES_1,1596,38,90447.0,0.028011171468549298,mean_spl,0.1628567698903793
state_dept,4,M3_FullSkuTemporalCNN_Q,M3_FullSkuTemporalCNN,WI__HOBBIES_2,1596,39,4754.08984375,0.0014723277255206915,mean_spl,0.9576118550806524
state_dept,4,M3_FullSkuTemporalCNN_Q,M3_FullSkuTemporalCNN,WI__HOUSEHOLD_1,1596,40,189330.5625,0.05863512167815837,mean_spl,0.21695811788977803
state_dept,4,M3_FullSkuTemporalCNN_Q,M3_FullSkuTemporalCNN,WI__HOUSEHOLD_2,1596,41,51695.29296875,0.01600988109571956,mean_spl,0.18293277583537818
state_dept,4,M3_FullSkuTemporalCNN_Q,M3_FullSkuTemporalCNN,CA__FOODS_1,1624,42,104391.578125,0.032189875995532614,mean_spl,0.14898600055247002
state_dept,4,M3_FullSkuTemporalCNN_Q,M3_FullSkuTemporalCNN,CA__FOODS_2,1624,43,167035.0,0.05150641491860089,mean_spl,0.1731768687850196
state_dept,4,M3_FullSkuTemporalCNN_Q,M3_FullSkuTemporalCNN,CA__FOODS_3,1624,44,512413.875,0.15800641575596788,mean_spl,0.12738952103297285
state_dept,4,M3_FullSkuTemporalCNN_Q,M3_FullSkuTemporalCNN,CA__HOBBIES_1,1624,45,199486.59375,0.06151309167770752,mean_spl,0.1615007900187898
state_dept,4,M3_FullSkuTemporalCNN_Q,M3_FullSkuTemporalCNN,CA__HOBBIES_2,1624,46,8716.3203125,0.002687738561253953,mean_spl,0.7475475959640968
state_dept,4,M3_FullSkuTemporalCNN_Q,M3_FullSkuTemporalCNN,CA__HOUSEHOLD_1,1624,47,345654.34375,0.10658494356035682,mean_spl,0.2920158143961861
state_dept,4,M3_FullSkuTemporalCNN_Q,M3_FullSkuTemporalCNN,CA__HOUSEHOLD_2,1624,48,140898.65625,0.04344708983318358,mean_spl,0.127894064252358
state_dept,4,M3_FullSkuTemporalCNN_Q,M3_FullSkuTemporalCNN,TX__FOODS_1,1624,49,63989.390625,0.01973157783649942,mean_spl,0.1568973259026984
state_dept,4,M3_FullSkuTemporalCNN_Q,M3_FullSkuTemporalCNN,TX__FOODS_2,1624,50,113816.6015625,0.035096148140827996,mean_spl,0.11566362841395711
state_dept,4,M3_FullSkuTemporalCNN_Q,M3_FullSkuTemporalCNN,TX__FOODS_3,1624,51,304156.28125,0.09378872465148723,mean_spl,0.20447906381890144
state_dept,4,M3_FullSkuTemporalCNN_Q,M3_FullSkuTemporalCNN,TX__HOBBIES_1,1624,52,144561.640625,0.044576596781183114,mean_spl,0.12132423983237277
state_dept,4,M3_FullSkuTemporalCNN_Q,M3_FullSkuTemporalCNN,TX__HOBBIES_2,1624,53,6204.10986328125,0.0019130808322731663,mean_spl,0.8493574961331409
state_dept,4,M3_FullSkuTemporalCNN_Q,M3_FullSkuTemporalCNN,TX__HOUSEHOLD_1,1624,54,231992.578125,0.07153654016788208,mean_spl,0.1529720161943583
state_dept,4,M3_FullSkuTemporalCNN_Q,M3_FullSkuTemporalCNN,TX__HOUSEHOLD_2,1624,55,66200.234375,0.020413307028032304,mean_spl,0.1622419028230865
state_dept,4,M3_FullSkuTemporalCNN_Q,M3_FullSkuTemporalCNN,WI__FOODS_1,1624,56,69675.0546875,0.021484792266354854,mean_spl,0.20014840827662345
state_dept,4,M3_FullSkuTemporalCNN_Q,M3_FullSkuTemporalCNN,WI__FOODS_2,1624,57,139678.390625,0.043070812360844514,mean_spl,0.18960734080766514
state_dept,4,M3_FullSkuTemporalCNN_Q,M3_FullSkuTemporalCNN,WI__FOODS_3,1624,58,290668.625,0.08962971115675882,mean_spl,0.09243606024047722
state_dept,4,M3_FullSkuTemporalCNN_Q,M3_FullSkuTemporalCNN,WI__HOBBIES_1,1624,59,90310.5,0.02784787669953187,mean_spl,0.1317041766846413
state_dept,4,M3_FullSkuTemporalCNN_Q,M3_FullSkuTemporalCNN,WI__HOBBIES_2,1624,60,5081.4296875,0.001566894518298988,mean_spl,1.0173855712871498
state_dept,4,M3_FullSkuTemporalCNN_Q,M3_FullSkuTemporalCNN,WI__HOUSEHOLD_1,1624,61,185573.890625,0.05722301199503284,mean_spl,0.23822341317768586
state_dept,4,M3_FullSkuTemporalCNN_Q,M3_FullSkuTemporalCNN,WI__HOUSEHOLD_2,1624,62,52489.01171875,0.01618535526238957,mean_spl,0.1760658103707011
state_dept,4,M3_FullSkuTemporalCNN_Q,M3_FullSkuTemporalCNN,CA__FOODS_1,1652,63,101877.3671875,0.030383356274891915,mean_spl,0.11613553992647657
state_dept,4,M3_FullSkuTemporalCNN_Q,M3_FullSkuTemporalCNN,CA__FOODS_2,1652,64,172346.765625,0.05139976942250788,mean_spl,0.1434252255076226
state_dept,4,M3_FullSkuTemporalCNN_Q,M3_FullSkuTemporalCNN,CA__FOODS_3,1652,65,524325.6875,0.15637206385664032,mean_spl,0.12296782878796436
state_dept,4,M3_FullSkuTemporalCNN_Q,M3_FullSkuTemporalCNN,CA__HOBBIES_1,1652,66,203777.609375,0.06077353466635374,mean_spl,0.1785605662001618
state_dept,4,M3_FullSkuTemporalCNN_Q,M3_FullSkuTemporalCNN,CA__HOBBIES_2,1652,67,8851.7197265625,0.0026398891286880046,mean_spl,0.5624922976633616
state_dept,4,M3_FullSkuTemporalCNN_Q,M3_FullSkuTemporalCNN,CA__HOUSEHOLD_1,1652,68,370819.5,0.11059120679317745,mean_spl,0.240758990558103
state_dept,4,M3_FullSkuTemporalCNN_Q,M3_FullSkuTemporalCNN,CA__HOUSEHOLD_2,1652,69,143079.890625,0.04267137454220877,mean_spl,0.12283158299604989
state_dept,4,M3_FullSkuTemporalCNN_Q,M3_FullSkuTemporalCNN,TX__FOODS_1,1652,70,57638.46484375,0.017189784746423648,mean_spl,0.18409970221429886
state_dept,4,M3_FullSkuTemporalCNN_Q,M3_FullSkuTemporalCNN,TX__FOODS_2,1652,71,116447.3046875,0.03472861581767802,mean_spl,0.099278603444858
state_dept,4,M3_FullSkuTemporalCNN_Q,M3_FullSkuTemporalCNN,TX__FOODS_3,1652,72,336981.875,0.10049965609596495,mean_spl,0.13904166788862737
state_dept,4,M3_FullSkuTemporalCNN_Q,M3_FullSkuTemporalCNN,TX__HOBBIES_1,1652,73,141949.046875,0.04233411780407331,mean_spl,0.12381439627654214
state_dept,4,M3_FullSkuTemporalCNN_Q,M3_FullSkuTemporalCNN,TX__HOBBIES_2,1652,74,6045.189453125,0.0018028846835575856,mean_spl,0.6262592687011125
state_dept,4,M3_FullSkuTemporalCNN_Q,M3_FullSkuTemporalCNN,TX__HOUSEHOLD_1,1652,75,241600.71875,0.07205369471848583,mean_spl,0.14428989332359313
state_dept,4,M3_FullSkuTemporalCNN_Q,M3_FullSkuTemporalCNN,TX__HOUSEHOLD_2,1652,76,70758.0234375,0.021102491110238427,mean_spl,0.26910279554075645
state_dept,4,M3_FullSkuTemporalCNN_Q,M3_FullSkuTemporalCNN,WI__FOODS_1,1652,77,65227.64453125,0.019453140746339765,mean_spl,0.147578218077213
state_dept,4,M3_FullSkuTemporalCNN_Q,M3_FullSkuTemporalCNN,WI__FOODS_2,1652,78,144205.625,0.04300710748791366,mean_spl,0.18787389312413985
state_dept,4,M3_FullSkuTemporalCNN_Q,M3_FullSkuTemporalCNN,WI__FOODS_3,1652,79,306161.65625,0.09130800035727749,mean_spl,0.10918474604462544
state_dept,4,M3_FullSkuTemporalCNN_Q,M3_FullSkuTemporalCNN,WI__HOBBIES_1,1652,80,88051.4921875,0.026260001917255325,mean_spl,0.1254054341753767
state_dept,4,M3_FullSkuTemporalCNN_Q,M3_FullSkuTemporalCNN,WI__HOBBIES_2,1652,81,4666.27001953125,0.0013916431921265863,mean_spl,0.8567646093675312
state_dept,4,M3_FullSkuTemporalCNN_Q,M3_FullSkuTemporalCNN,WI__HOUSEHOLD_1,1652,82,196633.984375,0.05864305849229085,mean_spl,0.18020075589383897
state_dept,4,M3_FullSkuTemporalCNN_Q,M3_FullSkuTemporalCNN,WI__HOUSEHOLD_2,1652,83,51619.12109375,0.015394608145906496,mean_spl,0.1889090999053008
state_dept,5,M3_FullSkuTemporalCNN,M3_FullSkuTemporalCNN,CA__FOODS_1,1624,0,104391.578125,0.032189875995532614,rmsse,0.6645229760281172
state_dept,5,M3_FullSkuTemporalCNN,M3_FullSkuTemporalCNN,CA__FOODS_2,1624,1,167035.0,0.05150641491860089,rmsse,0.6726883600272255
state_dept,5,M3_FullSkuTemporalCNN,M3_FullSkuTemporalCNN,CA__FOODS_3,1624,2,512413.875,0.15800641575596788,rmsse,0.30801201748259943
state_dept,5,M3_FullSkuTemporalCNN,M3_FullSkuTemporalCNN,CA__HOBBIES_1,1624,3,199486.59375,0.06151309167770752,rmsse,0.6291241449299623
state_dept,5,M3_FullSkuTemporalCNN,M3_FullSkuTemporalCNN,CA__HOBBIES_2,1624,4,8716.3203125,0.002687738561253953,rmsse,0.6689044401045493
state_dept,5,M3_FullSkuTemporalCNN,M3_FullSkuTemporalCNN,CA__HOUSEHOLD_1,1624,5,345654.34375,0.10658494356035682,rmsse,0.7685105377322425
state_dept,5,M3_FullSkuTemporalCNN,M3_FullSkuTemporalCNN,CA__HOUSEHOLD_2,1624,6,140898.65625,0.04344708983318358,rmsse,0.3228001300372205
state_dept,5,M3_FullSkuTemporalCNN,M3_FullSkuTemporalCNN,TX__FOODS_1,1624,7,63989.390625,0.01973157783649942,rmsse,0.4604626472229721
state_dept,5,M3_FullSkuTemporalCNN,M3_FullSkuTemporalCNN,TX__FOODS_2,1624,8,113816.6015625,0.035096148140827996,rmsse,0.5311055292483107
state_dept,5,M3_FullSkuTemporalCNN,M3_FullSkuTemporalCNN,TX__FOODS_3,1624,9,304156.28125,0.09378872465148723,rmsse,0.5059757390668318
state_dept,5,M3_FullSkuTemporalCNN,M3_FullSkuTemporalCNN,TX__HOBBIES_1,1624,10,144561.640625,0.044576596781183114,rmsse,0.4642505068988771
state_dept,5,M3_FullSkuTemporalCNN,M3_FullSkuTemporalCNN,TX__HOBBIES_2,1624,11,6204.10986328125,0.0019130808322731663,rmsse,1.2490405026350624
state_dept,5,M3_FullSkuTemporalCNN,M3_FullSkuTemporalCNN,TX__HOUSEHOLD_1,1624,12,231992.578125,0.07153654016788208,rmsse,0.5039881951808362
state_dept,5,M3_FullSkuTemporalCNN,M3_FullSkuTemporalCNN,TX__HOUSEHOLD_2,1624,13,66200.234375,0.020413307028032304,rmsse,0.5225619014435848
state_dept,5,M3_FullSkuTemporalCNN,M3_FullSkuTemporalCNN,WI__FOODS_1,1624,14,69675.0546875,0.021484792266354854,rmsse,1.0598697061701352
state_dept,5,M3_FullSkuTemporalCNN,M3_FullSkuTemporalCNN,WI__FOODS_2,1624,15,139678.390625,0.043070812360844514,rmsse,0.8237496466998999
state_dept,5,M3_FullSkuTemporalCNN,M3_FullSkuTemporalCNN,WI__FOODS_3,1624,16,290668.625,0.08962971115675882,rmsse,0.3734383250526226
state_dept,5,M3_FullSkuTemporalCNN,M3_FullSkuTemporalCNN,WI__HOBBIES_1,1624,17,90310.5,0.02784787669953187,rmsse,0.6252958036197285
state_dept,5,M3_FullSkuTemporalCNN,M3_FullSkuTemporalCNN,WI__HOBBIES_2,1624,18,5081.4296875,0.001566894518298988,rmsse,1.3248309357628654
state_dept,5,M3_FullSkuTemporalCNN,M3_FullSkuTemporalCNN,WI__HOUSEHOLD_1,1624,19,185573.890625,0.05722301199503284,rmsse,1.0087055770279723
state_dept,5,M3_FullSkuTemporalCNN,M3_FullSkuTemporalCNN,WI__HOUSEHOLD_2,1624,20,52489.01171875,0.01618535526238957,rmsse,0.8995472091822413
state_dept,5,M3_FullSkuTemporalCNN,M3_FullSkuTemporalCNN,CA__FOODS_1,1652,21,101877.3671875,0.030383356274891915,rmsse,0.5163650840696826
state_dept,5,M3_FullSkuTemporalCNN,M3_FullSkuTemporalCNN,CA__FOODS_2,1652,22,172346.765625,0.05139976942250788,rmsse,0.5550363239486179
state_dept,5,M3_FullSkuTemporalCNN,M3_FullSkuTemporalCNN,CA__FOODS_3,1652,23,524325.6875,0.15637206385664032,rmsse,0.49306907992629023
state_dept,5,M3_FullSkuTemporalCNN,M3_FullSkuTemporalCNN,CA__HOBBIES_1,1652,24,203777.609375,0.06077353466635374,rmsse,0.5879769693340183
state_dept,5,M3_FullSkuTemporalCNN,M3_FullSkuTemporalCNN,CA__HOBBIES_2,1652,25,8851.7197265625,0.0026398891286880046,rmsse,1.4239449015976033
state_dept,5,M3_FullSkuTemporalCNN,M3_FullSkuTemporalCNN,CA__HOUSEHOLD_1,1652,26,370819.5,0.11059120679317745,rmsse,0.6389835133430083
state_dept,5,M3_FullSkuTemporalCNN,M3_FullSkuTemporalCNN,CA__HOUSEHOLD_2,1652,27,143079.890625,0.04267137454220877,rmsse,0.5167739484846172
state_dept,5,M3_FullSkuTemporalCNN,M3_FullSkuTemporalCNN,TX__FOODS_1,1652,28,57638.46484375,0.017189784746423648,rmsse,0.636789158810783
state_dept,5,M3_FullSkuTemporalCNN,M3_FullSkuTemporalCNN,TX__FOODS_2,1652,29,116447.3046875,0.03472861581767802,rmsse,0.4655881390836022
state_dept,5,M3_FullSkuTemporalCNN,M3_FullSkuTemporalCNN,TX__FOODS_3,1652,30,336981.875,0.10049965609596495,rmsse,0.6211384176784526
state_dept,5,M3_FullSkuTemporalCNN,M3_FullSkuTemporalCNN,TX__HOBBIES_1,1652,31,141949.046875,0.04233411780407331,rmsse,0.4706413496212784
state_dept,5,M3_FullSkuTemporalCNN,M3_FullSkuTemporalCNN,TX__HOBBIES_2,1652,32,6045.189453125,0.0018028846835575856,rmsse,1.1210136998455553
state_dept,5,M3_FullSkuTemporalCNN,M3_FullSkuTemporalCNN,TX__HOUSEHOLD_1,1652,33,241600.71875,0.07205369471848583,rmsse,0.503223297298209
state_dept,5,M3_FullSkuTemporalCNN,M3_FullSkuTemporalCNN,TX__HOUSEHOLD_2,1652,34,70758.0234375,0.021102491110238427,rmsse,0.8154043387371731
state_dept,5,M3_FullSkuTemporalCNN,M3_FullSkuTemporalCNN,WI__FOODS_1,1652,35,65227.64453125,0.019453140746339765,rmsse,0.6257650618864737
state_dept,5,M3_FullSkuTemporalCNN,M3_FullSkuTemporalCNN,WI__FOODS_2,1652,36,144205.625,0.04300710748791366,rmsse,0.7359438251507275
state_dept,5,M3_FullSkuTemporalCNN,M3_FullSkuTemporalCNN,WI__FOODS_3,1652,37,306161.65625,0.09130800035727749,rmsse,0.5191747016415657
state_dept,5,M3_FullSkuTemporalCNN,M3_FullSkuTemporalCNN,WI__HOBBIES_1,1652,38,88051.4921875,0.026260001917255325,rmsse,0.511639514402561
state_dept,5,M3_FullSkuTemporalCNN,M3_FullSkuTemporalCNN,WI__HOBBIES_2,1652,39,4666.27001953125,0.0013916431921265863,rmsse,1.3873953913111203
state_dept,5,M3_FullSkuTemporalCNN,M3_FullSkuTemporalCNN,WI__HOUSEHOLD_1,1652,40,196633.984375,0.05864305849229085,rmsse,0.7502184323095172
state_dept,5,M3_FullSkuTemporalCNN,M3_FullSkuTemporalCNN,WI__HOUSEHOLD_2,1652,41,51619.12109375,0.015394608145906496,rmsse,1.0507504150191127
state_dept,5,M3_FullSkuTemporalCNN,M3_FullSkuTemporalCNN,CA__FOODS_1,1680,42,105849.15625,0.031748092149343536,rmsse,0.5177730842318081
state_dept,5,M3_FullSkuTemporalCNN,M3_FullSkuTemporalCNN,CA__FOODS_2,1680,43,180573.46875,0.054160687989438794,rmsse,0.9266215717304205
state_dept,5,M3_FullSkuTemporalCNN,M3_FullSkuTemporalCNN,CA__FOODS_3,1680,44,522227.15625,0.1566353145069555,rmsse,0.6098105284206977
state_dept,5,M3_FullSkuTemporalCNN,M3_FullSkuTemporalCNN,CA__HOBBIES_1,1680,45,204925.59375,0.061464794473824046,rmsse,0.4669927075244851
state_dept,5,M3_FullSkuTemporalCNN,M3_FullSkuTemporalCNN,CA__HOBBIES_2,1680,46,9495.8798828125,0.0028481669598441296,rmsse,1.7669469392407038
state_dept,5,M3_FullSkuTemporalCNN,M3_FullSkuTemporalCNN,CA__HOUSEHOLD_1,1680,47,386333.125,0.11587564877583854,rmsse,0.518371962267503
state_dept,5,M3_FullSkuTemporalCNN,M3_FullSkuTemporalCNN,CA__HOUSEHOLD_2,1680,48,142584.140625,0.042766277937122975,rmsse,0.6575489514239783
state_dept,5,M3_FullSkuTemporalCNN,M3_FullSkuTemporalCNN,TX__FOODS_1,1680,49,58647.24609375,0.017590486681745305,rmsse,1.0185333324661048
state_dept,5,M3_FullSkuTemporalCNN,M3_FullSkuTemporalCNN,TX__FOODS_2,1680,50,116385.1484375,0.034908227408839414,rmsse,1.0031193388120627
state_dept,5,M3_FullSkuTemporalCNN,M3_FullSkuTemporalCNN,TX__FOODS_3,1680,51,292570.6875,0.08775281236072008,rmsse,0.40368983586395546
state_dept,5,M3_FullSkuTemporalCNN,M3_FullSkuTemporalCNN,TX__HOBBIES_1,1680,52,138358.875,0.04149896389164183,rmsse,0.4870260319806075
state_dept,5,M3_FullSkuTemporalCNN,M3_FullSkuTemporalCNN,TX__HOBBIES_2,1680,53,7358.69921875,0.0022071471249557294,rmsse,1.0557129797087264
state_dept,5,M3_FullSkuTemporalCNN,M3_FullSkuTemporalCNN,TX__HOUSEHOLD_1,1680,54,246249.609375,0.0738594011246769,rmsse,0.5606209590555246
state_dept,5,M3_FullSkuTemporalCNN,M3_FullSkuTemporalCNN,TX__HOUSEHOLD_2,1680,55,68115.1875,0.020430273855109857,rmsse,0.7795495756711266
state_dept,5,M3_FullSkuTemporalCNN,M3_FullSkuTemporalCNN,WI__FOODS_1,1680,56,66368.7265625,0.019906445373680852,rmsse,0.44895491586023445
state_dept,5,M3_FullSkuTemporalCNN,M3_FullSkuTemporalCNN,WI__FOODS_2,1680,57,154699.828125,0.04640022247508569,rmsse,1.252785353714518
state_dept,5,M3_FullSkuTemporalCNN,M3_FullSkuTemporalCNN,WI__FOODS_3,1680,58,288137.90625,0.08642325667422511,rmsse,0.37930585356154245
state_dept,5,M3_FullSkuTemporalCNN,M3_FullSkuTemporalCNN,WI__HOBBIES_1,1680,59,88609.6953125,0.026577337711244195,rmsse,0.6095032840584492
state_dept,5,M3_FullSkuTemporalCNN,M3_FullSkuTemporalCNN,WI__HOBBIES_2,1680,60,5649.650390625,0.001694539924243725,rmsse,1.4684334471649816
state_dept,5,M3_FullSkuTemporalCNN,M3_FullSkuTemporalCNN,WI__HOUSEHOLD_1,1680,61,198324.921875,0.059485007894891535,rmsse,0.9272377024896349
state_dept,5,M3_FullSkuTemporalCNN,M3_FullSkuTemporalCNN,WI__HOUSEHOLD_2,1680,62,52567.33203125,0.015766894706572242,rmsse,1.2548796120774037
state_dept,5,M3_FullSkuTemporalCNN,M3_FullSkuTemporalCNN,CA__FOODS_1,1708,63,100270.671875,0.029837655447102953,rmsse,0.5304164105896692
state_dept,5,M3_FullSkuTemporalCNN,M3_FullSkuTemporalCNN,CA__FOODS_2,1708,64,192013.125,0.05713755934749999,rmsse,0.9524822835681896
state_dept,5,M3_FullSkuTemporalCNN,M3_FullSkuTemporalCNN,CA__FOODS_3,1708,65,536624.0,0.1596838010281476,rmsse,0.40746634517645036
state_dept,5,M3_FullSkuTemporalCNN,M3_FullSkuTemporalCNN,CA__HOBBIES_1,1708,66,201237.296875,0.05988240644031905,rmsse,0.4780475629863111
state_dept,5,M3_FullSkuTemporalCNN,M3_FullSkuTemporalCNN,CA__HOBBIES_2,1708,67,9113.939453125,0.0027120451083354393,rmsse,4.587322986463755
state_dept,5,M3_FullSkuTemporalCNN,M3_FullSkuTemporalCNN,CA__HOUSEHOLD_1,1708,68,374403.46875,0.11141165696674632,rmsse,0.37464438901101393
state_dept,5,M3_FullSkuTemporalCNN,M3_FullSkuTemporalCNN,CA__HOUSEHOLD_2,1708,69,128293.203125,0.03817635126471463,rmsse,0.4710759784096498
state_dept,5,M3_FullSkuTemporalCNN,M3_FullSkuTemporalCNN,TX__FOODS_1,1708,70,61970.87890625,0.01844074341961048,rmsse,0.7730338086834485
state_dept,5,M3_FullSkuTemporalCNN,M3_FullSkuTemporalCNN,TX__FOODS_2,1708,71,124073.671875,0.03692074065364049,rmsse,0.9222228507932628
state_dept,5,M3_FullSkuTemporalCNN,M3_FullSkuTemporalCNN,TX__FOODS_3,1708,72,305109.125,0.09079166196139608,rmsse,0.4299617922165471
state_dept,5,M3_FullSkuTemporalCNN,M3_FullSkuTemporalCNN,TX__HOBBIES_1,1708,73,135840.265625,0.04042213905392457,rmsse,0.775725839479504
state_dept,5,M3_FullSkuTemporalCNN,M3_FullSkuTemporalCNN,TX__HOBBIES_2,1708,74,7121.1904296875,0.0021190605631834724,rmsse,3.7795948335281944
state_dept,5,M3_FullSkuTemporalCNN,M3_FullSkuTemporalCNN,TX__HOUSEHOLD_1,1708,75,241073.09375,0.0717363888600118,rmsse,0.7373900464760008
state_dept,5,M3_FullSkuTemporalCNN,M3_FullSkuTemporalCNN,TX__HOUSEHOLD_2,1708,76,61093.55078125,0.018179675912848022,rmsse,0.7630376050685855
state_dept,5,M3_FullSkuTemporalCNN,M3_FullSkuTemporalCNN,WI__FOODS_1,1708,77,66279.75,0.019722938987438814,rmsse,0.6176334423983836
state_dept,5,M3_FullSkuTemporalCNN,M3_FullSkuTemporalCNN,WI__FOODS_2,1708,78,166701.859375,0.049605657859990875,rmsse,1.932181270602916
state_dept,5,M3_FullSkuTemporalCNN,M3_FullSkuTemporalCNN,WI__FOODS_3,1708,79,309017.375,0.09195464426440203,rmsse,0.5043512835494302
state_dept,5,M3_FullSkuTemporalCNN,M3_FullSkuTemporalCNN,WI__HOBBIES_1,1708,80,89558.953125,0.026650157374813088,rmsse,0.6684572372185735
state_dept,5,M3_FullSkuTemporalCNN,M3_FullSkuTemporalCNN,WI__HOBBIES_2,1708,81,5060.5205078125,0.0015058647206766594,rmsse,2.7696021004974716
state_dept,5,M3_FullSkuTemporalCNN,M3_FullSkuTemporalCNN,WI__HOUSEHOLD_1,1708,82,200282.53125,0.05959829577048129,rmsse,0.7947731125920825
state_dept,5,M3_FullSkuTemporalCNN,M3_FullSkuTemporalCNN,WI__HOUSEHOLD_2,1708,83,45402.77734375,0.013510554994716343,rmsse,0.9820584442881527
state_dept,5,M3_FullSkuTemporalCNN_Q,M3_FullSkuTemporalCNN,CA__FOODS_1,1624,0,104391.578125,0.032189875995532614,mean_spl,0.14935045126592744
state_dept,5,M3_FullSkuTemporalCNN_Q,M3_FullSkuTemporalCNN,CA__FOODS_2,1624,1,167035.0,0.05150641491860089,mean_spl,0.1792934336149098
state_dept,5,M3_FullSkuTemporalCNN_Q,M3_FullSkuTemporalCNN,CA__FOODS_3,1624,2,512413.875,0.15800641575596788,mean_spl,0.09967770316940136
state_dept,5,M3_FullSkuTemporalCNN_Q,M3_FullSkuTemporalCNN,CA__HOBBIES_1,1624,3,199486.59375,0.06151309167770752,mean_spl,0.20894787825928138
state_dept,5,M3_FullSkuTemporalCNN_Q,M3_FullSkuTemporalCNN,CA__HOBBIES_2,1624,4,8716.3203125,0.002687738561253953,mean_spl,0.5111810154276601
state_dept,5,M3_FullSkuTemporalCNN_Q,M3_FullSkuTemporalCNN,CA__HOUSEHOLD_1,1624,5,345654.34375,0.10658494356035682,mean_spl,0.21481273682399493
state_dept,5,M3_FullSkuTemporalCNN_Q,M3_FullSkuTemporalCNN,CA__HOUSEHOLD_2,1624,6,140898.65625,0.04344708983318358,mean_spl,0.18022356802328546
state_dept,5,M3_FullSkuTemporalCNN_Q,M3_FullSkuTemporalCNN,TX__FOODS_1,1624,7,63989.390625,0.01973157783649942,mean_spl,0.17454495504307682
state_dept,5,M3_FullSkuTemporalCNN_Q,M3_FullSkuTemporalCNN,TX__FOODS_2,1624,8,113816.6015625,0.035096148140827996,mean_spl,0.12727428666889348
state_dept,5,M3_FullSkuTemporalCNN_Q,M3_FullSkuTemporalCNN,TX__FOODS_3,1624,9,304156.28125,0.09378872465148723,mean_spl,0.12764764541968138
state_dept,5,M3_FullSkuTemporalCNN_Q,M3_FullSkuTemporalCNN,TX__HOBBIES_1,1624,10,144561.640625,0.044576596781183114,mean_spl,0.14716143524719977
state_dept,5,M3_FullSkuTemporalCNN_Q,M3_FullSkuTemporalCNN,TX__HOBBIES_2,1624,11,6204.10986328125,0.0019130808322731663,mean_spl,0.8443267620320092
state_dept,5,M3_FullSkuTemporalCNN_Q,M3_FullSkuTemporalCNN,TX__HOUSEHOLD_1,1624,12,231992.578125,0.07153654016788208,mean_spl,0.11822507149547978
state_dept,5,M3_FullSkuTemporalCNN_Q,M3_FullSkuTemporalCNN,TX__HOUSEHOLD_2,1624,13,66200.234375,0.020413307028032304,mean_spl,0.16519906643716098
state_dept,5,M3_FullSkuTemporalCNN_Q,M3_FullSkuTemporalCNN,WI__FOODS_1,1624,14,69675.0546875,0.021484792266354854,mean_spl,0.33997042746367845
state_dept,5,M3_FullSkuTemporalCNN_Q,M3_FullSkuTemporalCNN,WI__FOODS_2,1624,15,139678.390625,0.043070812360844514,mean_spl,0.22274153437750238
state_dept,5,M3_FullSkuTemporalCNN_Q,M3_FullSkuTemporalCNN,WI__FOODS_3,1624,16,290668.625,0.08962971115675882,mean_spl,0.0989589280147607
state_dept,5,M3_FullSkuTemporalCNN_Q,M3_FullSkuTemporalCNN,WI__HOBBIES_1,1624,17,90310.5,0.02784787669953187,mean_spl,0.16379381033135748
state_dept,5,M3_FullSkuTemporalCNN_Q,M3_FullSkuTemporalCNN,WI__HOBBIES_2,1624,18,5081.4296875,0.001566894518298988,mean_spl,1.169376345654232
state_dept,5,M3_FullSkuTemporalCNN_Q,M3_FullSkuTemporalCNN,WI__HOUSEHOLD_1,1624,19,185573.890625,0.05722301199503284,mean_spl,0.282898759517193
state_dept,5,M3_FullSkuTemporalCNN_Q,M3_FullSkuTemporalCNN,WI__HOUSEHOLD_2,1624,20,52489.01171875,0.01618535526238957,mean_spl,0.17897363052789372
state_dept,5,M3_FullSkuTemporalCNN_Q,M3_FullSkuTemporalCNN,CA__FOODS_1,1652,21,101877.3671875,0.030383356274891915,mean_spl,0.1280344754087422
state_dept,5,M3_FullSkuTemporalCNN_Q,M3_FullSkuTemporalCNN,CA__FOODS_2,1652,22,172346.765625,0.05139976942250788,mean_spl,0.161641722961665
state_dept,5,M3_FullSkuTemporalCNN_Q,M3_FullSkuTemporalCNN,CA__FOODS_3,1652,23,524325.6875,0.15637206385664032,mean_spl,0.1603292118186205
state_dept,5,M3_FullSkuTemporalCNN_Q,M3_FullSkuTemporalCNN,CA__HOBBIES_1,1652,24,203777.609375,0.06077353466635374,mean_spl,0.17978599652294613
state_dept,5,M3_FullSkuTemporalCNN_Q,M3_FullSkuTemporalCNN,CA__HOBBIES_2,1652,25,8851.7197265625,0.0026398891286880046,mean_spl,0.4003786955777249
state_dept,5,M3_FullSkuTemporalCNN_Q,M3_FullSkuTemporalCNN,CA__HOUSEHOLD_1,1652,26,370819.5,0.11059120679317745,mean_spl,0.20928990952000234
state_dept,5,M3_FullSkuTemporalCNN_Q,M3_FullSkuTemporalCNN,CA__HOUSEHOLD_2,1652,27,143079.890625,0.04267137454220877,mean_spl,0.16417057298682755
state_dept,5,M3_FullSkuTemporalCNN_Q,M3_FullSkuTemporalCNN,TX__FOODS_1,1652,28,57638.46484375,0.017189784746423648,mean_spl,0.17994605270166816
state_dept,5,M3_FullSkuTemporalCNN_Q,M3_FullSkuTemporalCNN,TX__FOODS_2,1652,29,116447.3046875,0.03472861581767802,mean_spl,0.1142334853083187
state_dept,5,M3_FullSkuTemporalCNN_Q,M3_FullSkuTemporalCNN,TX__FOODS_3,1652,30,336981.875,0.10049965609596495,mean_spl,0.18214205977693992
state_dept,5,M3_FullSkuTemporalCNN_Q,M3_FullSkuTemporalCNN,TX__HOBBIES_1,1652,31,141949.046875,0.04233411780407331,mean_spl,0.14931303974716242
state_dept,5,M3_FullSkuTemporalCNN_Q,M3_FullSkuTemporalCNN,TX__HOBBIES_2,1652,32,6045.189453125,0.0018028846835575856,mean_spl,0.6248556805133973
state_dept,5,M3_FullSkuTemporalCNN_Q,M3_FullSkuTemporalCNN,TX__HOUSEHOLD_1,1652,33,241600.71875,0.07205369471848583,mean_spl,0.1410361152793692
state_dept,5,M3_FullSkuTemporalCNN_Q,M3_FullSkuTemporalCNN,TX__HOUSEHOLD_2,1652,34,70758.0234375,0.021102491110238427,mean_spl,0.20484289263923833
state_dept,5,M3_FullSkuTemporalCNN_Q,M3_FullSkuTemporalCNN,WI__FOODS_1,1652,35,65227.64453125,0.019453140746339765,mean_spl,0.17428200752223716
state_dept,5,M3_FullSkuTemporalCNN_Q,M3_FullSkuTemporalCNN,WI__FOODS_2,1652,36,144205.625,0.04300710748791366,mean_spl,0.19809901998068846
state_dept,5,M3_FullSkuTemporalCNN_Q,M3_FullSkuTemporalCNN,WI__FOODS_3,1652,37,306161.65625,0.09130800035727749,mean_spl,0.12940919600087714
state_dept,5,M3_FullSkuTemporalCNN_Q,M3_FullSkuTemporalCNN,WI__HOBBIES_1,1652,38,88051.4921875,0.026260001917255325,mean_spl,0.14770121250598367
state_dept,5,M3_FullSkuTemporalCNN_Q,M3_FullSkuTemporalCNN,WI__HOBBIES_2,1652,39,4666.27001953125,0.0013916431921265863,mean_spl,0.9869546266129786
state_dept,5,M3_FullSkuTemporalCNN_Q,M3_FullSkuTemporalCNN,WI__HOUSEHOLD_1,1652,40,196633.984375,0.05864305849229085,mean_spl,0.19094596933732225
state_dept,5,M3_FullSkuTemporalCNN_Q,M3_FullSkuTemporalCNN,WI__HOUSEHOLD_2,1652,41,51619.12109375,0.015394608145906496,mean_spl,0.19990848845379847
state_dept,5,M3_FullSkuTemporalCNN_Q,M3_FullSkuTemporalCNN,CA__FOODS_1,1680,42,105849.15625,0.031748092149343536,mean_spl,0.16841553199660905
state_dept,5,M3_FullSkuTemporalCNN_Q,M3_FullSkuTemporalCNN,CA__FOODS_2,1680,43,180573.46875,0.054160687989438794,mean_spl,0.2589657803984087
state_dept,5,M3_FullSkuTemporalCNN_Q,M3_FullSkuTemporalCNN,CA__FOODS_3,1680,44,522227.15625,0.1566353145069555,mean_spl,0.17765038316202147
state_dept,5,M3_FullSkuTemporalCNN_Q,M3_FullSkuTemporalCNN,CA__HOBBIES_1,1680,45,204925.59375,0.061464794473824046,mean_spl,0.1446618723261449
state_dept,5,M3_FullSkuTemporalCNN_Q,M3_FullSkuTemporalCNN,CA__HOBBIES_2,1680,46,9495.8798828125,0.0028481669598441296,mean_spl,0.43181865397144104
state_dept,5,M3_FullSkuTemporalCNN_Q,M3_FullSkuTemporalCNN,CA__HOUSEHOLD_1,1680,47,386333.125,0.11587564877583854,mean_spl,0.15157377740500205
state_dept,5,M3_FullSkuTemporalCNN_Q,M3_FullSkuTemporalCNN,CA__HOUSEHOLD_2,1680,48,142584.140625,0.042766277937122975,mean_spl,0.1622101186861354
state_dept,5,M3_FullSkuTemporalCNN_Q,M3_FullSkuTemporalCNN,TX__FOODS_1,1680,49,58647.24609375,0.017590486681745305,mean_spl,0.25446185739175814
state_dept,5,M3_FullSkuTemporalCNN_Q,M3_FullSkuTemporalCNN,TX__FOODS_2,1680,50,116385.1484375,0.034908227408839414,mean_spl,0.21016215398281593
state_dept,5,M3_FullSkuTemporalCNN_Q,M3_FullSkuTemporalCNN,TX__FOODS_3,1680,51,292570.6875,0.08775281236072008,mean_spl,0.11739640434857845
state_dept,5,M3_FullSkuTemporalCNN_Q,M3_FullSkuTemporalCNN,TX__HOBBIES_1,1680,52,138358.875,0.04149896389164183,mean_spl,0.15698509741567554
state_dept,5,M3_FullSkuTemporalCNN_Q,M3_FullSkuTemporalCNN,TX__HOBBIES_2,1680,53,7358.69921875,0.0022071471249557294,mean_spl,0.6686049761328363
state_dept,5,M3_FullSkuTemporalCNN_Q,M3_FullSkuTemporalCNN,TX__HOUSEHOLD_1,1680,54,246249.609375,0.0738594011246769,mean_spl,0.12438489409056731
state_dept,5,M3_FullSkuTemporalCNN_Q,M3_FullSkuTemporalCNN,TX__HOUSEHOLD_2,1680,55,68115.1875,0.020430273855109857,mean_spl,0.1915539718730677
state_dept,5,M3_FullSkuTemporalCNN_Q,M3_FullSkuTemporalCNN,WI__FOODS_1,1680,56,66368.7265625,0.019906445373680852,mean_spl,0.1739643681635389
state_dept,5,M3_FullSkuTemporalCNN_Q,M3_FullSkuTemporalCNN,WI__FOODS_2,1680,57,154699.828125,0.04640022247508569,mean_spl,0.3449392310679549
state_dept,5,M3_FullSkuTemporalCNN_Q,M3_FullSkuTemporalCNN,WI__FOODS_3,1680,58,288137.90625,0.08642325667422511,mean_spl,0.10401228634915177
state_dept,5,M3_FullSkuTemporalCNN_Q,M3_FullSkuTemporalCNN,WI__HOBBIES_1,1680,59,88609.6953125,0.026577337711244195,mean_spl,0.13062189309620026
state_dept,5,M3_FullSkuTemporalCNN_Q,M3_FullSkuTemporalCNN,WI__HOBBIES_2,1680,60,5649.650390625,0.001694539924243725,mean_spl,1.0198817233263962
state_dept,5,M3_FullSkuTemporalCNN_Q,M3_FullSkuTemporalCNN,WI__HOUSEHOLD_1,1680,61,198324.921875,0.059485007894891535,mean_spl,0.22262749025917591
state_dept,5,M3_FullSkuTemporalCNN_Q,M3_FullSkuTemporalCNN,WI__HOUSEHOLD_2,1680,62,52567.33203125,0.015766894706572242,mean_spl,0.20205495563497097
state_dept,5,M3_FullSkuTemporalCNN_Q,M3_FullSkuTemporalCNN,CA__FOODS_1,1708,63,100270.671875,0.029837655447102953,mean_spl,0.1574887159118957
state_dept,5,M3_FullSkuTemporalCNN_Q,M3_FullSkuTemporalCNN,CA__FOODS_2,1708,64,192013.125,0.05713755934749999,mean_spl,0.2288565618234746
state_dept,5,M3_FullSkuTemporalCNN_Q,M3_FullSkuTemporalCNN,CA__FOODS_3,1708,65,536624.0,0.1596838010281476,mean_spl,0.11909399197303205
state_dept,5,M3_FullSkuTemporalCNN_Q,M3_FullSkuTemporalCNN,CA__HOBBIES_1,1708,66,201237.296875,0.05988240644031905,mean_spl,0.13521388592208697
state_dept,5,M3_FullSkuTemporalCNN_Q,M3_FullSkuTemporalCNN,CA__HOBBIES_2,1708,67,9113.939453125,0.0027120451083354393,mean_spl,0.6959762089145936
state_dept,5,M3_FullSkuTemporalCNN_Q,M3_FullSkuTemporalCNN,CA__HOUSEHOLD_1,1708,68,374403.46875,0.11141165696674632,mean_spl,0.12073630915272804
state_dept,5,M3_FullSkuTemporalCNN_Q,M3_FullSkuTemporalCNN,CA__HOUSEHOLD_2,1708,69,128293.203125,0.03817635126471463,mean_spl,0.17808593201901526
state_dept,5,M3_FullSkuTemporalCNN_Q,M3_FullSkuTemporalCNN,TX__FOODS_1,1708,70,61970.87890625,0.01844074341961048,mean_spl,0.19764084106090432
state_dept,5,M3_FullSkuTemporalCNN_Q,M3_FullSkuTemporalCNN,TX__FOODS_2,1708,71,124073.671875,0.03692074065364049,mean_spl,0.1703986157898677
state_dept,5,M3_FullSkuTemporalCNN_Q,M3_FullSkuTemporalCNN,TX__FOODS_3,1708,72,305109.125,0.09079166196139608,mean_spl,0.08778088947044516
state_dept,5,M3_FullSkuTemporalCNN_Q,M3_FullSkuTemporalCNN,TX__HOBBIES_1,1708,73,135840.265625,0.04042213905392457,mean_spl,0.1773693193090249
state_dept,5,M3_FullSkuTemporalCNN_Q,M3_FullSkuTemporalCNN,TX__HOBBIES_2,1708,74,7121.1904296875,0.0021190605631834724,mean_spl,0.5788395208807632
state_dept,5,M3_FullSkuTemporalCNN_Q,M3_FullSkuTemporalCNN,TX__HOUSEHOLD_1,1708,75,241073.09375,0.0717363888600118,mean_spl,0.1261294858266197
state_dept,5,M3_FullSkuTemporalCNN_Q,M3_FullSkuTemporalCNN,TX__HOUSEHOLD_2,1708,76,61093.55078125,0.018179675912848022,mean_spl,0.16593147643022602
state_dept,5,M3_FullSkuTemporalCNN_Q,M3_FullSkuTemporalCNN,WI__FOODS_1,1708,77,66279.75,0.019722938987438814,mean_spl,0.2336578988202832
state_dept,5,M3_FullSkuTemporalCNN_Q,M3_FullSkuTemporalCNN,WI__FOODS_2,1708,78,166701.859375,0.049605657859990875,mean_spl,0.5306383467675941
state_dept,5,M3_FullSkuTemporalCNN_Q,M3_FullSkuTemporalCNN,WI__FOODS_3,1708,79,309017.375,0.09195464426440203,mean_spl,0.09304637930530053
state_dept,5,M3_FullSkuTemporalCNN_Q,M3_FullSkuTemporalCNN,WI__HOBBIES_1,1708,80,89558.953125,0.026650157374813088,mean_spl,0.1599079436478183
state_dept,5,M3_FullSkuTemporalCNN_Q,M3_FullSkuTemporalCNN,WI__HOBBIES_2,1708,81,5060.5205078125,0.0015058647206766594,mean_spl,0.7486631293367164
state_dept,5,M3_FullSkuTemporalCNN_Q,M3_FullSkuTemporalCNN,WI__HOUSEHOLD_1,1708,82,200282.53125,0.05959829577048129,mean_spl,0.18308782668830442
state_dept,5,M3_FullSkuTemporalCNN_Q,M3_FullSkuTemporalCNN,WI__HOUSEHOLD_2,1708,83,45402.77734375,0.013510554994716343,mean_spl,0.17277054088653637
