
$ /root/miniconda3/bin/python /root/autodl-tmp/m5/scripts/warm_m5_cache.py --data-dir /root/autodl-tmp/m5/data --tasks store_dept,store_cat,state_dept --t-hist 56 --horizon 28 --valid-size 4 --test-size 4 --internal-valid-size 3 --gap 0 --min-train-origins 20 --min-final-train-origins 20 --sku-universe-mode history --store-sku-sample-frac 0.1 --store-sku-sample-seed 42 --holdout --cache-dir /root/autodl-tmp/m5/cache
Using cache directory: /root/autodl-tmp/m5/cache
[M5-PREP] Loading cached task package for task=store_dept...
[M5-PREP] Loaded cached task package for task=store_dept | stage 00:00 | total 00:00
[M5-PREP] Loading cached samples: task=store_dept split=final_train_samples...
[M5-PREP] Loaded cached samples: task=store_dept split=final_train_samples n=4060 | stage 00:01 | total 00:01
[M5-PREP] Loading cached samples: task=store_dept split=internal_valid_samples...
[M5-PREP] Loaded cached samples: task=store_dept split=internal_valid_samples n=210 | stage 00:00 | total 00:00
[M5-PREP] Loading cached samples: task=store_dept split=test_samples...
[M5-PREP] Loaded cached samples: task=store_dept split=test_samples n=280 | stage 00:00 | total 00:00
[M5-PREP] Loading cached item-store panel...
[M5-PREP] Loaded cached panel with shape=(5918109, 26) | stage 00:02 | total 00:02
[M5-PREP] Building fast task arrays for task=store_cat...
[M5-PREP] task=store_cat aggregate tensor build: 1/30 (  3.3%) | elapsed 00:05 | ETA 02:32
[M5-PREP] task=store_cat aggregate tensor build: 30/30 (100.0%) | elapsed 00:06 | ETA 00:00
[M5-PREP] Fast task arrays ready for task=store_cat with 30 aggregates | stage 00:06 | total 00:06
[M5-PREP] task=store_cat split=final_train_samples started...
[M5-PREP] task=store_cat split=final_train_samples: 1740/1740 (100.0%) | elapsed 00:00 | ETA 00:00
[M5-PREP] task=store_cat split=final_train_samples finished with 1740 samples | stage 00:00 | total 00:00
[M5-PREP] task=store_cat split=internal_valid_samples started...
[M5-PREP] task=store_cat split=internal_valid_samples: 90/90 (100.0%) | elapsed 00:00 | ETA 00:00
[M5-PREP] task=store_cat split=internal_valid_samples finished with 90 samples | stage 00:00 | total 00:00
[M5-PREP] task=store_cat split=test_samples started...
[M5-PREP] task=store_cat split=test_samples: 120/120 (100.0%) | elapsed 00:00 | ETA 00:00
[M5-PREP] task=store_cat split=test_samples finished with 120 samples | stage 00:00 | total 00:00
[M5-PREP] Loading cached item-store panel...
[M5-PREP] Loaded cached panel with shape=(5918109, 26) | stage 00:02 | total 00:02
[M5-PREP] Building fast task arrays for task=state_dept...
[M5-PREP] task=state_dept aggregate tensor build: 1/21 (  4.8%) | elapsed 00:07 | ETA 02:16
[M5-PREP] task=state_dept aggregate tensor build: 21/21 (100.0%) | elapsed 00:09 | ETA 00:00
[M5-PREP] Fast task arrays ready for task=state_dept with 21 aggregates | stage 00:09 | total 00:09
[M5-PREP] task=state_dept split=final_train_samples started...
[M5-PREP] task=state_dept split=final_train_samples: 1218/1218 (100.0%) | elapsed 00:00 | ETA 00:00
[M5-PREP] task=state_dept split=final_train_samples finished with 1218 samples | stage 00:00 | total 00:00
[M5-PREP] task=state_dept split=internal_valid_samples started...
[M5-PREP] task=state_dept split=internal_valid_samples: 63/63 (100.0%) | elapsed 00:00 | ETA 00:00
[M5-PREP] task=state_dept split=internal_valid_samples finished with 63 samples | stage 00:00 | total 00:00
[M5-PREP] task=state_dept split=test_samples started...
[M5-PREP] task=state_dept split=test_samples: 84/84 (100.0%) | elapsed 00:00 | ETA 00:00
[M5-PREP] task=state_dept split=test_samples finished with 84 samples | stage 00:00 | total 00:00
====================================================================================================
M5 EXPERIMENT SUMMARY
====================================================================================================

Task: store_dept
  # aggregate units: 70
  # child sku ids:    3049
  # time points:      1941
  sampled store-SKUs: frac=0.1 seed=42
  hist features:      ['sell_price', 'price_change_ratio', 'snap_flag', 'event_flag', 'wday', 'month']
  future features:    ['sell_price', 'price_change_ratio', 'snap_flag', 'event_flag', 'wday', 'month']
  final train samples: 4060
  internal valid samples: 210
  test samples: 280

Task: store_cat
  # aggregate units: 30
  # child sku ids:    3049
  # time points:      1941
  sampled store-SKUs: frac=0.1 seed=42
  hist features:      ['sell_price', 'price_change_ratio', 'snap_flag', 'event_flag', 'wday', 'month']
  future features:    ['sell_price', 'price_change_ratio', 'snap_flag', 'event_flag', 'wday', 'month']
  final train samples: 1740
  internal valid samples: 90
  test samples: 120

Task: state_dept
  # aggregate units: 21
  # child sku ids:    3049
  # time points:      1941
  sampled store-SKUs: frac=0.1 seed=42
  hist features:      ['sell_price', 'price_change_ratio', 'snap_flag', 'event_flag', 'wday', 'month']
  future features:    ['sell_price', 'price_change_ratio', 'snap_flag', 'event_flag', 'wday', 'month']
  final train samples: 1218
  internal valid samples: 63
  test samples: 84

Cache ready at: /root/autodl-tmp/m5/cache

$ /root/miniconda3/bin/python /root/autodl-tmp/m5/scripts/run_m5_proposed_models.py --data-dir /root/autodl-tmp/m5/data --output-dir /root/autodl-tmp/m5/work/holdout/00_sanity --mode holdout --tasks store_dept --model-names M3_FullSkuTemporalCNN,DeepSets,SetTransformer --epochs 6 --patience 3 --batch-size 16 --hidden-dim 64 --dropout 0.10 --cnn-num-blocks 3 --cnn-kernel-size 3 --quantiles '' --recent-window 14 --lag-windows 7,14,28,56 --stat-windows 7,28,56 --t-hist 56 --horizon 28 --valid-size 4 --test-size 4 --internal-valid-size 3 --gap 0 --min-train-origins 20 --min-final-train-origins 20 --sku-universe-mode history --store-sku-sample-frac 0.1 --store-sku-sample-seed 42 --cache-dir /root/autodl-tmp/m5/cache
Using cache directory: /root/autodl-tmp/m5/cache
Building/loading cached task artifacts lazily...

=== Proposed models on task: store_dept ===
[M5-PREP] Loading cached task package for task=store_dept...
[M5-PREP] Loaded cached task package for task=store_dept | stage 00:00 | total 00:00
[M5-PREP] Loading cached samples: task=store_dept split=final_train_samples...
[M5-PREP] Loaded cached samples: task=store_dept split=final_train_samples n=4060 | stage 00:01 | total 00:01
[M5-PREP] Loading cached samples: task=store_dept split=internal_valid_samples...
[M5-PREP] Loaded cached samples: task=store_dept split=internal_valid_samples n=210 | stage 00:00 | total 00:00
[M5-PREP] Loading cached samples: task=store_dept split=test_samples...
[M5-PREP] Loaded cached samples: task=store_dept split=test_samples n=280 | stage 00:00 | total 00:00
Task=store_dept Mode=holdout Model=M3_FullSkuTemporalCNN
Training samples: 4060 | Validation samples: 210
[Epoch 001] train=0.162791 valid=0.120087 lr=0.001 time=8.1s
[Epoch 002] train=0.122142 valid=0.229382 lr=0.001 time=7.1s
[Epoch 003] train=0.118918 valid=0.096591 lr=0.001 time=7.2s
[Epoch 004] train=0.114569 valid=0.087685 lr=0.001 time=7.1s
[Epoch 005] train=0.114729 valid=0.088186 lr=0.001 time=7.0s
[Epoch 006] train=0.100314 valid=0.086146 lr=0.001 time=6.8s
Task=store_dept Mode=holdout Model=DeepSets
Training samples: 4060 | Validation samples: 210
[Epoch 001] train=0.165047 valid=0.089830 lr=0.001 time=7.3s
[Epoch 002] train=0.121847 valid=0.095601 lr=0.001 time=7.6s
[Epoch 003] train=0.109899 valid=0.108201 lr=0.001 time=7.4s
[Epoch 004] train=0.110419 valid=0.091512 lr=0.0005 time=7.2s
Early stopping at epoch 4
Task=store_dept Mode=holdout Model=SetTransformer
Training samples: 4060 | Validation samples: 210
[Epoch 001] train=0.179331 valid=0.097021 lr=0.001 time=13.5s
[Epoch 002] train=0.125334 valid=0.115417 lr=0.001 time=13.5s
[Epoch 003] train=0.116705 valid=0.096392 lr=0.001 time=13.6s
[Epoch 004] train=0.109601 valid=0.094623 lr=0.001 time=13.5s
[Epoch 005] train=0.110144 valid=0.090972 lr=0.001 time=13.6s
[Epoch 006] train=0.102180 valid=0.083852 lr=0.001 time=13.6s

Proposed-model point summary:
         task                  model  wrmsse_mean  ...  wape_mean  wape_std  n_folds
0  store_dept               DeepSets     0.894908  ...   0.216968       NaN        1
1  store_dept  M3_FullSkuTemporalCNN     0.930035  ...   0.212686       NaN        1
2  store_dept         SetTransformer     0.839930  ...   0.185367       NaN        1

[3 rows x 7 columns]

Proposed-model main point table:
task                   store_dept      Mean
model                                      
SetTransformer           0.839930  0.839930
DeepSets                 0.894908  0.894908
M3_FullSkuTemporalCNN    0.930035  0.930035

Done. Outputs written to: /root/autodl-tmp/m5/work/holdout/00_sanity

$ /root/miniconda3/bin/python /root/autodl-tmp/m5/scripts/tune_m5_proposed_models.py --data-dir /root/autodl-tmp/m5/data --output-dir /root/autodl-tmp/m5/work/holdout/01_tuning/M3_FullSkuTemporalCNN --mode holdout --tasks store_dept,store_cat,state_dept --model-name M3_FullSkuTemporalCNN --recent-window 14 --lag-windows 7,14,28,56 --stat-windows 7,28,56 --stage1-n-trials 96 --stage1-train-frac 0.25 --stage1-epochs 8 --stage2-top-k 8 --stage2-train-frac 0.6 --stage2-epochs 16 --final-epochs 24 --final-patience 6 --t-hist 56 --horizon 28 --valid-size 4 --test-size 4 --internal-valid-size 3 --gap 0 --min-train-origins 20 --min-final-train-origins 20 --sku-universe-mode history --store-sku-sample-frac 0.1 --store-sku-sample-seed 42 --cache-dir /root/autodl-tmp/m5/cache
Using cache directory: /root/autodl-tmp/m5/cache
Building/loading cached experiment artifacts...
[M5-PREP] Loading cached task package for task=store_dept...
[M5-PREP] Loaded cached task package for task=store_dept | stage 00:00 | total 00:00
[M5-PREP] Loading cached samples: task=store_dept split=final_train_samples...
[M5-PREP] Loaded cached samples: task=store_dept split=final_train_samples n=4060 | stage 00:01 | total 00:01
[M5-PREP] Loading cached samples: task=store_dept split=internal_valid_samples...
[M5-PREP] Loaded cached samples: task=store_dept split=internal_valid_samples n=210 | stage 00:00 | total 00:00
[M5-PREP] Loading cached samples: task=store_dept split=test_samples...
[M5-PREP] Loaded cached samples: task=store_dept split=test_samples n=280 | stage 00:00 | total 00:00
[M5-PREP] Loading cached task package for task=store_cat...
[M5-PREP] Loaded cached task package for task=store_cat | stage 00:00 | total 00:00
[M5-PREP] Loading cached samples: task=store_cat split=final_train_samples...
[M5-PREP] Loaded cached samples: task=store_cat split=final_train_samples n=1740 | stage 00:00 | total 00:00
[M5-PREP] Loading cached samples: task=store_cat split=internal_valid_samples...
[M5-PREP] Loaded cached samples: task=store_cat split=internal_valid_samples n=90 | stage 00:00 | total 00:00
[M5-PREP] Loading cached samples: task=store_cat split=test_samples...
[M5-PREP] Loaded cached samples: task=store_cat split=test_samples n=120 | stage 00:00 | total 00:00
[M5-PREP] Loading cached task package for task=state_dept...
[M5-PREP] Loaded cached task package for task=state_dept | stage 00:00 | total 00:00
[M5-PREP] Loading cached samples: task=state_dept split=final_train_samples...
[M5-PREP] Loaded cached samples: task=state_dept split=final_train_samples n=1218 | stage 00:00 | total 00:00
[M5-PREP] Loading cached samples: task=state_dept split=internal_valid_samples...
[M5-PREP] Loaded cached samples: task=state_dept split=internal_valid_samples n=63 | stage 00:00 | total 00:00
[M5-PREP] Loading cached samples: task=state_dept split=test_samples...
[M5-PREP] Loaded cached samples: task=state_dept split=test_samples n=84 | stage 00:00 | total 00:00
[I 2026-04-25 13:21:26,687] A new study created in memory with name: m5_multistage_tuning
Training samples: 1015 | Validation samples: 210
[I 2026-04-25 13:21:44,894] Trial 0 finished with value: 0.9230461939361269 and parameters: {'hidden_dim': 96, 'dropout': 0.03900466011060913, 'lr': 0.0003051362379613694, 'weight_decay': 1.4347159517201402e-06, 'batch_size': 16, 'cnn_num_blocks': 3, 'cnn_kernel_size': 3}. Best is trial 0 with value: 0.9230461939361269.
Training samples: 1015 | Validation samples: 210
[I 2026-04-25 13:21:53,099] Trial 1 finished with value: 0.9754394804592366 and parameters: {'hidden_dim': 128, 'dropout': 0.07280728504951048, 'lr': 0.0010486361783805694, 'weight_decay': 2.379522116387725e-06, 'batch_size': 64, 'cnn_num_blocks': 2, 'cnn_kernel_size': 3}. Best is trial 0 with value: 0.9230461939361269.
Training samples: 1015 | Validation samples: 210
Early stopping at epoch 6
[I 2026-04-25 13:22:03,585] Trial 2 finished with value: 1.0262247325466414 and parameters: {'hidden_dim': 160, 'dropout': 0.24140800826863984, 'lr': 0.0017855789220062087, 'weight_decay': 6.639623079859462e-06, 'batch_size': 32, 'cnn_num_blocks': 3, 'cnn_kernel_size': 3}. Best is trial 0 with value: 0.9230461939361269.
Training samples: 1015 | Validation samples: 210
Early stopping at epoch 5
[I 2026-04-25 13:22:14,153] Trial 3 finished with value: 0.9942221829078465 and parameters: {'hidden_dim': 64, 'dropout': 0.04621361388138176, 'lr': 0.0027628035240548827, 'weight_decay': 0.0001236118879733733, 'batch_size': 16, 'cnn_num_blocks': 2, 'cnn_kernel_size': 5}. Best is trial 0 with value: 0.9230461939361269.
Training samples: 1015 | Validation samples: 210
Early stopping at epoch 8
[I 2026-04-25 13:22:22,374] Trial 4 finished with value: 0.9478637254080479 and parameters: {'hidden_dim': 128, 'dropout': 0.07023362742184519, 'lr': 0.0008695411021388597, 'weight_decay': 2.400768344815637e-06, 'batch_size': 64, 'cnn_num_blocks': 2, 'cnn_kernel_size': 3}. Best is trial 0 with value: 0.9230461939361269.
Training samples: 1015 | Validation samples: 210
Early stopping at epoch 4
[I 2026-04-25 13:22:31,358] Trial 5 finished with value: 0.9984044355726311 and parameters: {'hidden_dim': 96, 'dropout': 0.02896726488128243, 'lr': 0.002070705754931531, 'weight_decay': 4.811305657362578e-05, 'batch_size': 16, 'cnn_num_blocks': 3, 'cnn_kernel_size': 3}. Best is trial 0 with value: 0.9230461939361269.
Training samples: 1015 | Validation samples: 210
Early stopping at epoch 5
[I 2026-04-25 13:22:43,032] Trial 6 finished with value: 0.9547227438892397 and parameters: {'hidden_dim': 128, 'dropout': 0.19274179498864025, 'lr': 0.0007616907478441681, 'weight_decay': 2.5753735248615608e-05, 'batch_size': 16, 'cnn_num_blocks': 3, 'cnn_kernel_size': 5}. Best is trial 0 with value: 0.9230461939361269.
Training samples: 1015 | Validation samples: 210
Early stopping at epoch 7
[I 2026-04-25 13:22:57,324] Trial 7 finished with value: 0.9429012410256092 and parameters: {'hidden_dim': 128, 'dropout': 0.019244977457198248, 'lr': 0.00043833297869422467, 'weight_decay': 2.723525327483576e-06, 'batch_size': 16, 'cnn_num_blocks': 2, 'cnn_kernel_size': 3}. Best is trial 0 with value: 0.9230461939361269.
Training samples: 1015 | Validation samples: 210
[I 2026-04-25 13:23:12,631] Trial 8 pruned. Pruned at stage=stage1, task=store_dept, fold=0, epoch=8
Training samples: 1015 | Validation samples: 210
[I 2026-04-25 13:23:21,103] Trial 9 pruned. Pruned at stage=stage1, task=store_dept, fold=0, epoch=4
Training samples: 1015 | Validation samples: 210
[I 2026-04-25 13:23:32,447] Trial 10 pruned. Pruned at stage=stage1, task=store_dept, fold=0, epoch=8
Training samples: 1015 | Validation samples: 210
Early stopping at epoch 4
[I 2026-04-25 13:23:42,517] Trial 11 finished with value: 0.9746203622403966 and parameters: {'hidden_dim': 160, 'dropout': 0.008984633894981341, 'lr': 0.00028099057216246737, 'weight_decay': 9.474217871569528e-06, 'batch_size': 16, 'cnn_num_blocks': 4, 'cnn_kernel_size': 3}. Best is trial 0 with value: 0.9230461939361269.
Training samples: 1015 | Validation samples: 210
[I 2026-04-25 13:23:58,156] Trial 12 finished with value: 0.9386505486263971 and parameters: {'hidden_dim': 64, 'dropout': 0.1133938829967057, 'lr': 0.0003602856425489245, 'weight_decay': 1.0534129257463037e-06, 'batch_size': 16, 'cnn_num_blocks': 2, 'cnn_kernel_size': 3}. Best is trial 0 with value: 0.9230461939361269.
Training samples: 1015 | Validation samples: 210
[I 2026-04-25 13:24:06,101] Trial 13 pruned. Pruned at stage=stage1, task=store_dept, fold=0, epoch=7
Training samples: 1015 | Validation samples: 210
[I 2026-04-25 13:24:21,235] Trial 14 pruned. Pruned at stage=stage1, task=store_dept, fold=0, epoch=7
Training samples: 1015 | Validation samples: 210
[I 2026-04-25 13:24:24,583] Trial 15 pruned. Pruned at stage=stage1, task=store_dept, fold=0, epoch=4
Training samples: 1015 | Validation samples: 210
Early stopping at epoch 4
[I 2026-04-25 13:24:33,867] Trial 16 finished with value: 0.9744103253061963 and parameters: {'hidden_dim': 96, 'dropout': 0.15738509472127982, 'lr': 0.0005232437019153551, 'weight_decay': 5.473959123775359e-05, 'batch_size': 16, 'cnn_num_blocks': 3, 'cnn_kernel_size': 3}. Best is trial 0 with value: 0.9230461939361269.
Training samples: 1015 | Validation samples: 210
[I 2026-04-25 13:24:47,157] Trial 17 pruned. Pruned at stage=stage1, task=store_dept, fold=0, epoch=7
Training samples: 1015 | Validation samples: 210
[I 2026-04-25 13:24:52,292] Trial 18 pruned. Pruned at stage=stage1, task=store_dept, fold=0, epoch=4
Training samples: 1015 | Validation samples: 210
[I 2026-04-25 13:25:06,746] Trial 19 finished with value: 0.919549623261914 and parameters: {'hidden_dim': 160, 'dropout': 0.19445378661437207, 'lr': 0.0002795148044484119, 'weight_decay': 1.952365796638203e-06, 'batch_size': 32, 'cnn_num_blocks': 4, 'cnn_kernel_size': 3}. Best is trial 19 with value: 0.919549623261914.
Training samples: 1015 | Validation samples: 210
[I 2026-04-25 13:25:17,947] Trial 20 pruned. Pruned at stage=stage1, task=store_dept, fold=0, epoch=7
Training samples: 1015 | Validation samples: 210
Early stopping at epoch 6
[I 2026-04-25 13:25:28,178] Trial 21 finished with value: 0.9498455162395368 and parameters: {'hidden_dim': 160, 'dropout': 0.20468920952053227, 'lr': 0.000372019852201129, 'weight_decay': 1.786226828557837e-06, 'batch_size': 32, 'cnn_num_blocks': 4, 'cnn_kernel_size': 3}. Best is trial 19 with value: 0.919549623261914.
Training samples: 1015 | Validation samples: 210
[I 2026-04-25 13:25:41,473] Trial 22 finished with value: 0.9206190473313912 and parameters: {'hidden_dim': 160, 'dropout': 0.14415110143087645, 'lr': 0.0005291678444321827, 'weight_decay': 1.629196862703027e-06, 'batch_size': 32, 'cnn_num_blocks': 4, 'cnn_kernel_size': 3}. Best is trial 19 with value: 0.919549623261914.
Training samples: 1015 | Validation samples: 210
[I 2026-04-25 13:25:52,746] Trial 23 pruned. Pruned at stage=stage1, task=store_dept, fold=0, epoch=7
Training samples: 1015 | Validation samples: 210
[I 2026-04-25 13:26:03,982] Trial 24 pruned. Pruned at stage=stage1, task=store_dept, fold=0, epoch=7
Training samples: 1015 | Validation samples: 210
[I 2026-04-25 13:26:10,515] Trial 25 pruned. Pruned at stage=stage1, task=store_dept, fold=0, epoch=4
Training samples: 1015 | Validation samples: 210
[I 2026-04-25 13:26:25,257] Trial 26 finished with value: 0.9209670615511166 and parameters: {'hidden_dim': 160, 'dropout': 0.2214786548746336, 'lr': 0.0007053613860596606, 'weight_decay': 1.7023543089690807e-06, 'batch_size': 32, 'cnn_num_blocks': 4, 'cnn_kernel_size': 5}. Best is trial 19 with value: 0.919549623261914.
Training samples: 1015 | Validation samples: 210
[I 2026-04-25 13:26:38,546] Trial 27 pruned. Pruned at stage=stage1, task=store_dept, fold=0, epoch=7
Training samples: 1015 | Validation samples: 210
[I 2026-04-25 13:26:51,300] Trial 28 pruned. Pruned at stage=stage1, task=store_dept, fold=0, epoch=7
Training samples: 1015 | Validation samples: 210
[I 2026-04-25 13:27:05,937] Trial 29 finished with value: 0.9548448613380275 and parameters: {'hidden_dim': 160, 'dropout': 0.17792794772726328, 'lr': 0.001108587331426905, 'weight_decay': 1.671755584529444e-06, 'batch_size': 32, 'cnn_num_blocks': 4, 'cnn_kernel_size': 5}. Best is trial 19 with value: 0.919549623261914.
Training samples: 1015 | Validation samples: 210
[I 2026-04-25 13:27:13,192] Trial 30 pruned. Pruned at stage=stage1, task=store_dept, fold=0, epoch=4
Training samples: 1015 | Validation samples: 210
Early stopping at epoch 6
[I 2026-04-25 13:27:21,463] Trial 31 finished with value: 0.966758642061155 and parameters: {'hidden_dim': 96, 'dropout': 0.2072508441853617, 'lr': 0.00090515224403786, 'weight_decay': 1.8526650922813533e-06, 'batch_size': 32, 'cnn_num_blocks': 4, 'cnn_kernel_size': 3}. Best is trial 19 with value: 0.919549623261914.
Training samples: 1015 | Validation samples: 210
[I 2026-04-25 13:27:36,638] Trial 32 finished with value: 0.94583945505936 and parameters: {'hidden_dim': 160, 'dropout': 0.2204505141242903, 'lr': 0.0006579680176159484, 'weight_decay': 2.6289931884500316e-06, 'batch_size': 32, 'cnn_num_blocks': 4, 'cnn_kernel_size': 5}. Best is trial 19 with value: 0.919549623261914.
Training samples: 1015 | Validation samples: 210
[I 2026-04-25 13:27:46,662] Trial 33 pruned. Pruned at stage=stage1, task=store_dept, fold=0, epoch=7
Training samples: 1015 | Validation samples: 210
[I 2026-04-25 13:27:58,024] Trial 34 pruned. Pruned at stage=stage1, task=store_dept, fold=0, epoch=7
Training samples: 1015 | Validation samples: 210
Early stopping at epoch 8
[I 2026-04-25 13:28:08,159] Trial 35 finished with value: 0.9311572440890586 and parameters: {'hidden_dim': 96, 'dropout': 0.14377340424617568, 'lr': 0.0004317714269667739, 'weight_decay': 2.5569484957908534e-06, 'batch_size': 32, 'cnn_num_blocks': 3, 'cnn_kernel_size': 5}. Best is trial 19 with value: 0.919549623261914.
Training samples: 1015 | Validation samples: 210
[I 2026-04-25 13:28:22,308] Trial 36 finished with value: 0.9404520666788487 and parameters: {'hidden_dim': 160, 'dropout': 0.0710205331851152, 'lr': 0.0009186086281055406, 'weight_decay': 1.438208471622791e-06, 'batch_size': 64, 'cnn_num_blocks': 4, 'cnn_kernel_size': 3}. Best is trial 19 with value: 0.919549623261914.
Training samples: 1015 | Validation samples: 210
[I 2026-04-25 13:28:29,422] Trial 37 pruned. Pruned at stage=stage1, task=store_dept, fold=0, epoch=7
Training samples: 1015 | Validation samples: 210
[I 2026-04-25 13:28:34,641] Trial 38 pruned. Pruned at stage=stage1, task=store_dept, fold=0, epoch=4
Training samples: 1015 | Validation samples: 210
Early stopping at epoch 6
[I 2026-04-25 13:28:44,138] Trial 39 finished with value: 0.9514372442995683 and parameters: {'hidden_dim': 160, 'dropout': 0.04255858672722526, 'lr': 0.000755801466384615, 'weight_decay': 4.1860732260358044e-05, 'batch_size': 64, 'cnn_num_blocks': 3, 'cnn_kernel_size': 3}. Best is trial 19 with value: 0.919549623261914.
Training samples: 1015 | Validation samples: 210
[I 2026-04-25 13:28:53,111] Trial 40 pruned. Pruned at stage=stage1, task=store_dept, fold=0, epoch=4
Training samples: 1015 | Validation samples: 210
[I 2026-04-25 13:29:02,638] Trial 41 pruned. Pruned at stage=stage1, task=store_dept, fold=0, epoch=7
Training samples: 1015 | Validation samples: 210
Early stopping at epoch 8
[I 2026-04-25 13:29:11,920] Trial 42 finished with value: 0.9407304585143637 and parameters: {'hidden_dim': 96, 'dropout': 0.15178217027535515, 'lr': 0.00025187793321253266, 'weight_decay': 1.4031701757685804e-06, 'batch_size': 32, 'cnn_num_blocks': 3, 'cnn_kernel_size': 5}. Best is trial 19 with value: 0.919549623261914.
Training samples: 1015 | Validation samples: 210
[I 2026-04-25 13:29:21,205] Trial 43 finished with value: 0.9379601049793708 and parameters: {'hidden_dim': 96, 'dropout': 0.2320681867993078, 'lr': 0.0003074623573108354, 'weight_decay': 2.657435185106353e-06, 'batch_size': 32, 'cnn_num_blocks': 3, 'cnn_kernel_size': 5}. Best is trial 19 with value: 0.919549623261914.
Training samples: 1015 | Validation samples: 210
[I 2026-04-25 13:29:28,962] Trial 44 pruned. Pruned at stage=stage1, task=store_dept, fold=0, epoch=7
Training samples: 1015 | Validation samples: 210
Early stopping at epoch 6
[I 2026-04-25 13:29:41,061] Trial 45 finished with value: 0.9282758718944889 and parameters: {'hidden_dim': 96, 'dropout': 0.12644809867803886, 'lr': 0.0006991303463747705, 'weight_decay': 2.327708856724903e-06, 'batch_size': 16, 'cnn_num_blocks': 3, 'cnn_kernel_size': 5}. Best is trial 19 with value: 0.919549623261914.
Training samples: 1015 | Validation samples: 210
[I 2026-04-25 13:29:53,541] Trial 46 pruned. Pruned at stage=stage1, task=store_dept, fold=0, epoch=7
Training samples: 1015 | Validation samples: 210
[I 2026-04-25 13:30:09,635] Trial 47 finished with value: 0.9397140113083083 and parameters: {'hidden_dim': 128, 'dropout': 0.07925419113352505, 'lr': 0.0009839180221137545, 'weight_decay': 2.161343452555165e-06, 'batch_size': 16, 'cnn_num_blocks': 3, 'cnn_kernel_size': 5}. Best is trial 19 with value: 0.919549623261914.
Training samples: 1015 | Validation samples: 210
[I 2026-04-25 13:30:26,842] Trial 48 finished with value: 0.9122741454277611 and parameters: {'hidden_dim': 160, 'dropout': 0.022338396946090466, 'lr': 0.0013514549974187528, 'weight_decay': 1.0294124411665012e-06, 'batch_size': 16, 'cnn_num_blocks': 3, 'cnn_kernel_size': 3}. Best is trial 48 with value: 0.9122741454277611.
Training samples: 1015 | Validation samples: 210
[I 2026-04-25 13:30:38,877] Trial 49 pruned. Pruned at stage=stage1, task=store_dept, fold=0, epoch=6
Training samples: 1015 | Validation samples: 210
[I 2026-04-25 13:30:48,117] Trial 50 pruned. Pruned at stage=stage1, task=store_dept, fold=0, epoch=4
Training samples: 1015 | Validation samples: 210
[I 2026-04-25 13:31:06,056] Trial 51 finished with value: 0.9292894930432251 and parameters: {'hidden_dim': 160, 'dropout': 0.019510798073561486, 'lr': 0.0012385429510085348, 'weight_decay': 3.0347206618881024e-06, 'batch_size': 16, 'cnn_num_blocks': 3, 'cnn_kernel_size': 3}. Best is trial 48 with value: 0.9122741454277611.
Training samples: 1015 | Validation samples: 210
[I 2026-04-25 13:31:23,971] Trial 52 finished with value: 0.9255974353342066 and parameters: {'hidden_dim': 160, 'dropout': 0.05098186581234786, 'lr': 0.0005606500694593768, 'weight_decay': 1.007820901608471e-06, 'batch_size': 16, 'cnn_num_blocks': 3, 'cnn_kernel_size': 3}. Best is trial 48 with value: 0.9122741454277611.
Training samples: 1015 | Validation samples: 210
Early stopping at epoch 8
[I 2026-04-25 13:31:41,732] Trial 53 finished with value: 0.9273803180582755 and parameters: {'hidden_dim': 160, 'dropout': 0.036138909922185165, 'lr': 0.0005714084139887644, 'weight_decay': 1.2002930103263322e-06, 'batch_size': 16, 'cnn_num_blocks': 3, 'cnn_kernel_size': 3}. Best is trial 48 with value: 0.9122741454277611.
Training samples: 1015 | Validation samples: 210
Early stopping at epoch 7
[I 2026-04-25 13:31:57,394] Trial 54 finished with value: 0.9184819132877227 and parameters: {'hidden_dim': 160, 'dropout': 0.05837114671865981, 'lr': 0.0014518645724315299, 'weight_decay': 1.700309566926663e-06, 'batch_size': 16, 'cnn_num_blocks': 3, 'cnn_kernel_size': 3}. Best is trial 48 with value: 0.9122741454277611.
Training samples: 1015 | Validation samples: 210
[I 2026-04-25 13:32:15,193] Trial 55 finished with value: 0.9128684680881166 and parameters: {'hidden_dim': 160, 'dropout': 0.018718023502549624, 'lr': 0.001745867370020516, 'weight_decay': 1.8480938282884609e-06, 'batch_size': 16, 'cnn_num_blocks': 3, 'cnn_kernel_size': 3}. Best is trial 48 with value: 0.9122741454277611.
Training samples: 1015 | Validation samples: 210
Early stopping at epoch 6
[I 2026-04-25 13:32:28,692] Trial 56 finished with value: 0.9423582916888521 and parameters: {'hidden_dim': 160, 'dropout': 0.0017648552880163947, 'lr': 0.00210570359054155, 'weight_decay': 0.00017035588303278393, 'batch_size': 16, 'cnn_num_blocks': 3, 'cnn_kernel_size': 3}. Best is trial 48 with value: 0.9122741454277611.
Training samples: 1015 | Validation samples: 210
[I 2026-04-25 13:32:47,081] Trial 57 finished with value: 0.9458807842444893 and parameters: {'hidden_dim': 160, 'dropout': 0.019572598789387316, 'lr': 0.00153658647747905, 'weight_decay': 1.7790838980639623e-06, 'batch_size': 16, 'cnn_num_blocks': 4, 'cnn_kernel_size': 3}. Best is trial 48 with value: 0.9122741454277611.
Training samples: 1015 | Validation samples: 210
[I 2026-04-25 13:32:55,987] Trial 58 pruned. Pruned at stage=stage1, task=store_dept, fold=0, epoch=4
Training samples: 1015 | Validation samples: 210
[I 2026-04-25 13:33:14,154] Trial 59 finished with value: 0.9232685797011291 and parameters: {'hidden_dim': 64, 'dropout': 0.030708197853106252, 'lr': 0.0013702551213977206, 'weight_decay': 4.030793025746539e-06, 'batch_size': 16, 'cnn_num_blocks': 4, 'cnn_kernel_size': 3}. Best is trial 48 with value: 0.9122741454277611.
Training samples: 1015 | Validation samples: 210
[I 2026-04-25 13:33:20,642] Trial 60 pruned. Pruned at stage=stage1, task=store_dept, fold=0, epoch=4
Training samples: 1015 | Validation samples: 210
[I 2026-04-25 13:33:35,462] Trial 61 pruned. Pruned at stage=stage1, task=store_dept, fold=0, epoch=7
Training samples: 1015 | Validation samples: 210
[I 2026-04-25 13:33:53,430] Trial 62 finished with value: 0.9129930454476601 and parameters: {'hidden_dim': 160, 'dropout': 0.027253104339686005, 'lr': 0.0002212762869084367, 'weight_decay': 1.2408441289871888e-06, 'batch_size': 16, 'cnn_num_blocks': 3, 'cnn_kernel_size': 3}. Best is trial 48 with value: 0.9122741454277611.
Training samples: 1015 | Validation samples: 210
[I 2026-04-25 13:34:06,399] Trial 63 pruned. Pruned at stage=stage1, task=store_dept, fold=0, epoch=6
Training samples: 1015 | Validation samples: 210
[I 2026-04-25 13:34:23,029] Trial 64 finished with value: 0.8976331498698426 and parameters: {'hidden_dim': 160, 'dropout': 0.008832545464488084, 'lr': 0.001913341572880058, 'weight_decay': 3.170937618819265e-06, 'batch_size': 16, 'cnn_num_blocks': 2, 'cnn_kernel_size': 3}. Best is trial 64 with value: 0.8976331498698426.
Training samples: 1015 | Validation samples: 210
[I 2026-04-25 13:34:31,334] Trial 65 pruned. Pruned at stage=stage1, task=store_dept, fold=0, epoch=4
Training samples: 1015 | Validation samples: 210
[I 2026-04-25 13:34:48,321] Trial 66 finished with value: 0.9337855309009276 and parameters: {'hidden_dim': 160, 'dropout': 0.01878329575609434, 'lr': 0.001986948669974921, 'weight_decay': 1.179017965343917e-06, 'batch_size': 16, 'cnn_num_blocks': 2, 'cnn_kernel_size': 3}. Best is trial 64 with value: 0.8976331498698426.
Training samples: 1015 | Validation samples: 210
[I 2026-04-25 13:34:58,483] Trial 67 pruned. Pruned at stage=stage1, task=store_dept, fold=0, epoch=5
Training samples: 1015 | Validation samples: 210
[I 2026-04-25 13:35:06,643] Trial 68 pruned. Pruned at stage=stage1, task=store_dept, fold=0, epoch=4
Training samples: 1015 | Validation samples: 210
[I 2026-04-25 13:35:14,684] Trial 69 pruned. Pruned at stage=stage1, task=store_dept, fold=0, epoch=4
Training samples: 1015 | Validation samples: 210
[I 2026-04-25 13:35:32,640] Trial 70 finished with value: 0.9259878941713359 and parameters: {'hidden_dim': 160, 'dropout': 0.03662493085487962, 'lr': 0.0012648413175526984, 'weight_decay': 1.520251500784334e-06, 'batch_size': 16, 'cnn_num_blocks': 3, 'cnn_kernel_size': 3}. Best is trial 64 with value: 0.8976331498698426.
Training samples: 1015 | Validation samples: 210
[I 2026-04-25 13:35:46,897] Trial 71 finished with value: 0.946499373586492 and parameters: {'hidden_dim': 160, 'dropout': 0.2176206797998797, 'lr': 0.001564967548113015, 'weight_decay': 1.7520036906188081e-06, 'batch_size': 32, 'cnn_num_blocks': 4, 'cnn_kernel_size': 3}. Best is trial 64 with value: 0.8976331498698426.
Training samples: 1015 | Validation samples: 210
[I 2026-04-25 13:35:55,802] Trial 72 pruned. Pruned at stage=stage1, task=store_dept, fold=0, epoch=4
Training samples: 1015 | Validation samples: 210
[I 2026-04-25 13:36:02,759] Trial 73 pruned. Pruned at stage=stage1, task=store_dept, fold=0, epoch=4
Training samples: 1015 | Validation samples: 210
Early stopping at epoch 8
[I 2026-04-25 13:36:16,339] Trial 74 finished with value: 0.948728830857683 and parameters: {'hidden_dim': 160, 'dropout': 0.21232218153506682, 'lr': 0.0008442031533191256, 'weight_decay': 1.7712710282140402e-06, 'batch_size': 32, 'cnn_num_blocks': 4, 'cnn_kernel_size': 3}. Best is trial 64 with value: 0.8976331498698426.
Training samples: 1015 | Validation samples: 210
[I 2026-04-25 13:36:29,738] Trial 75 pruned. Pruned at stage=stage1, task=store_dept, fold=0, epoch=6
Training samples: 1015 | Validation samples: 210
[I 2026-04-25 13:36:36,496] Trial 76 pruned. Pruned at stage=stage1, task=store_dept, fold=0, epoch=4
Training samples: 1015 | Validation samples: 210
Early stopping at epoch 7
[I 2026-04-25 13:36:44,289] Trial 77 finished with value: 0.9352618585282553 and parameters: {'hidden_dim': 128, 'dropout': 0.013301212169100865, 'lr': 0.001141489083065948, 'weight_decay': 9.947170674261408e-05, 'batch_size': 32, 'cnn_num_blocks': 2, 'cnn_kernel_size': 3}. Best is trial 64 with value: 0.8976331498698426.
Training samples: 1015 | Validation samples: 210
Early stopping at epoch 7
[I 2026-04-25 13:36:59,817] Trial 78 finished with value: 0.9330982298710699 and parameters: {'hidden_dim': 160, 'dropout': 0.04669929196650672, 'lr': 0.0008266684167425305, 'weight_decay': 1.0066219288161499e-06, 'batch_size': 16, 'cnn_num_blocks': 4, 'cnn_kernel_size': 3}. Best is trial 64 with value: 0.8976331498698426.
Training samples: 1015 | Validation samples: 210
[I 2026-04-25 13:37:12,376] Trial 79 finished with value: 0.9369267394221197 and parameters: {'hidden_dim': 160, 'dropout': 0.03481267965942805, 'lr': 0.0018787180716181321, 'weight_decay': 0.0004893464844106012, 'batch_size': 32, 'cnn_num_blocks': 3, 'cnn_kernel_size': 3}. Best is trial 64 with value: 0.8976331498698426.
Training samples: 1015 | Validation samples: 210
[I 2026-04-25 13:37:22,320] Trial 80 pruned. Pruned at stage=stage1, task=store_dept, fold=0, epoch=5
Training samples: 1015 | Validation samples: 210
[I 2026-04-25 13:37:33,717] Trial 81 pruned. Pruned at stage=stage1, task=store_dept, fold=0, epoch=6
Training samples: 1015 | Validation samples: 210
[I 2026-04-25 13:37:46,303] Trial 82 pruned. Pruned at stage=stage1, task=store_dept, fold=0, epoch=6
Training samples: 1015 | Validation samples: 210
Early stopping at epoch 7
[I 2026-04-25 13:38:02,208] Trial 83 finished with value: 0.9416246881438295 and parameters: {'hidden_dim': 160, 'dropout': 0.04121174180300432, 'lr': 0.0002025824301127288, 'weight_decay': 1.4144852860329565e-06, 'batch_size': 16, 'cnn_num_blocks': 3, 'cnn_kernel_size': 3}. Best is trial 64 with value: 0.8976331498698426.
Training samples: 1015 | Validation samples: 210
[I 2026-04-25 13:38:09,221] Trial 84 pruned. Pruned at stage=stage1, task=store_dept, fold=0, epoch=5
Training samples: 1015 | Validation samples: 210
[I 2026-04-25 13:38:18,079] Trial 85 pruned. Pruned at stage=stage1, task=store_dept, fold=0, epoch=4
Training samples: 1015 | Validation samples: 210
[I 2026-04-25 13:38:26,267] Trial 86 pruned. Pruned at stage=stage1, task=store_dept, fold=0, epoch=6
Training samples: 1015 | Validation samples: 210
[I 2026-04-25 13:38:39,829] Trial 87 pruned. Pruned at stage=stage1, task=store_dept, fold=0, epoch=6
Training samples: 1015 | Validation samples: 210
[I 2026-04-25 13:38:50,843] Trial 88 finished with value: 0.9446716791838984 and parameters: {'hidden_dim': 160, 'dropout': 0.23275422201249296, 'lr': 0.0023624974577300404, 'weight_decay': 2.023506730971007e-06, 'batch_size': 64, 'cnn_num_blocks': 2, 'cnn_kernel_size': 3}. Best is trial 64 with value: 0.8976331498698426.
Training samples: 1015 | Validation samples: 210
Early stopping at epoch 5
[I 2026-04-25 13:39:02,167] Trial 89 finished with value: 0.9362362607575978 and parameters: {'hidden_dim': 160, 'dropout': 0.0048684890032506985, 'lr': 0.0021941232697651196, 'weight_decay': 2.9129144556072414e-06, 'batch_size': 16, 'cnn_num_blocks': 3, 'cnn_kernel_size': 3}. Best is trial 64 with value: 0.8976331498698426.
Training samples: 1015 | Validation samples: 210
[I 2026-04-25 13:39:08,234] Trial 90 pruned. Pruned at stage=stage1, task=store_dept, fold=0, epoch=4
Training samples: 1015 | Validation samples: 210
[I 2026-04-25 13:39:26,245] Trial 91 finished with value: 0.9310023342895314 and parameters: {'hidden_dim': 64, 'dropout': 0.032761994087480574, 'lr': 0.0014320270508112417, 'weight_decay': 1.5193879514904001e-06, 'batch_size': 16, 'cnn_num_blocks': 4, 'cnn_kernel_size': 3}. Best is trial 64 with value: 0.8976331498698426.
Training samples: 1015 | Validation samples: 210
[I 2026-04-25 13:39:37,431] Trial 92 pruned. Pruned at stage=stage1, task=store_dept, fold=0, epoch=5
Training samples: 1015 | Validation samples: 210
[I 2026-04-25 13:39:55,259] Trial 93 pruned. Pruned at stage=stage1, task=store_dept, fold=0, epoch=8
Training samples: 1015 | Validation samples: 210
[I 2026-04-25 13:40:04,436] Trial 94 pruned. Pruned at stage=stage1, task=store_dept, fold=0, epoch=4
Training samples: 1015 | Validation samples: 210
[I 2026-04-25 13:40:22,484] Trial 95 finished with value: 0.9373659207037068 and parameters: {'hidden_dim': 64, 'dropout': 0.1995831538222091, 'lr': 0.0019004287609889882, 'weight_decay': 1.2780172675225396e-06, 'batch_size': 16, 'cnn_num_blocks': 4, 'cnn_kernel_size': 3}. Best is trial 64 with value: 0.8976331498698426.
Training samples: 2436 | Validation samples: 210
Early stopping at epoch 16
Training samples: 1044 | Validation samples: 90
Early stopping at epoch 16
Training samples: 731 | Validation samples: 63
Training samples: 2436 | Validation samples: 210
Early stopping at epoch 7
Training samples: 1044 | Validation samples: 90
Early stopping at epoch 16
Training samples: 731 | Validation samples: 63
Training samples: 2436 | Validation samples: 210
Training samples: 1044 | Validation samples: 90
Training samples: 731 | Validation samples: 63
Early stopping at epoch 15
Training samples: 2436 | Validation samples: 210
Training samples: 1044 | Validation samples: 90
Training samples: 731 | Validation samples: 63
Training samples: 2436 | Validation samples: 210
Training samples: 1044 | Validation samples: 90
Early stopping at epoch 11
Training samples: 731 | Validation samples: 63
Training samples: 2436 | Validation samples: 210
Early stopping at epoch 14
Training samples: 1044 | Validation samples: 90
Training samples: 731 | Validation samples: 63
Training samples: 2436 | Validation samples: 210
Early stopping at epoch 10
Training samples: 1044 | Validation samples: 90
Early stopping at epoch 8
Training samples: 731 | Validation samples: 63
Early stopping at epoch 13
Training samples: 2436 | Validation samples: 210
Early stopping at epoch 12
Training samples: 1044 | Validation samples: 90
Early stopping at epoch 12
Training samples: 731 | Validation samples: 63
Early stopping at epoch 11
Training samples: 4060 | Validation samples: 210
Early stopping at epoch 19
Training samples: 1740 | Validation samples: 90
Early stopping at epoch 22
Training samples: 1218 | Validation samples: 63
Early stopping at epoch 21
Multistage tuning summary:
{'stage1_trials_csv': '/root/autodl-tmp/m5/work/holdout/01_tuning/M3_FullSkuTemporalCNN/stage1_trials.csv', 'stage2_confirmation_csv': '/root/autodl-tmp/m5/work/holdout/01_tuning/M3_FullSkuTemporalCNN/stage2_confirmation.csv', 'best_params_json': '/root/autodl-tmp/m5/work/holdout/01_tuning/M3_FullSkuTemporalCNN/best_params.json', 'best_params': {'model_name': 'SkuTemporalCNN', 'hidden_dim': 160, 'dropout': 0.018718023502549624, 'lr': 0.001745867370020516, 'weight_decay': 1.8480938282884609e-06, 'batch_size': 16, 'cnn_num_blocks': 3, 'cnn_kernel_size': 3, 'recent_window': 14, 'lag_windows': [7, 14, 28, 56], 'stat_windows': [7, 28, 56], 'epochs': 24, 'patience': 6, 'use_permreg': False, 'stage1_objective': 0.9128684680881166, 'stage2_objective': 0.8624739370110478, 'trial_number': 55}, 'final_retrain_results_csv': '/root/autodl-tmp/m5/work/holdout/01_tuning/M3_FullSkuTemporalCNN/final_retrain_results.csv', 'final_mean_metric': 0.7962714296323018}

$ /root/miniconda3/bin/python /root/autodl-tmp/m5/scripts/tune_m5_proposed_models.py --data-dir /root/autodl-tmp/m5/data --output-dir /root/autodl-tmp/m5/work/holdout/01_tuning/DeepSets --mode holdout --tasks store_dept,store_cat,state_dept --model-name DeepSets --recent-window 14 --lag-windows 7,14,28,56 --stat-windows 7,28,56 --stage1-n-trials 96 --stage1-train-frac 0.25 --stage1-epochs 8 --stage2-top-k 8 --stage2-train-frac 0.6 --stage2-epochs 16 --final-epochs 24 --final-patience 6 --t-hist 56 --horizon 28 --valid-size 4 --test-size 4 --internal-valid-size 3 --gap 0 --min-train-origins 20 --min-final-train-origins 20 --sku-universe-mode history --store-sku-sample-frac 0.1 --store-sku-sample-seed 42 --cache-dir /root/autodl-tmp/m5/cache
Using cache directory: /root/autodl-tmp/m5/cache
Building/loading cached experiment artifacts...
[M5-PREP] Loading cached task package for task=store_dept...
[M5-PREP] Loaded cached task package for task=store_dept | stage 00:00 | total 00:00
[M5-PREP] Loading cached samples: task=store_dept split=final_train_samples...
[M5-PREP] Loaded cached samples: task=store_dept split=final_train_samples n=4060 | stage 00:01 | total 00:01
[M5-PREP] Loading cached samples: task=store_dept split=internal_valid_samples...
[M5-PREP] Loaded cached samples: task=store_dept split=internal_valid_samples n=210 | stage 00:00 | total 00:00
[M5-PREP] Loading cached samples: task=store_dept split=test_samples...
[M5-PREP] Loaded cached samples: task=store_dept split=test_samples n=280 | stage 00:00 | total 00:00
[M5-PREP] Loading cached task package for task=store_cat...
[M5-PREP] Loaded cached task package for task=store_cat | stage 00:00 | total 00:00
[M5-PREP] Loading cached samples: task=store_cat split=final_train_samples...
[M5-PREP] Loaded cached samples: task=store_cat split=final_train_samples n=1740 | stage 00:00 | total 00:00
[M5-PREP] Loading cached samples: task=store_cat split=internal_valid_samples...
[M5-PREP] Loaded cached samples: task=store_cat split=internal_valid_samples n=90 | stage 00:00 | total 00:00
[M5-PREP] Loading cached samples: task=store_cat split=test_samples...
[M5-PREP] Loaded cached samples: task=store_cat split=test_samples n=120 | stage 00:00 | total 00:00
[M5-PREP] Loading cached task package for task=state_dept...
[M5-PREP] Loaded cached task package for task=state_dept | stage 00:00 | total 00:00
[M5-PREP] Loading cached samples: task=state_dept split=final_train_samples...
[M5-PREP] Loaded cached samples: task=state_dept split=final_train_samples n=1218 | stage 00:00 | total 00:00
[M5-PREP] Loading cached samples: task=state_dept split=internal_valid_samples...
[M5-PREP] Loaded cached samples: task=state_dept split=internal_valid_samples n=63 | stage 00:00 | total 00:00
[M5-PREP] Loading cached samples: task=state_dept split=test_samples...
[M5-PREP] Loaded cached samples: task=state_dept split=test_samples n=84 | stage 00:00 | total 00:00
[I 2026-04-25 14:05:34,592] A new study created in memory with name: m5_multistage_tuning
Training samples: 1015 | Validation samples: 210
[I 2026-04-25 14:05:52,632] Trial 0 finished with value: 0.9235898400683137 and parameters: {'hidden_dim': 96, 'dropout': 0.03900466011060913, 'lr': 0.0003051362379613694, 'weight_decay': 1.4347159517201402e-06, 'batch_size': 16, 'cnn_num_blocks': 3, 'cnn_kernel_size': 3}. Best is trial 0 with value: 0.9235898400683137.
Training samples: 1015 | Validation samples: 210
[I 2026-04-25 14:06:00,861] Trial 1 finished with value: 0.9315047468396503 and parameters: {'hidden_dim': 128, 'dropout': 0.07280728504951048, 'lr': 0.0010486361783805694, 'weight_decay': 2.379522116387725e-06, 'batch_size': 64, 'cnn_num_blocks': 2, 'cnn_kernel_size': 3}. Best is trial 0 with value: 0.9235898400683137.
Training samples: 1015 | Validation samples: 210
[I 2026-04-25 14:06:13,499] Trial 2 finished with value: 0.9338786545635264 and parameters: {'hidden_dim': 160, 'dropout': 0.24140800826863984, 'lr': 0.0017855789220062087, 'weight_decay': 6.639623079859462e-06, 'batch_size': 32, 'cnn_num_blocks': 3, 'cnn_kernel_size': 3}. Best is trial 0 with value: 0.9235898400683137.
Training samples: 1015 | Validation samples: 210
[I 2026-04-25 14:06:28,678] Trial 3 finished with value: 0.9431063129121714 and parameters: {'hidden_dim': 64, 'dropout': 0.04621361388138176, 'lr': 0.0027628035240548827, 'weight_decay': 0.0001236118879733733, 'batch_size': 16, 'cnn_num_blocks': 2, 'cnn_kernel_size': 5}. Best is trial 0 with value: 0.9235898400683137.
Training samples: 1015 | Validation samples: 210
[I 2026-04-25 14:06:32,795] Trial 4 pruned. Pruned at stage=stage1, task=store_dept, fold=0, epoch=4
Training samples: 1015 | Validation samples: 210
[I 2026-04-25 14:06:40,983] Trial 5 pruned. Pruned at stage=stage1, task=store_dept, fold=0, epoch=4
Training samples: 1015 | Validation samples: 210
Early stopping at epoch 5
[I 2026-04-25 14:06:51,570] Trial 6 finished with value: 0.9542414200357648 and parameters: {'hidden_dim': 128, 'dropout': 0.19274179498864025, 'lr': 0.0007616907478441681, 'weight_decay': 2.5753735248615608e-05, 'batch_size': 16, 'cnn_num_blocks': 3, 'cnn_kernel_size': 5}. Best is trial 0 with value: 0.9235898400683137.
Training samples: 1015 | Validation samples: 210
[I 2026-04-25 14:06:59,174] Trial 7 pruned. Pruned at stage=stage1, task=store_dept, fold=0, epoch=4
Training samples: 1015 | Validation samples: 210
[I 2026-04-25 14:07:14,548] Trial 8 finished with value: 0.9208648719300946 and parameters: {'hidden_dim': 96, 'dropout': 0.05698379063548542, 'lr': 0.0006358398347237379, 'weight_decay': 0.000161360531728048, 'batch_size': 16, 'cnn_num_blocks': 2, 'cnn_kernel_size': 5}. Best is trial 8 with value: 0.9208648719300946.
Training samples: 1015 | Validation samples: 210
[I 2026-04-25 14:07:22,564] Trial 9 pruned. Pruned at stage=stage1, task=store_dept, fold=0, epoch=4
Training samples: 1015 | Validation samples: 210
[I 2026-04-25 14:07:28,332] Trial 10 pruned. Pruned at stage=stage1, task=store_dept, fold=0, epoch=4
Training samples: 1015 | Validation samples: 210
[I 2026-04-25 14:07:45,293] Trial 11 finished with value: 0.9112519740501054 and parameters: {'hidden_dim': 96, 'dropout': 0.12191654259259979, 'lr': 0.00028099057216246737, 'weight_decay': 0.00047446330391074444, 'batch_size': 16, 'cnn_num_blocks': 4, 'cnn_kernel_size': 5}. Best is trial 11 with value: 0.9112519740501054.
Training samples: 1015 | Validation samples: 210
[I 2026-04-25 14:07:54,106] Trial 12 pruned. Pruned at stage=stage1, task=store_dept, fold=0, epoch=4
Training samples: 1015 | Validation samples: 210
[I 2026-04-25 14:07:59,798] Trial 13 pruned. Pruned at stage=stage1, task=store_dept, fold=0, epoch=4
Training samples: 1015 | Validation samples: 210
[I 2026-04-25 14:08:08,696] Trial 14 pruned. Pruned at stage=stage1, task=store_dept, fold=0, epoch=4
Training samples: 1015 | Validation samples: 210
[I 2026-04-25 14:08:15,114] Trial 15 pruned. Pruned at stage=stage1, task=store_dept, fold=0, epoch=4
Training samples: 1015 | Validation samples: 210
[I 2026-04-25 14:08:33,052] Trial 16 finished with value: 0.9189076579795733 and parameters: {'hidden_dim': 96, 'dropout': 0.0962419757805966, 'lr': 0.001349238036051849, 'weight_decay': 6.007564418258408e-05, 'batch_size': 16, 'cnn_num_blocks': 4, 'cnn_kernel_size': 5}. Best is trial 11 with value: 0.9112519740501054.
Training samples: 1015 | Validation samples: 210
[I 2026-04-25 14:08:41,804] Trial 17 pruned. Pruned at stage=stage1, task=store_dept, fold=0, epoch=4
Training samples: 1015 | Validation samples: 210
[I 2026-04-25 14:08:47,621] Trial 18 pruned. Pruned at stage=stage1, task=store_dept, fold=0, epoch=4
Training samples: 1015 | Validation samples: 210
[I 2026-04-25 14:08:52,558] Trial 19 pruned. Pruned at stage=stage1, task=store_dept, fold=0, epoch=4
Training samples: 1015 | Validation samples: 210
[I 2026-04-25 14:09:01,912] Trial 20 pruned. Pruned at stage=stage1, task=store_dept, fold=0, epoch=4
Training samples: 1015 | Validation samples: 210
[I 2026-04-25 14:09:17,751] Trial 21 finished with value: 0.9039604842040353 and parameters: {'hidden_dim': 96, 'dropout': 0.06430001547464287, 'lr': 0.0006831084499697945, 'weight_decay': 0.0002365988352463804, 'batch_size': 16, 'cnn_num_blocks': 2, 'cnn_kernel_size': 5}. Best is trial 21 with value: 0.9039604842040353.
Training samples: 1015 | Validation samples: 210
[I 2026-04-25 14:09:26,491] Trial 22 pruned. Pruned at stage=stage1, task=store_dept, fold=0, epoch=4
Training samples: 1015 | Validation samples: 210
[I 2026-04-25 14:09:35,294] Trial 23 pruned. Pruned at stage=stage1, task=store_dept, fold=0, epoch=4
Training samples: 1015 | Validation samples: 210
[I 2026-04-25 14:09:44,821] Trial 24 pruned. Pruned at stage=stage1, task=store_dept, fold=0, epoch=5
Training samples: 1015 | Validation samples: 210
[I 2026-04-25 14:09:53,830] Trial 25 pruned. Pruned at stage=stage1, task=store_dept, fold=0, epoch=4
Training samples: 1015 | Validation samples: 210
[I 2026-04-25 14:10:01,625] Trial 26 pruned. Pruned at stage=stage1, task=store_dept, fold=0, epoch=4
Training samples: 1015 | Validation samples: 210
[I 2026-04-25 14:10:12,631] Trial 27 pruned. Pruned at stage=stage1, task=store_dept, fold=0, epoch=5
Training samples: 1015 | Validation samples: 210
[I 2026-04-25 14:10:16,505] Trial 28 pruned. Pruned at stage=stage1, task=store_dept, fold=0, epoch=4
Training samples: 1015 | Validation samples: 210
[I 2026-04-25 14:10:21,879] Trial 29 pruned. Pruned at stage=stage1, task=store_dept, fold=0, epoch=4
Training samples: 1015 | Validation samples: 210
[I 2026-04-25 14:10:30,834] Trial 30 pruned. Pruned at stage=stage1, task=store_dept, fold=0, epoch=4
Training samples: 1015 | Validation samples: 210
[I 2026-04-25 14:10:38,697] Trial 31 pruned. Pruned at stage=stage1, task=store_dept, fold=0, epoch=4
Training samples: 1015 | Validation samples: 210
[I 2026-04-25 14:10:46,551] Trial 32 pruned. Pruned at stage=stage1, task=store_dept, fold=0, epoch=4
Training samples: 1015 | Validation samples: 210
[I 2026-04-25 14:10:54,399] Trial 33 pruned. Pruned at stage=stage1, task=store_dept, fold=0, epoch=4
Training samples: 1015 | Validation samples: 210
[I 2026-04-25 14:11:10,211] Trial 34 finished with value: 0.9216566732338599 and parameters: {'hidden_dim': 96, 'dropout': 0.025241935162690292, 'lr': 0.0008841732997273973, 'weight_decay': 0.00010210605593024087, 'batch_size': 16, 'cnn_num_blocks': 2, 'cnn_kernel_size': 3}. Best is trial 21 with value: 0.9039604842040353.
Training samples: 1015 | Validation samples: 210
[I 2026-04-25 14:11:17,958] Trial 35 pruned. Pruned at stage=stage1, task=store_dept, fold=0, epoch=4
Training samples: 1015 | Validation samples: 210
[I 2026-04-25 14:11:24,124] Trial 36 pruned. Pruned at stage=stage1, task=store_dept, fold=0, epoch=4
Training samples: 1015 | Validation samples: 210
[I 2026-04-25 14:11:41,162] Trial 37 finished with value: 0.9300517768585289 and parameters: {'hidden_dim': 96, 'dropout': 0.08221754103280515, 'lr': 0.0002615900991384774, 'weight_decay': 0.00013701256157121742, 'batch_size': 16, 'cnn_num_blocks': 3, 'cnn_kernel_size': 5}. Best is trial 21 with value: 0.9039604842040353.
Training samples: 1015 | Validation samples: 210
[I 2026-04-25 14:11:51,059] Trial 38 pruned. Pruned at stage=stage1, task=store_dept, fold=0, epoch=5
Training samples: 1015 | Validation samples: 210
[I 2026-04-25 14:11:55,512] Trial 39 pruned. Pruned at stage=stage1, task=store_dept, fold=0, epoch=4
Training samples: 1015 | Validation samples: 210
[I 2026-04-25 14:12:03,342] Trial 40 pruned. Pruned at stage=stage1, task=store_dept, fold=0, epoch=4
Training samples: 1015 | Validation samples: 210
[I 2026-04-25 14:12:12,247] Trial 41 pruned. Pruned at stage=stage1, task=store_dept, fold=0, epoch=5
Training samples: 1015 | Validation samples: 210
Early stopping at epoch 8
[I 2026-04-25 14:12:26,964] Trial 42 finished with value: 0.9507965309195695 and parameters: {'hidden_dim': 96, 'dropout': 0.03412026428388062, 'lr': 0.0012166524719888709, 'weight_decay': 8.817424043063035e-05, 'batch_size': 16, 'cnn_num_blocks': 2, 'cnn_kernel_size': 3}. Best is trial 21 with value: 0.9039604842040353.
Training samples: 1015 | Validation samples: 210
[I 2026-04-25 14:12:34,516] Trial 43 pruned. Pruned at stage=stage1, task=store_dept, fold=0, epoch=4
Training samples: 1015 | Validation samples: 210
[I 2026-04-25 14:12:43,855] Trial 44 pruned. Pruned at stage=stage1, task=store_dept, fold=0, epoch=5
Training samples: 1015 | Validation samples: 210
[I 2026-04-25 14:12:54,686] Trial 45 pruned. Pruned at stage=stage1, task=store_dept, fold=0, epoch=5
Training samples: 1015 | Validation samples: 210
[I 2026-04-25 14:13:02,270] Trial 46 pruned. Pruned at stage=stage1, task=store_dept, fold=0, epoch=4
Training samples: 1015 | Validation samples: 210
[I 2026-04-25 14:13:07,925] Trial 47 pruned. Pruned at stage=stage1, task=store_dept, fold=0, epoch=4
Training samples: 1015 | Validation samples: 210
[I 2026-04-25 14:13:13,074] Trial 48 pruned. Pruned at stage=stage1, task=store_dept, fold=0, epoch=4
Training samples: 1015 | Validation samples: 210
[I 2026-04-25 14:13:19,281] Trial 49 pruned. Pruned at stage=stage1, task=store_dept, fold=0, epoch=4
Training samples: 1015 | Validation samples: 210
[I 2026-04-25 14:13:27,622] Trial 50 pruned. Pruned at stage=stage1, task=store_dept, fold=0, epoch=4
Training samples: 1015 | Validation samples: 210
[I 2026-04-25 14:13:35,494] Trial 51 pruned. Pruned at stage=stage1, task=store_dept, fold=0, epoch=4
Training samples: 1015 | Validation samples: 210
[I 2026-04-25 14:13:45,342] Trial 52 pruned. Pruned at stage=stage1, task=store_dept, fold=0, epoch=5
Training samples: 1015 | Validation samples: 210
[I 2026-04-25 14:13:53,157] Trial 53 pruned. Pruned at stage=stage1, task=store_dept, fold=0, epoch=4
Training samples: 1015 | Validation samples: 210
[I 2026-04-25 14:14:01,666] Trial 54 pruned. Pruned at stage=stage1, task=store_dept, fold=0, epoch=4
Training samples: 1015 | Validation samples: 210
[I 2026-04-25 14:14:10,211] Trial 55 pruned. Pruned at stage=stage1, task=store_dept, fold=0, epoch=4
Training samples: 1015 | Validation samples: 210
[I 2026-04-25 14:14:15,867] Trial 56 pruned. Pruned at stage=stage1, task=store_dept, fold=0, epoch=4
Training samples: 1015 | Validation samples: 210
[I 2026-04-25 14:14:23,184] Trial 57 pruned. Pruned at stage=stage1, task=store_dept, fold=0, epoch=4
Training samples: 1015 | Validation samples: 210
[I 2026-04-25 14:14:28,648] Trial 58 pruned. Pruned at stage=stage1, task=store_dept, fold=0, epoch=4
Training samples: 1015 | Validation samples: 210
[I 2026-04-25 14:14:36,589] Trial 59 pruned. Pruned at stage=stage1, task=store_dept, fold=0, epoch=4
Training samples: 1015 | Validation samples: 210
[I 2026-04-25 14:14:43,938] Trial 60 pruned. Pruned at stage=stage1, task=store_dept, fold=0, epoch=4
Training samples: 1015 | Validation samples: 210
[I 2026-04-25 14:14:51,811] Trial 61 pruned. Pruned at stage=stage1, task=store_dept, fold=0, epoch=4
Training samples: 1015 | Validation samples: 210
[I 2026-04-25 14:14:59,987] Trial 62 pruned. Pruned at stage=stage1, task=store_dept, fold=0, epoch=4
Training samples: 1015 | Validation samples: 210
[I 2026-04-25 14:15:09,533] Trial 63 pruned. Pruned at stage=stage1, task=store_dept, fold=0, epoch=5
Training samples: 1015 | Validation samples: 210
[I 2026-04-25 14:15:17,677] Trial 64 pruned. Pruned at stage=stage1, task=store_dept, fold=0, epoch=4
Training samples: 1015 | Validation samples: 210
[I 2026-04-25 14:15:26,197] Trial 65 pruned. Pruned at stage=stage1, task=store_dept, fold=0, epoch=4
Training samples: 1015 | Validation samples: 210
[I 2026-04-25 14:15:34,649] Trial 66 pruned. Pruned at stage=stage1, task=store_dept, fold=0, epoch=4
Training samples: 1015 | Validation samples: 210
[I 2026-04-25 14:15:39,248] Trial 67 pruned. Pruned at stage=stage1, task=store_dept, fold=0, epoch=4
Training samples: 1015 | Validation samples: 210
[I 2026-04-25 14:15:47,783] Trial 68 pruned. Pruned at stage=stage1, task=store_dept, fold=0, epoch=4
Training samples: 1015 | Validation samples: 210
[I 2026-04-25 14:15:56,878] Trial 69 pruned. Pruned at stage=stage1, task=store_dept, fold=0, epoch=5
Training samples: 1015 | Validation samples: 210
[I 2026-04-25 14:16:02,142] Trial 70 pruned. Pruned at stage=stage1, task=store_dept, fold=0, epoch=4
Training samples: 1015 | Validation samples: 210
[I 2026-04-25 14:16:06,329] Trial 71 pruned. Pruned at stage=stage1, task=store_dept, fold=0, epoch=4
Training samples: 1015 | Validation samples: 210
[I 2026-04-25 14:16:09,988] Trial 72 pruned. Pruned at stage=stage1, task=store_dept, fold=0, epoch=4
Training samples: 1015 | Validation samples: 210
[I 2026-04-25 14:16:13,539] Trial 73 pruned. Pruned at stage=stage1, task=store_dept, fold=0, epoch=4
Training samples: 1015 | Validation samples: 210
[I 2026-04-25 14:16:20,871] Trial 74 finished with value: 0.9382780708303565 and parameters: {'hidden_dim': 128, 'dropout': 0.052984187103399666, 'lr': 0.0017731472297687024, 'weight_decay': 1.9551607468300877e-06, 'batch_size': 64, 'cnn_num_blocks': 2, 'cnn_kernel_size': 3}. Best is trial 21 with value: 0.9039604842040353.
Training samples: 1015 | Validation samples: 210
Early stopping at epoch 6
[I 2026-04-25 14:16:32,237] Trial 75 finished with value: 0.9229962836514304 and parameters: {'hidden_dim': 96, 'dropout': 0.18096498315104562, 'lr': 0.0008572801388064043, 'weight_decay': 1.129791735198344e-06, 'batch_size': 16, 'cnn_num_blocks': 2, 'cnn_kernel_size': 3}. Best is trial 21 with value: 0.9039604842040353.
Training samples: 1015 | Validation samples: 210
[I 2026-04-25 14:16:39,744] Trial 76 pruned. Pruned at stage=stage1, task=store_dept, fold=0, epoch=4
Training samples: 1015 | Validation samples: 210
[I 2026-04-25 14:16:48,406] Trial 77 pruned. Pruned at stage=stage1, task=store_dept, fold=0, epoch=4
Training samples: 1015 | Validation samples: 210
[I 2026-04-25 14:16:57,593] Trial 78 pruned. Pruned at stage=stage1, task=store_dept, fold=0, epoch=5
Training samples: 1015 | Validation samples: 210
[I 2026-04-25 14:17:04,947] Trial 79 pruned. Pruned at stage=stage1, task=store_dept, fold=0, epoch=4
Training samples: 1015 | Validation samples: 210
[I 2026-04-25 14:17:15,727] Trial 80 pruned. Pruned at stage=stage1, task=store_dept, fold=0, epoch=5
Training samples: 1015 | Validation samples: 210
[I 2026-04-25 14:17:23,409] Trial 81 pruned. Pruned at stage=stage1, task=store_dept, fold=0, epoch=4
Training samples: 1015 | Validation samples: 210
[I 2026-04-25 14:17:30,836] Trial 82 pruned. Pruned at stage=stage1, task=store_dept, fold=0, epoch=4
Training samples: 1015 | Validation samples: 210
[I 2026-04-25 14:17:38,611] Trial 83 pruned. Pruned at stage=stage1, task=store_dept, fold=0, epoch=4
Training samples: 1015 | Validation samples: 210
[I 2026-04-25 14:17:43,123] Trial 84 pruned. Pruned at stage=stage1, task=store_dept, fold=0, epoch=4
Training samples: 1015 | Validation samples: 210
[I 2026-04-25 14:17:50,562] Trial 85 pruned. Pruned at stage=stage1, task=store_dept, fold=0, epoch=4
Training samples: 1015 | Validation samples: 210
[I 2026-04-25 14:17:55,729] Trial 86 pruned. Pruned at stage=stage1, task=store_dept, fold=0, epoch=4
Training samples: 1015 | Validation samples: 210
[I 2026-04-25 14:18:03,681] Trial 87 pruned. Pruned at stage=stage1, task=store_dept, fold=0, epoch=4
Training samples: 1015 | Validation samples: 210
[I 2026-04-25 14:18:18,724] Trial 88 finished with value: 0.9162598243305619 and parameters: {'hidden_dim': 96, 'dropout': 0.07870231579821856, 'lr': 0.001104160440514681, 'weight_decay': 0.0004837119548553882, 'batch_size': 16, 'cnn_num_blocks': 2, 'cnn_kernel_size': 5}. Best is trial 21 with value: 0.9039604842040353.
Training samples: 1015 | Validation samples: 210
[I 2026-04-25 14:18:26,333] Trial 89 pruned. Pruned at stage=stage1, task=store_dept, fold=0, epoch=4
Training samples: 1015 | Validation samples: 210
[I 2026-04-25 14:18:34,021] Trial 90 pruned. Pruned at stage=stage1, task=store_dept, fold=0, epoch=4
Training samples: 1015 | Validation samples: 210
[I 2026-04-25 14:18:41,869] Trial 91 pruned. Pruned at stage=stage1, task=store_dept, fold=0, epoch=4
Training samples: 1015 | Validation samples: 210
[I 2026-04-25 14:18:49,711] Trial 92 pruned. Pruned at stage=stage1, task=store_dept, fold=0, epoch=4
Training samples: 1015 | Validation samples: 210
[I 2026-04-25 14:18:57,578] Trial 93 pruned. Pruned at stage=stage1, task=store_dept, fold=0, epoch=4
Training samples: 1015 | Validation samples: 210
[I 2026-04-25 14:19:05,894] Trial 94 pruned. Pruned at stage=stage1, task=store_dept, fold=0, epoch=4
Training samples: 1015 | Validation samples: 210
[I 2026-04-25 14:19:14,849] Trial 95 pruned. Pruned at stage=stage1, task=store_dept, fold=0, epoch=4
Training samples: 2436 | Validation samples: 210
Training samples: 1044 | Validation samples: 90
Early stopping at epoch 15
Training samples: 731 | Validation samples: 63
Early stopping at epoch 15
Training samples: 2436 | Validation samples: 210
Early stopping at epoch 15
Training samples: 1044 | Validation samples: 90
Training samples: 731 | Validation samples: 63
Early stopping at epoch 13
Training samples: 2436 | Validation samples: 210
Early stopping at epoch 14
Training samples: 1044 | Validation samples: 90
Early stopping at epoch 12
Training samples: 731 | Validation samples: 63
Training samples: 2436 | Validation samples: 210
Training samples: 1044 | Validation samples: 90
Early stopping at epoch 10
Training samples: 731 | Validation samples: 63
Early stopping at epoch 14
Training samples: 2436 | Validation samples: 210
Training samples: 1044 | Validation samples: 90
Early stopping at epoch 14
Training samples: 731 | Validation samples: 63
Training samples: 2436 | Validation samples: 210
Early stopping at epoch 9
Training samples: 1044 | Validation samples: 90
Training samples: 731 | Validation samples: 63
Training samples: 2436 | Validation samples: 210
Early stopping at epoch 12
Training samples: 1044 | Validation samples: 90
Early stopping at epoch 12
Training samples: 731 | Validation samples: 63
Early stopping at epoch 15
Training samples: 2436 | Validation samples: 210
Training samples: 1044 | Validation samples: 90
Training samples: 731 | Validation samples: 63
Training samples: 4060 | Validation samples: 210
Early stopping at epoch 12
Training samples: 1740 | Validation samples: 90
Training samples: 1218 | Validation samples: 63
Early stopping at epoch 18
Multistage tuning summary:
{'stage1_trials_csv': '/root/autodl-tmp/m5/work/holdout/01_tuning/DeepSets/stage1_trials.csv', 'stage2_confirmation_csv': '/root/autodl-tmp/m5/work/holdout/01_tuning/DeepSets/stage2_confirmation.csv', 'best_params_json': '/root/autodl-tmp/m5/work/holdout/01_tuning/DeepSets/best_params.json', 'best_params': {'model_name': 'DeepSets', 'hidden_dim': 96, 'dropout': 0.03900466011060913, 'lr': 0.0003051362379613694, 'weight_decay': 1.4347159517201402e-06, 'batch_size': 16, 'cnn_num_blocks': 3, 'cnn_kernel_size': 3, 'recent_window': 14, 'lag_windows': [7, 14, 28, 56], 'stat_windows': [7, 28, 56], 'epochs': 24, 'patience': 6, 'use_permreg': False, 'stage1_objective': 0.9235898400683137, 'stage2_objective': 0.8761591609528677, 'trial_number': 0}, 'final_retrain_results_csv': '/root/autodl-tmp/m5/work/holdout/01_tuning/DeepSets/final_retrain_results.csv', 'final_mean_metric': 0.789091146291458}

$ /root/miniconda3/bin/python /root/autodl-tmp/m5/scripts/tune_m5_proposed_models.py --data-dir /root/autodl-tmp/m5/data --output-dir /root/autodl-tmp/m5/work/holdout/01_tuning/SetTransformer --mode holdout --tasks store_dept,store_cat,state_dept --model-name SetTransformer --recent-window 14 --lag-windows 7,14,28,56 --stat-windows 7,28,56 --stage1-n-trials 96 --stage1-train-frac 0.25 --stage1-epochs 8 --stage2-top-k 8 --stage2-train-frac 0.6 --stage2-epochs 16 --final-epochs 24 --final-patience 6 --t-hist 56 --horizon 28 --valid-size 4 --test-size 4 --internal-valid-size 3 --gap 0 --min-train-origins 20 --min-final-train-origins 20 --sku-universe-mode history --store-sku-sample-frac 0.1 --store-sku-sample-seed 42 --cache-dir /root/autodl-tmp/m5/cache
Using cache directory: /root/autodl-tmp/m5/cache
Building/loading cached experiment artifacts...
[M5-PREP] Loading cached task package for task=store_dept...
[M5-PREP] Loaded cached task package for task=store_dept | stage 00:00 | total 00:00
[M5-PREP] Loading cached samples: task=store_dept split=final_train_samples...
[M5-PREP] Loaded cached samples: task=store_dept split=final_train_samples n=4060 | stage 00:01 | total 00:01
[M5-PREP] Loading cached samples: task=store_dept split=internal_valid_samples...
[M5-PREP] Loaded cached samples: task=store_dept split=internal_valid_samples n=210 | stage 00:00 | total 00:00
[M5-PREP] Loading cached samples: task=store_dept split=test_samples...
[M5-PREP] Loaded cached samples: task=store_dept split=test_samples n=280 | stage 00:00 | total 00:00
[M5-PREP] Loading cached task package for task=store_cat...
[M5-PREP] Loaded cached task package for task=store_cat | stage 00:00 | total 00:00
[M5-PREP] Loading cached samples: task=store_cat split=final_train_samples...
[M5-PREP] Loaded cached samples: task=store_cat split=final_train_samples n=1740 | stage 00:00 | total 00:00
[M5-PREP] Loading cached samples: task=store_cat split=internal_valid_samples...
[M5-PREP] Loaded cached samples: task=store_cat split=internal_valid_samples n=90 | stage 00:00 | total 00:00
[M5-PREP] Loading cached samples: task=store_cat split=test_samples...
[M5-PREP] Loaded cached samples: task=store_cat split=test_samples n=120 | stage 00:00 | total 00:00
[M5-PREP] Loading cached task package for task=state_dept...
[M5-PREP] Loaded cached task package for task=state_dept | stage 00:00 | total 00:00
[M5-PREP] Loading cached samples: task=state_dept split=final_train_samples...
[M5-PREP] Loaded cached samples: task=state_dept split=final_train_samples n=1218 | stage 00:00 | total 00:00
[M5-PREP] Loading cached samples: task=state_dept split=internal_valid_samples...
[M5-PREP] Loaded cached samples: task=state_dept split=internal_valid_samples n=63 | stage 00:00 | total 00:00
[M5-PREP] Loading cached samples: task=state_dept split=test_samples...
[M5-PREP] Loaded cached samples: task=state_dept split=test_samples n=84 | stage 00:00 | total 00:00
[I 2026-04-25 14:40:16,559] A new study created in memory with name: m5_multistage_tuning
Training samples: 1015 | Validation samples: 210
[I 2026-04-25 14:40:51,912] Trial 0 finished with value: 0.9233754848790211 and parameters: {'hidden_dim': 96, 'dropout': 0.03900466011060913, 'lr': 0.0003051362379613694, 'weight_decay': 1.4347159517201402e-06, 'batch_size': 16, 'cnn_num_blocks': 3, 'cnn_kernel_size': 3, 'num_heads': 8, 'num_sab_layers': 3, 'num_seeds': 2, 'num_inducing_points': 64}. Best is trial 0 with value: 0.9233754848790211.
Training samples: 1015 | Validation samples: 210
Early stopping at epoch 8
[I 2026-04-25 14:41:14,579] Trial 1 finished with value: 0.9403900818205152 and parameters: {'hidden_dim': 128, 'dropout': 0.1518862129753596, 'lr': 0.0003173817328542999, 'weight_decay': 1.4982086432155468e-06, 'batch_size': 32, 'cnn_num_blocks': 4, 'cnn_kernel_size': 3, 'num_heads': 8, 'num_sab_layers': 2, 'num_seeds': 2, 'num_inducing_points': 32}. Best is trial 0 with value: 0.9233754848790211.
Training samples: 1015 | Validation samples: 210
[I 2026-04-25 14:41:27,461] Trial 2 finished with value: 0.9539620738777957 and parameters: {'hidden_dim': 64, 'dropout': 0.022123125512979874, 'lr': 0.0003400350826442215, 'weight_decay': 1.3245461546001878e-06, 'batch_size': 32, 'cnn_num_blocks': 2, 'cnn_kernel_size': 3, 'num_heads': 8, 'num_sab_layers': 1, 'num_seeds': 1, 'num_inducing_points': 32}. Best is trial 0 with value: 0.9233754848790211.
Training samples: 1015 | Validation samples: 210
[I 2026-04-25 14:41:41,328] Trial 3 finished with value: 0.9294973024569705 and parameters: {'hidden_dim': 128, 'dropout': 0.0827245062131623, 'lr': 0.00023756388334765505, 'weight_decay': 6.907675985896197e-06, 'batch_size': 32, 'cnn_num_blocks': 2, 'cnn_kernel_size': 5, 'num_heads': 4, 'num_sab_layers': 1, 'num_seeds': 1, 'num_inducing_points': 16}. Best is trial 0 with value: 0.9233754848790211.
Training samples: 1015 | Validation samples: 210
[I 2026-04-25 14:41:54,479] Trial 4 finished with value: 0.9360191016161693 and parameters: {'hidden_dim': 64, 'dropout': 0.057199541372905616, 'lr': 0.00024635727675700333, 'weight_decay': 6.053833609355688e-06, 'batch_size': 32, 'cnn_num_blocks': 3, 'cnn_kernel_size': 5, 'num_heads': 8, 'num_sab_layers': 1, 'num_seeds': 2, 'num_inducing_points': 16}. Best is trial 0 with value: 0.9233754848790211.
Training samples: 1015 | Validation samples: 210
[I 2026-04-25 14:42:01,981] Trial 5 pruned. Pruned at stage=stage1, task=store_dept, fold=0, epoch=4
Training samples: 1015 | Validation samples: 210
[I 2026-04-25 14:42:12,832] Trial 6 pruned. Pruned at stage=stage1, task=store_dept, fold=0, epoch=4
Training samples: 1015 | Validation samples: 210
[I 2026-04-25 14:42:17,622] Trial 7 pruned. Pruned at stage=stage1, task=store_dept, fold=0, epoch=4
Training samples: 1015 | Validation samples: 210
[I 2026-04-25 14:42:28,057] Trial 8 pruned. Pruned at stage=stage1, task=store_dept, fold=0, epoch=4
Training samples: 1015 | Validation samples: 210
[I 2026-04-25 14:42:46,750] Trial 9 pruned. Pruned at stage=stage1, task=store_dept, fold=0, epoch=6
Training samples: 1015 | Validation samples: 210
[I 2026-04-25 14:43:04,472] Trial 10 pruned. Pruned at stage=stage1, task=store_dept, fold=0, epoch=4
Training samples: 1015 | Validation samples: 210
Early stopping at epoch 5
[I 2026-04-25 14:43:24,415] Trial 11 finished with value: 0.9517199593197923 and parameters: {'hidden_dim': 128, 'dropout': 0.0857164339367497, 'lr': 0.00021887362287630437, 'weight_decay': 5.103434960881744e-06, 'batch_size': 16, 'cnn_num_blocks': 3, 'cnn_kernel_size': 5, 'num_heads': 4, 'num_sab_layers': 2, 'num_seeds': 1, 'num_inducing_points': 16}. Best is trial 0 with value: 0.9233754848790211.
Training samples: 1015 | Validation samples: 210
[I 2026-04-25 14:43:46,034] Trial 12 pruned. Pruned at stage=stage1, task=store_dept, fold=0, epoch=5
Training samples: 1015 | Validation samples: 210
[I 2026-04-25 14:44:07,697] Trial 13 pruned. Pruned at stage=stage1, task=store_dept, fold=0, epoch=4
Training samples: 1015 | Validation samples: 210
[I 2026-04-25 14:44:22,021] Trial 14 pruned. Pruned at stage=stage1, task=store_dept, fold=0, epoch=6
Training samples: 1015 | Validation samples: 210
Early stopping at epoch 8
[I 2026-04-25 14:44:46,999] Trial 15 finished with value: 0.9321815040212785 and parameters: {'hidden_dim': 128, 'dropout': 0.12117894333100225, 'lr': 0.00020165431733339172, 'weight_decay': 2.8828384310943797e-06, 'batch_size': 16, 'cnn_num_blocks': 2, 'cnn_kernel_size': 5, 'num_heads': 8, 'num_sab_layers': 1, 'num_seeds': 1, 'num_inducing_points': 64}. Best is trial 0 with value: 0.9233754848790211.
Training samples: 1015 | Validation samples: 210
[I 2026-04-25 14:45:04,743] Trial 16 pruned. Pruned at stage=stage1, task=store_dept, fold=0, epoch=4
Training samples: 1015 | Validation samples: 210
[I 2026-04-25 14:45:13,333] Trial 17 pruned. Pruned at stage=stage1, task=store_dept, fold=0, epoch=4
Training samples: 1015 | Validation samples: 210
Early stopping at epoch 8
[I 2026-04-25 14:45:45,527] Trial 18 finished with value: 0.9387252454602225 and parameters: {'hidden_dim': 160, 'dropout': 0.0801875668295837, 'lr': 0.0002704994123558611, 'weight_decay': 8.214928530155189e-06, 'batch_size': 32, 'cnn_num_blocks': 3, 'cnn_kernel_size': 3, 'num_heads': 4, 'num_sab_layers': 3, 'num_seeds': 1, 'num_inducing_points': 16}. Best is trial 0 with value: 0.9233754848790211.
Training samples: 1015 | Validation samples: 210
[I 2026-04-25 14:46:01,267] Trial 19 pruned. Pruned at stage=stage1, task=store_dept, fold=0, epoch=4
Training samples: 1015 | Validation samples: 210
[I 2026-04-25 14:46:18,793] Trial 20 pruned. Pruned at stage=stage1, task=store_dept, fold=0, epoch=4
Training samples: 1015 | Validation samples: 210
[I 2026-04-25 14:46:34,063] Trial 21 pruned. Pruned at stage=stage1, task=store_dept, fold=0, epoch=5
Training samples: 1015 | Validation samples: 210
[I 2026-04-25 14:46:46,325] Trial 22 pruned. Pruned at stage=stage1, task=store_dept, fold=0, epoch=4
Training samples: 1015 | Validation samples: 210
[I 2026-04-25 14:47:11,448] Trial 23 finished with value: 0.9393862179802338 and parameters: {'hidden_dim': 128, 'dropout': 0.17967735111934852, 'lr': 0.00020014201305130984, 'weight_decay': 8.602767241085451e-06, 'batch_size': 16, 'cnn_num_blocks': 2, 'cnn_kernel_size': 5, 'num_heads': 8, 'num_sab_layers': 1, 'num_seeds': 1, 'num_inducing_points': 64}. Best is trial 0 with value: 0.9233754848790211.
Training samples: 1015 | Validation samples: 210
[I 2026-04-25 14:47:26,708] Trial 24 pruned. Pruned at stage=stage1, task=store_dept, fold=0, epoch=5
Training samples: 1015 | Validation samples: 210
[I 2026-04-25 14:47:44,375] Trial 25 finished with value: 0.9248058384285178 and parameters: {'hidden_dim': 128, 'dropout': 0.05995508674356256, 'lr': 0.00024125566520852027, 'weight_decay': 1.5700789733121385e-05, 'batch_size': 32, 'cnn_num_blocks': 2, 'cnn_kernel_size': 5, 'num_heads': 8, 'num_sab_layers': 1, 'num_seeds': 1, 'num_inducing_points': 64}. Best is trial 0 with value: 0.9233754848790211.
Training samples: 1015 | Validation samples: 210
Early stopping at epoch 8
[I 2026-04-25 14:48:00,478] Trial 26 finished with value: 0.9272213693441702 and parameters: {'hidden_dim': 96, 'dropout': 0.05878867810408353, 'lr': 0.00042050697627847914, 'weight_decay': 4.1690096369782735e-05, 'batch_size': 32, 'cnn_num_blocks': 2, 'cnn_kernel_size': 5, 'num_heads': 8, 'num_sab_layers': 1, 'num_seeds': 2, 'num_inducing_points': 16}. Best is trial 0 with value: 0.9233754848790211.
Training samples: 1015 | Validation samples: 210
[I 2026-04-25 14:48:08,821] Trial 27 pruned. Pruned at stage=stage1, task=store_dept, fold=0, epoch=4
Training samples: 1015 | Validation samples: 210
[I 2026-04-25 14:48:22,493] Trial 28 pruned. Pruned at stage=stage1, task=store_dept, fold=0, epoch=5
Training samples: 1015 | Validation samples: 210
[I 2026-04-25 14:48:36,581] Trial 29 pruned. Pruned at stage=stage1, task=store_dept, fold=0, epoch=5
Training samples: 1015 | Validation samples: 210
[I 2026-04-25 14:48:49,270] Trial 30 pruned. Pruned at stage=stage1, task=store_dept, fold=0, epoch=5
Training samples: 1015 | Validation samples: 210
[I 2026-04-25 14:48:58,523] Trial 31 pruned. Pruned at stage=stage1, task=store_dept, fold=0, epoch=5
Training samples: 1015 | Validation samples: 210
[I 2026-04-25 14:49:18,203] Trial 32 finished with value: 0.9254350963770999 and parameters: {'hidden_dim': 160, 'dropout': 0.09241574023308309, 'lr': 0.0003189543996717882, 'weight_decay': 5.048253530847886e-05, 'batch_size': 32, 'cnn_num_blocks': 2, 'cnn_kernel_size': 5, 'num_heads': 8, 'num_sab_layers': 1, 'num_seeds': 2, 'num_inducing_points': 16}. Best is trial 0 with value: 0.9233754848790211.
Training samples: 1015 | Validation samples: 210
[I 2026-04-25 14:49:27,916] Trial 33 pruned. Pruned at stage=stage1, task=store_dept, fold=0, epoch=4
Training samples: 1015 | Validation samples: 210
[I 2026-04-25 14:49:47,578] Trial 34 finished with value: 0.9156108429748958 and parameters: {'hidden_dim': 160, 'dropout': 0.055303726013942456, 'lr': 0.00031964718776886453, 'weight_decay': 8.91507801935422e-05, 'batch_size': 32, 'cnn_num_blocks': 2, 'cnn_kernel_size': 5, 'num_heads': 8, 'num_sab_layers': 1, 'num_seeds': 2, 'num_inducing_points': 16}. Best is trial 34 with value: 0.9156108429748958.
Training samples: 1015 | Validation samples: 210
[I 2026-04-25 14:49:57,268] Trial 35 pruned. Pruned at stage=stage1, task=store_dept, fold=0, epoch=4
Training samples: 1015 | Validation samples: 210
[I 2026-04-25 14:50:17,578] Trial 36 finished with value: 0.9272305216408392 and parameters: {'hidden_dim': 160, 'dropout': 0.04583134086647614, 'lr': 0.00030003890737323463, 'weight_decay': 0.00021965644814651112, 'batch_size': 32, 'cnn_num_blocks': 2, 'cnn_kernel_size': 5, 'num_heads': 8, 'num_sab_layers': 1, 'num_seeds': 2, 'num_inducing_points': 32}. Best is trial 34 with value: 0.9156108429748958.
Training samples: 1015 | Validation samples: 210
[I 2026-04-25 14:50:29,435] Trial 37 pruned. Pruned at stage=stage1, task=store_dept, fold=0, epoch=5
Training samples: 1015 | Validation samples: 210
[I 2026-04-25 14:50:38,293] Trial 38 pruned. Pruned at stage=stage1, task=store_dept, fold=0, epoch=4
Training samples: 1015 | Validation samples: 210
[I 2026-04-25 14:50:48,905] Trial 39 pruned. Pruned at stage=stage1, task=store_dept, fold=0, epoch=4
Training samples: 1015 | Validation samples: 210
[I 2026-04-25 14:50:59,889] Trial 40 pruned. Pruned at stage=stage1, task=store_dept, fold=0, epoch=4
Training samples: 1015 | Validation samples: 210
[I 2026-04-25 14:51:10,672] Trial 41 pruned. Pruned at stage=stage1, task=store_dept, fold=0, epoch=7
Training samples: 1015 | Validation samples: 210
[I 2026-04-25 14:51:30,408] Trial 42 finished with value: 0.9123226160039678 and parameters: {'hidden_dim': 160, 'dropout': 0.07543487127449208, 'lr': 0.0002827154298903734, 'weight_decay': 3.6051903771119274e-05, 'batch_size': 32, 'cnn_num_blocks': 2, 'cnn_kernel_size': 5, 'num_heads': 8, 'num_sab_layers': 1, 'num_seeds': 2, 'num_inducing_points': 16}. Best is trial 42 with value: 0.9123226160039678.
Training samples: 1015 | Validation samples: 210
[I 2026-04-25 14:51:40,149] Trial 43 pruned. Pruned at stage=stage1, task=store_dept, fold=0, epoch=4
Training samples: 1015 | Validation samples: 210
[I 2026-04-25 14:51:49,352] Trial 44 pruned. Pruned at stage=stage1, task=store_dept, fold=0, epoch=4
Training samples: 1015 | Validation samples: 210
[I 2026-04-25 14:52:11,961] Trial 45 pruned. Pruned at stage=stage1, task=store_dept, fold=0, epoch=5
Training samples: 1015 | Validation samples: 210
[I 2026-04-25 14:52:32,994] Trial 46 finished with value: 0.9125957617204717 and parameters: {'hidden_dim': 160, 'dropout': 0.02804948118467082, 'lr': 0.0005196803712076605, 'weight_decay': 9.845206316055929e-05, 'batch_size': 32, 'cnn_num_blocks': 2, 'cnn_kernel_size': 5, 'num_heads': 8, 'num_sab_layers': 1, 'num_seeds': 2, 'num_inducing_points': 32}. Best is trial 42 with value: 0.9123226160039678.
Training samples: 1015 | Validation samples: 210
[I 2026-04-25 14:52:43,066] Trial 47 pruned. Pruned at stage=stage1, task=store_dept, fold=0, epoch=4
Training samples: 1015 | Validation samples: 210
[I 2026-04-25 14:52:55,592] Trial 48 pruned. Pruned at stage=stage1, task=store_dept, fold=0, epoch=5
Training samples: 1015 | Validation samples: 210
[I 2026-04-25 14:53:10,551] Trial 49 pruned. Pruned at stage=stage1, task=store_dept, fold=0, epoch=4
Training samples: 1015 | Validation samples: 210
[I 2026-04-25 14:53:23,445] Trial 50 pruned. Pruned at stage=stage1, task=store_dept, fold=0, epoch=5
Training samples: 1015 | Validation samples: 210
[I 2026-04-25 14:53:46,651] Trial 51 finished with value: 0.9162586442020673 and parameters: {'hidden_dim': 160, 'dropout': 0.08439512256643994, 'lr': 0.00034083749716976394, 'weight_decay': 5.867682115310558e-05, 'batch_size': 32, 'cnn_num_blocks': 2, 'cnn_kernel_size': 5, 'num_heads': 8, 'num_sab_layers': 1, 'num_seeds': 2, 'num_inducing_points': 64}. Best is trial 42 with value: 0.9123226160039678.
Training samples: 1015 | Validation samples: 210
[I 2026-04-25 14:53:57,944] Trial 52 pruned. Pruned at stage=stage1, task=store_dept, fold=0, epoch=4
Training samples: 1015 | Validation samples: 210
[I 2026-04-25 14:54:20,899] Trial 53 finished with value: 0.9344479770047047 and parameters: {'hidden_dim': 160, 'dropout': 0.08004526386629995, 'lr': 0.0002658303051308134, 'weight_decay': 3.19090573851418e-05, 'batch_size': 32, 'cnn_num_blocks': 2, 'cnn_kernel_size': 5, 'num_heads': 8, 'num_sab_layers': 1, 'num_seeds': 2, 'num_inducing_points': 64}. Best is trial 42 with value: 0.9123226160039678.
Training samples: 1015 | Validation samples: 210
[I 2026-04-25 14:54:32,234] Trial 54 pruned. Pruned at stage=stage1, task=store_dept, fold=0, epoch=4
Training samples: 1015 | Validation samples: 210
Early stopping at epoch 7
[I 2026-04-25 14:55:10,820] Trial 55 finished with value: 0.9483360443155716 and parameters: {'hidden_dim': 160, 'dropout': 0.06448145976650793, 'lr': 0.00034080059042172783, 'weight_decay': 1.3005834620365027e-06, 'batch_size': 32, 'cnn_num_blocks': 3, 'cnn_kernel_size': 5, 'num_heads': 8, 'num_sab_layers': 3, 'num_seeds': 1, 'num_inducing_points': 64}. Best is trial 42 with value: 0.9123226160039678.
Training samples: 1015 | Validation samples: 210
Early stopping at epoch 5
[I 2026-04-25 14:55:27,495] Trial 56 finished with value: 0.9366562217458823 and parameters: {'hidden_dim': 160, 'dropout': 0.016608782934568616, 'lr': 0.00022617082719892542, 'weight_decay': 0.00015995302913384958, 'batch_size': 16, 'cnn_num_blocks': 2, 'cnn_kernel_size': 5, 'num_heads': 4, 'num_sab_layers': 1, 'num_seeds': 2, 'num_inducing_points': 64}. Best is trial 42 with value: 0.9123226160039678.
Training samples: 1015 | Validation samples: 210
[I 2026-04-25 14:55:37,879] Trial 57 pruned. Pruned at stage=stage1, task=store_dept, fold=0, epoch=5
Training samples: 1015 | Validation samples: 210
[I 2026-04-25 14:55:55,430] Trial 58 pruned. Pruned at stage=stage1, task=store_dept, fold=0, epoch=4
Training samples: 1015 | Validation samples: 210
[I 2026-04-25 14:56:04,866] Trial 59 pruned. Pruned at stage=stage1, task=store_dept, fold=0, epoch=5
Training samples: 1015 | Validation samples: 210
[I 2026-04-25 14:56:20,381] Trial 60 pruned. Pruned at stage=stage1, task=store_dept, fold=0, epoch=4
Training samples: 1015 | Validation samples: 210
[I 2026-04-25 14:56:32,930] Trial 61 pruned. Pruned at stage=stage1, task=store_dept, fold=0, epoch=5
Training samples: 1015 | Validation samples: 210
[I 2026-04-25 14:56:43,028] Trial 62 pruned. Pruned at stage=stage1, task=store_dept, fold=0, epoch=4
Training samples: 1015 | Validation samples: 210
[I 2026-04-25 14:56:53,176] Trial 63 pruned. Pruned at stage=stage1, task=store_dept, fold=0, epoch=4
Training samples: 1015 | Validation samples: 210
[I 2026-04-25 14:57:07,163] Trial 64 pruned. Pruned at stage=stage1, task=store_dept, fold=0, epoch=5
Training samples: 1015 | Validation samples: 210
[I 2026-04-25 14:57:19,675] Trial 65 pruned. Pruned at stage=stage1, task=store_dept, fold=0, epoch=5
Training samples: 1015 | Validation samples: 210
Early stopping at epoch 7
[I 2026-04-25 14:57:34,212] Trial 66 finished with value: 0.9272177142306751 and parameters: {'hidden_dim': 96, 'dropout': 0.053143830285384976, 'lr': 0.0003904072570800713, 'weight_decay': 4.420261002548545e-05, 'batch_size': 32, 'cnn_num_blocks': 2, 'cnn_kernel_size': 5, 'num_heads': 8, 'num_sab_layers': 1, 'num_seeds': 2, 'num_inducing_points': 32}. Best is trial 42 with value: 0.9123226160039678.
Training samples: 1015 | Validation samples: 210
[I 2026-04-25 14:58:06,082] Trial 67 finished with value: 0.9381537428368659 and parameters: {'hidden_dim': 128, 'dropout': 0.08366082813294384, 'lr': 0.0003092900705011952, 'weight_decay': 1.0008278677941507e-05, 'batch_size': 32, 'cnn_num_blocks': 3, 'cnn_kernel_size': 5, 'num_heads': 8, 'num_sab_layers': 3, 'num_seeds': 1, 'num_inducing_points': 64}. Best is trial 42 with value: 0.9123226160039678.
Training samples: 1015 | Validation samples: 210
[I 2026-04-25 14:58:18,063] Trial 68 pruned. Pruned at stage=stage1, task=store_dept, fold=0, epoch=4
Training samples: 1015 | Validation samples: 210
[I 2026-04-25 14:58:25,981] Trial 69 pruned. Pruned at stage=stage1, task=store_dept, fold=0, epoch=4
Training samples: 1015 | Validation samples: 210
[I 2026-04-25 14:58:52,532] Trial 70 finished with value: 0.928292120059291 and parameters: {'hidden_dim': 160, 'dropout': 0.09868662452457064, 'lr': 0.0003520097178874023, 'weight_decay': 8.416284364557052e-05, 'batch_size': 32, 'cnn_num_blocks': 2, 'cnn_kernel_size': 5, 'num_heads': 8, 'num_sab_layers': 2, 'num_seeds': 2, 'num_inducing_points': 16}. Best is trial 42 with value: 0.9123226160039678.
Training samples: 1015 | Validation samples: 210
[I 2026-04-25 14:59:06,160] Trial 71 pruned. Pruned at stage=stage1, task=store_dept, fold=0, epoch=7
Training samples: 1015 | Validation samples: 210
[I 2026-04-25 14:59:22,457] Trial 72 finished with value: 0.9261218119863944 and parameters: {'hidden_dim': 96, 'dropout': 0.05342610726603639, 'lr': 0.0002591000662595332, 'weight_decay': 5.787857354472282e-05, 'batch_size': 32, 'cnn_num_blocks': 2, 'cnn_kernel_size': 5, 'num_heads': 8, 'num_sab_layers': 1, 'num_seeds': 2, 'num_inducing_points': 32}. Best is trial 42 with value: 0.9123226160039678.
Training samples: 1015 | Validation samples: 210
[I 2026-04-25 14:59:32,265] Trial 73 pruned. Pruned at stage=stage1, task=store_dept, fold=0, epoch=5
Training samples: 1015 | Validation samples: 210
[I 2026-04-25 14:59:40,189] Trial 74 pruned. Pruned at stage=stage1, task=store_dept, fold=0, epoch=4
Training samples: 1015 | Validation samples: 210
[I 2026-04-25 14:59:50,996] Trial 75 pruned. Pruned at stage=stage1, task=store_dept, fold=0, epoch=5
Training samples: 1015 | Validation samples: 210
[I 2026-04-25 14:59:58,475] Trial 76 pruned. Pruned at stage=stage1, task=store_dept, fold=0, epoch=4
Training samples: 1015 | Validation samples: 210
[I 2026-04-25 15:00:34,629] Trial 77 finished with value: 0.9165465589095144 and parameters: {'hidden_dim': 160, 'dropout': 0.09173299336889429, 'lr': 0.00023287474177994326, 'weight_decay': 1.0238814894449773e-06, 'batch_size': 16, 'cnn_num_blocks': 3, 'cnn_kernel_size': 3, 'num_heads': 8, 'num_sab_layers': 3, 'num_seeds': 2, 'num_inducing_points': 16}. Best is trial 42 with value: 0.9123226160039678.
Training samples: 1015 | Validation samples: 210
[I 2026-04-25 15:00:52,173] Trial 78 pruned. Pruned at stage=stage1, task=store_dept, fold=0, epoch=4
Training samples: 1015 | Validation samples: 210
[I 2026-04-25 15:01:13,497] Trial 79 pruned. Pruned at stage=stage1, task=store_dept, fold=0, epoch=5
Training samples: 1015 | Validation samples: 210
[I 2026-04-25 15:01:34,956] Trial 80 pruned. Pruned at stage=stage1, task=store_dept, fold=0, epoch=5
Training samples: 1015 | Validation samples: 210
[I 2026-04-25 15:01:56,429] Trial 81 pruned. Pruned at stage=stage1, task=store_dept, fold=0, epoch=5
Training samples: 1015 | Validation samples: 210
[I 2026-04-25 15:02:17,776] Trial 82 pruned. Pruned at stage=stage1, task=store_dept, fold=0, epoch=5
Training samples: 1015 | Validation samples: 210
[I 2026-04-25 15:02:24,237] Trial 83 pruned. Pruned at stage=stage1, task=store_dept, fold=0, epoch=4
Training samples: 1015 | Validation samples: 210
[I 2026-04-25 15:02:31,742] Trial 84 pruned. Pruned at stage=stage1, task=store_dept, fold=0, epoch=4
Training samples: 1015 | Validation samples: 210
[I 2026-04-25 15:02:43,753] Trial 85 pruned. Pruned at stage=stage1, task=store_dept, fold=0, epoch=5
Training samples: 1015 | Validation samples: 210
[I 2026-04-25 15:03:00,371] Trial 86 pruned. Pruned at stage=stage1, task=store_dept, fold=0, epoch=4
Training samples: 1015 | Validation samples: 210
[I 2026-04-25 15:03:20,805] Trial 87 pruned. Pruned at stage=stage1, task=store_dept, fold=0, epoch=7
Training samples: 1015 | Validation samples: 210
[I 2026-04-25 15:03:33,398] Trial 88 pruned. Pruned at stage=stage1, task=store_dept, fold=0, epoch=4
Training samples: 1015 | Validation samples: 210
[I 2026-04-25 15:03:45,290] Trial 89 pruned. Pruned at stage=stage1, task=store_dept, fold=0, epoch=5
Training samples: 1015 | Validation samples: 210
[I 2026-04-25 15:04:15,362] Trial 90 pruned. Pruned at stage=stage1, task=store_dept, fold=0, epoch=7
Training samples: 1015 | Validation samples: 210
[I 2026-04-25 15:04:31,905] Trial 91 finished with value: 0.9347331005488906 and parameters: {'hidden_dim': 96, 'dropout': 0.05390781435754409, 'lr': 0.001344256322759325, 'weight_decay': 4.782025227941273e-05, 'batch_size': 32, 'cnn_num_blocks': 2, 'cnn_kernel_size': 5, 'num_heads': 8, 'num_sab_layers': 1, 'num_seeds': 2, 'num_inducing_points': 32}. Best is trial 42 with value: 0.9123226160039678.
Training samples: 1015 | Validation samples: 210
Early stopping at epoch 7
[I 2026-04-25 15:04:46,392] Trial 92 finished with value: 0.9426078155274203 and parameters: {'hidden_dim': 96, 'dropout': 0.04829942600473611, 'lr': 0.00040884901962470586, 'weight_decay': 4.128460776812416e-05, 'batch_size': 32, 'cnn_num_blocks': 2, 'cnn_kernel_size': 5, 'num_heads': 8, 'num_sab_layers': 1, 'num_seeds': 2, 'num_inducing_points': 32}. Best is trial 42 with value: 0.9123226160039678.
Training samples: 1015 | Validation samples: 210
[I 2026-04-25 15:04:54,490] Trial 93 pruned. Pruned at stage=stage1, task=store_dept, fold=0, epoch=4
Training samples: 1015 | Validation samples: 210
[I 2026-04-25 15:05:04,422] Trial 94 pruned. Pruned at stage=stage1, task=store_dept, fold=0, epoch=5
Training samples: 1015 | Validation samples: 210
[I 2026-04-25 15:05:12,444] Trial 95 pruned. Pruned at stage=stage1, task=store_dept, fold=0, epoch=4
Training samples: 2436 | Validation samples: 210
Training samples: 1044 | Validation samples: 90
Training samples: 731 | Validation samples: 63
Training samples: 2436 | Validation samples: 210
Training samples: 1044 | Validation samples: 90
Training samples: 731 | Validation samples: 63
Training samples: 2436 | Validation samples: 210
Early stopping at epoch 10
Training samples: 1044 | Validation samples: 90
Training samples: 731 | Validation samples: 63
Early stopping at epoch 9
Training samples: 2436 | Validation samples: 210
Training samples: 1044 | Validation samples: 90
Training samples: 731 | Validation samples: 63
Training samples: 2436 | Validation samples: 210
Training samples: 1044 | Validation samples: 90
Training samples: 731 | Validation samples: 63
Training samples: 2436 | Validation samples: 210
Training samples: 1044 | Validation samples: 90
Training samples: 731 | Validation samples: 63
Training samples: 2436 | Validation samples: 210
Early stopping at epoch 9
Training samples: 1044 | Validation samples: 90
Training samples: 731 | Validation samples: 63
Training samples: 2436 | Validation samples: 210
Training samples: 1044 | Validation samples: 90
Training samples: 731 | Validation samples: 63
Training samples: 4060 | Validation samples: 210
Early stopping at epoch 8
Training samples: 1740 | Validation samples: 90
Training samples: 1218 | Validation samples: 63
Multistage tuning summary:
{'stage1_trials_csv': '/root/autodl-tmp/m5/work/holdout/01_tuning/SetTransformer/stage1_trials.csv', 'stage2_confirmation_csv': '/root/autodl-tmp/m5/work/holdout/01_tuning/SetTransformer/stage2_confirmation.csv', 'best_params_json': '/root/autodl-tmp/m5/work/holdout/01_tuning/SetTransformer/best_params.json', 'best_params': {'model_name': 'SetTransformer', 'hidden_dim': 96, 'dropout': 0.03900466011060913, 'lr': 0.0003051362379613694, 'weight_decay': 1.4347159517201402e-06, 'batch_size': 16, 'cnn_num_blocks': 3, 'cnn_kernel_size': 3, 'recent_window': 14, 'lag_windows': [7, 14, 28, 56], 'stat_windows': [7, 28, 56], 'epochs': 24, 'patience': 6, 'use_permreg': False, 'stage1_objective': 0.9233754848790211, 'stage2_objective': 0.8899626831715278, 'trial_number': 0}, 'final_retrain_results_csv': '/root/autodl-tmp/m5/work/holdout/01_tuning/SetTransformer/final_retrain_results.csv', 'final_mean_metric': 0.7984778131605793}

$ /root/miniconda3/bin/python /root/autodl-tmp/m5/scripts/run_m5_ablation.py --data-dir /root/autodl-tmp/m5/data --output-dir /root/autodl-tmp/m5/work/holdout/02_ablation --mode holdout --tasks store_dept,store_cat,state_dept --recent-window 14 --lag-windows 7,14,28,56 --stat-windows 7,28,56 --params-json /root/autodl-tmp/m5/work/holdout/01_tuning/M3_FullSkuTemporalCNN/best_params.json --quantiles 0.005,0.025,0.165,0.25,0.5,0.75,0.835,0.975,0.995 --epochs 24 --patience 6 --t-hist 56 --horizon 28 --valid-size 4 --test-size 4 --internal-valid-size 3 --gap 0 --min-train-origins 20 --min-final-train-origins 20 --sku-universe-mode history --store-sku-sample-frac 0.1 --store-sku-sample-seed 42 --cache-dir /root/autodl-tmp/m5/cache
Using cache directory: /root/autodl-tmp/m5/cache
Building/loading cached experiment artifacts...
[M5-PREP] Loading cached task package for task=store_dept...
[M5-PREP] Loaded cached task package for task=store_dept | stage 00:00 | total 00:00
[M5-PREP] Loading cached samples: task=store_dept split=final_train_samples...
[M5-PREP] Loaded cached samples: task=store_dept split=final_train_samples n=4060 | stage 00:01 | total 00:01
[M5-PREP] Loading cached samples: task=store_dept split=internal_valid_samples...
[M5-PREP] Loaded cached samples: task=store_dept split=internal_valid_samples n=210 | stage 00:00 | total 00:00
[M5-PREP] Loading cached samples: task=store_dept split=test_samples...
[M5-PREP] Loaded cached samples: task=store_dept split=test_samples n=280 | stage 00:00 | total 00:00
[M5-PREP] Loading cached task package for task=store_cat...
[M5-PREP] Loaded cached task package for task=store_cat | stage 00:00 | total 00:00
[M5-PREP] Loading cached samples: task=store_cat split=final_train_samples...
[M5-PREP] Loaded cached samples: task=store_cat split=final_train_samples n=1740 | stage 00:00 | total 00:00
[M5-PREP] Loading cached samples: task=store_cat split=internal_valid_samples...
[M5-PREP] Loaded cached samples: task=store_cat split=internal_valid_samples n=90 | stage 00:00 | total 00:00
[M5-PREP] Loading cached samples: task=store_cat split=test_samples...
[M5-PREP] Loaded cached samples: task=store_cat split=test_samples n=120 | stage 00:00 | total 00:00
[M5-PREP] Loading cached task package for task=state_dept...
[M5-PREP] Loaded cached task package for task=state_dept | stage 00:00 | total 00:00
[M5-PREP] Loading cached samples: task=state_dept split=final_train_samples...
[M5-PREP] Loaded cached samples: task=state_dept split=final_train_samples n=1218 | stage 00:00 | total 00:00
[M5-PREP] Loading cached samples: task=state_dept split=internal_valid_samples...
[M5-PREP] Loaded cached samples: task=state_dept split=internal_valid_samples n=63 | stage 00:00 | total 00:00
[M5-PREP] Loading cached samples: task=state_dept split=test_samples...
[M5-PREP] Loaded cached samples: task=state_dept split=test_samples n=84 | stage 00:00 | total 00:00

=== Ablation task: store_dept ===
[Ablation] Task=store_dept Holdout Model=M0_AggHistOnly Metric=point
Training samples: 4060 | Validation samples: 210
[Epoch 001] train=0.132535 valid=0.097896 lr=0.00174587 time=4.2s
[Epoch 002] train=0.113541 valid=0.093024 lr=0.00174587 time=3.9s
[Epoch 003] train=0.111114 valid=0.100945 lr=0.00174587 time=4.0s
[Epoch 004] train=0.109120 valid=0.092926 lr=0.00174587 time=4.0s
[Epoch 005] train=0.111448 valid=0.108017 lr=0.00174587 time=3.9s
[Epoch 006] train=0.112734 valid=0.148032 lr=0.00174587 time=3.7s
[Epoch 007] train=0.112256 valid=0.109198 lr=0.000872934 time=3.8s
[Epoch 008] train=0.093362 valid=0.099461 lr=0.000872934 time=2.6s
[Epoch 009] train=0.097571 valid=0.121231 lr=0.000872934 time=3.5s
[Epoch 010] train=0.096276 valid=0.091253 lr=0.000872934 time=3.6s
[Epoch 011] train=0.097605 valid=0.103309 lr=0.000872934 time=3.7s
[Epoch 012] train=0.098316 valid=0.092355 lr=0.000872934 time=3.7s
[Epoch 013] train=0.103012 valid=0.091464 lr=0.000436467 time=3.7s
[Epoch 014] train=0.089454 valid=0.094976 lr=0.000436467 time=3.7s
[Epoch 015] train=0.089204 valid=0.093657 lr=0.000436467 time=3.6s
[Epoch 016] train=0.089227 valid=0.099361 lr=0.000218233 time=3.7s
Early stopping at epoch 16
[Ablation] Task=store_dept Holdout Model=M0_AggHistOnly Metric=quantile
Training samples: 4060 | Validation samples: 210
[Epoch 001] train=0.049970 valid=0.049189 lr=0.00174587 time=4.4s
[Epoch 002] train=0.041966 valid=0.045525 lr=0.00174587 time=4.2s
[Epoch 003] train=0.040376 valid=0.043027 lr=0.00174587 time=4.1s
[Epoch 004] train=0.040914 valid=0.053560 lr=0.00174587 time=4.1s
[Epoch 005] train=0.039603 valid=0.047907 lr=0.00174587 time=4.2s
[Epoch 006] train=0.040017 valid=0.045802 lr=0.000872934 time=4.6s
[Epoch 007] train=0.038146 valid=0.043377 lr=0.000872934 time=4.4s
[Epoch 008] train=0.038135 valid=0.042810 lr=0.000872934 time=4.4s
[Epoch 009] train=0.037952 valid=0.046373 lr=0.000872934 time=4.6s
[Epoch 010] train=0.037975 valid=0.043539 lr=0.000872934 time=4.6s
[Epoch 011] train=0.037711 valid=0.043491 lr=0.000436467 time=4.5s
[Epoch 012] train=0.036918 valid=0.042385 lr=0.000436467 time=4.6s
[Epoch 013] train=0.036796 valid=0.042401 lr=0.000436467 time=4.6s
[Epoch 014] train=0.036934 valid=0.042236 lr=0.000436467 time=4.2s
[Epoch 015] train=0.036535 valid=0.042478 lr=0.000436467 time=4.5s
[Epoch 016] train=0.036606 valid=0.042489 lr=0.000436467 time=4.5s
[Epoch 017] train=0.036712 valid=0.042393 lr=0.000218233 time=4.5s
[Epoch 018] train=0.036048 valid=0.042111 lr=0.000218233 time=4.4s
[Epoch 019] train=0.036064 valid=0.044626 lr=0.000218233 time=4.5s
[Epoch 020] train=0.036174 valid=0.043089 lr=0.000218233 time=4.5s
[Epoch 021] train=0.035855 valid=0.042020 lr=0.000218233 time=4.4s
[Epoch 022] train=0.035980 valid=0.043163 lr=0.000218233 time=4.5s
[Epoch 023] train=0.035634 valid=0.042466 lr=0.000218233 time=4.4s
[Epoch 024] train=0.035768 valid=0.042238 lr=0.000109117 time=4.4s
[Ablation] Task=store_dept Holdout Model=M1_AggHistFutureSummary Metric=point
Training samples: 4060 | Validation samples: 210
[Epoch 001] train=0.164980 valid=0.098673 lr=0.00174587 time=4.9s
[Epoch 002] train=0.100954 valid=0.117146 lr=0.00174587 time=4.8s
[Epoch 003] train=0.110632 valid=0.137236 lr=0.00174587 time=4.9s
[Epoch 004] train=0.104527 valid=0.151648 lr=0.000872934 time=4.8s
[Epoch 005] train=0.090796 valid=0.095285 lr=0.000872934 time=4.9s
[Epoch 006] train=0.097888 valid=0.121652 lr=0.000872934 time=4.9s
[Epoch 007] train=0.090994 valid=0.085249 lr=0.000872934 time=4.9s
[Epoch 008] train=0.097895 valid=0.100551 lr=0.000872934 time=4.9s
[Epoch 009] train=0.091318 valid=0.087861 lr=0.000872934 time=4.9s
[Epoch 010] train=0.088746 valid=0.107014 lr=0.000436467 time=4.7s
[Epoch 011] train=0.083962 valid=0.083933 lr=0.000436467 time=4.7s
[Epoch 012] train=0.083873 valid=0.150114 lr=0.000436467 time=4.7s
[Epoch 013] train=0.083165 valid=0.086416 lr=0.000436467 time=4.7s
[Epoch 014] train=0.083027 valid=0.125750 lr=0.000218233 time=4.6s
[Epoch 015] train=0.080082 valid=0.087261 lr=0.000218233 time=4.6s
[Epoch 016] train=0.077092 valid=0.085605 lr=0.000218233 time=4.7s
[Epoch 017] train=0.077401 valid=0.083976 lr=0.000109117 time=4.7s
Early stopping at epoch 17
[Ablation] Task=store_dept Holdout Model=M1_AggHistFutureSummary Metric=quantile
Training samples: 4060 | Validation samples: 210
[Epoch 001] train=0.048975 valid=0.049065 lr=0.00174587 time=5.1s
[Epoch 002] train=0.041490 valid=0.045045 lr=0.00174587 time=5.1s
[Epoch 003] train=0.039652 valid=0.043068 lr=0.00174587 time=5.0s
[Epoch 004] train=0.039211 valid=0.046944 lr=0.00174587 time=4.9s
[Epoch 005] train=0.039867 valid=0.042111 lr=0.00174587 time=5.0s
[Epoch 006] train=0.038919 valid=0.043047 lr=0.00174587 time=5.0s
[Epoch 007] train=0.038863 valid=0.048264 lr=0.00174587 time=5.0s
[Epoch 008] train=0.039919 valid=0.046199 lr=0.000872934 time=5.0s
[Epoch 009] train=0.036745 valid=0.041232 lr=0.000872934 time=5.0s
[Epoch 010] train=0.036757 valid=0.041017 lr=0.000872934 time=5.1s
[Epoch 011] train=0.037352 valid=0.043505 lr=0.000872934 time=5.1s
[Epoch 012] train=0.036671 valid=0.040969 lr=0.000872934 time=5.0s
[Epoch 013] train=0.036409 valid=0.040782 lr=0.000872934 time=5.0s
[Epoch 014] train=0.036215 valid=0.042553 lr=0.000872934 time=5.1s
[Epoch 015] train=0.037020 valid=0.046658 lr=0.000872934 time=5.0s
[Epoch 016] train=0.036235 valid=0.041859 lr=0.000436467 time=5.0s
[Epoch 017] train=0.035369 valid=0.039873 lr=0.000436467 time=5.0s
[Epoch 018] train=0.035387 valid=0.040880 lr=0.000436467 time=5.0s
[Epoch 019] train=0.035134 valid=0.041792 lr=0.000436467 time=5.1s
[Epoch 020] train=0.035161 valid=0.041175 lr=0.000218233 time=5.1s
[Epoch 021] train=0.034535 valid=0.040484 lr=0.000218233 time=5.1s
[Epoch 022] train=0.034387 valid=0.039986 lr=0.000218233 time=5.1s
[Epoch 023] train=0.034103 valid=0.039920 lr=0.000109117 time=5.0s
Early stopping at epoch 23
[Ablation] Task=store_dept Holdout Model=M3_FullSkuTemporalCNN Metric=point
Training samples: 4060 | Validation samples: 210
[Epoch 001] train=0.130117 valid=0.097006 lr=0.00174587 time=8.3s
[Epoch 002] train=0.102903 valid=0.091452 lr=0.00174587 time=8.0s
[Epoch 003] train=0.105069 valid=0.089403 lr=0.00174587 time=8.0s
[Epoch 004] train=0.100646 valid=0.087544 lr=0.00174587 time=7.9s
[Epoch 005] train=0.095571 valid=0.090081 lr=0.00174587 time=8.0s
[Epoch 006] train=0.089915 valid=0.091980 lr=0.00174587 time=7.9s
[Epoch 007] train=0.095558 valid=0.085745 lr=0.00174587 time=8.0s
[Epoch 008] train=0.087972 valid=0.128108 lr=0.00174587 time=8.0s
[Epoch 009] train=0.096450 valid=0.187487 lr=0.00174587 time=8.1s
[Epoch 010] train=0.094179 valid=0.100205 lr=0.000872934 time=8.1s
[Epoch 011] train=0.079616 valid=0.085964 lr=0.000872934 time=8.2s
[Epoch 012] train=0.078202 valid=0.098889 lr=0.000872934 time=8.2s
[Epoch 013] train=0.076953 valid=0.086561 lr=0.000436467 time=8.2s
Early stopping at epoch 13
[Ablation] Task=store_dept Holdout Model=M3_FullSkuTemporalCNN Metric=quantile
Training samples: 4060 | Validation samples: 210
[Epoch 001] train=0.047723 valid=0.044797 lr=0.00174587 time=8.4s
[Epoch 002] train=0.040209 valid=0.042944 lr=0.00174587 time=8.4s
[Epoch 003] train=0.040025 valid=0.042968 lr=0.00174587 time=8.4s
[Epoch 004] train=0.038795 valid=0.043329 lr=0.00174587 time=8.2s
[Epoch 005] train=0.038497 valid=0.045390 lr=0.000872934 time=8.3s
[Epoch 006] train=0.036429 valid=0.041739 lr=0.000872934 time=8.2s
[Epoch 007] train=0.035916 valid=0.041644 lr=0.000872934 time=8.2s
[Epoch 008] train=0.035799 valid=0.040959 lr=0.000872934 time=8.1s
[Epoch 009] train=0.035491 valid=0.041390 lr=0.000872934 time=8.2s
[Epoch 010] train=0.034760 valid=0.042484 lr=0.000872934 time=8.3s
[Epoch 011] train=0.035906 valid=0.050041 lr=0.000436467 time=8.3s
[Epoch 012] train=0.033797 valid=0.042575 lr=0.000436467 time=8.3s
[Epoch 013] train=0.033510 valid=0.040430 lr=0.000436467 time=8.5s
[Epoch 014] train=0.033412 valid=0.040244 lr=0.000436467 time=8.4s
[Epoch 015] train=0.033573 valid=0.040969 lr=0.000436467 time=8.4s
[Epoch 016] train=0.033200 valid=0.040611 lr=0.000436467 time=8.3s
[Epoch 017] train=0.032772 valid=0.042546 lr=0.000218233 time=8.2s
[Epoch 018] train=0.031861 valid=0.040316 lr=0.000218233 time=8.1s
[Epoch 019] train=0.031440 valid=0.040288 lr=0.000218233 time=8.0s
[Epoch 020] train=0.031366 valid=0.040792 lr=0.000109117 time=7.9s
Early stopping at epoch 20

=== Ablation task: store_cat ===
[Ablation] Task=store_cat Holdout Model=M0_AggHistOnly Metric=point
Training samples: 1740 | Validation samples: 90
[Epoch 001] train=0.150895 valid=0.110259 lr=0.00174587 time=1.9s
[Epoch 002] train=0.116705 valid=0.111097 lr=0.00174587 time=1.9s
[Epoch 003] train=0.114590 valid=0.126391 lr=0.00174587 time=2.2s
[Epoch 004] train=0.115581 valid=0.112275 lr=0.000872934 time=2.2s
[Epoch 005] train=0.107523 valid=0.114800 lr=0.000872934 time=2.3s
[Epoch 006] train=0.101035 valid=0.102446 lr=0.000872934 time=2.2s
[Epoch 007] train=0.106554 valid=0.104257 lr=0.000872934 time=2.2s
[Epoch 008] train=0.098967 valid=0.114415 lr=0.000872934 time=2.2s
[Epoch 009] train=0.098191 valid=0.115197 lr=0.000436467 time=2.2s
[Epoch 010] train=0.093436 valid=0.102206 lr=0.000436467 time=2.1s
[Epoch 011] train=0.094696 valid=0.100437 lr=0.000436467 time=1.9s
[Epoch 012] train=0.092326 valid=0.108332 lr=0.000436467 time=1.9s
[Epoch 013] train=0.093016 valid=0.101057 lr=0.000436467 time=1.7s
[Epoch 014] train=0.092722 valid=0.101667 lr=0.000218233 time=1.6s
[Epoch 015] train=0.088723 valid=0.100429 lr=0.000218233 time=1.6s
[Epoch 016] train=0.088778 valid=0.101237 lr=0.000218233 time=1.6s
[Epoch 017] train=0.086788 valid=0.106200 lr=0.000109117 time=1.6s
[Epoch 018] train=0.085924 valid=0.105495 lr=0.000109117 time=1.6s
[Epoch 019] train=0.084645 valid=0.114605 lr=0.000109117 time=1.8s
[Epoch 020] train=0.085252 valid=0.098813 lr=0.000109117 time=1.7s
[Epoch 021] train=0.084226 valid=0.097700 lr=0.000109117 time=1.6s
[Epoch 022] train=0.082482 valid=0.098292 lr=0.000109117 time=1.6s
[Epoch 023] train=0.082979 valid=0.096950 lr=0.000109117 time=1.7s
[Epoch 024] train=0.083454 valid=0.098371 lr=0.000109117 time=1.6s
[Ablation] Task=store_cat Holdout Model=M0_AggHistOnly Metric=quantile
Training samples: 1740 | Validation samples: 90
[Epoch 001] train=0.064916 valid=0.052549 lr=0.00174587 time=2.0s
[Epoch 002] train=0.049314 valid=0.054481 lr=0.00174587 time=2.0s
[Epoch 003] train=0.047534 valid=0.055770 lr=0.00174587 time=1.9s
[Epoch 004] train=0.048264 valid=0.051967 lr=0.00174587 time=1.9s
[Epoch 005] train=0.049079 valid=0.050125 lr=0.00174587 time=2.3s
[Epoch 006] train=0.049733 valid=0.054098 lr=0.00174587 time=2.2s
[Epoch 007] train=0.047553 valid=0.050448 lr=0.00174587 time=2.0s
[Epoch 008] train=0.048885 valid=0.052669 lr=0.000872934 time=2.2s
[Epoch 009] train=0.046170 valid=0.054935 lr=0.000872934 time=2.2s
[Epoch 010] train=0.045259 valid=0.052713 lr=0.000872934 time=2.2s
[Epoch 011] train=0.044760 valid=0.051323 lr=0.000436467 time=2.1s
Early stopping at epoch 11
[Ablation] Task=store_cat Holdout Model=M1_AggHistFutureSummary Metric=point
Training samples: 1740 | Validation samples: 90
[Epoch 001] train=0.240534 valid=0.141473 lr=0.00174587 time=2.0s
[Epoch 002] train=0.120442 valid=0.110607 lr=0.00174587 time=2.3s
[Epoch 003] train=0.108298 valid=0.111185 lr=0.00174587 time=2.5s
[Epoch 004] train=0.110083 valid=0.163503 lr=0.00174587 time=2.5s
[Epoch 005] train=0.114070 valid=0.134360 lr=0.000872934 time=2.4s
[Epoch 006] train=0.097415 valid=0.098390 lr=0.000872934 time=2.3s
[Epoch 007] train=0.093047 valid=0.093801 lr=0.000872934 time=2.4s
[Epoch 008] train=0.093280 valid=0.097497 lr=0.000872934 time=2.4s
[Epoch 009] train=0.088295 valid=0.103526 lr=0.000872934 time=2.5s
[Epoch 010] train=0.089564 valid=0.119151 lr=0.000436467 time=2.2s
[Epoch 011] train=0.087903 valid=0.094799 lr=0.000436467 time=2.4s
[Epoch 012] train=0.084105 valid=0.093836 lr=0.000436467 time=2.4s
[Epoch 013] train=0.083141 valid=0.096545 lr=0.000218233 time=2.5s
Early stopping at epoch 13
[Ablation] Task=store_cat Holdout Model=M1_AggHistFutureSummary Metric=quantile
Training samples: 1740 | Validation samples: 90
[Epoch 001] train=0.067742 valid=0.053533 lr=0.00174587 time=2.3s
[Epoch 002] train=0.050802 valid=0.056972 lr=0.00174587 time=2.0s
[Epoch 003] train=0.047714 valid=0.050108 lr=0.00174587 time=2.0s
[Epoch 004] train=0.046932 valid=0.052419 lr=0.00174587 time=2.4s
[Epoch 005] train=0.047591 valid=0.050797 lr=0.00174587 time=2.6s
[Epoch 006] train=0.046738 valid=0.050072 lr=0.00174587 time=2.6s
[Epoch 007] train=0.044368 valid=0.049284 lr=0.00174587 time=2.6s
[Epoch 008] train=0.045699 valid=0.048936 lr=0.00174587 time=2.6s
[Epoch 009] train=0.044897 valid=0.051674 lr=0.00174587 time=2.6s
[Epoch 010] train=0.044917 valid=0.049133 lr=0.00174587 time=2.5s
[Epoch 011] train=0.044951 valid=0.048792 lr=0.00174587 time=2.4s
[Epoch 012] train=0.044522 valid=0.048367 lr=0.00174587 time=2.6s
[Epoch 013] train=0.044254 valid=0.049849 lr=0.00174587 time=2.6s
[Epoch 014] train=0.045137 valid=0.048117 lr=0.00174587 time=2.6s
[Epoch 015] train=0.044462 valid=0.048172 lr=0.00174587 time=2.8s
[Epoch 016] train=0.044570 valid=0.047444 lr=0.00174587 time=2.6s
[Epoch 017] train=0.044602 valid=0.047918 lr=0.00174587 time=2.6s
[Epoch 018] train=0.044240 valid=0.049219 lr=0.00174587 time=2.6s
[Epoch 019] train=0.043919 valid=0.049618 lr=0.000872934 time=2.6s
[Epoch 020] train=0.042501 valid=0.050735 lr=0.000872934 time=2.5s
[Epoch 021] train=0.042714 valid=0.049073 lr=0.000872934 time=2.5s
[Epoch 022] train=0.042332 valid=0.047960 lr=0.000436467 time=2.5s
Early stopping at epoch 22
[Ablation] Task=store_cat Holdout Model=M3_FullSkuTemporalCNN Metric=point
Training samples: 1740 | Validation samples: 90
[Epoch 001] train=0.196013 valid=0.111785 lr=0.00174587 time=4.8s
[Epoch 002] train=0.113073 valid=0.124104 lr=0.00174587 time=4.7s
[Epoch 003] train=0.104964 valid=0.124211 lr=0.00174587 time=4.8s
[Epoch 004] train=0.098799 valid=0.094593 lr=0.00174587 time=4.7s
[Epoch 005] train=0.101905 valid=0.096891 lr=0.00174587 time=4.7s
[Epoch 006] train=0.093406 valid=0.106113 lr=0.00174587 time=4.7s
[Epoch 007] train=0.096703 valid=0.093108 lr=0.00174587 time=4.7s
[Epoch 008] train=0.091459 valid=0.118065 lr=0.00174587 time=4.7s
[Epoch 009] train=0.093768 valid=0.090865 lr=0.00174587 time=4.7s
[Epoch 010] train=0.085776 valid=0.092570 lr=0.00174587 time=4.8s
[Epoch 011] train=0.084048 valid=0.092960 lr=0.00174587 time=4.6s
[Epoch 012] train=0.086096 valid=0.086679 lr=0.00174587 time=4.4s
[Epoch 013] train=0.089839 valid=0.085154 lr=0.00174587 time=4.3s
[Epoch 014] train=0.082966 valid=0.120082 lr=0.00174587 time=3.9s
[Epoch 015] train=0.081874 valid=0.083088 lr=0.00174587 time=3.9s
[Epoch 016] train=0.076385 valid=0.115605 lr=0.00174587 time=4.0s
[Epoch 017] train=0.078130 valid=0.106749 lr=0.00174587 time=3.9s
[Epoch 018] train=0.077243 valid=0.089770 lr=0.000872934 time=4.0s
[Epoch 019] train=0.066468 valid=0.090873 lr=0.000872934 time=4.0s
[Epoch 020] train=0.064958 valid=0.085108 lr=0.000872934 time=4.0s
[Epoch 021] train=0.064811 valid=0.082605 lr=0.000872934 time=3.9s
[Epoch 022] train=0.062479 valid=0.089484 lr=0.000872934 time=4.2s
[Epoch 023] train=0.064111 valid=0.082811 lr=0.000872934 time=4.4s
[Epoch 024] train=0.063999 valid=0.086057 lr=0.000436467 time=4.4s
[Ablation] Task=store_cat Holdout Model=M3_FullSkuTemporalCNN Metric=quantile
Training samples: 1740 | Validation samples: 90
[Epoch 001] train=0.064900 valid=0.058274 lr=0.00174587 time=4.9s
[Epoch 002] train=0.050672 valid=0.049610 lr=0.00174587 time=5.0s
[Epoch 003] train=0.046430 valid=0.048834 lr=0.00174587 time=5.1s
[Epoch 004] train=0.044509 valid=0.053911 lr=0.00174587 time=5.1s
[Epoch 005] train=0.044061 valid=0.050745 lr=0.00174587 time=5.1s
[Epoch 006] train=0.043853 valid=0.047451 lr=0.00174587 time=5.1s
[Epoch 007] train=0.044351 valid=0.047579 lr=0.00174587 time=5.1s
[Epoch 008] train=0.042326 valid=0.046776 lr=0.00174587 time=5.1s
[Epoch 009] train=0.044125 valid=0.047955 lr=0.00174587 time=5.0s
[Epoch 010] train=0.041780 valid=0.051856 lr=0.00174587 time=5.1s
[Epoch 011] train=0.042493 valid=0.057461 lr=0.000872934 time=5.1s
[Epoch 012] train=0.040728 valid=0.046371 lr=0.000872934 time=5.1s
[Epoch 013] train=0.039263 valid=0.050388 lr=0.000872934 time=5.1s
[Epoch 014] train=0.038944 valid=0.046680 lr=0.000872934 time=5.1s
[Epoch 015] train=0.038797 valid=0.049848 lr=0.000436467 time=5.1s
[Epoch 016] train=0.037416 valid=0.047944 lr=0.000436467 time=5.1s
[Epoch 017] train=0.037055 valid=0.047589 lr=0.000436467 time=5.1s
[Epoch 018] train=0.036887 valid=0.047501 lr=0.000218233 time=5.1s
Early stopping at epoch 18

=== Ablation task: state_dept ===
[Ablation] Task=state_dept Holdout Model=M0_AggHistOnly Metric=point
Training samples: 1218 | Validation samples: 63
[Epoch 001] train=0.202258 valid=0.070469 lr=0.00174587 time=1.5s
[Epoch 002] train=0.088369 valid=0.124643 lr=0.00174587 time=1.4s
[Epoch 003] train=0.078756 valid=0.075701 lr=0.00174587 time=1.4s
[Epoch 004] train=0.085015 valid=0.138033 lr=0.000872934 time=1.4s
[Epoch 005] train=0.062916 valid=0.117976 lr=0.000872934 time=1.4s
[Epoch 006] train=0.061178 valid=0.060703 lr=0.000872934 time=1.4s
[Epoch 007] train=0.068651 valid=0.059940 lr=0.000872934 time=1.5s
[Epoch 008] train=0.055043 valid=0.059420 lr=0.000872934 time=1.4s
[Epoch 009] train=0.063845 valid=0.090458 lr=0.000872934 time=1.4s
[Epoch 010] train=0.059915 valid=0.062843 lr=0.000872934 time=1.4s
[Epoch 011] train=0.061363 valid=0.065739 lr=0.000436467 time=1.4s
[Epoch 012] train=0.053785 valid=0.060306 lr=0.000436467 time=1.4s
[Epoch 013] train=0.053391 valid=0.058201 lr=0.000436467 time=1.4s
[Epoch 014] train=0.049873 valid=0.061292 lr=0.000436467 time=1.4s
[Epoch 015] train=0.048565 valid=0.061142 lr=0.000436467 time=1.4s
[Epoch 016] train=0.050606 valid=0.069933 lr=0.000218233 time=1.4s
[Epoch 017] train=0.048354 valid=0.061596 lr=0.000218233 time=1.4s
[Epoch 018] train=0.047486 valid=0.065942 lr=0.000218233 time=1.4s
[Epoch 019] train=0.048891 valid=0.059171 lr=0.000109117 time=1.4s
Early stopping at epoch 19
[Ablation] Task=state_dept Holdout Model=M0_AggHistOnly Metric=quantile
Training samples: 1218 | Validation samples: 63
[Epoch 001] train=0.054918 valid=0.056436 lr=0.00174587 time=1.5s
[Epoch 002] train=0.037051 valid=0.041153 lr=0.00174587 time=1.5s
[Epoch 003] train=0.036285 valid=0.036519 lr=0.00174587 time=1.5s
[Epoch 004] train=0.036364 valid=0.041217 lr=0.00174587 time=1.6s
[Epoch 005] train=0.035000 valid=0.044014 lr=0.00174587 time=1.5s
[Epoch 006] train=0.033183 valid=0.039509 lr=0.000872934 time=1.6s
[Epoch 007] train=0.031745 valid=0.035220 lr=0.000872934 time=1.9s
[Epoch 008] train=0.031398 valid=0.034778 lr=0.000872934 time=1.7s
[Epoch 009] train=0.030786 valid=0.034411 lr=0.000872934 time=1.5s
[Epoch 010] train=0.030382 valid=0.036059 lr=0.000872934 time=1.5s
[Epoch 011] train=0.031278 valid=0.043220 lr=0.000872934 time=1.5s
[Epoch 012] train=0.032253 valid=0.037355 lr=0.000436467 time=1.6s
[Epoch 013] train=0.030592 valid=0.034016 lr=0.000436467 time=1.8s
[Epoch 014] train=0.029462 valid=0.034024 lr=0.000436467 time=1.7s
[Epoch 015] train=0.029416 valid=0.033746 lr=0.000436467 time=1.4s
[Epoch 016] train=0.029249 valid=0.035475 lr=0.000436467 time=1.6s
[Epoch 017] train=0.029150 valid=0.035652 lr=0.000436467 time=1.8s
[Epoch 018] train=0.028794 valid=0.034350 lr=0.000218233 time=1.8s
[Epoch 019] train=0.028886 valid=0.034552 lr=0.000218233 time=1.7s
[Epoch 020] train=0.028655 valid=0.033836 lr=0.000218233 time=1.5s
[Epoch 021] train=0.028424 valid=0.033595 lr=0.000218233 time=1.6s
[Epoch 022] train=0.028260 valid=0.034444 lr=0.000218233 time=1.8s
[Epoch 023] train=0.028142 valid=0.033374 lr=0.000218233 time=1.6s
[Epoch 024] train=0.028556 valid=0.033318 lr=0.000218233 time=1.7s
[Ablation] Task=state_dept Holdout Model=M1_AggHistFutureSummary Metric=point
Training samples: 1218 | Validation samples: 63
[Epoch 001] train=0.324217 valid=0.086355 lr=0.00174587 time=1.6s
[Epoch 002] train=0.090617 valid=0.067792 lr=0.00174587 time=1.6s
[Epoch 003] train=0.079796 valid=0.062491 lr=0.00174587 time=1.6s
[Epoch 004] train=0.074213 valid=0.064119 lr=0.00174587 time=1.6s
[Epoch 005] train=0.065778 valid=0.072467 lr=0.00174587 time=1.6s
[Epoch 006] train=0.068276 valid=0.130934 lr=0.000872934 time=1.6s
[Epoch 007] train=0.061626 valid=0.055934 lr=0.000872934 time=1.6s
[Epoch 008] train=0.055396 valid=0.161568 lr=0.000872934 time=1.7s
[Epoch 009] train=0.064669 valid=0.059043 lr=0.000872934 time=1.6s
[Epoch 010] train=0.060316 valid=0.056956 lr=0.000436467 time=1.6s
[Epoch 011] train=0.051205 valid=0.087077 lr=0.000436467 time=1.6s
[Epoch 012] train=0.047216 valid=0.053747 lr=0.000436467 time=1.6s
[Epoch 013] train=0.048705 valid=0.071876 lr=0.000436467 time=1.6s
[Epoch 014] train=0.045290 valid=0.058879 lr=0.000436467 time=1.6s
[Epoch 015] train=0.047178 valid=0.057295 lr=0.000218233 time=1.6s
[Epoch 016] train=0.044031 valid=0.053785 lr=0.000218233 time=1.6s
[Epoch 017] train=0.040819 valid=0.055716 lr=0.000218233 time=1.6s
[Epoch 018] train=0.047755 valid=0.051425 lr=0.000218233 time=1.6s
[Epoch 019] train=0.043416 valid=0.051115 lr=0.000218233 time=1.6s
[Epoch 020] train=0.043041 valid=0.061683 lr=0.000218233 time=1.6s
[Epoch 021] train=0.043853 valid=0.055112 lr=0.000218233 time=1.9s
[Epoch 022] train=0.041406 valid=0.066811 lr=0.000109117 time=1.6s
[Epoch 023] train=0.042332 valid=0.054888 lr=0.000109117 time=1.6s
[Epoch 024] train=0.041569 valid=0.057898 lr=0.000109117 time=1.6s
[Ablation] Task=state_dept Holdout Model=M1_AggHistFutureSummary Metric=quantile
Training samples: 1218 | Validation samples: 63
[Epoch 001] train=0.061468 valid=0.049183 lr=0.00174587 time=1.7s
[Epoch 002] train=0.037928 valid=0.038072 lr=0.00174587 time=1.7s
[Epoch 003] train=0.035803 valid=0.038155 lr=0.00174587 time=1.7s
[Epoch 004] train=0.035794 valid=0.036732 lr=0.00174587 time=1.7s
[Epoch 005] train=0.034166 valid=0.035632 lr=0.00174587 time=1.7s
[Epoch 006] train=0.031842 valid=0.035760 lr=0.00174587 time=1.7s
[Epoch 007] train=0.033175 valid=0.035312 lr=0.00174587 time=1.7s
[Epoch 008] train=0.033048 valid=0.040992 lr=0.00174587 time=1.7s
[Epoch 009] train=0.032625 valid=0.035441 lr=0.00174587 time=1.7s
[Epoch 010] train=0.030611 valid=0.042054 lr=0.000872934 time=1.8s
[Epoch 011] train=0.031586 valid=0.033711 lr=0.000872934 time=2.0s
[Epoch 012] train=0.030043 valid=0.033809 lr=0.000872934 time=1.7s
[Epoch 013] train=0.028962 valid=0.033568 lr=0.000872934 time=1.7s
[Epoch 014] train=0.029124 valid=0.035956 lr=0.000872934 time=1.7s
[Epoch 015] train=0.028582 valid=0.035985 lr=0.000872934 time=1.7s
[Epoch 016] train=0.029175 valid=0.034105 lr=0.000436467 time=1.9s
[Epoch 017] train=0.027676 valid=0.034044 lr=0.000436467 time=2.0s
[Epoch 018] train=0.027931 valid=0.033884 lr=0.000436467 time=2.0s
[Epoch 019] train=0.027500 valid=0.036643 lr=0.000218233 time=1.8s
Early stopping at epoch 19
[Ablation] Task=state_dept Holdout Model=M3_FullSkuTemporalCNN Metric=point
Training samples: 1218 | Validation samples: 63
[Epoch 001] train=0.140913 valid=0.082865 lr=0.00174587 time=5.1s
[Epoch 002] train=0.111232 valid=0.106788 lr=0.00174587 time=5.1s
[Epoch 003] train=0.085002 valid=0.102684 lr=0.00174587 time=5.1s
[Epoch 004] train=0.065072 valid=0.070531 lr=0.00174587 time=5.0s
[Epoch 005] train=0.055993 valid=0.057625 lr=0.00174587 time=5.0s
[Epoch 006] train=0.056690 valid=0.072908 lr=0.00174587 time=5.1s
[Epoch 007] train=0.058549 valid=0.051737 lr=0.00174587 time=5.0s
[Epoch 008] train=0.051350 valid=0.074736 lr=0.00174587 time=5.0s
[Epoch 009] train=0.073070 valid=0.069989 lr=0.00174587 time=5.0s
[Epoch 010] train=0.060665 valid=0.057115 lr=0.000872934 time=5.0s
[Epoch 011] train=0.044158 valid=0.053821 lr=0.000872934 time=5.0s
[Epoch 012] train=0.047980 valid=0.066988 lr=0.000872934 time=5.0s
[Epoch 013] train=0.051523 valid=0.050395 lr=0.000872934 time=5.2s
[Epoch 014] train=0.037664 valid=0.078905 lr=0.000872934 time=5.4s
[Epoch 015] train=0.045183 valid=0.046179 lr=0.000872934 time=5.3s
[Epoch 016] train=0.038405 valid=0.059668 lr=0.000872934 time=5.4s
[Epoch 017] train=0.035873 valid=0.047244 lr=0.000872934 time=5.3s
[Epoch 018] train=0.035271 valid=0.048014 lr=0.000436467 time=5.1s
[Epoch 019] train=0.029359 valid=0.047505 lr=0.000436467 time=5.0s
[Epoch 020] train=0.028935 valid=0.049179 lr=0.000436467 time=5.0s
[Epoch 021] train=0.028331 valid=0.055973 lr=0.000218233 time=5.3s
Early stopping at epoch 21
[Ablation] Task=state_dept Holdout Model=M3_FullSkuTemporalCNN Metric=quantile
Training samples: 1218 | Validation samples: 63
[Epoch 001] train=0.058876 valid=0.039095 lr=0.00174587 time=6.1s
[Epoch 002] train=0.035516 valid=0.044695 lr=0.00174587 time=6.1s
[Epoch 003] train=0.035715 valid=0.036231 lr=0.00174587 time=6.1s
[Epoch 004] train=0.031622 valid=0.036404 lr=0.00174587 time=6.2s
[Epoch 005] train=0.030511 valid=0.041753 lr=0.00174587 time=6.0s
[Epoch 006] train=0.033721 valid=0.038132 lr=0.000872934 time=6.0s
[Epoch 007] train=0.028797 valid=0.041965 lr=0.000872934 time=6.0s
[Epoch 008] train=0.028283 valid=0.032712 lr=0.000872934 time=5.9s
[Epoch 009] train=0.026992 valid=0.032559 lr=0.000872934 time=6.0s
[Epoch 010] train=0.026732 valid=0.032827 lr=0.000872934 time=5.6s
[Epoch 011] train=0.027933 valid=0.034735 lr=0.000872934 time=5.7s
[Epoch 012] train=0.026116 valid=0.037348 lr=0.000436467 time=5.6s
[Epoch 013] train=0.026254 valid=0.035028 lr=0.000436467 time=6.0s
[Epoch 014] train=0.024895 valid=0.032937 lr=0.000436467 time=6.0s
[Epoch 015] train=0.024470 valid=0.033265 lr=0.000218233 time=6.1s
Early stopping at epoch 15

Ablation summary (WSPL):
          task                    model  wspl_mean  wspl_std  n_folds
0   state_dept          AggregateHistGB   0.259391       NaN        1
1   state_dept     BottomUpGlobalHistGB   0.216085       NaN        1
2   state_dept       ChildSummaryHistGB   0.260101       NaN        1
3   state_dept           M0_AggHistOnly   0.193765       NaN        1
4   state_dept  M1_AggHistFutureSummary   0.214456       NaN        1
5   state_dept    M3_FullSkuTemporalCNN   0.190641       NaN        1
6    store_cat          AggregateHistGB   0.270352       NaN        1
7    store_cat     BottomUpGlobalHistGB   0.220250       NaN        1
8    store_cat       ChildSummaryHistGB   0.271723       NaN        1
9    store_cat           M0_AggHistOnly   0.216010       NaN        1
10   store_cat  M1_AggHistFutureSummary   0.203886       NaN        1
11   store_cat    M3_FullSkuTemporalCNN   0.193781       NaN        1
12  store_dept          AggregateHistGB   0.262025       NaN        1
13  store_dept     BottomUpGlobalHistGB   0.240627       NaN        1
14  store_dept       ChildSummaryHistGB   0.264304       NaN        1
15  store_dept           M0_AggHistOnly   0.219103       NaN        1
16  store_dept  M1_AggHistFutureSummary   0.212604       NaN        1
17  store_dept    M3_FullSkuTemporalCNN   0.210310       NaN        1

Table 4 ablation (WSPL):
task                     state_dept  store_cat  store_dept      Mean
model                                                               
M3_FullSkuTemporalCNN      0.190641   0.193781    0.210310  0.198244
M0_AggHistOnly             0.193765   0.216010    0.219103  0.209626
M1_AggHistFutureSummary    0.214456   0.203886    0.212604  0.210315
BottomUpGlobalHistGB       0.216085   0.220250    0.240627  0.225654
AggregateHistGB            0.259391   0.270352    0.262025  0.263922
ChildSummaryHistGB         0.260101   0.271723    0.264304  0.265376

Done. Outputs written to: /root/autodl-tmp/m5/work/holdout/02_ablation

$ /root/miniconda3/bin/python /root/autodl-tmp/m5/scripts/run_m5_full_benchmark.py --data-dir /root/autodl-tmp/m5/data --output-dir /root/autodl-tmp/m5/work/holdout/03_benchmark_baselines --mode holdout --tasks store_dept,store_cat,state_dept --quantiles 0.005,0.025,0.165,0.25,0.5,0.75,0.835,0.975,0.995 --t-hist 56 --horizon 28 --valid-size 4 --test-size 4 --internal-valid-size 3 --gap 0 --min-train-origins 20 --min-final-train-origins 20 --sku-universe-mode history --store-sku-sample-frac 0.1 --store-sku-sample-seed 42 --cache-dir /root/autodl-tmp/m5/cache
Using cache directory: /root/autodl-tmp/m5/cache
Building/loading cached experiment artifacts...
[M5-PREP] Loading cached task package for task=store_dept...
[M5-PREP] Loaded cached task package for task=store_dept | stage 00:00 | total 00:00
[M5-PREP] Loading cached samples: task=store_dept split=final_train_samples...
[M5-PREP] Loaded cached samples: task=store_dept split=final_train_samples n=4060 | stage 00:01 | total 00:01
[M5-PREP] Loading cached samples: task=store_dept split=internal_valid_samples...
[M5-PREP] Loaded cached samples: task=store_dept split=internal_valid_samples n=210 | stage 00:00 | total 00:00
[M5-PREP] Loading cached samples: task=store_dept split=test_samples...
[M5-PREP] Loaded cached samples: task=store_dept split=test_samples n=280 | stage 00:00 | total 00:00
[M5-PREP] Loading cached task package for task=store_cat...
[M5-PREP] Loaded cached task package for task=store_cat | stage 00:00 | total 00:00
[M5-PREP] Loading cached samples: task=store_cat split=final_train_samples...
[M5-PREP] Loaded cached samples: task=store_cat split=final_train_samples n=1740 | stage 00:00 | total 00:00
[M5-PREP] Loading cached samples: task=store_cat split=internal_valid_samples...
[M5-PREP] Loaded cached samples: task=store_cat split=internal_valid_samples n=90 | stage 00:00 | total 00:00
[M5-PREP] Loading cached samples: task=store_cat split=test_samples...
[M5-PREP] Loaded cached samples: task=store_cat split=test_samples n=120 | stage 00:00 | total 00:00
[M5-PREP] Loading cached task package for task=state_dept...
[M5-PREP] Loaded cached task package for task=state_dept | stage 00:00 | total 00:00
[M5-PREP] Loading cached samples: task=state_dept split=final_train_samples...
[M5-PREP] Loaded cached samples: task=state_dept split=final_train_samples n=1218 | stage 00:00 | total 00:00
[M5-PREP] Loading cached samples: task=state_dept split=internal_valid_samples...
[M5-PREP] Loaded cached samples: task=state_dept split=internal_valid_samples n=63 | stage 00:00 | total 00:00
[M5-PREP] Loading cached samples: task=state_dept split=test_samples...
[M5-PREP] Loaded cached samples: task=state_dept split=test_samples n=84 | stage 00:00 | total 00:00
Building benchmark suite...

=== Running task: store_dept ===
/root/miniconda3/lib/python3.12/site-packages/sklearn/linear_model/_coordinate_descent.py:716: ConvergenceWarning: Objective did not converge. You might want to increase the number of iterations, check the scale of the features or consider increasing regularisation. Duality gap: 5.399e+05, tolerance: 3.154e+03
  model = cd_fast.enet_coordinate_descent(
/root/miniconda3/lib/python3.12/site-packages/sklearn/linear_model/_coordinate_descent.py:716: ConvergenceWarning: Objective did not converge. You might want to increase the number of iterations, check the scale of the features or consider increasing regularisation. Duality gap: 6.302e+05, tolerance: 3.243e+03
  model = cd_fast.enet_coordinate_descent(
/root/miniconda3/lib/python3.12/site-packages/sklearn/linear_model/_coordinate_descent.py:716: ConvergenceWarning: Objective did not converge. You might want to increase the number of iterations, check the scale of the features or consider increasing regularisation. Duality gap: 5.852e+05, tolerance: 2.096e+03
  model = cd_fast.enet_coordinate_descent(
/root/miniconda3/lib/python3.12/site-packages/sklearn/linear_model/_coordinate_descent.py:716: ConvergenceWarning: Objective did not converge. You might want to increase the number of iterations, check the scale of the features or consider increasing regularisation. Duality gap: 5.315e+05, tolerance: 1.718e+03
  model = cd_fast.enet_coordinate_descent(
/root/miniconda3/lib/python3.12/site-packages/sklearn/linear_model/_coordinate_descent.py:716: ConvergenceWarning: Objective did not converge. You might want to increase the number of iterations, check the scale of the features or consider increasing regularisation. Duality gap: 5.377e+05, tolerance: 1.678e+03
  model = cd_fast.enet_coordinate_descent(
/root/miniconda3/lib/python3.12/site-packages/sklearn/linear_model/_coordinate_descent.py:716: ConvergenceWarning: Objective did not converge. You might want to increase the number of iterations, check the scale of the features or consider increasing regularisation. Duality gap: 4.774e+05, tolerance: 1.737e+03
  model = cd_fast.enet_coordinate_descent(
/root/miniconda3/lib/python3.12/site-packages/sklearn/linear_model/_coordinate_descent.py:716: ConvergenceWarning: Objective did not converge. You might want to increase the number of iterations, check the scale of the features or consider increasing regularisation. Duality gap: 6.591e+05, tolerance: 2.308e+03
  model = cd_fast.enet_coordinate_descent(
/root/miniconda3/lib/python3.12/site-packages/sklearn/linear_model/_coordinate_descent.py:716: ConvergenceWarning: Objective did not converge. You might want to increase the number of iterations, check the scale of the features or consider increasing regularisation. Duality gap: 7.675e+05, tolerance: 3.214e+03
  model = cd_fast.enet_coordinate_descent(
/root/miniconda3/lib/python3.12/site-packages/sklearn/linear_model/_coordinate_descent.py:716: ConvergenceWarning: Objective did not converge. You might want to increase the number of iterations, check the scale of the features or consider increasing regularisation. Duality gap: 8.778e+05, tolerance: 3.245e+03
  model = cd_fast.enet_coordinate_descent(
/root/miniconda3/lib/python3.12/site-packages/sklearn/linear_model/_coordinate_descent.py:716: ConvergenceWarning: Objective did not converge. You might want to increase the number of iterations, check the scale of the features or consider increasing regularisation. Duality gap: 5.168e+05, tolerance: 1.997e+03
  model = cd_fast.enet_coordinate_descent(
/root/miniconda3/lib/python3.12/site-packages/sklearn/linear_model/_coordinate_descent.py:716: ConvergenceWarning: Objective did not converge. You might want to increase the number of iterations, check the scale of the features or consider increasing regularisation. Duality gap: 3.792e+05, tolerance: 1.628e+03
  model = cd_fast.enet_coordinate_descent(
/root/miniconda3/lib/python3.12/site-packages/sklearn/linear_model/_coordinate_descent.py:716: ConvergenceWarning: Objective did not converge. You might want to increase the number of iterations, check the scale of the features or consider increasing regularisation. Duality gap: 4.271e+05, tolerance: 1.526e+03
  model = cd_fast.enet_coordinate_descent(
/root/miniconda3/lib/python3.12/site-packages/sklearn/linear_model/_coordinate_descent.py:716: ConvergenceWarning: Objective did not converge. You might want to increase the number of iterations, check the scale of the features or consider increasing regularisation. Duality gap: 4.613e+05, tolerance: 1.622e+03
  model = cd_fast.enet_coordinate_descent(
/root/miniconda3/lib/python3.12/site-packages/sklearn/linear_model/_coordinate_descent.py:716: ConvergenceWarning: Objective did not converge. You might want to increase the number of iterations, check the scale of the features or consider increasing regularisation. Duality gap: 7.745e+05, tolerance: 2.303e+03
  model = cd_fast.enet_coordinate_descent(
/root/miniconda3/lib/python3.12/site-packages/sklearn/linear_model/_coordinate_descent.py:716: ConvergenceWarning: Objective did not converge. You might want to increase the number of iterations, check the scale of the features or consider increasing regularisation. Duality gap: 9.798e+05, tolerance: 3.220e+03
  model = cd_fast.enet_coordinate_descent(
/root/miniconda3/lib/python3.12/site-packages/sklearn/linear_model/_coordinate_descent.py:716: ConvergenceWarning: Objective did not converge. You might want to increase the number of iterations, check the scale of the features or consider increasing regularisation. Duality gap: 1.125e+06, tolerance: 3.418e+03
  model = cd_fast.enet_coordinate_descent(
/root/miniconda3/lib/python3.12/site-packages/sklearn/linear_model/_coordinate_descent.py:716: ConvergenceWarning: Objective did not converge. You might want to increase the number of iterations, check the scale of the features or consider increasing regularisation. Duality gap: 5.652e+05, tolerance: 2.013e+03
  model = cd_fast.enet_coordinate_descent(
/root/miniconda3/lib/python3.12/site-packages/sklearn/linear_model/_coordinate_descent.py:716: ConvergenceWarning: Objective did not converge. You might want to increase the number of iterations, check the scale of the features or consider increasing regularisation. Duality gap: 6.283e+05, tolerance: 1.811e+03
  model = cd_fast.enet_coordinate_descent(
/root/miniconda3/lib/python3.12/site-packages/sklearn/linear_model/_coordinate_descent.py:716: ConvergenceWarning: Objective did not converge. You might want to increase the number of iterations, check the scale of the features or consider increasing regularisation. Duality gap: 6.919e+05, tolerance: 1.842e+03
  model = cd_fast.enet_coordinate_descent(
/root/miniconda3/lib/python3.12/site-packages/sklearn/linear_model/_coordinate_descent.py:716: ConvergenceWarning: Objective did not converge. You might want to increase the number of iterations, check the scale of the features or consider increasing regularisation. Duality gap: 6.575e+05, tolerance: 1.861e+03
  model = cd_fast.enet_coordinate_descent(
/root/miniconda3/lib/python3.12/site-packages/sklearn/linear_model/_coordinate_descent.py:716: ConvergenceWarning: Objective did not converge. You might want to increase the number of iterations, check the scale of the features or consider increasing regularisation. Duality gap: 9.866e+05, tolerance: 2.414e+03
  model = cd_fast.enet_coordinate_descent(
/root/miniconda3/lib/python3.12/site-packages/sklearn/linear_model/_coordinate_descent.py:716: ConvergenceWarning: Objective did not converge. You might want to increase the number of iterations, check the scale of the features or consider increasing regularisation. Duality gap: 8.149e+05, tolerance: 3.172e+03
  model = cd_fast.enet_coordinate_descent(
/root/miniconda3/lib/python3.12/site-packages/sklearn/linear_model/_coordinate_descent.py:716: ConvergenceWarning: Objective did not converge. You might want to increase the number of iterations, check the scale of the features or consider increasing regularisation. Duality gap: 1.179e+06, tolerance: 3.071e+03
  model = cd_fast.enet_coordinate_descent(
/root/miniconda3/lib/python3.12/site-packages/sklearn/linear_model/_coordinate_descent.py:716: ConvergenceWarning: Objective did not converge. You might want to increase the number of iterations, check the scale of the features or consider increasing regularisation. Duality gap: 7.932e+05, tolerance: 2.148e+03
  model = cd_fast.enet_coordinate_descent(
/root/miniconda3/lib/python3.12/site-packages/sklearn/linear_model/_coordinate_descent.py:716: ConvergenceWarning: Objective did not converge. You might want to increase the number of iterations, check the scale of the features or consider increasing regularisation. Duality gap: 6.584e+05, tolerance: 1.700e+03
  model = cd_fast.enet_coordinate_descent(
/root/miniconda3/lib/python3.12/site-packages/sklearn/linear_model/_coordinate_descent.py:716: ConvergenceWarning: Objective did not converge. You might want to increase the number of iterations, check the scale of the features or consider increasing regularisation. Duality gap: 6.624e+05, tolerance: 1.677e+03
  model = cd_fast.enet_coordinate_descent(
/root/miniconda3/lib/python3.12/site-packages/sklearn/linear_model/_coordinate_descent.py:716: ConvergenceWarning: Objective did not converge. You might want to increase the number of iterations, check the scale of the features or consider increasing regularisation. Duality gap: 7.197e+05, tolerance: 1.690e+03
  model = cd_fast.enet_coordinate_descent(
/root/miniconda3/lib/python3.12/site-packages/sklearn/linear_model/_coordinate_descent.py:716: ConvergenceWarning: Objective did not converge. You might want to increase the number of iterations, check the scale of the features or consider increasing regularisation. Duality gap: 7.961e+05, tolerance: 2.234e+03
  model = cd_fast.enet_coordinate_descent(
/root/miniconda3/lib/python3.12/site-packages/sklearn/linear_model/_coordinate_descent.py:716: ConvergenceWarning: Objective did not converge. You might want to increase the number of iterations, check the scale of the features or consider increasing regularisation. Duality gap: 5.399e+05, tolerance: 3.154e+03
  model = cd_fast.enet_coordinate_descent(
/root/miniconda3/lib/python3.12/site-packages/sklearn/linear_model/_coordinate_descent.py:716: ConvergenceWarning: Objective did not converge. You might want to increase the number of iterations, check the scale of the features or consider increasing regularisation. Duality gap: 6.302e+05, tolerance: 3.243e+03
  model = cd_fast.enet_coordinate_descent(
/root/miniconda3/lib/python3.12/site-packages/sklearn/linear_model/_coordinate_descent.py:716: ConvergenceWarning: Objective did not converge. You might want to increase the number of iterations, check the scale of the features or consider increasing regularisation. Duality gap: 5.852e+05, tolerance: 2.096e+03
  model = cd_fast.enet_coordinate_descent(
/root/miniconda3/lib/python3.12/site-packages/sklearn/linear_model/_coordinate_descent.py:716: ConvergenceWarning: Objective did not converge. You might want to increase the number of iterations, check the scale of the features or consider increasing regularisation. Duality gap: 5.315e+05, tolerance: 1.718e+03
  model = cd_fast.enet_coordinate_descent(
/root/miniconda3/lib/python3.12/site-packages/sklearn/linear_model/_coordinate_descent.py:716: ConvergenceWarning: Objective did not converge. You might want to increase the number of iterations, check the scale of the features or consider increasing regularisation. Duality gap: 5.377e+05, tolerance: 1.678e+03
  model = cd_fast.enet_coordinate_descent(
/root/miniconda3/lib/python3.12/site-packages/sklearn/linear_model/_coordinate_descent.py:716: ConvergenceWarning: Objective did not converge. You might want to increase the number of iterations, check the scale of the features or consider increasing regularisation. Duality gap: 4.774e+05, tolerance: 1.737e+03
  model = cd_fast.enet_coordinate_descent(
/root/miniconda3/lib/python3.12/site-packages/sklearn/linear_model/_coordinate_descent.py:716: ConvergenceWarning: Objective did not converge. You might want to increase the number of iterations, check the scale of the features or consider increasing regularisation. Duality gap: 6.591e+05, tolerance: 2.308e+03
  model = cd_fast.enet_coordinate_descent(
/root/miniconda3/lib/python3.12/site-packages/sklearn/linear_model/_coordinate_descent.py:716: ConvergenceWarning: Objective did not converge. You might want to increase the number of iterations, check the scale of the features or consider increasing regularisation. Duality gap: 7.675e+05, tolerance: 3.214e+03
  model = cd_fast.enet_coordinate_descent(
/root/miniconda3/lib/python3.12/site-packages/sklearn/linear_model/_coordinate_descent.py:716: ConvergenceWarning: Objective did not converge. You might want to increase the number of iterations, check the scale of the features or consider increasing regularisation. Duality gap: 8.778e+05, tolerance: 3.245e+03
  model = cd_fast.enet_coordinate_descent(
/root/miniconda3/lib/python3.12/site-packages/sklearn/linear_model/_coordinate_descent.py:716: ConvergenceWarning: Objective did not converge. You might want to increase the number of iterations, check the scale of the features or consider increasing regularisation. Duality gap: 5.168e+05, tolerance: 1.997e+03
  model = cd_fast.enet_coordinate_descent(
/root/miniconda3/lib/python3.12/site-packages/sklearn/linear_model/_coordinate_descent.py:716: ConvergenceWarning: Objective did not converge. You might want to increase the number of iterations, check the scale of the features or consider increasing regularisation. Duality gap: 3.792e+05, tolerance: 1.628e+03
  model = cd_fast.enet_coordinate_descent(
/root/miniconda3/lib/python3.12/site-packages/sklearn/linear_model/_coordinate_descent.py:716: ConvergenceWarning: Objective did not converge. You might want to increase the number of iterations, check the scale of the features or consider increasing regularisation. Duality gap: 4.271e+05, tolerance: 1.526e+03
  model = cd_fast.enet_coordinate_descent(
/root/miniconda3/lib/python3.12/site-packages/sklearn/linear_model/_coordinate_descent.py:716: ConvergenceWarning: Objective did not converge. You might want to increase the number of iterations, check the scale of the features or consider increasing regularisation. Duality gap: 4.613e+05, tolerance: 1.622e+03
  model = cd_fast.enet_coordinate_descent(
/root/miniconda3/lib/python3.12/site-packages/sklearn/linear_model/_coordinate_descent.py:716: ConvergenceWarning: Objective did not converge. You might want to increase the number of iterations, check the scale of the features or consider increasing regularisation. Duality gap: 7.745e+05, tolerance: 2.303e+03
  model = cd_fast.enet_coordinate_descent(
/root/miniconda3/lib/python3.12/site-packages/sklearn/linear_model/_coordinate_descent.py:716: ConvergenceWarning: Objective did not converge. You might want to increase the number of iterations, check the scale of the features or consider increasing regularisation. Duality gap: 9.798e+05, tolerance: 3.220e+03
  model = cd_fast.enet_coordinate_descent(
/root/miniconda3/lib/python3.12/site-packages/sklearn/linear_model/_coordinate_descent.py:716: ConvergenceWarning: Objective did not converge. You might want to increase the number of iterations, check the scale of the features or consider increasing regularisation. Duality gap: 1.125e+06, tolerance: 3.418e+03
  model = cd_fast.enet_coordinate_descent(
/root/miniconda3/lib/python3.12/site-packages/sklearn/linear_model/_coordinate_descent.py:716: ConvergenceWarning: Objective did not converge. You might want to increase the number of iterations, check the scale of the features or consider increasing regularisation. Duality gap: 5.652e+05, tolerance: 2.013e+03
  model = cd_fast.enet_coordinate_descent(
/root/miniconda3/lib/python3.12/site-packages/sklearn/linear_model/_coordinate_descent.py:716: ConvergenceWarning: Objective did not converge. You might want to increase the number of iterations, check the scale of the features or consider increasing regularisation. Duality gap: 6.283e+05, tolerance: 1.811e+03
  model = cd_fast.enet_coordinate_descent(
/root/miniconda3/lib/python3.12/site-packages/sklearn/linear_model/_coordinate_descent.py:716: ConvergenceWarning: Objective did not converge. You might want to increase the number of iterations, check the scale of the features or consider increasing regularisation. Duality gap: 6.919e+05, tolerance: 1.842e+03
  model = cd_fast.enet_coordinate_descent(
/root/miniconda3/lib/python3.12/site-packages/sklearn/linear_model/_coordinate_descent.py:716: ConvergenceWarning: Objective did not converge. You might want to increase the number of iterations, check the scale of the features or consider increasing regularisation. Duality gap: 6.575e+05, tolerance: 1.861e+03
  model = cd_fast.enet_coordinate_descent(
/root/miniconda3/lib/python3.12/site-packages/sklearn/linear_model/_coordinate_descent.py:716: ConvergenceWarning: Objective did not converge. You might want to increase the number of iterations, check the scale of the features or consider increasing regularisation. Duality gap: 9.866e+05, tolerance: 2.414e+03
  model = cd_fast.enet_coordinate_descent(
/root/miniconda3/lib/python3.12/site-packages/sklearn/linear_model/_coordinate_descent.py:716: ConvergenceWarning: Objective did not converge. You might want to increase the number of iterations, check the scale of the features or consider increasing regularisation. Duality gap: 8.149e+05, tolerance: 3.172e+03
  model = cd_fast.enet_coordinate_descent(
/root/miniconda3/lib/python3.12/site-packages/sklearn/linear_model/_coordinate_descent.py:716: ConvergenceWarning: Objective did not converge. You might want to increase the number of iterations, check the scale of the features or consider increasing regularisation. Duality gap: 1.179e+06, tolerance: 3.071e+03
  model = cd_fast.enet_coordinate_descent(
/root/miniconda3/lib/python3.12/site-packages/sklearn/linear_model/_coordinate_descent.py:716: ConvergenceWarning: Objective did not converge. You might want to increase the number of iterations, check the scale of the features or consider increasing regularisation. Duality gap: 7.932e+05, tolerance: 2.148e+03
  model = cd_fast.enet_coordinate_descent(
/root/miniconda3/lib/python3.12/site-packages/sklearn/linear_model/_coordinate_descent.py:716: ConvergenceWarning: Objective did not converge. You might want to increase the number of iterations, check the scale of the features or consider increasing regularisation. Duality gap: 6.584e+05, tolerance: 1.700e+03
  model = cd_fast.enet_coordinate_descent(
/root/miniconda3/lib/python3.12/site-packages/sklearn/linear_model/_coordinate_descent.py:716: ConvergenceWarning: Objective did not converge. You might want to increase the number of iterations, check the scale of the features or consider increasing regularisation. Duality gap: 6.624e+05, tolerance: 1.677e+03
  model = cd_fast.enet_coordinate_descent(
/root/miniconda3/lib/python3.12/site-packages/sklearn/linear_model/_coordinate_descent.py:716: ConvergenceWarning: Objective did not converge. You might want to increase the number of iterations, check the scale of the features or consider increasing regularisation. Duality gap: 7.197e+05, tolerance: 1.690e+03
  model = cd_fast.enet_coordinate_descent(
/root/miniconda3/lib/python3.12/site-packages/sklearn/linear_model/_coordinate_descent.py:716: ConvergenceWarning: Objective did not converge. You might want to increase the number of iterations, check the scale of the features or consider increasing regularisation. Duality gap: 7.961e+05, tolerance: 2.234e+03
  model = cd_fast.enet_coordinate_descent(
/root/miniconda3/lib/python3.12/site-packages/sklearn/linear_model/_coordinate_descent.py:716: ConvergenceWarning: Objective did not converge. You might want to increase the number of iterations, check the scale of the features or consider increasing regularisation. Duality gap: 5.720e+05, tolerance: 3.154e+03
  model = cd_fast.enet_coordinate_descent(
/root/miniconda3/lib/python3.12/site-packages/sklearn/linear_model/_coordinate_descent.py:716: ConvergenceWarning: Objective did not converge. You might want to increase the number of iterations, check the scale of the features or consider increasing regularisation. Duality gap: 6.162e+05, tolerance: 3.243e+03
  model = cd_fast.enet_coordinate_descent(
/root/miniconda3/lib/python3.12/site-packages/sklearn/linear_model/_coordinate_descent.py:716: ConvergenceWarning: Objective did not converge. You might want to increase the number of iterations, check the scale of the features or consider increasing regularisation. Duality gap: 5.175e+05, tolerance: 2.096e+03
  model = cd_fast.enet_coordinate_descent(
/root/miniconda3/lib/python3.12/site-packages/sklearn/linear_model/_coordinate_descent.py:716: ConvergenceWarning: Objective did not converge. You might want to increase the number of iterations, check the scale of the features or consider increasing regularisation. Duality gap: 4.931e+05, tolerance: 1.718e+03
  model = cd_fast.enet_coordinate_descent(
/root/miniconda3/lib/python3.12/site-packages/sklearn/linear_model/_coordinate_descent.py:716: ConvergenceWarning: Objective did not converge. You might want to increase the number of iterations, check the scale of the features or consider increasing regularisation. Duality gap: 5.160e+05, tolerance: 1.678e+03
  model = cd_fast.enet_coordinate_descent(
/root/miniconda3/lib/python3.12/site-packages/sklearn/linear_model/_coordinate_descent.py:716: ConvergenceWarning: Objective did not converge. You might want to increase the number of iterations, check the scale of the features or consider increasing regularisation. Duality gap: 4.576e+05, tolerance: 1.737e+03
  model = cd_fast.enet_coordinate_descent(
/root/miniconda3/lib/python3.12/site-packages/sklearn/linear_model/_coordinate_descent.py:716: ConvergenceWarning: Objective did not converge. You might want to increase the number of iterations, check the scale of the features or consider increasing regularisation. Duality gap: 6.501e+05, tolerance: 2.308e+03
  model = cd_fast.enet_coordinate_descent(
/root/miniconda3/lib/python3.12/site-packages/sklearn/linear_model/_coordinate_descent.py:716: ConvergenceWarning: Objective did not converge. You might want to increase the number of iterations, check the scale of the features or consider increasing regularisation. Duality gap: 7.821e+05, tolerance: 3.214e+03
  model = cd_fast.enet_coordinate_descent(
/root/miniconda3/lib/python3.12/site-packages/sklearn/linear_model/_coordinate_descent.py:716: ConvergenceWarning: Objective did not converge. You might want to increase the number of iterations, check the scale of the features or consider increasing regularisation. Duality gap: 9.020e+05, tolerance: 3.245e+03
  model = cd_fast.enet_coordinate_descent(
/root/miniconda3/lib/python3.12/site-packages/sklearn/linear_model/_coordinate_descent.py:716: ConvergenceWarning: Objective did not converge. You might want to increase the number of iterations, check the scale of the features or consider increasing regularisation. Duality gap: 5.453e+05, tolerance: 1.997e+03
  model = cd_fast.enet_coordinate_descent(
/root/miniconda3/lib/python3.12/site-packages/sklearn/linear_model/_coordinate_descent.py:716: ConvergenceWarning: Objective did not converge. You might want to increase the number of iterations, check the scale of the features or consider increasing regularisation. Duality gap: 4.267e+05, tolerance: 1.628e+03
  model = cd_fast.enet_coordinate_descent(
/root/miniconda3/lib/python3.12/site-packages/sklearn/linear_model/_coordinate_descent.py:716: ConvergenceWarning: Objective did not converge. You might want to increase the number of iterations, check the scale of the features or consider increasing regularisation. Duality gap: 4.313e+05, tolerance: 1.526e+03
  model = cd_fast.enet_coordinate_descent(
/root/miniconda3/lib/python3.12/site-packages/sklearn/linear_model/_coordinate_descent.py:716: ConvergenceWarning: Objective did not converge. You might want to increase the number of iterations, check the scale of the features or consider increasing regularisation. Duality gap: 4.957e+05, tolerance: 1.622e+03
  model = cd_fast.enet_coordinate_descent(
/root/miniconda3/lib/python3.12/site-packages/sklearn/linear_model/_coordinate_descent.py:716: ConvergenceWarning: Objective did not converge. You might want to increase the number of iterations, check the scale of the features or consider increasing regularisation. Duality gap: 7.822e+05, tolerance: 2.303e+03
  model = cd_fast.enet_coordinate_descent(
/root/miniconda3/lib/python3.12/site-packages/sklearn/linear_model/_coordinate_descent.py:716: ConvergenceWarning: Objective did not converge. You might want to increase the number of iterations, check the scale of the features or consider increasing regularisation. Duality gap: 9.278e+05, tolerance: 3.220e+03
  model = cd_fast.enet_coordinate_descent(
/root/miniconda3/lib/python3.12/site-packages/sklearn/linear_model/_coordinate_descent.py:716: ConvergenceWarning: Objective did not converge. You might want to increase the number of iterations, check the scale of the features or consider increasing regularisation. Duality gap: 1.010e+06, tolerance: 3.418e+03
  model = cd_fast.enet_coordinate_descent(
/root/miniconda3/lib/python3.12/site-packages/sklearn/linear_model/_coordinate_descent.py:716: ConvergenceWarning: Objective did not converge. You might want to increase the number of iterations, check the scale of the features or consider increasing regularisation. Duality gap: 5.543e+05, tolerance: 2.013e+03
  model = cd_fast.enet_coordinate_descent(
/root/miniconda3/lib/python3.12/site-packages/sklearn/linear_model/_coordinate_descent.py:716: ConvergenceWarning: Objective did not converge. You might want to increase the number of iterations, check the scale of the features or consider increasing regularisation. Duality gap: 6.134e+05, tolerance: 1.811e+03
  model = cd_fast.enet_coordinate_descent(
/root/miniconda3/lib/python3.12/site-packages/sklearn/linear_model/_coordinate_descent.py:716: ConvergenceWarning: Objective did not converge. You might want to increase the number of iterations, check the scale of the features or consider increasing regularisation. Duality gap: 7.588e+05, tolerance: 1.842e+03
  model = cd_fast.enet_coordinate_descent(
/root/miniconda3/lib/python3.12/site-packages/sklearn/linear_model/_coordinate_descent.py:716: ConvergenceWarning: Objective did not converge. You might want to increase the number of iterations, check the scale of the features or consider increasing regularisation. Duality gap: 6.865e+05, tolerance: 1.861e+03
  model = cd_fast.enet_coordinate_descent(
/root/miniconda3/lib/python3.12/site-packages/sklearn/linear_model/_coordinate_descent.py:716: ConvergenceWarning: Objective did not converge. You might want to increase the number of iterations, check the scale of the features or consider increasing regularisation. Duality gap: 1.027e+06, tolerance: 2.414e+03
  model = cd_fast.enet_coordinate_descent(
/root/miniconda3/lib/python3.12/site-packages/sklearn/linear_model/_coordinate_descent.py:716: ConvergenceWarning: Objective did not converge. You might want to increase the number of iterations, check the scale of the features or consider increasing regularisation. Duality gap: 1.081e+06, tolerance: 3.172e+03
  model = cd_fast.enet_coordinate_descent(
/root/miniconda3/lib/python3.12/site-packages/sklearn/linear_model/_coordinate_descent.py:716: ConvergenceWarning: Objective did not converge. You might want to increase the number of iterations, check the scale of the features or consider increasing regularisation. Duality gap: 1.171e+06, tolerance: 3.071e+03
  model = cd_fast.enet_coordinate_descent(
/root/miniconda3/lib/python3.12/site-packages/sklearn/linear_model/_coordinate_descent.py:716: ConvergenceWarning: Objective did not converge. You might want to increase the number of iterations, check the scale of the features or consider increasing regularisation. Duality gap: 8.161e+05, tolerance: 2.148e+03
  model = cd_fast.enet_coordinate_descent(
/root/miniconda3/lib/python3.12/site-packages/sklearn/linear_model/_coordinate_descent.py:716: ConvergenceWarning: Objective did not converge. You might want to increase the number of iterations, check the scale of the features or consider increasing regularisation. Duality gap: 7.037e+05, tolerance: 1.700e+03
  model = cd_fast.enet_coordinate_descent(
/root/miniconda3/lib/python3.12/site-packages/sklearn/linear_model/_coordinate_descent.py:716: ConvergenceWarning: Objective did not converge. You might want to increase the number of iterations, check the scale of the features or consider increasing regularisation. Duality gap: 6.799e+05, tolerance: 1.677e+03
  model = cd_fast.enet_coordinate_descent(
/root/miniconda3/lib/python3.12/site-packages/sklearn/linear_model/_coordinate_descent.py:716: ConvergenceWarning: Objective did not converge. You might want to increase the number of iterations, check the scale of the features or consider increasing regularisation. Duality gap: 7.203e+05, tolerance: 1.690e+03
  model = cd_fast.enet_coordinate_descent(
/root/miniconda3/lib/python3.12/site-packages/sklearn/linear_model/_coordinate_descent.py:716: ConvergenceWarning: Objective did not converge. You might want to increase the number of iterations, check the scale of the features or consider increasing regularisation. Duality gap: 8.074e+05, tolerance: 2.234e+03
  model = cd_fast.enet_coordinate_descent(
/root/miniconda3/lib/python3.12/site-packages/sklearn/linear_model/_coordinate_descent.py:716: ConvergenceWarning: Objective did not converge. You might want to increase the number of iterations, check the scale of the features or consider increasing regularisation. Duality gap: 5.720e+05, tolerance: 3.154e+03
  model = cd_fast.enet_coordinate_descent(
/root/miniconda3/lib/python3.12/site-packages/sklearn/linear_model/_coordinate_descent.py:716: ConvergenceWarning: Objective did not converge. You might want to increase the number of iterations, check the scale of the features or consider increasing regularisation. Duality gap: 6.162e+05, tolerance: 3.243e+03
  model = cd_fast.enet_coordinate_descent(
/root/miniconda3/lib/python3.12/site-packages/sklearn/linear_model/_coordinate_descent.py:716: ConvergenceWarning: Objective did not converge. You might want to increase the number of iterations, check the scale of the features or consider increasing regularisation. Duality gap: 5.175e+05, tolerance: 2.096e+03
  model = cd_fast.enet_coordinate_descent(
/root/miniconda3/lib/python3.12/site-packages/sklearn/linear_model/_coordinate_descent.py:716: ConvergenceWarning: Objective did not converge. You might want to increase the number of iterations, check the scale of the features or consider increasing regularisation. Duality gap: 4.931e+05, tolerance: 1.718e+03
  model = cd_fast.enet_coordinate_descent(
/root/miniconda3/lib/python3.12/site-packages/sklearn/linear_model/_coordinate_descent.py:716: ConvergenceWarning: Objective did not converge. You might want to increase the number of iterations, check the scale of the features or consider increasing regularisation. Duality gap: 5.160e+05, tolerance: 1.678e+03
  model = cd_fast.enet_coordinate_descent(
/root/miniconda3/lib/python3.12/site-packages/sklearn/linear_model/_coordinate_descent.py:716: ConvergenceWarning: Objective did not converge. You might want to increase the number of iterations, check the scale of the features or consider increasing regularisation. Duality gap: 4.576e+05, tolerance: 1.737e+03
  model = cd_fast.enet_coordinate_descent(
/root/miniconda3/lib/python3.12/site-packages/sklearn/linear_model/_coordinate_descent.py:716: ConvergenceWarning: Objective did not converge. You might want to increase the number of iterations, check the scale of the features or consider increasing regularisation. Duality gap: 6.501e+05, tolerance: 2.308e+03
  model = cd_fast.enet_coordinate_descent(
/root/miniconda3/lib/python3.12/site-packages/sklearn/linear_model/_coordinate_descent.py:716: ConvergenceWarning: Objective did not converge. You might want to increase the number of iterations, check the scale of the features or consider increasing regularisation. Duality gap: 7.821e+05, tolerance: 3.214e+03
  model = cd_fast.enet_coordinate_descent(
/root/miniconda3/lib/python3.12/site-packages/sklearn/linear_model/_coordinate_descent.py:716: ConvergenceWarning: Objective did not converge. You might want to increase the number of iterations, check the scale of the features or consider increasing regularisation. Duality gap: 9.020e+05, tolerance: 3.245e+03
  model = cd_fast.enet_coordinate_descent(
/root/miniconda3/lib/python3.12/site-packages/sklearn/linear_model/_coordinate_descent.py:716: ConvergenceWarning: Objective did not converge. You might want to increase the number of iterations, check the scale of the features or consider increasing regularisation. Duality gap: 5.453e+05, tolerance: 1.997e+03
  model = cd_fast.enet_coordinate_descent(
/root/miniconda3/lib/python3.12/site-packages/sklearn/linear_model/_coordinate_descent.py:716: ConvergenceWarning: Objective did not converge. You might want to increase the number of iterations, check the scale of the features or consider increasing regularisation. Duality gap: 4.267e+05, tolerance: 1.628e+03
  model = cd_fast.enet_coordinate_descent(
/root/miniconda3/lib/python3.12/site-packages/sklearn/linear_model/_coordinate_descent.py:716: ConvergenceWarning: Objective did not converge. You might want to increase the number of iterations, check the scale of the features or consider increasing regularisation. Duality gap: 4.313e+05, tolerance: 1.526e+03
  model = cd_fast.enet_coordinate_descent(
/root/miniconda3/lib/python3.12/site-packages/sklearn/linear_model/_coordinate_descent.py:716: ConvergenceWarning: Objective did not converge. You might want to increase the number of iterations, check the scale of the features or consider increasing regularisation. Duality gap: 4.957e+05, tolerance: 1.622e+03
  model = cd_fast.enet_coordinate_descent(
/root/miniconda3/lib/python3.12/site-packages/sklearn/linear_model/_coordinate_descent.py:716: ConvergenceWarning: Objective did not converge. You might want to increase the number of iterations, check the scale of the features or consider increasing regularisation. Duality gap: 7.822e+05, tolerance: 2.303e+03
  model = cd_fast.enet_coordinate_descent(
/root/miniconda3/lib/python3.12/site-packages/sklearn/linear_model/_coordinate_descent.py:716: ConvergenceWarning: Objective did not converge. You might want to increase the number of iterations, check the scale of the features or consider increasing regularisation. Duality gap: 9.278e+05, tolerance: 3.220e+03
  model = cd_fast.enet_coordinate_descent(
/root/miniconda3/lib/python3.12/site-packages/sklearn/linear_model/_coordinate_descent.py:716: ConvergenceWarning: Objective did not converge. You might want to increase the number of iterations, check the scale of the features or consider increasing regularisation. Duality gap: 1.010e+06, tolerance: 3.418e+03
  model = cd_fast.enet_coordinate_descent(
/root/miniconda3/lib/python3.12/site-packages/sklearn/linear_model/_coordinate_descent.py:716: ConvergenceWarning: Objective did not converge. You might want to increase the number of iterations, check the scale of the features or consider increasing regularisation. Duality gap: 5.543e+05, tolerance: 2.013e+03
  model = cd_fast.enet_coordinate_descent(
/root/miniconda3/lib/python3.12/site-packages/sklearn/linear_model/_coordinate_descent.py:716: ConvergenceWarning: Objective did not converge. You might want to increase the number of iterations, check the scale of the features or consider increasing regularisation. Duality gap: 6.134e+05, tolerance: 1.811e+03
  model = cd_fast.enet_coordinate_descent(
/root/miniconda3/lib/python3.12/site-packages/sklearn/linear_model/_coordinate_descent.py:716: ConvergenceWarning: Objective did not converge. You might want to increase the number of iterations, check the scale of the features or consider increasing regularisation. Duality gap: 7.588e+05, tolerance: 1.842e+03
  model = cd_fast.enet_coordinate_descent(
/root/miniconda3/lib/python3.12/site-packages/sklearn/linear_model/_coordinate_descent.py:716: ConvergenceWarning: Objective did not converge. You might want to increase the number of iterations, check the scale of the features or consider increasing regularisation. Duality gap: 6.865e+05, tolerance: 1.861e+03
  model = cd_fast.enet_coordinate_descent(
/root/miniconda3/lib/python3.12/site-packages/sklearn/linear_model/_coordinate_descent.py:716: ConvergenceWarning: Objective did not converge. You might want to increase the number of iterations, check the scale of the features or consider increasing regularisation. Duality gap: 1.027e+06, tolerance: 2.414e+03
  model = cd_fast.enet_coordinate_descent(
/root/miniconda3/lib/python3.12/site-packages/sklearn/linear_model/_coordinate_descent.py:716: ConvergenceWarning: Objective did not converge. You might want to increase the number of iterations, check the scale of the features or consider increasing regularisation. Duality gap: 1.081e+06, tolerance: 3.172e+03
  model = cd_fast.enet_coordinate_descent(
/root/miniconda3/lib/python3.12/site-packages/sklearn/linear_model/_coordinate_descent.py:716: ConvergenceWarning: Objective did not converge. You might want to increase the number of iterations, check the scale of the features or consider increasing regularisation. Duality gap: 1.171e+06, tolerance: 3.071e+03
  model = cd_fast.enet_coordinate_descent(
/root/miniconda3/lib/python3.12/site-packages/sklearn/linear_model/_coordinate_descent.py:716: ConvergenceWarning: Objective did not converge. You might want to increase the number of iterations, check the scale of the features or consider increasing regularisation. Duality gap: 8.161e+05, tolerance: 2.148e+03
  model = cd_fast.enet_coordinate_descent(
/root/miniconda3/lib/python3.12/site-packages/sklearn/linear_model/_coordinate_descent.py:716: ConvergenceWarning: Objective did not converge. You might want to increase the number of iterations, check the scale of the features or consider increasing regularisation. Duality gap: 7.037e+05, tolerance: 1.700e+03
  model = cd_fast.enet_coordinate_descent(
/root/miniconda3/lib/python3.12/site-packages/sklearn/linear_model/_coordinate_descent.py:716: ConvergenceWarning: Objective did not converge. You might want to increase the number of iterations, check the scale of the features or consider increasing regularisation. Duality gap: 6.799e+05, tolerance: 1.677e+03
  model = cd_fast.enet_coordinate_descent(
/root/miniconda3/lib/python3.12/site-packages/sklearn/linear_model/_coordinate_descent.py:716: ConvergenceWarning: Objective did not converge. You might want to increase the number of iterations, check the scale of the features or consider increasing regularisation. Duality gap: 7.203e+05, tolerance: 1.690e+03
  model = cd_fast.enet_coordinate_descent(
/root/miniconda3/lib/python3.12/site-packages/sklearn/linear_model/_coordinate_descent.py:716: ConvergenceWarning: Objective did not converge. You might want to increase the number of iterations, check the scale of the features or consider increasing regularisation. Duality gap: 8.074e+05, tolerance: 2.234e+03
  model = cd_fast.enet_coordinate_descent(

=== Running task: store_cat ===
/root/miniconda3/lib/python3.12/site-packages/sklearn/linear_model/_coordinate_descent.py:716: ConvergenceWarning: Objective did not converge. You might want to increase the number of iterations, check the scale of the features or consider increasing regularisation. Duality gap: 6.526e+05, tolerance: 3.272e+03
  model = cd_fast.enet_coordinate_descent(
/root/miniconda3/lib/python3.12/site-packages/sklearn/linear_model/_coordinate_descent.py:716: ConvergenceWarning: Objective did not converge. You might want to increase the number of iterations, check the scale of the features or consider increasing regularisation. Duality gap: 8.159e+05, tolerance: 3.462e+03
  model = cd_fast.enet_coordinate_descent(
/root/miniconda3/lib/python3.12/site-packages/sklearn/linear_model/_coordinate_descent.py:716: ConvergenceWarning: Objective did not converge. You might want to increase the number of iterations, check the scale of the features or consider increasing regularisation. Duality gap: 7.187e+05, tolerance: 2.258e+03
  model = cd_fast.enet_coordinate_descent(
/root/miniconda3/lib/python3.12/site-packages/sklearn/linear_model/_coordinate_descent.py:716: ConvergenceWarning: Objective did not converge. You might want to increase the number of iterations, check the scale of the features or consider increasing regularisation. Duality gap: 6.122e+05, tolerance: 1.887e+03
  model = cd_fast.enet_coordinate_descent(
/root/miniconda3/lib/python3.12/site-packages/sklearn/linear_model/_coordinate_descent.py:716: ConvergenceWarning: Objective did not converge. You might want to increase the number of iterations, check the scale of the features or consider increasing regularisation. Duality gap: 6.626e+05, tolerance: 1.840e+03
  model = cd_fast.enet_coordinate_descent(
/root/miniconda3/lib/python3.12/site-packages/sklearn/linear_model/_coordinate_descent.py:716: ConvergenceWarning: Objective did not converge. You might want to increase the number of iterations, check the scale of the features or consider increasing regularisation. Duality gap: 5.534e+05, tolerance: 1.879e+03
  model = cd_fast.enet_coordinate_descent(
/root/miniconda3/lib/python3.12/site-packages/sklearn/linear_model/_coordinate_descent.py:716: ConvergenceWarning: Objective did not converge. You might want to increase the number of iterations, check the scale of the features or consider increasing regularisation. Duality gap: 7.371e+05, tolerance: 2.410e+03
  model = cd_fast.enet_coordinate_descent(
/root/miniconda3/lib/python3.12/site-packages/sklearn/linear_model/_coordinate_descent.py:716: ConvergenceWarning: Objective did not converge. You might want to increase the number of iterations, check the scale of the features or consider increasing regularisation. Duality gap: 9.213e+05, tolerance: 3.339e+03
  model = cd_fast.enet_coordinate_descent(
/root/miniconda3/lib/python3.12/site-packages/sklearn/linear_model/_coordinate_descent.py:716: ConvergenceWarning: Objective did not converge. You might want to increase the number of iterations, check the scale of the features or consider increasing regularisation. Duality gap: 1.025e+06, tolerance: 3.497e+03
  model = cd_fast.enet_coordinate_descent(
/root/miniconda3/lib/python3.12/site-packages/sklearn/linear_model/_coordinate_descent.py:716: ConvergenceWarning: Objective did not converge. You might want to increase the number of iterations, check the scale of the features or consider increasing regularisation. Duality gap: 6.504e+05, tolerance: 2.162e+03
  model = cd_fast.enet_coordinate_descent(
/root/miniconda3/lib/python3.12/site-packages/sklearn/linear_model/_coordinate_descent.py:716: ConvergenceWarning: Objective did not converge. You might want to increase the number of iterations, check the scale of the features or consider increasing regularisation. Duality gap: 5.254e+05, tolerance: 1.778e+03
  model = cd_fast.enet_coordinate_descent(
/root/miniconda3/lib/python3.12/site-packages/sklearn/linear_model/_coordinate_descent.py:716: ConvergenceWarning: Objective did not converge. You might want to increase the number of iterations, check the scale of the features or consider increasing regularisation. Duality gap: 4.909e+05, tolerance: 1.694e+03
  model = cd_fast.enet_coordinate_descent(
/root/miniconda3/lib/python3.12/site-packages/sklearn/linear_model/_coordinate_descent.py:716: ConvergenceWarning: Objective did not converge. You might want to increase the number of iterations, check the scale of the features or consider increasing regularisation. Duality gap: 5.281e+05, tolerance: 1.749e+03
  model = cd_fast.enet_coordinate_descent(
/root/miniconda3/lib/python3.12/site-packages/sklearn/linear_model/_coordinate_descent.py:716: ConvergenceWarning: Objective did not converge. You might want to increase the number of iterations, check the scale of the features or consider increasing regularisation. Duality gap: 8.963e+05, tolerance: 2.410e+03
  model = cd_fast.enet_coordinate_descent(
/root/miniconda3/lib/python3.12/site-packages/sklearn/linear_model/_coordinate_descent.py:716: ConvergenceWarning: Objective did not converge. You might want to increase the number of iterations, check the scale of the features or consider increasing regularisation. Duality gap: 1.122e+06, tolerance: 3.373e+03
  model = cd_fast.enet_coordinate_descent(
/root/miniconda3/lib/python3.12/site-packages/sklearn/linear_model/_coordinate_descent.py:716: ConvergenceWarning: Objective did not converge. You might want to increase the number of iterations, check the scale of the features or consider increasing regularisation. Duality gap: 1.256e+06, tolerance: 3.616e+03
  model = cd_fast.enet_coordinate_descent(
/root/miniconda3/lib/python3.12/site-packages/sklearn/linear_model/_coordinate_descent.py:716: ConvergenceWarning: Objective did not converge. You might want to increase the number of iterations, check the scale of the features or consider increasing regularisation. Duality gap: 6.431e+05, tolerance: 2.190e+03
  model = cd_fast.enet_coordinate_descent(
/root/miniconda3/lib/python3.12/site-packages/sklearn/linear_model/_coordinate_descent.py:716: ConvergenceWarning: Objective did not converge. You might want to increase the number of iterations, check the scale of the features or consider increasing regularisation. Duality gap: 7.106e+05, tolerance: 1.982e+03
  model = cd_fast.enet_coordinate_descent(
/root/miniconda3/lib/python3.12/site-packages/sklearn/linear_model/_coordinate_descent.py:716: ConvergenceWarning: Objective did not converge. You might want to increase the number of iterations, check the scale of the features or consider increasing regularisation. Duality gap: 8.143e+05, tolerance: 2.011e+03
  model = cd_fast.enet_coordinate_descent(
/root/miniconda3/lib/python3.12/site-packages/sklearn/linear_model/_coordinate_descent.py:716: ConvergenceWarning: Objective did not converge. You might want to increase the number of iterations, check the scale of the features or consider increasing regularisation. Duality gap: 7.628e+05, tolerance: 2.034e+03
  model = cd_fast.enet_coordinate_descent(
/root/miniconda3/lib/python3.12/site-packages/sklearn/linear_model/_coordinate_descent.py:716: ConvergenceWarning: Objective did not converge. You might want to increase the number of iterations, check the scale of the features or consider increasing regularisation. Duality gap: 1.102e+06, tolerance: 2.547e+03
  model = cd_fast.enet_coordinate_descent(
/root/miniconda3/lib/python3.12/site-packages/sklearn/linear_model/_coordinate_descent.py:716: ConvergenceWarning: Objective did not converge. You might want to increase the number of iterations, check the scale of the features or consider increasing regularisation. Duality gap: 1.036e+06, tolerance: 3.332e+03
  model = cd_fast.enet_coordinate_descent(
/root/miniconda3/lib/python3.12/site-packages/sklearn/linear_model/_coordinate_descent.py:716: ConvergenceWarning: Objective did not converge. You might want to increase the number of iterations, check the scale of the features or consider increasing regularisation. Duality gap: 1.370e+06, tolerance: 3.259e+03
  model = cd_fast.enet_coordinate_descent(
/root/miniconda3/lib/python3.12/site-packages/sklearn/linear_model/_coordinate_descent.py:716: ConvergenceWarning: Objective did not converge. You might want to increase the number of iterations, check the scale of the features or consider increasing regularisation. Duality gap: 8.893e+05, tolerance: 2.324e+03
  model = cd_fast.enet_coordinate_descent(
/root/miniconda3/lib/python3.12/site-packages/sklearn/linear_model/_coordinate_descent.py:716: ConvergenceWarning: Objective did not converge. You might want to increase the number of iterations, check the scale of the features or consider increasing regularisation. Duality gap: 7.718e+05, tolerance: 1.896e+03
  model = cd_fast.enet_coordinate_descent(
/root/miniconda3/lib/python3.12/site-packages/sklearn/linear_model/_coordinate_descent.py:716: ConvergenceWarning: Objective did not converge. You might want to increase the number of iterations, check the scale of the features or consider increasing regularisation. Duality gap: 7.256e+05, tolerance: 1.856e+03
  model = cd_fast.enet_coordinate_descent(
/root/miniconda3/lib/python3.12/site-packages/sklearn/linear_model/_coordinate_descent.py:716: ConvergenceWarning: Objective did not converge. You might want to increase the number of iterations, check the scale of the features or consider increasing regularisation. Duality gap: 8.107e+05, tolerance: 1.858e+03
  model = cd_fast.enet_coordinate_descent(
/root/miniconda3/lib/python3.12/site-packages/sklearn/linear_model/_coordinate_descent.py:716: ConvergenceWarning: Objective did not converge. You might want to increase the number of iterations, check the scale of the features or consider increasing regularisation. Duality gap: 8.707e+05, tolerance: 2.325e+03
  model = cd_fast.enet_coordinate_descent(
/root/miniconda3/lib/python3.12/site-packages/sklearn/linear_model/_coordinate_descent.py:716: ConvergenceWarning: Objective did not converge. You might want to increase the number of iterations, check the scale of the features or consider increasing regularisation. Duality gap: 6.526e+05, tolerance: 3.272e+03
  model = cd_fast.enet_coordinate_descent(
/root/miniconda3/lib/python3.12/site-packages/sklearn/linear_model/_coordinate_descent.py:716: ConvergenceWarning: Objective did not converge. You might want to increase the number of iterations, check the scale of the features or consider increasing regularisation. Duality gap: 8.159e+05, tolerance: 3.462e+03
  model = cd_fast.enet_coordinate_descent(
/root/miniconda3/lib/python3.12/site-packages/sklearn/linear_model/_coordinate_descent.py:716: ConvergenceWarning: Objective did not converge. You might want to increase the number of iterations, check the scale of the features or consider increasing regularisation. Duality gap: 7.187e+05, tolerance: 2.258e+03
  model = cd_fast.enet_coordinate_descent(
/root/miniconda3/lib/python3.12/site-packages/sklearn/linear_model/_coordinate_descent.py:716: ConvergenceWarning: Objective did not converge. You might want to increase the number of iterations, check the scale of the features or consider increasing regularisation. Duality gap: 6.122e+05, tolerance: 1.887e+03
  model = cd_fast.enet_coordinate_descent(
/root/miniconda3/lib/python3.12/site-packages/sklearn/linear_model/_coordinate_descent.py:716: ConvergenceWarning: Objective did not converge. You might want to increase the number of iterations, check the scale of the features or consider increasing regularisation. Duality gap: 6.626e+05, tolerance: 1.840e+03
  model = cd_fast.enet_coordinate_descent(
/root/miniconda3/lib/python3.12/site-packages/sklearn/linear_model/_coordinate_descent.py:716: ConvergenceWarning: Objective did not converge. You might want to increase the number of iterations, check the scale of the features or consider increasing regularisation. Duality gap: 5.534e+05, tolerance: 1.879e+03
  model = cd_fast.enet_coordinate_descent(
/root/miniconda3/lib/python3.12/site-packages/sklearn/linear_model/_coordinate_descent.py:716: ConvergenceWarning: Objective did not converge. You might want to increase the number of iterations, check the scale of the features or consider increasing regularisation. Duality gap: 7.371e+05, tolerance: 2.410e+03
  model = cd_fast.enet_coordinate_descent(
/root/miniconda3/lib/python3.12/site-packages/sklearn/linear_model/_coordinate_descent.py:716: ConvergenceWarning: Objective did not converge. You might want to increase the number of iterations, check the scale of the features or consider increasing regularisation. Duality gap: 9.213e+05, tolerance: 3.339e+03
  model = cd_fast.enet_coordinate_descent(
/root/miniconda3/lib/python3.12/site-packages/sklearn/linear_model/_coordinate_descent.py:716: ConvergenceWarning: Objective did not converge. You might want to increase the number of iterations, check the scale of the features or consider increasing regularisation. Duality gap: 1.025e+06, tolerance: 3.497e+03
  model = cd_fast.enet_coordinate_descent(
/root/miniconda3/lib/python3.12/site-packages/sklearn/linear_model/_coordinate_descent.py:716: ConvergenceWarning: Objective did not converge. You might want to increase the number of iterations, check the scale of the features or consider increasing regularisation. Duality gap: 6.504e+05, tolerance: 2.162e+03
  model = cd_fast.enet_coordinate_descent(
/root/miniconda3/lib/python3.12/site-packages/sklearn/linear_model/_coordinate_descent.py:716: ConvergenceWarning: Objective did not converge. You might want to increase the number of iterations, check the scale of the features or consider increasing regularisation. Duality gap: 5.254e+05, tolerance: 1.778e+03
  model = cd_fast.enet_coordinate_descent(
/root/miniconda3/lib/python3.12/site-packages/sklearn/linear_model/_coordinate_descent.py:716: ConvergenceWarning: Objective did not converge. You might want to increase the number of iterations, check the scale of the features or consider increasing regularisation. Duality gap: 4.909e+05, tolerance: 1.694e+03
  model = cd_fast.enet_coordinate_descent(
/root/miniconda3/lib/python3.12/site-packages/sklearn/linear_model/_coordinate_descent.py:716: ConvergenceWarning: Objective did not converge. You might want to increase the number of iterations, check the scale of the features or consider increasing regularisation. Duality gap: 5.281e+05, tolerance: 1.749e+03
  model = cd_fast.enet_coordinate_descent(
/root/miniconda3/lib/python3.12/site-packages/sklearn/linear_model/_coordinate_descent.py:716: ConvergenceWarning: Objective did not converge. You might want to increase the number of iterations, check the scale of the features or consider increasing regularisation. Duality gap: 8.963e+05, tolerance: 2.410e+03
  model = cd_fast.enet_coordinate_descent(
/root/miniconda3/lib/python3.12/site-packages/sklearn/linear_model/_coordinate_descent.py:716: ConvergenceWarning: Objective did not converge. You might want to increase the number of iterations, check the scale of the features or consider increasing regularisation. Duality gap: 1.122e+06, tolerance: 3.373e+03
  model = cd_fast.enet_coordinate_descent(
/root/miniconda3/lib/python3.12/site-packages/sklearn/linear_model/_coordinate_descent.py:716: ConvergenceWarning: Objective did not converge. You might want to increase the number of iterations, check the scale of the features or consider increasing regularisation. Duality gap: 1.256e+06, tolerance: 3.616e+03
  model = cd_fast.enet_coordinate_descent(
/root/miniconda3/lib/python3.12/site-packages/sklearn/linear_model/_coordinate_descent.py:716: ConvergenceWarning: Objective did not converge. You might want to increase the number of iterations, check the scale of the features or consider increasing regularisation. Duality gap: 6.431e+05, tolerance: 2.190e+03
  model = cd_fast.enet_coordinate_descent(
/root/miniconda3/lib/python3.12/site-packages/sklearn/linear_model/_coordinate_descent.py:716: ConvergenceWarning: Objective did not converge. You might want to increase the number of iterations, check the scale of the features or consider increasing regularisation. Duality gap: 7.106e+05, tolerance: 1.982e+03
  model = cd_fast.enet_coordinate_descent(
/root/miniconda3/lib/python3.12/site-packages/sklearn/linear_model/_coordinate_descent.py:716: ConvergenceWarning: Objective did not converge. You might want to increase the number of iterations, check the scale of the features or consider increasing regularisation. Duality gap: 8.143e+05, tolerance: 2.011e+03
  model = cd_fast.enet_coordinate_descent(
/root/miniconda3/lib/python3.12/site-packages/sklearn/linear_model/_coordinate_descent.py:716: ConvergenceWarning: Objective did not converge. You might want to increase the number of iterations, check the scale of the features or consider increasing regularisation. Duality gap: 7.628e+05, tolerance: 2.034e+03
  model = cd_fast.enet_coordinate_descent(
/root/miniconda3/lib/python3.12/site-packages/sklearn/linear_model/_coordinate_descent.py:716: ConvergenceWarning: Objective did not converge. You might want to increase the number of iterations, check the scale of the features or consider increasing regularisation. Duality gap: 1.102e+06, tolerance: 2.547e+03
  model = cd_fast.enet_coordinate_descent(
/root/miniconda3/lib/python3.12/site-packages/sklearn/linear_model/_coordinate_descent.py:716: ConvergenceWarning: Objective did not converge. You might want to increase the number of iterations, check the scale of the features or consider increasing regularisation. Duality gap: 1.036e+06, tolerance: 3.332e+03
  model = cd_fast.enet_coordinate_descent(
/root/miniconda3/lib/python3.12/site-packages/sklearn/linear_model/_coordinate_descent.py:716: ConvergenceWarning: Objective did not converge. You might want to increase the number of iterations, check the scale of the features or consider increasing regularisation. Duality gap: 1.370e+06, tolerance: 3.259e+03
  model = cd_fast.enet_coordinate_descent(
/root/miniconda3/lib/python3.12/site-packages/sklearn/linear_model/_coordinate_descent.py:716: ConvergenceWarning: Objective did not converge. You might want to increase the number of iterations, check the scale of the features or consider increasing regularisation. Duality gap: 8.893e+05, tolerance: 2.324e+03
  model = cd_fast.enet_coordinate_descent(
/root/miniconda3/lib/python3.12/site-packages/sklearn/linear_model/_coordinate_descent.py:716: ConvergenceWarning: Objective did not converge. You might want to increase the number of iterations, check the scale of the features or consider increasing regularisation. Duality gap: 7.718e+05, tolerance: 1.896e+03
  model = cd_fast.enet_coordinate_descent(
/root/miniconda3/lib/python3.12/site-packages/sklearn/linear_model/_coordinate_descent.py:716: ConvergenceWarning: Objective did not converge. You might want to increase the number of iterations, check the scale of the features or consider increasing regularisation. Duality gap: 7.256e+05, tolerance: 1.856e+03
  model = cd_fast.enet_coordinate_descent(
/root/miniconda3/lib/python3.12/site-packages/sklearn/linear_model/_coordinate_descent.py:716: ConvergenceWarning: Objective did not converge. You might want to increase the number of iterations, check the scale of the features or consider increasing regularisation. Duality gap: 8.107e+05, tolerance: 1.858e+03
  model = cd_fast.enet_coordinate_descent(
/root/miniconda3/lib/python3.12/site-packages/sklearn/linear_model/_coordinate_descent.py:716: ConvergenceWarning: Objective did not converge. You might want to increase the number of iterations, check the scale of the features or consider increasing regularisation. Duality gap: 8.707e+05, tolerance: 2.325e+03
  model = cd_fast.enet_coordinate_descent(
/root/miniconda3/lib/python3.12/site-packages/sklearn/linear_model/_coordinate_descent.py:716: ConvergenceWarning: Objective did not converge. You might want to increase the number of iterations, check the scale of the features or consider increasing regularisation. Duality gap: 6.576e+05, tolerance: 3.272e+03
  model = cd_fast.enet_coordinate_descent(
/root/miniconda3/lib/python3.12/site-packages/sklearn/linear_model/_coordinate_descent.py:716: ConvergenceWarning: Objective did not converge. You might want to increase the number of iterations, check the scale of the features or consider increasing regularisation. Duality gap: 8.109e+05, tolerance: 3.462e+03
  model = cd_fast.enet_coordinate_descent(
/root/miniconda3/lib/python3.12/site-packages/sklearn/linear_model/_coordinate_descent.py:716: ConvergenceWarning: Objective did not converge. You might want to increase the number of iterations, check the scale of the features or consider increasing regularisation. Duality gap: 6.991e+05, tolerance: 2.258e+03
  model = cd_fast.enet_coordinate_descent(
/root/miniconda3/lib/python3.12/site-packages/sklearn/linear_model/_coordinate_descent.py:716: ConvergenceWarning: Objective did not converge. You might want to increase the number of iterations, check the scale of the features or consider increasing regularisation. Duality gap: 5.856e+05, tolerance: 1.887e+03
  model = cd_fast.enet_coordinate_descent(
/root/miniconda3/lib/python3.12/site-packages/sklearn/linear_model/_coordinate_descent.py:716: ConvergenceWarning: Objective did not converge. You might want to increase the number of iterations, check the scale of the features or consider increasing regularisation. Duality gap: 6.214e+05, tolerance: 1.840e+03
  model = cd_fast.enet_coordinate_descent(
/root/miniconda3/lib/python3.12/site-packages/sklearn/linear_model/_coordinate_descent.py:716: ConvergenceWarning: Objective did not converge. You might want to increase the number of iterations, check the scale of the features or consider increasing regularisation. Duality gap: 5.153e+05, tolerance: 1.879e+03
  model = cd_fast.enet_coordinate_descent(
/root/miniconda3/lib/python3.12/site-packages/sklearn/linear_model/_coordinate_descent.py:716: ConvergenceWarning: Objective did not converge. You might want to increase the number of iterations, check the scale of the features or consider increasing regularisation. Duality gap: 7.063e+05, tolerance: 2.410e+03
  model = cd_fast.enet_coordinate_descent(
/root/miniconda3/lib/python3.12/site-packages/sklearn/linear_model/_coordinate_descent.py:716: ConvergenceWarning: Objective did not converge. You might want to increase the number of iterations, check the scale of the features or consider increasing regularisation. Duality gap: 8.898e+05, tolerance: 3.339e+03
  model = cd_fast.enet_coordinate_descent(
/root/miniconda3/lib/python3.12/site-packages/sklearn/linear_model/_coordinate_descent.py:716: ConvergenceWarning: Objective did not converge. You might want to increase the number of iterations, check the scale of the features or consider increasing regularisation. Duality gap: 9.990e+05, tolerance: 3.497e+03
  model = cd_fast.enet_coordinate_descent(
/root/miniconda3/lib/python3.12/site-packages/sklearn/linear_model/_coordinate_descent.py:716: ConvergenceWarning: Objective did not converge. You might want to increase the number of iterations, check the scale of the features or consider increasing regularisation. Duality gap: 6.371e+05, tolerance: 2.162e+03
  model = cd_fast.enet_coordinate_descent(
/root/miniconda3/lib/python3.12/site-packages/sklearn/linear_model/_coordinate_descent.py:716: ConvergenceWarning: Objective did not converge. You might want to increase the number of iterations, check the scale of the features or consider increasing regularisation. Duality gap: 5.099e+05, tolerance: 1.778e+03
  model = cd_fast.enet_coordinate_descent(
/root/miniconda3/lib/python3.12/site-packages/sklearn/linear_model/_coordinate_descent.py:716: ConvergenceWarning: Objective did not converge. You might want to increase the number of iterations, check the scale of the features or consider increasing regularisation. Duality gap: 4.855e+05, tolerance: 1.694e+03
  model = cd_fast.enet_coordinate_descent(
/root/miniconda3/lib/python3.12/site-packages/sklearn/linear_model/_coordinate_descent.py:716: ConvergenceWarning: Objective did not converge. You might want to increase the number of iterations, check the scale of the features or consider increasing regularisation. Duality gap: 5.524e+05, tolerance: 1.749e+03
  model = cd_fast.enet_coordinate_descent(
/root/miniconda3/lib/python3.12/site-packages/sklearn/linear_model/_coordinate_descent.py:716: ConvergenceWarning: Objective did not converge. You might want to increase the number of iterations, check the scale of the features or consider increasing regularisation. Duality gap: 9.027e+05, tolerance: 2.410e+03
  model = cd_fast.enet_coordinate_descent(
/root/miniconda3/lib/python3.12/site-packages/sklearn/linear_model/_coordinate_descent.py:716: ConvergenceWarning: Objective did not converge. You might want to increase the number of iterations, check the scale of the features or consider increasing regularisation. Duality gap: 1.083e+06, tolerance: 3.373e+03
  model = cd_fast.enet_coordinate_descent(
/root/miniconda3/lib/python3.12/site-packages/sklearn/linear_model/_coordinate_descent.py:716: ConvergenceWarning: Objective did not converge. You might want to increase the number of iterations, check the scale of the features or consider increasing regularisation. Duality gap: 1.172e+06, tolerance: 3.616e+03
  model = cd_fast.enet_coordinate_descent(
/root/miniconda3/lib/python3.12/site-packages/sklearn/linear_model/_coordinate_descent.py:716: ConvergenceWarning: Objective did not converge. You might want to increase the number of iterations, check the scale of the features or consider increasing regularisation. Duality gap: 6.785e+05, tolerance: 2.190e+03
  model = cd_fast.enet_coordinate_descent(
/root/miniconda3/lib/python3.12/site-packages/sklearn/linear_model/_coordinate_descent.py:716: ConvergenceWarning: Objective did not converge. You might want to increase the number of iterations, check the scale of the features or consider increasing regularisation. Duality gap: 7.048e+05, tolerance: 1.982e+03
  model = cd_fast.enet_coordinate_descent(
/root/miniconda3/lib/python3.12/site-packages/sklearn/linear_model/_coordinate_descent.py:716: ConvergenceWarning: Objective did not converge. You might want to increase the number of iterations, check the scale of the features or consider increasing regularisation. Duality gap: 8.437e+05, tolerance: 2.011e+03
  model = cd_fast.enet_coordinate_descent(
/root/miniconda3/lib/python3.12/site-packages/sklearn/linear_model/_coordinate_descent.py:716: ConvergenceWarning: Objective did not converge. You might want to increase the number of iterations, check the scale of the features or consider increasing regularisation. Duality gap: 7.436e+05, tolerance: 2.034e+03
  model = cd_fast.enet_coordinate_descent(
/root/miniconda3/lib/python3.12/site-packages/sklearn/linear_model/_coordinate_descent.py:716: ConvergenceWarning: Objective did not converge. You might want to increase the number of iterations, check the scale of the features or consider increasing regularisation. Duality gap: 1.096e+06, tolerance: 2.547e+03
  model = cd_fast.enet_coordinate_descent(
/root/miniconda3/lib/python3.12/site-packages/sklearn/linear_model/_coordinate_descent.py:716: ConvergenceWarning: Objective did not converge. You might want to increase the number of iterations, check the scale of the features or consider increasing regularisation. Duality gap: 1.192e+06, tolerance: 3.332e+03
  model = cd_fast.enet_coordinate_descent(
/root/miniconda3/lib/python3.12/site-packages/sklearn/linear_model/_coordinate_descent.py:716: ConvergenceWarning: Objective did not converge. You might want to increase the number of iterations, check the scale of the features or consider increasing regularisation. Duality gap: 1.278e+06, tolerance: 3.259e+03
  model = cd_fast.enet_coordinate_descent(
/root/miniconda3/lib/python3.12/site-packages/sklearn/linear_model/_coordinate_descent.py:716: ConvergenceWarning: Objective did not converge. You might want to increase the number of iterations, check the scale of the features or consider increasing regularisation. Duality gap: 8.979e+05, tolerance: 2.324e+03
  model = cd_fast.enet_coordinate_descent(
/root/miniconda3/lib/python3.12/site-packages/sklearn/linear_model/_coordinate_descent.py:716: ConvergenceWarning: Objective did not converge. You might want to increase the number of iterations, check the scale of the features or consider increasing regularisation. Duality gap: 7.647e+05, tolerance: 1.896e+03
  model = cd_fast.enet_coordinate_descent(
/root/miniconda3/lib/python3.12/site-packages/sklearn/linear_model/_coordinate_descent.py:716: ConvergenceWarning: Objective did not converge. You might want to increase the number of iterations, check the scale of the features or consider increasing regularisation. Duality gap: 7.370e+05, tolerance: 1.856e+03
  model = cd_fast.enet_coordinate_descent(
/root/miniconda3/lib/python3.12/site-packages/sklearn/linear_model/_coordinate_descent.py:716: ConvergenceWarning: Objective did not converge. You might want to increase the number of iterations, check the scale of the features or consider increasing regularisation. Duality gap: 7.801e+05, tolerance: 1.858e+03
  model = cd_fast.enet_coordinate_descent(
/root/miniconda3/lib/python3.12/site-packages/sklearn/linear_model/_coordinate_descent.py:716: ConvergenceWarning: Objective did not converge. You might want to increase the number of iterations, check the scale of the features or consider increasing regularisation. Duality gap: 8.459e+05, tolerance: 2.325e+03
  model = cd_fast.enet_coordinate_descent(
/root/miniconda3/lib/python3.12/site-packages/sklearn/linear_model/_coordinate_descent.py:716: ConvergenceWarning: Objective did not converge. You might want to increase the number of iterations, check the scale of the features or consider increasing regularisation. Duality gap: 6.576e+05, tolerance: 3.272e+03
  model = cd_fast.enet_coordinate_descent(
/root/miniconda3/lib/python3.12/site-packages/sklearn/linear_model/_coordinate_descent.py:716: ConvergenceWarning: Objective did not converge. You might want to increase the number of iterations, check the scale of the features or consider increasing regularisation. Duality gap: 8.109e+05, tolerance: 3.462e+03
  model = cd_fast.enet_coordinate_descent(
/root/miniconda3/lib/python3.12/site-packages/sklearn/linear_model/_coordinate_descent.py:716: ConvergenceWarning: Objective did not converge. You might want to increase the number of iterations, check the scale of the features or consider increasing regularisation. Duality gap: 6.991e+05, tolerance: 2.258e+03
  model = cd_fast.enet_coordinate_descent(
/root/miniconda3/lib/python3.12/site-packages/sklearn/linear_model/_coordinate_descent.py:716: ConvergenceWarning: Objective did not converge. You might want to increase the number of iterations, check the scale of the features or consider increasing regularisation. Duality gap: 5.856e+05, tolerance: 1.887e+03
  model = cd_fast.enet_coordinate_descent(
/root/miniconda3/lib/python3.12/site-packages/sklearn/linear_model/_coordinate_descent.py:716: ConvergenceWarning: Objective did not converge. You might want to increase the number of iterations, check the scale of the features or consider increasing regularisation. Duality gap: 6.214e+05, tolerance: 1.840e+03
  model = cd_fast.enet_coordinate_descent(
/root/miniconda3/lib/python3.12/site-packages/sklearn/linear_model/_coordinate_descent.py:716: ConvergenceWarning: Objective did not converge. You might want to increase the number of iterations, check the scale of the features or consider increasing regularisation. Duality gap: 5.153e+05, tolerance: 1.879e+03
  model = cd_fast.enet_coordinate_descent(
/root/miniconda3/lib/python3.12/site-packages/sklearn/linear_model/_coordinate_descent.py:716: ConvergenceWarning: Objective did not converge. You might want to increase the number of iterations, check the scale of the features or consider increasing regularisation. Duality gap: 7.063e+05, tolerance: 2.410e+03
  model = cd_fast.enet_coordinate_descent(
/root/miniconda3/lib/python3.12/site-packages/sklearn/linear_model/_coordinate_descent.py:716: ConvergenceWarning: Objective did not converge. You might want to increase the number of iterations, check the scale of the features or consider increasing regularisation. Duality gap: 8.898e+05, tolerance: 3.339e+03
  model = cd_fast.enet_coordinate_descent(
/root/miniconda3/lib/python3.12/site-packages/sklearn/linear_model/_coordinate_descent.py:716: ConvergenceWarning: Objective did not converge. You might want to increase the number of iterations, check the scale of the features or consider increasing regularisation. Duality gap: 9.990e+05, tolerance: 3.497e+03
  model = cd_fast.enet_coordinate_descent(
/root/miniconda3/lib/python3.12/site-packages/sklearn/linear_model/_coordinate_descent.py:716: ConvergenceWarning: Objective did not converge. You might want to increase the number of iterations, check the scale of the features or consider increasing regularisation. Duality gap: 6.371e+05, tolerance: 2.162e+03
  model = cd_fast.enet_coordinate_descent(
/root/miniconda3/lib/python3.12/site-packages/sklearn/linear_model/_coordinate_descent.py:716: ConvergenceWarning: Objective did not converge. You might want to increase the number of iterations, check the scale of the features or consider increasing regularisation. Duality gap: 5.099e+05, tolerance: 1.778e+03
  model = cd_fast.enet_coordinate_descent(
/root/miniconda3/lib/python3.12/site-packages/sklearn/linear_model/_coordinate_descent.py:716: ConvergenceWarning: Objective did not converge. You might want to increase the number of iterations, check the scale of the features or consider increasing regularisation. Duality gap: 4.855e+05, tolerance: 1.694e+03
  model = cd_fast.enet_coordinate_descent(
/root/miniconda3/lib/python3.12/site-packages/sklearn/linear_model/_coordinate_descent.py:716: ConvergenceWarning: Objective did not converge. You might want to increase the number of iterations, check the scale of the features or consider increasing regularisation. Duality gap: 5.524e+05, tolerance: 1.749e+03
  model = cd_fast.enet_coordinate_descent(
/root/miniconda3/lib/python3.12/site-packages/sklearn/linear_model/_coordinate_descent.py:716: ConvergenceWarning: Objective did not converge. You might want to increase the number of iterations, check the scale of the features or consider increasing regularisation. Duality gap: 9.027e+05, tolerance: 2.410e+03
  model = cd_fast.enet_coordinate_descent(
/root/miniconda3/lib/python3.12/site-packages/sklearn/linear_model/_coordinate_descent.py:716: ConvergenceWarning: Objective did not converge. You might want to increase the number of iterations, check the scale of the features or consider increasing regularisation. Duality gap: 1.083e+06, tolerance: 3.373e+03
  model = cd_fast.enet_coordinate_descent(
/root/miniconda3/lib/python3.12/site-packages/sklearn/linear_model/_coordinate_descent.py:716: ConvergenceWarning: Objective did not converge. You might want to increase the number of iterations, check the scale of the features or consider increasing regularisation. Duality gap: 1.172e+06, tolerance: 3.616e+03
  model = cd_fast.enet_coordinate_descent(
/root/miniconda3/lib/python3.12/site-packages/sklearn/linear_model/_coordinate_descent.py:716: ConvergenceWarning: Objective did not converge. You might want to increase the number of iterations, check the scale of the features or consider increasing regularisation. Duality gap: 6.785e+05, tolerance: 2.190e+03
  model = cd_fast.enet_coordinate_descent(
/root/miniconda3/lib/python3.12/site-packages/sklearn/linear_model/_coordinate_descent.py:716: ConvergenceWarning: Objective did not converge. You might want to increase the number of iterations, check the scale of the features or consider increasing regularisation. Duality gap: 7.048e+05, tolerance: 1.982e+03
  model = cd_fast.enet_coordinate_descent(
/root/miniconda3/lib/python3.12/site-packages/sklearn/linear_model/_coordinate_descent.py:716: ConvergenceWarning: Objective did not converge. You might want to increase the number of iterations, check the scale of the features or consider increasing regularisation. Duality gap: 8.437e+05, tolerance: 2.011e+03
  model = cd_fast.enet_coordinate_descent(
/root/miniconda3/lib/python3.12/site-packages/sklearn/linear_model/_coordinate_descent.py:716: ConvergenceWarning: Objective did not converge. You might want to increase the number of iterations, check the scale of the features or consider increasing regularisation. Duality gap: 7.436e+05, tolerance: 2.034e+03
  model = cd_fast.enet_coordinate_descent(
/root/miniconda3/lib/python3.12/site-packages/sklearn/linear_model/_coordinate_descent.py:716: ConvergenceWarning: Objective did not converge. You might want to increase the number of iterations, check the scale of the features or consider increasing regularisation. Duality gap: 1.096e+06, tolerance: 2.547e+03
  model = cd_fast.enet_coordinate_descent(
/root/miniconda3/lib/python3.12/site-packages/sklearn/linear_model/_coordinate_descent.py:716: ConvergenceWarning: Objective did not converge. You might want to increase the number of iterations, check the scale of the features or consider increasing regularisation. Duality gap: 1.192e+06, tolerance: 3.332e+03
  model = cd_fast.enet_coordinate_descent(
/root/miniconda3/lib/python3.12/site-packages/sklearn/linear_model/_coordinate_descent.py:716: ConvergenceWarning: Objective did not converge. You might want to increase the number of iterations, check the scale of the features or consider increasing regularisation. Duality gap: 1.278e+06, tolerance: 3.259e+03
  model = cd_fast.enet_coordinate_descent(
/root/miniconda3/lib/python3.12/site-packages/sklearn/linear_model/_coordinate_descent.py:716: ConvergenceWarning: Objective did not converge. You might want to increase the number of iterations, check the scale of the features or consider increasing regularisation. Duality gap: 8.979e+05, tolerance: 2.324e+03
  model = cd_fast.enet_coordinate_descent(
/root/miniconda3/lib/python3.12/site-packages/sklearn/linear_model/_coordinate_descent.py:716: ConvergenceWarning: Objective did not converge. You might want to increase the number of iterations, check the scale of the features or consider increasing regularisation. Duality gap: 7.647e+05, tolerance: 1.896e+03
  model = cd_fast.enet_coordinate_descent(
/root/miniconda3/lib/python3.12/site-packages/sklearn/linear_model/_coordinate_descent.py:716: ConvergenceWarning: Objective did not converge. You might want to increase the number of iterations, check the scale of the features or consider increasing regularisation. Duality gap: 7.370e+05, tolerance: 1.856e+03
  model = cd_fast.enet_coordinate_descent(
/root/miniconda3/lib/python3.12/site-packages/sklearn/linear_model/_coordinate_descent.py:716: ConvergenceWarning: Objective did not converge. You might want to increase the number of iterations, check the scale of the features or consider increasing regularisation. Duality gap: 7.801e+05, tolerance: 1.858e+03
  model = cd_fast.enet_coordinate_descent(
/root/miniconda3/lib/python3.12/site-packages/sklearn/linear_model/_coordinate_descent.py:716: ConvergenceWarning: Objective did not converge. You might want to increase the number of iterations, check the scale of the features or consider increasing regularisation. Duality gap: 8.459e+05, tolerance: 2.325e+03
  model = cd_fast.enet_coordinate_descent(

=== Running task: state_dept ===
/root/miniconda3/lib/python3.12/site-packages/sklearn/linear_model/_coordinate_descent.py:716: ConvergenceWarning: Objective did not converge. You might want to increase the number of iterations, check the scale of the features or consider increasing regularisation. Duality gap: 7.294e+05, tolerance: 8.842e+03
  model = cd_fast.enet_coordinate_descent(
/root/miniconda3/lib/python3.12/site-packages/sklearn/linear_model/_coordinate_descent.py:716: ConvergenceWarning: Objective did not converge. You might want to increase the number of iterations, check the scale of the features or consider increasing regularisation. Duality gap: 8.703e+05, tolerance: 9.189e+03
  model = cd_fast.enet_coordinate_descent(
/root/miniconda3/lib/python3.12/site-packages/sklearn/linear_model/_coordinate_descent.py:716: ConvergenceWarning: Objective did not converge. You might want to increase the number of iterations, check the scale of the features or consider increasing regularisation. Duality gap: 9.852e+05, tolerance: 5.718e+03
  model = cd_fast.enet_coordinate_descent(
/root/miniconda3/lib/python3.12/site-packages/sklearn/linear_model/_coordinate_descent.py:716: ConvergenceWarning: Objective did not converge. You might want to increase the number of iterations, check the scale of the features or consider increasing regularisation. Duality gap: 7.029e+05, tolerance: 4.600e+03
  model = cd_fast.enet_coordinate_descent(
/root/miniconda3/lib/python3.12/site-packages/sklearn/linear_model/_coordinate_descent.py:716: ConvergenceWarning: Objective did not converge. You might want to increase the number of iterations, check the scale of the features or consider increasing regularisation. Duality gap: 6.726e+05, tolerance: 4.462e+03
  model = cd_fast.enet_coordinate_descent(
/root/miniconda3/lib/python3.12/site-packages/sklearn/linear_model/_coordinate_descent.py:716: ConvergenceWarning: Objective did not converge. You might want to increase the number of iterations, check the scale of the features or consider increasing regularisation. Duality gap: 6.228e+05, tolerance: 4.701e+03
  model = cd_fast.enet_coordinate_descent(
/root/miniconda3/lib/python3.12/site-packages/sklearn/linear_model/_coordinate_descent.py:716: ConvergenceWarning: Objective did not converge. You might want to increase the number of iterations, check the scale of the features or consider increasing regularisation. Duality gap: 8.058e+05, tolerance: 6.303e+03
  model = cd_fast.enet_coordinate_descent(
/root/miniconda3/lib/python3.12/site-packages/sklearn/linear_model/_coordinate_descent.py:716: ConvergenceWarning: Objective did not converge. You might want to increase the number of iterations, check the scale of the features or consider increasing regularisation. Duality gap: 1.075e+06, tolerance: 8.936e+03
  model = cd_fast.enet_coordinate_descent(
/root/miniconda3/lib/python3.12/site-packages/sklearn/linear_model/_coordinate_descent.py:716: ConvergenceWarning: Objective did not converge. You might want to increase the number of iterations, check the scale of the features or consider increasing regularisation. Duality gap: 1.237e+06, tolerance: 9.225e+03
  model = cd_fast.enet_coordinate_descent(
/root/miniconda3/lib/python3.12/site-packages/sklearn/linear_model/_coordinate_descent.py:716: ConvergenceWarning: Objective did not converge. You might want to increase the number of iterations, check the scale of the features or consider increasing regularisation. Duality gap: 6.647e+05, tolerance: 5.427e+03
  model = cd_fast.enet_coordinate_descent(
/root/miniconda3/lib/python3.12/site-packages/sklearn/linear_model/_coordinate_descent.py:716: ConvergenceWarning: Objective did not converge. You might want to increase the number of iterations, check the scale of the features or consider increasing regularisation. Duality gap: 5.519e+05, tolerance: 4.447e+03
  model = cd_fast.enet_coordinate_descent(
/root/miniconda3/lib/python3.12/site-packages/sklearn/linear_model/_coordinate_descent.py:716: ConvergenceWarning: Objective did not converge. You might want to increase the number of iterations, check the scale of the features or consider increasing regularisation. Duality gap: 6.439e+05, tolerance: 4.152e+03
  model = cd_fast.enet_coordinate_descent(
/root/miniconda3/lib/python3.12/site-packages/sklearn/linear_model/_coordinate_descent.py:716: ConvergenceWarning: Objective did not converge. You might want to increase the number of iterations, check the scale of the features or consider increasing regularisation. Duality gap: 6.623e+05, tolerance: 4.474e+03
  model = cd_fast.enet_coordinate_descent(
/root/miniconda3/lib/python3.12/site-packages/sklearn/linear_model/_coordinate_descent.py:716: ConvergenceWarning: Objective did not converge. You might want to increase the number of iterations, check the scale of the features or consider increasing regularisation. Duality gap: 1.154e+06, tolerance: 6.298e+03
  model = cd_fast.enet_coordinate_descent(
/root/miniconda3/lib/python3.12/site-packages/sklearn/linear_model/_coordinate_descent.py:716: ConvergenceWarning: Objective did not converge. You might want to increase the number of iterations, check the scale of the features or consider increasing regularisation. Duality gap: 1.354e+06, tolerance: 9.042e+03
  model = cd_fast.enet_coordinate_descent(
/root/miniconda3/lib/python3.12/site-packages/sklearn/linear_model/_coordinate_descent.py:716: ConvergenceWarning: Objective did not converge. You might want to increase the number of iterations, check the scale of the features or consider increasing regularisation. Duality gap: 1.676e+06, tolerance: 9.712e+03
  model = cd_fast.enet_coordinate_descent(
/root/miniconda3/lib/python3.12/site-packages/sklearn/linear_model/_coordinate_descent.py:716: ConvergenceWarning: Objective did not converge. You might want to increase the number of iterations, check the scale of the features or consider increasing regularisation. Duality gap: 8.156e+05, tolerance: 5.482e+03
  model = cd_fast.enet_coordinate_descent(
/root/miniconda3/lib/python3.12/site-packages/sklearn/linear_model/_coordinate_descent.py:716: ConvergenceWarning: Objective did not converge. You might want to increase the number of iterations, check the scale of the features or consider increasing regularisation. Duality gap: 9.989e+05, tolerance: 4.913e+03
  model = cd_fast.enet_coordinate_descent(
/root/miniconda3/lib/python3.12/site-packages/sklearn/linear_model/_coordinate_descent.py:716: ConvergenceWarning: Objective did not converge. You might want to increase the number of iterations, check the scale of the features or consider increasing regularisation. Duality gap: 1.227e+06, tolerance: 4.948e+03
  model = cd_fast.enet_coordinate_descent(
/root/miniconda3/lib/python3.12/site-packages/sklearn/linear_model/_coordinate_descent.py:716: ConvergenceWarning: Objective did not converge. You might want to increase the number of iterations, check the scale of the features or consider increasing regularisation. Duality gap: 1.057e+06, tolerance: 5.032e+03
  model = cd_fast.enet_coordinate_descent(
/root/miniconda3/lib/python3.12/site-packages/sklearn/linear_model/_coordinate_descent.py:716: ConvergenceWarning: Objective did not converge. You might want to increase the number of iterations, check the scale of the features or consider increasing regularisation. Duality gap: 1.550e+06, tolerance: 6.557e+03
  model = cd_fast.enet_coordinate_descent(
/root/miniconda3/lib/python3.12/site-packages/sklearn/linear_model/_coordinate_descent.py:716: ConvergenceWarning: Objective did not converge. You might want to increase the number of iterations, check the scale of the features or consider increasing regularisation. Duality gap: 1.449e+06, tolerance: 8.738e+03
  model = cd_fast.enet_coordinate_descent(
/root/miniconda3/lib/python3.12/site-packages/sklearn/linear_model/_coordinate_descent.py:716: ConvergenceWarning: Objective did not converge. You might want to increase the number of iterations, check the scale of the features or consider increasing regularisation. Duality gap: 2.085e+06, tolerance: 8.686e+03
  model = cd_fast.enet_coordinate_descent(
/root/miniconda3/lib/python3.12/site-packages/sklearn/linear_model/_coordinate_descent.py:716: ConvergenceWarning: Objective did not converge. You might want to increase the number of iterations, check the scale of the features or consider increasing regularisation. Duality gap: 1.280e+06, tolerance: 5.922e+03
  model = cd_fast.enet_coordinate_descent(
/root/miniconda3/lib/python3.12/site-packages/sklearn/linear_model/_coordinate_descent.py:716: ConvergenceWarning: Objective did not converge. You might want to increase the number of iterations, check the scale of the features or consider increasing regularisation. Duality gap: 1.056e+06, tolerance: 4.640e+03
  model = cd_fast.enet_coordinate_descent(
/root/miniconda3/lib/python3.12/site-packages/sklearn/linear_model/_coordinate_descent.py:716: ConvergenceWarning: Objective did not converge. You might want to increase the number of iterations, check the scale of the features or consider increasing regularisation. Duality gap: 1.085e+06, tolerance: 4.605e+03
  model = cd_fast.enet_coordinate_descent(
/root/miniconda3/lib/python3.12/site-packages/sklearn/linear_model/_coordinate_descent.py:716: ConvergenceWarning: Objective did not converge. You might want to increase the number of iterations, check the scale of the features or consider increasing regularisation. Duality gap: 1.236e+06, tolerance: 4.615e+03
  model = cd_fast.enet_coordinate_descent(
/root/miniconda3/lib/python3.12/site-packages/sklearn/linear_model/_coordinate_descent.py:716: ConvergenceWarning: Objective did not converge. You might want to increase the number of iterations, check the scale of the features or consider increasing regularisation. Duality gap: 1.244e+06, tolerance: 6.162e+03
  model = cd_fast.enet_coordinate_descent(
/root/miniconda3/lib/python3.12/site-packages/sklearn/linear_model/_coordinate_descent.py:716: ConvergenceWarning: Objective did not converge. You might want to increase the number of iterations, check the scale of the features or consider increasing regularisation. Duality gap: 7.294e+05, tolerance: 8.842e+03
  model = cd_fast.enet_coordinate_descent(
/root/miniconda3/lib/python3.12/site-packages/sklearn/linear_model/_coordinate_descent.py:716: ConvergenceWarning: Objective did not converge. You might want to increase the number of iterations, check the scale of the features or consider increasing regularisation. Duality gap: 8.703e+05, tolerance: 9.189e+03
  model = cd_fast.enet_coordinate_descent(
/root/miniconda3/lib/python3.12/site-packages/sklearn/linear_model/_coordinate_descent.py:716: ConvergenceWarning: Objective did not converge. You might want to increase the number of iterations, check the scale of the features or consider increasing regularisation. Duality gap: 9.852e+05, tolerance: 5.718e+03
  model = cd_fast.enet_coordinate_descent(
/root/miniconda3/lib/python3.12/site-packages/sklearn/linear_model/_coordinate_descent.py:716: ConvergenceWarning: Objective did not converge. You might want to increase the number of iterations, check the scale of the features or consider increasing regularisation. Duality gap: 7.029e+05, tolerance: 4.600e+03
  model = cd_fast.enet_coordinate_descent(
/root/miniconda3/lib/python3.12/site-packages/sklearn/linear_model/_coordinate_descent.py:716: ConvergenceWarning: Objective did not converge. You might want to increase the number of iterations, check the scale of the features or consider increasing regularisation. Duality gap: 6.726e+05, tolerance: 4.462e+03
  model = cd_fast.enet_coordinate_descent(
/root/miniconda3/lib/python3.12/site-packages/sklearn/linear_model/_coordinate_descent.py:716: ConvergenceWarning: Objective did not converge. You might want to increase the number of iterations, check the scale of the features or consider increasing regularisation. Duality gap: 6.228e+05, tolerance: 4.701e+03
  model = cd_fast.enet_coordinate_descent(
/root/miniconda3/lib/python3.12/site-packages/sklearn/linear_model/_coordinate_descent.py:716: ConvergenceWarning: Objective did not converge. You might want to increase the number of iterations, check the scale of the features or consider increasing regularisation. Duality gap: 8.058e+05, tolerance: 6.303e+03
  model = cd_fast.enet_coordinate_descent(
/root/miniconda3/lib/python3.12/site-packages/sklearn/linear_model/_coordinate_descent.py:716: ConvergenceWarning: Objective did not converge. You might want to increase the number of iterations, check the scale of the features or consider increasing regularisation. Duality gap: 1.075e+06, tolerance: 8.936e+03
  model = cd_fast.enet_coordinate_descent(
/root/miniconda3/lib/python3.12/site-packages/sklearn/linear_model/_coordinate_descent.py:716: ConvergenceWarning: Objective did not converge. You might want to increase the number of iterations, check the scale of the features or consider increasing regularisation. Duality gap: 1.237e+06, tolerance: 9.225e+03
  model = cd_fast.enet_coordinate_descent(
/root/miniconda3/lib/python3.12/site-packages/sklearn/linear_model/_coordinate_descent.py:716: ConvergenceWarning: Objective did not converge. You might want to increase the number of iterations, check the scale of the features or consider increasing regularisation. Duality gap: 6.647e+05, tolerance: 5.427e+03
  model = cd_fast.enet_coordinate_descent(
/root/miniconda3/lib/python3.12/site-packages/sklearn/linear_model/_coordinate_descent.py:716: ConvergenceWarning: Objective did not converge. You might want to increase the number of iterations, check the scale of the features or consider increasing regularisation. Duality gap: 5.519e+05, tolerance: 4.447e+03
  model = cd_fast.enet_coordinate_descent(
/root/miniconda3/lib/python3.12/site-packages/sklearn/linear_model/_coordinate_descent.py:716: ConvergenceWarning: Objective did not converge. You might want to increase the number of iterations, check the scale of the features or consider increasing regularisation. Duality gap: 6.439e+05, tolerance: 4.152e+03
  model = cd_fast.enet_coordinate_descent(
/root/miniconda3/lib/python3.12/site-packages/sklearn/linear_model/_coordinate_descent.py:716: ConvergenceWarning: Objective did not converge. You might want to increase the number of iterations, check the scale of the features or consider increasing regularisation. Duality gap: 6.623e+05, tolerance: 4.474e+03
  model = cd_fast.enet_coordinate_descent(
/root/miniconda3/lib/python3.12/site-packages/sklearn/linear_model/_coordinate_descent.py:716: ConvergenceWarning: Objective did not converge. You might want to increase the number of iterations, check the scale of the features or consider increasing regularisation. Duality gap: 1.154e+06, tolerance: 6.298e+03
  model = cd_fast.enet_coordinate_descent(
/root/miniconda3/lib/python3.12/site-packages/sklearn/linear_model/_coordinate_descent.py:716: ConvergenceWarning: Objective did not converge. You might want to increase the number of iterations, check the scale of the features or consider increasing regularisation. Duality gap: 1.354e+06, tolerance: 9.042e+03
  model = cd_fast.enet_coordinate_descent(
/root/miniconda3/lib/python3.12/site-packages/sklearn/linear_model/_coordinate_descent.py:716: ConvergenceWarning: Objective did not converge. You might want to increase the number of iterations, check the scale of the features or consider increasing regularisation. Duality gap: 1.676e+06, tolerance: 9.712e+03
  model = cd_fast.enet_coordinate_descent(
/root/miniconda3/lib/python3.12/site-packages/sklearn/linear_model/_coordinate_descent.py:716: ConvergenceWarning: Objective did not converge. You might want to increase the number of iterations, check the scale of the features or consider increasing regularisation. Duality gap: 8.156e+05, tolerance: 5.482e+03
  model = cd_fast.enet_coordinate_descent(
/root/miniconda3/lib/python3.12/site-packages/sklearn/linear_model/_coordinate_descent.py:716: ConvergenceWarning: Objective did not converge. You might want to increase the number of iterations, check the scale of the features or consider increasing regularisation. Duality gap: 9.989e+05, tolerance: 4.913e+03
  model = cd_fast.enet_coordinate_descent(
/root/miniconda3/lib/python3.12/site-packages/sklearn/linear_model/_coordinate_descent.py:716: ConvergenceWarning: Objective did not converge. You might want to increase the number of iterations, check the scale of the features or consider increasing regularisation. Duality gap: 1.227e+06, tolerance: 4.948e+03
  model = cd_fast.enet_coordinate_descent(
/root/miniconda3/lib/python3.12/site-packages/sklearn/linear_model/_coordinate_descent.py:716: ConvergenceWarning: Objective did not converge. You might want to increase the number of iterations, check the scale of the features or consider increasing regularisation. Duality gap: 1.057e+06, tolerance: 5.032e+03
  model = cd_fast.enet_coordinate_descent(
/root/miniconda3/lib/python3.12/site-packages/sklearn/linear_model/_coordinate_descent.py:716: ConvergenceWarning: Objective did not converge. You might want to increase the number of iterations, check the scale of the features or consider increasing regularisation. Duality gap: 1.550e+06, tolerance: 6.557e+03
  model = cd_fast.enet_coordinate_descent(
/root/miniconda3/lib/python3.12/site-packages/sklearn/linear_model/_coordinate_descent.py:716: ConvergenceWarning: Objective did not converge. You might want to increase the number of iterations, check the scale of the features or consider increasing regularisation. Duality gap: 1.449e+06, tolerance: 8.738e+03
  model = cd_fast.enet_coordinate_descent(
/root/miniconda3/lib/python3.12/site-packages/sklearn/linear_model/_coordinate_descent.py:716: ConvergenceWarning: Objective did not converge. You might want to increase the number of iterations, check the scale of the features or consider increasing regularisation. Duality gap: 2.085e+06, tolerance: 8.686e+03
  model = cd_fast.enet_coordinate_descent(
/root/miniconda3/lib/python3.12/site-packages/sklearn/linear_model/_coordinate_descent.py:716: ConvergenceWarning: Objective did not converge. You might want to increase the number of iterations, check the scale of the features or consider increasing regularisation. Duality gap: 1.280e+06, tolerance: 5.922e+03
  model = cd_fast.enet_coordinate_descent(
/root/miniconda3/lib/python3.12/site-packages/sklearn/linear_model/_coordinate_descent.py:716: ConvergenceWarning: Objective did not converge. You might want to increase the number of iterations, check the scale of the features or consider increasing regularisation. Duality gap: 1.056e+06, tolerance: 4.640e+03
  model = cd_fast.enet_coordinate_descent(
/root/miniconda3/lib/python3.12/site-packages/sklearn/linear_model/_coordinate_descent.py:716: ConvergenceWarning: Objective did not converge. You might want to increase the number of iterations, check the scale of the features or consider increasing regularisation. Duality gap: 1.085e+06, tolerance: 4.605e+03
  model = cd_fast.enet_coordinate_descent(
/root/miniconda3/lib/python3.12/site-packages/sklearn/linear_model/_coordinate_descent.py:716: ConvergenceWarning: Objective did not converge. You might want to increase the number of iterations, check the scale of the features or consider increasing regularisation. Duality gap: 1.236e+06, tolerance: 4.615e+03
  model = cd_fast.enet_coordinate_descent(
/root/miniconda3/lib/python3.12/site-packages/sklearn/linear_model/_coordinate_descent.py:716: ConvergenceWarning: Objective did not converge. You might want to increase the number of iterations, check the scale of the features or consider increasing regularisation. Duality gap: 1.244e+06, tolerance: 6.162e+03
  model = cd_fast.enet_coordinate_descent(
/root/miniconda3/lib/python3.12/site-packages/sklearn/linear_model/_coordinate_descent.py:716: ConvergenceWarning: Objective did not converge. You might want to increase the number of iterations, check the scale of the features or consider increasing regularisation. Duality gap: 7.029e+05, tolerance: 8.842e+03
  model = cd_fast.enet_coordinate_descent(
/root/miniconda3/lib/python3.12/site-packages/sklearn/linear_model/_coordinate_descent.py:716: ConvergenceWarning: Objective did not converge. You might want to increase the number of iterations, check the scale of the features or consider increasing regularisation. Duality gap: 8.493e+05, tolerance: 9.189e+03
  model = cd_fast.enet_coordinate_descent(
/root/miniconda3/lib/python3.12/site-packages/sklearn/linear_model/_coordinate_descent.py:716: ConvergenceWarning: Objective did not converge. You might want to increase the number of iterations, check the scale of the features or consider increasing regularisation. Duality gap: 9.515e+05, tolerance: 5.718e+03
  model = cd_fast.enet_coordinate_descent(
/root/miniconda3/lib/python3.12/site-packages/sklearn/linear_model/_coordinate_descent.py:716: ConvergenceWarning: Objective did not converge. You might want to increase the number of iterations, check the scale of the features or consider increasing regularisation. Duality gap: 6.851e+05, tolerance: 4.600e+03
  model = cd_fast.enet_coordinate_descent(
/root/miniconda3/lib/python3.12/site-packages/sklearn/linear_model/_coordinate_descent.py:716: ConvergenceWarning: Objective did not converge. You might want to increase the number of iterations, check the scale of the features or consider increasing regularisation. Duality gap: 6.658e+05, tolerance: 4.462e+03
  model = cd_fast.enet_coordinate_descent(
/root/miniconda3/lib/python3.12/site-packages/sklearn/linear_model/_coordinate_descent.py:716: ConvergenceWarning: Objective did not converge. You might want to increase the number of iterations, check the scale of the features or consider increasing regularisation. Duality gap: 5.938e+05, tolerance: 4.701e+03
  model = cd_fast.enet_coordinate_descent(
/root/miniconda3/lib/python3.12/site-packages/sklearn/linear_model/_coordinate_descent.py:716: ConvergenceWarning: Objective did not converge. You might want to increase the number of iterations, check the scale of the features or consider increasing regularisation. Duality gap: 7.728e+05, tolerance: 6.303e+03
  model = cd_fast.enet_coordinate_descent(
/root/miniconda3/lib/python3.12/site-packages/sklearn/linear_model/_coordinate_descent.py:716: ConvergenceWarning: Objective did not converge. You might want to increase the number of iterations, check the scale of the features or consider increasing regularisation. Duality gap: 1.057e+06, tolerance: 8.936e+03
  model = cd_fast.enet_coordinate_descent(
/root/miniconda3/lib/python3.12/site-packages/sklearn/linear_model/_coordinate_descent.py:716: ConvergenceWarning: Objective did not converge. You might want to increase the number of iterations, check the scale of the features or consider increasing regularisation. Duality gap: 1.179e+06, tolerance: 9.225e+03
  model = cd_fast.enet_coordinate_descent(
/root/miniconda3/lib/python3.12/site-packages/sklearn/linear_model/_coordinate_descent.py:716: ConvergenceWarning: Objective did not converge. You might want to increase the number of iterations, check the scale of the features or consider increasing regularisation. Duality gap: 6.721e+05, tolerance: 5.427e+03
  model = cd_fast.enet_coordinate_descent(
/root/miniconda3/lib/python3.12/site-packages/sklearn/linear_model/_coordinate_descent.py:716: ConvergenceWarning: Objective did not converge. You might want to increase the number of iterations, check the scale of the features or consider increasing regularisation. Duality gap: 5.762e+05, tolerance: 4.447e+03
  model = cd_fast.enet_coordinate_descent(
/root/miniconda3/lib/python3.12/site-packages/sklearn/linear_model/_coordinate_descent.py:716: ConvergenceWarning: Objective did not converge. You might want to increase the number of iterations, check the scale of the features or consider increasing regularisation. Duality gap: 6.397e+05, tolerance: 4.152e+03
  model = cd_fast.enet_coordinate_descent(
/root/miniconda3/lib/python3.12/site-packages/sklearn/linear_model/_coordinate_descent.py:716: ConvergenceWarning: Objective did not converge. You might want to increase the number of iterations, check the scale of the features or consider increasing regularisation. Duality gap: 6.538e+05, tolerance: 4.474e+03
  model = cd_fast.enet_coordinate_descent(
/root/miniconda3/lib/python3.12/site-packages/sklearn/linear_model/_coordinate_descent.py:716: ConvergenceWarning: Objective did not converge. You might want to increase the number of iterations, check the scale of the features or consider increasing regularisation. Duality gap: 1.182e+06, tolerance: 6.298e+03
  model = cd_fast.enet_coordinate_descent(
/root/miniconda3/lib/python3.12/site-packages/sklearn/linear_model/_coordinate_descent.py:716: ConvergenceWarning: Objective did not converge. You might want to increase the number of iterations, check the scale of the features or consider increasing regularisation. Duality gap: 1.309e+06, tolerance: 9.042e+03
  model = cd_fast.enet_coordinate_descent(
/root/miniconda3/lib/python3.12/site-packages/sklearn/linear_model/_coordinate_descent.py:716: ConvergenceWarning: Objective did not converge. You might want to increase the number of iterations, check the scale of the features or consider increasing regularisation. Duality gap: 1.531e+06, tolerance: 9.712e+03
  model = cd_fast.enet_coordinate_descent(
/root/miniconda3/lib/python3.12/site-packages/sklearn/linear_model/_coordinate_descent.py:716: ConvergenceWarning: Objective did not converge. You might want to increase the number of iterations, check the scale of the features or consider increasing regularisation. Duality gap: 8.030e+05, tolerance: 5.482e+03
  model = cd_fast.enet_coordinate_descent(
/root/miniconda3/lib/python3.12/site-packages/sklearn/linear_model/_coordinate_descent.py:716: ConvergenceWarning: Objective did not converge. You might want to increase the number of iterations, check the scale of the features or consider increasing regularisation. Duality gap: 9.473e+05, tolerance: 4.913e+03
  model = cd_fast.enet_coordinate_descent(
/root/miniconda3/lib/python3.12/site-packages/sklearn/linear_model/_coordinate_descent.py:716: ConvergenceWarning: Objective did not converge. You might want to increase the number of iterations, check the scale of the features or consider increasing regularisation. Duality gap: 1.275e+06, tolerance: 4.948e+03
  model = cd_fast.enet_coordinate_descent(
/root/miniconda3/lib/python3.12/site-packages/sklearn/linear_model/_coordinate_descent.py:716: ConvergenceWarning: Objective did not converge. You might want to increase the number of iterations, check the scale of the features or consider increasing regularisation. Duality gap: 1.034e+06, tolerance: 5.032e+03
  model = cd_fast.enet_coordinate_descent(
/root/miniconda3/lib/python3.12/site-packages/sklearn/linear_model/_coordinate_descent.py:716: ConvergenceWarning: Objective did not converge. You might want to increase the number of iterations, check the scale of the features or consider increasing regularisation. Duality gap: 1.534e+06, tolerance: 6.557e+03
  model = cd_fast.enet_coordinate_descent(
/root/miniconda3/lib/python3.12/site-packages/sklearn/linear_model/_coordinate_descent.py:716: ConvergenceWarning: Objective did not converge. You might want to increase the number of iterations, check the scale of the features or consider increasing regularisation. Duality gap: 1.416e+06, tolerance: 8.738e+03
  model = cd_fast.enet_coordinate_descent(
/root/miniconda3/lib/python3.12/site-packages/sklearn/linear_model/_coordinate_descent.py:716: ConvergenceWarning: Objective did not converge. You might want to increase the number of iterations, check the scale of the features or consider increasing regularisation. Duality gap: 1.988e+06, tolerance: 8.686e+03
  model = cd_fast.enet_coordinate_descent(
/root/miniconda3/lib/python3.12/site-packages/sklearn/linear_model/_coordinate_descent.py:716: ConvergenceWarning: Objective did not converge. You might want to increase the number of iterations, check the scale of the features or consider increasing regularisation. Duality gap: 1.215e+06, tolerance: 5.922e+03
  model = cd_fast.enet_coordinate_descent(
/root/miniconda3/lib/python3.12/site-packages/sklearn/linear_model/_coordinate_descent.py:716: ConvergenceWarning: Objective did not converge. You might want to increase the number of iterations, check the scale of the features or consider increasing regularisation. Duality gap: 9.799e+05, tolerance: 4.640e+03
  model = cd_fast.enet_coordinate_descent(
/root/miniconda3/lib/python3.12/site-packages/sklearn/linear_model/_coordinate_descent.py:716: ConvergenceWarning: Objective did not converge. You might want to increase the number of iterations, check the scale of the features or consider increasing regularisation. Duality gap: 1.030e+06, tolerance: 4.605e+03
  model = cd_fast.enet_coordinate_descent(
/root/miniconda3/lib/python3.12/site-packages/sklearn/linear_model/_coordinate_descent.py:716: ConvergenceWarning: Objective did not converge. You might want to increase the number of iterations, check the scale of the features or consider increasing regularisation. Duality gap: 1.172e+06, tolerance: 4.615e+03
  model = cd_fast.enet_coordinate_descent(
/root/miniconda3/lib/python3.12/site-packages/sklearn/linear_model/_coordinate_descent.py:716: ConvergenceWarning: Objective did not converge. You might want to increase the number of iterations, check the scale of the features or consider increasing regularisation. Duality gap: 1.200e+06, tolerance: 6.162e+03
  model = cd_fast.enet_coordinate_descent(
/root/miniconda3/lib/python3.12/site-packages/sklearn/linear_model/_coordinate_descent.py:716: ConvergenceWarning: Objective did not converge. You might want to increase the number of iterations, check the scale of the features or consider increasing regularisation. Duality gap: 7.029e+05, tolerance: 8.842e+03
  model = cd_fast.enet_coordinate_descent(
/root/miniconda3/lib/python3.12/site-packages/sklearn/linear_model/_coordinate_descent.py:716: ConvergenceWarning: Objective did not converge. You might want to increase the number of iterations, check the scale of the features or consider increasing regularisation. Duality gap: 8.493e+05, tolerance: 9.189e+03
  model = cd_fast.enet_coordinate_descent(
/root/miniconda3/lib/python3.12/site-packages/sklearn/linear_model/_coordinate_descent.py:716: ConvergenceWarning: Objective did not converge. You might want to increase the number of iterations, check the scale of the features or consider increasing regularisation. Duality gap: 9.515e+05, tolerance: 5.718e+03
  model = cd_fast.enet_coordinate_descent(
/root/miniconda3/lib/python3.12/site-packages/sklearn/linear_model/_coordinate_descent.py:716: ConvergenceWarning: Objective did not converge. You might want to increase the number of iterations, check the scale of the features or consider increasing regularisation. Duality gap: 6.851e+05, tolerance: 4.600e+03
  model = cd_fast.enet_coordinate_descent(
/root/miniconda3/lib/python3.12/site-packages/sklearn/linear_model/_coordinate_descent.py:716: ConvergenceWarning: Objective did not converge. You might want to increase the number of iterations, check the scale of the features or consider increasing regularisation. Duality gap: 6.658e+05, tolerance: 4.462e+03
  model = cd_fast.enet_coordinate_descent(
/root/miniconda3/lib/python3.12/site-packages/sklearn/linear_model/_coordinate_descent.py:716: ConvergenceWarning: Objective did not converge. You might want to increase the number of iterations, check the scale of the features or consider increasing regularisation. Duality gap: 5.938e+05, tolerance: 4.701e+03
  model = cd_fast.enet_coordinate_descent(
/root/miniconda3/lib/python3.12/site-packages/sklearn/linear_model/_coordinate_descent.py:716: ConvergenceWarning: Objective did not converge. You might want to increase the number of iterations, check the scale of the features or consider increasing regularisation. Duality gap: 7.728e+05, tolerance: 6.303e+03
  model = cd_fast.enet_coordinate_descent(
/root/miniconda3/lib/python3.12/site-packages/sklearn/linear_model/_coordinate_descent.py:716: ConvergenceWarning: Objective did not converge. You might want to increase the number of iterations, check the scale of the features or consider increasing regularisation. Duality gap: 1.057e+06, tolerance: 8.936e+03
  model = cd_fast.enet_coordinate_descent(
/root/miniconda3/lib/python3.12/site-packages/sklearn/linear_model/_coordinate_descent.py:716: ConvergenceWarning: Objective did not converge. You might want to increase the number of iterations, check the scale of the features or consider increasing regularisation. Duality gap: 1.179e+06, tolerance: 9.225e+03
  model = cd_fast.enet_coordinate_descent(
/root/miniconda3/lib/python3.12/site-packages/sklearn/linear_model/_coordinate_descent.py:716: ConvergenceWarning: Objective did not converge. You might want to increase the number of iterations, check the scale of the features or consider increasing regularisation. Duality gap: 6.721e+05, tolerance: 5.427e+03
  model = cd_fast.enet_coordinate_descent(
/root/miniconda3/lib/python3.12/site-packages/sklearn/linear_model/_coordinate_descent.py:716: ConvergenceWarning: Objective did not converge. You might want to increase the number of iterations, check the scale of the features or consider increasing regularisation. Duality gap: 5.762e+05, tolerance: 4.447e+03
  model = cd_fast.enet_coordinate_descent(
/root/miniconda3/lib/python3.12/site-packages/sklearn/linear_model/_coordinate_descent.py:716: ConvergenceWarning: Objective did not converge. You might want to increase the number of iterations, check the scale of the features or consider increasing regularisation. Duality gap: 6.397e+05, tolerance: 4.152e+03
  model = cd_fast.enet_coordinate_descent(
/root/miniconda3/lib/python3.12/site-packages/sklearn/linear_model/_coordinate_descent.py:716: ConvergenceWarning: Objective did not converge. You might want to increase the number of iterations, check the scale of the features or consider increasing regularisation. Duality gap: 6.538e+05, tolerance: 4.474e+03
  model = cd_fast.enet_coordinate_descent(
/root/miniconda3/lib/python3.12/site-packages/sklearn/linear_model/_coordinate_descent.py:716: ConvergenceWarning: Objective did not converge. You might want to increase the number of iterations, check the scale of the features or consider increasing regularisation. Duality gap: 1.182e+06, tolerance: 6.298e+03
  model = cd_fast.enet_coordinate_descent(
/root/miniconda3/lib/python3.12/site-packages/sklearn/linear_model/_coordinate_descent.py:716: ConvergenceWarning: Objective did not converge. You might want to increase the number of iterations, check the scale of the features or consider increasing regularisation. Duality gap: 1.309e+06, tolerance: 9.042e+03
  model = cd_fast.enet_coordinate_descent(
/root/miniconda3/lib/python3.12/site-packages/sklearn/linear_model/_coordinate_descent.py:716: ConvergenceWarning: Objective did not converge. You might want to increase the number of iterations, check the scale of the features or consider increasing regularisation. Duality gap: 1.531e+06, tolerance: 9.712e+03
  model = cd_fast.enet_coordinate_descent(
/root/miniconda3/lib/python3.12/site-packages/sklearn/linear_model/_coordinate_descent.py:716: ConvergenceWarning: Objective did not converge. You might want to increase the number of iterations, check the scale of the features or consider increasing regularisation. Duality gap: 8.030e+05, tolerance: 5.482e+03
  model = cd_fast.enet_coordinate_descent(
/root/miniconda3/lib/python3.12/site-packages/sklearn/linear_model/_coordinate_descent.py:716: ConvergenceWarning: Objective did not converge. You might want to increase the number of iterations, check the scale of the features or consider increasing regularisation. Duality gap: 9.473e+05, tolerance: 4.913e+03
  model = cd_fast.enet_coordinate_descent(
/root/miniconda3/lib/python3.12/site-packages/sklearn/linear_model/_coordinate_descent.py:716: ConvergenceWarning: Objective did not converge. You might want to increase the number of iterations, check the scale of the features or consider increasing regularisation. Duality gap: 1.275e+06, tolerance: 4.948e+03
  model = cd_fast.enet_coordinate_descent(
/root/miniconda3/lib/python3.12/site-packages/sklearn/linear_model/_coordinate_descent.py:716: ConvergenceWarning: Objective did not converge. You might want to increase the number of iterations, check the scale of the features or consider increasing regularisation. Duality gap: 1.034e+06, tolerance: 5.032e+03
  model = cd_fast.enet_coordinate_descent(
/root/miniconda3/lib/python3.12/site-packages/sklearn/linear_model/_coordinate_descent.py:716: ConvergenceWarning: Objective did not converge. You might want to increase the number of iterations, check the scale of the features or consider increasing regularisation. Duality gap: 1.534e+06, tolerance: 6.557e+03
  model = cd_fast.enet_coordinate_descent(
/root/miniconda3/lib/python3.12/site-packages/sklearn/linear_model/_coordinate_descent.py:716: ConvergenceWarning: Objective did not converge. You might want to increase the number of iterations, check the scale of the features or consider increasing regularisation. Duality gap: 1.416e+06, tolerance: 8.738e+03
  model = cd_fast.enet_coordinate_descent(
/root/miniconda3/lib/python3.12/site-packages/sklearn/linear_model/_coordinate_descent.py:716: ConvergenceWarning: Objective did not converge. You might want to increase the number of iterations, check the scale of the features or consider increasing regularisation. Duality gap: 1.988e+06, tolerance: 8.686e+03
  model = cd_fast.enet_coordinate_descent(
/root/miniconda3/lib/python3.12/site-packages/sklearn/linear_model/_coordinate_descent.py:716: ConvergenceWarning: Objective did not converge. You might want to increase the number of iterations, check the scale of the features or consider increasing regularisation. Duality gap: 1.215e+06, tolerance: 5.922e+03
  model = cd_fast.enet_coordinate_descent(
/root/miniconda3/lib/python3.12/site-packages/sklearn/linear_model/_coordinate_descent.py:716: ConvergenceWarning: Objective did not converge. You might want to increase the number of iterations, check the scale of the features or consider increasing regularisation. Duality gap: 9.799e+05, tolerance: 4.640e+03
  model = cd_fast.enet_coordinate_descent(
/root/miniconda3/lib/python3.12/site-packages/sklearn/linear_model/_coordinate_descent.py:716: ConvergenceWarning: Objective did not converge. You might want to increase the number of iterations, check the scale of the features or consider increasing regularisation. Duality gap: 1.030e+06, tolerance: 4.605e+03
  model = cd_fast.enet_coordinate_descent(
/root/miniconda3/lib/python3.12/site-packages/sklearn/linear_model/_coordinate_descent.py:716: ConvergenceWarning: Objective did not converge. You might want to increase the number of iterations, check the scale of the features or consider increasing regularisation. Duality gap: 1.172e+06, tolerance: 4.615e+03
  model = cd_fast.enet_coordinate_descent(
/root/miniconda3/lib/python3.12/site-packages/sklearn/linear_model/_coordinate_descent.py:716: ConvergenceWarning: Objective did not converge. You might want to increase the number of iterations, check the scale of the features or consider increasing regularisation. Duality gap: 1.200e+06, tolerance: 6.162e+03
  model = cd_fast.enet_coordinate_descent(

Point summary:
          task                   model  ...  wape_std  n_folds
0   state_dept     AggregateElasticNet  ...       NaN        1
1   state_dept         AggregateHistGB  ...       NaN        1
2   state_dept    BottomUpGlobalHistGB  ...       NaN        1
3   state_dept  ChildSummaryElasticNet  ...       NaN        1
4   state_dept      ChildSummaryHistGB  ...       NaN        1
5   state_dept           SeasonalNaive  ...       NaN        1
6    store_cat     AggregateElasticNet  ...       NaN        1
7    store_cat         AggregateHistGB  ...       NaN        1
8    store_cat    BottomUpGlobalHistGB  ...       NaN        1
9    store_cat  ChildSummaryElasticNet  ...       NaN        1
10   store_cat      ChildSummaryHistGB  ...       NaN        1
11   store_cat           SeasonalNaive  ...       NaN        1
12  store_dept     AggregateElasticNet  ...       NaN        1
13  store_dept         AggregateHistGB  ...       NaN        1
14  store_dept    BottomUpGlobalHistGB  ...       NaN        1
15  store_dept  ChildSummaryElasticNet  ...       NaN        1
16  store_dept      ChildSummaryHistGB  ...       NaN        1
17  store_dept           SeasonalNaive  ...       NaN        1

[18 rows x 7 columns]

Main point table:
task                    state_dept  store_cat  store_dept      Mean
model                                                              
BottomUpGlobalHistGB      0.771453   0.781631    0.840330  0.797805
ChildSummaryHistGB        0.776959   0.811750    0.843442  0.810717
AggregateHistGB           0.800738   0.834028    0.850785  0.828517
AggregateElasticNet       0.926826   0.896997    0.913872  0.912565
ChildSummaryElasticNet    1.012577   0.932018    0.939208  0.961268
SeasonalNaive             0.932568   0.968455    1.026120  0.975715

Quantile summary:
          task                   model  wspl_mean  wspl_std  n_folds
0   state_dept     AggregateElasticNet   0.247741       NaN        1
1   state_dept         AggregateHistGB   0.259391       NaN        1
2   state_dept    BottomUpGlobalHistGB   0.216085       NaN        1
3   state_dept  ChildSummaryElasticNet   0.268974       NaN        1
4   state_dept      ChildSummaryHistGB   0.260101       NaN        1
5   state_dept           SeasonalNaive   0.266133       NaN        1
6    store_cat     AggregateElasticNet   0.240035       NaN        1
7    store_cat         AggregateHistGB   0.270352       NaN        1
8    store_cat    BottomUpGlobalHistGB   0.220250       NaN        1
9    store_cat  ChildSummaryElasticNet   0.247374       NaN        1
10   store_cat      ChildSummaryHistGB   0.271723       NaN        1
11   store_cat           SeasonalNaive   0.272539       NaN        1
12  store_dept     AggregateElasticNet   0.251923       NaN        1
13  store_dept         AggregateHistGB   0.262025       NaN        1
14  store_dept    BottomUpGlobalHistGB   0.240627       NaN        1
15  store_dept  ChildSummaryElasticNet   0.256811       NaN        1
16  store_dept      ChildSummaryHistGB   0.264304       NaN        1
17  store_dept           SeasonalNaive   0.293271       NaN        1

Main quantile table:
task                    state_dept  store_cat  store_dept      Mean
model                                                              
BottomUpGlobalHistGB      0.216085   0.220250    0.240627  0.225654
AggregateElasticNet       0.247741   0.240035    0.251923  0.246566
ChildSummaryElasticNet    0.268974   0.247374    0.256811  0.257720
AggregateHistGB           0.259391   0.270352    0.262025  0.263922
ChildSummaryHistGB        0.260101   0.271723    0.264304  0.265376
SeasonalNaive             0.266133   0.272539    0.293271  0.277314

Done. Outputs written to: /root/autodl-tmp/m5/work/holdout/03_benchmark_baselines

$ /root/miniconda3/bin/python /root/autodl-tmp/m5/scripts/run_m5_proposed_models.py --data-dir /root/autodl-tmp/m5/data --output-dir /root/autodl-tmp/m5/work/holdout/04_benchmark_proposed/M3_FullSkuTemporalCNN --mode holdout --tasks store_dept,store_cat,state_dept --quantiles 0.005,0.025,0.165,0.25,0.5,0.75,0.835,0.975,0.995 --model-names M3_FullSkuTemporalCNN --recent-window 14 --lag-windows 7,14,28,56 --stat-windows 7,28,56 --params-json /root/autodl-tmp/m5/work/holdout/01_tuning/M3_FullSkuTemporalCNN/best_params.json --t-hist 56 --horizon 28 --valid-size 4 --test-size 4 --internal-valid-size 3 --gap 0 --min-train-origins 20 --min-final-train-origins 20 --sku-universe-mode history --store-sku-sample-frac 0.1 --store-sku-sample-seed 42 --cache-dir /root/autodl-tmp/m5/cache
Using cache directory: /root/autodl-tmp/m5/cache
Building/loading cached task artifacts lazily...

=== Proposed models on task: store_dept ===
[M5-PREP] Loading cached task package for task=store_dept...
[M5-PREP] Loaded cached task package for task=store_dept | stage 00:00 | total 00:00
[M5-PREP] Loading cached samples: task=store_dept split=final_train_samples...
[M5-PREP] Loaded cached samples: task=store_dept split=final_train_samples n=4060 | stage 00:01 | total 00:01
[M5-PREP] Loading cached samples: task=store_dept split=internal_valid_samples...
[M5-PREP] Loaded cached samples: task=store_dept split=internal_valid_samples n=210 | stage 00:00 | total 00:00
[M5-PREP] Loading cached samples: task=store_dept split=test_samples...
[M5-PREP] Loaded cached samples: task=store_dept split=test_samples n=280 | stage 00:00 | total 00:00
Task=store_dept Mode=holdout Model=M3_FullSkuTemporalCNN
Training samples: 4060 | Validation samples: 210
[Epoch 001] train=0.146230 valid=0.179972 lr=0.00174587 time=8.4s
[Epoch 002] train=0.109969 valid=0.119549 lr=0.00174587 time=7.5s
[Epoch 003] train=0.101052 valid=0.139257 lr=0.00174587 time=7.6s
[Epoch 004] train=0.104237 valid=0.089289 lr=0.00174587 time=7.4s
[Epoch 005] train=0.092627 valid=0.102145 lr=0.00174587 time=7.4s
[Epoch 006] train=0.090905 valid=0.088567 lr=0.00174587 time=7.2s
[Epoch 007] train=0.094630 valid=0.099348 lr=0.00174587 time=7.5s
[Epoch 008] train=0.099908 valid=0.100586 lr=0.00174587 time=7.4s
[Epoch 009] train=0.091232 valid=0.087008 lr=0.00174587 time=7.5s
[Epoch 010] train=0.093707 valid=0.124766 lr=0.00174587 time=7.5s
[Epoch 011] train=0.087743 valid=0.101944 lr=0.00174587 time=7.3s
[Epoch 012] train=0.085392 valid=0.115379 lr=0.000872934 time=7.5s
[Epoch 013] train=0.075407 valid=0.092558 lr=0.000872934 time=7.4s
[Epoch 014] train=0.075853 valid=0.087320 lr=0.000872934 time=7.4s
[Epoch 015] train=0.082398 valid=0.095490 lr=0.000436467 time=7.3s
Early stopping at epoch 15
Training samples: 4060 | Validation samples: 210
[Epoch 001] train=0.046822 valid=0.043265 lr=0.00174587 time=5.8s
[Epoch 002] train=0.040054 valid=0.043225 lr=0.00174587 time=7.6s
[Epoch 003] train=0.038913 valid=0.043032 lr=0.00174587 time=7.8s
[Epoch 004] train=0.038892 valid=0.049300 lr=0.00174587 time=7.6s
[Epoch 005] train=0.037191 valid=0.042332 lr=0.00174587 time=7.6s
[Epoch 006] train=0.038528 valid=0.046928 lr=0.00174587 time=7.9s
[Epoch 007] train=0.036864 valid=0.040845 lr=0.00174587 time=7.7s
[Epoch 008] train=0.037942 valid=0.042961 lr=0.00174587 time=7.7s
[Epoch 009] train=0.037938 valid=0.043003 lr=0.00174587 time=7.8s
[Epoch 010] train=0.037688 valid=0.042423 lr=0.000872934 time=7.8s
[Epoch 011] train=0.034730 valid=0.041688 lr=0.000872934 time=7.7s
[Epoch 012] train=0.034532 valid=0.041358 lr=0.000872934 time=7.9s
[Epoch 013] train=0.034386 valid=0.041536 lr=0.000436467 time=6.4s
Early stopping at epoch 13

=== Proposed models on task: store_cat ===
[M5-PREP] Loading cached task package for task=store_cat...
[M5-PREP] Loaded cached task package for task=store_cat | stage 00:00 | total 00:00
[M5-PREP] Loading cached samples: task=store_cat split=final_train_samples...
[M5-PREP] Loaded cached samples: task=store_cat split=final_train_samples n=1740 | stage 00:00 | total 00:00
[M5-PREP] Loading cached samples: task=store_cat split=internal_valid_samples...
[M5-PREP] Loaded cached samples: task=store_cat split=internal_valid_samples n=90 | stage 00:00 | total 00:00
[M5-PREP] Loading cached samples: task=store_cat split=test_samples...
[M5-PREP] Loaded cached samples: task=store_cat split=test_samples n=120 | stage 00:00 | total 00:00
Task=store_cat Mode=holdout Model=M3_FullSkuTemporalCNN
Training samples: 1740 | Validation samples: 90
[Epoch 001] train=0.196370 valid=0.122923 lr=0.00174587 time=4.7s
[Epoch 002] train=0.111741 valid=0.098139 lr=0.00174587 time=4.6s
[Epoch 003] train=0.107119 valid=0.110630 lr=0.00174587 time=4.7s
[Epoch 004] train=0.098027 valid=0.122327 lr=0.00174587 time=4.7s
[Epoch 005] train=0.097812 valid=0.110663 lr=0.000872934 time=4.6s
[Epoch 006] train=0.080905 valid=0.090804 lr=0.000872934 time=4.6s
[Epoch 007] train=0.087410 valid=0.082177 lr=0.000872934 time=4.6s
[Epoch 008] train=0.080693 valid=0.083235 lr=0.000872934 time=4.7s
[Epoch 009] train=0.076561 valid=0.085878 lr=0.000872934 time=3.9s
[Epoch 010] train=0.074761 valid=0.089145 lr=0.000436467 time=3.8s
[Epoch 011] train=0.065499 valid=0.087248 lr=0.000436467 time=4.2s
[Epoch 012] train=0.066513 valid=0.080783 lr=0.000436467 time=4.7s
[Epoch 013] train=0.064843 valid=0.083225 lr=0.000436467 time=4.8s
[Epoch 014] train=0.062965 valid=0.090185 lr=0.000436467 time=4.6s
[Epoch 015] train=0.064107 valid=0.080611 lr=0.000436467 time=3.9s
[Epoch 016] train=0.061112 valid=0.082900 lr=0.000436467 time=3.8s
[Epoch 017] train=0.060007 valid=0.084782 lr=0.000436467 time=4.3s
[Epoch 018] train=0.063793 valid=0.080425 lr=0.000436467 time=4.7s
[Epoch 019] train=0.059682 valid=0.088158 lr=0.000436467 time=4.7s
[Epoch 020] train=0.057577 valid=0.082665 lr=0.000436467 time=4.6s
[Epoch 021] train=0.057309 valid=0.086091 lr=0.000218233 time=4.6s
[Epoch 022] train=0.051850 valid=0.079767 lr=0.000218233 time=4.5s
[Epoch 023] train=0.053070 valid=0.084773 lr=0.000218233 time=4.6s
[Epoch 024] train=0.051838 valid=0.093686 lr=0.000218233 time=4.7s
Training samples: 1740 | Validation samples: 90
[Epoch 001] train=0.063928 valid=0.051264 lr=0.00174587 time=4.7s
[Epoch 002] train=0.049114 valid=0.054374 lr=0.00174587 time=5.1s
[Epoch 003] train=0.045125 valid=0.048146 lr=0.00174587 time=5.1s
[Epoch 004] train=0.045203 valid=0.047416 lr=0.00174587 time=5.1s
[Epoch 005] train=0.043895 valid=0.047499 lr=0.00174587 time=5.0s
[Epoch 006] train=0.043548 valid=0.048592 lr=0.00174587 time=5.1s
[Epoch 007] train=0.043351 valid=0.067566 lr=0.000872934 time=5.0s
[Epoch 008] train=0.042374 valid=0.046054 lr=0.000872934 time=5.1s
[Epoch 009] train=0.040170 valid=0.045040 lr=0.000872934 time=5.0s
[Epoch 010] train=0.039435 valid=0.046547 lr=0.000872934 time=5.0s
[Epoch 011] train=0.039567 valid=0.047963 lr=0.000872934 time=5.0s
[Epoch 012] train=0.039639 valid=0.047269 lr=0.000436467 time=5.0s
[Epoch 013] train=0.037653 valid=0.045973 lr=0.000436467 time=5.0s
[Epoch 014] train=0.037212 valid=0.046686 lr=0.000436467 time=4.9s
[Epoch 015] train=0.037188 valid=0.046901 lr=0.000218233 time=5.0s
Early stopping at epoch 15

=== Proposed models on task: state_dept ===
[M5-PREP] Loading cached task package for task=state_dept...
[M5-PREP] Loaded cached task package for task=state_dept | stage 00:00 | total 00:00
[M5-PREP] Loading cached samples: task=state_dept split=final_train_samples...
[M5-PREP] Loaded cached samples: task=state_dept split=final_train_samples n=1218 | stage 00:00 | total 00:00
[M5-PREP] Loading cached samples: task=state_dept split=internal_valid_samples...
[M5-PREP] Loaded cached samples: task=state_dept split=internal_valid_samples n=63 | stage 00:00 | total 00:00
[M5-PREP] Loading cached samples: task=state_dept split=test_samples...
[M5-PREP] Loaded cached samples: task=state_dept split=test_samples n=84 | stage 00:00 | total 00:00
Task=state_dept Mode=holdout Model=M3_FullSkuTemporalCNN
Training samples: 1218 | Validation samples: 63
[Epoch 001] train=0.157446 valid=0.098593 lr=0.00174587 time=5.1s
[Epoch 002] train=0.071757 valid=0.131649 lr=0.00174587 time=5.1s
[Epoch 003] train=0.070456 valid=0.132897 lr=0.00174587 time=5.0s
[Epoch 004] train=0.061653 valid=0.127359 lr=0.000872934 time=5.0s
[Epoch 005] train=0.051930 valid=0.068351 lr=0.000872934 time=5.1s
[Epoch 006] train=0.052992 valid=0.063498 lr=0.000872934 time=5.3s
[Epoch 007] train=0.045061 valid=0.056559 lr=0.000872934 time=5.4s
[Epoch 008] train=0.041714 valid=0.055058 lr=0.000872934 time=5.1s
[Epoch 009] train=0.041837 valid=0.056138 lr=0.000872934 time=5.2s
[Epoch 010] train=0.042967 valid=0.048643 lr=0.000872934 time=5.5s
[Epoch 011] train=0.042157 valid=0.061511 lr=0.000872934 time=5.4s
[Epoch 012] train=0.042620 valid=0.050496 lr=0.000872934 time=5.6s
[Epoch 013] train=0.039304 valid=0.054197 lr=0.000436467 time=5.5s
[Epoch 014] train=0.034054 valid=0.052019 lr=0.000436467 time=5.3s
[Epoch 015] train=0.031955 valid=0.061195 lr=0.000436467 time=5.0s
[Epoch 016] train=0.033691 valid=0.049049 lr=0.000218233 time=5.0s
Early stopping at epoch 16
Training samples: 1218 | Validation samples: 63
[Epoch 001] train=0.051232 valid=0.042790 lr=0.00174587 time=5.2s
[Epoch 002] train=0.038101 valid=0.038303 lr=0.00174587 time=5.0s
[Epoch 003] train=0.032197 valid=0.040793 lr=0.00174587 time=5.7s
[Epoch 004] train=0.031671 valid=0.038768 lr=0.00174587 time=5.8s
[Epoch 005] train=0.030734 valid=0.033370 lr=0.00174587 time=5.7s
[Epoch 006] train=0.032628 valid=0.037214 lr=0.00174587 time=5.6s
[Epoch 007] train=0.033408 valid=0.036600 lr=0.00174587 time=5.5s
[Epoch 008] train=0.030281 valid=0.041649 lr=0.000872934 time=5.5s
[Epoch 009] train=0.027302 valid=0.032280 lr=0.000872934 time=5.7s
[Epoch 010] train=0.027306 valid=0.031779 lr=0.000872934 time=5.9s
[Epoch 011] train=0.026596 valid=0.031868 lr=0.000872934 time=5.7s
[Epoch 012] train=0.027198 valid=0.031756 lr=0.000872934 time=5.7s
[Epoch 013] train=0.025442 valid=0.034578 lr=0.000872934 time=5.7s
[Epoch 014] train=0.026564 valid=0.034977 lr=0.000872934 time=5.7s
[Epoch 015] train=0.026165 valid=0.033260 lr=0.000436467 time=5.4s
[Epoch 016] train=0.024667 valid=0.032183 lr=0.000436467 time=5.7s
[Epoch 017] train=0.024523 valid=0.032580 lr=0.000436467 time=5.8s
[Epoch 018] train=0.024246 valid=0.033849 lr=0.000218233 time=5.5s
Early stopping at epoch 18

Proposed-model point summary:
         task                  model  wrmsse_mean  ...  wape_mean  wape_std  n_folds
0  state_dept  M3_FullSkuTemporalCNN     0.784807  ...   0.132576       NaN        1
1   store_cat  M3_FullSkuTemporalCNN     0.767477  ...   0.143008       NaN        1
2  store_dept  M3_FullSkuTemporalCNN     0.865325  ...   0.194837       NaN        1

[3 rows x 7 columns]

Proposed-model main point table:
task                   state_dept  store_cat  store_dept     Mean
model                                                            
M3_FullSkuTemporalCNN    0.784807   0.767477    0.865325  0.80587

Proposed-model quantile summary:
         task                    model  wspl_mean  wspl_std  n_folds
0  state_dept  M3_FullSkuTemporalCNN_Q   0.196344       NaN        1
1   store_cat  M3_FullSkuTemporalCNN_Q   0.191102       NaN        1
2  store_dept  M3_FullSkuTemporalCNN_Q   0.210525       NaN        1

Proposed-model main quantile table:
task                     state_dept  store_cat  store_dept      Mean
model                                                               
M3_FullSkuTemporalCNN_Q    0.196344   0.191102    0.210525  0.199324

Done. Outputs written to: /root/autodl-tmp/m5/work/holdout/04_benchmark_proposed/M3_FullSkuTemporalCNN

$ /root/miniconda3/bin/python /root/autodl-tmp/m5/scripts/run_m5_proposed_models.py --data-dir /root/autodl-tmp/m5/data --output-dir /root/autodl-tmp/m5/work/holdout/04_benchmark_proposed/DeepSets --mode holdout --tasks store_dept,store_cat,state_dept --quantiles 0.005,0.025,0.165,0.25,0.5,0.75,0.835,0.975,0.995 --model-names DeepSets --recent-window 14 --lag-windows 7,14,28,56 --stat-windows 7,28,56 --params-json /root/autodl-tmp/m5/work/holdout/01_tuning/DeepSets/best_params.json --t-hist 56 --horizon 28 --valid-size 4 --test-size 4 --internal-valid-size 3 --gap 0 --min-train-origins 20 --min-final-train-origins 20 --sku-universe-mode history --store-sku-sample-frac 0.1 --store-sku-sample-seed 42 --cache-dir /root/autodl-tmp/m5/cache
Using cache directory: /root/autodl-tmp/m5/cache
Building/loading cached task artifacts lazily...

=== Proposed models on task: store_dept ===
[M5-PREP] Loading cached task package for task=store_dept...
[M5-PREP] Loaded cached task package for task=store_dept | stage 00:00 | total 00:00
[M5-PREP] Loading cached samples: task=store_dept split=final_train_samples...
[M5-PREP] Loaded cached samples: task=store_dept split=final_train_samples n=4060 | stage 00:01 | total 00:01
[M5-PREP] Loading cached samples: task=store_dept split=internal_valid_samples...
[M5-PREP] Loaded cached samples: task=store_dept split=internal_valid_samples n=210 | stage 00:00 | total 00:00
[M5-PREP] Loading cached samples: task=store_dept split=test_samples...
[M5-PREP] Loaded cached samples: task=store_dept split=test_samples n=280 | stage 00:00 | total 00:00
Task=store_dept Mode=holdout Model=DeepSets
Training samples: 4060 | Validation samples: 210
[Epoch 001] train=0.181511 valid=0.099294 lr=0.000305136 time=8.8s
[Epoch 002] train=0.099757 valid=0.101778 lr=0.000305136 time=7.8s
[Epoch 003] train=0.094532 valid=0.101794 lr=0.000305136 time=7.7s
[Epoch 004] train=0.087679 valid=0.091656 lr=0.000305136 time=7.8s
[Epoch 005] train=0.087806 valid=0.084572 lr=0.000305136 time=7.7s
[Epoch 006] train=0.084642 valid=0.089639 lr=0.000305136 time=7.6s
[Epoch 007] train=0.084133 valid=0.089587 lr=0.000305136 time=7.7s
[Epoch 008] train=0.082619 valid=0.092131 lr=0.000152568 time=7.6s
[Epoch 009] train=0.078672 valid=0.082528 lr=0.000152568 time=7.7s
[Epoch 010] train=0.077705 valid=0.079866 lr=0.000152568 time=7.7s
[Epoch 011] train=0.074880 valid=0.084708 lr=0.000152568 time=7.7s
[Epoch 012] train=0.076243 valid=0.085308 lr=0.000152568 time=7.5s
[Epoch 013] train=0.074588 valid=0.081251 lr=7.62841e-05 time=7.5s
[Epoch 014] train=0.072100 valid=0.079782 lr=7.62841e-05 time=7.5s
[Epoch 015] train=0.070617 valid=0.092568 lr=7.62841e-05 time=7.5s
[Epoch 016] train=0.068767 valid=0.080337 lr=7.62841e-05 time=7.7s
[Epoch 017] train=0.070417 valid=0.086593 lr=3.8142e-05 time=7.5s
[Epoch 018] train=0.067311 valid=0.080571 lr=3.8142e-05 time=7.8s
[Epoch 019] train=0.067833 valid=0.078698 lr=3.8142e-05 time=7.8s
[Epoch 020] train=0.066586 valid=0.088201 lr=3.8142e-05 time=7.3s
[Epoch 021] train=0.066377 valid=0.100016 lr=3.8142e-05 time=7.8s
[Epoch 022] train=0.066074 valid=0.086722 lr=1.9071e-05 time=7.8s
[Epoch 023] train=0.064867 valid=0.087827 lr=1.9071e-05 time=7.7s
[Epoch 024] train=0.064812 valid=0.086149 lr=1.9071e-05 time=7.5s
Training samples: 4060 | Validation samples: 210
[Epoch 001] train=0.063845 valid=0.046729 lr=0.000305136 time=7.6s
[Epoch 002] train=0.040686 valid=0.043108 lr=0.000305136 time=7.1s
[Epoch 003] train=0.039267 valid=0.042331 lr=0.000305136 time=7.9s
[Epoch 004] train=0.038180 valid=0.041653 lr=0.000305136 time=7.5s
[Epoch 005] train=0.037855 valid=0.042013 lr=0.000305136 time=7.3s
[Epoch 006] train=0.037257 valid=0.042197 lr=0.000305136 time=7.4s
[Epoch 007] train=0.037240 valid=0.040435 lr=0.000305136 time=7.7s
[Epoch 008] train=0.036438 valid=0.043264 lr=0.000305136 time=7.6s
[Epoch 009] train=0.036310 valid=0.040716 lr=0.000305136 time=7.6s
[Epoch 010] train=0.036131 valid=0.040359 lr=0.000305136 time=7.6s
[Epoch 011] train=0.035987 valid=0.040039 lr=0.000305136 time=7.8s
[Epoch 012] train=0.035801 valid=0.040634 lr=0.000305136 time=7.6s
[Epoch 013] train=0.035435 valid=0.042048 lr=0.000305136 time=7.8s
[Epoch 014] train=0.035377 valid=0.041113 lr=0.000152568 time=7.7s
[Epoch 015] train=0.034255 valid=0.039616 lr=0.000152568 time=7.8s
[Epoch 016] train=0.034133 valid=0.040841 lr=0.000152568 time=7.9s
[Epoch 017] train=0.034243 valid=0.041042 lr=0.000152568 time=7.8s
[Epoch 018] train=0.033865 valid=0.039769 lr=7.62841e-05 time=7.7s
[Epoch 019] train=0.033445 valid=0.040300 lr=7.62841e-05 time=7.9s
[Epoch 020] train=0.033401 valid=0.041804 lr=7.62841e-05 time=7.8s
[Epoch 021] train=0.033468 valid=0.040532 lr=3.8142e-05 time=7.6s
Early stopping at epoch 21

=== Proposed models on task: store_cat ===
[M5-PREP] Loading cached task package for task=store_cat...
[M5-PREP] Loaded cached task package for task=store_cat | stage 00:00 | total 00:00
[M5-PREP] Loading cached samples: task=store_cat split=final_train_samples...
[M5-PREP] Loaded cached samples: task=store_cat split=final_train_samples n=1740 | stage 00:00 | total 00:00
[M5-PREP] Loading cached samples: task=store_cat split=internal_valid_samples...
[M5-PREP] Loaded cached samples: task=store_cat split=internal_valid_samples n=90 | stage 00:00 | total 00:00
[M5-PREP] Loading cached samples: task=store_cat split=test_samples...
[M5-PREP] Loaded cached samples: task=store_cat split=test_samples n=120 | stage 00:00 | total 00:00
Task=store_cat Mode=holdout Model=DeepSets
Training samples: 1740 | Validation samples: 90
[Epoch 001] train=0.227134 valid=0.108928 lr=0.000305136 time=3.8s
[Epoch 002] train=0.114181 valid=0.122336 lr=0.000305136 time=3.6s
[Epoch 003] train=0.104928 valid=0.109416 lr=0.000305136 time=3.9s
[Epoch 004] train=0.101086 valid=0.098754 lr=0.000305136 time=3.7s
[Epoch 005] train=0.095617 valid=0.105164 lr=0.000305136 time=3.7s
[Epoch 006] train=0.091250 valid=0.114757 lr=0.000305136 time=3.7s
[Epoch 007] train=0.086022 valid=0.108400 lr=0.000152568 time=3.7s
[Epoch 008] train=0.081847 valid=0.091173 lr=0.000152568 time=3.7s
[Epoch 009] train=0.079518 valid=0.094269 lr=0.000152568 time=3.6s
[Epoch 010] train=0.078943 valid=0.086972 lr=0.000152568 time=3.6s
[Epoch 011] train=0.079135 valid=0.090653 lr=0.000152568 time=3.6s
[Epoch 012] train=0.077642 valid=0.090111 lr=0.000152568 time=3.7s
[Epoch 013] train=0.077584 valid=0.088797 lr=7.62841e-05 time=3.8s
[Epoch 014] train=0.073663 valid=0.091935 lr=7.62841e-05 time=3.7s
[Epoch 015] train=0.073938 valid=0.098623 lr=7.62841e-05 time=3.6s
[Epoch 016] train=0.070806 valid=0.086830 lr=7.62841e-05 time=3.7s
[Epoch 017] train=0.074217 valid=0.111698 lr=7.62841e-05 time=3.8s
[Epoch 018] train=0.072332 valid=0.084364 lr=7.62841e-05 time=3.7s
[Epoch 019] train=0.073260 valid=0.091341 lr=7.62841e-05 time=3.7s
[Epoch 020] train=0.071407 valid=0.084844 lr=7.62841e-05 time=3.7s
[Epoch 021] train=0.071969 valid=0.087378 lr=3.8142e-05 time=3.7s
[Epoch 022] train=0.070744 valid=0.100895 lr=3.8142e-05 time=3.9s
[Epoch 023] train=0.069875 valid=0.087848 lr=3.8142e-05 time=3.7s
[Epoch 024] train=0.069017 valid=0.088141 lr=1.9071e-05 time=3.7s
Early stopping at epoch 24
Training samples: 1740 | Validation samples: 90
[Epoch 001] train=0.110289 valid=0.053391 lr=0.000305136 time=3.6s
[Epoch 002] train=0.051574 valid=0.050178 lr=0.000305136 time=3.5s
[Epoch 003] train=0.048486 valid=0.051698 lr=0.000305136 time=3.6s
[Epoch 004] train=0.046877 valid=0.049288 lr=0.000305136 time=3.7s
[Epoch 005] train=0.046383 valid=0.052180 lr=0.000305136 time=3.9s
[Epoch 006] train=0.045751 valid=0.048420 lr=0.000305136 time=3.9s
[Epoch 007] train=0.044513 valid=0.048193 lr=0.000305136 time=4.1s
[Epoch 008] train=0.043767 valid=0.048992 lr=0.000305136 time=4.0s
[Epoch 009] train=0.043371 valid=0.049726 lr=0.000305136 time=4.0s
[Epoch 010] train=0.043272 valid=0.048283 lr=0.000152568 time=4.1s
[Epoch 011] train=0.042465 valid=0.047715 lr=0.000152568 time=4.0s
[Epoch 012] train=0.041549 valid=0.045946 lr=0.000152568 time=3.9s
[Epoch 013] train=0.041354 valid=0.047143 lr=0.000152568 time=4.0s
[Epoch 014] train=0.041455 valid=0.047044 lr=0.000152568 time=3.7s
[Epoch 015] train=0.041389 valid=0.046665 lr=7.62841e-05 time=3.9s
[Epoch 016] train=0.040513 valid=0.046934 lr=7.62841e-05 time=4.1s
[Epoch 017] train=0.040464 valid=0.045842 lr=7.62841e-05 time=4.0s
[Epoch 018] train=0.040426 valid=0.046509 lr=7.62841e-05 time=4.1s
[Epoch 019] train=0.040332 valid=0.051226 lr=7.62841e-05 time=4.0s
[Epoch 020] train=0.040241 valid=0.047175 lr=3.8142e-05 time=4.0s
[Epoch 021] train=0.040213 valid=0.047184 lr=3.8142e-05 time=3.9s
[Epoch 022] train=0.039936 valid=0.046574 lr=3.8142e-05 time=3.9s
[Epoch 023] train=0.039983 valid=0.046416 lr=1.9071e-05 time=4.0s
Early stopping at epoch 23

=== Proposed models on task: state_dept ===
[M5-PREP] Loading cached task package for task=state_dept...
[M5-PREP] Loaded cached task package for task=state_dept | stage 00:00 | total 00:00
[M5-PREP] Loading cached samples: task=state_dept split=final_train_samples...
[M5-PREP] Loaded cached samples: task=state_dept split=final_train_samples n=1218 | stage 00:00 | total 00:00
[M5-PREP] Loading cached samples: task=state_dept split=internal_valid_samples...
[M5-PREP] Loaded cached samples: task=state_dept split=internal_valid_samples n=63 | stage 00:00 | total 00:00
[M5-PREP] Loading cached samples: task=state_dept split=test_samples...
[M5-PREP] Loaded cached samples: task=state_dept split=test_samples n=84 | stage 00:00 | total 00:00
Task=state_dept Mode=holdout Model=DeepSets
Training samples: 1218 | Validation samples: 63
[Epoch 001] train=0.212337 valid=0.072024 lr=0.000305136 time=3.7s
[Epoch 002] train=0.076965 valid=0.061675 lr=0.000305136 time=3.6s
[Epoch 003] train=0.071993 valid=0.074382 lr=0.000305136 time=3.6s
[Epoch 004] train=0.062908 valid=0.077449 lr=0.000305136 time=3.6s
[Epoch 005] train=0.060107 valid=0.065266 lr=0.000152568 time=4.1s
[Epoch 006] train=0.050150 valid=0.059876 lr=0.000152568 time=3.6s
[Epoch 007] train=0.050758 valid=0.074041 lr=0.000152568 time=3.7s
[Epoch 008] train=0.051138 valid=0.066111 lr=0.000152568 time=4.1s
[Epoch 009] train=0.051884 valid=0.071390 lr=7.62841e-05 time=4.1s
[Epoch 010] train=0.044766 valid=0.072093 lr=7.62841e-05 time=3.8s
[Epoch 011] train=0.047596 valid=0.058783 lr=7.62841e-05 time=4.0s
[Epoch 012] train=0.045839 valid=0.064016 lr=7.62841e-05 time=4.1s
[Epoch 013] train=0.044986 valid=0.053592 lr=7.62841e-05 time=4.1s
[Epoch 014] train=0.044691 valid=0.055388 lr=7.62841e-05 time=4.1s
[Epoch 015] train=0.041561 valid=0.059530 lr=7.62841e-05 time=4.0s
[Epoch 016] train=0.042029 valid=0.061161 lr=3.8142e-05 time=3.8s
[Epoch 017] train=0.040541 valid=0.061333 lr=3.8142e-05 time=3.8s
[Epoch 018] train=0.040447 valid=0.053759 lr=3.8142e-05 time=4.2s
[Epoch 019] train=0.039502 valid=0.058225 lr=1.9071e-05 time=4.1s
Early stopping at epoch 19
Training samples: 1218 | Validation samples: 63
[Epoch 001] train=0.104450 valid=0.049501 lr=0.000305136 time=4.2s
[Epoch 002] train=0.043072 valid=0.039212 lr=0.000305136 time=4.3s
[Epoch 003] train=0.037060 valid=0.038299 lr=0.000305136 time=4.0s
[Epoch 004] train=0.034494 valid=0.036251 lr=0.000305136 time=4.1s
[Epoch 005] train=0.033582 valid=0.040359 lr=0.000305136 time=4.4s
[Epoch 006] train=0.032696 valid=0.036405 lr=0.000305136 time=4.0s
[Epoch 007] train=0.031492 valid=0.033892 lr=0.000305136 time=4.1s
[Epoch 008] train=0.031157 valid=0.036712 lr=0.000305136 time=4.5s
[Epoch 009] train=0.031426 valid=0.034021 lr=0.000305136 time=4.4s
[Epoch 010] train=0.030418 valid=0.034744 lr=0.000152568 time=4.0s
[Epoch 011] train=0.029304 valid=0.033595 lr=0.000152568 time=4.4s
[Epoch 012] train=0.029001 valid=0.033269 lr=0.000152568 time=4.5s
[Epoch 013] train=0.028698 valid=0.033009 lr=0.000152568 time=4.4s
[Epoch 014] train=0.028296 valid=0.032740 lr=0.000152568 time=4.3s
[Epoch 015] train=0.028776 valid=0.032570 lr=0.000152568 time=4.0s
[Epoch 016] train=0.028852 valid=0.032875 lr=0.000152568 time=4.0s
[Epoch 017] train=0.028001 valid=0.032759 lr=0.000152568 time=4.2s
[Epoch 018] train=0.028264 valid=0.035400 lr=7.62841e-05 time=4.2s
[Epoch 019] train=0.027389 valid=0.033101 lr=7.62841e-05 time=4.0s
[Epoch 020] train=0.027274 valid=0.033249 lr=7.62841e-05 time=4.1s
[Epoch 021] train=0.027343 valid=0.033394 lr=3.8142e-05 time=4.1s
Early stopping at epoch 21

Proposed-model point summary:
         task     model  wrmsse_mean  wrmsse_std  wape_mean  wape_std  n_folds
0  state_dept  DeepSets     0.743190         NaN   0.122801       NaN        1
1   store_cat  DeepSets     0.781998         NaN   0.147731       NaN        1
2  store_dept  DeepSets     0.816527         NaN   0.180086       NaN        1

Proposed-model main point table:
task      state_dept  store_cat  store_dept      Mean
model                                                
DeepSets     0.74319   0.781998    0.816527  0.780571

Proposed-model quantile summary:
         task       model  wspl_mean  wspl_std  n_folds
0  state_dept  DeepSets_Q   0.186525       NaN        1
1   store_cat  DeepSets_Q   0.194923       NaN        1
2  store_dept  DeepSets_Q   0.205492       NaN        1

Proposed-model main quantile table:
task        state_dept  store_cat  store_dept      Mean
model                                                  
DeepSets_Q    0.186525   0.194923    0.205492  0.195646

Done. Outputs written to: /root/autodl-tmp/m5/work/holdout/04_benchmark_proposed/DeepSets

$ /root/miniconda3/bin/python /root/autodl-tmp/m5/scripts/run_m5_proposed_models.py --data-dir /root/autodl-tmp/m5/data --output-dir /root/autodl-tmp/m5/work/holdout/04_benchmark_proposed/SetTransformer --mode holdout --tasks store_dept,store_cat,state_dept --quantiles 0.005,0.025,0.165,0.25,0.5,0.75,0.835,0.975,0.995 --model-names SetTransformer --recent-window 14 --lag-windows 7,14,28,56 --stat-windows 7,28,56 --params-json /root/autodl-tmp/m5/work/holdout/01_tuning/SetTransformer/best_params.json --t-hist 56 --horizon 28 --valid-size 4 --test-size 4 --internal-valid-size 3 --gap 0 --min-train-origins 20 --min-final-train-origins 20 --sku-universe-mode history --store-sku-sample-frac 0.1 --store-sku-sample-seed 42 --cache-dir /root/autodl-tmp/m5/cache
Using cache directory: /root/autodl-tmp/m5/cache
Building/loading cached task artifacts lazily...

=== Proposed models on task: store_dept ===
[M5-PREP] Loading cached task package for task=store_dept...
[M5-PREP] Loaded cached task package for task=store_dept | stage 00:00 | total 00:00
[M5-PREP] Loading cached samples: task=store_dept split=final_train_samples...
[M5-PREP] Loaded cached samples: task=store_dept split=final_train_samples n=4060 | stage 00:01 | total 00:01
[M5-PREP] Loading cached samples: task=store_dept split=internal_valid_samples...
[M5-PREP] Loaded cached samples: task=store_dept split=internal_valid_samples n=210 | stage 00:00 | total 00:00
[M5-PREP] Loading cached samples: task=store_dept split=test_samples...
[M5-PREP] Loaded cached samples: task=store_dept split=test_samples n=280 | stage 00:00 | total 00:00
Task=store_dept Mode=holdout Model=SetTransformer
Training samples: 4060 | Validation samples: 210
[Epoch 001] train=0.159984 valid=0.133339 lr=0.000305136 time=14.9s
[Epoch 002] train=0.097379 valid=0.087753 lr=0.000305136 time=13.9s
[Epoch 003] train=0.094794 valid=0.088735 lr=0.000305136 time=14.0s
[Epoch 004] train=0.088171 valid=0.113594 lr=0.000305136 time=13.9s
[Epoch 005] train=0.093794 valid=0.094237 lr=0.000152568 time=14.1s
[Epoch 006] train=0.082855 valid=0.085017 lr=0.000152568 time=14.2s
[Epoch 007] train=0.084656 valid=0.090405 lr=0.000152568 time=13.8s
[Epoch 008] train=0.082210 valid=0.096600 lr=0.000152568 time=13.6s
[Epoch 009] train=0.080484 valid=0.081673 lr=0.000152568 time=13.8s
[Epoch 010] train=0.078497 valid=0.084255 lr=0.000152568 time=13.9s
[Epoch 011] train=0.078496 valid=0.087703 lr=0.000152568 time=14.0s
[Epoch 012] train=0.077372 valid=0.087104 lr=7.62841e-05 time=13.9s
[Epoch 013] train=0.074691 valid=0.086609 lr=7.62841e-05 time=14.0s
[Epoch 014] train=0.076554 valid=0.090039 lr=7.62841e-05 time=13.9s
[Epoch 015] train=0.073127 valid=0.082660 lr=3.8142e-05 time=13.4s
Early stopping at epoch 15
Training samples: 4060 | Validation samples: 210
[Epoch 001] train=0.066671 valid=0.043727 lr=0.000305136 time=13.8s
[Epoch 002] train=0.041317 valid=0.044568 lr=0.000305136 time=13.6s
[Epoch 003] train=0.039620 valid=0.043558 lr=0.000305136 time=13.5s
[Epoch 004] train=0.038956 valid=0.042317 lr=0.000305136 time=13.7s
[Epoch 005] train=0.038587 valid=0.043038 lr=0.000305136 time=13.5s
[Epoch 006] train=0.037338 valid=0.042348 lr=0.000305136 time=13.6s
[Epoch 007] train=0.037349 valid=0.043211 lr=0.000152568 time=13.4s
[Epoch 008] train=0.036187 valid=0.040171 lr=0.000152568 time=13.4s
[Epoch 009] train=0.035937 valid=0.041728 lr=0.000152568 time=13.5s
[Epoch 010] train=0.035847 valid=0.041788 lr=0.000152568 time=13.4s
[Epoch 011] train=0.035699 valid=0.040012 lr=0.000152568 time=13.5s
[Epoch 012] train=0.035568 valid=0.039746 lr=0.000152568 time=13.6s
[Epoch 013] train=0.035145 valid=0.039706 lr=0.000152568 time=13.5s
[Epoch 014] train=0.035016 valid=0.040192 lr=0.000152568 time=13.6s
[Epoch 015] train=0.034949 valid=0.040109 lr=0.000152568 time=13.5s
[Epoch 016] train=0.034762 valid=0.040543 lr=7.62841e-05 time=13.3s
[Epoch 017] train=0.034343 valid=0.040180 lr=7.62841e-05 time=12.5s
[Epoch 018] train=0.034089 valid=0.039450 lr=7.62841e-05 time=9.9s
[Epoch 019] train=0.034016 valid=0.039863 lr=7.62841e-05 time=12.5s
[Epoch 020] train=0.033970 valid=0.040709 lr=7.62841e-05 time=13.2s
[Epoch 021] train=0.033719 valid=0.039642 lr=3.8142e-05 time=13.6s
[Epoch 022] train=0.033463 valid=0.040058 lr=3.8142e-05 time=13.4s
[Epoch 023] train=0.033549 valid=0.039325 lr=3.8142e-05 time=13.2s
[Epoch 024] train=0.033387 valid=0.039395 lr=3.8142e-05 time=13.5s

=== Proposed models on task: store_cat ===
[M5-PREP] Loading cached task package for task=store_cat...
[M5-PREP] Loaded cached task package for task=store_cat | stage 00:00 | total 00:00
[M5-PREP] Loading cached samples: task=store_cat split=final_train_samples...
[M5-PREP] Loaded cached samples: task=store_cat split=final_train_samples n=1740 | stage 00:00 | total 00:00
[M5-PREP] Loading cached samples: task=store_cat split=internal_valid_samples...
[M5-PREP] Loaded cached samples: task=store_cat split=internal_valid_samples n=90 | stage 00:00 | total 00:00
[M5-PREP] Loading cached samples: task=store_cat split=test_samples...
[M5-PREP] Loaded cached samples: task=store_cat split=test_samples n=120 | stage 00:00 | total 00:00
Task=store_cat Mode=holdout Model=SetTransformer
Training samples: 1740 | Validation samples: 90
[Epoch 001] train=0.240521 valid=0.110169 lr=0.000305136 time=6.6s
[Epoch 002] train=0.107028 valid=0.095710 lr=0.000305136 time=6.4s
[Epoch 003] train=0.100914 valid=0.112687 lr=0.000305136 time=6.6s
[Epoch 004] train=0.095875 valid=0.096129 lr=0.000305136 time=6.5s
[Epoch 005] train=0.098291 valid=0.095981 lr=0.000152568 time=6.4s
[Epoch 006] train=0.085248 valid=0.095860 lr=0.000152568 time=6.4s
[Epoch 007] train=0.086180 valid=0.090796 lr=0.000152568 time=6.4s
[Epoch 008] train=0.085414 valid=0.092695 lr=0.000152568 time=6.5s
[Epoch 009] train=0.088448 valid=0.129137 lr=0.000152568 time=6.4s
[Epoch 010] train=0.084179 valid=0.098550 lr=7.62841e-05 time=6.5s
[Epoch 011] train=0.080233 valid=0.099347 lr=7.62841e-05 time=6.4s
[Epoch 012] train=0.080403 valid=0.099261 lr=7.62841e-05 time=6.6s
[Epoch 013] train=0.081354 valid=0.092199 lr=3.8142e-05 time=6.4s
Early stopping at epoch 13
Training samples: 1740 | Validation samples: 90
[Epoch 001] train=0.110592 valid=0.054767 lr=0.000305136 time=6.6s
[Epoch 002] train=0.052066 valid=0.053458 lr=0.000305136 time=6.5s
[Epoch 003] train=0.049127 valid=0.050554 lr=0.000305136 time=6.6s
[Epoch 004] train=0.047061 valid=0.050765 lr=0.000305136 time=6.1s
[Epoch 005] train=0.046252 valid=0.050286 lr=0.000305136 time=6.6s
[Epoch 006] train=0.046141 valid=0.051066 lr=0.000305136 time=6.5s
[Epoch 007] train=0.045333 valid=0.048531 lr=0.000305136 time=6.5s
[Epoch 008] train=0.045144 valid=0.048519 lr=0.000305136 time=6.6s
[Epoch 009] train=0.044737 valid=0.047247 lr=0.000305136 time=6.4s
[Epoch 010] train=0.043427 valid=0.047495 lr=0.000305136 time=6.5s
[Epoch 011] train=0.044475 valid=0.048080 lr=0.000305136 time=6.6s
[Epoch 012] train=0.042902 valid=0.047427 lr=0.000152568 time=6.5s
[Epoch 013] train=0.042296 valid=0.047529 lr=0.000152568 time=6.6s
[Epoch 014] train=0.042012 valid=0.048083 lr=0.000152568 time=6.6s
[Epoch 015] train=0.041381 valid=0.047756 lr=7.62841e-05 time=6.6s
Early stopping at epoch 15

=== Proposed models on task: state_dept ===
[M5-PREP] Loading cached task package for task=state_dept...
[M5-PREP] Loaded cached task package for task=state_dept | stage 00:00 | total 00:00
[M5-PREP] Loading cached samples: task=state_dept split=final_train_samples...
[M5-PREP] Loaded cached samples: task=state_dept split=final_train_samples n=1218 | stage 00:00 | total 00:00
[M5-PREP] Loading cached samples: task=state_dept split=internal_valid_samples...
[M5-PREP] Loaded cached samples: task=state_dept split=internal_valid_samples n=63 | stage 00:00 | total 00:00
[M5-PREP] Loading cached samples: task=state_dept split=test_samples...
[M5-PREP] Loaded cached samples: task=state_dept split=test_samples n=84 | stage 00:00 | total 00:00
Task=state_dept Mode=holdout Model=SetTransformer
Training samples: 1218 | Validation samples: 63
[Epoch 001] train=0.188581 valid=0.079351 lr=0.000305136 time=7.7s
[Epoch 002] train=0.084786 valid=0.065477 lr=0.000305136 time=7.7s
[Epoch 003] train=0.072464 valid=0.061110 lr=0.000305136 time=7.7s
[Epoch 004] train=0.066235 valid=0.059737 lr=0.000305136 time=7.7s
[Epoch 005] train=0.055872 valid=0.064185 lr=0.000305136 time=7.6s
[Epoch 006] train=0.064432 valid=0.070840 lr=0.000305136 time=7.9s
[Epoch 007] train=0.057262 valid=0.057888 lr=0.000305136 time=7.6s
[Epoch 008] train=0.055802 valid=0.060665 lr=0.000305136 time=7.6s
[Epoch 009] train=0.060817 valid=0.072392 lr=0.000305136 time=7.6s
[Epoch 010] train=0.054971 valid=0.056614 lr=0.000305136 time=7.5s
[Epoch 011] train=0.051168 valid=0.057313 lr=0.000305136 time=7.7s
[Epoch 012] train=0.051211 valid=0.056558 lr=0.000305136 time=7.6s
[Epoch 013] train=0.050312 valid=0.056736 lr=0.000305136 time=7.5s
[Epoch 014] train=0.049464 valid=0.065521 lr=0.000305136 time=7.7s
[Epoch 015] train=0.044737 valid=0.055900 lr=0.000305136 time=7.6s
[Epoch 016] train=0.049845 valid=0.074337 lr=0.000305136 time=7.5s
[Epoch 017] train=0.044776 valid=0.059059 lr=0.000305136 time=7.6s
[Epoch 018] train=0.043642 valid=0.056583 lr=0.000152568 time=7.6s
[Epoch 019] train=0.044428 valid=0.056708 lr=0.000152568 time=7.5s
[Epoch 020] train=0.043570 valid=0.060729 lr=0.000152568 time=7.6s
[Epoch 021] train=0.040512 valid=0.052984 lr=0.000152568 time=7.6s
[Epoch 022] train=0.039390 valid=0.053865 lr=0.000152568 time=7.7s
[Epoch 023] train=0.041775 valid=0.052187 lr=0.000152568 time=7.8s
[Epoch 024] train=0.041549 valid=0.055396 lr=0.000152568 time=7.6s
Training samples: 1218 | Validation samples: 63
[Epoch 001] train=0.092692 valid=0.046452 lr=0.000305136 time=8.1s
[Epoch 002] train=0.042766 valid=0.044751 lr=0.000305136 time=8.2s
[Epoch 003] train=0.038944 valid=0.040579 lr=0.000305136 time=8.3s
[Epoch 004] train=0.036352 valid=0.038145 lr=0.000305136 time=8.3s
[Epoch 005] train=0.035273 valid=0.038821 lr=0.000305136 time=8.2s
[Epoch 006] train=0.033429 valid=0.038858 lr=0.000305136 time=8.3s
[Epoch 007] train=0.033689 valid=0.035029 lr=0.000305136 time=8.2s
[Epoch 008] train=0.031987 valid=0.037348 lr=0.000305136 time=8.4s
[Epoch 009] train=0.031923 valid=0.036502 lr=0.000305136 time=8.2s
[Epoch 010] train=0.031340 valid=0.034593 lr=0.000305136 time=8.1s
[Epoch 011] train=0.031261 valid=0.033628 lr=0.000305136 time=8.1s
[Epoch 012] train=0.031561 valid=0.032819 lr=0.000305136 time=8.3s
[Epoch 013] train=0.029872 valid=0.034630 lr=0.000305136 time=8.2s
[Epoch 014] train=0.029405 valid=0.033376 lr=0.000305136 time=7.9s
[Epoch 015] train=0.029720 valid=0.034640 lr=0.000152568 time=8.2s
[Epoch 016] train=0.028381 valid=0.033740 lr=0.000152568 time=8.1s
[Epoch 017] train=0.028362 valid=0.033068 lr=0.000152568 time=8.2s
[Epoch 018] train=0.028679 valid=0.032734 lr=0.000152568 time=8.2s
[Epoch 019] train=0.028477 valid=0.033755 lr=0.000152568 time=8.3s
[Epoch 020] train=0.027627 valid=0.033009 lr=0.000152568 time=8.3s
[Epoch 021] train=0.028154 valid=0.031890 lr=0.000152568 time=8.4s
[Epoch 022] train=0.027584 valid=0.031775 lr=0.000152568 time=8.4s
[Epoch 023] train=0.027402 valid=0.034227 lr=0.000152568 time=8.2s
[Epoch 024] train=0.027248 valid=0.031576 lr=0.000152568 time=8.2s

Proposed-model point summary:
         task           model  wrmsse_mean  ...  wape_mean  wape_std  n_folds
0  state_dept  SetTransformer     0.778780  ...   0.127385       NaN        1
1   store_cat  SetTransformer     0.765274  ...   0.143203       NaN        1
2  store_dept  SetTransformer     0.833924  ...   0.185825       NaN        1

[3 rows x 7 columns]

Proposed-model main point table:
task            state_dept  store_cat  store_dept      Mean
model                                                      
SetTransformer     0.77878   0.765274    0.833924  0.792659

Proposed-model quantile summary:
         task             model  wspl_mean  wspl_std  n_folds
0  state_dept  SetTransformer_Q   0.181729       NaN        1
1   store_cat  SetTransformer_Q   0.197329       NaN        1
2  store_dept  SetTransformer_Q   0.205031       NaN        1

Proposed-model main quantile table:
task              state_dept  store_cat  store_dept      Mean
model                                                        
SetTransformer_Q    0.181729   0.197329    0.205031  0.194696

Done. Outputs written to: /root/autodl-tmp/m5/work/holdout/04_benchmark_proposed/SetTransformer

$ /root/miniconda3/bin/python /root/autodl-tmp/m5/scripts/run_m5_stat_tests.py --benchmark-rows /root/autodl-tmp/m5/work/holdout/03_benchmark_baselines/all_holdout_rows.csv --proposed-rows /root/autodl-tmp/m5/work/holdout/04_benchmark_proposed/proposed_all_holdout_rows.csv --ablation-rows /root/autodl-tmp/m5/work/holdout/02_ablation/all_ablation_rows_holdout.csv --benchmark-series-rows /root/autodl-tmp/m5/work/holdout/03_benchmark_baselines/all_holdout_series_rows.csv --proposed-series-rows /root/autodl-tmp/m5/work/holdout/04_benchmark_proposed/proposed_all_holdout_series_rows.csv --ablation-series-rows /root/autodl-tmp/m5/work/holdout/02_ablation/all_ablation_series_rows_holdout.csv --ablation-models M0_AggHistOnly,M1_AggHistFutureSummary --metric wspl --analysis-level series --series-block-cols task,agg_id --output-dir /root/autodl-tmp/m5/work/holdout/05_stat_tests
Done. Statistical test outputs written to:
/root/autodl-tmp/m5/work/holdout/05_stat_tests

$ /root/miniconda3/bin/python /root/autodl-tmp/m5/scripts/make_m5_paper_tables.py --benchmark-rows /root/autodl-tmp/m5/work/holdout/03_benchmark_baselines/all_holdout_rows.csv --proposed-rows /root/autodl-tmp/m5/work/holdout/04_benchmark_proposed/proposed_all_holdout_rows.csv --ablation-rows /root/autodl-tmp/m5/work/holdout/02_ablation/all_ablation_rows_holdout.csv --output-dir /root/autodl-tmp/m5/work/holdout/06_paper_tables
Done. Wrote merged CSVs and LaTeX tables to:
/root/autodl-tmp/m5/work/holdout/06_paper_tables

Workflow paths:
  proposed models:    M3_FullSkuTemporalCNN, DeepSets, SetTransformer
  ablation params:    /root/autodl-tmp/m5/work/holdout/01_tuning/M3_FullSkuTemporalCNN/best_params.json
  tuned params all:   /root/autodl-tmp/m5/work/holdout/01_tuning/best_params_all_models.json
  benchmark rows:     /root/autodl-tmp/m5/work/holdout/03_benchmark_baselines/all_holdout_rows.csv
  benchmark series:   /root/autodl-tmp/m5/work/holdout/03_benchmark_baselines/all_holdout_series_rows.csv
  proposed rows:      /root/autodl-tmp/m5/work/holdout/04_benchmark_proposed/proposed_all_holdout_rows.csv
  proposed series:    /root/autodl-tmp/m5/work/holdout/04_benchmark_proposed/proposed_all_holdout_series_rows.csv
  ablation rows:      /root/autodl-tmp/m5/work/holdout/02_ablation/all_ablation_rows_holdout.csv
  ablation series:    /root/autodl-tmp/m5/work/holdout/02_ablation/all_ablation_series_rows_holdout.csv
  statistical tests:  /root/autodl-tmp/m5/work/holdout/05_stat_tests
  final tables dir:   /root/autodl-tmp/m5/work/holdout/06_paper_tables
